quest_key,episode,floor,index,type,kind,room,wave,position,angles,params,handler_label,handler_status
challenge-ep1/c88101-bb-e,Episode1,0,7,30,npc,41,0,"[-48.00035858154297, 0.0, 0.0003662109375]","[0, 16384, 0]","[0.0, 0.0, 0.0, 1003.0010986328125, 30.000015258789062, 0, 0]",,free-play script target; quest linkage not inferred
challenge-ep1/c88101-bb-e,Episode1,0,8,30,npc,41,0,"[-34.300350189208984, 0.0, 28.660400390625]","[0, 22784, 0]","[0.0, 0.0, 0.0, 1004.0010986328125, 50.000022888183594, 0, 0]",,free-play script target; quest linkage not inferred
challenge-ep1/c88101-bb-j,Episode1,0,7,30,npc,41,0,"[-48.00035858154297, 0.0, 0.0003662109375]","[0, 16384, 0]","[0.0, 0.0, 0.0, 1003.0010986328125, 30.000015258789062, 0, 0]",,free-play script target; quest linkage not inferred
challenge-ep1/c88101-bb-j,Episode1,0,8,30,npc,41,0,"[-34.300350189208984, 0.0, 28.660400390625]","[0, 22784, 0]","[0.0, 0.0, 0.0, 1004.0010986328125, 50.000022888183594, 0, 0]",,free-play script target; quest linkage not inferred
challenge-ep1/c88102-bb-e,Episode1,0,7,30,npc,41,0,"[-48.00035858154297, 0.0, 0.0003662109375]","[0, 16384, 0]","[0.0, 0.0, 0.0, 1003.0010986328125, 30.000015258789062, 0, 0]",,free-play script target; quest linkage not inferred
challenge-ep1/c88102-bb-e,Episode1,0,8,30,npc,41,0,"[-34.300350189208984, 0.0, 28.660400390625]","[0, 22784, 0]","[0.0, 0.0, 0.0, 1004.0010986328125, 50.000022888183594, 0, 0]",,free-play script target; quest linkage not inferred
challenge-ep1/c88102-bb-j,Episode1,0,7,30,npc,41,0,"[-48.00035858154297, 0.0, 0.0003662109375]","[0, 16384, 0]","[0.0, 0.0, 0.0, 1003.0010986328125, 30.000015258789062, 0, 0]",,free-play script target; quest linkage not inferred
challenge-ep1/c88102-bb-j,Episode1,0,8,30,npc,41,0,"[-34.300350189208984, 0.0, 28.660400390625]","[0, 22784, 0]","[0.0, 0.0, 0.0, 1004.0010986328125, 50.000022888183594, 0, 0]",,free-play script target; quest linkage not inferred
challenge-ep1/c88103-bb-e,Episode1,0,7,30,npc,41,0,"[-48.00035858154297, 0.0, 0.0003662109375]","[0, 16384, 0]","[0.0, 0.0, 0.0, 1003.0010986328125, 30.000015258789062, 0, 0]",,free-play script target; quest linkage not inferred
challenge-ep1/c88103-bb-e,Episode1,0,8,30,npc,41,0,"[-34.300350189208984, 0.0, 28.660400390625]","[0, 22784, 0]","[0.0, 0.0, 0.0, 1004.0010986328125, 50.000022888183594, 0, 0]",,free-play script target; quest linkage not inferred
challenge-ep1/c88103-bb-j,Episode1,0,7,30,npc,41,0,"[-48.00035858154297, 0.0, 0.0003662109375]","[0, 16384, 0]","[0.0, 0.0, 0.0, 1003.0010986328125, 30.000015258789062, 0, 0]",,free-play script target; quest linkage not inferred
challenge-ep1/c88103-bb-j,Episode1,0,8,30,npc,41,0,"[-34.300350189208984, 0.0, 28.660400390625]","[0, 22784, 0]","[0.0, 0.0, 0.0, 1004.0010986328125, 50.000022888183594, 0, 0]",,free-play script target; quest linkage not inferred
challenge-ep1/c88104-bb-e,Episode1,0,7,30,npc,41,0,"[-48.00035858154297, 0.0, 0.0003662109375]","[0, 16384, 0]","[0.0, 0.0, 0.0, 1003.0010986328125, 30.000015258789062, 0, 0]",,free-play script target; quest linkage not inferred
challenge-ep1/c88104-bb-e,Episode1,0,8,30,npc,41,0,"[-34.300350189208984, 0.0, 28.660400390625]","[0, 22784, 0]","[0.0, 0.0, 0.0, 1004.0010986328125, 50.000022888183594, 0, 0]",,free-play script target; quest linkage not inferred
challenge-ep1/c88104-bb-j,Episode1,0,7,30,npc,41,0,"[-48.00035858154297, 0.0, 0.0003662109375]","[0, 16384, 0]","[0.0, 0.0, 0.0, 1003.0010986328125, 30.000015258789062, 0, 0]",,free-play script target; quest linkage not inferred
challenge-ep1/c88104-bb-j,Episode1,0,8,30,npc,41,0,"[-34.300350189208984, 0.0, 28.660400390625]","[0, 22784, 0]","[0.0, 0.0, 0.0, 1004.0010986328125, 50.000022888183594, 0, 0]",,free-play script target; quest linkage not inferred
challenge-ep1/c88105-bb-e,Episode1,0,7,30,npc,41,0,"[-48.00035858154297, 0.0, 0.0003662109375]","[0, 16384, 0]","[0.0, 0.0, 0.0, 1003.0010986328125, 30.000015258789062, 0, 0]",,free-play script target; quest linkage not inferred
challenge-ep1/c88105-bb-e,Episode1,0,8,30,npc,41,0,"[-34.300350189208984, 0.0, 28.660400390625]","[0, 22784, 0]","[0.0, 0.0, 0.0, 1004.0010986328125, 50.000022888183594, 0, 0]",,free-play script target; quest linkage not inferred
challenge-ep1/c88105-bb-j,Episode1,0,7,30,npc,41,0,"[-48.00035858154297, 0.0, 0.0003662109375]","[0, 16384, 0]","[0.0, 0.0, 0.0, 1003.0010986328125, 30.000015258789062, 0, 0]",,free-play script target; quest linkage not inferred
challenge-ep1/c88105-bb-j,Episode1,0,8,30,npc,41,0,"[-34.300350189208984, 0.0, 28.660400390625]","[0, 22784, 0]","[0.0, 0.0, 0.0, 1004.0010986328125, 50.000022888183594, 0, 0]",,free-play script target; quest linkage not inferred
challenge-ep1/c88106-bb-e,Episode1,0,7,30,npc,41,0,"[-48.00035858154297, 0.0, 0.0003662109375]","[0, 16384, 0]","[0.0, 0.0, 0.0, 1003.0010986328125, 30.000015258789062, 0, 0]",,free-play script target; quest linkage not inferred
challenge-ep1/c88106-bb-e,Episode1,0,8,30,npc,41,0,"[-34.300350189208984, 0.0, 28.660400390625]","[0, 22784, 0]","[0.0, 0.0, 0.0, 1004.0010986328125, 50.000022888183594, 0, 0]",,free-play script target; quest linkage not inferred
challenge-ep1/c88106-bb-j,Episode1,0,7,30,npc,41,0,"[-48.00035858154297, 0.0, 0.0003662109375]","[0, 16384, 0]","[0.0, 0.0, 0.0, 1003.0010986328125, 30.000015258789062, 0, 0]",,free-play script target; quest linkage not inferred
challenge-ep1/c88106-bb-j,Episode1,0,8,30,npc,41,0,"[-34.300350189208984, 0.0, 28.660400390625]","[0, 22784, 0]","[0.0, 0.0, 0.0, 1004.0010986328125, 50.000022888183594, 0, 0]",,free-play script target; quest linkage not inferred
challenge-ep1/c88107-bb-e,Episode1,0,7,30,npc,41,0,"[-48.00035858154297, 0.0, 0.0003662109375]","[0, 16384, 0]","[0.0, 0.0, 0.0, 1003.0010986328125, 30.000015258789062, 0, 0]",,free-play script target; quest linkage not inferred
challenge-ep1/c88107-bb-e,Episode1,0,8,30,npc,41,0,"[-34.300350189208984, 0.0, 28.660400390625]","[0, 22784, 0]","[0.0, 0.0, 0.0, 1004.0010986328125, 50.000022888183594, 0, 0]",,free-play script target; quest linkage not inferred
challenge-ep1/c88107-bb-j,Episode1,0,7,30,npc,41,0,"[-48.00035858154297, 0.0, 0.0003662109375]","[0, 16384, 0]","[0.0, 0.0, 0.0, 1003.0010986328125, 30.000015258789062, 0, 0]",,free-play script target; quest linkage not inferred
challenge-ep1/c88107-bb-j,Episode1,0,8,30,npc,41,0,"[-34.300350189208984, 0.0, 28.660400390625]","[0, 22784, 0]","[0.0, 0.0, 0.0, 1004.0010986328125, 50.000022888183594, 0, 0]",,free-play script target; quest linkage not inferred
challenge-ep1/c88108-bb-e,Episode1,0,7,30,npc,41,0,"[-48.00035858154297, 0.0, 0.0003662109375]","[0, 16384, 0]","[0.0, 0.0, 0.0, 1003.0010986328125, 30.000015258789062, 0, 0]",,free-play script target; quest linkage not inferred
challenge-ep1/c88108-bb-e,Episode1,0,8,30,npc,41,0,"[-34.300350189208984, 0.0, 28.660400390625]","[0, 22784, 0]","[0.0, 0.0, 0.0, 1004.0010986328125, 50.000022888183594, 0, 0]",,free-play script target; quest linkage not inferred
challenge-ep1/c88108-bb-j,Episode1,0,7,30,npc,41,0,"[-48.00035858154297, 0.0, 0.0003662109375]","[0, 16384, 0]","[0.0, 0.0, 0.0, 1003.0010986328125, 30.000015258789062, 0, 0]",,free-play script target; quest linkage not inferred
challenge-ep1/c88108-bb-j,Episode1,0,8,30,npc,41,0,"[-34.300350189208984, 0.0, 28.660400390625]","[0, 22784, 0]","[0.0, 0.0, 0.0, 1004.0010986328125, 50.000022888183594, 0, 0]",,free-play script target; quest linkage not inferred
challenge-ep1/c88109-bb-e,Episode1,0,7,30,npc,41,0,"[-48.00035858154297, 0.0, 0.0003662109375]","[0, 16384, 0]","[0.0, 0.0, 0.0, 1003.0010986328125, 30.000015258789062, 0, 0]",,free-play script target; quest linkage not inferred
challenge-ep1/c88109-bb-e,Episode1,0,8,30,npc,41,0,"[-34.300350189208984, 0.0, 28.660400390625]","[0, 22784, 0]","[0.0, 0.0, 0.0, 1004.0010986328125, 50.000022888183594, 0, 0]",,free-play script target; quest linkage not inferred
challenge-ep1/c88109-bb-j,Episode1,0,7,30,npc,41,0,"[-48.00035858154297, 0.0, 0.0003662109375]","[0, 16384, 0]","[0.0, 0.0, 0.0, 1003.0010986328125, 30.000015258789062, 0, 0]",,free-play script target; quest linkage not inferred
challenge-ep1/c88109-bb-j,Episode1,0,8,30,npc,41,0,"[-34.300350189208984, 0.0, 28.660400390625]","[0, 22784, 0]","[0.0, 0.0, 0.0, 1004.0010986328125, 50.000022888183594, 0, 0]",,free-play script target; quest linkage not inferred
events-ep1/q71-bb-e,Episode1,0,9,30,npc,20,0,"[-147.0000457763672, 0.0, -7.996537208557129]","[0, 26880, 0]","[30.000009536743164, 0.0, 0.0, 1013.0010986328125, 70.00006103515625, 1, 0]",,free-play script target; quest linkage not inferred
events-ep1/q71-bb-e,Episode1,0,19,30,npc,41,0,"[-48.00035858154297, 0.0, 0.0003662109375]","[0, 16384, 0]","[0.0, 0.0, 0.0, 1003.0010986328125, 30.000015258789062, 0, 0]",,free-play script target; quest linkage not inferred
events-ep1/q71-bb-e,Episode1,0,20,30,npc,41,0,"[-34.300350189208984, 0.0, 28.660400390625]","[0, 22784, 0]","[0.0, 0.0, 0.0, 1004.0010986328125, 50.000022888183594, 0, 0]",,free-play script target; quest linkage not inferred
events-ep1/q71-bb-j,Episode1,0,9,30,npc,20,0,"[-147.0000457763672, 0.0, -7.996537208557129]","[0, 26880, 0]","[30.000009536743164, 0.0, 0.0, 1013.0010986328125, 70.00006103515625, 1, 0]",,free-play script target; quest linkage not inferred
events-ep1/q71-bb-j,Episode1,0,19,30,npc,41,0,"[-48.00035858154297, 0.0, 0.0003662109375]","[0, 16384, 0]","[0.0, 0.0, 0.0, 1003.0010986328125, 30.000015258789062, 0, 0]",,free-play script target; quest linkage not inferred
events-ep1/q71-bb-j,Episode1,0,20,30,npc,41,0,"[-34.300350189208984, 0.0, 28.660400390625]","[0, 22784, 0]","[0.0, 0.0, 0.0, 1004.0010986328125, 50.000022888183594, 0, 0]",,free-play script target; quest linkage not inferred
events-ep1/q073-bb-e,Episode1,0,7,30,npc,20,0,"[-147.0000457763672, 0.0, -7.996537208557129]","[0, 26880, 0]","[30.000009536743164, 0.0, 0.0, 1013.0010986328125, 70.00006103515625, 1, 0]",,free-play script target; quest linkage not inferred
events-ep1/q073-bb-e,Episode1,0,18,30,npc,41,0,"[-48.00035858154297, 0.0, 0.0003662109375]","[0, 16384, 0]","[0.0, 0.0, 0.0, 1003.0010986328125, 30.000015258789062, 0, 0]",,free-play script target; quest linkage not inferred
events-ep1/q073-bb-e,Episode1,0,19,30,npc,41,0,"[-34.300350189208984, 0.0, 28.660400390625]","[0, 22784, 0]","[0.0, 0.0, 0.0, 1004.0010986328125, 50.000022888183594, 0, 0]",,free-play script target; quest linkage not inferred
events-ep1/q073-bb-j,Episode1,0,7,30,npc,20,0,"[-147.0000457763672, 0.0, -7.996537208557129]","[0, 26880, 0]","[30.000009536743164, 0.0, 0.0, 1013.0010986328125, 70.00006103515625, 1, 0]",,free-play script target; quest linkage not inferred
events-ep1/q073-bb-j,Episode1,0,18,30,npc,41,0,"[-48.00035858154297, 0.0, 0.0003662109375]","[0, 16384, 0]","[0.0, 0.0, 0.0, 1003.0010986328125, 30.000015258789062, 0, 0]",,free-play script target; quest linkage not inferred
events-ep1/q073-bb-j,Episode1,0,19,30,npc,41,0,"[-34.300350189208984, 0.0, 28.660400390625]","[0, 22784, 0]","[0.0, 0.0, 0.0, 1004.0010986328125, 50.000022888183594, 0, 0]",,free-play script target; quest linkage not inferred
events-ep1/q80-bb-e,Episode1,0,9,30,npc,20,0,"[-174.22927856445312, 0.0, -17.915607452392578]","[0, 26880, 0]","[30.000009536743164, 0.0, 0.0, 1013.0010986328125, 70.00006103515625, 1, 0]",,free-play script target; quest linkage not inferred
events-ep1/q80-bb-e,Episode1,0,19,30,npc,41,0,"[-48.00035858154297, 0.0, 0.0003662109375]","[0, 16384, 0]","[0.0, 0.0, 0.0, 1003.0010986328125, 30.000015258789062, 0, 0]",,free-play script target; quest linkage not inferred
events-ep1/q80-bb-e,Episode1,0,20,30,npc,41,0,"[-34.300350189208984, 0.0, 28.660400390625]","[0, 22784, 0]","[0.0, 0.0, 0.0, 1004.0010986328125, 50.000022888183594, 0, 0]",,free-play script target; quest linkage not inferred
events-ep1/q80-bb-j,Episode1,0,9,30,npc,20,0,"[-174.22927856445312, 0.0, -17.915607452392578]","[0, 26880, 0]","[30.000009536743164, 0.0, 0.0, 1013.0010986328125, 70.00006103515625, 1, 0]",,free-play script target; quest linkage not inferred
events-ep1/q80-bb-j,Episode1,0,19,30,npc,41,0,"[-48.00035858154297, 0.0, 0.0003662109375]","[0, 16384, 0]","[0.0, 0.0, 0.0, 1003.0010986328125, 30.000015258789062, 0, 0]",,free-play script target; quest linkage not inferred
events-ep1/q80-bb-j,Episode1,0,20,30,npc,41,0,"[-34.300350189208984, 0.0, 28.660400390625]","[0, 22784, 0]","[0.0, 0.0, 0.0, 1004.0010986328125, 50.000022888183594, 0, 0]",,free-play script target; quest linkage not inferred
events-ep1/q93-bb-e,Episode1,0,4,30,npc,10,0,"[22.002227783203125, 0.0, 59.000946044921875]","[0, 38912, 0]","[0.0, 255.00009155273438, 0.0, 104.0, 350.0001525878906, 0, 0]",label015E,static candidate resolved; inspect caller and type-specific rules
events-ep1/q93-bb-e,Episode1,0,10,30,npc,20,0,"[-147.0000457763672, 0.0, -7.996537208557129]","[0, 26880, 0]","[30.000009536743164, 0.0, 0.0, 1013.0010986328125, 70.00006103515625, 1, 0]",,free-play script target; quest linkage not inferred
events-ep1/q93-bb-e,Episode1,0,23,30,npc,41,0,"[-48.00035858154297, 0.0, 0.0003662109375]","[0, 16384, 0]","[0.0, 0.0, 0.0, 1003.0010986328125, 30.000015258789062, 0, 0]",,free-play script target; quest linkage not inferred
events-ep1/q93-bb-e,Episode1,0,24,30,npc,41,0,"[-34.300350189208984, 0.0, 28.660400390625]","[0, 22784, 0]","[0.0, 0.0, 0.0, 1004.0010986328125, 50.000022888183594, 0, 0]",,free-play script target; quest linkage not inferred
events-ep1/q93-bb-j,Episode1,0,4,30,npc,10,0,"[22.002227783203125, 0.0, 59.000946044921875]","[0, 38912, 0]","[0.0, 255.00009155273438, 0.0, 104.0, 350.0001525878906, 0, 0]",label015E,static candidate resolved; inspect caller and type-specific rules
events-ep1/q93-bb-j,Episode1,0,10,30,npc,20,0,"[-147.0000457763672, 0.0, -7.996537208557129]","[0, 26880, 0]","[30.000009536743164, 0.0, 0.0, 1013.0010986328125, 70.00006103515625, 1, 0]",,free-play script target; quest linkage not inferred
events-ep1/q93-bb-j,Episode1,0,23,30,npc,41,0,"[-48.00035858154297, 0.0, 0.0003662109375]","[0, 16384, 0]","[0.0, 0.0, 0.0, 1003.0010986328125, 30.000015258789062, 0, 0]",,free-play script target; quest linkage not inferred
events-ep1/q93-bb-j,Episode1,0,24,30,npc,41,0,"[-34.300350189208984, 0.0, 28.660400390625]","[0, 22784, 0]","[0.0, 0.0, 0.0, 1004.0010986328125, 50.000022888183594, 0, 0]",,free-play script target; quest linkage not inferred
events-ep1/q112-bb-e,Episode1,0,9,30,npc,20,0,"[-147.0000457763672, 0.0, -7.996537208557129]","[0, 26880, 0]","[30.000009536743164, 0.0, 0.0, 1013.0010986328125, 70.00006103515625, 1, 0]",,free-play script target; quest linkage not inferred
events-ep1/q112-bb-e,Episode1,0,19,30,npc,41,0,"[-48.00035858154297, 0.0, 0.0003662109375]","[0, 16384, 0]","[0.0, 0.0, 0.0, 1003.0010986328125, 30.000015258789062, 0, 0]",,free-play script target; quest linkage not inferred
events-ep1/q112-bb-e,Episode1,0,20,30,npc,41,0,"[-34.300350189208984, 0.0, 28.660400390625]","[0, 22784, 0]","[0.0, 0.0, 0.0, 1004.0010986328125, 50.000022888183594, 0, 0]",,free-play script target; quest linkage not inferred
events-ep1/q112-bb-j,Episode1,0,9,30,npc,20,0,"[-147.0000457763672, 0.0, -7.996537208557129]","[0, 26880, 0]","[30.000009536743164, 0.0, 0.0, 1013.0010986328125, 70.00006103515625, 1, 0]",,free-play script target; quest linkage not inferred
events-ep1/q112-bb-j,Episode1,0,19,30,npc,41,0,"[-48.00035858154297, 0.0, 0.0003662109375]","[0, 16384, 0]","[0.0, 0.0, 0.0, 1003.0010986328125, 30.000015258789062, 0, 0]",,free-play script target; quest linkage not inferred
events-ep1/q112-bb-j,Episode1,0,20,30,npc,41,0,"[-34.300350189208984, 0.0, 28.660400390625]","[0, 22784, 0]","[0.0, 0.0, 0.0, 1004.0010986328125, 50.000022888183594, 0, 0]",,free-play script target; quest linkage not inferred
events-ep1/q113-bb-e,Episode1,0,9,30,npc,20,0,"[-147.0000457763672, 0.0, -7.996537208557129]","[0, 26880, 0]","[30.000009536743164, 0.0, 0.0, 1013.0010986328125, 70.00006103515625, 1, 0]",,free-play script target; quest linkage not inferred
events-ep1/q113-bb-e,Episode1,0,21,30,npc,41,0,"[-48.00035858154297, 0.0, 0.0003662109375]","[0, 16384, 0]","[0.0, 0.0, 0.0, 1003.0010986328125, 30.000015258789062, 0, 0]",,free-play script target; quest linkage not inferred
events-ep1/q113-bb-e,Episode1,0,22,30,npc,41,0,"[-34.300350189208984, 0.0, 28.660400390625]","[0, 22784, 0]","[0.0, 0.0, 0.0, 1004.0010986328125, 50.000022888183594, 0, 0]",,free-play script target; quest linkage not inferred
events-ep1/q113-bb-j,Episode1,0,9,30,npc,20,0,"[-147.0000457763672, 0.0, -7.996537208557129]","[0, 26880, 0]","[30.000009536743164, 0.0, 0.0, 1013.0010986328125, 70.00006103515625, 1, 0]",,free-play script target; quest linkage not inferred
events-ep1/q113-bb-j,Episode1,0,21,30,npc,41,0,"[-48.00035858154297, 0.0, 0.0003662109375]","[0, 16384, 0]","[0.0, 0.0, 0.0, 1003.0010986328125, 30.000015258789062, 0, 0]",,free-play script target; quest linkage not inferred
events-ep1/q113-bb-j,Episode1,0,22,30,npc,41,0,"[-34.300350189208984, 0.0, 28.660400390625]","[0, 22784, 0]","[0.0, 0.0, 0.0, 1004.0010986328125, 50.000022888183594, 0, 0]",,free-play script target; quest linkage not inferred
events-ep1/q220-bb-e,Episode1,0,6,30,npc,20,0,"[-147.0000457763672, 0.0, -7.996537208557129]","[0, 26880, 0]","[30.000009536743164, 0.0, 0.0, 1013.0010986328125, 70.00006103515625, 1, 0]",,free-play script target; quest linkage not inferred
events-ep1/q220-bb-j,Episode1,0,6,30,npc,20,0,"[-147.0000457763672, 0.0, -7.996537208557129]","[0, 26880, 0]","[30.000009536743164, 0.0, 0.0, 1013.0010986328125, 70.00006103515625, 1, 0]",,free-play script target; quest linkage not inferred
events-ep1/q399-bb-e,Episode1,0,9,30,npc,20,0,"[-147.0000457763672, 0.0, -7.996537208557129]","[0, 26880, 0]","[30.000009536743164, 0.0, 0.0, 1013.0010986328125, 70.00006103515625, 1, 0]",,free-play script target; quest linkage not inferred
events-ep1/q512-bb-e,Episode1,0,6,30,npc,20,0,"[-212.57919311523438, 0.0, -108.95211791992188]","[0, 26880, 0]","[30.000009536743164, 0.0, 0.0, 1013.0010986328125, 70.00006103515625, 1, 0]",,free-play script target; quest linkage not inferred
events-ep1/q1001-bb-e,Episode1,0,9,30,npc,20,0,"[-147.0000457763672, 0.0, -7.996537208557129]","[0, 26880, 0]","[30.000009536743164, 0.0, 0.0, 1013.0010986328125, 70.00006103515625, 1, 0]",,free-play script target; quest linkage not inferred
events-ep1/q1001-bb-j,Episode1,0,9,30,npc,20,0,"[-147.0000457763672, 0.0, -7.996537208557129]","[0, 26880, 0]","[30.000009536743164, 0.0, 0.0, 1013.0010986328125, 70.00006103515625, 1, 0]",,free-play script target; quest linkage not inferred
events-ep1/q1003-bb-e,Episode1,0,7,30,npc,20,0,"[-147.0000457763672, 0.0, -7.996537208557129]","[0, 26880, 0]","[30.000009536743164, 0.0, 0.0, 1013.0010986328125, 70.00006103515625, 1, 0]",,free-play script target; quest linkage not inferred
events-ep2/q239-bb-e,Episode2,0,3,30,npc,20,0,"[-147.0000457763672, 0.0, -7.9965362548828125]","[0, 26880, 0]","[30.000009536743164, 0.0, 0.0, 1013.0010986328125, 70.00006103515625, 1, 0]",,free-play script target; quest linkage not inferred
events-ep2/q239-bb-j,Episode2,0,3,30,npc,20,0,"[-147.0000457763672, 0.0, -7.9965362548828125]","[0, 26880, 0]","[30.000009536743164, 0.0, 0.0, 1013.0010986328125, 70.00006103515625, 1, 0]",,free-play script target; quest linkage not inferred
events-ep4/q302-bb-e,Episode4,0,6,30,npc,20,0,"[-147.0000457763672, 0.0, -7.996537208557129]","[0, 26880, 0]","[30.000009536743164, 0.0, 0.0, 141.0, 1141.0, 1, 0]",label0475,static candidate resolved; inspect caller and type-specific rules
events-ep4/q302-bb-e,Episode4,0,16,30,npc,41,0,"[25.0, 0.0, 45.0]","[0, 45056, 0]","[0.0, 0.0, 0.0, 134.0, 1134.0, 0, 0]",label046E,static candidate resolved; inspect caller and type-specific rules
events-ep4/q302-bb-e,Episode4,0,17,30,npc,41,0,"[-25.0, 0.0, 45.0]","[0, 20480, 0]","[0.0, 0.0, 0.0, 133.0, 1133.0, 0, 0]",label046D,static candidate resolved; inspect caller and type-specific rules
events-ep4/q302-bb-j,Episode4,0,6,30,npc,20,0,"[-147.0000457763672, 0.0, -7.996537208557129]","[0, 26880, 0]","[30.000009536743164, 0.0, 0.0, 141.0, 1141.0, 1, 0]",label0475,static candidate resolved; inspect caller and type-specific rules
events-ep4/q302-bb-j,Episode4,0,16,30,npc,41,0,"[25.0, 0.0, 45.0]","[0, 45056, 0]","[0.0, 0.0, 0.0, 134.0, 1134.0, 0, 0]",label046E,static candidate resolved; inspect caller and type-specific rules
events-ep4/q302-bb-j,Episode4,0,17,30,npc,41,0,"[-25.0, 0.0, 45.0]","[0, 20480, 0]","[0.0, 0.0, 0.0, 133.0, 1133.0, 0, 0]",label046D,static candidate resolved; inspect caller and type-specific rules
events-ep4/q306-bb-e,Episode4,0,6,30,npc,20,0,"[-147.0000457763672, 0.0, -7.996537208557129]","[0, 26880, 0]","[30.000009536743164, 0.0, 0.0, 1013.0, 70.0, 1, 0]",,free-play script target; quest linkage not inferred
events-ep4/q306-bb-j,Episode4,0,6,30,npc,20,0,"[-147.0000457763672, 0.0, -7.996537208557129]","[0, 26880, 0]","[30.000009536743164, 0.0, 0.0, 1013.0, 70.0, 1, 0]",,free-play script target; quest linkage not inferred
events-ep4/q315-bb-e,Episode4,0,6,30,npc,20,0,"[-147.0000457763672, 0.0, -7.996537208557129]","[0, 26880, 0]","[30.000009536743164, 0.0, 0.0, 141.0, 1141.0, 1, 0]",label0475,static candidate resolved; inspect caller and type-specific rules
events-ep4/q315-bb-e,Episode4,0,16,30,npc,41,0,"[25.0, 0.0, 45.0]","[0, 45056, 0]","[0.0, 0.0, 0.0, 134.0, 1134.0, 0, 0]",label046E,static candidate resolved; inspect caller and type-specific rules
events-ep4/q315-bb-e,Episode4,0,17,30,npc,41,0,"[-25.0, 0.0, 45.0]","[0, 20480, 0]","[0.0, 0.0, 0.0, 133.0, 1133.0, 0, 0]",label046D,static candidate resolved; inspect caller and type-specific rules
events-ep4/q315-bb-j,Episode4,0,6,30,npc,20,0,"[-147.0000457763672, 0.0, -7.996537208557129]","[0, 26880, 0]","[30.000009536743164, 0.0, 0.0, 141.0, 1141.0, 1, 0]",label0475,static candidate resolved; inspect caller and type-specific rules
events-ep4/q315-bb-j,Episode4,0,16,30,npc,41,0,"[25.0, 0.0, 45.0]","[0, 45056, 0]","[0.0, 0.0, 0.0, 134.0, 1134.0, 0, 0]",label046E,static candidate resolved; inspect caller and type-specific rules
events-ep4/q315-bb-j,Episode4,0,17,30,npc,41,0,"[-25.0, 0.0, 45.0]","[0, 20480, 0]","[0.0, 0.0, 0.0, 133.0, 1133.0, 0, 0]",label046D,static candidate resolved; inspect caller and type-specific rules
extermination-ep1/q53-bb-e,Episode1,0,9,30,npc,20,0,"[-147.0000457763672, 0.0, -7.996537208557129]","[0, 26880, 0]","[30.000009536743164, 0.0, 0.0, 1013.0010986328125, 70.00006103515625, 1, 0]",,free-play script target; quest linkage not inferred
extermination-ep1/q53-bb-e,Episode1,0,21,30,npc,41,0,"[-48.00035858154297, 0.0, 0.0003662109375]","[0, 16384, 0]","[0.0, 0.0, 0.0, 1003.0010986328125, 30.000015258789062, 0, 0]",,free-play script target; quest linkage not inferred
extermination-ep1/q53-bb-e,Episode1,0,22,30,npc,41,0,"[-34.300350189208984, 0.0, 28.660400390625]","[0, 22784, 0]","[0.0, 0.0, 0.0, 1004.0010986328125, 50.000022888183594, 0, 0]",,free-play script target; quest linkage not inferred
extermination-ep1/q53-bb-j,Episode1,0,9,30,npc,20,0,"[-147.0000457763672, 0.0, -7.996537208557129]","[0, 26880, 0]","[30.000009536743164, 0.0, 0.0, 1013.0010986328125, 70.00006103515625, 1, 0]",,free-play script target; quest linkage not inferred
extermination-ep1/q53-bb-j,Episode1,0,21,30,npc,41,0,"[-48.00035858154297, 0.0, 0.0003662109375]","[0, 16384, 0]","[0.0, 0.0, 0.0, 1003.0010986328125, 30.000015258789062, 0, 0]",,free-play script target; quest linkage not inferred
extermination-ep1/q53-bb-j,Episode1,0,22,30,npc,41,0,"[-34.300350189208984, 0.0, 28.660400390625]","[0, 22784, 0]","[0.0, 0.0, 0.0, 1004.0010986328125, 50.000022888183594, 0, 0]",,free-play script target; quest linkage not inferred
extermination-ep1/q62-bb-e,Episode1,0,9,30,npc,20,0,"[-147.0000457763672, 0.0, -7.996537208557129]","[0, 26880, 0]","[30.000009536743164, 0.0, 0.0, 1013.0010986328125, 70.00006103515625, 1, 0]",,free-play script target; quest linkage not inferred
extermination-ep1/q62-bb-e,Episode1,0,19,30,npc,41,0,"[-48.00035858154297, 0.0, 0.0003662109375]","[0, 16384, 0]","[0.0, 0.0, 0.0, 1003.0010986328125, 30.000015258789062, 0, 0]",,free-play script target; quest linkage not inferred
extermination-ep1/q62-bb-e,Episode1,0,20,30,npc,41,0,"[-34.300350189208984, 0.0, 28.660400390625]","[0, 22784, 0]","[0.0, 0.0, 0.0, 1004.0010986328125, 50.000022888183594, 0, 0]",,free-play script target; quest linkage not inferred
extermination-ep1/q62-bb-j,Episode1,0,9,30,npc,20,0,"[-147.0000457763672, 0.0, -7.996537208557129]","[0, 26880, 0]","[30.000009536743164, 0.0, 0.0, 1013.0010986328125, 70.00006103515625, 1, 0]",,free-play script target; quest linkage not inferred
extermination-ep1/q62-bb-j,Episode1,0,19,30,npc,41,0,"[-48.00035858154297, 0.0, 0.0003662109375]","[0, 16384, 0]","[0.0, 0.0, 0.0, 1003.0010986328125, 30.000015258789062, 0, 0]",,free-play script target; quest linkage not inferred
extermination-ep1/q62-bb-j,Episode1,0,20,30,npc,41,0,"[-34.300350189208984, 0.0, 28.660400390625]","[0, 22784, 0]","[0.0, 0.0, 0.0, 1004.0010986328125, 50.000022888183594, 0, 0]",,free-play script target; quest linkage not inferred
extermination-ep1/q63-bb-e,Episode1,0,9,30,npc,20,0,"[-147.0000457763672, 0.0, -7.996537208557129]","[0, 26880, 0]","[30.000009536743164, 0.0, 0.0, 1013.0010986328125, 70.00006103515625, 1, 0]",,free-play script target; quest linkage not inferred
extermination-ep1/q63-bb-e,Episode1,0,19,30,npc,41,0,"[-48.00035858154297, 0.0, 0.0003662109375]","[0, 16384, 0]","[0.0, 0.0, 0.0, 1003.0010986328125, 30.000015258789062, 0, 0]",,free-play script target; quest linkage not inferred
extermination-ep1/q63-bb-e,Episode1,0,20,30,npc,41,0,"[-34.300350189208984, 0.0, 28.660400390625]","[0, 22784, 0]","[0.0, 0.0, 0.0, 1004.0010986328125, 50.000022888183594, 0, 0]",,free-play script target; quest linkage not inferred
extermination-ep1/q63-bb-j,Episode1,0,9,30,npc,20,0,"[-147.0000457763672, 0.0, -7.996537208557129]","[0, 26880, 0]","[30.000009536743164, 0.0, 0.0, 1013.0010986328125, 70.00006103515625, 1, 0]",,free-play script target; quest linkage not inferred
extermination-ep1/q63-bb-j,Episode1,0,19,30,npc,41,0,"[-48.00035858154297, 0.0, 0.0003662109375]","[0, 16384, 0]","[0.0, 0.0, 0.0, 1003.0010986328125, 30.000015258789062, 0, 0]",,free-play script target; quest linkage not inferred
extermination-ep1/q63-bb-j,Episode1,0,20,30,npc,41,0,"[-34.300350189208984, 0.0, 28.660400390625]","[0, 22784, 0]","[0.0, 0.0, 0.0, 1004.0010986328125, 50.000022888183594, 0, 0]",,free-play script target; quest linkage not inferred
extermination-ep1/q101-bb-e,Episode1,0,7,30,npc,20,0,"[-147.0000457763672, 0.0, -7.996537208557129]","[0, 26880, 0]","[30.000009536743164, 0.0, 0.0, 1013.0010986328125, 70.00006103515625, 1, 0]",,free-play script target; quest linkage not inferred
extermination-ep1/q101-bb-j,Episode1,0,7,30,npc,20,0,"[-147.0000457763672, 0.0, -7.996537208557129]","[0, 26880, 0]","[30.000009536743164, 0.0, 0.0, 1013.0010986328125, 70.00006103515625, 1, 0]",,free-play script target; quest linkage not inferred
extermination-ep1/q102-bb-e,Episode1,0,7,30,npc,20,0,"[-147.0000457763672, 0.0, -7.996537208557129]","[0, 26880, 0]","[30.000009536743164, 0.0, 0.0, 1013.0010986328125, 70.00006103515625, 1, 0]",,free-play script target; quest linkage not inferred
extermination-ep1/q102-bb-j,Episode1,0,7,30,npc,20,0,"[-147.0000457763672, 0.0, -7.996537208557129]","[0, 26880, 0]","[30.000009536743164, 0.0, 0.0, 1013.0010986328125, 70.00006103515625, 1, 0]",,free-play script target; quest linkage not inferred
extermination-ep1/q103-bb-e,Episode1,0,7,30,npc,20,0,"[-147.0000457763672, 0.0, -7.996537208557129]","[0, 26880, 0]","[30.000009536743164, 0.0, 0.0, 1013.0010986328125, 70.00006103515625, 1, 0]",,free-play script target; quest linkage not inferred
extermination-ep1/q103-bb-j,Episode1,0,7,30,npc,20,0,"[-147.0000457763672, 0.0, -7.996537208557129]","[0, 26880, 0]","[30.000009536743164, 0.0, 0.0, 1013.0010986328125, 70.00006103515625, 1, 0]",,free-play script target; quest linkage not inferred
extermination-ep1/q104-bb-e,Episode1,0,7,30,npc,20,0,"[-147.0000457763672, 0.0, -7.996537208557129]","[0, 26880, 0]","[30.000009536743164, 0.0, 0.0, 1013.0010986328125, 70.00006103515625, 1, 0]",,free-play script target; quest linkage not inferred
extermination-ep1/q104-bb-j,Episode1,0,7,30,npc,20,0,"[-147.0000457763672, 0.0, -7.996537208557129]","[0, 26880, 0]","[30.000009536743164, 0.0, 0.0, 1013.0010986328125, 70.00006103515625, 1, 0]",,free-play script target; quest linkage not inferred
extermination-ep1/q108-bb-e,Episode1,0,9,30,npc,20,0,"[-147.0000457763672, 0.0, -7.996537208557129]","[0, 26880, 0]","[30.000009536743164, 0.0, 0.0, 1013.0010986328125, 70.00006103515625, 1, 0]",,free-play script target; quest linkage not inferred
extermination-ep1/q108-bb-j,Episode1,0,9,30,npc,20,0,"[-147.0000457763672, 0.0, -7.996537208557129]","[0, 26880, 0]","[30.000009536743164, 0.0, 0.0, 1013.0010986328125, 70.00006103515625, 1, 0]",,free-play script target; quest linkage not inferred
extermination-ep1/q109-bb-e,Episode1,0,9,30,npc,20,0,"[-147.0000457763672, 0.0, -7.996537208557129]","[0, 26880, 0]","[30.000009536743164, 0.0, 0.0, 1013.0010986328125, 70.00006103515625, 1, 0]",,free-play script target; quest linkage not inferred
extermination-ep1/q109-bb-j,Episode1,0,9,30,npc,20,0,"[-147.0000457763672, 0.0, -7.996537208557129]","[0, 26880, 0]","[30.000009536743164, 0.0, 0.0, 1013.0010986328125, 70.00006103515625, 1, 0]",,free-play script target; quest linkage not inferred
extermination-ep1/q110-bb-e,Episode1,0,9,30,npc,20,0,"[-147.0000457763672, 0.0, -7.996537208557129]","[0, 26880, 0]","[30.000009536743164, 0.0, 0.0, 1013.0010986328125, 70.00006103515625, 1, 0]",,free-play script target; quest linkage not inferred
extermination-ep1/q110-bb-j,Episode1,0,9,30,npc,20,0,"[-147.0000457763672, 0.0, -7.996537208557129]","[0, 26880, 0]","[30.000009536743164, 0.0, 0.0, 1013.0010986328125, 70.00006103515625, 1, 0]",,free-play script target; quest linkage not inferred
extermination-ep1/q111-bb-e,Episode1,0,9,30,npc,20,0,"[-147.0000457763672, 0.0, -7.996537208557129]","[0, 26880, 0]","[30.000009536743164, 0.0, 0.0, 1013.0010986328125, 70.00006103515625, 1, 0]",,free-play script target; quest linkage not inferred
extermination-ep1/q111-bb-j,Episode1,0,9,30,npc,20,0,"[-147.0000457763672, 0.0, -7.996537208557129]","[0, 26880, 0]","[30.000009536743164, 0.0, 0.0, 1013.0010986328125, 70.00006103515625, 1, 0]",,free-play script target; quest linkage not inferred
extermination-ep1/q117-bb-e,Episode1,0,2,30,npc,10,0,"[-53.0, 0.0, -31.0]","[0, 4096, 0]","[0.0, 0.0, 0.0, 102.00004577636719, 320.0001220703125, 0, 0]",label0140,static candidate resolved; inspect caller and type-specific rules
extermination-ep1/q117-bb-e,Episode1,0,10,30,npc,20,0,"[-147.0000457763672, 0.0, -7.996537208557129]","[0, 26880, 0]","[30.000009536743164, 0.0, 0.0, 1013.0010986328125, 70.00006103515625, 1, 0]",,free-play script target; quest linkage not inferred
extermination-ep1/q117-bb-j,Episode1,0,2,30,npc,10,0,"[-53.0, 0.0, -31.0]","[0, 4096, 0]","[0.0, 0.0, 0.0, 102.00004577636719, 320.0001220703125, 0, 0]",label0140,static candidate resolved; inspect caller and type-specific rules
extermination-ep1/q117-bb-j,Episode1,0,10,30,npc,20,0,"[-147.0000457763672, 0.0, -7.996537208557129]","[0, 26880, 0]","[30.000009536743164, 0.0, 0.0, 1013.0010986328125, 70.00006103515625, 1, 0]",,free-play script target; quest linkage not inferred
extermination-ep1/q120-bb-e,Episode1,0,10,30,npc,20,0,"[-147.0000457763672, 0.0, -7.996537208557129]","[0, 26880, 0]","[30.000009536743164, 0.0, 0.0, 1013.0010986328125, 70.00006103515625, 1, 0]",,free-play script target; quest linkage not inferred
extermination-ep1/q121-bb-e,Episode1,0,9,30,npc,20,0,"[-147.0000457763672, 0.0, -7.996537208557129]","[0, 26880, 0]","[30.000009536743164, 0.0, 0.0, 1013.0010986328125, 70.00006103515625, 1, 0]",,free-play script target; quest linkage not inferred
extermination-ep1/q121-bb-e,Episode1,0,21,30,npc,41,0,"[-48.00035858154297, 0.0, 0.0003662109375]","[0, 16384, 0]","[0.0, 0.0, 0.0, 1003.0010986328125, 30.000015258789062, 0, 0]",,free-play script target; quest linkage not inferred
extermination-ep1/q121-bb-e,Episode1,0,22,30,npc,41,0,"[-34.300350189208984, 0.0, 28.660400390625]","[0, 22784, 0]","[0.0, 0.0, 0.0, 1004.0010986328125, 50.000022888183594, 0, 0]",,free-play script target; quest linkage not inferred
extermination-ep1/q121-bb-j,Episode1,0,9,30,npc,20,0,"[-147.0000457763672, 0.0, -7.996537208557129]","[0, 26880, 0]","[30.000009536743164, 0.0, 0.0, 1013.0010986328125, 70.00006103515625, 1, 0]",,free-play script target; quest linkage not inferred
extermination-ep1/q121-bb-j,Episode1,0,21,30,npc,41,0,"[-48.00035858154297, 0.0, 0.0003662109375]","[0, 16384, 0]","[0.0, 0.0, 0.0, 1003.0010986328125, 30.000015258789062, 0, 0]",,free-play script target; quest linkage not inferred
extermination-ep1/q121-bb-j,Episode1,0,22,30,npc,41,0,"[-34.300350189208984, 0.0, 28.660400390625]","[0, 22784, 0]","[0.0, 0.0, 0.0, 1004.0010986328125, 50.000022888183594, 0, 0]",,free-play script target; quest linkage not inferred
extermination-ep1/q122-bb-e,Episode1,0,9,30,npc,20,0,"[-147.0000457763672, 0.0, -7.996537208557129]","[0, 26880, 0]","[30.000009536743164, 0.0, 0.0, 1013.0010986328125, 70.00006103515625, 1, 0]",,free-play script target; quest linkage not inferred
extermination-ep1/q122-bb-e,Episode1,0,21,30,npc,41,0,"[-48.00035858154297, 0.0, 0.0003662109375]","[0, 16384, 0]","[0.0, 0.0, 0.0, 1003.0010986328125, 30.000015258789062, 0, 0]",,free-play script target; quest linkage not inferred
extermination-ep1/q122-bb-e,Episode1,0,22,30,npc,41,0,"[-34.300350189208984, 0.0, 28.660400390625]","[0, 22784, 0]","[0.0, 0.0, 0.0, 1004.0010986328125, 50.000022888183594, 0, 0]",,free-play script target; quest linkage not inferred
extermination-ep1/q122-bb-j,Episode1,0,9,30,npc,20,0,"[-147.0000457763672, 0.0, -7.996537208557129]","[0, 26880, 0]","[30.000009536743164, 0.0, 0.0, 1013.0010986328125, 70.00006103515625, 1, 0]",,free-play script target; quest linkage not inferred
extermination-ep1/q122-bb-j,Episode1,0,21,30,npc,41,0,"[-48.00035858154297, 0.0, 0.0003662109375]","[0, 16384, 0]","[0.0, 0.0, 0.0, 1003.0010986328125, 30.000015258789062, 0, 0]",,free-play script target; quest linkage not inferred
extermination-ep1/q122-bb-j,Episode1,0,22,30,npc,41,0,"[-34.300350189208984, 0.0, 28.660400390625]","[0, 22784, 0]","[0.0, 0.0, 0.0, 1004.0010986328125, 50.000022888183594, 0, 0]",,free-play script target; quest linkage not inferred
extermination-ep1/q123-bb-e,Episode1,0,9,30,npc,20,0,"[-147.0000457763672, 0.0, -7.996537208557129]","[0, 26880, 0]","[30.000009536743164, 0.0, 0.0, 1013.0010986328125, 70.00006103515625, 1, 0]",,free-play script target; quest linkage not inferred
extermination-ep1/q123-bb-e,Episode1,0,19,30,npc,41,0,"[-48.00035858154297, 0.0, 0.0003662109375]","[0, 16384, 0]","[0.0, 0.0, 0.0, 1003.0010986328125, 30.000015258789062, 0, 0]",,free-play script target; quest linkage not inferred
extermination-ep1/q123-bb-e,Episode1,0,20,30,npc,41,0,"[-34.300350189208984, 0.0, 28.660400390625]","[0, 22784, 0]","[0.0, 0.0, 0.0, 1004.0010986328125, 50.000022888183594, 0, 0]",,free-play script target; quest linkage not inferred
extermination-ep1/q123-bb-j,Episode1,0,9,30,npc,20,0,"[-147.0000457763672, 0.0, -7.996537208557129]","[0, 26880, 0]","[30.000009536743164, 0.0, 0.0, 1013.0010986328125, 70.00006103515625, 1, 0]",,free-play script target; quest linkage not inferred
extermination-ep1/q123-bb-j,Episode1,0,19,30,npc,41,0,"[-48.00035858154297, 0.0, 0.0003662109375]","[0, 16384, 0]","[0.0, 0.0, 0.0, 1003.0010986328125, 30.000015258789062, 0, 0]",,free-play script target; quest linkage not inferred
extermination-ep1/q123-bb-j,Episode1,0,20,30,npc,41,0,"[-34.300350189208984, 0.0, 28.660400390625]","[0, 22784, 0]","[0.0, 0.0, 0.0, 1004.0010986328125, 50.000022888183594, 0, 0]",,free-play script target; quest linkage not inferred
extermination-ep1/q130-bb-e,Episode1,0,9,30,npc,20,0,"[-147.0000457763672, 0.0, -7.996537208557129]","[0, 26880, 0]","[30.000009536743164, 0.0, 0.0, 1013.0010986328125, 70.00006103515625, 1, 0]",,free-play script target; quest linkage not inferred
extermination-ep1/q130-bb-e,Episode1,0,19,30,npc,41,0,"[-48.00035858154297, 0.0, 0.0003662109375]","[0, 16384, 0]","[0.0, 0.0, 0.0, 1003.0010986328125, 30.000015258789062, 0, 0]",,free-play script target; quest linkage not inferred
extermination-ep1/q130-bb-e,Episode1,0,20,30,npc,41,0,"[-34.300350189208984, 0.0, 28.660400390625]","[0, 22784, 0]","[0.0, 0.0, 0.0, 1004.0010986328125, 50.000022888183594, 0, 0]",,free-play script target; quest linkage not inferred
extermination-ep1/q130-bb-j,Episode1,0,9,30,npc,20,0,"[-147.0000457763672, 0.0, -7.996537208557129]","[0, 26880, 0]","[30.000009536743164, 0.0, 0.0, 1013.0010986328125, 70.00006103515625, 1, 0]",,free-play script target; quest linkage not inferred
extermination-ep1/q130-bb-j,Episode1,0,19,30,npc,41,0,"[-48.00035858154297, 0.0, 0.0003662109375]","[0, 16384, 0]","[0.0, 0.0, 0.0, 1003.0010986328125, 30.000015258789062, 0, 0]",,free-play script target; quest linkage not inferred
extermination-ep1/q130-bb-j,Episode1,0,20,30,npc,41,0,"[-34.300350189208984, 0.0, 28.660400390625]","[0, 22784, 0]","[0.0, 0.0, 0.0, 1004.0010986328125, 50.000022888183594, 0, 0]",,free-play script target; quest linkage not inferred
extermination-ep1/q140-bb-e,Episode1,0,9,30,npc,20,0,"[-147.0000457763672, 0.0, -7.996537208557129]","[0, 26880, 0]","[30.000009536743164, 0.0, 0.0, 1013.0010986328125, 70.00006103515625, 1, 0]",,free-play script target; quest linkage not inferred
extermination-ep1/q140-bb-e,Episode1,0,19,30,npc,41,0,"[-48.00035858154297, 0.0, 0.0003662109375]","[0, 16384, 0]","[0.0, 0.0, 0.0, 1003.0010986328125, 30.000015258789062, 0, 0]",,free-play script target; quest linkage not inferred
extermination-ep1/q140-bb-e,Episode1,0,20,30,npc,41,0,"[-34.300350189208984, 0.0, 28.660400390625]","[0, 22784, 0]","[0.0, 0.0, 0.0, 1004.0010986328125, 50.000022888183594, 0, 0]",,free-play script target; quest linkage not inferred
extermination-ep1/q140-bb-j,Episode1,0,9,30,npc,20,0,"[-147.0000457763672, 0.0, -7.996537208557129]","[0, 26880, 0]","[30.000009536743164, 0.0, 0.0, 1013.0010986328125, 70.00006103515625, 1, 0]",,free-play script target; quest linkage not inferred
extermination-ep1/q140-bb-j,Episode1,0,19,30,npc,41,0,"[-48.00035858154297, 0.0, 0.0003662109375]","[0, 16384, 0]","[0.0, 0.0, 0.0, 1003.0010986328125, 30.000015258789062, 0, 0]",,free-play script target; quest linkage not inferred
extermination-ep1/q140-bb-j,Episode1,0,20,30,npc,41,0,"[-34.300350189208984, 0.0, 28.660400390625]","[0, 22784, 0]","[0.0, 0.0, 0.0, 1004.0010986328125, 50.000022888183594, 0, 0]",,free-play script target; quest linkage not inferred
extermination-ep1/q148-bb-e,Episode1,0,7,30,npc,20,0,"[-147.0000457763672, 0.0, -7.996537208557129]","[0, 26880, 0]","[30.000009536743164, 0.0, 0.0, 1013.0010986328125, 70.00006103515625, 1, 0]",,free-play script target; quest linkage not inferred
extermination-ep1/q199-bb-e,Episode1,0,9,30,npc,20,0,"[-147.0000457763672, 0.0, -7.996537208557129]","[0, 26880, 0]","[30.000009536743164, 0.0, 0.0, 1013.0010986328125, 70.00006103515625, 1, 0]",,free-play script target; quest linkage not inferred
extermination-ep4/q811-bb-e,Episode4,0,7,30,npc,20,0,"[-147.0000457763672, 0.0, -7.996537208557129]","[0, 26880, 0]","[30.000009536743164, 0.0, 0.0, 140.0, 1140.0, 1, 0]",label0474,static candidate resolved; inspect caller and type-specific rules
extermination-ep4/q811-bb-j,Episode4,0,7,30,npc,20,0,"[-147.0000457763672, 0.0, -7.996537208557129]","[0, 26880, 0]","[30.000009536743164, 0.0, 0.0, 140.0, 1140.0, 1, 0]",label0474,static candidate resolved; inspect caller and type-specific rules
extermination-ep4/q812-bb-e,Episode4,0,7,30,npc,20,0,"[-147.0000457763672, 0.0, -7.996537208557129]","[0, 26880, 0]","[30.000009536743164, 0.0, 0.0, 140.0, 1140.0, 1, 0]",label0474,static candidate resolved; inspect caller and type-specific rules
extermination-ep4/q812-bb-j,Episode4,0,7,30,npc,20,0,"[-147.0000457763672, 0.0, -7.996537208557129]","[0, 26880, 0]","[30.000009536743164, 0.0, 0.0, 140.0, 1140.0, 1, 0]",label0474,static candidate resolved; inspect caller and type-specific rules
extermination-ep4/q813-bb-e,Episode4,0,7,30,npc,20,0,"[-147.0000457763672, 0.0, -7.996537208557129]","[0, 26880, 0]","[30.000009536743164, 0.0, 0.0, 140.0, 1140.0, 1, 0]",label0474,static candidate resolved; inspect caller and type-specific rules
extermination-ep4/q813-bb-j,Episode4,0,7,30,npc,20,0,"[-147.0000457763672, 0.0, -7.996537208557129]","[0, 26880, 0]","[30.000009536743164, 0.0, 0.0, 140.0, 1140.0, 1, 0]",label0474,static candidate resolved; inspect caller and type-specific rules
extermination-ep4/q814-bb-e,Episode4,0,7,30,npc,20,0,"[-147.0000457763672, 0.0, -7.996537208557129]","[0, 26880, 0]","[30.000009536743164, 0.0, 0.0, 140.0, 1140.0, 1, 0]",label0474,static candidate resolved; inspect caller and type-specific rules
extermination-ep4/q814-bb-j,Episode4,0,7,30,npc,20,0,"[-147.0000457763672, 0.0, -7.996537208557129]","[0, 26880, 0]","[30.000009536743164, 0.0, 0.0, 140.0, 1140.0, 1, 0]",label0474,static candidate resolved; inspect caller and type-specific rules
extermination-ep4/q815-bb-e,Episode4,0,7,30,npc,20,0,"[-147.0000457763672, 0.0, -7.996537208557129]","[0, 26880, 0]","[30.000009536743164, 0.0, 0.0, 140.0, 1140.0, 1, 0]",label0474,static candidate resolved; inspect caller and type-specific rules
extermination-ep4/q815-bb-j,Episode4,0,7,30,npc,20,0,"[-147.0000457763672, 0.0, -7.996537208557129]","[0, 26880, 0]","[30.000009536743164, 0.0, 0.0, 140.0, 1140.0, 1, 0]",label0474,static candidate resolved; inspect caller and type-specific rules
extermination-ep4/q816-bb-e,Episode4,0,7,30,npc,20,0,"[-147.0000457763672, 0.0, -7.996537208557129]","[0, 26880, 0]","[30.000009536743164, 0.0, 0.0, 140.0, 1140.0, 1, 0]",label0474,static candidate resolved; inspect caller and type-specific rules
extermination-ep4/q816-bb-j,Episode4,0,7,30,npc,20,0,"[-147.0000457763672, 0.0, -7.996537208557129]","[0, 26880, 0]","[30.000009536743164, 0.0, 0.0, 140.0, 1140.0, 1, 0]",label0474,static candidate resolved; inspect caller and type-specific rules
extermination-ep4/q817-bb-e,Episode4,0,7,30,npc,20,0,"[-147.0000457763672, 0.0, -7.996537208557129]","[0, 26880, 0]","[30.000009536743164, 0.0, 0.0, 140.0, 1140.0, 1, 0]",label0474,static candidate resolved; inspect caller and type-specific rules
extermination-ep4/q817-bb-j,Episode4,0,7,30,npc,20,0,"[-147.0000457763672, 0.0, -7.996537208557129]","[0, 26880, 0]","[30.000009536743164, 0.0, 0.0, 140.0, 1140.0, 1, 0]",label0474,static candidate resolved; inspect caller and type-specific rules
extermination-ep4/q818-bb-e,Episode4,0,7,30,npc,20,0,"[-147.0000457763672, 0.0, -7.996537208557129]","[0, 26880, 0]","[30.000009536743164, 0.0, 0.0, 140.0, 1140.0, 1, 0]",label0474,static candidate resolved; inspect caller and type-specific rules
extermination-ep4/q818-bb-j,Episode4,0,7,30,npc,20,0,"[-147.0000457763672, 0.0, -7.996537208557129]","[0, 26880, 0]","[30.000009536743164, 0.0, 0.0, 140.0, 1140.0, 1, 0]",label0474,static candidate resolved; inspect caller and type-specific rules
extermination-ep4/q819-bb-e,Episode4,0,7,30,npc,20,0,"[-147.0000457763672, 0.0, -7.996537208557129]","[0, 26880, 0]","[30.000009536743164, 0.0, 0.0, 140.0, 1140.0, 1, 0]",label0474,static candidate resolved; inspect caller and type-specific rules
extermination-ep4/q819-bb-j,Episode4,0,7,30,npc,20,0,"[-147.0000457763672, 0.0, -7.996537208557129]","[0, 26880, 0]","[30.000009536743164, 0.0, 0.0, 140.0, 1140.0, 1, 0]",label0474,static candidate resolved; inspect caller and type-specific rules
extermination-ep4/q820-bb-e,Episode4,0,7,30,npc,20,0,"[-147.0000457763672, 0.0, -7.996537208557129]","[0, 26880, 0]","[30.000009536743164, 0.0, 0.0, 140.0, 1140.0, 1, 0]",label0474,static candidate resolved; inspect caller and type-specific rules
extermination-ep4/q820-bb-j,Episode4,0,7,30,npc,20,0,"[-147.0000457763672, 0.0, -7.996537208557129]","[0, 26880, 0]","[30.000009536743164, 0.0, 0.0, 140.0, 1140.0, 1, 0]",label0474,static candidate resolved; inspect caller and type-specific rules
government-ep1/q401-bb-e,Episode1,0,5,30,npc,20,0,"[-147.0000457763672, 0.0, -7.996537208557129]","[0, 26880, 0]","[30.000009536743164, 0.0, 0.0, 1013.0010986328125, 70.00006103515625, 1, 0]",,free-play script target; quest linkage not inferred
government-ep1/q401-bb-e,Episode1,0,14,30,npc,41,0,"[25.0, 0.0, 45.0]","[0, 45056, 0]","[0.0, 0.0, 0.0, 112.0, 112.0, 0, 0]",label0070,static candidate resolved; inspect caller and type-specific rules
government-ep1/q401-bb-e,Episode1,0,15,30,npc,41,0,"[-25.0, 0.0, 45.0]","[0, 20480, 0]","[0.0, 0.0, 0.0, 113.0, 113.0, 0, 0]",label0071,static candidate resolved; inspect caller and type-specific rules
government-ep1/q401-bb-j,Episode1,0,5,30,npc,20,0,"[-147.0000457763672, 0.0, -7.996537208557129]","[0, 26880, 0]","[30.000009536743164, 0.0, 0.0, 1013.0010986328125, 70.00006103515625, 1, 0]",,free-play script target; quest linkage not inferred
government-ep1/q401-bb-j,Episode1,0,14,30,npc,41,0,"[25.0, 0.0, 45.0]","[0, 45056, 0]","[0.0, 0.0, 0.0, 112.0, 112.0, 0, 0]",label0070,static candidate resolved; inspect caller and type-specific rules
government-ep1/q401-bb-j,Episode1,0,15,30,npc,41,0,"[-25.0, 0.0, 45.0]","[0, 20480, 0]","[0.0, 0.0, 0.0, 113.0, 113.0, 0, 0]",label0071,static candidate resolved; inspect caller and type-specific rules
government-ep1/q402-bb-e,Episode1,0,5,30,npc,20,0,"[-147.0000457763672, 0.0, -7.996537208557129]","[0, 26880, 0]","[30.000009536743164, 0.0, 0.0, 1013.0010986328125, 70.00006103515625, 1, 0]",,free-play script target; quest linkage not inferred
government-ep1/q402-bb-e,Episode1,0,14,30,npc,41,0,"[25.0, 0.0, 45.0]","[0, 45056, 0]","[0.0, 0.0, 0.0, 112.0, 112.0, 0, 0]",label0070,static candidate resolved; inspect caller and type-specific rules
government-ep1/q402-bb-e,Episode1,0,15,30,npc,41,0,"[-25.0, 0.0, 45.0]","[0, 20480, 0]","[0.0, 0.0, 0.0, 113.0, 113.0, 0, 0]",label0071,static candidate resolved; inspect caller and type-specific rules
government-ep1/q402-bb-j,Episode1,0,5,30,npc,20,0,"[-147.0000457763672, 0.0, -7.996537208557129]","[0, 26880, 0]","[30.000009536743164, 0.0, 0.0, 1013.0010986328125, 70.00006103515625, 1, 0]",,free-play script target; quest linkage not inferred
government-ep1/q402-bb-j,Episode1,0,14,30,npc,41,0,"[25.0, 0.0, 45.0]","[0, 45056, 0]","[0.0, 0.0, 0.0, 112.0, 112.0, 0, 0]",label0070,static candidate resolved; inspect caller and type-specific rules
government-ep1/q402-bb-j,Episode1,0,15,30,npc,41,0,"[-25.0, 0.0, 45.0]","[0, 20480, 0]","[0.0, 0.0, 0.0, 113.0, 113.0, 0, 0]",label0071,static candidate resolved; inspect caller and type-specific rules
government-ep1/q403-bb-e,Episode1,0,5,30,npc,20,0,"[-147.0000457763672, 0.0, -7.996537208557129]","[0, 26880, 0]","[30.000009536743164, 0.0, 0.0, 1013.0010986328125, 70.00006103515625, 1, 0]",,free-play script target; quest linkage not inferred
government-ep1/q403-bb-e,Episode1,0,14,30,npc,41,0,"[25.0, 0.0, 45.0]","[0, 45056, 0]","[0.0, 0.0, 0.0, 112.0, 112.0, 0, 0]",label0070,static candidate resolved; inspect caller and type-specific rules
government-ep1/q403-bb-e,Episode1,0,15,30,npc,41,0,"[-25.0, 0.0, 45.0]","[0, 20480, 0]","[0.0, 0.0, 0.0, 113.0, 113.0, 0, 0]",label0071,static candidate resolved; inspect caller and type-specific rules
government-ep1/q403-bb-j,Episode1,0,5,30,npc,20,0,"[-147.0000457763672, 0.0, -7.996537208557129]","[0, 26880, 0]","[30.000009536743164, 0.0, 0.0, 1013.0010986328125, 70.00006103515625, 1, 0]",,free-play script target; quest linkage not inferred
government-ep1/q403-bb-j,Episode1,0,14,30,npc,41,0,"[25.0, 0.0, 45.0]","[0, 45056, 0]","[0.0, 0.0, 0.0, 112.0, 112.0, 0, 0]",label0070,static candidate resolved; inspect caller and type-specific rules
government-ep1/q403-bb-j,Episode1,0,15,30,npc,41,0,"[-25.0, 0.0, 45.0]","[0, 20480, 0]","[0.0, 0.0, 0.0, 113.0, 113.0, 0, 0]",label0071,static candidate resolved; inspect caller and type-specific rules
government-ep1/q404-bb-e,Episode1,0,5,30,npc,20,0,"[-147.0000457763672, 0.0, -7.996537208557129]","[0, 26880, 0]","[30.000009536743164, 0.0, 0.0, 1013.0010986328125, 70.00006103515625, 1, 0]",,free-play script target; quest linkage not inferred
government-ep1/q404-bb-e,Episode1,0,14,30,npc,41,0,"[25.0, 0.0, 45.0]","[0, 45056, 0]","[0.0, 0.0, 0.0, 112.0, 112.0, 0, 0]",label0070,static candidate resolved; inspect caller and type-specific rules
government-ep1/q404-bb-e,Episode1,0,15,30,npc,41,0,"[-25.0, 0.0, 45.0]","[0, 20480, 0]","[0.0, 0.0, 0.0, 113.0, 113.0, 0, 0]",label0071,static candidate resolved; inspect caller and type-specific rules
government-ep1/q404-bb-j,Episode1,0,5,30,npc,20,0,"[-147.0000457763672, 0.0, -7.996537208557129]","[0, 26880, 0]","[30.000009536743164, 0.0, 0.0, 1013.0010986328125, 70.00006103515625, 1, 0]",,free-play script target; quest linkage not inferred
government-ep1/q404-bb-j,Episode1,0,14,30,npc,41,0,"[25.0, 0.0, 45.0]","[0, 45056, 0]","[0.0, 0.0, 0.0, 112.0, 112.0, 0, 0]",label0070,static candidate resolved; inspect caller and type-specific rules
government-ep1/q404-bb-j,Episode1,0,15,30,npc,41,0,"[-25.0, 0.0, 45.0]","[0, 20480, 0]","[0.0, 0.0, 0.0, 113.0, 113.0, 0, 0]",label0071,static candidate resolved; inspect caller and type-specific rules
government-ep1/q405-bb-e,Episode1,0,5,30,npc,20,0,"[-147.0000457763672, 0.0, -7.996537208557129]","[0, 26880, 0]","[30.000009536743164, 0.0, 0.0, 1013.0010986328125, 70.00006103515625, 1, 0]",,free-play script target; quest linkage not inferred
government-ep1/q405-bb-e,Episode1,0,14,30,npc,41,0,"[25.0, 0.0, 45.0]","[0, 45056, 0]","[0.0, 0.0, 0.0, 112.0, 112.0, 0, 0]",label0070,static candidate resolved; inspect caller and type-specific rules
government-ep1/q405-bb-e,Episode1,0,15,30,npc,41,0,"[-25.0, 0.0, 45.0]","[0, 20480, 0]","[0.0, 0.0, 0.0, 113.0, 113.0, 0, 0]",label0071,static candidate resolved; inspect caller and type-specific rules
government-ep1/q405-bb-j,Episode1,0,5,30,npc,20,0,"[-147.0000457763672, 0.0, -7.996537208557129]","[0, 26880, 0]","[30.000009536743164, 0.0, 0.0, 1013.0010986328125, 70.00006103515625, 1, 0]",,free-play script target; quest linkage not inferred
government-ep1/q405-bb-j,Episode1,0,14,30,npc,41,0,"[25.0, 0.0, 45.0]","[0, 45056, 0]","[0.0, 0.0, 0.0, 112.0, 112.0, 0, 0]",label0070,static candidate resolved; inspect caller and type-specific rules
government-ep1/q405-bb-j,Episode1,0,15,30,npc,41,0,"[-25.0, 0.0, 45.0]","[0, 20480, 0]","[0.0, 0.0, 0.0, 113.0, 113.0, 0, 0]",label0071,static candidate resolved; inspect caller and type-specific rules
government-ep1/q406-bb-e,Episode1,0,5,30,npc,20,0,"[-147.0000457763672, 0.0, -7.996537208557129]","[0, 26880, 0]","[30.000009536743164, 0.0, 0.0, 1013.0010986328125, 70.00006103515625, 1, 0]",,free-play script target; quest linkage not inferred
government-ep1/q406-bb-e,Episode1,0,14,30,npc,41,0,"[25.0, 0.0, 45.0]","[0, 45056, 0]","[0.0, 0.0, 0.0, 112.0, 112.0, 0, 0]",label0070,static candidate resolved; inspect caller and type-specific rules
government-ep1/q406-bb-e,Episode1,0,15,30,npc,41,0,"[-25.0, 0.0, 45.0]","[0, 20480, 0]","[0.0, 0.0, 0.0, 113.0, 113.0, 0, 0]",label0071,static candidate resolved; inspect caller and type-specific rules
government-ep1/q406-bb-j,Episode1,0,5,30,npc,20,0,"[-147.0000457763672, 0.0, -7.996537208557129]","[0, 26880, 0]","[30.000009536743164, 0.0, 0.0, 1013.0010986328125, 70.00006103515625, 1, 0]",,free-play script target; quest linkage not inferred
government-ep1/q406-bb-j,Episode1,0,14,30,npc,41,0,"[25.0, 0.0, 45.0]","[0, 45056, 0]","[0.0, 0.0, 0.0, 112.0, 112.0, 0, 0]",label0070,static candidate resolved; inspect caller and type-specific rules
government-ep1/q406-bb-j,Episode1,0,15,30,npc,41,0,"[-25.0, 0.0, 45.0]","[0, 20480, 0]","[0.0, 0.0, 0.0, 113.0, 113.0, 0, 0]",label0071,static candidate resolved; inspect caller and type-specific rules
government-ep1/q407-bb-e,Episode1,0,5,30,npc,20,0,"[-147.0000457763672, 0.0, -7.996537208557129]","[0, 26880, 0]","[30.000009536743164, 0.0, 0.0, 1013.0010986328125, 70.00006103515625, 1, 0]",,free-play script target; quest linkage not inferred
government-ep1/q407-bb-e,Episode1,0,14,30,npc,41,0,"[25.0, 0.0, 45.0]","[0, 45056, 0]","[0.0, 0.0, 0.0, 112.0, 112.0, 0, 0]",label0070,static candidate resolved; inspect caller and type-specific rules
government-ep1/q407-bb-e,Episode1,0,15,30,npc,41,0,"[-25.0, 0.0, 45.0]","[0, 20480, 0]","[0.0, 0.0, 0.0, 113.0, 113.0, 0, 0]",label0071,static candidate resolved; inspect caller and type-specific rules
government-ep1/q407-bb-j,Episode1,0,5,30,npc,20,0,"[-147.0000457763672, 0.0, -7.996537208557129]","[0, 26880, 0]","[30.000009536743164, 0.0, 0.0, 1013.0010986328125, 70.00006103515625, 1, 0]",,free-play script target; quest linkage not inferred
government-ep1/q407-bb-j,Episode1,0,14,30,npc,41,0,"[25.0, 0.0, 45.0]","[0, 45056, 0]","[0.0, 0.0, 0.0, 112.0, 112.0, 0, 0]",label0070,static candidate resolved; inspect caller and type-specific rules
government-ep1/q407-bb-j,Episode1,0,15,30,npc,41,0,"[-25.0, 0.0, 45.0]","[0, 20480, 0]","[0.0, 0.0, 0.0, 113.0, 113.0, 0, 0]",label0071,static candidate resolved; inspect caller and type-specific rules
government-ep1/q408-bb-e,Episode1,0,5,30,npc,20,0,"[-147.0000457763672, 0.0, -7.996537208557129]","[0, 26880, 0]","[30.000009536743164, 0.0, 0.0, 1013.0010986328125, 70.00006103515625, 1, 0]",,free-play script target; quest linkage not inferred
government-ep1/q408-bb-e,Episode1,0,14,30,npc,41,0,"[25.0, 0.0, 45.0]","[0, 45056, 0]","[0.0, 0.0, 0.0, 112.0, 112.0, 0, 0]",label0070,static candidate resolved; inspect caller and type-specific rules
government-ep1/q408-bb-e,Episode1,0,15,30,npc,41,0,"[-25.0, 0.0, 45.0]","[0, 20480, 0]","[0.0, 0.0, 0.0, 113.0, 113.0, 0, 0]",label0071,static candidate resolved; inspect caller and type-specific rules
government-ep1/q408-bb-j,Episode1,0,5,30,npc,20,0,"[-147.0000457763672, 0.0, -7.996537208557129]","[0, 26880, 0]","[30.000009536743164, 0.0, 0.0, 1013.0010986328125, 70.00006103515625, 1, 0]",,free-play script target; quest linkage not inferred
government-ep1/q408-bb-j,Episode1,0,14,30,npc,41,0,"[25.0, 0.0, 45.0]","[0, 45056, 0]","[0.0, 0.0, 0.0, 112.0, 112.0, 0, 0]",label0070,static candidate resolved; inspect caller and type-specific rules
government-ep1/q408-bb-j,Episode1,0,15,30,npc,41,0,"[-25.0, 0.0, 45.0]","[0, 20480, 0]","[0.0, 0.0, 0.0, 113.0, 113.0, 0, 0]",label0071,static candidate resolved; inspect caller and type-specific rules
government-ep1/q409-bb-e,Episode1,0,5,30,npc,20,0,"[-147.0000457763672, 0.0, -7.996537208557129]","[0, 26880, 0]","[30.000009536743164, 0.0, 0.0, 1013.0010986328125, 70.00006103515625, 1, 0]",,free-play script target; quest linkage not inferred
government-ep1/q409-bb-e,Episode1,0,14,30,npc,41,0,"[25.0, 0.0, 45.0]","[0, 45056, 0]","[0.0, 0.0, 0.0, 112.0, 112.0, 0, 0]",label0070,static candidate resolved; inspect caller and type-specific rules
government-ep1/q409-bb-e,Episode1,0,15,30,npc,41,0,"[-25.0, 0.0, 45.0]","[0, 20480, 0]","[0.0, 0.0, 0.0, 113.0, 113.0, 0, 0]",label0071,static candidate resolved; inspect caller and type-specific rules
government-ep1/q409-bb-j,Episode1,0,5,30,npc,20,0,"[-147.0000457763672, 0.0, -7.996537208557129]","[0, 26880, 0]","[30.000009536743164, 0.0, 0.0, 1013.0010986328125, 70.00006103515625, 1, 0]",,free-play script target; quest linkage not inferred
government-ep1/q409-bb-j,Episode1,0,14,30,npc,41,0,"[25.0, 0.0, 45.0]","[0, 45056, 0]","[0.0, 0.0, 0.0, 112.0, 112.0, 0, 0]",label0070,static candidate resolved; inspect caller and type-specific rules
government-ep1/q409-bb-j,Episode1,0,15,30,npc,41,0,"[-25.0, 0.0, 45.0]","[0, 20480, 0]","[0.0, 0.0, 0.0, 113.0, 113.0, 0, 0]",label0071,static candidate resolved; inspect caller and type-specific rules
government-ep1/q410-bb-e,Episode1,0,5,30,npc,20,0,"[-147.0000457763672, 0.0, -7.996537208557129]","[0, 26880, 0]","[30.000009536743164, 0.0, 0.0, 1013.0010986328125, 70.00006103515625, 1, 0]",,free-play script target; quest linkage not inferred
government-ep1/q410-bb-e,Episode1,0,14,30,npc,41,0,"[25.0, 0.0, 45.0]","[0, 45056, 0]","[0.0, 0.0, 0.0, 112.0, 112.0, 0, 0]",label0070,static candidate resolved; inspect caller and type-specific rules
government-ep1/q410-bb-e,Episode1,0,15,30,npc,41,0,"[-25.0, 0.0, 45.0]","[0, 20480, 0]","[0.0, 0.0, 0.0, 113.0, 113.0, 0, 0]",label0071,static candidate resolved; inspect caller and type-specific rules
government-ep1/q410-bb-j,Episode1,0,5,30,npc,20,0,"[-147.0000457763672, 0.0, -7.996537208557129]","[0, 26880, 0]","[30.000009536743164, 0.0, 0.0, 1013.0010986328125, 70.00006103515625, 1, 0]",,free-play script target; quest linkage not inferred
government-ep1/q410-bb-j,Episode1,0,14,30,npc,41,0,"[25.0, 0.0, 45.0]","[0, 45056, 0]","[0.0, 0.0, 0.0, 112.0, 112.0, 0, 0]",label0070,static candidate resolved; inspect caller and type-specific rules
government-ep1/q410-bb-j,Episode1,0,15,30,npc,41,0,"[-25.0, 0.0, 45.0]","[0, 20480, 0]","[0.0, 0.0, 0.0, 113.0, 113.0, 0, 0]",label0071,static candidate resolved; inspect caller and type-specific rules
government-ep1/q411-bb-e,Episode1,0,5,30,npc,20,0,"[-147.0000457763672, 0.0, -7.996537208557129]","[0, 26880, 0]","[30.000009536743164, 0.0, 0.0, 1013.0010986328125, 70.00006103515625, 1, 0]",,free-play script target; quest linkage not inferred
government-ep1/q411-bb-e,Episode1,0,14,30,npc,41,0,"[25.0, 0.0, 45.0]","[0, 45056, 0]","[0.0, 0.0, 0.0, 112.0, 112.0, 0, 0]",label0070,static candidate resolved; inspect caller and type-specific rules
government-ep1/q411-bb-e,Episode1,0,15,30,npc,41,0,"[-25.0, 0.0, 45.0]","[0, 20480, 0]","[0.0, 0.0, 0.0, 113.0, 113.0, 0, 0]",label0071,static candidate resolved; inspect caller and type-specific rules
government-ep1/q411-bb-j,Episode1,0,5,30,npc,20,0,"[-147.0000457763672, 0.0, -7.996537208557129]","[0, 26880, 0]","[30.000009536743164, 0.0, 0.0, 1013.0010986328125, 70.00006103515625, 1, 0]",,free-play script target; quest linkage not inferred
government-ep1/q411-bb-j,Episode1,0,14,30,npc,41,0,"[25.0, 0.0, 45.0]","[0, 45056, 0]","[0.0, 0.0, 0.0, 112.0, 112.0, 0, 0]",label0070,static candidate resolved; inspect caller and type-specific rules
government-ep1/q411-bb-j,Episode1,0,15,30,npc,41,0,"[-25.0, 0.0, 45.0]","[0, 20480, 0]","[0.0, 0.0, 0.0, 113.0, 113.0, 0, 0]",label0071,static candidate resolved; inspect caller and type-specific rules
government-ep1/q412-bb-e,Episode1,0,5,30,npc,20,0,"[-147.0000457763672, 0.0, -7.996537208557129]","[0, 26880, 0]","[30.000009536743164, 0.0, 0.0, 1013.0010986328125, 70.00006103515625, 1, 0]",,free-play script target; quest linkage not inferred
government-ep1/q412-bb-e,Episode1,0,14,30,npc,41,0,"[25.0, 0.0, 45.0]","[0, 45056, 0]","[0.0, 0.0, 0.0, 112.0, 112.0, 0, 0]",label0070,static candidate resolved; inspect caller and type-specific rules
government-ep1/q412-bb-e,Episode1,0,15,30,npc,41,0,"[-25.0, 0.0, 45.0]","[0, 20480, 0]","[0.0, 0.0, 0.0, 113.0, 113.0, 0, 0]",label0071,static candidate resolved; inspect caller and type-specific rules
government-ep1/q412-bb-j,Episode1,0,5,30,npc,20,0,"[-147.0000457763672, 0.0, -7.996537208557129]","[0, 26880, 0]","[30.000009536743164, 0.0, 0.0, 1013.0010986328125, 70.00006103515625, 1, 0]",,free-play script target; quest linkage not inferred
government-ep1/q412-bb-j,Episode1,0,14,30,npc,41,0,"[25.0, 0.0, 45.0]","[0, 45056, 0]","[0.0, 0.0, 0.0, 112.0, 112.0, 0, 0]",label0070,static candidate resolved; inspect caller and type-specific rules
government-ep1/q412-bb-j,Episode1,0,15,30,npc,41,0,"[-25.0, 0.0, 45.0]","[0, 20480, 0]","[0.0, 0.0, 0.0, 113.0, 113.0, 0, 0]",label0071,static candidate resolved; inspect caller and type-specific rules
government-ep1/q413-bb-e,Episode1,0,5,30,npc,20,0,"[-147.0000457763672, 0.0, -7.996537208557129]","[0, 26880, 0]","[30.000009536743164, 0.0, 0.0, 1013.0010986328125, 70.00006103515625, 1, 0]",,free-play script target; quest linkage not inferred
government-ep1/q413-bb-j,Episode1,0,5,30,npc,20,0,"[-147.0000457763672, 0.0, -7.996537208557129]","[0, 26880, 0]","[30.000009536743164, 0.0, 0.0, 1013.0010986328125, 70.00006103515625, 1, 0]",,free-play script target; quest linkage not inferred
government-ep1/q414-bb-e,Episode1,0,5,30,npc,20,0,"[-147.0000457763672, 0.0, -7.996537208557129]","[0, 26880, 0]","[30.000009536743164, 0.0, 0.0, 1013.0010986328125, 70.00006103515625, 1, 0]",,free-play script target; quest linkage not inferred
government-ep1/q414-bb-e,Episode1,0,14,30,npc,41,0,"[25.0, 0.0, 45.0]","[0, 45056, 0]","[0.0, 0.0, 0.0, 112.0, 112.0, 0, 0]",label0070,static candidate resolved; inspect caller and type-specific rules
government-ep1/q414-bb-e,Episode1,0,15,30,npc,41,0,"[-25.0, 0.0, 45.0]","[0, 20480, 0]","[0.0, 0.0, 0.0, 113.0, 113.0, 0, 0]",label0071,static candidate resolved; inspect caller and type-specific rules
government-ep1/q414-bb-j,Episode1,0,5,30,npc,20,0,"[-147.0000457763672, 0.0, -7.996537208557129]","[0, 26880, 0]","[30.000009536743164, 0.0, 0.0, 1013.0010986328125, 70.00006103515625, 1, 0]",,free-play script target; quest linkage not inferred
government-ep1/q414-bb-j,Episode1,0,14,30,npc,41,0,"[25.0, 0.0, 45.0]","[0, 45056, 0]","[0.0, 0.0, 0.0, 112.0, 112.0, 0, 0]",label0070,static candidate resolved; inspect caller and type-specific rules
government-ep1/q414-bb-j,Episode1,0,15,30,npc,41,0,"[-25.0, 0.0, 45.0]","[0, 20480, 0]","[0.0, 0.0, 0.0, 113.0, 113.0, 0, 0]",label0071,static candidate resolved; inspect caller and type-specific rules
government-ep1/q415-bb-e,Episode1,0,5,30,npc,20,0,"[-147.0000457763672, 0.0, -7.996537208557129]","[0, 26880, 0]","[30.000009536743164, 0.0, 0.0, 1013.0010986328125, 70.00006103515625, 1, 0]",,free-play script target; quest linkage not inferred
government-ep1/q415-bb-e,Episode1,0,14,30,npc,41,0,"[25.0, 0.0, 45.0]","[0, 45056, 0]","[0.0, 0.0, 0.0, 112.0, 112.0, 0, 0]",label0070,static candidate resolved; inspect caller and type-specific rules
government-ep1/q415-bb-e,Episode1,0,15,30,npc,41,0,"[-25.0, 0.0, 45.0]","[0, 20480, 0]","[0.0, 0.0, 0.0, 113.0, 113.0, 0, 0]",label0071,static candidate resolved; inspect caller and type-specific rules
government-ep1/q415-bb-j,Episode1,0,5,30,npc,20,0,"[-147.0000457763672, 0.0, -7.996537208557129]","[0, 26880, 0]","[30.000009536743164, 0.0, 0.0, 1013.0010986328125, 70.00006103515625, 1, 0]",,free-play script target; quest linkage not inferred
government-ep1/q415-bb-j,Episode1,0,14,30,npc,41,0,"[25.0, 0.0, 45.0]","[0, 45056, 0]","[0.0, 0.0, 0.0, 112.0, 112.0, 0, 0]",label0070,static candidate resolved; inspect caller and type-specific rules
government-ep1/q415-bb-j,Episode1,0,15,30,npc,41,0,"[-25.0, 0.0, 45.0]","[0, 20480, 0]","[0.0, 0.0, 0.0, 113.0, 113.0, 0, 0]",label0071,static candidate resolved; inspect caller and type-specific rules
government-ep4/q701-bb-e,Episode4,0,5,30,npc,20,0,"[-147.0000457763672, 0.0, -7.996537208557129]","[0, 26880, 0]","[30.000009536743164, 0.0, 0.0, 140.0, 1140.0, 1, 0]",label0474,static candidate resolved; inspect caller and type-specific rules
government-ep4/q701-bb-e,Episode4,0,15,30,npc,41,0,"[25.0, 0.0, 45.0]","[0, 45056, 0]","[0.0, 0.0, 0.0, 133.0, 1133.0, 0, 0]",label046D,static candidate resolved; inspect caller and type-specific rules
government-ep4/q701-bb-e,Episode4,0,16,30,npc,41,0,"[-25.0, 0.0, 45.0]","[0, 20480, 0]","[0.0, 0.0, 0.0, 132.0, 1132.0, 0, 0]",label046C,static candidate resolved; inspect caller and type-specific rules
government-ep4/q701-bb-j,Episode4,0,5,30,npc,20,0,"[-147.0000457763672, 0.0, -7.996537208557129]","[0, 26880, 0]","[30.000009536743164, 0.0, 0.0, 140.0, 1140.0, 1, 0]",label0474,static candidate resolved; inspect caller and type-specific rules
government-ep4/q701-bb-j,Episode4,0,15,30,npc,41,0,"[25.0, 0.0, 45.0]","[0, 45056, 0]","[0.0, 0.0, 0.0, 133.0, 1133.0, 0, 0]",label046D,static candidate resolved; inspect caller and type-specific rules
government-ep4/q701-bb-j,Episode4,0,16,30,npc,41,0,"[-25.0, 0.0, 45.0]","[0, 20480, 0]","[0.0, 0.0, 0.0, 132.0, 1132.0, 0, 0]",label046C,static candidate resolved; inspect caller and type-specific rules
government-ep4/q702-bb-e,Episode4,0,5,30,npc,20,0,"[-147.0000457763672, 0.0, -7.996537208557129]","[0, 26880, 0]","[30.000009536743164, 0.0, 0.0, 140.0, 1140.0, 1, 0]",label0474,static candidate resolved; inspect caller and type-specific rules
government-ep4/q702-bb-e,Episode4,0,15,30,npc,41,0,"[25.0, 0.0, 45.0]","[0, 45056, 0]","[0.0, 0.0, 0.0, 133.0, 1133.0, 0, 0]",label046D,static candidate resolved; inspect caller and type-specific rules
government-ep4/q702-bb-e,Episode4,0,16,30,npc,41,0,"[-25.0, 0.0, 45.0]","[0, 20480, 0]","[0.0, 0.0, 0.0, 132.0, 1132.0, 0, 0]",label046C,static candidate resolved; inspect caller and type-specific rules
government-ep4/q702-bb-j,Episode4,0,5,30,npc,20,0,"[-147.0000457763672, 0.0, -7.996537208557129]","[0, 26880, 0]","[30.000009536743164, 0.0, 0.0, 140.0, 1140.0, 1, 0]",label0474,static candidate resolved; inspect caller and type-specific rules
government-ep4/q702-bb-j,Episode4,0,15,30,npc,41,0,"[25.0, 0.0, 45.0]","[0, 45056, 0]","[0.0, 0.0, 0.0, 133.0, 1133.0, 0, 0]",label046D,static candidate resolved; inspect caller and type-specific rules
government-ep4/q702-bb-j,Episode4,0,16,30,npc,41,0,"[-25.0, 0.0, 45.0]","[0, 20480, 0]","[0.0, 0.0, 0.0, 132.0, 1132.0, 0, 0]",label046C,static candidate resolved; inspect caller and type-specific rules
government-ep4/q703-bb-e,Episode4,0,5,30,npc,20,0,"[-147.0000457763672, 0.0, -7.996537208557129]","[0, 26880, 0]","[30.000009536743164, 0.0, 0.0, 140.0, 1140.0, 1, 0]",label0474,static candidate resolved; inspect caller and type-specific rules
government-ep4/q703-bb-e,Episode4,0,15,30,npc,41,0,"[25.0, 0.0, 45.0]","[0, 45056, 0]","[0.0, 0.0, 0.0, 133.0, 1133.0, 0, 0]",label046D,static candidate resolved; inspect caller and type-specific rules
government-ep4/q703-bb-e,Episode4,0,16,30,npc,41,0,"[-25.0, 0.0, 45.0]","[0, 20480, 0]","[0.0, 0.0, 0.0, 132.0, 1132.0, 0, 0]",label046C,static candidate resolved; inspect caller and type-specific rules
government-ep4/q703-bb-j,Episode4,0,5,30,npc,20,0,"[-147.0000457763672, 0.0, -7.996537208557129]","[0, 26880, 0]","[30.000009536743164, 0.0, 0.0, 140.0, 1140.0, 1, 0]",label0474,static candidate resolved; inspect caller and type-specific rules
government-ep4/q703-bb-j,Episode4,0,15,30,npc,41,0,"[25.0, 0.0, 45.0]","[0, 45056, 0]","[0.0, 0.0, 0.0, 133.0, 1133.0, 0, 0]",label046D,static candidate resolved; inspect caller and type-specific rules
government-ep4/q703-bb-j,Episode4,0,16,30,npc,41,0,"[-25.0, 0.0, 45.0]","[0, 20480, 0]","[0.0, 0.0, 0.0, 132.0, 1132.0, 0, 0]",label046C,static candidate resolved; inspect caller and type-specific rules
government-ep4/q704-bb-e,Episode4,0,5,30,npc,20,0,"[-147.0000457763672, 0.0, -7.996537208557129]","[0, 26880, 0]","[30.000009536743164, 0.0, 0.0, 140.0, 1140.0, 1, 0]",label0474,static candidate resolved; inspect caller and type-specific rules
government-ep4/q704-bb-e,Episode4,0,15,30,npc,41,0,"[25.0, 0.0, 45.0]","[0, 45056, 0]","[0.0, 0.0, 0.0, 133.0, 1133.0, 0, 0]",label046D,static candidate resolved; inspect caller and type-specific rules
government-ep4/q704-bb-e,Episode4,0,16,30,npc,41,0,"[-25.0, 0.0, 45.0]","[0, 20480, 0]","[0.0, 0.0, 0.0, 132.0, 1132.0, 0, 0]",label046C,static candidate resolved; inspect caller and type-specific rules
government-ep4/q704-bb-j,Episode4,0,5,30,npc,20,0,"[-147.0000457763672, 0.0, -7.996537208557129]","[0, 26880, 0]","[30.000009536743164, 0.0, 0.0, 140.0, 1140.0, 1, 0]",label0474,static candidate resolved; inspect caller and type-specific rules
government-ep4/q704-bb-j,Episode4,0,15,30,npc,41,0,"[25.0, 0.0, 45.0]","[0, 45056, 0]","[0.0, 0.0, 0.0, 133.0, 1133.0, 0, 0]",label046D,static candidate resolved; inspect caller and type-specific rules
government-ep4/q704-bb-j,Episode4,0,16,30,npc,41,0,"[-25.0, 0.0, 45.0]","[0, 20480, 0]","[0.0, 0.0, 0.0, 132.0, 1132.0, 0, 0]",label046C,static candidate resolved; inspect caller and type-specific rules
government-ep4/q705-bb-e,Episode4,0,5,30,npc,20,0,"[-147.0000457763672, 0.0, -7.996537208557129]","[0, 26880, 0]","[30.000009536743164, 0.0, 0.0, 140.0, 1140.0, 1, 0]",label0474,static candidate resolved; inspect caller and type-specific rules
government-ep4/q705-bb-e,Episode4,0,15,30,npc,41,0,"[25.0, 0.0, 45.0]","[0, 45056, 0]","[0.0, 0.0, 0.0, 133.0, 1133.0, 0, 0]",label046D,static candidate resolved; inspect caller and type-specific rules
government-ep4/q705-bb-e,Episode4,0,16,30,npc,41,0,"[-25.0, 0.0, 45.0]","[0, 20480, 0]","[0.0, 0.0, 0.0, 132.0, 1132.0, 0, 0]",label046C,static candidate resolved; inspect caller and type-specific rules
government-ep4/q705-bb-j,Episode4,0,5,30,npc,20,0,"[-147.0000457763672, 0.0, -7.996537208557129]","[0, 26880, 0]","[30.000009536743164, 0.0, 0.0, 140.0, 1140.0, 1, 0]",label0474,static candidate resolved; inspect caller and type-specific rules
government-ep4/q705-bb-j,Episode4,0,15,30,npc,41,0,"[25.0, 0.0, 45.0]","[0, 45056, 0]","[0.0, 0.0, 0.0, 133.0, 1133.0, 0, 0]",label046D,static candidate resolved; inspect caller and type-specific rules
government-ep4/q705-bb-j,Episode4,0,16,30,npc,41,0,"[-25.0, 0.0, 45.0]","[0, 20480, 0]","[0.0, 0.0, 0.0, 132.0, 1132.0, 0, 0]",label046C,static candidate resolved; inspect caller and type-specific rules
government-ep4/q706-bb-e,Episode4,0,5,30,npc,20,0,"[-147.0000457763672, 0.0, -7.996537208557129]","[0, 26880, 0]","[30.000009536743164, 0.0, 0.0, 140.0, 1140.0, 1, 0]",label0474,static candidate resolved; inspect caller and type-specific rules
government-ep4/q706-bb-e,Episode4,0,15,30,npc,41,0,"[25.0, 0.0, 45.0]","[0, 45056, 0]","[0.0, 0.0, 0.0, 133.0, 1133.0, 0, 0]",label046D,static candidate resolved; inspect caller and type-specific rules
government-ep4/q706-bb-e,Episode4,0,16,30,npc,41,0,"[-25.0, 0.0, 45.0]","[0, 20480, 0]","[0.0, 0.0, 0.0, 132.0, 1132.0, 0, 0]",label046C,static candidate resolved; inspect caller and type-specific rules
government-ep4/q706-bb-j,Episode4,0,5,30,npc,20,0,"[-147.0000457763672, 0.0, -7.996537208557129]","[0, 26880, 0]","[30.000009536743164, 0.0, 0.0, 140.0, 1140.0, 1, 0]",label0474,static candidate resolved; inspect caller and type-specific rules
government-ep4/q706-bb-j,Episode4,0,15,30,npc,41,0,"[25.0, 0.0, 45.0]","[0, 45056, 0]","[0.0, 0.0, 0.0, 133.0, 1133.0, 0, 0]",label046D,static candidate resolved; inspect caller and type-specific rules
government-ep4/q706-bb-j,Episode4,0,16,30,npc,41,0,"[-25.0, 0.0, 45.0]","[0, 20480, 0]","[0.0, 0.0, 0.0, 132.0, 1132.0, 0, 0]",label046C,static candidate resolved; inspect caller and type-specific rules
government-ep4/q707-bb-e,Episode4,0,5,30,npc,20,0,"[-147.0000457763672, 0.0, -7.996537208557129]","[0, 26880, 0]","[30.000009536743164, 0.0, 0.0, 140.0, 1140.0, 1, 0]",label0474,static candidate resolved; inspect caller and type-specific rules
government-ep4/q707-bb-e,Episode4,0,15,30,npc,41,0,"[25.0, 0.0, 45.0]","[0, 45056, 0]","[0.0, 0.0, 0.0, 133.0, 1133.0, 0, 0]",label046D,static candidate resolved; inspect caller and type-specific rules
government-ep4/q707-bb-e,Episode4,0,16,30,npc,41,0,"[-25.0, 0.0, 45.0]","[0, 20480, 0]","[0.0, 0.0, 0.0, 132.0, 1132.0, 0, 0]",label046C,static candidate resolved; inspect caller and type-specific rules
government-ep4/q707-bb-j,Episode4,0,5,30,npc,20,0,"[-147.0000457763672, 0.0, -7.996537208557129]","[0, 26880, 0]","[30.000009536743164, 0.0, 0.0, 140.0, 1140.0, 1, 0]",label0474,static candidate resolved; inspect caller and type-specific rules
government-ep4/q707-bb-j,Episode4,0,15,30,npc,41,0,"[25.0, 0.0, 45.0]","[0, 45056, 0]","[0.0, 0.0, 0.0, 133.0, 1133.0, 0, 0]",label046D,static candidate resolved; inspect caller and type-specific rules
government-ep4/q707-bb-j,Episode4,0,16,30,npc,41,0,"[-25.0, 0.0, 45.0]","[0, 20480, 0]","[0.0, 0.0, 0.0, 132.0, 1132.0, 0, 0]",label046C,static candidate resolved; inspect caller and type-specific rules
government-ep4/q708-bb-e,Episode4,0,5,30,npc,20,0,"[-147.0000457763672, 0.0, -7.996537208557129]","[0, 26880, 0]","[30.000009536743164, 0.0, 0.0, 140.0, 1140.0, 1, 0]",label0474,static candidate resolved; inspect caller and type-specific rules
government-ep4/q708-bb-e,Episode4,0,15,30,npc,41,0,"[25.0, 0.0, 45.0]","[0, 45056, 0]","[0.0, 0.0, 0.0, 133.0, 1133.0, 0, 0]",label046D,static candidate resolved; inspect caller and type-specific rules
government-ep4/q708-bb-e,Episode4,0,16,30,npc,41,0,"[-25.0, 0.0, 45.0]","[0, 20480, 0]","[0.0, 0.0, 0.0, 132.0, 1132.0, 0, 0]",label046C,static candidate resolved; inspect caller and type-specific rules
government-ep4/q708-bb-j,Episode4,0,5,30,npc,20,0,"[-147.0000457763672, 0.0, -7.996537208557129]","[0, 26880, 0]","[30.000009536743164, 0.0, 0.0, 140.0, 1140.0, 1, 0]",label0474,static candidate resolved; inspect caller and type-specific rules
government-ep4/q708-bb-j,Episode4,0,15,30,npc,41,0,"[25.0, 0.0, 45.0]","[0, 45056, 0]","[0.0, 0.0, 0.0, 133.0, 1133.0, 0, 0]",label046D,static candidate resolved; inspect caller and type-specific rules
government-ep4/q708-bb-j,Episode4,0,16,30,npc,41,0,"[-25.0, 0.0, 45.0]","[0, 20480, 0]","[0.0, 0.0, 0.0, 132.0, 1132.0, 0, 0]",label046C,static candidate resolved; inspect caller and type-specific rules
maximum-attack-ep1/q45-bb-e,Episode1,0,8,30,npc,20,0,"[-147.0000457763672, 0.0, -7.996537208557129]","[0, 26880, 0]","[30.000009536743164, 0.0, 0.0, 1013.0010986328125, 70.00006103515625, 1, 0]",,free-play script target; quest linkage not inferred
maximum-attack-ep1/q45-bb-j,Episode1,0,8,30,npc,20,0,"[-147.0000457763672, 0.0, -7.996537208557129]","[0, 26880, 0]","[30.000009536743164, 0.0, 0.0, 1013.0010986328125, 70.00006103515625, 1, 0]",,free-play script target; quest linkage not inferred
maximum-attack-ep1/q144-bb-e,Episode1,0,8,30,npc,20,0,"[-147.0000457763672, 0.0, -7.996537208557129]","[0, 26880, 0]","[30.000009536743164, 0.0, 0.0, 1013.0010986328125, 70.00006103515625, 1, 0]",,free-play script target; quest linkage not inferred
maximum-attack-ep1/q144-bb-j,Episode1,0,8,30,npc,20,0,"[-147.0000457763672, 0.0, -7.996537208557129]","[0, 26880, 0]","[30.000009536743164, 0.0, 0.0, 1013.0010986328125, 70.00006103515625, 1, 0]",,free-play script target; quest linkage not inferred
maximum-attack-ep1/q145-bb-e,Episode1,0,8,30,npc,20,0,"[-147.0000457763672, 0.0, -7.996537208557129]","[0, 26880, 0]","[30.000009536743164, 0.0, 0.0, 1013.0010986328125, 70.00006103515625, 1, 0]",,free-play script target; quest linkage not inferred
maximum-attack-ep1/q145-bb-j,Episode1,0,8,30,npc,20,0,"[-147.0000457763672, 0.0, -7.996537208557129]","[0, 26880, 0]","[30.000009536743164, 0.0, 0.0, 1013.0010986328125, 70.00006103515625, 1, 0]",,free-play script target; quest linkage not inferred
maximum-attack-ep1/q146-bb-e,Episode1,0,8,30,npc,20,0,"[-147.0000457763672, 0.0, -7.996537208557129]","[0, 26880, 0]","[30.000009536743164, 0.0, 0.0, 1013.0010986328125, 70.00006103515625, 1, 0]",,free-play script target; quest linkage not inferred
maximum-attack-ep1/q146-bb-j,Episode1,0,8,30,npc,20,0,"[-147.0000457763672, 0.0, -7.996537208557129]","[0, 26880, 0]","[30.000009536743164, 0.0, 0.0, 1013.0010986328125, 70.00006103515625, 1, 0]",,free-play script target; quest linkage not inferred
maximum-attack-ep4/q303-bb-e,Episode4,0,8,30,npc,20,0,"[-147.0000457763672, 0.0, -7.996537208557129]","[0, 26880, 0]","[30.000009536743164, 0.0, 0.0, 1013.0, 70.0, 1, 0]",,free-play script target; quest linkage not inferred
maximum-attack-ep4/q303-bb-j,Episode4,0,8,30,npc,20,0,"[-147.0000457763672, 0.0, -7.996537208557129]","[0, 26880, 0]","[30.000009536743164, 0.0, 0.0, 1013.0, 70.0, 1, 0]",,free-play script target; quest linkage not inferred
maximum-attack-ep4/q304-bb-e,Episode4,0,8,30,npc,20,0,"[-147.0000457763672, 0.0, -7.996537208557129]","[0, 26880, 0]","[30.000009536743164, 0.0, 0.0, 1013.0, 70.0, 1, 0]",,free-play script target; quest linkage not inferred
maximum-attack-ep4/q304-bb-j,Episode4,0,8,30,npc,20,0,"[-147.0000457763672, 0.0, -7.996537208557129]","[0, 26880, 0]","[30.000009536743164, 0.0, 0.0, 1013.0, 70.0, 1, 0]",,free-play script target; quest linkage not inferred
maximum-attack-ep4/q305-bb-e,Episode4,0,8,30,npc,20,0,"[-147.0000457763672, 0.0, -7.996537208557129]","[0, 26880, 0]","[30.000009536743164, 0.0, 0.0, 1013.0, 70.0, 1, 0]",,free-play script target; quest linkage not inferred
maximum-attack-ep4/q305-bb-j,Episode4,0,8,30,npc,20,0,"[-147.0000457763672, 0.0, -7.996537208557129]","[0, 26880, 0]","[30.000009536743164, 0.0, 0.0, 1013.0, 70.0, 1, 0]",,free-play script target; quest linkage not inferred
maximum-attack-ep4/q314-bb-e,Episode4,0,6,30,npc,20,0,"[-147.0000457763672, 0.0, -7.996537208557129]","[0, 26880, 0]","[30.000009536743164, 0.0, 0.0, 141.0, 1141.0, 1, 0]",label0475,static candidate resolved; inspect caller and type-specific rules
maximum-attack-ep4/q314-bb-e,Episode4,0,16,30,npc,41,0,"[25.0, 0.0, 45.0]","[0, 45056, 0]","[0.0, 0.0, 0.0, 134.0, 1134.0, 0, 0]",label046E,static candidate resolved; inspect caller and type-specific rules
maximum-attack-ep4/q314-bb-e,Episode4,0,17,30,npc,41,0,"[-25.0, 0.0, 45.0]","[0, 20480, 0]","[0.0, 0.0, 0.0, 133.0, 1133.0, 0, 0]",label046D,static candidate resolved; inspect caller and type-specific rules
maximum-attack-ep4/q314-bb-j,Episode4,0,6,30,npc,20,0,"[-147.0000457763672, 0.0, -7.996537208557129]","[0, 26880, 0]","[30.000009536743164, 0.0, 0.0, 141.0, 1141.0, 1, 0]",label0475,static candidate resolved; inspect caller and type-specific rules
maximum-attack-ep4/q314-bb-j,Episode4,0,16,30,npc,41,0,"[25.0, 0.0, 45.0]","[0, 45056, 0]","[0.0, 0.0, 0.0, 134.0, 1134.0, 0, 0]",label046E,static candidate resolved; inspect caller and type-specific rules
maximum-attack-ep4/q314-bb-j,Episode4,0,17,30,npc,41,0,"[-25.0, 0.0, 45.0]","[0, 20480, 0]","[0.0, 0.0, 0.0, 133.0, 1133.0, 0, 0]",label046D,static candidate resolved; inspect caller and type-specific rules
retrieval-ep1/q058-bb-e,Episode1,0,9,30,npc,20,0,"[-147.0000457763672, 0.0, -7.996537208557129]","[0, 26880, 0]","[30.000009536743164, 0.0, 0.0, 1013.0010986328125, 70.00006103515625, 1, 0]",,free-play script target; quest linkage not inferred
retrieval-ep1/q058-bb-j,Episode1,0,9,30,npc,20,0,"[-147.0000457763672, 0.0, -7.996537208557129]","[0, 26880, 0]","[30.000009536743164, 0.0, 0.0, 1013.0010986328125, 70.00006103515625, 1, 0]",,free-play script target; quest linkage not inferred
retrieval-ep1/q059-bb-e,Episode1,0,9,30,npc,20,0,"[-147.0000457763672, 0.0, -7.996537208557129]","[0, 26880, 0]","[30.000009536743164, 0.0, 0.0, 1013.0010986328125, 70.00006103515625, 1, 0]",,free-play script target; quest linkage not inferred
retrieval-ep1/q059-bb-j,Episode1,0,9,30,npc,20,0,"[-147.0000457763672, 0.0, -7.996537208557129]","[0, 26880, 0]","[30.000009536743164, 0.0, 0.0, 1013.0010986328125, 70.00006103515625, 1, 0]",,free-play script target; quest linkage not inferred
retrieval-ep1/q060-bb-e,Episode1,0,9,30,npc,20,0,"[-147.0000457763672, 0.0, -7.996537208557129]","[0, 26880, 0]","[30.000009536743164, 0.0, 0.0, 1013.0010986328125, 70.00006103515625, 1, 0]",,free-play script target; quest linkage not inferred
retrieval-ep1/q060-bb-j,Episode1,0,9,30,npc,20,0,"[-147.0000457763672, 0.0, -7.996537208557129]","[0, 26880, 0]","[30.000009536743164, 0.0, 0.0, 1013.0010986328125, 70.00006103515625, 1, 0]",,free-play script target; quest linkage not inferred
retrieval-ep1/q061-bb-e,Episode1,0,10,30,npc,20,0,"[-147.0000457763672, 0.0, -7.996537208557129]","[0, 26880, 0]","[30.000009536743164, 0.0, 0.0, 1013.0010986328125, 70.00006103515625, 1, 0]",,free-play script target; quest linkage not inferred
retrieval-ep1/q061-bb-j,Episode1,0,10,30,npc,20,0,"[-147.0000457763672, 0.0, -7.996537208557129]","[0, 26880, 0]","[30.000009536743164, 0.0, 0.0, 1013.0010986328125, 70.00006103515625, 1, 0]",,free-play script target; quest linkage not inferred
retrieval-ep1/q068-bb-e,Episode1,0,6,30,npc,20,0,"[-147.0000457763672, 0.0, -7.996537208557129]","[0, 26880, 0]","[30.000009536743164, 0.0, 0.0, 1013.0010986328125, 70.00015258789062, 1, 0]",,free-play script target; quest linkage not inferred
retrieval-ep1/q068-bb-e,Episode1,0,19,30,npc,41,0,"[-48.00035858154297, 0.0, 0.0003662109375]","[0, 16384, 0]","[0.0, 0.0, 0.0, 1003.0010986328125, 30.000015258789062, 0, 0]",,free-play script target; quest linkage not inferred
retrieval-ep1/q068-bb-e,Episode1,0,20,30,npc,41,0,"[-34.300350189208984, 0.0, 28.660400390625]","[0, 22784, 0]","[0.0, 0.0, 0.0, 1004.0010986328125, 50.000022888183594, 0, 0]",,free-play script target; quest linkage not inferred
retrieval-ep1/q69-bb-e,Episode1,0,9,30,npc,20,0,"[-147.0000457763672, 0.0, -7.996537208557129]","[0, 26880, 0]","[30.000009536743164, 0.0, 0.0, 1013.0010986328125, 70.00006103515625, 1, 0]",,free-play script target; quest linkage not inferred
retrieval-ep1/q69-bb-e,Episode1,0,19,30,npc,41,0,"[-48.00035858154297, 0.0, 0.0003662109375]","[0, 16384, 0]","[0.0, 0.0, 0.0, 1003.0010986328125, 30.000015258789062, 0, 0]",,free-play script target; quest linkage not inferred
retrieval-ep1/q69-bb-e,Episode1,0,20,30,npc,41,0,"[-34.300350189208984, 0.0, 28.660400390625]","[0, 22784, 0]","[0.0, 0.0, 0.0, 1004.0010986328125, 50.000022888183594, 0, 0]",,free-play script target; quest linkage not inferred
retrieval-ep1/q69-bb-j,Episode1,0,9,30,npc,20,0,"[-147.0000457763672, 0.0, -7.996537208557129]","[0, 26880, 0]","[30.000009536743164, 0.0, 0.0, 1013.0010986328125, 70.00006103515625, 1, 0]",,free-play script target; quest linkage not inferred
retrieval-ep1/q69-bb-j,Episode1,0,19,30,npc,41,0,"[-48.00035858154297, 0.0, 0.0003662109375]","[0, 16384, 0]","[0.0, 0.0, 0.0, 1003.0010986328125, 30.000015258789062, 0, 0]",,free-play script target; quest linkage not inferred
retrieval-ep1/q69-bb-j,Episode1,0,20,30,npc,41,0,"[-34.300350189208984, 0.0, 28.660400390625]","[0, 22784, 0]","[0.0, 0.0, 0.0, 1004.0010986328125, 50.000022888183594, 0, 0]",,free-play script target; quest linkage not inferred
retrieval-ep1/q105-bb-e,Episode1,0,9,30,npc,20,0,"[-147.0000457763672, 0.0, -7.996537208557129]","[0, 26880, 0]","[30.000009536743164, 0.0, 0.0, 1013.0010986328125, 70.00006103515625, 1, 0]",,free-play script target; quest linkage not inferred
retrieval-ep1/q119-bb-e,Episode1,0,7,30,npc,20,0,"[-147.0000457763672, 0.0, -7.996537208557129]","[0, 26880, 0]","[30.000009536743164, 0.0, 0.0, 1013.0, 70.0, 1, 0]",,free-play script target; quest linkage not inferred
retrieval-ep1/q119-bb-j,Episode1,0,7,30,npc,20,0,"[-147.0000457763672, 0.0, -7.996537208557129]","[0, 26880, 0]","[30.000009536743164, 0.0, 0.0, 1013.0, 70.0, 1, 0]",,free-play script target; quest linkage not inferred
retrieval-ep1/q137-bb-e,Episode1,0,7,30,npc,20,0,"[-147.0000457763672, 0.0, -7.996537208557129]","[0, 26880, 0]","[30.000009536743164, 0.0, 0.0, 1013.0010986328125, 70.00006103515625, 1, 0]",,free-play script target; quest linkage not inferred
retrieval-ep1/q137-bb-j,Episode1,0,7,30,npc,20,0,"[-147.0000457763672, 0.0, -7.996537208557129]","[0, 26880, 0]","[30.000009536743164, 0.0, 0.0, 1013.0010986328125, 70.00006103515625, 1, 0]",,free-play script target; quest linkage not inferred
retrieval-ep1/q138-bb-e,Episode1,0,7,30,npc,20,0,"[-147.0000457763672, 0.0, -7.996537208557129]","[0, 26880, 0]","[30.000009536743164, 0.0, 0.0, 1013.0010986328125, 70.00006103515625, 1, 0]",,free-play script target; quest linkage not inferred
retrieval-ep1/q138-bb-j,Episode1,0,7,30,npc,20,0,"[-147.0000457763672, 0.0, -7.996537208557129]","[0, 26880, 0]","[30.000009536743164, 0.0, 0.0, 1013.0010986328125, 70.00006103515625, 1, 0]",,free-play script target; quest linkage not inferred
seasonal-ep1/q125-bb-e,Episode1,0,15,30,npc,41,0,"[-35.0, 0.0, -35.0]","[0, 8192, 0]","[0.0, 0.0, 0.0, 108.0, 420.0, 0, 0]",label01A4,static candidate resolved; inspect caller and type-specific rules
seasonal-ep1/q125-bb-e,Episode1,0,16,30,npc,41,0,"[35.0, 0.0, -35.0]","[0, 57344, 0]","[0.0, 0.0, 0.0, 107.0, 410.0, 0, 0]",label019A,static candidate resolved; inspect caller and type-specific rules
seasonal-ep1/q125-bb-j,Episode1,0,15,30,npc,41,0,"[-35.0, 0.0, -35.0]","[0, 8192, 0]","[0.0, 0.0, 0.0, 108.0, 420.0, 0, 0]",label01A4,static candidate resolved; inspect caller and type-specific rules
seasonal-ep1/q125-bb-j,Episode1,0,16,30,npc,41,0,"[35.0, 0.0, -35.0]","[0, 57344, 0]","[0.0, 0.0, 0.0, 107.0, 410.0, 0, 0]",label019A,static candidate resolved; inspect caller and type-specific rules
seasonal-ep4/q905-bb-e,Episode4,0,11,30,npc,20,0,"[-122.67286682128906, 0.0, 23.89731216430664]","[0, 32768, 0]","[0.0, 0.0, 0.0, 103.0, 321.0, 0, 0]",label0141,static candidate resolved; inspect caller and type-specific rules
shops-ep1/q82-bb-e,Episode1,0,7,30,npc,20,0,"[-147.0000457763672, 0.0, -7.996537208557129]","[0, 26880, 0]","[30.000009536743164, 0.0, 0.0, 1013.0, 70.0, 1, 0]",,free-play script target; quest linkage not inferred
shops-ep1/q82-bb-j,Episode1,0,7,30,npc,20,0,"[-147.0000457763672, 0.0, -7.996537208557129]","[0, 26880, 0]","[30.000009536743164, 0.0, 0.0, 1013.0, 70.0, 1, 0]",,free-play script target; quest linkage not inferred
shops-ep4/q311-bb-e,Episode4,0,7,30,npc,20,0,"[-147.0000457763672, 0.0, -7.996537208557129]","[0, 26880, 0]","[30.000009536743164, 0.0, 0.0, 1013.0, 70.0, 1, 0]",,free-play script target; quest linkage not inferred
shops-ep4/q312-bb-e,Episode4,0,7,30,npc,20,0,"[-147.0000457763672, 0.0, -7.996537208557129]","[0, 26880, 0]","[30.000009536743164, 0.0, 0.0, 1013.0, 70.0, 1, 0]",,free-play script target; quest linkage not inferred
shops-ep4/q312-bb-j,Episode4,0,7,30,npc,20,0,"[-147.0000457763672, 0.0, -7.996537208557129]","[0, 26880, 0]","[30.000009536743164, 0.0, 0.0, 1013.0, 70.0, 1, 0]",,free-play script target; quest linkage not inferred
solo-extra-ep1/q030-bb-e,Episode4,0,8,30,npc,20,0,"[-147.0000457763672, 0.0, -7.996537208557129]","[0, 26880, 0]","[30.000009536743164, 0.0, 0.0, 141.0, 1141.0, 1, 0]",label0475,static candidate resolved; inspect caller and type-specific rules
solo-extra-ep1/q030-bb-e,Episode4,0,19,30,npc,41,0,"[25.0, 0.0, 45.0]","[0, 45056, 0]","[0.0, 0.0, 0.0, 134.0, 1134.0, 0, 0]",label046E,static candidate resolved; inspect caller and type-specific rules
solo-extra-ep1/q030-bb-e,Episode4,0,20,30,npc,41,0,"[-25.0, 0.0, 45.0]","[0, 20480, 0]","[0.0, 0.0, 0.0, 133.0, 1133.0, 0, 0]",label046D,static candidate resolved; inspect caller and type-specific rules
solo-extra-ep1/q030-bb-j,Episode4,0,8,30,npc,20,0,"[-147.0000457763672, 0.0, -7.996537208557129]","[0, 26880, 0]","[30.000009536743164, 0.0, 0.0, 141.0, 1141.0, 1, 0]",label0475,static candidate resolved; inspect caller and type-specific rules
solo-extra-ep1/q030-bb-j,Episode4,0,19,30,npc,41,0,"[25.0, 0.0, 45.0]","[0, 45056, 0]","[0.0, 0.0, 0.0, 134.0, 1134.0, 0, 0]",label046E,static candidate resolved; inspect caller and type-specific rules
solo-extra-ep1/q030-bb-j,Episode4,0,20,30,npc,41,0,"[-25.0, 0.0, 45.0]","[0, 20480, 0]","[0.0, 0.0, 0.0, 133.0, 1133.0, 0, 0]",label046D,static candidate resolved; inspect caller and type-specific rules
solo-extra-ep1/q031-bb-e,Episode4,0,6,30,npc,20,0,"[-147.0000457763672, 0.0, -7.996537208557129]","[0, 26880, 0]","[30.000009536743164, 0.0, 0.0, 140.0, 1140.0, 1, 0]",label0474,static candidate resolved; inspect caller and type-specific rules
solo-extra-ep1/q031-bb-e,Episode4,0,16,30,npc,41,0,"[25.0, 0.0, 45.0]","[0, 45056, 0]","[0.0, 0.0, 0.0, 133.0, 1133.0, 0, 0]",label046D,static candidate resolved; inspect caller and type-specific rules
solo-extra-ep1/q031-bb-e,Episode4,0,17,30,npc,41,0,"[-25.0, 0.0, 45.0]","[0, 20480, 0]","[0.0, 0.0, 0.0, 132.0, 1132.0, 0, 0]",label046C,static candidate resolved; inspect caller and type-specific rules
solo-extra-ep1/q031-bb-j,Episode4,0,6,30,npc,20,0,"[-147.0000457763672, 0.0, -7.996537208557129]","[0, 26880, 0]","[30.000009536743164, 0.0, 0.0, 140.0, 1140.0, 1, 0]",label0474,static candidate resolved; inspect caller and type-specific rules
solo-extra-ep1/q031-bb-j,Episode4,0,16,30,npc,41,0,"[25.0, 0.0, 45.0]","[0, 45056, 0]","[0.0, 0.0, 0.0, 133.0, 1133.0, 0, 0]",label046D,static candidate resolved; inspect caller and type-specific rules
solo-extra-ep1/q031-bb-j,Episode4,0,17,30,npc,41,0,"[-25.0, 0.0, 45.0]","[0, 20480, 0]","[0.0, 0.0, 0.0, 132.0, 1132.0, 0, 0]",label046C,static candidate resolved; inspect caller and type-specific rules
solo-extra-ep1/q032-bb-e,Episode4,0,7,30,npc,20,0,"[-147.0000457763672, 0.0, -7.996537208557129]","[0, 26880, 0]","[30.000009536743164, 0.0, 0.0, 140.0, 1140.0, 1, 0]",label0474,static candidate resolved; inspect caller and type-specific rules
solo-extra-ep1/q032-bb-e,Episode4,0,18,30,npc,41,0,"[25.0, 0.0, 45.0]","[0, 45056, 0]","[0.0, 0.0, 0.0, 133.0, 1133.0, 0, 0]",label046D,static candidate resolved; inspect caller and type-specific rules
solo-extra-ep1/q032-bb-e,Episode4,0,19,30,npc,41,0,"[-25.0, 0.0, 45.0]","[0, 20480, 0]","[0.0, 0.0, 0.0, 132.0, 1132.0, 0, 0]",label046C,static candidate resolved; inspect caller and type-specific rules
solo-extra-ep1/q032-bb-j,Episode4,0,7,30,npc,20,0,"[-147.0000457763672, 0.0, -7.996537208557129]","[0, 26880, 0]","[30.000009536743164, 0.0, 0.0, 140.0, 1140.0, 1, 0]",label0474,static candidate resolved; inspect caller and type-specific rules
solo-extra-ep1/q032-bb-j,Episode4,0,18,30,npc,41,0,"[25.0, 0.0, 45.0]","[0, 45056, 0]","[0.0, 0.0, 0.0, 133.0, 1133.0, 0, 0]",label046D,static candidate resolved; inspect caller and type-specific rules
solo-extra-ep1/q032-bb-j,Episode4,0,19,30,npc,41,0,"[-25.0, 0.0, 45.0]","[0, 20480, 0]","[0.0, 0.0, 0.0, 132.0, 1132.0, 0, 0]",label046C,static candidate resolved; inspect caller and type-specific rules
solo-extra-ep1/q033-bb-e,Episode4,0,8,30,npc,20,0,"[-147.0000457763672, 0.0, -7.996537208557129]","[0, 26880, 0]","[30.000009536743164, 0.0, 0.0, 141.0, 1141.0, 1, 0]",label0475,static candidate resolved; inspect caller and type-specific rules
solo-extra-ep1/q033-bb-e,Episode4,0,19,30,npc,41,0,"[25.0, 0.0, 45.0]","[0, 45056, 0]","[0.0, 0.0, 0.0, 134.0, 1134.0, 0, 0]",label046E,static candidate resolved; inspect caller and type-specific rules
solo-extra-ep1/q033-bb-e,Episode4,0,20,30,npc,41,0,"[-25.0, 0.0, 45.0]","[0, 20480, 0]","[0.0, 0.0, 0.0, 133.0, 1133.0, 0, 0]",label046D,static candidate resolved; inspect caller and type-specific rules
solo-extra-ep1/q033-bb-j,Episode4,0,8,30,npc,20,0,"[-147.0000457763672, 0.0, -7.996537208557129]","[0, 26880, 0]","[30.000009536743164, 0.0, 0.0, 141.0, 1141.0, 1, 0]",label0475,static candidate resolved; inspect caller and type-specific rules
solo-extra-ep1/q033-bb-j,Episode4,0,19,30,npc,41,0,"[25.0, 0.0, 45.0]","[0, 45056, 0]","[0.0, 0.0, 0.0, 134.0, 1134.0, 0, 0]",label046E,static candidate resolved; inspect caller and type-specific rules
solo-extra-ep1/q033-bb-j,Episode4,0,20,30,npc,41,0,"[-25.0, 0.0, 45.0]","[0, 20480, 0]","[0.0, 0.0, 0.0, 133.0, 1133.0, 0, 0]",label046D,static candidate resolved; inspect caller and type-specific rules
solo-extra-ep1/q034-bb-e,Episode4,0,6,30,npc,20,0,"[-147.0000457763672, 0.0, -7.996537208557129]","[0, 26880, 0]","[30.000009536743164, 0.0, 0.0, 140.0, 1140.0, 1, 0]",label0474,static candidate resolved; inspect caller and type-specific rules
solo-extra-ep1/q034-bb-e,Episode4,0,16,30,npc,41,0,"[25.0, 0.0, 45.0]","[0, 45056, 0]","[0.0, 0.0, 0.0, 133.0, 1133.0, 0, 0]",label046D,static candidate resolved; inspect caller and type-specific rules
solo-extra-ep1/q034-bb-e,Episode4,0,17,30,npc,41,0,"[-25.0, 0.0, 45.0]","[0, 20480, 0]","[0.0, 0.0, 0.0, 132.0, 1132.0, 0, 0]",label046C,static candidate resolved; inspect caller and type-specific rules
solo-extra-ep1/q034-bb-j,Episode4,0,6,30,npc,20,0,"[-147.0000457763672, 0.0, -7.996537208557129]","[0, 26880, 0]","[30.000009536743164, 0.0, 0.0, 140.0, 1140.0, 1, 0]",label0474,static candidate resolved; inspect caller and type-specific rules
solo-extra-ep1/q034-bb-j,Episode4,0,16,30,npc,41,0,"[25.0, 0.0, 45.0]","[0, 45056, 0]","[0.0, 0.0, 0.0, 133.0, 1133.0, 0, 0]",label046D,static candidate resolved; inspect caller and type-specific rules
solo-extra-ep1/q034-bb-j,Episode4,0,17,30,npc,41,0,"[-25.0, 0.0, 45.0]","[0, 20480, 0]","[0.0, 0.0, 0.0, 132.0, 1132.0, 0, 0]",label046C,static candidate resolved; inspect caller and type-specific rules
solo-extra-ep1/q035-bb-e,Episode1,0,7,30,npc,20,0,"[-147.0000457763672, 0.0, -7.996537208557129]","[0, 26880, 0]","[30.000009536743164, 0.0, 0.0, 1013.0010986328125, 70.00006103515625, 1, 0]",,free-play script target; quest linkage not inferred
solo-extra-ep1/q035-bb-j,Episode1,0,7,30,npc,20,0,"[-147.0000457763672, 0.0, -7.996537208557129]","[0, 26880, 0]","[30.000009536743164, 0.0, 0.0, 1013.0010986328125, 70.00006103515625, 1, 0]",,free-play script target; quest linkage not inferred
solo-extra-ep1/q036-bb-j,Episode4,0,6,30,npc,20,0,"[-147.0000457763672, 0.0, -7.996537208557129]","[0, 26880, 0]","[30.000009536743164, 0.0, 0.0, 1013.0, 70.0, 1, 0]",,free-play script target; quest linkage not inferred
solo-extra-ep1/q126-bb-e,Episode1,0,6,30,npc,20,0,"[-147.0000457763672, 0.0, -7.996537208557129]","[0, 26880, 0]","[30.000009536743164, 0.0, 0.0, 700.0, 2700.0, 1, 0]",label0A8C,static candidate resolved; inspect caller and type-specific rules
solo-extra-ep1/q126-bb-j,Episode1,0,6,30,npc,20,0,"[-147.0000457763672, 0.0, -7.996537208557129]","[0, 26880, 0]","[30.000009536743164, 0.0, 0.0, 700.0, 2700.0, 1, 0]",label0A8C,static candidate resolved; inspect caller and type-specific rules
solo-story-ep1/q001-bb-e,Episode1,0,7,30,npc,20,0,"[-147.0000457763672, 0.0, -7.996537208557129]","[0, 26880, 0]","[30.000009536743164, 0.0, 0.0, 1013.0010986328125, 70.00006103515625, 1, 0]",,free-play script target; quest linkage not inferred
solo-story-ep1/q001-bb-j,Episode1,0,7,30,npc,20,0,"[-147.0000457763672, 0.0, -7.996537208557129]","[0, 26880, 0]","[30.000009536743164, 0.0, 0.0, 1013.0010986328125, 70.00006103515625, 1, 0]",,free-play script target; quest linkage not inferred
solo-story-ep1/q002-bb-e,Episode1,0,8,30,npc,20,0,"[-147.0000457763672, 0.0, -7.996537208557129]","[0, 26880, 0]","[30.000009536743164, 0.0, 0.0, 1013.0010986328125, 70.00006103515625, 1, 0]",,free-play script target; quest linkage not inferred
solo-story-ep1/q002-bb-j,Episode1,0,8,30,npc,20,0,"[-147.0000457763672, 0.0, -7.996537208557129]","[0, 26880, 0]","[30.000009536743164, 0.0, 0.0, 1013.0010986328125, 70.00006103515625, 1, 0]",,free-play script target; quest linkage not inferred
solo-story-ep1/q003-bb-e,Episode1,0,7,30,npc,20,0,"[-147.0000457763672, 0.0, -7.996537208557129]","[0, 26880, 0]","[30.000009536743164, 0.0, 0.0, 1013.0010986328125, 70.00006103515625, 1, 0]",,free-play script target; quest linkage not inferred
solo-story-ep1/q003-bb-j,Episode1,0,7,30,npc,20,0,"[-147.0000457763672, 0.0, -7.996537208557129]","[0, 26880, 0]","[30.000009536743164, 0.0, 0.0, 1013.0010986328125, 70.00006103515625, 1, 0]",,free-play script target; quest linkage not inferred
solo-story-ep1/q004-bb-e,Episode1,0,8,30,npc,20,0,"[-147.0000457763672, 0.0, -7.996537208557129]","[0, 26880, 0]","[30.000009536743164, 0.0, 0.0, 1013.0010986328125, 70.00006103515625, 1, 0]",,free-play script target; quest linkage not inferred
solo-story-ep1/q004-bb-j,Episode1,0,8,30,npc,20,0,"[-147.0000457763672, 0.0, -7.996537208557129]","[0, 26880, 0]","[30.000009536743164, 0.0, 0.0, 1013.0010986328125, 70.00006103515625, 1, 0]",,free-play script target; quest linkage not inferred
solo-story-ep1/q005-bb-e,Episode1,0,6,30,npc,20,0,"[-147.0000457763672, 0.0, -7.996537208557129]","[0, 26880, 0]","[30.000009536743164, 0.0, 0.0, 1013.0010986328125, 70.00006103515625, 1, 0]",,free-play script target; quest linkage not inferred
solo-story-ep1/q005-bb-j,Episode1,0,6,30,npc,20,0,"[-147.0000457763672, 0.0, -7.996537208557129]","[0, 26880, 0]","[30.000009536743164, 0.0, 0.0, 1013.0010986328125, 70.00006103515625, 1, 0]",,free-play script target; quest linkage not inferred
solo-story-ep1/q006-bb-e,Episode1,0,4,30,npc,10,0,"[22.002227783203125, 0.0, 59.000946044921875]","[0, 38912, 0]","[0.0, 255.00009155273438, 0.0, 104.0, 350.0001525878906, 0, 0]",label015E,static candidate resolved; inspect caller and type-specific rules
solo-story-ep1/q006-bb-e,Episode1,0,10,30,npc,20,0,"[-147.0000457763672, 0.0, -7.996537208557129]","[0, 26880, 0]","[30.000009536743164, 0.0, 0.0, 1013.0010986328125, 70.00006103515625, 1, 0]",,free-play script target; quest linkage not inferred
solo-story-ep1/q006-bb-j,Episode1,0,4,30,npc,10,0,"[22.002227783203125, 0.0, 59.000946044921875]","[0, 38912, 0]","[0.0, 255.00009155273438, 0.0, 104.0, 350.0001525878906, 0, 0]",label015E,static candidate resolved; inspect caller and type-specific rules
solo-story-ep1/q006-bb-j,Episode1,0,10,30,npc,20,0,"[-147.0000457763672, 0.0, -7.996537208557129]","[0, 26880, 0]","[30.000009536743164, 0.0, 0.0, 1013.0010986328125, 70.00006103515625, 1, 0]",,free-play script target; quest linkage not inferred
solo-story-ep1/q007-bb-e,Episode1,0,9,30,npc,20,0,"[-147.0000457763672, 0.0, -7.996537208557129]","[0, 26880, 0]","[30.000009536743164, 0.0, 0.0, 1013.0010986328125, 70.00006103515625, 1, 0]",,free-play script target; quest linkage not inferred
solo-story-ep1/q007-bb-j,Episode1,0,9,30,npc,20,0,"[-147.0000457763672, 0.0, -7.996537208557129]","[0, 26880, 0]","[30.000009536743164, 0.0, 0.0, 1013.0010986328125, 70.00006103515625, 1, 0]",,free-play script target; quest linkage not inferred
solo-story-ep1/q008-bb-e,Episode1,0,6,30,npc,20,0,"[-147.0000457763672, 0.0, -7.996537208557129]","[0, 26880, 0]","[30.000009536743164, 0.0, 0.0, 1013.0010986328125, 70.00006103515625, 1, 0]",,free-play script target; quest linkage not inferred
solo-story-ep1/q008-bb-j,Episode1,0,6,30,npc,20,0,"[-147.0000457763672, 0.0, -7.996537208557129]","[0, 26880, 0]","[30.000009536743164, 0.0, 0.0, 1013.0010986328125, 70.00006103515625, 1, 0]",,free-play script target; quest linkage not inferred
solo-story-ep1/q010-bb-e,Episode1,0,9,30,npc,20,0,"[-147.0000457763672, 0.0, -7.996537208557129]","[0, 26880, 0]","[30.000009536743164, 0.0, 0.0, 1013.0010986328125, 70.00006103515625, 1, 0]",,free-play script target; quest linkage not inferred
solo-story-ep1/q010-bb-j,Episode1,0,9,30,npc,20,0,"[-147.0000457763672, 0.0, -7.996537208557129]","[0, 26880, 0]","[30.000009536743164, 0.0, 0.0, 1013.0010986328125, 70.00006103515625, 1, 0]",,free-play script target; quest linkage not inferred
solo-story-ep1/q011-bb-e,Episode1,0,6,30,npc,20,0,"[-147.0000457763672, 0.0, -7.996537208557129]","[0, 26880, 0]","[30.000009536743164, 0.0, 0.0, 1013.0010986328125, 70.00006103515625, 1, 0]",,free-play script target; quest linkage not inferred
solo-story-ep1/q011-bb-j,Episode1,0,6,30,npc,20,0,"[-147.0000457763672, 0.0, -7.996537208557129]","[0, 26880, 0]","[30.000009536743164, 0.0, 0.0, 1013.0010986328125, 70.00006103515625, 1, 0]",,free-play script target; quest linkage not inferred
solo-story-ep1/q012-bb-e,Episode1,0,6,30,npc,20,0,"[-147.0000457763672, 0.0, -7.996537208557129]","[0, 26880, 0]","[30.000009536743164, 0.0, 0.0, 1013.0010986328125, 70.00006103515625, 1, 0]",,free-play script target; quest linkage not inferred
solo-story-ep1/q012-bb-j,Episode1,0,6,30,npc,20,0,"[-147.0000457763672, 0.0, -7.996537208557129]","[0, 26880, 0]","[30.000009536743164, 0.0, 0.0, 1013.0010986328125, 70.00006103515625, 1, 0]",,free-play script target; quest linkage not inferred
solo-story-ep1/q013-bb-e,Episode1,0,8,30,npc,20,0,"[-147.0000457763672, 0.0, -7.996537208557129]","[0, 26880, 0]","[30.000009536743164, 0.0, 0.0, 1013.0010986328125, 70.00006103515625, 1, 0]",,free-play script target; quest linkage not inferred
solo-story-ep1/q013-bb-j,Episode1,0,8,30,npc,20,0,"[-147.0000457763672, 0.0, -7.996537208557129]","[0, 26880, 0]","[30.000009536743164, 0.0, 0.0, 1013.0010986328125, 70.00006103515625, 1, 0]",,free-play script target; quest linkage not inferred
solo-story-ep1/q014-bb-e,Episode1,0,9,30,npc,20,0,"[-147.0000457763672, 0.0, -7.996537208557129]","[0, 26880, 0]","[30.000009536743164, 0.0, 0.0, 1013.0010986328125, 70.00006103515625, 1, 0]",,free-play script target; quest linkage not inferred
solo-story-ep1/q014-bb-j,Episode1,0,9,30,npc,20,0,"[-147.0000457763672, 0.0, -7.996537208557129]","[0, 26880, 0]","[30.000009536743164, 0.0, 0.0, 1013.0010986328125, 70.00006103515625, 1, 0]",,free-play script target; quest linkage not inferred
solo-story-ep1/q015-bb-e,Episode1,0,7,30,npc,20,0,"[-147.0000457763672, 0.0, -7.996537208557129]","[0, 26880, 0]","[30.000009536743164, 0.0, 0.0, 1013.0010986328125, 70.00006103515625, 1, 0]",,free-play script target; quest linkage not inferred
solo-story-ep1/q015-bb-j,Episode1,0,7,30,npc,20,0,"[-147.0000457763672, 0.0, -7.996537208557129]","[0, 26880, 0]","[30.000009536743164, 0.0, 0.0, 1013.0010986328125, 70.00006103515625, 1, 0]",,free-play script target; quest linkage not inferred
solo-story-ep1/q016-bb-e,Episode1,0,7,30,npc,20,0,"[-147.0000457763672, 0.0, -7.996537208557129]","[0, 26880, 0]","[30.000009536743164, 0.0, 0.0, 1013.0010986328125, 70.00006103515625, 1, 0]",,free-play script target; quest linkage not inferred
solo-story-ep1/q016-bb-j,Episode1,0,7,30,npc,20,0,"[-147.0000457763672, 0.0, -7.996537208557129]","[0, 26880, 0]","[30.000009536743164, 0.0, 0.0, 1013.0010986328125, 70.00006103515625, 1, 0]",,free-play script target; quest linkage not inferred
solo-story-ep1/q017-bb-e,Episode1,0,8,30,npc,20,0,"[-147.0000457763672, 0.0, -7.996537208557129]","[0, 26880, 0]","[30.000009536743164, 0.0, 0.0, 1013.0010986328125, 70.00006103515625, 1, 0]",,free-play script target; quest linkage not inferred
solo-story-ep1/q017-bb-j,Episode1,0,8,30,npc,20,0,"[-147.0000457763672, 0.0, -7.996537208557129]","[0, 26880, 0]","[30.000009536743164, 0.0, 0.0, 1013.0010986328125, 70.00006103515625, 1, 0]",,free-play script target; quest linkage not inferred
solo-story-ep1/q018-bb-e,Episode1,0,7,30,npc,20,0,"[-147.0000457763672, 0.0, -7.996537208557129]","[0, 26880, 0]","[30.000009536743164, 0.0, 0.0, 1013.0010986328125, 70.00006103515625, 1, 0]",,free-play script target; quest linkage not inferred
solo-story-ep1/q018-bb-j,Episode1,0,7,30,npc,20,0,"[-147.0000457763672, 0.0, -7.996537208557129]","[0, 26880, 0]","[30.000009536743164, 0.0, 0.0, 1013.0010986328125, 70.00006103515625, 1, 0]",,free-play script target; quest linkage not inferred
solo-story-ep1/q019-bb-e,Episode1,0,6,30,npc,20,0,"[-147.0000457763672, 0.0, -7.996537208557129]","[0, 26880, 0]","[30.000009536743164, 0.0, 0.0, 1013.0010986328125, 70.00006103515625, 1, 0]",,free-play script target; quest linkage not inferred
solo-story-ep1/q019-bb-j,Episode1,0,6,30,npc,20,0,"[-147.0000457763672, 0.0, -7.996537208557129]","[0, 26880, 0]","[30.000009536743164, 0.0, 0.0, 1013.0010986328125, 70.00006103515625, 1, 0]",,free-play script target; quest linkage not inferred
solo-story-ep1/q020-bb-e,Episode1,0,1,30,npc,10,0,"[-2.9971923828125, 0.0, 63.999267578125]","[0, 30720, 0]","[0.0, 0.0, 0.0, 101.00004577636719, 310.0001220703125, 0, 0]",label0136,static candidate resolved; inspect caller and type-specific rules
solo-story-ep1/q020-bb-e,Episode1,0,2,30,npc,10,0,"[23.996109008789062, 0.0, 59.001800537109375]","[0, 36864, 0]","[0.0, 0.0, 0.0, 102.00004577636719, 320.0001220703125, 0, 0]",label0140,static candidate resolved; inspect caller and type-specific rules
solo-story-ep1/q020-bb-e,Episode1,0,3,30,npc,10,0,"[42.988861083984375, 0.0, 30.5]","[0, 45056, 0]","[0.0, 0.0, 0.0, 103.0, 330.0, 0, 0]",label014A,static candidate resolved; inspect caller and type-specific rules
solo-story-ep1/q020-bb-e,Episode1,0,9,30,npc,20,0,"[-147.0000457763672, 0.0, -7.996537208557129]","[0, 26880, 0]","[0.0, 0.0, 0.0, 1013.0, 70.0, 0, 0]",,free-play script target; quest linkage not inferred
solo-story-ep1/q020-bb-j,Episode1,0,1,30,npc,10,0,"[-2.9971923828125, 0.0, 63.999267578125]","[0, 30720, 0]","[0.0, 0.0, 0.0, 101.00004577636719, 310.0001220703125, 0, 0]",label0136,static candidate resolved; inspect caller and type-specific rules
solo-story-ep1/q020-bb-j,Episode1,0,2,30,npc,10,0,"[23.996109008789062, 0.0, 59.001800537109375]","[0, 36864, 0]","[0.0, 0.0, 0.0, 102.00004577636719, 320.0001220703125, 0, 0]",label0140,static candidate resolved; inspect caller and type-specific rules
solo-story-ep1/q020-bb-j,Episode1,0,3,30,npc,10,0,"[42.988861083984375, 0.0, 30.5]","[0, 45056, 0]","[0.0, 0.0, 0.0, 103.0, 330.0, 0, 0]",label014A,static candidate resolved; inspect caller and type-specific rules
solo-story-ep1/q020-bb-j,Episode1,0,9,30,npc,20,0,"[-147.0000457763672, 0.0, -7.996537208557129]","[0, 26880, 0]","[0.0, 0.0, 0.0, 1013.0, 70.0, 0, 0]",,free-play script target; quest linkage not inferred
solo-story-ep1/q021-bb-e,Episode1,0,1,30,npc,10,0,"[42.464447021484375, 0.0, 43.569305419921875]","[0, 38912, 0]","[0.0, 0.0, 0.0, 102.00004577636719, 320.0001220703125, 0, 0]",label0140,static candidate resolved; inspect caller and type-specific rules
solo-story-ep1/q021-bb-e,Episode1,0,2,30,npc,10,0,"[57.79998779296875, 0.0, 6.8699951171875]","[0, 45056, 0]","[0.0, 0.0, 0.0, 103.0, 330.0, 0, 0]",label014A,static candidate resolved; inspect caller and type-specific rules
solo-story-ep1/q021-bb-e,Episode1,0,8,30,npc,20,0,"[-147.0000457763672, 0.0, -7.996537208557129]","[0, 26880, 0]","[0.0, 0.0, 0.0, 1013.0, 70.0, 0, 0]",,free-play script target; quest linkage not inferred
solo-story-ep1/q021-bb-j,Episode1,0,1,30,npc,10,0,"[42.464447021484375, 0.0, 43.569305419921875]","[0, 38912, 0]","[0.0, 0.0, 0.0, 102.00004577636719, 320.0001220703125, 0, 0]",label0140,static candidate resolved; inspect caller and type-specific rules
solo-story-ep1/q021-bb-j,Episode1,0,2,30,npc,10,0,"[57.79998779296875, 0.0, 6.8699951171875]","[0, 45056, 0]","[0.0, 0.0, 0.0, 103.0, 330.0, 0, 0]",label014A,static candidate resolved; inspect caller and type-specific rules
solo-story-ep1/q021-bb-j,Episode1,0,8,30,npc,20,0,"[-147.0000457763672, 0.0, -7.996537208557129]","[0, 26880, 0]","[0.0, 0.0, 0.0, 1013.0, 70.0, 0, 0]",,free-play script target; quest linkage not inferred
solo-story-ep1/q022-bb-e,Episode1,0,4,30,npc,20,0,"[-147.0000457763672, 0.0, -7.996537208557129]","[0, 26880, 0]","[30.000009536743164, 0.0, 0.0, 1013.0010986328125, 70.00006103515625, 1, 0]",,free-play script target; quest linkage not inferred
solo-story-ep1/q022-bb-j,Episode1,0,4,30,npc,20,0,"[-147.0000457763672, 0.0, -7.996537208557129]","[0, 26880, 0]","[30.000009536743164, 0.0, 0.0, 1013.0010986328125, 70.00006103515625, 1, 0]",,free-play script target; quest linkage not inferred
solo-story-ep1/q023-bb-e,Episode1,0,7,30,npc,20,0,"[-147.0000457763672, 0.0, -7.996537208557129]","[0, 26880, 0]","[30.000009536743164, 0.0, 0.0, 1013.0010986328125, 70.00006103515625, 1, 0]",,free-play script target; quest linkage not inferred
solo-story-ep1/q023-bb-j,Episode1,0,7,30,npc,20,0,"[-147.0000457763672, 0.0, -7.996537208557129]","[0, 26880, 0]","[30.000009536743164, 0.0, 0.0, 1013.0010986328125, 70.00006103515625, 1, 0]",,free-play script target; quest linkage not inferred
solo-story-ep1/q024-bb-e,Episode1,0,6,30,npc,20,0,"[-147.0000457763672, 0.0, -7.996537208557129]","[0, 26880, 0]","[30.000009536743164, 0.0, 0.0, 1013.0010986328125, 70.00006103515625, 1, 0]",,free-play script target; quest linkage not inferred
solo-story-ep1/q024-bb-j,Episode1,0,6,30,npc,20,0,"[-147.0000457763672, 0.0, -7.996537208557129]","[0, 26880, 0]","[30.000009536743164, 0.0, 0.0, 1013.0010986328125, 70.00006103515625, 1, 0]",,free-play script target; quest linkage not inferred
solo-story-ep1/q025-bb-e,Episode1,0,7,30,npc,20,0,"[-147.0000457763672, 0.0, -7.996537208557129]","[0, 26880, 0]","[30.000009536743164, 0.0, 0.0, 1013.0010986328125, 70.00006103515625, 1, 0]",,free-play script target; quest linkage not inferred
solo-story-ep1/q025-bb-j,Episode1,0,7,30,npc,20,0,"[-147.0000457763672, 0.0, -7.996537208557129]","[0, 26880, 0]","[30.000009536743164, 0.0, 0.0, 1013.0010986328125, 70.00006103515625, 1, 0]",,free-play script target; quest linkage not inferred
solo-story-ep1/q026-bb-e,Episode1,0,6,30,npc,20,0,"[-147.0000457763672, 0.0, -7.996537208557129]","[0, 26880, 0]","[30.000009536743164, 0.0, 0.0, 1013.0010986328125, 70.00006103515625, 1, 0]",,free-play script target; quest linkage not inferred
solo-story-ep1/q026-bb-j,Episode1,0,6,30,npc,20,0,"[-147.0000457763672, 0.0, -7.996537208557129]","[0, 26880, 0]","[30.000009536743164, 0.0, 0.0, 1013.0010986328125, 70.00006103515625, 1, 0]",,free-play script target; quest linkage not inferred
team-ep4/q709-bb-e,Episode4,0,7,30,npc,20,0,"[-147.0000457763672, 0.0, -7.996537208557129]","[0, 26880, 0]","[30.000009536743164, 0.0, 0.0, 141.0, 1141.0, 1, 0]",label0475,static candidate resolved; inspect caller and type-specific rules
team-ep4/q709-bb-e,Episode4,0,17,30,npc,41,0,"[25.0, 0.0, 45.0]","[0, 45056, 0]","[0.0, 0.0, 0.0, 134.0, 1134.0, 0, 0]",label046E,static candidate resolved; inspect caller and type-specific rules
team-ep4/q709-bb-e,Episode4,0,18,30,npc,41,0,"[-25.0, 0.0, 45.0]","[0, 20480, 0]","[0.0, 0.0, 0.0, 133.0, 1133.0, 0, 0]",label046D,static candidate resolved; inspect caller and type-specific rules
team-ep4/q709-bb-j,Episode4,0,7,30,npc,20,0,"[-147.0000457763672, 0.0, -7.996537208557129]","[0, 26880, 0]","[30.000009536743164, 0.0, 0.0, 141.0, 1141.0, 1, 0]",label0475,static candidate resolved; inspect caller and type-specific rules
team-ep4/q709-bb-j,Episode4,0,17,30,npc,41,0,"[25.0, 0.0, 45.0]","[0, 45056, 0]","[0.0, 0.0, 0.0, 134.0, 1134.0, 0, 0]",label046E,static candidate resolved; inspect caller and type-specific rules
team-ep4/q709-bb-j,Episode4,0,18,30,npc,41,0,"[-25.0, 0.0, 45.0]","[0, 20480, 0]","[0.0, 0.0, 0.0, 133.0, 1133.0, 0, 0]",label046D,static candidate resolved; inspect caller and type-specific rules
team-ep4/q710-bb-e,Episode4,0,7,30,npc,0,0,"[-147.0000457763672, 0.0, -7.996537208557129]","[0, 26880, 0]","[30.000009536743164, 0.0, 0.0, 141.0, 1141.0, 1, 0]",label0475,static candidate resolved; inspect caller and type-specific rules
team-ep4/q710-bb-e,Episode4,0,17,30,npc,0,0,"[25.0, 0.0, -1955.0]","[0, 45056, 0]","[0.0, 0.0, 0.0, 134.0, 1134.0, 0, 0]",label046E,static candidate resolved; inspect caller and type-specific rules
team-ep4/q710-bb-e,Episode4,0,18,30,npc,0,0,"[-25.0, 0.0, -1955.0]","[0, 20480, 0]","[0.0, 0.0, 0.0, 133.0, 1133.0, 0, 0]",label046D,static candidate resolved; inspect caller and type-specific rules
team-ep4/q710-bb-j,Episode4,0,7,30,npc,0,0,"[-147.0000457763672, 0.0, -7.996537208557129]","[0, 26880, 0]","[30.000009536743164, 0.0, 0.0, 141.0, 1141.0, 1, 0]",label0475,static candidate resolved; inspect caller and type-specific rules
team-ep4/q710-bb-j,Episode4,0,17,30,npc,0,0,"[25.0, 0.0, -1955.0]","[0, 45056, 0]","[0.0, 0.0, 0.0, 134.0, 1134.0, 0, 0]",label046E,static candidate resolved; inspect caller and type-specific rules
team-ep4/q710-bb-j,Episode4,0,18,30,npc,0,0,"[-25.0, 0.0, -1955.0]","[0, 20480, 0]","[0.0, 0.0, 0.0, 133.0, 1133.0, 0, 0]",label046D,static candidate resolved; inspect caller and type-specific rules
vr-ep1/q65-bb-e,Episode1,0,8,30,npc,20,0,"[-147.0000457763672, 0.0, -7.996537208557129]","[0, 26880, 0]","[30.000009536743164, 0.0, 0.0, 1013.0010986328125, 70.00006103515625, 1, 0]",,free-play script target; quest linkage not inferred
vr-ep1/q65-bb-e,Episode1,0,17,30,npc,41,0,"[-48.00035858154297, 0.0, 0.0003662109375]","[0, 16384, 0]","[0.0, 0.0, 0.0, 1003.0010986328125, 30.000015258789062, 0, 0]",,free-play script target; quest linkage not inferred
vr-ep1/q65-bb-e,Episode1,0,18,30,npc,41,0,"[-34.300350189208984, 0.0, 28.660400390625]","[0, 22784, 0]","[0.0, 0.0, 0.0, 1004.0010986328125, 50.000022888183594, 0, 0]",,free-play script target; quest linkage not inferred
vr-ep1/q65-bb-j,Episode1,0,8,30,npc,20,0,"[-147.0000457763672, 0.0, -7.996537208557129]","[0, 26880, 0]","[30.000009536743164, 0.0, 0.0, 1013.0010986328125, 70.00006103515625, 1, 0]",,free-play script target; quest linkage not inferred
vr-ep1/q65-bb-j,Episode1,0,17,30,npc,41,0,"[-48.00035858154297, 0.0, 0.0003662109375]","[0, 16384, 0]","[0.0, 0.0, 0.0, 1003.0010986328125, 30.000015258789062, 0, 0]",,free-play script target; quest linkage not inferred
vr-ep1/q65-bb-j,Episode1,0,18,30,npc,41,0,"[-34.300350189208984, 0.0, 28.660400390625]","[0, 22784, 0]","[0.0, 0.0, 0.0, 1004.0010986328125, 50.000022888183594, 0, 0]",,free-play script target; quest linkage not inferred
vr-ep1/q72-bb-e,Episode1,0,9,30,npc,20,0,"[-147.0000457763672, 0.0, -7.996537208557129]","[0, 26880, 0]","[30.000009536743164, 0.0, 0.0, 1013.0010986328125, 70.00006103515625, 1, 0]",,free-play script target; quest linkage not inferred
vr-ep1/q72-bb-e,Episode1,0,21,30,npc,41,0,"[-48.00035858154297, 0.0, 0.0003662109375]","[0, 16384, 0]","[0.0, 0.0, 0.0, 1003.0010986328125, 30.000015258789062, 0, 0]",,free-play script target; quest linkage not inferred
vr-ep1/q72-bb-e,Episode1,0,22,30,npc,41,0,"[-34.300350189208984, 0.0, 28.660400390625]","[0, 22784, 0]","[0.0, 0.0, 0.0, 1004.0010986328125, 50.000022888183594, 0, 0]",,free-play script target; quest linkage not inferred
vr-ep1/q72-bb-j,Episode1,0,9,30,npc,20,0,"[-147.0000457763672, 0.0, -7.996537208557129]","[0, 26880, 0]","[30.000009536743164, 0.0, 0.0, 1013.0010986328125, 70.00006103515625, 1, 0]",,free-play script target; quest linkage not inferred
vr-ep1/q72-bb-j,Episode1,0,21,30,npc,41,0,"[-48.00035858154297, 0.0, 0.0003662109375]","[0, 16384, 0]","[0.0, 0.0, 0.0, 1003.0010986328125, 30.000015258789062, 0, 0]",,free-play script target; quest linkage not inferred
vr-ep1/q72-bb-j,Episode1,0,22,30,npc,41,0,"[-34.300350189208984, 0.0, 28.660400390625]","[0, 22784, 0]","[0.0, 0.0, 0.0, 1004.0010986328125, 50.000022888183594, 0, 0]",,free-play script target; quest linkage not inferred
vr-ep1/q78-bb-e,Episode1,0,9,30,npc,20,0,"[-147.0000457763672, 0.0, -7.996537208557129]","[0, 26880, 0]","[30.000009536743164, 0.0, 0.0, 1013.0010986328125, 70.00006103515625, 1, 0]",,free-play script target; quest linkage not inferred
vr-ep1/q78-bb-e,Episode1,0,21,30,npc,41,0,"[-48.00035858154297, 0.0, 0.0003662109375]","[0, 16384, 0]","[0.0, 0.0, 0.0, 1003.0010986328125, 30.000015258789062, 0, 0]",,free-play script target; quest linkage not inferred
vr-ep1/q78-bb-e,Episode1,0,22,30,npc,41,0,"[-34.300350189208984, 0.0, 28.660400390625]","[0, 22784, 0]","[0.0, 0.0, 0.0, 1004.0010986328125, 50.000022888183594, 0, 0]",,free-play script target; quest linkage not inferred
vr-ep1/q78-bb-j,Episode1,0,9,30,npc,20,0,"[-147.0000457763672, 0.0, -7.996537208557129]","[0, 26880, 0]","[30.000009536743164, 0.0, 0.0, 1013.0010986328125, 70.00006103515625, 1, 0]",,free-play script target; quest linkage not inferred
vr-ep1/q78-bb-j,Episode1,0,21,30,npc,41,0,"[-48.00035858154297, 0.0, 0.0003662109375]","[0, 16384, 0]","[0.0, 0.0, 0.0, 1003.0010986328125, 30.000015258789062, 0, 0]",,free-play script target; quest linkage not inferred
vr-ep1/q78-bb-j,Episode1,0,22,30,npc,41,0,"[-34.300350189208984, 0.0, 28.660400390625]","[0, 22784, 0]","[0.0, 0.0, 0.0, 1004.0010986328125, 50.000022888183594, 0, 0]",,free-play script target; quest linkage not inferred
vr-ep1/q90-bb-e,Episode1,0,9,30,npc,20,0,"[-147.0000457763672, 0.0, -7.996537208557129]","[0, 26880, 0]","[30.000009536743164, 0.0, 0.0, 1013.0010986328125, 70.00006103515625, 1, 0]",,free-play script target; quest linkage not inferred
vr-ep1/q90-bb-j,Episode1,0,9,30,npc,20,0,"[-147.0000457763672, 0.0, -7.996537208557129]","[0, 26880, 0]","[30.000009536743164, 0.0, 0.0, 1013.0010986328125, 70.00006103515625, 1, 0]",,free-play script target; quest linkage not inferred
vr-ep1/q94-bb-e,Episode1,0,8,30,npc,20,0,"[-147.0000457763672, 0.0, -7.996537208557129]","[0, 26880, 0]","[30.000009536743164, 0.0, 0.0, 1013.0010986328125, 70.00006103515625, 1, 0]",,free-play script target; quest linkage not inferred
vr-ep1/q94-bb-e,Episode1,0,20,30,npc,41,0,"[-48.00035858154297, 0.0, 0.0003662109375]","[0, 16384, 0]","[0.0, 0.0, 0.0, 1003.0010986328125, 30.000015258789062, 0, 0]",,free-play script target; quest linkage not inferred
vr-ep1/q94-bb-e,Episode1,0,21,30,npc,41,0,"[-34.300350189208984, 0.0, 28.660400390625]","[0, 22784, 0]","[0.0, 0.0, 0.0, 1004.0010986328125, 50.000022888183594, 0, 0]",,free-play script target; quest linkage not inferred
vr-ep1/q94-bb-j,Episode1,0,8,30,npc,20,0,"[-147.0000457763672, 0.0, -7.996537208557129]","[0, 26880, 0]","[30.000009536743164, 0.0, 0.0, 1013.0010986328125, 70.00006103515625, 1, 0]",,free-play script target; quest linkage not inferred
vr-ep1/q94-bb-j,Episode1,0,20,30,npc,41,0,"[-48.00035858154297, 0.0, 0.0003662109375]","[0, 16384, 0]","[0.0, 0.0, 0.0, 1003.0010986328125, 30.000015258789062, 0, 0]",,free-play script target; quest linkage not inferred
vr-ep1/q94-bb-j,Episode1,0,21,30,npc,41,0,"[-34.300350189208984, 0.0, 28.660400390625]","[0, 22784, 0]","[0.0, 0.0, 0.0, 1004.0010986328125, 50.000022888183594, 0, 0]",,free-play script target; quest linkage not inferred
vr-ep1/q114-bb-e,Episode1,0,9,30,npc,20,0,"[-147.0000457763672, 0.0, -7.996537208557129]","[0, 26880, 0]","[30.000009536743164, 0.0, 0.0, 1013.0010986328125, 70.00006103515625, 1, 0]",,free-play script target; quest linkage not inferred
vr-ep1/q114-bb-j,Episode1,0,9,30,npc,20,0,"[-147.0000457763672, 0.0, -7.996537208557129]","[0, 26880, 0]","[30.000009536743164, 0.0, 0.0, 1013.0010986328125, 70.00006103515625, 1, 0]",,free-play script target; quest linkage not inferred
vr-ep1/q118-bb-e,Episode1,0,8,30,npc,20,0,"[-147.0000457763672, 0.0, -7.996537208557129]","[0, 26880, 0]","[30.000009536743164, 0.0, 0.0, 1013.0010986328125, 70.00006103515625, 1, 0]",,free-play script target; quest linkage not inferred
vr-ep1/q118-bb-j,Episode1,0,8,30,npc,20,0,"[-147.0000457763672, 0.0, -7.996537208557129]","[0, 26880, 0]","[30.000009536743164, 0.0, 0.0, 1013.0010986328125, 70.00006103515625, 1, 0]",,free-play script target; quest linkage not inferred
vr-ep1/q136-bb-e,Episode1,0,8,30,npc,20,0,"[-147.0000457763672, 0.0, -7.996537208557129]","[0, 26880, 0]","[30.000009536743164, 0.0, 0.0, 1013.0010986328125, 70.00006103515625, 1, 0]",,free-play script target; quest linkage not inferred
vr-ep1/q136-bb-e,Episode1,0,19,30,npc,41,0,"[-48.00035858154297, 0.0, 0.0003662109375]","[0, 16384, 0]","[0.0, 0.0, 0.0, 1003.0010986328125, 30.000015258789062, 0, 0]",,free-play script target; quest linkage not inferred
vr-ep1/q136-bb-e,Episode1,0,20,30,npc,41,0,"[-34.300350189208984, 0.0, 28.660400390625]","[0, 22784, 0]","[0.0, 0.0, 0.0, 1004.0010986328125, 50.000022888183594, 0, 0]",,free-play script target; quest linkage not inferred
vr-ep1/q136-bb-j,Episode1,0,8,30,npc,20,0,"[-147.0000457763672, 0.0, -7.996537208557129]","[0, 26880, 0]","[30.000009536743164, 0.0, 0.0, 1013.0010986328125, 70.00006103515625, 1, 0]",,free-play script target; quest linkage not inferred
vr-ep1/q136-bb-j,Episode1,0,19,30,npc,41,0,"[-48.00035858154297, 0.0, 0.0003662109375]","[0, 16384, 0]","[0.0, 0.0, 0.0, 1003.0010986328125, 30.000015258789062, 0, 0]",,free-play script target; quest linkage not inferred
vr-ep1/q136-bb-j,Episode1,0,20,30,npc,41,0,"[-34.300350189208984, 0.0, 28.660400390625]","[0, 22784, 0]","[0.0, 0.0, 0.0, 1004.0010986328125, 50.000022888183594, 0, 0]",,free-play script target; quest linkage not inferred
vr-ep1/q139-bb-e,Episode1,0,7,30,npc,20,0,"[-147.0000457763672, 0.0, -7.996537208557129]","[0, 26880, 0]","[30.000009536743164, 0.0, 0.0, 1013.0010986328125, 70.00006103515625, 1, 0]",,free-play script target; quest linkage not inferred
vr-ep1/q139-bb-j,Episode1,0,7,30,npc,20,0,"[-147.0000457763672, 0.0, -7.996537208557129]","[0, 26880, 0]","[30.000009536743164, 0.0, 0.0, 1013.0010986328125, 70.00006103515625, 1, 0]",,free-play script target; quest linkage not inferred
vr-ep1/q141-bb-e,Episode1,0,6,30,npc,20,0,"[-147.0000457763672, 0.0, -7.996537208557129]","[0, 26880, 0]","[30.000009536743164, 0.0, 0.0, 1013.0010986328125, 70.00006103515625, 1, 0]",,free-play script target; quest linkage not inferred
vr-ep1/q141-bb-e,Episode1,0,16,30,npc,41,0,"[-48.0, 0.0, 0.0]","[0, 16384, 0]","[0.0, 0.0, 0.0, 113.0, 113.0, 0, 0]",label0071,static candidate resolved; inspect caller and type-specific rules
vr-ep1/q141-bb-e,Episode1,0,17,30,npc,41,0,"[-34.300350189208984, 0.0, 28.660400390625]","[0, 22784, 0]","[0.0, 0.0, 0.0, 114.0, 114.0, 0, 0]",label0072,static candidate resolved; inspect caller and type-specific rules
vr-ep1/q141-bb-j,Episode1,0,6,30,npc,20,0,"[-147.0000457763672, 0.0, -7.996537208557129]","[0, 26880, 0]","[30.000009536743164, 0.0, 0.0, 1013.0010986328125, 70.00006103515625, 1, 0]",,free-play script target; quest linkage not inferred
vr-ep1/q141-bb-j,Episode1,0,16,30,npc,41,0,"[-48.0, 0.0, 0.0]","[0, 16384, 0]","[0.0, 0.0, 0.0, 113.0, 113.0, 0, 0]",label0071,static candidate resolved; inspect caller and type-specific rules
vr-ep1/q141-bb-j,Episode1,0,17,30,npc,41,0,"[-34.300350189208984, 0.0, 28.660400390625]","[0, 22784, 0]","[0.0, 0.0, 0.0, 114.0, 114.0, 0, 0]",label0072,static candidate resolved; inspect caller and type-specific rules
vr-ep4/q313-bb-e,Episode4,0,6,30,npc,20,0,"[-147.0000457763672, 0.0, -7.996537208557129]","[0, 26880, 0]","[30.000009536743164, 0.0, 0.0, 1013.0, 70.0, 1, 0]",,free-play script target; quest linkage not inferred
vr-ep4/q313-bb-j,Episode4,0,6,30,npc,20,0,"[-147.0000457763672, 0.0, -7.996537208557129]","[0, 26880, 0]","[30.000009536743164, 0.0, 0.0, 1013.0, 70.0, 1, 0]",,free-play script target; quest linkage not inferred
vr-ep4/q991-bb-e,Episode4,0,5,30,npc,20,0,"[-147.0000457763672, 0.0, -7.996537208557129]","[0, 26880, 0]","[30.000009536743164, 0.0, 0.0, 140.0, 1140.0, 1, 0]",label0474,static candidate resolved; inspect caller and type-specific rules
vr-ep4/q991-bb-e,Episode4,0,15,30,npc,41,0,"[25.0, 0.0, 45.0]","[0, 45056, 0]","[0.0, 0.0, 0.0, 133.0, 1133.0, 0, 0]",label046D,static candidate resolved; inspect caller and type-specific rules
vr-ep4/q991-bb-e,Episode4,0,16,30,npc,41,0,"[-25.0, 0.0, 45.0]","[0, 20480, 0]","[0.0, 0.0, 0.0, 132.0, 1132.0, 0, 0]",label046C,static candidate resolved; inspect caller and type-specific rules
