quest_key,episode,floor,index,type,kind,room,wave,position,angles,params,handler_label,handler_status
Test/q37-bb-e,Episode1,2,38,51,npc,13,0,"[96.43509674072266, 20.0, -81.37478637695312]","[4, 48904, 0]","[0.0, 1.0, 0.0, 200.0, 152.0, 0, 0]",,not a standard NPC interaction
Test/q37-bb-e,Episode1,2,241,51,npc,3,0,"[94.473876953125, 57.0, -93.05644226074219]","[11, 0, 0]","[0.0, 0.0, 0.0, 400.0, 156.0, 1, 0]",,not a standard NPC interaction
Test/q37-bb-j,Episode1,2,38,51,npc,13,0,"[96.43509674072266, 20.0, -81.37478637695312]","[4, 48904, 0]","[0.0, 1.0, 0.0, 200.0, 152.0, 0, 0]",,not a standard NPC interaction
Test/q37-bb-j,Episode1,2,241,51,npc,3,0,"[94.473876953125, 57.0, -93.05644226074219]","[11, 0, 0]","[0.0, 0.0, 0.0, 400.0, 156.0, 1, 0]",,not a standard NPC interaction
events-ep1/q28-bb-e,Episode1,8,0,51,npc,70,0,"[-34.2904052734375, -15.0, 100.44329833984375]","[6, -9727, 0]","[0.0, 0.0, 100.0, 901.0, 901.0, 0, 0]",,not a standard NPC interaction
events-ep1/q28-bb-e,Episode1,8,1,51,npc,70,0,"[-40.8172607421875, -14.071661949157715, 64.6337890625]","[6, -12287, 0]","[0.0, 0.0, 100.0, 902.0, 902.0, 0, 0]",,not a standard NPC interaction
events-ep1/q28-bb-e,Episode1,8,2,51,npc,70,0,"[-47.42010498046875, -6.1164374351501465, 32.50457763671875]","[6, -12287, 0]","[0.0, 0.0, 100.0, 903.0, 903.0, 0, 0]",,not a standard NPC interaction
events-ep1/q28-bb-e,Episode1,8,3,51,npc,70,0,"[-59.778564453125, 6.3320231437683105, -2.5443115234375]","[6, -12287, 0]","[0.0, 0.0, 100.0, 904.0, 904.0, 0, 0]",,not a standard NPC interaction
events-ep1/q28-bb-e,Episode1,8,4,51,npc,70,0,"[-64.98846435546875, -15.0, 120.0062255859375]","[6, 20481, 0]","[0.0, 0.0, 100.0, 911.0, 911.0, 0, 0]",,not a standard NPC interaction
events-ep1/q28-bb-e,Episode1,8,5,51,npc,70,0,"[-99.34527587890625, -10.387048721313477, 102.5494384765625]","[6, 20481, 0]","[0.0, 0.0, 100.0, 912.0, 912.0, 0, 0]",,not a standard NPC interaction
events-ep1/q28-bb-e,Episode1,8,6,51,npc,70,0,"[-128.76763916015625, -1.9312248229980469, 87.72235107421875]","[6, 20481, 0]","[0.0, 0.0, 100.0, 913.0, 913.0, 0, 0]",,not a standard NPC interaction
events-ep1/q28-bb-e,Episode1,8,7,51,npc,70,0,"[-157.5042724609375, 9.053728103637695, 74.07513427734375]","[6, 20481, 0]","[0.0, 0.0, 100.0, 914.0, 914.0, 0, 0]",,not a standard NPC interaction
events-ep1/q28-bb-e,Episode1,8,8,51,npc,70,0,"[-206.22088623046875, -30.0, 360.93994140625]","[3, 24577, 0]","[0.0, 0.0, 100.0, 921.0, 921.0, 0, 0]",,not a standard NPC interaction
events-ep1/q28-bb-j,Episode1,8,0,51,npc,70,0,"[-34.2904052734375, -15.0, 100.44329833984375]","[6, -9727, 0]","[0.0, 0.0, 100.0, 901.0, 901.0, 0, 0]",,not a standard NPC interaction
events-ep1/q28-bb-j,Episode1,8,1,51,npc,70,0,"[-40.8172607421875, -14.071661949157715, 64.6337890625]","[6, -12287, 0]","[0.0, 0.0, 100.0, 902.0, 902.0, 0, 0]",,not a standard NPC interaction
events-ep1/q28-bb-j,Episode1,8,2,51,npc,70,0,"[-47.42010498046875, -6.1164374351501465, 32.50457763671875]","[6, -12287, 0]","[0.0, 0.0, 100.0, 903.0, 903.0, 0, 0]",,not a standard NPC interaction
events-ep1/q28-bb-j,Episode1,8,3,51,npc,70,0,"[-59.778564453125, 6.3320231437683105, -2.5443115234375]","[6, -12287, 0]","[0.0, 0.0, 100.0, 904.0, 904.0, 0, 0]",,not a standard NPC interaction
events-ep1/q28-bb-j,Episode1,8,4,51,npc,70,0,"[-64.98846435546875, -15.0, 120.0062255859375]","[6, 20481, 0]","[0.0, 0.0, 100.0, 911.0, 911.0, 0, 0]",,not a standard NPC interaction
events-ep1/q28-bb-j,Episode1,8,5,51,npc,70,0,"[-99.34527587890625, -10.387048721313477, 102.5494384765625]","[6, 20481, 0]","[0.0, 0.0, 100.0, 912.0, 912.0, 0, 0]",,not a standard NPC interaction
events-ep1/q28-bb-j,Episode1,8,6,51,npc,70,0,"[-128.76763916015625, -1.9312248229980469, 87.72235107421875]","[6, 20481, 0]","[0.0, 0.0, 100.0, 913.0, 913.0, 0, 0]",,not a standard NPC interaction
events-ep1/q28-bb-j,Episode1,8,7,51,npc,70,0,"[-157.5042724609375, 9.053728103637695, 74.07513427734375]","[6, 20481, 0]","[0.0, 0.0, 100.0, 914.0, 914.0, 0, 0]",,not a standard NPC interaction
events-ep1/q28-bb-j,Episode1,8,8,51,npc,70,0,"[-206.22088623046875, -30.0, 360.93994140625]","[3, 24577, 0]","[0.0, 0.0, 100.0, 921.0, 921.0, 0, 0]",,not a standard NPC interaction
events-ep1/q93-bb-e,Episode1,1,51,51,npc,2,0,"[30.0, 43.0, -55.0]","[10, 53248, 0]","[0.0, 224.0, 0.0, 224.0, 1200.0, 0, 0]",,not a standard NPC interaction
events-ep1/q93-bb-e,Episode1,1,54,51,npc,2,0,"[30.0, 37.20000076293945, -55.0]","[10, 53248, 0]","[0.0, 225.0, 226.0, 225.0, 1201.0, 0, 0]",,not a standard NPC interaction
events-ep1/q93-bb-j,Episode1,1,51,51,npc,2,0,"[30.0, 43.0, -55.0]","[10, 53248, 0]","[0.0, 224.0, 0.0, 224.0, 1200.0, 0, 0]",,not a standard NPC interaction
events-ep1/q93-bb-j,Episode1,1,54,51,npc,2,0,"[30.0, 37.20000076293945, -55.0]","[10, 53248, 0]","[0.0, 225.0, 226.0, 225.0, 1201.0, 0, 0]",,not a standard NPC interaction
events-ep1/q127-bb-e,Episode1,2,0,51,npc,3,0,"[-36.0, 89.62623596191406, -84.45001220703125]","[5, 8192, 0]","[0.0, 0.0, 0.0, 301.0, 2301.0, 0, 0]",,not a standard NPC interaction
events-ep1/q127-bb-e,Episode1,2,1,51,npc,3,0,"[9.922286987304688, 59.243896484375, -77.24481201171875]","[4, 8192, 0]","[0.0, 0.0, 0.0, 302.0, 2302.0, 0, 0]",,not a standard NPC interaction
events-ep1/q127-bb-e,Episode1,2,2,51,npc,3,0,"[-24.449996948242188, 61.21242904663086, -45.1551513671875]","[4, 8192, 0]","[0.0, 0.0, 0.0, 303.0, 2303.0, 0, 0]",,not a standard NPC interaction
events-ep1/q127-bb-e,Episode1,2,4,51,npc,5,0,"[112.04501342773438, 38.459999084472656, -58.771148681640625]","[13, -12288, 0]","[0.0, 0.0, 0.0, 2214.0, 214.0, 0, 0]",,not a standard NPC interaction
events-ep1/q127-bb-e,Episode1,2,5,51,npc,5,0,"[90.93002319335938, 34.79986572265625, 85.42045593261719]","[4, 40960, 0]","[0.0, 0.0, 0.0, 2213.0, 213.0, 0, 0]",,not a standard NPC interaction
events-ep1/q127-bb-e,Episode1,2,6,51,npc,5,0,"[76.57000732421875, 34.97198486328125, 96.27657318115234]","[4, 36864, 0]","[0.0, 0.0, 0.0, 2212.0, 212.0, 0, 0]",,not a standard NPC interaction
events-ep1/q127-bb-e,Episode1,2,8,51,npc,6,0,"[-36.832183837890625, 51.581260681152344, -47.4300537109375]","[5, 32768, 0]","[0.0, 0.0, 0.0, 2215.0, 215.0, 0, 0]",,not a standard NPC interaction
events-ep1/q127-bb-e,Episode1,2,9,51,npc,6,0,"[-48.853240966796875, 54.24375915527344, -52.50885009765625]","[4, 32768, 0]","[0.0, 0.0, 0.0, 2215.0, 215.0, 0, 0]",,not a standard NPC interaction
events-ep1/q127-bb-e,Episode1,2,10,51,npc,6,0,"[-4.7611846923828125, 28.916584014892578, -71.58090209960938]","[3, 32768, 0]","[0.0, 0.0, 0.0, 2215.0, 215.0, 0, 0]",,not a standard NPC interaction
events-ep1/q127-bb-e,Episode1,2,11,51,npc,7,0,"[-191.39825439453125, 21.281824111938477, -44.561187744140625]","[4, 16384, 0]","[0.0, 0.0, 0.0, 2216.0, 216.0, 0, 0]",,not a standard NPC interaction
events-ep1/q127-bb-e,Episode1,2,12,51,npc,7,0,"[-183.2048797607422, 21.281824111938477, -59.84757995605469]","[4, 12288, 0]","[0.0, 0.0, 0.0, 2217.0, 217.0, 0, 0]",,not a standard NPC interaction
events-ep1/q127-bb-e,Episode1,2,13,51,npc,7,0,"[-173.180908203125, 21.281824111938477, -69.97586059570312]","[4, 4096, 0]","[0.0, 0.0, 0.0, 2218.0, 218.0, 0, 0]",,not a standard NPC interaction
events-ep1/q127-bb-e,Episode1,2,14,51,npc,9,0,"[16.220001220703125, 26.64508819580078, 54.8707275390625]","[1, 12288, 3]","[0.0, 0.0, 0.0, 0.0, 0.0, 0, 0]",,not a standard NPC interaction
events-ep1/q127-bb-e,Episode1,2,15,51,npc,9,0,"[10.760009765625, 25.925106048583984, 79.5064697265625]","[1, 20480, 3]","[0.0, 0.0, 0.0, 0.0, 0.0, 0, 0]",,not a standard NPC interaction
events-ep1/q127-bb-e,Episode1,2,16,51,npc,9,0,"[20.55999755859375, 24.903684616088867, 104.36947631835938]","[1, 24576, 3]","[0.0, 0.0, 0.0, 0.0, 0.0, 0, 0]",,not a standard NPC interaction
events-ep1/q127-bb-e,Episode1,2,17,51,npc,10,0,"[143.928955078125, 17.658031463623047, -40.735939025878906]","[4, -20480, 0]","[0.0, 0.0, 0.0, 2208.0, 208.0, 0, 0]",,not a standard NPC interaction
events-ep1/q127-bb-e,Episode1,2,18,51,npc,10,0,"[119.79522705078125, 18.26385498046875, -27.732177734375]","[4, -28672, 0]","[0.0, 0.0, 0.0, 2208.0, 208.0, 0, 0]",,not a standard NPC interaction
events-ep1/q127-bb-e,Episode1,2,19,51,npc,14,0,"[114.6240234375, 18.74441909790039, -42.97509765625]","[8, 49152, 0]","[0.0, 0.0, 0.0, 0.0, 0.0, 0, 0]",,not a standard NPC interaction
events-ep1/q127-bb-e,Episode1,2,20,51,npc,14,0,"[106.10511779785156, 18.74441909790039, -18.018524169921875]","[8, 49152, 0]","[0.0, 0.0, 0.0, 0.0, 0.0, 0, 0]",,not a standard NPC interaction
events-ep1/q127-bb-e,Episode1,2,21,51,npc,14,0,"[123.12940979003906, 18.74441909790039, -69.27517700195312]","[8, 49152, 0]","[0.0, 0.0, 0.0, 0.0, 0.0, 0, 0]",,not a standard NPC interaction
events-ep1/q127-bb-e,Episode1,2,22,51,npc,14,0,"[-91.79556274414062, 18.610698699951172, 35.93170166015625]","[4, 40960, 0]","[0.0, 0.0, 0.0, 0.0, 0.0, 0, 0]",,not a standard NPC interaction
events-ep1/q127-bb-e,Episode1,2,23,51,npc,14,0,"[-82.68698120117188, 18.338092803955078, 4.51544189453125]","[4, 57344, 0]","[0.0, 0.0, 0.0, 0.0, 0.0, 0, 0]",,not a standard NPC interaction
events-ep1/q127-bb-e,Episode1,2,24,51,npc,14,0,"[123.51179504394531, 17.988828659057617, -167.31515502929688]","[12, 53248, 0]","[0.0, 0.0, 0.0, 0.0, 0.0, 0, 0]",,not a standard NPC interaction
events-ep1/q127-bb-j,Episode1,2,0,51,npc,3,0,"[-36.0, 89.62623596191406, -84.45001220703125]","[5, 8192, 0]","[0.0, 0.0, 0.0, 301.0, 2301.0, 0, 0]",,not a standard NPC interaction
events-ep1/q127-bb-j,Episode1,2,1,51,npc,3,0,"[9.922286987304688, 59.243896484375, -77.24481201171875]","[4, 8192, 0]","[0.0, 0.0, 0.0, 302.0, 2302.0, 0, 0]",,not a standard NPC interaction
events-ep1/q127-bb-j,Episode1,2,2,51,npc,3,0,"[-24.449996948242188, 61.21242904663086, -45.1551513671875]","[4, 8192, 0]","[0.0, 0.0, 0.0, 303.0, 2303.0, 0, 0]",,not a standard NPC interaction
events-ep1/q127-bb-j,Episode1,2,4,51,npc,5,0,"[112.04501342773438, 38.459999084472656, -58.771148681640625]","[13, -12288, 0]","[0.0, 0.0, 0.0, 2214.0, 214.0, 0, 0]",,not a standard NPC interaction
events-ep1/q127-bb-j,Episode1,2,5,51,npc,5,0,"[90.93002319335938, 34.79986572265625, 85.42045593261719]","[4, 40960, 0]","[0.0, 0.0, 0.0, 2213.0, 213.0, 0, 0]",,not a standard NPC interaction
events-ep1/q127-bb-j,Episode1,2,6,51,npc,5,0,"[76.57000732421875, 34.97198486328125, 96.27657318115234]","[4, 36864, 0]","[0.0, 0.0, 0.0, 2212.0, 212.0, 0, 0]",,not a standard NPC interaction
events-ep1/q127-bb-j,Episode1,2,8,51,npc,6,0,"[-36.832183837890625, 51.581260681152344, -47.4300537109375]","[5, 32768, 0]","[0.0, 0.0, 0.0, 2215.0, 215.0, 0, 0]",,not a standard NPC interaction
events-ep1/q127-bb-j,Episode1,2,9,51,npc,6,0,"[-48.853240966796875, 54.24375915527344, -52.50885009765625]","[4, 32768, 0]","[0.0, 0.0, 0.0, 2215.0, 215.0, 0, 0]",,not a standard NPC interaction
events-ep1/q127-bb-j,Episode1,2,10,51,npc,6,0,"[-4.7611846923828125, 28.916584014892578, -71.58090209960938]","[3, 32768, 0]","[0.0, 0.0, 0.0, 2215.0, 215.0, 0, 0]",,not a standard NPC interaction
events-ep1/q127-bb-j,Episode1,2,11,51,npc,7,0,"[-191.39825439453125, 21.281824111938477, -44.561187744140625]","[4, 16384, 0]","[0.0, 0.0, 0.0, 2216.0, 216.0, 0, 0]",,not a standard NPC interaction
events-ep1/q127-bb-j,Episode1,2,12,51,npc,7,0,"[-183.2048797607422, 21.281824111938477, -59.84757995605469]","[4, 12288, 0]","[0.0, 0.0, 0.0, 2217.0, 217.0, 0, 0]",,not a standard NPC interaction
events-ep1/q127-bb-j,Episode1,2,13,51,npc,7,0,"[-173.180908203125, 21.281824111938477, -69.97586059570312]","[4, 4096, 0]","[0.0, 0.0, 0.0, 2218.0, 218.0, 0, 0]",,not a standard NPC interaction
events-ep1/q127-bb-j,Episode1,2,14,51,npc,9,0,"[16.220001220703125, 26.64508819580078, 54.8707275390625]","[1, 12288, 3]","[0.0, 0.0, 0.0, 0.0, 0.0, 0, 0]",,not a standard NPC interaction
events-ep1/q127-bb-j,Episode1,2,15,51,npc,9,0,"[10.760009765625, 25.925106048583984, 79.5064697265625]","[1, 20480, 3]","[0.0, 0.0, 0.0, 0.0, 0.0, 0, 0]",,not a standard NPC interaction
events-ep1/q127-bb-j,Episode1,2,16,51,npc,9,0,"[20.55999755859375, 24.903684616088867, 104.36947631835938]","[1, 24576, 3]","[0.0, 0.0, 0.0, 0.0, 0.0, 0, 0]",,not a standard NPC interaction
events-ep1/q127-bb-j,Episode1,2,17,51,npc,10,0,"[143.928955078125, 17.658031463623047, -40.735939025878906]","[4, -20480, 0]","[0.0, 0.0, 0.0, 2208.0, 208.0, 0, 0]",,not a standard NPC interaction
events-ep1/q127-bb-j,Episode1,2,18,51,npc,10,0,"[119.79522705078125, 18.26385498046875, -27.732177734375]","[4, -28672, 0]","[0.0, 0.0, 0.0, 2208.0, 208.0, 0, 0]",,not a standard NPC interaction
events-ep1/q127-bb-j,Episode1,2,19,51,npc,14,0,"[114.6240234375, 18.74441909790039, -42.97509765625]","[8, 49152, 0]","[0.0, 0.0, 0.0, 0.0, 0.0, 0, 0]",,not a standard NPC interaction
events-ep1/q127-bb-j,Episode1,2,20,51,npc,14,0,"[106.10511779785156, 18.74441909790039, -18.018524169921875]","[8, 49152, 0]","[0.0, 0.0, 0.0, 0.0, 0.0, 0, 0]",,not a standard NPC interaction
events-ep1/q127-bb-j,Episode1,2,21,51,npc,14,0,"[123.12940979003906, 18.74441909790039, -69.27517700195312]","[8, 49152, 0]","[0.0, 0.0, 0.0, 0.0, 0.0, 0, 0]",,not a standard NPC interaction
events-ep1/q127-bb-j,Episode1,2,22,51,npc,14,0,"[-91.79556274414062, 18.610698699951172, 35.93170166015625]","[4, 40960, 0]","[0.0, 0.0, 0.0, 0.0, 0.0, 0, 0]",,not a standard NPC interaction
events-ep1/q127-bb-j,Episode1,2,23,51,npc,14,0,"[-82.68698120117188, 18.338092803955078, 4.51544189453125]","[4, 57344, 0]","[0.0, 0.0, 0.0, 0.0, 0.0, 0, 0]",,not a standard NPC interaction
events-ep1/q127-bb-j,Episode1,2,24,51,npc,14,0,"[123.51179504394531, 17.988828659057617, -167.31515502929688]","[12, 53248, 0]","[0.0, 0.0, 0.0, 0.0, 0.0, 0, 0]",,not a standard NPC interaction
events-ep2/q239-bb-e,Episode2,5,0,51,npc,4,3,"[-23.662506103515625, -0.0001430511474609375, -210.115966796875]","[0, 36864, 0]","[0.0, 0.0, 0.0, 332.0, 332.0, 0, 0]",,not a standard NPC interaction
events-ep2/q239-bb-e,Episode2,5,1,51,npc,4,3,"[-56.279998779296875, 23.670000076293945, -60.260009765625]","[1, 36864, 0]","[0.0, 0.0, 0.0, 338.0, 338.0, 0, 0]",,not a standard NPC interaction
events-ep2/q239-bb-e,Episode2,5,2,51,npc,4,3,"[-41.3525390625, -0.00016117095947265625, -185.59292602539062]","[0, 36864, 0]","[0.0, 0.0, 0.0, 333.0, 333.0, 0, 0]",,not a standard NPC interaction
events-ep2/q239-bb-e,Episode2,5,3,51,npc,4,3,"[-75.92593383789062, -0.0001697540283203125, -138.82440185546875]","[0, 36864, 0]","[0.0, 0.0, 0.0, 0.0, 0.0, 0, 0]",,not a standard NPC interaction
events-ep2/q239-bb-e,Episode2,5,4,51,npc,4,3,"[-66.99224853515625, -0.0001697540283203125, -141.50823974609375]","[0, 36864, 0]","[0.0, 0.0, 0.0, 0.0, 0.0, 0, 0]",,not a standard NPC interaction
events-ep2/q239-bb-e,Episode2,5,5,51,npc,4,3,"[6.212188720703125, 16.012331008911133, -129.1400146484375]","[0, 36864, 0]","[0.0, 0.0, 0.0, 0.0, 0.0, 0, 0]",,not a standard NPC interaction
events-ep2/q239-bb-e,Episode2,5,6,51,npc,4,3,"[9.120574951171875, -0.0001430511474609375, -181.14105224609375]","[0, 36864, 0]","[0.0, 0.0, 0.0, 335.0, 335.0, 0, 0]",,not a standard NPC interaction
events-ep2/q239-bb-e,Episode2,5,7,51,npc,4,3,"[-35.206512451171875, -0.0001430511474609375, -99.00201416015625]","[0, 36864, 0]","[0.0, 0.0, 0.0, 337.0, 337.0, 0, 0]",,not a standard NPC interaction
events-ep2/q239-bb-e,Episode2,5,8,51,npc,4,3,"[-24.857696533203125, -0.0001430511474609375, -141.19110107421875]","[0, 36864, 0]","[0.0, 0.0, 0.0, 336.0, 336.0, 0, 0]",,not a standard NPC interaction
events-ep2/q239-bb-e,Episode2,5,9,51,npc,4,3,"[-100.35000610351562, 0.0, -166.93002319335938]","[0, 36864, 0]","[0.0, 0.0, 0.0, 334.0, 334.0, 0, 0]",,not a standard NPC interaction
events-ep2/q239-bb-e,Episode2,5,10,51,npc,4,3,"[-90.85159301757812, -0.0001430511474609375, -89.51434326171875]","[0, 36864, 0]","[0.0, 0.0, 0.0, 0.0, 0.0, 0, 0]",,not a standard NPC interaction
events-ep2/q239-bb-e,Episode2,5,11,51,npc,4,3,"[0.44256591796875, -0.0001430511474609375, -92.87225341796875]","[0, 36864, 0]","[0.0, 0.0, 0.0, 0.0, 0.0, 0, 0]",,not a standard NPC interaction
events-ep2/q239-bb-e,Episode2,5,13,51,npc,4,3,"[41.019989013671875, -0.00015211105346679688, -219.96002197265625]","[0, 45056, 0]","[0.0, 0.0, 0.0, 0.0, 0.0, 0, 0]",,not a standard NPC interaction
events-ep2/q239-bb-e,Episode2,5,14,51,npc,4,3,"[87.643310546875, 1.5286331176757812, -169.16189575195312]","[0, 45056, 0]","[0.0, 0.0, 0.0, 0.0, 0.0, 0, 0]",,not a standard NPC interaction
events-ep2/q239-bb-e,Episode2,5,15,51,npc,4,3,"[113.528564453125, 6.705568313598633, -231.50128173828125]","[0, 45056, 0]","[0.0, 0.0, 0.0, 0.0, 0.0, 0, 0]",,not a standard NPC interaction
events-ep2/q239-bb-e,Episode2,5,16,51,npc,4,3,"[145.8211669921875, 13.16408920288086, -204.35003662109375]","[0, 49152, 0]","[0.0, 0.0, 0.0, 0.0, 0.0, 0, 0]",,not a standard NPC interaction
events-ep2/q239-bb-e,Episode2,5,17,51,npc,4,4,"[1.30999755859375, 0.0, -153.23004150390625]","[3, 36864, 0]","[0.0, 0.0, 0.0, 0.0, 0.0, 0, 0]",,not a standard NPC interaction
events-ep2/q239-bb-e,Episode2,5,18,51,npc,4,4,"[-66.10836791992188, -0.0001697540283203125, -162.21295166015625]","[3, 36864, 0]","[0.0, 0.0, 0.0, 0.0, 0.0, 0, 0]",,not a standard NPC interaction
events-ep2/q239-bb-e,Episode2,5,19,51,npc,4,4,"[-63.540008544921875, 0.0, -96.25]","[2, 36864, 0]","[0.0, 0.0, 0.0, 0.0, 0.0, 0, 0]",,not a standard NPC interaction
events-ep2/q239-bb-e,Episode2,5,20,51,npc,4,4,"[43.6356201171875, 0.0, -46.1014404296875]","[4, 40960, 0]","[2.0, 0.0, 0.0, 0.0, 0.0, 0, 0]",,not a standard NPC interaction
events-ep2/q239-bb-e,Episode2,5,21,51,npc,4,4,"[11.489990234375, 0.0, -212.75]","[2, 36864, 0]","[0.0, 0.0, 0.0, 0.0, 0.0, 0, 0]",,not a standard NPC interaction
events-ep2/q239-bb-e,Episode2,5,22,51,npc,4,4,"[20.69378662109375, -0.0001430511474609375, -218.62713623046875]","[2, 36864, 0]","[2.0, 0.0, 0.0, 0.0, 0.0, 1, 0]",,not a standard NPC interaction
events-ep2/q239-bb-e,Episode2,5,23,51,npc,4,4,"[-125.0880126953125, -0.00017070770263671875, -128.4576416015625]","[4, 36864, 0]","[2.0, 0.0, 0.0, 0.0, 0.0, 0, 0]",,not a standard NPC interaction
events-ep2/q239-bb-e,Episode2,5,24,51,npc,4,4,"[164.7242431640625, 16.944740295410156, -157.61163330078125]","[3, 45056, 0]","[0.0, 0.0, 0.0, 0.0, 0.0, 0, 0]",,not a standard NPC interaction
events-ep2/q239-bb-e,Episode2,5,25,51,npc,4,4,"[192.27838134765625, 22.455425262451172, -177.611083984375]","[4, 45056, 0]","[0.0, 0.0, 0.0, 0.0, 0.0, 0, 0]",,not a standard NPC interaction
events-ep2/q239-bb-e,Episode2,5,26,51,npc,4,4,"[212.601806640625, 26.520427703857422, -156.98187255859375]","[2, 45056, 0]","[0.0, 0.0, 0.0, 0.0, 0.0, 0, 0]",,not a standard NPC interaction
events-ep2/q239-bb-e,Episode2,5,27,51,npc,4,4,"[206.42156982421875, 25.284183502197266, -216.91571044921875]","[2, 49152, 0]","[0.0, 0.0, 0.0, 0.0, 0.0, 0, 0]",,not a standard NPC interaction
events-ep2/q239-bb-e,Episode2,5,28,51,npc,4,1,"[-49.8900146484375, -0.0001430511474609375, -225.82000732421875]","[0, 36864, 0]","[0.0, 0.0, 0.0, 330.0, 330.0, 0, 0]",,not a standard NPC interaction
events-ep2/q239-bb-e,Episode2,5,29,51,npc,4,2,"[-62.46002197265625, 0.0, -207.68002319335938]","[0, 36864, 0]","[0.0, 0.0, 0.0, 331.0, 331.0, 0, 0]",,not a standard NPC interaction
events-ep2/q239-bb-e,Episode2,6,0,51,npc,4,3,"[-23.662506103515625, -0.0001430511474609375, -210.115966796875]","[0, 36864, 0]","[0.0, 0.0, 0.0, 332.0, 332.0, 0, 0]",,not a standard NPC interaction
events-ep2/q239-bb-e,Episode2,6,1,51,npc,4,3,"[-56.279998779296875, 23.670000076293945, -60.260009765625]","[1, 36864, 0]","[0.0, 0.0, 0.0, 338.0, 338.0, 0, 0]",,not a standard NPC interaction
events-ep2/q239-bb-e,Episode2,6,2,51,npc,4,3,"[-41.3525390625, -0.00016117095947265625, -185.59292602539062]","[0, 36864, 0]","[0.0, 0.0, 0.0, 333.0, 333.0, 0, 0]",,not a standard NPC interaction
events-ep2/q239-bb-e,Episode2,6,3,51,npc,4,3,"[-75.92593383789062, -0.0001697540283203125, -138.82440185546875]","[0, 36864, 0]","[0.0, 0.0, 0.0, 0.0, 0.0, 0, 0]",,not a standard NPC interaction
events-ep2/q239-bb-e,Episode2,6,4,51,npc,4,3,"[-66.99224853515625, -0.0001697540283203125, -141.50823974609375]","[0, 36864, 0]","[0.0, 0.0, 0.0, 0.0, 0.0, 0, 0]",,not a standard NPC interaction
events-ep2/q239-bb-e,Episode2,6,5,51,npc,4,3,"[6.212188720703125, 16.012331008911133, -129.1400146484375]","[0, 36864, 0]","[0.0, 0.0, 0.0, 0.0, 0.0, 0, 0]",,not a standard NPC interaction
events-ep2/q239-bb-e,Episode2,6,6,51,npc,4,3,"[9.120574951171875, -0.0001430511474609375, -181.14105224609375]","[0, 36864, 0]","[0.0, 0.0, 0.0, 335.0, 335.0, 0, 0]",,not a standard NPC interaction
events-ep2/q239-bb-e,Episode2,6,7,51,npc,4,3,"[-35.206512451171875, -0.0001430511474609375, -99.00201416015625]","[0, 36864, 0]","[0.0, 0.0, 0.0, 337.0, 337.0, 0, 0]",,not a standard NPC interaction
events-ep2/q239-bb-e,Episode2,6,8,51,npc,4,3,"[-24.857696533203125, -0.0001430511474609375, -141.19110107421875]","[0, 36864, 0]","[0.0, 0.0, 0.0, 336.0, 336.0, 0, 0]",,not a standard NPC interaction
events-ep2/q239-bb-e,Episode2,6,9,51,npc,4,3,"[-100.35000610351562, 0.0, -166.93002319335938]","[0, 36864, 0]","[0.0, 0.0, 0.0, 334.0, 334.0, 0, 0]",,not a standard NPC interaction
events-ep2/q239-bb-e,Episode2,6,10,51,npc,4,3,"[-90.85159301757812, -0.0001430511474609375, -89.51434326171875]","[0, 36864, 0]","[0.0, 0.0, 0.0, 0.0, 0.0, 0, 0]",,not a standard NPC interaction
events-ep2/q239-bb-e,Episode2,6,11,51,npc,4,3,"[0.44256591796875, -0.0001430511474609375, -92.87225341796875]","[0, 36864, 0]","[0.0, 0.0, 0.0, 0.0, 0.0, 0, 0]",,not a standard NPC interaction
events-ep2/q239-bb-e,Episode2,6,13,51,npc,4,3,"[41.019989013671875, -0.00015211105346679688, -219.96002197265625]","[0, 45056, 0]","[0.0, 0.0, 0.0, 0.0, 0.0, 0, 0]",,not a standard NPC interaction
events-ep2/q239-bb-e,Episode2,6,14,51,npc,4,3,"[87.643310546875, 1.5286331176757812, -169.16189575195312]","[0, 45056, 0]","[0.0, 0.0, 0.0, 0.0, 0.0, 0, 0]",,not a standard NPC interaction
events-ep2/q239-bb-e,Episode2,6,15,51,npc,4,3,"[113.528564453125, 6.705568313598633, -231.50128173828125]","[0, 45056, 0]","[0.0, 0.0, 0.0, 0.0, 0.0, 0, 0]",,not a standard NPC interaction
events-ep2/q239-bb-e,Episode2,6,16,51,npc,4,3,"[145.8211669921875, 13.16408920288086, -204.35003662109375]","[0, 49152, 0]","[0.0, 0.0, 0.0, 0.0, 0.0, 0, 0]",,not a standard NPC interaction
events-ep2/q239-bb-e,Episode2,6,17,51,npc,4,4,"[1.30999755859375, 0.0, -153.23004150390625]","[3, 36864, 0]","[0.0, 0.0, 0.0, 0.0, 0.0, 0, 0]",,not a standard NPC interaction
events-ep2/q239-bb-e,Episode2,6,18,51,npc,4,4,"[-66.10836791992188, -0.0001697540283203125, -162.21295166015625]","[3, 36864, 0]","[0.0, 0.0, 0.0, 0.0, 0.0, 0, 0]",,not a standard NPC interaction
events-ep2/q239-bb-e,Episode2,6,19,51,npc,4,4,"[-63.540008544921875, 0.0, -96.25]","[2, 36864, 0]","[0.0, 0.0, 0.0, 0.0, 0.0, 0, 0]",,not a standard NPC interaction
events-ep2/q239-bb-e,Episode2,6,20,51,npc,4,4,"[43.6356201171875, 0.0, -46.1014404296875]","[4, 40960, 0]","[2.0, 0.0, 0.0, 0.0, 0.0, 0, 0]",,not a standard NPC interaction
events-ep2/q239-bb-e,Episode2,6,21,51,npc,4,4,"[11.489990234375, 0.0, -212.75]","[2, 36864, 0]","[0.0, 0.0, 0.0, 0.0, 0.0, 0, 0]",,not a standard NPC interaction
events-ep2/q239-bb-e,Episode2,6,22,51,npc,4,4,"[20.69378662109375, -0.0001430511474609375, -218.62713623046875]","[2, 36864, 0]","[2.0, 0.0, 0.0, 0.0, 0.0, 1, 0]",,not a standard NPC interaction
events-ep2/q239-bb-e,Episode2,6,23,51,npc,4,4,"[-125.0880126953125, -0.00017070770263671875, -128.4576416015625]","[4, 36864, 0]","[2.0, 0.0, 0.0, 0.0, 0.0, 0, 0]",,not a standard NPC interaction
events-ep2/q239-bb-e,Episode2,6,24,51,npc,4,4,"[164.7242431640625, 16.944740295410156, -157.61163330078125]","[3, 45056, 0]","[0.0, 0.0, 0.0, 0.0, 0.0, 0, 0]",,not a standard NPC interaction
events-ep2/q239-bb-e,Episode2,6,25,51,npc,4,4,"[192.27838134765625, 22.455425262451172, -177.611083984375]","[4, 45056, 0]","[0.0, 0.0, 0.0, 0.0, 0.0, 0, 0]",,not a standard NPC interaction
events-ep2/q239-bb-e,Episode2,6,26,51,npc,4,4,"[212.601806640625, 26.520427703857422, -156.98187255859375]","[2, 45056, 0]","[0.0, 0.0, 0.0, 0.0, 0.0, 0, 0]",,not a standard NPC interaction
events-ep2/q239-bb-e,Episode2,6,27,51,npc,4,4,"[206.42156982421875, 25.284183502197266, -216.91571044921875]","[2, 49152, 0]","[0.0, 0.0, 0.0, 0.0, 0.0, 0, 0]",,not a standard NPC interaction
events-ep2/q239-bb-e,Episode2,6,28,51,npc,4,1,"[-49.8900146484375, -0.0001430511474609375, -225.82000732421875]","[0, 36864, 0]","[0.0, 0.0, 0.0, 330.0, 330.0, 0, 0]",,not a standard NPC interaction
events-ep2/q239-bb-e,Episode2,6,29,51,npc,4,2,"[-62.46002197265625, 0.0, -207.68002319335938]","[0, 36864, 0]","[0.0, 0.0, 0.0, 331.0, 331.0, 0, 0]",,not a standard NPC interaction
events-ep2/q239-bb-e,Episode2,7,0,51,npc,4,3,"[-23.662506103515625, -0.0001430511474609375, -210.115966796875]","[0, 36864, 0]","[0.0, 0.0, 0.0, 332.0, 332.0, 0, 0]",,not a standard NPC interaction
events-ep2/q239-bb-e,Episode2,7,1,51,npc,4,3,"[-56.279998779296875, 23.670000076293945, -60.260009765625]","[1, 36864, 0]","[0.0, 0.0, 0.0, 338.0, 338.0, 0, 0]",,not a standard NPC interaction
events-ep2/q239-bb-e,Episode2,7,2,51,npc,4,3,"[-41.3525390625, -0.00016117095947265625, -185.59292602539062]","[0, 36864, 0]","[0.0, 0.0, 0.0, 333.0, 333.0, 0, 0]",,not a standard NPC interaction
events-ep2/q239-bb-e,Episode2,7,3,51,npc,4,3,"[-75.92593383789062, -0.0001697540283203125, -138.82440185546875]","[0, 36864, 0]","[0.0, 0.0, 0.0, 0.0, 0.0, 0, 0]",,not a standard NPC interaction
events-ep2/q239-bb-e,Episode2,7,4,51,npc,4,3,"[-66.99224853515625, -0.0001697540283203125, -141.50823974609375]","[0, 36864, 0]","[0.0, 0.0, 0.0, 0.0, 0.0, 0, 0]",,not a standard NPC interaction
events-ep2/q239-bb-e,Episode2,7,5,51,npc,4,3,"[6.212188720703125, 16.012331008911133, -129.1400146484375]","[0, 36864, 0]","[0.0, 0.0, 0.0, 0.0, 0.0, 0, 0]",,not a standard NPC interaction
events-ep2/q239-bb-e,Episode2,7,6,51,npc,4,3,"[9.120574951171875, -0.0001430511474609375, -181.14105224609375]","[0, 36864, 0]","[0.0, 0.0, 0.0, 335.0, 335.0, 0, 0]",,not a standard NPC interaction
events-ep2/q239-bb-e,Episode2,7,7,51,npc,4,3,"[-35.206512451171875, -0.0001430511474609375, -99.00201416015625]","[0, 36864, 0]","[0.0, 0.0, 0.0, 337.0, 337.0, 0, 0]",,not a standard NPC interaction
events-ep2/q239-bb-e,Episode2,7,8,51,npc,4,3,"[-24.857696533203125, -0.0001430511474609375, -141.19110107421875]","[0, 36864, 0]","[0.0, 0.0, 0.0, 336.0, 336.0, 0, 0]",,not a standard NPC interaction
events-ep2/q239-bb-e,Episode2,7,9,51,npc,4,3,"[-100.35000610351562, 0.0, -166.93002319335938]","[0, 36864, 0]","[0.0, 0.0, 0.0, 334.0, 334.0, 0, 0]",,not a standard NPC interaction
events-ep2/q239-bb-e,Episode2,7,10,51,npc,4,3,"[-90.85159301757812, -0.0001430511474609375, -89.51434326171875]","[0, 36864, 0]","[0.0, 0.0, 0.0, 0.0, 0.0, 0, 0]",,not a standard NPC interaction
events-ep2/q239-bb-e,Episode2,7,11,51,npc,4,3,"[0.44256591796875, -0.0001430511474609375, -92.87225341796875]","[0, 36864, 0]","[0.0, 0.0, 0.0, 0.0, 0.0, 0, 0]",,not a standard NPC interaction
events-ep2/q239-bb-e,Episode2,7,13,51,npc,4,3,"[41.019989013671875, -0.00015211105346679688, -219.96002197265625]","[0, 45056, 0]","[0.0, 0.0, 0.0, 0.0, 0.0, 0, 0]",,not a standard NPC interaction
events-ep2/q239-bb-e,Episode2,7,14,51,npc,4,3,"[87.643310546875, 1.5286331176757812, -169.16189575195312]","[0, 45056, 0]","[0.0, 0.0, 0.0, 0.0, 0.0, 0, 0]",,not a standard NPC interaction
events-ep2/q239-bb-e,Episode2,7,15,51,npc,4,3,"[113.528564453125, 6.705568313598633, -231.50128173828125]","[0, 45056, 0]","[0.0, 0.0, 0.0, 0.0, 0.0, 0, 0]",,not a standard NPC interaction
events-ep2/q239-bb-e,Episode2,7,16,51,npc,4,3,"[145.8211669921875, 13.16408920288086, -204.35003662109375]","[0, 49152, 0]","[0.0, 0.0, 0.0, 0.0, 0.0, 0, 0]",,not a standard NPC interaction
events-ep2/q239-bb-e,Episode2,7,17,51,npc,4,4,"[1.30999755859375, 0.0, -153.23004150390625]","[3, 36864, 0]","[0.0, 0.0, 0.0, 0.0, 0.0, 0, 0]",,not a standard NPC interaction
events-ep2/q239-bb-e,Episode2,7,18,51,npc,4,4,"[-66.10836791992188, -0.0001697540283203125, -162.21295166015625]","[3, 36864, 0]","[0.0, 0.0, 0.0, 0.0, 0.0, 0, 0]",,not a standard NPC interaction
events-ep2/q239-bb-e,Episode2,7,19,51,npc,4,4,"[-63.540008544921875, 0.0, -96.25]","[2, 36864, 0]","[0.0, 0.0, 0.0, 0.0, 0.0, 0, 0]",,not a standard NPC interaction
events-ep2/q239-bb-e,Episode2,7,20,51,npc,4,4,"[43.6356201171875, 0.0, -46.1014404296875]","[4, 40960, 0]","[2.0, 0.0, 0.0, 0.0, 0.0, 0, 0]",,not a standard NPC interaction
events-ep2/q239-bb-e,Episode2,7,21,51,npc,4,4,"[11.489990234375, 0.0, -212.75]","[2, 36864, 0]","[0.0, 0.0, 0.0, 0.0, 0.0, 0, 0]",,not a standard NPC interaction
events-ep2/q239-bb-e,Episode2,7,22,51,npc,4,4,"[20.69378662109375, -0.0001430511474609375, -218.62713623046875]","[2, 36864, 0]","[2.0, 0.0, 0.0, 0.0, 0.0, 1, 0]",,not a standard NPC interaction
events-ep2/q239-bb-e,Episode2,7,23,51,npc,4,4,"[-125.0880126953125, -0.00017070770263671875, -128.4576416015625]","[4, 36864, 0]","[2.0, 0.0, 0.0, 0.0, 0.0, 0, 0]",,not a standard NPC interaction
events-ep2/q239-bb-e,Episode2,7,24,51,npc,4,4,"[164.7242431640625, 16.944740295410156, -157.61163330078125]","[3, 45056, 0]","[0.0, 0.0, 0.0, 0.0, 0.0, 0, 0]",,not a standard NPC interaction
events-ep2/q239-bb-e,Episode2,7,25,51,npc,4,4,"[192.27838134765625, 22.455425262451172, -177.611083984375]","[4, 45056, 0]","[0.0, 0.0, 0.0, 0.0, 0.0, 0, 0]",,not a standard NPC interaction
events-ep2/q239-bb-e,Episode2,7,26,51,npc,4,4,"[212.601806640625, 26.520427703857422, -156.98187255859375]","[2, 45056, 0]","[0.0, 0.0, 0.0, 0.0, 0.0, 0, 0]",,not a standard NPC interaction
events-ep2/q239-bb-e,Episode2,7,27,51,npc,4,4,"[206.42156982421875, 25.284183502197266, -216.91571044921875]","[2, 49152, 0]","[0.0, 0.0, 0.0, 0.0, 0.0, 0, 0]",,not a standard NPC interaction
events-ep2/q239-bb-e,Episode2,7,28,51,npc,4,1,"[-49.8900146484375, -0.0001430511474609375, -225.82000732421875]","[0, 36864, 0]","[0.0, 0.0, 0.0, 330.0, 330.0, 0, 0]",,not a standard NPC interaction
events-ep2/q239-bb-e,Episode2,7,29,51,npc,4,2,"[-62.46002197265625, 0.0, -207.68002319335938]","[0, 36864, 0]","[0.0, 0.0, 0.0, 331.0, 331.0, 0, 0]",,not a standard NPC interaction
events-ep2/q239-bb-e,Episode2,8,0,51,npc,4,3,"[-23.662506103515625, -0.0001430511474609375, -210.115966796875]","[0, 36864, 0]","[0.0, 0.0, 0.0, 332.0, 332.0, 0, 0]",,not a standard NPC interaction
events-ep2/q239-bb-e,Episode2,8,1,51,npc,4,3,"[-56.279998779296875, 23.670000076293945, -60.260009765625]","[1, 36864, 0]","[0.0, 0.0, 0.0, 338.0, 338.0, 0, 0]",,not a standard NPC interaction
events-ep2/q239-bb-e,Episode2,8,2,51,npc,4,3,"[-41.3525390625, -0.00016117095947265625, -185.59292602539062]","[0, 36864, 0]","[0.0, 0.0, 0.0, 333.0, 333.0, 0, 0]",,not a standard NPC interaction
events-ep2/q239-bb-e,Episode2,8,3,51,npc,4,3,"[-75.92593383789062, -0.0001697540283203125, -138.82440185546875]","[0, 36864, 0]","[0.0, 0.0, 0.0, 0.0, 0.0, 0, 0]",,not a standard NPC interaction
events-ep2/q239-bb-e,Episode2,8,4,51,npc,4,3,"[-66.99224853515625, -0.0001697540283203125, -141.50823974609375]","[0, 36864, 0]","[0.0, 0.0, 0.0, 0.0, 0.0, 0, 0]",,not a standard NPC interaction
events-ep2/q239-bb-e,Episode2,8,5,51,npc,4,3,"[6.212188720703125, 16.012331008911133, -129.1400146484375]","[0, 36864, 0]","[0.0, 0.0, 0.0, 0.0, 0.0, 0, 0]",,not a standard NPC interaction
events-ep2/q239-bb-e,Episode2,8,6,51,npc,4,3,"[9.120574951171875, -0.0001430511474609375, -181.14105224609375]","[0, 36864, 0]","[0.0, 0.0, 0.0, 335.0, 335.0, 0, 0]",,not a standard NPC interaction
events-ep2/q239-bb-e,Episode2,8,7,51,npc,4,3,"[-35.206512451171875, -0.0001430511474609375, -99.00201416015625]","[0, 36864, 0]","[0.0, 0.0, 0.0, 337.0, 337.0, 0, 0]",,not a standard NPC interaction
events-ep2/q239-bb-e,Episode2,8,8,51,npc,4,3,"[-24.857696533203125, -0.0001430511474609375, -141.19110107421875]","[0, 36864, 0]","[0.0, 0.0, 0.0, 336.0, 336.0, 0, 0]",,not a standard NPC interaction
events-ep2/q239-bb-e,Episode2,8,9,51,npc,4,3,"[-100.35000610351562, 0.0, -166.93002319335938]","[0, 36864, 0]","[0.0, 0.0, 0.0, 334.0, 334.0, 0, 0]",,not a standard NPC interaction
events-ep2/q239-bb-e,Episode2,8,10,51,npc,4,3,"[-90.85159301757812, -0.0001430511474609375, -89.51434326171875]","[0, 36864, 0]","[0.0, 0.0, 0.0, 0.0, 0.0, 0, 0]",,not a standard NPC interaction
events-ep2/q239-bb-e,Episode2,8,11,51,npc,4,3,"[0.44256591796875, -0.0001430511474609375, -92.87225341796875]","[0, 36864, 0]","[0.0, 0.0, 0.0, 0.0, 0.0, 0, 0]",,not a standard NPC interaction
events-ep2/q239-bb-e,Episode2,8,13,51,npc,4,3,"[41.019989013671875, -0.00015211105346679688, -219.96002197265625]","[0, 45056, 0]","[0.0, 0.0, 0.0, 0.0, 0.0, 0, 0]",,not a standard NPC interaction
events-ep2/q239-bb-e,Episode2,8,14,51,npc,4,3,"[87.643310546875, 1.5286331176757812, -169.16189575195312]","[0, 45056, 0]","[0.0, 0.0, 0.0, 0.0, 0.0, 0, 0]",,not a standard NPC interaction
events-ep2/q239-bb-e,Episode2,8,15,51,npc,4,3,"[113.528564453125, 6.705568313598633, -231.50128173828125]","[0, 45056, 0]","[0.0, 0.0, 0.0, 0.0, 0.0, 0, 0]",,not a standard NPC interaction
events-ep2/q239-bb-e,Episode2,8,16,51,npc,4,3,"[145.8211669921875, 13.16408920288086, -204.35003662109375]","[0, 49152, 0]","[0.0, 0.0, 0.0, 0.0, 0.0, 0, 0]",,not a standard NPC interaction
events-ep2/q239-bb-e,Episode2,8,17,51,npc,4,4,"[1.30999755859375, 0.0, -153.23004150390625]","[3, 36864, 0]","[0.0, 0.0, 0.0, 0.0, 0.0, 0, 0]",,not a standard NPC interaction
events-ep2/q239-bb-e,Episode2,8,18,51,npc,4,4,"[-66.10836791992188, -0.0001697540283203125, -162.21295166015625]","[3, 36864, 0]","[0.0, 0.0, 0.0, 0.0, 0.0, 0, 0]",,not a standard NPC interaction
events-ep2/q239-bb-e,Episode2,8,19,51,npc,4,4,"[-63.540008544921875, 0.0, -96.25]","[2, 36864, 0]","[0.0, 0.0, 0.0, 0.0, 0.0, 0, 0]",,not a standard NPC interaction
events-ep2/q239-bb-e,Episode2,8,20,51,npc,4,4,"[43.6356201171875, 0.0, -46.1014404296875]","[4, 40960, 0]","[2.0, 0.0, 0.0, 0.0, 0.0, 0, 0]",,not a standard NPC interaction
events-ep2/q239-bb-e,Episode2,8,21,51,npc,4,4,"[11.489990234375, 0.0, -212.75]","[2, 36864, 0]","[0.0, 0.0, 0.0, 0.0, 0.0, 0, 0]",,not a standard NPC interaction
events-ep2/q239-bb-e,Episode2,8,22,51,npc,4,4,"[20.69378662109375, -0.0001430511474609375, -218.62713623046875]","[2, 36864, 0]","[2.0, 0.0, 0.0, 0.0, 0.0, 1, 0]",,not a standard NPC interaction
events-ep2/q239-bb-e,Episode2,8,23,51,npc,4,4,"[-125.0880126953125, -0.00017070770263671875, -128.4576416015625]","[4, 36864, 0]","[2.0, 0.0, 0.0, 0.0, 0.0, 0, 0]",,not a standard NPC interaction
events-ep2/q239-bb-e,Episode2,8,24,51,npc,4,4,"[164.7242431640625, 16.944740295410156, -157.61163330078125]","[3, 45056, 0]","[0.0, 0.0, 0.0, 0.0, 0.0, 0, 0]",,not a standard NPC interaction
events-ep2/q239-bb-e,Episode2,8,25,51,npc,4,4,"[192.27838134765625, 22.455425262451172, -177.611083984375]","[4, 45056, 0]","[0.0, 0.0, 0.0, 0.0, 0.0, 0, 0]",,not a standard NPC interaction
events-ep2/q239-bb-e,Episode2,8,26,51,npc,4,4,"[212.601806640625, 26.520427703857422, -156.98187255859375]","[2, 45056, 0]","[0.0, 0.0, 0.0, 0.0, 0.0, 0, 0]",,not a standard NPC interaction
events-ep2/q239-bb-e,Episode2,8,27,51,npc,4,4,"[206.42156982421875, 25.284183502197266, -216.91571044921875]","[2, 49152, 0]","[0.0, 0.0, 0.0, 0.0, 0.0, 0, 0]",,not a standard NPC interaction
events-ep2/q239-bb-e,Episode2,8,28,51,npc,4,1,"[-49.8900146484375, -0.0001430511474609375, -225.82000732421875]","[0, 36864, 0]","[0.0, 0.0, 0.0, 330.0, 330.0, 0, 0]",,not a standard NPC interaction
events-ep2/q239-bb-e,Episode2,8,29,51,npc,4,2,"[-62.46002197265625, 0.0, -207.68002319335938]","[0, 36864, 0]","[0.0, 0.0, 0.0, 331.0, 331.0, 0, 0]",,not a standard NPC interaction
events-ep2/q239-bb-e,Episode2,16,0,51,npc,6,1,"[-17.719970703125, 17.799999237060547, -20.139984130859375]","[0, 65536, 0]","[0.0, 0.0, 0.0, 233.0, 233.0, 0, 0]",,not a standard NPC interaction
events-ep2/q239-bb-e,Episode2,16,1,51,npc,6,1,"[-11.52996826171875, 10.0, -3.579986572265625]","[0, 40960, 0]","[0.0, 0.0, 0.0, 235.0, 235.0, 0, 0]",,not a standard NPC interaction
events-ep2/q239-bb-e,Episode2,16,2,51,npc,6,1,"[-29.1300048828125, 10.0, -5.1099853515625]","[0, 24576, 0]","[0.0, 0.0, 0.0, 234.0, 234.0, 0, 0]",,not a standard NPC interaction
events-ep2/q239-bb-e,Episode2,16,3,51,npc,7,1,"[-9.614990234375, 3.1055283546447754, -153.14756774902344]","[0, 65536, 0]","[0.0, 0.0, 0.0, 232.0, 232.0, 0, 0]",,not a standard NPC interaction
events-ep2/q239-bb-e,Episode2,16,4,51,npc,9,1,"[-143.10546875, 10.0, 149.60826110839844]","[0, 24576, 0]","[0.0, 0.0, 0.0, 220.0, 220.0, 0, 0]",,not a standard NPC interaction
events-ep2/q239-bb-e,Episode2,16,5,51,npc,9,1,"[-139.25, 10.0, 2.839996337890625]","[0, 16384, 0]","[0.0, 0.0, 0.0, 221.0, 221.0, 0, 0]",,not a standard NPC interaction
events-ep2/q239-bb-e,Episode2,16,6,51,npc,9,1,"[81.4400634765625, 10.0, 154.02000427246094]","[0, 32768, 0]","[0.0, 0.0, 0.0, 226.0, 226.0, 0, 0]",,not a standard NPC interaction
events-ep2/q239-bb-e,Episode2,16,7,51,npc,9,1,"[84.4700927734375, 10.0, -93.42999267578125]","[0, 28672, 0]","[0.0, 0.0, 0.0, 225.0, 225.0, 0, 0]",,not a standard NPC interaction
events-ep2/q239-bb-e,Episode2,16,8,51,npc,9,1,"[94.010009765625, 26.989999771118164, -114.0]","[0, 53248, 0]","[0.0, 0.0, 0.0, 224.0, 224.0, 0, 0]",,not a standard NPC interaction
events-ep2/q239-bb-e,Episode2,16,9,51,npc,9,1,"[-28.50634765625, 10.0, -81.57858276367188]","[0, 57344, 0]","[0.0, 0.0, 0.0, 223.0, 223.0, 0, 0]",,not a standard NPC interaction
events-ep2/q239-bb-e,Episode2,16,10,51,npc,9,1,"[8.37158203125, 10.0, 38.13397216796875]","[0, 81920, 5]","[0.0, 0.0, 0.0, 222.0, 222.0, 0, 0]",,not a standard NPC interaction
events-ep2/q239-bb-e,Episode2,16,11,51,npc,11,1,"[33.510009765625, 10.0, 66.1500244140625]","[0, 32768, 0]","[0.0, 0.0, 0.0, 230.0, 230.0, 0, 0]",,not a standard NPC interaction
events-ep2/q239-bb-e,Episode2,16,12,51,npc,11,1,"[18.580078125, 10.0, 70.95001220703125]","[12, 32768, 0]","[0.0, 0.0, 0.0, 231.0, 231.0, 0, 0]",,not a standard NPC interaction
events-ep2/q239-bb-e,Episode2,16,13,51,npc,11,1,"[64.830078125, 10.0, -152.02996826171875]","[0, 53248, 7]","[0.0, 0.0, 0.0, 227.0, 227.0, 0, 0]",,not a standard NPC interaction
events-ep2/q239-bb-e,Episode2,16,14,51,npc,11,1,"[87.8900146484375, 10.0, -36.41998291015625]","[0, -20480, 0]","[0.0, 0.0, 0.0, 229.0, 229.0, 0, 0]",,not a standard NPC interaction
events-ep2/q239-bb-j,Episode2,5,0,51,npc,4,3,"[-23.662506103515625, -0.0001430511474609375, -210.115966796875]","[0, 36864, 0]","[0.0, 0.0, 0.0, 332.0, 332.0, 0, 0]",,not a standard NPC interaction
events-ep2/q239-bb-j,Episode2,5,1,51,npc,4,3,"[-56.279998779296875, 23.670000076293945, -60.260009765625]","[1, 36864, 0]","[0.0, 0.0, 0.0, 338.0, 338.0, 0, 0]",,not a standard NPC interaction
events-ep2/q239-bb-j,Episode2,5,2,51,npc,4,3,"[-41.3525390625, -0.00016117095947265625, -185.59292602539062]","[0, 36864, 0]","[0.0, 0.0, 0.0, 333.0, 333.0, 0, 0]",,not a standard NPC interaction
events-ep2/q239-bb-j,Episode2,5,3,51,npc,4,3,"[-75.92593383789062, -0.0001697540283203125, -138.82440185546875]","[0, 36864, 0]","[0.0, 0.0, 0.0, 0.0, 0.0, 0, 0]",,not a standard NPC interaction
events-ep2/q239-bb-j,Episode2,5,4,51,npc,4,3,"[-66.99224853515625, -0.0001697540283203125, -141.50823974609375]","[0, 36864, 0]","[0.0, 0.0, 0.0, 0.0, 0.0, 0, 0]",,not a standard NPC interaction
events-ep2/q239-bb-j,Episode2,5,5,51,npc,4,3,"[6.212188720703125, 16.012331008911133, -129.1400146484375]","[0, 36864, 0]","[0.0, 0.0, 0.0, 0.0, 0.0, 0, 0]",,not a standard NPC interaction
events-ep2/q239-bb-j,Episode2,5,6,51,npc,4,3,"[9.120574951171875, -0.0001430511474609375, -181.14105224609375]","[0, 36864, 0]","[0.0, 0.0, 0.0, 335.0, 335.0, 0, 0]",,not a standard NPC interaction
events-ep2/q239-bb-j,Episode2,5,7,51,npc,4,3,"[-35.206512451171875, -0.0001430511474609375, -99.00201416015625]","[0, 36864, 0]","[0.0, 0.0, 0.0, 337.0, 337.0, 0, 0]",,not a standard NPC interaction
events-ep2/q239-bb-j,Episode2,5,8,51,npc,4,3,"[-24.857696533203125, -0.0001430511474609375, -141.19110107421875]","[0, 36864, 0]","[0.0, 0.0, 0.0, 336.0, 336.0, 0, 0]",,not a standard NPC interaction
events-ep2/q239-bb-j,Episode2,5,9,51,npc,4,3,"[-100.35000610351562, 0.0, -166.93002319335938]","[0, 36864, 0]","[0.0, 0.0, 0.0, 334.0, 334.0, 0, 0]",,not a standard NPC interaction
events-ep2/q239-bb-j,Episode2,5,10,51,npc,4,3,"[-90.85159301757812, -0.0001430511474609375, -89.51434326171875]","[0, 36864, 0]","[0.0, 0.0, 0.0, 0.0, 0.0, 0, 0]",,not a standard NPC interaction
events-ep2/q239-bb-j,Episode2,5,11,51,npc,4,3,"[0.44256591796875, -0.0001430511474609375, -92.87225341796875]","[0, 36864, 0]","[0.0, 0.0, 0.0, 0.0, 0.0, 0, 0]",,not a standard NPC interaction
events-ep2/q239-bb-j,Episode2,5,13,51,npc,4,3,"[41.019989013671875, -0.00015211105346679688, -219.96002197265625]","[0, 45056, 0]","[0.0, 0.0, 0.0, 0.0, 0.0, 0, 0]",,not a standard NPC interaction
events-ep2/q239-bb-j,Episode2,5,14,51,npc,4,3,"[87.643310546875, 1.5286331176757812, -169.16189575195312]","[0, 45056, 0]","[0.0, 0.0, 0.0, 0.0, 0.0, 0, 0]",,not a standard NPC interaction
events-ep2/q239-bb-j,Episode2,5,15,51,npc,4,3,"[113.528564453125, 6.705568313598633, -231.50128173828125]","[0, 45056, 0]","[0.0, 0.0, 0.0, 0.0, 0.0, 0, 0]",,not a standard NPC interaction
events-ep2/q239-bb-j,Episode2,5,16,51,npc,4,3,"[145.8211669921875, 13.16408920288086, -204.35003662109375]","[0, 49152, 0]","[0.0, 0.0, 0.0, 0.0, 0.0, 0, 0]",,not a standard NPC interaction
events-ep2/q239-bb-j,Episode2,5,17,51,npc,4,4,"[1.30999755859375, 0.0, -153.23004150390625]","[3, 36864, 0]","[0.0, 0.0, 0.0, 0.0, 0.0, 0, 0]",,not a standard NPC interaction
events-ep2/q239-bb-j,Episode2,5,18,51,npc,4,4,"[-66.10836791992188, -0.0001697540283203125, -162.21295166015625]","[3, 36864, 0]","[0.0, 0.0, 0.0, 0.0, 0.0, 0, 0]",,not a standard NPC interaction
events-ep2/q239-bb-j,Episode2,5,19,51,npc,4,4,"[-63.540008544921875, 0.0, -96.25]","[2, 36864, 0]","[0.0, 0.0, 0.0, 0.0, 0.0, 0, 0]",,not a standard NPC interaction
events-ep2/q239-bb-j,Episode2,5,20,51,npc,4,4,"[43.6356201171875, 0.0, -46.1014404296875]","[4, 40960, 0]","[2.0, 0.0, 0.0, 0.0, 0.0, 0, 0]",,not a standard NPC interaction
events-ep2/q239-bb-j,Episode2,5,21,51,npc,4,4,"[11.489990234375, 0.0, -212.75]","[2, 36864, 0]","[0.0, 0.0, 0.0, 0.0, 0.0, 0, 0]",,not a standard NPC interaction
events-ep2/q239-bb-j,Episode2,5,22,51,npc,4,4,"[20.69378662109375, -0.0001430511474609375, -218.62713623046875]","[2, 36864, 0]","[2.0, 0.0, 0.0, 0.0, 0.0, 1, 0]",,not a standard NPC interaction
events-ep2/q239-bb-j,Episode2,5,23,51,npc,4,4,"[-125.0880126953125, -0.00017070770263671875, -128.4576416015625]","[4, 36864, 0]","[2.0, 0.0, 0.0, 0.0, 0.0, 0, 0]",,not a standard NPC interaction
events-ep2/q239-bb-j,Episode2,5,24,51,npc,4,4,"[164.7242431640625, 16.944740295410156, -157.61163330078125]","[3, 45056, 0]","[0.0, 0.0, 0.0, 0.0, 0.0, 0, 0]",,not a standard NPC interaction
events-ep2/q239-bb-j,Episode2,5,25,51,npc,4,4,"[192.27838134765625, 22.455425262451172, -177.611083984375]","[4, 45056, 0]","[0.0, 0.0, 0.0, 0.0, 0.0, 0, 0]",,not a standard NPC interaction
events-ep2/q239-bb-j,Episode2,5,26,51,npc,4,4,"[212.601806640625, 26.520427703857422, -156.98187255859375]","[2, 45056, 0]","[0.0, 0.0, 0.0, 0.0, 0.0, 0, 0]",,not a standard NPC interaction
events-ep2/q239-bb-j,Episode2,5,27,51,npc,4,4,"[206.42156982421875, 25.284183502197266, -216.91571044921875]","[2, 49152, 0]","[0.0, 0.0, 0.0, 0.0, 0.0, 0, 0]",,not a standard NPC interaction
events-ep2/q239-bb-j,Episode2,5,28,51,npc,4,1,"[-49.8900146484375, -0.0001430511474609375, -225.82000732421875]","[0, 36864, 0]","[0.0, 0.0, 0.0, 330.0, 330.0, 0, 0]",,not a standard NPC interaction
events-ep2/q239-bb-j,Episode2,5,29,51,npc,4,2,"[-62.46002197265625, 0.0, -207.68002319335938]","[0, 36864, 0]","[0.0, 0.0, 0.0, 331.0, 331.0, 0, 0]",,not a standard NPC interaction
events-ep2/q239-bb-j,Episode2,6,0,51,npc,4,3,"[-23.662506103515625, -0.0001430511474609375, -210.115966796875]","[0, 36864, 0]","[0.0, 0.0, 0.0, 332.0, 332.0, 0, 0]",,not a standard NPC interaction
events-ep2/q239-bb-j,Episode2,6,1,51,npc,4,3,"[-56.279998779296875, 23.670000076293945, -60.260009765625]","[1, 36864, 0]","[0.0, 0.0, 0.0, 338.0, 338.0, 0, 0]",,not a standard NPC interaction
events-ep2/q239-bb-j,Episode2,6,2,51,npc,4,3,"[-41.3525390625, -0.00016117095947265625, -185.59292602539062]","[0, 36864, 0]","[0.0, 0.0, 0.0, 333.0, 333.0, 0, 0]",,not a standard NPC interaction
events-ep2/q239-bb-j,Episode2,6,3,51,npc,4,3,"[-75.92593383789062, -0.0001697540283203125, -138.82440185546875]","[0, 36864, 0]","[0.0, 0.0, 0.0, 0.0, 0.0, 0, 0]",,not a standard NPC interaction
events-ep2/q239-bb-j,Episode2,6,4,51,npc,4,3,"[-66.99224853515625, -0.0001697540283203125, -141.50823974609375]","[0, 36864, 0]","[0.0, 0.0, 0.0, 0.0, 0.0, 0, 0]",,not a standard NPC interaction
events-ep2/q239-bb-j,Episode2,6,5,51,npc,4,3,"[6.212188720703125, 16.012331008911133, -129.1400146484375]","[0, 36864, 0]","[0.0, 0.0, 0.0, 0.0, 0.0, 0, 0]",,not a standard NPC interaction
events-ep2/q239-bb-j,Episode2,6,6,51,npc,4,3,"[9.120574951171875, -0.0001430511474609375, -181.14105224609375]","[0, 36864, 0]","[0.0, 0.0, 0.0, 335.0, 335.0, 0, 0]",,not a standard NPC interaction
events-ep2/q239-bb-j,Episode2,6,7,51,npc,4,3,"[-35.206512451171875, -0.0001430511474609375, -99.00201416015625]","[0, 36864, 0]","[0.0, 0.0, 0.0, 337.0, 337.0, 0, 0]",,not a standard NPC interaction
events-ep2/q239-bb-j,Episode2,6,8,51,npc,4,3,"[-24.857696533203125, -0.0001430511474609375, -141.19110107421875]","[0, 36864, 0]","[0.0, 0.0, 0.0, 336.0, 336.0, 0, 0]",,not a standard NPC interaction
events-ep2/q239-bb-j,Episode2,6,9,51,npc,4,3,"[-100.35000610351562, 0.0, -166.93002319335938]","[0, 36864, 0]","[0.0, 0.0, 0.0, 334.0, 334.0, 0, 0]",,not a standard NPC interaction
events-ep2/q239-bb-j,Episode2,6,10,51,npc,4,3,"[-90.85159301757812, -0.0001430511474609375, -89.51434326171875]","[0, 36864, 0]","[0.0, 0.0, 0.0, 0.0, 0.0, 0, 0]",,not a standard NPC interaction
events-ep2/q239-bb-j,Episode2,6,11,51,npc,4,3,"[0.44256591796875, -0.0001430511474609375, -92.87225341796875]","[0, 36864, 0]","[0.0, 0.0, 0.0, 0.0, 0.0, 0, 0]",,not a standard NPC interaction
events-ep2/q239-bb-j,Episode2,6,13,51,npc,4,3,"[41.019989013671875, -0.00015211105346679688, -219.96002197265625]","[0, 45056, 0]","[0.0, 0.0, 0.0, 0.0, 0.0, 0, 0]",,not a standard NPC interaction
events-ep2/q239-bb-j,Episode2,6,14,51,npc,4,3,"[87.643310546875, 1.5286331176757812, -169.16189575195312]","[0, 45056, 0]","[0.0, 0.0, 0.0, 0.0, 0.0, 0, 0]",,not a standard NPC interaction
events-ep2/q239-bb-j,Episode2,6,15,51,npc,4,3,"[113.528564453125, 6.705568313598633, -231.50128173828125]","[0, 45056, 0]","[0.0, 0.0, 0.0, 0.0, 0.0, 0, 0]",,not a standard NPC interaction
events-ep2/q239-bb-j,Episode2,6,16,51,npc,4,3,"[145.8211669921875, 13.16408920288086, -204.35003662109375]","[0, 49152, 0]","[0.0, 0.0, 0.0, 0.0, 0.0, 0, 0]",,not a standard NPC interaction
events-ep2/q239-bb-j,Episode2,6,17,51,npc,4,4,"[1.30999755859375, 0.0, -153.23004150390625]","[3, 36864, 0]","[0.0, 0.0, 0.0, 0.0, 0.0, 0, 0]",,not a standard NPC interaction
events-ep2/q239-bb-j,Episode2,6,18,51,npc,4,4,"[-66.10836791992188, -0.0001697540283203125, -162.21295166015625]","[3, 36864, 0]","[0.0, 0.0, 0.0, 0.0, 0.0, 0, 0]",,not a standard NPC interaction
events-ep2/q239-bb-j,Episode2,6,19,51,npc,4,4,"[-63.540008544921875, 0.0, -96.25]","[2, 36864, 0]","[0.0, 0.0, 0.0, 0.0, 0.0, 0, 0]",,not a standard NPC interaction
events-ep2/q239-bb-j,Episode2,6,20,51,npc,4,4,"[43.6356201171875, 0.0, -46.1014404296875]","[4, 40960, 0]","[2.0, 0.0, 0.0, 0.0, 0.0, 0, 0]",,not a standard NPC interaction
events-ep2/q239-bb-j,Episode2,6,21,51,npc,4,4,"[11.489990234375, 0.0, -212.75]","[2, 36864, 0]","[0.0, 0.0, 0.0, 0.0, 0.0, 0, 0]",,not a standard NPC interaction
events-ep2/q239-bb-j,Episode2,6,22,51,npc,4,4,"[20.69378662109375, -0.0001430511474609375, -218.62713623046875]","[2, 36864, 0]","[2.0, 0.0, 0.0, 0.0, 0.0, 1, 0]",,not a standard NPC interaction
events-ep2/q239-bb-j,Episode2,6,23,51,npc,4,4,"[-125.0880126953125, -0.00017070770263671875, -128.4576416015625]","[4, 36864, 0]","[2.0, 0.0, 0.0, 0.0, 0.0, 0, 0]",,not a standard NPC interaction
events-ep2/q239-bb-j,Episode2,6,24,51,npc,4,4,"[164.7242431640625, 16.944740295410156, -157.61163330078125]","[3, 45056, 0]","[0.0, 0.0, 0.0, 0.0, 0.0, 0, 0]",,not a standard NPC interaction
events-ep2/q239-bb-j,Episode2,6,25,51,npc,4,4,"[192.27838134765625, 22.455425262451172, -177.611083984375]","[4, 45056, 0]","[0.0, 0.0, 0.0, 0.0, 0.0, 0, 0]",,not a standard NPC interaction
events-ep2/q239-bb-j,Episode2,6,26,51,npc,4,4,"[212.601806640625, 26.520427703857422, -156.98187255859375]","[2, 45056, 0]","[0.0, 0.0, 0.0, 0.0, 0.0, 0, 0]",,not a standard NPC interaction
events-ep2/q239-bb-j,Episode2,6,27,51,npc,4,4,"[206.42156982421875, 25.284183502197266, -216.91571044921875]","[2, 49152, 0]","[0.0, 0.0, 0.0, 0.0, 0.0, 0, 0]",,not a standard NPC interaction
events-ep2/q239-bb-j,Episode2,6,28,51,npc,4,1,"[-49.8900146484375, -0.0001430511474609375, -225.82000732421875]","[0, 36864, 0]","[0.0, 0.0, 0.0, 330.0, 330.0, 0, 0]",,not a standard NPC interaction
events-ep2/q239-bb-j,Episode2,6,29,51,npc,4,2,"[-62.46002197265625, 0.0, -207.68002319335938]","[0, 36864, 0]","[0.0, 0.0, 0.0, 331.0, 331.0, 0, 0]",,not a standard NPC interaction
events-ep2/q239-bb-j,Episode2,7,0,51,npc,4,3,"[-23.662506103515625, -0.0001430511474609375, -210.115966796875]","[0, 36864, 0]","[0.0, 0.0, 0.0, 332.0, 332.0, 0, 0]",,not a standard NPC interaction
events-ep2/q239-bb-j,Episode2,7,1,51,npc,4,3,"[-56.279998779296875, 23.670000076293945, -60.260009765625]","[1, 36864, 0]","[0.0, 0.0, 0.0, 338.0, 338.0, 0, 0]",,not a standard NPC interaction
events-ep2/q239-bb-j,Episode2,7,2,51,npc,4,3,"[-41.3525390625, -0.00016117095947265625, -185.59292602539062]","[0, 36864, 0]","[0.0, 0.0, 0.0, 333.0, 333.0, 0, 0]",,not a standard NPC interaction
events-ep2/q239-bb-j,Episode2,7,3,51,npc,4,3,"[-75.92593383789062, -0.0001697540283203125, -138.82440185546875]","[0, 36864, 0]","[0.0, 0.0, 0.0, 0.0, 0.0, 0, 0]",,not a standard NPC interaction
events-ep2/q239-bb-j,Episode2,7,4,51,npc,4,3,"[-66.99224853515625, -0.0001697540283203125, -141.50823974609375]","[0, 36864, 0]","[0.0, 0.0, 0.0, 0.0, 0.0, 0, 0]",,not a standard NPC interaction
events-ep2/q239-bb-j,Episode2,7,5,51,npc,4,3,"[6.212188720703125, 16.012331008911133, -129.1400146484375]","[0, 36864, 0]","[0.0, 0.0, 0.0, 0.0, 0.0, 0, 0]",,not a standard NPC interaction
events-ep2/q239-bb-j,Episode2,7,6,51,npc,4,3,"[9.120574951171875, -0.0001430511474609375, -181.14105224609375]","[0, 36864, 0]","[0.0, 0.0, 0.0, 335.0, 335.0, 0, 0]",,not a standard NPC interaction
events-ep2/q239-bb-j,Episode2,7,7,51,npc,4,3,"[-35.206512451171875, -0.0001430511474609375, -99.00201416015625]","[0, 36864, 0]","[0.0, 0.0, 0.0, 337.0, 337.0, 0, 0]",,not a standard NPC interaction
events-ep2/q239-bb-j,Episode2,7,8,51,npc,4,3,"[-24.857696533203125, -0.0001430511474609375, -141.19110107421875]","[0, 36864, 0]","[0.0, 0.0, 0.0, 336.0, 336.0, 0, 0]",,not a standard NPC interaction
events-ep2/q239-bb-j,Episode2,7,9,51,npc,4,3,"[-100.35000610351562, 0.0, -166.93002319335938]","[0, 36864, 0]","[0.0, 0.0, 0.0, 334.0, 334.0, 0, 0]",,not a standard NPC interaction
events-ep2/q239-bb-j,Episode2,7,10,51,npc,4,3,"[-90.85159301757812, -0.0001430511474609375, -89.51434326171875]","[0, 36864, 0]","[0.0, 0.0, 0.0, 0.0, 0.0, 0, 0]",,not a standard NPC interaction
events-ep2/q239-bb-j,Episode2,7,11,51,npc,4,3,"[0.44256591796875, -0.0001430511474609375, -92.87225341796875]","[0, 36864, 0]","[0.0, 0.0, 0.0, 0.0, 0.0, 0, 0]",,not a standard NPC interaction
events-ep2/q239-bb-j,Episode2,7,13,51,npc,4,3,"[41.019989013671875, -0.00015211105346679688, -219.96002197265625]","[0, 45056, 0]","[0.0, 0.0, 0.0, 0.0, 0.0, 0, 0]",,not a standard NPC interaction
events-ep2/q239-bb-j,Episode2,7,14,51,npc,4,3,"[87.643310546875, 1.5286331176757812, -169.16189575195312]","[0, 45056, 0]","[0.0, 0.0, 0.0, 0.0, 0.0, 0, 0]",,not a standard NPC interaction
events-ep2/q239-bb-j,Episode2,7,15,51,npc,4,3,"[113.528564453125, 6.705568313598633, -231.50128173828125]","[0, 45056, 0]","[0.0, 0.0, 0.0, 0.0, 0.0, 0, 0]",,not a standard NPC interaction
events-ep2/q239-bb-j,Episode2,7,16,51,npc,4,3,"[145.8211669921875, 13.16408920288086, -204.35003662109375]","[0, 49152, 0]","[0.0, 0.0, 0.0, 0.0, 0.0, 0, 0]",,not a standard NPC interaction
events-ep2/q239-bb-j,Episode2,7,17,51,npc,4,4,"[1.30999755859375, 0.0, -153.23004150390625]","[3, 36864, 0]","[0.0, 0.0, 0.0, 0.0, 0.0, 0, 0]",,not a standard NPC interaction
events-ep2/q239-bb-j,Episode2,7,18,51,npc,4,4,"[-66.10836791992188, -0.0001697540283203125, -162.21295166015625]","[3, 36864, 0]","[0.0, 0.0, 0.0, 0.0, 0.0, 0, 0]",,not a standard NPC interaction
events-ep2/q239-bb-j,Episode2,7,19,51,npc,4,4,"[-63.540008544921875, 0.0, -96.25]","[2, 36864, 0]","[0.0, 0.0, 0.0, 0.0, 0.0, 0, 0]",,not a standard NPC interaction
events-ep2/q239-bb-j,Episode2,7,20,51,npc,4,4,"[43.6356201171875, 0.0, -46.1014404296875]","[4, 40960, 0]","[2.0, 0.0, 0.0, 0.0, 0.0, 0, 0]",,not a standard NPC interaction
events-ep2/q239-bb-j,Episode2,7,21,51,npc,4,4,"[11.489990234375, 0.0, -212.75]","[2, 36864, 0]","[0.0, 0.0, 0.0, 0.0, 0.0, 0, 0]",,not a standard NPC interaction
events-ep2/q239-bb-j,Episode2,7,22,51,npc,4,4,"[20.69378662109375, -0.0001430511474609375, -218.62713623046875]","[2, 36864, 0]","[2.0, 0.0, 0.0, 0.0, 0.0, 1, 0]",,not a standard NPC interaction
events-ep2/q239-bb-j,Episode2,7,23,51,npc,4,4,"[-125.0880126953125, -0.00017070770263671875, -128.4576416015625]","[4, 36864, 0]","[2.0, 0.0, 0.0, 0.0, 0.0, 0, 0]",,not a standard NPC interaction
events-ep2/q239-bb-j,Episode2,7,24,51,npc,4,4,"[164.7242431640625, 16.944740295410156, -157.61163330078125]","[3, 45056, 0]","[0.0, 0.0, 0.0, 0.0, 0.0, 0, 0]",,not a standard NPC interaction
events-ep2/q239-bb-j,Episode2,7,25,51,npc,4,4,"[192.27838134765625, 22.455425262451172, -177.611083984375]","[4, 45056, 0]","[0.0, 0.0, 0.0, 0.0, 0.0, 0, 0]",,not a standard NPC interaction
events-ep2/q239-bb-j,Episode2,7,26,51,npc,4,4,"[212.601806640625, 26.520427703857422, -156.98187255859375]","[2, 45056, 0]","[0.0, 0.0, 0.0, 0.0, 0.0, 0, 0]",,not a standard NPC interaction
events-ep2/q239-bb-j,Episode2,7,27,51,npc,4,4,"[206.42156982421875, 25.284183502197266, -216.91571044921875]","[2, 49152, 0]","[0.0, 0.0, 0.0, 0.0, 0.0, 0, 0]",,not a standard NPC interaction
events-ep2/q239-bb-j,Episode2,7,28,51,npc,4,1,"[-49.8900146484375, -0.0001430511474609375, -225.82000732421875]","[0, 36864, 0]","[0.0, 0.0, 0.0, 330.0, 330.0, 0, 0]",,not a standard NPC interaction
events-ep2/q239-bb-j,Episode2,7,29,51,npc,4,2,"[-62.46002197265625, 0.0, -207.68002319335938]","[0, 36864, 0]","[0.0, 0.0, 0.0, 331.0, 331.0, 0, 0]",,not a standard NPC interaction
events-ep2/q239-bb-j,Episode2,8,0,51,npc,4,3,"[-23.662506103515625, -0.0001430511474609375, -210.115966796875]","[0, 36864, 0]","[0.0, 0.0, 0.0, 332.0, 332.0, 0, 0]",,not a standard NPC interaction
events-ep2/q239-bb-j,Episode2,8,1,51,npc,4,3,"[-56.279998779296875, 23.670000076293945, -60.260009765625]","[1, 36864, 0]","[0.0, 0.0, 0.0, 338.0, 338.0, 0, 0]",,not a standard NPC interaction
events-ep2/q239-bb-j,Episode2,8,2,51,npc,4,3,"[-41.3525390625, -0.00016117095947265625, -185.59292602539062]","[0, 36864, 0]","[0.0, 0.0, 0.0, 333.0, 333.0, 0, 0]",,not a standard NPC interaction
events-ep2/q239-bb-j,Episode2,8,3,51,npc,4,3,"[-75.92593383789062, -0.0001697540283203125, -138.82440185546875]","[0, 36864, 0]","[0.0, 0.0, 0.0, 0.0, 0.0, 0, 0]",,not a standard NPC interaction
events-ep2/q239-bb-j,Episode2,8,4,51,npc,4,3,"[-66.99224853515625, -0.0001697540283203125, -141.50823974609375]","[0, 36864, 0]","[0.0, 0.0, 0.0, 0.0, 0.0, 0, 0]",,not a standard NPC interaction
events-ep2/q239-bb-j,Episode2,8,5,51,npc,4,3,"[6.212188720703125, 16.012331008911133, -129.1400146484375]","[0, 36864, 0]","[0.0, 0.0, 0.0, 0.0, 0.0, 0, 0]",,not a standard NPC interaction
events-ep2/q239-bb-j,Episode2,8,6,51,npc,4,3,"[9.120574951171875, -0.0001430511474609375, -181.14105224609375]","[0, 36864, 0]","[0.0, 0.0, 0.0, 335.0, 335.0, 0, 0]",,not a standard NPC interaction
events-ep2/q239-bb-j,Episode2,8,7,51,npc,4,3,"[-35.206512451171875, -0.0001430511474609375, -99.00201416015625]","[0, 36864, 0]","[0.0, 0.0, 0.0, 337.0, 337.0, 0, 0]",,not a standard NPC interaction
events-ep2/q239-bb-j,Episode2,8,8,51,npc,4,3,"[-24.857696533203125, -0.0001430511474609375, -141.19110107421875]","[0, 36864, 0]","[0.0, 0.0, 0.0, 336.0, 336.0, 0, 0]",,not a standard NPC interaction
events-ep2/q239-bb-j,Episode2,8,9,51,npc,4,3,"[-100.35000610351562, 0.0, -166.93002319335938]","[0, 36864, 0]","[0.0, 0.0, 0.0, 334.0, 334.0, 0, 0]",,not a standard NPC interaction
events-ep2/q239-bb-j,Episode2,8,10,51,npc,4,3,"[-90.85159301757812, -0.0001430511474609375, -89.51434326171875]","[0, 36864, 0]","[0.0, 0.0, 0.0, 0.0, 0.0, 0, 0]",,not a standard NPC interaction
events-ep2/q239-bb-j,Episode2,8,11,51,npc,4,3,"[0.44256591796875, -0.0001430511474609375, -92.87225341796875]","[0, 36864, 0]","[0.0, 0.0, 0.0, 0.0, 0.0, 0, 0]",,not a standard NPC interaction
events-ep2/q239-bb-j,Episode2,8,13,51,npc,4,3,"[41.019989013671875, -0.00015211105346679688, -219.96002197265625]","[0, 45056, 0]","[0.0, 0.0, 0.0, 0.0, 0.0, 0, 0]",,not a standard NPC interaction
events-ep2/q239-bb-j,Episode2,8,14,51,npc,4,3,"[87.643310546875, 1.5286331176757812, -169.16189575195312]","[0, 45056, 0]","[0.0, 0.0, 0.0, 0.0, 0.0, 0, 0]",,not a standard NPC interaction
events-ep2/q239-bb-j,Episode2,8,15,51,npc,4,3,"[113.528564453125, 6.705568313598633, -231.50128173828125]","[0, 45056, 0]","[0.0, 0.0, 0.0, 0.0, 0.0, 0, 0]",,not a standard NPC interaction
events-ep2/q239-bb-j,Episode2,8,16,51,npc,4,3,"[145.8211669921875, 13.16408920288086, -204.35003662109375]","[0, 49152, 0]","[0.0, 0.0, 0.0, 0.0, 0.0, 0, 0]",,not a standard NPC interaction
events-ep2/q239-bb-j,Episode2,8,17,51,npc,4,4,"[1.30999755859375, 0.0, -153.23004150390625]","[3, 36864, 0]","[0.0, 0.0, 0.0, 0.0, 0.0, 0, 0]",,not a standard NPC interaction
events-ep2/q239-bb-j,Episode2,8,18,51,npc,4,4,"[-66.10836791992188, -0.0001697540283203125, -162.21295166015625]","[3, 36864, 0]","[0.0, 0.0, 0.0, 0.0, 0.0, 0, 0]",,not a standard NPC interaction
events-ep2/q239-bb-j,Episode2,8,19,51,npc,4,4,"[-63.540008544921875, 0.0, -96.25]","[2, 36864, 0]","[0.0, 0.0, 0.0, 0.0, 0.0, 0, 0]",,not a standard NPC interaction
events-ep2/q239-bb-j,Episode2,8,20,51,npc,4,4,"[43.6356201171875, 0.0, -46.1014404296875]","[4, 40960, 0]","[2.0, 0.0, 0.0, 0.0, 0.0, 0, 0]",,not a standard NPC interaction
events-ep2/q239-bb-j,Episode2,8,21,51,npc,4,4,"[11.489990234375, 0.0, -212.75]","[2, 36864, 0]","[0.0, 0.0, 0.0, 0.0, 0.0, 0, 0]",,not a standard NPC interaction
events-ep2/q239-bb-j,Episode2,8,22,51,npc,4,4,"[20.69378662109375, -0.0001430511474609375, -218.62713623046875]","[2, 36864, 0]","[2.0, 0.0, 0.0, 0.0, 0.0, 1, 0]",,not a standard NPC interaction
events-ep2/q239-bb-j,Episode2,8,23,51,npc,4,4,"[-125.0880126953125, -0.00017070770263671875, -128.4576416015625]","[4, 36864, 0]","[2.0, 0.0, 0.0, 0.0, 0.0, 0, 0]",,not a standard NPC interaction
events-ep2/q239-bb-j,Episode2,8,24,51,npc,4,4,"[164.7242431640625, 16.944740295410156, -157.61163330078125]","[3, 45056, 0]","[0.0, 0.0, 0.0, 0.0, 0.0, 0, 0]",,not a standard NPC interaction
events-ep2/q239-bb-j,Episode2,8,25,51,npc,4,4,"[192.27838134765625, 22.455425262451172, -177.611083984375]","[4, 45056, 0]","[0.0, 0.0, 0.0, 0.0, 0.0, 0, 0]",,not a standard NPC interaction
events-ep2/q239-bb-j,Episode2,8,26,51,npc,4,4,"[212.601806640625, 26.520427703857422, -156.98187255859375]","[2, 45056, 0]","[0.0, 0.0, 0.0, 0.0, 0.0, 0, 0]",,not a standard NPC interaction
events-ep2/q239-bb-j,Episode2,8,27,51,npc,4,4,"[206.42156982421875, 25.284183502197266, -216.91571044921875]","[2, 49152, 0]","[0.0, 0.0, 0.0, 0.0, 0.0, 0, 0]",,not a standard NPC interaction
events-ep2/q239-bb-j,Episode2,8,28,51,npc,4,1,"[-49.8900146484375, -0.0001430511474609375, -225.82000732421875]","[0, 36864, 0]","[0.0, 0.0, 0.0, 330.0, 330.0, 0, 0]",,not a standard NPC interaction
events-ep2/q239-bb-j,Episode2,8,29,51,npc,4,2,"[-62.46002197265625, 0.0, -207.68002319335938]","[0, 36864, 0]","[0.0, 0.0, 0.0, 331.0, 331.0, 0, 0]",,not a standard NPC interaction
events-ep2/q239-bb-j,Episode2,16,0,51,npc,6,1,"[-17.719970703125, 17.799999237060547, -20.139984130859375]","[0, 65536, 0]","[0.0, 0.0, 0.0, 233.0, 233.0, 0, 0]",,not a standard NPC interaction
events-ep2/q239-bb-j,Episode2,16,1,51,npc,6,1,"[-11.52996826171875, 10.0, -3.579986572265625]","[0, 40960, 0]","[0.0, 0.0, 0.0, 235.0, 235.0, 0, 0]",,not a standard NPC interaction
events-ep2/q239-bb-j,Episode2,16,2,51,npc,6,1,"[-29.1300048828125, 10.0, -5.1099853515625]","[0, 24576, 0]","[0.0, 0.0, 0.0, 234.0, 234.0, 0, 0]",,not a standard NPC interaction
events-ep2/q239-bb-j,Episode2,16,3,51,npc,7,1,"[-9.614990234375, 3.1055283546447754, -153.14756774902344]","[0, 65536, 0]","[0.0, 0.0, 0.0, 232.0, 232.0, 0, 0]",,not a standard NPC interaction
events-ep2/q239-bb-j,Episode2,16,4,51,npc,9,1,"[-143.10546875, 10.0, 149.60826110839844]","[0, 24576, 0]","[0.0, 0.0, 0.0, 220.0, 220.0, 0, 0]",,not a standard NPC interaction
events-ep2/q239-bb-j,Episode2,16,5,51,npc,9,1,"[-139.25, 10.0, 2.839996337890625]","[0, 16384, 0]","[0.0, 0.0, 0.0, 221.0, 221.0, 0, 0]",,not a standard NPC interaction
events-ep2/q239-bb-j,Episode2,16,6,51,npc,9,1,"[81.4400634765625, 10.0, 154.02000427246094]","[0, 32768, 0]","[0.0, 0.0, 0.0, 226.0, 226.0, 0, 0]",,not a standard NPC interaction
events-ep2/q239-bb-j,Episode2,16,7,51,npc,9,1,"[84.4700927734375, 10.0, -93.42999267578125]","[0, 28672, 0]","[0.0, 0.0, 0.0, 225.0, 225.0, 0, 0]",,not a standard NPC interaction
events-ep2/q239-bb-j,Episode2,16,8,51,npc,9,1,"[94.010009765625, 26.989999771118164, -114.0]","[0, 53248, 0]","[0.0, 0.0, 0.0, 224.0, 224.0, 0, 0]",,not a standard NPC interaction
events-ep2/q239-bb-j,Episode2,16,9,51,npc,9,1,"[-28.50634765625, 10.0, -81.57858276367188]","[0, 57344, 0]","[0.0, 0.0, 0.0, 223.0, 223.0, 0, 0]",,not a standard NPC interaction
events-ep2/q239-bb-j,Episode2,16,10,51,npc,9,1,"[8.37158203125, 10.0, 38.13397216796875]","[0, 81920, 5]","[0.0, 0.0, 0.0, 222.0, 222.0, 0, 0]",,not a standard NPC interaction
events-ep2/q239-bb-j,Episode2,16,11,51,npc,11,1,"[33.510009765625, 10.0, 66.1500244140625]","[0, 32768, 0]","[0.0, 0.0, 0.0, 230.0, 230.0, 0, 0]",,not a standard NPC interaction
events-ep2/q239-bb-j,Episode2,16,12,51,npc,11,1,"[18.580078125, 10.0, 70.95001220703125]","[12, 32768, 0]","[0.0, 0.0, 0.0, 231.0, 231.0, 0, 0]",,not a standard NPC interaction
events-ep2/q239-bb-j,Episode2,16,13,51,npc,11,1,"[64.830078125, 10.0, -152.02996826171875]","[0, 53248, 7]","[0.0, 0.0, 0.0, 227.0, 227.0, 0, 0]",,not a standard NPC interaction
events-ep2/q239-bb-j,Episode2,16,14,51,npc,11,1,"[87.8900146484375, 10.0, -36.41998291015625]","[0, -20480, 0]","[0.0, 0.0, 0.0, 229.0, 229.0, 0, 0]",,not a standard NPC interaction
extermination-ep1/q161-bb-e,Episode1,2,125,51,npc,10,1,"[-123.18911743164062, 19.700000762939453, 157.52618408203125]","[11, 30400, 0]","[0.0, 0.0, 12.0, 129.0, 7.0, 0, 0]",,not a standard NPC interaction
extermination-ep1/q163-bb-e,Episode1,6,165,51,npc,20,1,"[0.0, 0.0, 0.0]","[0, 49152, 0]","[0.0, 0.0, 13.0, 131.0, 23.0, 0, 0]",,not a standard NPC interaction
extermination-ep2/q171-bb-e,Episode2,2,218,51,npc,501,1,"[0.0, 0.0, 31.65342903137207]","[6, 32769, 0]","[0.0, 0.0, 0.0, 444.0, 88.0, 0, 0]",,not a standard NPC interaction
extermination-ep2/q172-bb-e,Episode2,4,360,51,npc,521,1,"[-50.10881423950195, 100.0, -7.463334083557129]","[8, 15376, 0]","[0.0, 0.0, 0.0, 444.0, 53.0, 0, 0]",,not a standard NPC interaction
extermination-ep2/q175-bb-e,Episode2,11,211,51,npc,5,2,"[0.0, 10.0, 35.0]","[1, 32768, 0]","[0.0, 0.0, 0.0, 444.0, 70.0, 0, 0]",,not a standard NPC interaction
extermination-ep2/q176-bb-e,Episode2,15,0,51,npc,30,1,"[-60.0, 4.0, -120.0]","[0, 0, 0]","[0.0, 0.0, 0.0, 310.0, 601.0, 0, 0]",,not a standard NPC interaction
extermination-ep2/q176-bb-e,Episode2,15,1,51,npc,30,1,"[60.0, 0.0, -120.0]","[1, 0, 0]","[0.0, 0.0, 0.0, 311.0, 602.0, 0, 0]",,not a standard NPC interaction
extermination-ep2/q176-bb-e,Episode2,15,2,51,npc,30,1,"[120.0, 0.0, -60.0]","[2, 49152, 0]","[0.0, 0.0, 0.0, 312.0, 603.0, 0, 0]",,not a standard NPC interaction
extermination-ep2/q176-bb-e,Episode2,15,3,51,npc,30,1,"[0.0, 15.0, 0.0]","[9, 0, 0]","[0.0, 0.0, 0.0, 318.0, 609.0, 0, 0]",,not a standard NPC interaction
extermination-ep2/q176-bb-e,Episode2,15,4,51,npc,30,1,"[120.0, -15.0, 60.0]","[4, 49152, 0]","[0.0, 0.0, 0.0, 313.0, 604.0, 0, 0]",,not a standard NPC interaction
extermination-ep2/q176-bb-e,Episode2,15,5,51,npc,30,1,"[-60.0, 0.0, 120.0]","[5, 32768, 0]","[0.0, 0.0, 0.0, 315.0, 606.0, 0, 0]",,not a standard NPC interaction
extermination-ep2/q176-bb-e,Episode2,15,6,51,npc,30,1,"[60.0, 0.0, 120.0]","[6, 32768, 0]","[0.0, 0.0, 0.0, 314.0, 605.0, 0, 0]",,not a standard NPC interaction
extermination-ep2/q176-bb-e,Episode2,15,7,51,npc,30,1,"[-120.0, 0.0, -60.0]","[7, 16384, 0]","[0.0, 0.0, 0.0, 317.0, 608.0, 0, 0]",,not a standard NPC interaction
extermination-ep2/q176-bb-e,Episode2,15,8,51,npc,30,1,"[-120.0, 0.0, 60.0]","[8, 16384, 0]","[0.0, 0.0, 0.0, 316.0, 607.0, 0, 0]",,not a standard NPC interaction
maximum-attack-ep2/q38-bb-e,Episode2,10,0,51,npc,64,0,"[-70.0, 0.0, -70.0]","[1, 0, 1]","[0.0, 0.0, 0.0, 155.0, 1155.0, 0, 0]",,not a standard NPC interaction
maximum-attack-ep2/q38-bb-e,Episode2,10,1,51,npc,90,0,"[-75.0, 0.0, 30.0]","[6, 40960, 0]","[0.0, 0.0, 0.0, 156.0, 1156.0, 0, 0]",,not a standard NPC interaction
maximum-attack-ep2/q38-bb-e,Episode2,10,2,51,npc,90,0,"[-190.0, 0.0, 0.0]","[4, 16384, 1]","[0.0, 0.0, 0.0, 160.0, 1160.0, 0, 0]",,not a standard NPC interaction
maximum-attack-ep2/q38-bb-e,Episode2,10,3,51,npc,90,0,"[120.0, 0.0, 0.0]","[13, 49152, 1]","[0.0, 0.0, 0.0, 157.0, 1157.0, 0, 0]",,not a standard NPC interaction
maximum-attack-ep2/q38-bb-e,Episode2,10,4,51,npc,90,0,"[120.0, 0.0, -100.0]","[9, 0, 2]","[0.0, 0.0, 0.0, 158.0, 1158.0, 0, 0]",,not a standard NPC interaction
maximum-attack-ep2/q38-bb-e,Episode2,10,5,51,npc,90,0,"[-120.0, 0.0, -100.0]","[8, 0, 2]","[0.0, 0.0, 0.0, 159.0, 1159.0, 0, 0]",,not a standard NPC interaction
maximum-attack-ep2/q38-bb-j,Episode2,10,0,51,npc,64,0,"[-70.0, 0.0, -70.0]","[1, 0, 1]","[0.0, 0.0, 0.0, 155.0, 1155.0, 0, 0]",,not a standard NPC interaction
maximum-attack-ep2/q38-bb-j,Episode2,10,1,51,npc,90,0,"[-75.0, 0.0, 30.0]","[6, 40960, 0]","[0.0, 0.0, 0.0, 156.0, 1156.0, 0, 0]",,not a standard NPC interaction
maximum-attack-ep2/q38-bb-j,Episode2,10,2,51,npc,90,0,"[-190.0, 0.0, 0.0]","[4, 16384, 1]","[0.0, 0.0, 0.0, 160.0, 1160.0, 0, 0]",,not a standard NPC interaction
maximum-attack-ep2/q38-bb-j,Episode2,10,3,51,npc,90,0,"[120.0, 0.0, 0.0]","[13, 49152, 1]","[0.0, 0.0, 0.0, 157.0, 1157.0, 0, 0]",,not a standard NPC interaction
maximum-attack-ep2/q38-bb-j,Episode2,10,4,51,npc,90,0,"[120.0, 0.0, -100.0]","[9, 0, 2]","[0.0, 0.0, 0.0, 158.0, 1158.0, 0, 0]",,not a standard NPC interaction
maximum-attack-ep2/q38-bb-j,Episode2,10,5,51,npc,90,0,"[-120.0, 0.0, -100.0]","[8, 0, 2]","[0.0, 0.0, 0.0, 159.0, 1159.0, 0, 0]",,not a standard NPC interaction
maximum-attack-ep2/q248-bb-e,Episode2,10,0,51,npc,64,0,"[-70.0, 0.0, -70.0]","[1, 0, 1]","[0.0, 0.0, 0.0, 155.0, 1155.0, 0, 0]",,not a standard NPC interaction
maximum-attack-ep2/q248-bb-e,Episode2,10,1,51,npc,90,0,"[-75.0, 0.0, 30.0]","[6, 40960, 0]","[0.0, 0.0, 0.0, 156.0, 1156.0, 0, 0]",,not a standard NPC interaction
maximum-attack-ep2/q248-bb-e,Episode2,10,2,51,npc,90,0,"[-190.0, 0.0, 0.0]","[4, 16384, 1]","[0.0, 0.0, 0.0, 160.0, 1160.0, 0, 0]",,not a standard NPC interaction
maximum-attack-ep2/q248-bb-e,Episode2,10,3,51,npc,90,0,"[120.0, 0.0, 0.0]","[13, 49152, 1]","[0.0, 0.0, 0.0, 157.0, 1157.0, 0, 0]",,not a standard NPC interaction
maximum-attack-ep2/q248-bb-e,Episode2,10,4,51,npc,90,0,"[120.0, 0.0, -100.0]","[9, 0, 2]","[0.0, 0.0, 0.0, 158.0, 1158.0, 0, 0]",,not a standard NPC interaction
maximum-attack-ep2/q248-bb-e,Episode2,10,5,51,npc,90,0,"[-120.0, 0.0, -100.0]","[8, 0, 2]","[0.0, 0.0, 0.0, 159.0, 1159.0, 0, 0]",,not a standard NPC interaction
maximum-attack-ep2/q504-bb-e,Episode2,10,0,51,npc,64,0,"[-70.0, 0.0, -70.0]","[1, 0, 1]","[0.0, 0.0, 0.0, 155.0, 1155.0, 0, 0]",,not a standard NPC interaction
maximum-attack-ep2/q504-bb-e,Episode2,10,1,51,npc,90,0,"[-75.0, 0.0, 30.0]","[6, 40960, 0]","[0.0, 0.0, 0.0, 156.0, 1156.0, 0, 0]",,not a standard NPC interaction
maximum-attack-ep2/q504-bb-e,Episode2,10,2,51,npc,90,0,"[-190.0, 0.0, 0.0]","[4, 16384, 1]","[0.0, 0.0, 0.0, 160.0, 1160.0, 0, 0]",,not a standard NPC interaction
maximum-attack-ep2/q504-bb-e,Episode2,10,3,51,npc,90,0,"[120.0, 0.0, 0.0]","[13, 49152, 1]","[0.0, 0.0, 0.0, 157.0, 1157.0, 0, 0]",,not a standard NPC interaction
maximum-attack-ep2/q504-bb-e,Episode2,10,4,51,npc,90,0,"[120.0, 0.0, -100.0]","[9, 0, 2]","[0.0, 0.0, 0.0, 158.0, 1158.0, 0, 0]",,not a standard NPC interaction
maximum-attack-ep2/q504-bb-e,Episode2,10,5,51,npc,90,0,"[-120.0, 0.0, -100.0]","[8, 0, 2]","[0.0, 0.0, 0.0, 159.0, 1159.0, 0, 0]",,not a standard NPC interaction
maximum-attack-ep2/q504-bb-j,Episode2,10,0,51,npc,64,0,"[-70.0, 0.0, -70.0]","[1, 0, 1]","[0.0, 0.0, 0.0, 155.0, 1155.0, 0, 0]",,not a standard NPC interaction
maximum-attack-ep2/q504-bb-j,Episode2,10,1,51,npc,90,0,"[-75.0, 0.0, 30.0]","[6, 40960, 0]","[0.0, 0.0, 0.0, 156.0, 1156.0, 0, 0]",,not a standard NPC interaction
maximum-attack-ep2/q504-bb-j,Episode2,10,2,51,npc,90,0,"[-190.0, 0.0, 0.0]","[4, 16384, 1]","[0.0, 0.0, 0.0, 160.0, 1160.0, 0, 0]",,not a standard NPC interaction
maximum-attack-ep2/q504-bb-j,Episode2,10,3,51,npc,90,0,"[120.0, 0.0, 0.0]","[13, 49152, 1]","[0.0, 0.0, 0.0, 157.0, 1157.0, 0, 0]",,not a standard NPC interaction
maximum-attack-ep2/q504-bb-j,Episode2,10,4,51,npc,90,0,"[120.0, 0.0, -100.0]","[9, 0, 2]","[0.0, 0.0, 0.0, 158.0, 1158.0, 0, 0]",,not a standard NPC interaction
maximum-attack-ep2/q504-bb-j,Episode2,10,5,51,npc,90,0,"[-120.0, 0.0, -100.0]","[8, 0, 2]","[0.0, 0.0, 0.0, 159.0, 1159.0, 0, 0]",,not a standard NPC interaction
seasonal-ep2/q207-bb-e,Episode2,6,0,51,npc,2,1,"[-10.97406005859375, 28.54148292541504, -94.07867431640625]","[1, 69632, 0]","[0.0, 0.0, 0.0, 180.0, 450.0, 0, 0]",,not a standard NPC interaction
seasonal-ep2/q207-bb-e,Episode2,6,33,51,npc,8,1,"[39.14215850830078, 12.468436241149902, 19.489776611328125]","[1, 61440, 0]","[0.0, 0.0, 0.0, 183.0, 460.0, 0, 0]",,not a standard NPC interaction
seasonal-ep2/q207-bb-e,Episode2,7,0,51,npc,1,1,"[2.869999885559082, 12.14970874786377, 7.1500091552734375]","[1, 69632, 0]","[0.0, 0.0, 0.0, 181.0, 451.0, 0, 0]",,not a standard NPC interaction
seasonal-ep2/q207-bb-e,Episode2,7,19,51,npc,4,1,"[80.52947998046875, -45.84423065185547, 11.3380126953125]","[1, 61440, 0]","[0.0, 0.0, 0.0, 182.0, 452.0, 0, 0]",,not a standard NPC interaction
seasonal-ep2/q207-bb-e,Episode2,7,36,51,npc,7,2,"[154.68272399902344, 28.455108642578125, -402.2401123046875]","[1, 16384, 0]","[0.0, 0.0, 0.0, 0.0, 0.0, 0, 0]",,not a standard NPC interaction
seasonal-ep2/q207-bb-e,Episode2,7,37,51,npc,7,2,"[301.6136779785156, -39.30622863769531, -435.1632080078125]","[1, 49152, 0]","[0.0, 0.0, 0.0, 0.0, 0.0, 0, 0]",,not a standard NPC interaction
seasonal-ep2/q207-bb-e,Episode2,7,38,51,npc,7,2,"[1005.0851440429688, 8.738763809204102, -860.8330078125]","[1, 65536, 0]","[0.0, 0.0, 0.0, 0.0, 0.0, 0, 0]",,not a standard NPC interaction
seasonal-ep2/q207-bb-e,Episode2,7,39,51,npc,7,2,"[156.04554748535156, -38.216835021972656, -752.254638671875]","[1, 77824, 0]","[0.0, 0.0, 0.0, 0.0, 0.0, 0, 0]",,not a standard NPC interaction
seasonal-ep2/q207-bb-e,Episode2,7,40,51,npc,7,2,"[165.20364379882812, -38.216835021972656, -760.05419921875]","[1, 65536, 0]","[0.0, 0.0, 0.0, 0.0, 0.0, 0, 0]",,not a standard NPC interaction
seasonal-ep2/q207-bb-e,Episode2,7,41,51,npc,7,2,"[802.04345703125, 24.554311752319336, -1385.3861083984375]","[1, 61440, 0]","[0.0, 0.0, 0.0, 0.0, 0.0, 0, 0]",,not a standard NPC interaction
seasonal-ep2/q207-bb-e,Episode2,7,42,51,npc,7,2,"[1172.64404296875, -26.78887367248535, -777.2239379882812]","[1, 53248, 0]","[0.0, 0.0, 0.0, 0.0, 0.0, 0, 0]",,not a standard NPC interaction
seasonal-ep2/q207-bb-e,Episode2,7,43,51,npc,7,2,"[1181.1202392578125, -26.13262367248535, -763.9407348632812]","[1, 49152, 0]","[0.0, 0.0, 0.0, 0.0, 0.0, 0, 0]",,not a standard NPC interaction
seasonal-ep2/q207-bb-e,Episode2,7,44,51,npc,7,2,"[1165.6458740234375, -26.13262367248535, -790.7623901367188]","[1, 57344, 0]","[0.0, 0.0, 0.0, 0.0, 0.0, 0, 0]",,not a standard NPC interaction
seasonal-ep2/q207-bb-e,Episode2,7,45,51,npc,7,2,"[19.667984008789062, -37.843753814697266, -543.2179565429688]","[1, 20480, 0]","[0.0, 0.0, 0.0, 0.0, 0.0, 0, 0]",,not a standard NPC interaction
seasonal-ep2/q207-bb-e,Episode2,7,46,51,npc,7,2,"[872.018310546875, -3.5647830963134766, -924.0867309570312]","[1, 81920, 0]","[0.0, 0.0, 0.0, 0.0, 0.0, 0, 0]",,not a standard NPC interaction
seasonal-ep2/q207-bb-e,Episode2,7,47,51,npc,7,2,"[72.70127868652344, -30.52622413635254, -1203.885498046875]","[1, 77824, 0]","[0.0, 0.0, 0.0, 0.0, 0.0, 0, 0]",,not a standard NPC interaction
seasonal-ep2/q207-bb-e,Episode2,7,48,51,npc,7,2,"[80.05615234375, -30.52622413635254, -1215.865478515625]","[1, 73728, 0]","[0.0, 0.0, 0.0, 0.0, 0.0, 0, 0]",,not a standard NPC interaction
seasonal-ep2/q207-bb-e,Episode2,7,49,51,npc,7,2,"[130.67340087890625, -48.099185943603516, -1165.79296875]","[1, 81920, 0]","[0.0, 150.0, 0.0, 0.0, 0.0, 0, 0]",,not a standard NPC interaction
seasonal-ep2/q207-bb-e,Episode2,7,50,51,npc,7,2,"[263.665771484375, -40.777557373046875, -743.6483764648438]","[1, 65536, 0]","[0.0, 150.0, 0.0, 0.0, 0.0, 0, 0]",,not a standard NPC interaction
seasonal-ep2/q207-bb-e,Episode2,7,51,51,npc,7,2,"[138.01956176757812, -11.891027450561523, -510.0060729980469]","[1, 90112, 0]","[0.0, 150.0, 0.0, 0.0, 0.0, 0, 0]",,not a standard NPC interaction
seasonal-ep2/q207-bb-e,Episode2,7,52,51,npc,7,2,"[152.89622497558594, 28.455108642578125, -388.9009094238281]","[1, 12288, 0]","[0.0, 0.0, 0.0, 0.0, 0.0, 0, 0]",,not a standard NPC interaction
seasonal-ep2/q207-bb-e,Episode2,7,55,51,npc,8,1,"[-96.62521362304688, -66.9698486328125, 17.71185302734375]","[1, 20480, 0]","[0.0, 0.0, 0.0, 150.0, 400.0, 0, 0]",,not a standard NPC interaction
seasonal-ep2/q207-bb-e,Episode2,7,56,51,npc,8,1,"[-113.61630249023438, -66.9698486328125, -27.971923828125]","[1, 20480, 0]","[0.0, 0.0, 0.0, 170.0, 420.0, 0, 0]",,not a standard NPC interaction
seasonal-ep2/q207-bb-e,Episode2,7,57,51,npc,8,1,"[-74.6837158203125, -66.9698486328125, -15.67523193359375]","[1, 20480, 0]","[0.0, 0.0, 0.0, 160.0, 410.0, 0, 0]",,not a standard NPC interaction
seasonal-ep2/q207-bb-e,Episode2,7,58,51,npc,8,1,"[-124.722412109375, -66.9698486328125, 90.13311767578125]","[1, 28672, 0]","[0.0, 0.0, 0.0, 185.0, 470.0, 0, 0]",,not a standard NPC interaction
seasonal-ep2/q207-bb-e,Episode2,8,0,51,npc,2,1,"[-27.70550537109375, -100.0002670288086, 289.1533203125]","[1, 24576, 0]","[0.0, 0.0, 0.0, 180.0, 450.0, 0, 0]",,not a standard NPC interaction
seasonal-ep2/q207-bb-e,Episode2,8,46,51,npc,9,1,"[-26.489990234375, 45.05999755859375, -40.7200927734375]","[1, 4096, 0]","[0.0, 0.0, 0.0, 183.0, 460.0, 0, 0]",,not a standard NPC interaction
seasonal-ep2/q207-bb-e,Episode2,9,0,51,npc,1,1,"[60.30999755859375, 74.40999603271484, -97.89999389648438]","[1, 57344, 0]","[0.0, 0.0, 0.0, 0.0, 0.0, 0, 0]",,not a standard NPC interaction
seasonal-ep2/q207-bb-e,Episode2,9,1,51,npc,1,1,"[67.60784912109375, 75.20000457763672, -89.17866516113281]","[1, 49152, 0]","[0.0, 0.0, 0.0, 0.0, 0.0, 0, 0]",,not a standard NPC interaction
seasonal-ep2/q207-bb-e,Episode2,9,2,51,npc,1,1,"[-154.14865112304688, -6.225000858306885, 434.06781005859375]","[1, 118784, 0]","[0.0, 0.0, 0.0, 0.0, 0.0, 0, 0]",,not a standard NPC interaction
seasonal-ep2/q207-bb-e,Episode2,9,3,51,npc,1,1,"[-893.6690063476562, -6.654318809509277, 705.593505859375]","[1, 155648, 0]","[0.0, 0.0, 0.0, 0.0, 0.0, 0, 0]",,not a standard NPC interaction
seasonal-ep2/q207-bb-e,Episode2,9,4,51,npc,1,1,"[-902.23486328125, -6.654318809509277, 695.4284057617188]","[1, 147456, 0]","[0.0, 0.0, 0.0, 0.0, 0.0, 0, 0]",,not a standard NPC interaction
seasonal-ep2/q207-bb-e,Episode2,9,5,51,npc,1,1,"[-918.3343505859375, 72.2382583618164, 259.751708984375]","[1, 151552, 0]","[0.0, 0.0, 0.0, 0.0, 0.0, 0, 0]",,not a standard NPC interaction
seasonal-ep2/q207-bb-e,Episode2,9,6,51,npc,1,1,"[-481.8147888183594, 32.8125, 67.5994873046875]","[1, 122880, 0]","[0.0, 0.0, 0.0, 0.0, 0.0, 0, 0]",,not a standard NPC interaction
seasonal-ep2/q207-bb-e,Episode2,9,7,51,npc,1,1,"[-1032.86669921875, 31.312454223632812, -92.24354553222656]","[1, 131072, 0]","[0.0, 0.0, 0.0, 0.0, 0.0, 0, 0]",,not a standard NPC interaction
seasonal-ep2/q207-bb-e,Episode2,9,8,51,npc,1,1,"[-1503.37939453125, 22.904537200927734, 253.32568359375]","[1, 131072, 0]","[0.0, 0.0, 0.0, 0.0, 0.0, 0, 0]",,not a standard NPC interaction
seasonal-ep2/q207-bb-e,Episode2,9,9,51,npc,1,1,"[-1517.7139892578125, 15.029446601867676, 255.4403533935547]","[1, 139264, 0]","[0.0, 0.0, 0.0, 0.0, 0.0, 0, 0]",,not a standard NPC interaction
seasonal-ep2/q207-bb-e,Episode2,9,10,51,npc,1,1,"[-1883.94677734375, 47.84877395629883, -548.7540283203125]","[1, 155648, 0]","[0.0, 0.0, 0.0, 0.0, 0.0, 0, 0]",,not a standard NPC interaction
seasonal-ep2/q207-bb-e,Episode2,9,11,51,npc,1,1,"[-276.6275939941406, 0.33143723011016846, 558.5214233398438]","[1, 176128, 0]","[0.0, 0.0, 0.0, 0.0, 0.0, 0, 0]",,not a standard NPC interaction
seasonal-ep2/q207-bb-e,Episode2,9,12,51,npc,1,1,"[-287.16937255859375, 0.33143723011016846, 568.0768432617188]","[1, 172032, 0]","[0.0, 0.0, 0.0, 0.0, 0.0, 0, 0]",,not a standard NPC interaction
seasonal-ep2/q207-bb-e,Episode2,9,13,51,npc,1,1,"[-1434.8145751953125, 47.597938537597656, -374.7300109863281]","[1, 167936, 0]","[0.0, 0.0, 0.0, 0.0, 0.0, 0, 0]",,not a standard NPC interaction
seasonal-ep2/q207-bb-e,Episode2,9,14,51,npc,1,1,"[-468.3275146484375, 1.649953842163086, 716.5951538085938]","[1, 163840, 0]","[0.0, 150.0, 0.0, 0.0, 0.0, 0, 0]",,not a standard NPC interaction
seasonal-ep2/q207-bb-e,Episode2,9,15,51,npc,1,1,"[-918.8973388671875, 3.0799999237060547, 458.989990234375]","[1, 151552, 0]","[0.0, 150.0, 0.0, 0.0, 0.0, 0, 0]",,not a standard NPC interaction
seasonal-ep2/q207-bb-e,Episode2,9,16,51,npc,1,1,"[-1403.623779296875, 3.325021505355835, 310.8438415527344]","[1, 155648, 0]","[0.0, 150.0, 0.0, 0.0, 0.0, 0, 0]",,not a standard NPC interaction
seasonal-ep2/q207-bb-e,Episode2,9,17,51,npc,2,1,"[-9.78188705444336, 10.0, 52.94935607910156]","[1, 32768, 0]","[0.0, 0.0, 0.0, 181.0, 451.0, 0, 0]",,not a standard NPC interaction
seasonal-ep2/q207-bb-e,Episode2,9,47,51,npc,7,1,"[236.98004150390625, 171.0, -15.520004272460938]","[1, 45056, 0]","[0.0, 0.0, 0.0, 160.0, 410.0, 0, 0]",,not a standard NPC interaction
seasonal-ep2/q207-bb-e,Episode2,9,48,51,npc,7,1,"[205.0609130859375, 171.0, -1.3944091796875]","[1, 36864, 0]","[0.0, 0.0, 0.0, 150.0, 400.0, 0, 0]",,not a standard NPC interaction
seasonal-ep2/q207-bb-e,Episode2,9,49,51,npc,7,1,"[238.22003173828125, 171.0, -48.83946228027344]","[1, 49152, 0]","[0.0, 0.0, 0.0, 170.0, 420.0, 0, 0]",,not a standard NPC interaction
seasonal-ep2/q207-bb-e,Episode2,9,50,51,npc,7,1,"[173.4996337890625, 171.0, -45.452972412109375]","[1, 16384, 0]","[0.0, 0.0, 0.0, 185.0, 470.0, 0, 0]",,not a standard NPC interaction
seasonal-ep2/q207-bb-e,Episode2,9,64,51,npc,10,1,"[-0.30908203125, 10.0, -69.04864501953125]","[1, 73728, 0]","[0.0, 0.0, 0.0, 182.0, 452.0, 0, 0]",,not a standard NPC interaction
seasonal-ep2/q207-bb-j,Episode2,6,0,51,npc,2,1,"[-10.97406005859375, 28.54148292541504, -94.07867431640625]","[1, 69632, 0]","[0.0, 0.0, 0.0, 180.0, 450.0, 0, 0]",,not a standard NPC interaction
seasonal-ep2/q207-bb-j,Episode2,6,33,51,npc,8,1,"[39.14215850830078, 12.468436241149902, 19.489776611328125]","[1, 61440, 0]","[0.0, 0.0, 0.0, 183.0, 460.0, 0, 0]",,not a standard NPC interaction
seasonal-ep2/q207-bb-j,Episode2,7,0,51,npc,1,1,"[2.869999885559082, 12.14970874786377, 7.1500091552734375]","[1, 69632, 0]","[0.0, 0.0, 0.0, 181.0, 451.0, 0, 0]",,not a standard NPC interaction
seasonal-ep2/q207-bb-j,Episode2,7,19,51,npc,4,1,"[80.52947998046875, -45.84423065185547, 11.3380126953125]","[1, 61440, 0]","[0.0, 0.0, 0.0, 182.0, 452.0, 0, 0]",,not a standard NPC interaction
seasonal-ep2/q207-bb-j,Episode2,7,36,51,npc,7,2,"[154.68272399902344, 28.455108642578125, -402.2401123046875]","[1, 16384, 0]","[0.0, 0.0, 0.0, 0.0, 0.0, 0, 0]",,not a standard NPC interaction
seasonal-ep2/q207-bb-j,Episode2,7,37,51,npc,7,2,"[301.6136779785156, -39.30622863769531, -435.1632080078125]","[1, 49152, 0]","[0.0, 0.0, 0.0, 0.0, 0.0, 0, 0]",,not a standard NPC interaction
seasonal-ep2/q207-bb-j,Episode2,7,38,51,npc,7,2,"[1005.0851440429688, 8.738763809204102, -860.8330078125]","[1, 65536, 0]","[0.0, 0.0, 0.0, 0.0, 0.0, 0, 0]",,not a standard NPC interaction
seasonal-ep2/q207-bb-j,Episode2,7,39,51,npc,7,2,"[156.04554748535156, -38.216835021972656, -752.254638671875]","[1, 77824, 0]","[0.0, 0.0, 0.0, 0.0, 0.0, 0, 0]",,not a standard NPC interaction
seasonal-ep2/q207-bb-j,Episode2,7,40,51,npc,7,2,"[165.20364379882812, -38.216835021972656, -760.05419921875]","[1, 65536, 0]","[0.0, 0.0, 0.0, 0.0, 0.0, 0, 0]",,not a standard NPC interaction
seasonal-ep2/q207-bb-j,Episode2,7,41,51,npc,7,2,"[802.04345703125, 24.554311752319336, -1385.3861083984375]","[1, 61440, 0]","[0.0, 0.0, 0.0, 0.0, 0.0, 0, 0]",,not a standard NPC interaction
seasonal-ep2/q207-bb-j,Episode2,7,42,51,npc,7,2,"[1172.64404296875, -26.78887367248535, -777.2239379882812]","[1, 53248, 0]","[0.0, 0.0, 0.0, 0.0, 0.0, 0, 0]",,not a standard NPC interaction
seasonal-ep2/q207-bb-j,Episode2,7,43,51,npc,7,2,"[1181.1202392578125, -26.13262367248535, -763.9407348632812]","[1, 49152, 0]","[0.0, 0.0, 0.0, 0.0, 0.0, 0, 0]",,not a standard NPC interaction
seasonal-ep2/q207-bb-j,Episode2,7,44,51,npc,7,2,"[1165.6458740234375, -26.13262367248535, -790.7623901367188]","[1, 57344, 0]","[0.0, 0.0, 0.0, 0.0, 0.0, 0, 0]",,not a standard NPC interaction
seasonal-ep2/q207-bb-j,Episode2,7,45,51,npc,7,2,"[19.667984008789062, -37.843753814697266, -543.2179565429688]","[1, 20480, 0]","[0.0, 0.0, 0.0, 0.0, 0.0, 0, 0]",,not a standard NPC interaction
seasonal-ep2/q207-bb-j,Episode2,7,46,51,npc,7,2,"[872.018310546875, -3.5647830963134766, -924.0867309570312]","[1, 81920, 0]","[0.0, 0.0, 0.0, 0.0, 0.0, 0, 0]",,not a standard NPC interaction
seasonal-ep2/q207-bb-j,Episode2,7,47,51,npc,7,2,"[72.70127868652344, -30.52622413635254, -1203.885498046875]","[1, 77824, 0]","[0.0, 0.0, 0.0, 0.0, 0.0, 0, 0]",,not a standard NPC interaction
seasonal-ep2/q207-bb-j,Episode2,7,48,51,npc,7,2,"[80.05615234375, -30.52622413635254, -1215.865478515625]","[1, 73728, 0]","[0.0, 0.0, 0.0, 0.0, 0.0, 0, 0]",,not a standard NPC interaction
seasonal-ep2/q207-bb-j,Episode2,7,49,51,npc,7,2,"[130.67340087890625, -48.099185943603516, -1165.79296875]","[1, 81920, 0]","[0.0, 150.0, 0.0, 0.0, 0.0, 0, 0]",,not a standard NPC interaction
seasonal-ep2/q207-bb-j,Episode2,7,50,51,npc,7,2,"[263.665771484375, -40.777557373046875, -743.6483764648438]","[1, 65536, 0]","[0.0, 150.0, 0.0, 0.0, 0.0, 0, 0]",,not a standard NPC interaction
seasonal-ep2/q207-bb-j,Episode2,7,51,51,npc,7,2,"[138.01956176757812, -11.891027450561523, -510.0060729980469]","[1, 90112, 0]","[0.0, 150.0, 0.0, 0.0, 0.0, 0, 0]",,not a standard NPC interaction
seasonal-ep2/q207-bb-j,Episode2,7,52,51,npc,7,2,"[152.89622497558594, 28.455108642578125, -388.9009094238281]","[1, 12288, 0]","[0.0, 0.0, 0.0, 0.0, 0.0, 0, 0]",,not a standard NPC interaction
seasonal-ep2/q207-bb-j,Episode2,7,55,51,npc,8,1,"[-96.62521362304688, -66.9698486328125, 17.71185302734375]","[1, 20480, 0]","[0.0, 0.0, 0.0, 150.0, 400.0, 0, 0]",,not a standard NPC interaction
seasonal-ep2/q207-bb-j,Episode2,7,56,51,npc,8,1,"[-113.61630249023438, -66.9698486328125, -27.971923828125]","[1, 20480, 0]","[0.0, 0.0, 0.0, 170.0, 420.0, 0, 0]",,not a standard NPC interaction
seasonal-ep2/q207-bb-j,Episode2,7,57,51,npc,8,1,"[-74.6837158203125, -66.9698486328125, -15.67523193359375]","[1, 20480, 0]","[0.0, 0.0, 0.0, 160.0, 410.0, 0, 0]",,not a standard NPC interaction
seasonal-ep2/q207-bb-j,Episode2,7,58,51,npc,8,1,"[-124.722412109375, -66.9698486328125, 90.13311767578125]","[1, 28672, 0]","[0.0, 0.0, 0.0, 185.0, 470.0, 0, 0]",,not a standard NPC interaction
seasonal-ep2/q207-bb-j,Episode2,8,0,51,npc,2,1,"[-27.70550537109375, -100.0002670288086, 289.1533203125]","[1, 24576, 0]","[0.0, 0.0, 0.0, 180.0, 450.0, 0, 0]",,not a standard NPC interaction
seasonal-ep2/q207-bb-j,Episode2,8,46,51,npc,9,1,"[-26.489990234375, 45.05999755859375, -40.7200927734375]","[1, 4096, 0]","[0.0, 0.0, 0.0, 183.0, 460.0, 0, 0]",,not a standard NPC interaction
seasonal-ep2/q207-bb-j,Episode2,9,0,51,npc,1,1,"[60.30999755859375, 74.40999603271484, -97.89999389648438]","[1, 57344, 0]","[0.0, 0.0, 0.0, 0.0, 0.0, 0, 0]",,not a standard NPC interaction
seasonal-ep2/q207-bb-j,Episode2,9,1,51,npc,1,1,"[67.60784912109375, 75.20000457763672, -89.17866516113281]","[1, 49152, 0]","[0.0, 0.0, 0.0, 0.0, 0.0, 0, 0]",,not a standard NPC interaction
seasonal-ep2/q207-bb-j,Episode2,9,2,51,npc,1,1,"[-154.14865112304688, -6.225000858306885, 434.06781005859375]","[1, 118784, 0]","[0.0, 0.0, 0.0, 0.0, 0.0, 0, 0]",,not a standard NPC interaction
seasonal-ep2/q207-bb-j,Episode2,9,3,51,npc,1,1,"[-893.6690063476562, -6.654318809509277, 705.593505859375]","[1, 155648, 0]","[0.0, 0.0, 0.0, 0.0, 0.0, 0, 0]",,not a standard NPC interaction
seasonal-ep2/q207-bb-j,Episode2,9,4,51,npc,1,1,"[-902.23486328125, -6.654318809509277, 695.4284057617188]","[1, 147456, 0]","[0.0, 0.0, 0.0, 0.0, 0.0, 0, 0]",,not a standard NPC interaction
seasonal-ep2/q207-bb-j,Episode2,9,5,51,npc,1,1,"[-918.3343505859375, 72.2382583618164, 259.751708984375]","[1, 151552, 0]","[0.0, 0.0, 0.0, 0.0, 0.0, 0, 0]",,not a standard NPC interaction
seasonal-ep2/q207-bb-j,Episode2,9,6,51,npc,1,1,"[-481.8147888183594, 32.8125, 67.5994873046875]","[1, 122880, 0]","[0.0, 0.0, 0.0, 0.0, 0.0, 0, 0]",,not a standard NPC interaction
seasonal-ep2/q207-bb-j,Episode2,9,7,51,npc,1,1,"[-1032.86669921875, 31.312454223632812, -92.24354553222656]","[1, 131072, 0]","[0.0, 0.0, 0.0, 0.0, 0.0, 0, 0]",,not a standard NPC interaction
seasonal-ep2/q207-bb-j,Episode2,9,8,51,npc,1,1,"[-1503.37939453125, 22.904537200927734, 253.32568359375]","[1, 131072, 0]","[0.0, 0.0, 0.0, 0.0, 0.0, 0, 0]",,not a standard NPC interaction
seasonal-ep2/q207-bb-j,Episode2,9,9,51,npc,1,1,"[-1517.7139892578125, 15.029446601867676, 255.4403533935547]","[1, 139264, 0]","[0.0, 0.0, 0.0, 0.0, 0.0, 0, 0]",,not a standard NPC interaction
seasonal-ep2/q207-bb-j,Episode2,9,10,51,npc,1,1,"[-1883.94677734375, 47.84877395629883, -548.7540283203125]","[1, 155648, 0]","[0.0, 0.0, 0.0, 0.0, 0.0, 0, 0]",,not a standard NPC interaction
seasonal-ep2/q207-bb-j,Episode2,9,11,51,npc,1,1,"[-276.6275939941406, 0.33143723011016846, 558.5214233398438]","[1, 176128, 0]","[0.0, 0.0, 0.0, 0.0, 0.0, 0, 0]",,not a standard NPC interaction
seasonal-ep2/q207-bb-j,Episode2,9,12,51,npc,1,1,"[-287.16937255859375, 0.33143723011016846, 568.0768432617188]","[1, 172032, 0]","[0.0, 0.0, 0.0, 0.0, 0.0, 0, 0]",,not a standard NPC interaction
seasonal-ep2/q207-bb-j,Episode2,9,13,51,npc,1,1,"[-1434.8145751953125, 47.597938537597656, -374.7300109863281]","[1, 167936, 0]","[0.0, 0.0, 0.0, 0.0, 0.0, 0, 0]",,not a standard NPC interaction
seasonal-ep2/q207-bb-j,Episode2,9,14,51,npc,1,1,"[-468.3275146484375, 1.649953842163086, 716.5951538085938]","[1, 163840, 0]","[0.0, 150.0, 0.0, 0.0, 0.0, 0, 0]",,not a standard NPC interaction
seasonal-ep2/q207-bb-j,Episode2,9,15,51,npc,1,1,"[-918.8973388671875, 3.0799999237060547, 458.989990234375]","[1, 151552, 0]","[0.0, 150.0, 0.0, 0.0, 0.0, 0, 0]",,not a standard NPC interaction
seasonal-ep2/q207-bb-j,Episode2,9,16,51,npc,1,1,"[-1403.623779296875, 3.325021505355835, 310.8438415527344]","[1, 155648, 0]","[0.0, 150.0, 0.0, 0.0, 0.0, 0, 0]",,not a standard NPC interaction
seasonal-ep2/q207-bb-j,Episode2,9,17,51,npc,2,1,"[-9.78188705444336, 10.0, 52.94935607910156]","[1, 32768, 0]","[0.0, 0.0, 0.0, 181.0, 451.0, 0, 0]",,not a standard NPC interaction
seasonal-ep2/q207-bb-j,Episode2,9,47,51,npc,7,1,"[236.98004150390625, 171.0, -15.520004272460938]","[1, 45056, 0]","[0.0, 0.0, 0.0, 160.0, 410.0, 0, 0]",,not a standard NPC interaction
seasonal-ep2/q207-bb-j,Episode2,9,48,51,npc,7,1,"[205.0609130859375, 171.0, -1.3944091796875]","[1, 36864, 0]","[0.0, 0.0, 0.0, 150.0, 400.0, 0, 0]",,not a standard NPC interaction
seasonal-ep2/q207-bb-j,Episode2,9,49,51,npc,7,1,"[238.22003173828125, 171.0, -48.83946228027344]","[1, 49152, 0]","[0.0, 0.0, 0.0, 170.0, 420.0, 0, 0]",,not a standard NPC interaction
seasonal-ep2/q207-bb-j,Episode2,9,50,51,npc,7,1,"[173.4996337890625, 171.0, -45.452972412109375]","[1, 16384, 0]","[0.0, 0.0, 0.0, 185.0, 470.0, 0, 0]",,not a standard NPC interaction
seasonal-ep2/q207-bb-j,Episode2,9,64,51,npc,10,1,"[-0.30908203125, 10.0, -69.04864501953125]","[1, 73728, 0]","[0.0, 0.0, 0.0, 182.0, 452.0, 0, 0]",,not a standard NPC interaction
seasonal-ep2/q240-bb-e,Episode2,8,0,51,npc,2,2,"[52.6951904296875, -85.5, 113.30731201171875]","[1, 110592, 0]","[0.0, 0.0, 0.0, 0.0, 0.0, 0, 0]",,not a standard NPC interaction
seasonal-ep2/q240-bb-e,Episode2,8,1,51,npc,2,2,"[33.100006103515625, -100.00025177001953, 261.16998291015625]","[1, 233472, 0]","[0.0, 0.0, 0.0, 202.0, 2020.0, 0, 0]",,not a standard NPC interaction
seasonal-ep2/q240-bb-e,Episode2,8,2,51,npc,2,2,"[15.205047607421875, -100.00025177001953, 265.70751953125]","[1, 221184, 0]","[0.0, 0.0, 0.0, 201.0, 2010.0, 0, 0]",,not a standard NPC interaction
seasonal-ep2/q240-bb-e,Episode2,8,3,51,npc,2,1,"[-57.554595947265625, -134.0, -48.589996337890625]","[1, 90112, 0]","[0.0, 0.0, 0.0, 200.0, 2000.0, 0, 0]",,not a standard NPC interaction
seasonal-ep2/q240-bb-e,Episode2,8,4,51,npc,2,1,"[16.586456298828125, -105.00476837158203, 234.977294921875]","[1, 69632, 0]","[0.0, 0.0, 0.0, 203.0, 2030.0, 0, 0]",,not a standard NPC interaction
seasonal-ep2/q240-bb-e,Episode2,8,5,51,npc,2,1,"[40.367218017578125, -85.5, 113.260009765625]","[1, 86016, 0]","[0.0, 0.0, 0.0, 0.0, 0.0, 0, 0]",,not a standard NPC interaction
seasonal-ep2/q240-bb-e,Episode2,8,7,51,npc,3,2,"[31.0284423828125, -51.79430389404297, -124.84674072265625]","[1, 45056, 0]","[0.0, 0.0, 0.0, 218.0, 2180.0, 0, 0]",,not a standard NPC interaction
seasonal-ep2/q240-bb-e,Episode2,8,8,51,npc,3,2,"[115.56871032714844, -34.707191467285156, -144.724609375]","[1, 24576, 0]","[0.0, 0.0, 0.0, 216.0, 2160.0, 0, 0]",,not a standard NPC interaction
seasonal-ep2/q240-bb-e,Episode2,8,9,51,npc,3,1,"[2.9241294860839844, -57.41545104980469, -133.57733154296875]","[1, 32768, 0]","[0.0, 0.0, 0.0, 219.0, 2190.0, 0, 0]",,not a standard NPC interaction
seasonal-ep2/q240-bb-e,Episode2,8,10,51,npc,3,1,"[257.0, 0.5, 93.0]","[1, 32768, 0]","[0.0, 0.0, 0.0, 215.0, 2150.0, 0, 0]",,not a standard NPC interaction
seasonal-ep2/q240-bb-e,Episode2,8,11,51,npc,3,1,"[-104.27000427246094, -78.6500015258789, -59.30999755859375]","[1, 20480, 0]","[0.0, 0.0, 0.0, 220.0, 2200.0, 0, 0]",,not a standard NPC interaction
seasonal-ep2/q240-bb-e,Episode2,8,12,51,npc,3,1,"[-92.37775421142578, -76.475830078125, -63.27001953125]","[1, 53248, 0]","[0.0, 0.0, 0.0, 221.0, 2210.0, 0, 0]",,not a standard NPC interaction
seasonal-ep2/q240-bb-e,Episode2,8,13,51,npc,3,1,"[129.6199188232422, -32.0762825012207, -147.8448486328125]","[1, 40960, 0]","[0.0, 0.0, 0.0, 217.0, 2170.0, 0, 0]",,not a standard NPC interaction
seasonal-ep2/q240-bb-e,Episode2,8,15,51,npc,4,2,"[-3.1817626953125, 0.0, -236.37240600585938]","[1, 28672, 0]","[0.0, 0.0, 0.0, 212.0, 2120.0, 0, 0]",,not a standard NPC interaction
seasonal-ep2/q240-bb-e,Episode2,8,16,51,npc,4,2,"[84.46319580078125, 47.605186462402344, -137.79437255859375]","[1, 24576, 0]","[0.0, 0.0, 0.0, 0.0, 0.0, 0, 0]",,not a standard NPC interaction
seasonal-ep2/q240-bb-e,Episode2,8,17,51,npc,4,2,"[-43.15057373046875, 49.26875305175781, 184.66998291015625]","[1, 28672, 0]","[0.0, 0.0, 0.0, 0.0, 0.0, 0, 0]",,not a standard NPC interaction
seasonal-ep2/q240-bb-e,Episode2,8,18,51,npc,4,1,"[-10.11114501953125, 5.02500057220459, -13.24609375]","[1, 20480, 0]","[0.0, 0.0, 0.0, 210.0, 2100.0, 0, 0]",,not a standard NPC interaction
seasonal-ep2/q240-bb-e,Episode2,8,19,51,npc,4,1,"[18.327117919921875, 0.0, -235.2950439453125]","[1, 32768, 0]","[0.0, 0.0, 0.0, 211.0, 2110.0, 0, 0]",,not a standard NPC interaction
seasonal-ep2/q240-bb-e,Episode2,8,20,51,npc,4,1,"[-32.62353515625, -0.00025010108947753906, -229.31866455078125]","[1, 32768, 0]","[0.0, 0.0, 0.0, 213.0, 2130.0, 0, 0]",,not a standard NPC interaction
seasonal-ep2/q240-bb-e,Episode2,8,21,51,npc,4,1,"[95.53076171875, 48.11178207397461, -145.829345703125]","[1, 32768, 0]","[0.0, 0.0, 0.0, 0.0, 0.0, 0, 0]",,not a standard NPC interaction
seasonal-ep2/q240-bb-e,Episode2,8,22,51,npc,4,1,"[-32.823822021484375, 49.7430419921875, 177.36993408203125]","[1, 45056, 0]","[0.0, 0.0, 0.0, 0.0, 0.0, 0, 0]",,not a standard NPC interaction
seasonal-ep2/q240-bb-e,Episode2,8,23,51,npc,10,1,"[4.0, -53.0, -55.0]","[1, 57344, 0]","[0.0, 0.0, 0.0, 205.0, 2050.0, 0, 0]",,not a standard NPC interaction
seasonal-ep2/q240-bb-j,Episode2,8,0,51,npc,2,2,"[52.6951904296875, -85.5, 113.30731201171875]","[1, 110592, 0]","[0.0, 0.0, 0.0, 0.0, 0.0, 0, 0]",,not a standard NPC interaction
seasonal-ep2/q240-bb-j,Episode2,8,1,51,npc,2,2,"[33.100006103515625, -100.00025177001953, 261.16998291015625]","[1, 233472, 0]","[0.0, 0.0, 0.0, 202.0, 2020.0, 0, 0]",,not a standard NPC interaction
seasonal-ep2/q240-bb-j,Episode2,8,2,51,npc,2,2,"[15.205047607421875, -100.00025177001953, 265.70751953125]","[1, 221184, 0]","[0.0, 0.0, 0.0, 201.0, 2010.0, 0, 0]",,not a standard NPC interaction
seasonal-ep2/q240-bb-j,Episode2,8,3,51,npc,2,1,"[-57.554595947265625, -134.0, -48.589996337890625]","[1, 90112, 0]","[0.0, 0.0, 0.0, 200.0, 2000.0, 0, 0]",,not a standard NPC interaction
seasonal-ep2/q240-bb-j,Episode2,8,4,51,npc,2,1,"[16.586456298828125, -105.00476837158203, 234.977294921875]","[1, 69632, 0]","[0.0, 0.0, 0.0, 203.0, 2030.0, 0, 0]",,not a standard NPC interaction
seasonal-ep2/q240-bb-j,Episode2,8,5,51,npc,2,1,"[40.367218017578125, -85.5, 113.260009765625]","[1, 86016, 0]","[0.0, 0.0, 0.0, 0.0, 0.0, 0, 0]",,not a standard NPC interaction
seasonal-ep2/q240-bb-j,Episode2,8,7,51,npc,3,2,"[31.0284423828125, -51.79430389404297, -124.84674072265625]","[1, 45056, 0]","[0.0, 0.0, 0.0, 218.0, 2180.0, 0, 0]",,not a standard NPC interaction
seasonal-ep2/q240-bb-j,Episode2,8,8,51,npc,3,2,"[115.56871032714844, -34.707191467285156, -144.724609375]","[1, 24576, 0]","[0.0, 0.0, 0.0, 216.0, 2160.0, 0, 0]",,not a standard NPC interaction
seasonal-ep2/q240-bb-j,Episode2,8,9,51,npc,3,1,"[2.9241294860839844, -57.41545104980469, -133.57733154296875]","[1, 32768, 0]","[0.0, 0.0, 0.0, 219.0, 2190.0, 0, 0]",,not a standard NPC interaction
seasonal-ep2/q240-bb-j,Episode2,8,10,51,npc,3,1,"[257.0, 0.5, 93.0]","[1, 32768, 0]","[0.0, 0.0, 0.0, 215.0, 2150.0, 0, 0]",,not a standard NPC interaction
seasonal-ep2/q240-bb-j,Episode2,8,11,51,npc,3,1,"[-104.27000427246094, -78.6500015258789, -59.30999755859375]","[1, 20480, 0]","[0.0, 0.0, 0.0, 220.0, 2200.0, 0, 0]",,not a standard NPC interaction
seasonal-ep2/q240-bb-j,Episode2,8,12,51,npc,3,1,"[-92.37775421142578, -76.475830078125, -63.27001953125]","[1, 53248, 0]","[0.0, 0.0, 0.0, 221.0, 2210.0, 0, 0]",,not a standard NPC interaction
seasonal-ep2/q240-bb-j,Episode2,8,13,51,npc,3,1,"[129.6199188232422, -32.0762825012207, -147.8448486328125]","[1, 40960, 0]","[0.0, 0.0, 0.0, 217.0, 2170.0, 0, 0]",,not a standard NPC interaction
seasonal-ep2/q240-bb-j,Episode2,8,15,51,npc,4,2,"[-3.1817626953125, 0.0, -236.37240600585938]","[1, 28672, 0]","[0.0, 0.0, 0.0, 212.0, 2120.0, 0, 0]",,not a standard NPC interaction
seasonal-ep2/q240-bb-j,Episode2,8,16,51,npc,4,2,"[84.46319580078125, 47.605186462402344, -137.79437255859375]","[1, 24576, 0]","[0.0, 0.0, 0.0, 0.0, 0.0, 0, 0]",,not a standard NPC interaction
seasonal-ep2/q240-bb-j,Episode2,8,17,51,npc,4,2,"[-43.15057373046875, 49.26875305175781, 184.66998291015625]","[1, 28672, 0]","[0.0, 0.0, 0.0, 0.0, 0.0, 0, 0]",,not a standard NPC interaction
seasonal-ep2/q240-bb-j,Episode2,8,18,51,npc,4,1,"[-10.11114501953125, 5.02500057220459, -13.24609375]","[1, 20480, 0]","[0.0, 0.0, 0.0, 210.0, 2100.0, 0, 0]",,not a standard NPC interaction
seasonal-ep2/q240-bb-j,Episode2,8,19,51,npc,4,1,"[18.327117919921875, 0.0, -235.2950439453125]","[1, 32768, 0]","[0.0, 0.0, 0.0, 211.0, 2110.0, 0, 0]",,not a standard NPC interaction
seasonal-ep2/q240-bb-j,Episode2,8,20,51,npc,4,1,"[-32.62353515625, -0.00025010108947753906, -229.31866455078125]","[1, 32768, 0]","[0.0, 0.0, 0.0, 213.0, 2130.0, 0, 0]",,not a standard NPC interaction
seasonal-ep2/q240-bb-j,Episode2,8,21,51,npc,4,1,"[95.53076171875, 48.11178207397461, -145.829345703125]","[1, 32768, 0]","[0.0, 0.0, 0.0, 0.0, 0.0, 0, 0]",,not a standard NPC interaction
seasonal-ep2/q240-bb-j,Episode2,8,22,51,npc,4,1,"[-32.823822021484375, 49.7430419921875, 177.36993408203125]","[1, 45056, 0]","[0.0, 0.0, 0.0, 0.0, 0.0, 0, 0]",,not a standard NPC interaction
seasonal-ep2/q240-bb-j,Episode2,8,23,51,npc,10,1,"[4.0, -53.0, -55.0]","[1, 57344, 0]","[0.0, 0.0, 0.0, 205.0, 2050.0, 0, 0]",,not a standard NPC interaction
solo-extra-ep1/q126-bb-e,Episode1,1,0,51,npc,11,0,"[81.52999877929688, 22.78999900817871, -4.470001220703125]","[4, 0, 0]","[0.0, 0.0, 0.0, 100.0, 1100.0, 0, 0]",,not a standard NPC interaction
solo-extra-ep1/q126-bb-e,Episode1,1,1,51,npc,11,0,"[86.16069030761719, 20.332698822021484, 67.88607788085938]","[4, 0, 1]","[200.0, 0.0, 0.0, 110.0, 1110.0, 1, 0]",,not a standard NPC interaction
solo-extra-ep1/q126-bb-e,Episode1,1,2,51,npc,11,0,"[1.843292236328125, 20.8751163482666, 161.574951171875]","[4, 57344, 1]","[200.0, 0.0, 0.0, 120.0, 1120.0, 1, 0]",,not a standard NPC interaction
solo-extra-ep1/q126-bb-e,Episode1,1,3,51,npc,11,0,"[111.44073486328125, 25.254518508911133, 219.97097778320312]","[4, 12288, 1]","[200.0, 0.0, 0.0, 130.0, 1130.0, 1, 0]",,not a standard NPC interaction
solo-extra-ep1/q126-bb-e,Episode1,1,4,51,npc,11,0,"[-11.43841552734375, 18.11958885192871, 117.5755615234375]","[4, 12288, 1]","[200.0, 0.0, 0.0, 140.0, 1140.0, 1, 0]",,not a standard NPC interaction
solo-extra-ep1/q126-bb-e,Episode1,1,5,51,npc,11,0,"[107.58282470703125, 23.62779998779297, 146.4788818359375]","[4, 57344, 1]","[200.0, 0.0, 0.0, 150.0, 1150.0, 1, 0]",,not a standard NPC interaction
solo-extra-ep1/q126-bb-e,Episode1,1,6,51,npc,11,0,"[60.08232116699219, 23.038726806640625, 164.3818359375]","[4, 0, 1]","[200.0, 0.0, 0.0, 160.0, 1160.0, 1, 0]",,not a standard NPC interaction
solo-extra-ep1/q126-bb-e,Episode1,1,7,51,npc,11,0,"[151.56887817382812, 24.036376953125, 95.27622985839844]","[4, 24576, 1]","[200.0, 0.0, 0.0, 170.0, 1170.0, 1, 0]",,not a standard NPC interaction
solo-extra-ep1/q126-bb-e,Episode1,1,8,51,npc,11,0,"[170.88253784179688, 25.455467224121094, 149.93954467773438]","[4, 4096, 1]","[200.0, 0.0, 0.0, 180.0, 1180.0, 1, 0]",,not a standard NPC interaction
solo-extra-ep1/q126-bb-e,Episode1,1,9,51,npc,11,0,"[289.49346923828125, 13.144457817077637, 332.4610595703125]","[4, 20480, 1]","[0.0, 0.0, 0.0, 190.0, 1190.0, 0, 0]",,not a standard NPC interaction
solo-extra-ep1/q126-bb-j,Episode1,1,0,51,npc,11,0,"[81.52999877929688, 22.78999900817871, -4.470001220703125]","[4, 0, 0]","[0.0, 0.0, 0.0, 100.0, 1100.0, 0, 0]",,not a standard NPC interaction
solo-extra-ep1/q126-bb-j,Episode1,1,1,51,npc,11,0,"[86.16069030761719, 20.332698822021484, 67.88607788085938]","[4, 0, 1]","[200.0, 0.0, 0.0, 110.0, 1110.0, 1, 0]",,not a standard NPC interaction
solo-extra-ep1/q126-bb-j,Episode1,1,2,51,npc,11,0,"[1.843292236328125, 20.8751163482666, 161.574951171875]","[4, 57344, 1]","[200.0, 0.0, 0.0, 120.0, 1120.0, 1, 0]",,not a standard NPC interaction
solo-extra-ep1/q126-bb-j,Episode1,1,3,51,npc,11,0,"[111.44073486328125, 25.254518508911133, 219.97097778320312]","[4, 12288, 1]","[200.0, 0.0, 0.0, 130.0, 1130.0, 1, 0]",,not a standard NPC interaction
solo-extra-ep1/q126-bb-j,Episode1,1,4,51,npc,11,0,"[-11.43841552734375, 18.11958885192871, 117.5755615234375]","[4, 12288, 1]","[200.0, 0.0, 0.0, 140.0, 1140.0, 1, 0]",,not a standard NPC interaction
solo-extra-ep1/q126-bb-j,Episode1,1,5,51,npc,11,0,"[107.58282470703125, 23.62779998779297, 146.4788818359375]","[4, 57344, 1]","[200.0, 0.0, 0.0, 150.0, 1150.0, 1, 0]",,not a standard NPC interaction
solo-extra-ep1/q126-bb-j,Episode1,1,6,51,npc,11,0,"[60.08232116699219, 23.038726806640625, 164.3818359375]","[4, 0, 1]","[200.0, 0.0, 0.0, 160.0, 1160.0, 1, 0]",,not a standard NPC interaction
solo-extra-ep1/q126-bb-j,Episode1,1,7,51,npc,11,0,"[151.56887817382812, 24.036376953125, 95.27622985839844]","[4, 24576, 1]","[200.0, 0.0, 0.0, 170.0, 1170.0, 1, 0]",,not a standard NPC interaction
solo-extra-ep1/q126-bb-j,Episode1,1,8,51,npc,11,0,"[170.88253784179688, 25.455467224121094, 149.93954467773438]","[4, 4096, 1]","[200.0, 0.0, 0.0, 180.0, 1180.0, 1, 0]",,not a standard NPC interaction
solo-extra-ep1/q126-bb-j,Episode1,1,9,51,npc,11,0,"[289.49346923828125, 13.144457817077637, 332.4610595703125]","[4, 20480, 1]","[0.0, 0.0, 0.0, 190.0, 1190.0, 0, 0]",,not a standard NPC interaction
solo-extra-ep1/q143-bb-e,Episode1,8,0,51,npc,70,0,"[-34.2904052734375, -15.0, 100.44329833984375]","[6, -9727, 0]","[0.0, 0.0, 100.0, 901.0, 901.0, 0, 0]",,not a standard NPC interaction
solo-extra-ep1/q143-bb-e,Episode1,8,1,51,npc,70,0,"[-40.8172607421875, -14.071661949157715, 64.6337890625]","[6, -12287, 0]","[0.0, 0.0, 100.0, 902.0, 902.0, 0, 0]",,not a standard NPC interaction
solo-extra-ep1/q143-bb-e,Episode1,8,2,51,npc,70,0,"[-47.42010498046875, -6.1164374351501465, 32.50457763671875]","[6, -12287, 0]","[0.0, 0.0, 100.0, 903.0, 903.0, 0, 0]",,not a standard NPC interaction
solo-extra-ep1/q143-bb-e,Episode1,8,3,51,npc,70,0,"[-59.778564453125, 6.3320231437683105, -2.5443115234375]","[6, -12287, 0]","[0.0, 0.0, 100.0, 904.0, 904.0, 0, 0]",,not a standard NPC interaction
solo-extra-ep1/q143-bb-e,Episode1,8,4,51,npc,70,0,"[-64.98846435546875, -15.0, 120.0062255859375]","[6, 20481, 0]","[0.0, 0.0, 100.0, 911.0, 911.0, 0, 0]",,not a standard NPC interaction
solo-extra-ep1/q143-bb-e,Episode1,8,5,51,npc,70,0,"[-99.34527587890625, -10.387048721313477, 102.5494384765625]","[6, 20481, 0]","[0.0, 0.0, 100.0, 912.0, 912.0, 0, 0]",,not a standard NPC interaction
solo-extra-ep1/q143-bb-e,Episode1,8,6,51,npc,70,0,"[-128.76763916015625, -1.9312248229980469, 87.72235107421875]","[6, 20481, 0]","[0.0, 0.0, 100.0, 913.0, 913.0, 0, 0]",,not a standard NPC interaction
solo-extra-ep1/q143-bb-e,Episode1,8,7,51,npc,70,0,"[-157.5042724609375, 9.053728103637695, 74.07513427734375]","[6, 20481, 0]","[0.0, 0.0, 100.0, 914.0, 914.0, 0, 0]",,not a standard NPC interaction
solo-extra-ep1/q143-bb-e,Episode1,8,8,51,npc,70,0,"[-206.22088623046875, -30.0, 360.93994140625]","[3, 24577, 0]","[0.0, 0.0, 100.0, 921.0, 921.0, 0, 0]",,not a standard NPC interaction
solo-extra-ep1/q143-bb-j,Episode1,8,0,51,npc,70,0,"[-34.2904052734375, -15.0, 100.44329833984375]","[6, -9727, 0]","[0.0, 0.0, 100.0, 901.0, 901.0, 0, 0]",,not a standard NPC interaction
solo-extra-ep1/q143-bb-j,Episode1,8,1,51,npc,70,0,"[-40.8172607421875, -14.071661949157715, 64.6337890625]","[6, -12287, 0]","[0.0, 0.0, 100.0, 902.0, 902.0, 0, 0]",,not a standard NPC interaction
solo-extra-ep1/q143-bb-j,Episode1,8,2,51,npc,70,0,"[-47.42010498046875, -6.1164374351501465, 32.50457763671875]","[6, -12287, 0]","[0.0, 0.0, 100.0, 903.0, 903.0, 0, 0]",,not a standard NPC interaction
solo-extra-ep1/q143-bb-j,Episode1,8,3,51,npc,70,0,"[-59.778564453125, 6.3320231437683105, -2.5443115234375]","[6, -12287, 0]","[0.0, 0.0, 100.0, 904.0, 904.0, 0, 0]",,not a standard NPC interaction
solo-extra-ep1/q143-bb-j,Episode1,8,4,51,npc,70,0,"[-64.98846435546875, -15.0, 120.0062255859375]","[6, 20481, 0]","[0.0, 0.0, 100.0, 911.0, 911.0, 0, 0]",,not a standard NPC interaction
solo-extra-ep1/q143-bb-j,Episode1,8,5,51,npc,70,0,"[-99.34527587890625, -10.387048721313477, 102.5494384765625]","[6, 20481, 0]","[0.0, 0.0, 100.0, 912.0, 912.0, 0, 0]",,not a standard NPC interaction
solo-extra-ep1/q143-bb-j,Episode1,8,6,51,npc,70,0,"[-128.76763916015625, -1.9312248229980469, 87.72235107421875]","[6, 20481, 0]","[0.0, 0.0, 100.0, 913.0, 913.0, 0, 0]",,not a standard NPC interaction
solo-extra-ep1/q143-bb-j,Episode1,8,7,51,npc,70,0,"[-157.5042724609375, 9.053728103637695, 74.07513427734375]","[6, 20481, 0]","[0.0, 0.0, 100.0, 914.0, 914.0, 0, 0]",,not a standard NPC interaction
solo-extra-ep1/q143-bb-j,Episode1,8,8,51,npc,70,0,"[-206.22088623046875, -30.0, 360.93994140625]","[3, 24577, 0]","[0.0, 0.0, 100.0, 921.0, 921.0, 0, 0]",,not a standard NPC interaction
solo-story-ep1/q006-bb-e,Episode1,1,51,51,npc,2,0,"[30.0, 43.0, -55.0]","[10, 53248, 0]","[0.0, 224.0, 0.0, 224.0, 1200.0, 0, 0]",,not a standard NPC interaction
solo-story-ep1/q006-bb-e,Episode1,1,54,51,npc,2,0,"[30.0, 37.20000076293945, -55.0]","[10, 53248, 0]","[0.0, 225.0, 226.0, 225.0, 1201.0, 0, 0]",,not a standard NPC interaction
solo-story-ep1/q006-bb-j,Episode1,1,51,51,npc,2,0,"[30.0, 43.0, -55.0]","[10, 53248, 0]","[0.0, 224.0, 0.0, 224.0, 1200.0, 0, 0]",,not a standard NPC interaction
solo-story-ep1/q006-bb-j,Episode1,1,54,51,npc,2,0,"[30.0, 37.20000076293945, -55.0]","[10, 53248, 0]","[0.0, 225.0, 226.0, 225.0, 1201.0, 0, 0]",,not a standard NPC interaction
vr-ep2/q49-bb-e,Episode2,16,0,51,npc,1,0,"[-1465.0, 178.0, 392.0]","[7, 12288, 0]","[0.0, 0.0, 9.0, 105.0, 204.0, 0, 0]",,not a standard NPC interaction
vr-ep2/q49-bb-e,Episode2,16,19,51,npc,7,0,"[83.0, 33.65999984741211, 87.0]","[7, 28672, 0]","[0.0, 157.0, 158.0, 104.0, 0.0, 0, 0]",,not a standard NPC interaction
vr-ep2/q49-bb-j,Episode2,16,0,51,npc,1,0,"[-1465.0, 178.0, 392.0]","[7, 12288, 0]","[0.0, 0.0, 9.0, 105.0, 204.0, 0, 0]",,not a standard NPC interaction
vr-ep2/q49-bb-j,Episode2,16,19,51,npc,7,0,"[83.0, 33.65999984741211, 87.0]","[7, 28672, 0]","[0.0, 157.0, 158.0, 104.0, 0.0, 0, 0]",,not a standard NPC interaction
vr-ep2/q203-bb-e,Episode2,3,4,51,npc,11,1,"[0.0, 0.0, 0.0]","[9, 32768, 0]","[0.0, 170.0, 0.0, 170.0, 260.0, 0, 0]",,not a standard NPC interaction
vr-ep2/q203-bb-e,Episode2,3,7,51,npc,40,1,"[0.0, 0.0, 0.0]","[9, 0, 0]","[0.0, 171.0, 0.0, 171.0, 270.0, 0, 0]",,not a standard NPC interaction
vr-ep2/q203-bb-e,Episode2,3,13,51,npc,41,1,"[0.0, 0.0, 0.0]","[9, 32768, 0]","[0.0, 172.0, 0.0, 172.0, 460.0, 0, 0]",,not a standard NPC interaction
vr-ep2/q203-bb-e,Episode2,3,34,51,npc,42,1,"[0.044921875, 0.0, 1.5500030517578125]","[9, 65536, 0]","[0.0, 174.0, 0.0, 174.0, 670.0, 0, 0]",,not a standard NPC interaction
vr-ep2/q203-bb-e,Episode2,3,43,51,npc,50,1,"[0.0115966796875, 0.0, 120.0]","[0, 32769, 0]","[0.0, 160.0, 0.0, 0.0, 0.0, 0, 0]",,not a standard NPC interaction
vr-ep2/q203-bb-e,Episode2,3,44,51,npc,50,1,"[0.0115966796875, 3.814697265625e-06, 120.0]","[1, 32769, 0]","[0.0, 161.0, 0.0, 0.0, 0.0, 0, 0]",,not a standard NPC interaction
vr-ep2/q203-bb-e,Episode2,3,45,51,npc,50,1,"[0.0115966796875, 0.0, 120.0]","[2, 32769, 0]","[0.0, 162.0, 0.0, 0.0, 0.0, 0, 0]",,not a standard NPC interaction
vr-ep2/q203-bb-e,Episode2,3,46,51,npc,50,1,"[0.0115966796875, 0.0, 120.0]","[3, 32769, 0]","[0.0, 163.0, 0.0, 0.0, 0.0, 0, 0]",,not a standard NPC interaction
vr-ep2/q203-bb-e,Episode2,3,47,51,npc,50,1,"[0.011566162109375, -7.62939453125e-06, 120.0]","[3, 32769, 0]","[0.0, 164.0, 0.0, 0.0, 0.0, 0, 0]",,not a standard NPC interaction
vr-ep2/q203-bb-e,Episode2,3,48,51,npc,50,1,"[0.0115966796875, -3.814697265625e-06, 120.0]","[5, 32769, 0]","[0.0, 165.0, 0.0, 0.0, 0.0, 0, 0]",,not a standard NPC interaction
vr-ep2/q203-bb-e,Episode2,3,49,51,npc,50,1,"[0.0115966796875, -3.814697265625e-06, 120.0]","[5, 32769, 0]","[0.0, 166.0, 0.0, 0.0, 0.0, 0, 0]",,not a standard NPC interaction
vr-ep2/q203-bb-e,Episode2,3,50,51,npc,50,1,"[0.0115966796875, 0.0, 120.0]","[7, 32769, 0]","[0.0, 167.0, 0.0, 0.0, 0.0, 0, 0]",,not a standard NPC interaction
vr-ep2/q203-bb-e,Episode2,3,51,51,npc,50,1,"[0.0115966796875, 0.0, 120.0]","[8, 32769, 0]","[0.0, 168.0, 0.0, 0.0, 0.0, 0, 0]",,not a standard NPC interaction
vr-ep2/q203-bb-e,Episode2,3,52,51,npc,50,1,"[0.0115966796875, 0.0, 120.0]","[9, 32769, 0]","[0.0, 169.0, 0.0, 0.0, 0.0, 0, 0]",,not a standard NPC interaction
vr-ep2/q203-bb-e,Episode2,3,56,51,npc,51,1,"[0.0, 0.0, 0.0]","[9, 32769, 0]","[0.0, 173.0, 0.0, 173.0, 650.0, 0, 0]",,not a standard NPC interaction
vr-ep2/q203-bb-j,Episode2,3,4,51,npc,11,1,"[0.0, 0.0, 0.0]","[9, 32768, 0]","[0.0, 170.0, 0.0, 170.0, 260.0, 0, 0]",,not a standard NPC interaction
vr-ep2/q203-bb-j,Episode2,3,7,51,npc,40,1,"[0.0, 0.0, 0.0]","[9, 0, 0]","[0.0, 171.0, 0.0, 171.0, 270.0, 0, 0]",,not a standard NPC interaction
vr-ep2/q203-bb-j,Episode2,3,13,51,npc,41,1,"[0.0, 0.0, 0.0]","[9, 32768, 0]","[0.0, 172.0, 0.0, 172.0, 460.0, 0, 0]",,not a standard NPC interaction
vr-ep2/q203-bb-j,Episode2,3,34,51,npc,42,1,"[0.044921875, 0.0, 1.5500030517578125]","[9, 65536, 0]","[0.0, 174.0, 0.0, 174.0, 670.0, 0, 0]",,not a standard NPC interaction
vr-ep2/q203-bb-j,Episode2,3,43,51,npc,50,1,"[0.0115966796875, 0.0, 120.0]","[0, 32769, 0]","[0.0, 160.0, 0.0, 0.0, 0.0, 0, 0]",,not a standard NPC interaction
vr-ep2/q203-bb-j,Episode2,3,44,51,npc,50,1,"[0.0115966796875, 3.814697265625e-06, 120.0]","[1, 32769, 0]","[0.0, 161.0, 0.0, 0.0, 0.0, 0, 0]",,not a standard NPC interaction
vr-ep2/q203-bb-j,Episode2,3,45,51,npc,50,1,"[0.0115966796875, 0.0, 120.0]","[2, 32769, 0]","[0.0, 162.0, 0.0, 0.0, 0.0, 0, 0]",,not a standard NPC interaction
vr-ep2/q203-bb-j,Episode2,3,46,51,npc,50,1,"[0.0115966796875, 0.0, 120.0]","[3, 32769, 0]","[0.0, 163.0, 0.0, 0.0, 0.0, 0, 0]",,not a standard NPC interaction
vr-ep2/q203-bb-j,Episode2,3,47,51,npc,50,1,"[0.011566162109375, -7.62939453125e-06, 120.0]","[3, 32769, 0]","[0.0, 164.0, 0.0, 0.0, 0.0, 0, 0]",,not a standard NPC interaction
vr-ep2/q203-bb-j,Episode2,3,48,51,npc,50,1,"[0.0115966796875, -3.814697265625e-06, 120.0]","[5, 32769, 0]","[0.0, 165.0, 0.0, 0.0, 0.0, 0, 0]",,not a standard NPC interaction
vr-ep2/q203-bb-j,Episode2,3,49,51,npc,50,1,"[0.0115966796875, -3.814697265625e-06, 120.0]","[5, 32769, 0]","[0.0, 166.0, 0.0, 0.0, 0.0, 0, 0]",,not a standard NPC interaction
vr-ep2/q203-bb-j,Episode2,3,50,51,npc,50,1,"[0.0115966796875, 0.0, 120.0]","[7, 32769, 0]","[0.0, 167.0, 0.0, 0.0, 0.0, 0, 0]",,not a standard NPC interaction
vr-ep2/q203-bb-j,Episode2,3,51,51,npc,50,1,"[0.0115966796875, 0.0, 120.0]","[8, 32769, 0]","[0.0, 168.0, 0.0, 0.0, 0.0, 0, 0]",,not a standard NPC interaction
vr-ep2/q203-bb-j,Episode2,3,52,51,npc,50,1,"[0.0115966796875, 0.0, 120.0]","[9, 32769, 0]","[0.0, 169.0, 0.0, 0.0, 0.0, 0, 0]",,not a standard NPC interaction
vr-ep2/q203-bb-j,Episode2,3,56,51,npc,51,1,"[0.0, 0.0, 0.0]","[9, 32769, 0]","[0.0, 173.0, 0.0, 173.0, 650.0, 0, 0]",,not a standard NPC interaction
