quest_key,episode,floor,index,type,kind,room,wave,position,angles,params,handler_label,handler_status
challenge-ep2/d88203-bb-e,Episode2,4,86,216,monster,11,1,"[26.3260498046875, 9.841954231262207, 36.981201171875]","[0, 16384, 0]","[200.0, 0.0, 0.7999999523162842, 0.7999999523162842, 0.0, 0, 0]",,not a standard NPC interaction
challenge-ep2/d88203-bb-e,Episode2,5,46,216,monster,9,1,"[-120.0, 0.0, 0.0]","[0, 49152, 0]","[100.0, 0.0, 0.7999999523162842, 0.7999999523162842, 0.0, 3, 0]",,not a standard NPC interaction
challenge-ep2/d88203-bb-j,Episode2,4,86,216,monster,11,1,"[26.3260498046875, 9.841954231262207, 36.981201171875]","[0, 16384, 0]","[200.0, 0.0, 0.7999999523162842, 0.7999999523162842, 0.0, 0, 0]",,not a standard NPC interaction
challenge-ep2/d88203-bb-j,Episode2,5,46,216,monster,9,1,"[-120.0, 0.0, 0.0]","[0, 49152, 0]","[100.0, 0.0, 0.7999999523162842, 0.7999999523162842, 0.0, 3, 0]",,not a standard NPC interaction
challenge-ep2/d88205-bb-e,Episode2,1,6,216,monster,2,2,"[222.2580108642578, -5.773346424102783, -261.90625]","[0, 7680, 0]","[500.0, 0.0, 0.7999999523162842, 0.7999999523162842, 0.0, 0, 0]",,not a standard NPC interaction
challenge-ep2/d88205-bb-e,Episode2,1,12,216,monster,3,1,"[303.6300048828125, -21.0, 1.975067138671875]","[0, 98304, 0]","[500.0, 0.0, 0.7999999523162842, 0.7999999523162842, 0.0, 0, 0]",,not a standard NPC interaction
challenge-ep2/d88205-bb-e,Episode2,1,13,216,monster,3,1,"[388.5052185058594, -21.0, 5.47265625]","[0, 98304, 0]","[500.0, 0.0, 0.7999999523162842, 0.7999999523162842, 0.0, 0, 0]",,not a standard NPC interaction
challenge-ep2/d88205-bb-e,Episode2,1,17,216,monster,5,2,"[103.837890625, -8.104628079763643e-15, -325.2353515625]","[0, 12288, 0]","[500.0, 0.0, 0.7999999523162842, 0.7999999523162842, 0.0, 0, 0]",,not a standard NPC interaction
challenge-ep2/d88205-bb-e,Episode2,2,5,216,monster,2,1,"[300.20648193359375, -20.0, -164.29296875]","[0, 36864, 0]","[300.0, 0.0, 0.7999999523162842, 0.7999999523162842, 0.0, 0, 0]",,not a standard NPC interaction
challenge-ep2/d88205-bb-e,Episode2,2,29,216,monster,5,1,"[344.3757629394531, -21.0, -172.630859375]","[0, 36864, 0]","[300.0, 0.0, 0.7999999523162842, 0.7999999523162842, 0.0, 0, 0]",,not a standard NPC interaction
challenge-ep2/d88205-bb-e,Episode2,2,30,216,monster,5,1,"[269.2132873535156, -21.0, -135.984375]","[0, 36864, 0]","[300.0, 0.0, 0.7999999523162842, 0.7999999523162842, 0.0, 0, 0]",,not a standard NPC interaction
challenge-ep2/d88205-bb-j,Episode2,1,6,216,monster,2,2,"[222.2580108642578, -5.773346424102783, -261.90625]","[0, 7680, 0]","[500.0, 0.0, 0.7999999523162842, 0.7999999523162842, 0.0, 0, 0]",,not a standard NPC interaction
challenge-ep2/d88205-bb-j,Episode2,1,12,216,monster,3,1,"[303.6300048828125, -21.0, 1.975067138671875]","[0, 98304, 0]","[500.0, 0.0, 0.7999999523162842, 0.7999999523162842, 0.0, 0, 0]",,not a standard NPC interaction
challenge-ep2/d88205-bb-j,Episode2,1,13,216,monster,3,1,"[388.5052185058594, -21.0, 5.47265625]","[0, 98304, 0]","[500.0, 0.0, 0.7999999523162842, 0.7999999523162842, 0.0, 0, 0]",,not a standard NPC interaction
challenge-ep2/d88205-bb-j,Episode2,1,17,216,monster,5,2,"[103.837890625, -8.104628079763643e-15, -325.2353515625]","[0, 12288, 0]","[500.0, 0.0, 0.7999999523162842, 0.7999999523162842, 0.0, 0, 0]",,not a standard NPC interaction
challenge-ep2/d88205-bb-j,Episode2,2,5,216,monster,2,1,"[300.20648193359375, -20.0, -164.29296875]","[0, 36864, 0]","[300.0, 0.0, 0.7999999523162842, 0.7999999523162842, 0.0, 0, 0]",,not a standard NPC interaction
challenge-ep2/d88205-bb-j,Episode2,2,29,216,monster,5,1,"[344.3757629394531, -21.0, -172.630859375]","[0, 36864, 0]","[300.0, 0.0, 0.7999999523162842, 0.7999999523162842, 0.0, 0, 0]",,not a standard NPC interaction
challenge-ep2/d88205-bb-j,Episode2,2,30,216,monster,5,1,"[269.2132873535156, -21.0, -135.984375]","[0, 36864, 0]","[300.0, 0.0, 0.7999999523162842, 0.7999999523162842, 0.0, 0, 0]",,not a standard NPC interaction
events-ep2/q56-bb-e,Episode2,17,6,216,monster,2,2,"[222.2580108642578, -5.773346424102783, -261.90625]","[0, 7680, 0]","[500.0, 0.0, 0.7999999523162842, 0.7999999523162842, 0.0, 0, 0]",,not a standard NPC interaction
events-ep2/q56-bb-e,Episode2,17,12,216,monster,3,1,"[303.6300048828125, -21.0, 1.975067138671875]","[0, 0, 0]","[500.0, 0.0, 0.7999999523162842, 0.7999999523162842, 0.0, 0, 0]",,not a standard NPC interaction
events-ep2/q56-bb-e,Episode2,17,13,216,monster,3,1,"[388.5052185058594, -21.0, 5.47265625]","[0, 0, 0]","[500.0, 0.0, 0.7999999523162842, 0.7999999523162842, 0.0, 0, 0]",,not a standard NPC interaction
events-ep2/q56-bb-e,Episode2,17,17,216,monster,5,2,"[103.837890625, -8.104628079763643e-15, -325.2353515625]","[0, 12288, 0]","[500.0, 0.0, 0.7999999523162842, 0.7999999523162842, 0.0, 0, 0]",,not a standard NPC interaction
events-ep2/q56-bb-j,Episode2,17,6,216,monster,2,2,"[222.2580108642578, -5.773346424102783, -261.90625]","[0, 7680, 0]","[500.0, 0.0, 0.7999999523162842, 0.7999999523162842, 0.0, 0, 0]",,not a standard NPC interaction
events-ep2/q56-bb-j,Episode2,17,12,216,monster,3,1,"[303.6300048828125, -21.0, 1.975067138671875]","[0, 0, 0]","[500.0, 0.0, 0.7999999523162842, 0.7999999523162842, 0.0, 0, 0]",,not a standard NPC interaction
events-ep2/q56-bb-j,Episode2,17,13,216,monster,3,1,"[388.5052185058594, -21.0, 5.47265625]","[0, 0, 0]","[500.0, 0.0, 0.7999999523162842, 0.7999999523162842, 0.0, 0, 0]",,not a standard NPC interaction
events-ep2/q56-bb-j,Episode2,17,17,216,monster,5,2,"[103.837890625, -8.104628079763643e-15, -325.2353515625]","[0, 12288, 0]","[500.0, 0.0, 0.7999999523162842, 0.7999999523162842, 0.0, 0, 0]",,not a standard NPC interaction
events-ep2/q83-bb-e,Episode2,5,19,216,monster,3,3,"[35.0, 50.0, 62.0]","[0, 32768, 0]","[0.0, 0.0, 0.0, 0.0, 0.0, 0, 0]",,not a standard NPC interaction
events-ep2/q83-bb-e,Episode2,5,20,216,monster,3,3,"[-21.649799346923828, 50.0, 62.0]","[0, 32768, 0]","[0.0, 0.0, 0.0, 0.0, 0.0, 0, 0]",,not a standard NPC interaction
events-ep2/q83-bb-e,Episode2,5,86,216,monster,10,2,"[-17.0, 0.0, 0.033066269010305405]","[0, -16384, 0]","[0.0, 0.0, 0.0, 0.0, 0.0, 0, 0]",,not a standard NPC interaction
events-ep2/q83-bb-e,Episode2,6,84,216,monster,4,4,"[-155.19508361816406, 0.0, -13.51925277709961]","[0, 15320, 0]","[0.0, 0.0, 0.0, 0.0, 0.0, 0, 0]",,not a standard NPC interaction
events-ep2/q83-bb-e,Episode2,6,85,216,monster,4,4,"[110.24140167236328, 0.24856151640415192, 52.51150131225586]","[0, 44387, 0]","[0.0, 0.0, 0.0, 0.0, 0.0, 0, 0]",,not a standard NPC interaction
events-ep2/q83-bb-e,Episode2,6,104,216,monster,7,2,"[-813.0, 0.0, -175.0]","[0, 16384, 0]","[2000.0, 0.0, 0.0, 0.0, 0.0, 0, 0]",,not a standard NPC interaction
events-ep2/q83-bb-e,Episode2,6,116,216,monster,1,1,"[80.4076919555664, 32.0, 104.2964859008789]","[0, 38732, 0]","[2000.0, 0.0, 0.0, 0.0, 0.0, 0, 0]",,not a standard NPC interaction
events-ep2/q83-bb-e,Episode2,6,144,216,monster,3,3,"[48.0, 0.0, 47.0]","[0, -16384, 0]","[0.0, 0.0, 0.0, 0.0, 0.0, 0, 0]",,not a standard NPC interaction
events-ep2/q83-bb-e,Episode2,6,145,216,monster,3,3,"[-120.0, 0.0, 47.0]","[0, 16384, 0]","[0.0, 0.0, 0.0, 0.0, 0.0, 0, 0]",,not a standard NPC interaction
events-ep2/q83-bb-e,Episode2,6,195,216,monster,12,2,"[120.09476470947266, 0.0, -9.208846092224121]","[0, 54752, 0]","[0.0, 0.0, 0.0, 0.0, 0.0, 0, 0]",,not a standard NPC interaction
events-ep2/q83-bb-e,Episode2,6,196,216,monster,11,1,"[-55.558448791503906, 0.0, -14.441075325012207]","[0, 55367, 0]","[0.0, 0.0, 0.0, 0.0, 0.0, 0, 0]",,not a standard NPC interaction
events-ep2/q83-bb-e,Episode2,6,197,216,monster,11,1,"[-21.291715621948242, 0.0, 25.17629051208496]","[0, 55367, 0]","[0.0, 0.0, 0.0, 0.0, 0.0, 0, 0]",,not a standard NPC interaction
events-ep2/q83-bb-e,Episode2,6,213,216,monster,11,3,"[75.02749633789062, 0.0, 113.68896484375]","[0, 37893, 0]","[0.0, 0.0, 0.0, 0.0, 0.0, 0, 0]",,not a standard NPC interaction
events-ep2/q83-bb-e,Episode2,6,214,216,monster,11,3,"[-74.04853820800781, -7.850995302760566e-07, -116.1124496459961]","[0, 2000, 0]","[0.0, 0.0, 0.0, 0.0, 0.0, 0, 0]",,not a standard NPC interaction
events-ep2/q83-bb-e,Episode2,6,215,216,monster,11,3,"[12.189424514770508, -1.6948785059867078e-06, -142.1975555419922]","[0, 2000, 0]","[0.0, 0.0, 0.0, 0.0, 0.0, 0, 0]",,not a standard NPC interaction
events-ep2/q83-bb-e,Episode2,7,17,216,monster,2,3,"[16.686899185180664, -45.0, -23.973344802856445]","[0, 52676, 0]","[0.0, 0.0, 0.0, 0.0, 0.0, 0, 0]",,not a standard NPC interaction
events-ep2/q83-bb-e,Episode2,7,23,216,monster,1,2,"[18.53325080871582, 13.0, 30.399002075195312]","[0, 31141, 0]","[0.0, 0.0, 0.0, 0.0, 0.0, 0, 0]",,not a standard NPC interaction
events-ep2/q83-bb-e,Episode2,7,56,216,monster,7,4,"[43.70159912109375, -39.93208694458008, -2.3693807125091553]","[0, 46671, 0]","[0.0, 0.0, 0.0, 0.0, 0.0, 0, 0]",,not a standard NPC interaction
events-ep2/q83-bb-e,Episode2,7,108,216,monster,5,8,"[-0.13824300467967987, -1.0, 3.1367595195770264]","[0, 42011, 0]","[0.0, 0.0, 0.0, 0.0, 0.0, 0, 0]",,not a standard NPC interaction
events-ep2/q83-bb-e,Episode2,7,109,216,monster,5,8,"[4.358226776123047, -0.6431618928909302, 6.733935356140137]","[0, 9139, 0]","[0.0, 0.0, 0.0, 0.0, 0.0, 0, 0]",,not a standard NPC interaction
events-ep2/q83-bb-e,Episode2,7,113,216,monster,3,3,"[21.388328552246094, -13.0, 98.38201904296875]","[0, 33011, 0]","[0.0, 0.0, 0.0, 0.0, 0.0, 0, 0]",,not a standard NPC interaction
events-ep2/q83-bb-e,Episode2,8,22,216,monster,5,6,"[53.05499267578125, 77.0, 113.78520965576172]","[0, 36877, 0]","[0.0, 0.0, 0.0, 0.0, 0.0, 0, 0]",,not a standard NPC interaction
events-ep2/q83-bb-e,Episode2,8,40,216,monster,5,20,"[-180.0, 30.0, 27.0]","[0, -16384, 0]","[0.0, 0.0, 0.0, 0.0, 0.0, 0, 0]",,not a standard NPC interaction
events-ep2/q83-bb-e,Episode2,8,41,216,monster,5,21,"[-160.0, 34.0, -18.0]","[0, -16384, 0]","[0.0, 0.0, 0.0, 0.0, 0.0, 0, 0]",,not a standard NPC interaction
events-ep2/q83-bb-e,Episode2,8,42,216,monster,5,22,"[-160.0, 33.8618049621582, 72.0]","[0, -16384, 0]","[0.0, 0.0, 0.0, 0.0, 0.0, 0, 0]",,not a standard NPC interaction
events-ep2/q83-bb-e,Episode2,8,91,216,monster,3,2,"[72.0, -44.0, 0.0]","[0, 16384, 0]","[0.0, 0.0, 0.0, 0.0, 0.0, 0, 0]",,not a standard NPC interaction
events-ep2/q83-bb-e,Episode2,8,100,216,monster,3,4,"[72.0, -43.780303955078125, -19.0]","[0, 16384, 0]","[0.0, 0.0, 0.0, 0.0, 0.0, 0, 0]",,not a standard NPC interaction
events-ep2/q83-bb-e,Episode2,8,124,216,monster,3,7,"[-192.5, -96.45978546142578, 218.0]","[0, 40143, 0]","[0.0, 0.0, 0.0, 0.0, 0.0, 0, 0]",,not a standard NPC interaction
events-ep2/q83-bb-e,Episode2,8,135,216,monster,3,10,"[-245.0, -100.00025939941406, 108.0]","[0, 24576, 0]","[0.0, 0.0, 0.0, 0.0, 0.0, 0, 0]",,not a standard NPC interaction
events-ep2/q83-bb-e,Episode2,8,174,216,monster,2,6,"[85.0, -123.0, 147.0]","[0, 16384, 0]","[0.0, 0.0, 0.0, 0.0, 0.0, 0, 0]",,not a standard NPC interaction
events-ep2/q83-bb-e,Episode2,8,175,216,monster,2,7,"[85.0, -122.78374481201172, 147.0]","[0, 16384, 0]","[0.0, 0.0, 0.0, 0.0, 0.0, 0, 0]",,not a standard NPC interaction
events-ep2/q83-bb-e,Episode2,8,176,216,monster,2,8,"[85.0, -123.0, 147.0]","[0, 16384, 0]","[0.0, 0.0, 0.0, 0.0, 0.0, 0, 0]",,not a standard NPC interaction
events-ep2/q83-bb-e,Episode2,8,201,216,monster,8,1,"[126.0, -0.00022425223141908646, -304.0]","[0, -8192, 0]","[0.0, 0.0, 0.0, 0.0, 0.0, 0, 0]",,not a standard NPC interaction
events-ep2/q83-bb-e,Episode2,8,215,216,monster,8,3,"[171.0, -0.00032311445102095604, -193.0]","[0, 49152, 0]","[2000.0, 0.0, 0.0, 0.0, 0.0, 0, 0]",,not a standard NPC interaction
events-ep2/q83-bb-e,Episode2,8,234,216,monster,8,5,"[47.27037811279297, -0.00026202501612715423, -131.09657287597656]","[0, 38956, 0]","[0.0, 0.0, 0.0, 0.0, 0.0, 0, 0]",,not a standard NPC interaction
events-ep2/q83-bb-e,Episode2,8,235,216,monster,8,5,"[-42.416831970214844, -0.00032201680005528033, -179.23382568359375]","[0, 17184, 0]","[0.0, 0.0, 0.0, 0.0, 0.0, 0, 0]",,not a standard NPC interaction
events-ep2/q83-bb-e,Episode2,8,236,216,monster,8,5,"[41.57823944091797, -0.00030474085360765457, -227.86251831054688]","[0, 60871, 0]","[0.0, 0.0, 0.0, 0.0, 0.0, 0, 0]",,not a standard NPC interaction
events-ep2/q83-bb-e,Episode2,8,237,216,monster,8,8,"[91.0, 30.425594329833984, 97.0]","[0, 0, 0]","[0.0, 0.0, 0.0, 0.0, 0.0, 0, 0]",,not a standard NPC interaction
events-ep2/q83-bb-e,Episode2,8,238,216,monster,8,8,"[-9.0, 30.0, 97.0]","[0, 0, 0]","[0.0, 0.0, 0.0, 0.0, 0.0, 0, 0]",,not a standard NPC interaction
events-ep2/q83-bb-e,Episode2,8,253,216,monster,2,12,"[-122.0, -109.0, 214.0]","[0, 40960, 0]","[0.0, 0.0, 0.0, 0.0, 0.0, 0, 0]",,not a standard NPC interaction
events-ep2/q83-bb-j,Episode2,5,19,216,monster,3,3,"[35.0, 50.0, 62.0]","[0, 32768, 0]","[0.0, 0.0, 0.0, 0.0, 0.0, 0, 0]",,not a standard NPC interaction
events-ep2/q83-bb-j,Episode2,5,20,216,monster,3,3,"[-21.649799346923828, 50.0, 62.0]","[0, 32768, 0]","[0.0, 0.0, 0.0, 0.0, 0.0, 0, 0]",,not a standard NPC interaction
events-ep2/q83-bb-j,Episode2,5,86,216,monster,10,2,"[-17.0, 0.0, 0.033066269010305405]","[0, -16384, 0]","[0.0, 0.0, 0.0, 0.0, 0.0, 0, 0]",,not a standard NPC interaction
events-ep2/q83-bb-j,Episode2,6,84,216,monster,4,4,"[-155.19508361816406, 0.0, -13.51925277709961]","[0, 15320, 0]","[0.0, 0.0, 0.0, 0.0, 0.0, 0, 0]",,not a standard NPC interaction
events-ep2/q83-bb-j,Episode2,6,85,216,monster,4,4,"[110.24140167236328, 0.24856151640415192, 52.51150131225586]","[0, 44387, 0]","[0.0, 0.0, 0.0, 0.0, 0.0, 0, 0]",,not a standard NPC interaction
events-ep2/q83-bb-j,Episode2,6,104,216,monster,7,2,"[-813.0, 0.0, -175.0]","[0, 16384, 0]","[2000.0, 0.0, 0.0, 0.0, 0.0, 0, 0]",,not a standard NPC interaction
events-ep2/q83-bb-j,Episode2,6,116,216,monster,1,1,"[80.4076919555664, 32.0, 104.2964859008789]","[0, 38732, 0]","[2000.0, 0.0, 0.0, 0.0, 0.0, 0, 0]",,not a standard NPC interaction
events-ep2/q83-bb-j,Episode2,6,144,216,monster,3,3,"[48.0, 0.0, 47.0]","[0, -16384, 0]","[0.0, 0.0, 0.0, 0.0, 0.0, 0, 0]",,not a standard NPC interaction
events-ep2/q83-bb-j,Episode2,6,145,216,monster,3,3,"[-120.0, 0.0, 47.0]","[0, 16384, 0]","[0.0, 0.0, 0.0, 0.0, 0.0, 0, 0]",,not a standard NPC interaction
events-ep2/q83-bb-j,Episode2,6,195,216,monster,12,2,"[120.09476470947266, 0.0, -9.208846092224121]","[0, 54752, 0]","[0.0, 0.0, 0.0, 0.0, 0.0, 0, 0]",,not a standard NPC interaction
events-ep2/q83-bb-j,Episode2,6,196,216,monster,11,1,"[-55.558448791503906, 0.0, -14.441075325012207]","[0, 55367, 0]","[0.0, 0.0, 0.0, 0.0, 0.0, 0, 0]",,not a standard NPC interaction
events-ep2/q83-bb-j,Episode2,6,197,216,monster,11,1,"[-21.291715621948242, 0.0, 25.17629051208496]","[0, 55367, 0]","[0.0, 0.0, 0.0, 0.0, 0.0, 0, 0]",,not a standard NPC interaction
events-ep2/q83-bb-j,Episode2,6,213,216,monster,11,3,"[75.02749633789062, 0.0, 113.68896484375]","[0, 37893, 0]","[0.0, 0.0, 0.0, 0.0, 0.0, 0, 0]",,not a standard NPC interaction
events-ep2/q83-bb-j,Episode2,6,214,216,monster,11,3,"[-74.04853820800781, -7.850995302760566e-07, -116.1124496459961]","[0, 2000, 0]","[0.0, 0.0, 0.0, 0.0, 0.0, 0, 0]",,not a standard NPC interaction
events-ep2/q83-bb-j,Episode2,6,215,216,monster,11,3,"[12.189424514770508, -1.6948785059867078e-06, -142.1975555419922]","[0, 2000, 0]","[0.0, 0.0, 0.0, 0.0, 0.0, 0, 0]",,not a standard NPC interaction
events-ep2/q83-bb-j,Episode2,7,17,216,monster,2,3,"[16.686899185180664, -45.0, -23.973344802856445]","[0, 52676, 0]","[0.0, 0.0, 0.0, 0.0, 0.0, 0, 0]",,not a standard NPC interaction
events-ep2/q83-bb-j,Episode2,7,23,216,monster,1,2,"[18.53325080871582, 13.0, 30.399002075195312]","[0, 31141, 0]","[0.0, 0.0, 0.0, 0.0, 0.0, 0, 0]",,not a standard NPC interaction
events-ep2/q83-bb-j,Episode2,7,56,216,monster,7,4,"[43.70159912109375, -39.93208694458008, -2.3693807125091553]","[0, 46671, 0]","[0.0, 0.0, 0.0, 0.0, 0.0, 0, 0]",,not a standard NPC interaction
events-ep2/q83-bb-j,Episode2,7,108,216,monster,5,8,"[-0.13824300467967987, -1.0, 3.1367595195770264]","[0, 42011, 0]","[0.0, 0.0, 0.0, 0.0, 0.0, 0, 0]",,not a standard NPC interaction
events-ep2/q83-bb-j,Episode2,7,109,216,monster,5,8,"[4.358226776123047, -0.6431618928909302, 6.733935356140137]","[0, 9139, 0]","[0.0, 0.0, 0.0, 0.0, 0.0, 0, 0]",,not a standard NPC interaction
events-ep2/q83-bb-j,Episode2,7,113,216,monster,3,3,"[21.388328552246094, -13.0, 98.38201904296875]","[0, 33011, 0]","[0.0, 0.0, 0.0, 0.0, 0.0, 0, 0]",,not a standard NPC interaction
events-ep2/q83-bb-j,Episode2,8,22,216,monster,5,6,"[53.05499267578125, 77.0, 113.78520965576172]","[0, 36877, 0]","[0.0, 0.0, 0.0, 0.0, 0.0, 0, 0]",,not a standard NPC interaction
events-ep2/q83-bb-j,Episode2,8,40,216,monster,5,20,"[-180.0, 30.0, 27.0]","[0, -16384, 0]","[0.0, 0.0, 0.0, 0.0, 0.0, 0, 0]",,not a standard NPC interaction
events-ep2/q83-bb-j,Episode2,8,41,216,monster,5,21,"[-160.0, 34.0, -18.0]","[0, -16384, 0]","[0.0, 0.0, 0.0, 0.0, 0.0, 0, 0]",,not a standard NPC interaction
events-ep2/q83-bb-j,Episode2,8,42,216,monster,5,22,"[-160.0, 33.8618049621582, 72.0]","[0, -16384, 0]","[0.0, 0.0, 0.0, 0.0, 0.0, 0, 0]",,not a standard NPC interaction
events-ep2/q83-bb-j,Episode2,8,91,216,monster,3,2,"[72.0, -44.0, 0.0]","[0, 16384, 0]","[0.0, 0.0, 0.0, 0.0, 0.0, 0, 0]",,not a standard NPC interaction
events-ep2/q83-bb-j,Episode2,8,100,216,monster,3,4,"[72.0, -43.780303955078125, -19.0]","[0, 16384, 0]","[0.0, 0.0, 0.0, 0.0, 0.0, 0, 0]",,not a standard NPC interaction
events-ep2/q83-bb-j,Episode2,8,124,216,monster,3,7,"[-192.5, -96.45978546142578, 218.0]","[0, 40143, 0]","[0.0, 0.0, 0.0, 0.0, 0.0, 0, 0]",,not a standard NPC interaction
events-ep2/q83-bb-j,Episode2,8,135,216,monster,3,10,"[-245.0, -100.00025939941406, 108.0]","[0, 24576, 0]","[0.0, 0.0, 0.0, 0.0, 0.0, 0, 0]",,not a standard NPC interaction
events-ep2/q83-bb-j,Episode2,8,174,216,monster,2,6,"[85.0, -123.0, 147.0]","[0, 16384, 0]","[0.0, 0.0, 0.0, 0.0, 0.0, 0, 0]",,not a standard NPC interaction
events-ep2/q83-bb-j,Episode2,8,175,216,monster,2,7,"[85.0, -122.78374481201172, 147.0]","[0, 16384, 0]","[0.0, 0.0, 0.0, 0.0, 0.0, 0, 0]",,not a standard NPC interaction
events-ep2/q83-bb-j,Episode2,8,176,216,monster,2,8,"[85.0, -123.0, 147.0]","[0, 16384, 0]","[0.0, 0.0, 0.0, 0.0, 0.0, 0, 0]",,not a standard NPC interaction
events-ep2/q83-bb-j,Episode2,8,201,216,monster,8,1,"[126.0, -0.00022425223141908646, -304.0]","[0, -8192, 0]","[0.0, 0.0, 0.0, 0.0, 0.0, 0, 0]",,not a standard NPC interaction
events-ep2/q83-bb-j,Episode2,8,215,216,monster,8,3,"[171.0, -0.00032311445102095604, -193.0]","[0, 49152, 0]","[2000.0, 0.0, 0.0, 0.0, 0.0, 0, 0]",,not a standard NPC interaction
events-ep2/q83-bb-j,Episode2,8,234,216,monster,8,5,"[47.27037811279297, -0.00026202501612715423, -131.09657287597656]","[0, 38956, 0]","[0.0, 0.0, 0.0, 0.0, 0.0, 0, 0]",,not a standard NPC interaction
events-ep2/q83-bb-j,Episode2,8,235,216,monster,8,5,"[-42.416831970214844, -0.00032201680005528033, -179.23382568359375]","[0, 17184, 0]","[0.0, 0.0, 0.0, 0.0, 0.0, 0, 0]",,not a standard NPC interaction
events-ep2/q83-bb-j,Episode2,8,236,216,monster,8,5,"[41.57823944091797, -0.00030474085360765457, -227.86251831054688]","[0, 60871, 0]","[0.0, 0.0, 0.0, 0.0, 0.0, 0, 0]",,not a standard NPC interaction
events-ep2/q83-bb-j,Episode2,8,237,216,monster,8,8,"[91.0, 30.425594329833984, 97.0]","[0, 0, 0]","[0.0, 0.0, 0.0, 0.0, 0.0, 0, 0]",,not a standard NPC interaction
events-ep2/q83-bb-j,Episode2,8,238,216,monster,8,8,"[-9.0, 30.0, 97.0]","[0, 0, 0]","[0.0, 0.0, 0.0, 0.0, 0.0, 0, 0]",,not a standard NPC interaction
events-ep2/q83-bb-j,Episode2,8,253,216,monster,2,12,"[-122.0, -109.0, 214.0]","[0, 40960, 0]","[0.0, 0.0, 0.0, 0.0, 0.0, 0, 0]",,not a standard NPC interaction
events-ep2/q243-bb-e,Episode2,5,95,216,monster,6,5,"[-292.7122802734375, 50.0, 2.7366943359375]","[0, 16384, 0]","[0.0, 0.0, 0.0, 0.0, 0.0, 0, 0]",,not a standard NPC interaction
events-ep2/q243-bb-e,Episode2,5,97,216,monster,6,3,"[-43.2816162109375, 50.0, -4.36712646484375]","[0, 16384, 0]","[0.0, 0.0, 0.0, 0.0, 0.0, 0, 0]",,not a standard NPC interaction
events-ep2/q243-bb-e,Episode2,5,98,216,monster,6,3,"[-118.505615234375, 50.0, -0.3470458984375]","[0, 16384, 0]","[0.0, 0.0, 0.0, 0.0, 0.0, 0, 0]",,not a standard NPC interaction
events-ep2/q243-bb-e,Episode2,5,107,216,monster,12,8,"[43.125244140625, 10.0, -58.236328125]","[0, 0, 0]","[0.0, 0.0, 0.0, 0.0, 0.0, 0, 0]",,not a standard NPC interaction
events-ep2/q243-bb-e,Episode2,5,108,216,monster,12,8,"[-73.49169921875, 10.0, 23.781982421875]","[0, 0, 0]","[0.0, 0.0, 0.0, 0.0, 0.0, 0, 0]",,not a standard NPC interaction
events-ep2/q243-bb-e,Episode2,5,115,216,monster,12,11,"[53.9100341796875, 10.0, -68.37530517578125]","[0, 0, 0]","[0.0, 0.0, 0.0, 0.0, 0.0, 0, 0]",,not a standard NPC interaction
events-ep2/q243-bb-e,Episode2,5,168,216,monster,2,3,"[-13.519451141357422, 36.0, 73.82017517089844]","[0, 32247, 0]","[0.0, 0.0, 0.0, 0.0, 0.0, 0, 0]",,not a standard NPC interaction
events-ep2/q243-bb-e,Episode2,17,23,216,monster,30,5,"[-100.40809631347656, 0.0, -74.18098449707031]","[0, 15888, 0]","[0.0, 0.0, 0.0, 0.0, 0.0, 0, 0]",,not a standard NPC interaction
events-ep2/q243-bb-e,Episode2,17,24,216,monster,30,5,"[-98.28761291503906, 0.0, 76.37366485595703]","[0, 16384, 0]","[0.0, 0.0, 0.0, 0.0, 0.0, 0, 0]",,not a standard NPC interaction
events-ep2/q243-bb-e,Episode2,17,54,216,monster,30,12,"[71.71289825439453, 0.0, -2.325369119644165]","[0, 49152, 0]","[0.0, 0.0, 0.0, 0.0, 0.0, 0, 0]",,not a standard NPC interaction
events-ep2/q243-bb-e,Episode2,17,58,216,monster,30,13,"[117.23355102539062, 0.0, -120.4450912475586]","[0, 0, 0]","[0.0, 0.0, 0.0, 0.0, 0.0, 0, 0]",,not a standard NPC interaction
events-ep2/q243-bb-e,Episode2,17,59,216,monster,30,13,"[-121.10230255126953, 0.0, 121.39569854736328]","[0, 32525, 0]","[0.0, 0.0, 0.0, 0.0, 0.0, 0, 0]",,not a standard NPC interaction
events-ep2/q243-bb-e,Episode2,17,77,216,monster,30,16,"[-0.38369420170783997, 0.46846044063568115, -65.94001007080078]","[0, 0, 0]","[0.0, 0.0, 0.0, 0.0, 0.0, 0, 0]",,not a standard NPC interaction
events-ep2/q243-bb-e,Episode2,17,78,216,monster,30,16,"[-53.395896911621094, 0.0, -63.819522857666016]","[0, 0, 0]","[0.0, 0.0, 0.0, 0.0, 0.0, 0, 0]",,not a standard NPC interaction
events-ep2/q243-bb-e,Episode2,17,79,216,monster,30,16,"[56.869483947753906, 0.0, -59.578548431396484]","[0, 0, 0]","[0.0, 0.0, 0.0, 0.0, 0.0, 0, 0]",,not a standard NPC interaction
events-ep2/q243-bb-e,Episode2,17,80,216,monster,30,16,"[1.736793875694275, 1.49442720413208, 57.04829788208008]","[0, 0, 0]","[0.0, 0.0, 0.0, 0.0, 0.0, 0, 0]",,not a standard NPC interaction
events-ep2/q243-bb-e,Episode2,17,81,216,monster,30,16,"[-57.636871337890625, 0.0, 57.04829788208008]","[0, 0, 0]","[0.0, 0.0, 0.0, 0.0, 0.0, 0, 0]",,not a standard NPC interaction
events-ep2/q243-bb-e,Episode2,17,82,216,monster,30,16,"[57.897117614746094, 0.0, 53.04938888549805]","[0, 0, 0]","[0.0, 0.0, 0.0, 0.0, 0.0, 0, 0]",,not a standard NPC interaction
events-ep2/q243-bb-e,Episode2,17,112,216,monster,30,22,"[-0.05024929717183113, 0.0, -71.76106262207031]","[0, 0, 0]","[0.0, 0.0, 0.0, 0.0, 0.0, 0, 0]",,not a standard NPC interaction
events-ep2/q243-bb-e,Episode2,17,126,216,monster,30,25,"[-120.2609634399414, 0.0, 122.76239776611328]","[0, 23481, 0]","[0.0, 0.0, 0.0, 0.0, 0.0, 0, 0]",,not a standard NPC interaction
events-ep2/q243-bb-e,Episode2,17,127,216,monster,30,25,"[118.71214294433594, 0.0, -123.45232391357422]","[0, 55700, 0]","[0.0, 0.0, 0.0, 0.0, 0.0, 0, 0]",,not a standard NPC interaction
events-ep2/q243-bb-e,Episode2,17,156,216,monster,30,28,"[-79.3115005493164, 0.0, -95.57854461669922]","[0, 0, 0]","[0.0, 0.0, 0.0, 0.0, 0.0, 0, 0]",,not a standard NPC interaction
events-ep2/q243-bb-e,Episode2,17,157,216,monster,30,28,"[81.84558868408203, 0.0, -97.69903564453125]","[0, 0, 0]","[0.0, 0.0, 0.0, 0.0, 0.0, 0, 0]",,not a standard NPC interaction
events-ep2/q251-bb-e,Episode2,5,25,216,monster,3,1,"[-100.0, 50.000003814697266, 0.0]","[0, 16847, 0]","[100.0, 0.0, 0.699999988079071, 0.699999988079071, 0.0, 0, 0]",,not a standard NPC interaction
events-ep2/q251-bb-e,Episode2,5,60,216,monster,4,3,"[-90.0, 50.000003814697266, 0.0]","[0, 16616, 0]","[100.0, 0.0, 0.699999988079071, 0.699999988079071, 0.0, 0, 0]",,not a standard NPC interaction
events-ep2/q251-bb-e,Episode2,5,61,216,monster,4,3,"[90.0, 50.0, 0.0]","[0, 49152, 0]","[100.0, 0.0, 0.699999988079071, 0.699999988079071, 0.0, 0, 0]",,not a standard NPC interaction
events-ep2/q251-bb-e,Episode2,5,77,216,monster,5,3,"[-75.0, 50.0, -15.0]","[0, 16809, 0]","[100.0, 0.0, 0.699999988079071, 0.699999988079071, 0.0, 0, 0]",,not a standard NPC interaction
events-ep2/q251-bb-e,Episode2,5,78,216,monster,5,3,"[-75.0, 49.999996185302734, 15.0]","[0, 16858, 0]","[100.0, 0.0, 0.699999988079071, 0.699999988079071, 0.0, 0, 0]",,not a standard NPC interaction
events-ep2/q251-bb-e,Episode2,5,84,216,monster,10,2,"[-105.0, 0.0, 0.0]","[0, 16818, 0]","[100.0, 0.0, 0.699999988079071, 0.699999988079071, 0.0, 0, 0]",,not a standard NPC interaction
events-ep2/q251-bb-e,Episode2,5,105,216,monster,9,2,"[120.0, 0.0, 0.0]","[0, 49152, 0]","[100.0, 0.0, 0.699999988079071, 0.699999988079071, 0.0, 0, 0]",,not a standard NPC interaction
events-ep2/q251-bb-e,Episode2,5,106,216,monster,9,2,"[-120.0, 0.0, 0.0]","[0, 16858, 0]","[100.0, 0.0, 0.699999988079071, 0.699999988079071, 0.0, 0, 0]",,not a standard NPC interaction
events-ep2/q251-bb-e,Episode2,5,118,216,monster,9,3,"[90.0, 0.0, 0.0]","[0, 49152, 0]","[0.0, 0.0, 0.0, 0.0, 0.0, 0, 0]",,not a standard NPC interaction
events-ep2/q251-bb-e,Episode2,5,126,216,monster,8,2,"[60.0, 0.0, -15.0]","[0, 49152, 0]","[100.0, 0.0, 0.699999988079071, 0.699999988079071, 0.0, 0, 0]",,not a standard NPC interaction
events-ep2/q251-bb-e,Episode2,5,127,216,monster,8,2,"[60.0, 0.0, 15.0]","[0, 49152, 0]","[100.0, 0.0, 0.699999988079071, 0.699999988079071, 0.0, 0, 0]",,not a standard NPC interaction
events-ep2/q251-bb-e,Episode2,5,144,216,monster,13,2,"[-60.0, 10.0, 0.0]","[0, 16384, 0]","[100.0, 0.0, 0.699999988079071, 0.699999988079071, 0.0, 0, 0]",,not a standard NPC interaction
events-ep2/q251-bb-e,Episode2,5,147,216,monster,12,1,"[0.0, 10.0, -85.0]","[0, 0, 0]","[100.0, 0.0, 0.699999988079071, 0.699999988079071, 0.0, 0, 0]",,not a standard NPC interaction
events-ep2/q251-bb-e,Episode2,5,157,216,monster,11,1,"[-70.0, 10.0, 0.0]","[0, 16869, 0]","[100.0, 0.0, 0.699999988079071, 0.699999988079071, 0.0, 0, 0]",,not a standard NPC interaction
events-ep2/q251-bb-e,Episode2,5,170,216,monster,11,4,"[-60.0, 10.0, 0.0]","[0, 16985, 0]","[100.0, 0.0, 0.699999988079071, 0.699999988079071, 0.0, 0, 0]",,not a standard NPC interaction
events-ep2/q272-bb-e,Episode2,17,5,216,monster,3,2,"[45.586700439453125, -1.0, -298.4592590332031]","[0, 18432, 0]","[200.0, 0.0, 0.699999988079071, 0.699999988079071, 0.0, 0, 0]",,not a standard NPC interaction
events-ep2/q272-bb-e,Episode2,17,23,216,monster,10,1,"[337.751953125, -21.0, -116.91521453857422]","[0, 8448, 0]","[200.0, 0.0, 0.699999988079071, 0.699999988079071, 0.0, 0, 0]",,not a standard NPC interaction
events-ep2/q272-bb-e,Episode2,17,28,216,monster,20,1,"[218.7607421875, -11.0, -297.5087890625]","[0, 9728, 0]","[200.0, 0.0, 0.699999988079071, 0.699999988079071, 0.0, 0, 0]",,not a standard NPC interaction
events-ep2/q272-bb-e,Episode2,17,30,216,monster,20,1,"[269.716796875, -21.0, -100.4365234375]","[0, 3584, 0]","[200.0, 0.0, 0.699999988079071, 0.699999988079071, 0.0, 0, 0]",,not a standard NPC interaction
events-ep2/q272-bb-e,Episode2,17,46,216,monster,22,1,"[268.8955078125, -21.0, -101.68359375]","[0, 3840, 0]","[100.0, 0.0, 0.699999988079071, 0.699999988079071, 0.0, 0, 0]",,not a standard NPC interaction
events-ep2/q272-bb-e,Episode2,17,47,216,monster,22,1,"[232.384765625, -11.0, -325.6767578125]","[0, 9728, 0]","[100.0, 0.0, 0.699999988079071, 0.699999988079071, 0.0, 0, 0]",,not a standard NPC interaction
events-ep2/q513-bb-e,Episode2,8,0,216,monster,3,1,"[-272.8697509765625, -100.0, 87.2314453125]","[0, 9400, 0]","[0.0, 0.0, 0.0, 0.0, 0.0, 0, 0]",,not a standard NPC interaction
events-ep2/q513-bb-e,Episode2,8,71,216,monster,8,4,"[-32.5340576171875, -0.00028779846616089344, -237.34442138671875]","[0, 7600, 0]","[0.0, 0.0, 0.0, 0.0, 0.0, 0, 0]",,not a standard NPC interaction
events-ep2/q513-bb-e,Episode2,8,97,216,monster,5,3,"[195.0, 100.0, -85.0]","[0, 49200, 0]","[0.0, 0.0, 0.0, 0.0, 0.0, 0, 0]",,not a standard NPC interaction
events-ep2/q513-bb-e,Episode2,8,98,216,monster,5,6,"[-143.47833251953125, 37.0, -19.09326171875]","[0, 8184, 0]","[0.0, 0.0, 0.0, 0.0, 0.0, 0, 0]",,not a standard NPC interaction
events-ep2/q513-bb-e,Episode2,8,115,216,monster,5,9,"[2.2435302734375, 66.0, 140.58502197265625]","[0, 32768, 0]","[0.0, 0.0, 0.0, 0.0, 0.0, 0, 0]",,not a standard NPC interaction
events-ep2/q513-bb-e,Episode2,9,28,216,monster,7,2,"[-41.5257568359375, -5.0, 80.90689086914062]","[0, 49152, 0]","[0.0, 0.0, 0.0, 0.0, 0.0, 0, 0]",,not a standard NPC interaction
events-ep2/q513-bb-e,Episode2,9,29,216,monster,3,6,"[-769.7501220703125, 80.0, -20.83984375]","[0, 19800, 0]","[0.0, 0.0, 0.0, 0.0, 0.0, 0, 0]",,not a standard NPC interaction
events-ep2/q513-bb-e,Episode2,9,36,216,monster,3,3,"[-582.6640014648438, 5.0, -198.39804077148438]","[0, -28800, 0]","[0.0, 0.0, 0.0, 0.0, 0.0, 0, 0]",,not a standard NPC interaction
events-ep2/q513-bb-e,Episode2,9,37,216,monster,3,3,"[-512.763671875, 10.0, -316.43994140625]","[0, -15000, 0]","[0.0, 0.0, 0.0, 0.0, 0.0, 0, 0]",,not a standard NPC interaction
events-ep2/q513-bb-e,Episode2,9,38,216,monster,3,3,"[-529.8504028320312, 10.0, -245.572021484375]","[0, -21800, 0]","[0.0, 0.0, 0.0, 0.0, 0.0, 0, 0]",,not a standard NPC interaction
extermination-ep2/q98-bb-e,Episode2,8,43,216,monster,6,4,"[-172.09527587890625, -0.0003596000315155834, 105.49009704589844]","[0, 33221, 0]","[0.0, 0.0, 0.0, 0.0, 0.0, 0, 0]",,not a standard NPC interaction
extermination-ep2/q98-bb-e,Episode2,8,134,216,monster,3,7,"[-293.9809875488281, -100.0, 72.27645874023438]","[0, 0, 0]","[0.0, 0.0, 0.0, 0.0, 0.0, 0, 0]",,not a standard NPC interaction
extermination-ep2/q98-bb-e,Episode2,8,151,216,monster,2,4,"[115.0, -140.0001220703125, 0.0]","[0, 49605, 0]","[0.0, 0.0, 0.0, 0.0, 0.0, 0, 0]",,not a standard NPC interaction
extermination-ep2/q98-bb-j,Episode2,8,43,216,monster,6,4,"[-172.09527587890625, -0.0003596000315155834, 105.49009704589844]","[0, 33221, 0]","[0.0, 0.0, 0.0, 0.0, 0.0, 0, 0]",,not a standard NPC interaction
extermination-ep2/q98-bb-j,Episode2,8,134,216,monster,3,7,"[-293.9809875488281, -100.0, 72.27645874023438]","[0, 0, 0]","[0.0, 0.0, 0.0, 0.0, 0.0, 0, 0]",,not a standard NPC interaction
extermination-ep2/q98-bb-j,Episode2,8,151,216,monster,2,4,"[115.0, -140.0001220703125, 0.0]","[0, 49605, 0]","[0.0, 0.0, 0.0, 0.0, 0.0, 0, 0]",,not a standard NPC interaction
extermination-ep2/q100-bb-e,Episode2,17,0,216,monster,1,1,"[341.97686767578125, -21.0, -175.62625122070312]","[0, 0, 0]","[0.0, 0.0, 0.0, 0.0, 0.0, 0, 0]",,not a standard NPC interaction
extermination-ep2/q100-bb-e,Episode2,17,1,216,monster,1,1,"[260.8985290527344, -21.0, -140.0009307861328]","[0, 5733, 0]","[0.0, 0.0, 0.0, 0.0, 0.0, 0, 0]",,not a standard NPC interaction
extermination-ep2/q100-bb-e,Episode2,17,7,216,monster,1,4,"[91.69680786132812, -1.0, -375.670654296875]","[0, 9779, 0]","[0.0, 0.0, 0.0, 0.0, 0.0, 0, 0]",,not a standard NPC interaction
extermination-ep2/q100-bb-e,Episode2,17,8,216,monster,1,4,"[70.13017272949219, -1.0, -296.24041748046875]","[0, 10598, 0]","[0.0, 0.0, 0.0, 0.0, 0.0, 0, 0]",,not a standard NPC interaction
extermination-ep2/q100-bb-e,Episode2,17,17,216,monster,2,3,"[374.8030090332031, -21.0, -72.03196716308594]","[0, 34315, 0]","[0.0, 0.0, 0.0, 0.0, 0.0, 0, 0]",,not a standard NPC interaction
extermination-ep2/q100-bb-e,Episode2,17,18,216,monster,2,3,"[297.9059753417969, -21.0, -61.5840950012207]","[0, 34286, 0]","[0.0, 0.0, 0.0, 0.0, 0.0, 0, 0]",,not a standard NPC interaction
extermination-ep2/q100-bb-e,Episode2,17,21,216,monster,20,1,"[225.51719665527344, -11.0, -202.2239990234375]","[0, 9898, 0]","[0.0, 0.0, 0.0, 0.0, 0.0, 0, 0]",,not a standard NPC interaction
extermination-ep2/q100-bb-e,Episode2,17,25,216,monster,20,4,"[46.85945510864258, -1.0, -382.6011962890625]","[0, 16180, 0]","[0.0, 0.0, 0.0, 0.0, 0.0, 0, 0]",,not a standard NPC interaction
extermination-ep2/q100-bb-e,Episode2,17,26,216,monster,20,4,"[32.96127700805664, -1.0, -306.5699768066406]","[0, 12926, 0]","[0.0, 0.0, 0.0, 0.0, 0.0, 0, 0]",,not a standard NPC interaction
extermination-ep2/q100-bb-e,Episode2,17,33,216,monster,10,3,"[8.401782989501953, -1.0, -391.9944152832031]","[0, 13804, 0]","[0.0, 0.0, 0.0, 0.0, 0.0, 0, 0]",,not a standard NPC interaction
extermination-ep2/q100-bb-e,Episode2,17,34,216,monster,10,3,"[-5.719362258911133, -1.0, -297.605712890625]","[0, 12336, 0]","[0.0, 0.0, 0.0, 0.0, 0.0, 0, 0]",,not a standard NPC interaction
extermination-ep2/q100-bb-e,Episode2,17,43,216,monster,3,3,"[101.22126770019531, 0.0, -330.9537048339844]","[0, 13155, 0]","[0.0, 0.0, 0.0, 0.0, 0.0, 0, 0]",,not a standard NPC interaction
extermination-ep2/q100-bb-e,Episode2,17,46,216,monster,3,3,"[11.260125160217285, 0.0, -349.0683898925781]","[0, 14975, 0]","[0.0, 0.0, 0.0, 0.0, 0.0, 0, 0]",,not a standard NPC interaction
extermination-ep2/q100-bb-e,Episode2,17,55,216,monster,4,2,"[73.11773681640625, 0.0, -337.0072021484375]","[0, 15090, 0]","[0.0, 0.0, 0.0, 0.0, 0.0, 0, 0]",,not a standard NPC interaction
extermination-ep2/q100-bb-e,Episode2,17,59,216,monster,21,2,"[368.50177001953125, -21.0, -109.73668670654297]","[0, 0, 0]","[0.0, 0.0, 0.0, 0.0, 0.0, 0, 0]",,not a standard NPC interaction
extermination-ep2/q100-bb-e,Episode2,17,62,216,monster,21,4,"[170.83197021484375, -11.0, -252.72755432128906]","[0, 9429, 0]","[0.0, 0.0, 0.0, 0.0, 0.0, 0, 0]",,not a standard NPC interaction
extermination-ep2/q100-bb-e,Episode2,17,65,216,monster,21,6,"[-16.63714027404785, -1.0, -385.3484802246094]","[0, 15641, 0]","[0.0, 0.0, 0.0, 0.0, 0.0, 0, 0]",,not a standard NPC interaction
extermination-ep2/q100-bb-e,Episode2,17,66,216,monster,5,1,"[298.4965515136719, -20.0, -173.6436309814453]","[0, 4299, 0]","[0.0, 0.0, 0.0, 0.0, 0.0, 0, 0]",,not a standard NPC interaction
extermination-ep2/q100-bb-e,Episode2,17,81,216,monster,22,3,"[4.224374771118164, -1.0, -352.2657775878906]","[0, 12787, 0]","[0.0, 0.0, 0.0, 0.0, 0.0, 0, 0]",,not a standard NPC interaction
extermination-ep2/q100-bb-e,Episode2,17,88,216,monster,30,2,"[0.0, 0.4503154158592224, -65.0]","[0, 33331, 0]","[0.0, 0.0, 0.0, 0.0, 0.0, 0, 0]",,not a standard NPC interaction
extermination-ep2/q100-bb-e,Episode2,17,96,216,monster,30,4,"[130.0, 0.0, -130.0]","[0, 54699, 0]","[0.0, 0.0, 0.0, 0.0, 0.0, 0, 0]",,not a standard NPC interaction
extermination-ep2/q100-bb-e,Episode2,17,97,216,monster,30,4,"[130.0, 0.0, 130.0]","[0, 42731, 0]","[0.0, 0.0, 0.0, 0.0, 0.0, 0, 0]",,not a standard NPC interaction
extermination-ep2/q100-bb-e,Episode2,17,98,216,monster,30,4,"[-130.0, 0.0, 130.0]","[0, 23252, 0]","[0.0, 0.0, 0.0, 0.0, 0.0, 0, 0]",,not a standard NPC interaction
extermination-ep2/q100-bb-e,Episode2,17,99,216,monster,30,4,"[-130.0, 0.0, -130.0]","[0, 10197, 0]","[0.0, 0.0, 0.0, 0.0, 0.0, 0, 0]",,not a standard NPC interaction
extermination-ep2/q100-bb-j,Episode2,17,0,216,monster,1,1,"[341.97686767578125, -21.0, -175.62625122070312]","[0, 0, 0]","[0.0, 0.0, 0.0, 0.0, 0.0, 0, 0]",,not a standard NPC interaction
extermination-ep2/q100-bb-j,Episode2,17,1,216,monster,1,1,"[260.8985290527344, -21.0, -140.0009307861328]","[0, 5733, 0]","[0.0, 0.0, 0.0, 0.0, 0.0, 0, 0]",,not a standard NPC interaction
extermination-ep2/q100-bb-j,Episode2,17,7,216,monster,1,4,"[91.69680786132812, -1.0, -375.670654296875]","[0, 9779, 0]","[0.0, 0.0, 0.0, 0.0, 0.0, 0, 0]",,not a standard NPC interaction
extermination-ep2/q100-bb-j,Episode2,17,8,216,monster,1,4,"[70.13017272949219, -1.0, -296.24041748046875]","[0, 10598, 0]","[0.0, 0.0, 0.0, 0.0, 0.0, 0, 0]",,not a standard NPC interaction
extermination-ep2/q100-bb-j,Episode2,17,17,216,monster,2,3,"[374.8030090332031, -21.0, -72.03196716308594]","[0, 34315, 0]","[0.0, 0.0, 0.0, 0.0, 0.0, 0, 0]",,not a standard NPC interaction
extermination-ep2/q100-bb-j,Episode2,17,18,216,monster,2,3,"[297.9059753417969, -21.0, -61.5840950012207]","[0, 34286, 0]","[0.0, 0.0, 0.0, 0.0, 0.0, 0, 0]",,not a standard NPC interaction
extermination-ep2/q100-bb-j,Episode2,17,21,216,monster,20,1,"[225.51719665527344, -11.0, -202.2239990234375]","[0, 9898, 0]","[0.0, 0.0, 0.0, 0.0, 0.0, 0, 0]",,not a standard NPC interaction
extermination-ep2/q100-bb-j,Episode2,17,25,216,monster,20,4,"[46.85945510864258, -1.0, -382.6011962890625]","[0, 16180, 0]","[0.0, 0.0, 0.0, 0.0, 0.0, 0, 0]",,not a standard NPC interaction
extermination-ep2/q100-bb-j,Episode2,17,26,216,monster,20,4,"[32.96127700805664, -1.0, -306.5699768066406]","[0, 12926, 0]","[0.0, 0.0, 0.0, 0.0, 0.0, 0, 0]",,not a standard NPC interaction
extermination-ep2/q100-bb-j,Episode2,17,33,216,monster,10,3,"[8.401782989501953, -1.0, -391.9944152832031]","[0, 13804, 0]","[0.0, 0.0, 0.0, 0.0, 0.0, 0, 0]",,not a standard NPC interaction
extermination-ep2/q100-bb-j,Episode2,17,34,216,monster,10,3,"[-5.719362258911133, -1.0, -297.605712890625]","[0, 12336, 0]","[0.0, 0.0, 0.0, 0.0, 0.0, 0, 0]",,not a standard NPC interaction
extermination-ep2/q100-bb-j,Episode2,17,43,216,monster,3,3,"[101.22126770019531, 0.0, -330.9537048339844]","[0, 13155, 0]","[0.0, 0.0, 0.0, 0.0, 0.0, 0, 0]",,not a standard NPC interaction
extermination-ep2/q100-bb-j,Episode2,17,46,216,monster,3,3,"[11.260125160217285, 0.0, -349.0683898925781]","[0, 14975, 0]","[0.0, 0.0, 0.0, 0.0, 0.0, 0, 0]",,not a standard NPC interaction
extermination-ep2/q100-bb-j,Episode2,17,55,216,monster,4,2,"[73.11773681640625, 0.0, -337.0072021484375]","[0, 15090, 0]","[0.0, 0.0, 0.0, 0.0, 0.0, 0, 0]",,not a standard NPC interaction
extermination-ep2/q100-bb-j,Episode2,17,59,216,monster,21,2,"[368.50177001953125, -21.0, -109.73668670654297]","[0, 0, 0]","[0.0, 0.0, 0.0, 0.0, 0.0, 0, 0]",,not a standard NPC interaction
extermination-ep2/q100-bb-j,Episode2,17,62,216,monster,21,4,"[170.83197021484375, -11.0, -252.72755432128906]","[0, 9429, 0]","[0.0, 0.0, 0.0, 0.0, 0.0, 0, 0]",,not a standard NPC interaction
extermination-ep2/q100-bb-j,Episode2,17,65,216,monster,21,6,"[-16.63714027404785, -1.0, -385.3484802246094]","[0, 15641, 0]","[0.0, 0.0, 0.0, 0.0, 0.0, 0, 0]",,not a standard NPC interaction
extermination-ep2/q100-bb-j,Episode2,17,66,216,monster,5,1,"[298.4965515136719, -20.0, -173.6436309814453]","[0, 4299, 0]","[0.0, 0.0, 0.0, 0.0, 0.0, 0, 0]",,not a standard NPC interaction
extermination-ep2/q100-bb-j,Episode2,17,81,216,monster,22,3,"[4.224374771118164, -1.0, -352.2657775878906]","[0, 12787, 0]","[0.0, 0.0, 0.0, 0.0, 0.0, 0, 0]",,not a standard NPC interaction
extermination-ep2/q100-bb-j,Episode2,17,88,216,monster,30,2,"[0.0, 0.4503154158592224, -65.0]","[0, 33331, 0]","[0.0, 0.0, 0.0, 0.0, 0.0, 0, 0]",,not a standard NPC interaction
extermination-ep2/q100-bb-j,Episode2,17,96,216,monster,30,4,"[130.0, 0.0, -130.0]","[0, 54699, 0]","[0.0, 0.0, 0.0, 0.0, 0.0, 0, 0]",,not a standard NPC interaction
extermination-ep2/q100-bb-j,Episode2,17,97,216,monster,30,4,"[130.0, 0.0, 130.0]","[0, 42731, 0]","[0.0, 0.0, 0.0, 0.0, 0.0, 0, 0]",,not a standard NPC interaction
extermination-ep2/q100-bb-j,Episode2,17,98,216,monster,30,4,"[-130.0, 0.0, 130.0]","[0, 23252, 0]","[0.0, 0.0, 0.0, 0.0, 0.0, 0, 0]",,not a standard NPC interaction
extermination-ep2/q100-bb-j,Episode2,17,99,216,monster,30,4,"[-130.0, 0.0, -130.0]","[0, 10197, 0]","[0.0, 0.0, 0.0, 0.0, 0.0, 0, 0]",,not a standard NPC interaction
extermination-ep2/q165-bb-e,Episode2,17,10,216,monster,21,6,"[-17.86932373046875, 0.0, -341.00933837890625]","[0, 16666, 0]","[0.0, 0.0, 0.0, 0.0, 0.0, 0, 0]",,not a standard NPC interaction
extermination-ep2/q165-bb-e,Episode2,17,11,216,monster,21,7,"[114.91534423828125, -1.0, -369.574951171875]","[0, 49152, 0]","[0.0, 0.0, 0.0, 0.0, 0.0, 0, 0]",,not a standard NPC interaction
extermination-ep2/q165-bb-e,Episode2,17,12,216,monster,21,7,"[102.2806396484375, -1.0, -282.6184387207031]","[0, 48391, 0]","[0.0, 0.0, 0.0, 0.0, 0.0, 0, 0]",,not a standard NPC interaction
extermination-ep2/q165-bb-e,Episode2,17,59,216,monster,4,4,"[270.3466796875, -20.0, -99.1509017944336]","[0, 10176, 0]","[0.0, 0.0, 0.0, 0.0, 0.0, 0, 0]",,not a standard NPC interaction
extermination-ep2/q165-bb-e,Episode2,17,62,216,monster,4,4,"[400.7958984375, -20.0, 2.6423490047454834]","[0, 42189, 0]","[0.0, 0.0, 0.0, 0.0, 0.0, 0, 0]",,not a standard NPC interaction
extermination-ep2/q165-bb-e,Episode2,17,69,216,monster,4,8,"[311.1014709472656, -20.0, -148.38186645507812]","[0, 7016, 0]","[0.0, 0.0, 0.0, 0.0, 0.0, 0, 0]",,not a standard NPC interaction
extermination-ep2/q165-bb-e,Episode2,17,104,216,monster,5,2,"[295.6910705566406, -21.0, -62.034202575683594]","[0, 0, 0]","[0.0, 0.0, 0.0, 0.0, 0.0, 0, 0]",,not a standard NPC interaction
extermination-ep2/q165-bb-e,Episode2,17,105,216,monster,5,2,"[375.98858642578125, -21.0, -77.72451782226562]","[0, 0, 0]","[0.0, 0.0, 0.0, 0.0, 0.0, 0, 0]",,not a standard NPC interaction
extermination-ep2/q165-bb-e,Episode2,17,139,216,monster,22,4,"[320.8221740722656, -21.0, 30.4118709564209]","[0, 32768, 0]","[0.0, 0.0, 0.0, 0.0, 0.0, 0, 0]",,not a standard NPC interaction
extermination-ep2/q165-bb-e,Episode2,17,140,216,monster,22,4,"[372.8474426269531, -21.0, 30.4118709564209]","[0, 32768, 0]","[0.0, 0.0, 0.0, 0.0, 0.0, 0, 0]",,not a standard NPC interaction
extermination-ep2/q165-bb-e,Episode2,17,149,216,monster,22,7,"[339.6334533691406, -20.0, -75.4170913696289]","[0, 32768, 0]","[0.0, 0.0, 0.0, 0.0, 0.0, 0, 0]",,not a standard NPC interaction
extermination-ep2/q165-bb-e,Episode2,17,150,216,monster,22,7,"[366.6595764160156, -21.0, -18.662248611450195]","[0, 10126, 0]","[0.0, 0.0, 0.0, 0.0, 0.0, 0, 0]",,not a standard NPC interaction
extermination-ep2/q165-bb-e,Episode2,17,151,216,monster,22,7,"[313.2829895019531, -21.0, -15.959637641906738]","[0, 59278, 0]","[0.0, 0.0, 0.0, 0.0, 0.0, 0, 0]",,not a standard NPC interaction
extermination-ep2/q165-bb-e,Episode2,17,164,216,monster,22,11,"[250.7438201904297, -10.0, -236.22584533691406]","[0, 5528, 0]","[0.0, 0.0, 0.0, 0.0, 0.0, 0, 0]",,not a standard NPC interaction
extermination-ep2/q165-bb-e,Episode2,17,177,216,monster,22,18,"[88.2109375, -1.0, -294.5771484375]","[0, 13663, 0]","[0.0, 0.0, 0.0, 0.0, 0.0, 0, 0]",,not a standard NPC interaction
extermination-ep2/q165-bb-e,Episode2,17,178,216,monster,22,18,"[199.1171875, -11.5, -222.0869140625]","[0, 44916, 0]","[0.0, 0.0, 0.0, 0.0, 0.0, 0, 0]",,not a standard NPC interaction
extermination-ep2/q165-bb-e,Episode2,17,196,216,monster,22,25,"[105.3427734375, -0.6000000238418579, -323.654296875]","[0, 14060, 0]","[0.0, 0.0, 0.0, 0.0, 0.0, 0, 0]",,not a standard NPC interaction
extermination-ep2/q165-bb-e,Episode2,17,203,216,monster,22,29,"[138.32545471191406, -4.699999809265137, -270.1319885253906]","[0, 9483, 0]","[0.0, 0.0, 0.0, 0.0, 0.0, 0, 0]",,not a standard NPC interaction
extermination-ep2/q165-bb-e,Episode2,17,204,216,monster,22,29,"[332.30859375, -14.600000381469727, -218.2490234375]","[0, 38831, 0]","[0.0, 0.0, 0.0, 0.0, 0.0, 0, 0]",,not a standard NPC interaction
extermination-ep2/q165-bb-e,Episode2,17,207,216,monster,22,31,"[250.2548828125, -10.699999809265137, -243.041015625]","[0, 58589, 0]","[0.0, 0.0, 0.0, 0.0, 0.0, 0, 0]",,not a standard NPC interaction
extermination-ep2/q165-bb-e,Episode2,17,216,216,monster,22,36,"[212.9375, -8.800000190734863, -185.7587890625]","[0, 37856, 0]","[0.0, 0.0, 0.0, 0.0, 0.0, 0, 0]",,not a standard NPC interaction
extermination-ep2/q165-bb-e,Episode2,17,217,216,monster,22,36,"[236.5908203125, -11.5, -306.5205078125]","[0, 10321, 0]","[0.0, 0.0, 0.0, 0.0, 0.0, 0, 0]",,not a standard NPC interaction
extermination-ep2/q165-bb-e,Episode2,17,238,216,monster,22,45,"[231.939453125, -11.600000381469727, -189.1083984375]","[0, 29077, 0]","[0.0, 0.0, 0.0, 0.0, 0.0, 0, 0]",,not a standard NPC interaction
extermination-ep2/q165-bb-e,Episode2,17,249,216,monster,3,3,"[310.71734619140625, -19.700000762939453, -234.5952911376953]","[0, 39153, 0]","[0.0, 0.0, 0.0, 0.0, 0.0, 0, 0]",,not a standard NPC interaction
extermination-ep2/q165-bb-e,Episode2,17,250,216,monster,3,3,"[231.6881103515625, -18.200000762939453, -180.65357971191406]","[0, 38491, 0]","[0.0, 0.0, 0.0, 0.0, 0.0, 0, 0]",,not a standard NPC interaction
extermination-ep2/q165-bb-e,Episode2,17,291,216,monster,20,4,"[50.32097625732422, 0.0, -339.1876220703125]","[0, 16384, 0]","[0.0, 0.0, 0.0, 0.0, 0.0, 0, 0]",,not a standard NPC interaction
extermination-ep2/q165-bb-e,Episode2,17,292,216,monster,20,5,"[50.69743347167969, 0.0, -339.68182373046875]","[0, 16384, 0]","[0.0, 0.0, 0.0, 0.0, 0.0, 0, 0]",,not a standard NPC interaction
extermination-ep2/q165-bb-e,Episode2,17,302,216,monster,10,4,"[379.53125, -21.0, 10.891108512878418]","[0, 32768, 0]","[0.0, 0.0, 0.0, 0.0, 0.0, 0, 0]",,not a standard NPC interaction
extermination-ep2/q165-bb-e,Episode2,17,352,216,monster,22,45,"[247.8743896484375, -11.0, -311.98236083984375]","[0, 0, 0]","[0.0, 0.0, 0.0, 0.0, 0.0, 0, 0]",,not a standard NPC interaction
extermination-ep2/q165-bb-e,Episode2,17,385,216,monster,4,13,"[129.9228515625, -1.0, -252.6713409423828]","[0, 27200, 0]","[0.0, 0.0, 0.0, 0.0, 0.0, 0, 0]",,not a standard NPC interaction
extermination-ep2/q165-bb-e,Episode2,17,386,216,monster,4,13,"[189.1240234375, -0.699999988079071, -366.9770812988281]","[0, 60400, 0]","[0.0, 0.0, 0.0, 0.0, 0.0, 0, 0]",,not a standard NPC interaction
extermination-ep2/q165-bb-e,Episode2,17,388,216,monster,4,19,"[116.00390625, -0.8999999761581421, -370.7574157714844]","[0, 16600, 0]","[0.0, 0.0, 0.0, 0.0, 0.0, 0, 0]",,not a standard NPC interaction
extermination-ep2/q165-bb-e,Episode2,17,397,216,monster,4,27,"[156.4072265625, -1.0, -262.62908935546875]","[0, 46000, 0]","[0.0, 0.0, 0.0, 0.0, 0.0, 0, 0]",,not a standard NPC interaction
extermination-ep2/q165-bb-e,Episode2,17,398,216,monster,4,27,"[198.9296875, -1.0, -339.4903259277344]","[0, 44000, 0]","[0.0, 0.0, 0.0, 0.0, 0.0, 0, 0]",,not a standard NPC interaction
extermination-ep2/q165-bb-e,Episode2,17,424,216,monster,3,14,"[116.34432983398438, 0.0, -322.7212219238281]","[0, -20200, 0]","[0.0, 0.0, 0.0, 0.0, 0.0, 0, 0]",,not a standard NPC interaction
extermination-ep2/q168-bb-e,Episode2,6,18,216,monster,15,8,"[393.0, -100.0, -172.0]","[0, -8192, 0]","[0.0, 0.0, 0.0, 0.0, 0.0, 0, 0]",,not a standard NPC interaction
extermination-ep2/q168-bb-e,Episode2,6,100,216,monster,4,3,"[-32.0, 0.0, 0.0]","[0, -16384, 0]","[0.0, 0.0, 0.0, 0.0, 0.0, 0, 0]",,not a standard NPC interaction
extermination-ep2/q168-bb-e,Episode2,6,122,216,monster,4,5,"[-128.0, 0.0, 64.0]","[0, 32768, 0]","[0.0, 0.0, 0.0, 0.0, 0.0, 0, 0]",,not a standard NPC interaction
extermination-ep2/q168-bb-e,Episode2,6,123,216,monster,4,5,"[64.0, 0.0, 64.0]","[0, 32768, 0]","[0.0, 0.0, 0.0, 0.0, 0.0, 0, 0]",,not a standard NPC interaction
extermination-ep2/q168-bb-e,Episode2,6,182,216,monster,11,22,"[0.0, -9.999999974752427e-07, -128.0]","[0, 0, 0]","[0.0, 0.0, 0.0, 0.0, 0.0, 0, 0]",,not a standard NPC interaction
extermination-ep2/q170-bb-e,Episode2,17,10,216,monster,22,3,"[345.0, -20.0, -15.0]","[0, 32768, 0]","[0.0, 0.0, 0.0, 0.0, 0.0, 0, 0]",,not a standard NPC interaction
extermination-ep2/q170-bb-e,Episode2,17,18,216,monster,5,6,"[115.0, 0.0, -325.0]","[0, 12288, 0]","[0.0, 0.0, 0.0, 0.0, 0.0, 0, 0]",,not a standard NPC interaction
extermination-ep2/q170-bb-e,Episode2,17,19,216,monster,5,6,"[325.0, -20.0, -105.0]","[0, 32768, 0]","[0.0, 0.0, 0.0, 0.0, 0.0, 0, 0]",,not a standard NPC interaction
extermination-ep2/q170-bb-e,Episode2,17,38,216,monster,21,4,"[300.0, -21.0, 0.0]","[0, 28822, 0]","[0.0, 0.0, 0.0, 0.0, 0.0, 0, 0]",,not a standard NPC interaction
extermination-ep2/q170-bb-e,Episode2,17,57,216,monster,10,1,"[100.0, -1.0, -380.0]","[0, -8192, 0]","[0.0, 0.0, 0.0, 0.0, 0.0, 0, 0]",,not a standard NPC interaction
extermination-ep2/q170-bb-e,Episode2,17,75,216,monster,20,3,"[10.0, 0.0, -340.0]","[0, 16384, 0]","[0.0, 0.0, 0.0, 0.0, 0.0, 0, 0]",,not a standard NPC interaction
extermination-ep2/q170-bb-e,Episode2,17,84,216,monster,2,1,"[265.0, -21.0, -135.0]","[0, -24576, 0]","[0.0, 0.0, 0.0, 0.0, 0.0, 0, 0]",,not a standard NPC interaction
extermination-ep2/q170-bb-e,Episode2,17,85,216,monster,2,1,"[345.0, -21.0, -175.0]","[0, -24576, 0]","[0.0, 0.0, 0.0, 0.0, 0.0, 0, 0]",,not a standard NPC interaction
extermination-ep2/q170-bb-e,Episode2,17,91,216,monster,2,1,"[245.0, -10.0, -245.0]","[0, -24576, 0]","[0.0, 0.0, 0.0, 0.0, 0.0, 0, 0]",,not a standard NPC interaction
extermination-ep2/q170-bb-e,Episode2,17,96,216,monster,1,3,"[75.0, 0.0, -335.0]","[0, 16384, 0]","[0.0, 0.0, 0.0, 0.0, 0.0, 0, 0]",,not a standard NPC interaction
extermination-ep2/q170-bb-e,Episode2,17,97,216,monster,1,3,"[335.0, -20.0, -75.0]","[0, 32768, 0]","[0.0, 0.0, 0.0, 0.0, 0.0, 0, 0]",,not a standard NPC interaction
extermination-ep2/q170-bb-e,Episode2,17,106,216,monster,22,1,"[190.0, -11.0, -240.0]","[0, -24576, 0]","[0.0, 0.0, 0.0, 0.0, 0.0, 0, 0]",,not a standard NPC interaction
extermination-ep2/q170-bb-e,Episode2,17,112,216,monster,4,2,"[326.011474609375, -20.168628692626953, -128.06712341308594]","[0, -24576, 0]","[0.0, 0.0, 0.0, 0.0, 0.0, 0, 0]",,not a standard NPC interaction
extermination-ep2/q173-bb-e,Episode2,6,71,216,monster,4,6,"[127.97314453125, 0.0, 71.5211181640625]","[0, -25600, 0]","[0.0, 0.0, 0.0, 0.0, 0.0, 0, 0]",,not a standard NPC interaction
extermination-ep2/q173-bb-e,Episode2,6,110,216,monster,15,5,"[45.1011962890625, -100.0, 57.37200927734375]","[0, 4600, 0]","[0.0, 0.0, 0.0, 0.0, 0.0, 0, 0]",,not a standard NPC interaction
extermination-ep2/q173-bb-e,Episode2,8,15,216,monster,2,30,"[-133.18600463867188, -170.0, -448.2268371582031]","[0, 15000, 0]","[0.0, 0.0, 0.0, 0.0, 0.0, 0, 0]",,not a standard NPC interaction
extermination-ep2/q173-bb-e,Episode2,8,25,216,monster,2,9,"[-166.90313720703125, -137.20579528808594, 74.12303161621094]","[0, 34000, 0]","[0.0, 0.0, 0.0, 0.0, 0.0, 0, 0]",,not a standard NPC interaction
extermination-ep2/q173-bb-e,Episode2,8,52,216,monster,3,4,"[223.159423828125, -13.328104019165039, 56.134517669677734]","[0, 49152, 0]","[0.0, 0.0, 0.0, 0.0, 0.0, 0, 0]",,not a standard NPC interaction
extermination-ep2/q173-bb-e,Episode2,8,87,216,monster,8,6,"[91.2060546875, 45.0, 200.9228515625]","[0, 32768, 0]","[0.0, 0.0, 0.0, 0.0, 0.0, 0, 0]",,not a standard NPC interaction
extermination-ep2/q173-bb-e,Episode2,8,122,216,monster,5,12,"[-259.1597900390625, 14.249692916870117, 33.21329879760742]","[0, 6000, 0]","[0.0, 0.0, 0.0, 0.0, 0.0, 0, 0]",,not a standard NPC interaction
extermination-ep2/q173-bb-e,Episode2,8,139,216,monster,4,9,"[-45.3099479675293, -8.921932749217376e-05, -176.593017578125]","[0, -65800, 0]","[0.0, 0.0, 0.0, 0.0, 0.0, 0, 0]",,not a standard NPC interaction
extermination-ep2/q173-bb-e,Episode2,8,145,216,monster,4,10,"[-3.6432459354400635, 0.0, -24.554424285888672]","[0, 37800, 0]","[0.0, 0.0, 0.0, 0.0, 0.0, 0, 0]",,not a standard NPC interaction
extermination-ep2/q174-bb-e,Episode2,5,50,216,monster,4,3,"[-100.0, 50.000003814697266, 0.0]","[0, 16384, 0]","[0.0, 0.0, 0.0, 0.0, 0.0, 0, 0]",,not a standard NPC interaction
extermination-ep2/q174-bb-e,Episode2,5,146,216,monster,5,7,"[138.08380126953125, 50.0, 47.38751220703125]","[0, 49152, 0]","[0.0, 0.0, 0.0, 0.0, 0.0, 0, 0]",,not a standard NPC interaction
extermination-ep2/q174-bb-e,Episode2,5,172,216,monster,2,4,"[-10.0407133102417, 0.0, -95.22390747070312]","[0, 0, 0]","[0.0, 0.0, 0.0, 0.0, 0.0, 0, 0]",,not a standard NPC interaction
extermination-ep2/q174-bb-e,Episode2,5,197,216,monster,8,8,"[123.95556640625, 0.0, -20.08685302734375]","[0, 16384, 0]","[0.0, 0.0, 0.0, 0.0, 0.0, 0, 0]",,not a standard NPC interaction
extermination-ep2/q174-bb-e,Episode2,5,242,216,monster,5,11,"[120.0, 50.0, 55.0]","[0, 49152, 0]","[0.0, 0.0, 0.0, 0.0, 0.0, 0, 0]",,not a standard NPC interaction
extermination-ep2/q174-bb-e,Episode2,5,243,216,monster,5,11,"[-80.0, 50.0, 55.0]","[0, 16384, 0]","[0.0, 0.0, 0.0, 0.0, 0.0, 0, 0]",,not a standard NPC interaction
extermination-ep2/q174-bb-e,Episode2,5,335,216,monster,11,22,"[-12.44384765625, 10.0, 39.15703201293945]","[0, 23800, 0]","[0.0, 0.0, 0.0, 0.0, 0.0, 0, 0]",,not a standard NPC interaction
extermination-ep2/q174-bb-e,Episode2,5,342,216,monster,11,26,"[0.0, 10.0, 0.0]","[0, 0, 0]","[0.0, 0.0, 0.0, 0.0, 0.0, 0, 0]",,not a standard NPC interaction
extermination-ep2/q174-bb-e,Episode2,5,356,216,monster,4,11,"[0.0, 50.0, 0.0]","[0, 16384, 0]","[0.0, 0.0, 0.0, 0.0, 0.0, 0, 0]",,not a standard NPC interaction
extermination-ep2/q176-bb-e,Episode2,16,5,216,monster,1,2,"[240.55191040039062, -9.34174633026123, -246.42987060546875]","[0, 40143, 0]","[0.0, 0.0, 0.0, 0.0, 0.0, 0, 0]",,not a standard NPC interaction
extermination-ep2/q176-bb-e,Episode2,16,19,216,monster,2,6,"[63.146263122558594, 0.0, -331.123046875]","[0, 15000, 0]","[0.0, 0.0, 0.0, 0.0, 0.0, 0, 0]",,not a standard NPC interaction
extermination-ep2/q176-bb-e,Episode2,16,29,216,monster,20,3,"[1.109375, -1.0, -289.9091796875]","[0, 15200, 0]","[0.0, 0.0, 0.0, 0.0, 0.0, 0, 0]",,not a standard NPC interaction
extermination-ep2/q176-bb-e,Episode2,16,47,216,monster,21,2,"[342.826171875, -20.0, -27.142578125]","[0, 35400, 0]","[0.0, 0.0, 0.0, 0.0, 0.0, 0, 0]",,not a standard NPC interaction
extermination-ep2/q176-bb-e,Episode2,16,56,216,monster,5,1,"[338.1682434082031, -21.0, -67.04296875]","[0, 3400, 0]","[0.0, 0.0, 0.0, 0.0, 0.0, 0, 0]",,not a standard NPC interaction
extermination-ep2/q176-bb-e,Episode2,16,57,216,monster,5,1,"[268.966552734375, -15.699999809265137, -213.84600830078125]","[0, 4665, 0]","[0.0, 0.0, 0.0, 0.0, 0.0, 0, 0]",,not a standard NPC interaction
extermination-ep2/q176-bb-e,Episode2,16,58,216,monster,5,2,"[118.68527221679688, -1.0, -322.412109375]","[0, 13200, 0]","[0.0, 0.0, 0.0, 0.0, 0.0, 0, 0]",,not a standard NPC interaction
extermination-ep2/q176-bb-e,Episode2,16,59,216,monster,5,2,"[-9.152456283569336, -1.0, -380.13671875]","[0, 16384, 0]","[0.0, 0.0, 0.0, 0.0, 0.0, 0, 0]",,not a standard NPC interaction
extermination-ep2/q176-bb-e,Episode2,16,99,216,monster,30,13,"[0.0, 0.0, 75.0]","[0, 32768, 0]","[0.0, 0.0, 0.0, 0.0, 0.0, 0, 0]",,not a standard NPC interaction
extermination-ep2/q176-bb-e,Episode2,16,103,216,monster,30,17,"[90.0, 0.0, 125.0]","[0, 32768, 0]","[0.0, 0.0, 0.0, 0.0, 0.0, 1, 0]",,not a standard NPC interaction
extermination-ep2/q176-bb-e,Episode2,16,114,216,monster,30,27,"[113.0, 0.0, -58.0]","[0, 49152, 0]","[0.0, 0.0, 0.0, 0.0, 0.0, 0, 0]",,not a standard NPC interaction
extermination-ep2/q176-bb-e,Episode2,16,150,216,monster,30,17,"[-90.0, 0.0, 125.0]","[0, 32768, 0]","[0.0, 0.0, 0.0, 0.0, 0.0, 1, 0]",,not a standard NPC interaction
extermination-ep2/q176-bb-e,Episode2,16,151,216,monster,5,2,"[-6.984395503997803, -1.0, -310.84844970703125]","[0, 16384, 0]","[0.0, 0.0, 0.0, 0.0, 0.0, 0, 0]",,not a standard NPC interaction
extermination-ep2/q176-bb-e,Episode2,17,0,216,monster,1,2,"[50.580078125, 0.0, -339.72265625]","[0, 13384, 0]","[0.0, 0.0, 0.0, 0.0, 0.0, 0, 0]",,not a standard NPC interaction
extermination-ep2/q176-bb-e,Episode2,17,26,216,monster,3,4,"[315.1796569824219, -16.634563446044922, -255.74789428710938]","[0, -10000, 0]","[0.0, 0.0, 0.0, 0.0, 0.0, 0, 0]",,not a standard NPC interaction
extermination-ep2/q176-bb-e,Episode2,17,27,216,monster,3,4,"[248.90582275390625, -20.0, -124.96151733398438]","[0, 20400, 0]","[0.0, 0.0, 0.0, 0.0, 0.0, 0, 0]",,not a standard NPC interaction
extermination-ep2/q176-bb-e,Episode2,17,47,216,monster,21,1,"[300.5673828125, -21.0, -79.7392578125]","[0, 10600, 0]","[0.0, 0.0, 0.0, 0.0, 0.0, 0, 0]",,not a standard NPC interaction
extermination-ep2/q176-bb-e,Episode2,17,59,216,monster,5,2,"[144.8620147705078, 0.0, -311.6962890625]","[0, 12800, 0]","[0.0, 0.0, 0.0, 0.0, 0.0, 0, 0]",,not a standard NPC interaction
extermination-ep2/q176-bb-e,Episode2,17,60,216,monster,5,2,"[325.4373779296875, -20.0, -116.59762573242188]","[0, 36400, 0]","[0.0, 0.0, 0.0, 0.0, 0.0, 0, 0]",,not a standard NPC interaction
extermination-ep2/q176-bb-e,Episode2,17,80,216,monster,30,5,"[0.0, 0.20000000298023224, -80.0]","[0, 0, 0]","[0.0, 0.0, 0.0, 0.0, 0.0, 0, 0]",,not a standard NPC interaction
extermination-ep2/q176-bb-e,Episode2,17,89,216,monster,30,12,"[0.0, 0.0, 80.0]","[0, 32768, 0]","[0.0, 0.0, 0.0, 0.0, 0.0, 0, 0]",,not a standard NPC interaction
extermination-ep2/q176-bb-e,Episode2,17,103,216,monster,30,23,"[-70.0, 0.0, -80.0]","[0, 6784, 0]","[0.0, 0.0, 0.0, 0.0, 0.0, 0, 0]",,not a standard NPC interaction
extermination-ep2/q234-bb-e,Episode2,8,0,216,monster,2,17,"[-114.04519653320312, -150.22381591796875, -91.11868286132812]","[0, 4096, 0]","[0.0, 1.0, 0.0, 0.0, 0.0, 1, 0]",,not a standard NPC interaction
extermination-ep2/q234-bb-e,Episode2,8,1,216,monster,2,17,"[-156.46267700195312, -140.00013732910156, -5.0509033203125]","[0, 8192, 0]","[0.0, 0.0, 0.0, 0.0, 0.0, 1, 0]",,not a standard NPC interaction
extermination-ep2/q234-bb-e,Episode2,8,2,216,monster,2,17,"[-17.3353271484375, -154.51510620117188, -112.5750732421875]","[0, 4096, 0]","[0.0, 0.0, 0.0, 0.0, 0.0, 1, 0]",,not a standard NPC interaction
extermination-ep2/q234-bb-e,Episode2,8,3,216,monster,2,17,"[53.5771484375, -151.35821533203125, -96.79058837890625]","[0, 0, 0]","[0.0, 1.0, 0.0, 0.0, 0.0, 1, 0]",,not a standard NPC interaction
extermination-ep2/q234-bb-e,Episode2,8,8,216,monster,2,16,"[-113.26004028320312, -140.00013732910156, 28.08892822265625]","[0, 16384, 0]","[0.0, 0.0, 0.0, 0.0, 0.0, 0, 0]",,not a standard NPC interaction
extermination-ep2/q234-bb-e,Episode2,8,39,216,monster,2,14,"[-30.0, -140.00010681152344, -40.0]","[0, 0, 0]","[0.0, 1.0, 0.5, 0.5, 0.0, 0, 0]",,not a standard NPC interaction
extermination-ep2/q234-bb-e,Episode2,8,52,216,monster,2,8,"[11.8289794921875, -143.46597290039062, -57.329376220703125]","[0, 0, 0]","[0.0, 0.0, 0.0, 0.0, 0.0, 0, 0]",,not a standard NPC interaction
extermination-ep2/q234-bb-e,Episode2,8,94,216,monster,3,6,"[226.10696411132812, -12.778974533081055, -30.137939453125]","[0, 57344, 0]","[100.0, 0.0, 0.7999999523162842, 0.7999999523162842, 0.0, 0, 0]",,not a standard NPC interaction
extermination-ep2/q234-bb-e,Episode2,8,109,216,monster,4,1,"[-34.4039306640625, 0.0, 275.18670654296875]","[0, 36864, 0]","[0.0, 6.0, 0.0, 0.0, 0.0, 0, 0]",,not a standard NPC interaction
extermination-ep2/q234-bb-j,Episode2,8,0,216,monster,2,17,"[-114.04519653320312, -150.22381591796875, -91.11868286132812]","[0, 4096, 0]","[0.0, 1.0, 0.0, 0.0, 0.0, 1, 0]",,not a standard NPC interaction
extermination-ep2/q234-bb-j,Episode2,8,1,216,monster,2,17,"[-156.46267700195312, -140.00013732910156, -5.0509033203125]","[0, 8192, 0]","[0.0, 0.0, 0.0, 0.0, 0.0, 1, 0]",,not a standard NPC interaction
extermination-ep2/q234-bb-j,Episode2,8,2,216,monster,2,17,"[-17.3353271484375, -154.51510620117188, -112.5750732421875]","[0, 4096, 0]","[0.0, 0.0, 0.0, 0.0, 0.0, 1, 0]",,not a standard NPC interaction
extermination-ep2/q234-bb-j,Episode2,8,3,216,monster,2,17,"[53.5771484375, -151.35821533203125, -96.79058837890625]","[0, 0, 0]","[0.0, 1.0, 0.0, 0.0, 0.0, 1, 0]",,not a standard NPC interaction
extermination-ep2/q234-bb-j,Episode2,8,8,216,monster,2,16,"[-113.26004028320312, -140.00013732910156, 28.08892822265625]","[0, 16384, 0]","[0.0, 0.0, 0.0, 0.0, 0.0, 0, 0]",,not a standard NPC interaction
extermination-ep2/q234-bb-j,Episode2,8,39,216,monster,2,14,"[-30.0, -140.00010681152344, -40.0]","[0, 0, 0]","[0.0, 1.0, 0.5, 0.5, 0.0, 0, 0]",,not a standard NPC interaction
extermination-ep2/q234-bb-j,Episode2,8,52,216,monster,2,8,"[11.8289794921875, -143.46597290039062, -57.329376220703125]","[0, 0, 0]","[0.0, 0.0, 0.0, 0.0, 0.0, 0, 0]",,not a standard NPC interaction
extermination-ep2/q234-bb-j,Episode2,8,94,216,monster,3,6,"[226.10696411132812, -12.778974533081055, -30.137939453125]","[0, 57344, 0]","[100.0, 0.0, 0.7999999523162842, 0.7999999523162842, 0.0, 0, 0]",,not a standard NPC interaction
extermination-ep2/q234-bb-j,Episode2,8,109,216,monster,4,1,"[-34.4039306640625, 0.0, 275.18670654296875]","[0, 36864, 0]","[0.0, 6.0, 0.0, 0.0, 0.0, 0, 0]",,not a standard NPC interaction
extermination-ep2/q236-bb-e,Episode2,17,1,216,monster,1,4,"[-18.58203125, -1.0, -385.6435546875]","[0, 57344, 0]","[100.0, 0.0, 0.699999988079071, 0.699999988079071, 0.0, 0, 0]",,not a standard NPC interaction
extermination-ep2/q236-bb-e,Episode2,17,3,216,monster,1,2,"[104.650390625, -1.0, -338.0361328125]","[0, 20480, 0]","[100.0, 0.0, 0.699999988079071, 0.699999988079071, 0.0, 0, 0]",,not a standard NPC interaction
extermination-ep2/q236-bb-e,Episode2,17,4,216,monster,1,2,"[221.7998046875, -5.432337284088135, -265.181640625]","[0, 40960, 0]","[100.0, 0.0, 0.699999988079071, 0.699999988079071, 0.0, 0, 0]",,not a standard NPC interaction
extermination-ep2/q236-bb-e,Episode2,17,87,216,monster,30,3,"[-80.0, 0.0, 0.0]","[0, 81920, 0]","[100.0, 0.0, 0.699999988079071, 0.699999988079071, 0.0, 0, 0]",,not a standard NPC interaction
extermination-ep2/q236-bb-e,Episode2,16,0,216,monster,1,2,"[-18.779296875, -1.0000004768371582, -375.00390625]","[0, 57344, 0]","[100.0, 0.0, 0.699999988079071, 0.699999988079071, 0.0, 0, 0]",,not a standard NPC interaction
extermination-ep2/q236-bb-e,Episode2,16,1,216,monster,1,2,"[239.23046875, -4.447017192840576, -307.80078125]","[0, 61440, 0]","[100.0, 0.0, 0.699999988079071, 0.699999988079071, 0.0, 0, 0]",,not a standard NPC interaction
extermination-ep2/q236-bb-e,Episode2,16,2,216,monster,1,2,"[71.29296875, -1.0, -286.2080078125]","[0, 36864, 0]","[100.0, 0.0, 0.699999988079071, 0.699999988079071, 0.0, 0, 0]",,not a standard NPC interaction
extermination-ep2/q236-bb-e,Episode2,16,3,216,monster,1,1,"[255.0595703125, -21.0, -161.740234375]","[0, 6656, 0]","[100.0, 0.0, 0.699999988079071, 0.699999988079071, 0.0, 0, 0]",,not a standard NPC interaction
extermination-ep2/q236-bb-e,Episode2,16,4,216,monster,1,1,"[322.0380859375, -21.0, -205.951171875]","[0, 5376, 0]","[100.0, 1.0, 0.699999988079071, 0.699999988079071, 0.0, 0, 0]",,not a standard NPC interaction
extermination-ep2/q236-bb-e,Episode2,16,36,216,monster,5,5,"[385.8299865722656, -21.0, 33.8427734375]","[0, 32768, 0]","[100.0, 0.0, 0.699999988079071, 0.699999988079071, 0.0, 0, 0]",,not a standard NPC interaction
extermination-ep2/q236-bb-e,Episode2,16,56,216,monster,10,2,"[291.5263671875, -21.0, -72.15999603271484]","[0, 36864, 0]","[100.0, 0.0, 0.699999988079071, 0.699999988079071, 0.0, 0, 0]",,not a standard NPC interaction
extermination-ep2/q236-bb-e,Episode2,16,58,216,monster,20,3,"[316.654296875, -11.350379943847656, -208.169921875]","[0, 4096, 0]","[100.0, 1.0, 0.699999988079071, 0.699999988079071, 0.0, 0, 0]",,not a standard NPC interaction
extermination-ep2/q236-bb-e,Episode2,16,59,216,monster,20,4,"[266.5830078125, -10.032937049865723, -224.4775390625]","[0, 40960, 0]","[100.0, 1.0, 0.699999988079071, 0.699999988079071, 0.0, 0, 0]",,not a standard NPC interaction
extermination-ep2/q236-bb-e,Episode2,16,60,216,monster,20,4,"[99.9873046875, -1.0000009536743164, -283.244140625]","[0, 77824, 0]","[100.0, 1.0, 0.699999988079071, 0.699999988079071, 0.0, 0, 0]",,not a standard NPC interaction
extermination-ep2/q236-bb-e,Episode2,16,65,216,monster,21,3,"[160.9296875, -9.627397537231445, -254.1025390625]","[0, 12288, 0]","[100.0, 0.0, 0.699999988079071, 0.699999988079071, 0.0, 0, 0]",,not a standard NPC interaction
extermination-ep2/q236-bb-e,Episode2,16,66,216,monster,21,3,"[-3.392578125, -1.0, -377.9169921875]","[0, 12288, 0]","[100.0, 0.0, 0.699999988079071, 0.699999988079071, 0.0, 0, 0]",,not a standard NPC interaction
extermination-ep2/q236-bb-e,Episode2,16,69,216,monster,21,2,"[339.8388671875, -20.0, -23.5576171875]","[0, 32768, 0]","[100.0, 0.0, 0.699999988079071, 0.699999988079071, 0.0, 0, 0]",,not a standard NPC interaction
extermination-ep2/q236-bb-e,Episode2,16,106,216,monster,30,27,"[-124.0234375, 0.0, 3.999410629272461]","[0, 73728, 0]","[100.0, 0.0, 0.699999988079071, 0.699999988079071, 0.0, 0, 0]",,not a standard NPC interaction
extermination-ep2/q236-bb-e,Episode2,16,107,216,monster,30,27,"[0.525390625, 0.0, 116.78008270263672]","[0, 28672, 0]","[100.0, 0.0, 0.699999988079071, 0.699999988079071, 0.0, 0, 0]",,not a standard NPC interaction
extermination-ep2/q236-bb-e,Episode2,16,132,216,monster,30,14,"[-0.310546875, 1.5946145057678223, -56.18000793457031]","[0, 32768, 0]","[100.0, 0.0, 0.699999988079071, 0.699999988079071, 0.0, 0, 0]",,not a standard NPC interaction
extermination-ep2/q236-bb-j,Episode2,17,1,216,monster,1,4,"[-18.58203125, -1.0, -385.6435546875]","[0, 57344, 0]","[100.0, 0.0, 0.699999988079071, 0.699999988079071, 0.0, 0, 0]",,not a standard NPC interaction
extermination-ep2/q236-bb-j,Episode2,17,3,216,monster,1,2,"[104.650390625, -1.0, -338.0361328125]","[0, 20480, 0]","[100.0, 0.0, 0.699999988079071, 0.699999988079071, 0.0, 0, 0]",,not a standard NPC interaction
extermination-ep2/q236-bb-j,Episode2,17,4,216,monster,1,2,"[221.7998046875, -5.432337284088135, -265.181640625]","[0, 40960, 0]","[100.0, 0.0, 0.699999988079071, 0.699999988079071, 0.0, 0, 0]",,not a standard NPC interaction
extermination-ep2/q236-bb-j,Episode2,17,87,216,monster,30,3,"[-80.0, 0.0, 0.0]","[0, 81920, 0]","[100.0, 0.0, 0.699999988079071, 0.699999988079071, 0.0, 0, 0]",,not a standard NPC interaction
extermination-ep2/q236-bb-j,Episode2,16,0,216,monster,1,2,"[-18.779296875, -1.0000004768371582, -375.00390625]","[0, 57344, 0]","[100.0, 0.0, 0.699999988079071, 0.699999988079071, 0.0, 0, 0]",,not a standard NPC interaction
extermination-ep2/q236-bb-j,Episode2,16,1,216,monster,1,2,"[239.23046875, -4.447017192840576, -307.80078125]","[0, 61440, 0]","[100.0, 0.0, 0.699999988079071, 0.699999988079071, 0.0, 0, 0]",,not a standard NPC interaction
extermination-ep2/q236-bb-j,Episode2,16,2,216,monster,1,2,"[71.29296875, -1.0, -286.2080078125]","[0, 36864, 0]","[100.0, 0.0, 0.699999988079071, 0.699999988079071, 0.0, 0, 0]",,not a standard NPC interaction
extermination-ep2/q236-bb-j,Episode2,16,3,216,monster,1,1,"[255.0595703125, -21.0, -161.740234375]","[0, 6656, 0]","[100.0, 0.0, 0.699999988079071, 0.699999988079071, 0.0, 0, 0]",,not a standard NPC interaction
extermination-ep2/q236-bb-j,Episode2,16,4,216,monster,1,1,"[322.0380859375, -21.0, -205.951171875]","[0, 5376, 0]","[100.0, 1.0, 0.699999988079071, 0.699999988079071, 0.0, 0, 0]",,not a standard NPC interaction
extermination-ep2/q236-bb-j,Episode2,16,36,216,monster,5,5,"[385.8299865722656, -21.0, 33.8427734375]","[0, 32768, 0]","[100.0, 0.0, 0.699999988079071, 0.699999988079071, 0.0, 0, 0]",,not a standard NPC interaction
extermination-ep2/q236-bb-j,Episode2,16,56,216,monster,10,2,"[291.5263671875, -21.0, -72.15999603271484]","[0, 36864, 0]","[100.0, 0.0, 0.699999988079071, 0.699999988079071, 0.0, 0, 0]",,not a standard NPC interaction
extermination-ep2/q236-bb-j,Episode2,16,58,216,monster,20,3,"[316.654296875, -11.350379943847656, -208.169921875]","[0, 4096, 0]","[100.0, 1.0, 0.699999988079071, 0.699999988079071, 0.0, 0, 0]",,not a standard NPC interaction
extermination-ep2/q236-bb-j,Episode2,16,59,216,monster,20,4,"[266.5830078125, -10.032937049865723, -224.4775390625]","[0, 40960, 0]","[100.0, 1.0, 0.699999988079071, 0.699999988079071, 0.0, 0, 0]",,not a standard NPC interaction
extermination-ep2/q236-bb-j,Episode2,16,60,216,monster,20,4,"[99.9873046875, -1.0000009536743164, -283.244140625]","[0, 77824, 0]","[100.0, 1.0, 0.699999988079071, 0.699999988079071, 0.0, 0, 0]",,not a standard NPC interaction
extermination-ep2/q236-bb-j,Episode2,16,65,216,monster,21,3,"[160.9296875, -9.627397537231445, -254.1025390625]","[0, 12288, 0]","[100.0, 0.0, 0.699999988079071, 0.699999988079071, 0.0, 0, 0]",,not a standard NPC interaction
extermination-ep2/q236-bb-j,Episode2,16,66,216,monster,21,3,"[-3.392578125, -1.0, -377.9169921875]","[0, 12288, 0]","[100.0, 0.0, 0.699999988079071, 0.699999988079071, 0.0, 0, 0]",,not a standard NPC interaction
extermination-ep2/q236-bb-j,Episode2,16,69,216,monster,21,2,"[339.8388671875, -20.0, -23.5576171875]","[0, 32768, 0]","[100.0, 0.0, 0.699999988079071, 0.699999988079071, 0.0, 0, 0]",,not a standard NPC interaction
extermination-ep2/q236-bb-j,Episode2,16,106,216,monster,30,27,"[-124.0234375, 0.0, 3.999410629272461]","[0, 73728, 0]","[100.0, 0.0, 0.699999988079071, 0.699999988079071, 0.0, 0, 0]",,not a standard NPC interaction
extermination-ep2/q236-bb-j,Episode2,16,107,216,monster,30,27,"[0.525390625, 0.0, 116.78008270263672]","[0, 28672, 0]","[100.0, 0.0, 0.699999988079071, 0.699999988079071, 0.0, 0, 0]",,not a standard NPC interaction
extermination-ep2/q236-bb-j,Episode2,16,132,216,monster,30,14,"[-0.310546875, 1.5946145057678223, -56.18000793457031]","[0, 32768, 0]","[100.0, 0.0, 0.699999988079071, 0.699999988079071, 0.0, 0, 0]",,not a standard NPC interaction
extermination-ep2/q280-bb-e,Episode2,9,42,216,monster,7,6,"[-100.0, 15.0, -225.0]","[0, 8192, 0]","[0.0, 0.0, 0.0, 0.0, 0.0, 0, 0]",,not a standard NPC interaction
extermination-ep2/q280-bb-e,Episode2,17,0,216,monster,1,2,"[-18.779296875, -1.0000004768371582, -375.00390625]","[0, 57344, 0]","[100.0, 0.0, 0.699999988079071, 0.699999988079071, 0.0, 0, 0]",,not a standard NPC interaction
extermination-ep2/q280-bb-e,Episode2,17,2,216,monster,20,4,"[266.5830078125, -10.032937049865723, -224.4775390625]","[0, 40960, 0]","[100.0, 1.0, 0.699999988079071, 0.699999988079071, 0.0, 0, 0]",,not a standard NPC interaction
government-ep2/q462-bb-e,Episode2,8,8,216,monster,2,8,"[-135.09848022460938, -148.38485717773438, -81.92385864257812]","[0, 8192, 0]","[300.0, 1.0, 0.7999999523162842, 0.7999999523162842, 0.0, 0, 0]",,not a standard NPC interaction
government-ep2/q462-bb-e,Episode2,8,9,216,monster,2,8,"[90.57943725585938, -148.81033325195312, -84.05108642578125]","[0, 57344, 0]","[300.0, 0.0, 0.7999999523162842, 0.7999999523162842, 0.0, 0, 0]",,not a standard NPC interaction
government-ep2/q462-bb-e,Episode2,8,10,216,monster,2,8,"[-37.75323486328125, -140.0001678466797, 25.697265625]","[0, 32768, 0]","[300.0, 6.0, 0.7999999523162842, 0.7999999523162842, 0.0, 0, 0]",,not a standard NPC interaction
government-ep2/q462-bb-e,Episode2,8,11,216,monster,2,7,"[-104.460693359375, -140.00010681152344, -27.419158935546875]","[0, 8192, 0]","[300.0, 1.0, 0.7999999523162842, 0.7999999523162842, 0.0, 0, 0]",,not a standard NPC interaction
government-ep2/q462-bb-e,Episode2,8,12,216,monster,2,7,"[26.104278564453125, -140.13491821289062, -40.674102783203125]","[0, 57344, 0]","[300.0, 0.0, 0.7999999523162842, 0.7999999523162842, 0.0, 0, 0]",,not a standard NPC interaction
government-ep2/q462-bb-e,Episode2,8,21,216,monster,2,1,"[-36.848052978515625, -140.0, -33.594024658203125]","[0, 0, 0]","[300.0, 1.0, 0.7999999523162842, 0.7999999523162842, 0.0, 0, 0]",,not a standard NPC interaction
government-ep2/q462-bb-j,Episode2,8,8,216,monster,2,8,"[-135.09848022460938, -148.38485717773438, -81.92385864257812]","[0, 8192, 0]","[300.0, 1.0, 0.7999999523162842, 0.7999999523162842, 0.0, 0, 0]",,not a standard NPC interaction
government-ep2/q462-bb-j,Episode2,8,9,216,monster,2,8,"[90.57943725585938, -148.81033325195312, -84.05108642578125]","[0, 57344, 0]","[300.0, 0.0, 0.7999999523162842, 0.7999999523162842, 0.0, 0, 0]",,not a standard NPC interaction
government-ep2/q462-bb-j,Episode2,8,10,216,monster,2,8,"[-37.75323486328125, -140.0001678466797, 25.697265625]","[0, 32768, 0]","[300.0, 6.0, 0.7999999523162842, 0.7999999523162842, 0.0, 0, 0]",,not a standard NPC interaction
government-ep2/q462-bb-j,Episode2,8,11,216,monster,2,7,"[-104.460693359375, -140.00010681152344, -27.419158935546875]","[0, 8192, 0]","[300.0, 1.0, 0.7999999523162842, 0.7999999523162842, 0.0, 0, 0]",,not a standard NPC interaction
government-ep2/q462-bb-j,Episode2,8,12,216,monster,2,7,"[26.104278564453125, -140.13491821289062, -40.674102783203125]","[0, 57344, 0]","[300.0, 0.0, 0.7999999523162842, 0.7999999523162842, 0.0, 0, 0]",,not a standard NPC interaction
government-ep2/q462-bb-j,Episode2,8,21,216,monster,2,1,"[-36.848052978515625, -140.0, -33.594024658203125]","[0, 0, 0]","[300.0, 1.0, 0.7999999523162842, 0.7999999523162842, 0.0, 0, 0]",,not a standard NPC interaction
government-ep2/q463-bb-e,Episode2,8,82,216,monster,8,1,"[28.18426513671875, 36.75603485107422, 128.620849609375]","[0, 36864, 0]","[300.0, 3.0, 0.7999999523162842, 0.7999999523162842, 0.0, 0, 0]",,not a standard NPC interaction
government-ep2/q463-bb-j,Episode2,8,82,216,monster,8,1,"[28.18426513671875, 36.75603485107422, 128.620849609375]","[0, 36864, 0]","[300.0, 3.0, 0.7999999523162842, 0.7999999523162842, 0.0, 0, 0]",,not a standard NPC interaction
government-ep2/q464-bb-e,Episode2,5,61,216,monster,12,17,"[0.0, 10.0, -40.0]","[0, 0, 0]","[300.0, 6.0, 0.7999999523162842, 0.7999999523162842, 0.0, 1, 0]",,not a standard NPC interaction
government-ep2/q464-bb-e,Episode2,5,73,216,monster,12,4,"[0.0, 10.0, 40.0]","[0, 32768, 0]","[300.0, 6.0, 0.5, 0.5, 0.0, 0, 0]",,not a standard NPC interaction
government-ep2/q464-bb-e,Episode2,5,78,216,monster,12,2,"[0.0, 10.0, -20.0]","[0, 0, 0]","[300.0, 6.0, 0.5, 0.5, 0.0, 1, 0]",,not a standard NPC interaction
government-ep2/q464-bb-j,Episode2,5,61,216,monster,12,17,"[0.0, 10.0, -40.0]","[0, 0, 0]","[300.0, 6.0, 0.7999999523162842, 0.7999999523162842, 0.0, 1, 0]",,not a standard NPC interaction
government-ep2/q464-bb-j,Episode2,5,73,216,monster,12,4,"[0.0, 10.0, 40.0]","[0, 32768, 0]","[300.0, 6.0, 0.5, 0.5, 0.0, 0, 0]",,not a standard NPC interaction
government-ep2/q464-bb-j,Episode2,5,78,216,monster,12,2,"[0.0, 10.0, -20.0]","[0, 0, 0]","[300.0, 6.0, 0.5, 0.5, 0.0, 1, 0]",,not a standard NPC interaction
government-ep2/q465-bb-e,Episode2,8,78,216,monster,8,1,"[28.18426513671875, 36.75603485107422, 128.620849609375]","[0, 36864, 0]","[300.0, 3.0, 0.7999999523162842, 0.7999999523162842, 0.0, 0, 0]",,not a standard NPC interaction
government-ep2/q465-bb-j,Episode2,8,78,216,monster,8,1,"[28.18426513671875, 36.75603485107422, 128.620849609375]","[0, 36864, 0]","[300.0, 3.0, 0.7999999523162842, 0.7999999523162842, 0.0, 0, 0]",,not a standard NPC interaction
maximum-attack-ep2/q40-bb-e,Episode2,5,21,216,monster,5,6,"[-100.0, 49.999996185302734, 50.0]","[0, 16384, 0]","[0.0, 0.0, 0.0, 0.0, 0.0, 0, 0]",,not a standard NPC interaction
maximum-attack-ep2/q40-bb-e,Episode2,5,22,216,monster,5,6,"[-100.0, 50.0, -50.0]","[0, 16384, 0]","[0.0, 0.0, 0.0, 0.0, 0.0, 0, 0]",,not a standard NPC interaction
maximum-attack-ep2/q40-bb-e,Episode2,5,30,216,monster,4,2,"[-100.0, 50.0, 0.0]","[0, 16384, 0]","[0.0, 0.0, 0.0, 0.0, 0.0, 0, 0]",,not a standard NPC interaction
maximum-attack-ep2/q40-bb-e,Episode2,5,35,216,monster,4,3,"[160.0, 50.0, 0.0]","[0, -16384, 0]","[0.0, 0.0, 0.0, 0.0, 0.0, 0, 0]",,not a standard NPC interaction
maximum-attack-ep2/q40-bb-e,Episode2,5,61,216,monster,13,5,"[-70.0, 10.0, -70.0]","[0, 0, 0]","[0.0, 0.0, 0.0, 0.0, 0.0, 0, 0]",,not a standard NPC interaction
maximum-attack-ep2/q40-bb-e,Episode2,5,62,216,monster,13,5,"[70.0, 10.0, -70.0]","[0, 0, 0]","[0.0, 0.0, 0.0, 0.0, 0.0, 0, 0]",,not a standard NPC interaction
maximum-attack-ep2/q40-bb-e,Episode2,5,82,216,monster,13,10,"[0.0, 10.0, -70.0]","[0, 0, 0]","[0.0, 0.0, 0.0, 0.0, 0.0, 0, 0]",,not a standard NPC interaction
maximum-attack-ep2/q40-bb-e,Episode2,5,83,216,monster,13,10,"[-70.0, 10.0, 70.0]","[0, 32768, 0]","[0.0, 0.0, 0.0, 0.0, 0.0, 0, 0]",,not a standard NPC interaction
maximum-attack-ep2/q40-bb-e,Episode2,5,84,216,monster,13,10,"[70.0, 10.0, 70.0]","[0, 32768, 0]","[0.0, 0.0, 0.0, 0.0, 0.0, 0, 0]",,not a standard NPC interaction
maximum-attack-ep2/q40-bb-e,Episode2,5,94,216,monster,13,13,"[70.0, 10.0, -70.0]","[0, 0, 0]","[0.0, 0.0, 0.0, 0.0, 0.0, 0, 0]",,not a standard NPC interaction
maximum-attack-ep2/q40-bb-e,Episode2,17,24,216,monster,20,5,"[20.0, -1.0, -300.0]","[0, 15000, 0]","[0.0, 0.0, 0.0, 0.0, 0.0, 0, 0]",,not a standard NPC interaction
maximum-attack-ep2/q40-bb-e,Episode2,17,25,216,monster,20,5,"[20.0, -1.0, -390.0]","[0, 15000, 0]","[0.0, 0.0, 0.0, 0.0, 0.0, 0, 0]",,not a standard NPC interaction
maximum-attack-ep2/q40-bb-e,Episode2,17,26,216,monster,20,5,"[135.0, -4.82294225692749, -265.0]","[0, 10000, 0]","[0.0, 0.0, 0.0, 0.0, 0.0, 0, 0]",,not a standard NPC interaction
maximum-attack-ep2/q40-bb-e,Episode2,17,84,216,monster,30,10,"[-100.0, 0.0, 0.0]","[0, 16384, 0]","[0.0, 0.0, 0.0, 0.0, 0.0, 0, 0]",,not a standard NPC interaction
maximum-attack-ep2/q40-bb-j,Episode2,5,21,216,monster,5,6,"[-100.0, 49.999996185302734, 50.0]","[0, 16384, 0]","[0.0, 0.0, 0.0, 0.0, 0.0, 0, 0]",,not a standard NPC interaction
maximum-attack-ep2/q40-bb-j,Episode2,5,22,216,monster,5,6,"[-100.0, 50.0, -50.0]","[0, 16384, 0]","[0.0, 0.0, 0.0, 0.0, 0.0, 0, 0]",,not a standard NPC interaction
maximum-attack-ep2/q40-bb-j,Episode2,5,30,216,monster,4,2,"[-100.0, 50.0, 0.0]","[0, 16384, 0]","[0.0, 0.0, 0.0, 0.0, 0.0, 0, 0]",,not a standard NPC interaction
maximum-attack-ep2/q40-bb-j,Episode2,5,35,216,monster,4,3,"[160.0, 50.0, 0.0]","[0, -16384, 0]","[0.0, 0.0, 0.0, 0.0, 0.0, 0, 0]",,not a standard NPC interaction
maximum-attack-ep2/q40-bb-j,Episode2,5,61,216,monster,13,5,"[-70.0, 10.0, -70.0]","[0, 0, 0]","[0.0, 0.0, 0.0, 0.0, 0.0, 0, 0]",,not a standard NPC interaction
maximum-attack-ep2/q40-bb-j,Episode2,5,62,216,monster,13,5,"[70.0, 10.0, -70.0]","[0, 0, 0]","[0.0, 0.0, 0.0, 0.0, 0.0, 0, 0]",,not a standard NPC interaction
maximum-attack-ep2/q40-bb-j,Episode2,5,82,216,monster,13,10,"[0.0, 10.0, -70.0]","[0, 0, 0]","[0.0, 0.0, 0.0, 0.0, 0.0, 0, 0]",,not a standard NPC interaction
maximum-attack-ep2/q40-bb-j,Episode2,5,83,216,monster,13,10,"[-70.0, 10.0, 70.0]","[0, 32768, 0]","[0.0, 0.0, 0.0, 0.0, 0.0, 0, 0]",,not a standard NPC interaction
maximum-attack-ep2/q40-bb-j,Episode2,5,84,216,monster,13,10,"[70.0, 10.0, 70.0]","[0, 32768, 0]","[0.0, 0.0, 0.0, 0.0, 0.0, 0, 0]",,not a standard NPC interaction
maximum-attack-ep2/q40-bb-j,Episode2,5,94,216,monster,13,13,"[70.0, 10.0, -70.0]","[0, 0, 0]","[0.0, 0.0, 0.0, 0.0, 0.0, 0, 0]",,not a standard NPC interaction
maximum-attack-ep2/q40-bb-j,Episode2,17,24,216,monster,20,5,"[20.0, -1.0, -300.0]","[0, 15000, 0]","[0.0, 0.0, 0.0, 0.0, 0.0, 0, 0]",,not a standard NPC interaction
maximum-attack-ep2/q40-bb-j,Episode2,17,25,216,monster,20,5,"[20.0, -1.0, -390.0]","[0, 15000, 0]","[0.0, 0.0, 0.0, 0.0, 0.0, 0, 0]",,not a standard NPC interaction
maximum-attack-ep2/q40-bb-j,Episode2,17,26,216,monster,20,5,"[135.0, -4.82294225692749, -265.0]","[0, 10000, 0]","[0.0, 0.0, 0.0, 0.0, 0.0, 0, 0]",,not a standard NPC interaction
maximum-attack-ep2/q40-bb-j,Episode2,17,84,216,monster,30,10,"[-100.0, 0.0, 0.0]","[0, 16384, 0]","[0.0, 0.0, 0.0, 0.0, 0.0, 0, 0]",,not a standard NPC interaction
maximum-attack-ep2/q46-bb-e,Episode2,3,149,216,monster,8,6,"[69.92456817626953, 0.0, -6.12005615234375]","[0, -16384, 0]","[0.0, 0.0, 0.0, 0.0, 0.0, 0, 0]",,not a standard NPC interaction
maximum-attack-ep2/q46-bb-e,Episode2,3,150,216,monster,8,6,"[-116.12096405029297, 0.0, -8.0245361328125]","[0, 12288, 0]","[0.0, 0.0, 0.0, 0.0, 0.0, 0, 0]",,not a standard NPC interaction
maximum-attack-ep2/q46-bb-e,Episode2,3,151,216,monster,8,6,"[-62.74818420410156, 0.0, 32.0208740234375]","[0, 24576, 0]","[0.0, 0.0, 0.0, 0.0, 0.0, 0, 0]",,not a standard NPC interaction
maximum-attack-ep2/q46-bb-e,Episode2,3,159,216,monster,8,5,"[124.23295593261719, 0.0, -6.5264892578125]","[0, -16384, 0]","[0.0, 0.0, 0.0, 0.0, 0.0, 0, 0]",,not a standard NPC interaction
maximum-attack-ep2/q46-bb-e,Episode2,3,160,216,monster,8,4,"[69.92456817626953, 0.0, -6.12005615234375]","[0, -16384, 0]","[0.0, 0.0, 0.0, 0.0, 0.0, 0, 0]",,not a standard NPC interaction
maximum-attack-ep2/q46-bb-e,Episode2,3,171,216,monster,9,3,"[74.64385986328125, 0.0, 4.9725341796875]","[0, -16384, 0]","[0.0, 0.0, 0.0, 0.0, 0.0, 0, 0]",,not a standard NPC interaction
maximum-attack-ep2/q46-bb-e,Episode2,5,115,216,monster,6,5,"[-292.7122802734375, 50.0, 2.7366943359375]","[0, 16384, 0]","[0.0, 0.0, 0.0, 0.0, 0.0, 0, 0]",,not a standard NPC interaction
maximum-attack-ep2/q46-bb-e,Episode2,5,117,216,monster,6,3,"[-43.2816162109375, 50.0, -4.36712646484375]","[0, 16384, 0]","[0.0, 0.0, 0.0, 0.0, 0.0, 0, 0]",,not a standard NPC interaction
maximum-attack-ep2/q46-bb-e,Episode2,5,118,216,monster,6,3,"[-118.505615234375, 50.0, -0.3470458984375]","[0, 16384, 0]","[0.0, 0.0, 0.0, 0.0, 0.0, 0, 0]",,not a standard NPC interaction
maximum-attack-ep2/q46-bb-e,Episode2,5,127,216,monster,12,8,"[43.125244140625, 10.0, -58.236328125]","[0, 0, 0]","[0.0, 0.0, 0.0, 0.0, 0.0, 0, 0]",,not a standard NPC interaction
maximum-attack-ep2/q46-bb-e,Episode2,5,128,216,monster,12,8,"[-73.49169921875, 10.0, 23.781982421875]","[0, 0, 0]","[0.0, 0.0, 0.0, 0.0, 0.0, 0, 0]",,not a standard NPC interaction
maximum-attack-ep2/q46-bb-e,Episode2,5,135,216,monster,12,11,"[53.9100341796875, 10.0, -68.37530517578125]","[0, 0, 0]","[0.0, 0.0, 0.0, 0.0, 0.0, 0, 0]",,not a standard NPC interaction
maximum-attack-ep2/q46-bb-e,Episode2,17,0,216,monster,1,3,"[207.6044921875, -11.435843467712402, -203.576171875]","[0, 8192, 0]","[0.0, 0.0, 0.0, 0.0, 0.0, 0, 0]",,not a standard NPC interaction
maximum-attack-ep2/q46-bb-e,Episode2,17,1,216,monster,1,3,"[253.669921875, -7.949999809265137, -283.5595703125]","[0, 8192, 0]","[0.0, 0.0, 0.0, 0.0, 0.0, 0, 0]",,not a standard NPC interaction
maximum-attack-ep2/q46-bb-e,Episode2,17,34,216,monster,3,3,"[160.42999267578125, -1.0, -359.0999755859375]","[0, 12288, 0]","[0.0, 0.0, 0.0, 0.0, 0.0, 0, 0]",,not a standard NPC interaction
maximum-attack-ep2/q46-bb-e,Episode2,17,58,216,monster,10,10,"[-8.82421875, -0.823016345500946, -274.1150817871094]","[0, 16384, 0]","[0.0, 0.0, 0.0, 0.0, 0.0, 0, 0]",,not a standard NPC interaction
maximum-attack-ep2/q46-bb-e,Episode2,17,59,216,monster,10,10,"[-17.318359375, -1.0, -409.70867919921875]","[0, 16384, 0]","[0.0, 0.0, 0.0, 0.0, 0.0, 0, 0]",,not a standard NPC interaction
maximum-attack-ep2/q46-bb-e,Episode2,17,68,216,monster,10,4,"[394.814453125, -21.0, 11.115764617919922]","[0, 36864, 0]","[0.0, 0.0, 0.0, 0.0, 0.0, 0, 0]",,not a standard NPC interaction
maximum-attack-ep2/q46-bb-e,Episode2,17,69,216,monster,10,4,"[292.423828125, -21.0, -68.38593292236328]","[0, 16384, 0]","[0.0, 0.0, 0.0, 0.0, 0.0, 0, 0]",,not a standard NPC interaction
maximum-attack-ep2/q46-bb-e,Episode2,17,95,216,monster,30,7,"[21.07421875, 0.0, 107.2263412475586]","[0, 36864, 0]","[0.0, 0.0, 0.0, 0.0, 0.0, 0, 0]",,not a standard NPC interaction
maximum-attack-ep2/q46-bb-j,Episode2,3,149,216,monster,8,6,"[69.92456817626953, 0.0, -6.12005615234375]","[0, -16384, 0]","[0.0, 0.0, 0.0, 0.0, 0.0, 0, 0]",,not a standard NPC interaction
maximum-attack-ep2/q46-bb-j,Episode2,3,150,216,monster,8,6,"[-116.12096405029297, 0.0, -8.0245361328125]","[0, 12288, 0]","[0.0, 0.0, 0.0, 0.0, 0.0, 0, 0]",,not a standard NPC interaction
maximum-attack-ep2/q46-bb-j,Episode2,3,151,216,monster,8,6,"[-62.74818420410156, 0.0, 32.0208740234375]","[0, 24576, 0]","[0.0, 0.0, 0.0, 0.0, 0.0, 0, 0]",,not a standard NPC interaction
maximum-attack-ep2/q46-bb-j,Episode2,3,159,216,monster,8,5,"[124.23295593261719, 0.0, -6.5264892578125]","[0, -16384, 0]","[0.0, 0.0, 0.0, 0.0, 0.0, 0, 0]",,not a standard NPC interaction
maximum-attack-ep2/q46-bb-j,Episode2,3,160,216,monster,8,4,"[69.92456817626953, 0.0, -6.12005615234375]","[0, -16384, 0]","[0.0, 0.0, 0.0, 0.0, 0.0, 0, 0]",,not a standard NPC interaction
maximum-attack-ep2/q46-bb-j,Episode2,3,171,216,monster,9,3,"[74.64385986328125, 0.0, 4.9725341796875]","[0, -16384, 0]","[0.0, 0.0, 0.0, 0.0, 0.0, 0, 0]",,not a standard NPC interaction
maximum-attack-ep2/q46-bb-j,Episode2,5,115,216,monster,6,5,"[-292.7122802734375, 50.0, 2.7366943359375]","[0, 16384, 0]","[0.0, 0.0, 0.0, 0.0, 0.0, 0, 0]",,not a standard NPC interaction
maximum-attack-ep2/q46-bb-j,Episode2,5,117,216,monster,6,3,"[-43.2816162109375, 50.0, -4.36712646484375]","[0, 16384, 0]","[0.0, 0.0, 0.0, 0.0, 0.0, 0, 0]",,not a standard NPC interaction
maximum-attack-ep2/q46-bb-j,Episode2,5,118,216,monster,6,3,"[-118.505615234375, 50.0, -0.3470458984375]","[0, 16384, 0]","[0.0, 0.0, 0.0, 0.0, 0.0, 0, 0]",,not a standard NPC interaction
maximum-attack-ep2/q46-bb-j,Episode2,5,127,216,monster,12,8,"[43.125244140625, 10.0, -58.236328125]","[0, 0, 0]","[0.0, 0.0, 0.0, 0.0, 0.0, 0, 0]",,not a standard NPC interaction
maximum-attack-ep2/q46-bb-j,Episode2,5,128,216,monster,12,8,"[-73.49169921875, 10.0, 23.781982421875]","[0, 0, 0]","[0.0, 0.0, 0.0, 0.0, 0.0, 0, 0]",,not a standard NPC interaction
maximum-attack-ep2/q46-bb-j,Episode2,5,135,216,monster,12,11,"[53.9100341796875, 10.0, -68.37530517578125]","[0, 0, 0]","[0.0, 0.0, 0.0, 0.0, 0.0, 0, 0]",,not a standard NPC interaction
maximum-attack-ep2/q46-bb-j,Episode2,17,0,216,monster,1,3,"[207.6044921875, -11.435843467712402, -203.576171875]","[0, 8192, 0]","[0.0, 0.0, 0.0, 0.0, 0.0, 0, 0]",,not a standard NPC interaction
maximum-attack-ep2/q46-bb-j,Episode2,17,1,216,monster,1,3,"[253.669921875, -7.949999809265137, -283.5595703125]","[0, 8192, 0]","[0.0, 0.0, 0.0, 0.0, 0.0, 0, 0]",,not a standard NPC interaction
maximum-attack-ep2/q46-bb-j,Episode2,17,34,216,monster,3,3,"[160.42999267578125, -1.0, -359.0999755859375]","[0, 12288, 0]","[0.0, 0.0, 0.0, 0.0, 0.0, 0, 0]",,not a standard NPC interaction
maximum-attack-ep2/q46-bb-j,Episode2,17,58,216,monster,10,10,"[-8.82421875, -0.823016345500946, -274.1150817871094]","[0, 16384, 0]","[0.0, 0.0, 0.0, 0.0, 0.0, 0, 0]",,not a standard NPC interaction
maximum-attack-ep2/q46-bb-j,Episode2,17,59,216,monster,10,10,"[-17.318359375, -1.0, -409.70867919921875]","[0, 16384, 0]","[0.0, 0.0, 0.0, 0.0, 0.0, 0, 0]",,not a standard NPC interaction
maximum-attack-ep2/q46-bb-j,Episode2,17,68,216,monster,10,4,"[394.814453125, -21.0, 11.115764617919922]","[0, 36864, 0]","[0.0, 0.0, 0.0, 0.0, 0.0, 0, 0]",,not a standard NPC interaction
maximum-attack-ep2/q46-bb-j,Episode2,17,69,216,monster,10,4,"[292.423828125, -21.0, -68.38593292236328]","[0, 16384, 0]","[0.0, 0.0, 0.0, 0.0, 0.0, 0, 0]",,not a standard NPC interaction
maximum-attack-ep2/q46-bb-j,Episode2,17,95,216,monster,30,7,"[21.07421875, 0.0, 107.2263412475586]","[0, 36864, 0]","[0.0, 0.0, 0.0, 0.0, 0.0, 0, 0]",,not a standard NPC interaction
maximum-attack-ep2/q86-bb-e,Episode2,5,149,216,monster,8,6,"[69.92456817626953, 0.0, -6.12005615234375]","[0, -16384, 0]","[0.0, 0.0, 0.0, 0.0, 0.0, 0, 0]",,not a standard NPC interaction
maximum-attack-ep2/q86-bb-e,Episode2,5,150,216,monster,8,6,"[-116.12096405029297, 0.0, -8.0245361328125]","[0, 12288, 0]","[0.0, 0.0, 0.0, 0.0, 0.0, 0, 0]",,not a standard NPC interaction
maximum-attack-ep2/q86-bb-e,Episode2,5,151,216,monster,8,6,"[-62.74818420410156, 0.0, 32.0208740234375]","[0, 24576, 0]","[0.0, 0.0, 0.0, 0.0, 0.0, 0, 0]",,not a standard NPC interaction
maximum-attack-ep2/q86-bb-e,Episode2,5,159,216,monster,8,5,"[124.23295593261719, 0.0, -6.5264892578125]","[0, -16384, 0]","[0.0, 0.0, 0.0, 0.0, 0.0, 0, 0]",,not a standard NPC interaction
maximum-attack-ep2/q86-bb-e,Episode2,5,160,216,monster,8,4,"[69.92456817626953, 0.0, -6.12005615234375]","[0, -16384, 0]","[0.0, 0.0, 0.0, 0.0, 0.0, 0, 0]",,not a standard NPC interaction
maximum-attack-ep2/q86-bb-e,Episode2,5,171,216,monster,9,3,"[74.64385986328125, 0.0, 4.9725341796875]","[0, -16384, 0]","[0.0, 0.0, 0.0, 0.0, 0.0, 0, 0]",,not a standard NPC interaction
maximum-attack-ep2/q86-bb-j,Episode2,5,149,216,monster,8,6,"[69.92456817626953, 0.0, -6.12005615234375]","[0, -16384, 0]","[0.0, 0.0, 0.0, 0.0, 0.0, 0, 0]",,not a standard NPC interaction
maximum-attack-ep2/q86-bb-j,Episode2,5,150,216,monster,8,6,"[-116.12096405029297, 0.0, -8.0245361328125]","[0, 12288, 0]","[0.0, 0.0, 0.0, 0.0, 0.0, 0, 0]",,not a standard NPC interaction
maximum-attack-ep2/q86-bb-j,Episode2,5,151,216,monster,8,6,"[-62.74818420410156, 0.0, 32.0208740234375]","[0, 24576, 0]","[0.0, 0.0, 0.0, 0.0, 0.0, 0, 0]",,not a standard NPC interaction
maximum-attack-ep2/q86-bb-j,Episode2,5,159,216,monster,8,5,"[124.23295593261719, 0.0, -6.5264892578125]","[0, -16384, 0]","[0.0, 0.0, 0.0, 0.0, 0.0, 0, 0]",,not a standard NPC interaction
maximum-attack-ep2/q86-bb-j,Episode2,5,160,216,monster,8,4,"[69.92456817626953, 0.0, -6.12005615234375]","[0, -16384, 0]","[0.0, 0.0, 0.0, 0.0, 0.0, 0, 0]",,not a standard NPC interaction
maximum-attack-ep2/q86-bb-j,Episode2,5,171,216,monster,9,3,"[74.64385986328125, 0.0, 4.9725341796875]","[0, -16384, 0]","[0.0, 0.0, 0.0, 0.0, 0.0, 0, 0]",,not a standard NPC interaction
maximum-attack-ep2/q88-bb-e,Episode2,5,115,216,monster,6,5,"[-292.7122802734375, 50.0, 2.7366943359375]","[0, 16384, 0]","[0.0, 0.0, 0.0, 0.0, 0.0, 0, 0]",,not a standard NPC interaction
maximum-attack-ep2/q88-bb-e,Episode2,5,117,216,monster,6,3,"[-43.2816162109375, 50.0, -4.36712646484375]","[0, 16384, 0]","[0.0, 0.0, 0.0, 0.0, 0.0, 0, 0]",,not a standard NPC interaction
maximum-attack-ep2/q88-bb-e,Episode2,5,118,216,monster,6,3,"[-118.505615234375, 50.0, -0.3470458984375]","[0, 16384, 0]","[0.0, 0.0, 0.0, 0.0, 0.0, 0, 0]",,not a standard NPC interaction
maximum-attack-ep2/q88-bb-e,Episode2,5,127,216,monster,12,8,"[43.125244140625, 10.0, -58.236328125]","[0, 0, 0]","[0.0, 0.0, 0.0, 0.0, 0.0, 0, 0]",,not a standard NPC interaction
maximum-attack-ep2/q88-bb-e,Episode2,5,128,216,monster,12,8,"[-73.49169921875, 10.0, 23.781982421875]","[0, 0, 0]","[0.0, 0.0, 0.0, 0.0, 0.0, 0, 0]",,not a standard NPC interaction
maximum-attack-ep2/q88-bb-e,Episode2,5,135,216,monster,12,11,"[53.9100341796875, 10.0, -68.37530517578125]","[0, 0, 0]","[0.0, 0.0, 0.0, 0.0, 0.0, 0, 0]",,not a standard NPC interaction
maximum-attack-ep2/q88-bb-e,Episode2,17,0,216,monster,1,3,"[207.6044921875, -11.435843467712402, -203.576171875]","[0, 8192, 0]","[0.0, 0.0, 0.0, 0.0, 0.0, 0, 0]",,not a standard NPC interaction
maximum-attack-ep2/q88-bb-e,Episode2,17,1,216,monster,1,3,"[253.669921875, -7.949999809265137, -283.5595703125]","[0, 8192, 0]","[0.0, 0.0, 0.0, 0.0, 0.0, 0, 0]",,not a standard NPC interaction
maximum-attack-ep2/q88-bb-e,Episode2,17,34,216,monster,3,3,"[160.42999267578125, -1.0, -359.0999755859375]","[0, 12288, 0]","[0.0, 0.0, 0.0, 0.0, 0.0, 0, 0]",,not a standard NPC interaction
maximum-attack-ep2/q88-bb-e,Episode2,17,58,216,monster,10,10,"[-8.82421875, -0.823016345500946, -274.1150817871094]","[0, 16384, 0]","[0.0, 0.0, 0.0, 0.0, 0.0, 0, 0]",,not a standard NPC interaction
maximum-attack-ep2/q88-bb-e,Episode2,17,59,216,monster,10,10,"[-17.318359375, -1.0, -409.70867919921875]","[0, 16384, 0]","[0.0, 0.0, 0.0, 0.0, 0.0, 0, 0]",,not a standard NPC interaction
maximum-attack-ep2/q88-bb-e,Episode2,17,68,216,monster,10,4,"[394.814453125, -21.0, 11.115764617919922]","[0, 36864, 0]","[0.0, 0.0, 0.0, 0.0, 0.0, 0, 0]",,not a standard NPC interaction
maximum-attack-ep2/q88-bb-e,Episode2,17,69,216,monster,10,4,"[292.423828125, -21.0, -68.38593292236328]","[0, 16384, 0]","[0.0, 0.0, 0.0, 0.0, 0.0, 0, 0]",,not a standard NPC interaction
maximum-attack-ep2/q88-bb-e,Episode2,17,95,216,monster,30,7,"[21.07421875, 0.0, 107.2263412475586]","[0, 36864, 0]","[0.0, 0.0, 0.0, 0.0, 0.0, 0, 0]",,not a standard NPC interaction
maximum-attack-ep2/q88-bb-j,Episode2,5,115,216,monster,6,5,"[-292.7122802734375, 50.0, 2.7366943359375]","[0, 16384, 0]","[0.0, 0.0, 0.0, 0.0, 0.0, 0, 0]",,not a standard NPC interaction
maximum-attack-ep2/q88-bb-j,Episode2,5,117,216,monster,6,3,"[-43.2816162109375, 50.0, -4.36712646484375]","[0, 16384, 0]","[0.0, 0.0, 0.0, 0.0, 0.0, 0, 0]",,not a standard NPC interaction
maximum-attack-ep2/q88-bb-j,Episode2,5,118,216,monster,6,3,"[-118.505615234375, 50.0, -0.3470458984375]","[0, 16384, 0]","[0.0, 0.0, 0.0, 0.0, 0.0, 0, 0]",,not a standard NPC interaction
maximum-attack-ep2/q88-bb-j,Episode2,5,127,216,monster,12,8,"[43.125244140625, 10.0, -58.236328125]","[0, 0, 0]","[0.0, 0.0, 0.0, 0.0, 0.0, 0, 0]",,not a standard NPC interaction
maximum-attack-ep2/q88-bb-j,Episode2,5,128,216,monster,12,8,"[-73.49169921875, 10.0, 23.781982421875]","[0, 0, 0]","[0.0, 0.0, 0.0, 0.0, 0.0, 0, 0]",,not a standard NPC interaction
maximum-attack-ep2/q88-bb-j,Episode2,5,135,216,monster,12,11,"[53.9100341796875, 10.0, -68.37530517578125]","[0, 0, 0]","[0.0, 0.0, 0.0, 0.0, 0.0, 0, 0]",,not a standard NPC interaction
maximum-attack-ep2/q88-bb-j,Episode2,17,0,216,monster,1,3,"[207.6044921875, -11.435843467712402, -203.576171875]","[0, 8192, 0]","[0.0, 0.0, 0.0, 0.0, 0.0, 0, 0]",,not a standard NPC interaction
maximum-attack-ep2/q88-bb-j,Episode2,17,1,216,monster,1,3,"[253.669921875, -7.949999809265137, -283.5595703125]","[0, 8192, 0]","[0.0, 0.0, 0.0, 0.0, 0.0, 0, 0]",,not a standard NPC interaction
maximum-attack-ep2/q88-bb-j,Episode2,17,34,216,monster,3,3,"[160.42999267578125, -1.0, -359.0999755859375]","[0, 12288, 0]","[0.0, 0.0, 0.0, 0.0, 0.0, 0, 0]",,not a standard NPC interaction
maximum-attack-ep2/q88-bb-j,Episode2,17,58,216,monster,10,10,"[-8.82421875, -0.823016345500946, -274.1150817871094]","[0, 16384, 0]","[0.0, 0.0, 0.0, 0.0, 0.0, 0, 0]",,not a standard NPC interaction
maximum-attack-ep2/q88-bb-j,Episode2,17,59,216,monster,10,10,"[-17.318359375, -1.0, -409.70867919921875]","[0, 16384, 0]","[0.0, 0.0, 0.0, 0.0, 0.0, 0, 0]",,not a standard NPC interaction
maximum-attack-ep2/q88-bb-j,Episode2,17,68,216,monster,10,4,"[394.814453125, -21.0, 11.115764617919922]","[0, 36864, 0]","[0.0, 0.0, 0.0, 0.0, 0.0, 0, 0]",,not a standard NPC interaction
maximum-attack-ep2/q88-bb-j,Episode2,17,69,216,monster,10,4,"[292.423828125, -21.0, -68.38593292236328]","[0, 16384, 0]","[0.0, 0.0, 0.0, 0.0, 0.0, 0, 0]",,not a standard NPC interaction
maximum-attack-ep2/q88-bb-j,Episode2,17,95,216,monster,30,7,"[21.07421875, 0.0, 107.2263412475586]","[0, 36864, 0]","[0.0, 0.0, 0.0, 0.0, 0.0, 0, 0]",,not a standard NPC interaction
maximum-attack-ep2/q211-bb-e,Episode2,6,30,216,monster,4,1,"[23.7745361328125, 0.2538173496723175, 18.806884765625]","[0, 45056, 0]","[300.0, 0.0, 0.5, 0.3999999761581421, 0.0, 0, 0]",,not a standard NPC interaction
maximum-attack-ep2/q211-bb-e,Episode2,6,31,216,monster,4,2,"[-117.23164367675781, -3.725290298461914e-09, -16.83941650390625]","[0, 81920, 0]","[300.0, 0.0, 0.5, 0.3999999761581421, 0.0, 0, 0]",,not a standard NPC interaction
maximum-attack-ep2/q211-bb-e,Episode2,6,32,216,monster,4,2,"[88.4844970703125, 0.16025382280349731, 56.886505126953125]","[0, 45056, 0]","[300.0, 0.0, 0.5, 0.3999999761581421, 0.0, 0, 0]",,not a standard NPC interaction
maximum-attack-ep2/q211-bb-e,Episode2,6,59,216,monster,15,4,"[375.3465576171875, -100.0, -189.4157257080078]","[0, 53248, 0]","[300.0, 0.0, 0.5, 0.3999999761581421, 0.0, 0, 0]",,not a standard NPC interaction
maximum-attack-ep2/q211-bb-e,Episode2,6,61,216,monster,15,2,"[295.85986328125, -100.0, -117.6075439453125]","[0, 16384, 0]","[300.0, 0.0, 0.5, 0.3999999761581421, 0.0, 0, 0]",,not a standard NPC interaction
maximum-attack-ep2/q211-bb-e,Episode2,8,0,216,monster,2,2,"[-96.6866455078125, -151.68008422851562, -98.39999389648438]","[0, 65536, 0]","[200.0, 0.0, 0.7999999523162842, 0.7999999523162842, 0.0, 1, 0]",,not a standard NPC interaction
maximum-attack-ep2/q211-bb-e,Episode2,8,1,216,monster,2,2,"[21.711029052734375, -152.40675354003906, -102.03326416015625]","[0, 65536, 0]","[200.0, 0.0, 0.7999999523162842, 0.7999999523162842, 0.0, 1, 0]",,not a standard NPC interaction
maximum-attack-ep2/q211-bb-e,Episode2,8,2,216,monster,2,1,"[-36.296630859375, -140.00010681152344, -30.680023193359375]","[0, 65536, 0]","[1000.0, 0.0, 0.7999999523162842, 0.7999999523162842, 0.0, 1, 0]",,not a standard NPC interaction
maximum-attack-ep2/q494-bb-e,Episode2,6,30,216,monster,4,1,"[23.7745361328125, 0.2538173496723175, 18.806884765625]","[0, 45056, 0]","[300.0, 0.0, 0.5, 0.3999999761581421, 0.0, 0, 0]",,not a standard NPC interaction
maximum-attack-ep2/q494-bb-e,Episode2,6,31,216,monster,4,2,"[-117.23164367675781, -3.725290298461914e-09, -16.83941650390625]","[0, 81920, 0]","[300.0, 0.0, 0.5, 0.3999999761581421, 0.0, 0, 0]",,not a standard NPC interaction
maximum-attack-ep2/q494-bb-e,Episode2,6,32,216,monster,4,2,"[88.4844970703125, 0.16025382280349731, 56.886505126953125]","[0, 45056, 0]","[300.0, 0.0, 0.5, 0.3999999761581421, 0.0, 0, 0]",,not a standard NPC interaction
maximum-attack-ep2/q494-bb-e,Episode2,6,59,216,monster,15,4,"[375.3465576171875, -100.0, -189.4157257080078]","[0, 53248, 0]","[300.0, 0.0, 0.5, 0.3999999761581421, 0.0, 0, 0]",,not a standard NPC interaction
maximum-attack-ep2/q494-bb-e,Episode2,6,61,216,monster,15,2,"[295.85986328125, -100.0, -117.6075439453125]","[0, 16384, 0]","[300.0, 0.0, 0.5, 0.3999999761581421, 0.0, 0, 0]",,not a standard NPC interaction
maximum-attack-ep2/q494-bb-e,Episode2,8,0,216,monster,2,2,"[-96.6866455078125, -151.68008422851562, -98.39999389648438]","[0, 65536, 0]","[200.0, 0.0, 0.7999999523162842, 0.7999999523162842, 0.0, 1, 0]",,not a standard NPC interaction
maximum-attack-ep2/q494-bb-e,Episode2,8,1,216,monster,2,2,"[21.711029052734375, -152.40675354003906, -102.03326416015625]","[0, 65536, 0]","[200.0, 0.0, 0.7999999523162842, 0.7999999523162842, 0.0, 1, 0]",,not a standard NPC interaction
maximum-attack-ep2/q494-bb-e,Episode2,8,2,216,monster,2,1,"[-36.296630859375, -140.00010681152344, -30.680023193359375]","[0, 65536, 0]","[1000.0, 0.0, 0.7999999523162842, 0.7999999523162842, 0.0, 1, 0]",,not a standard NPC interaction
maximum-attack-ep2/q494-bb-e,Episode2,17,23,216,monster,20,1,"[384.1376953125, -21.0, 15.3017578125]","[0, 40960, 0]","[100.0, 0.0, 0.699999988079071, 0.699999988079071, 0.0, 0, 0]",,not a standard NPC interaction
maximum-attack-ep2/q494-bb-e,Episode2,17,25,216,monster,20,3,"[220.166015625, -11.0, -169.4521484375]","[0, 31488, 0]","[100.0, 0.0, 0.699999988079071, 0.699999988079071, 0.0, 0, 0]",,not a standard NPC interaction
maximum-attack-ep2/q494-bb-e,Episode2,17,26,216,monster,20,3,"[242.1982421875, -11.0, -322.7919921875]","[0, 1792, 0]","[100.0, 0.0, 0.699999988079071, 0.699999988079071, 0.0, 0, 0]",,not a standard NPC interaction
maximum-attack-ep2/q494-bb-e,Episode2,17,30,216,monster,21,4,"[314.6865234375, -11.0, -245.755859375]","[0, 47872, 0]","[100.0, 0.0, 0.699999988079071, 0.699999988079071, 0.0, 0, 0]",,not a standard NPC interaction
maximum-attack-ep2/q494-bb-e,Episode2,17,37,216,monster,22,2,"[375.474609375, -21.0, -87.6015625]","[0, 32768, 0]","[100.0, 0.0, 0.699999988079071, 0.699999988079071, 0.0, 0, 0]",,not a standard NPC interaction
maximum-attack-ep2/q494-bb-j,Episode2,6,30,216,monster,4,1,"[23.7745361328125, 0.2538173496723175, 18.806884765625]","[0, 45056, 0]","[300.0, 0.0, 0.5, 0.3999999761581421, 0.0, 0, 0]",,not a standard NPC interaction
maximum-attack-ep2/q494-bb-j,Episode2,6,31,216,monster,4,2,"[-117.23164367675781, -3.725290298461914e-09, -16.83941650390625]","[0, 81920, 0]","[300.0, 0.0, 0.5, 0.3999999761581421, 0.0, 0, 0]",,not a standard NPC interaction
maximum-attack-ep2/q494-bb-j,Episode2,6,32,216,monster,4,2,"[88.4844970703125, 0.16025382280349731, 56.886505126953125]","[0, 45056, 0]","[300.0, 0.0, 0.5, 0.3999999761581421, 0.0, 0, 0]",,not a standard NPC interaction
maximum-attack-ep2/q494-bb-j,Episode2,6,59,216,monster,15,4,"[375.3465576171875, -100.0, -189.4157257080078]","[0, 53248, 0]","[300.0, 0.0, 0.5, 0.3999999761581421, 0.0, 0, 0]",,not a standard NPC interaction
maximum-attack-ep2/q494-bb-j,Episode2,6,61,216,monster,15,2,"[295.85986328125, -100.0, -117.6075439453125]","[0, 16384, 0]","[300.0, 0.0, 0.5, 0.3999999761581421, 0.0, 0, 0]",,not a standard NPC interaction
maximum-attack-ep2/q494-bb-j,Episode2,8,0,216,monster,2,2,"[-96.6866455078125, -151.68008422851562, -98.39999389648438]","[0, 65536, 0]","[200.0, 0.0, 0.7999999523162842, 0.7999999523162842, 0.0, 1, 0]",,not a standard NPC interaction
maximum-attack-ep2/q494-bb-j,Episode2,8,1,216,monster,2,2,"[21.711029052734375, -152.40675354003906, -102.03326416015625]","[0, 65536, 0]","[200.0, 0.0, 0.7999999523162842, 0.7999999523162842, 0.0, 1, 0]",,not a standard NPC interaction
maximum-attack-ep2/q494-bb-j,Episode2,8,2,216,monster,2,1,"[-36.296630859375, -140.00010681152344, -30.680023193359375]","[0, 65536, 0]","[1000.0, 0.0, 0.7999999523162842, 0.7999999523162842, 0.0, 1, 0]",,not a standard NPC interaction
maximum-attack-ep2/q494-bb-j,Episode2,17,23,216,monster,20,1,"[384.1376953125, -21.0, 15.3017578125]","[0, 40960, 0]","[100.0, 0.0, 0.699999988079071, 0.699999988079071, 0.0, 0, 0]",,not a standard NPC interaction
maximum-attack-ep2/q494-bb-j,Episode2,17,25,216,monster,20,3,"[220.166015625, -11.0, -169.4521484375]","[0, 31488, 0]","[100.0, 0.0, 0.699999988079071, 0.699999988079071, 0.0, 0, 0]",,not a standard NPC interaction
maximum-attack-ep2/q494-bb-j,Episode2,17,26,216,monster,20,3,"[242.1982421875, -11.0, -322.7919921875]","[0, 1792, 0]","[100.0, 0.0, 0.699999988079071, 0.699999988079071, 0.0, 0, 0]",,not a standard NPC interaction
maximum-attack-ep2/q494-bb-j,Episode2,17,30,216,monster,21,4,"[314.6865234375, -11.0, -245.755859375]","[0, 47872, 0]","[100.0, 0.0, 0.699999988079071, 0.699999988079071, 0.0, 0, 0]",,not a standard NPC interaction
maximum-attack-ep2/q494-bb-j,Episode2,17,37,216,monster,22,2,"[375.474609375, -21.0, -87.6015625]","[0, 32768, 0]","[100.0, 0.0, 0.699999988079071, 0.699999988079071, 0.0, 0, 0]",,not a standard NPC interaction
maximum-attack-ep2/q497-bb-e,Episode2,5,149,216,monster,8,6,"[69.92456817626953, 0.0, -6.12005615234375]","[0, -16384, 0]","[0.0, 0.0, 0.0, 0.0, 0.0, 0, 0]",,not a standard NPC interaction
maximum-attack-ep2/q497-bb-e,Episode2,5,150,216,monster,8,6,"[-116.12096405029297, 0.0, -8.0245361328125]","[0, 12288, 0]","[0.0, 0.0, 0.0, 0.0, 0.0, 0, 0]",,not a standard NPC interaction
maximum-attack-ep2/q497-bb-e,Episode2,5,151,216,monster,8,6,"[-62.74818420410156, 0.0, 32.0208740234375]","[0, 24576, 0]","[0.0, 0.0, 0.0, 0.0, 0.0, 0, 0]",,not a standard NPC interaction
maximum-attack-ep2/q497-bb-e,Episode2,5,159,216,monster,8,5,"[124.23295593261719, 0.0, -6.5264892578125]","[0, -16384, 0]","[0.0, 0.0, 0.0, 0.0, 0.0, 0, 0]",,not a standard NPC interaction
maximum-attack-ep2/q497-bb-e,Episode2,5,160,216,monster,8,4,"[69.92456817626953, 0.0, -6.12005615234375]","[0, -16384, 0]","[0.0, 0.0, 0.0, 0.0, 0.0, 0, 0]",,not a standard NPC interaction
maximum-attack-ep2/q497-bb-e,Episode2,5,171,216,monster,9,3,"[74.64385986328125, 0.0, 4.9725341796875]","[0, -16384, 0]","[0.0, 0.0, 0.0, 0.0, 0.0, 0, 0]",,not a standard NPC interaction
maximum-attack-ep2/q497-bb-j,Episode2,5,149,216,monster,8,6,"[69.92456817626953, 0.0, -6.12005615234375]","[0, -16384, 0]","[0.0, 0.0, 0.0, 0.0, 0.0, 0, 0]",,not a standard NPC interaction
maximum-attack-ep2/q497-bb-j,Episode2,5,150,216,monster,8,6,"[-116.12096405029297, 0.0, -8.0245361328125]","[0, 12288, 0]","[0.0, 0.0, 0.0, 0.0, 0.0, 0, 0]",,not a standard NPC interaction
maximum-attack-ep2/q497-bb-j,Episode2,5,151,216,monster,8,6,"[-62.74818420410156, 0.0, 32.0208740234375]","[0, 24576, 0]","[0.0, 0.0, 0.0, 0.0, 0.0, 0, 0]",,not a standard NPC interaction
maximum-attack-ep2/q497-bb-j,Episode2,5,159,216,monster,8,5,"[124.23295593261719, 0.0, -6.5264892578125]","[0, -16384, 0]","[0.0, 0.0, 0.0, 0.0, 0.0, 0, 0]",,not a standard NPC interaction
maximum-attack-ep2/q497-bb-j,Episode2,5,160,216,monster,8,4,"[69.92456817626953, 0.0, -6.12005615234375]","[0, -16384, 0]","[0.0, 0.0, 0.0, 0.0, 0.0, 0, 0]",,not a standard NPC interaction
maximum-attack-ep2/q497-bb-j,Episode2,5,171,216,monster,9,3,"[74.64385986328125, 0.0, 4.9725341796875]","[0, -16384, 0]","[0.0, 0.0, 0.0, 0.0, 0.0, 0, 0]",,not a standard NPC interaction
maximum-attack-ep2/q499-bb-e,Episode2,5,115,216,monster,6,5,"[-292.7122802734375, 50.0, 2.7366943359375]","[0, 16384, 0]","[0.0, 0.0, 0.0, 0.0, 0.0, 0, 0]",,not a standard NPC interaction
maximum-attack-ep2/q499-bb-e,Episode2,5,117,216,monster,6,3,"[-43.2816162109375, 50.0, -4.36712646484375]","[0, 16384, 0]","[0.0, 0.0, 0.0, 0.0, 0.0, 0, 0]",,not a standard NPC interaction
maximum-attack-ep2/q499-bb-e,Episode2,5,118,216,monster,6,3,"[-118.505615234375, 50.0, -0.3470458984375]","[0, 16384, 0]","[0.0, 0.0, 0.0, 0.0, 0.0, 0, 0]",,not a standard NPC interaction
maximum-attack-ep2/q499-bb-e,Episode2,5,127,216,monster,12,8,"[43.125244140625, 10.0, -58.236328125]","[0, 0, 0]","[0.0, 0.0, 0.0, 0.0, 0.0, 0, 0]",,not a standard NPC interaction
maximum-attack-ep2/q499-bb-e,Episode2,5,128,216,monster,12,8,"[-73.49169921875, 10.0, 23.781982421875]","[0, 0, 0]","[0.0, 0.0, 0.0, 0.0, 0.0, 0, 0]",,not a standard NPC interaction
maximum-attack-ep2/q499-bb-e,Episode2,5,135,216,monster,12,11,"[53.9100341796875, 10.0, -68.37530517578125]","[0, 0, 0]","[0.0, 0.0, 0.0, 0.0, 0.0, 0, 0]",,not a standard NPC interaction
maximum-attack-ep2/q499-bb-e,Episode2,17,0,216,monster,1,3,"[207.6044921875, -11.435843467712402, -203.576171875]","[0, 8192, 0]","[0.0, 0.0, 0.0, 0.0, 0.0, 0, 0]",,not a standard NPC interaction
maximum-attack-ep2/q499-bb-e,Episode2,17,1,216,monster,1,3,"[253.669921875, -7.949999809265137, -283.5595703125]","[0, 8192, 0]","[0.0, 0.0, 0.0, 0.0, 0.0, 0, 0]",,not a standard NPC interaction
maximum-attack-ep2/q499-bb-e,Episode2,17,34,216,monster,3,3,"[160.42999267578125, -1.0, -359.0999755859375]","[0, 12288, 0]","[0.0, 0.0, 0.0, 0.0, 0.0, 0, 0]",,not a standard NPC interaction
maximum-attack-ep2/q499-bb-e,Episode2,17,58,216,monster,10,10,"[-8.82421875, -0.823016345500946, -274.1150817871094]","[0, 16384, 0]","[0.0, 0.0, 0.0, 0.0, 0.0, 0, 0]",,not a standard NPC interaction
maximum-attack-ep2/q499-bb-e,Episode2,17,59,216,monster,10,10,"[-17.318359375, -1.0, -409.70867919921875]","[0, 16384, 0]","[0.0, 0.0, 0.0, 0.0, 0.0, 0, 0]",,not a standard NPC interaction
maximum-attack-ep2/q499-bb-e,Episode2,17,68,216,monster,10,4,"[394.814453125, -21.0, 11.115764617919922]","[0, 36864, 0]","[0.0, 0.0, 0.0, 0.0, 0.0, 0, 0]",,not a standard NPC interaction
maximum-attack-ep2/q499-bb-e,Episode2,17,69,216,monster,10,4,"[292.423828125, -21.0, -68.38593292236328]","[0, 16384, 0]","[0.0, 0.0, 0.0, 0.0, 0.0, 0, 0]",,not a standard NPC interaction
maximum-attack-ep2/q499-bb-e,Episode2,17,95,216,monster,30,7,"[21.07421875, 0.0, 107.2263412475586]","[0, 36864, 0]","[0.0, 0.0, 0.0, 0.0, 0.0, 0, 0]",,not a standard NPC interaction
maximum-attack-ep2/q499-bb-j,Episode2,5,115,216,monster,6,5,"[-292.7122802734375, 50.0, 2.7366943359375]","[0, 16384, 0]","[0.0, 0.0, 0.0, 0.0, 0.0, 0, 0]",,not a standard NPC interaction
maximum-attack-ep2/q499-bb-j,Episode2,5,117,216,monster,6,3,"[-43.2816162109375, 50.0, -4.36712646484375]","[0, 16384, 0]","[0.0, 0.0, 0.0, 0.0, 0.0, 0, 0]",,not a standard NPC interaction
maximum-attack-ep2/q499-bb-j,Episode2,5,118,216,monster,6,3,"[-118.505615234375, 50.0, -0.3470458984375]","[0, 16384, 0]","[0.0, 0.0, 0.0, 0.0, 0.0, 0, 0]",,not a standard NPC interaction
maximum-attack-ep2/q499-bb-j,Episode2,5,127,216,monster,12,8,"[43.125244140625, 10.0, -58.236328125]","[0, 0, 0]","[0.0, 0.0, 0.0, 0.0, 0.0, 0, 0]",,not a standard NPC interaction
maximum-attack-ep2/q499-bb-j,Episode2,5,128,216,monster,12,8,"[-73.49169921875, 10.0, 23.781982421875]","[0, 0, 0]","[0.0, 0.0, 0.0, 0.0, 0.0, 0, 0]",,not a standard NPC interaction
maximum-attack-ep2/q499-bb-j,Episode2,5,135,216,monster,12,11,"[53.9100341796875, 10.0, -68.37530517578125]","[0, 0, 0]","[0.0, 0.0, 0.0, 0.0, 0.0, 0, 0]",,not a standard NPC interaction
maximum-attack-ep2/q499-bb-j,Episode2,17,0,216,monster,1,3,"[207.6044921875, -11.435843467712402, -203.576171875]","[0, 8192, 0]","[0.0, 0.0, 0.0, 0.0, 0.0, 0, 0]",,not a standard NPC interaction
maximum-attack-ep2/q499-bb-j,Episode2,17,1,216,monster,1,3,"[253.669921875, -7.949999809265137, -283.5595703125]","[0, 8192, 0]","[0.0, 0.0, 0.0, 0.0, 0.0, 0, 0]",,not a standard NPC interaction
maximum-attack-ep2/q499-bb-j,Episode2,17,34,216,monster,3,3,"[160.42999267578125, -1.0, -359.0999755859375]","[0, 12288, 0]","[0.0, 0.0, 0.0, 0.0, 0.0, 0, 0]",,not a standard NPC interaction
maximum-attack-ep2/q499-bb-j,Episode2,17,58,216,monster,10,10,"[-8.82421875, -0.823016345500946, -274.1150817871094]","[0, 16384, 0]","[0.0, 0.0, 0.0, 0.0, 0.0, 0, 0]",,not a standard NPC interaction
maximum-attack-ep2/q499-bb-j,Episode2,17,59,216,monster,10,10,"[-17.318359375, -1.0, -409.70867919921875]","[0, 16384, 0]","[0.0, 0.0, 0.0, 0.0, 0.0, 0, 0]",,not a standard NPC interaction
maximum-attack-ep2/q499-bb-j,Episode2,17,68,216,monster,10,4,"[394.814453125, -21.0, 11.115764617919922]","[0, 36864, 0]","[0.0, 0.0, 0.0, 0.0, 0.0, 0, 0]",,not a standard NPC interaction
maximum-attack-ep2/q499-bb-j,Episode2,17,69,216,monster,10,4,"[292.423828125, -21.0, -68.38593292236328]","[0, 16384, 0]","[0.0, 0.0, 0.0, 0.0, 0.0, 0, 0]",,not a standard NPC interaction
maximum-attack-ep2/q499-bb-j,Episode2,17,95,216,monster,30,7,"[21.07421875, 0.0, 107.2263412475586]","[0, 36864, 0]","[0.0, 0.0, 0.0, 0.0, 0.0, 0, 0]",,not a standard NPC interaction
retrieval-ep2/q54-bb-e,Episode2,5,61,216,monster,3,4,"[0.0, 50.0, 0.0]","[0, 32768, 0]","[300.0, 0.0, 0.0, 0.0, 0.0, 0, 0]",,not a standard NPC interaction
retrieval-ep2/q54-bb-e,Episode2,5,66,216,monster,3,5,"[120.0, 50.0, -60.0]","[0, 56032, 0]","[1000.0, 0.0, 0.0, 0.0, 0.0, 0, 0]",,not a standard NPC interaction
retrieval-ep2/q54-bb-e,Episode2,5,67,216,monster,3,5,"[120.0, 50.0, 60.0]","[0, 42251, 0]","[1000.0, 0.0, 0.0, 0.0, 0.0, 0, 0]",,not a standard NPC interaction
retrieval-ep2/q54-bb-e,Episode2,5,68,216,monster,3,5,"[-120.0, 50.0, 60.0]","[0, 23452, 0]","[1000.0, 0.0, 0.0, 0.0, 0.0, 0, 0]",,not a standard NPC interaction
retrieval-ep2/q54-bb-e,Episode2,5,69,216,monster,3,5,"[-120.0, 49.999996185302734, -60.0]","[0, 9493, 0]","[1000.0, 0.0, 0.0, 0.0, 0.0, 0, 0]",,not a standard NPC interaction
retrieval-ep2/q54-bb-e,Episode2,5,132,216,monster,12,1,"[70.0, 10.0, -70.0]","[0, 55889, 0]","[200.0, 0.0, 0.0, 0.0, 0.0, 0, 0]",,not a standard NPC interaction
retrieval-ep2/q54-bb-e,Episode2,5,133,216,monster,12,1,"[-70.0, 10.0, -70.0]","[0, 9753, 0]","[200.0, 0.0, 0.0, 0.0, 0.0, 0, 0]",,not a standard NPC interaction
retrieval-ep2/q54-bb-e,Episode2,5,134,216,monster,12,1,"[0.0, 10.0, 70.0]","[0, 32768, 0]","[200.0, 0.0, 0.0, 0.0, 0.0, 0, 0]",,not a standard NPC interaction
retrieval-ep2/q54-bb-e,Episode2,5,156,216,monster,9,3,"[140.0, 0.0, 0.0]","[0, 49152, 0]","[1000.0, 0.0, 0.0, 0.0, 0.0, 0, 0]",,not a standard NPC interaction
retrieval-ep2/q54-bb-e,Episode2,8,20,216,monster,8,4,"[-103.24142456054688, 44.99954605102539, 178.14111328125]","[0, 16827, 0]","[3000.0, 0.0, 0.0, 0.0, 0.0, 0, 0]",,not a standard NPC interaction
retrieval-ep2/q54-bb-e,Episode2,8,53,216,monster,8,9,"[54.401405334472656, -0.00013852331903763115, -215.41558837890625]","[0, 0, 0]","[3000.0, 0.0, 0.0, 0.0, 0.0, 0, 0]",,not a standard NPC interaction
retrieval-ep2/q54-bb-e,Episode2,8,56,216,monster,7,1,"[-4.859910488128662, 44.657310485839844, 41.48160171508789]","[0, 53903, 0]","[0.0, 0.0, 0.0, 0.0, 0.0, 0, 0]",,not a standard NPC interaction
retrieval-ep2/q54-bb-e,Episode2,8,79,216,monster,5,5,"[-220.40267944335938, 21.919288635253906, 15.269028663635254]","[0, 16384, 0]","[3000.0, 0.0, 0.0, 0.0, 0.0, 0, 0]",,not a standard NPC interaction
retrieval-ep2/q54-bb-e,Episode2,8,80,216,monster,5,5,"[-220.38291931152344, 21.923229217529297, 87.12027740478516]","[0, 16384, 0]","[3000.0, 0.0, 0.0, 0.0, 0.0, 0, 0]",,not a standard NPC interaction
retrieval-ep2/q54-bb-e,Episode2,8,94,216,monster,4,4,"[21.507688522338867, -0.00010552063031354919, 115.11259460449219]","[0, 9504, 0]","[1000.0, 0.0, 0.0, 0.0, 0.0, 0, 0]",,not a standard NPC interaction
retrieval-ep2/q54-bb-e,Episode2,8,125,216,monster,3,5,"[-231.55502319335938, -100.0000991821289, 79.71585845947266]","[0, 42104, 0]","[1000.0, 0.0, 0.0, 0.0, 0.0, 0, 0]",,not a standard NPC interaction
retrieval-ep2/q54-bb-e,Episode2,8,126,216,monster,3,5,"[-264.0182189941406, -100.00028228759766, 130.27676391601562]","[0, 42104, 0]","[2000.0, 0.0, 0.0, 0.0, 0.0, 0, 0]",,not a standard NPC interaction
retrieval-ep2/q54-bb-e,Episode2,8,127,216,monster,10,1,"[0.0, -58.0, 0.0]","[0, 20806, 0]","[2000.0, 0.0, 0.0, 0.0, 0.0, 0, 0]",,not a standard NPC interaction
retrieval-ep2/q54-bb-e,Episode2,8,135,216,monster,2,2,"[-119.0382308959961, -151.303466796875, -96.51693725585938]","[0, 0, 0]","[3000.0, 0.0, 0.0, 0.0, 0.0, 0, 0]",,not a standard NPC interaction
retrieval-ep2/q54-bb-e,Episode2,8,136,216,monster,2,2,"[-65.30339050292969, -157.63092041015625, -128.15428161621094]","[0, 0, 0]","[3000.0, 0.0, 0.0, 0.0, 0.0, 0, 0]",,not a standard NPC interaction
retrieval-ep2/q54-bb-e,Episode2,8,137,216,monster,2,2,"[-4.473873615264893, -162.84487915039062, -154.2240753173828]","[0, 0, 0]","[3000.0, 0.0, 0.0, 0.0, 0.0, 0, 0]",,not a standard NPC interaction
retrieval-ep2/q54-bb-e,Episode2,8,138,216,monster,2,2,"[56.355648040771484, -157.05157470703125, -125.25762939453125]","[0, 0, 0]","[3000.0, 0.0, 0.0, 0.0, 0.0, 0, 0]",,not a standard NPC interaction
retrieval-ep2/q54-bb-e,Episode2,8,139,216,monster,2,2,"[107.04691314697266, -149.8099822998047, -89.0495834350586]","[0, 0, 0]","[3000.0, 0.0, 0.0, 0.0, 0.0, 0, 0]",,not a standard NPC interaction
retrieval-ep2/q54-bb-j,Episode2,5,61,216,monster,3,4,"[0.0, 50.0, 0.0]","[0, 32768, 0]","[300.0, 0.0, 0.0, 0.0, 0.0, 0, 0]",,not a standard NPC interaction
retrieval-ep2/q54-bb-j,Episode2,5,66,216,monster,3,5,"[120.0, 50.0, -60.0]","[0, 56032, 0]","[1000.0, 0.0, 0.0, 0.0, 0.0, 0, 0]",,not a standard NPC interaction
retrieval-ep2/q54-bb-j,Episode2,5,67,216,monster,3,5,"[120.0, 50.0, 60.0]","[0, 42251, 0]","[1000.0, 0.0, 0.0, 0.0, 0.0, 0, 0]",,not a standard NPC interaction
retrieval-ep2/q54-bb-j,Episode2,5,68,216,monster,3,5,"[-120.0, 50.0, 60.0]","[0, 23452, 0]","[1000.0, 0.0, 0.0, 0.0, 0.0, 0, 0]",,not a standard NPC interaction
retrieval-ep2/q54-bb-j,Episode2,5,69,216,monster,3,5,"[-120.0, 49.999996185302734, -60.0]","[0, 9493, 0]","[1000.0, 0.0, 0.0, 0.0, 0.0, 0, 0]",,not a standard NPC interaction
retrieval-ep2/q54-bb-j,Episode2,5,132,216,monster,12,1,"[70.0, 10.0, -70.0]","[0, 55889, 0]","[200.0, 0.0, 0.0, 0.0, 0.0, 0, 0]",,not a standard NPC interaction
retrieval-ep2/q54-bb-j,Episode2,5,133,216,monster,12,1,"[-70.0, 10.0, -70.0]","[0, 9753, 0]","[200.0, 0.0, 0.0, 0.0, 0.0, 0, 0]",,not a standard NPC interaction
retrieval-ep2/q54-bb-j,Episode2,5,134,216,monster,12,1,"[0.0, 10.0, 70.0]","[0, 32768, 0]","[200.0, 0.0, 0.0, 0.0, 0.0, 0, 0]",,not a standard NPC interaction
retrieval-ep2/q54-bb-j,Episode2,5,156,216,monster,9,3,"[140.0, 0.0, 0.0]","[0, 49152, 0]","[1000.0, 0.0, 0.0, 0.0, 0.0, 0, 0]",,not a standard NPC interaction
retrieval-ep2/q54-bb-j,Episode2,8,20,216,monster,8,4,"[-103.24142456054688, 44.99954605102539, 178.14111328125]","[0, 16827, 0]","[3000.0, 0.0, 0.0, 0.0, 0.0, 0, 0]",,not a standard NPC interaction
retrieval-ep2/q54-bb-j,Episode2,8,53,216,monster,8,9,"[54.401405334472656, -0.00013852331903763115, -215.41558837890625]","[0, 0, 0]","[3000.0, 0.0, 0.0, 0.0, 0.0, 0, 0]",,not a standard NPC interaction
retrieval-ep2/q54-bb-j,Episode2,8,56,216,monster,7,1,"[-4.859910488128662, 44.657310485839844, 41.48160171508789]","[0, 53903, 0]","[0.0, 0.0, 0.0, 0.0, 0.0, 0, 0]",,not a standard NPC interaction
retrieval-ep2/q54-bb-j,Episode2,8,79,216,monster,5,5,"[-220.40267944335938, 21.919288635253906, 15.269028663635254]","[0, 16384, 0]","[3000.0, 0.0, 0.0, 0.0, 0.0, 0, 0]",,not a standard NPC interaction
retrieval-ep2/q54-bb-j,Episode2,8,80,216,monster,5,5,"[-220.38291931152344, 21.923229217529297, 87.12027740478516]","[0, 16384, 0]","[3000.0, 0.0, 0.0, 0.0, 0.0, 0, 0]",,not a standard NPC interaction
retrieval-ep2/q54-bb-j,Episode2,8,94,216,monster,4,4,"[21.507688522338867, -0.00010552063031354919, 115.11259460449219]","[0, 9504, 0]","[1000.0, 0.0, 0.0, 0.0, 0.0, 0, 0]",,not a standard NPC interaction
retrieval-ep2/q54-bb-j,Episode2,8,125,216,monster,3,5,"[-231.55502319335938, -100.0000991821289, 79.71585845947266]","[0, 42104, 0]","[1000.0, 0.0, 0.0, 0.0, 0.0, 0, 0]",,not a standard NPC interaction
retrieval-ep2/q54-bb-j,Episode2,8,126,216,monster,3,5,"[-264.0182189941406, -100.00028228759766, 130.27676391601562]","[0, 42104, 0]","[2000.0, 0.0, 0.0, 0.0, 0.0, 0, 0]",,not a standard NPC interaction
retrieval-ep2/q54-bb-j,Episode2,8,127,216,monster,10,1,"[0.0, -58.0, 0.0]","[0, 20806, 0]","[2000.0, 0.0, 0.0, 0.0, 0.0, 0, 0]",,not a standard NPC interaction
retrieval-ep2/q54-bb-j,Episode2,8,135,216,monster,2,2,"[-119.0382308959961, -151.303466796875, -96.51693725585938]","[0, 0, 0]","[3000.0, 0.0, 0.0, 0.0, 0.0, 0, 0]",,not a standard NPC interaction
retrieval-ep2/q54-bb-j,Episode2,8,136,216,monster,2,2,"[-65.30339050292969, -157.63092041015625, -128.15428161621094]","[0, 0, 0]","[3000.0, 0.0, 0.0, 0.0, 0.0, 0, 0]",,not a standard NPC interaction
retrieval-ep2/q54-bb-j,Episode2,8,137,216,monster,2,2,"[-4.473873615264893, -162.84487915039062, -154.2240753173828]","[0, 0, 0]","[3000.0, 0.0, 0.0, 0.0, 0.0, 0, 0]",,not a standard NPC interaction
retrieval-ep2/q54-bb-j,Episode2,8,138,216,monster,2,2,"[56.355648040771484, -157.05157470703125, -125.25762939453125]","[0, 0, 0]","[3000.0, 0.0, 0.0, 0.0, 0.0, 0, 0]",,not a standard NPC interaction
retrieval-ep2/q54-bb-j,Episode2,8,139,216,monster,2,2,"[107.04691314697266, -149.8099822998047, -89.0495834350586]","[0, 0, 0]","[3000.0, 0.0, 0.0, 0.0, 0.0, 0, 0]",,not a standard NPC interaction
retrieval-ep2/q95-bb-e,Episode2,16,0,216,monster,30,1,"[131.712890625, 0.0, 128.46990966796875]","[0, -32600, 0]","[0.0, 0.0, 0.0, 0.0, 0.0, 0, 0]",,not a standard NPC interaction
retrieval-ep2/q95-bb-e,Episode2,16,1,216,monster,30,1,"[129.43359375, 0.0, -88.21033477783203]","[0, 0, 0]","[0.0, 0.0, 0.0, 0.0, 0.0, 0, 0]",,not a standard NPC interaction
retrieval-ep2/q95-bb-e,Episode2,16,4,216,monster,30,3,"[129.66726684570312, 0.0, 105.21367645263672]","[0, -30400, 0]","[0.0, 0.0, 0.0, 0.0, 0.0, 0, 0]",,not a standard NPC interaction
retrieval-ep2/q95-bb-e,Episode2,16,8,216,monster,20,1,"[-74.44140625, 0.0, -382.609375]","[0, -49600, 0]","[0.0, 0.0, 0.0, 0.0, 0.0, 0, 0]",,not a standard NPC interaction
retrieval-ep2/q95-bb-e,Episode2,16,14,216,monster,20,3,"[113.5734634399414, -1.0, -280.6949768066406]","[0, 9707, 0]","[0.0, 0.0, 0.0, 0.0, 0.0, 0, 0]",,not a standard NPC interaction
retrieval-ep2/q95-bb-e,Episode2,16,19,216,monster,30,4,"[65.77667236328125, 0.0, 144.04440307617188]","[0, -16800, 0]","[0.0, 0.0, 0.0, 0.0, 0.0, 0, 0]",,not a standard NPC interaction
retrieval-ep2/q95-bb-e,Episode2,16,20,216,monster,30,5,"[-129.50982666015625, 0.0, 141.91574096679688]","[0, 15600, 0]","[0.0, 0.0, 0.0, 0.0, 0.0, 0, 0]",,not a standard NPC interaction
retrieval-ep2/q95-bb-e,Episode2,16,25,216,monster,21,1,"[65.197265625, -1.0, -323.80078125]","[0, -25000, 0]","[0.0, 0.0, 0.0, 0.0, 0.0, 0, 0]",,not a standard NPC interaction
retrieval-ep2/q95-bb-e,Episode2,16,49,216,monster,30,7,"[-133.810546875, 0.0, -125.10228729248047]","[0, 0, 0]","[0.0, 0.0, 0.0, 0.0, 0.0, 0, 0]",,not a standard NPC interaction
retrieval-ep2/q95-bb-e,Episode2,16,51,216,monster,30,8,"[-145.732421875, 0.0, -21.75846290588379]","[0, -16800, 0]","[0.0, 0.0, 0.0, 0.0, 0.0, 0, 0]",,not a standard NPC interaction
retrieval-ep2/q95-bb-e,Episode2,16,75,216,monster,22,3,"[297.8165588378906, -21.0, -31.599851608276367]","[0, -32200, 0]","[0.0, 0.0, 0.0, 0.0, 0.0, 0, 0]",,not a standard NPC interaction
retrieval-ep2/q95-bb-e,Episode2,16,76,216,monster,22,3,"[343.5186767578125, -17.051681518554688, -171.97064208984375]","[0, 0, 0]","[0.0, 0.0, 0.0, 0.0, 0.0, 0, 0]",,not a standard NPC interaction
retrieval-ep2/q95-bb-e,Episode2,16,77,216,monster,22,3,"[212.9412078857422, -11.0, -173.0587921142578]","[0, -33000, 0]","[0.0, 0.0, 0.0, 0.0, 0.0, 0, 0]",,not a standard NPC interaction
retrieval-ep2/q95-bb-e,Episode2,16,78,216,monster,22,3,"[235.79226684570312, -11.0, -328.66363525390625]","[0, 0, 0]","[0.0, 0.0, 0.0, 0.0, 0.0, 0, 0]",,not a standard NPC interaction
retrieval-ep2/q95-bb-e,Episode2,16,79,216,monster,22,3,"[54.07194137573242, -1.0, -279.6970520019531]","[0, 12000, 0]","[0.0, 0.0, 0.0, 0.0, 0.0, 0, 0]",,not a standard NPC interaction
retrieval-ep2/q95-bb-e,Episode2,16,80,216,monster,22,3,"[-16.20703125, -1.0, -416.2890625]","[0, 7000, 0]","[0.0, 0.0, 0.0, 0.0, 0.0, 0, 0]",,not a standard NPC interaction
retrieval-ep2/q95-bb-e,Episode2,16,165,216,monster,4,4,"[309.056640625, -20.0, -148.18710327148438]","[0, -31000, 0]","[0.0, 0.0, 0.0, 0.0, 0.0, 0, 0]",,not a standard NPC interaction
retrieval-ep2/q95-bb-e,Episode2,16,180,216,monster,5,2,"[258.5483093261719, -8.183268547058105, -292.5712890625]","[0, -33800, 0]","[0.0, 0.0, 0.0, 0.0, 0.0, 0, 0]",,not a standard NPC interaction
retrieval-ep2/q95-bb-e,Episode2,16,181,216,monster,5,2,"[299.96258544921875, -17.552356719970703, -228.90943908691406]","[0, 11800, 0]","[0.0, 0.0, 0.0, 0.0, 0.0, 0, 0]",,not a standard NPC interaction
retrieval-ep2/q95-bb-e,Episode2,16,182,216,monster,5,2,"[241.2962188720703, -18.26736068725586, -172.9619140625]","[0, 200, 0]","[0.0, 0.0, 0.0, 0.0, 0.0, 0, 0]",,not a standard NPC interaction
retrieval-ep2/q95-bb-e,Episode2,16,183,216,monster,5,2,"[191.77320861816406, -6.076790809631348, -233.810546875]","[0, -13000, 0]","[0.0, 0.0, 0.0, 0.0, 0.0, 0, 0]",,not a standard NPC interaction
retrieval-ep2/q95-bb-e,Episode2,16,220,216,monster,1,6,"[292.5841369628906, -21.0, 22.189802169799805]","[0, 16167, 0]","[0.0, 0.0, 0.0, 0.0, 0.0, 0, 0]",,not a standard NPC interaction
retrieval-ep2/q95-bb-e,Episode2,16,226,216,monster,30,7,"[-121.9942398071289, 0.0, 92.5652847290039]","[0, 33029, 0]","[0.0, 0.0, 0.0, 0.0, 0.0, 0, 0]",,not a standard NPC interaction
retrieval-ep2/q95-bb-e,Episode2,17,10,216,monster,1,4,"[96.28904724121094, 0.0, -331.062255859375]","[0, 10800, 0]","[0.0, 0.0, 0.0, 0.0, 0.0, 0, 0]",,not a standard NPC interaction
retrieval-ep2/q95-bb-e,Episode2,17,32,216,monster,4,1,"[302.408203125, -21.0, 34.515403747558594]","[0, -33400, 0]","[0.0, 0.0, 0.0, 0.0, 0.0, 0, 0]",,not a standard NPC interaction
retrieval-ep2/q95-bb-e,Episode2,17,33,216,monster,4,1,"[389.9453125, -21.0, -29.068893432617188]","[0, -65000, 0]","[0.0, 0.0, 0.0, 0.0, 0.0, 0, 0]",,not a standard NPC interaction
retrieval-ep2/q95-bb-e,Episode2,17,40,216,monster,4,3,"[163.70895385742188, -1.0, -358.1698303222656]","[0, 12800, 0]","[0.0, 0.0, 0.0, 0.0, 0.0, 0, 0]",,not a standard NPC interaction
retrieval-ep2/q95-bb-e,Episode2,17,63,216,monster,3,2,"[285.6475524902344, -19.587322235107422, -194.2350311279297]","[0, 15604, 0]","[0.0, 0.0, 0.0, 1.0, 0.0, 0, 0]",,not a standard NPC interaction
retrieval-ep2/q95-bb-e,Episode2,17,82,216,monster,20,2,"[328.21875, -12.662066459655762, -193.2900390625]","[0, 7000, 0]","[0.0, 0.0, 0.0, 0.0, 0.0, 0, 0]",,not a standard NPC interaction
retrieval-ep2/q95-bb-e,Episode2,17,83,216,monster,20,2,"[278.6201171875, -11.0, -266.8955078125]","[0, 6400, 0]","[0.0, 0.0, 0.0, 0.0, 0.0, 0, 0]",,not a standard NPC interaction
retrieval-ep2/q95-bb-e,Episode2,17,113,216,monster,21,3,"[259.18035888671875, -11.0, -256.3648681640625]","[0, 22788, 0]","[0.0, 0.0, 0.0, 0.0, 0.0, 0, 0]",,not a standard NPC interaction
retrieval-ep2/q95-bb-e,Episode2,17,114,216,monster,21,3,"[226.07337951660156, -11.0, -227.98744201660156]","[0, 56002, 0]","[0.0, 0.0, 0.0, 0.0, 0.0, 0, 0]",,not a standard NPC interaction
retrieval-ep2/q95-bb-e,Episode2,17,169,216,monster,30,5,"[-116.44334411621094, 0.0, 138.46739196777344]","[0, 0, 0]","[0.0, 0.0, 0.0, 0.0, 0.0, 0, 0]",,not a standard NPC interaction
retrieval-ep2/q95-bb-j,Episode2,16,0,216,monster,30,1,"[131.712890625, 0.0, 128.46990966796875]","[0, -32600, 0]","[0.0, 0.0, 0.0, 0.0, 0.0, 0, 0]",,not a standard NPC interaction
retrieval-ep2/q95-bb-j,Episode2,16,1,216,monster,30,1,"[129.43359375, 0.0, -88.21033477783203]","[0, 0, 0]","[0.0, 0.0, 0.0, 0.0, 0.0, 0, 0]",,not a standard NPC interaction
retrieval-ep2/q95-bb-j,Episode2,16,4,216,monster,30,3,"[129.66726684570312, 0.0, 105.21367645263672]","[0, -30400, 0]","[0.0, 0.0, 0.0, 0.0, 0.0, 0, 0]",,not a standard NPC interaction
retrieval-ep2/q95-bb-j,Episode2,16,8,216,monster,20,1,"[-74.44140625, 0.0, -382.609375]","[0, -49600, 0]","[0.0, 0.0, 0.0, 0.0, 0.0, 0, 0]",,not a standard NPC interaction
retrieval-ep2/q95-bb-j,Episode2,16,14,216,monster,20,3,"[113.5734634399414, -1.0, -280.6949768066406]","[0, 9707, 0]","[0.0, 0.0, 0.0, 0.0, 0.0, 0, 0]",,not a standard NPC interaction
retrieval-ep2/q95-bb-j,Episode2,16,19,216,monster,30,4,"[65.77667236328125, 0.0, 144.04440307617188]","[0, -16800, 0]","[0.0, 0.0, 0.0, 0.0, 0.0, 0, 0]",,not a standard NPC interaction
retrieval-ep2/q95-bb-j,Episode2,16,20,216,monster,30,5,"[-129.50982666015625, 0.0, 141.91574096679688]","[0, 15600, 0]","[0.0, 0.0, 0.0, 0.0, 0.0, 0, 0]",,not a standard NPC interaction
retrieval-ep2/q95-bb-j,Episode2,16,25,216,monster,21,1,"[65.197265625, -1.0, -323.80078125]","[0, -25000, 0]","[0.0, 0.0, 0.0, 0.0, 0.0, 0, 0]",,not a standard NPC interaction
retrieval-ep2/q95-bb-j,Episode2,16,49,216,monster,30,7,"[-133.810546875, 0.0, -125.10228729248047]","[0, 0, 0]","[0.0, 0.0, 0.0, 0.0, 0.0, 0, 0]",,not a standard NPC interaction
retrieval-ep2/q95-bb-j,Episode2,16,51,216,monster,30,8,"[-145.732421875, 0.0, -21.75846290588379]","[0, -16800, 0]","[0.0, 0.0, 0.0, 0.0, 0.0, 0, 0]",,not a standard NPC interaction
retrieval-ep2/q95-bb-j,Episode2,16,75,216,monster,22,3,"[297.8165588378906, -21.0, -31.599851608276367]","[0, -32200, 0]","[0.0, 0.0, 0.0, 0.0, 0.0, 0, 0]",,not a standard NPC interaction
retrieval-ep2/q95-bb-j,Episode2,16,76,216,monster,22,3,"[343.5186767578125, -17.051681518554688, -171.97064208984375]","[0, 0, 0]","[0.0, 0.0, 0.0, 0.0, 0.0, 0, 0]",,not a standard NPC interaction
retrieval-ep2/q95-bb-j,Episode2,16,77,216,monster,22,3,"[212.9412078857422, -11.0, -173.0587921142578]","[0, -33000, 0]","[0.0, 0.0, 0.0, 0.0, 0.0, 0, 0]",,not a standard NPC interaction
retrieval-ep2/q95-bb-j,Episode2,16,78,216,monster,22,3,"[235.79226684570312, -11.0, -328.66363525390625]","[0, 0, 0]","[0.0, 0.0, 0.0, 0.0, 0.0, 0, 0]",,not a standard NPC interaction
retrieval-ep2/q95-bb-j,Episode2,16,79,216,monster,22,3,"[54.07194137573242, -1.0, -279.6970520019531]","[0, 12000, 0]","[0.0, 0.0, 0.0, 0.0, 0.0, 0, 0]",,not a standard NPC interaction
retrieval-ep2/q95-bb-j,Episode2,16,80,216,monster,22,3,"[-16.20703125, -1.0, -416.2890625]","[0, 7000, 0]","[0.0, 0.0, 0.0, 0.0, 0.0, 0, 0]",,not a standard NPC interaction
retrieval-ep2/q95-bb-j,Episode2,16,165,216,monster,4,4,"[309.056640625, -20.0, -148.18710327148438]","[0, -31000, 0]","[0.0, 0.0, 0.0, 0.0, 0.0, 0, 0]",,not a standard NPC interaction
retrieval-ep2/q95-bb-j,Episode2,16,180,216,monster,5,2,"[258.5483093261719, -8.183268547058105, -292.5712890625]","[0, -33800, 0]","[0.0, 0.0, 0.0, 0.0, 0.0, 0, 0]",,not a standard NPC interaction
retrieval-ep2/q95-bb-j,Episode2,16,181,216,monster,5,2,"[299.96258544921875, -17.552356719970703, -228.90943908691406]","[0, 11800, 0]","[0.0, 0.0, 0.0, 0.0, 0.0, 0, 0]",,not a standard NPC interaction
retrieval-ep2/q95-bb-j,Episode2,16,182,216,monster,5,2,"[241.2962188720703, -18.26736068725586, -172.9619140625]","[0, 200, 0]","[0.0, 0.0, 0.0, 0.0, 0.0, 0, 0]",,not a standard NPC interaction
retrieval-ep2/q95-bb-j,Episode2,16,183,216,monster,5,2,"[191.77320861816406, -6.076790809631348, -233.810546875]","[0, -13000, 0]","[0.0, 0.0, 0.0, 0.0, 0.0, 0, 0]",,not a standard NPC interaction
retrieval-ep2/q95-bb-j,Episode2,16,220,216,monster,1,6,"[292.5841369628906, -21.0, 22.189802169799805]","[0, 16167, 0]","[0.0, 0.0, 0.0, 0.0, 0.0, 0, 0]",,not a standard NPC interaction
retrieval-ep2/q95-bb-j,Episode2,16,226,216,monster,30,7,"[-121.9942398071289, 0.0, 92.5652847290039]","[0, 33029, 0]","[0.0, 0.0, 0.0, 0.0, 0.0, 0, 0]",,not a standard NPC interaction
retrieval-ep2/q95-bb-j,Episode2,17,10,216,monster,1,4,"[96.28904724121094, 0.0, -331.062255859375]","[0, 10800, 0]","[0.0, 0.0, 0.0, 0.0, 0.0, 0, 0]",,not a standard NPC interaction
retrieval-ep2/q95-bb-j,Episode2,17,32,216,monster,4,1,"[302.408203125, -21.0, 34.515403747558594]","[0, -33400, 0]","[0.0, 0.0, 0.0, 0.0, 0.0, 0, 0]",,not a standard NPC interaction
retrieval-ep2/q95-bb-j,Episode2,17,33,216,monster,4,1,"[389.9453125, -21.0, -29.068893432617188]","[0, -65000, 0]","[0.0, 0.0, 0.0, 0.0, 0.0, 0, 0]",,not a standard NPC interaction
retrieval-ep2/q95-bb-j,Episode2,17,40,216,monster,4,3,"[163.70895385742188, -1.0, -358.1698303222656]","[0, 12800, 0]","[0.0, 0.0, 0.0, 0.0, 0.0, 0, 0]",,not a standard NPC interaction
retrieval-ep2/q95-bb-j,Episode2,17,63,216,monster,3,2,"[285.6475524902344, -19.587322235107422, -194.2350311279297]","[0, 15604, 0]","[0.0, 0.0, 0.0, 1.0, 0.0, 0, 0]",,not a standard NPC interaction
retrieval-ep2/q95-bb-j,Episode2,17,82,216,monster,20,2,"[328.21875, -12.662066459655762, -193.2900390625]","[0, 7000, 0]","[0.0, 0.0, 0.0, 0.0, 0.0, 0, 0]",,not a standard NPC interaction
retrieval-ep2/q95-bb-j,Episode2,17,83,216,monster,20,2,"[278.6201171875, -11.0, -266.8955078125]","[0, 6400, 0]","[0.0, 0.0, 0.0, 0.0, 0.0, 0, 0]",,not a standard NPC interaction
retrieval-ep2/q95-bb-j,Episode2,17,113,216,monster,21,3,"[259.18035888671875, -11.0, -256.3648681640625]","[0, 22788, 0]","[0.0, 0.0, 0.0, 0.0, 0.0, 0, 0]",,not a standard NPC interaction
retrieval-ep2/q95-bb-j,Episode2,17,114,216,monster,21,3,"[226.07337951660156, -11.0, -227.98744201660156]","[0, 56002, 0]","[0.0, 0.0, 0.0, 0.0, 0.0, 0, 0]",,not a standard NPC interaction
retrieval-ep2/q95-bb-j,Episode2,17,169,216,monster,30,5,"[-116.44334411621094, 0.0, 138.46739196777344]","[0, 0, 0]","[0.0, 0.0, 0.0, 0.0, 0.0, 0, 0]",,not a standard NPC interaction
retrieval-ep2/q151-bb-e,Episode2,16,37,216,monster,1,23,"[75.9294662475586, -1.0, -377.3425598144531]","[0, 5786, 0]","[0.0, 0.0, 0.0, 0.0, 0.0, 0, 0]",,not a standard NPC interaction
retrieval-ep2/q151-bb-e,Episode2,16,38,216,monster,2,1,"[139.0706024169922, -1.0, -354.8683776855469]","[0, 46534, 0]","[0.0, 0.0, 0.0, 0.0, 0.0, 0, 0]",,not a standard NPC interaction
retrieval-ep2/q151-bb-e,Episode2,16,48,216,monster,2,9,"[287.0530700683594, -21.0, -85.82807159423828]","[0, 39997, 0]","[0.0, 0.0, 0.0, 0.0, 0.0, 0, 0]",,not a standard NPC interaction
retrieval-ep2/q151-bb-e,Episode2,16,49,216,monster,2,9,"[187.7321014404297, -4.900000095367432, -235.822998046875]","[0, 9596, 0]","[0.0, 0.0, 0.0, 0.0, 0.0, 0, 0]",,not a standard NPC interaction
retrieval-ep2/q151-bb-e,Episode2,16,70,216,monster,4,5,"[131.74090576171875, 0.0, -315.4050598144531]","[0, 12800, 0]","[0.0, 0.0, 0.0, 0.0, 0.0, 0, 0]",,not a standard NPC interaction
retrieval-ep2/q151-bb-e,Episode2,16,71,216,monster,4,5,"[318.7041320800781, -20.0, -132.39874267578125]","[0, 38452, 0]","[0.0, 0.0, 0.0, 0.0, 0.0, 0, 0]",,not a standard NPC interaction
retrieval-ep2/q151-bb-e,Episode2,16,93,216,monster,10,7,"[303.03753662109375, -21.0, -29.273578643798828]","[0, 24576, 0]","[0.0, 0.0, 0.0, 0.0, 0.0, 0, 0]",,not a standard NPC interaction
retrieval-ep2/q151-bb-e,Episode2,16,98,216,monster,20,10,"[340.0, -16.200000762939453, -175.0]","[0, -24576, 0]","[0.0, 0.0, 0.0, 0.0, 0.0, 0, 0]",,not a standard NPC interaction
retrieval-ep2/q151-bb-e,Episode2,16,111,216,monster,21,3,"[51.61170959472656, -1.0, -382.5762939453125]","[0, 0, 0]","[0.0, 0.0, 0.0, 0.0, 0.0, 0, 0]",,not a standard NPC interaction
retrieval-ep2/q151-bb-e,Episode2,16,122,216,monster,22,2,"[190.0, -11.0, -230.0]","[0, -24576, 0]","[0.0, 0.0, 0.0, 0.0, 0.0, 0, 0]",,not a standard NPC interaction
retrieval-ep2/q151-bb-e,Episode2,16,130,216,monster,30,3,"[60.0, 0.0, 60.0]","[0, -24576, 0]","[0.0, 0.0, 0.0, 0.0, 0.0, 0, 0]",,not a standard NPC interaction
retrieval-ep2/q151-bb-e,Episode2,16,135,216,monster,1,5,"[341.4809265136719, -21.0, -177.8070526123047]","[0, 46561, 0]","[0.0, 0.0, 0.0, 0.0, 0.0, 0, 0]",,not a standard NPC interaction
retrieval-ep2/q151-bb-e,Episode2,17,11,216,monster,2,2,"[340.0, -21.0, -200.0]","[0, -12288, 0]","[0.0, 0.0, 0.0, 0.0, 201.0, 0, 0]",,not a standard NPC interaction
retrieval-ep2/q151-bb-e,Episode2,17,12,216,monster,2,2,"[200.0, -1.0, -340.0]","[0, -4096, 0]","[0.0, 0.0, 0.0, 0.0, 201.0, 0, 0]",,not a standard NPC interaction
retrieval-ep2/q151-bb-e,Episode2,17,28,216,monster,4,4,"[117.82332611083984, -1.0, -368.8771667480469]","[0, 7375, 0]","[62593.0, 0.0, 0.0, 0.0, 0.0, 0, 0]",,not a standard NPC interaction
retrieval-ep2/q151-bb-e,Episode2,17,38,216,monster,5,4,"[343.2790832519531, -20.0, 1.4079527854919434]","[0, 32768, 0]","[0.0, 0.0, 0.0, 0.0, 0.0, 0, 0]",,not a standard NPC interaction
retrieval-ep2/q151-bb-e,Episode2,17,58,216,monster,20,6,"[140.4689483642578, -4.99185848236084, -271.3377380371094]","[0, 5623, 0]","[0.0, 0.0, 0.0, 0.0, 0.0, 0, 0]",,not a standard NPC interaction
retrieval-ep2/q151-bb-e,Episode2,17,65,216,monster,21,4,"[131.73065185546875, -1.0, -373.49542236328125]","[0, 54860, 0]","[0.0, 0.0, 0.0, 0.0, 0.0, 0, 0]",,not a standard NPC interaction
retrieval-ep2/q151-bb-e,Episode2,17,71,216,monster,21,20,"[382.306640625, -21.0, 20.95830535888672]","[0, 32768, 0]","[0.0, 0.0, 0.0, 0.0, 0.0, 0, 0]",,not a standard NPC interaction
retrieval-ep2/q151-bb-e,Episode2,17,73,216,monster,21,20,"[-15.94371509552002, -1.0, -308.5699462890625]","[0, 16384, 0]","[0.0, 0.0, 0.0, 0.0, 0.0, 0, 0]",,not a standard NPC interaction
retrieval-ep2/q151-bb-e,Episode2,17,94,216,monster,30,7,"[100.0, 0.0, 0.0]","[0, -16384, 0]","[0.0, 0.0, 0.0, 0.0, 0.0, 0, 0]",,not a standard NPC interaction
retrieval-ep2/q151-bb-e,Episode2,17,114,216,monster,30,21,"[-40.0, 0.0, 110.0]","[0, 32768, 0]","[0.0, 0.0, 0.0, 0.0, 0.0, 0, 0]",,not a standard NPC interaction
retrieval-ep2/q153-bb-e,Episode2,5,24,216,monster,3,3,"[90.0, 50.000003814697266, 40.0]","[0, 49152, 0]","[0.0, 0.0, 0.0, 0.0, 0.0, 0, 0]",,not a standard NPC interaction
retrieval-ep2/q153-bb-e,Episode2,5,25,216,monster,3,3,"[90.0, 50.0, -40.0]","[0, 49152, 0]","[0.0, 0.0, 0.0, 0.0, 0.0, 0, 0]",,not a standard NPC interaction
retrieval-ep2/q153-bb-e,Episode2,5,43,216,monster,5,2,"[-15.0, 50.0, -75.0]","[0, 0, 0]","[0.0, 0.0, 0.0, 0.0, 0.0, 0, 0]",,not a standard NPC interaction
retrieval-ep2/q153-bb-e,Episode2,5,47,216,monster,12,1,"[0.0, 10.0, -80.0]","[0, 0, 0]","[0.0, 0.0, 0.0, 0.0, 0.0, 0, 0]",,not a standard NPC interaction
retrieval-ep2/q153-bb-e,Episode2,5,48,216,monster,12,1,"[0.0, 10.0, 80.0]","[0, 32768, 0]","[0.0, 0.0, 0.0, 0.0, 0.0, 0, 0]",,not a standard NPC interaction
retrieval-ep2/q153-bb-e,Episode2,5,125,216,monster,11,3,"[-74.42324829101562, 10.0, -4.33444881439209]","[0, 0, 0]","[0.0, 0.0, 0.0, 0.0, 0.0, 0, 0]",,not a standard NPC interaction
retrieval-ep2/q153-bb-e,Episode2,5,126,216,monster,11,3,"[29.62729263305664, 10.0, -88.31809997558594]","[0, 0, 0]","[0.0, 0.0, 0.0, 0.0, 0.0, 0, 0]",,not a standard NPC interaction
retrieval-ep2/q153-bb-e,Episode2,5,132,216,monster,11,5,"[65.0, 10.0, 65.0]","[0, 40960, 0]","[0.0, 0.0, 0.0, 0.0, 0.0, 0, 0]",,not a standard NPC interaction
retrieval-ep2/q153-bb-e,Episode2,5,133,216,monster,11,5,"[0.0, 10.0, 0.0]","[0, 40960, 0]","[0.0, 0.0, 0.0, 0.0, 0.0, 0, 0]",,not a standard NPC interaction
retrieval-ep2/q153-bb-e,Episode2,8,12,216,monster,2,4,"[-25.0, -135.0, 100.0]","[0, 32768, 0]","[0.0, 0.0, 0.0, 0.0, 0.0, 0, 0]",,not a standard NPC interaction
retrieval-ep2/q153-bb-e,Episode2,8,17,216,monster,2,5,"[-3.2842791080474854, -103.0, 244.72055053710938]","[0, 49152, 0]","[0.0, 0.0, 0.0, 0.0, 0.0, 0, 0]",,not a standard NPC interaction
retrieval-ep2/q153-bb-e,Episode2,8,50,216,monster,3,5,"[67.13117218017578, -44.59849166870117, 0.7738352417945862]","[0, 57344, 0]","[0.0, 0.0, 0.0, 0.0, 0.0, 0, 0]",,not a standard NPC interaction
retrieval-ep2/q153-bb-e,Episode2,8,56,216,monster,3,6,"[198.08224487304688, -18.0, -47.801719665527344]","[0, 57344, 0]","[0.0, 0.0, 0.0, 0.0, 0.0, 0, 0]",,not a standard NPC interaction
retrieval-ep2/q153-bb-e,Episode2,8,58,216,monster,3,7,"[195.558349609375, -19.0, -47.86309051513672]","[0, 57344, 0]","[0.0, 0.0, 0.0, 0.0, 0.0, 0, 0]",,not a standard NPC interaction
retrieval-ep2/q153-bb-e,Episode2,8,82,216,monster,2,7,"[84.48188018798828, -121.76194763183594, 151.34207153320312]","[0, 16384, 0]","[0.0, 0.0, 0.0, 0.0, 0.0, 0, 0]",,not a standard NPC interaction
retrieval-ep2/q153-bb-e,Episode2,8,104,216,monster,8,2,"[85.0, -0.0003198047634214163, -180.0]","[0, 40960, 0]","[0.0, 0.0, 0.0, 0.0, 0.0, 0, 0]",,not a standard NPC interaction
retrieval-ep2/q153-bb-e,Episode2,8,119,216,monster,8,7,"[100.0, 45.0, 200.0]","[0, 40960, 0]","[0.0, 0.0, 0.0, 0.0, 0.0, 0, 0]",,not a standard NPC interaction
retrieval-ep2/q153-bb-e,Episode2,8,120,216,monster,8,7,"[-50.0, 44.999542236328125, 200.0]","[0, 24576, 0]","[0.0, 0.0, 0.0, 0.0, 0.0, 0, 0]",,not a standard NPC interaction
retrieval-ep2/q153-bb-e,Episode2,8,123,216,monster,8,8,"[20.0, 39.0, 155.0]","[0, 0, 0]","[0.0, 0.0, 0.0, 0.0, 0.0, 0, 0]",,not a standard NPC interaction
retrieval-ep2/q153-bb-e,Episode2,8,124,216,monster,8,8,"[60.0, 28.31298828125, 85.0]","[0, 24576, 0]","[0.0, 0.0, 0.0, 0.0, 0.0, 0, 0]",,not a standard NPC interaction
retrieval-ep2/q153-bb-e,Episode2,8,125,216,monster,8,8,"[-20.0, 28.133146286010742, 85.0]","[0, 40960, 0]","[0.0, 0.0, 0.0, 0.0, 0.0, 0, 0]",,not a standard NPC interaction
seasonal-ep2/q65535-bb-e,Episode2,5,10,216,monster,13,4,"[0.0, 10.0, -80.0]","[0, 0, 0]","[300.0, 3.0, 0.7999999523162842, 0.7999999523162842, 0.0, 0, 0]",,not a standard NPC interaction
seasonal-ep2/q65535-bb-e,Episode2,5,11,216,monster,13,4,"[0.0, 10.0, 80.0]","[0, 32768, 0]","[300.0, 3.0, 0.7999999523162842, 0.7999999523162842, 0.0, 0, 0]",,not a standard NPC interaction
seasonal-ep2/q65535-bb-e,Episode2,5,18,216,monster,13,7,"[72.44965362548828, 10.0, -76.10330963134766]","[0, 0, 0]","[300.0, 3.0, 0.7999999523162842, 0.7999999523162842, 0.0, 0, 0]",,not a standard NPC interaction
seasonal-ep2/q65535-bb-e,Episode2,5,23,216,monster,13,9,"[-50.0, 10.0, -50.0]","[0, 0, 0]","[300.0, 3.0, 0.7999999523162842, 0.7999999523162842, 0.0, 0, 0]",,not a standard NPC interaction
seasonal-ep2/q65535-bb-e,Episode2,5,24,216,monster,13,9,"[50.0, 10.0, -50.0]","[0, 0, 0]","[300.0, 3.0, 0.7999999523162842, 0.7999999523162842, 0.0, 0, 0]",,not a standard NPC interaction
seasonal-ep2/q65535-bb-e,Episode2,5,25,216,monster,13,9,"[0.0, 10.0, 50.0]","[0, 32768, 0]","[300.0, 3.0, 0.7999999523162842, 0.7999999523162842, 0.0, 0, 0]",,not a standard NPC interaction
seasonal-ep2/q65535-bb-e,Episode2,5,51,216,monster,12,1,"[-71.08136749267578, 10.0, -72.64473724365234]","[0, 0, 0]","[300.0, 3.0, 0.7999999523162842, 0.7999999523162842, 0.0, 0, 0]",,not a standard NPC interaction
seasonal-ep2/q65535-bb-e,Episode2,5,52,216,monster,12,1,"[72.35601806640625, 10.0, -71.655517578125]","[0, 0, 0]","[300.0, 3.0, 0.7999999523162842, 0.7999999523162842, 0.0, 0, 0]",,not a standard NPC interaction
seasonal-ep2/q65535-bb-e,Episode2,5,53,216,monster,12,1,"[2.1211602687835693, 10.0, 87.60944366455078]","[0, 32768, 0]","[300.0, 3.0, 0.7999999523162842, 0.7999999523162842, 0.0, 0, 0]",,not a standard NPC interaction
seasonal-ep2/q65535-bb-e,Episode2,5,77,216,monster,12,3,"[0.0, 10.0, 0.0]","[0, 0, 0]","[300.0, 3.0, 0.7999999523162842, 0.7999999523162842, 0.0, 0, 0]",,not a standard NPC interaction
seasonal-ep2/q65535-bb-e,Episode2,5,92,216,monster,12,6,"[-64.0, 10.0, -64.0]","[0, 0, 0]","[300.0, 3.0, 0.7999999523162842, 0.7999999523162842, 0.0, 0, 0]",,not a standard NPC interaction
seasonal-ep2/q65535-bb-e,Episode2,5,93,216,monster,12,6,"[64.0, 10.0, -64.0]","[0, 0, 0]","[300.0, 3.0, 0.7999999523162842, 0.7999999523162842, 0.0, 0, 0]",,not a standard NPC interaction
seasonal-ep2/q65535-bb-e,Episode2,5,94,216,monster,12,6,"[-64.0, 10.0, 64.0]","[0, 0, 0]","[300.0, 3.0, 0.7999999523162842, 0.7999999523162842, 0.0, 0, 0]",,not a standard NPC interaction
seasonal-ep2/q65535-bb-e,Episode2,5,95,216,monster,12,6,"[64.0, 10.0, 64.0]","[0, 0, 0]","[300.0, 3.0, 0.7999999523162842, 0.7999999523162842, 0.0, 0, 0]",,not a standard NPC interaction
seasonal-ep2/q65535-bb-e,Episode2,5,96,216,monster,12,6,"[0.0, 10.0, 0.0]","[0, 0, 0]","[300.0, 3.0, 0.7999999523162842, 0.7999999523162842, 0.0, 0, 0]",,not a standard NPC interaction
seasonal-ep2/q65535-bb-e,Episode2,5,110,216,monster,12,8,"[0.0, 10.0, 80.0]","[0, 32768, 0]","[300.0, 3.0, 0.7999999523162842, 0.7999999523162842, 0.0, 0, 0]",,not a standard NPC interaction
seasonal-ep2/q65535-bb-e,Episode2,5,122,216,monster,11,2,"[-90.0, 10.0, 0.0]","[0, 16384, 0]","[300.0, 3.0, 0.7999999523162842, 0.7999999523162842, 0.0, 0, 0]",,not a standard NPC interaction
seasonal-ep2/q65535-bb-e,Episode2,5,123,216,monster,11,2,"[90.0, 10.0, 0.0]","[0, 49152, 0]","[300.0, 3.0, 0.7999999523162842, 0.7999999523162842, 0.0, 0, 0]",,not a standard NPC interaction
seasonal-ep2/q65535-bb-e,Episode2,5,181,216,monster,11,8,"[0.0, 10.0, 85.0]","[0, 32768, 0]","[300.0, 3.0, 0.7999999523162842, 0.7999999523162842, 0.0, 0, 0]",,not a standard NPC interaction
solo-story-ep1/q027-bb-e,Episode2,5,46,216,monster,10,1,"[137.0, 0.0, -5.58001708984375]","[0, 114688, 0]","[100.0, 0.0, 0.7999999523162842, 0.7999999523162842, 0.0, 0, 0]",,not a standard NPC interaction
solo-story-ep1/q027-bb-e,Episode2,17,20,216,monster,20,5,"[-39.6796875, -1.0, -317.560546875]","[0, 114688, 0]","[100.0, 0.0, 0.7999999523162842, 0.7999999523162842, 0.0, 0, 0]",,not a standard NPC interaction
solo-story-ep1/q027-bb-e,Episode2,17,21,216,monster,20,3,"[142.6845703125, -5.611855983734131, -265.7080078125]","[0, 77824, 0]","[100.0, 0.0, 0.7999999523162842, 0.7999999523162842, 0.0, 0, 0]",,not a standard NPC interaction
solo-story-ep1/q027-bb-e,Episode2,17,22,216,monster,20,1,"[335.6865234375, -16.70530891418457, -171.240234375]","[0, 69632, 0]","[100.0, 0.0, 0.7999999523162842, 0.7999999523162842, 0.0, 0, 0]",,not a standard NPC interaction
solo-story-ep1/q027-bb-e,Episode2,17,30,216,monster,22,7,"[194.32421875, -11.0, -206.08984375]","[0, 57344, 0]","[200.0, 0.0, 0.7999999523162842, 0.7999999523162842, 0.0, 0, 0]",,not a standard NPC interaction
solo-story-ep1/q027-bb-e,Episode2,17,33,216,monster,22,2,"[357.5283203125, -15.960410118103027, -190.591796875]","[0, 20480, 0]","[200.0, 0.0, 0.7999999523162842, 0.7999999523162842, 0.0, 0, 0]",,not a standard NPC interaction
solo-story-ep1/q027-bb-j,Episode2,5,46,216,monster,10,1,"[137.0, 0.0, -5.58001708984375]","[0, 114688, 0]","[100.0, 0.0, 0.7999999523162842, 0.7999999523162842, 0.0, 0, 0]",,not a standard NPC interaction
solo-story-ep1/q027-bb-j,Episode2,17,20,216,monster,20,5,"[-39.6796875, -1.0, -317.560546875]","[0, 114688, 0]","[100.0, 0.0, 0.7999999523162842, 0.7999999523162842, 0.0, 0, 0]",,not a standard NPC interaction
solo-story-ep1/q027-bb-j,Episode2,17,21,216,monster,20,3,"[142.6845703125, -5.611855983734131, -265.7080078125]","[0, 77824, 0]","[100.0, 0.0, 0.7999999523162842, 0.7999999523162842, 0.0, 0, 0]",,not a standard NPC interaction
solo-story-ep1/q027-bb-j,Episode2,17,22,216,monster,20,1,"[335.6865234375, -16.70530891418457, -171.240234375]","[0, 69632, 0]","[100.0, 0.0, 0.7999999523162842, 0.7999999523162842, 0.0, 0, 0]",,not a standard NPC interaction
solo-story-ep1/q027-bb-j,Episode2,17,30,216,monster,22,7,"[194.32421875, -11.0, -206.08984375]","[0, 57344, 0]","[200.0, 0.0, 0.7999999523162842, 0.7999999523162842, 0.0, 0, 0]",,not a standard NPC interaction
solo-story-ep1/q027-bb-j,Episode2,17,33,216,monster,22,2,"[357.5283203125, -15.960410118103027, -190.591796875]","[0, 20480, 0]","[200.0, 0.0, 0.7999999523162842, 0.7999999523162842, 0.0, 0, 0]",,not a standard NPC interaction
tower-ep2/q75-bb-e,Episode2,17,6,216,monster,2,2,"[222.2580108642578, -5.773346424102783, -261.90625]","[0, 7680, 0]","[500.0, 0.0, 0.7999999523162842, 0.7999999523162842, 0.0, 0, 0]",,not a standard NPC interaction
tower-ep2/q75-bb-e,Episode2,17,12,216,monster,3,1,"[303.6300048828125, -21.0, 1.975067138671875]","[0, 0, 0]","[500.0, 0.0, 0.7999999523162842, 0.7999999523162842, 0.0, 0, 0]",,not a standard NPC interaction
tower-ep2/q75-bb-e,Episode2,17,13,216,monster,3,1,"[388.5052185058594, -21.0, 5.47265625]","[0, 0, 0]","[500.0, 0.0, 0.7999999523162842, 0.7999999523162842, 0.0, 0, 0]",,not a standard NPC interaction
tower-ep2/q75-bb-e,Episode2,17,17,216,monster,5,2,"[103.837890625, -8.104628079763643e-15, -325.2353515625]","[0, 12288, 0]","[500.0, 0.0, 0.7999999523162842, 0.7999999523162842, 0.0, 0, 0]",,not a standard NPC interaction
tower-ep2/q75-bb-j,Episode2,17,6,216,monster,2,2,"[222.2580108642578, -5.773346424102783, -261.90625]","[0, 7680, 0]","[500.0, 0.0, 0.7999999523162842, 0.7999999523162842, 0.0, 0, 0]",,not a standard NPC interaction
tower-ep2/q75-bb-j,Episode2,17,12,216,monster,3,1,"[303.6300048828125, -21.0, 1.975067138671875]","[0, 0, 0]","[500.0, 0.0, 0.7999999523162842, 0.7999999523162842, 0.0, 0, 0]",,not a standard NPC interaction
tower-ep2/q75-bb-j,Episode2,17,13,216,monster,3,1,"[388.5052185058594, -21.0, 5.47265625]","[0, 0, 0]","[500.0, 0.0, 0.7999999523162842, 0.7999999523162842, 0.0, 0, 0]",,not a standard NPC interaction
tower-ep2/q75-bb-j,Episode2,17,17,216,monster,5,2,"[103.837890625, -8.104628079763643e-15, -325.2353515625]","[0, 12288, 0]","[500.0, 0.0, 0.7999999523162842, 0.7999999523162842, 0.0, 0, 0]",,not a standard NPC interaction
tower-ep2/q79-bb-e,Episode2,17,6,216,monster,2,2,"[222.2580108642578, -5.773346424102783, -261.90625]","[0, 7680, 0]","[500.0, 0.0, 0.7999999523162842, 0.7999999523162842, 0.0, 0, 0]",,not a standard NPC interaction
tower-ep2/q79-bb-e,Episode2,17,12,216,monster,3,1,"[303.6300048828125, -21.0, 1.975067138671875]","[0, 0, 0]","[500.0, 0.0, 0.7999999523162842, 0.7999999523162842, 0.0, 0, 0]",,not a standard NPC interaction
tower-ep2/q79-bb-e,Episode2,17,13,216,monster,3,1,"[388.5052185058594, -21.0, 5.47265625]","[0, 0, 0]","[500.0, 0.0, 0.7999999523162842, 0.7999999523162842, 0.0, 0, 0]",,not a standard NPC interaction
tower-ep2/q79-bb-e,Episode2,17,17,216,monster,5,2,"[103.837890625, -8.104628079763643e-15, -325.2353515625]","[0, 12288, 0]","[500.0, 0.0, 0.7999999523162842, 0.7999999523162842, 0.0, 0, 0]",,not a standard NPC interaction
tower-ep2/q79-bb-e,Episode2,17,55,216,monster,30,1,"[1.19457891486762e-39, 6.000000476837158, 7.346839692639297e-40]","[0, 90112, 0]","[0.0, 0.19999998807907104, 20.0, 0.0, 0.5, 1, 0]",,not a standard NPC interaction
tower-ep2/q79-bb-e,Episode2,17,56,216,monster,30,1,"[1.19457891486762e-39, 6.000000476837158, 7.346839692639297e-40]","[0, 90112, 0]","[0.0, 0.19999998807907104, 20.0, 0.0, 0.5, 1, 0]",,not a standard NPC interaction
tower-ep2/q79-bb-j,Episode2,17,6,216,monster,2,2,"[222.2580108642578, -5.773346424102783, -261.90625]","[0, 7680, 0]","[500.0, 0.0, 0.7999999523162842, 0.7999999523162842, 0.0, 0, 0]",,not a standard NPC interaction
tower-ep2/q79-bb-j,Episode2,17,12,216,monster,3,1,"[303.6300048828125, -21.0, 1.975067138671875]","[0, 0, 0]","[500.0, 0.0, 0.7999999523162842, 0.7999999523162842, 0.0, 0, 0]",,not a standard NPC interaction
tower-ep2/q79-bb-j,Episode2,17,13,216,monster,3,1,"[388.5052185058594, -21.0, 5.47265625]","[0, 0, 0]","[500.0, 0.0, 0.7999999523162842, 0.7999999523162842, 0.0, 0, 0]",,not a standard NPC interaction
tower-ep2/q79-bb-j,Episode2,17,17,216,monster,5,2,"[103.837890625, -8.104628079763643e-15, -325.2353515625]","[0, 12288, 0]","[500.0, 0.0, 0.7999999523162842, 0.7999999523162842, 0.0, 0, 0]",,not a standard NPC interaction
tower-ep2/q79-bb-j,Episode2,17,55,216,monster,30,1,"[1.19457891486762e-39, 6.000000476837158, 7.346839692639297e-40]","[0, 90112, 0]","[0.0, 0.19999998807907104, 20.0, 0.0, 0.5, 1, 0]",,not a standard NPC interaction
tower-ep2/q79-bb-j,Episode2,17,56,216,monster,30,1,"[1.19457891486762e-39, 6.000000476837158, 7.346839692639297e-40]","[0, 90112, 0]","[0.0, 0.19999998807907104, 20.0, 0.0, 0.5, 1, 0]",,not a standard NPC interaction
tower-ep2/q223-bb-e,Episode2,17,5,216,monster,3,2,"[45.586700439453125, -1.0, -298.4592590332031]","[0, 18432, 0]","[200.0, 0.0, 0.699999988079071, 0.699999988079071, 0.0, 0, 0]",,not a standard NPC interaction
tower-ep2/q223-bb-e,Episode2,17,29,216,monster,20,1,"[150.69921875, -8.189310073852539, -252.6787109375]","[0, 9216, 0]","[200.0, 0.0, 0.699999988079071, 0.699999988079071, 0.0, 0, 0]",,not a standard NPC interaction
tower-ep2/q223-bb-e,Episode2,17,32,216,monster,21,1,"[259.734375, -11.0, -300.126953125]","[0, 3840, 0]","[100.0, 0.0, 0.699999988079071, 0.699999988079071, 0.0, 0, 0]",,not a standard NPC interaction
tower-ep2/q223-bb-e,Episode2,17,34,216,monster,21,1,"[360.9833984375, -21.0, -83.7060546875]","[0, 3840, 0]","[100.0, 0.0, 0.699999988079071, 0.699999988079071, 0.0, 0, 0]",,not a standard NPC interaction
tower-ep2/q223-bb-e,Episode2,17,46,216,monster,22,1,"[210.8740234375, -11.000000953674316, -209.7255859375]","[0, 13824, 0]","[100.0, 0.0, 0.699999988079071, 0.699999988079071, 0.0, 0, 0]",,not a standard NPC interaction
tower-ep2/q223-bb-e,Episode2,17,47,216,monster,22,1,"[283.9326171875, -11.0, -267.134765625]","[0, 1536, 0]","[100.0, 0.0, 0.699999988079071, 0.699999988079071, 0.0, 0, 0]",,not a standard NPC interaction
tower-ep2/q223-bb-j,Episode2,17,5,216,monster,3,2,"[45.586700439453125, -1.0, -298.4592590332031]","[0, 18432, 0]","[200.0, 0.0, 0.699999988079071, 0.699999988079071, 0.0, 0, 0]",,not a standard NPC interaction
tower-ep2/q223-bb-j,Episode2,17,29,216,monster,20,1,"[150.69921875, -8.189310073852539, -252.6787109375]","[0, 9216, 0]","[200.0, 0.0, 0.699999988079071, 0.699999988079071, 0.0, 0, 0]",,not a standard NPC interaction
tower-ep2/q223-bb-j,Episode2,17,32,216,monster,21,1,"[259.734375, -11.0, -300.126953125]","[0, 3840, 0]","[100.0, 0.0, 0.699999988079071, 0.699999988079071, 0.0, 0, 0]",,not a standard NPC interaction
tower-ep2/q223-bb-j,Episode2,17,34,216,monster,21,1,"[360.9833984375, -21.0, -83.7060546875]","[0, 3840, 0]","[100.0, 0.0, 0.699999988079071, 0.699999988079071, 0.0, 0, 0]",,not a standard NPC interaction
tower-ep2/q223-bb-j,Episode2,17,46,216,monster,22,1,"[210.8740234375, -11.000000953674316, -209.7255859375]","[0, 13824, 0]","[100.0, 0.0, 0.699999988079071, 0.699999988079071, 0.0, 0, 0]",,not a standard NPC interaction
tower-ep2/q223-bb-j,Episode2,17,47,216,monster,22,1,"[283.9326171875, -11.0, -267.134765625]","[0, 1536, 0]","[100.0, 0.0, 0.699999988079071, 0.699999988079071, 0.0, 0, 0]",,not a standard NPC interaction
tower-ep2/q224-bb-e,Episode2,17,1,216,monster,2,2,"[331.30108642578125, -20.0, -82.0263671875]","[0, 37632, 0]","[100.0, 0.0, 0.699999988079071, 0.699999988079071, 0.0, 0, 0]",,not a standard NPC interaction
tower-ep2/q224-bb-e,Episode2,17,2,216,monster,2,2,"[185.5861358642578, 0.0, -288.6181640625]","[0, 8960, 0]","[100.0, 0.0, 0.699999988079071, 0.699999988079071, 0.0, 0, 0]",,not a standard NPC interaction
tower-ep2/q224-bb-e,Episode2,17,3,216,monster,2,1,"[298.55859375, -20.0, -164.716796875]","[0, 4864, 0]","[100.0, 0.0, 0.699999988079071, 0.699999988079071, 0.0, 0, 0]",,not a standard NPC interaction
tower-ep2/q224-bb-e,Episode2,17,29,216,monster,10,1,"[290.6796875, -21.0, -132.23605346679688]","[0, 9728, 0]","[100.0, 0.0, 0.699999988079071, 0.699999988079071, 0.0, 0, 0]",,not a standard NPC interaction
tower-ep2/q224-bb-e,Episode2,17,64,216,monster,22,3,"[268.30078125, -11.0, -266.38671875]","[0, 65024, 0]","[100.0, 0.0, 0.699999988079071, 0.699999988079071, 0.0, 0, 0]",,not a standard NPC interaction
tower-ep2/q224-bb-j,Episode2,17,1,216,monster,2,2,"[331.30108642578125, -20.0, -82.0263671875]","[0, 37632, 0]","[100.0, 0.0, 0.699999988079071, 0.699999988079071, 0.0, 0, 0]",,not a standard NPC interaction
tower-ep2/q224-bb-j,Episode2,17,2,216,monster,2,2,"[185.5861358642578, 0.0, -288.6181640625]","[0, 8960, 0]","[100.0, 0.0, 0.699999988079071, 0.699999988079071, 0.0, 0, 0]",,not a standard NPC interaction
tower-ep2/q224-bb-j,Episode2,17,3,216,monster,2,1,"[298.55859375, -20.0, -164.716796875]","[0, 4864, 0]","[100.0, 0.0, 0.699999988079071, 0.699999988079071, 0.0, 0, 0]",,not a standard NPC interaction
tower-ep2/q224-bb-j,Episode2,17,29,216,monster,10,1,"[290.6796875, -21.0, -132.23605346679688]","[0, 9728, 0]","[100.0, 0.0, 0.699999988079071, 0.699999988079071, 0.0, 0, 0]",,not a standard NPC interaction
tower-ep2/q224-bb-j,Episode2,17,64,216,monster,22,3,"[268.30078125, -11.0, -266.38671875]","[0, 65024, 0]","[100.0, 0.0, 0.699999988079071, 0.699999988079071, 0.0, 0, 0]",,not a standard NPC interaction
tower-ep2/q1002-bb-e,Episode2,16,0,216,monster,1,2,"[-18.779296875, -1.0000004768371582, -375.00390625]","[0, 57344, 0]","[100.0, 0.0, 0.699999988079071, 0.699999988079071, 0.0, 0, 0]",,not a standard NPC interaction
tower-ep2/q1002-bb-e,Episode2,16,1,216,monster,1,2,"[239.23046875, -4.447017192840576, -307.80078125]","[0, 61440, 0]","[100.0, 0.0, 0.699999988079071, 0.699999988079071, 0.0, 0, 0]",,not a standard NPC interaction
tower-ep2/q1002-bb-e,Episode2,16,2,216,monster,1,2,"[71.29296875, -1.0, -286.2080078125]","[0, 36864, 0]","[100.0, 0.0, 0.699999988079071, 0.699999988079071, 0.0, 0, 0]",,not a standard NPC interaction
tower-ep2/q1002-bb-e,Episode2,16,3,216,monster,1,1,"[255.0595703125, -21.0, -161.740234375]","[0, 6656, 0]","[100.0, 0.0, 0.699999988079071, 0.699999988079071, 0.0, 0, 0]",,not a standard NPC interaction
tower-ep2/q1002-bb-e,Episode2,16,4,216,monster,1,1,"[322.0380859375, -21.0, -205.951171875]","[0, 5376, 0]","[100.0, 1.0, 0.699999988079071, 0.699999988079071, 0.0, 0, 0]",,not a standard NPC interaction
tower-ep2/q1002-bb-e,Episode2,16,36,216,monster,5,5,"[385.8299865722656, -21.0, 33.8427734375]","[0, 32768, 0]","[100.0, 0.0, 0.699999988079071, 0.699999988079071, 0.0, 0, 0]",,not a standard NPC interaction
tower-ep2/q1002-bb-e,Episode2,16,56,216,monster,10,2,"[291.5263671875, -21.0, -72.15999603271484]","[0, 36864, 0]","[100.0, 0.0, 0.699999988079071, 0.699999988079071, 0.0, 0, 0]",,not a standard NPC interaction
tower-ep2/q1002-bb-e,Episode2,16,58,216,monster,20,3,"[316.654296875, -11.350379943847656, -208.169921875]","[0, 4096, 0]","[100.0, 1.0, 0.699999988079071, 0.699999988079071, 0.0, 0, 0]",,not a standard NPC interaction
tower-ep2/q1002-bb-e,Episode2,16,59,216,monster,20,4,"[266.5830078125, -10.032937049865723, -224.4775390625]","[0, 40960, 0]","[100.0, 1.0, 0.699999988079071, 0.699999988079071, 0.0, 0, 0]",,not a standard NPC interaction
tower-ep2/q1002-bb-e,Episode2,16,60,216,monster,20,4,"[99.9873046875, -1.0000009536743164, -283.244140625]","[0, 12288, 0]","[100.0, 1.0, 0.699999988079071, 0.699999988079071, 0.0, 0, 0]",,not a standard NPC interaction
tower-ep2/q1002-bb-e,Episode2,16,65,216,monster,21,3,"[160.9296875, -9.627397537231445, -254.1025390625]","[0, 12288, 0]","[100.0, 0.0, 0.699999988079071, 0.699999988079071, 0.0, 0, 0]",,not a standard NPC interaction
tower-ep2/q1002-bb-e,Episode2,16,66,216,monster,21,3,"[-3.392578125, -1.0, -377.9169921875]","[0, 12288, 0]","[100.0, 0.0, 0.699999988079071, 0.699999988079071, 0.0, 0, 0]",,not a standard NPC interaction
tower-ep2/q1002-bb-e,Episode2,16,69,216,monster,21,2,"[339.8388671875, -20.0, -23.5576171875]","[0, 32768, 0]","[100.0, 0.0, 0.699999988079071, 0.699999988079071, 0.0, 0, 0]",,not a standard NPC interaction
tower-ep2/q1002-bb-e,Episode2,16,105,216,monster,30,27,"[-124.0234375, 0.0, 3.999410629272461]","[0, 8192, 0]","[100.0, 0.0, 0.699999988079071, 0.699999988079071, 0.0, 0, 0]",,not a standard NPC interaction
tower-ep2/q1002-bb-e,Episode2,16,106,216,monster,30,27,"[0.525390625, 0.0, 116.78008270263672]","[0, 28672, 0]","[100.0, 0.0, 0.699999988079071, 0.699999988079071, 0.0, 0, 0]",,not a standard NPC interaction
tower-ep2/q1002-bb-e,Episode2,16,131,216,monster,30,14,"[-0.310546875, 1.5946145057678223, -56.18000793457031]","[0, 32768, 0]","[100.0, 0.0, 0.699999988079071, 0.699999988079071, 0.0, 0, 0]",,not a standard NPC interaction
tower-ep2/q1002-bb-e,Episode2,16,154,216,monster,30,3,"[-88.70079040527344, 0.0, -23.791748046875]","[0, 0, 0]","[0.0, 0.0, 0.0, 0.0, 0.0, 0, 0]",,not a standard NPC interaction
tower-ep2/q1002-bb-e,Episode2,16,155,216,monster,30,3,"[0.8151727914810181, 0.0, -95.34147644042969]","[0, 0, 0]","[0.0, 0.0, 0.0, 0.0, 0.0, 0, 0]",,not a standard NPC interaction
tower-ep2/q1002-bb-e,Episode2,16,156,216,monster,30,3,"[6.8039164543151855, 0.0, 102.91746520996094]","[0, 0, 0]","[0.0, 0.0, 0.0, 0.0, 0.0, 0, 0]",,not a standard NPC interaction
tower-ep2/q1002-bb-e,Episode2,16,157,216,monster,30,3,"[88.7551498413086, 0.0, -18.118202209472656]","[0, 0, 0]","[0.0, 0.0, 0.0, 0.0, 0.0, 0, 0]",,not a standard NPC interaction
tower-ep2/q1002-bb-e,Episode2,16,181,216,monster,30,7,"[-90.59197235107422, 0.0, -12.444655418395996]","[0, 0, 0]","[0.0, 0.0, 0.0, 0.0, 0.0, 0, 0]",,not a standard NPC interaction
tower-ep2/q1002-bb-e,Episode2,16,182,216,monster,30,7,"[3.6519463062286377, 0.0, -80.52721405029297]","[0, 0, 0]","[0.0, 0.0, 0.0, 0.0, 0.0, 0, 0]",,not a standard NPC interaction
tower-ep2/q1002-bb-e,Episode2,16,183,216,monster,30,7,"[3.6519463062286377, 0.0, 91.57036590576172]","[0, 0, 0]","[0.0, 0.0, 0.0, 0.0, 0.0, 0, 0]",,not a standard NPC interaction
tower-ep2/q1002-bb-e,Episode2,16,184,216,monster,30,7,"[81.505615234375, 0.0, -10.553472518920898]","[0, 0, 0]","[0.0, 0.0, 0.0, 0.0, 0.0, 0, 0]",,not a standard NPC interaction
tower-ep2/q1002-bb-e,Episode2,16,185,216,monster,0,7,"[0.0, 0.0, 0.0]","[0, 0, 0]","[0.0, 0.0, 0.0, 0.0, 0.0, 0, 0]",,not a standard NPC interaction
tower-ep2/q1002-bb-e,Episode2,16,218,216,monster,30,11,"[-66.95219421386719, 0.0, -95.34147644042969]","[0, 0, 0]","[0.0, 0.0, 0.0, 0.0, 0.0, 0, 0]",,not a standard NPC interaction
tower-ep2/q1002-bb-e,Episode2,16,219,216,monster,30,11,"[-86.80960845947266, 0.0, -79.26642608642578]","[0, 0, 0]","[0.0, 0.0, 0.0, 0.0, 0.0, 0, 0]",,not a standard NPC interaction
tower-ep2/q1002-bb-e,Episode2,16,220,216,monster,30,11,"[-69.7889633178711, 0.0, -79.26642608642578]","[0, 0, 0]","[0.0, 0.0, 0.0, 0.0, 0.0, 0, 0]",,not a standard NPC interaction
tower-ep2/q1002-bb-e,Episode2,16,221,216,monster,30,11,"[74.2560806274414, 0.0, -79.89682006835938]","[0, 0, 0]","[0.0, 0.0, 0.0, 0.0, 0.0, 0, 0]",,not a standard NPC interaction
tower-ep2/q1002-bb-e,Episode2,16,222,216,monster,30,11,"[92.2223129272461, 0.0, -66.02815246582031]","[0, 0, 0]","[0.0, 0.0, 0.0, 0.0, 0.0, 0, 0]",,not a standard NPC interaction
tower-ep2/q1002-bb-e,Episode2,16,223,216,monster,30,11,"[74.2560806274414, 0.0, -63.19137954711914]","[0, 0, 0]","[0.0, 0.0, 0.0, 0.0, 0.0, 0, 0]",,not a standard NPC interaction
tower-ep2/q1002-bb-e,Episode2,16,224,216,monster,30,11,"[98.8414535522461, 0.0, 100.0806884765625]","[0, 0, 0]","[0.0, 0.0, 0.0, 0.0, 0.0, 0, 0]",,not a standard NPC interaction
tower-ep2/q1002-bb-e,Episode2,16,225,216,monster,30,11,"[97.26546478271484, 0.0, 120.88369750976562]","[0, 0, 0]","[0.0, 0.0, 0.0, 0.0, 0.0, 0, 0]",,not a standard NPC interaction
tower-ep2/q1002-bb-e,Episode2,16,226,216,monster,30,11,"[78.6688461303711, 0.0, 103.86305236816406]","[0, 0, 0]","[0.0, 0.0, 0.0, 0.0, 0.0, 0, 0]",,not a standard NPC interaction
tower-ep2/q1002-bb-e,Episode2,16,227,216,monster,30,11,"[81.82081604003906, 0.0, 7.7279558181762695]","[0, 0, 0]","[0.0, 0.0, 0.0, 0.0, 0.0, 0, 0]",,not a standard NPC interaction
tower-ep2/q1002-bb-e,Episode2,16,228,216,monster,30,11,"[-86.80960845947266, 0.0, 4.2607879638671875]","[0, 0, 0]","[0.0, 0.0, 0.0, 0.0, 0.0, 0, 0]",,not a standard NPC interaction
tower-ep2/q1002-bb-e,Episode2,16,229,216,monster,30,11,"[-2.3367977142333984, 0.0, -86.8311538696289]","[0, 0, 0]","[0.0, 0.0, 0.0, 0.0, 0.0, 0, 0]",,not a standard NPC interaction
tower-ep2/q1002-bb-e,Episode2,16,230,216,monster,30,11,"[-3.912782907485962, 0.0, 92.8311538696289]","[0, 0, 0]","[0.0, 0.0, 0.0, 0.0, 0.0, 0, 0]",,not a standard NPC interaction
tower-ep2/q1002-bb-e,Episode2,16,231,216,monster,30,11,"[-102.5694580078125, 0.0, 92.51596069335938]","[0, 0, 0]","[0.0, 0.0, 0.0, 0.0, 0.0, 0, 0]",,not a standard NPC interaction
tower-ep2/q1002-bb-e,Episode2,16,232,216,monster,30,11,"[-112.0253677368164, 0.0, 107.3302230834961]","[0, 0, 0]","[0.0, 0.0, 0.0, 0.0, 0.0, 0, 0]",,not a standard NPC interaction
tower-ep2/q1002-bb-e,Episode2,16,233,216,monster,30,11,"[-88.70079040527344, 0.0, 107.96061706542969]","[0, 0, 0]","[0.0, 0.0, 0.0, 0.0, 0.0, 0, 0]",,not a standard NPC interaction
tower-ep2/q1002-bb-e,Episode2,16,464,216,monster,30,24,"[-84.37013244628906, 0.0, -96.24799346923828]","[0, 0, 0]","[0.0, 0.0, 0.0, 0.0, 0.0, 0, 0]",,not a standard NPC interaction
tower-ep2/q1002-bb-e,Episode2,16,465,216,monster,30,24,"[-98.95777130126953, 0.0, -78.01345825195312]","[0, 0, 0]","[0.0, 0.0, 0.0, 0.0, 0.0, 0, 0]",,not a standard NPC interaction
tower-ep2/q1002-bb-e,Episode2,16,466,216,monster,30,24,"[-72.12694549560547, 0.0, -78.2739486694336]","[0, 0, 0]","[0.0, 0.0, 0.0, 0.0, 0.0, 0, 0]",,not a standard NPC interaction
tower-ep2/q1002-bb-e,Episode2,16,467,216,monster,30,24,"[78.95924377441406, 0.0, -88.17269897460938]","[0, 0, 0]","[0.0, 0.0, 0.0, 0.0, 0.0, 0, 0]",,not a standard NPC interaction
tower-ep2/q1002-bb-e,Episode2,16,468,216,monster,30,24,"[96.15180969238281, 0.0, -72.5430908203125]","[0, 0, 0]","[0.0, 0.0, 0.0, 0.0, 0.0, 0, 0]",,not a standard NPC interaction
tower-ep2/q1002-bb-e,Episode2,16,469,216,monster,30,24,"[78.69874572753906, 0.0, -70.19865417480469]","[0, 0, 0]","[0.0, 0.0, 0.0, 0.0, 0.0, 0, 0]",,not a standard NPC interaction
tower-ep2/q1002-bb-e,Episode2,16,470,216,monster,30,24,"[118.03325653076172, 0.0, 85.31592559814453]","[0, 0, 0]","[0.0, 0.0, 0.0, 0.0, 0.0, 0, 0]",,not a standard NPC interaction
tower-ep2/q1002-bb-e,Episode2,16,471,216,monster,30,24,"[98.49624633789062, 0.0, 74.89618682861328]","[0, 0, 0]","[0.0, 0.0, 0.0, 0.0, 0.0, 0, 0]",,not a standard NPC interaction
tower-ep2/q1002-bb-e,Episode2,16,472,216,monster,30,24,"[105.52957153320312, 0.0, 99.64305877685547]","[0, 0, 0]","[0.0, 0.0, 0.0, 0.0, 0.0, 0, 0]",,not a standard NPC interaction
tower-ep2/q1002-bb-e,Episode2,16,473,216,monster,30,24,"[-97.13431549072266, 0.0, 87.13937377929688]","[0, 0, 0]","[0.0, 0.0, 0.0, 0.0, 0.0, 0, 0]",,not a standard NPC interaction
tower-ep2/q1002-bb-e,Episode2,16,474,216,monster,30,24,"[-115.36885070800781, 0.0, 98.0801010131836]","[0, 0, 0]","[0.0, 0.0, 0.0, 0.0, 0.0, 0, 0]",,not a standard NPC interaction
tower-ep2/q1002-bb-e,Episode2,16,475,216,monster,30,24,"[-92.1849365234375, 0.0, 109.54180908203125]","[0, 0, 0]","[0.0, 0.0, 0.0, 0.0, 0.0, 0, 0]",,not a standard NPC interaction
tower-ep2/q1002-bb-e,Episode2,16,476,216,monster,30,24,"[-0.23076015710830688, 0.0, 104.59243774414062]","[0, 0, 0]","[0.0, 0.0, 0.0, 0.0, 0.0, 0, 0]",,not a standard NPC interaction
tower-ep2/q1002-bb-e,Episode2,16,477,216,monster,30,24,"[27.902528762817383, 0.0, 105.89490509033203]","[0, 0, 0]","[0.0, 0.0, 0.0, 0.0, 0.0, 0, 0]",,not a standard NPC interaction
tower-ep2/q1002-bb-e,Episode2,16,478,216,monster,30,24,"[-32.27145004272461, 0.0, 104.59243774414062]","[0, 0, 0]","[0.0, 0.0, 0.0, 0.0, 0.0, 0, 0]",,not a standard NPC interaction
tower-ep2/q1002-bb-e,Episode2,16,479,216,monster,30,24,"[-4.919641971588135, 0.0, -95.20602416992188]","[0, 0, 0]","[0.0, 0.0, 0.0, 0.0, 0.0, 0, 0]",,not a standard NPC interaction
tower-ep2/q1002-bb-e,Episode2,16,480,216,monster,30,24,"[-94.26888275146484, 0.0, -7.159243583679199]","[0, 0, 0]","[0.0, 0.0, 0.0, 0.0, 0.0, 0, 0]",,not a standard NPC interaction
tower-ep2/q1002-bb-e,Episode2,16,481,216,monster,30,24,"[80.52220153808594, 0.0, -6.117269992828369]","[0, 0, 0]","[0.0, 0.0, 0.0, 0.0, 0.0, 0, 0]",,not a standard NPC interaction
tower-ep2/q1002-bb-e,Episode2,16,482,216,monster,30,24,"[81.82466888427734, 0.0, 25.662927627563477]","[0, 0, 0]","[0.0, 0.0, 0.0, 0.0, 0.0, 0, 0]",,not a standard NPC interaction
tower-ep2/q1002-bb-e,Episode2,16,483,216,monster,30,24,"[64.37161254882812, 0.0, 64.7369384765625]","[0, 0, 0]","[0.0, 0.0, 0.0, 0.0, 0.0, 0, 0]",,not a standard NPC interaction
tower-ep2/q1002-bb-e,Episode2,16,484,216,monster,30,24,"[-91.92444610595703, 0.0, 58.224605560302734]","[0, 0, 0]","[0.0, 0.0, 0.0, 0.0, 0.0, 0, 0]",,not a standard NPC interaction
tower-ep2/q1002-bb-e,Episode2,17,1,216,monster,1,4,"[-18.58203125, -1.0, -385.6435546875]","[0, 57344, 0]","[100.0, 0.0, 0.699999988079071, 0.699999988079071, 0.0, 0, 0]",,not a standard NPC interaction
tower-ep2/q1002-bb-e,Episode2,17,3,216,monster,1,2,"[104.650390625, -1.0, -338.0361328125]","[0, 20480, 0]","[100.0, 0.0, 0.699999988079071, 0.699999988079071, 0.0, 0, 0]",,not a standard NPC interaction
tower-ep2/q1002-bb-e,Episode2,17,4,216,monster,1,2,"[221.7998046875, -5.432337284088135, -265.181640625]","[0, 40960, 0]","[100.0, 0.0, 0.699999988079071, 0.699999988079071, 0.0, 0, 0]",,not a standard NPC interaction
tower-ep2/q1002-bb-e,Episode2,17,87,216,monster,30,3,"[-80.0, 0.0, 0.0]","[0, 16384, 0]","[100.0, 0.0, 0.699999988079071, 0.699999988079071, 0.0, 0, 0]",,not a standard NPC interaction
vr-ep2/q64-bb-e,Episode2,9,39,216,monster,7,6,"[-100.0, 15.0, -225.0]","[0, 8192, 0]","[100.0, 0.0, 0.699999988079071, 0.699999988079071, 0.0, 0, 0]",,not a standard NPC interaction
vr-ep2/q64-bb-e,Episode2,7,0,216,monster,2,1,"[0.0, -40.0, 0.0]","[0, 0, 0]","[30.0, 0.0, 0.7999999523162842, 0.7999999523162842, 0.0, 0, 0]",,not a standard NPC interaction
vr-ep2/q64-bb-e,Episode2,5,28,216,monster,6,1,"[-250.0, 50.0, 0.0]","[0, 16384, 0]","[30.0, 0.0, 0.7999999523162842, 0.7999999523162842, 0.0, 0, 0]",,not a standard NPC interaction
vr-ep2/q64-bb-e,Episode2,17,3,216,monster,1,2,"[-7.6044921875, 0.0, -384.91796875]","[0, 49152, 0]","[0.0, 0.0, 0.0, 0.0, 0.0, 0, 0]",,not a standard NPC interaction
vr-ep2/q64-bb-j,Episode2,9,39,216,monster,7,6,"[-100.0, 15.0, -225.0]","[0, 8192, 0]","[100.0, 0.0, 0.699999988079071, 0.699999988079071, 0.0, 0, 0]",,not a standard NPC interaction
vr-ep2/q64-bb-j,Episode2,7,0,216,monster,2,1,"[0.0, -40.0, 0.0]","[0, 0, 0]","[30.0, 0.0, 0.7999999523162842, 0.7999999523162842, 0.0, 0, 0]",,not a standard NPC interaction
vr-ep2/q64-bb-j,Episode2,5,28,216,monster,6,1,"[-250.0, 50.0, 0.0]","[0, 16384, 0]","[30.0, 0.0, 0.7999999523162842, 0.7999999523162842, 0.0, 0, 0]",,not a standard NPC interaction
vr-ep2/q64-bb-j,Episode2,17,3,216,monster,1,2,"[-7.6044921875, 0.0, -384.91796875]","[0, 49152, 0]","[0.0, 0.0, 0.0, 0.0, 0.0, 0, 0]",,not a standard NPC interaction
vr-ep2/q231-bb-e,Episode2,17,6,216,monster,2,2,"[222.2580108642578, -5.773346424102783, -261.90625]","[0, 7680, 0]","[500.0, 0.0, 0.7999999523162842, 0.7999999523162842, 0.0, 0, 0]",,not a standard NPC interaction
vr-ep2/q231-bb-e,Episode2,17,12,216,monster,3,1,"[303.6300048828125, -21.0, 1.975067138671875]","[0, 0, 0]","[500.0, 0.0, 0.7999999523162842, 0.7999999523162842, 0.0, 0, 0]",,not a standard NPC interaction
vr-ep2/q231-bb-e,Episode2,17,13,216,monster,3,1,"[388.5052185058594, -21.0, 5.47265625]","[0, 0, 0]","[500.0, 0.0, 0.7999999523162842, 0.7999999523162842, 0.0, 0, 0]",,not a standard NPC interaction
vr-ep2/q231-bb-e,Episode2,17,17,216,monster,5,2,"[103.837890625, -8.104628079763643e-15, -325.2353515625]","[0, 12288, 0]","[500.0, 0.0, 0.7999999523162842, 0.7999999523162842, 0.0, 0, 0]",,not a standard NPC interaction
vr-ep2/q231-bb-j,Episode2,17,6,216,monster,2,2,"[222.2580108642578, -5.773346424102783, -261.90625]","[0, 7680, 0]","[500.0, 0.0, 0.7999999523162842, 0.7999999523162842, 0.0, 0, 0]",,not a standard NPC interaction
vr-ep2/q231-bb-j,Episode2,17,12,216,monster,3,1,"[303.6300048828125, -21.0, 1.975067138671875]","[0, 0, 0]","[500.0, 0.0, 0.7999999523162842, 0.7999999523162842, 0.0, 0, 0]",,not a standard NPC interaction
vr-ep2/q231-bb-j,Episode2,17,13,216,monster,3,1,"[388.5052185058594, -21.0, 5.47265625]","[0, 0, 0]","[500.0, 0.0, 0.7999999523162842, 0.7999999523162842, 0.0, 0, 0]",,not a standard NPC interaction
vr-ep2/q231-bb-j,Episode2,17,17,216,monster,5,2,"[103.837890625, -8.104628079763643e-15, -325.2353515625]","[0, 12288, 0]","[500.0, 0.0, 0.7999999523162842, 0.7999999523162842, 0.0, 0, 0]",,not a standard NPC interaction
vr-ep2/q946-bb-e,Episode2,5,9,216,monster,11,3,"[-75.98474884033203, 10.0, -1.1508731842041016]","[0, 16818, 0]","[0.0, 0.0, 0.0, 0.0, 0.0, 0, 0]",,not a standard NPC interaction
vr-ep2/q946-bb-e,Episode2,5,10,216,monster,11,3,"[85.25865936279297, 10.0, -4.1185431480407715]","[0, 49384, 0]","[0.0, 0.0, 0.0, 0.0, 0.0, 0, 0]",,not a standard NPC interaction
vr-ep2/q946-bb-e,Episode2,5,26,216,monster,11,8,"[-69.86620330810547, 10.0, -71.27796173095703]","[0, 9468, 0]","[0.0, 0.0, 0.0, 0.0, 0.0, 0, 0]",,not a standard NPC interaction
vr-ep2/q946-bb-e,Episode2,5,27,216,monster,11,8,"[67.6358413696289, 10.0, -69.29951477050781]","[0, 54619, 0]","[0.0, 0.0, 0.0, 0.0, 0.0, 0, 0]",,not a standard NPC interaction
vr-ep2/q946-bb-e,Episode2,5,28,216,monster,11,8,"[-63.93086242675781, 10.0, 72.159423828125]","[0, 23638, 0]","[0.0, 0.0, 0.0, 0.0, 0.0, 0, 0]",,not a standard NPC interaction
vr-ep2/q946-bb-e,Episode2,5,29,216,monster,11,8,"[69.61428833007812, 10.0, 74.13787078857422]","[0, 38368, 0]","[0.0, 0.0, 0.0, 0.0, 0.0, 0, 0]",,not a standard NPC interaction
vr-ep2/q946-bb-e,Episode2,5,36,216,monster,11,10,"[-75.80154418945312, 10.0, 3.903010129928589]","[0, 16638, 0]","[0.0, 0.0, 0.0, 0.0, 0.0, 0, 0]",,not a standard NPC interaction
vr-ep2/q946-bb-e,Episode2,5,50,216,monster,11,14,"[-25.852771759033203, 10.0, -53.44965744018555]","[0, 0, 0]","[0.0, 0.0, 0.0, 0.0, 0.0, 0, 0]",,not a standard NPC interaction
vr-ep2/q946-bb-e,Episode2,5,51,216,monster,11,14,"[21.941850662231445, 10.0, -53.44965744018555]","[0, 0, 0]","[0.0, 0.0, 0.0, 0.0, 0.0, 0, 0]",,not a standard NPC interaction
vr-ep2/q946-bb-e,Episode2,5,72,216,monster,11,18,"[-49.02592086791992, 10.0, 49.72616195678711]","[0, 25393, 0]","[0.0, 0.0, 0.0, 0.0, 0.0, 0, 0]",,not a standard NPC interaction
vr-ep2/q946-bb-e,Episode2,5,73,216,monster,11,18,"[52.35660934448242, 10.0, 42.484554290771484]","[0, 39361, 0]","[0.0, 0.0, 0.0, 0.0, 0.0, 0, 0]",,not a standard NPC interaction
vr-ep2/q946-bb-e,Episode2,5,74,216,monster,11,18,"[-1.2312999963760376, 10.0, -56.00133514404297]","[0, 0, 0]","[0.0, 0.0, 0.0, 0.0, 0.0, 0, 0]",,not a standard NPC interaction
vr-ep2/q946-bb-e,Episode2,5,78,216,monster,11,20,"[59.59822082519531, 10.0, -41.51811599731445]","[0, 49413, 0]","[0.0, 0.0, 0.0, 0.0, 0.0, 0, 0]",,not a standard NPC interaction
vr-ep2/q946-bb-e,Episode2,5,79,216,monster,11,20,"[59.59822082519531, 10.0, 0.4832189977169037]","[0, 48891, 0]","[0.0, 0.0, 0.0, 0.0, 0.0, 0, 0]",,not a standard NPC interaction
vr-ep2/q946-bb-e,Episode2,5,80,216,monster,11,20,"[59.59822082519531, 10.0, 49.72616195678711]","[0, 48644, 0]","[0.0, 0.0, 0.0, 0.0, 0.0, 0, 0]",,not a standard NPC interaction
vr-ep2/q946-bb-e,Episode2,5,84,216,monster,11,22,"[59.59822082519531, 10.0, -0.9651029109954834]","[0, 49426, 0]","[0.0, 0.0, 0.0, 0.0, 0.0, 0, 0]",,not a standard NPC interaction
vr-ep2/q946-bb-e,Episode2,5,97,216,monster,11,25,"[-71.45380401611328, 10.0, 7.9604878425598145]","[0, 16750, 0]","[0.0, 0.0, 0.0, 0.0, 0.0, 0, 0]",,not a standard NPC interaction
vr-ep2/q946-bb-e,Episode2,5,98,216,monster,11,25,"[68.74375915527344, 10.0, 9.712957382202148]","[0, 48904, 0]","[0.0, 0.0, 0.0, 0.0, 0.0, 0, 0]",,not a standard NPC interaction
vr-ep2/q946-bb-e,Episode2,5,106,216,monster,11,27,"[7.407325744628906, 10.0, -2.5543289184570312]","[0, 0, 0]","[0.0, 0.0, 0.0, 0.0, 0.0, 0, 0]",,not a standard NPC interaction
vr-ep2/q946-bb-e,Episode2,5,114,216,monster,11,31,"[0.3974476754665375, 10.0, -51.375946044921875]","[0, 0, 0]","[0.0, 0.0, 0.0, 0.0, 0.0, 0, 0]",,not a standard NPC interaction
vr-ep2/q946-bb-e,Episode2,5,115,216,monster,11,31,"[-3.1074912548065186, 10.0, 66.03951263427734]","[0, 32074, 0]","[0.0, 0.0, 0.0, 0.0, 0.0, 0, 0]",,not a standard NPC interaction
vr-ep2/q946-bb-e,Episode2,5,116,216,monster,11,31,"[65.23881530761719, 10.0, -0.5543289184570312]","[0, 48915, 0]","[0.0, 0.0, 0.0, 0.0, 0.0, 0, 0]",,not a standard NPC interaction
vr-ep2/q946-bb-e,Episode2,17,2,216,monster,30,1,"[-80.0, 0.0, 45.0]","[0, 33058, 0]","[0.0, 0.0, 0.0, 0.0, 0.0, 0, 0]",,not a standard NPC interaction
vr-ep2/q946-bb-e,Episode2,17,3,216,monster,30,1,"[-50.0, 0.0, 45.0]","[0, 32205, 0]","[0.0, 0.0, 0.0, 0.0, 0.0, 0, 0]",,not a standard NPC interaction
vr-ep2/q946-bb-e,Episode2,17,6,216,monster,30,3,"[-65.0, 0.0, 0.0]","[0, 16400, 0]","[0.0, 0.0, 0.0, 0.0, 0.0, 0, 0]",,not a standard NPC interaction
vr-ep2/q946-bb-e,Episode2,17,48,216,monster,30,11,"[100.0, 0.0, 0.0]","[0, 49400, 0]","[0.0, 0.0, 0.0, 0.0, 0.0, 0, 0]",,not a standard NPC interaction
vr-ep2/q946-bb-e,Episode2,17,69,216,monster,30,18,"[-66.0, 0.0, -26.0]","[0, 16400, 0]","[0.0, 0.0, 0.0, 0.0, 0.0, 0, 0]",,not a standard NPC interaction
vr-ep2/q946-bb-e,Episode2,17,70,216,monster,30,18,"[-66.0, 0.0, 26.0]","[0, 16400, 0]","[0.0, 0.0, 0.0, 0.0, 0.0, 0, 0]",,not a standard NPC interaction
vr-ep2/q946-bb-e,Episode2,17,116,216,monster,30,31,"[96.64501953125, 0.0, -93.38253021240234]","[0, 0, 0]","[0.0, 0.0, 0.0, 0.0, 0.0, 0, 0]",,not a standard NPC interaction
vr-ep2/q946-bb-e,Episode2,17,117,216,monster,30,31,"[111.12824249267578, 0.0, -119.45232391357422]","[0, 0, 0]","[0.0, 0.0, 0.0, 0.0, 0.0, 0, 0]",,not a standard NPC interaction
vr-ep2/q946-bb-e,Episode2,17,118,216,monster,30,31,"[74.92019653320312, 0.0, -115.10736083984375]","[0, 0, 0]","[0.0, 0.0, 0.0, 0.0, 0.0, 0, 0]",,not a standard NPC interaction
vr-ep2/q946-bb-e,Episode2,17,119,216,monster,30,31,"[-74.2569580078125, 0.0, -91.93421173095703]","[0, 0, 0]","[0.0, 0.0, 0.0, 0.0, 0.0, 0, 0]",,not a standard NPC interaction
vr-ep2/q946-bb-e,Episode2,17,120,216,monster,30,31,"[-55.428775787353516, 0.0, -110.76239776611328]","[0, 0, 0]","[0.0, 0.0, 0.0, 0.0, 0.0, 0, 0]",,not a standard NPC interaction
vr-ep2/q946-bb-e,Episode2,17,121,216,monster,30,31,"[-90.1884994506836, 0.0, -110.76239776611328]","[0, 0, 0]","[0.0, 0.0, 0.0, 0.0, 0.0, 0, 0]",,not a standard NPC interaction
vr-ep2/q946-bb-e,Episode2,17,122,216,monster,30,31,"[-0.39254486560821533, 0.0, 74.62281036376953]","[0, 32247, 0]","[0.0, 0.0, 0.0, 0.0, 0.0, 0, 0]",,not a standard NPC interaction
vr-ep2/q946-bb-e,Episode2,17,123,216,monster,30,31,"[-22.117372512817383, 0.0, 103.58924865722656]","[0, 31647, 0]","[0.0, 0.0, 0.0, 0.0, 0.0, 0, 0]",,not a standard NPC interaction
vr-ep2/q946-bb-e,Episode2,17,124,216,monster,30,31,"[18.435640335083008, 0.0, 100.6926040649414]","[0, 32234, 0]","[0.0, 0.0, 0.0, 0.0, 0.0, 0, 0]",,not a standard NPC interaction
