quest,floor,index,full_DAT_fields
Test/q37-bb-e,1,8,"{""base_type"": 2, ""set_flags"": 0, ""runtime_index"": 1119, ""file_offset"": 2480, ""floor_field"": 1, ""entity_id_field"": 65535, ""group"": 0, ""room"": 8, ""unknown_a3"": 0, ""position"": [54.204833984375, 34.0, 196.20970153808594], ""angles"": [0, 9728, 0], ""params"": [1.0, 1.0, 1.0, 0, 0, 0], ""unused_pointer"": 2365219664}"
Test/q37-bb-e,1,23,"{""base_type"": 2, ""set_flags"": 2, ""runtime_index"": 90, ""file_offset"": 3500, ""floor_field"": 1, ""entity_id_field"": 65535, ""group"": 0, ""room"": 16, ""unknown_a3"": 0, ""position"": [94.0750732421875, 5.0, 27.906158447265625], ""angles"": [0, 0, 0], ""params"": [1.0, 1.0, 1.0, 2, 0, 1], ""unused_pointer"": 2365316864}"
Test/q37-bb-e,1,72,"{""base_type"": 2, ""set_flags"": 0, ""runtime_index"": 0, ""file_offset"": 6832, ""floor_field"": 0, ""entity_id_field"": 0, ""group"": 0, ""room"": 10, ""unknown_a3"": 0, ""position"": [-238.4696044921875, 0.0, 382.5902404785156], ""angles"": [0, 0, 0], ""params"": [1.0, 1.0, 1.0, 5, 0, 1], ""unused_pointer"": 0}"
Test/q37-bb-e,2,0,"{""base_type"": 2, ""set_flags"": 2, ""runtime_index"": 126, ""file_offset"": 8548, ""floor_field"": 2, ""entity_id_field"": 18354, ""group"": 0, ""room"": 1, ""unknown_a3"": 0, ""position"": [-105.65203857421875, 76.0, -107.3563232421875], ""angles"": [0, 0, 0], ""params"": [1.0, 1.0, 1.0, 1, 0, 0], ""unused_pointer"": 2365205312}"
Test/q37-bb-e,11,0,"{""base_type"": 2, ""set_flags"": 0, ""runtime_index"": 1717, ""file_offset"": 15992, ""floor_field"": 11, ""entity_id_field"": 18123, ""group"": 1, ""room"": 1, ""unknown_a3"": 0, ""position"": [-237.16607666015625, 0.0, -42.48076248168945], ""angles"": [0, 32768, 0], ""params"": [120.00006103515625, 1.0, 1.0, 5, 0, 1], ""unused_pointer"": 2365208528}"
Test/q37-bb-e,12,0,"{""base_type"": 2, ""set_flags"": 0, ""runtime_index"": 1717, ""file_offset"": 16416, ""floor_field"": 11, ""entity_id_field"": 18123, ""group"": 1, ""room"": 1, ""unknown_a3"": 0, ""position"": [-237.16607666015625, 0.0, -42.48076248168945], ""angles"": [0, 32768, 0], ""params"": [120.00006103515625, 1.0, 1.0, 0, 0, 1], ""unused_pointer"": 2365208528}"
Test/q37-bb-e,13,0,"{""base_type"": 2, ""set_flags"": 0, ""runtime_index"": 1717, ""file_offset"": 16840, ""floor_field"": 11, ""entity_id_field"": 18123, ""group"": 1, ""room"": 1, ""unknown_a3"": 0, ""position"": [-237.16607666015625, 0.0, -42.48076248168945], ""angles"": [0, 32768, 0], ""params"": [120.00006103515625, 1.0, 1.0, 0, 0, 1], ""unused_pointer"": 2365208528}"
Test/q37-bb-j,1,8,"{""base_type"": 2, ""set_flags"": 0, ""runtime_index"": 1119, ""file_offset"": 2480, ""floor_field"": 1, ""entity_id_field"": 65535, ""group"": 0, ""room"": 8, ""unknown_a3"": 0, ""position"": [54.204833984375, 34.0, 196.20970153808594], ""angles"": [0, 9728, 0], ""params"": [1.0, 1.0, 1.0, 0, 0, 0], ""unused_pointer"": 2365219664}"
Test/q37-bb-j,1,23,"{""base_type"": 2, ""set_flags"": 2, ""runtime_index"": 90, ""file_offset"": 3500, ""floor_field"": 1, ""entity_id_field"": 65535, ""group"": 0, ""room"": 16, ""unknown_a3"": 0, ""position"": [94.0750732421875, 5.0, 27.906158447265625], ""angles"": [0, 0, 0], ""params"": [1.0, 1.0, 1.0, 2, 0, 1], ""unused_pointer"": 2365316864}"
Test/q37-bb-j,1,72,"{""base_type"": 2, ""set_flags"": 0, ""runtime_index"": 0, ""file_offset"": 6832, ""floor_field"": 0, ""entity_id_field"": 0, ""group"": 0, ""room"": 10, ""unknown_a3"": 0, ""position"": [-238.4696044921875, 0.0, 382.5902404785156], ""angles"": [0, 0, 0], ""params"": [1.0, 1.0, 1.0, 5, 0, 1], ""unused_pointer"": 0}"
Test/q37-bb-j,2,0,"{""base_type"": 2, ""set_flags"": 2, ""runtime_index"": 126, ""file_offset"": 8548, ""floor_field"": 2, ""entity_id_field"": 18354, ""group"": 0, ""room"": 1, ""unknown_a3"": 0, ""position"": [-105.65203857421875, 76.0, -107.3563232421875], ""angles"": [0, 0, 0], ""params"": [1.0, 1.0, 1.0, 1, 0, 0], ""unused_pointer"": 2365205312}"
Test/q37-bb-j,11,0,"{""base_type"": 2, ""set_flags"": 0, ""runtime_index"": 1717, ""file_offset"": 15992, ""floor_field"": 11, ""entity_id_field"": 18123, ""group"": 1, ""room"": 1, ""unknown_a3"": 0, ""position"": [-237.16607666015625, 0.0, -42.48076248168945], ""angles"": [0, 32768, 0], ""params"": [120.00006103515625, 1.0, 1.0, 5, 0, 1], ""unused_pointer"": 2365208528}"
Test/q37-bb-j,12,0,"{""base_type"": 2, ""set_flags"": 0, ""runtime_index"": 1717, ""file_offset"": 16416, ""floor_field"": 11, ""entity_id_field"": 18123, ""group"": 1, ""room"": 1, ""unknown_a3"": 0, ""position"": [-237.16607666015625, 0.0, -42.48076248168945], ""angles"": [0, 32768, 0], ""params"": [120.00006103515625, 1.0, 1.0, 0, 0, 1], ""unused_pointer"": 2365208528}"
Test/q37-bb-j,13,0,"{""base_type"": 2, ""set_flags"": 0, ""runtime_index"": 1717, ""file_offset"": 16840, ""floor_field"": 11, ""entity_id_field"": 18123, ""group"": 1, ""room"": 1, ""unknown_a3"": 0, ""position"": [-237.16607666015625, 0.0, -42.48076248168945], ""angles"": [0, 32768, 0], ""params"": [120.00006103515625, 1.0, 1.0, 0, 0, 1], ""unused_pointer"": 2365208528}"
challenge-ep1/c88101-bb-e,1,14,"{""base_type"": 2, ""set_flags"": 0, ""runtime_index"": 1472, ""file_offset"": 2412, ""floor_field"": 1, ""entity_id_field"": 18365, ""group"": 0, ""room"": 4, ""unknown_a3"": 0, ""position"": [55.27099609375, 1.5585541725158691, -91.37347412109375], ""angles"": [0, 0, 0], ""params"": [1.000000238418579, 1.0000001192092896, 1.000000238418579, 2, 0, 1], ""unused_pointer"": 2365162560}"
challenge-ep1/c88101-bb-e,11,0,"{""base_type"": 2, ""set_flags"": 0, ""runtime_index"": 1717, ""file_offset"": 18152, ""floor_field"": 11, ""entity_id_field"": 18123, ""group"": 1, ""room"": 1, ""unknown_a3"": 0, ""position"": [-237.16607666015625, 0.0, -42.48076248168945], ""angles"": [0, 32768, 0], ""params"": [120.00006103515625, 1.0, 1.0, 0, 0, 1], ""unused_pointer"": 2365208528}"
challenge-ep1/c88101-bb-j,1,14,"{""base_type"": 2, ""set_flags"": 0, ""runtime_index"": 1472, ""file_offset"": 2412, ""floor_field"": 1, ""entity_id_field"": 18365, ""group"": 0, ""room"": 4, ""unknown_a3"": 0, ""position"": [55.27099609375, 1.5585541725158691, -91.37347412109375], ""angles"": [0, 0, 0], ""params"": [1.000000238418579, 1.0000001192092896, 1.000000238418579, 2, 0, 1], ""unused_pointer"": 2365162560}"
challenge-ep1/c88101-bb-j,11,0,"{""base_type"": 2, ""set_flags"": 0, ""runtime_index"": 1717, ""file_offset"": 18152, ""floor_field"": 11, ""entity_id_field"": 18123, ""group"": 1, ""room"": 1, ""unknown_a3"": 0, ""position"": [-237.16607666015625, 0.0, -42.48076248168945], ""angles"": [0, 32768, 0], ""params"": [120.00006103515625, 1.0, 1.0, 0, 0, 1], ""unused_pointer"": 2365208528}"
challenge-ep1/c88102-bb-e,3,70,"{""base_type"": 2, ""set_flags"": 0, ""runtime_index"": 1560, ""file_offset"": 6220, ""floor_field"": 3, ""entity_id_field"": 18377, ""group"": 0, ""room"": 20, ""unknown_a3"": 0, ""position"": [152.34585571289062, 3.0994415283203125e-05, -1.7744140625], ""angles"": [0, -49152, 0], ""params"": [1.0, 1.0, 1.0, 4, 0, 1], ""unused_pointer"": 2365140544}"
challenge-ep1/c88102-bb-e,5,45,"{""base_type"": 2, ""set_flags"": 0, ""runtime_index"": 1555, ""file_offset"": 19648, ""floor_field"": 3, ""entity_id_field"": 18494, ""group"": 0, ""room"": 7, ""unknown_a3"": 0, ""position"": [0.0, 0.0, 35.0], ""angles"": [0, -43776, 0], ""params"": [1.0, 1.0, 1.0, 4, 0, 1], ""unused_pointer"": 2365145104}"
challenge-ep1/c88102-bb-e,6,3,"{""base_type"": 2, ""set_flags"": 0, ""runtime_index"": 1579, ""file_offset"": 27076, ""floor_field"": 3, ""entity_id_field"": 17524, ""group"": 0, ""room"": 1, ""unknown_a3"": 0, ""position"": [0.0, 0.0, 45.0], ""angles"": [0, -43776, 0], ""params"": [1.0, 1.0, 1.0, 0, 0, 0], ""unused_pointer"": 2365148416}"
challenge-ep1/c88102-bb-e,6,74,"{""base_type"": 2, ""set_flags"": 2, ""runtime_index"": 332, ""file_offset"": 31904, ""floor_field"": 3, ""entity_id_field"": 18365, ""group"": 0, ""room"": 12, ""unknown_a3"": 0, ""position"": [120.0, 0.0, 0.0], ""angles"": [0, -5632, 0], ""params"": [1.0, 1.0, 1.0, 0, 0, 1], ""unused_pointer"": 2365224272}"
challenge-ep1/c88102-bb-e,7,62,"{""base_type"": 2, ""set_flags"": 0, ""runtime_index"": 1798, ""file_offset"": 38380, ""floor_field"": 3, ""entity_id_field"": 18397, ""group"": 0, ""room"": 7, ""unknown_a3"": 0, ""position"": [0.0, 0.0, 35.0], ""angles"": [0, -43776, 0], ""params"": [1.0, 1.0, 1.0, 0, 0, 1], ""unused_pointer"": 2365146928}"
challenge-ep1/c88102-bb-j,3,70,"{""base_type"": 2, ""set_flags"": 0, ""runtime_index"": 1560, ""file_offset"": 6220, ""floor_field"": 3, ""entity_id_field"": 18377, ""group"": 0, ""room"": 20, ""unknown_a3"": 0, ""position"": [152.34585571289062, 3.0994415283203125e-05, -1.7744140625], ""angles"": [0, -49152, 0], ""params"": [1.0, 1.0, 1.0, 4, 0, 1], ""unused_pointer"": 2365140544}"
challenge-ep1/c88102-bb-j,5,45,"{""base_type"": 2, ""set_flags"": 0, ""runtime_index"": 1555, ""file_offset"": 19648, ""floor_field"": 3, ""entity_id_field"": 18494, ""group"": 0, ""room"": 7, ""unknown_a3"": 0, ""position"": [0.0, 0.0, 35.0], ""angles"": [0, -43776, 0], ""params"": [1.0, 1.0, 1.0, 4, 0, 1], ""unused_pointer"": 2365145104}"
challenge-ep1/c88102-bb-j,6,3,"{""base_type"": 2, ""set_flags"": 0, ""runtime_index"": 1579, ""file_offset"": 27076, ""floor_field"": 3, ""entity_id_field"": 17524, ""group"": 0, ""room"": 1, ""unknown_a3"": 0, ""position"": [0.0, 0.0, 45.0], ""angles"": [0, -43776, 0], ""params"": [1.0, 1.0, 1.0, 0, 0, 0], ""unused_pointer"": 2365148416}"
challenge-ep1/c88102-bb-j,6,74,"{""base_type"": 2, ""set_flags"": 2, ""runtime_index"": 332, ""file_offset"": 31904, ""floor_field"": 3, ""entity_id_field"": 18365, ""group"": 0, ""room"": 12, ""unknown_a3"": 0, ""position"": [120.0, 0.0, 0.0], ""angles"": [0, -5632, 0], ""params"": [1.0, 1.0, 1.0, 0, 0, 1], ""unused_pointer"": 2365224272}"
challenge-ep1/c88102-bb-j,7,62,"{""base_type"": 2, ""set_flags"": 0, ""runtime_index"": 1798, ""file_offset"": 38380, ""floor_field"": 3, ""entity_id_field"": 18397, ""group"": 0, ""room"": 7, ""unknown_a3"": 0, ""position"": [0.0, 0.0, 35.0], ""angles"": [0, -43776, 0], ""params"": [1.0, 1.0, 1.0, 0, 0, 1], ""unused_pointer"": 2365146928}"
challenge-ep1/c88103-bb-e,4,0,"{""base_type"": 2, ""set_flags"": 0, ""runtime_index"": 1311, ""file_offset"": 1460, ""floor_field"": 4, ""entity_id_field"": 65535, ""group"": 0, ""room"": 1, ""unknown_a3"": 0, ""position"": [10.0, 0.0, -44.00001907348633], ""angles"": [0, -31488, 0], ""params"": [1.0, 1.0, 1.0, 5, 0, 1], ""unused_pointer"": 2365206448}"
challenge-ep1/c88103-bb-e,4,31,"{""base_type"": 2, ""set_flags"": 0, ""runtime_index"": 1298, ""file_offset"": 3568, ""floor_field"": 4, ""entity_id_field"": 65535, ""group"": 0, ""room"": 4, ""unknown_a3"": 0, ""position"": [10.0, 0.0, -44.0], ""angles"": [0, -31488, 0], ""params"": [1.0, 1.0, 1.0, 3, 0, 0], ""unused_pointer"": 2365213200}"
challenge-ep1/c88103-bb-e,5,3,"{""base_type"": 2, ""set_flags"": 0, ""runtime_index"": 1298, ""file_offset"": 14464, ""floor_field"": 4, ""entity_id_field"": 17299, ""group"": 0, ""room"": 1, ""unknown_a3"": 0, ""position"": [9.99999713897705, 0.0, -44.00000762939453], ""angles"": [0, -31488, 0], ""params"": [1.0, 1.0, 1.0, 3, 0, 0], ""unused_pointer"": 2365139824}"
challenge-ep1/c88103-bb-e,5,47,"{""base_type"": 2, ""set_flags"": 0, ""runtime_index"": 1311, ""file_offset"": 17456, ""floor_field"": 4, ""entity_id_field"": 18788, ""group"": 0, ""room"": 7, ""unknown_a3"": 0, ""position"": [10.0, 0.0, -44.0], ""angles"": [0, -31488, 0], ""params"": [1.0, 1.0, 1.0, 5, 0, 1], ""unused_pointer"": 2365266240}"
challenge-ep1/c88103-bb-e,6,26,"{""base_type"": 2, ""set_flags"": 0, ""runtime_index"": 1298, ""file_offset"": 24408, ""floor_field"": 4, ""entity_id_field"": 65535, ""group"": 0, ""room"": 3, ""unknown_a3"": 0, ""position"": [10.0, 0.0, -44.00001525878906], ""angles"": [0, -31488, 0], ""params"": [1.0, 1.0, 1.0, 3, 0, 0], ""unused_pointer"": 2365208880}"
challenge-ep1/c88103-bb-e,6,31,"{""base_type"": 2, ""set_flags"": 0, ""runtime_index"": 1311, ""file_offset"": 24748, ""floor_field"": 4, ""entity_id_field"": 65535, ""group"": 0, ""room"": 4, ""unknown_a3"": 0, ""position"": [10.0, 0.0, -44.0], ""angles"": [0, -31488, 0], ""params"": [1.0, 1.0, 1.0, 5, 0, 1], ""unused_pointer"": 2365224624}"
challenge-ep1/c88103-bb-e,7,3,"{""base_type"": 2, ""set_flags"": 0, ""runtime_index"": 1298, ""file_offset"": 36596, ""floor_field"": 4, ""entity_id_field"": 17299, ""group"": 0, ""room"": 1, ""unknown_a3"": 0, ""position"": [9.99999713897705, 0.0, -44.00000762939453], ""angles"": [0, -31488, 0], ""params"": [1.0, 1.0, 1.0, 3, 0, 0], ""unused_pointer"": 2365139824}"
challenge-ep1/c88103-bb-e,7,8,"{""base_type"": 2, ""set_flags"": 0, ""runtime_index"": 1311, ""file_offset"": 36936, ""floor_field"": 4, ""entity_id_field"": 17323, ""group"": 0, ""room"": 2, ""unknown_a3"": 0, ""position"": [10.0, 0.0, -44.0], ""angles"": [0, -31488, 0], ""params"": [1.0, 1.0, 1.0, 5, 0, 1], ""unused_pointer"": 2365139664}"
challenge-ep1/c88103-bb-e,8,35,"{""base_type"": 2, ""set_flags"": 0, ""runtime_index"": 1298, ""file_offset"": 44840, ""floor_field"": 4, ""entity_id_field"": 65535, ""group"": 0, ""room"": 6, ""unknown_a3"": 0, ""position"": [10.0, 0.0, -44.0], ""angles"": [0, -31488, 0], ""params"": [1.0, 1.0, 1.0, 3, 0, 0], ""unused_pointer"": 2365207536}"
challenge-ep1/c88103-bb-e,8,49,"{""base_type"": 2, ""set_flags"": 0, ""runtime_index"": 1962, ""file_offset"": 45792, ""floor_field"": 4, ""entity_id_field"": 18361, ""group"": 0, ""room"": 8, ""unknown_a3"": 0, ""position"": [10.0, 0.0, -44.0], ""angles"": [0, -31488, 0], ""params"": [1.0, 1.0, 1.0, 0, 0, 1], ""unused_pointer"": 2365176048}"
challenge-ep1/c88103-bb-j,4,0,"{""base_type"": 2, ""set_flags"": 0, ""runtime_index"": 1311, ""file_offset"": 1460, ""floor_field"": 4, ""entity_id_field"": 65535, ""group"": 0, ""room"": 1, ""unknown_a3"": 0, ""position"": [10.0, 0.0, -44.00001907348633], ""angles"": [0, -31488, 0], ""params"": [1.0, 1.0, 1.0, 5, 0, 1], ""unused_pointer"": 2365206448}"
challenge-ep1/c88103-bb-j,4,31,"{""base_type"": 2, ""set_flags"": 0, ""runtime_index"": 1298, ""file_offset"": 3568, ""floor_field"": 4, ""entity_id_field"": 65535, ""group"": 0, ""room"": 4, ""unknown_a3"": 0, ""position"": [10.0, 0.0, -44.0], ""angles"": [0, -31488, 0], ""params"": [1.0, 1.0, 1.0, 3, 0, 0], ""unused_pointer"": 2365213200}"
challenge-ep1/c88103-bb-j,5,3,"{""base_type"": 2, ""set_flags"": 0, ""runtime_index"": 1298, ""file_offset"": 14464, ""floor_field"": 4, ""entity_id_field"": 17299, ""group"": 0, ""room"": 1, ""unknown_a3"": 0, ""position"": [9.99999713897705, 0.0, -44.00000762939453], ""angles"": [0, -31488, 0], ""params"": [1.0, 1.0, 1.0, 3, 0, 0], ""unused_pointer"": 2365139824}"
challenge-ep1/c88103-bb-j,5,47,"{""base_type"": 2, ""set_flags"": 0, ""runtime_index"": 1311, ""file_offset"": 17456, ""floor_field"": 4, ""entity_id_field"": 18788, ""group"": 0, ""room"": 7, ""unknown_a3"": 0, ""position"": [10.0, 0.0, -44.0], ""angles"": [0, -31488, 0], ""params"": [1.0, 1.0, 1.0, 5, 0, 1], ""unused_pointer"": 2365266240}"
challenge-ep1/c88103-bb-j,6,26,"{""base_type"": 2, ""set_flags"": 0, ""runtime_index"": 1298, ""file_offset"": 24408, ""floor_field"": 4, ""entity_id_field"": 65535, ""group"": 0, ""room"": 3, ""unknown_a3"": 0, ""position"": [10.0, 0.0, -44.00001525878906], ""angles"": [0, -31488, 0], ""params"": [1.0, 1.0, 1.0, 3, 0, 0], ""unused_pointer"": 2365208880}"
challenge-ep1/c88103-bb-j,6,31,"{""base_type"": 2, ""set_flags"": 0, ""runtime_index"": 1311, ""file_offset"": 24748, ""floor_field"": 4, ""entity_id_field"": 65535, ""group"": 0, ""room"": 4, ""unknown_a3"": 0, ""position"": [10.0, 0.0, -44.0], ""angles"": [0, -31488, 0], ""params"": [1.0, 1.0, 1.0, 5, 0, 1], ""unused_pointer"": 2365224624}"
challenge-ep1/c88103-bb-j,7,3,"{""base_type"": 2, ""set_flags"": 0, ""runtime_index"": 1298, ""file_offset"": 36596, ""floor_field"": 4, ""entity_id_field"": 17299, ""group"": 0, ""room"": 1, ""unknown_a3"": 0, ""position"": [9.99999713897705, 0.0, -44.00000762939453], ""angles"": [0, -31488, 0], ""params"": [1.0, 1.0, 1.0, 3, 0, 0], ""unused_pointer"": 2365139824}"
challenge-ep1/c88103-bb-j,7,8,"{""base_type"": 2, ""set_flags"": 0, ""runtime_index"": 1311, ""file_offset"": 36936, ""floor_field"": 4, ""entity_id_field"": 17323, ""group"": 0, ""room"": 2, ""unknown_a3"": 0, ""position"": [10.0, 0.0, -44.0], ""angles"": [0, -31488, 0], ""params"": [1.0, 1.0, 1.0, 5, 0, 1], ""unused_pointer"": 2365139664}"
challenge-ep1/c88103-bb-j,8,35,"{""base_type"": 2, ""set_flags"": 0, ""runtime_index"": 1298, ""file_offset"": 44840, ""floor_field"": 4, ""entity_id_field"": 65535, ""group"": 0, ""room"": 6, ""unknown_a3"": 0, ""position"": [10.0, 0.0, -44.0], ""angles"": [0, -31488, 0], ""params"": [1.0, 1.0, 1.0, 3, 0, 0], ""unused_pointer"": 2365207536}"
challenge-ep1/c88103-bb-j,8,49,"{""base_type"": 2, ""set_flags"": 0, ""runtime_index"": 1962, ""file_offset"": 45792, ""floor_field"": 4, ""entity_id_field"": 18361, ""group"": 0, ""room"": 8, ""unknown_a3"": 0, ""position"": [10.0, 0.0, -44.0], ""angles"": [0, -31488, 0], ""params"": [1.0, 1.0, 1.0, 0, 0, 1], ""unused_pointer"": 2365176048}"
challenge-ep1/c88104-bb-e,5,43,"{""base_type"": 2, ""set_flags"": 0, ""runtime_index"": 1289, ""file_offset"": 4384, ""floor_field"": 5, ""entity_id_field"": 65535, ""group"": 0, ""room"": 12, ""unknown_a3"": 0, ""position"": [0.0, 0.0, 50.0], ""angles"": [0, 0, 0], ""params"": [1.0, 1.0, 1.0, 4, 0, 0], ""unused_pointer"": 2365220816}"
challenge-ep1/c88104-bb-e,6,34,"{""base_type"": 2, ""set_flags"": 0, ""runtime_index"": 1827, ""file_offset"": 17048, ""floor_field"": 5, ""entity_id_field"": 18376, ""group"": 0, ""room"": 40, ""unknown_a3"": 0, ""position"": [-45.175506591796875, 0.0, 88.21966552734375], ""angles"": [0, -27392, 0], ""params"": [1.0, 1.0, 1.000000238418579, 0, 0, 1], ""unused_pointer"": 2365153040}"
challenge-ep1/c88104-bb-e,7,29,"{""base_type"": 2, ""set_flags"": 0, ""runtime_index"": 1289, ""file_offset"": 20396, ""floor_field"": 5, ""entity_id_field"": 65535, ""group"": 0, ""room"": 10, ""unknown_a3"": 0, ""position"": [0.0, 0.0, 50.0], ""angles"": [0, 0, 0], ""params"": [1.0, 1.0, 1.0, 4, 0, 0], ""unused_pointer"": 2365216912}"
challenge-ep1/c88104-bb-e,7,34,"{""base_type"": 2, ""set_flags"": 0, ""runtime_index"": 1953, ""file_offset"": 20736, ""floor_field"": 5, ""entity_id_field"": 18354, ""group"": 0, ""room"": 11, ""unknown_a3"": 0, ""position"": [0.0, 0.0, 37.0], ""angles"": [0, -21760, 0], ""params"": [1.0, 1.0, 1.0, 0, 0, 1], ""unused_pointer"": 2365156656}"
challenge-ep1/c88104-bb-e,8,2,"{""base_type"": 2, ""set_flags"": 0, ""runtime_index"": 1965, ""file_offset"": 31360, ""floor_field"": 5, ""entity_id_field"": 18155, ""group"": 0, ""room"": 2, ""unknown_a3"": 0, ""position"": [7.62939453125e-06, 0.0, 32.99995803833008], ""angles"": [0, -32768, 0], ""params"": [1.0, 1.0, 1.0, 0, 0, 1], ""unused_pointer"": 2365147376}"
challenge-ep1/c88104-bb-e,9,37,"{""base_type"": 2, ""set_flags"": 0, ""runtime_index"": 1289, ""file_offset"": 39604, ""floor_field"": 5, ""entity_id_field"": 65535, ""group"": 0, ""room"": 11, ""unknown_a3"": 0, ""position"": [0.0, 0.0, 50.00001907348633], ""angles"": [0, 0, 0], ""params"": [1.0, 1.0, 1.0, 4, 0, 0], ""unused_pointer"": 2365228240}"
challenge-ep1/c88104-bb-e,12,0,"{""base_type"": 2, ""set_flags"": 0, ""runtime_index"": 1717, ""file_offset"": 49480, ""floor_field"": 12, ""entity_id_field"": 51015, ""group"": 1, ""room"": 1, ""unknown_a3"": 0, ""position"": [55.4045524597168, 2.000000476837158, 57.55470275878906], ""angles"": [0, 0, 0], ""params"": [1.0, 1.0, 1.0, 0, 0, 1], ""unused_pointer"": 3232948352}"
challenge-ep1/c88104-bb-j,5,43,"{""base_type"": 2, ""set_flags"": 0, ""runtime_index"": 1289, ""file_offset"": 4384, ""floor_field"": 5, ""entity_id_field"": 65535, ""group"": 0, ""room"": 12, ""unknown_a3"": 0, ""position"": [0.0, 0.0, 50.0], ""angles"": [0, 0, 0], ""params"": [1.0, 1.0, 1.0, 4, 0, 0], ""unused_pointer"": 2365220816}"
challenge-ep1/c88104-bb-j,6,34,"{""base_type"": 2, ""set_flags"": 0, ""runtime_index"": 1827, ""file_offset"": 17048, ""floor_field"": 5, ""entity_id_field"": 18376, ""group"": 0, ""room"": 40, ""unknown_a3"": 0, ""position"": [-45.175506591796875, 0.0, 88.21966552734375], ""angles"": [0, -27392, 0], ""params"": [1.0, 1.0, 1.000000238418579, 0, 0, 1], ""unused_pointer"": 2365153040}"
challenge-ep1/c88104-bb-j,7,29,"{""base_type"": 2, ""set_flags"": 0, ""runtime_index"": 1289, ""file_offset"": 20396, ""floor_field"": 5, ""entity_id_field"": 65535, ""group"": 0, ""room"": 10, ""unknown_a3"": 0, ""position"": [0.0, 0.0, 50.0], ""angles"": [0, 0, 0], ""params"": [1.0, 1.0, 1.0, 4, 0, 0], ""unused_pointer"": 2365216912}"
challenge-ep1/c88104-bb-j,7,34,"{""base_type"": 2, ""set_flags"": 0, ""runtime_index"": 1953, ""file_offset"": 20736, ""floor_field"": 5, ""entity_id_field"": 18354, ""group"": 0, ""room"": 11, ""unknown_a3"": 0, ""position"": [0.0, 0.0, 37.0], ""angles"": [0, -21760, 0], ""params"": [1.0, 1.0, 1.0, 0, 0, 1], ""unused_pointer"": 2365156656}"
challenge-ep1/c88104-bb-j,8,2,"{""base_type"": 2, ""set_flags"": 0, ""runtime_index"": 1965, ""file_offset"": 31360, ""floor_field"": 5, ""entity_id_field"": 18155, ""group"": 0, ""room"": 2, ""unknown_a3"": 0, ""position"": [7.62939453125e-06, 0.0, 32.99995803833008], ""angles"": [0, -32768, 0], ""params"": [1.0, 1.0, 1.0, 0, 0, 1], ""unused_pointer"": 2365147376}"
challenge-ep1/c88104-bb-j,9,37,"{""base_type"": 2, ""set_flags"": 0, ""runtime_index"": 1289, ""file_offset"": 39604, ""floor_field"": 5, ""entity_id_field"": 65535, ""group"": 0, ""room"": 11, ""unknown_a3"": 0, ""position"": [0.0, 0.0, 50.00001907348633], ""angles"": [0, 0, 0], ""params"": [1.0, 1.0, 1.0, 4, 0, 0], ""unused_pointer"": 2365228240}"
challenge-ep1/c88104-bb-j,12,0,"{""base_type"": 2, ""set_flags"": 0, ""runtime_index"": 1717, ""file_offset"": 49480, ""floor_field"": 12, ""entity_id_field"": 51015, ""group"": 1, ""room"": 1, ""unknown_a3"": 0, ""position"": [55.4045524597168, 2.000000476837158, 57.55470275878906], ""angles"": [0, 0, 0], ""params"": [1.0, 1.0, 1.0, 0, 0, 1], ""unused_pointer"": 3232948352}"
challenge-ep1/c88105-bb-e,6,20,"{""base_type"": 2, ""set_flags"": 2, ""runtime_index"": 709, ""file_offset"": 2820, ""floor_field"": 6, ""entity_id_field"": 17093, ""group"": 0, ""room"": 1, ""unknown_a3"": 0, ""position"": [0.0, 0.0, 40.0], ""angles"": [0, -43776, 0], ""params"": [1.0, 1.0, 1.0, 0, 0, 0], ""unused_pointer"": 2365209136}"
challenge-ep1/c88105-bb-e,6,42,"{""base_type"": 2, ""set_flags"": 2, ""runtime_index"": 714, ""file_offset"": 4316, ""floor_field"": 6, ""entity_id_field"": 17098, ""group"": 0, ""room"": 6, ""unknown_a3"": 0, ""position"": [0.0, 0.0, 39.999969482421875], ""angles"": [0, -43776, 0], ""params"": [1.0, 1.0, 1.0, 7, 0, 1], ""unused_pointer"": 2365211056}"
challenge-ep1/c88105-bb-e,8,25,"{""base_type"": 2, ""set_flags"": 2, ""runtime_index"": 709, ""file_offset"": 19512, ""floor_field"": 6, ""entity_id_field"": 17093, ""group"": 0, ""room"": 1, ""unknown_a3"": 0, ""position"": [0.0, 0.0, 40.0], ""angles"": [0, -43776, 0], ""params"": [1.0, 1.0, 1.0, 0, 0, 0], ""unused_pointer"": 2365209136}"
challenge-ep1/c88105-bb-e,8,51,"{""base_type"": 2, ""set_flags"": 0, ""runtime_index"": 1924, ""file_offset"": 21280, ""floor_field"": 6, ""entity_id_field"": 18490, ""group"": 0, ""room"": 6, ""unknown_a3"": 0, ""position"": [0.0, 0.0, 40.0], ""angles"": [0, -43776, 0], ""params"": [1.0, 1.0, 1.0, 0, 0, 1], ""unused_pointer"": 2365161072}"
challenge-ep1/c88105-bb-e,10,22,"{""base_type"": 2, ""set_flags"": 2, ""runtime_index"": 709, ""file_offset"": 34640, ""floor_field"": 6, ""entity_id_field"": 17093, ""group"": 0, ""room"": 1, ""unknown_a3"": 0, ""position"": [0.0, 0.0, 40.0], ""angles"": [0, -43776, 0], ""params"": [1.0, 1.0, 1.0, 0, 0, 0], ""unused_pointer"": 2365209136}"
challenge-ep1/c88105-bb-e,10,49,"{""base_type"": 2, ""set_flags"": 0, ""runtime_index"": 1686, ""file_offset"": 36476, ""floor_field"": 6, ""entity_id_field"": 18239, ""group"": 0, ""room"": 8, ""unknown_a3"": 0, ""position"": [3.0517578125e-05, 0.0, 40.000091552734375], ""angles"": [0, -43776, 0], ""params"": [1.0, 1.0, 1.0, 0, 0, 1], ""unused_pointer"": 2365269920}"
challenge-ep1/c88105-bb-j,6,20,"{""base_type"": 2, ""set_flags"": 2, ""runtime_index"": 709, ""file_offset"": 2820, ""floor_field"": 6, ""entity_id_field"": 17093, ""group"": 0, ""room"": 1, ""unknown_a3"": 0, ""position"": [0.0, 0.0, 40.0], ""angles"": [0, -43776, 0], ""params"": [1.0, 1.0, 1.0, 0, 0, 0], ""unused_pointer"": 2365209136}"
challenge-ep1/c88105-bb-j,6,42,"{""base_type"": 2, ""set_flags"": 2, ""runtime_index"": 714, ""file_offset"": 4316, ""floor_field"": 6, ""entity_id_field"": 17098, ""group"": 0, ""room"": 6, ""unknown_a3"": 0, ""position"": [0.0, 0.0, 39.999969482421875], ""angles"": [0, -43776, 0], ""params"": [1.0, 1.0, 1.0, 7, 0, 1], ""unused_pointer"": 2365211056}"
challenge-ep1/c88105-bb-j,8,25,"{""base_type"": 2, ""set_flags"": 2, ""runtime_index"": 709, ""file_offset"": 19512, ""floor_field"": 6, ""entity_id_field"": 17093, ""group"": 0, ""room"": 1, ""unknown_a3"": 0, ""position"": [0.0, 0.0, 40.0], ""angles"": [0, -43776, 0], ""params"": [1.0, 1.0, 1.0, 0, 0, 0], ""unused_pointer"": 2365209136}"
challenge-ep1/c88105-bb-j,8,51,"{""base_type"": 2, ""set_flags"": 0, ""runtime_index"": 1924, ""file_offset"": 21280, ""floor_field"": 6, ""entity_id_field"": 18490, ""group"": 0, ""room"": 6, ""unknown_a3"": 0, ""position"": [0.0, 0.0, 40.0], ""angles"": [0, -43776, 0], ""params"": [1.0, 1.0, 1.0, 0, 0, 1], ""unused_pointer"": 2365161072}"
challenge-ep1/c88105-bb-j,10,22,"{""base_type"": 2, ""set_flags"": 2, ""runtime_index"": 709, ""file_offset"": 34640, ""floor_field"": 6, ""entity_id_field"": 17093, ""group"": 0, ""room"": 1, ""unknown_a3"": 0, ""position"": [0.0, 0.0, 40.0], ""angles"": [0, -43776, 0], ""params"": [1.0, 1.0, 1.0, 0, 0, 0], ""unused_pointer"": 2365209136}"
challenge-ep1/c88105-bb-j,10,49,"{""base_type"": 2, ""set_flags"": 0, ""runtime_index"": 1686, ""file_offset"": 36476, ""floor_field"": 6, ""entity_id_field"": 18239, ""group"": 0, ""room"": 8, ""unknown_a3"": 0, ""position"": [3.0517578125e-05, 0.0, 40.000091552734375], ""angles"": [0, -43776, 0], ""params"": [1.0, 1.0, 1.0, 0, 0, 1], ""unused_pointer"": 2365269920}"
challenge-ep1/c88106-bb-e,7,19,"{""base_type"": 2, ""set_flags"": 2, ""runtime_index"": 871, ""file_offset"": 2752, ""floor_field"": 7, ""entity_id_field"": 65535, ""group"": 0, ""room"": 1, ""unknown_a3"": 0, ""position"": [0.0, 0.0, 39.99993896484375], ""angles"": [0, -43776, 0], ""params"": [1.0, 1.0, 1.0, 6, 0, 0], ""unused_pointer"": 2365225200}"
challenge-ep1/c88106-bb-e,7,45,"{""base_type"": 2, ""set_flags"": 0, ""runtime_index"": 1958, ""file_offset"": 4520, ""floor_field"": 7, ""entity_id_field"": 18357, ""group"": 0, ""room"": 6, ""unknown_a3"": 0, ""position"": [0.0, 0.0, 35.0], ""angles"": [0, 0, 0], ""params"": [1.0, 1.0, 1.0, 0, 0, 1], ""unused_pointer"": 2365157920}"
challenge-ep1/c88106-bb-e,8,8,"{""base_type"": 2, ""set_flags"": 0, ""runtime_index"": 1811, ""file_offset"": 12016, ""floor_field"": 7, ""entity_id_field"": 18484, ""group"": 0, ""room"": 2, ""unknown_a3"": 0, ""position"": [-0.0014186948537826538, 0.0, 24.99993896484375], ""angles"": [0, -21759, 0], ""params"": [1.0, 1.0, 1.0, 0, 0, 1], ""unused_pointer"": 2365144560}"
challenge-ep1/c88106-bb-e,9,35,"{""base_type"": 2, ""set_flags"": 2, ""runtime_index"": 871, ""file_offset"": 18832, ""floor_field"": 7, ""entity_id_field"": 65535, ""group"": 0, ""room"": 3, ""unknown_a3"": 0, ""position"": [0.0, 0.0, 39.99993896484375], ""angles"": [0, -43776, 0], ""params"": [1.0, 1.0, 1.0, 6, 0, 0], ""unused_pointer"": 2365227264}"
challenge-ep1/c88106-bb-e,9,49,"{""base_type"": 2, ""set_flags"": 0, ""runtime_index"": 1972, ""file_offset"": 19784, ""floor_field"": 7, ""entity_id_field"": 18371, ""group"": 0, ""room"": 6, ""unknown_a3"": 0, ""position"": [0.0033721923828125, 0.0, 35.00006103515625], ""angles"": [0, 1, 0], ""params"": [1.0, 1.0, 1.0, 0, 0, 1], ""unused_pointer"": 2365167136}"
challenge-ep1/c88106-bb-e,10,8,"{""base_type"": 2, ""set_flags"": 0, ""runtime_index"": 1822, ""file_offset"": 27688, ""floor_field"": 7, ""entity_id_field"": 18415, ""group"": 0, ""room"": 2, ""unknown_a3"": 0, ""position"": [-0.00141143798828125, 0.0, 24.999923706054688], ""angles"": [0, -21759, 0], ""params"": [1.0, 1.0, 1.0, 0, 0, 1], ""unused_pointer"": 2365145600}"
challenge-ep1/c88106-bb-e,11,26,"{""base_type"": 2, ""set_flags"": 2, ""runtime_index"": 871, ""file_offset"": 36204, ""floor_field"": 7, ""entity_id_field"": 65535, ""group"": 0, ""room"": 2, ""unknown_a3"": 0, ""position"": [0.0, 0.0, 39.99993896484375], ""angles"": [0, -43776, 0], ""params"": [1.0, 1.0, 1.0, 6, 0, 0], ""unused_pointer"": 2365215472}"
challenge-ep1/c88106-bb-e,13,1,"{""base_type"": 2, ""set_flags"": 0, ""runtime_index"": 1546, ""file_offset"": 46284, ""floor_field"": 13, ""entity_id_field"": 18370, ""group"": 2, ""room"": 0, ""unknown_a3"": 0, ""position"": [41.469364166259766, 1.0, 5044.3427734375], ""angles"": [0, 0, 0], ""params"": [1.0, 1.0, 1.0, 0, 0, 1], ""unused_pointer"": 2365208240}"
challenge-ep1/c88106-bb-e,13,7,"{""base_type"": 2, ""set_flags"": 0, ""runtime_index"": 2033, ""file_offset"": 46692, ""floor_field"": 13, ""entity_id_field"": 18421, ""group"": 1, ""room"": 0, ""unknown_a3"": 0, ""position"": [-6.0723137855529785, 0.0, -4929.04638671875], ""angles"": [0, 0, 0], ""params"": [1.0, 1.0, 1.0, 0, 0, 1], ""unused_pointer"": 2365206608}"
challenge-ep1/c88106-bb-j,7,19,"{""base_type"": 2, ""set_flags"": 2, ""runtime_index"": 871, ""file_offset"": 2752, ""floor_field"": 7, ""entity_id_field"": 65535, ""group"": 0, ""room"": 1, ""unknown_a3"": 0, ""position"": [0.0, 0.0, 39.99993896484375], ""angles"": [0, -43776, 0], ""params"": [1.0, 1.0, 1.0, 6, 0, 0], ""unused_pointer"": 2365225200}"
challenge-ep1/c88106-bb-j,7,45,"{""base_type"": 2, ""set_flags"": 0, ""runtime_index"": 1958, ""file_offset"": 4520, ""floor_field"": 7, ""entity_id_field"": 18357, ""group"": 0, ""room"": 6, ""unknown_a3"": 0, ""position"": [0.0, 0.0, 35.0], ""angles"": [0, 0, 0], ""params"": [1.0, 1.0, 1.0, 0, 0, 1], ""unused_pointer"": 2365157920}"
challenge-ep1/c88106-bb-j,8,8,"{""base_type"": 2, ""set_flags"": 0, ""runtime_index"": 1811, ""file_offset"": 12016, ""floor_field"": 7, ""entity_id_field"": 18484, ""group"": 0, ""room"": 2, ""unknown_a3"": 0, ""position"": [-0.0014186948537826538, 0.0, 24.99993896484375], ""angles"": [0, -21759, 0], ""params"": [1.0, 1.0, 1.0, 0, 0, 1], ""unused_pointer"": 2365144560}"
challenge-ep1/c88106-bb-j,9,35,"{""base_type"": 2, ""set_flags"": 2, ""runtime_index"": 871, ""file_offset"": 18832, ""floor_field"": 7, ""entity_id_field"": 65535, ""group"": 0, ""room"": 3, ""unknown_a3"": 0, ""position"": [0.0, 0.0, 39.99993896484375], ""angles"": [0, -43776, 0], ""params"": [1.0, 1.0, 1.0, 6, 0, 0], ""unused_pointer"": 2365227264}"
challenge-ep1/c88106-bb-j,9,49,"{""base_type"": 2, ""set_flags"": 0, ""runtime_index"": 1972, ""file_offset"": 19784, ""floor_field"": 7, ""entity_id_field"": 18371, ""group"": 0, ""room"": 6, ""unknown_a3"": 0, ""position"": [0.0033721923828125, 0.0, 35.00006103515625], ""angles"": [0, 1, 0], ""params"": [1.0, 1.0, 1.0, 0, 0, 1], ""unused_pointer"": 2365167136}"
challenge-ep1/c88106-bb-j,10,8,"{""base_type"": 2, ""set_flags"": 0, ""runtime_index"": 1822, ""file_offset"": 27688, ""floor_field"": 7, ""entity_id_field"": 18415, ""group"": 0, ""room"": 2, ""unknown_a3"": 0, ""position"": [-0.00141143798828125, 0.0, 24.999923706054688], ""angles"": [0, -21759, 0], ""params"": [1.0, 1.0, 1.0, 0, 0, 1], ""unused_pointer"": 2365145600}"
challenge-ep1/c88106-bb-j,11,26,"{""base_type"": 2, ""set_flags"": 2, ""runtime_index"": 871, ""file_offset"": 36204, ""floor_field"": 7, ""entity_id_field"": 65535, ""group"": 0, ""room"": 2, ""unknown_a3"": 0, ""position"": [0.0, 0.0, 39.99993896484375], ""angles"": [0, -43776, 0], ""params"": [1.0, 1.0, 1.0, 6, 0, 0], ""unused_pointer"": 2365215472}"
challenge-ep1/c88106-bb-j,13,1,"{""base_type"": 2, ""set_flags"": 0, ""runtime_index"": 1546, ""file_offset"": 46284, ""floor_field"": 13, ""entity_id_field"": 18370, ""group"": 2, ""room"": 0, ""unknown_a3"": 0, ""position"": [41.469364166259766, 1.0, 5044.3427734375], ""angles"": [0, 0, 0], ""params"": [1.0, 1.0, 1.0, 0, 0, 1], ""unused_pointer"": 2365208240}"
challenge-ep1/c88106-bb-j,13,7,"{""base_type"": 2, ""set_flags"": 0, ""runtime_index"": 2033, ""file_offset"": 46692, ""floor_field"": 13, ""entity_id_field"": 18421, ""group"": 1, ""room"": 0, ""unknown_a3"": 0, ""position"": [-6.0723137855529785, 0.0, -4929.04638671875], ""angles"": [0, 0, 0], ""params"": [1.0, 1.0, 1.0, 0, 0, 1], ""unused_pointer"": 2365206608}"
challenge-ep1/c88109-bb-e,14,0,"{""base_type"": 2, ""set_flags"": 0, ""runtime_index"": 1664, ""file_offset"": 65528, ""floor_field"": 14, ""entity_id_field"": 18061, ""group"": 1, ""room"": 0, ""unknown_a3"": 0, ""position"": [-6.498046875, 5.0, -221.61703491210938], ""angles"": [0, -32768, 0], ""params"": [1.0, 1.0, 1.0, 0, 0, 1], ""unused_pointer"": 2365217888}"
challenge-ep1/c88109-bb-e,14,6,"{""base_type"": 2, ""set_flags"": 0, ""runtime_index"": 2019, ""file_offset"": 65936, ""floor_field"": 14, ""entity_id_field"": 18322, ""group"": 1, ""room"": 1, ""unknown_a3"": 0, ""position"": [-9.46013069152832, 0.0, 2.265357732772827], ""angles"": [0, -32768, 0], ""params"": [1.0, 1.0, 1.0, 0, 0, 1], ""unused_pointer"": 2365155792}"
challenge-ep1/c88109-bb-e,14,7,"{""base_type"": 2, ""set_flags"": 0, ""runtime_index"": 2045, ""file_offset"": 66004, ""floor_field"": 14, ""entity_id_field"": 18533, ""group"": 1, ""room"": 2, ""unknown_a3"": 0, ""position"": [189.095703125, 0.0, 76.38676452636719], ""angles"": [0, -32768, 0], ""params"": [1.0, 1.0, 1.0, 0, 0, 1], ""unused_pointer"": 2365226976}"
challenge-ep1/c88109-bb-j,14,0,"{""base_type"": 2, ""set_flags"": 0, ""runtime_index"": 1664, ""file_offset"": 65528, ""floor_field"": 14, ""entity_id_field"": 18061, ""group"": 1, ""room"": 0, ""unknown_a3"": 0, ""position"": [-6.498046875, 5.0, -221.61703491210938], ""angles"": [0, -32768, 0], ""params"": [1.0, 1.0, 1.0, 0, 0, 1], ""unused_pointer"": 2365217888}"
challenge-ep1/c88109-bb-j,14,6,"{""base_type"": 2, ""set_flags"": 0, ""runtime_index"": 2019, ""file_offset"": 65936, ""floor_field"": 14, ""entity_id_field"": 18322, ""group"": 1, ""room"": 1, ""unknown_a3"": 0, ""position"": [-9.46013069152832, 0.0, 2.265357732772827], ""angles"": [0, -32768, 0], ""params"": [1.0, 1.0, 1.0, 0, 0, 1], ""unused_pointer"": 2365155792}"
challenge-ep1/c88109-bb-j,14,7,"{""base_type"": 2, ""set_flags"": 0, ""runtime_index"": 2045, ""file_offset"": 66004, ""floor_field"": 14, ""entity_id_field"": 18533, ""group"": 1, ""room"": 2, ""unknown_a3"": 0, ""position"": [189.095703125, 0.0, 76.38676452636719], ""angles"": [0, -32768, 0], ""params"": [1.0, 1.0, 1.0, 0, 0, 1], ""unused_pointer"": 2365226976}"
challenge-ep2/d88201-bb-e,1,0,"{""base_type"": 2, ""set_flags"": 0, ""runtime_index"": 1798, ""file_offset"": 2752, ""floor_field"": 2, ""entity_id_field"": 26184, ""group"": 0, ""room"": 1, ""unknown_a3"": 0, ""position"": [-0.0029296875, -2.0, -30.0], ""angles"": [0, -10495, 0], ""params"": [1.0, 1.0, 1.0, 2, 0, 1], ""unused_pointer"": 8577152}"
challenge-ep2/d88201-bb-e,2,20,"{""base_type"": 2, ""set_flags"": 0, ""runtime_index"": 32000, ""file_offset"": 17660, ""floor_field"": 3, ""entity_id_field"": 56391, ""group"": 0, ""room"": 1, ""unknown_a3"": 0, ""position"": [0.0, -2.0, -30.0], ""angles"": [0, 32768, 0], ""params"": [1.0, 1.0, 1.0, 0, 0, 0], ""unused_pointer"": 2431443072}"
challenge-ep2/d88201-bb-e,2,21,"{""base_type"": 2, ""set_flags"": 0, ""runtime_index"": 1798, ""file_offset"": 17728, ""floor_field"": 2, ""entity_id_field"": 43335, ""group"": 0, ""room"": 2, ""unknown_a3"": 0, ""position"": [-0.0029296875, -2.0, -30.0], ""angles"": [0, -10495, 0], ""params"": [1.0, 1.0, 1.0, 2, 0, 1], ""unused_pointer"": 3504070784}"
challenge-ep2/d88201-bb-e,3,47,"{""base_type"": 2, ""set_flags"": 0, ""runtime_index"": 32000, ""file_offset"": 25972, ""floor_field"": 3, ""entity_id_field"": 36168, ""group"": 0, ""room"": 4, ""unknown_a3"": 0, ""position"": [0.0, -2.0, -30.0], ""angles"": [0, 32768, 0], ""params"": [1.0, 1.0, 1.0, 0, 0, 0], ""unused_pointer"": 1356587136}"
challenge-ep2/d88201-bb-e,3,48,"{""base_type"": 2, ""set_flags"": 0, ""runtime_index"": 1798, ""file_offset"": 26040, ""floor_field"": 2, ""entity_id_field"": 43336, ""group"": 0, ""room"": 5, ""unknown_a3"": 0, ""position"": [-0.0029296875, -2.0, -30.0], ""angles"": [0, -10495, 0], ""params"": [1.0, 1.0, 1.0, 2, 0, 1], ""unused_pointer"": 2696012160}"
challenge-ep2/d88201-bb-e,4,5,"{""base_type"": 2, ""set_flags"": 0, ""runtime_index"": 33536, ""file_offset"": 40200, ""floor_field"": 3, ""entity_id_field"": 50504, ""group"": 0, ""room"": 1, ""unknown_a3"": 0, ""position"": [0.0, -2.0, -30.0], ""angles"": [0, 32768, 0], ""params"": [1.0, 1.0, 1.0, 0, 0, 1], ""unused_pointer"": 2162680192}"
challenge-ep2/d88201-bb-e,4,212,"{""base_type"": 2, ""set_flags"": 0, ""runtime_index"": 24584, ""file_offset"": 54276, ""floor_field"": 2, ""entity_id_field"": 37449, ""group"": 0, ""room"": 100, ""unknown_a3"": 0, ""position"": [10.0, 0.0, -0.0009613037109375], ""angles"": [0, 16385, 0], ""params"": [1.0, 1.0, 1.0, 0, 0, 0], ""unused_pointer"": 1345774720}"
challenge-ep2/d88201-bb-e,5,24,"{""base_type"": 2, ""set_flags"": 0, ""runtime_index"": 20482, ""file_offset"": 56468, ""floor_field"": 2, ""entity_id_field"": 49735, ""group"": 0, ""room"": 2, ""unknown_a3"": 0, ""position"": [6.103515625e-05, -2.0, -30.0], ""angles"": [0, 32768, 0], ""params"": [1.0, 1.0, 1.0, 1, 0, 0], ""unused_pointer"": 2427511168}"
challenge-ep2/d88201-bb-e,5,34,"{""base_type"": 2, ""set_flags"": 0, ""runtime_index"": 33536, ""file_offset"": 57148, ""floor_field"": 3, ""entity_id_field"": 54855, ""group"": 0, ""room"": 5, ""unknown_a3"": 0, ""position"": [-6.103515625e-05, -2.0, -30.0], ""angles"": [0, 32768, 0], ""params"": [1.0, 1.0, 1.0, 0, 0, 1], ""unused_pointer"": 1074324352}"
challenge-ep2/d88201-bb-e,6,36,"{""base_type"": 2, ""set_flags"": 0, ""runtime_index"": 20482, ""file_offset"": 63692, ""floor_field"": 2, ""entity_id_field"": 33096, ""group"": 0, ""room"": 5, ""unknown_a3"": 0, ""position"": [3.0517578125e-05, -2.0, -30.0], ""angles"": [0, 32768, 0], ""params"": [1.0, 1.0, 1.0, 1, 0, 0], ""unused_pointer"": 816177536}"
challenge-ep2/d88201-bb-j,1,0,"{""base_type"": 2, ""set_flags"": 0, ""runtime_index"": 1798, ""file_offset"": 2752, ""floor_field"": 2, ""entity_id_field"": 26184, ""group"": 0, ""room"": 1, ""unknown_a3"": 0, ""position"": [-0.0029296875, -2.0, -30.0], ""angles"": [0, -10495, 0], ""params"": [1.0, 1.0, 1.0, 2, 0, 1], ""unused_pointer"": 8577152}"
challenge-ep2/d88201-bb-j,2,20,"{""base_type"": 2, ""set_flags"": 0, ""runtime_index"": 32000, ""file_offset"": 17660, ""floor_field"": 3, ""entity_id_field"": 56391, ""group"": 0, ""room"": 1, ""unknown_a3"": 0, ""position"": [0.0, -2.0, -30.0], ""angles"": [0, 32768, 0], ""params"": [1.0, 1.0, 1.0, 0, 0, 0], ""unused_pointer"": 2431443072}"
challenge-ep2/d88201-bb-j,2,21,"{""base_type"": 2, ""set_flags"": 0, ""runtime_index"": 1798, ""file_offset"": 17728, ""floor_field"": 2, ""entity_id_field"": 43335, ""group"": 0, ""room"": 2, ""unknown_a3"": 0, ""position"": [-0.0029296875, -2.0, -30.0], ""angles"": [0, -10495, 0], ""params"": [1.0, 1.0, 1.0, 2, 0, 1], ""unused_pointer"": 3504070784}"
challenge-ep2/d88201-bb-j,3,47,"{""base_type"": 2, ""set_flags"": 0, ""runtime_index"": 32000, ""file_offset"": 25972, ""floor_field"": 3, ""entity_id_field"": 36168, ""group"": 0, ""room"": 4, ""unknown_a3"": 0, ""position"": [0.0, -2.0, -30.0], ""angles"": [0, 32768, 0], ""params"": [1.0, 1.0, 1.0, 0, 0, 0], ""unused_pointer"": 1356587136}"
challenge-ep2/d88201-bb-j,3,48,"{""base_type"": 2, ""set_flags"": 0, ""runtime_index"": 1798, ""file_offset"": 26040, ""floor_field"": 2, ""entity_id_field"": 43336, ""group"": 0, ""room"": 5, ""unknown_a3"": 0, ""position"": [-0.0029296875, -2.0, -30.0], ""angles"": [0, -10495, 0], ""params"": [1.0, 1.0, 1.0, 2, 0, 1], ""unused_pointer"": 2696012160}"
challenge-ep2/d88201-bb-j,4,5,"{""base_type"": 2, ""set_flags"": 0, ""runtime_index"": 33536, ""file_offset"": 40200, ""floor_field"": 3, ""entity_id_field"": 50504, ""group"": 0, ""room"": 1, ""unknown_a3"": 0, ""position"": [0.0, -2.0, -30.0], ""angles"": [0, 32768, 0], ""params"": [1.0, 1.0, 1.0, 0, 0, 1], ""unused_pointer"": 2162680192}"
challenge-ep2/d88201-bb-j,4,212,"{""base_type"": 2, ""set_flags"": 0, ""runtime_index"": 24584, ""file_offset"": 54276, ""floor_field"": 2, ""entity_id_field"": 37449, ""group"": 0, ""room"": 100, ""unknown_a3"": 0, ""position"": [10.0, 0.0, -0.0009613037109375], ""angles"": [0, 16385, 0], ""params"": [1.0, 1.0, 1.0, 0, 0, 0], ""unused_pointer"": 1345774720}"
challenge-ep2/d88201-bb-j,5,24,"{""base_type"": 2, ""set_flags"": 0, ""runtime_index"": 20482, ""file_offset"": 56468, ""floor_field"": 2, ""entity_id_field"": 49735, ""group"": 0, ""room"": 2, ""unknown_a3"": 0, ""position"": [6.103515625e-05, -2.0, -30.0], ""angles"": [0, 32768, 0], ""params"": [1.0, 1.0, 1.0, 1, 0, 0], ""unused_pointer"": 2427511168}"
challenge-ep2/d88201-bb-j,5,34,"{""base_type"": 2, ""set_flags"": 0, ""runtime_index"": 33536, ""file_offset"": 57148, ""floor_field"": 3, ""entity_id_field"": 54855, ""group"": 0, ""room"": 5, ""unknown_a3"": 0, ""position"": [-6.103515625e-05, -2.0, -30.0], ""angles"": [0, 32768, 0], ""params"": [1.0, 1.0, 1.0, 0, 0, 1], ""unused_pointer"": 1074324352}"
challenge-ep2/d88201-bb-j,6,36,"{""base_type"": 2, ""set_flags"": 0, ""runtime_index"": 20482, ""file_offset"": 63692, ""floor_field"": 2, ""entity_id_field"": 33096, ""group"": 0, ""room"": 5, ""unknown_a3"": 0, ""position"": [3.0517578125e-05, -2.0, -30.0], ""angles"": [0, 32768, 0], ""params"": [1.0, 1.0, 1.0, 1, 0, 0], ""unused_pointer"": 816177536}"
challenge-ep2/d88202-bb-e,1,35,"{""base_type"": 2, ""set_flags"": 0, ""runtime_index"": 43271, ""file_offset"": 5132, ""floor_field"": 18, ""entity_id_field"": 50504, ""group"": 0, ""room"": 4, ""unknown_a3"": 0, ""position"": [0.0, 3.499969482421875, -5.0], ""angles"": [0, 12288, 0], ""params"": [1.0, 1.0, 1.0, 0, 0, 0], ""unused_pointer"": 2967593344}"
challenge-ep2/d88202-bb-e,1,39,"{""base_type"": 2, ""set_flags"": 0, ""runtime_index"": 43271, ""file_offset"": 5404, ""floor_field"": 18, ""entity_id_field"": 53832, ""group"": 0, ""room"": 5, ""unknown_a3"": 0, ""position"": [0.0, 3.499969482421875, -5.0], ""angles"": [0, 12288, 0], ""params"": [1.0, 1.0, 1.0, 0, 0, 0], ""unused_pointer"": 552001920}"
challenge-ep2/d88202-bb-e,1,41,"{""base_type"": 2, ""set_flags"": 0, ""runtime_index"": 32520, ""file_offset"": 5540, ""floor_field"": 3, ""entity_id_field"": 15434, ""group"": 0, ""room"": 6, ""unknown_a3"": 0, ""position"": [0.0, 3.499969482421875, 0.0], ""angles"": [0, -32768, 0], ""params"": [1.0, 1.0, 1.0, 0, 0, 1], ""unused_pointer"": 2963792256}"
challenge-ep2/d88202-bb-e,2,38,"{""base_type"": 2, ""set_flags"": 0, ""runtime_index"": 32520, ""file_offset"": 18000, ""floor_field"": 3, ""entity_id_field"": 42567, ""group"": 0, ""room"": 6, ""unknown_a3"": 0, ""position"": [0.0, 3.499969482421875, 0.0], ""angles"": [0, -32768, 0], ""params"": [1.0, 1.0, 1.0, 0, 0, 1], ""unused_pointer"": 278716800}"
challenge-ep2/d88202-bb-e,3,1,"{""base_type"": 2, ""set_flags"": 0, ""runtime_index"": 16129, ""file_offset"": 21688, ""floor_field"": 3, ""entity_id_field"": 58184, ""group"": 0, ""room"": 1, ""unknown_a3"": 0, ""position"": [-0.00048828125, 3.5, -5.0], ""angles"": [0, 10753, 0], ""params"": [1.0, 1.0, 1.0, 4, 0, 1], ""unused_pointer"": 12312960}"
challenge-ep2/d88202-bb-e,3,36,"{""base_type"": 2, ""set_flags"": 0, ""runtime_index"": 18177, ""file_offset"": 24068, ""floor_field"": 1, ""entity_id_field"": 47688, ""group"": 0, ""room"": 2, ""unknown_a3"": 0, ""position"": [0.0, 3.499969482421875, -5.0], ""angles"": [0, 10752, 0], ""params"": [1.0, 1.0, 1.0, 0, 0, 0], ""unused_pointer"": 2430525824}"
challenge-ep2/d88202-bb-e,3,39,"{""base_type"": 2, ""set_flags"": 0, ""runtime_index"": 18177, ""file_offset"": 24272, ""floor_field"": 1, ""entity_id_field"": 45640, ""group"": 0, ""room"": 3, ""unknown_a3"": 0, ""position"": [0.0, 3.499969482421875, -5.0], ""angles"": [0, 10752, 0], ""params"": [1.0, 1.0, 1.0, 0, 0, 0], ""unused_pointer"": 2694177152}"
challenge-ep2/d88202-bb-e,3,45,"{""base_type"": 2, ""set_flags"": 0, ""runtime_index"": 18177, ""file_offset"": 24680, ""floor_field"": 1, ""entity_id_field"": 38984, ""group"": 0, ""room"": 5, ""unknown_a3"": 0, ""position"": [0.0, 3.499969482421875, -5.0], ""angles"": [0, 10752, 0], ""params"": [1.0, 1.0, 1.0, 0, 0, 0], ""unused_pointer"": 1084088704}"
challenge-ep2/d88202-bb-e,3,48,"{""base_type"": 2, ""set_flags"": 0, ""runtime_index"": 18177, ""file_offset"": 24884, ""floor_field"": 1, ""entity_id_field"": 43848, ""group"": 0, ""room"": 6, ""unknown_a3"": 0, ""position"": [0.0, 3.499969482421875, -5.0], ""angles"": [0, 10752, 0], ""params"": [1.0, 1.0, 1.0, 0, 0, 0], ""unused_pointer"": 3504136576}"
challenge-ep2/d88202-bb-e,4,29,"{""base_type"": 2, ""set_flags"": 0, ""runtime_index"": 23048, ""file_offset"": 36120, ""floor_field"": 4, ""entity_id_field"": 42056, ""group"": 0, ""room"": 1, ""unknown_a3"": 0, ""position"": [0.0, 3.499969482421875, -5.0], ""angles"": [0, 10496, 0], ""params"": [1.0, 1.0, 1.0, 0, 0, 0], ""unused_pointer"": 1894703488}"
challenge-ep2/d88202-bb-e,4,31,"{""base_type"": 2, ""set_flags"": 0, ""runtime_index"": 32520, ""file_offset"": 36256, ""floor_field"": 3, ""entity_id_field"": 47688, ""group"": 0, ""room"": 2, ""unknown_a3"": 0, ""position"": [0.0, 3.499969482421875, 0.0], ""angles"": [0, -32768, 0], ""params"": [1.0, 1.0, 1.0, 0, 0, 1], ""unused_pointer"": 821092736}"
challenge-ep2/d88202-bb-e,4,35,"{""base_type"": 2, ""set_flags"": 0, ""runtime_index"": 23304, ""file_offset"": 36528, ""floor_field"": 4, ""entity_id_field"": 45128, ""group"": 0, ""room"": 3, ""unknown_a3"": 0, ""position"": [0.0, 3.499969482421875, -5.0], ""angles"": [0, 10496, 0], ""params"": [1.0, 1.0, 1.0, 0, 0, 0], ""unused_pointer"": 4035895680}"
challenge-ep2/d88202-bb-e,5,23,"{""base_type"": 2, ""set_flags"": 0, ""runtime_index"": 43015, ""file_offset"": 49124, ""floor_field"": 4, ""entity_id_field"": 60487, ""group"": 0, ""room"": 1, ""unknown_a3"": 0, ""position"": [0.0, 3.499969482421875, -5.0], ""angles"": [0, 11008, 0], ""params"": [1.0, 1.0, 1.0, 0, 0, 0], ""unused_pointer"": 1084940672}"
challenge-ep2/d88202-bb-e,5,27,"{""base_type"": 2, ""set_flags"": 0, ""runtime_index"": 43271, ""file_offset"": 49396, ""floor_field"": 4, ""entity_id_field"": 64071, ""group"": 0, ""room"": 2, ""unknown_a3"": 0, ""position"": [0.0, 3.499969482421875, -5.0], ""angles"": [0, 10752, 0], ""params"": [1.0, 1.0, 1.0, 0, 0, 0], ""unused_pointer"": 1353703808}"
challenge-ep2/d88202-bb-e,5,34,"{""base_type"": 2, ""set_flags"": 0, ""runtime_index"": 32520, ""file_offset"": 49872, ""floor_field"": 3, ""entity_id_field"": 1096, ""group"": 0, ""room"": 4, ""unknown_a3"": 0, ""position"": [0.0, 3.499969482421875, 0.0], ""angles"": [0, -32768, 0], ""params"": [1.0, 1.0, 1.0, 0, 0, 1], ""unused_pointer"": 2427838848}"
challenge-ep2/d88202-bb-e,15,0,"{""base_type"": 2, ""set_flags"": 0, ""runtime_index"": 64003, ""file_offset"": 66700, ""floor_field"": 15, ""entity_id_field"": 26184, ""group"": 1, ""room"": 1, ""unknown_a3"": 0, ""position"": [-170.0, 2.0, -90.0], ""angles"": [0, 0, 0], ""params"": [1.0, 1.0, 1.0, 0, 0, 1], ""unused_pointer"": 2698309248}"
challenge-ep2/d88202-bb-j,1,35,"{""base_type"": 2, ""set_flags"": 0, ""runtime_index"": 43271, ""file_offset"": 5132, ""floor_field"": 18, ""entity_id_field"": 50504, ""group"": 0, ""room"": 4, ""unknown_a3"": 0, ""position"": [0.0, 3.499969482421875, -5.0], ""angles"": [0, 12288, 0], ""params"": [1.0, 1.0, 1.0, 0, 0, 0], ""unused_pointer"": 2967593344}"
challenge-ep2/d88202-bb-j,1,39,"{""base_type"": 2, ""set_flags"": 0, ""runtime_index"": 43271, ""file_offset"": 5404, ""floor_field"": 18, ""entity_id_field"": 53832, ""group"": 0, ""room"": 5, ""unknown_a3"": 0, ""position"": [0.0, 3.499969482421875, -5.0], ""angles"": [0, 12288, 0], ""params"": [1.0, 1.0, 1.0, 0, 0, 0], ""unused_pointer"": 552001920}"
challenge-ep2/d88202-bb-j,1,41,"{""base_type"": 2, ""set_flags"": 0, ""runtime_index"": 32520, ""file_offset"": 5540, ""floor_field"": 3, ""entity_id_field"": 15434, ""group"": 0, ""room"": 6, ""unknown_a3"": 0, ""position"": [0.0, 3.499969482421875, 0.0], ""angles"": [0, -32768, 0], ""params"": [1.0, 1.0, 1.0, 0, 0, 1], ""unused_pointer"": 2963792256}"
challenge-ep2/d88202-bb-j,2,38,"{""base_type"": 2, ""set_flags"": 0, ""runtime_index"": 32520, ""file_offset"": 18000, ""floor_field"": 3, ""entity_id_field"": 42567, ""group"": 0, ""room"": 6, ""unknown_a3"": 0, ""position"": [0.0, 3.499969482421875, 0.0], ""angles"": [0, -32768, 0], ""params"": [1.0, 1.0, 1.0, 0, 0, 1], ""unused_pointer"": 278716800}"
challenge-ep2/d88202-bb-j,3,1,"{""base_type"": 2, ""set_flags"": 0, ""runtime_index"": 16129, ""file_offset"": 21688, ""floor_field"": 3, ""entity_id_field"": 58184, ""group"": 0, ""room"": 1, ""unknown_a3"": 0, ""position"": [-0.00048828125, 3.5, -5.0], ""angles"": [0, 10753, 0], ""params"": [1.0, 1.0, 1.0, 4, 0, 1], ""unused_pointer"": 12312960}"
challenge-ep2/d88202-bb-j,3,36,"{""base_type"": 2, ""set_flags"": 0, ""runtime_index"": 18177, ""file_offset"": 24068, ""floor_field"": 1, ""entity_id_field"": 47688, ""group"": 0, ""room"": 2, ""unknown_a3"": 0, ""position"": [0.0, 3.499969482421875, -5.0], ""angles"": [0, 10752, 0], ""params"": [1.0, 1.0, 1.0, 0, 0, 0], ""unused_pointer"": 2430525824}"
challenge-ep2/d88202-bb-j,3,39,"{""base_type"": 2, ""set_flags"": 0, ""runtime_index"": 18177, ""file_offset"": 24272, ""floor_field"": 1, ""entity_id_field"": 45640, ""group"": 0, ""room"": 3, ""unknown_a3"": 0, ""position"": [0.0, 3.499969482421875, -5.0], ""angles"": [0, 10752, 0], ""params"": [1.0, 1.0, 1.0, 0, 0, 0], ""unused_pointer"": 2694177152}"
challenge-ep2/d88202-bb-j,3,45,"{""base_type"": 2, ""set_flags"": 0, ""runtime_index"": 18177, ""file_offset"": 24680, ""floor_field"": 1, ""entity_id_field"": 38984, ""group"": 0, ""room"": 5, ""unknown_a3"": 0, ""position"": [0.0, 3.499969482421875, -5.0], ""angles"": [0, 10752, 0], ""params"": [1.0, 1.0, 1.0, 0, 0, 0], ""unused_pointer"": 1084088704}"
challenge-ep2/d88202-bb-j,3,48,"{""base_type"": 2, ""set_flags"": 0, ""runtime_index"": 18177, ""file_offset"": 24884, ""floor_field"": 1, ""entity_id_field"": 43848, ""group"": 0, ""room"": 6, ""unknown_a3"": 0, ""position"": [0.0, 3.499969482421875, -5.0], ""angles"": [0, 10752, 0], ""params"": [1.0, 1.0, 1.0, 0, 0, 0], ""unused_pointer"": 3504136576}"
challenge-ep2/d88202-bb-j,4,29,"{""base_type"": 2, ""set_flags"": 0, ""runtime_index"": 23048, ""file_offset"": 36120, ""floor_field"": 4, ""entity_id_field"": 42056, ""group"": 0, ""room"": 1, ""unknown_a3"": 0, ""position"": [0.0, 3.499969482421875, -5.0], ""angles"": [0, 10496, 0], ""params"": [1.0, 1.0, 1.0, 0, 0, 0], ""unused_pointer"": 1894703488}"
challenge-ep2/d88202-bb-j,4,31,"{""base_type"": 2, ""set_flags"": 0, ""runtime_index"": 32520, ""file_offset"": 36256, ""floor_field"": 3, ""entity_id_field"": 47688, ""group"": 0, ""room"": 2, ""unknown_a3"": 0, ""position"": [0.0, 3.499969482421875, 0.0], ""angles"": [0, -32768, 0], ""params"": [1.0, 1.0, 1.0, 0, 0, 1], ""unused_pointer"": 821092736}"
challenge-ep2/d88202-bb-j,4,35,"{""base_type"": 2, ""set_flags"": 0, ""runtime_index"": 23304, ""file_offset"": 36528, ""floor_field"": 4, ""entity_id_field"": 45128, ""group"": 0, ""room"": 3, ""unknown_a3"": 0, ""position"": [0.0, 3.499969482421875, -5.0], ""angles"": [0, 10496, 0], ""params"": [1.0, 1.0, 1.0, 0, 0, 0], ""unused_pointer"": 4035895680}"
challenge-ep2/d88202-bb-j,5,23,"{""base_type"": 2, ""set_flags"": 0, ""runtime_index"": 43015, ""file_offset"": 49124, ""floor_field"": 4, ""entity_id_field"": 60487, ""group"": 0, ""room"": 1, ""unknown_a3"": 0, ""position"": [0.0, 3.499969482421875, -5.0], ""angles"": [0, 11008, 0], ""params"": [1.0, 1.0, 1.0, 0, 0, 0], ""unused_pointer"": 1084940672}"
challenge-ep2/d88202-bb-j,5,27,"{""base_type"": 2, ""set_flags"": 0, ""runtime_index"": 43271, ""file_offset"": 49396, ""floor_field"": 4, ""entity_id_field"": 64071, ""group"": 0, ""room"": 2, ""unknown_a3"": 0, ""position"": [0.0, 3.499969482421875, -5.0], ""angles"": [0, 10752, 0], ""params"": [1.0, 1.0, 1.0, 0, 0, 0], ""unused_pointer"": 1353703808}"
challenge-ep2/d88202-bb-j,5,34,"{""base_type"": 2, ""set_flags"": 0, ""runtime_index"": 32520, ""file_offset"": 49872, ""floor_field"": 3, ""entity_id_field"": 1096, ""group"": 0, ""room"": 4, ""unknown_a3"": 0, ""position"": [0.0, 3.499969482421875, 0.0], ""angles"": [0, -32768, 0], ""params"": [1.0, 1.0, 1.0, 0, 0, 1], ""unused_pointer"": 2427838848}"
challenge-ep2/d88202-bb-j,15,0,"{""base_type"": 2, ""set_flags"": 0, ""runtime_index"": 64003, ""file_offset"": 66700, ""floor_field"": 15, ""entity_id_field"": 26184, ""group"": 1, ""room"": 1, ""unknown_a3"": 0, ""position"": [-170.0, 2.0, -90.0], ""angles"": [0, 0, 0], ""params"": [1.0, 1.0, 1.0, 0, 0, 1], ""unused_pointer"": 2698309248}"
events-ep1/q28-bb-e,1,3,"{""base_type"": 2, ""set_flags"": 0, ""runtime_index"": 1976, ""file_offset"": 3908, ""floor_field"": 1, ""entity_id_field"": 17946, ""group"": 0, ""room"": 2, ""unknown_a3"": 0, ""position"": [-105.00408935546875, 13.00041389465332, 139.00360107421875], ""angles"": [0, 0, 0], ""params"": [1.0, 1.0, 1.0, 2, 0, 1], ""unused_pointer"": 2365246768}"
events-ep1/q28-bb-e,1,115,"{""base_type"": 2, ""set_flags"": 2, ""runtime_index"": 90, ""file_offset"": 11524, ""floor_field"": 1, ""entity_id_field"": 65535, ""group"": 0, ""room"": 16, ""unknown_a3"": 0, ""position"": [94.0750732421875, 4.69917106628418, 27.906158447265625], ""angles"": [0, 0, 0], ""params"": [1.0, 1.0, 1.0, 0, 0, 0], ""unused_pointer"": 2365316864}"
events-ep1/q28-bb-e,1,128,"{""base_type"": 2, ""set_flags"": 2, ""runtime_index"": 90, ""file_offset"": 12408, ""floor_field"": 1, ""entity_id_field"": 18237, ""group"": 0, ""room"": 16, ""unknown_a3"": 0, ""position"": [94.0750732421875, 4.69917106628418, 27.906158447265625], ""angles"": [0, 0, 0], ""params"": [1.0, 1.0, 1.0, 0, 0, 0], ""unused_pointer"": 2365288784}"
events-ep1/q28-bb-e,2,0,"{""base_type"": 2, ""set_flags"": 2, ""runtime_index"": 126, ""file_offset"": 13648, ""floor_field"": 2, ""entity_id_field"": 18354, ""group"": 0, ""room"": 1, ""unknown_a3"": 0, ""position"": [-105.65203857421875, 76.0923843383789, -107.3563232421875], ""angles"": [0, 0, 0], ""params"": [1.0, 1.0, 1.0, 1, 0, 0], ""unused_pointer"": 2365205312}"
events-ep1/q28-bb-j,1,3,"{""base_type"": 2, ""set_flags"": 0, ""runtime_index"": 1976, ""file_offset"": 3908, ""floor_field"": 1, ""entity_id_field"": 17946, ""group"": 0, ""room"": 2, ""unknown_a3"": 0, ""position"": [-105.00408935546875, 13.00041389465332, 139.00360107421875], ""angles"": [0, 0, 0], ""params"": [1.0, 1.0, 1.0, 2, 0, 1], ""unused_pointer"": 2365246768}"
events-ep1/q28-bb-j,1,115,"{""base_type"": 2, ""set_flags"": 2, ""runtime_index"": 90, ""file_offset"": 11524, ""floor_field"": 1, ""entity_id_field"": 65535, ""group"": 0, ""room"": 16, ""unknown_a3"": 0, ""position"": [94.0750732421875, 4.69917106628418, 27.906158447265625], ""angles"": [0, 0, 0], ""params"": [1.0, 1.0, 1.0, 0, 0, 0], ""unused_pointer"": 2365316864}"
events-ep1/q28-bb-j,1,128,"{""base_type"": 2, ""set_flags"": 2, ""runtime_index"": 90, ""file_offset"": 12408, ""floor_field"": 1, ""entity_id_field"": 18237, ""group"": 0, ""room"": 16, ""unknown_a3"": 0, ""position"": [94.0750732421875, 4.69917106628418, 27.906158447265625], ""angles"": [0, 0, 0], ""params"": [1.0, 1.0, 1.0, 0, 0, 0], ""unused_pointer"": 2365288784}"
events-ep1/q28-bb-j,2,0,"{""base_type"": 2, ""set_flags"": 2, ""runtime_index"": 126, ""file_offset"": 13648, ""floor_field"": 2, ""entity_id_field"": 18354, ""group"": 0, ""room"": 1, ""unknown_a3"": 0, ""position"": [-105.65203857421875, 76.0923843383789, -107.3563232421875], ""angles"": [0, 0, 0], ""params"": [1.0, 1.0, 1.0, 1, 0, 0], ""unused_pointer"": 2365205312}"
events-ep1/q66-bb-e,7,14,"{""base_type"": 2, ""set_flags"": 0, ""runtime_index"": 0, ""file_offset"": 2276, ""floor_field"": 0, ""entity_id_field"": 0, ""group"": 0, ""room"": 90, ""unknown_a3"": 0, ""position"": [15.0, 10.0, 90.0], ""angles"": [0, 16384, 0], ""params"": [0.0, 0.0, 0.0, 0, 0, 0], ""unused_pointer"": 0}"
events-ep1/q66-bb-e,7,15,"{""base_type"": 2, ""set_flags"": 0, ""runtime_index"": 0, ""file_offset"": 2344, ""floor_field"": 0, ""entity_id_field"": 0, ""group"": 1, ""room"": 90, ""unknown_a3"": 0, ""position"": [-15.0, 10.0, -90.0], ""angles"": [0, 49152, 0], ""params"": [0.0, 0.0, 0.0, 9, 0, 1], ""unused_pointer"": 0}"
events-ep1/q66-bb-e,14,0,"{""base_type"": 2, ""set_flags"": 0, ""runtime_index"": 50951, ""file_offset"": 25460, ""floor_field"": 14, ""entity_id_field"": 72, ""group"": 2, ""room"": 0, ""unknown_a3"": 0, ""position"": [175.10382080078125, 16.0, -228.26663208007812], ""angles"": [0, -32768, 0], ""params"": [1.0, 1.0, 1.0, 8, 0, 1], ""unused_pointer"": 1087696512}"
events-ep1/q66-bb-e,14,6,"{""base_type"": 2, ""set_flags"": 0, ""runtime_index"": 50439, ""file_offset"": 25868, ""floor_field"": 14, ""entity_id_field"": 62023, ""group"": 1, ""room"": 1, ""unknown_a3"": 0, ""position"": [-9.46013069152832, 0.0, 2.265357732772827], ""angles"": [0, -32768, 0], ""params"": [1.0, 1.0, 1.0, 0, 0, 1], ""unused_pointer"": 3224891264}"
events-ep1/q66-bb-e,14,16,"{""base_type"": 2, ""set_flags"": 0, ""runtime_index"": 50695, ""file_offset"": 26548, ""floor_field"": 14, ""entity_id_field"": 63047, ""group"": 1, ""room"": 2, ""unknown_a3"": 0, ""position"": [189.099609375, 0.0, 76.38999938964844], ""angles"": [0, -32768, 0], ""params"": [1.0, 1.0, 1.0, 0, 0, 1], ""unused_pointer"": 2163863168}"
events-ep1/q66-bb-e,14,34,"{""base_type"": 2, ""set_flags"": 0, ""runtime_index"": 0, ""file_offset"": 27772, ""floor_field"": 0, ""entity_id_field"": 0, ""group"": 1, ""room"": 0, ""unknown_a3"": 0, ""position"": [20.0, 5.0, -220.0], ""angles"": [0, 0, 0], ""params"": [0.0, 0.0, 0.0, 0, 0, 1], ""unused_pointer"": 0}"
events-ep1/q66-bb-j,7,14,"{""base_type"": 2, ""set_flags"": 0, ""runtime_index"": 0, ""file_offset"": 2276, ""floor_field"": 0, ""entity_id_field"": 0, ""group"": 0, ""room"": 90, ""unknown_a3"": 0, ""position"": [15.0, 10.0, 90.0], ""angles"": [0, 16384, 0], ""params"": [0.0, 0.0, 0.0, 0, 0, 0], ""unused_pointer"": 0}"
events-ep1/q66-bb-j,7,15,"{""base_type"": 2, ""set_flags"": 0, ""runtime_index"": 0, ""file_offset"": 2344, ""floor_field"": 0, ""entity_id_field"": 0, ""group"": 1, ""room"": 90, ""unknown_a3"": 0, ""position"": [-15.0, 10.0, -90.0], ""angles"": [0, 49152, 0], ""params"": [0.0, 0.0, 0.0, 9, 0, 1], ""unused_pointer"": 0}"
events-ep1/q66-bb-j,14,0,"{""base_type"": 2, ""set_flags"": 0, ""runtime_index"": 50951, ""file_offset"": 25460, ""floor_field"": 14, ""entity_id_field"": 72, ""group"": 2, ""room"": 0, ""unknown_a3"": 0, ""position"": [175.10382080078125, 16.0, -228.26663208007812], ""angles"": [0, -32768, 0], ""params"": [1.0, 1.0, 1.0, 8, 0, 1], ""unused_pointer"": 1087696512}"
events-ep1/q66-bb-j,14,6,"{""base_type"": 2, ""set_flags"": 0, ""runtime_index"": 50439, ""file_offset"": 25868, ""floor_field"": 14, ""entity_id_field"": 62023, ""group"": 1, ""room"": 1, ""unknown_a3"": 0, ""position"": [-9.46013069152832, 0.0, 2.265357732772827], ""angles"": [0, -32768, 0], ""params"": [1.0, 1.0, 1.0, 0, 0, 1], ""unused_pointer"": 3224891264}"
events-ep1/q66-bb-j,14,16,"{""base_type"": 2, ""set_flags"": 0, ""runtime_index"": 50695, ""file_offset"": 26548, ""floor_field"": 14, ""entity_id_field"": 63047, ""group"": 1, ""room"": 2, ""unknown_a3"": 0, ""position"": [189.099609375, 0.0, 76.38999938964844], ""angles"": [0, -32768, 0], ""params"": [1.0, 1.0, 1.0, 0, 0, 1], ""unused_pointer"": 2163863168}"
events-ep1/q66-bb-j,14,34,"{""base_type"": 2, ""set_flags"": 0, ""runtime_index"": 0, ""file_offset"": 27772, ""floor_field"": 0, ""entity_id_field"": 0, ""group"": 1, ""room"": 0, ""unknown_a3"": 0, ""position"": [20.0, 5.0, -220.0], ""angles"": [0, 0, 0], ""params"": [0.0, 0.0, 0.0, 0, 0, 1], ""unused_pointer"": 0}"
events-ep1/q070-bb-e,1,73,"{""base_type"": 2, ""set_flags"": 0, ""runtime_index"": 1959, ""file_offset"": 8532, ""floor_field"": 1, ""entity_id_field"": 18558, ""group"": 0, ""room"": 7, ""unknown_a3"": 0, ""position"": [-32.758888244628906, -2.6548027992248535, 129.58285522460938], ""angles"": [80, 0, 768], ""params"": [0.0, 0.0, 0.0, 0, 0, 0], ""unused_pointer"": 2365169280}"
events-ep1/q070-bb-e,1,81,"{""base_type"": 2, ""set_flags"": 0, ""runtime_index"": 1985, ""file_offset"": 9076, ""floor_field"": 1, ""entity_id_field"": 18537, ""group"": 0, ""room"": 8, ""unknown_a3"": 0, ""position"": [54.204833984375, 34.0305061340332, 196.20970153808594], ""angles"": [0, 9728, 0], ""params"": [1.000000238418579, 1.0000001192092896, 1.000000238418579, 4, 0, 1], ""unused_pointer"": 2365139888}"
events-ep1/q070-bb-e,4,15,"{""base_type"": 2, ""set_flags"": 0, ""runtime_index"": 2029, ""file_offset"": 13716, ""floor_field"": 4, ""entity_id_field"": 19357, ""group"": 0, ""room"": 7, ""unknown_a3"": 0, ""position"": [0.0, 0.0, 0.0], ""angles"": [0, -32768, 0], ""params"": [1.000000238418579, 1.000000238418579, 1.000000238418579, 6, 0, 1], ""unused_pointer"": 2365167408}"
events-ep1/q070-bb-e,4,52,"{""base_type"": 2, ""set_flags"": 0, ""runtime_index"": 1951, ""file_offset"": 16232, ""floor_field"": 4, ""entity_id_field"": 18512, ""group"": 0, ""room"": 12, ""unknown_a3"": 0, ""position"": [0.0, 0.0, 0.0], ""angles"": [0, 10752, 0], ""params"": [1.0, 1.0, 1.0, 1, 0, 0], ""unused_pointer"": 2365331264}"
events-ep1/q070-bb-e,6,22,"{""base_type"": 2, ""set_flags"": 0, ""runtime_index"": 1934, ""file_offset"": 27332, ""floor_field"": 6, ""entity_id_field"": 18584, ""group"": 0, ""room"": 1, ""unknown_a3"": 0, ""position"": [9.999999974752427e-07, 0.0, 40.0], ""angles"": [0, -43776, 0], ""params"": [1.0, 1.0, 1.0, 4, 0, 0], ""unused_pointer"": 2365167424}"
events-ep1/q070-bb-e,6,37,"{""base_type"": 2, ""set_flags"": 0, ""runtime_index"": 1942, ""file_offset"": 28352, ""floor_field"": 6, ""entity_id_field"": 18607, ""group"": 0, ""room"": 8, ""unknown_a3"": 0, ""position"": [3.0517578125e-05, 0.0, 40.000091552734375], ""angles"": [0, -43776, 0], ""params"": [1.0, 1.0, 1.0, 0, 0, 1], ""unused_pointer"": 2365171456}"
events-ep1/q070-bb-j,1,73,"{""base_type"": 2, ""set_flags"": 0, ""runtime_index"": 1959, ""file_offset"": 8532, ""floor_field"": 1, ""entity_id_field"": 18558, ""group"": 0, ""room"": 7, ""unknown_a3"": 0, ""position"": [-32.758888244628906, -2.6548027992248535, 129.58285522460938], ""angles"": [80, 0, 768], ""params"": [0.0, 0.0, 0.0, 0, 0, 0], ""unused_pointer"": 2365169280}"
events-ep1/q070-bb-j,1,81,"{""base_type"": 2, ""set_flags"": 0, ""runtime_index"": 1985, ""file_offset"": 9076, ""floor_field"": 1, ""entity_id_field"": 18537, ""group"": 0, ""room"": 8, ""unknown_a3"": 0, ""position"": [54.204833984375, 34.0305061340332, 196.20970153808594], ""angles"": [0, 9728, 0], ""params"": [1.000000238418579, 1.0000001192092896, 1.000000238418579, 4, 0, 1], ""unused_pointer"": 2365139888}"
events-ep1/q070-bb-j,4,15,"{""base_type"": 2, ""set_flags"": 0, ""runtime_index"": 2029, ""file_offset"": 13716, ""floor_field"": 4, ""entity_id_field"": 19357, ""group"": 0, ""room"": 7, ""unknown_a3"": 0, ""position"": [0.0, 0.0, 0.0], ""angles"": [0, -32768, 0], ""params"": [1.000000238418579, 1.000000238418579, 1.000000238418579, 6, 0, 1], ""unused_pointer"": 2365167408}"
events-ep1/q070-bb-j,4,52,"{""base_type"": 2, ""set_flags"": 0, ""runtime_index"": 1951, ""file_offset"": 16232, ""floor_field"": 4, ""entity_id_field"": 18512, ""group"": 0, ""room"": 12, ""unknown_a3"": 0, ""position"": [0.0, 0.0, 0.0], ""angles"": [0, 10752, 0], ""params"": [1.0, 1.0, 1.0, 1, 0, 0], ""unused_pointer"": 2365331264}"
events-ep1/q070-bb-j,6,22,"{""base_type"": 2, ""set_flags"": 0, ""runtime_index"": 1934, ""file_offset"": 27332, ""floor_field"": 6, ""entity_id_field"": 18584, ""group"": 0, ""room"": 1, ""unknown_a3"": 0, ""position"": [9.999999974752427e-07, 0.0, 40.0], ""angles"": [0, -43776, 0], ""params"": [1.0, 1.0, 1.0, 4, 0, 0], ""unused_pointer"": 2365167424}"
events-ep1/q070-bb-j,6,37,"{""base_type"": 2, ""set_flags"": 0, ""runtime_index"": 1942, ""file_offset"": 28352, ""floor_field"": 6, ""entity_id_field"": 18607, ""group"": 0, ""room"": 8, ""unknown_a3"": 0, ""position"": [3.0517578125e-05, 0.0, 40.000091552734375], ""angles"": [0, -43776, 0], ""params"": [1.0, 1.0, 1.0, 0, 0, 1], ""unused_pointer"": 2365171456}"
events-ep1/q71-bb-e,1,13,"{""base_type"": 2, ""set_flags"": 0, ""runtime_index"": 1472, ""file_offset"": 3160, ""floor_field"": 1, ""entity_id_field"": 17864, ""group"": 0, ""room"": 4, ""unknown_a3"": 0, ""position"": [55.27099609375, 1.5585541725158691, -91.37347412109375], ""angles"": [0, 0, 0], ""params"": [1.000000238418579, 1.0000001192092896, 1.000000238418579, 2, 0, 1], ""unused_pointer"": 2365214256}"
events-ep1/q71-bb-e,1,79,"{""base_type"": 2, ""set_flags"": 2, ""runtime_index"": 90, ""file_offset"": 7648, ""floor_field"": 1, ""entity_id_field"": 65535, ""group"": 0, ""room"": 16, ""unknown_a3"": 0, ""position"": [94.0750732421875, 4.69917106628418, 27.906158447265625], ""angles"": [0, 0, 0], ""params"": [1.0, 1.0, 1.0, 0, 0, 0], ""unused_pointer"": 2365316864}"
events-ep1/q71-bb-e,2,0,"{""base_type"": 2, ""set_flags"": 2, ""runtime_index"": 126, ""file_offset"": 9296, ""floor_field"": 2, ""entity_id_field"": 18354, ""group"": 0, ""room"": 1, ""unknown_a3"": 0, ""position"": [-105.65203857421875, 76.0923843383789, -107.3563232421875], ""angles"": [0, 0, 0], ""params"": [1.0, 1.0, 1.0, 1, 0, 0], ""unused_pointer"": 2365205312}"
events-ep1/q71-bb-e,11,0,"{""base_type"": 2, ""set_flags"": 0, ""runtime_index"": 1717, ""file_offset"": 18832, ""floor_field"": 11, ""entity_id_field"": 18123, ""group"": 1, ""room"": 1, ""unknown_a3"": 0, ""position"": [-237.16607666015625, 0.0, -42.48076248168945], ""angles"": [0, 32768, 0], ""params"": [120.00006103515625, 1.0, 1.0, 0, 0, 1], ""unused_pointer"": 2365208528}"
events-ep1/q71-bb-j,1,13,"{""base_type"": 2, ""set_flags"": 0, ""runtime_index"": 1472, ""file_offset"": 3160, ""floor_field"": 1, ""entity_id_field"": 17864, ""group"": 0, ""room"": 4, ""unknown_a3"": 0, ""position"": [55.27099609375, 1.5585541725158691, -91.37347412109375], ""angles"": [0, 0, 0], ""params"": [1.000000238418579, 1.0000001192092896, 1.000000238418579, 2, 0, 1], ""unused_pointer"": 2365214256}"
events-ep1/q71-bb-j,1,79,"{""base_type"": 2, ""set_flags"": 2, ""runtime_index"": 90, ""file_offset"": 7648, ""floor_field"": 1, ""entity_id_field"": 65535, ""group"": 0, ""room"": 16, ""unknown_a3"": 0, ""position"": [94.0750732421875, 4.69917106628418, 27.906158447265625], ""angles"": [0, 0, 0], ""params"": [1.0, 1.0, 1.0, 0, 0, 0], ""unused_pointer"": 2365316864}"
events-ep1/q71-bb-j,2,0,"{""base_type"": 2, ""set_flags"": 2, ""runtime_index"": 126, ""file_offset"": 9296, ""floor_field"": 2, ""entity_id_field"": 18354, ""group"": 0, ""room"": 1, ""unknown_a3"": 0, ""position"": [-105.65203857421875, 76.0923843383789, -107.3563232421875], ""angles"": [0, 0, 0], ""params"": [1.0, 1.0, 1.0, 1, 0, 0], ""unused_pointer"": 2365205312}"
events-ep1/q71-bb-j,11,0,"{""base_type"": 2, ""set_flags"": 0, ""runtime_index"": 1717, ""file_offset"": 18832, ""floor_field"": 11, ""entity_id_field"": 18123, ""group"": 1, ""room"": 1, ""unknown_a3"": 0, ""position"": [-237.16607666015625, 0.0, -42.48076248168945], ""angles"": [0, 32768, 0], ""params"": [120.00006103515625, 1.0, 1.0, 0, 0, 1], ""unused_pointer"": 2365208528}"
events-ep1/q073-bb-e,1,50,"{""base_type"": 2, ""set_flags"": 2, ""runtime_index"": 1958, ""file_offset"": 5200, ""floor_field"": 1, ""entity_id_field"": 18188, ""group"": 0, ""room"": 8, ""unknown_a3"": 0, ""position"": [-0.000335693359375, 24.99869728088379, -102.99868774414062], ""angles"": [0, 4096, 0], ""params"": [1.0, 1.0, 1.0, 5, 0, 1], ""unused_pointer"": 2365275920}"
events-ep1/q073-bb-e,1,57,"{""base_type"": 2, ""set_flags"": 0, ""runtime_index"": 1963, ""file_offset"": 5676, ""floor_field"": 1, ""entity_id_field"": 18467, ""group"": 0, ""room"": 10, ""unknown_a3"": 0, ""position"": [149.0806884765625, 21.895780563354492, -143.55178833007812], ""angles"": [0, 2304, 0], ""params"": [1.0, 1.0, 1.0, 0, 0, 0], ""unused_pointer"": 2365271920}"
events-ep1/q073-bb-e,5,17,"{""base_type"": 2, ""set_flags"": 0, ""runtime_index"": 2008, ""file_offset"": 9228, ""floor_field"": 5, ""entity_id_field"": 18830, ""group"": 0, ""room"": 33, ""unknown_a3"": 0, ""position"": [0.0, 0.0, 90.0], ""angles"": [0, 0, 0], ""params"": [1.0, 1.0, 1.0, 1, 0, 0], ""unused_pointer"": 2365305840}"
events-ep1/q073-bb-j,1,50,"{""base_type"": 2, ""set_flags"": 2, ""runtime_index"": 1958, ""file_offset"": 5200, ""floor_field"": 1, ""entity_id_field"": 18188, ""group"": 0, ""room"": 8, ""unknown_a3"": 0, ""position"": [-0.000335693359375, 24.99869728088379, -102.99868774414062], ""angles"": [0, 4096, 0], ""params"": [1.0, 1.0, 1.0, 5, 0, 1], ""unused_pointer"": 2365275920}"
events-ep1/q073-bb-j,1,57,"{""base_type"": 2, ""set_flags"": 0, ""runtime_index"": 1963, ""file_offset"": 5676, ""floor_field"": 1, ""entity_id_field"": 18467, ""group"": 0, ""room"": 10, ""unknown_a3"": 0, ""position"": [149.0806884765625, 21.895780563354492, -143.55178833007812], ""angles"": [0, 2304, 0], ""params"": [1.0, 1.0, 1.0, 0, 0, 0], ""unused_pointer"": 2365271920}"
events-ep1/q073-bb-j,5,17,"{""base_type"": 2, ""set_flags"": 0, ""runtime_index"": 2008, ""file_offset"": 9228, ""floor_field"": 5, ""entity_id_field"": 18830, ""group"": 0, ""room"": 33, ""unknown_a3"": 0, ""position"": [0.0, 0.0, 90.0], ""angles"": [0, 0, 0], ""params"": [1.0, 1.0, 1.0, 1, 0, 0], ""unused_pointer"": 2365305840}"
events-ep1/q80-bb-e,2,0,"{""base_type"": 2, ""set_flags"": 2, ""runtime_index"": 126, ""file_offset"": 2208, ""floor_field"": 2, ""entity_id_field"": 18354, ""group"": 0, ""room"": 1, ""unknown_a3"": 0, ""position"": [-105.65203857421875, 76.0923843383789, -107.3563232421875], ""angles"": [0, 0, 0], ""params"": [0.0, 1.0, 1.0, 0, 0, 0], ""unused_pointer"": 2365205312}"
events-ep1/q80-bb-e,5,30,"{""base_type"": 2, ""set_flags"": 0, ""runtime_index"": 1289, ""file_offset"": 13444, ""floor_field"": 5, ""entity_id_field"": 49735, ""group"": 0, ""room"": 12, ""unknown_a3"": 0, ""position"": [-3.0517578125e-05, 0.0, 50.0], ""angles"": [0, 0, 0], ""params"": [1.0, 1.0, 1.0, 0, 0, 0], ""unused_pointer"": 3230264704}"
events-ep1/q80-bb-e,7,17,"{""base_type"": 2, ""set_flags"": 2, ""runtime_index"": 871, ""file_offset"": 23456, ""floor_field"": 7, ""entity_id_field"": 65535, ""group"": 0, ""room"": 1, ""unknown_a3"": 0, ""position"": [0.0, 0.0, 39.99993896484375], ""angles"": [0, -43776, 0], ""params"": [1.0, 1.0, 1.0, 0, 0, 0], ""unused_pointer"": 2365225200}"
events-ep1/q80-bb-e,11,17,"{""base_type"": 2, ""set_flags"": 0, ""runtime_index"": 1985, ""file_offset"": 52676, ""floor_field"": 11, ""entity_id_field"": 18399, ""group"": 1, ""room"": 1, ""unknown_a3"": 0, ""position"": [150.0000762939453, 0.0, -150.0000762939453], ""angles"": [0, 4096, 0], ""params"": [1.0, 1.0, 1.0, 5, 0, 1], ""unused_pointer"": 2365212736}"
events-ep1/q80-bb-e,12,0,"{""base_type"": 2, ""set_flags"": 0, ""runtime_index"": 1717, ""file_offset"": 53100, ""floor_field"": 12, ""entity_id_field"": 51015, ""group"": 1, ""room"": 1, ""unknown_a3"": 0, ""position"": [55.4045524597168, 2.000000476837158, 57.55470275878906], ""angles"": [0, 0, 0], ""params"": [1.0, 1.0, 1.0, 7, 0, 1], ""unused_pointer"": 3232948352}"
events-ep1/q80-bb-e,13,1,"{""base_type"": 2, ""set_flags"": 0, ""runtime_index"": 1546, ""file_offset"": 54272, ""floor_field"": 13, ""entity_id_field"": 18370, ""group"": 2, ""room"": 0, ""unknown_a3"": 0, ""position"": [41.469364166259766, 1.0, 5044.3427734375], ""angles"": [0, 0, 0], ""params"": [1.0, 1.0, 1.0, 0, 0, 1], ""unused_pointer"": 2365208240}"
events-ep1/q80-bb-e,13,28,"{""base_type"": 2, ""set_flags"": 0, ""runtime_index"": 1960, ""file_offset"": 56108, ""floor_field"": 13, ""entity_id_field"": 18565, ""group"": 1, ""room"": 0, ""unknown_a3"": 0, ""position"": [0.0, 0.0, -4920.0], ""angles"": [0, 0, 0], ""params"": [1.0, 1.0, 1.0, 8, 0, 1], ""unused_pointer"": 2365279760}"
events-ep1/q80-bb-e,14,5,"{""base_type"": 2, ""set_flags"": 0, ""runtime_index"": 1770, ""file_offset"": 56600, ""floor_field"": 14, ""entity_id_field"": 18494, ""group"": 1, ""room"": 1, ""unknown_a3"": 0, ""position"": [-9.46013069152832, 0.0, 2.265357732772827], ""angles"": [0, 0, 0], ""params"": [1.0, 1.0, 1.0, 0, 0, 1], ""unused_pointer"": 2365212480}"
events-ep1/q80-bb-e,14,16,"{""base_type"": 2, ""set_flags"": 0, ""runtime_index"": 1960, ""file_offset"": 57348, ""floor_field"": 14, ""entity_id_field"": 18511, ""group"": 1, ""room"": 1, ""unknown_a3"": 0, ""position"": [-9860.001953125, 5.0, 0.0], ""angles"": [0, 0, 0], ""params"": [1.0, 1.0, 1.0, 0, 0, 1], ""unused_pointer"": 2365253328}"
events-ep1/q80-bb-e,14,17,"{""base_type"": 2, ""set_flags"": 0, ""runtime_index"": 1774, ""file_offset"": 57416, ""floor_field"": 14, ""entity_id_field"": 18513, ""group"": 1, ""room"": 2, ""unknown_a3"": 0, ""position"": [189.095703125, 0.0, 76.38676452636719], ""angles"": [0, 0, 0], ""params"": [1.0, 1.0, 1.0, 0, 0, 1], ""unused_pointer"": 2365212480}"
events-ep1/q80-bb-e,14,34,"{""base_type"": 2, ""set_flags"": 0, ""runtime_index"": 1961, ""file_offset"": 58572, ""floor_field"": 14, ""entity_id_field"": 18533, ""group"": 1, ""room"": 2, ""unknown_a3"": 0, ""position"": [-19860.00390625, 5.000000953674316, 0.0], ""angles"": [0, 0, 0], ""params"": [1.0, 1.0, 1.0, 0, 0, 1], ""unused_pointer"": 2365257232}"
events-ep1/q80-bb-j,2,0,"{""base_type"": 2, ""set_flags"": 2, ""runtime_index"": 126, ""file_offset"": 2208, ""floor_field"": 2, ""entity_id_field"": 18354, ""group"": 0, ""room"": 1, ""unknown_a3"": 0, ""position"": [-105.65203857421875, 76.0923843383789, -107.3563232421875], ""angles"": [0, 0, 0], ""params"": [0.0, 1.0, 1.0, 0, 0, 0], ""unused_pointer"": 2365205312}"
events-ep1/q80-bb-j,5,30,"{""base_type"": 2, ""set_flags"": 0, ""runtime_index"": 1289, ""file_offset"": 13444, ""floor_field"": 5, ""entity_id_field"": 49735, ""group"": 0, ""room"": 12, ""unknown_a3"": 0, ""position"": [-3.0517578125e-05, 0.0, 50.0], ""angles"": [0, 0, 0], ""params"": [1.0, 1.0, 1.0, 0, 0, 0], ""unused_pointer"": 3230264704}"
events-ep1/q80-bb-j,7,17,"{""base_type"": 2, ""set_flags"": 2, ""runtime_index"": 871, ""file_offset"": 23456, ""floor_field"": 7, ""entity_id_field"": 65535, ""group"": 0, ""room"": 1, ""unknown_a3"": 0, ""position"": [0.0, 0.0, 39.99993896484375], ""angles"": [0, -43776, 0], ""params"": [1.0, 1.0, 1.0, 0, 0, 0], ""unused_pointer"": 2365225200}"
events-ep1/q80-bb-j,11,17,"{""base_type"": 2, ""set_flags"": 0, ""runtime_index"": 1985, ""file_offset"": 52676, ""floor_field"": 11, ""entity_id_field"": 18399, ""group"": 1, ""room"": 1, ""unknown_a3"": 0, ""position"": [150.0000762939453, 0.0, -150.0000762939453], ""angles"": [0, 4096, 0], ""params"": [1.0, 1.0, 1.0, 5, 0, 1], ""unused_pointer"": 2365212736}"
events-ep1/q80-bb-j,12,0,"{""base_type"": 2, ""set_flags"": 0, ""runtime_index"": 1717, ""file_offset"": 53100, ""floor_field"": 12, ""entity_id_field"": 51015, ""group"": 1, ""room"": 1, ""unknown_a3"": 0, ""position"": [55.4045524597168, 2.000000476837158, 57.55470275878906], ""angles"": [0, 0, 0], ""params"": [1.0, 1.0, 1.0, 7, 0, 1], ""unused_pointer"": 3232948352}"
events-ep1/q80-bb-j,13,1,"{""base_type"": 2, ""set_flags"": 0, ""runtime_index"": 1546, ""file_offset"": 54272, ""floor_field"": 13, ""entity_id_field"": 18370, ""group"": 2, ""room"": 0, ""unknown_a3"": 0, ""position"": [41.469364166259766, 1.0, 5044.3427734375], ""angles"": [0, 0, 0], ""params"": [1.0, 1.0, 1.0, 0, 0, 1], ""unused_pointer"": 2365208240}"
events-ep1/q80-bb-j,13,28,"{""base_type"": 2, ""set_flags"": 0, ""runtime_index"": 1960, ""file_offset"": 56108, ""floor_field"": 13, ""entity_id_field"": 18565, ""group"": 1, ""room"": 0, ""unknown_a3"": 0, ""position"": [0.0, 0.0, -4920.0], ""angles"": [0, 0, 0], ""params"": [1.0, 1.0, 1.0, 8, 0, 1], ""unused_pointer"": 2365279760}"
events-ep1/q80-bb-j,14,5,"{""base_type"": 2, ""set_flags"": 0, ""runtime_index"": 1770, ""file_offset"": 56600, ""floor_field"": 14, ""entity_id_field"": 18494, ""group"": 1, ""room"": 1, ""unknown_a3"": 0, ""position"": [-9.46013069152832, 0.0, 2.265357732772827], ""angles"": [0, 0, 0], ""params"": [1.0, 1.0, 1.0, 0, 0, 1], ""unused_pointer"": 2365212480}"
events-ep1/q80-bb-j,14,16,"{""base_type"": 2, ""set_flags"": 0, ""runtime_index"": 1960, ""file_offset"": 57348, ""floor_field"": 14, ""entity_id_field"": 18511, ""group"": 1, ""room"": 1, ""unknown_a3"": 0, ""position"": [-9860.001953125, 5.0, 0.0], ""angles"": [0, 0, 0], ""params"": [1.0, 1.0, 1.0, 0, 0, 1], ""unused_pointer"": 2365253328}"
events-ep1/q80-bb-j,14,17,"{""base_type"": 2, ""set_flags"": 0, ""runtime_index"": 1774, ""file_offset"": 57416, ""floor_field"": 14, ""entity_id_field"": 18513, ""group"": 1, ""room"": 2, ""unknown_a3"": 0, ""position"": [189.095703125, 0.0, 76.38676452636719], ""angles"": [0, 0, 0], ""params"": [1.0, 1.0, 1.0, 0, 0, 1], ""unused_pointer"": 2365212480}"
events-ep1/q80-bb-j,14,34,"{""base_type"": 2, ""set_flags"": 0, ""runtime_index"": 1961, ""file_offset"": 58572, ""floor_field"": 14, ""entity_id_field"": 18533, ""group"": 1, ""room"": 2, ""unknown_a3"": 0, ""position"": [-19860.00390625, 5.000000953674316, 0.0], ""angles"": [0, 0, 0], ""params"": [1.0, 1.0, 1.0, 0, 0, 1], ""unused_pointer"": 2365257232}"
events-ep1/q93-bb-e,1,46,"{""base_type"": 2, ""set_flags"": 2, ""runtime_index"": 77, ""file_offset"": 4996, ""floor_field"": 1, ""entity_id_field"": 18926, ""group"": 0, ""room"": 8, ""unknown_a3"": 0, ""position"": [54.204833984375, 33.66023635864258, 196.20970153808594], ""angles"": [0, 9728, 0], ""params"": [1.000000238418579, 1.0000001192092896, 1.000000238418579, 0, 0, 0], ""unused_pointer"": 2365205168}"
events-ep1/q93-bb-e,1,52,"{""base_type"": 2, ""set_flags"": 2, ""runtime_index"": 77, ""file_offset"": 5404, ""floor_field"": 1, ""entity_id_field"": 18610, ""group"": 0, ""room"": 8, ""unknown_a3"": 0, ""position"": [54.204833984375, 33.66023635864258, 196.20970153808594], ""angles"": [0, 9728, 0], ""params"": [1.000000238418579, 1.0000001192092896, 1.000000238418579, 0, 0, 0], ""unused_pointer"": 2365220128}"
events-ep1/q93-bb-j,1,46,"{""base_type"": 2, ""set_flags"": 2, ""runtime_index"": 77, ""file_offset"": 4996, ""floor_field"": 1, ""entity_id_field"": 18926, ""group"": 0, ""room"": 8, ""unknown_a3"": 0, ""position"": [54.204833984375, 33.66023635864258, 196.20970153808594], ""angles"": [0, 9728, 0], ""params"": [1.000000238418579, 1.0000001192092896, 1.000000238418579, 0, 0, 0], ""unused_pointer"": 2365205168}"
events-ep1/q93-bb-j,1,52,"{""base_type"": 2, ""set_flags"": 2, ""runtime_index"": 77, ""file_offset"": 5404, ""floor_field"": 1, ""entity_id_field"": 18610, ""group"": 0, ""room"": 8, ""unknown_a3"": 0, ""position"": [54.204833984375, 33.66023635864258, 196.20970153808594], ""angles"": [0, 9728, 0], ""params"": [1.000000238418579, 1.0000001192092896, 1.000000238418579, 0, 0, 0], ""unused_pointer"": 2365220128}"
events-ep1/q112-bb-e,3,33,"{""base_type"": 2, ""set_flags"": 0, ""runtime_index"": 1579, ""file_offset"": 4520, ""floor_field"": 3, ""entity_id_field"": 55879, ""group"": 0, ""room"": 2, ""unknown_a3"": 0, ""position"": [-1.8189894035458565e-12, 0.0, 45.0], ""angles"": [0, -43776, 0], ""params"": [1.0, 1.0, 1.0, 0, 0, 0], ""unused_pointer"": 2693197184}"
events-ep1/q112-bb-e,3,39,"{""base_type"": 2, ""set_flags"": 0, ""runtime_index"": 1555, ""file_offset"": 4928, ""floor_field"": 3, ""entity_id_field"": 57671, ""group"": 0, ""room"": 4, ""unknown_a3"": 0, ""position"": [0.0, 0.0, 35.0], ""angles"": [0, -43776, 0], ""params"": [1.0, 1.0, 1.0, 4, 0, 1], ""unused_pointer"": 277802368}"
events-ep1/q112-bb-e,4,8,"{""base_type"": 2, ""set_flags"": 0, ""runtime_index"": 1311, ""file_offset"": 14532, ""floor_field"": 4, ""entity_id_field"": 45639, ""group"": 0, ""room"": 4, ""unknown_a3"": 0, ""position"": [10.0, 0.0, -44.0], ""angles"": [0, -31488, 0], ""params"": [1.0, 1.0, 1.0, 5, 0, 1], ""unused_pointer"": 1887759744}"
events-ep1/q112-bb-e,4,48,"{""base_type"": 2, ""set_flags"": 0, ""runtime_index"": 1298, ""file_offset"": 17252, ""floor_field"": 4, ""entity_id_field"": 56391, ""group"": 0, ""room"": 7, ""unknown_a3"": 0, ""position"": [10.0, 0.0, -44.0], ""angles"": [0, -31488, 0], ""params"": [1.0, 1.0, 1.0, 3, 0, 0], ""unused_pointer"": 2964647296}"
events-ep1/q112-bb-e,5,35,"{""base_type"": 2, ""set_flags"": 0, ""runtime_index"": 1289, ""file_offset"": 27672, ""floor_field"": 5, ""entity_id_field"": 49735, ""group"": 0, ""room"": 12, ""unknown_a3"": 0, ""position"": [-3.0517578125e-05, 0.0, 50.0], ""angles"": [0, 0, 0], ""params"": [1.0, 1.0, 1.0, 4, 0, 0], ""unused_pointer"": 3230264704}"
events-ep1/q112-bb-e,12,0,"{""base_type"": 2, ""set_flags"": 0, ""runtime_index"": 1717, ""file_offset"": 38704, ""floor_field"": 12, ""entity_id_field"": 51015, ""group"": 1, ""room"": 1, ""unknown_a3"": 0, ""position"": [55.4045524597168, 2.000000476837158, 57.55470275878906], ""angles"": [0, 0, 0], ""params"": [1.0, 1.0, 1.0, 0, 0, 1], ""unused_pointer"": 3232948352}"
events-ep1/q112-bb-j,3,33,"{""base_type"": 2, ""set_flags"": 0, ""runtime_index"": 1579, ""file_offset"": 6192, ""floor_field"": 3, ""entity_id_field"": 55879, ""group"": 0, ""room"": 2, ""unknown_a3"": 0, ""position"": [-1.8189894035458565e-12, 0.0, 45.0], ""angles"": [0, -43776, 0], ""params"": [1.0, 1.0, 1.0, 0, 0, 0], ""unused_pointer"": 2693197184}"
events-ep1/q112-bb-j,3,39,"{""base_type"": 2, ""set_flags"": 0, ""runtime_index"": 1555, ""file_offset"": 6600, ""floor_field"": 3, ""entity_id_field"": 57671, ""group"": 0, ""room"": 4, ""unknown_a3"": 0, ""position"": [0.0, 0.0, 35.0], ""angles"": [0, -43776, 0], ""params"": [1.0, 1.0, 1.0, 4, 0, 1], ""unused_pointer"": 277802368}"
events-ep1/q112-bb-j,4,8,"{""base_type"": 2, ""set_flags"": 0, ""runtime_index"": 1311, ""file_offset"": 30900, ""floor_field"": 4, ""entity_id_field"": 45639, ""group"": 0, ""room"": 4, ""unknown_a3"": 0, ""position"": [10.0, 0.0, -44.0], ""angles"": [0, -31488, 0], ""params"": [1.0, 1.0, 1.0, 5, 0, 1], ""unused_pointer"": 1887759744}"
events-ep1/q112-bb-j,4,48,"{""base_type"": 2, ""set_flags"": 0, ""runtime_index"": 1298, ""file_offset"": 33620, ""floor_field"": 4, ""entity_id_field"": 56391, ""group"": 0, ""room"": 7, ""unknown_a3"": 0, ""position"": [10.0, 0.0, -44.0], ""angles"": [0, -31488, 0], ""params"": [1.0, 1.0, 1.0, 3, 0, 0], ""unused_pointer"": 2964647296}"
events-ep1/q112-bb-j,5,35,"{""base_type"": 2, ""set_flags"": 0, ""runtime_index"": 1289, ""file_offset"": 57104, ""floor_field"": 5, ""entity_id_field"": 49735, ""group"": 0, ""room"": 12, ""unknown_a3"": 0, ""position"": [-3.0517578125e-05, 0.0, 50.0], ""angles"": [0, 0, 0], ""params"": [1.0, 1.0, 1.0, 4, 0, 0], ""unused_pointer"": 3230264704}"
events-ep1/q112-bb-j,12,0,"{""base_type"": 2, ""set_flags"": 0, ""runtime_index"": 1717, ""file_offset"": 76464, ""floor_field"": 12, ""entity_id_field"": 51015, ""group"": 1, ""room"": 1, ""unknown_a3"": 0, ""position"": [55.4045524597168, 2.000000476837158, 57.55470275878906], ""angles"": [0, 0, 0], ""params"": [1.0, 1.0, 1.0, 0, 0, 1], ""unused_pointer"": 3232948352}"
events-ep1/q113-bb-e,4,0,"{""base_type"": 2, ""set_flags"": 0, ""runtime_index"": 1311, ""file_offset"": 1800, ""floor_field"": 4, ""entity_id_field"": 65535, ""group"": 0, ""room"": 1, ""unknown_a3"": 0, ""position"": [10.0, 0.0, -44.00001907348633], ""angles"": [0, -31488, 0], ""params"": [1.0, 1.0, 1.0, 5, 0, 1], ""unused_pointer"": 0}"
events-ep1/q113-bb-e,4,27,"{""base_type"": 2, ""set_flags"": 0, ""runtime_index"": 1298, ""file_offset"": 3636, ""floor_field"": 4, ""entity_id_field"": 65535, ""group"": 0, ""room"": 4, ""unknown_a3"": 0, ""position"": [10.0, 0.0, -44.0], ""angles"": [0, -31488, 0], ""params"": [1.0, 1.0, 1.0, 0, 0, 0], ""unused_pointer"": 0}"
events-ep1/q113-bb-e,6,16,"{""base_type"": 2, ""set_flags"": 2, ""runtime_index"": 709, ""file_offset"": 25292, ""floor_field"": 6, ""entity_id_field"": 17093, ""group"": 0, ""room"": 1, ""unknown_a3"": 0, ""position"": [0.0, 0.0, 40.0], ""angles"": [0, -43776, 0], ""params"": [1.0, 1.0, 1.0, 0, 0, 0], ""unused_pointer"": 2365209136}"
events-ep1/q113-bb-e,6,153,"{""base_type"": 2, ""set_flags"": 0, ""runtime_index"": 0, ""file_offset"": 34608, ""floor_field"": 0, ""entity_id_field"": 0, ""group"": 0, ""room"": 7, ""unknown_a3"": 0, ""position"": [-4.004062652587891, 0.0, 16.484371185302734], ""angles"": [0, 0, 0], ""params"": [1.0, 1.0, 1.0, 7, 0, 0], ""unused_pointer"": 0}"
events-ep1/q113-bb-e,7,19,"{""base_type"": 2, ""set_flags"": 2, ""runtime_index"": 871, ""file_offset"": 36392, ""floor_field"": 7, ""entity_id_field"": 65535, ""group"": 0, ""room"": 41, ""unknown_a3"": 0, ""position"": [-10.648385047912598, 0.0, -16.32682228088379], ""angles"": [0, -43776, 0], ""params"": [1.0, 1.0, 1.0, 6, 0, 0], ""unused_pointer"": 2365225200}"
events-ep1/q113-bb-e,12,0,"{""base_type"": 2, ""set_flags"": 512, ""runtime_index"": 34304, ""file_offset"": 72192, ""floor_field"": 5, ""entity_id_field"": 34368, ""group"": 1, ""room"": 1, ""unknown_a3"": 0, ""position"": [55.39999771118164, 2.0, 57.55470275878906], ""angles"": [0, 1, 0], ""params"": [1.0, 1.0, 1.0, 9, 0, 1], ""unused_pointer"": 0}"
events-ep1/q113-bb-e,13,1,"{""base_type"": 2, ""set_flags"": 0, ""runtime_index"": 1546, ""file_offset"": 73364, ""floor_field"": 13, ""entity_id_field"": 18370, ""group"": 2, ""room"": 0, ""unknown_a3"": 0, ""position"": [41.469364166259766, 1.0, 5044.3427734375], ""angles"": [0, 0, 0], ""params"": [1.0, 1.0, 1.0, 0, 0, 1], ""unused_pointer"": 2365208240}"
events-ep1/q113-bb-e,13,28,"{""base_type"": 2, ""set_flags"": 0, ""runtime_index"": 2033, ""file_offset"": 75200, ""floor_field"": 13, ""entity_id_field"": 18421, ""group"": 1, ""room"": 0, ""unknown_a3"": 0, ""position"": [-6.0723137855529785, 0.0, -4929.04638671875], ""angles"": [0, 0, 0], ""params"": [1.0, 1.0, 1.0, 9, 0, 1], ""unused_pointer"": 0}"
events-ep1/q113-bb-j,4,0,"{""base_type"": 2, ""set_flags"": 0, ""runtime_index"": 1311, ""file_offset"": 1800, ""floor_field"": 4, ""entity_id_field"": 65535, ""group"": 0, ""room"": 1, ""unknown_a3"": 0, ""position"": [10.0, 0.0, -44.00001907348633], ""angles"": [0, -31488, 0], ""params"": [1.0, 1.0, 1.0, 5, 0, 1], ""unused_pointer"": 0}"
events-ep1/q113-bb-j,4,27,"{""base_type"": 2, ""set_flags"": 0, ""runtime_index"": 1298, ""file_offset"": 3636, ""floor_field"": 4, ""entity_id_field"": 65535, ""group"": 0, ""room"": 4, ""unknown_a3"": 0, ""position"": [10.0, 0.0, -44.0], ""angles"": [0, -31488, 0], ""params"": [1.0, 1.0, 1.0, 0, 0, 0], ""unused_pointer"": 0}"
events-ep1/q113-bb-j,6,16,"{""base_type"": 2, ""set_flags"": 2, ""runtime_index"": 709, ""file_offset"": 25292, ""floor_field"": 6, ""entity_id_field"": 17093, ""group"": 0, ""room"": 1, ""unknown_a3"": 0, ""position"": [0.0, 0.0, 40.0], ""angles"": [0, -43776, 0], ""params"": [1.0, 1.0, 1.0, 0, 0, 0], ""unused_pointer"": 2365209136}"
events-ep1/q113-bb-j,6,153,"{""base_type"": 2, ""set_flags"": 0, ""runtime_index"": 0, ""file_offset"": 34608, ""floor_field"": 0, ""entity_id_field"": 0, ""group"": 0, ""room"": 7, ""unknown_a3"": 0, ""position"": [-4.004062652587891, 0.0, 16.484371185302734], ""angles"": [0, 0, 0], ""params"": [1.0, 1.0, 1.0, 7, 0, 0], ""unused_pointer"": 0}"
events-ep1/q113-bb-j,7,19,"{""base_type"": 2, ""set_flags"": 2, ""runtime_index"": 871, ""file_offset"": 36392, ""floor_field"": 7, ""entity_id_field"": 65535, ""group"": 0, ""room"": 41, ""unknown_a3"": 0, ""position"": [-10.648385047912598, 0.0, -16.32682228088379], ""angles"": [0, -43776, 0], ""params"": [1.0, 1.0, 1.0, 6, 0, 0], ""unused_pointer"": 2365225200}"
events-ep1/q113-bb-j,12,0,"{""base_type"": 2, ""set_flags"": 512, ""runtime_index"": 34304, ""file_offset"": 72192, ""floor_field"": 5, ""entity_id_field"": 34368, ""group"": 1, ""room"": 1, ""unknown_a3"": 0, ""position"": [55.39999771118164, 2.0, 57.55470275878906], ""angles"": [0, 1, 0], ""params"": [1.0, 1.0, 1.0, 9, 0, 1], ""unused_pointer"": 0}"
events-ep1/q113-bb-j,13,1,"{""base_type"": 2, ""set_flags"": 0, ""runtime_index"": 1546, ""file_offset"": 73364, ""floor_field"": 13, ""entity_id_field"": 18370, ""group"": 2, ""room"": 0, ""unknown_a3"": 0, ""position"": [41.469364166259766, 1.0, 5044.3427734375], ""angles"": [0, 0, 0], ""params"": [1.0, 1.0, 1.0, 0, 0, 1], ""unused_pointer"": 2365208240}"
events-ep1/q113-bb-j,13,28,"{""base_type"": 2, ""set_flags"": 0, ""runtime_index"": 2033, ""file_offset"": 75200, ""floor_field"": 13, ""entity_id_field"": 18421, ""group"": 1, ""room"": 0, ""unknown_a3"": 0, ""position"": [-6.0723137855529785, 0.0, -4929.04638671875], ""angles"": [0, 0, 0], ""params"": [1.0, 1.0, 1.0, 9, 0, 1], ""unused_pointer"": 0}"
events-ep1/q127-bb-e,1,16,"{""base_type"": 2, ""set_flags"": 0, ""runtime_index"": 91, ""file_offset"": 2888, ""floor_field"": 1, ""entity_id_field"": 18504, ""group"": 0, ""room"": 8, ""unknown_a3"": 0, ""position"": [84.40997314453125, 40.874691009521484, 76.11341094970703], ""angles"": [0, 0, 0], ""params"": [1.0, 1.0, 1.0, 0, 0, 1], ""unused_pointer"": 25699168}"
events-ep1/q127-bb-e,1,24,"{""base_type"": 2, ""set_flags"": 2, ""runtime_index"": 50, ""file_offset"": 3432, ""floor_field"": 1, ""entity_id_field"": 16434, ""group"": 0, ""room"": 16, ""unknown_a3"": 0, ""position"": [100.989990234375, 3.7997727394104004, 45.79998779296875], ""angles"": [0, 4096, 0], ""params"": [1.0, 1.0, 1.0, 0, 0, 0], ""unused_pointer"": 77952512}"
events-ep1/q127-bb-e,2,0,"{""base_type"": 2, ""set_flags"": 0, ""runtime_index"": 1991, ""file_offset"": 3584, ""floor_field"": 2, ""entity_id_field"": 18553, ""group"": 0, ""room"": 1, ""unknown_a3"": 0, ""position"": [-47.99456787109375, 75.91033935546875, -109.06927490234375], ""angles"": [0, 12288, 0], ""params"": [1.0, 1.0, 1.0, 0, 0, 0], ""unused_pointer"": 77161072}"
events-ep1/q127-bb-e,2,13,"{""base_type"": 2, ""set_flags"": 0, ""runtime_index"": 76, ""file_offset"": 4468, ""floor_field"": 2, ""entity_id_field"": 18538, ""group"": 0, ""room"": 4, ""unknown_a3"": 0, ""position"": [-210.90017700195312, 56.03400421142578, -99.315673828125], ""angles"": [0, 9472, 0], ""params"": [1.0, 1.0, 1.0, 0, 0, 1], ""unused_pointer"": 77229648}"
events-ep1/q127-bb-j,1,16,"{""base_type"": 2, ""set_flags"": 0, ""runtime_index"": 91, ""file_offset"": 2888, ""floor_field"": 1, ""entity_id_field"": 18504, ""group"": 0, ""room"": 8, ""unknown_a3"": 0, ""position"": [84.40997314453125, 40.874691009521484, 76.11341094970703], ""angles"": [0, 0, 0], ""params"": [1.0, 1.0, 1.0, 0, 0, 1], ""unused_pointer"": 25699168}"
events-ep1/q127-bb-j,1,24,"{""base_type"": 2, ""set_flags"": 2, ""runtime_index"": 50, ""file_offset"": 3432, ""floor_field"": 1, ""entity_id_field"": 16434, ""group"": 0, ""room"": 16, ""unknown_a3"": 0, ""position"": [100.989990234375, 3.7997727394104004, 45.79998779296875], ""angles"": [0, 4096, 0], ""params"": [1.0, 1.0, 1.0, 0, 0, 0], ""unused_pointer"": 77952512}"
events-ep1/q127-bb-j,2,0,"{""base_type"": 2, ""set_flags"": 0, ""runtime_index"": 1991, ""file_offset"": 3584, ""floor_field"": 2, ""entity_id_field"": 18553, ""group"": 0, ""room"": 1, ""unknown_a3"": 0, ""position"": [-47.99456787109375, 75.91033935546875, -109.06927490234375], ""angles"": [0, 12288, 0], ""params"": [1.0, 1.0, 1.0, 0, 0, 0], ""unused_pointer"": 77161072}"
events-ep1/q127-bb-j,2,13,"{""base_type"": 2, ""set_flags"": 0, ""runtime_index"": 76, ""file_offset"": 4468, ""floor_field"": 2, ""entity_id_field"": 18538, ""group"": 0, ""room"": 4, ""unknown_a3"": 0, ""position"": [-210.90017700195312, 56.03400421142578, -99.315673828125], ""angles"": [0, 9472, 0], ""params"": [1.0, 1.0, 1.0, 0, 0, 1], ""unused_pointer"": 77229648}"
events-ep1/q399-bb-e,12,0,"{""base_type"": 2, ""set_flags"": 0, ""runtime_index"": 1717, ""file_offset"": 12404, ""floor_field"": 12, ""entity_id_field"": 51015, ""group"": 1, ""room"": 1, ""unknown_a3"": 0, ""position"": [55.4045524597168, 2.000000476837158, 57.55470275878906], ""angles"": [0, 0, 0], ""params"": [1.0, 1.0, 1.0, 0, 0, 1], ""unused_pointer"": 3232948352}"
events-ep1/q512-bb-e,0,8,"{""base_type"": 2, ""set_flags"": 0, ""runtime_index"": 1958, ""file_offset"": 560, ""floor_field"": 0, ""entity_id_field"": 16392, ""group"": 0, ""room"": 10, ""unknown_a3"": 0, ""position"": [132.00314331054688, 1.0, -265.002197265625], ""angles"": [0, 16128, 0], ""params"": [1.0, 1.0, 1.0, 1, 0, 0], ""unused_pointer"": 119356944}"
events-ep1/q512-bb-e,1,46,"{""base_type"": 2, ""set_flags"": 0, ""runtime_index"": 1960, ""file_offset"": 5064, ""floor_field"": 1, ""entity_id_field"": 19286, ""group"": 0, ""room"": 8, ""unknown_a3"": 0, ""position"": [54.204833984375, 34.0, 196.20970153808594], ""angles"": [0, 9728, 0], ""params"": [1.000000238418579, 1.0000001192092896, 1.000000238418579, 3, 0, 1], ""unused_pointer"": 2365192528}"
events-ep1/q512-bb-e,3,64,"{""base_type"": 2, ""set_flags"": 0, ""runtime_index"": 1966, ""file_offset"": 14328, ""floor_field"": 3, ""entity_id_field"": 18870, ""group"": 0, ""room"": 20, ""unknown_a3"": 0, ""position"": [152.34585571289062, 3.0994415283203125e-05, -1.7744140625], ""angles"": [0, -49152, 0], ""params"": [1.0, 1.0, 1.0, 6, 0, 1], ""unused_pointer"": 2365158096}"
events-ep1/q512-bb-e,6,32,"{""base_type"": 2, ""set_flags"": 0, ""runtime_index"": 1960, ""file_offset"": 26856, ""floor_field"": 6, ""entity_id_field"": 18375, ""group"": 0, ""room"": 7, ""unknown_a3"": 0, ""position"": [0.0, 0.0, 40.0], ""angles"": [0, -43776, 0], ""params"": [1.0, 1.0, 1.0, 8, 0, 1], ""unused_pointer"": 2365139680}"
events-ep1/q1001-bb-e,1,47,"{""base_type"": 2, ""set_flags"": 0, ""runtime_index"": 1119, ""file_offset"": 4996, ""floor_field"": 1, ""entity_id_field"": 65535, ""group"": 0, ""room"": 8, ""unknown_a3"": 0, ""position"": [54.204833984375, 33.66023635864258, 196.20970153808594], ""angles"": [0, 9728, 0], ""params"": [1.000000238418579, 1.0000001192092896, 1.000000238418579, 2, 0, 1], ""unused_pointer"": 2365219664}"
events-ep1/q1001-bb-e,1,79,"{""base_type"": 2, ""set_flags"": 2, ""runtime_index"": 90, ""file_offset"": 7172, ""floor_field"": 1, ""entity_id_field"": 65535, ""group"": 0, ""room"": 16, ""unknown_a3"": 0, ""position"": [94.0750732421875, 4.69917106628418, 27.906158447265625], ""angles"": [0, 0, 0], ""params"": [1.0, 1.0, 1.0, 0, 0, 0], ""unused_pointer"": 2365316864}"
events-ep1/q1001-bb-e,2,0,"{""base_type"": 2, ""set_flags"": 2, ""runtime_index"": 126, ""file_offset"": 8956, ""floor_field"": 2, ""entity_id_field"": 18646, ""group"": 0, ""room"": 1, ""unknown_a3"": 0, ""position"": [-105.65203857421875, 76.0923843383789, -107.3563232421875], ""angles"": [0, 0, 0], ""params"": [1.0, 1.0, 1.0, 1, 0, 0], ""unused_pointer"": 2365163856}"
events-ep1/q1001-bb-e,2,57,"{""base_type"": 2, ""set_flags"": 0, ""runtime_index"": 1959, ""file_offset"": 12832, ""floor_field"": 2, ""entity_id_field"": 18705, ""group"": 0, ""room"": 4, ""unknown_a3"": 0, ""position"": [-193.54351806640625, 56.00138473510742, -67.2916259765625], ""angles"": [0, 43264, 0], ""params"": [1.0, 1.0, 1.0, 0, 0, 1], ""unused_pointer"": 2365189344}"
events-ep1/q1001-bb-j,1,47,"{""base_type"": 2, ""set_flags"": 0, ""runtime_index"": 1119, ""file_offset"": 4996, ""floor_field"": 1, ""entity_id_field"": 65535, ""group"": 0, ""room"": 8, ""unknown_a3"": 0, ""position"": [54.204833984375, 33.66023635864258, 196.20970153808594], ""angles"": [0, 9728, 0], ""params"": [1.000000238418579, 1.0000001192092896, 1.000000238418579, 2, 0, 1], ""unused_pointer"": 2365219664}"
events-ep1/q1001-bb-j,1,79,"{""base_type"": 2, ""set_flags"": 2, ""runtime_index"": 90, ""file_offset"": 7172, ""floor_field"": 1, ""entity_id_field"": 65535, ""group"": 0, ""room"": 16, ""unknown_a3"": 0, ""position"": [94.0750732421875, 4.69917106628418, 27.906158447265625], ""angles"": [0, 0, 0], ""params"": [1.0, 1.0, 1.0, 0, 0, 0], ""unused_pointer"": 2365316864}"
events-ep1/q1001-bb-j,2,0,"{""base_type"": 2, ""set_flags"": 2, ""runtime_index"": 126, ""file_offset"": 8956, ""floor_field"": 2, ""entity_id_field"": 18646, ""group"": 0, ""room"": 1, ""unknown_a3"": 0, ""position"": [-105.65203857421875, 76.0923843383789, -107.3563232421875], ""angles"": [0, 0, 0], ""params"": [1.0, 1.0, 1.0, 1, 0, 0], ""unused_pointer"": 2365163856}"
events-ep1/q1001-bb-j,2,57,"{""base_type"": 2, ""set_flags"": 0, ""runtime_index"": 1959, ""file_offset"": 12832, ""floor_field"": 2, ""entity_id_field"": 18705, ""group"": 0, ""room"": 4, ""unknown_a3"": 0, ""position"": [-193.54351806640625, 56.00138473510742, -67.2916259765625], ""angles"": [0, 43264, 0], ""params"": [1.0, 1.0, 1.0, 0, 0, 1], ""unused_pointer"": 2365189344}"
events-ep1/q1003-bb-e,3,26,"{""base_type"": 2, ""set_flags"": 0, ""runtime_index"": 1579, ""file_offset"": 3704, ""floor_field"": 3, ""entity_id_field"": 18067, ""group"": 0, ""room"": 5, ""unknown_a3"": 0, ""position"": [0.0, 0.0, 45.0], ""angles"": [0, -43776, 0], ""params"": [1.0, 1.0, 1.0, 0, 0, 0], ""unused_pointer"": 2365212096}"
events-ep1/q1003-bb-e,3,67,"{""base_type"": 2, ""set_flags"": 0, ""runtime_index"": 1966, ""file_offset"": 6492, ""floor_field"": 3, ""entity_id_field"": 18870, ""group"": 0, ""room"": 20, ""unknown_a3"": 0, ""position"": [152.34585571289062, 3.0994415283203125e-05, -1.7744140625], ""angles"": [0, -49152, 0], ""params"": [1.0, 1.0, 1.0, 0, 0, 1], ""unused_pointer"": 2365158096}"
events-ep2/q56-bb-e,1,16,"{""base_type"": 2, ""set_flags"": 0, ""runtime_index"": 32000, ""file_offset"": 4112, ""floor_field"": 3, ""entity_id_field"": 18580, ""group"": 0, ""room"": 1, ""unknown_a3"": 0, ""position"": [0.0, -2.0, -30.0], ""angles"": [0, 32768, 0], ""params"": [1.0, 1.0, 1.0, 0, 0, 0], ""unused_pointer"": 77507328}"
events-ep2/q56-bb-e,3,91,"{""base_type"": 2, ""set_flags"": 0, ""runtime_index"": 1943, ""file_offset"": 17200, ""floor_field"": 3, ""entity_id_field"": 18677, ""group"": 0, ""room"": 3, ""unknown_a3"": 0, ""position"": [0.320068359375, 3.499969482421875, -0.5899658203125], ""angles"": [0, 0, 0], ""params"": [1.0, 1.0, 1.0, 0, 0, 0], ""unused_pointer"": 77544096}"
events-ep2/q56-bb-e,3,92,"{""base_type"": 2, ""set_flags"": 0, ""runtime_index"": 1944, ""file_offset"": 17268, ""floor_field"": 3, ""entity_id_field"": 18679, ""group"": 0, ""room"": 5, ""unknown_a3"": 0, ""position"": [0.7247314453125, 3.499969482421875, -0.43212890625], ""angles"": [0, -49152, 0], ""params"": [1.0, 1.0, 1.0, 0, 0, 0], ""unused_pointer"": 77544544}"
events-ep2/q56-bb-e,15,0,"{""base_type"": 2, ""set_flags"": 0, ""runtime_index"": 2138, ""file_offset"": 17352, ""floor_field"": 15, ""entity_id_field"": 18560, ""group"": 1, ""room"": 1, ""unknown_a3"": 0, ""position"": [-170.0, 2.0, -90.0], ""angles"": [0, 0, 0], ""params"": [1.0, 1.0, 1.0, 9, 0, 1], ""unused_pointer"": 77500224}"
events-ep2/q56-bb-j,1,16,"{""base_type"": 2, ""set_flags"": 0, ""runtime_index"": 32000, ""file_offset"": 4112, ""floor_field"": 3, ""entity_id_field"": 18580, ""group"": 0, ""room"": 1, ""unknown_a3"": 0, ""position"": [0.0, -2.0, -30.0], ""angles"": [0, 32768, 0], ""params"": [1.0, 1.0, 1.0, 0, 0, 0], ""unused_pointer"": 77507328}"
events-ep2/q56-bb-j,3,91,"{""base_type"": 2, ""set_flags"": 0, ""runtime_index"": 1943, ""file_offset"": 17200, ""floor_field"": 3, ""entity_id_field"": 18677, ""group"": 0, ""room"": 3, ""unknown_a3"": 0, ""position"": [0.320068359375, 3.499969482421875, -0.5899658203125], ""angles"": [0, 0, 0], ""params"": [1.0, 1.0, 1.0, 0, 0, 0], ""unused_pointer"": 77544096}"
events-ep2/q56-bb-j,3,92,"{""base_type"": 2, ""set_flags"": 0, ""runtime_index"": 1944, ""file_offset"": 17268, ""floor_field"": 3, ""entity_id_field"": 18679, ""group"": 0, ""room"": 5, ""unknown_a3"": 0, ""position"": [0.7247314453125, 3.499969482421875, -0.43212890625], ""angles"": [0, -49152, 0], ""params"": [1.0, 1.0, 1.0, 0, 0, 0], ""unused_pointer"": 77544544}"
events-ep2/q56-bb-j,15,0,"{""base_type"": 2, ""set_flags"": 0, ""runtime_index"": 2138, ""file_offset"": 17352, ""floor_field"": 15, ""entity_id_field"": 18560, ""group"": 1, ""room"": 1, ""unknown_a3"": 0, ""position"": [-170.0, 2.0, -90.0], ""angles"": [0, 0, 0], ""params"": [1.0, 1.0, 1.0, 9, 0, 1], ""unused_pointer"": 77500224}"
events-ep2/q91-bb-e,0,42,"{""base_type"": 2, ""set_flags"": 512, ""runtime_index"": 10752, ""file_offset"": 2872, ""floor_field"": 0, ""entity_id_field"": 10816, ""group"": 0, ""room"": 70, ""unknown_a3"": 0, ""position"": [-60.0, 0.0, 0.0], ""angles"": [0, 16384, 0], ""params"": [1.0, 1.0, 1.0, 2, 0, 0], ""unused_pointer"": 2420633728}"
events-ep2/q91-bb-e,2,1,"{""base_type"": 2, ""set_flags"": 512, ""runtime_index"": 17152, ""file_offset"": 4588, ""floor_field"": 2, ""entity_id_field"": 17216, ""group"": 0, ""room"": 1, ""unknown_a3"": 0, ""position"": [0.0, -2.0, -10.0], ""angles"": [0, -32768, 0], ""params"": [1.0, 1.0, 1.0, 1, 0, 1], ""unused_pointer"": 1077997440}"
events-ep2/q91-bb-e,2,22,"{""base_type"": 2, ""set_flags"": 512, ""runtime_index"": 22528, ""file_offset"": 6016, ""floor_field"": 2, ""entity_id_field"": 22592, ""group"": 0, ""room"": 2, ""unknown_a3"": 0, ""position"": [0.000152587890625, -2.0, -30.0], ""angles"": [0, 32768, 0], ""params"": [1.0, 1.0, 1.0, 0, 0, 0], ""unused_pointer"": 1090121600}"
events-ep2/q91-bb-e,2,32,"{""base_type"": 2, ""set_flags"": 512, ""runtime_index"": 25088, ""file_offset"": 6696, ""floor_field"": 2, ""entity_id_field"": 25152, ""group"": 0, ""room"": 4, ""unknown_a3"": 0, ""position"": [0.0, -2.0, -10.0], ""angles"": [0, -32768, 0], ""params"": [1.0, 1.0, 1.0, 2, 0, 1], ""unused_pointer"": 1074000000}"
events-ep2/q91-bb-e,2,76,"{""base_type"": 2, ""set_flags"": 512, ""runtime_index"": 36352, ""file_offset"": 9688, ""floor_field"": 2, ""entity_id_field"": 36416, ""group"": 0, ""room"": 80, ""unknown_a3"": 0, ""position"": [-0.0028824806213378906, 0.0, -30.0], ""angles"": [0, 32769, 0], ""params"": [1.0, 1.0, 1.0, 4, 0, 1], ""unused_pointer"": 1081143424}"
events-ep2/q91-bb-e,3,32,"{""base_type"": 2, ""set_flags"": 0, ""runtime_index"": 26120, ""file_offset"": 12356, ""floor_field"": 1, ""entity_id_field"": 62025, ""group"": 0, ""room"": 5, ""unknown_a3"": 0, ""position"": [0.0, -2.0, -10.0], ""angles"": [0, 32768, 0], ""params"": [1.0, 1.0, 1.0, 2, 0, 1], ""unused_pointer"": 2161107584}"
events-ep2/q91-bb-e,3,37,"{""base_type"": 2, ""set_flags"": 0, ""runtime_index"": 45576, ""file_offset"": 12696, ""floor_field"": 1, ""entity_id_field"": 37193, ""group"": 0, ""room"": 6, ""unknown_a3"": 0, ""position"": [-0.003173828125, -2.0, -30.0], ""angles"": [0, -10495, 0], ""params"": [1.0, 1.0, 1.0, 0, 0, 1], ""unused_pointer"": 1346560384}"
events-ep2/q91-bb-e,3,128,"{""base_type"": 2, ""set_flags"": 0, ""runtime_index"": 50697, ""file_offset"": 18884, ""floor_field"": 1, ""entity_id_field"": 42316, ""group"": 0, ""room"": 50, ""unknown_a3"": 0, ""position"": [0.0, 28.5, 360.0], ""angles"": [0, 0, 0], ""params"": [1.0, 1.0, 1.0, 0, 0, 1], ""unused_pointer"": 2953700224}"
events-ep2/q91-bb-e,3,158,"{""base_type"": 2, ""set_flags"": 0, ""runtime_index"": 23816, ""file_offset"": 20924, ""floor_field"": 1, ""entity_id_field"": 16713, ""group"": 0, ""room"": 80, ""unknown_a3"": 0, ""position"": [-6.103515625e-05, 0.0, -30.0], ""angles"": [0, -32768, 0], ""params"": [1.0, 1.0, 1.0, 2, 0, 1], ""unused_pointer"": 4040090240}"
events-ep2/q91-bb-e,4,99,"{""base_type"": 2, ""set_flags"": 0, ""runtime_index"": 24840, ""file_offset"": 29100, ""floor_field"": 2, ""entity_id_field"": 21066, ""group"": 0, ""room"": 80, ""unknown_a3"": 0, ""position"": [-3.0517578125e-05, 0.0, -27.0], ""angles"": [0, 32768, 0], ""params"": [1.0, 1.0, 1.0, 2, 0, 1], ""unused_pointer"": 3233669760}"
events-ep2/q91-bb-e,5,21,"{""base_type"": 2, ""set_flags"": 0, ""runtime_index"": 24072, ""file_offset"": 36800, ""floor_field"": 4, ""entity_id_field"": 49993, ""group"": 0, ""room"": 4, ""unknown_a3"": 0, ""position"": [0.009033203125, 3.5, -10.0], ""angles"": [0, -32768, 0], ""params"": [1.0, 1.0, 1.0, 2, 0, 1], ""unused_pointer"": 3501646464}"
events-ep2/q91-bb-e,7,0,"{""base_type"": 2, ""set_flags"": 0, ""runtime_index"": 64003, ""file_offset"": 46352, ""floor_field"": 15, ""entity_id_field"": 62280, ""group"": 1, ""room"": 1, ""unknown_a3"": 0, ""position"": [-170.0, 2.0, -90.0], ""angles"": [0, 0, 0], ""params"": [1.0, 1.0, 1.0, 0, 0, 1], ""unused_pointer"": 3492799104}"
events-ep2/q91-bb-j,0,42,"{""base_type"": 2, ""set_flags"": 512, ""runtime_index"": 10752, ""file_offset"": 2872, ""floor_field"": 0, ""entity_id_field"": 10816, ""group"": 0, ""room"": 70, ""unknown_a3"": 0, ""position"": [-60.0, 0.0, 0.0], ""angles"": [0, 16384, 0], ""params"": [1.0, 1.0, 1.0, 2, 0, 0], ""unused_pointer"": 2420633728}"
events-ep2/q91-bb-j,2,1,"{""base_type"": 2, ""set_flags"": 512, ""runtime_index"": 17152, ""file_offset"": 4588, ""floor_field"": 2, ""entity_id_field"": 17216, ""group"": 0, ""room"": 1, ""unknown_a3"": 0, ""position"": [0.0, -2.0, -10.0], ""angles"": [0, -32768, 0], ""params"": [1.0, 1.0, 1.0, 1, 0, 1], ""unused_pointer"": 1077997440}"
events-ep2/q91-bb-j,2,22,"{""base_type"": 2, ""set_flags"": 512, ""runtime_index"": 22528, ""file_offset"": 6016, ""floor_field"": 2, ""entity_id_field"": 22592, ""group"": 0, ""room"": 2, ""unknown_a3"": 0, ""position"": [0.000152587890625, -2.0, -30.0], ""angles"": [0, 32768, 0], ""params"": [1.0, 1.0, 1.0, 0, 0, 0], ""unused_pointer"": 1090121600}"
events-ep2/q91-bb-j,2,32,"{""base_type"": 2, ""set_flags"": 512, ""runtime_index"": 25088, ""file_offset"": 6696, ""floor_field"": 2, ""entity_id_field"": 25152, ""group"": 0, ""room"": 4, ""unknown_a3"": 0, ""position"": [0.0, -2.0, -10.0], ""angles"": [0, -32768, 0], ""params"": [1.0, 1.0, 1.0, 2, 0, 1], ""unused_pointer"": 1074000000}"
events-ep2/q91-bb-j,2,76,"{""base_type"": 2, ""set_flags"": 512, ""runtime_index"": 36352, ""file_offset"": 9688, ""floor_field"": 2, ""entity_id_field"": 36416, ""group"": 0, ""room"": 80, ""unknown_a3"": 0, ""position"": [-0.0028824806213378906, 0.0, -30.0], ""angles"": [0, 32769, 0], ""params"": [1.0, 1.0, 1.0, 4, 0, 1], ""unused_pointer"": 1081143424}"
events-ep2/q91-bb-j,3,32,"{""base_type"": 2, ""set_flags"": 0, ""runtime_index"": 26120, ""file_offset"": 12356, ""floor_field"": 1, ""entity_id_field"": 62025, ""group"": 0, ""room"": 5, ""unknown_a3"": 0, ""position"": [0.0, -2.0, -10.0], ""angles"": [0, 32768, 0], ""params"": [1.0, 1.0, 1.0, 2, 0, 1], ""unused_pointer"": 2161107584}"
events-ep2/q91-bb-j,3,37,"{""base_type"": 2, ""set_flags"": 0, ""runtime_index"": 45576, ""file_offset"": 12696, ""floor_field"": 1, ""entity_id_field"": 37193, ""group"": 0, ""room"": 6, ""unknown_a3"": 0, ""position"": [-0.003173828125, -2.0, -30.0], ""angles"": [0, -10495, 0], ""params"": [1.0, 1.0, 1.0, 0, 0, 1], ""unused_pointer"": 1346560384}"
events-ep2/q91-bb-j,3,128,"{""base_type"": 2, ""set_flags"": 0, ""runtime_index"": 50697, ""file_offset"": 18884, ""floor_field"": 1, ""entity_id_field"": 42316, ""group"": 0, ""room"": 50, ""unknown_a3"": 0, ""position"": [0.0, 28.5, 360.0], ""angles"": [0, 0, 0], ""params"": [1.0, 1.0, 1.0, 0, 0, 1], ""unused_pointer"": 2953700224}"
events-ep2/q91-bb-j,3,158,"{""base_type"": 2, ""set_flags"": 0, ""runtime_index"": 23816, ""file_offset"": 20924, ""floor_field"": 1, ""entity_id_field"": 16713, ""group"": 0, ""room"": 80, ""unknown_a3"": 0, ""position"": [-6.103515625e-05, 0.0, -30.0], ""angles"": [0, -32768, 0], ""params"": [1.0, 1.0, 1.0, 2, 0, 1], ""unused_pointer"": 4040090240}"
events-ep2/q91-bb-j,4,99,"{""base_type"": 2, ""set_flags"": 0, ""runtime_index"": 24840, ""file_offset"": 29100, ""floor_field"": 2, ""entity_id_field"": 21066, ""group"": 0, ""room"": 80, ""unknown_a3"": 0, ""position"": [-3.0517578125e-05, 0.0, -27.0], ""angles"": [0, 32768, 0], ""params"": [1.0, 1.0, 1.0, 2, 0, 1], ""unused_pointer"": 3233669760}"
events-ep2/q91-bb-j,5,21,"{""base_type"": 2, ""set_flags"": 0, ""runtime_index"": 24072, ""file_offset"": 36800, ""floor_field"": 4, ""entity_id_field"": 49993, ""group"": 0, ""room"": 4, ""unknown_a3"": 0, ""position"": [0.009033203125, 3.5, -10.0], ""angles"": [0, -32768, 0], ""params"": [1.0, 1.0, 1.0, 2, 0, 1], ""unused_pointer"": 3501646464}"
events-ep2/q91-bb-j,7,0,"{""base_type"": 2, ""set_flags"": 0, ""runtime_index"": 64003, ""file_offset"": 46352, ""floor_field"": 15, ""entity_id_field"": 62280, ""group"": 1, ""room"": 1, ""unknown_a3"": 0, ""position"": [-170.0, 2.0, -90.0], ""angles"": [0, 0, 0], ""params"": [1.0, 1.0, 1.0, 0, 0, 1], ""unused_pointer"": 3492799104}"
events-ep2/q92-bb-e,3,19,"{""base_type"": 2, ""set_flags"": 0, ""runtime_index"": 18177, ""file_offset"": 4316, ""floor_field"": 1, ""entity_id_field"": 12614, ""group"": 0, ""room"": 1, ""unknown_a3"": 0, ""position"": [0.0, 3.499971389770508, -5.0], ""angles"": [0, 10752, 0], ""params"": [1.0, 1.0, 1.0, 0, 0, 0], ""unused_pointer"": 544732032}"
events-ep2/q92-bb-e,3,23,"{""base_type"": 2, ""set_flags"": 512, ""runtime_index"": 57601, ""file_offset"": 4588, ""floor_field"": 3, ""entity_id_field"": 57665, ""group"": 0, ""room"": 2, ""unknown_a3"": 0, ""position"": [0.0, 3.4999656677246094, -5.0], ""angles"": [0, -32768, 0], ""params"": [1.0, 1.0, 1.0, 4, 0, 1], ""unused_pointer"": 1351480192}"
events-ep2/q92-bb-e,3,40,"{""base_type"": 2, ""set_flags"": 512, ""runtime_index"": 63233, ""file_offset"": 5744, ""floor_field"": 3, ""entity_id_field"": 63297, ""group"": 0, ""room"": 7, ""unknown_a3"": 0, ""position"": [-1.52587890625e-05, 3.5, -5.0], ""angles"": [0, -32768, 0], ""params"": [1.0, 1.0, 1.0, 4, 0, 1], ""unused_pointer"": 281146240}"
events-ep2/q92-bb-e,3,44,"{""base_type"": 2, ""set_flags"": 512, ""runtime_index"": 62977, ""file_offset"": 6016, ""floor_field"": 3, ""entity_id_field"": 63041, ""group"": 0, ""room"": 8, ""unknown_a3"": 0, ""position"": [-0.00048078596591949463, 3.5, -5.0], ""angles"": [0, 10753, 0], ""params"": [1.0, 1.0, 1.0, 0, 0, 0], ""unused_pointer"": 3233346432}"
events-ep2/q92-bb-e,4,31,"{""base_type"": 2, ""set_flags"": 0, ""runtime_index"": 15873, ""file_offset"": 18204, ""floor_field"": 4, ""entity_id_field"": 12614, ""group"": 0, ""room"": 5, ""unknown_a3"": 0, ""position"": [0.0, 3.499971389770508, -5.0], ""angles"": [0, 11008, 0], ""params"": [1.0, 1.0, 1.0, 3, 0, 0], ""unused_pointer"": 4035310464}"
events-ep2/q92-bb-e,4,35,"{""base_type"": 2, ""set_flags"": 512, ""runtime_index"": 44290, ""file_offset"": 18476, ""floor_field"": 4, ""entity_id_field"": 44354, ""group"": 0, ""room"": 6, ""unknown_a3"": 0, ""position"": [0.0, 3.499971866607666, -5.0], ""angles"": [0, 11008, 0], ""params"": [1.0, 1.0, 1.0, 3, 0, 0], ""unused_pointer"": 3231511424}"
events-ep2/q92-bb-e,15,0,"{""base_type"": 2, ""set_flags"": 0, ""runtime_index"": 2138, ""file_offset"": 28012, ""floor_field"": 15, ""entity_id_field"": 18560, ""group"": 1, ""room"": 1, ""unknown_a3"": 0, ""position"": [-170.0, 2.0, -90.0], ""angles"": [0, 0, 0], ""params"": [1.0, 1.0, 1.0, 0, 0, 1], ""unused_pointer"": 77500224}"
events-ep2/q92-bb-j,3,19,"{""base_type"": 2, ""set_flags"": 0, ""runtime_index"": 18177, ""file_offset"": 4316, ""floor_field"": 1, ""entity_id_field"": 12614, ""group"": 0, ""room"": 1, ""unknown_a3"": 0, ""position"": [0.0, 3.499971389770508, -5.0], ""angles"": [0, 10752, 0], ""params"": [1.0, 1.0, 1.0, 0, 0, 0], ""unused_pointer"": 544732032}"
events-ep2/q92-bb-j,3,23,"{""base_type"": 2, ""set_flags"": 512, ""runtime_index"": 57601, ""file_offset"": 4588, ""floor_field"": 3, ""entity_id_field"": 57665, ""group"": 0, ""room"": 2, ""unknown_a3"": 0, ""position"": [0.0, 3.4999656677246094, -5.0], ""angles"": [0, -32768, 0], ""params"": [1.0, 1.0, 1.0, 4, 0, 1], ""unused_pointer"": 1351480192}"
events-ep2/q92-bb-j,3,40,"{""base_type"": 2, ""set_flags"": 512, ""runtime_index"": 63233, ""file_offset"": 5744, ""floor_field"": 3, ""entity_id_field"": 63297, ""group"": 0, ""room"": 7, ""unknown_a3"": 0, ""position"": [-1.52587890625e-05, 3.5, -5.0], ""angles"": [0, -32768, 0], ""params"": [1.0, 1.0, 1.0, 4, 0, 1], ""unused_pointer"": 281146240}"
events-ep2/q92-bb-j,3,44,"{""base_type"": 2, ""set_flags"": 512, ""runtime_index"": 62977, ""file_offset"": 6016, ""floor_field"": 3, ""entity_id_field"": 63041, ""group"": 0, ""room"": 8, ""unknown_a3"": 0, ""position"": [-0.00048078596591949463, 3.5, -5.0], ""angles"": [0, 10753, 0], ""params"": [1.0, 1.0, 1.0, 0, 0, 0], ""unused_pointer"": 3233346432}"
events-ep2/q92-bb-j,4,31,"{""base_type"": 2, ""set_flags"": 0, ""runtime_index"": 15873, ""file_offset"": 18204, ""floor_field"": 4, ""entity_id_field"": 12614, ""group"": 0, ""room"": 5, ""unknown_a3"": 0, ""position"": [0.0, 3.499971389770508, -5.0], ""angles"": [0, 11008, 0], ""params"": [1.0, 1.0, 1.0, 3, 0, 0], ""unused_pointer"": 4035310464}"
events-ep2/q92-bb-j,4,35,"{""base_type"": 2, ""set_flags"": 512, ""runtime_index"": 44290, ""file_offset"": 18476, ""floor_field"": 4, ""entity_id_field"": 44354, ""group"": 0, ""room"": 6, ""unknown_a3"": 0, ""position"": [0.0, 3.499971866607666, -5.0], ""angles"": [0, 11008, 0], ""params"": [1.0, 1.0, 1.0, 3, 0, 0], ""unused_pointer"": 3231511424}"
events-ep2/q92-bb-j,15,0,"{""base_type"": 2, ""set_flags"": 0, ""runtime_index"": 2138, ""file_offset"": 28012, ""floor_field"": 15, ""entity_id_field"": 18560, ""group"": 1, ""room"": 1, ""unknown_a3"": 0, ""position"": [-170.0, 2.0, -90.0], ""angles"": [0, 0, 0], ""params"": [1.0, 1.0, 1.0, 0, 0, 1], ""unused_pointer"": 77500224}"
events-ep2/q134-bb-e,1,16,"{""base_type"": 2, ""set_flags"": 0, ""runtime_index"": 32000, ""file_offset"": 4112, ""floor_field"": 3, ""entity_id_field"": 18580, ""group"": 0, ""room"": 1, ""unknown_a3"": 0, ""position"": [0.0, -2.0, -30.0], ""angles"": [0, 32768, 0], ""params"": [1.0, 1.0, 1.0, 0, 0, 0], ""unused_pointer"": 77507328}"
events-ep2/q134-bb-e,1,78,"{""base_type"": 2, ""set_flags"": 0, ""runtime_index"": 32000, ""file_offset"": 8328, ""floor_field"": 3, ""entity_id_field"": 18580, ""group"": 0, ""room"": 2, ""unknown_a3"": 0, ""position"": [3.645415782928467, 0.0, -13.338114738464355], ""angles"": [0, 32768, 0], ""params"": [1.0, 1.0, 1.0, 0, 0, 0], ""unused_pointer"": 77507328}"
events-ep2/q134-bb-j,1,16,"{""base_type"": 2, ""set_flags"": 0, ""runtime_index"": 32000, ""file_offset"": 4112, ""floor_field"": 3, ""entity_id_field"": 18580, ""group"": 0, ""room"": 1, ""unknown_a3"": 0, ""position"": [0.0, -2.0, -30.0], ""angles"": [0, 32768, 0], ""params"": [1.0, 1.0, 1.0, 0, 0, 0], ""unused_pointer"": 77507328}"
events-ep2/q134-bb-j,1,78,"{""base_type"": 2, ""set_flags"": 0, ""runtime_index"": 32000, ""file_offset"": 8328, ""floor_field"": 3, ""entity_id_field"": 18580, ""group"": 0, ""room"": 2, ""unknown_a3"": 0, ""position"": [3.645415782928467, 0.0, -13.338114738464355], ""angles"": [0, 32768, 0], ""params"": [1.0, 1.0, 1.0, 0, 0, 0], ""unused_pointer"": 77507328}"
events-ep2/q251-bb-e,3,86,"{""base_type"": 2, ""set_flags"": 0, ""runtime_index"": 0, ""file_offset"": 8872, ""floor_field"": 0, ""entity_id_field"": 0, ""group"": 0, ""room"": 120, ""unknown_a3"": 0, ""position"": [0.0, 0.0, 0.0], ""angles"": [0, 0, 0], ""params"": [1.0, 1.0, 1.0, 5, 0, 1], ""unused_pointer"": 0}"
events-ep2/q252-bb-e,2,1,"{""base_type"": 2, ""set_flags"": 0, ""runtime_index"": 23304, ""file_offset"": 4672, ""floor_field"": 2, ""entity_id_field"": 62536, ""group"": 0, ""room"": 2, ""unknown_a3"": 0, ""position"": [0.0, -2.0, -20.0], ""angles"": [0, 32768, 0], ""params"": [1.0, 1.0, 1.0, 0, 0, 0], ""unused_pointer"": 3763135104}"
events-ep2/q252-bb-e,2,141,"{""base_type"": 2, ""set_flags"": 0, ""runtime_index"": 0, ""file_offset"": 14192, ""floor_field"": 0, ""entity_id_field"": 0, ""group"": 0, ""room"": 115, ""unknown_a3"": 0, ""position"": [0.0, 0.0, 0.0], ""angles"": [0, 32768, 0], ""params"": [1.0, 1.0, 1.0, 4, 0, 1], ""unused_pointer"": 0}"
events-ep2/q252-bb-e,4,25,"{""base_type"": 2, ""set_flags"": 0, ""runtime_index"": 0, ""file_offset"": 18084, ""floor_field"": 0, ""entity_id_field"": 0, ""group"": 0, ""room"": 2, ""unknown_a3"": 0, ""position"": [0.0, 3.0, 0.0], ""angles"": [0, 0, 0], ""params"": [1.0, 1.0, 1.0, 2, 0, 0], ""unused_pointer"": 0}"
events-ep2/q252-bb-e,4,233,"{""base_type"": 2, ""set_flags"": 0, ""runtime_index"": 0, ""file_offset"": 32228, ""floor_field"": 0, ""entity_id_field"": 0, ""group"": 0, ""room"": 100, ""unknown_a3"": 0, ""position"": [0.0, 0.0, 0.0], ""angles"": [0, 0, 0], ""params"": [1.0, 1.0, 1.0, 1, 0, 1], ""unused_pointer"": 0}"
events-ep2/q486-bb-e,0,42,"{""base_type"": 2, ""set_flags"": 512, ""runtime_index"": 10752, ""file_offset"": 2872, ""floor_field"": 0, ""entity_id_field"": 10816, ""group"": 0, ""room"": 70, ""unknown_a3"": 0, ""position"": [-60.0, 0.0, 0.0], ""angles"": [0, 16384, 0], ""params"": [1.0, 1.0, 1.0, 2, 0, 0], ""unused_pointer"": 2420633728}"
events-ep2/q486-bb-e,2,1,"{""base_type"": 2, ""set_flags"": 512, ""runtime_index"": 17152, ""file_offset"": 4588, ""floor_field"": 2, ""entity_id_field"": 17216, ""group"": 0, ""room"": 1, ""unknown_a3"": 0, ""position"": [0.0, -2.0, -10.0], ""angles"": [0, -32768, 0], ""params"": [1.0, 1.0, 1.0, 1, 0, 1], ""unused_pointer"": 1077997440}"
events-ep2/q486-bb-e,2,22,"{""base_type"": 2, ""set_flags"": 512, ""runtime_index"": 22528, ""file_offset"": 6016, ""floor_field"": 2, ""entity_id_field"": 22592, ""group"": 0, ""room"": 2, ""unknown_a3"": 0, ""position"": [0.000152587890625, -2.0, -30.0], ""angles"": [0, 32768, 0], ""params"": [1.0, 1.0, 1.0, 0, 0, 0], ""unused_pointer"": 1090121600}"
events-ep2/q486-bb-e,2,32,"{""base_type"": 2, ""set_flags"": 512, ""runtime_index"": 25088, ""file_offset"": 6696, ""floor_field"": 2, ""entity_id_field"": 25152, ""group"": 0, ""room"": 4, ""unknown_a3"": 0, ""position"": [0.0, -2.0, -10.0], ""angles"": [0, -32768, 0], ""params"": [1.0, 1.0, 1.0, 2, 0, 1], ""unused_pointer"": 1074000000}"
events-ep2/q486-bb-e,2,76,"{""base_type"": 2, ""set_flags"": 512, ""runtime_index"": 36352, ""file_offset"": 9688, ""floor_field"": 2, ""entity_id_field"": 36416, ""group"": 0, ""room"": 80, ""unknown_a3"": 0, ""position"": [-0.0028824806213378906, 0.0, -30.0], ""angles"": [0, 32769, 0], ""params"": [1.0, 1.0, 1.0, 4, 0, 1], ""unused_pointer"": 1081143424}"
events-ep2/q486-bb-e,3,32,"{""base_type"": 2, ""set_flags"": 0, ""runtime_index"": 26120, ""file_offset"": 12356, ""floor_field"": 1, ""entity_id_field"": 62025, ""group"": 0, ""room"": 5, ""unknown_a3"": 0, ""position"": [0.0, -2.0, -10.0], ""angles"": [0, 32768, 0], ""params"": [1.0, 1.0, 1.0, 2, 0, 1], ""unused_pointer"": 2161107584}"
events-ep2/q486-bb-e,3,37,"{""base_type"": 2, ""set_flags"": 0, ""runtime_index"": 45576, ""file_offset"": 12696, ""floor_field"": 1, ""entity_id_field"": 37193, ""group"": 0, ""room"": 6, ""unknown_a3"": 0, ""position"": [-0.003173828125, -2.0, -30.0], ""angles"": [0, -10495, 0], ""params"": [1.0, 1.0, 1.0, 0, 0, 1], ""unused_pointer"": 1346560384}"
events-ep2/q486-bb-e,3,128,"{""base_type"": 2, ""set_flags"": 0, ""runtime_index"": 50697, ""file_offset"": 18884, ""floor_field"": 1, ""entity_id_field"": 42316, ""group"": 0, ""room"": 50, ""unknown_a3"": 0, ""position"": [0.0, 28.5, 360.0], ""angles"": [0, 0, 0], ""params"": [1.0, 1.0, 1.0, 0, 0, 1], ""unused_pointer"": 2953700224}"
events-ep2/q486-bb-e,3,158,"{""base_type"": 2, ""set_flags"": 0, ""runtime_index"": 23816, ""file_offset"": 20924, ""floor_field"": 1, ""entity_id_field"": 16713, ""group"": 0, ""room"": 80, ""unknown_a3"": 0, ""position"": [-6.103515625e-05, 0.0, -30.0], ""angles"": [0, -32768, 0], ""params"": [1.0, 1.0, 1.0, 2, 0, 1], ""unused_pointer"": 4040090240}"
events-ep2/q486-bb-e,4,99,"{""base_type"": 2, ""set_flags"": 0, ""runtime_index"": 24840, ""file_offset"": 29100, ""floor_field"": 2, ""entity_id_field"": 21066, ""group"": 0, ""room"": 80, ""unknown_a3"": 0, ""position"": [-3.0517578125e-05, 0.0, -27.0], ""angles"": [0, 32768, 0], ""params"": [1.0, 1.0, 1.0, 2, 0, 1], ""unused_pointer"": 3233669760}"
events-ep2/q486-bb-e,5,21,"{""base_type"": 2, ""set_flags"": 0, ""runtime_index"": 24072, ""file_offset"": 36800, ""floor_field"": 4, ""entity_id_field"": 49993, ""group"": 0, ""room"": 4, ""unknown_a3"": 0, ""position"": [0.009033203125, 3.5, -10.0], ""angles"": [0, -32768, 0], ""params"": [1.0, 1.0, 1.0, 2, 0, 1], ""unused_pointer"": 3501646464}"
events-ep2/q486-bb-e,7,0,"{""base_type"": 2, ""set_flags"": 0, ""runtime_index"": 64003, ""file_offset"": 46352, ""floor_field"": 15, ""entity_id_field"": 62280, ""group"": 1, ""room"": 1, ""unknown_a3"": 0, ""position"": [-170.0, 2.0, -90.0], ""angles"": [0, 0, 0], ""params"": [1.0, 1.0, 1.0, 0, 0, 1], ""unused_pointer"": 3492799104}"
events-ep4/q302-bb-e,1,0,"{""base_type"": 2, ""set_flags"": 0, ""runtime_index"": 1480, ""file_offset"": 3704, ""floor_field"": 1, ""entity_id_field"": 18003, ""group"": 0, ""room"": 60, ""unknown_a3"": 0, ""position"": [-32.5908203125, 9.719104766845703, -659.11328125], ""angles"": [0, 56064, 0], ""params"": [1.0, 1.0, 1.0, 8, 0, 1], ""unused_pointer"": 75971248}"
events-ep4/q302-bb-e,1,5,"{""base_type"": 2, ""set_flags"": 0, ""runtime_index"": 1541, ""file_offset"": 4044, ""floor_field"": 1, ""entity_id_field"": 17902, ""group"": 0, ""room"": 60, ""unknown_a3"": 0, ""position"": [300.61962890625, 0.0, 226.55712890625], ""angles"": [0, 33280, 0], ""params"": [1.0, 1.0, 1.0, 0, 0, 0], ""unused_pointer"": 75996624}"
events-ep4/q302-bb-e,8,1,"{""base_type"": 2, ""set_flags"": 0, ""runtime_index"": 1481, ""file_offset"": 5556, ""floor_field"": 8, ""entity_id_field"": 17963, ""group"": 0, ""room"": 30, ""unknown_a3"": 0, ""position"": [-1.495147705078125, 0.30115509033203125, 107.7557373046875], ""angles"": [0, 0, 0], ""params"": [1.0, 1.0, 1.0, 0, 0, 0], ""unused_pointer"": 77238608}"
events-ep4/q302-bb-e,8,26,"{""base_type"": 2, ""set_flags"": 0, ""runtime_index"": 1567, ""file_offset"": 7256, ""floor_field"": 8, ""entity_id_field"": 18418, ""group"": 0, ""room"": 30, ""unknown_a3"": 0, ""position"": [125.07052612304688, 0.46385669708251953, 63.407928466796875], ""angles"": [0, 0, 0], ""params"": [1.0, 1.0, 1.0, 1, 0, 0], ""unused_pointer"": 77261648}"
events-ep4/q302-bb-j,1,0,"{""base_type"": 2, ""set_flags"": 0, ""runtime_index"": 1480, ""file_offset"": 3704, ""floor_field"": 1, ""entity_id_field"": 18003, ""group"": 0, ""room"": 60, ""unknown_a3"": 0, ""position"": [-32.5908203125, 9.719104766845703, -659.11328125], ""angles"": [0, 56064, 0], ""params"": [1.0, 1.0, 1.0, 8, 0, 1], ""unused_pointer"": 75971248}"
events-ep4/q302-bb-j,1,5,"{""base_type"": 2, ""set_flags"": 0, ""runtime_index"": 1541, ""file_offset"": 4044, ""floor_field"": 1, ""entity_id_field"": 17902, ""group"": 0, ""room"": 60, ""unknown_a3"": 0, ""position"": [300.61962890625, 0.0, 226.55712890625], ""angles"": [0, 33280, 0], ""params"": [1.0, 1.0, 1.0, 0, 0, 0], ""unused_pointer"": 75996624}"
events-ep4/q302-bb-j,8,1,"{""base_type"": 2, ""set_flags"": 0, ""runtime_index"": 1481, ""file_offset"": 5556, ""floor_field"": 8, ""entity_id_field"": 17963, ""group"": 0, ""room"": 30, ""unknown_a3"": 0, ""position"": [-1.495147705078125, 0.30115509033203125, 107.7557373046875], ""angles"": [0, 0, 0], ""params"": [1.0, 1.0, 1.0, 0, 0, 0], ""unused_pointer"": 77238608}"
events-ep4/q302-bb-j,8,26,"{""base_type"": 2, ""set_flags"": 0, ""runtime_index"": 1567, ""file_offset"": 7256, ""floor_field"": 8, ""entity_id_field"": 18418, ""group"": 0, ""room"": 30, ""unknown_a3"": 0, ""position"": [125.07052612304688, 0.46385669708251953, 63.407928466796875], ""angles"": [0, 0, 0], ""params"": [1.0, 1.0, 1.0, 1, 0, 0], ""unused_pointer"": 77261648}"
events-ep4/q306-bb-e,1,138,"{""base_type"": 2, ""set_flags"": 0, ""runtime_index"": 1480, ""file_offset"": 9400, ""floor_field"": 1, ""entity_id_field"": 18501, ""group"": 0, ""room"": 30, ""unknown_a3"": 0, ""position"": [142.6630859375, 0.0, -793.0509643554688], ""angles"": [0, 1792, 0], ""params"": [1.0, 1.0, 1.0, 6, 0, 1], ""unused_pointer"": 125738608}"
events-ep4/q306-bb-e,2,94,"{""base_type"": 2, ""set_flags"": 0, ""runtime_index"": 1490, ""file_offset"": 23304, ""floor_field"": 2, ""entity_id_field"": 18077, ""group"": 0, ""room"": 30, ""unknown_a3"": 0, ""position"": [144.25830078125, 0.0, -779.323974609375], ""angles"": [0, 0, 0], ""params"": [1.0, 1.0, 1.0, 6, 0, 1], ""unused_pointer"": 125738720}"
events-ep4/q306-bb-e,6,98,"{""base_type"": 2, ""set_flags"": 0, ""runtime_index"": 1474, ""file_offset"": 35220, ""floor_field"": 6, ""entity_id_field"": 18015, ""group"": 0, ""room"": 100, ""unknown_a3"": 0, ""position"": [-106.51998901367188, -7.599592208862305e-06, -300.6300048828125], ""angles"": [0, -16384, 0], ""params"": [1.0, 1.0, 1.0, 7, 0, 1], ""unused_pointer"": 125736688}"
events-ep4/q306-bb-e,6,100,"{""base_type"": 2, ""set_flags"": 0, ""runtime_index"": 1475, ""file_offset"": 35356, ""floor_field"": 6, ""entity_id_field"": 18019, ""group"": 0, ""room"": 100, ""unknown_a3"": 0, ""position"": [163.00782775878906, -6.408988952636719, 273.3199462890625], ""angles"": [0, -16384, 0], ""params"": [1.0, 1.0, 1.0, 7, 0, 1], ""unused_pointer"": 125737648}"
events-ep4/q306-bb-j,1,138,"{""base_type"": 2, ""set_flags"": 0, ""runtime_index"": 1480, ""file_offset"": 9400, ""floor_field"": 1, ""entity_id_field"": 18501, ""group"": 0, ""room"": 30, ""unknown_a3"": 0, ""position"": [142.6630859375, 0.0, -793.0509643554688], ""angles"": [0, 1792, 0], ""params"": [1.0, 1.0, 1.0, 6, 0, 1], ""unused_pointer"": 125738608}"
events-ep4/q306-bb-j,2,94,"{""base_type"": 2, ""set_flags"": 0, ""runtime_index"": 1490, ""file_offset"": 23304, ""floor_field"": 2, ""entity_id_field"": 18077, ""group"": 0, ""room"": 30, ""unknown_a3"": 0, ""position"": [144.25830078125, 0.0, -779.323974609375], ""angles"": [0, 0, 0], ""params"": [1.0, 1.0, 1.0, 6, 0, 1], ""unused_pointer"": 125738720}"
events-ep4/q306-bb-j,6,98,"{""base_type"": 2, ""set_flags"": 0, ""runtime_index"": 1474, ""file_offset"": 35220, ""floor_field"": 6, ""entity_id_field"": 18015, ""group"": 0, ""room"": 100, ""unknown_a3"": 0, ""position"": [-106.51998901367188, -7.599592208862305e-06, -300.6300048828125], ""angles"": [0, -16384, 0], ""params"": [1.0, 1.0, 1.0, 7, 0, 1], ""unused_pointer"": 125736688}"
events-ep4/q306-bb-j,6,100,"{""base_type"": 2, ""set_flags"": 0, ""runtime_index"": 1475, ""file_offset"": 35356, ""floor_field"": 6, ""entity_id_field"": 18019, ""group"": 0, ""room"": 100, ""unknown_a3"": 0, ""position"": [163.00782775878906, -6.408988952636719, 273.3199462890625], ""angles"": [0, -16384, 0], ""params"": [1.0, 1.0, 1.0, 7, 0, 1], ""unused_pointer"": 125737648}"
events-ep4/q315-bb-e,1,0,"{""base_type"": 2, ""set_flags"": 0, ""runtime_index"": 1480, ""file_offset"": 3704, ""floor_field"": 1, ""entity_id_field"": 18003, ""group"": 0, ""room"": 60, ""unknown_a3"": 0, ""position"": [-32.5908203125, 9.719104766845703, -659.11328125], ""angles"": [0, 56064, 0], ""params"": [1.0, 1.0, 1.0, 8, 0, 1], ""unused_pointer"": 75971248}"
events-ep4/q315-bb-e,1,5,"{""base_type"": 2, ""set_flags"": 0, ""runtime_index"": 1541, ""file_offset"": 4044, ""floor_field"": 1, ""entity_id_field"": 17902, ""group"": 0, ""room"": 60, ""unknown_a3"": 0, ""position"": [300.61962890625, 0.0, 226.55712890625], ""angles"": [0, 33280, 0], ""params"": [1.0, 1.0, 1.0, 0, 0, 0], ""unused_pointer"": 75996624}"
events-ep4/q315-bb-e,8,1,"{""base_type"": 2, ""set_flags"": 0, ""runtime_index"": 1481, ""file_offset"": 5556, ""floor_field"": 8, ""entity_id_field"": 17963, ""group"": 0, ""room"": 30, ""unknown_a3"": 0, ""position"": [-1.495147705078125, 0.30115509033203125, 107.7557373046875], ""angles"": [0, 0, 0], ""params"": [1.0, 1.0, 1.0, 0, 0, 0], ""unused_pointer"": 77238608}"
events-ep4/q315-bb-e,8,26,"{""base_type"": 2, ""set_flags"": 0, ""runtime_index"": 1567, ""file_offset"": 7256, ""floor_field"": 8, ""entity_id_field"": 18418, ""group"": 0, ""room"": 30, ""unknown_a3"": 0, ""position"": [125.07052612304688, 0.46385669708251953, 63.407928466796875], ""angles"": [0, 0, 0], ""params"": [1.0, 1.0, 1.0, 1, 0, 0], ""unused_pointer"": 77261648}"
events-ep4/q315-bb-j,1,0,"{""base_type"": 2, ""set_flags"": 0, ""runtime_index"": 1480, ""file_offset"": 3704, ""floor_field"": 1, ""entity_id_field"": 18003, ""group"": 0, ""room"": 60, ""unknown_a3"": 0, ""position"": [-32.5908203125, 9.719104766845703, -659.11328125], ""angles"": [0, 56064, 0], ""params"": [1.0, 1.0, 1.0, 8, 0, 1], ""unused_pointer"": 75971248}"
events-ep4/q315-bb-j,1,5,"{""base_type"": 2, ""set_flags"": 0, ""runtime_index"": 1541, ""file_offset"": 4044, ""floor_field"": 1, ""entity_id_field"": 17902, ""group"": 0, ""room"": 60, ""unknown_a3"": 0, ""position"": [300.61962890625, 0.0, 226.55712890625], ""angles"": [0, 33280, 0], ""params"": [1.0, 1.0, 1.0, 0, 0, 0], ""unused_pointer"": 75996624}"
events-ep4/q315-bb-j,8,1,"{""base_type"": 2, ""set_flags"": 0, ""runtime_index"": 1481, ""file_offset"": 5556, ""floor_field"": 8, ""entity_id_field"": 17963, ""group"": 0, ""room"": 30, ""unknown_a3"": 0, ""position"": [-1.495147705078125, 0.30115509033203125, 107.7557373046875], ""angles"": [0, 0, 0], ""params"": [1.0, 1.0, 1.0, 0, 0, 0], ""unused_pointer"": 77238608}"
events-ep4/q315-bb-j,8,26,"{""base_type"": 2, ""set_flags"": 0, ""runtime_index"": 1567, ""file_offset"": 7256, ""floor_field"": 8, ""entity_id_field"": 18418, ""group"": 0, ""room"": 30, ""unknown_a3"": 0, ""position"": [125.07052612304688, 0.46385669708251953, 63.407928466796875], ""angles"": [0, 0, 0], ""params"": [1.0, 1.0, 1.0, 1, 0, 0], ""unused_pointer"": 77261648}"
extermination-ep1/q53-bb-e,3,4,"{""base_type"": 2, ""set_flags"": 0, ""runtime_index"": 1555, ""file_offset"": 2072, ""floor_field"": 3, ""entity_id_field"": 18356, ""group"": 0, ""room"": 5, ""unknown_a3"": 0, ""position"": [0.0, 0.0, 35.0], ""angles"": [0, -43776, 0], ""params"": [1.0, 1.0, 1.0, 4, 0, 1], ""unused_pointer"": 2365148240}"
extermination-ep1/q53-bb-e,3,39,"{""base_type"": 2, ""set_flags"": 0, ""runtime_index"": 1579, ""file_offset"": 4452, ""floor_field"": 3, ""entity_id_field"": 18392, ""group"": 0, ""room"": 7, ""unknown_a3"": 0, ""position"": [0.0, 0.0, 45.00006103515625], ""angles"": [0, -43776, 0], ""params"": [1.0, 1.0, 1.0, 0, 0, 0], ""unused_pointer"": 2365165248}"
extermination-ep1/q53-bb-e,4,28,"{""base_type"": 2, ""set_flags"": 0, ""runtime_index"": 1298, ""file_offset"": 14600, ""floor_field"": 4, ""entity_id_field"": 65535, ""group"": 0, ""room"": 4, ""unknown_a3"": 0, ""position"": [10.0, 0.0, -44.0], ""angles"": [0, -31488, 0], ""params"": [1.0, 1.0, 1.0, 3, 0, 0], ""unused_pointer"": 2365213200}"
extermination-ep1/q53-bb-e,4,65,"{""base_type"": 2, ""set_flags"": 0, ""runtime_index"": 1962, ""file_offset"": 17116, ""floor_field"": 4, ""entity_id_field"": 18416, ""group"": 0, ""room"": 21, ""unknown_a3"": 0, ""position"": [-80.00001525878906, -0.11492328345775604, 0.007671356201171875], ""angles"": [0, -16383, 0], ""params"": [0.9999637603759766, 1.000000238418579, 1.000000238418579, 0, 0, 1], ""unused_pointer"": 2365189248}"
extermination-ep1/q53-bb-j,3,4,"{""base_type"": 2, ""set_flags"": 0, ""runtime_index"": 1555, ""file_offset"": 2072, ""floor_field"": 3, ""entity_id_field"": 18356, ""group"": 0, ""room"": 5, ""unknown_a3"": 0, ""position"": [0.0, 0.0, 35.0], ""angles"": [0, -43776, 0], ""params"": [1.0, 1.0, 1.0, 4, 0, 1], ""unused_pointer"": 2365148240}"
extermination-ep1/q53-bb-j,3,39,"{""base_type"": 2, ""set_flags"": 0, ""runtime_index"": 1579, ""file_offset"": 4452, ""floor_field"": 3, ""entity_id_field"": 18392, ""group"": 0, ""room"": 7, ""unknown_a3"": 0, ""position"": [0.0, 0.0, 45.00006103515625], ""angles"": [0, -43776, 0], ""params"": [1.0, 1.0, 1.0, 0, 0, 0], ""unused_pointer"": 2365165248}"
extermination-ep1/q53-bb-j,4,28,"{""base_type"": 2, ""set_flags"": 0, ""runtime_index"": 1298, ""file_offset"": 14600, ""floor_field"": 4, ""entity_id_field"": 65535, ""group"": 0, ""room"": 4, ""unknown_a3"": 0, ""position"": [10.0, 0.0, -44.0], ""angles"": [0, -31488, 0], ""params"": [1.0, 1.0, 1.0, 3, 0, 0], ""unused_pointer"": 2365213200}"
extermination-ep1/q53-bb-j,4,65,"{""base_type"": 2, ""set_flags"": 0, ""runtime_index"": 1962, ""file_offset"": 17116, ""floor_field"": 4, ""entity_id_field"": 18416, ""group"": 0, ""room"": 21, ""unknown_a3"": 0, ""position"": [-80.00001525878906, -0.11492328345775604, 0.007671356201171875], ""angles"": [0, -16383, 0], ""params"": [0.9999637603759766, 1.000000238418579, 1.000000238418579, 0, 0, 1], ""unused_pointer"": 2365189248}"
extermination-ep1/q62-bb-e,3,33,"{""base_type"": 2, ""set_flags"": 0, ""runtime_index"": 1579, ""file_offset"": 4520, ""floor_field"": 3, ""entity_id_field"": 55879, ""group"": 0, ""room"": 2, ""unknown_a3"": 0, ""position"": [-1.8189894035458565e-12, 0.0, 45.0], ""angles"": [0, -43776, 0], ""params"": [1.0, 1.0, 1.0, 0, 0, 0], ""unused_pointer"": 2693197184}"
extermination-ep1/q62-bb-e,3,39,"{""base_type"": 2, ""set_flags"": 0, ""runtime_index"": 1555, ""file_offset"": 4928, ""floor_field"": 3, ""entity_id_field"": 57671, ""group"": 0, ""room"": 4, ""unknown_a3"": 0, ""position"": [0.0, 0.0, 35.0], ""angles"": [0, -43776, 0], ""params"": [1.0, 1.0, 1.0, 4, 0, 1], ""unused_pointer"": 277802368}"
extermination-ep1/q62-bb-e,4,8,"{""base_type"": 2, ""set_flags"": 0, ""runtime_index"": 1311, ""file_offset"": 14532, ""floor_field"": 4, ""entity_id_field"": 45639, ""group"": 0, ""room"": 4, ""unknown_a3"": 0, ""position"": [10.0, 0.0, -44.0], ""angles"": [0, -31488, 0], ""params"": [1.0, 1.0, 1.0, 5, 0, 1], ""unused_pointer"": 1887759744}"
extermination-ep1/q62-bb-e,4,48,"{""base_type"": 2, ""set_flags"": 0, ""runtime_index"": 1298, ""file_offset"": 17252, ""floor_field"": 4, ""entity_id_field"": 56391, ""group"": 0, ""room"": 7, ""unknown_a3"": 0, ""position"": [10.0, 0.0, -44.0], ""angles"": [0, -31488, 0], ""params"": [1.0, 1.0, 1.0, 3, 0, 0], ""unused_pointer"": 2964647296}"
extermination-ep1/q62-bb-e,5,35,"{""base_type"": 2, ""set_flags"": 0, ""runtime_index"": 1289, ""file_offset"": 27672, ""floor_field"": 5, ""entity_id_field"": 49735, ""group"": 0, ""room"": 12, ""unknown_a3"": 0, ""position"": [-3.0517578125e-05, 0.0, 50.0], ""angles"": [0, 0, 0], ""params"": [1.0, 1.0, 1.0, 4, 0, 0], ""unused_pointer"": 3230264704}"
extermination-ep1/q62-bb-e,12,0,"{""base_type"": 2, ""set_flags"": 0, ""runtime_index"": 1717, ""file_offset"": 38704, ""floor_field"": 12, ""entity_id_field"": 51015, ""group"": 1, ""room"": 1, ""unknown_a3"": 0, ""position"": [55.4045524597168, 2.000000476837158, 57.55470275878906], ""angles"": [0, 0, 0], ""params"": [1.0, 1.0, 1.0, 0, 0, 1], ""unused_pointer"": 3232948352}"
extermination-ep1/q62-bb-j,3,33,"{""base_type"": 2, ""set_flags"": 0, ""runtime_index"": 1579, ""file_offset"": 4520, ""floor_field"": 3, ""entity_id_field"": 55879, ""group"": 0, ""room"": 2, ""unknown_a3"": 0, ""position"": [-1.8189894035458565e-12, 0.0, 45.0], ""angles"": [0, -43776, 0], ""params"": [1.0, 1.0, 1.0, 0, 0, 0], ""unused_pointer"": 2693197184}"
extermination-ep1/q62-bb-j,3,39,"{""base_type"": 2, ""set_flags"": 0, ""runtime_index"": 1555, ""file_offset"": 4928, ""floor_field"": 3, ""entity_id_field"": 57671, ""group"": 0, ""room"": 4, ""unknown_a3"": 0, ""position"": [0.0, 0.0, 35.0], ""angles"": [0, -43776, 0], ""params"": [1.0, 1.0, 1.0, 4, 0, 1], ""unused_pointer"": 277802368}"
extermination-ep1/q62-bb-j,4,8,"{""base_type"": 2, ""set_flags"": 0, ""runtime_index"": 1311, ""file_offset"": 14532, ""floor_field"": 4, ""entity_id_field"": 45639, ""group"": 0, ""room"": 4, ""unknown_a3"": 0, ""position"": [10.0, 0.0, -44.0], ""angles"": [0, -31488, 0], ""params"": [1.0, 1.0, 1.0, 5, 0, 1], ""unused_pointer"": 1887759744}"
extermination-ep1/q62-bb-j,4,48,"{""base_type"": 2, ""set_flags"": 0, ""runtime_index"": 1298, ""file_offset"": 17252, ""floor_field"": 4, ""entity_id_field"": 56391, ""group"": 0, ""room"": 7, ""unknown_a3"": 0, ""position"": [10.0, 0.0, -44.0], ""angles"": [0, -31488, 0], ""params"": [1.0, 1.0, 1.0, 3, 0, 0], ""unused_pointer"": 2964647296}"
extermination-ep1/q62-bb-j,5,35,"{""base_type"": 2, ""set_flags"": 0, ""runtime_index"": 1289, ""file_offset"": 27672, ""floor_field"": 5, ""entity_id_field"": 49735, ""group"": 0, ""room"": 12, ""unknown_a3"": 0, ""position"": [-3.0517578125e-05, 0.0, 50.0], ""angles"": [0, 0, 0], ""params"": [1.0, 1.0, 1.0, 4, 0, 0], ""unused_pointer"": 3230264704}"
extermination-ep1/q62-bb-j,12,0,"{""base_type"": 2, ""set_flags"": 0, ""runtime_index"": 1717, ""file_offset"": 38704, ""floor_field"": 12, ""entity_id_field"": 51015, ""group"": 1, ""room"": 1, ""unknown_a3"": 0, ""position"": [55.4045524597168, 2.000000476837158, 57.55470275878906], ""angles"": [0, 0, 0], ""params"": [1.0, 1.0, 1.0, 0, 0, 1], ""unused_pointer"": 3232948352}"
extermination-ep1/q63-bb-e,1,13,"{""base_type"": 2, ""set_flags"": 0, ""runtime_index"": 1472, ""file_offset"": 3160, ""floor_field"": 1, ""entity_id_field"": 17864, ""group"": 0, ""room"": 5, ""unknown_a3"": 0, ""position"": [13.719149589538574, -0.02319669909775257, 656.593505859375], ""angles"": [0, 0, 0], ""params"": [1.000000238418579, 1.0000001192092896, 1.000000238418579, 2, 0, 1], ""unused_pointer"": 2365214256}"
extermination-ep1/q63-bb-e,1,79,"{""base_type"": 2, ""set_flags"": 2, ""runtime_index"": 90, ""file_offset"": 7648, ""floor_field"": 1, ""entity_id_field"": 65535, ""group"": 0, ""room"": 16, ""unknown_a3"": 0, ""position"": [94.0750732421875, 4.69917106628418, 27.906158447265625], ""angles"": [0, 0, 0], ""params"": [1.0, 1.0, 1.0, 0, 0, 0], ""unused_pointer"": 2365316864}"
extermination-ep1/q63-bb-e,11,0,"{""base_type"": 2, ""set_flags"": 0, ""runtime_index"": 1717, ""file_offset"": 18832, ""floor_field"": 11, ""entity_id_field"": 18123, ""group"": 1, ""room"": 1, ""unknown_a3"": 0, ""position"": [-237.16607666015625, 0.0, -42.48076248168945], ""angles"": [0, 32768, 0], ""params"": [120.00006103515625, 1.0, 1.0, 0, 0, 1], ""unused_pointer"": 2365208528}"
extermination-ep1/q63-bb-j,1,13,"{""base_type"": 2, ""set_flags"": 0, ""runtime_index"": 1472, ""file_offset"": 3160, ""floor_field"": 1, ""entity_id_field"": 17864, ""group"": 0, ""room"": 5, ""unknown_a3"": 0, ""position"": [13.719149589538574, -0.02319669909775257, 656.593505859375], ""angles"": [0, 0, 0], ""params"": [1.000000238418579, 1.0000001192092896, 1.000000238418579, 2, 0, 1], ""unused_pointer"": 2365214256}"
extermination-ep1/q63-bb-j,1,79,"{""base_type"": 2, ""set_flags"": 2, ""runtime_index"": 90, ""file_offset"": 7648, ""floor_field"": 1, ""entity_id_field"": 65535, ""group"": 0, ""room"": 16, ""unknown_a3"": 0, ""position"": [94.0750732421875, 4.69917106628418, 27.906158447265625], ""angles"": [0, 0, 0], ""params"": [1.0, 1.0, 1.0, 0, 0, 0], ""unused_pointer"": 2365316864}"
extermination-ep1/q63-bb-j,11,0,"{""base_type"": 2, ""set_flags"": 0, ""runtime_index"": 1717, ""file_offset"": 18832, ""floor_field"": 11, ""entity_id_field"": 18123, ""group"": 1, ""room"": 1, ""unknown_a3"": 0, ""position"": [-237.16607666015625, 0.0, -42.48076248168945], ""angles"": [0, 32768, 0], ""params"": [120.00006103515625, 1.0, 1.0, 0, 0, 1], ""unused_pointer"": 2365208528}"
extermination-ep1/q101-bb-e,1,46,"{""base_type"": 2, ""set_flags"": 0, ""runtime_index"": 1960, ""file_offset"": 5064, ""floor_field"": 1, ""entity_id_field"": 19286, ""group"": 0, ""room"": 8, ""unknown_a3"": 0, ""position"": [54.204833984375, 33.66023635864258, 196.20970153808594], ""angles"": [0, 9728, 0], ""params"": [1.000000238418579, 1.0000001192092896, 1.000000238418579, 0, 0, 1], ""unused_pointer"": 2365192528}"
extermination-ep1/q101-bb-e,1,76,"{""base_type"": 2, ""set_flags"": 2, ""runtime_index"": 90, ""file_offset"": 7104, ""floor_field"": 1, ""entity_id_field"": 65535, ""group"": 0, ""room"": 16, ""unknown_a3"": 0, ""position"": [94.0750732421875, 4.69917106628418, 27.906158447265625], ""angles"": [0, 0, 0], ""params"": [1.0, 1.0, 1.0, 0, 0, 0], ""unused_pointer"": 2365316864}"
extermination-ep1/q101-bb-j,1,46,"{""base_type"": 2, ""set_flags"": 0, ""runtime_index"": 1960, ""file_offset"": 5064, ""floor_field"": 1, ""entity_id_field"": 19286, ""group"": 0, ""room"": 8, ""unknown_a3"": 0, ""position"": [54.204833984375, 33.66023635864258, 196.20970153808594], ""angles"": [0, 9728, 0], ""params"": [1.000000238418579, 1.0000001192092896, 1.000000238418579, 0, 0, 1], ""unused_pointer"": 2365192528}"
extermination-ep1/q101-bb-j,1,76,"{""base_type"": 2, ""set_flags"": 2, ""runtime_index"": 90, ""file_offset"": 7104, ""floor_field"": 1, ""entity_id_field"": 65535, ""group"": 0, ""room"": 16, ""unknown_a3"": 0, ""position"": [94.0750732421875, 4.69917106628418, 27.906158447265625], ""angles"": [0, 0, 0], ""params"": [1.0, 1.0, 1.0, 0, 0, 0], ""unused_pointer"": 2365316864}"
extermination-ep1/q102-bb-e,3,26,"{""base_type"": 2, ""set_flags"": 0, ""runtime_index"": 1579, ""file_offset"": 3704, ""floor_field"": 3, ""entity_id_field"": 18067, ""group"": 0, ""room"": 5, ""unknown_a3"": 0, ""position"": [0.0, 0.0, 45.0], ""angles"": [0, -43776, 0], ""params"": [1.0, 1.0, 1.0, 0, 0, 0], ""unused_pointer"": 2365212096}"
extermination-ep1/q102-bb-e,3,67,"{""base_type"": 2, ""set_flags"": 0, ""runtime_index"": 1966, ""file_offset"": 6492, ""floor_field"": 3, ""entity_id_field"": 18870, ""group"": 0, ""room"": 20, ""unknown_a3"": 0, ""position"": [152.34585571289062, 3.0994415283203125e-05, -1.7744140625], ""angles"": [0, -49152, 0], ""params"": [1.0, 1.0, 1.0, 0, 0, 1], ""unused_pointer"": 2365158096}"
extermination-ep1/q102-bb-j,3,26,"{""base_type"": 2, ""set_flags"": 0, ""runtime_index"": 1579, ""file_offset"": 3704, ""floor_field"": 3, ""entity_id_field"": 18067, ""group"": 0, ""room"": 5, ""unknown_a3"": 0, ""position"": [0.0, 0.0, 45.0], ""angles"": [0, -43776, 0], ""params"": [1.0, 1.0, 1.0, 0, 0, 0], ""unused_pointer"": 2365212096}"
extermination-ep1/q102-bb-j,3,67,"{""base_type"": 2, ""set_flags"": 0, ""runtime_index"": 1966, ""file_offset"": 6492, ""floor_field"": 3, ""entity_id_field"": 18870, ""group"": 0, ""room"": 20, ""unknown_a3"": 0, ""position"": [152.34585571289062, 3.0994415283203125e-05, -1.7744140625], ""angles"": [0, -49152, 0], ""params"": [1.0, 1.0, 1.0, 0, 0, 1], ""unused_pointer"": 2365158096}"
extermination-ep1/q103-bb-e,6,22,"{""base_type"": 2, ""set_flags"": 2, ""runtime_index"": 709, ""file_offset"": 3432, ""floor_field"": 6, ""entity_id_field"": 17093, ""group"": 0, ""room"": 1, ""unknown_a3"": 0, ""position"": [0.0, 0.0, 40.0], ""angles"": [0, -43776, 0], ""params"": [1.0, 1.0, 1.0, 0, 0, 0], ""unused_pointer"": 2365209136}"
extermination-ep1/q103-bb-e,6,42,"{""base_type"": 2, ""set_flags"": 0, ""runtime_index"": 1960, ""file_offset"": 4792, ""floor_field"": 6, ""entity_id_field"": 18375, ""group"": 0, ""room"": 7, ""unknown_a3"": 0, ""position"": [0.0, 0.0, 40.0], ""angles"": [0, -43776, 0], ""params"": [1.0, 1.0, 1.0, 0, 0, 1], ""unused_pointer"": 2365139680}"
extermination-ep1/q103-bb-j,6,22,"{""base_type"": 2, ""set_flags"": 2, ""runtime_index"": 709, ""file_offset"": 3432, ""floor_field"": 6, ""entity_id_field"": 17093, ""group"": 0, ""room"": 1, ""unknown_a3"": 0, ""position"": [0.0, 0.0, 40.0], ""angles"": [0, -43776, 0], ""params"": [1.0, 1.0, 1.0, 0, 0, 0], ""unused_pointer"": 2365209136}"
extermination-ep1/q103-bb-j,6,42,"{""base_type"": 2, ""set_flags"": 0, ""runtime_index"": 1960, ""file_offset"": 4792, ""floor_field"": 6, ""entity_id_field"": 18375, ""group"": 0, ""room"": 7, ""unknown_a3"": 0, ""position"": [0.0, 0.0, 40.0], ""angles"": [0, -43776, 0], ""params"": [1.0, 1.0, 1.0, 0, 0, 1], ""unused_pointer"": 2365139680}"
extermination-ep1/q108-bb-e,1,47,"{""base_type"": 2, ""set_flags"": 0, ""runtime_index"": 1119, ""file_offset"": 4996, ""floor_field"": 1, ""entity_id_field"": 65535, ""group"": 0, ""room"": 8, ""unknown_a3"": 0, ""position"": [54.204833984375, 33.66023635864258, 196.20970153808594], ""angles"": [0, 9728, 0], ""params"": [1.000000238418579, 1.0000001192092896, 1.000000238418579, 2, 0, 1], ""unused_pointer"": 2365219664}"
extermination-ep1/q108-bb-e,1,79,"{""base_type"": 2, ""set_flags"": 2, ""runtime_index"": 90, ""file_offset"": 7172, ""floor_field"": 1, ""entity_id_field"": 65535, ""group"": 0, ""room"": 16, ""unknown_a3"": 0, ""position"": [94.0750732421875, 4.69917106628418, 27.906158447265625], ""angles"": [0, 0, 0], ""params"": [1.0, 1.0, 1.0, 0, 0, 0], ""unused_pointer"": 2365316864}"
extermination-ep1/q108-bb-e,2,0,"{""base_type"": 2, ""set_flags"": 2, ""runtime_index"": 126, ""file_offset"": 8956, ""floor_field"": 2, ""entity_id_field"": 18646, ""group"": 0, ""room"": 1, ""unknown_a3"": 0, ""position"": [-105.65203857421875, 76.0923843383789, -107.3563232421875], ""angles"": [0, 0, 0], ""params"": [1.0, 1.0, 1.0, 1, 0, 0], ""unused_pointer"": 2365163856}"
extermination-ep1/q108-bb-e,2,57,"{""base_type"": 2, ""set_flags"": 0, ""runtime_index"": 1959, ""file_offset"": 12832, ""floor_field"": 2, ""entity_id_field"": 18705, ""group"": 0, ""room"": 4, ""unknown_a3"": 0, ""position"": [-193.54351806640625, 56.00138473510742, -67.2916259765625], ""angles"": [0, 43264, 0], ""params"": [1.0, 1.0, 1.0, 0, 0, 1], ""unused_pointer"": 2365189344}"
extermination-ep1/q108-bb-j,1,47,"{""base_type"": 2, ""set_flags"": 0, ""runtime_index"": 1119, ""file_offset"": 4996, ""floor_field"": 1, ""entity_id_field"": 65535, ""group"": 0, ""room"": 8, ""unknown_a3"": 0, ""position"": [54.204833984375, 33.66023635864258, 196.20970153808594], ""angles"": [0, 9728, 0], ""params"": [1.000000238418579, 1.0000001192092896, 1.000000238418579, 2, 0, 1], ""unused_pointer"": 2365219664}"
extermination-ep1/q108-bb-j,1,79,"{""base_type"": 2, ""set_flags"": 2, ""runtime_index"": 90, ""file_offset"": 7172, ""floor_field"": 1, ""entity_id_field"": 65535, ""group"": 0, ""room"": 16, ""unknown_a3"": 0, ""position"": [94.0750732421875, 4.69917106628418, 27.906158447265625], ""angles"": [0, 0, 0], ""params"": [1.0, 1.0, 1.0, 0, 0, 0], ""unused_pointer"": 2365316864}"
extermination-ep1/q108-bb-j,2,0,"{""base_type"": 2, ""set_flags"": 2, ""runtime_index"": 126, ""file_offset"": 8956, ""floor_field"": 2, ""entity_id_field"": 18646, ""group"": 0, ""room"": 1, ""unknown_a3"": 0, ""position"": [-105.65203857421875, 76.0923843383789, -107.3563232421875], ""angles"": [0, 0, 0], ""params"": [1.0, 1.0, 1.0, 1, 0, 0], ""unused_pointer"": 2365163856}"
extermination-ep1/q108-bb-j,2,57,"{""base_type"": 2, ""set_flags"": 0, ""runtime_index"": 1959, ""file_offset"": 12832, ""floor_field"": 2, ""entity_id_field"": 18705, ""group"": 0, ""room"": 4, ""unknown_a3"": 0, ""position"": [-193.54351806640625, 56.00138473510742, -67.2916259765625], ""angles"": [0, 43264, 0], ""params"": [1.0, 1.0, 1.0, 0, 0, 1], ""unused_pointer"": 2365189344}"
extermination-ep1/q109-bb-e,3,4,"{""base_type"": 2, ""set_flags"": 0, ""runtime_index"": 1555, ""file_offset"": 2072, ""floor_field"": 3, ""entity_id_field"": 18356, ""group"": 0, ""room"": 5, ""unknown_a3"": 0, ""position"": [0.0, 0.0, 35.0], ""angles"": [0, -43776, 0], ""params"": [1.0, 1.0, 1.0, 4, 0, 1], ""unused_pointer"": 2365148240}"
extermination-ep1/q109-bb-e,3,39,"{""base_type"": 2, ""set_flags"": 0, ""runtime_index"": 1579, ""file_offset"": 4452, ""floor_field"": 3, ""entity_id_field"": 18392, ""group"": 0, ""room"": 7, ""unknown_a3"": 0, ""position"": [0.0, 0.0, 45.00006103515625], ""angles"": [0, -43776, 0], ""params"": [1.0, 1.0, 1.0, 0, 0, 0], ""unused_pointer"": 2365165248}"
extermination-ep1/q109-bb-e,4,28,"{""base_type"": 2, ""set_flags"": 0, ""runtime_index"": 1298, ""file_offset"": 14600, ""floor_field"": 4, ""entity_id_field"": 65535, ""group"": 0, ""room"": 4, ""unknown_a3"": 0, ""position"": [10.0, 0.0, -44.0], ""angles"": [0, -31488, 0], ""params"": [1.0, 1.0, 1.0, 3, 0, 0], ""unused_pointer"": 2365213200}"
extermination-ep1/q109-bb-e,4,65,"{""base_type"": 2, ""set_flags"": 0, ""runtime_index"": 1962, ""file_offset"": 17116, ""floor_field"": 4, ""entity_id_field"": 18416, ""group"": 0, ""room"": 21, ""unknown_a3"": 0, ""position"": [-80.00001525878906, -0.11492328345775604, 0.007671356201171875], ""angles"": [0, -16383, 0], ""params"": [0.9999637603759766, 1.000000238418579, 1.000000238418579, 0, 0, 1], ""unused_pointer"": 2365189248}"
extermination-ep1/q109-bb-j,3,4,"{""base_type"": 2, ""set_flags"": 0, ""runtime_index"": 1555, ""file_offset"": 2072, ""floor_field"": 3, ""entity_id_field"": 18356, ""group"": 0, ""room"": 5, ""unknown_a3"": 0, ""position"": [0.0, 0.0, 35.0], ""angles"": [0, -43776, 0], ""params"": [1.0, 1.0, 1.0, 4, 0, 1], ""unused_pointer"": 2365148240}"
extermination-ep1/q109-bb-j,3,39,"{""base_type"": 2, ""set_flags"": 0, ""runtime_index"": 1579, ""file_offset"": 4452, ""floor_field"": 3, ""entity_id_field"": 18392, ""group"": 0, ""room"": 7, ""unknown_a3"": 0, ""position"": [0.0, 0.0, 45.00006103515625], ""angles"": [0, -43776, 0], ""params"": [1.0, 1.0, 1.0, 0, 0, 0], ""unused_pointer"": 2365165248}"
extermination-ep1/q109-bb-j,4,28,"{""base_type"": 2, ""set_flags"": 0, ""runtime_index"": 1298, ""file_offset"": 14600, ""floor_field"": 4, ""entity_id_field"": 65535, ""group"": 0, ""room"": 4, ""unknown_a3"": 0, ""position"": [10.0, 0.0, -44.0], ""angles"": [0, -31488, 0], ""params"": [1.0, 1.0, 1.0, 3, 0, 0], ""unused_pointer"": 2365213200}"
extermination-ep1/q109-bb-j,4,65,"{""base_type"": 2, ""set_flags"": 0, ""runtime_index"": 1962, ""file_offset"": 17116, ""floor_field"": 4, ""entity_id_field"": 18416, ""group"": 0, ""room"": 21, ""unknown_a3"": 0, ""position"": [-80.00001525878906, -0.11492328345775604, 0.007671356201171875], ""angles"": [0, -16383, 0], ""params"": [0.9999637603759766, 1.000000238418579, 1.000000238418579, 0, 0, 1], ""unused_pointer"": 2365189248}"
extermination-ep1/q110-bb-e,6,25,"{""base_type"": 2, ""set_flags"": 2, ""runtime_index"": 709, ""file_offset"": 3500, ""floor_field"": 6, ""entity_id_field"": 18685, ""group"": 0, ""room"": 1, ""unknown_a3"": 0, ""position"": [0.0, 0.0, 40.0], ""angles"": [0, -43776, 0], ""params"": [1.0, 1.0, 1.0, 0, 0, 0], ""unused_pointer"": 2365154160}"
extermination-ep1/q110-bb-e,6,41,"{""base_type"": 2, ""set_flags"": 2, ""runtime_index"": 714, ""file_offset"": 4588, ""floor_field"": 6, ""entity_id_field"": 17098, ""group"": 0, ""room"": 6, ""unknown_a3"": 0, ""position"": [0.0, 0.0, 39.999969482421875], ""angles"": [0, -43776, 0], ""params"": [1.0, 1.0, 1.0, 7, 0, 1], ""unused_pointer"": 2365211056}"
extermination-ep1/q110-bb-e,7,18,"{""base_type"": 2, ""set_flags"": 2, ""runtime_index"": 871, ""file_offset"": 16980, ""floor_field"": 7, ""entity_id_field"": 65535, ""group"": 0, ""room"": 1, ""unknown_a3"": 0, ""position"": [0.0, 0.0, 39.99993896484375], ""angles"": [0, -43776, 0], ""params"": [1.0, 1.0, 1.0, 6, 0, 0], ""unused_pointer"": 2365225200}"
extermination-ep1/q110-bb-e,7,38,"{""base_type"": 2, ""set_flags"": 0, ""runtime_index"": 1962, ""file_offset"": 18340, ""floor_field"": 7, ""entity_id_field"": 18534, ""group"": 0, ""room"": 21, ""unknown_a3"": 0, ""position"": [70.0, 0.0, -70.0], ""angles"": [0, 2816, 0], ""params"": [1.0, 1.0, 1.0, 0, 0, 1], ""unused_pointer"": 2365274688}"
extermination-ep1/q110-bb-j,6,25,"{""base_type"": 2, ""set_flags"": 2, ""runtime_index"": 709, ""file_offset"": 3500, ""floor_field"": 6, ""entity_id_field"": 18685, ""group"": 0, ""room"": 1, ""unknown_a3"": 0, ""position"": [0.0, 0.0, 40.0], ""angles"": [0, -43776, 0], ""params"": [1.0, 1.0, 1.0, 0, 0, 0], ""unused_pointer"": 2365154160}"
extermination-ep1/q110-bb-j,6,41,"{""base_type"": 2, ""set_flags"": 2, ""runtime_index"": 714, ""file_offset"": 4588, ""floor_field"": 6, ""entity_id_field"": 17098, ""group"": 0, ""room"": 6, ""unknown_a3"": 0, ""position"": [0.0, 0.0, 39.999969482421875], ""angles"": [0, -43776, 0], ""params"": [1.0, 1.0, 1.0, 7, 0, 1], ""unused_pointer"": 2365211056}"
extermination-ep1/q110-bb-j,7,18,"{""base_type"": 2, ""set_flags"": 2, ""runtime_index"": 871, ""file_offset"": 16980, ""floor_field"": 7, ""entity_id_field"": 65535, ""group"": 0, ""room"": 1, ""unknown_a3"": 0, ""position"": [0.0, 0.0, 39.99993896484375], ""angles"": [0, -43776, 0], ""params"": [1.0, 1.0, 1.0, 6, 0, 0], ""unused_pointer"": 2365225200}"
extermination-ep1/q110-bb-j,7,38,"{""base_type"": 2, ""set_flags"": 0, ""runtime_index"": 1962, ""file_offset"": 18340, ""floor_field"": 7, ""entity_id_field"": 18534, ""group"": 0, ""room"": 21, ""unknown_a3"": 0, ""position"": [70.0, 0.0, -70.0], ""angles"": [0, 2816, 0], ""params"": [1.0, 1.0, 1.0, 0, 0, 1], ""unused_pointer"": 2365274688}"
extermination-ep1/q117-bb-e,4,0,"{""base_type"": 2, ""set_flags"": 0, ""runtime_index"": 1311, ""file_offset"": 1800, ""floor_field"": 4, ""entity_id_field"": 18363, ""group"": 0, ""room"": 1, ""unknown_a3"": 0, ""position"": [10.0, 0.0, -44.0], ""angles"": [0, -31488, 0], ""params"": [1.0, 1.0, 1.0, 5, 0, 1], ""unused_pointer"": 2365240256}"
extermination-ep1/q117-bb-e,4,10,"{""base_type"": 2, ""set_flags"": 0, ""runtime_index"": 1932, ""file_offset"": 2480, ""floor_field"": 4, ""entity_id_field"": 18419, ""group"": 0, ""room"": 4, ""unknown_a3"": 0, ""position"": [10.0, 0.0, -44.0], ""angles"": [0, -31488, 0], ""params"": [1.0, 1.0, 1.0, 0, 0, 0], ""unused_pointer"": 2365242624}"
extermination-ep1/q117-bb-e,5,42,"{""base_type"": 2, ""set_flags"": 512, ""runtime_index"": 34304, ""file_offset"": 9160, ""floor_field"": 5, ""entity_id_field"": 34368, ""group"": 0, ""room"": 12, ""unknown_a3"": 0, ""position"": [0.00390625, 0.0, 40.0000114440918], ""angles"": [0, 1, 0], ""params"": [1.0, 1.0, 1.0, 6, 0, 1], ""unused_pointer"": 1348854656}"
extermination-ep1/q117-bb-e,6,61,"{""base_type"": 2, ""set_flags"": 512, ""runtime_index"": 19713, ""file_offset"": 22572, ""floor_field"": 6, ""entity_id_field"": 19777, ""group"": 0, ""room"": 6, ""unknown_a3"": 0, ""position"": [0.000244140625, 0.0, 40.0], ""angles"": [0, -43776, 0], ""params"": [1.0, 1.0, 1.0, 5, 0, 0], ""unused_pointer"": 276882304}"
extermination-ep1/q117-bb-e,6,242,"{""base_type"": 2, ""set_flags"": 512, ""runtime_index"": 514, ""file_offset"": 34880, ""floor_field"": 6, ""entity_id_field"": 578, ""group"": 0, ""room"": 70, ""unknown_a3"": 0, ""position"": [-115.0, 0.0, 115.0], ""angles"": [0, 24576, 0], ""params"": [1.0, 1.0, 1.0, 0, 0, 1], ""unused_pointer"": 2352512}"
extermination-ep1/q117-bb-j,4,0,"{""base_type"": 2, ""set_flags"": 0, ""runtime_index"": 1311, ""file_offset"": 1800, ""floor_field"": 4, ""entity_id_field"": 18363, ""group"": 0, ""room"": 1, ""unknown_a3"": 0, ""position"": [10.0, 0.0, -44.0], ""angles"": [0, -31488, 0], ""params"": [1.0, 1.0, 1.0, 5, 0, 1], ""unused_pointer"": 2365240256}"
extermination-ep1/q117-bb-j,4,10,"{""base_type"": 2, ""set_flags"": 0, ""runtime_index"": 1932, ""file_offset"": 2480, ""floor_field"": 4, ""entity_id_field"": 18419, ""group"": 0, ""room"": 4, ""unknown_a3"": 0, ""position"": [10.0, 0.0, -44.0], ""angles"": [0, -31488, 0], ""params"": [1.0, 1.0, 1.0, 0, 0, 0], ""unused_pointer"": 2365242624}"
extermination-ep1/q117-bb-j,5,42,"{""base_type"": 2, ""set_flags"": 512, ""runtime_index"": 34304, ""file_offset"": 9160, ""floor_field"": 5, ""entity_id_field"": 34368, ""group"": 0, ""room"": 12, ""unknown_a3"": 0, ""position"": [0.00390625, 0.0, 40.0000114440918], ""angles"": [0, 1, 0], ""params"": [1.0, 1.0, 1.0, 6, 0, 1], ""unused_pointer"": 1348854656}"
extermination-ep1/q117-bb-j,6,61,"{""base_type"": 2, ""set_flags"": 512, ""runtime_index"": 19713, ""file_offset"": 22572, ""floor_field"": 6, ""entity_id_field"": 19777, ""group"": 0, ""room"": 6, ""unknown_a3"": 0, ""position"": [0.000244140625, 0.0, 40.0], ""angles"": [0, -43776, 0], ""params"": [1.0, 1.0, 1.0, 5, 0, 0], ""unused_pointer"": 276882304}"
extermination-ep1/q117-bb-j,6,242,"{""base_type"": 2, ""set_flags"": 512, ""runtime_index"": 514, ""file_offset"": 34880, ""floor_field"": 6, ""entity_id_field"": 578, ""group"": 0, ""room"": 70, ""unknown_a3"": 0, ""position"": [-115.0, 0.0, 115.0], ""angles"": [0, 24576, 0], ""params"": [1.0, 1.0, 1.0, 0, 0, 1], ""unused_pointer"": 2352512}"
extermination-ep1/q120-bb-e,14,0,"{""base_type"": 2, ""set_flags"": 0, ""runtime_index"": 1907, ""file_offset"": 23744, ""floor_field"": 14, ""entity_id_field"": 18291, ""group"": 0, ""room"": 0, ""unknown_a3"": 0, ""position"": [-6.498046875, 5.0, -221.61703491210938], ""angles"": [0, -32768, 0], ""params"": [1.0, 1.0, 1.0, 0, 0, 1], ""unused_pointer"": 2365217888}"
extermination-ep1/q121-bb-e,1,47,"{""base_type"": 2, ""set_flags"": 0, ""runtime_index"": 1119, ""file_offset"": 4996, ""floor_field"": 1, ""entity_id_field"": 65535, ""group"": 0, ""room"": 11, ""unknown_a3"": 0, ""position"": [96.23226165771484, 10.0, -89.38386535644531], ""angles"": [0, 9728, 0], ""params"": [1.000000238418579, 1.0000001192092896, 1.000000238418579, 2, 0, 1], ""unused_pointer"": 2365219664}"
extermination-ep1/q121-bb-e,1,79,"{""base_type"": 2, ""set_flags"": 2, ""runtime_index"": 90, ""file_offset"": 7172, ""floor_field"": 1, ""entity_id_field"": 65535, ""group"": 0, ""room"": 16, ""unknown_a3"": 0, ""position"": [94.0750732421875, 4.69917106628418, 27.906158447265625], ""angles"": [0, 0, 0], ""params"": [1.0, 1.0, 1.0, 0, 0, 0], ""unused_pointer"": 2365316864}"
extermination-ep1/q121-bb-e,2,0,"{""base_type"": 2, ""set_flags"": 2, ""runtime_index"": 126, ""file_offset"": 9228, ""floor_field"": 2, ""entity_id_field"": 18646, ""group"": 0, ""room"": 1, ""unknown_a3"": 0, ""position"": [-105.65203857421875, 20.0, -107.3563232421875], ""angles"": [0, 0, 0], ""params"": [1.0, 1.0, 1.0, 1, 0, 0], ""unused_pointer"": 2365163856}"
extermination-ep1/q121-bb-e,2,49,"{""base_type"": 2, ""set_flags"": 0, ""runtime_index"": 1959, ""file_offset"": 12560, ""floor_field"": 2, ""entity_id_field"": 18705, ""group"": 0, ""room"": 8, ""unknown_a3"": 0, ""position"": [73.3411865234375, 50.87952423095703, -8.469268798828125], ""angles"": [0, 43264, 0], ""params"": [1.0, 1.0, 1.0, 0, 0, 1], ""unused_pointer"": 2365189344}"
extermination-ep1/q121-bb-j,1,47,"{""base_type"": 2, ""set_flags"": 0, ""runtime_index"": 1119, ""file_offset"": 4996, ""floor_field"": 1, ""entity_id_field"": 65535, ""group"": 0, ""room"": 11, ""unknown_a3"": 0, ""position"": [96.23226165771484, 10.0, -89.38386535644531], ""angles"": [0, 9728, 0], ""params"": [1.000000238418579, 1.0000001192092896, 1.000000238418579, 2, 0, 1], ""unused_pointer"": 2365219664}"
extermination-ep1/q121-bb-j,1,79,"{""base_type"": 2, ""set_flags"": 2, ""runtime_index"": 90, ""file_offset"": 7172, ""floor_field"": 1, ""entity_id_field"": 65535, ""group"": 0, ""room"": 16, ""unknown_a3"": 0, ""position"": [94.0750732421875, 4.69917106628418, 27.906158447265625], ""angles"": [0, 0, 0], ""params"": [1.0, 1.0, 1.0, 0, 0, 0], ""unused_pointer"": 2365316864}"
extermination-ep1/q121-bb-j,2,0,"{""base_type"": 2, ""set_flags"": 2, ""runtime_index"": 126, ""file_offset"": 9228, ""floor_field"": 2, ""entity_id_field"": 18646, ""group"": 0, ""room"": 1, ""unknown_a3"": 0, ""position"": [-105.65203857421875, 20.0, -107.3563232421875], ""angles"": [0, 0, 0], ""params"": [1.0, 1.0, 1.0, 1, 0, 0], ""unused_pointer"": 2365163856}"
extermination-ep1/q121-bb-j,2,49,"{""base_type"": 2, ""set_flags"": 0, ""runtime_index"": 1959, ""file_offset"": 12560, ""floor_field"": 2, ""entity_id_field"": 18705, ""group"": 0, ""room"": 8, ""unknown_a3"": 0, ""position"": [73.3411865234375, 50.87952423095703, -8.469268798828125], ""angles"": [0, 43264, 0], ""params"": [1.0, 1.0, 1.0, 0, 0, 1], ""unused_pointer"": 2365189344}"
extermination-ep1/q122-bb-e,1,11,"{""base_type"": 2, ""set_flags"": 0, ""runtime_index"": 0, ""file_offset"": 2548, ""floor_field"": 0, ""entity_id_field"": 0, ""group"": 0, ""room"": 15, ""unknown_a3"": 0, ""position"": [59.08332443237305, 24.0, -72.23021697998047], ""angles"": [0, 0, 0], ""params"": [1.0, 1.0, 1.0, 2, 2, 0], ""unused_pointer"": 0}"
extermination-ep1/q122-bb-j,1,11,"{""base_type"": 2, ""set_flags"": 0, ""runtime_index"": 0, ""file_offset"": 2548, ""floor_field"": 0, ""entity_id_field"": 0, ""group"": 0, ""room"": 15, ""unknown_a3"": 0, ""position"": [59.08332443237305, 24.0, -72.23021697998047], ""angles"": [0, 0, 0], ""params"": [1.0, 1.0, 1.0, 2, 2, 0], ""unused_pointer"": 0}"
extermination-ep1/q123-bb-e,3,31,"{""base_type"": 2, ""set_flags"": 0, ""runtime_index"": 1579, ""file_offset"": 4384, ""floor_field"": 3, ""entity_id_field"": 55879, ""group"": 0, ""room"": 2, ""unknown_a3"": 0, ""position"": [-1.8189894035458565e-12, 0.0, 45.0], ""angles"": [0, -43776, 0], ""params"": [1.0, 1.0, 1.0, 0, 0, 0], ""unused_pointer"": 2693197184}"
extermination-ep1/q123-bb-e,3,159,"{""base_type"": 2, ""set_flags"": 0, ""runtime_index"": 1311, ""file_offset"": 13088, ""floor_field"": 4, ""entity_id_field"": 45639, ""group"": 0, ""room"": 40, ""unknown_a3"": 0, ""position"": [-77.91621398925781, 0.0, -97.15885925292969], ""angles"": [0, -31488, 0], ""params"": [1.0, 1.0, 1.0, 5, 0, 1], ""unused_pointer"": 1887759744}"
extermination-ep1/q123-bb-e,12,0,"{""base_type"": 2, ""set_flags"": 0, ""runtime_index"": 1717, ""file_offset"": 26380, ""floor_field"": 12, ""entity_id_field"": 51015, ""group"": 1, ""room"": 1, ""unknown_a3"": 0, ""position"": [55.4045524597168, 2.000000476837158, 57.55470275878906], ""angles"": [0, 0, 0], ""params"": [1.0, 1.0, 1.0, 0, 0, 1], ""unused_pointer"": 3232948352}"
extermination-ep1/q123-bb-j,3,31,"{""base_type"": 2, ""set_flags"": 0, ""runtime_index"": 1579, ""file_offset"": 4384, ""floor_field"": 3, ""entity_id_field"": 55879, ""group"": 0, ""room"": 2, ""unknown_a3"": 0, ""position"": [-1.8189894035458565e-12, 0.0, 45.0], ""angles"": [0, -43776, 0], ""params"": [1.0, 1.0, 1.0, 0, 0, 0], ""unused_pointer"": 2693197184}"
extermination-ep1/q123-bb-j,3,159,"{""base_type"": 2, ""set_flags"": 0, ""runtime_index"": 1311, ""file_offset"": 13088, ""floor_field"": 4, ""entity_id_field"": 45639, ""group"": 0, ""room"": 40, ""unknown_a3"": 0, ""position"": [-77.91621398925781, 0.0, -97.15885925292969], ""angles"": [0, -31488, 0], ""params"": [1.0, 1.0, 1.0, 5, 0, 1], ""unused_pointer"": 1887759744}"
extermination-ep1/q123-bb-j,12,0,"{""base_type"": 2, ""set_flags"": 0, ""runtime_index"": 1717, ""file_offset"": 26380, ""floor_field"": 12, ""entity_id_field"": 51015, ""group"": 1, ""room"": 1, ""unknown_a3"": 0, ""position"": [55.4045524597168, 2.000000476837158, 57.55470275878906], ""angles"": [0, 0, 0], ""params"": [1.0, 1.0, 1.0, 0, 0, 1], ""unused_pointer"": 3232948352}"
extermination-ep1/q130-bb-e,6,5,"{""base_type"": 2, ""set_flags"": 2, ""runtime_index"": 709, ""file_offset"": 2140, ""floor_field"": 6, ""entity_id_field"": 17093, ""group"": 0, ""room"": 1, ""unknown_a3"": 0, ""position"": [0.0, 0.0, 40.0], ""angles"": [0, -43776, 0], ""params"": [1.0, 1.0, 1.0, 0, 0, 0], ""unused_pointer"": 2365209136}"
extermination-ep1/q130-bb-e,6,10,"{""base_type"": 2, ""set_flags"": 2, ""runtime_index"": 714, ""file_offset"": 2480, ""floor_field"": 6, ""entity_id_field"": 17098, ""group"": 0, ""room"": 20, ""unknown_a3"": 0, ""position"": [61.23670959472656, 0.0, 4.43420934677124], ""angles"": [0, -43776, 0], ""params"": [1.0, 1.0, 1.0, 7, 0, 1], ""unused_pointer"": 2365211056}"
extermination-ep1/q130-bb-e,7,4,"{""base_type"": 2, ""set_flags"": 2, ""runtime_index"": 871, ""file_offset"": 4060, ""floor_field"": 7, ""entity_id_field"": 65535, ""group"": 0, ""room"": 41, ""unknown_a3"": 0, ""position"": [-10.648385047912598, 0.0, -16.32682228088379], ""angles"": [0, -43776, 0], ""params"": [1.0, 1.0, 1.0, 6, 0, 0], ""unused_pointer"": 2365225200}"
extermination-ep1/q130-bb-e,13,1,"{""base_type"": 2, ""set_flags"": 0, ""runtime_index"": 1546, ""file_offset"": 5436, ""floor_field"": 13, ""entity_id_field"": 18370, ""group"": 2, ""room"": 0, ""unknown_a3"": 0, ""position"": [41.469364166259766, 1.0, 5044.3427734375], ""angles"": [0, 0, 0], ""params"": [1.0, 1.0, 1.0, 0, 0, 1], ""unused_pointer"": 2365208240}"
extermination-ep1/q130-bb-e,13,28,"{""base_type"": 2, ""set_flags"": 0, ""runtime_index"": 2033, ""file_offset"": 7272, ""floor_field"": 13, ""entity_id_field"": 18421, ""group"": 1, ""room"": 0, ""unknown_a3"": 0, ""position"": [-6.0723137855529785, 0.0, -4929.04638671875], ""angles"": [0, 0, 0], ""params"": [1.0, 1.0, 1.0, 0, 0, 1], ""unused_pointer"": 2365206608}"
extermination-ep1/q130-bb-j,6,5,"{""base_type"": 2, ""set_flags"": 2, ""runtime_index"": 709, ""file_offset"": 2140, ""floor_field"": 6, ""entity_id_field"": 17093, ""group"": 0, ""room"": 1, ""unknown_a3"": 0, ""position"": [0.0, 0.0, 40.0], ""angles"": [0, -43776, 0], ""params"": [1.0, 1.0, 1.0, 0, 0, 0], ""unused_pointer"": 2365209136}"
extermination-ep1/q130-bb-j,6,10,"{""base_type"": 2, ""set_flags"": 2, ""runtime_index"": 714, ""file_offset"": 2480, ""floor_field"": 6, ""entity_id_field"": 17098, ""group"": 0, ""room"": 20, ""unknown_a3"": 0, ""position"": [61.23670959472656, 0.0, 4.43420934677124], ""angles"": [0, -43776, 0], ""params"": [1.0, 1.0, 1.0, 7, 0, 1], ""unused_pointer"": 2365211056}"
extermination-ep1/q130-bb-j,7,4,"{""base_type"": 2, ""set_flags"": 2, ""runtime_index"": 871, ""file_offset"": 4060, ""floor_field"": 7, ""entity_id_field"": 65535, ""group"": 0, ""room"": 41, ""unknown_a3"": 0, ""position"": [-10.648385047912598, 0.0, -16.32682228088379], ""angles"": [0, -43776, 0], ""params"": [1.0, 1.0, 1.0, 6, 0, 0], ""unused_pointer"": 2365225200}"
extermination-ep1/q130-bb-j,13,1,"{""base_type"": 2, ""set_flags"": 0, ""runtime_index"": 1546, ""file_offset"": 5436, ""floor_field"": 13, ""entity_id_field"": 18370, ""group"": 2, ""room"": 0, ""unknown_a3"": 0, ""position"": [41.469364166259766, 1.0, 5044.3427734375], ""angles"": [0, 0, 0], ""params"": [1.0, 1.0, 1.0, 0, 0, 1], ""unused_pointer"": 2365208240}"
extermination-ep1/q130-bb-j,13,28,"{""base_type"": 2, ""set_flags"": 0, ""runtime_index"": 2033, ""file_offset"": 7272, ""floor_field"": 13, ""entity_id_field"": 18421, ""group"": 1, ""room"": 0, ""unknown_a3"": 0, ""position"": [-6.0723137855529785, 0.0, -4929.04638671875], ""angles"": [0, 0, 0], ""params"": [1.0, 1.0, 1.0, 0, 0, 1], ""unused_pointer"": 2365206608}"
extermination-ep1/q140-bb-e,1,10,"{""base_type"": 2, ""set_flags"": 0, ""runtime_index"": 1472, ""file_offset"": 2956, ""floor_field"": 1, ""entity_id_field"": 17864, ""group"": 0, ""room"": 1, ""unknown_a3"": 0, ""position"": [-30.16757583618164, 1.5585541725158691, -114.8301010131836], ""angles"": [0, 0, 0], ""params"": [1.000000238418579, 1.0000001192092896, 1.000000238418579, 2, 0, 1], ""unused_pointer"": 2365214256}"
extermination-ep1/q140-bb-e,1,71,"{""base_type"": 2, ""set_flags"": 2, ""runtime_index"": 90, ""file_offset"": 7104, ""floor_field"": 1, ""entity_id_field"": 65535, ""group"": 0, ""room"": 16, ""unknown_a3"": 0, ""position"": [94.0750732421875, 4.69917106628418, 27.906158447265625], ""angles"": [0, 0, 0], ""params"": [1.0, 1.0, 1.0, 0, 0, 0], ""unused_pointer"": 2365316864}"
extermination-ep1/q140-bb-e,11,0,"{""base_type"": 2, ""set_flags"": 0, ""runtime_index"": 1717, ""file_offset"": 12848, ""floor_field"": 11, ""entity_id_field"": 18123, ""group"": 1, ""room"": 1, ""unknown_a3"": 0, ""position"": [-237.16607666015625, 0.0, -42.48076248168945], ""angles"": [0, 32768, 0], ""params"": [120.0, 1.0, 1.0, 0, 0, 1], ""unused_pointer"": 2365208528}"
extermination-ep1/q140-bb-j,1,10,"{""base_type"": 2, ""set_flags"": 0, ""runtime_index"": 1472, ""file_offset"": 2956, ""floor_field"": 1, ""entity_id_field"": 17864, ""group"": 0, ""room"": 1, ""unknown_a3"": 0, ""position"": [-30.16757583618164, 1.5585541725158691, -114.8301010131836], ""angles"": [0, 0, 0], ""params"": [1.000000238418579, 1.0000001192092896, 1.000000238418579, 2, 0, 1], ""unused_pointer"": 2365214256}"
extermination-ep1/q140-bb-j,1,71,"{""base_type"": 2, ""set_flags"": 2, ""runtime_index"": 90, ""file_offset"": 7104, ""floor_field"": 1, ""entity_id_field"": 65535, ""group"": 0, ""room"": 16, ""unknown_a3"": 0, ""position"": [94.0750732421875, 4.69917106628418, 27.906158447265625], ""angles"": [0, 0, 0], ""params"": [1.0, 1.0, 1.0, 0, 0, 0], ""unused_pointer"": 2365316864}"
extermination-ep1/q140-bb-j,11,0,"{""base_type"": 2, ""set_flags"": 0, ""runtime_index"": 1717, ""file_offset"": 12848, ""floor_field"": 11, ""entity_id_field"": 18123, ""group"": 1, ""room"": 1, ""unknown_a3"": 0, ""position"": [-237.16607666015625, 0.0, -42.48076248168945], ""angles"": [0, 32768, 0], ""params"": [120.0, 1.0, 1.0, 0, 0, 1], ""unused_pointer"": 2365208528}"
extermination-ep1/q148-bb-e,6,4,"{""base_type"": 2, ""set_flags"": 2, ""runtime_index"": 709, ""file_offset"": 2072, ""floor_field"": 6, ""entity_id_field"": 17093, ""group"": 0, ""room"": 1, ""unknown_a3"": 0, ""position"": [0.0, 0.0, 40.0], ""angles"": [0, -43776, 0], ""params"": [1.0, 1.0, 1.0, 0, 0, 0], ""unused_pointer"": 2365209136}"
extermination-ep1/q148-bb-e,6,14,"{""base_type"": 2, ""set_flags"": 0, ""runtime_index"": 1960, ""file_offset"": 2752, ""floor_field"": 6, ""entity_id_field"": 18375, ""group"": 1, ""room"": 4, ""unknown_a3"": 0, ""position"": [-0.39819684624671936, 0.0, 29.418426513671875], ""angles"": [0, 32768, 0], ""params"": [1.0, 1.0, 1.0, 7, 0, 1], ""unused_pointer"": 2365139680}"
extermination-ep1/q148-bb-e,7,4,"{""base_type"": 2, ""set_flags"": 2, ""runtime_index"": 871, ""file_offset"": 19020, ""floor_field"": 7, ""entity_id_field"": 65535, ""group"": 0, ""room"": 1, ""unknown_a3"": 0, ""position"": [2.6919338703155518, 0.0, 24.01125144958496], ""angles"": [0, -43776, 0], ""params"": [1.0, 1.0, 1.0, 6, 0, 0], ""unused_pointer"": 2365225200}"
extermination-ep1/q148-bb-e,7,143,"{""base_type"": 2, ""set_flags"": 0, ""runtime_index"": 0, ""file_offset"": 28472, ""floor_field"": 0, ""entity_id_field"": 0, ""group"": 0, ""room"": 6, ""unknown_a3"": 0, ""position"": [-1.704246163368225, 0.0, 21.956998825073242], ""angles"": [0, 32768, 0], ""params"": [1.0, 1.0, 1.0, 0, 0, 0], ""unused_pointer"": 0}"
extermination-ep1/q156-bb-e,1,8,"{""base_type"": 2, ""set_flags"": 0, ""runtime_index"": 0, ""file_offset"": 2344, ""floor_field"": 0, ""entity_id_field"": 0, ""group"": 0, ""room"": 2, ""unknown_a3"": 0, ""position"": [-352.5865783691406, 2.808600425720215, -114.57456970214844], ""angles"": [0, 0, 0], ""params"": [1.0, 1.0, 0.0, 0, 0, 0], ""unused_pointer"": 0}"
extermination-ep1/q156-bb-e,1,9,"{""base_type"": 2, ""set_flags"": 0, ""runtime_index"": 0, ""file_offset"": 2412, ""floor_field"": 0, ""entity_id_field"": 0, ""group"": 0, ""room"": 8, ""unknown_a3"": 0, ""position"": [54.20479965209961, 33.70000076293945, 196.20970153808594], ""angles"": [0, 9728, 0], ""params"": [1.0, 1.0, 1.0, 2, 0, 1], ""unused_pointer"": 0}"
extermination-ep1/q156-bb-e,2,4,"{""base_type"": 2, ""set_flags"": 0, ""runtime_index"": 0, ""file_offset"": 4740, ""floor_field"": 0, ""entity_id_field"": 0, ""group"": 1, ""room"": 4, ""unknown_a3"": 0, ""position"": [-324.5910339355469, 60.599998474121094, -20.82819938659668], ""angles"": [0, 0, 0], ""params"": [1.0, 0.0, 1.0, 0, 0, 0], ""unused_pointer"": 2365235600}"
extermination-ep1/q156-bb-e,2,5,"{""base_type"": 2, ""set_flags"": 2, ""runtime_index"": 166, ""file_offset"": 4808, ""floor_field"": 2, ""entity_id_field"": 18437, ""group"": 0, ""room"": 5, ""unknown_a3"": 0, ""position"": [-75.43731689453125, 45.37071990966797, -44.46044921875], ""angles"": [0, 20480, 0], ""params"": [1.0, 1.0, 1.0, 1, 0, 0], ""unused_pointer"": 2365206816}"
extermination-ep1/q157-bb-e,2,36,"{""base_type"": 2, ""set_flags"": 2, ""runtime_index"": 185, ""file_offset"": 4384, ""floor_field"": 2, ""entity_id_field"": 18681, ""group"": 0, ""room"": 10, ""unknown_a3"": 0, ""position"": [-30.408004760742188, 26.0, -207.50704956054688], ""angles"": [0, 0, 0], ""params"": [1.0, 1.0, 1.0, 0, 0, 0], ""unused_pointer"": 2365205312}"
extermination-ep1/q157-bb-e,2,109,"{""base_type"": 2, ""set_flags"": 0, ""runtime_index"": 0, ""file_offset"": 9348, ""floor_field"": 0, ""entity_id_field"": 0, ""group"": 0, ""room"": 12, ""unknown_a3"": 0, ""position"": [72.05462646484375, 51.0, -322.5150451660156], ""angles"": [0, 0, 0], ""params"": [1.0, 1.0, 1.0, 0, 0, 1], ""unused_pointer"": 0}"
extermination-ep1/q158-bb-e,5,8,"{""base_type"": 2, ""set_flags"": 0, ""runtime_index"": 1289, ""file_offset"": 2480, ""floor_field"": 5, ""entity_id_field"": 65535, ""group"": 0, ""room"": 12, ""unknown_a3"": 0, ""position"": [0.0, 0.0, 50.00001907348633], ""angles"": [0, 0, 0], ""params"": [1.0, 1.0, 1.0, 0, 0, 0], ""unused_pointer"": 2365279136}"
extermination-ep1/q158-bb-e,5,106,"{""base_type"": 2, ""set_flags"": 0, ""runtime_index"": 0, ""file_offset"": 9144, ""floor_field"": 0, ""entity_id_field"": 0, ""group"": 0, ""room"": 14, ""unknown_a3"": 0, ""position"": [0.0, 0.0, 0.0], ""angles"": [0, 0, 0], ""params"": [1.0, 1.0, 1.0, 0, 0, 1], ""unused_pointer"": 0}"
extermination-ep1/q159-bb-e,7,16,"{""base_type"": 2, ""set_flags"": 2, ""runtime_index"": 871, ""file_offset"": 3024, ""floor_field"": 7, ""entity_id_field"": 65535, ""group"": 0, ""room"": 7, ""unknown_a3"": 0, ""position"": [0.0, 0.0, 39.99993896484375], ""angles"": [0, -43776, 0], ""params"": [1.0, 1.0, 1.0, 0, 0, 0], ""unused_pointer"": 2365211728}"
extermination-ep1/q159-bb-e,7,103,"{""base_type"": 2, ""set_flags"": 0, ""runtime_index"": 0, ""file_offset"": 8940, ""floor_field"": 0, ""entity_id_field"": 0, ""group"": 0, ""room"": 2, ""unknown_a3"": 0, ""position"": [0.0, 0.0, 0.0], ""angles"": [0, 0, 0], ""params"": [1.0, 1.0, 1.0, 0, 0, 1], ""unused_pointer"": 0}"
extermination-ep1/q161-bb-e,1,49,"{""base_type"": 2, ""set_flags"": 0, ""runtime_index"": 0, ""file_offset"": 5404, ""floor_field"": 0, ""entity_id_field"": 0, ""group"": 0, ""room"": 5, ""unknown_a3"": 0, ""position"": [79.0064697265625, 0.0, 697.8130493164062], ""angles"": [0, 0, 0], ""params"": [1.0, 1.0, 1.0, 2, 0, 1], ""unused_pointer"": 0}"
extermination-ep1/q161-bb-e,1,86,"{""base_type"": 2, ""set_flags"": 0, ""runtime_index"": 0, ""file_offset"": 7920, ""floor_field"": 0, ""entity_id_field"": 0, ""group"": 0, ""room"": 5, ""unknown_a3"": 0, ""position"": [22.76611328125, -0.014276164583861828, 644.3236083984375], ""angles"": [0, 4600, 0], ""params"": [1.0, 1.0, 1.0, 0, 0, 0], ""unused_pointer"": 0}"
extermination-ep1/q161-bb-e,2,64,"{""base_type"": 2, ""set_flags"": 0, ""runtime_index"": 0, ""file_offset"": 12832, ""floor_field"": 0, ""entity_id_field"": 0, ""group"": 0, ""room"": 15, ""unknown_a3"": 0, ""position"": [120.58411407470703, 11.606660842895508, -261.77569580078125], ""angles"": [0, 5200, 0], ""params"": [1.0, 1.0, 1.0, 1, 0, 0], ""unused_pointer"": 0}"
extermination-ep1/q161-bb-e,2,98,"{""base_type"": 2, ""set_flags"": 0, ""runtime_index"": 0, ""file_offset"": 15144, ""floor_field"": 0, ""entity_id_field"": 0, ""group"": 0, ""room"": 12, ""unknown_a3"": 0, ""position"": [-156.86566162109375, 4.5, -256.7437744140625], ""angles"": [0, 3000, 0], ""params"": [1.0, 1.0, 1.0, 0, 0, 1], ""unused_pointer"": 0}"
extermination-ep1/q162-bb-e,4,81,"{""base_type"": 2, ""set_flags"": 0, ""runtime_index"": 0, ""file_offset"": 7580, ""floor_field"": 0, ""entity_id_field"": 0, ""group"": 0, ""room"": 60, ""unknown_a3"": 0, ""position"": [0.0, -1.9073486328125e-06, 25.0], ""angles"": [0, 10400, 0], ""params"": [1.0, 1.0, 1.0, 0, 0, 0], ""unused_pointer"": 0}"
extermination-ep1/q162-bb-e,4,127,"{""base_type"": 2, ""set_flags"": 0, ""runtime_index"": 0, ""file_offset"": 10708, ""floor_field"": 0, ""entity_id_field"": 0, ""group"": 0, ""room"": 4, ""unknown_a3"": 0, ""position"": [0.0, 0.0, -30.0], ""angles"": [0, 0, 0], ""params"": [1.0, 1.0, 1.0, 5, 0, 1], ""unused_pointer"": 0}"
extermination-ep1/q162-bb-e,5,73,"{""base_type"": 2, ""set_flags"": 0, ""runtime_index"": 0, ""file_offset"": 17320, ""floor_field"": 0, ""entity_id_field"": 0, ""group"": 0, ""room"": 13, ""unknown_a3"": 0, ""position"": [0.0, 0.0, 25.0], ""angles"": [0, 0, 0], ""params"": [1.0, 1.0, 1.0, 4, 0, 0], ""unused_pointer"": 0}"
extermination-ep1/q162-bb-e,5,132,"{""base_type"": 2, ""set_flags"": 0, ""runtime_index"": 0, ""file_offset"": 21332, ""floor_field"": 0, ""entity_id_field"": 0, ""group"": 0, ""room"": 14, ""unknown_a3"": 0, ""position"": [0.0, 0.0, 0.0], ""angles"": [0, 0, 0], ""params"": [1.0, 1.0, 1.0, 0, 0, 1], ""unused_pointer"": 0}"
extermination-ep1/q163-bb-e,6,189,"{""base_type"": 2, ""set_flags"": 0, ""runtime_index"": 0, ""file_offset"": 14924, ""floor_field"": 0, ""entity_id_field"": 0, ""group"": 0, ""room"": 90, ""unknown_a3"": 0, ""position"": [63.8126220703125, 10.0, 0.0], ""angles"": [0, 5400, 0], ""params"": [1.0, 1.0, 1.0, 7, 0, 1], ""unused_pointer"": 0}"
extermination-ep1/q163-bb-e,6,235,"{""base_type"": 2, ""set_flags"": 0, ""runtime_index"": 0, ""file_offset"": 18052, ""floor_field"": 0, ""entity_id_field"": 0, ""group"": 0, ""room"": 60, ""unknown_a3"": 0, ""position"": [0.0, 0.0, 50.0], ""angles"": [0, 0, 0], ""params"": [1.0, 1.0, 1.0, 0, 0, 0], ""unused_pointer"": 0}"
extermination-ep1/q163-bb-e,7,69,"{""base_type"": 2, ""set_flags"": 0, ""runtime_index"": 0, ""file_offset"": 26160, ""floor_field"": 0, ""entity_id_field"": 0, ""group"": 0, ""room"": 22, ""unknown_a3"": 0, ""position"": [-50.0, 0.0, 0.0], ""angles"": [0, -5800, 0], ""params"": [1.0, 1.0, 1.0, 6, 0, 0], ""unused_pointer"": 0}"
extermination-ep1/q163-bb-e,7,194,"{""base_type"": 2, ""set_flags"": 0, ""runtime_index"": 0, ""file_offset"": 34660, ""floor_field"": 0, ""entity_id_field"": 0, ""group"": 0, ""room"": 123, ""unknown_a3"": 0, ""position"": [0.0, 0.0, 0.0], ""angles"": [0, 0, 0], ""params"": [1.0, 1.0, 1.0, 0, 0, 1], ""unused_pointer"": 0}"
extermination-ep1/q199-bb-e,0,25,"{""base_type"": 2, ""set_flags"": 0, ""runtime_index"": 0, ""file_offset"": 1716, ""floor_field"": 0, ""entity_id_field"": 0, ""group"": 0, ""room"": 40, ""unknown_a3"": 0, ""position"": [153.96600341796875, 1.0, 213.8572998046875], ""angles"": [0, 16130, 0], ""params"": [1.0, 1.0, 1.0, 2, 0, 0], ""unused_pointer"": 0}"
extermination-ep1/q199-bb-e,2,0,"{""base_type"": 2, ""set_flags"": 2, ""runtime_index"": 126, ""file_offset"": 1800, ""floor_field"": 2, ""entity_id_field"": 18354, ""group"": 0, ""room"": 1, ""unknown_a3"": 0, ""position"": [-105.65203857421875, 76.0, -107.3563232421875], ""angles"": [0, 0, 0], ""params"": [1.0, 1.0, 1.0, 0, 0, 0], ""unused_pointer"": 2365205312}"
extermination-ep1/q199-bb-e,11,0,"{""base_type"": 2, ""set_flags"": 0, ""runtime_index"": 1717, ""file_offset"": 9500, ""floor_field"": 11, ""entity_id_field"": 18123, ""group"": 1, ""room"": 1, ""unknown_a3"": 0, ""position"": [-237.16607666015625, 0.0, -42.48076248168945], ""angles"": [0, 32768, 0], ""params"": [120.00006103515625, 1.0, 1.0, 0, 0, 1], ""unused_pointer"": 2365208528}"
extermination-ep2/q96-bb-e,2,79,"{""base_type"": 2, ""set_flags"": 0, ""runtime_index"": 0, ""file_offset"": 8396, ""floor_field"": 0, ""entity_id_field"": 0, ""group"": 0, ""room"": 116, ""unknown_a3"": 0, ""position"": [100.0, 0.0, 95.0], ""angles"": [0, 0, 0], ""params"": [1.0, 1.0, 1.0, 0, 0, 0], ""unused_pointer"": 0}"
extermination-ep2/q96-bb-e,2,82,"{""base_type"": 2, ""set_flags"": 0, ""runtime_index"": 0, ""file_offset"": 8600, ""floor_field"": 0, ""entity_id_field"": 0, ""group"": 0, ""room"": 1, ""unknown_a3"": 0, ""position"": [0.0, 0.0, 0.0], ""angles"": [0, 0, 0], ""params"": [1.0, 1.0, 1.0, 0, 0, 1], ""unused_pointer"": 0}"
extermination-ep2/q96-bb-j,2,79,"{""base_type"": 2, ""set_flags"": 0, ""runtime_index"": 0, ""file_offset"": 8396, ""floor_field"": 0, ""entity_id_field"": 0, ""group"": 0, ""room"": 116, ""unknown_a3"": 0, ""position"": [100.0, 0.0, 95.0], ""angles"": [0, 0, 0], ""params"": [1.0, 1.0, 1.0, 0, 0, 0], ""unused_pointer"": 0}"
extermination-ep2/q96-bb-j,2,82,"{""base_type"": 2, ""set_flags"": 0, ""runtime_index"": 0, ""file_offset"": 8600, ""floor_field"": 0, ""entity_id_field"": 0, ""group"": 0, ""room"": 1, ""unknown_a3"": 0, ""position"": [0.0, 0.0, 0.0], ""angles"": [0, 0, 0], ""params"": [1.0, 1.0, 1.0, 0, 0, 1], ""unused_pointer"": 0}"
extermination-ep2/q97-bb-e,3,12,"{""base_type"": 2, ""set_flags"": 2, ""runtime_index"": 84, ""file_offset"": 3840, ""floor_field"": 3, ""entity_id_field"": 16468, ""group"": 0, ""room"": 2, ""unknown_a3"": 0, ""position"": [0.0, 3.0, -5.0], ""angles"": [0, -32768, 0], ""params"": [1.0, 1.0, 1.0, 0, 0, 0], ""unused_pointer"": 118190704}"
extermination-ep2/q97-bb-e,3,20,"{""base_type"": 2, ""set_flags"": 2, ""runtime_index"": 101, ""file_offset"": 4384, ""floor_field"": 3, ""entity_id_field"": 16485, ""group"": 0, ""room"": 7, ""unknown_a3"": 0, ""position"": [-1.52587890625e-05, 4.0, -5.0], ""angles"": [0, -32768, 0], ""params"": [1.0, 1.0, 1.0, 0, 0, 0], ""unused_pointer"": 118200224}"
extermination-ep2/q97-bb-e,3,86,"{""base_type"": 2, ""set_flags"": 0, ""runtime_index"": 0, ""file_offset"": 8872, ""floor_field"": 0, ""entity_id_field"": 0, ""group"": 0, ""room"": 3, ""unknown_a3"": 0, ""position"": [-0.48857012391090393, 3.0, 1.3066152334213257], ""angles"": [0, 0, 0], ""params"": [1.0, 1.0, 1.0, 0, 0, 1], ""unused_pointer"": 0}"
extermination-ep2/q97-bb-j,3,12,"{""base_type"": 2, ""set_flags"": 2, ""runtime_index"": 84, ""file_offset"": 3840, ""floor_field"": 3, ""entity_id_field"": 16468, ""group"": 0, ""room"": 2, ""unknown_a3"": 0, ""position"": [0.0, 3.0, -5.0], ""angles"": [0, -32768, 0], ""params"": [1.0, 1.0, 1.0, 0, 0, 0], ""unused_pointer"": 118190704}"
extermination-ep2/q97-bb-j,3,20,"{""base_type"": 2, ""set_flags"": 2, ""runtime_index"": 101, ""file_offset"": 4384, ""floor_field"": 3, ""entity_id_field"": 16485, ""group"": 0, ""room"": 7, ""unknown_a3"": 0, ""position"": [-1.52587890625e-05, 4.0, -5.0], ""angles"": [0, -32768, 0], ""params"": [1.0, 1.0, 1.0, 0, 0, 0], ""unused_pointer"": 118200224}"
extermination-ep2/q97-bb-j,3,86,"{""base_type"": 2, ""set_flags"": 0, ""runtime_index"": 0, ""file_offset"": 8872, ""floor_field"": 0, ""entity_id_field"": 0, ""group"": 0, ""room"": 3, ""unknown_a3"": 0, ""position"": [-0.48857012391090393, 3.0, 1.3066152334213257], ""angles"": [0, 0, 0], ""params"": [1.0, 1.0, 1.0, 0, 0, 1], ""unused_pointer"": 0}"
extermination-ep2/q131-bb-e,1,37,"{""base_type"": 2, ""set_flags"": 2, ""runtime_index"": 94, ""file_offset"": 6152, ""floor_field"": 2, ""entity_id_field"": 16478, ""group"": 0, ""room"": 1, ""unknown_a3"": 0, ""position"": [-1.9073486328125e-05, -2.0, -30.0], ""angles"": [0, 32768, 0], ""params"": [1.0, 1.0, 1.0, 0, 0, 0], ""unused_pointer"": 118126496}"
extermination-ep2/q131-bb-e,1,58,"{""base_type"": 2, ""set_flags"": 2, ""runtime_index"": 115, ""file_offset"": 7580, ""floor_field"": 1, ""entity_id_field"": 16499, ""group"": 0, ""room"": 50, ""unknown_a3"": 0, ""position"": [0.04831409454345703, 0.0, -8.186111450195312], ""angles"": [0, -10495, 0], ""params"": [1.0, 1.0, 1.0, 2, 0, 1], ""unused_pointer"": 118141520}"
extermination-ep2/q131-bb-e,2,29,"{""base_type"": 2, ""set_flags"": 2, ""runtime_index"": 269, ""file_offset"": 19360, ""floor_field"": 2, ""entity_id_field"": 16653, ""group"": 0, ""room"": 2, ""unknown_a3"": 0, ""position"": [0.0, -2.0, -30.0], ""angles"": [0, 32768, 0], ""params"": [1.0, 1.0, 1.0, 1, 0, 0], ""unused_pointer"": 118255312}"
extermination-ep2/q131-bb-j,1,37,"{""base_type"": 2, ""set_flags"": 2, ""runtime_index"": 94, ""file_offset"": 6152, ""floor_field"": 2, ""entity_id_field"": 16478, ""group"": 0, ""room"": 1, ""unknown_a3"": 0, ""position"": [-1.9073486328125e-05, -2.0, -30.0], ""angles"": [0, 32768, 0], ""params"": [1.0, 1.0, 1.0, 0, 0, 0], ""unused_pointer"": 118126496}"
extermination-ep2/q131-bb-j,1,58,"{""base_type"": 2, ""set_flags"": 2, ""runtime_index"": 115, ""file_offset"": 7580, ""floor_field"": 1, ""entity_id_field"": 16499, ""group"": 0, ""room"": 50, ""unknown_a3"": 0, ""position"": [0.04831409454345703, 0.0, -8.186111450195312], ""angles"": [0, -10495, 0], ""params"": [1.0, 1.0, 1.0, 2, 0, 1], ""unused_pointer"": 118141520}"
extermination-ep2/q131-bb-j,2,29,"{""base_type"": 2, ""set_flags"": 2, ""runtime_index"": 269, ""file_offset"": 19360, ""floor_field"": 2, ""entity_id_field"": 16653, ""group"": 0, ""room"": 2, ""unknown_a3"": 0, ""position"": [0.0, -2.0, -30.0], ""angles"": [0, 32768, 0], ""params"": [1.0, 1.0, 1.0, 1, 0, 0], ""unused_pointer"": 118255312}"
extermination-ep2/q132-bb-e,3,11,"{""base_type"": 2, ""set_flags"": 0, ""runtime_index"": 0, ""file_offset"": 4384, ""floor_field"": 0, ""entity_id_field"": 0, ""group"": 0, ""room"": 8, ""unknown_a3"": 0, ""position"": [-2.4682276248931885, 3.499971389770508, -14.137116432189941], ""angles"": [0, 0, 0], ""params"": [1.0, 1.0, 1.0, 0, 0, 0], ""unused_pointer"": 0}"
extermination-ep2/q132-bb-e,15,5,"{""base_type"": 2, ""set_flags"": 0, ""runtime_index"": 0, ""file_offset"": 5556, ""floor_field"": 0, ""entity_id_field"": 0, ""group"": 0, ""room"": 1, ""unknown_a3"": 0, ""position"": [-235.0, 2.070000171661377, 35.0], ""angles"": [0, 0, 0], ""params"": [1.0, 1.0, 1.0, 0, 0, 0], ""unused_pointer"": 0}"
extermination-ep2/q132-bb-j,3,11,"{""base_type"": 2, ""set_flags"": 0, ""runtime_index"": 0, ""file_offset"": 4384, ""floor_field"": 0, ""entity_id_field"": 0, ""group"": 0, ""room"": 8, ""unknown_a3"": 0, ""position"": [-2.4682276248931885, 3.499971389770508, -14.137116432189941], ""angles"": [0, 0, 0], ""params"": [1.0, 1.0, 1.0, 0, 0, 0], ""unused_pointer"": 0}"
extermination-ep2/q132-bb-j,15,5,"{""base_type"": 2, ""set_flags"": 0, ""runtime_index"": 0, ""file_offset"": 5556, ""floor_field"": 0, ""entity_id_field"": 0, ""group"": 0, ""room"": 1, ""unknown_a3"": 0, ""position"": [-235.0, 2.070000171661377, 35.0], ""angles"": [0, 0, 0], ""params"": [1.0, 1.0, 1.0, 0, 0, 0], ""unused_pointer"": 0}"
extermination-ep2/q166-bb-e,1,17,"{""base_type"": 2, ""set_flags"": 0, ""runtime_index"": 0, ""file_offset"": 4112, ""floor_field"": 0, ""entity_id_field"": 9286, ""group"": 0, ""room"": 5, ""unknown_a3"": 0, ""position"": [0.0, -2.0, -30.0], ""angles"": [0, 32768, 0], ""params"": [1.0, 1.0, 1.0, 0, 0, 0], ""unused_pointer"": 0}"
extermination-ep2/q166-bb-e,1,101,"{""base_type"": 2, ""set_flags"": 0, ""runtime_index"": 0, ""file_offset"": 9824, ""floor_field"": 0, ""entity_id_field"": 0, ""group"": 0, ""room"": 4, ""unknown_a3"": 0, ""position"": [0.8117719888687134, -2.0, -21.48012351989746], ""angles"": [0, 32768, 0], ""params"": [1.0, 1.0, 1.0, 0, 0, 1], ""unused_pointer"": 0}"
extermination-ep2/q167-bb-e,3,7,"{""base_type"": 2, ""set_flags"": 0, ""runtime_index"": 0, ""file_offset"": 3432, ""floor_field"": 0, ""entity_id_field"": 55617, ""group"": 0, ""room"": 3, ""unknown_a3"": 0, ""position"": [0.0, 4.0, -5.0], ""angles"": [0, 32768, 0], ""params"": [1.0, 1.0, 1.0, 0, 0, 1], ""unused_pointer"": 0}"
extermination-ep2/q167-bb-e,3,14,"{""base_type"": 2, ""set_flags"": 0, ""runtime_index"": 0, ""file_offset"": 3908, ""floor_field"": 0, ""entity_id_field"": 57921, ""group"": 0, ""room"": 5, ""unknown_a3"": 0, ""position"": [0.0, 3.0, -5.0], ""angles"": [0, -32768, 0], ""params"": [1.0, 1.0, 1.0, 0, 0, 1], ""unused_pointer"": 0}"
extermination-ep2/q167-bb-e,3,37,"{""base_type"": 2, ""set_flags"": 0, ""runtime_index"": 0, ""file_offset"": 5472, ""floor_field"": 0, ""entity_id_field"": 11846, ""group"": 0, ""room"": 8, ""unknown_a3"": 0, ""position"": [0.0, 3.499969005584717, -5.0], ""angles"": [0, 10752, 0], ""params"": [1.0, 1.0, 1.0, 0, 0, 0], ""unused_pointer"": 0}"
extermination-ep2/q167-bb-e,3,40,"{""base_type"": 2, ""set_flags"": 0, ""runtime_index"": 0, ""file_offset"": 5676, ""floor_field"": 0, ""entity_id_field"": 1602, ""group"": 0, ""room"": 9, ""unknown_a3"": 0, ""position"": [0.0, 3.5, -5.0], ""angles"": [0, 10753, 0], ""params"": [1.0, 1.0, 1.0, 0, 0, 0], ""unused_pointer"": 0}"
extermination-ep2/q171-bb-e,1,134,"{""base_type"": 2, ""set_flags"": 0, ""runtime_index"": 0, ""file_offset"": 12680, ""floor_field"": 0, ""entity_id_field"": 0, ""group"": 0, ""room"": 60, ""unknown_a3"": 0, ""position"": [5.0, 0.0, -24.101516723632812], ""angles"": [0, 11000, 0], ""params"": [1.0, 1.0, 1.0, 2, 2, 1], ""unused_pointer"": 0}"
extermination-ep2/q171-bb-e,1,167,"{""base_type"": 2, ""set_flags"": 0, ""runtime_index"": 0, ""file_offset"": 14924, ""floor_field"": 0, ""entity_id_field"": 0, ""group"": 0, ""room"": 80, ""unknown_a3"": 0, ""position"": [-20.03973388671875, 0.0, -18.22320556640625], ""angles"": [0, 41400, 0], ""params"": [1.0, 1.0, 0.0, 0, 0, 0], ""unused_pointer"": 0}"
extermination-ep2/q171-bb-e,1,168,"{""base_type"": 2, ""set_flags"": 0, ""runtime_index"": 0, ""file_offset"": 14992, ""floor_field"": 0, ""entity_id_field"": 0, ""group"": 0, ""room"": 6, ""unknown_a3"": 0, ""position"": [32.37558364868164, -2.0, -24.62894058227539], ""angles"": [0, 11400, 0], ""params"": [1.0, 1.0, 0.0, 0, 0, 0], ""unused_pointer"": 0}"
extermination-ep2/q171-bb-e,2,0,"{""base_type"": 2, ""set_flags"": 0, ""runtime_index"": 0, ""file_offset"": 19496, ""floor_field"": 0, ""entity_id_field"": 0, ""group"": 0, ""room"": 5, ""unknown_a3"": 0, ""position"": [2.15521240234375, -2.0, -16.3468017578125], ""angles"": [0, 33000, 0], ""params"": [1.0, 0.0, 1.0, 1, 1, 0], ""unused_pointer"": 0}"
extermination-ep2/q171-bb-e,2,50,"{""base_type"": 2, ""set_flags"": 0, ""runtime_index"": 0, ""file_offset"": 22896, ""floor_field"": 0, ""entity_id_field"": 0, ""group"": 0, ""room"": 4, ""unknown_a3"": 0, ""position"": [0.5432894229888916, -2.0, 0.6321913599967957], ""angles"": [0, 0, 0], ""params"": [1.0, 1.0, 1.0, 0, 0, 1], ""unused_pointer"": 0}"
extermination-ep2/q172-bb-e,3,86,"{""base_type"": 2, ""set_flags"": 0, ""runtime_index"": 0, ""file_offset"": 9484, ""floor_field"": 0, ""entity_id_field"": 0, ""group"": 0, ""room"": 42, ""unknown_a3"": 0, ""position"": [-0.24949920177459717, 3.0, 217.7471923828125], ""angles"": [0, 0, 0], ""params"": [1.0, 1.0, 1.0, 0, 0, 0], ""unused_pointer"": 0}"
extermination-ep2/q172-bb-e,3,132,"{""base_type"": 2, ""set_flags"": 0, ""runtime_index"": 0, ""file_offset"": 12612, ""floor_field"": 0, ""entity_id_field"": 0, ""group"": 0, ""room"": 30, ""unknown_a3"": 0, ""position"": [1.8561553955078125, 0.0, 0.35125732421875], ""angles"": [0, 0, 0], ""params"": [1.0, 1.0, 1.0, 4, 0, 1], ""unused_pointer"": 0}"
extermination-ep2/q172-bb-e,4,21,"{""base_type"": 2, ""set_flags"": 0, ""runtime_index"": 0, ""file_offset"": 16844, ""floor_field"": 0, ""entity_id_field"": 0, ""group"": 0, ""room"": 3, ""unknown_a3"": 0, ""position"": [0.6082763671875, 3.5, -18.418701171875], ""angles"": [0, 0, 0], ""params"": [1.0, 1.0, 1.0, 3, 0, 0], ""unused_pointer"": 0}"
extermination-ep2/q172-bb-e,4,22,"{""base_type"": 2, ""set_flags"": 0, ""runtime_index"": 0, ""file_offset"": 16912, ""floor_field"": 0, ""entity_id_field"": 0, ""group"": 0, ""room"": 4, ""unknown_a3"": 0, ""position"": [0.8221490383148193, 3.499969482421875, -12.038897514343262], ""angles"": [0, 0, 0], ""params"": [1.0, 1.0, 1.0, 3, 0, 0], ""unused_pointer"": 0}"
extermination-ep2/q172-bb-e,4,182,"{""base_type"": 2, ""set_flags"": 0, ""runtime_index"": 0, ""file_offset"": 27792, ""floor_field"": 0, ""entity_id_field"": 0, ""group"": 0, ""room"": 8, ""unknown_a3"": 0, ""position"": [0.0928955078125, 3.5, 0.33489990234375], ""angles"": [0, 0, 0], ""params"": [1.0, 1.0, 1.0, 0, 0, 1], ""unused_pointer"": 0}"
extermination-ep2/q280-bb-e,2,16,"{""base_type"": 2, ""set_flags"": 0, ""runtime_index"": 32000, ""file_offset"": 4316, ""floor_field"": 3, ""entity_id_field"": 18580, ""group"": 0, ""room"": 1, ""unknown_a3"": 0, ""position"": [0.0, -2.0, -30.0], ""angles"": [0, 32768, 0], ""params"": [1.0, 1.0, 1.0, 0, 0, 0], ""unused_pointer"": 77507328}"
extermination-ep2/q280-bb-e,15,0,"{""base_type"": 2, ""set_flags"": 0, ""runtime_index"": 2138, ""file_offset"": 41216, ""floor_field"": 15, ""entity_id_field"": 18560, ""group"": 1, ""room"": 1, ""unknown_a3"": 0, ""position"": [-170.0, 2.0, -90.0], ""angles"": [0, 0, 0], ""params"": [1.0, 1.0, 1.0, 9, 0, 1], ""unused_pointer"": 77500224}"
extermination-ep4/q811-bb-e,1,10,"{""base_type"": 2, ""set_flags"": 0, ""runtime_index"": 1260, ""file_offset"": 2480, ""floor_field"": 1, ""entity_id_field"": 17668, ""group"": 0, ""room"": 10, ""unknown_a3"": 0, ""position"": [-356.8500061035156, 0.09258199483156204, -236.9910888671875], ""angles"": [0, 0, 0], ""params"": [1.0, 1.0, 1.0, 0, 0, 1], ""unused_pointer"": 26843680}"
extermination-ep4/q811-bb-e,1,197,"{""base_type"": 2, ""set_flags"": 0, ""runtime_index"": 1252, ""file_offset"": 15196, ""floor_field"": 1, ""entity_id_field"": 18173, ""group"": 0, ""room"": 30, ""unknown_a3"": 0, ""position"": [145.1728515625, 0.0, -793.8683471679688], ""angles"": [0, 0, 0], ""params"": [1.0, 1.0, 1.0, 0, 0, 0], ""unused_pointer"": 31275216}"
extermination-ep4/q811-bb-j,1,10,"{""base_type"": 2, ""set_flags"": 0, ""runtime_index"": 1260, ""file_offset"": 2480, ""floor_field"": 1, ""entity_id_field"": 17668, ""group"": 0, ""room"": 10, ""unknown_a3"": 0, ""position"": [-356.8500061035156, 0.09258199483156204, -236.9910888671875], ""angles"": [0, 0, 0], ""params"": [1.0, 1.0, 1.0, 0, 0, 1], ""unused_pointer"": 26843680}"
extermination-ep4/q811-bb-j,1,197,"{""base_type"": 2, ""set_flags"": 0, ""runtime_index"": 1252, ""file_offset"": 15196, ""floor_field"": 1, ""entity_id_field"": 18173, ""group"": 0, ""room"": 30, ""unknown_a3"": 0, ""position"": [145.1728515625, 0.0, -793.8683471679688], ""angles"": [0, 0, 0], ""params"": [1.0, 1.0, 1.0, 0, 0, 0], ""unused_pointer"": 31275216}"
extermination-ep4/q812-bb-e,5,4,"{""base_type"": 2, ""set_flags"": 0, ""runtime_index"": 1255, ""file_offset"": 2072, ""floor_field"": 5, ""entity_id_field"": 17893, ""group"": 0, ""room"": 10, ""unknown_a3"": 0, ""position"": [-170.76812744140625, -17.78997802734375, 81.88446044921875], ""angles"": [0, 0, 0], ""params"": [1.0, 1.0, 1.0, 0, 0, 1], ""unused_pointer"": 35363488}"
extermination-ep4/q812-bb-e,5,84,"{""base_type"": 2, ""set_flags"": 0, ""runtime_index"": 1252, ""file_offset"": 7512, ""floor_field"": 5, ""entity_id_field"": 17739, ""group"": 0, ""room"": 60, ""unknown_a3"": 0, ""position"": [577.6556396484375, 19.100006103515625, -166.3311767578125], ""angles"": [0, 0, 0], ""params"": [1.0, 1.0, 1.0, 0, 0, 0], ""unused_pointer"": 47223344}"
extermination-ep4/q812-bb-j,5,4,"{""base_type"": 2, ""set_flags"": 0, ""runtime_index"": 1255, ""file_offset"": 2072, ""floor_field"": 5, ""entity_id_field"": 17893, ""group"": 0, ""room"": 10, ""unknown_a3"": 0, ""position"": [-170.76812744140625, -17.78997802734375, 81.88446044921875], ""angles"": [0, 0, 0], ""params"": [1.0, 1.0, 1.0, 0, 0, 1], ""unused_pointer"": 35363488}"
extermination-ep4/q812-bb-j,5,84,"{""base_type"": 2, ""set_flags"": 0, ""runtime_index"": 1252, ""file_offset"": 7512, ""floor_field"": 5, ""entity_id_field"": 17739, ""group"": 0, ""room"": 60, ""unknown_a3"": 0, ""position"": [577.6556396484375, 19.100006103515625, -166.3311767578125], ""angles"": [0, 0, 0], ""params"": [1.0, 1.0, 1.0, 0, 0, 0], ""unused_pointer"": 47223344}"
extermination-ep4/q813-bb-e,6,67,"{""base_type"": 2, ""set_flags"": 0, ""runtime_index"": 1155, ""file_offset"": 6356, ""floor_field"": 6, ""entity_id_field"": 17647, ""group"": 0, ""room"": 80, ""unknown_a3"": 0, ""position"": [-4.25762939453125, 0.0, -8.050048828125], ""angles"": [0, 16384, 0], ""params"": [1.0, 1.0, 1.0, 0, 0, 0], ""unused_pointer"": 26818848}"
extermination-ep4/q813-bb-e,6,77,"{""base_type"": 2, ""set_flags"": 0, ""runtime_index"": 1324, ""file_offset"": 7036, ""floor_field"": 6, ""entity_id_field"": 19992, ""group"": 0, ""room"": 82, ""unknown_a3"": 0, ""position"": [0.0, -1.1920928955078125e-07, 0.0], ""angles"": [0, 0, 0], ""params"": [1.0, 1.0, 1.0, 0, 0, 1], ""unused_pointer"": 26894400}"
extermination-ep4/q813-bb-j,6,67,"{""base_type"": 2, ""set_flags"": 0, ""runtime_index"": 1155, ""file_offset"": 6356, ""floor_field"": 6, ""entity_id_field"": 17647, ""group"": 0, ""room"": 80, ""unknown_a3"": 0, ""position"": [-4.25762939453125, 0.0, -8.050048828125], ""angles"": [0, 16384, 0], ""params"": [1.0, 1.0, 1.0, 0, 0, 0], ""unused_pointer"": 26818848}"
extermination-ep4/q813-bb-j,6,77,"{""base_type"": 2, ""set_flags"": 0, ""runtime_index"": 1324, ""file_offset"": 7036, ""floor_field"": 6, ""entity_id_field"": 19992, ""group"": 0, ""room"": 82, ""unknown_a3"": 0, ""position"": [0.0, -1.1920928955078125e-07, 0.0], ""angles"": [0, 0, 0], ""params"": [1.0, 1.0, 1.0, 0, 0, 1], ""unused_pointer"": 26894400}"
extermination-ep4/q814-bb-e,7,37,"{""base_type"": 2, ""set_flags"": 0, ""runtime_index"": 1261, ""file_offset"": 4316, ""floor_field"": 7, ""entity_id_field"": 17977, ""group"": 0, ""room"": 10, ""unknown_a3"": 0, ""position"": [100.0999984741211, 0.0, -363.91998291015625], ""angles"": [0, 0, 0], ""params"": [1.0, 1.0, 1.0, 0, 0, 0], ""unused_pointer"": 42512384}"
extermination-ep4/q814-bb-e,7,42,"{""base_type"": 2, ""set_flags"": 0, ""runtime_index"": 1480, ""file_offset"": 4656, ""floor_field"": 7, ""entity_id_field"": 17983, ""group"": 0, ""room"": 10, ""unknown_a3"": 0, ""position"": [376.1199951171875, 0.0, -110.30999755859375], ""angles"": [0, 0, 0], ""params"": [1.0, 1.0, 1.0, 0, 0, 1], ""unused_pointer"": 42513472}"
extermination-ep4/q814-bb-j,7,37,"{""base_type"": 2, ""set_flags"": 0, ""runtime_index"": 1261, ""file_offset"": 4316, ""floor_field"": 7, ""entity_id_field"": 17977, ""group"": 0, ""room"": 10, ""unknown_a3"": 0, ""position"": [100.0999984741211, 0.0, -363.91998291015625], ""angles"": [0, 0, 0], ""params"": [1.0, 1.0, 1.0, 0, 0, 0], ""unused_pointer"": 42512384}"
extermination-ep4/q814-bb-j,7,42,"{""base_type"": 2, ""set_flags"": 0, ""runtime_index"": 1480, ""file_offset"": 4656, ""floor_field"": 7, ""entity_id_field"": 17983, ""group"": 0, ""room"": 10, ""unknown_a3"": 0, ""position"": [376.1199951171875, 0.0, -110.30999755859375], ""angles"": [0, 0, 0], ""params"": [1.0, 1.0, 1.0, 0, 0, 1], ""unused_pointer"": 42513472}"
extermination-ep4/q815-bb-e,8,0,"{""base_type"": 2, ""set_flags"": 0, ""runtime_index"": 1614, ""file_offset"": 1800, ""floor_field"": 8, ""entity_id_field"": 19003, ""group"": 0, ""room"": 10, ""unknown_a3"": 0, ""position"": [0.0, 0.0, 0.0], ""angles"": [0, 0, 0], ""params"": [1.0, 1.0, 1.0, 0, 0, 1], ""unused_pointer"": 32655760}"
extermination-ep4/q815-bb-e,8,162,"{""base_type"": 2, ""set_flags"": 0, ""runtime_index"": 1486, ""file_offset"": 12816, ""floor_field"": 8, ""entity_id_field"": 17704, ""group"": 0, ""room"": 110, ""unknown_a3"": 0, ""position"": [-245.9644317626953, -39.64341354370117, 35.1927490234375], ""angles"": [0, -4608, 0], ""params"": [1.0, 1.0, 1.0, 0, 0, 0], ""unused_pointer"": 31285968}"
extermination-ep4/q815-bb-j,8,0,"{""base_type"": 2, ""set_flags"": 0, ""runtime_index"": 1614, ""file_offset"": 1800, ""floor_field"": 8, ""entity_id_field"": 19003, ""group"": 0, ""room"": 10, ""unknown_a3"": 0, ""position"": [0.0, 0.0, 0.0], ""angles"": [0, 0, 0], ""params"": [1.0, 1.0, 1.0, 0, 0, 1], ""unused_pointer"": 32655760}"
extermination-ep4/q815-bb-j,8,162,"{""base_type"": 2, ""set_flags"": 0, ""runtime_index"": 1486, ""file_offset"": 12816, ""floor_field"": 8, ""entity_id_field"": 17704, ""group"": 0, ""room"": 110, ""unknown_a3"": 0, ""position"": [-245.9644317626953, -39.64341354370117, 35.1927490234375], ""angles"": [0, -4608, 0], ""params"": [1.0, 1.0, 1.0, 0, 0, 0], ""unused_pointer"": 31285968}"
extermination-ep4/q816-bb-e,1,136,"{""base_type"": 2, ""set_flags"": 0, ""runtime_index"": 1484, ""file_offset"": 11048, ""floor_field"": 1, ""entity_id_field"": 17905, ""group"": 0, ""room"": 50, ""unknown_a3"": 0, ""position"": [-139.5902099609375, 0.0, 650.2021484375], ""angles"": [0, 0, 0], ""params"": [1.0, 1.0, 1.0, 0, 0, 0], ""unused_pointer"": 32150112}"
extermination-ep4/q816-bb-e,1,171,"{""base_type"": 2, ""set_flags"": 0, ""runtime_index"": 1524, ""file_offset"": 13428, ""floor_field"": 1, ""entity_id_field"": 17668, ""group"": 0, ""room"": 60, ""unknown_a3"": 0, ""position"": [-22.813232421875, 9.719103813171387, -701.2158203125], ""angles"": [0, 0, 0], ""params"": [1.0, 1.0, 1.0, 0, 0, 1], ""unused_pointer"": 30841520}"
extermination-ep4/q816-bb-j,1,136,"{""base_type"": 2, ""set_flags"": 0, ""runtime_index"": 1484, ""file_offset"": 11048, ""floor_field"": 1, ""entity_id_field"": 17905, ""group"": 0, ""room"": 50, ""unknown_a3"": 0, ""position"": [-139.5902099609375, 0.0, 650.2021484375], ""angles"": [0, 0, 0], ""params"": [1.0, 1.0, 1.0, 0, 0, 0], ""unused_pointer"": 32150112}"
extermination-ep4/q816-bb-j,1,171,"{""base_type"": 2, ""set_flags"": 0, ""runtime_index"": 1524, ""file_offset"": 13428, ""floor_field"": 1, ""entity_id_field"": 17668, ""group"": 0, ""room"": 60, ""unknown_a3"": 0, ""position"": [-22.813232421875, 9.719103813171387, -701.2158203125], ""angles"": [0, 0, 0], ""params"": [1.0, 1.0, 1.0, 0, 0, 1], ""unused_pointer"": 30841520}"
extermination-ep4/q817-bb-e,5,25,"{""base_type"": 2, ""set_flags"": 0, ""runtime_index"": 1498, ""file_offset"": 3500, ""floor_field"": 5, ""entity_id_field"": 17968, ""group"": 0, ""room"": 50, ""unknown_a3"": 0, ""position"": [132.96954345703125, 19.230010986328125, -557.7566528320312], ""angles"": [0, 0, 0], ""params"": [1.0, 1.0, 1.0, 0, 0, 0], ""unused_pointer"": 39687200}"
extermination-ep4/q817-bb-e,5,33,"{""base_type"": 2, ""set_flags"": 0, ""runtime_index"": 1510, ""file_offset"": 4044, ""floor_field"": 5, ""entity_id_field"": 17663, ""group"": 1, ""room"": 60, ""unknown_a3"": 0, ""position"": [431.4599609375, -0.756439208984375, -63.75555419921875], ""angles"": [0, 0, 0], ""params"": [1.0, 1.0, 1.0, 0, 0, 1], ""unused_pointer"": 28809360}"
extermination-ep4/q817-bb-j,5,25,"{""base_type"": 2, ""set_flags"": 0, ""runtime_index"": 1498, ""file_offset"": 3500, ""floor_field"": 5, ""entity_id_field"": 17968, ""group"": 0, ""room"": 50, ""unknown_a3"": 0, ""position"": [132.96954345703125, 19.230010986328125, -557.7566528320312], ""angles"": [0, 0, 0], ""params"": [1.0, 1.0, 1.0, 0, 0, 0], ""unused_pointer"": 39687200}"
extermination-ep4/q817-bb-j,5,33,"{""base_type"": 2, ""set_flags"": 0, ""runtime_index"": 1510, ""file_offset"": 4044, ""floor_field"": 5, ""entity_id_field"": 17663, ""group"": 1, ""room"": 60, ""unknown_a3"": 0, ""position"": [431.4599609375, -0.756439208984375, -63.75555419921875], ""angles"": [0, 0, 0], ""params"": [1.0, 1.0, 1.0, 0, 0, 1], ""unused_pointer"": 28809360}"
extermination-ep4/q818-bb-e,6,124,"{""base_type"": 2, ""set_flags"": 0, ""runtime_index"": 1592, ""file_offset"": 10232, ""floor_field"": 6, ""entity_id_field"": 19414, ""group"": 0, ""room"": 80, ""unknown_a3"": 0, ""position"": [-7.223152160644531, 0.0, -13.334228515625], ""angles"": [0, 0, 0], ""params"": [1.0, 1.0, 1.0, 0, 0, 1], ""unused_pointer"": 125844144}"
extermination-ep4/q818-bb-e,6,137,"{""base_type"": 2, ""set_flags"": 0, ""runtime_index"": 1571, ""file_offset"": 11116, ""floor_field"": 6, ""entity_id_field"": 19084, ""group"": 0, ""room"": 83, ""unknown_a3"": 0, ""position"": [6.67724609375, -1.4901161193847656e-08, -43.6123046875], ""angles"": [0, -32768, 0], ""params"": [1.0, 1.0, 1.0, 0, 0, 0], ""unused_pointer"": 125866704}"
extermination-ep4/q818-bb-j,6,124,"{""base_type"": 2, ""set_flags"": 0, ""runtime_index"": 1592, ""file_offset"": 10232, ""floor_field"": 6, ""entity_id_field"": 19414, ""group"": 0, ""room"": 80, ""unknown_a3"": 0, ""position"": [-7.223152160644531, 0.0, -13.334228515625], ""angles"": [0, 0, 0], ""params"": [1.0, 1.0, 1.0, 0, 0, 1], ""unused_pointer"": 125844144}"
extermination-ep4/q818-bb-j,6,137,"{""base_type"": 2, ""set_flags"": 0, ""runtime_index"": 1571, ""file_offset"": 11116, ""floor_field"": 6, ""entity_id_field"": 19084, ""group"": 0, ""room"": 83, ""unknown_a3"": 0, ""position"": [6.67724609375, -1.4901161193847656e-08, -43.6123046875], ""angles"": [0, -32768, 0], ""params"": [1.0, 1.0, 1.0, 0, 0, 0], ""unused_pointer"": 125866704}"
extermination-ep4/q819-bb-e,7,24,"{""base_type"": 2, ""set_flags"": 0, ""runtime_index"": 1254, ""file_offset"": 3432, ""floor_field"": 7, ""entity_id_field"": 17898, ""group"": 0, ""room"": 10, ""unknown_a3"": 0, ""position"": [-171.9199981689453, -9.499490261077881e-07, -121.96846771240234], ""angles"": [0, 0, 0], ""params"": [1.0, 1.0, 1.0, 0, 0, 1], ""unused_pointer"": 37329824}"
extermination-ep4/q819-bb-e,7,83,"{""base_type"": 2, ""set_flags"": 0, ""runtime_index"": 1483, ""file_offset"": 7444, ""floor_field"": 7, ""entity_id_field"": 18029, ""group"": 0, ""room"": 10, ""unknown_a3"": 0, ""position"": [303.9100036621094, -9.499490261077881e-07, -134.3680419921875], ""angles"": [0, 0, 0], ""params"": [1.0, 1.0, 1.0, 0, 0, 0], ""unused_pointer"": 37327184}"
extermination-ep4/q819-bb-j,7,24,"{""base_type"": 2, ""set_flags"": 0, ""runtime_index"": 1254, ""file_offset"": 3432, ""floor_field"": 7, ""entity_id_field"": 17898, ""group"": 0, ""room"": 10, ""unknown_a3"": 0, ""position"": [-171.9199981689453, -9.499490261077881e-07, -121.96846771240234], ""angles"": [0, 0, 0], ""params"": [1.0, 1.0, 1.0, 0, 0, 1], ""unused_pointer"": 37329824}"
extermination-ep4/q819-bb-j,7,83,"{""base_type"": 2, ""set_flags"": 0, ""runtime_index"": 1483, ""file_offset"": 7444, ""floor_field"": 7, ""entity_id_field"": 18029, ""group"": 0, ""room"": 10, ""unknown_a3"": 0, ""position"": [303.9100036621094, -9.499490261077881e-07, -134.3680419921875], ""angles"": [0, 0, 0], ""params"": [1.0, 1.0, 1.0, 0, 0, 0], ""unused_pointer"": 37327184}"
extermination-ep4/q820-bb-e,8,115,"{""base_type"": 2, ""set_flags"": 0, ""runtime_index"": 1500, ""file_offset"": 9620, ""floor_field"": 8, ""entity_id_field"": 18045, ""group"": 1, ""room"": 70, ""unknown_a3"": 0, ""position"": [-141.3707275390625, -3.337860107421875e-06, 7.59454345703125], ""angles"": [0, 0, 0], ""params"": [1.0, 1.0, 1.0, 0, 0, 1], ""unused_pointer"": 36082656}"
extermination-ep4/q820-bb-e,8,144,"{""base_type"": 2, ""set_flags"": 0, ""runtime_index"": 1485, ""file_offset"": 11592, ""floor_field"": 8, ""entity_id_field"": 17990, ""group"": 0, ""room"": 90, ""unknown_a3"": 0, ""position"": [0.0, -3.000000238418579, 0.0], ""angles"": [0, 0, 0], ""params"": [1.0, 1.0, 1.0, 0, 0, 0], ""unused_pointer"": 36869344}"
extermination-ep4/q820-bb-j,8,115,"{""base_type"": 2, ""set_flags"": 0, ""runtime_index"": 1500, ""file_offset"": 9620, ""floor_field"": 8, ""entity_id_field"": 18045, ""group"": 1, ""room"": 70, ""unknown_a3"": 0, ""position"": [-141.3707275390625, -3.337860107421875e-06, 7.59454345703125], ""angles"": [0, 0, 0], ""params"": [1.0, 1.0, 1.0, 0, 0, 1], ""unused_pointer"": 36082656}"
extermination-ep4/q820-bb-j,8,144,"{""base_type"": 2, ""set_flags"": 0, ""runtime_index"": 1485, ""file_offset"": 11592, ""floor_field"": 8, ""entity_id_field"": 17990, ""group"": 0, ""room"": 90, ""unknown_a3"": 0, ""position"": [0.0, -3.000000238418579, 0.0], ""angles"": [0, 0, 0], ""params"": [1.0, 1.0, 1.0, 0, 0, 0], ""unused_pointer"": 36869344}"
government-ep1/q401-bb-e,1,12,"{""base_type"": 2, ""set_flags"": 0, ""runtime_index"": 1472, ""file_offset"": 2684, ""floor_field"": 1, ""entity_id_field"": 17864, ""group"": 0, ""room"": 4, ""unknown_a3"": 0, ""position"": [55.27099609375, 1.5585541725158691, -91.37347412109375], ""angles"": [0, 0, 0], ""params"": [1.000000238418579, 1.0000001192092896, 1.000000238418579, 2, 0, 1], ""unused_pointer"": 2365214256}"
government-ep1/q401-bb-e,1,85,"{""base_type"": 2, ""set_flags"": 2, ""runtime_index"": 90, ""file_offset"": 7648, ""floor_field"": 1, ""entity_id_field"": 65535, ""group"": 0, ""room"": 16, ""unknown_a3"": 0, ""position"": [94.0750732421875, 4.69917106628418, 27.906158447265625], ""angles"": [0, 0, 0], ""params"": [1.0, 1.0, 1.0, 0, 0, 0], ""unused_pointer"": 2365316864}"
government-ep1/q401-bb-e,2,29,"{""base_type"": 2, ""set_flags"": 0, ""runtime_index"": 47367, ""file_offset"": 10996, ""floor_field"": 2, ""entity_id_field"": 30283, ""group"": 1, ""room"": 2, ""unknown_a3"": 0, ""position"": [74.45000457763672, 23.010000228881836, -121.0799560546875], ""angles"": [0, 12288, 0], ""params"": [1.0, 1.0, 1.0, 0, 0, 1], ""unused_pointer"": 2431509120}"
government-ep1/q401-bb-e,2,37,"{""base_type"": 2, ""set_flags"": 2, ""runtime_index"": 166, ""file_offset"": 11540, ""floor_field"": 2, ""entity_id_field"": 18437, ""group"": 0, ""room"": 5, ""unknown_a3"": 0, ""position"": [-75.43731689453125, 45.37071990966797, -44.46044921875], ""angles"": [0, 20480, 0], ""params"": [1.0, 1.0, 1.0, 1, 0, 0], ""unused_pointer"": 2365206816}"
government-ep1/q401-bb-j,1,12,"{""base_type"": 2, ""set_flags"": 0, ""runtime_index"": 1472, ""file_offset"": 2684, ""floor_field"": 1, ""entity_id_field"": 17864, ""group"": 0, ""room"": 4, ""unknown_a3"": 0, ""position"": [55.27099609375, 1.5585541725158691, -91.37347412109375], ""angles"": [0, 0, 0], ""params"": [1.000000238418579, 1.0000001192092896, 1.000000238418579, 2, 0, 1], ""unused_pointer"": 2365214256}"
government-ep1/q401-bb-j,1,85,"{""base_type"": 2, ""set_flags"": 2, ""runtime_index"": 90, ""file_offset"": 7648, ""floor_field"": 1, ""entity_id_field"": 65535, ""group"": 0, ""room"": 16, ""unknown_a3"": 0, ""position"": [94.0750732421875, 4.69917106628418, 27.906158447265625], ""angles"": [0, 0, 0], ""params"": [1.0, 1.0, 1.0, 0, 0, 0], ""unused_pointer"": 2365316864}"
government-ep1/q401-bb-j,2,29,"{""base_type"": 2, ""set_flags"": 0, ""runtime_index"": 47367, ""file_offset"": 10996, ""floor_field"": 2, ""entity_id_field"": 30283, ""group"": 1, ""room"": 2, ""unknown_a3"": 0, ""position"": [74.45000457763672, 23.010000228881836, -121.0799560546875], ""angles"": [0, 12288, 0], ""params"": [1.0, 1.0, 1.0, 0, 0, 1], ""unused_pointer"": 2431509120}"
government-ep1/q401-bb-j,2,37,"{""base_type"": 2, ""set_flags"": 2, ""runtime_index"": 166, ""file_offset"": 11540, ""floor_field"": 2, ""entity_id_field"": 18437, ""group"": 0, ""room"": 5, ""unknown_a3"": 0, ""position"": [-75.43731689453125, 45.37071990966797, -44.46044921875], ""angles"": [0, 20480, 0], ""params"": [1.0, 1.0, 1.0, 1, 0, 0], ""unused_pointer"": 2365206816}"
government-ep1/q402-bb-e,1,38,"{""base_type"": 2, ""set_flags"": 0, ""runtime_index"": 1581, ""file_offset"": 4452, ""floor_field"": 1, ""entity_id_field"": 19254, ""group"": 0, ""room"": 7, ""unknown_a3"": 0, ""position"": [-26.9940185546875, -2.6548027992248535, 111.28843688964844], ""angles"": [80, 0, 768], ""params"": [0.0, 0.0, 0.0, 2, 0, 1], ""unused_pointer"": 2365205168}"
government-ep1/q402-bb-e,1,64,"{""base_type"": 2, ""set_flags"": 2, ""runtime_index"": 93, ""file_offset"": 6220, ""floor_field"": 1, ""entity_id_field"": 19023, ""group"": 0, ""room"": 10, ""unknown_a3"": 0, ""position"": [172.08070373535156, 21.895780563354492, -176.5518035888672], ""angles"": [0, 2304, 0], ""params"": [1.0, 1.0, 1.0, 0, 0, 0], ""unused_pointer"": 2365224080}"
government-ep1/q402-bb-e,2,1,"{""base_type"": 2, ""set_flags"": 2, ""runtime_index"": 126, ""file_offset"": 9500, ""floor_field"": 2, ""entity_id_field"": 18354, ""group"": 0, ""room"": 1, ""unknown_a3"": 0, ""position"": [-105.65203857421875, 76.0923843383789, -107.3563232421875], ""angles"": [0, 0, 0], ""params"": [1.0, 1.0, 1.0, 1, 0, 0], ""unused_pointer"": 2365205312}"
government-ep1/q402-bb-e,2,90,"{""base_type"": 2, ""set_flags"": 0, ""runtime_index"": 53767, ""file_offset"": 15552, ""floor_field"": 2, ""entity_id_field"": 31561, ""group"": 1, ""room"": 12, ""unknown_a3"": 0, ""position"": [-84.672607421875, 53.681312561035156, -213.54495239257812], ""angles"": [0, 12288, 0], ""params"": [1.0, 1.0, 1.0, 0, 0, 1], ""unused_pointer"": 819651200}"
government-ep1/q402-bb-j,1,38,"{""base_type"": 2, ""set_flags"": 0, ""runtime_index"": 1581, ""file_offset"": 4452, ""floor_field"": 1, ""entity_id_field"": 19254, ""group"": 0, ""room"": 7, ""unknown_a3"": 0, ""position"": [-26.9940185546875, -2.6548027992248535, 111.28843688964844], ""angles"": [80, 0, 768], ""params"": [0.0, 0.0, 0.0, 2, 0, 1], ""unused_pointer"": 2365205168}"
government-ep1/q402-bb-j,1,64,"{""base_type"": 2, ""set_flags"": 2, ""runtime_index"": 93, ""file_offset"": 6220, ""floor_field"": 1, ""entity_id_field"": 19023, ""group"": 0, ""room"": 10, ""unknown_a3"": 0, ""position"": [172.08070373535156, 21.895780563354492, -176.5518035888672], ""angles"": [0, 2304, 0], ""params"": [1.0, 1.0, 1.0, 0, 0, 0], ""unused_pointer"": 2365224080}"
government-ep1/q402-bb-j,2,1,"{""base_type"": 2, ""set_flags"": 2, ""runtime_index"": 126, ""file_offset"": 9500, ""floor_field"": 2, ""entity_id_field"": 18354, ""group"": 0, ""room"": 1, ""unknown_a3"": 0, ""position"": [-105.65203857421875, 76.0923843383789, -107.3563232421875], ""angles"": [0, 0, 0], ""params"": [1.0, 1.0, 1.0, 1, 0, 0], ""unused_pointer"": 2365205312}"
government-ep1/q402-bb-j,2,90,"{""base_type"": 2, ""set_flags"": 0, ""runtime_index"": 53767, ""file_offset"": 15552, ""floor_field"": 2, ""entity_id_field"": 31561, ""group"": 1, ""room"": 12, ""unknown_a3"": 0, ""position"": [-84.672607421875, 53.681312561035156, -213.54495239257812], ""angles"": [0, 12288, 0], ""params"": [1.0, 1.0, 1.0, 0, 0, 1], ""unused_pointer"": 819651200}"
government-ep1/q403-bb-e,1,54,"{""base_type"": 2, ""set_flags"": 0, ""runtime_index"": 1576, ""file_offset"": 5540, ""floor_field"": 1, ""entity_id_field"": 18807, ""group"": 0, ""room"": 10, ""unknown_a3"": 0, ""position"": [172.08070373535156, 21.895780563354492, -176.5518035888672], ""angles"": [0, 2304, 0], ""params"": [1.0, 1.0, 1.0, 2, 0, 1], ""unused_pointer"": 2365205168}"
government-ep1/q403-bb-e,1,90,"{""base_type"": 2, ""set_flags"": 2, ""runtime_index"": 90, ""file_offset"": 7988, ""floor_field"": 1, ""entity_id_field"": 18031, ""group"": 0, ""room"": 16, ""unknown_a3"": 0, ""position"": [94.0750732421875, 4.69917106628418, 27.906158447265625], ""angles"": [0, 0, 0], ""params"": [1.0, 1.0, 1.0, 0, 0, 0], ""unused_pointer"": 2365205344}"
government-ep1/q403-bb-e,2,72,"{""base_type"": 2, ""set_flags"": 2, ""runtime_index"": 185, ""file_offset"": 14328, ""floor_field"": 2, ""entity_id_field"": 18681, ""group"": 0, ""room"": 10, ""unknown_a3"": 0, ""position"": [-30.408004760742188, 26.28238296508789, -207.50704956054688], ""angles"": [0, 0, 0], ""params"": [1.0, 1.0, 1.0, 1, 0, 0], ""unused_pointer"": 2365205312}"
government-ep1/q403-bb-e,11,0,"{""base_type"": 2, ""set_flags"": 0, ""runtime_index"": 1717, ""file_offset"": 18560, ""floor_field"": 11, ""entity_id_field"": 18123, ""group"": 1, ""room"": 1, ""unknown_a3"": 0, ""position"": [-237.16607666015625, 0.0, -42.48076248168945], ""angles"": [0, 32768, 0], ""params"": [120.00006103515625, 1.0, 1.0, 0, 0, 1], ""unused_pointer"": 2365208528}"
government-ep1/q403-bb-j,1,54,"{""base_type"": 2, ""set_flags"": 0, ""runtime_index"": 1576, ""file_offset"": 5540, ""floor_field"": 1, ""entity_id_field"": 18807, ""group"": 0, ""room"": 10, ""unknown_a3"": 0, ""position"": [172.08070373535156, 21.895780563354492, -176.5518035888672], ""angles"": [0, 2304, 0], ""params"": [1.0, 1.0, 1.0, 2, 0, 1], ""unused_pointer"": 2365205168}"
government-ep1/q403-bb-j,1,90,"{""base_type"": 2, ""set_flags"": 2, ""runtime_index"": 90, ""file_offset"": 7988, ""floor_field"": 1, ""entity_id_field"": 18031, ""group"": 0, ""room"": 16, ""unknown_a3"": 0, ""position"": [94.0750732421875, 4.69917106628418, 27.906158447265625], ""angles"": [0, 0, 0], ""params"": [1.0, 1.0, 1.0, 0, 0, 0], ""unused_pointer"": 2365205344}"
government-ep1/q403-bb-j,2,72,"{""base_type"": 2, ""set_flags"": 2, ""runtime_index"": 185, ""file_offset"": 14328, ""floor_field"": 2, ""entity_id_field"": 18681, ""group"": 0, ""room"": 10, ""unknown_a3"": 0, ""position"": [-30.408004760742188, 26.28238296508789, -207.50704956054688], ""angles"": [0, 0, 0], ""params"": [1.0, 1.0, 1.0, 1, 0, 0], ""unused_pointer"": 2365205312}"
government-ep1/q403-bb-j,11,0,"{""base_type"": 2, ""set_flags"": 0, ""runtime_index"": 1717, ""file_offset"": 18560, ""floor_field"": 11, ""entity_id_field"": 18123, ""group"": 1, ""room"": 1, ""unknown_a3"": 0, ""position"": [-237.16607666015625, 0.0, -42.48076248168945], ""angles"": [0, 32768, 0], ""params"": [120.00006103515625, 1.0, 1.0, 0, 0, 1], ""unused_pointer"": 2365208528}"
government-ep1/q404-bb-e,3,23,"{""base_type"": 2, ""set_flags"": 0, ""runtime_index"": 1579, ""file_offset"": 3432, ""floor_field"": 3, ""entity_id_field"": 18067, ""group"": 0, ""room"": 5, ""unknown_a3"": 0, ""position"": [0.0, 0.0, 45.0], ""angles"": [0, -43776, 0], ""params"": [1.0, 1.0, 1.0, 0, 0, 0], ""unused_pointer"": 2365212096}"
government-ep1/q404-bb-e,4,50,"{""base_type"": 2, ""set_flags"": 0, ""runtime_index"": 40455, ""file_offset"": 15756, ""floor_field"": 3, ""entity_id_field"": 19785, ""group"": 1, ""room"": 52, ""unknown_a3"": 0, ""position"": [0.0, -10.0, 0.0], ""angles"": [0, 0, 0], ""params"": [1.0, 1.0, 1.0, 0, 0, 1], ""unused_pointer"": 2417091456}"
government-ep1/q404-bb-j,3,23,"{""base_type"": 2, ""set_flags"": 0, ""runtime_index"": 1579, ""file_offset"": 3432, ""floor_field"": 3, ""entity_id_field"": 18067, ""group"": 0, ""room"": 5, ""unknown_a3"": 0, ""position"": [0.0, 0.0, 45.0], ""angles"": [0, -43776, 0], ""params"": [1.0, 1.0, 1.0, 0, 0, 0], ""unused_pointer"": 2365212096}"
government-ep1/q404-bb-j,4,50,"{""base_type"": 2, ""set_flags"": 0, ""runtime_index"": 40455, ""file_offset"": 15756, ""floor_field"": 3, ""entity_id_field"": 19785, ""group"": 1, ""room"": 52, ""unknown_a3"": 0, ""position"": [0.0, -10.0, 0.0], ""angles"": [0, 0, 0], ""params"": [1.0, 1.0, 1.0, 0, 0, 1], ""unused_pointer"": 2417091456}"
government-ep1/q405-bb-e,3,17,"{""base_type"": 2, ""set_flags"": 0, ""runtime_index"": 1579, ""file_offset"": 3024, ""floor_field"": 3, ""entity_id_field"": 18164, ""group"": 0, ""room"": 1, ""unknown_a3"": 0, ""position"": [0.0, 0.0, 45.0], ""angles"": [0, -43776, 0], ""params"": [1.0, 1.0, 1.0, 0, 0, 0], ""unused_pointer"": 2365244928}"
government-ep1/q405-bb-e,3,38,"{""base_type"": 2, ""set_flags"": 0, ""runtime_index"": 1555, ""file_offset"": 4452, ""floor_field"": 3, ""entity_id_field"": 18172, ""group"": 0, ""room"": 7, ""unknown_a3"": 0, ""position"": [0.0, 0.0, 35.0], ""angles"": [0, -43776, 0], ""params"": [1.0, 1.0, 1.0, 4, 0, 1], ""unused_pointer"": 2365232576}"
government-ep1/q405-bb-e,4,36,"{""base_type"": 2, ""set_flags"": 0, ""runtime_index"": 1298, ""file_offset"": 14668, ""floor_field"": 4, ""entity_id_field"": 65535, ""group"": 0, ""room"": 4, ""unknown_a3"": 0, ""position"": [10.0, 0.0, -44.0], ""angles"": [0, -31488, 0], ""params"": [1.0, 1.0, 1.0, 3, 0, 0], ""unused_pointer"": 2365213200}"
government-ep1/q405-bb-e,5,63,"{""base_type"": 2, ""set_flags"": 0, ""runtime_index"": 43271, ""file_offset"": 28352, ""floor_field"": 4, ""entity_id_field"": 14408, ""group"": 1, ""room"": 20, ""unknown_a3"": 0, ""position"": [-0.015380859375, -2.60770320892334e-07, -160.0], ""angles"": [0, 32769, 0], ""params"": [1.0, 1.0, 1.0, 0, 0, 1], ""unused_pointer"": 4037272192}"
government-ep1/q405-bb-j,3,17,"{""base_type"": 2, ""set_flags"": 0, ""runtime_index"": 1579, ""file_offset"": 3024, ""floor_field"": 3, ""entity_id_field"": 18164, ""group"": 0, ""room"": 1, ""unknown_a3"": 0, ""position"": [0.0, 0.0, 45.0], ""angles"": [0, -43776, 0], ""params"": [1.0, 1.0, 1.0, 0, 0, 0], ""unused_pointer"": 2365244928}"
government-ep1/q405-bb-j,3,38,"{""base_type"": 2, ""set_flags"": 0, ""runtime_index"": 1555, ""file_offset"": 4452, ""floor_field"": 3, ""entity_id_field"": 18172, ""group"": 0, ""room"": 7, ""unknown_a3"": 0, ""position"": [0.0, 0.0, 35.0], ""angles"": [0, -43776, 0], ""params"": [1.0, 1.0, 1.0, 4, 0, 1], ""unused_pointer"": 2365232576}"
government-ep1/q405-bb-j,4,36,"{""base_type"": 2, ""set_flags"": 0, ""runtime_index"": 1298, ""file_offset"": 14668, ""floor_field"": 4, ""entity_id_field"": 65535, ""group"": 0, ""room"": 4, ""unknown_a3"": 0, ""position"": [10.0, 0.0, -44.0], ""angles"": [0, -31488, 0], ""params"": [1.0, 1.0, 1.0, 3, 0, 0], ""unused_pointer"": 2365213200}"
government-ep1/q405-bb-j,5,63,"{""base_type"": 2, ""set_flags"": 0, ""runtime_index"": 43271, ""file_offset"": 28352, ""floor_field"": 4, ""entity_id_field"": 14408, ""group"": 1, ""room"": 20, ""unknown_a3"": 0, ""position"": [-0.015380859375, -2.60770320892334e-07, -160.0], ""angles"": [0, 32769, 0], ""params"": [1.0, 1.0, 1.0, 0, 0, 1], ""unused_pointer"": 4037272192}"
government-ep1/q406-bb-e,4,37,"{""base_type"": 2, ""set_flags"": 0, ""runtime_index"": 38151, ""file_offset"": 4384, ""floor_field"": 4, ""entity_id_field"": 24904, ""group"": 0, ""room"": 6, ""unknown_a3"": 0, ""position"": [10.0, 0.0, -44.0], ""angles"": [0, -31488, 0], ""params"": [1.0, 1.0, 1.0, 0, 0, 0], ""unused_pointer"": 3503612544}"
government-ep1/q406-bb-e,4,49,"{""base_type"": 2, ""set_flags"": 0, ""runtime_index"": 1311, ""file_offset"": 5200, ""floor_field"": 4, ""entity_id_field"": 65535, ""group"": 0, ""room"": 8, ""unknown_a3"": 0, ""position"": [10.0, 0.0, -44.0], ""angles"": [0, -31488, 0], ""params"": [1.0, 1.0, 1.0, 5, 0, 1], ""unused_pointer"": 2365228816}"
government-ep1/q406-bb-e,5,35,"{""base_type"": 2, ""set_flags"": 0, ""runtime_index"": 1289, ""file_offset"": 16232, ""floor_field"": 5, ""entity_id_field"": 65535, ""group"": 0, ""room"": 12, ""unknown_a3"": 0, ""position"": [0.0, 0.0, 50.0], ""angles"": [0, 0, 0], ""params"": [1.0, 1.0, 1.0, 4, 0, 0], ""unused_pointer"": 2365220816}"
government-ep1/q406-bb-e,6,43,"{""base_type"": 2, ""set_flags"": 0, ""runtime_index"": 36359, ""file_offset"": 29712, ""floor_field"": 5, ""entity_id_field"": 1352, ""group"": 1, ""room"": 70, ""unknown_a3"": 0, ""position"": [0.0, 1.0095536708831787e-06, 0.0], ""angles"": [0, 32768, 0], ""params"": [1.0, 1.0, 1.0, 0, 0, 1], ""unused_pointer"": 1351475840}"
government-ep1/q406-bb-j,4,37,"{""base_type"": 2, ""set_flags"": 0, ""runtime_index"": 38151, ""file_offset"": 4384, ""floor_field"": 4, ""entity_id_field"": 24904, ""group"": 0, ""room"": 6, ""unknown_a3"": 0, ""position"": [10.0, 0.0, -44.0], ""angles"": [0, -31488, 0], ""params"": [1.0, 1.0, 1.0, 0, 0, 0], ""unused_pointer"": 3503612544}"
government-ep1/q406-bb-j,4,49,"{""base_type"": 2, ""set_flags"": 0, ""runtime_index"": 1311, ""file_offset"": 5200, ""floor_field"": 4, ""entity_id_field"": 65535, ""group"": 0, ""room"": 8, ""unknown_a3"": 0, ""position"": [10.0, 0.0, -44.0], ""angles"": [0, -31488, 0], ""params"": [1.0, 1.0, 1.0, 5, 0, 1], ""unused_pointer"": 2365228816}"
government-ep1/q406-bb-j,5,35,"{""base_type"": 2, ""set_flags"": 0, ""runtime_index"": 1289, ""file_offset"": 16232, ""floor_field"": 5, ""entity_id_field"": 65535, ""group"": 0, ""room"": 12, ""unknown_a3"": 0, ""position"": [0.0, 0.0, 50.0], ""angles"": [0, 0, 0], ""params"": [1.0, 1.0, 1.0, 4, 0, 0], ""unused_pointer"": 2365220816}"
government-ep1/q406-bb-j,6,43,"{""base_type"": 2, ""set_flags"": 0, ""runtime_index"": 36359, ""file_offset"": 29712, ""floor_field"": 5, ""entity_id_field"": 1352, ""group"": 1, ""room"": 70, ""unknown_a3"": 0, ""position"": [0.0, 1.0095536708831787e-06, 0.0], ""angles"": [0, 32768, 0], ""params"": [1.0, 1.0, 1.0, 0, 0, 1], ""unused_pointer"": 1351475840}"
government-ep1/q407-bb-e,3,40,"{""base_type"": 2, ""set_flags"": 2, ""runtime_index"": 67, ""file_offset"": 4588, ""floor_field"": 3, ""entity_id_field"": 16451, ""group"": 0, ""room"": 7, ""unknown_a3"": 0, ""position"": [0.0, 0.0, 45.0], ""angles"": [0, -43776, 0], ""params"": [1.0, 1.0, 1.0, 0, 0, 0], ""unused_pointer"": 114856128}"
government-ep1/q407-bb-e,3,51,"{""base_type"": 2, ""set_flags"": 2, ""runtime_index"": 78, ""file_offset"": 5336, ""floor_field"": 3, ""entity_id_field"": 16462, ""group"": 0, ""room"": 8, ""unknown_a3"": 0, ""position"": [0.0, 0.0, 35.0], ""angles"": [0, -43776, 0], ""params"": [1.0, 1.0, 1.0, 4, 0, 1], ""unused_pointer"": 114858752}"
government-ep1/q407-bb-e,4,7,"{""base_type"": 2, ""set_flags"": 2, ""runtime_index"": 207, ""file_offset"": 14124, ""floor_field"": 4, ""entity_id_field"": 16591, ""group"": 0, ""room"": 2, ""unknown_a3"": 0, ""position"": [10.000003814697266, 0.0, -44.00001907348633], ""angles"": [0, -31488, 0], ""params"": [1.0, 1.0, 1.0, 5, 0, 1], ""unused_pointer"": 114843456}"
government-ep1/q407-bb-e,4,54,"{""base_type"": 2, ""set_flags"": 2, ""runtime_index"": 254, ""file_offset"": 17320, ""floor_field"": 4, ""entity_id_field"": 16638, ""group"": 0, ""room"": 8, ""unknown_a3"": 0, ""position"": [10.0, 0.0, -44.0], ""angles"": [0, -31488, 0], ""params"": [1.0, 1.0, 1.0, 3, 0, 0], ""unused_pointer"": 114863824}"
government-ep1/q407-bb-e,5,15,"{""base_type"": 2, ""set_flags"": 2, ""runtime_index"": 404, ""file_offset"": 27536, ""floor_field"": 5, ""entity_id_field"": 16788, ""group"": 0, ""room"": 1, ""unknown_a3"": 0, ""position"": [0.0, 0.0, 50.00001525878906], ""angles"": [0, 0, 0], ""params"": [1.0, 1.0, 1.0, 4, 0, 0], ""unused_pointer"": 114844784}"
government-ep1/q407-bb-e,12,0,"{""base_type"": 2, ""set_flags"": 0, ""runtime_index"": 1717, ""file_offset"": 41084, ""floor_field"": 12, ""entity_id_field"": 51015, ""group"": 1, ""room"": 1, ""unknown_a3"": 0, ""position"": [55.4045524597168, 2.000000476837158, 57.55470275878906], ""angles"": [0, 0, 0], ""params"": [1.0, 1.0, 1.0, 0, 0, 1], ""unused_pointer"": 3232948352}"
government-ep1/q407-bb-j,3,40,"{""base_type"": 2, ""set_flags"": 2, ""runtime_index"": 67, ""file_offset"": 4588, ""floor_field"": 3, ""entity_id_field"": 16451, ""group"": 0, ""room"": 7, ""unknown_a3"": 0, ""position"": [0.0, 0.0, 45.0], ""angles"": [0, -43776, 0], ""params"": [1.0, 1.0, 1.0, 0, 0, 0], ""unused_pointer"": 114856128}"
government-ep1/q407-bb-j,3,51,"{""base_type"": 2, ""set_flags"": 2, ""runtime_index"": 78, ""file_offset"": 5336, ""floor_field"": 3, ""entity_id_field"": 16462, ""group"": 0, ""room"": 8, ""unknown_a3"": 0, ""position"": [0.0, 0.0, 35.0], ""angles"": [0, -43776, 0], ""params"": [1.0, 1.0, 1.0, 4, 0, 1], ""unused_pointer"": 114858752}"
government-ep1/q407-bb-j,4,7,"{""base_type"": 2, ""set_flags"": 2, ""runtime_index"": 207, ""file_offset"": 14124, ""floor_field"": 4, ""entity_id_field"": 16591, ""group"": 0, ""room"": 2, ""unknown_a3"": 0, ""position"": [10.000003814697266, 0.0, -44.00001907348633], ""angles"": [0, -31488, 0], ""params"": [1.0, 1.0, 1.0, 5, 0, 1], ""unused_pointer"": 114843456}"
government-ep1/q407-bb-j,4,54,"{""base_type"": 2, ""set_flags"": 2, ""runtime_index"": 254, ""file_offset"": 17320, ""floor_field"": 4, ""entity_id_field"": 16638, ""group"": 0, ""room"": 8, ""unknown_a3"": 0, ""position"": [10.0, 0.0, -44.0], ""angles"": [0, -31488, 0], ""params"": [1.0, 1.0, 1.0, 3, 0, 0], ""unused_pointer"": 114863824}"
government-ep1/q407-bb-j,5,15,"{""base_type"": 2, ""set_flags"": 2, ""runtime_index"": 404, ""file_offset"": 27536, ""floor_field"": 5, ""entity_id_field"": 16788, ""group"": 0, ""room"": 1, ""unknown_a3"": 0, ""position"": [0.0, 0.0, 50.00001525878906], ""angles"": [0, 0, 0], ""params"": [1.0, 1.0, 1.0, 4, 0, 0], ""unused_pointer"": 114844784}"
government-ep1/q407-bb-j,12,0,"{""base_type"": 2, ""set_flags"": 0, ""runtime_index"": 1717, ""file_offset"": 41084, ""floor_field"": 12, ""entity_id_field"": 51015, ""group"": 1, ""room"": 1, ""unknown_a3"": 0, ""position"": [55.4045524597168, 2.000000476837158, 57.55470275878906], ""angles"": [0, 0, 0], ""params"": [1.0, 1.0, 1.0, 0, 0, 1], ""unused_pointer"": 3232948352}"
government-ep1/q408-bb-e,6,20,"{""base_type"": 2, ""set_flags"": 2, ""runtime_index"": 709, ""file_offset"": 3228, ""floor_field"": 6, ""entity_id_field"": 17093, ""group"": 0, ""room"": 1, ""unknown_a3"": 0, ""position"": [0.0, 0.0, 40.0], ""angles"": [0, -43776, 0], ""params"": [1.0, 1.0, 1.0, 0, 0, 0], ""unused_pointer"": 2365209136}"
government-ep1/q408-bb-e,7,27,"{""base_type"": 2, ""set_flags"": 0, ""runtime_index"": 28423, ""file_offset"": 18068, ""floor_field"": 6, ""entity_id_field"": 32583, ""group"": 1, ""room"": 61, ""unknown_a3"": 0, ""position"": [180.0, 0.0, 120.0], ""angles"": [0, -16384, 0], ""params"": [1.0, 1.0, 1.0, 0, 0, 1], ""unused_pointer"": 1894507136}"
government-ep1/q408-bb-j,6,20,"{""base_type"": 2, ""set_flags"": 2, ""runtime_index"": 709, ""file_offset"": 3228, ""floor_field"": 6, ""entity_id_field"": 17093, ""group"": 0, ""room"": 1, ""unknown_a3"": 0, ""position"": [0.0, 0.0, 40.0], ""angles"": [0, -43776, 0], ""params"": [1.0, 1.0, 1.0, 0, 0, 0], ""unused_pointer"": 2365209136}"
government-ep1/q408-bb-j,7,27,"{""base_type"": 2, ""set_flags"": 0, ""runtime_index"": 28423, ""file_offset"": 18068, ""floor_field"": 6, ""entity_id_field"": 32583, ""group"": 1, ""room"": 61, ""unknown_a3"": 0, ""position"": [180.0, 0.0, 120.0], ""angles"": [0, -16384, 0], ""params"": [1.0, 1.0, 1.0, 0, 0, 1], ""unused_pointer"": 1894507136}"
government-ep1/q409-bb-e,7,19,"{""base_type"": 2, ""set_flags"": 0, ""runtime_index"": 37127, ""file_offset"": 3160, ""floor_field"": 7, ""entity_id_field"": 44359, ""group"": 0, ""room"": 1, ""unknown_a3"": 0, ""position"": [2.51132787525421e-05, 0.0, 39.99993896484375], ""angles"": [0, -43776, 0], ""params"": [1.0, 1.0, 1.0, 0, 0, 0], ""unused_pointer"": 9691776}"
government-ep1/q409-bb-e,8,95,"{""base_type"": 2, ""set_flags"": 0, ""runtime_index"": 52231, ""file_offset"": 18952, ""floor_field"": 7, ""entity_id_field"": 13642, ""group"": 1, ""room"": 90, ""unknown_a3"": 0, ""position"": [10.0, 10.0, 85.0], ""angles"": [0, 16384, 0], ""params"": [1.0, 1.0, 1.0, 0, 0, 1], ""unused_pointer"": 2696209024}"
government-ep1/q409-bb-j,7,19,"{""base_type"": 2, ""set_flags"": 0, ""runtime_index"": 37127, ""file_offset"": 3160, ""floor_field"": 7, ""entity_id_field"": 44359, ""group"": 0, ""room"": 1, ""unknown_a3"": 0, ""position"": [2.51132787525421e-05, 0.0, 39.99993896484375], ""angles"": [0, -43776, 0], ""params"": [1.0, 1.0, 1.0, 0, 0, 0], ""unused_pointer"": 9691776}"
government-ep1/q409-bb-j,8,95,"{""base_type"": 2, ""set_flags"": 0, ""runtime_index"": 52231, ""file_offset"": 18952, ""floor_field"": 7, ""entity_id_field"": 13642, ""group"": 1, ""room"": 90, ""unknown_a3"": 0, ""position"": [10.0, 10.0, 85.0], ""angles"": [0, 16384, 0], ""params"": [1.0, 1.0, 1.0, 0, 0, 1], ""unused_pointer"": 2696209024}"
government-ep1/q410-bb-e,6,16,"{""base_type"": 2, ""set_flags"": 2, ""runtime_index"": 714, ""file_offset"": 2956, ""floor_field"": 6, ""entity_id_field"": 17098, ""group"": 0, ""room"": 3, ""unknown_a3"": 0, ""position"": [0.0, 0.0, 39.999969482421875], ""angles"": [0, -43776, 0], ""params"": [1.0, 1.0, 1.0, 7, 0, 1], ""unused_pointer"": 2365211056}"
government-ep1/q410-bb-e,6,47,"{""base_type"": 2, ""set_flags"": 2, ""runtime_index"": 709, ""file_offset"": 5064, ""floor_field"": 6, ""entity_id_field"": 17093, ""group"": 0, ""room"": 7, ""unknown_a3"": 0, ""position"": [0.0, 0.0, 40.0], ""angles"": [0, -43776, 0], ""params"": [1.0, 1.0, 1.0, 0, 0, 0], ""unused_pointer"": 2365209136}"
government-ep1/q410-bb-e,7,43,"{""base_type"": 2, ""set_flags"": 2, ""runtime_index"": 871, ""file_offset"": 18000, ""floor_field"": 7, ""entity_id_field"": 65095, ""group"": 0, ""room"": 6, ""unknown_a3"": 0, ""position"": [0.0, 0.0, 40.0], ""angles"": [0, -43776, 0], ""params"": [1.0, 1.0, 1.0, 6, 0, 0], ""unused_pointer"": 4032819072}"
government-ep1/q410-bb-e,13,1,"{""base_type"": 2, ""set_flags"": 0, ""runtime_index"": 1546, ""file_offset"": 26244, ""floor_field"": 13, ""entity_id_field"": 18370, ""group"": 2, ""room"": 0, ""unknown_a3"": 0, ""position"": [41.469364166259766, 1.0, 5044.3427734375], ""angles"": [0, 0, 0], ""params"": [1.0, 1.0, 1.0, 0, 0, 1], ""unused_pointer"": 2365208240}"
government-ep1/q410-bb-e,13,27,"{""base_type"": 2, ""set_flags"": 0, ""runtime_index"": 2033, ""file_offset"": 28012, ""floor_field"": 13, ""entity_id_field"": 18421, ""group"": 1, ""room"": 0, ""unknown_a3"": 0, ""position"": [-6.0723137855529785, 0.0, -4929.04638671875], ""angles"": [0, 0, 0], ""params"": [1.0, 1.0, 1.0, 0, 0, 1], ""unused_pointer"": 2365206608}"
government-ep1/q410-bb-j,6,16,"{""base_type"": 2, ""set_flags"": 2, ""runtime_index"": 714, ""file_offset"": 2956, ""floor_field"": 6, ""entity_id_field"": 17098, ""group"": 0, ""room"": 3, ""unknown_a3"": 0, ""position"": [0.0, 0.0, 39.999969482421875], ""angles"": [0, -43776, 0], ""params"": [1.0, 1.0, 1.0, 7, 0, 1], ""unused_pointer"": 2365211056}"
government-ep1/q410-bb-j,6,47,"{""base_type"": 2, ""set_flags"": 2, ""runtime_index"": 709, ""file_offset"": 5064, ""floor_field"": 6, ""entity_id_field"": 17093, ""group"": 0, ""room"": 7, ""unknown_a3"": 0, ""position"": [0.0, 0.0, 40.0], ""angles"": [0, -43776, 0], ""params"": [1.0, 1.0, 1.0, 0, 0, 0], ""unused_pointer"": 2365209136}"
government-ep1/q410-bb-j,7,43,"{""base_type"": 2, ""set_flags"": 2, ""runtime_index"": 871, ""file_offset"": 18000, ""floor_field"": 7, ""entity_id_field"": 65095, ""group"": 0, ""room"": 6, ""unknown_a3"": 0, ""position"": [0.0, 0.0, 40.0], ""angles"": [0, -43776, 0], ""params"": [1.0, 1.0, 1.0, 6, 0, 0], ""unused_pointer"": 4032819072}"
government-ep1/q410-bb-j,13,1,"{""base_type"": 2, ""set_flags"": 0, ""runtime_index"": 1546, ""file_offset"": 26244, ""floor_field"": 13, ""entity_id_field"": 18370, ""group"": 2, ""room"": 0, ""unknown_a3"": 0, ""position"": [41.469364166259766, 1.0, 5044.3427734375], ""angles"": [0, 0, 0], ""params"": [1.0, 1.0, 1.0, 0, 0, 1], ""unused_pointer"": 2365208240}"
government-ep1/q410-bb-j,13,27,"{""base_type"": 2, ""set_flags"": 0, ""runtime_index"": 2033, ""file_offset"": 28012, ""floor_field"": 13, ""entity_id_field"": 18421, ""group"": 1, ""room"": 0, ""unknown_a3"": 0, ""position"": [-6.0723137855529785, 0.0, -4929.04638671875], ""angles"": [0, 0, 0], ""params"": [1.0, 1.0, 1.0, 0, 0, 1], ""unused_pointer"": 2365206608}"
government-ep1/q411-bb-e,7,23,"{""base_type"": 2, ""set_flags"": 0, ""runtime_index"": 54023, ""file_offset"": 3432, ""floor_field"": 7, ""entity_id_field"": 41544, ""group"": 0, ""room"": 2, ""unknown_a3"": 0, ""position"": [0.0, 0.0, 40.0], ""angles"": [0, -43776, 0], ""params"": [1.0, 1.0, 1.0, 0, 0, 0], ""unused_pointer"": 1627123328}"
government-ep1/q411-bb-e,13,1,"{""base_type"": 2, ""set_flags"": 0, ""runtime_index"": 50695, ""file_offset"": 13716, ""floor_field"": 13, ""entity_id_field"": 55111, ""group"": 2, ""room"": 0, ""unknown_a3"": 0, ""position"": [41.46999740600586, 1.0, 5044.33984375], ""angles"": [0, 0, 0], ""params"": [1.0, 1.0, 1.0, 0, 0, 1], ""unused_pointer"": 1884745600}"
government-ep1/q411-bb-j,7,23,"{""base_type"": 2, ""set_flags"": 0, ""runtime_index"": 54023, ""file_offset"": 3432, ""floor_field"": 7, ""entity_id_field"": 41544, ""group"": 0, ""room"": 2, ""unknown_a3"": 0, ""position"": [0.0, 0.0, 40.0], ""angles"": [0, -43776, 0], ""params"": [1.0, 1.0, 1.0, 0, 0, 0], ""unused_pointer"": 1627123328}"
government-ep1/q411-bb-j,13,1,"{""base_type"": 2, ""set_flags"": 0, ""runtime_index"": 50695, ""file_offset"": 32516, ""floor_field"": 13, ""entity_id_field"": 55111, ""group"": 2, ""room"": 0, ""unknown_a3"": 0, ""position"": [41.46999740600586, 1.0, 5044.33984375], ""angles"": [0, 0, 0], ""params"": [1.0, 1.0, 1.0, 0, 0, 1], ""unused_pointer"": 1884745600}"
government-ep1/q415-bb-e,14,0,"{""base_type"": 2, ""set_flags"": 0, ""runtime_index"": 50951, ""file_offset"": 50536, ""floor_field"": 14, ""entity_id_field"": 72, ""group"": 1, ""room"": 0, ""unknown_a3"": 0, ""position"": [-6.498046875, 5.0, -221.61703491210938], ""angles"": [0, -32768, 0], ""params"": [1.0, 1.0, 1.0, 15, 0, 1], ""unused_pointer"": 1087696512}"
government-ep1/q415-bb-e,14,6,"{""base_type"": 2, ""set_flags"": 0, ""runtime_index"": 50439, ""file_offset"": 50944, ""floor_field"": 14, ""entity_id_field"": 62023, ""group"": 1, ""room"": 1, ""unknown_a3"": 0, ""position"": [-9.46013069152832, 0.0, 2.265357732772827], ""angles"": [0, -32768, 0], ""params"": [1.0, 1.0, 1.0, 15, 0, 1], ""unused_pointer"": 3224891264}"
government-ep1/q415-bb-e,14,16,"{""base_type"": 2, ""set_flags"": 0, ""runtime_index"": 50695, ""file_offset"": 51624, ""floor_field"": 14, ""entity_id_field"": 63047, ""group"": 1, ""room"": 2, ""unknown_a3"": 0, ""position"": [189.099609375, 0.0, 76.38999938964844], ""angles"": [0, -32768, 0], ""params"": [1.0, 1.0, 1.0, 15, 0, 1], ""unused_pointer"": 2163863168}"
government-ep1/q415-bb-j,14,0,"{""base_type"": 2, ""set_flags"": 0, ""runtime_index"": 50951, ""file_offset"": 50536, ""floor_field"": 14, ""entity_id_field"": 72, ""group"": 1, ""room"": 0, ""unknown_a3"": 0, ""position"": [-6.498046875, 5.0, -221.61703491210938], ""angles"": [0, -32768, 0], ""params"": [1.0, 1.0, 1.0, 15, 0, 1], ""unused_pointer"": 1087696512}"
government-ep1/q415-bb-j,14,6,"{""base_type"": 2, ""set_flags"": 0, ""runtime_index"": 50439, ""file_offset"": 50944, ""floor_field"": 14, ""entity_id_field"": 62023, ""group"": 1, ""room"": 1, ""unknown_a3"": 0, ""position"": [-9.46013069152832, 0.0, 2.265357732772827], ""angles"": [0, -32768, 0], ""params"": [1.0, 1.0, 1.0, 15, 0, 1], ""unused_pointer"": 3224891264}"
government-ep1/q415-bb-j,14,16,"{""base_type"": 2, ""set_flags"": 0, ""runtime_index"": 50695, ""file_offset"": 51624, ""floor_field"": 14, ""entity_id_field"": 63047, ""group"": 1, ""room"": 2, ""unknown_a3"": 0, ""position"": [189.099609375, 0.0, 76.38999938964844], ""angles"": [0, -32768, 0], ""params"": [1.0, 1.0, 1.0, 15, 0, 1], ""unused_pointer"": 2163863168}"
government-ep2/q451-bb-e,1,30,"{""base_type"": 2, ""set_flags"": 2, ""runtime_index"": 83, ""file_offset"": 5676, ""floor_field"": 2, ""entity_id_field"": 16467, ""group"": 0, ""room"": 1, ""unknown_a3"": 0, ""position"": [-1.9073486328125e-05, -2.0, -30.0], ""angles"": [0, 32768, 0], ""params"": [1.0, 1.0, 1.0, 0, 0, 0], ""unused_pointer"": 124218944}"
government-ep2/q451-bb-e,1,44,"{""base_type"": 2, ""set_flags"": 2, ""runtime_index"": 97, ""file_offset"": 6628, ""floor_field"": 1, ""entity_id_field"": 16481, ""group"": 0, ""room"": 6, ""unknown_a3"": 0, ""position"": [-0.003005954436957836, -2.0, -30.000017166137695], ""angles"": [0, -10495, 0], ""params"": [1.0, 1.0, 1.0, 0, 0, 1], ""unused_pointer"": 124227312}"
government-ep2/q451-bb-j,1,30,"{""base_type"": 2, ""set_flags"": 2, ""runtime_index"": 83, ""file_offset"": 5676, ""floor_field"": 2, ""entity_id_field"": 16467, ""group"": 0, ""room"": 1, ""unknown_a3"": 0, ""position"": [-1.9073486328125e-05, -2.0, -30.0], ""angles"": [0, 32768, 0], ""params"": [1.0, 1.0, 1.0, 0, 0, 0], ""unused_pointer"": 124218944}"
government-ep2/q451-bb-j,1,44,"{""base_type"": 2, ""set_flags"": 2, ""runtime_index"": 97, ""file_offset"": 6628, ""floor_field"": 1, ""entity_id_field"": 16481, ""group"": 0, ""room"": 6, ""unknown_a3"": 0, ""position"": [-0.003005954436957836, -2.0, -30.000017166137695], ""angles"": [0, -10495, 0], ""params"": [1.0, 1.0, 1.0, 0, 0, 1], ""unused_pointer"": 124227312}"
government-ep2/q452-bb-e,1,25,"{""base_type"": 2, ""set_flags"": 0, ""runtime_index"": 18696, ""file_offset"": 5336, ""floor_field"": 1, ""entity_id_field"": 4169, ""group"": 0, ""room"": 4, ""unknown_a3"": 0, ""position"": [0.0, -2.0, -30.0], ""angles"": [0, 32768, 0], ""params"": [1.0, 1.0, 1.0, 2, 0, 1], ""unused_pointer"": 3774210688}"
government-ep2/q452-bb-e,1,50,"{""base_type"": 2, ""set_flags"": 512, ""runtime_index"": 26624, ""file_offset"": 7036, ""floor_field"": 3, ""entity_id_field"": 61256, ""group"": 0, ""room"": 5, ""unknown_a3"": 0, ""position"": [0.0, -2.0, -30.0], ""angles"": [0, 32768, 0], ""params"": [1.0, 1.0, 1.0, 0, 0, 0], ""unused_pointer"": 1890706048}"
government-ep2/q452-bb-e,2,24,"{""base_type"": 2, ""set_flags"": 2, ""runtime_index"": 258, ""file_offset"": 17592, ""floor_field"": 2, ""entity_id_field"": 16642, ""group"": 0, ""room"": 2, ""unknown_a3"": 0, ""position"": [0.0, -2.0, -10.0], ""angles"": [0, 32768, 0], ""params"": [1.0, 1.0, 1.0, 0, 0, 0], ""unused_pointer"": 118320048}"
government-ep2/q452-bb-e,2,27,"{""base_type"": 2, ""set_flags"": 2, ""runtime_index"": 261, ""file_offset"": 17796, ""floor_field"": 2, ""entity_id_field"": 16645, ""group"": 0, ""room"": 4, ""unknown_a3"": 0, ""position"": [0.0, -2.0, -15.0], ""angles"": [0, -32768, 0], ""params"": [1.0, 1.0, 1.0, 0, 0, 1], ""unused_pointer"": 118321248}"
government-ep2/q452-bb-j,1,25,"{""base_type"": 2, ""set_flags"": 0, ""runtime_index"": 18696, ""file_offset"": 5336, ""floor_field"": 1, ""entity_id_field"": 4169, ""group"": 0, ""room"": 4, ""unknown_a3"": 0, ""position"": [0.0, -2.0, -30.0], ""angles"": [0, 32768, 0], ""params"": [1.0, 1.0, 1.0, 2, 0, 1], ""unused_pointer"": 3774210688}"
government-ep2/q452-bb-j,1,50,"{""base_type"": 2, ""set_flags"": 512, ""runtime_index"": 26624, ""file_offset"": 7036, ""floor_field"": 3, ""entity_id_field"": 61256, ""group"": 0, ""room"": 5, ""unknown_a3"": 0, ""position"": [0.0, -2.0, -30.0], ""angles"": [0, 32768, 0], ""params"": [1.0, 1.0, 1.0, 0, 0, 0], ""unused_pointer"": 1890706048}"
government-ep2/q452-bb-j,2,24,"{""base_type"": 2, ""set_flags"": 2, ""runtime_index"": 258, ""file_offset"": 17592, ""floor_field"": 2, ""entity_id_field"": 16642, ""group"": 0, ""room"": 2, ""unknown_a3"": 0, ""position"": [0.0, -2.0, -10.0], ""angles"": [0, 32768, 0], ""params"": [1.0, 1.0, 1.0, 0, 0, 0], ""unused_pointer"": 118320048}"
government-ep2/q452-bb-j,2,27,"{""base_type"": 2, ""set_flags"": 2, ""runtime_index"": 261, ""file_offset"": 17796, ""floor_field"": 2, ""entity_id_field"": 16645, ""group"": 0, ""room"": 4, ""unknown_a3"": 0, ""position"": [0.0, -2.0, -15.0], ""angles"": [0, -32768, 0], ""params"": [1.0, 1.0, 1.0, 0, 0, 1], ""unused_pointer"": 118321248}"
government-ep2/q453-bb-e,1,0,"{""base_type"": 2, ""set_flags"": 0, ""runtime_index"": 243, ""file_offset"": 3636, ""floor_field"": 1, ""entity_id_field"": 18925, ""group"": 0, ""room"": 3, ""unknown_a3"": 0, ""position"": [0.0, 0.0, -10.0], ""angles"": [0, -32768, 0], ""params"": [1.0, 1.0, 1.0, 2, 0, 1], ""unused_pointer"": 118375008}"
government-ep2/q453-bb-e,1,71,"{""base_type"": 2, ""set_flags"": 2, ""runtime_index"": 124, ""file_offset"": 8464, ""floor_field"": 2, ""entity_id_field"": 16508, ""group"": 0, ""room"": 100, ""unknown_a3"": 0, ""position"": [549.976806640625, -2.0, -240.052734375], ""angles"": [0, 16385, 0], ""params"": [1.0, 1.0, 1.0, 0, 0, 0], ""unused_pointer"": 118374080}"
government-ep2/q453-bb-e,2,34,"{""base_type"": 2, ""set_flags"": 0, ""runtime_index"": 238, ""file_offset"": 10996, ""floor_field"": 2, ""entity_id_field"": 18992, ""group"": 0, ""room"": 2, ""unknown_a3"": 0, ""position"": [0.001983642578125, -2.0, -10.0], ""angles"": [0, 32768, 0], ""params"": [1.0, 1.0, 1.0, 1, 0, 0], ""unused_pointer"": 118317584}"
government-ep2/q453-bb-e,2,45,"{""base_type"": 2, ""set_flags"": 0, ""runtime_index"": 243, ""file_offset"": 11744, ""floor_field"": 2, ""entity_id_field"": 19038, ""group"": 0, ""room"": 5, ""unknown_a3"": 0, ""position"": [-0.000244140625, -2.0, -10.0], ""angles"": [0, 32768, 0], ""params"": [1.0, 1.0, 1.0, 0, 0, 1], ""unused_pointer"": 118330224}"
government-ep2/q453-bb-j,1,0,"{""base_type"": 2, ""set_flags"": 0, ""runtime_index"": 243, ""file_offset"": 3636, ""floor_field"": 1, ""entity_id_field"": 18925, ""group"": 0, ""room"": 3, ""unknown_a3"": 0, ""position"": [0.0, 0.0, -10.0], ""angles"": [0, -32768, 0], ""params"": [1.0, 1.0, 1.0, 2, 0, 1], ""unused_pointer"": 118375008}"
government-ep2/q453-bb-j,1,71,"{""base_type"": 2, ""set_flags"": 2, ""runtime_index"": 124, ""file_offset"": 8464, ""floor_field"": 2, ""entity_id_field"": 16508, ""group"": 0, ""room"": 100, ""unknown_a3"": 0, ""position"": [549.976806640625, -2.0, -240.052734375], ""angles"": [0, 16385, 0], ""params"": [1.0, 1.0, 1.0, 0, 0, 0], ""unused_pointer"": 118374080}"
government-ep2/q453-bb-j,2,34,"{""base_type"": 2, ""set_flags"": 0, ""runtime_index"": 238, ""file_offset"": 10996, ""floor_field"": 2, ""entity_id_field"": 18992, ""group"": 0, ""room"": 2, ""unknown_a3"": 0, ""position"": [0.001983642578125, -2.0, -10.0], ""angles"": [0, 32768, 0], ""params"": [1.0, 1.0, 1.0, 1, 0, 0], ""unused_pointer"": 118317584}"
government-ep2/q453-bb-j,2,45,"{""base_type"": 2, ""set_flags"": 0, ""runtime_index"": 243, ""file_offset"": 11744, ""floor_field"": 2, ""entity_id_field"": 19038, ""group"": 0, ""room"": 5, ""unknown_a3"": 0, ""position"": [-0.000244140625, -2.0, -10.0], ""angles"": [0, 32768, 0], ""params"": [1.0, 1.0, 1.0, 0, 0, 1], ""unused_pointer"": 118330224}"
government-ep2/q454-bb-e,1,41,"{""base_type"": 2, ""set_flags"": 2, ""runtime_index"": 94, ""file_offset"": 6424, ""floor_field"": 2, ""entity_id_field"": 16478, ""group"": 0, ""room"": 1, ""unknown_a3"": 0, ""position"": [-1.9073486328125e-05, -2.0, -30.0], ""angles"": [0, 32768, 0], ""params"": [1.0, 1.0, 1.0, 0, 0, 0], ""unused_pointer"": 118126496}"
government-ep2/q454-bb-e,1,62,"{""base_type"": 2, ""set_flags"": 2, ""runtime_index"": 115, ""file_offset"": 7852, ""floor_field"": 1, ""entity_id_field"": 16499, ""group"": 0, ""room"": 6, ""unknown_a3"": 0, ""position"": [-0.0030517578125, -2.0, -30.0], ""angles"": [0, -10495, 0], ""params"": [1.0, 1.0, 1.0, 2, 0, 1], ""unused_pointer"": 118141520}"
government-ep2/q454-bb-e,2,48,"{""base_type"": 2, ""set_flags"": 2, ""runtime_index"": 311, ""file_offset"": 21196, ""floor_field"": 1, ""entity_id_field"": 16695, ""group"": 0, ""room"": 2, ""unknown_a3"": 0, ""position"": [0.0, -2.0, -30.0], ""angles"": [0, 32768, 0], ""params"": [1.0, 1.0, 1.0, 1, 0, 0], ""unused_pointer"": 118128304}"
government-ep2/q454-bb-e,2,58,"{""base_type"": 2, ""set_flags"": 2, ""runtime_index"": 321, ""file_offset"": 21876, ""floor_field"": 2, ""entity_id_field"": 16705, ""group"": 0, ""room"": 5, ""unknown_a3"": 0, ""position"": [-1.52587890625e-05, -2.0, -15.0], ""angles"": [0, -32768, 0], ""params"": [1.0, 1.0, 1.0, 0, 0, 1], ""unused_pointer"": 118135120}"
government-ep2/q454-bb-j,1,41,"{""base_type"": 2, ""set_flags"": 2, ""runtime_index"": 94, ""file_offset"": 6424, ""floor_field"": 2, ""entity_id_field"": 16478, ""group"": 0, ""room"": 1, ""unknown_a3"": 0, ""position"": [-1.9073486328125e-05, -2.0, -30.0], ""angles"": [0, 32768, 0], ""params"": [1.0, 1.0, 1.0, 0, 0, 0], ""unused_pointer"": 118126496}"
government-ep2/q454-bb-j,1,62,"{""base_type"": 2, ""set_flags"": 2, ""runtime_index"": 115, ""file_offset"": 7852, ""floor_field"": 1, ""entity_id_field"": 16499, ""group"": 0, ""room"": 6, ""unknown_a3"": 0, ""position"": [-0.0030517578125, -2.0, -30.0], ""angles"": [0, -10495, 0], ""params"": [1.0, 1.0, 1.0, 2, 0, 1], ""unused_pointer"": 118141520}"
government-ep2/q454-bb-j,2,48,"{""base_type"": 2, ""set_flags"": 2, ""runtime_index"": 311, ""file_offset"": 21196, ""floor_field"": 1, ""entity_id_field"": 16695, ""group"": 0, ""room"": 2, ""unknown_a3"": 0, ""position"": [0.0, -2.0, -30.0], ""angles"": [0, 32768, 0], ""params"": [1.0, 1.0, 1.0, 1, 0, 0], ""unused_pointer"": 118128304}"
government-ep2/q454-bb-j,2,58,"{""base_type"": 2, ""set_flags"": 2, ""runtime_index"": 321, ""file_offset"": 21876, ""floor_field"": 2, ""entity_id_field"": 16705, ""group"": 0, ""room"": 5, ""unknown_a3"": 0, ""position"": [-1.52587890625e-05, -2.0, -15.0], ""angles"": [0, -32768, 0], ""params"": [1.0, 1.0, 1.0, 0, 0, 1], ""unused_pointer"": 118135120}"
government-ep2/q455-bb-e,1,25,"{""base_type"": 2, ""set_flags"": 2, ""runtime_index"": 78, ""file_offset"": 5336, ""floor_field"": 1, ""entity_id_field"": 16462, ""group"": 0, ""room"": 4, ""unknown_a3"": 0, ""position"": [0.0, -2.0, -30.0], ""angles"": [0, 32768, 0], ""params"": [1.0, 1.0, 1.0, 2, 0, 1], ""unused_pointer"": 118266672}"
government-ep2/q455-bb-e,1,49,"{""base_type"": 2, ""set_flags"": 2, ""runtime_index"": 102, ""file_offset"": 6968, ""floor_field"": 3, ""entity_id_field"": 16486, ""group"": 0, ""room"": 5, ""unknown_a3"": 0, ""position"": [0.0, -2.0, -30.0], ""angles"": [0, 32768, 0], ""params"": [1.0, 1.0, 1.0, 0, 0, 0], ""unused_pointer"": 118271744}"
government-ep2/q455-bb-e,2,29,"{""base_type"": 2, ""set_flags"": 2, ""runtime_index"": 269, ""file_offset"": 18340, ""floor_field"": 2, ""entity_id_field"": 16653, ""group"": 0, ""room"": 2, ""unknown_a3"": 0, ""position"": [0.0, -2.0, -30.0], ""angles"": [0, 32768, 0], ""params"": [1.0, 1.0, 1.0, 1, 0, 0], ""unused_pointer"": 118255312}"
government-ep2/q455-bb-j,1,25,"{""base_type"": 2, ""set_flags"": 2, ""runtime_index"": 78, ""file_offset"": 5336, ""floor_field"": 1, ""entity_id_field"": 16462, ""group"": 0, ""room"": 4, ""unknown_a3"": 0, ""position"": [0.0, -2.0, -30.0], ""angles"": [0, 32768, 0], ""params"": [1.0, 1.0, 1.0, 2, 0, 1], ""unused_pointer"": 118266672}"
government-ep2/q455-bb-j,1,49,"{""base_type"": 2, ""set_flags"": 2, ""runtime_index"": 102, ""file_offset"": 6968, ""floor_field"": 3, ""entity_id_field"": 16486, ""group"": 0, ""room"": 5, ""unknown_a3"": 0, ""position"": [0.0, -2.0, -30.0], ""angles"": [0, 32768, 0], ""params"": [1.0, 1.0, 1.0, 0, 0, 0], ""unused_pointer"": 118271744}"
government-ep2/q455-bb-j,2,29,"{""base_type"": 2, ""set_flags"": 2, ""runtime_index"": 269, ""file_offset"": 18340, ""floor_field"": 2, ""entity_id_field"": 16653, ""group"": 0, ""room"": 2, ""unknown_a3"": 0, ""position"": [0.0, -2.0, -30.0], ""angles"": [0, 32768, 0], ""params"": [1.0, 1.0, 1.0, 1, 0, 0], ""unused_pointer"": 118255312}"
government-ep2/q456-bb-e,3,27,"{""base_type"": 2, ""set_flags"": 2, ""runtime_index"": 80, ""file_offset"": 5472, ""floor_field"": 1, ""entity_id_field"": 16464, ""group"": 0, ""room"": 1, ""unknown_a3"": 0, ""position"": [0.0, 3.499971389770508, -5.0], ""angles"": [0, 10752, 0], ""params"": [1.0, 1.0, 1.0, 0, 0, 0], ""unused_pointer"": 118189680}"
government-ep2/q456-bb-e,3,31,"{""base_type"": 2, ""set_flags"": 2, ""runtime_index"": 84, ""file_offset"": 5744, ""floor_field"": 3, ""entity_id_field"": 16468, ""group"": 0, ""room"": 2, ""unknown_a3"": 0, ""position"": [0.0, 3.4999656677246094, -5.0], ""angles"": [0, -32768, 0], ""params"": [1.0, 1.0, 1.0, 0, 0, 1], ""unused_pointer"": 118190704}"
government-ep2/q456-bb-e,3,48,"{""base_type"": 2, ""set_flags"": 2, ""runtime_index"": 101, ""file_offset"": 6900, ""floor_field"": 3, ""entity_id_field"": 16485, ""group"": 0, ""room"": 7, ""unknown_a3"": 0, ""position"": [-1.52587890625e-05, 3.5, -5.0], ""angles"": [0, -32768, 0], ""params"": [1.0, 1.0, 1.0, 0, 0, 1], ""unused_pointer"": 118200224}"
government-ep2/q456-bb-e,3,52,"{""base_type"": 2, ""set_flags"": 2, ""runtime_index"": 105, ""file_offset"": 7172, ""floor_field"": 3, ""entity_id_field"": 16489, ""group"": 0, ""room"": 8, ""unknown_a3"": 0, ""position"": [-0.00048078596591949463, 3.5, -5.0], ""angles"": [0, 10753, 0], ""params"": [1.0, 1.0, 1.0, 0, 0, 0], ""unused_pointer"": 118201248}"
government-ep2/q456-bb-j,3,27,"{""base_type"": 2, ""set_flags"": 2, ""runtime_index"": 80, ""file_offset"": 5472, ""floor_field"": 1, ""entity_id_field"": 16464, ""group"": 0, ""room"": 1, ""unknown_a3"": 0, ""position"": [0.0, 3.499971389770508, -5.0], ""angles"": [0, 10752, 0], ""params"": [1.0, 1.0, 1.0, 0, 0, 0], ""unused_pointer"": 118189680}"
government-ep2/q456-bb-j,3,31,"{""base_type"": 2, ""set_flags"": 2, ""runtime_index"": 84, ""file_offset"": 5744, ""floor_field"": 3, ""entity_id_field"": 16468, ""group"": 0, ""room"": 2, ""unknown_a3"": 0, ""position"": [0.0, 3.4999656677246094, -5.0], ""angles"": [0, -32768, 0], ""params"": [1.0, 1.0, 1.0, 0, 0, 1], ""unused_pointer"": 118190704}"
government-ep2/q456-bb-j,3,48,"{""base_type"": 2, ""set_flags"": 2, ""runtime_index"": 101, ""file_offset"": 6900, ""floor_field"": 3, ""entity_id_field"": 16485, ""group"": 0, ""room"": 7, ""unknown_a3"": 0, ""position"": [-1.52587890625e-05, 3.5, -5.0], ""angles"": [0, -32768, 0], ""params"": [1.0, 1.0, 1.0, 0, 0, 1], ""unused_pointer"": 118200224}"
government-ep2/q456-bb-j,3,52,"{""base_type"": 2, ""set_flags"": 2, ""runtime_index"": 105, ""file_offset"": 7172, ""floor_field"": 3, ""entity_id_field"": 16489, ""group"": 0, ""room"": 8, ""unknown_a3"": 0, ""position"": [-0.00048078596591949463, 3.5, -5.0], ""angles"": [0, 10753, 0], ""params"": [1.0, 1.0, 1.0, 0, 0, 0], ""unused_pointer"": 118201248}"
government-ep2/q457-bb-e,3,10,"{""base_type"": 2, ""set_flags"": 2, ""runtime_index"": 63, ""file_offset"": 4316, ""floor_field"": 3, ""entity_id_field"": 16447, ""group"": 0, ""room"": 3, ""unknown_a3"": 0, ""position"": [0.0, 3.5, -5.0], ""angles"": [0, 32768, 0], ""params"": [1.0, 1.0, 1.0, 4, 0, 1], ""unused_pointer"": 118188896}"
government-ep2/q457-bb-e,3,19,"{""base_type"": 2, ""set_flags"": 2, ""runtime_index"": 72, ""file_offset"": 4928, ""floor_field"": 3, ""entity_id_field"": 16456, ""group"": 0, ""room"": 5, ""unknown_a3"": 0, ""position"": [0.0, 3.4999656677246094, -5.0], ""angles"": [0, -32768, 0], ""params"": [1.0, 1.0, 1.0, 4, 0, 1], ""unused_pointer"": 118193760}"
government-ep2/q457-bb-e,3,57,"{""base_type"": 2, ""set_flags"": 2, ""runtime_index"": 110, ""file_offset"": 7512, ""floor_field"": 1, ""entity_id_field"": 16494, ""group"": 0, ""room"": 8, ""unknown_a3"": 0, ""position"": [0.0, 3.499969482421875, -5.0], ""angles"": [0, 10752, 0], ""params"": [1.0, 1.0, 1.0, 0, 0, 0], ""unused_pointer"": 118202512}"
government-ep2/q457-bb-e,3,60,"{""base_type"": 2, ""set_flags"": 2, ""runtime_index"": 113, ""file_offset"": 7716, ""floor_field"": 3, ""entity_id_field"": 16497, ""group"": 0, ""room"": 9, ""unknown_a3"": 0, ""position"": [0.0, 3.5, -5.0], ""angles"": [0, 10753, 0], ""params"": [1.0, 1.0, 1.0, 0, 0, 0], ""unused_pointer"": 118203280}"
government-ep2/q457-bb-e,4,9,"{""base_type"": 2, ""set_flags"": 2, ""runtime_index"": 250, ""file_offset"": 17048, ""floor_field"": 4, ""entity_id_field"": 16634, ""group"": 0, ""room"": 3, ""unknown_a3"": 0, ""position"": [0.0, 3.499969482421875, 0.0], ""angles"": [0, -32768, 0], ""params"": [1.0, 1.0, 1.0, 0, 0, 1], ""unused_pointer"": 118317392}"
government-ep2/q457-bb-e,4,42,"{""base_type"": 2, ""set_flags"": 0, ""runtime_index"": 443, ""file_offset"": 19292, ""floor_field"": 4, ""entity_id_field"": 18902, ""group"": 0, ""room"": 5, ""unknown_a3"": 0, ""position"": [0.0, 3.499971389770508, 0.0], ""angles"": [0, 11008, 0], ""params"": [1.0, 1.0, 1.0, 0, 0, 0], ""unused_pointer"": 118324848}"
government-ep2/q457-bb-e,4,52,"{""base_type"": 2, ""set_flags"": 0, ""runtime_index"": 442, ""file_offset"": 19972, ""floor_field"": 4, ""entity_id_field"": 18896, ""group"": 0, ""room"": 6, ""unknown_a3"": 0, ""position"": [0.0, 3.5, 0.0], ""angles"": [0, 11008, 0], ""params"": [1.0, 1.0, 1.0, 0, 0, 0], ""unused_pointer"": 118327344}"
government-ep2/q457-bb-e,4,61,"{""base_type"": 2, ""set_flags"": 2, ""runtime_index"": 302, ""file_offset"": 20584, ""floor_field"": 4, ""entity_id_field"": 16686, ""group"": 0, ""room"": 8, ""unknown_a3"": 0, ""position"": [0.0, 3.499969482421875, 0.0], ""angles"": [0, -32768, 0], ""params"": [1.0, 1.0, 1.0, 0, 0, 1], ""unused_pointer"": 118332208}"
government-ep2/q457-bb-j,3,10,"{""base_type"": 2, ""set_flags"": 2, ""runtime_index"": 63, ""file_offset"": 4316, ""floor_field"": 3, ""entity_id_field"": 16447, ""group"": 0, ""room"": 3, ""unknown_a3"": 0, ""position"": [0.0, 3.5, -5.0], ""angles"": [0, 32768, 0], ""params"": [1.0, 1.0, 1.0, 4, 0, 1], ""unused_pointer"": 118188896}"
government-ep2/q457-bb-j,3,19,"{""base_type"": 2, ""set_flags"": 2, ""runtime_index"": 72, ""file_offset"": 4928, ""floor_field"": 3, ""entity_id_field"": 16456, ""group"": 0, ""room"": 5, ""unknown_a3"": 0, ""position"": [0.0, 3.4999656677246094, -5.0], ""angles"": [0, -32768, 0], ""params"": [1.0, 1.0, 1.0, 4, 0, 1], ""unused_pointer"": 118193760}"
government-ep2/q457-bb-j,3,57,"{""base_type"": 2, ""set_flags"": 2, ""runtime_index"": 110, ""file_offset"": 7512, ""floor_field"": 1, ""entity_id_field"": 16494, ""group"": 0, ""room"": 8, ""unknown_a3"": 0, ""position"": [0.0, 3.499969482421875, -5.0], ""angles"": [0, 10752, 0], ""params"": [1.0, 1.0, 1.0, 0, 0, 0], ""unused_pointer"": 118202512}"
government-ep2/q457-bb-j,3,60,"{""base_type"": 2, ""set_flags"": 2, ""runtime_index"": 113, ""file_offset"": 7716, ""floor_field"": 3, ""entity_id_field"": 16497, ""group"": 0, ""room"": 9, ""unknown_a3"": 0, ""position"": [0.0, 3.5, -5.0], ""angles"": [0, 10753, 0], ""params"": [1.0, 1.0, 1.0, 0, 0, 0], ""unused_pointer"": 118203280}"
government-ep2/q457-bb-j,4,9,"{""base_type"": 2, ""set_flags"": 2, ""runtime_index"": 250, ""file_offset"": 17048, ""floor_field"": 4, ""entity_id_field"": 16634, ""group"": 0, ""room"": 3, ""unknown_a3"": 0, ""position"": [0.0, 3.499969482421875, 0.0], ""angles"": [0, -32768, 0], ""params"": [1.0, 1.0, 1.0, 0, 0, 1], ""unused_pointer"": 118317392}"
government-ep2/q457-bb-j,4,42,"{""base_type"": 2, ""set_flags"": 0, ""runtime_index"": 443, ""file_offset"": 19292, ""floor_field"": 4, ""entity_id_field"": 18902, ""group"": 0, ""room"": 5, ""unknown_a3"": 0, ""position"": [0.0, 3.499971389770508, 0.0], ""angles"": [0, 11008, 0], ""params"": [1.0, 1.0, 1.0, 0, 0, 0], ""unused_pointer"": 118324848}"
government-ep2/q457-bb-j,4,52,"{""base_type"": 2, ""set_flags"": 0, ""runtime_index"": 442, ""file_offset"": 19972, ""floor_field"": 4, ""entity_id_field"": 18896, ""group"": 0, ""room"": 6, ""unknown_a3"": 0, ""position"": [0.0, 3.5, 0.0], ""angles"": [0, 11008, 0], ""params"": [1.0, 1.0, 1.0, 0, 0, 0], ""unused_pointer"": 118327344}"
government-ep2/q457-bb-j,4,61,"{""base_type"": 2, ""set_flags"": 2, ""runtime_index"": 302, ""file_offset"": 20584, ""floor_field"": 4, ""entity_id_field"": 16686, ""group"": 0, ""room"": 8, ""unknown_a3"": 0, ""position"": [0.0, 3.499969482421875, 0.0], ""angles"": [0, -32768, 0], ""params"": [1.0, 1.0, 1.0, 0, 0, 1], ""unused_pointer"": 118332208}"
government-ep2/q458-bb-e,3,7,"{""base_type"": 2, ""set_flags"": 2, ""runtime_index"": 60, ""file_offset"": 4112, ""floor_field"": 3, ""entity_id_field"": 16444, ""group"": 0, ""room"": 1, ""unknown_a3"": 0, ""position"": [-0.0009765625, 3.5, -10.0], ""angles"": [0, 32769, 0], ""params"": [1.0, 1.0, 1.0, 0, 0, 0], ""unused_pointer"": 118235552}"
government-ep2/q458-bb-e,3,11,"{""base_type"": 2, ""set_flags"": 2, ""runtime_index"": 64, ""file_offset"": 4384, ""floor_field"": 3, ""entity_id_field"": 16448, ""group"": 0, ""room"": 2, ""unknown_a3"": 0, ""position"": [0.0, 3.4999711513519287, -10.0], ""angles"": [0, -32768, 0], ""params"": [1.0, 1.0, 1.0, 0, 0, 0], ""unused_pointer"": 118262224}"
government-ep2/q458-bb-e,3,52,"{""base_type"": 2, ""set_flags"": 2, ""runtime_index"": 105, ""file_offset"": 7172, ""floor_field"": 3, ""entity_id_field"": 16489, ""group"": 0, ""room"": 100, ""unknown_a3"": 0, ""position"": [1395.0, 3.5, -2072.0], ""angles"": [0, 32768, 0], ""params"": [1.0, 1.0, 1.0, 4, 0, 1], ""unused_pointer"": 118272416}"
government-ep2/q458-bb-e,4,5,"{""base_type"": 2, ""set_flags"": 2, ""runtime_index"": 111, ""file_offset"": 7732, ""floor_field"": 4, ""entity_id_field"": 16495, ""group"": 0, ""room"": 3, ""unknown_a3"": 0, ""position"": [0.0, 3.5, -5.0], ""angles"": [0, 32768, 0], ""params"": [1.0, 1.0, 1.0, 3, 0, 0], ""unused_pointer"": 118251344}"
government-ep2/q458-bb-e,4,24,"{""base_type"": 2, ""set_flags"": 2, ""runtime_index"": 130, ""file_offset"": 9024, ""floor_field"": 4, ""entity_id_field"": 16514, ""group"": 0, ""room"": 4, ""unknown_a3"": 0, ""position"": [-0.0003662109375, 3.5, -5.0], ""angles"": [0, 32769, 0], ""params"": [1.0, 1.0, 1.0, 3, 0, 0], ""unused_pointer"": 118255280}"
government-ep2/q458-bb-e,4,36,"{""base_type"": 2, ""set_flags"": 2, ""runtime_index"": 142, ""file_offset"": 9840, ""floor_field"": 4, ""entity_id_field"": 16526, ""group"": 0, ""room"": 8, ""unknown_a3"": 0, ""position"": [0.0, 3.5, -15.0], ""angles"": [0, -32768, 0], ""params"": [1.0, 1.0, 1.0, 0, 0, 1], ""unused_pointer"": 118262176}"
government-ep2/q458-bb-j,3,7,"{""base_type"": 2, ""set_flags"": 2, ""runtime_index"": 60, ""file_offset"": 4112, ""floor_field"": 3, ""entity_id_field"": 16444, ""group"": 0, ""room"": 1, ""unknown_a3"": 0, ""position"": [-0.0009765625, 3.5, -10.0], ""angles"": [0, 32769, 0], ""params"": [1.0, 1.0, 1.0, 0, 0, 0], ""unused_pointer"": 118235552}"
government-ep2/q458-bb-j,3,11,"{""base_type"": 2, ""set_flags"": 2, ""runtime_index"": 64, ""file_offset"": 4384, ""floor_field"": 3, ""entity_id_field"": 16448, ""group"": 0, ""room"": 2, ""unknown_a3"": 0, ""position"": [0.0, 3.4999711513519287, -10.0], ""angles"": [0, -32768, 0], ""params"": [1.0, 1.0, 1.0, 0, 0, 0], ""unused_pointer"": 118262224}"
government-ep2/q458-bb-j,3,52,"{""base_type"": 2, ""set_flags"": 2, ""runtime_index"": 105, ""file_offset"": 7172, ""floor_field"": 3, ""entity_id_field"": 16489, ""group"": 0, ""room"": 100, ""unknown_a3"": 0, ""position"": [1395.0, 3.5, -2072.0], ""angles"": [0, 32768, 0], ""params"": [1.0, 1.0, 1.0, 4, 0, 1], ""unused_pointer"": 118272416}"
government-ep2/q458-bb-j,4,5,"{""base_type"": 2, ""set_flags"": 2, ""runtime_index"": 111, ""file_offset"": 7732, ""floor_field"": 4, ""entity_id_field"": 16495, ""group"": 0, ""room"": 3, ""unknown_a3"": 0, ""position"": [0.0, 3.5, -5.0], ""angles"": [0, 32768, 0], ""params"": [1.0, 1.0, 1.0, 3, 0, 0], ""unused_pointer"": 118251344}"
government-ep2/q458-bb-j,4,24,"{""base_type"": 2, ""set_flags"": 2, ""runtime_index"": 130, ""file_offset"": 9024, ""floor_field"": 4, ""entity_id_field"": 16514, ""group"": 0, ""room"": 4, ""unknown_a3"": 0, ""position"": [-0.0003662109375, 3.5, -5.0], ""angles"": [0, 32769, 0], ""params"": [1.0, 1.0, 1.0, 3, 0, 0], ""unused_pointer"": 118255280}"
government-ep2/q458-bb-j,4,36,"{""base_type"": 2, ""set_flags"": 2, ""runtime_index"": 142, ""file_offset"": 9840, ""floor_field"": 4, ""entity_id_field"": 16526, ""group"": 0, ""room"": 8, ""unknown_a3"": 0, ""position"": [0.0, 3.5, -15.0], ""angles"": [0, -32768, 0], ""params"": [1.0, 1.0, 1.0, 0, 0, 1], ""unused_pointer"": 118262176}"
government-ep2/q459-bb-e,3,19,"{""base_type"": 2, ""set_flags"": 2, ""runtime_index"": 72, ""file_offset"": 4928, ""floor_field"": 1, ""entity_id_field"": 16456, ""group"": 0, ""room"": 1, ""unknown_a3"": 0, ""position"": [0.0, 3.499971389770508, -5.0], ""angles"": [0, 10752, 0], ""params"": [1.0, 1.0, 1.0, 0, 0, 0], ""unused_pointer"": 124151392}"
government-ep2/q459-bb-e,3,23,"{""base_type"": 2, ""set_flags"": 2, ""runtime_index"": 76, ""file_offset"": 5200, ""floor_field"": 3, ""entity_id_field"": 16460, ""group"": 0, ""room"": 2, ""unknown_a3"": 0, ""position"": [0.0, 3.4999656677246094, -5.0], ""angles"": [0, -32768, 0], ""params"": [1.0, 1.0, 1.0, 4, 0, 1], ""unused_pointer"": 124152416}"
government-ep2/q459-bb-e,3,40,"{""base_type"": 2, ""set_flags"": 2, ""runtime_index"": 93, ""file_offset"": 6356, ""floor_field"": 3, ""entity_id_field"": 16477, ""group"": 0, ""room"": 7, ""unknown_a3"": 0, ""position"": [-1.52587890625e-05, 3.5, -5.0], ""angles"": [0, -32768, 0], ""params"": [1.0, 1.0, 1.0, 4, 0, 1], ""unused_pointer"": 124161840}"
government-ep2/q459-bb-e,3,44,"{""base_type"": 2, ""set_flags"": 2, ""runtime_index"": 97, ""file_offset"": 6628, ""floor_field"": 3, ""entity_id_field"": 16481, ""group"": 0, ""room"": 8, ""unknown_a3"": 0, ""position"": [-0.00048078593681566417, 3.5, -5.000030994415283], ""angles"": [0, 10753, 0], ""params"": [1.0, 1.0, 1.0, 0, 0, 0], ""unused_pointer"": 124162864}"
government-ep2/q459-bb-e,4,29,"{""base_type"": 2, ""set_flags"": 2, ""runtime_index"": 274, ""file_offset"": 18680, ""floor_field"": 4, ""entity_id_field"": 16658, ""group"": 0, ""room"": 1, ""unknown_a3"": 0, ""position"": [0.0, 3.5, -5.0], ""angles"": [0, 11008, 0], ""params"": [1.0, 1.0, 1.0, 3, 0, 0], ""unused_pointer"": 118189984}"
government-ep2/q459-bb-e,4,35,"{""base_type"": 2, ""set_flags"": 2, ""runtime_index"": 280, ""file_offset"": 19088, ""floor_field"": 4, ""entity_id_field"": 16664, ""group"": 0, ""room"": 3, ""unknown_a3"": 0, ""position"": [-0.00048828125, 3.5, -5.0], ""angles"": [0, 11009, 0], ""params"": [1.0, 1.0, 1.0, 3, 0, 0], ""unused_pointer"": 118191824}"
government-ep2/q459-bb-e,4,39,"{""base_type"": 2, ""set_flags"": 2, ""runtime_index"": 284, ""file_offset"": 19360, ""floor_field"": 4, ""entity_id_field"": 16668, ""group"": 0, ""room"": 4, ""unknown_a3"": 0, ""position"": [0.0, 3.0, 0.0], ""angles"": [0, 32769, 0], ""params"": [1.0, 1.0, 1.0, 0, 0, 1], ""unused_pointer"": 118192848}"
government-ep2/q459-bb-j,3,19,"{""base_type"": 2, ""set_flags"": 2, ""runtime_index"": 72, ""file_offset"": 4928, ""floor_field"": 1, ""entity_id_field"": 16456, ""group"": 0, ""room"": 1, ""unknown_a3"": 0, ""position"": [0.0, 3.499971389770508, -5.0], ""angles"": [0, 10752, 0], ""params"": [1.0, 1.0, 1.0, 0, 0, 0], ""unused_pointer"": 124151392}"
government-ep2/q459-bb-j,3,23,"{""base_type"": 2, ""set_flags"": 2, ""runtime_index"": 76, ""file_offset"": 5200, ""floor_field"": 3, ""entity_id_field"": 16460, ""group"": 0, ""room"": 2, ""unknown_a3"": 0, ""position"": [0.0, 3.4999656677246094, -5.0], ""angles"": [0, -32768, 0], ""params"": [1.0, 1.0, 1.0, 4, 0, 1], ""unused_pointer"": 124152416}"
government-ep2/q459-bb-j,3,40,"{""base_type"": 2, ""set_flags"": 2, ""runtime_index"": 93, ""file_offset"": 6356, ""floor_field"": 3, ""entity_id_field"": 16477, ""group"": 0, ""room"": 7, ""unknown_a3"": 0, ""position"": [-1.52587890625e-05, 3.5, -5.0], ""angles"": [0, -32768, 0], ""params"": [1.0, 1.0, 1.0, 4, 0, 1], ""unused_pointer"": 124161840}"
government-ep2/q459-bb-j,3,44,"{""base_type"": 2, ""set_flags"": 2, ""runtime_index"": 97, ""file_offset"": 6628, ""floor_field"": 3, ""entity_id_field"": 16481, ""group"": 0, ""room"": 8, ""unknown_a3"": 0, ""position"": [-0.00048078593681566417, 3.5, -5.000030994415283], ""angles"": [0, 10753, 0], ""params"": [1.0, 1.0, 1.0, 0, 0, 0], ""unused_pointer"": 124162864}"
government-ep2/q459-bb-j,4,29,"{""base_type"": 2, ""set_flags"": 2, ""runtime_index"": 274, ""file_offset"": 18680, ""floor_field"": 4, ""entity_id_field"": 16658, ""group"": 0, ""room"": 1, ""unknown_a3"": 0, ""position"": [0.0, 3.5, -5.0], ""angles"": [0, 11008, 0], ""params"": [1.0, 1.0, 1.0, 3, 0, 0], ""unused_pointer"": 118189984}"
government-ep2/q459-bb-j,4,35,"{""base_type"": 2, ""set_flags"": 2, ""runtime_index"": 280, ""file_offset"": 19088, ""floor_field"": 4, ""entity_id_field"": 16664, ""group"": 0, ""room"": 3, ""unknown_a3"": 0, ""position"": [-0.00048828125, 3.5, -5.0], ""angles"": [0, 11009, 0], ""params"": [1.0, 1.0, 1.0, 3, 0, 0], ""unused_pointer"": 118191824}"
government-ep2/q459-bb-j,4,39,"{""base_type"": 2, ""set_flags"": 2, ""runtime_index"": 284, ""file_offset"": 19360, ""floor_field"": 4, ""entity_id_field"": 16668, ""group"": 0, ""room"": 4, ""unknown_a3"": 0, ""position"": [0.0, 3.0, 0.0], ""angles"": [0, 32769, 0], ""params"": [1.0, 1.0, 1.0, 0, 0, 1], ""unused_pointer"": 118192848}"
government-ep2/q460-bb-e,3,10,"{""base_type"": 2, ""set_flags"": 2, ""runtime_index"": 63, ""file_offset"": 4316, ""floor_field"": 3, ""entity_id_field"": 16447, ""group"": 0, ""room"": 3, ""unknown_a3"": 0, ""position"": [0.0, 3.5, -5.0], ""angles"": [0, 32768, 0], ""params"": [1.0, 1.0, 1.0, 4, 0, 1], ""unused_pointer"": 118254432}"
government-ep2/q460-bb-e,3,19,"{""base_type"": 2, ""set_flags"": 2, ""runtime_index"": 72, ""file_offset"": 4928, ""floor_field"": 3, ""entity_id_field"": 16456, ""group"": 0, ""room"": 5, ""unknown_a3"": 0, ""position"": [0.0, 3.4999656677246094, -5.0], ""angles"": [0, -32768, 0], ""params"": [1.0, 1.0, 1.0, 4, 0, 1], ""unused_pointer"": 118259296}"
government-ep2/q460-bb-e,3,54,"{""base_type"": 2, ""set_flags"": 2, ""runtime_index"": 107, ""file_offset"": 7308, ""floor_field"": 1, ""entity_id_field"": 16491, ""group"": 0, ""room"": 8, ""unknown_a3"": 0, ""position"": [0.0, 3.499969482421875, -5.0], ""angles"": [0, 10752, 0], ""params"": [1.0, 1.0, 1.0, 0, 0, 0], ""unused_pointer"": 118267280}"
government-ep2/q460-bb-e,3,57,"{""base_type"": 2, ""set_flags"": 2, ""runtime_index"": 110, ""file_offset"": 7512, ""floor_field"": 3, ""entity_id_field"": 16494, ""group"": 0, ""room"": 9, ""unknown_a3"": 0, ""position"": [0.0, 3.5, -5.0], ""angles"": [0, 10753, 0], ""params"": [1.0, 1.0, 1.0, 0, 0, 0], ""unused_pointer"": 118268048}"
government-ep2/q460-bb-e,4,27,"{""base_type"": 2, ""set_flags"": 2, ""runtime_index"": 264, ""file_offset"": 18000, ""floor_field"": 4, ""entity_id_field"": 16648, ""group"": 0, ""room"": 1, ""unknown_a3"": 0, ""position"": [0.0, 3.5, -5.0], ""angles"": [0, 11008, 0], ""params"": [1.0, 1.0, 1.0, 3, 0, 0], ""unused_pointer"": 118255008}"
government-ep2/q460-bb-e,4,33,"{""base_type"": 2, ""set_flags"": 2, ""runtime_index"": 270, ""file_offset"": 18408, ""floor_field"": 4, ""entity_id_field"": 16654, ""group"": 0, ""room"": 3, ""unknown_a3"": 0, ""position"": [-0.00048828125, 3.5, -5.0], ""angles"": [0, 11009, 0], ""params"": [1.0, 1.0, 1.0, 3, 0, 0], ""unused_pointer"": 118256848}"
government-ep2/q460-bb-e,15,0,"{""base_type"": 2, ""set_flags"": 0, ""runtime_index"": 64003, ""file_offset"": 29508, ""floor_field"": 15, ""entity_id_field"": 15174, ""group"": 1, ""room"": 1, ""unknown_a3"": 0, ""position"": [-170.0, 2.0, -90.0], ""angles"": [0, 0, 0], ""params"": [1.0, 1.0, 1.0, 0, 0, 1], ""unused_pointer"": 2431906176}"
government-ep2/q460-bb-j,3,10,"{""base_type"": 2, ""set_flags"": 2, ""runtime_index"": 63, ""file_offset"": 4316, ""floor_field"": 3, ""entity_id_field"": 16447, ""group"": 0, ""room"": 3, ""unknown_a3"": 0, ""position"": [0.0, 3.5, -5.0], ""angles"": [0, 32768, 0], ""params"": [1.0, 1.0, 1.0, 4, 0, 1], ""unused_pointer"": 118254432}"
government-ep2/q460-bb-j,3,19,"{""base_type"": 2, ""set_flags"": 2, ""runtime_index"": 72, ""file_offset"": 4928, ""floor_field"": 3, ""entity_id_field"": 16456, ""group"": 0, ""room"": 5, ""unknown_a3"": 0, ""position"": [0.0, 3.4999656677246094, -5.0], ""angles"": [0, -32768, 0], ""params"": [1.0, 1.0, 1.0, 4, 0, 1], ""unused_pointer"": 118259296}"
government-ep2/q460-bb-j,3,54,"{""base_type"": 2, ""set_flags"": 2, ""runtime_index"": 107, ""file_offset"": 7308, ""floor_field"": 1, ""entity_id_field"": 16491, ""group"": 0, ""room"": 8, ""unknown_a3"": 0, ""position"": [0.0, 3.499969482421875, -5.0], ""angles"": [0, 10752, 0], ""params"": [1.0, 1.0, 1.0, 0, 0, 0], ""unused_pointer"": 118267280}"
government-ep2/q460-bb-j,3,57,"{""base_type"": 2, ""set_flags"": 2, ""runtime_index"": 110, ""file_offset"": 7512, ""floor_field"": 3, ""entity_id_field"": 16494, ""group"": 0, ""room"": 9, ""unknown_a3"": 0, ""position"": [0.0, 3.5, -5.0], ""angles"": [0, 10753, 0], ""params"": [1.0, 1.0, 1.0, 0, 0, 0], ""unused_pointer"": 118268048}"
government-ep2/q460-bb-j,4,27,"{""base_type"": 2, ""set_flags"": 2, ""runtime_index"": 264, ""file_offset"": 18000, ""floor_field"": 4, ""entity_id_field"": 16648, ""group"": 0, ""room"": 1, ""unknown_a3"": 0, ""position"": [0.0, 3.5, -5.0], ""angles"": [0, 11008, 0], ""params"": [1.0, 1.0, 1.0, 3, 0, 0], ""unused_pointer"": 118255008}"
government-ep2/q460-bb-j,4,33,"{""base_type"": 2, ""set_flags"": 2, ""runtime_index"": 270, ""file_offset"": 18408, ""floor_field"": 4, ""entity_id_field"": 16654, ""group"": 0, ""room"": 3, ""unknown_a3"": 0, ""position"": [-0.00048828125, 3.5, -5.0], ""angles"": [0, 11009, 0], ""params"": [1.0, 1.0, 1.0, 3, 0, 0], ""unused_pointer"": 118256848}"
government-ep2/q460-bb-j,15,0,"{""base_type"": 2, ""set_flags"": 0, ""runtime_index"": 64003, ""file_offset"": 29508, ""floor_field"": 15, ""entity_id_field"": 15174, ""group"": 1, ""room"": 1, ""unknown_a3"": 0, ""position"": [-170.0, 2.0, -90.0], ""angles"": [0, 0, 0], ""params"": [1.0, 1.0, 1.0, 0, 0, 1], ""unused_pointer"": 2431906176}"
government-ep4/q701-bb-e,1,8,"{""base_type"": 2, ""set_flags"": 0, ""runtime_index"": 364, ""file_offset"": 2412, ""floor_field"": 1, ""entity_id_field"": 16767, ""group"": 0, ""room"": 10, ""unknown_a3"": 0, ""position"": [-390.0, 0.44999998807907104, 440.0], ""angles"": [0, 24576, 0], ""params"": [1.0, 1.0, 1.0, 0, 0, 0], ""unused_pointer"": 42700848}"
government-ep4/q701-bb-j,1,8,"{""base_type"": 2, ""set_flags"": 0, ""runtime_index"": 364, ""file_offset"": 2412, ""floor_field"": 1, ""entity_id_field"": 16767, ""group"": 0, ""room"": 10, ""unknown_a3"": 0, ""position"": [-390.0, 0.44999998807907104, 440.0], ""angles"": [0, 24576, 0], ""params"": [1.0, 1.0, 1.0, 0, 0, 0], ""unused_pointer"": 42700848}"
government-ep4/q702-bb-e,2,45,"{""base_type"": 2, ""set_flags"": 0, ""runtime_index"": 1400, ""file_offset"": 4928, ""floor_field"": 2, ""entity_id_field"": 19333, ""group"": 0, ""room"": 20, ""unknown_a3"": 0, ""position"": [95.6630859375, 8.059999465942383, -134.09397888183594], ""angles"": [0, 16384, 0], ""params"": [1.0, 1.0, 1.0, 0, 0, 1], ""unused_pointer"": 77375328}"
government-ep4/q702-bb-e,2,228,"{""base_type"": 2, ""set_flags"": 0, ""runtime_index"": 385, ""file_offset"": 17372, ""floor_field"": 1, ""entity_id_field"": 18197, ""group"": 0, ""room"": 60, ""unknown_a3"": 0, ""position"": [297.683837890625, 7.949999809265137, -350.798828125], ""angles"": [0, 30464, 0], ""params"": [1.0, 1.0, 1.0, 0, 0, 0], ""unused_pointer"": 83412960}"
government-ep4/q702-bb-j,2,45,"{""base_type"": 2, ""set_flags"": 0, ""runtime_index"": 1400, ""file_offset"": 4928, ""floor_field"": 2, ""entity_id_field"": 19333, ""group"": 0, ""room"": 20, ""unknown_a3"": 0, ""position"": [95.6630859375, 8.059999465942383, -134.09397888183594], ""angles"": [0, 16384, 0], ""params"": [1.0, 1.0, 1.0, 0, 0, 1], ""unused_pointer"": 77375328}"
government-ep4/q702-bb-j,2,228,"{""base_type"": 2, ""set_flags"": 0, ""runtime_index"": 385, ""file_offset"": 17372, ""floor_field"": 1, ""entity_id_field"": 18197, ""group"": 0, ""room"": 60, ""unknown_a3"": 0, ""position"": [297.683837890625, 7.949999809265137, -350.798828125], ""angles"": [0, 30464, 0], ""params"": [1.0, 1.0, 1.0, 0, 0, 0], ""unused_pointer"": 83412960}"
government-ep4/q703-bb-e,3,9,"{""base_type"": 2, ""set_flags"": 0, ""runtime_index"": 440, ""file_offset"": 2480, ""floor_field"": 1, ""entity_id_field"": 17194, ""group"": 0, ""room"": 20, ""unknown_a3"": 0, ""position"": [4.438720703125, -4.199551105499268, -81.07247924804688], ""angles"": [0, 19200, 0], ""params"": [1.0, 1.0, 1.0, 0, 0, 0], ""unused_pointer"": 68920864}"
government-ep4/q703-bb-e,3,111,"{""base_type"": 2, ""set_flags"": 0, ""runtime_index"": 439, ""file_offset"": 9416, ""floor_field"": 1, ""entity_id_field"": 18061, ""group"": 0, ""room"": 60, ""unknown_a3"": 0, ""position"": [-30.4349365234375, 9.719103813171387, -708.033935546875], ""angles"": [0, 0, 0], ""params"": [1.0, 1.0, 1.0, 0, 0, 1], ""unused_pointer"": 77457600}"
government-ep4/q703-bb-j,3,9,"{""base_type"": 2, ""set_flags"": 0, ""runtime_index"": 440, ""file_offset"": 2480, ""floor_field"": 1, ""entity_id_field"": 17194, ""group"": 0, ""room"": 20, ""unknown_a3"": 0, ""position"": [4.438720703125, -4.199551105499268, -81.07247924804688], ""angles"": [0, 19200, 0], ""params"": [1.0, 1.0, 1.0, 0, 0, 0], ""unused_pointer"": 68920864}"
government-ep4/q703-bb-j,3,111,"{""base_type"": 2, ""set_flags"": 0, ""runtime_index"": 439, ""file_offset"": 9416, ""floor_field"": 1, ""entity_id_field"": 18061, ""group"": 0, ""room"": 60, ""unknown_a3"": 0, ""position"": [-30.4349365234375, 9.719103813171387, -708.033935546875], ""angles"": [0, 0, 0], ""params"": [1.0, 1.0, 1.0, 0, 0, 1], ""unused_pointer"": 77457600}"
government-ep4/q704-bb-e,4,51,"{""base_type"": 2, ""set_flags"": 0, ""runtime_index"": 1181, ""file_offset"": 5336, ""floor_field"": 4, ""entity_id_field"": 17921, ""group"": 0, ""room"": 22, ""unknown_a3"": 0, ""position"": [-111.4503173828125, 0.5163497924804688, -766.42041015625], ""angles"": [0, 8192, 0], ""params"": [1.0, 1.0, 1.0, 0, 0, 0], ""unused_pointer"": 69009392}"
government-ep4/q704-bb-e,4,94,"{""base_type"": 2, ""set_flags"": 0, ""runtime_index"": 1267, ""file_offset"": 8260, ""floor_field"": 4, ""entity_id_field"": 17818, ""group"": 0, ""room"": 60, ""unknown_a3"": 0, ""position"": [-33.7529296875, 9.719103813171387, -671.5341796875], ""angles"": [0, 12288, 0], ""params"": [1.0, 1.0, 1.0, 5, 0, 1], ""unused_pointer"": 77370128}"
government-ep4/q704-bb-e,4,138,"{""base_type"": 2, ""set_flags"": 0, ""runtime_index"": 1259, ""file_offset"": 11252, ""floor_field"": 4, ""entity_id_field"": 17885, ""group"": 0, ""room"": 81, ""unknown_a3"": 0, ""position"": [-144.29541015625, 10.300000190734863, 192.05810546875], ""angles"": [0, 9216, 0], ""params"": [1.0, 1.0, 1.0, 5, 0, 1], ""unused_pointer"": 77469680}"
government-ep4/q704-bb-e,5,19,"{""base_type"": 2, ""set_flags"": 0, ""runtime_index"": 1157, ""file_offset"": 12832, ""floor_field"": 5, ""entity_id_field"": 17566, ""group"": 0, ""room"": 10, ""unknown_a3"": 0, ""position"": [419.5177001953125, -48.68499755859375, 357.7947998046875], ""angles"": [0, 8192, 0], ""params"": [1.0, 1.0, 1.0, 4, 0, 0], ""unused_pointer"": 68981024}"
government-ep4/q704-bb-e,5,96,"{""base_type"": 2, ""set_flags"": 0, ""runtime_index"": 1254, ""file_offset"": 18068, ""floor_field"": 5, ""entity_id_field"": 17815, ""group"": 0, ""room"": 60, ""unknown_a3"": 0, ""position"": [-244.55648803710938, -51.015106201171875, 624.3565673828125], ""angles"": [0, 0, 0], ""params"": [1.0, 1.0, 1.0, 0, 0, 1], ""unused_pointer"": 77369712}"
government-ep4/q704-bb-j,4,51,"{""base_type"": 2, ""set_flags"": 0, ""runtime_index"": 1181, ""file_offset"": 5336, ""floor_field"": 4, ""entity_id_field"": 17921, ""group"": 0, ""room"": 22, ""unknown_a3"": 0, ""position"": [-111.4503173828125, 0.5163497924804688, -766.42041015625], ""angles"": [0, 8192, 0], ""params"": [1.0, 1.0, 1.0, 0, 0, 0], ""unused_pointer"": 69009392}"
government-ep4/q704-bb-j,4,94,"{""base_type"": 2, ""set_flags"": 0, ""runtime_index"": 1267, ""file_offset"": 8260, ""floor_field"": 4, ""entity_id_field"": 17818, ""group"": 0, ""room"": 60, ""unknown_a3"": 0, ""position"": [-33.7529296875, 9.719103813171387, -671.5341796875], ""angles"": [0, 12288, 0], ""params"": [1.0, 1.0, 1.0, 5, 0, 1], ""unused_pointer"": 77370128}"
government-ep4/q704-bb-j,4,138,"{""base_type"": 2, ""set_flags"": 0, ""runtime_index"": 1259, ""file_offset"": 11252, ""floor_field"": 4, ""entity_id_field"": 17885, ""group"": 0, ""room"": 81, ""unknown_a3"": 0, ""position"": [-144.29541015625, 10.300000190734863, 192.05810546875], ""angles"": [0, 9216, 0], ""params"": [1.0, 1.0, 1.0, 5, 0, 1], ""unused_pointer"": 77469680}"
government-ep4/q704-bb-j,5,19,"{""base_type"": 2, ""set_flags"": 0, ""runtime_index"": 1157, ""file_offset"": 12832, ""floor_field"": 5, ""entity_id_field"": 17566, ""group"": 0, ""room"": 10, ""unknown_a3"": 0, ""position"": [419.5177001953125, -48.68499755859375, 357.7947998046875], ""angles"": [0, 8192, 0], ""params"": [1.0, 1.0, 1.0, 4, 0, 0], ""unused_pointer"": 68981024}"
government-ep4/q704-bb-j,5,96,"{""base_type"": 2, ""set_flags"": 0, ""runtime_index"": 1254, ""file_offset"": 18068, ""floor_field"": 5, ""entity_id_field"": 17815, ""group"": 0, ""room"": 60, ""unknown_a3"": 0, ""position"": [-244.55648803710938, -51.015106201171875, 624.3565673828125], ""angles"": [0, 0, 0], ""params"": [1.0, 1.0, 1.0, 0, 0, 1], ""unused_pointer"": 77369712}"
government-ep4/q705-bb-e,5,7,"{""base_type"": 2, ""set_flags"": 0, ""runtime_index"": 1274, ""file_offset"": 2344, ""floor_field"": 5, ""entity_id_field"": 17796, ""group"": 0, ""room"": 50, ""unknown_a3"": 0, ""position"": [336.77001953125, 9.100006103515625, 209.33999633789062], ""angles"": [0, 17152, 0], ""params"": [1.0, 1.0, 1.0, 0, 0, 0], ""unused_pointer"": 71342480}"
government-ep4/q705-bb-e,5,48,"{""base_type"": 2, ""set_flags"": 0, ""runtime_index"": 1258, ""file_offset"": 5132, ""floor_field"": 5, ""entity_id_field"": 17689, ""group"": 0, ""room"": 60, ""unknown_a3"": 0, ""position"": [-244.70999145507812, -51.012664794921875, 621.9500122070312], ""angles"": [0, 11008, 0], ""params"": [1.0, 1.0, 1.0, 6, 0, 1], ""unused_pointer"": 71276448}"
government-ep4/q705-bb-e,6,1,"{""base_type"": 2, ""set_flags"": 0, ""runtime_index"": 1255, ""file_offset"": 10384, ""floor_field"": 6, ""entity_id_field"": 17662, ""group"": 0, ""room"": 10, ""unknown_a3"": 0, ""position"": [-0.009999999776482582, 0.0, -1.7599999904632568], ""angles"": [0, 11008, 0], ""params"": [1.0, 1.0, 1.0, 5, 0, 0], ""unused_pointer"": 73491152}"
government-ep4/q705-bb-e,6,208,"{""base_type"": 2, ""set_flags"": 0, ""runtime_index"": 1292, ""file_offset"": 24460, ""floor_field"": 6, ""entity_id_field"": 17893, ""group"": 0, ""room"": 162, ""unknown_a3"": 0, ""position"": [0.18994140625, -1.0000001192092896, -139.67999267578125], ""angles"": [0, 10752, 0], ""params"": [1.0, 1.0, 1.0, 0, 0, 1], ""unused_pointer"": 71344592}"
government-ep4/q705-bb-j,5,7,"{""base_type"": 2, ""set_flags"": 0, ""runtime_index"": 1274, ""file_offset"": 2344, ""floor_field"": 5, ""entity_id_field"": 17796, ""group"": 0, ""room"": 50, ""unknown_a3"": 0, ""position"": [336.77001953125, 9.100006103515625, 209.33999633789062], ""angles"": [0, 17152, 0], ""params"": [1.0, 1.0, 1.0, 0, 0, 0], ""unused_pointer"": 71342480}"
government-ep4/q705-bb-j,5,48,"{""base_type"": 2, ""set_flags"": 0, ""runtime_index"": 1258, ""file_offset"": 5132, ""floor_field"": 5, ""entity_id_field"": 17689, ""group"": 0, ""room"": 60, ""unknown_a3"": 0, ""position"": [-244.70999145507812, -51.012664794921875, 621.9500122070312], ""angles"": [0, 11008, 0], ""params"": [1.0, 1.0, 1.0, 6, 0, 1], ""unused_pointer"": 71276448}"
government-ep4/q705-bb-j,6,1,"{""base_type"": 2, ""set_flags"": 0, ""runtime_index"": 1255, ""file_offset"": 10384, ""floor_field"": 6, ""entity_id_field"": 17662, ""group"": 0, ""room"": 10, ""unknown_a3"": 0, ""position"": [-0.009999999776482582, 0.0, -1.7599999904632568], ""angles"": [0, 11008, 0], ""params"": [1.0, 1.0, 1.0, 5, 0, 0], ""unused_pointer"": 73491152}"
government-ep4/q705-bb-j,6,208,"{""base_type"": 2, ""set_flags"": 0, ""runtime_index"": 1292, ""file_offset"": 24460, ""floor_field"": 6, ""entity_id_field"": 17893, ""group"": 0, ""room"": 162, ""unknown_a3"": 0, ""position"": [0.18994140625, -1.0000001192092896, -139.67999267578125], ""angles"": [0, 10752, 0], ""params"": [1.0, 1.0, 1.0, 0, 0, 1], ""unused_pointer"": 71344592}"
government-ep4/q706-bb-e,7,65,"{""base_type"": 2, ""set_flags"": 0, ""runtime_index"": 1255, ""file_offset"": 6288, ""floor_field"": 7, ""entity_id_field"": 17979, ""group"": 0, ""room"": 21, ""unknown_a3"": 0, ""position"": [-0.9329833984375, 0.0, 31.301132202148438], ""angles"": [0, 16384, 0], ""params"": [1.0, 1.0, 1.0, 0, 0, 0], ""unused_pointer"": 73442288}"
government-ep4/q706-bb-e,7,209,"{""base_type"": 2, ""set_flags"": 0, ""runtime_index"": 1277, ""file_offset"": 16080, ""floor_field"": 7, ""entity_id_field"": 17831, ""group"": 1, ""room"": 79, ""unknown_a3"": 0, ""position"": [0.0, 1.430511474609375e-06, 0.0], ""angles"": [0, 32768, 0], ""params"": [1.0, 1.0, 1.0, 0, 0, 1], ""unused_pointer"": 73487152}"
government-ep4/q706-bb-j,7,65,"{""base_type"": 2, ""set_flags"": 0, ""runtime_index"": 1255, ""file_offset"": 6288, ""floor_field"": 7, ""entity_id_field"": 17979, ""group"": 0, ""room"": 21, ""unknown_a3"": 0, ""position"": [-0.9329833984375, 0.0, 31.301132202148438], ""angles"": [0, 16384, 0], ""params"": [1.0, 1.0, 1.0, 0, 0, 0], ""unused_pointer"": 73442288}"
government-ep4/q706-bb-j,7,209,"{""base_type"": 2, ""set_flags"": 0, ""runtime_index"": 1277, ""file_offset"": 16080, ""floor_field"": 7, ""entity_id_field"": 17831, ""group"": 1, ""room"": 79, ""unknown_a3"": 0, ""position"": [0.0, 1.430511474609375e-06, 0.0], ""angles"": [0, 32768, 0], ""params"": [1.0, 1.0, 1.0, 0, 0, 1], ""unused_pointer"": 73487152}"
government-ep4/q707-bb-e,8,0,"{""base_type"": 2, ""set_flags"": 0, ""runtime_index"": 1276, ""file_offset"": 1868, ""floor_field"": 8, ""entity_id_field"": 17717, ""group"": 0, ""room"": 10, ""unknown_a3"": 0, ""position"": [0.3308964967727661, -2.384185791015625e-07, -39.665313720703125], ""angles"": [0, 10752, 0], ""params"": [1.0, 1.0, 1.0, 0, 0, 0], ""unused_pointer"": 71252656}"
government-ep4/q707-bb-e,8,105,"{""base_type"": 2, ""set_flags"": 0, ""runtime_index"": 1314, ""file_offset"": 9008, ""floor_field"": 8, ""entity_id_field"": 18539, ""group"": 1, ""room"": 110, ""unknown_a3"": 0, ""position"": [-217.33580017089844, -40.016143798828125, -5.2132568359375], ""angles"": [0, 0, 0], ""params"": [1.0, 1.0, 1.0, 0, 0, 1], ""unused_pointer"": 71278752}"
government-ep4/q707-bb-j,8,0,"{""base_type"": 2, ""set_flags"": 0, ""runtime_index"": 1276, ""file_offset"": 1868, ""floor_field"": 8, ""entity_id_field"": 17717, ""group"": 0, ""room"": 10, ""unknown_a3"": 0, ""position"": [0.3308964967727661, -2.384185791015625e-07, -39.665313720703125], ""angles"": [0, 10752, 0], ""params"": [1.0, 1.0, 1.0, 0, 0, 0], ""unused_pointer"": 71252656}"
government-ep4/q707-bb-j,8,105,"{""base_type"": 2, ""set_flags"": 0, ""runtime_index"": 1314, ""file_offset"": 9008, ""floor_field"": 8, ""entity_id_field"": 18539, ""group"": 1, ""room"": 110, ""unknown_a3"": 0, ""position"": [-217.33580017089844, -40.016143798828125, -5.2132568359375], ""angles"": [0, 0, 0], ""params"": [1.0, 1.0, 1.0, 0, 0, 1], ""unused_pointer"": 71278752}"
government-ep4/q708-bb-e,6,8,"{""base_type"": 2, ""set_flags"": 0, ""runtime_index"": 1339, ""file_offset"": 2412, ""floor_field"": 6, ""entity_id_field"": 17857, ""group"": 0, ""room"": 41, ""unknown_a3"": 0, ""position"": [0.0, 0.052486419677734375, -70.0], ""angles"": [0, 65536, 0], ""params"": [1.0, 1.0, 1.0, 0, 0, 0], ""unused_pointer"": 73546112}"
government-ep4/q708-bb-e,6,75,"{""base_type"": 2, ""set_flags"": 0, ""runtime_index"": 1419, ""file_offset"": 6968, ""floor_field"": 6, ""entity_id_field"": 17914, ""group"": 0, ""room"": 110, ""unknown_a3"": 0, ""position"": [265.0, 0.0, 240.0], ""angles"": [0, 32768, 0], ""params"": [1.0, 1.0, 1.0, 7, 0, 1], ""unused_pointer"": 73636784}"
government-ep4/q708-bb-e,7,50,"{""base_type"": 2, ""set_flags"": 0, ""runtime_index"": 1397, ""file_offset"": 11404, ""floor_field"": 7, ""entity_id_field"": 18089, ""group"": 0, ""room"": 10, ""unknown_a3"": 0, ""position"": [394.20758056640625, 0.0, -93.2829818725586], ""angles"": [0, 16384, 0], ""params"": [1.0, 1.0, 1.0, 8, 0, 1], ""unused_pointer"": 73581104}"
government-ep4/q708-bb-e,7,51,"{""base_type"": 2, ""set_flags"": 0, ""runtime_index"": 1346, ""file_offset"": 11472, ""floor_field"": 7, ""entity_id_field"": 18091, ""group"": 0, ""room"": 10, ""unknown_a3"": 0, ""position"": [53.47416687011719, 0.0, 136.8199920654297], ""angles"": [0, 49152, 0], ""params"": [1.0, 1.0, 1.0, 6, 0, 0], ""unused_pointer"": 73581344}"
government-ep4/q708-bb-e,8,106,"{""base_type"": 2, ""set_flags"": 0, ""runtime_index"": 1470, ""file_offset"": 24748, ""floor_field"": 8, ""entity_id_field"": 17947, ""group"": 0, ""room"": 122, ""unknown_a3"": 0, ""position"": [0.0020751953125, 0.0, -19.9969482421875], ""angles"": [0, 32767, 0], ""params"": [1.0, 1.0, 1.0, 7, 0, 0], ""unused_pointer"": 73611952}"
government-ep4/q708-bb-j,6,8,"{""base_type"": 2, ""set_flags"": 0, ""runtime_index"": 1339, ""file_offset"": 2412, ""floor_field"": 6, ""entity_id_field"": 17857, ""group"": 0, ""room"": 41, ""unknown_a3"": 0, ""position"": [0.0, 0.052486419677734375, -70.0], ""angles"": [0, 65536, 0], ""params"": [1.0, 1.0, 1.0, 0, 0, 0], ""unused_pointer"": 73546112}"
government-ep4/q708-bb-j,6,75,"{""base_type"": 2, ""set_flags"": 0, ""runtime_index"": 1419, ""file_offset"": 6968, ""floor_field"": 6, ""entity_id_field"": 17914, ""group"": 0, ""room"": 110, ""unknown_a3"": 0, ""position"": [265.0, 0.0, 240.0], ""angles"": [0, 32768, 0], ""params"": [1.0, 1.0, 1.0, 7, 0, 1], ""unused_pointer"": 73636784}"
government-ep4/q708-bb-j,7,50,"{""base_type"": 2, ""set_flags"": 0, ""runtime_index"": 1397, ""file_offset"": 11404, ""floor_field"": 7, ""entity_id_field"": 18089, ""group"": 0, ""room"": 10, ""unknown_a3"": 0, ""position"": [394.20758056640625, 0.0, -93.2829818725586], ""angles"": [0, 16384, 0], ""params"": [1.0, 1.0, 1.0, 8, 0, 1], ""unused_pointer"": 73581104}"
government-ep4/q708-bb-j,7,51,"{""base_type"": 2, ""set_flags"": 0, ""runtime_index"": 1346, ""file_offset"": 11472, ""floor_field"": 7, ""entity_id_field"": 18091, ""group"": 0, ""room"": 10, ""unknown_a3"": 0, ""position"": [53.47416687011719, 0.0, 136.8199920654297], ""angles"": [0, 49152, 0], ""params"": [1.0, 1.0, 1.0, 6, 0, 0], ""unused_pointer"": 73581344}"
government-ep4/q708-bb-j,8,106,"{""base_type"": 2, ""set_flags"": 0, ""runtime_index"": 1470, ""file_offset"": 24748, ""floor_field"": 8, ""entity_id_field"": 17947, ""group"": 0, ""room"": 122, ""unknown_a3"": 0, ""position"": [0.0020751953125, 0.0, -19.9969482421875], ""angles"": [0, 32767, 0], ""params"": [1.0, 1.0, 1.0, 7, 0, 0], ""unused_pointer"": 73611952}"
maximum-attack-ep1/q39-bb-e,2,27,"{""base_type"": 2, ""set_flags"": 0, ""runtime_index"": 0, ""file_offset"": 3772, ""floor_field"": 0, ""entity_id_field"": 0, ""group"": 0, ""room"": 8, ""unknown_a3"": 0, ""position"": [71.93533325195312, 51.0, 3.1698267459869385], ""angles"": [0, -4096, 0], ""params"": [1.0, 0.0, 1.0, 4, 0, 1], ""unused_pointer"": 0}"
maximum-attack-ep1/q39-bb-e,2,29,"{""base_type"": 2, ""set_flags"": 0, ""runtime_index"": 0, ""file_offset"": 3908, ""floor_field"": 0, ""entity_id_field"": 0, ""group"": 0, ""room"": 9, ""unknown_a3"": 0, ""position"": [-90.0, 34.0, -85.0], ""angles"": [0, 0, 0], ""params"": [0.0, 1.0, 0.0, 0, 0, 0], ""unused_pointer"": 0}"
maximum-attack-ep1/q39-bb-e,4,0,"{""base_type"": 2, ""set_flags"": 0, ""runtime_index"": 1311, ""file_offset"": 4400, ""floor_field"": 4, ""entity_id_field"": 65535, ""group"": 0, ""room"": 1, ""unknown_a3"": 0, ""position"": [10.0, 0.0, -44.00001907348633], ""angles"": [0, -31488, 0], ""params"": [0.0, 1.0, 0.0, 2, 0, 0], ""unused_pointer"": 2365206448}"
maximum-attack-ep1/q39-bb-e,4,25,"{""base_type"": 2, ""set_flags"": 0, ""runtime_index"": 0, ""file_offset"": 6100, ""floor_field"": 0, ""entity_id_field"": 0, ""group"": 0, ""room"": 6, ""unknown_a3"": 0, ""position"": [10.0, 0.0, -44.0], ""angles"": [0, -31488, 0], ""params"": [1.0, 0.0, 1.0, 6, 0, 1], ""unused_pointer"": 0}"
maximum-attack-ep1/q39-bb-e,6,9,"{""base_type"": 2, ""set_flags"": 0, ""runtime_index"": 0, ""file_offset"": 7340, ""floor_field"": 0, ""entity_id_field"": 0, ""group"": 0, ""room"": 2, ""unknown_a3"": 0, ""position"": [0.0, 0.0, 40.0], ""angles"": [0, 0, 0], ""params"": [1.0, 1.0, 1.0, 4, 0, 0], ""unused_pointer"": 0}"
maximum-attack-ep1/q39-bb-e,6,19,"{""base_type"": 2, ""set_flags"": 0, ""runtime_index"": 0, ""file_offset"": 8020, ""floor_field"": 0, ""entity_id_field"": 0, ""group"": 0, ""room"": 4, ""unknown_a3"": 0, ""position"": [0.0, 0.0, 40.0], ""angles"": [0, 32768, 0], ""params"": [1.0, 0.0, 1.0, 10, 0, 1], ""unused_pointer"": 0}"
maximum-attack-ep1/q39-bb-e,14,0,"{""base_type"": 2, ""set_flags"": 0, ""runtime_index"": 1664, ""file_offset"": 10160, ""floor_field"": 14, ""entity_id_field"": 18061, ""group"": 1, ""room"": 0, ""unknown_a3"": 0, ""position"": [-6.498046875, 5.0, -221.61703491210938], ""angles"": [0, -32768, 0], ""params"": [1.0, 1.0, 1.0, 0, 0, 0], ""unused_pointer"": 2365217888}"
maximum-attack-ep1/q39-bb-e,14,6,"{""base_type"": 2, ""set_flags"": 0, ""runtime_index"": 2019, ""file_offset"": 10568, ""floor_field"": 14, ""entity_id_field"": 49480, ""group"": 1, ""room"": 1, ""unknown_a3"": 0, ""position"": [-9.46013069152832, 0.0, 2.265357732772827], ""angles"": [0, -32768, 0], ""params"": [1.0, 1.0, 1.0, 0, 0, 0], ""unused_pointer"": 3492212608}"
maximum-attack-ep1/q39-bb-e,14,16,"{""base_type"": 2, ""set_flags"": 0, ""runtime_index"": 2045, ""file_offset"": 11248, ""floor_field"": 14, ""entity_id_field"": 38728, ""group"": 1, ""room"": 2, ""unknown_a3"": 0, ""position"": [189.095703125, 0.0, 76.38676452636719], ""angles"": [0, -32768, 0], ""params"": [1.0, 1.0, 1.0, 0, 0, 0], ""unused_pointer"": 2150166400}"
maximum-attack-ep1/q39-bb-j,2,27,"{""base_type"": 2, ""set_flags"": 0, ""runtime_index"": 0, ""file_offset"": 3772, ""floor_field"": 0, ""entity_id_field"": 0, ""group"": 0, ""room"": 8, ""unknown_a3"": 0, ""position"": [71.93533325195312, 51.0, 3.1698267459869385], ""angles"": [0, -4096, 0], ""params"": [1.0, 0.0, 1.0, 4, 0, 1], ""unused_pointer"": 0}"
maximum-attack-ep1/q39-bb-j,2,29,"{""base_type"": 2, ""set_flags"": 0, ""runtime_index"": 0, ""file_offset"": 3908, ""floor_field"": 0, ""entity_id_field"": 0, ""group"": 0, ""room"": 9, ""unknown_a3"": 0, ""position"": [-90.0, 34.0, -85.0], ""angles"": [0, 0, 0], ""params"": [0.0, 1.0, 0.0, 0, 0, 0], ""unused_pointer"": 0}"
maximum-attack-ep1/q39-bb-j,4,0,"{""base_type"": 2, ""set_flags"": 0, ""runtime_index"": 1311, ""file_offset"": 4400, ""floor_field"": 4, ""entity_id_field"": 65535, ""group"": 0, ""room"": 1, ""unknown_a3"": 0, ""position"": [10.0, 0.0, -44.00001907348633], ""angles"": [0, -31488, 0], ""params"": [0.0, 1.0, 0.0, 2, 0, 0], ""unused_pointer"": 2365206448}"
maximum-attack-ep1/q39-bb-j,4,25,"{""base_type"": 2, ""set_flags"": 0, ""runtime_index"": 0, ""file_offset"": 6100, ""floor_field"": 0, ""entity_id_field"": 0, ""group"": 0, ""room"": 6, ""unknown_a3"": 0, ""position"": [10.0, 0.0, -44.0], ""angles"": [0, -31488, 0], ""params"": [1.0, 0.0, 1.0, 6, 0, 1], ""unused_pointer"": 0}"
maximum-attack-ep1/q39-bb-j,6,9,"{""base_type"": 2, ""set_flags"": 0, ""runtime_index"": 0, ""file_offset"": 7340, ""floor_field"": 0, ""entity_id_field"": 0, ""group"": 0, ""room"": 2, ""unknown_a3"": 0, ""position"": [0.0, 0.0, 40.0], ""angles"": [0, 0, 0], ""params"": [1.0, 1.0, 1.0, 4, 0, 0], ""unused_pointer"": 0}"
maximum-attack-ep1/q39-bb-j,6,19,"{""base_type"": 2, ""set_flags"": 0, ""runtime_index"": 0, ""file_offset"": 8020, ""floor_field"": 0, ""entity_id_field"": 0, ""group"": 0, ""room"": 4, ""unknown_a3"": 0, ""position"": [0.0, 0.0, 40.0], ""angles"": [0, 32768, 0], ""params"": [1.0, 0.0, 1.0, 10, 0, 1], ""unused_pointer"": 0}"
maximum-attack-ep1/q39-bb-j,14,0,"{""base_type"": 2, ""set_flags"": 0, ""runtime_index"": 1664, ""file_offset"": 10160, ""floor_field"": 14, ""entity_id_field"": 18061, ""group"": 1, ""room"": 0, ""unknown_a3"": 0, ""position"": [-6.498046875, 5.0, -221.61703491210938], ""angles"": [0, -32768, 0], ""params"": [1.0, 1.0, 1.0, 0, 0, 0], ""unused_pointer"": 2365217888}"
maximum-attack-ep1/q39-bb-j,14,6,"{""base_type"": 2, ""set_flags"": 0, ""runtime_index"": 2019, ""file_offset"": 10568, ""floor_field"": 14, ""entity_id_field"": 49480, ""group"": 1, ""room"": 1, ""unknown_a3"": 0, ""position"": [-9.46013069152832, 0.0, 2.265357732772827], ""angles"": [0, -32768, 0], ""params"": [1.0, 1.0, 1.0, 0, 0, 0], ""unused_pointer"": 3492212608}"
maximum-attack-ep1/q39-bb-j,14,16,"{""base_type"": 2, ""set_flags"": 0, ""runtime_index"": 2045, ""file_offset"": 11248, ""floor_field"": 14, ""entity_id_field"": 38728, ""group"": 1, ""room"": 2, ""unknown_a3"": 0, ""position"": [189.095703125, 0.0, 76.38676452636719], ""angles"": [0, -32768, 0], ""params"": [1.0, 1.0, 1.0, 0, 0, 0], ""unused_pointer"": 2150166400}"
maximum-attack-ep1/q45-bb-e,3,18,"{""base_type"": 2, ""set_flags"": 0, ""runtime_index"": 2014, ""file_offset"": 3160, ""floor_field"": 4, ""entity_id_field"": 18576, ""group"": 0, ""room"": 9, ""unknown_a3"": 0, ""position"": [0.0, 0.0, -30.0], ""angles"": [0, 0, 0], ""params"": [1.0, 1.0, 1.0, 0, 0, 0], ""unused_pointer"": 28610800}"
maximum-attack-ep1/q45-bb-e,4,19,"{""base_type"": 2, ""set_flags"": 0, ""runtime_index"": 2014, ""file_offset"": 6508, ""floor_field"": 4, ""entity_id_field"": 18576, ""group"": 0, ""room"": 9, ""unknown_a3"": 0, ""position"": [0.0, 0.0, -30.0], ""angles"": [0, 0, 0], ""params"": [1.0, 1.0, 1.0, 0, 0, 0], ""unused_pointer"": 28610800}"
maximum-attack-ep1/q45-bb-e,14,0,"{""base_type"": 2, ""set_flags"": 0, ""runtime_index"": 168, ""file_offset"": 31576, ""floor_field"": 14, ""entity_id_field"": 18714, ""group"": 1, ""room"": 0, ""unknown_a3"": 0, ""position"": [-6.5, 5.0, -221.61703491210938], ""angles"": [0, -32768, 0], ""params"": [1.0, 1.0, 1.0, 0, 0, 1], ""unused_pointer"": 79176640}"
maximum-attack-ep1/q45-bb-j,3,18,"{""base_type"": 2, ""set_flags"": 0, ""runtime_index"": 2014, ""file_offset"": 3160, ""floor_field"": 4, ""entity_id_field"": 18576, ""group"": 0, ""room"": 9, ""unknown_a3"": 0, ""position"": [0.0, 0.0, -30.0], ""angles"": [0, 0, 0], ""params"": [1.0, 1.0, 1.0, 0, 0, 0], ""unused_pointer"": 28610800}"
maximum-attack-ep1/q45-bb-j,4,19,"{""base_type"": 2, ""set_flags"": 0, ""runtime_index"": 2014, ""file_offset"": 6508, ""floor_field"": 4, ""entity_id_field"": 18576, ""group"": 0, ""room"": 9, ""unknown_a3"": 0, ""position"": [0.0, 0.0, -30.0], ""angles"": [0, 0, 0], ""params"": [1.0, 1.0, 1.0, 0, 0, 0], ""unused_pointer"": 28610800}"
maximum-attack-ep1/q45-bb-j,14,0,"{""base_type"": 2, ""set_flags"": 0, ""runtime_index"": 168, ""file_offset"": 31576, ""floor_field"": 14, ""entity_id_field"": 18714, ""group"": 1, ""room"": 0, ""unknown_a3"": 0, ""position"": [-6.5, 5.0, -221.61703491210938], ""angles"": [0, -32768, 0], ""params"": [1.0, 1.0, 1.0, 0, 0, 1], ""unused_pointer"": 79176640}"
maximum-attack-ep1/q142-bb-e,5,64,"{""base_type"": 2, ""set_flags"": 0, ""runtime_index"": 1769, ""file_offset"": 17796, ""floor_field"": 5, ""entity_id_field"": 17828, ""group"": 0, ""room"": 11, ""unknown_a3"": 0, ""position"": [0.0, 0.0, 50.0], ""angles"": [0, 0, 0], ""params"": [1.0, 1.0, 1.0, 7, 0, 1], ""unused_pointer"": 2365264016}"
maximum-attack-ep1/q142-bb-e,5,70,"{""base_type"": 2, ""set_flags"": 0, ""runtime_index"": 1562, ""file_offset"": 18204, ""floor_field"": 5, ""entity_id_field"": 18166, ""group"": 0, ""room"": 13, ""unknown_a3"": 0, ""position"": [-3.0517578125e-05, 0.0, 50.0], ""angles"": [0, 0, 0], ""params"": [1.0, 1.0, 1.0, 2, 0, 0], ""unused_pointer"": 2365258976}"
maximum-attack-ep1/q142-bb-e,7,30,"{""base_type"": 2, ""set_flags"": 0, ""runtime_index"": 1800, ""file_offset"": 30748, ""floor_field"": 7, ""entity_id_field"": 18613, ""group"": 0, ""room"": 2, ""unknown_a3"": 0, ""position"": [0.0, 0.0, 40.0], ""angles"": [0, -43776, 0], ""params"": [1.0, 1.0, 1.0, 5, 0, 0], ""unused_pointer"": 2365212480}"
maximum-attack-ep1/q142-bb-j,5,64,"{""base_type"": 2, ""set_flags"": 0, ""runtime_index"": 1769, ""file_offset"": 17796, ""floor_field"": 5, ""entity_id_field"": 17828, ""group"": 0, ""room"": 11, ""unknown_a3"": 0, ""position"": [0.0, 0.0, 50.0], ""angles"": [0, 0, 0], ""params"": [1.0, 1.0, 1.0, 7, 0, 1], ""unused_pointer"": 2365264016}"
maximum-attack-ep1/q142-bb-j,5,70,"{""base_type"": 2, ""set_flags"": 0, ""runtime_index"": 1562, ""file_offset"": 18204, ""floor_field"": 5, ""entity_id_field"": 18166, ""group"": 0, ""room"": 13, ""unknown_a3"": 0, ""position"": [-3.0517578125e-05, 0.0, 50.0], ""angles"": [0, 0, 0], ""params"": [1.0, 1.0, 1.0, 2, 0, 0], ""unused_pointer"": 2365258976}"
maximum-attack-ep1/q142-bb-j,7,30,"{""base_type"": 2, ""set_flags"": 0, ""runtime_index"": 1800, ""file_offset"": 30748, ""floor_field"": 7, ""entity_id_field"": 18613, ""group"": 0, ""room"": 2, ""unknown_a3"": 0, ""position"": [0.0, 0.0, 40.0], ""angles"": [0, -43776, 0], ""params"": [1.0, 1.0, 1.0, 5, 0, 0], ""unused_pointer"": 2365212480}"
maximum-attack-ep1/q144-bb-e,4,18,"{""base_type"": 2, ""set_flags"": 0, ""runtime_index"": 2014, ""file_offset"": 3024, ""floor_field"": 4, ""entity_id_field"": 18576, ""group"": 0, ""room"": 9, ""unknown_a3"": 0, ""position"": [0.0, 0.0, -30.0], ""angles"": [0, 0, 0], ""params"": [1.0, 1.0, 1.0, 0, 0, 0], ""unused_pointer"": 28610800}"
maximum-attack-ep1/q144-bb-e,7,12,"{""base_type"": 2, ""set_flags"": 0, ""runtime_index"": 2048, ""file_offset"": 5896, ""floor_field"": 7, ""entity_id_field"": 18625, ""group"": 0, ""room"": 1, ""unknown_a3"": 0, ""position"": [0.0, 0.0, 20.0], ""angles"": [0, -32768, 0], ""params"": [1.0, 1.0, 1.0, 4, 0, 0], ""unused_pointer"": 28547952}"
maximum-attack-ep1/q144-bb-e,7,29,"{""base_type"": 2, ""set_flags"": 0, ""runtime_index"": 1995, ""file_offset"": 7052, ""floor_field"": 7, ""entity_id_field"": 18405, ""group"": 0, ""room"": 30, ""unknown_a3"": 0, ""position"": [2.269260585308075e-05, 0.0, 3.820657730102539e-05], ""angles"": [0, -10751, 0], ""params"": [1.0, 1.0, 1.0, 10, 0, 1], ""unused_pointer"": 28545712}"
maximum-attack-ep1/q144-bb-j,4,18,"{""base_type"": 2, ""set_flags"": 0, ""runtime_index"": 2014, ""file_offset"": 3024, ""floor_field"": 4, ""entity_id_field"": 18576, ""group"": 0, ""room"": 9, ""unknown_a3"": 0, ""position"": [0.0, 0.0, -30.0], ""angles"": [0, 0, 0], ""params"": [1.0, 1.0, 1.0, 0, 0, 0], ""unused_pointer"": 28610800}"
maximum-attack-ep1/q144-bb-j,7,12,"{""base_type"": 2, ""set_flags"": 0, ""runtime_index"": 2048, ""file_offset"": 5896, ""floor_field"": 7, ""entity_id_field"": 18625, ""group"": 0, ""room"": 1, ""unknown_a3"": 0, ""position"": [0.0, 0.0, 20.0], ""angles"": [0, -32768, 0], ""params"": [1.0, 1.0, 1.0, 4, 0, 0], ""unused_pointer"": 28547952}"
maximum-attack-ep1/q144-bb-j,7,29,"{""base_type"": 2, ""set_flags"": 0, ""runtime_index"": 1995, ""file_offset"": 7052, ""floor_field"": 7, ""entity_id_field"": 18405, ""group"": 0, ""room"": 30, ""unknown_a3"": 0, ""position"": [2.269260585308075e-05, 0.0, 3.820657730102539e-05], ""angles"": [0, -10751, 0], ""params"": [1.0, 1.0, 1.0, 10, 0, 1], ""unused_pointer"": 28545712}"
maximum-attack-ep1/q145-bb-e,4,0,"{""base_type"": 2, ""set_flags"": 0, ""runtime_index"": 2042, ""file_offset"": 1800, ""floor_field"": 4, ""entity_id_field"": 18849, ""group"": 0, ""room"": 3, ""unknown_a3"": 0, ""position"": [0.0, 0.0, -30.0], ""angles"": [0, -32768, 0], ""params"": [1.0, 1.0, 1.0, 7, 0, 1], ""unused_pointer"": 28545744}"
maximum-attack-ep1/q145-bb-e,4,19,"{""base_type"": 2, ""set_flags"": 0, ""runtime_index"": 2014, ""file_offset"": 3092, ""floor_field"": 4, ""entity_id_field"": 18576, ""group"": 0, ""room"": 9, ""unknown_a3"": 0, ""position"": [0.0, 0.0, -30.0], ""angles"": [0, 0, 0], ""params"": [1.0, 1.0, 1.0, 0, 0, 0], ""unused_pointer"": 28610800}"
maximum-attack-ep1/q145-bb-e,7,1,"{""base_type"": 2, ""set_flags"": 0, ""runtime_index"": 2093, ""file_offset"": 6440, ""floor_field"": 7, ""entity_id_field"": 19043, ""group"": 0, ""room"": 6, ""unknown_a3"": 0, ""position"": [0.0, 0.0, 20.0], ""angles"": [0, 0, 0], ""params"": [1.0, 1.0, 1.0, 10, 0, 1], ""unused_pointer"": 28545264}"
maximum-attack-ep1/q145-bb-e,7,13,"{""base_type"": 2, ""set_flags"": 0, ""runtime_index"": 2078, ""file_offset"": 7256, ""floor_field"": 7, ""entity_id_field"": 18895, ""group"": 0, ""room"": 21, ""unknown_a3"": 0, ""position"": [0.0, 0.0, 20.0], ""angles"": [0, 0, 0], ""params"": [1.0, 1.0, 1.0, 4, 0, 0], ""unused_pointer"": 28545776}"
maximum-attack-ep1/q145-bb-j,4,0,"{""base_type"": 2, ""set_flags"": 0, ""runtime_index"": 2042, ""file_offset"": 1800, ""floor_field"": 4, ""entity_id_field"": 18849, ""group"": 0, ""room"": 3, ""unknown_a3"": 0, ""position"": [0.0, 0.0, -30.0], ""angles"": [0, -32768, 0], ""params"": [1.0, 1.0, 1.0, 7, 0, 1], ""unused_pointer"": 28545744}"
maximum-attack-ep1/q145-bb-j,4,19,"{""base_type"": 2, ""set_flags"": 0, ""runtime_index"": 2014, ""file_offset"": 3092, ""floor_field"": 4, ""entity_id_field"": 18576, ""group"": 0, ""room"": 9, ""unknown_a3"": 0, ""position"": [0.0, 0.0, -30.0], ""angles"": [0, 0, 0], ""params"": [1.0, 1.0, 1.0, 0, 0, 0], ""unused_pointer"": 28610800}"
maximum-attack-ep1/q145-bb-j,7,1,"{""base_type"": 2, ""set_flags"": 0, ""runtime_index"": 2093, ""file_offset"": 6440, ""floor_field"": 7, ""entity_id_field"": 19043, ""group"": 0, ""room"": 6, ""unknown_a3"": 0, ""position"": [0.0, 0.0, 20.0], ""angles"": [0, 0, 0], ""params"": [1.0, 1.0, 1.0, 10, 0, 1], ""unused_pointer"": 28545264}"
maximum-attack-ep1/q145-bb-j,7,13,"{""base_type"": 2, ""set_flags"": 0, ""runtime_index"": 2078, ""file_offset"": 7256, ""floor_field"": 7, ""entity_id_field"": 18895, ""group"": 0, ""room"": 21, ""unknown_a3"": 0, ""position"": [0.0, 0.0, 20.0], ""angles"": [0, 0, 0], ""params"": [1.0, 1.0, 1.0, 4, 0, 0], ""unused_pointer"": 28545776}"
maximum-attack-ep1/q146-bb-e,4,0,"{""base_type"": 2, ""set_flags"": 0, ""runtime_index"": 2042, ""file_offset"": 1800, ""floor_field"": 4, ""entity_id_field"": 18849, ""group"": 0, ""room"": 3, ""unknown_a3"": 0, ""position"": [0.0, 0.0, -30.0], ""angles"": [0, -32768, 0], ""params"": [1.0, 1.0, 1.0, 7, 0, 1], ""unused_pointer"": 28545744}"
maximum-attack-ep1/q146-bb-e,4,19,"{""base_type"": 2, ""set_flags"": 0, ""runtime_index"": 2014, ""file_offset"": 3092, ""floor_field"": 4, ""entity_id_field"": 18576, ""group"": 0, ""room"": 9, ""unknown_a3"": 0, ""position"": [0.0, 0.0, -30.0], ""angles"": [0, 0, 0], ""params"": [1.0, 1.0, 1.0, 0, 0, 0], ""unused_pointer"": 28610800}"
maximum-attack-ep1/q146-bb-e,7,9,"{""base_type"": 2, ""set_flags"": 0, ""runtime_index"": 2078, ""file_offset"": 6984, ""floor_field"": 7, ""entity_id_field"": 18895, ""group"": 0, ""room"": 21, ""unknown_a3"": 0, ""position"": [0.0, 0.0, 20.0], ""angles"": [0, 0, 0], ""params"": [1.0, 1.0, 1.0, 4, 0, 0], ""unused_pointer"": 28545776}"
maximum-attack-ep1/q146-bb-e,7,38,"{""base_type"": 2, ""set_flags"": 0, ""runtime_index"": 2098, ""file_offset"": 8956, ""floor_field"": 7, ""entity_id_field"": 18498, ""group"": 0, ""room"": 90, ""unknown_a3"": 0, ""position"": [0.0, 10.0, -80.0], ""angles"": [0, 16384, 0], ""params"": [1.0, 1.0, 1.0, 10, 0, 1], ""unused_pointer"": 28547632}"
maximum-attack-ep1/q146-bb-e,14,0,"{""base_type"": 2, ""set_flags"": 0, ""runtime_index"": 168, ""file_offset"": 11096, ""floor_field"": 14, ""entity_id_field"": 18714, ""group"": 1, ""room"": 0, ""unknown_a3"": 0, ""position"": [-6.5, 5.0, -221.61703491210938], ""angles"": [0, -32768, 0], ""params"": [1.0, 1.0, 1.0, 0, 0, 1], ""unused_pointer"": 79176640}"
maximum-attack-ep1/q146-bb-j,4,0,"{""base_type"": 2, ""set_flags"": 0, ""runtime_index"": 2042, ""file_offset"": 1800, ""floor_field"": 4, ""entity_id_field"": 18849, ""group"": 0, ""room"": 3, ""unknown_a3"": 0, ""position"": [0.0, 0.0, -30.0], ""angles"": [0, -32768, 0], ""params"": [1.0, 1.0, 1.0, 7, 0, 1], ""unused_pointer"": 28545744}"
maximum-attack-ep1/q146-bb-j,4,19,"{""base_type"": 2, ""set_flags"": 0, ""runtime_index"": 2014, ""file_offset"": 3092, ""floor_field"": 4, ""entity_id_field"": 18576, ""group"": 0, ""room"": 9, ""unknown_a3"": 0, ""position"": [0.0, 0.0, -30.0], ""angles"": [0, 0, 0], ""params"": [1.0, 1.0, 1.0, 0, 0, 0], ""unused_pointer"": 28610800}"
maximum-attack-ep1/q146-bb-j,7,9,"{""base_type"": 2, ""set_flags"": 0, ""runtime_index"": 2078, ""file_offset"": 6984, ""floor_field"": 7, ""entity_id_field"": 18895, ""group"": 0, ""room"": 21, ""unknown_a3"": 0, ""position"": [0.0, 0.0, 20.0], ""angles"": [0, 0, 0], ""params"": [1.0, 1.0, 1.0, 4, 0, 0], ""unused_pointer"": 28545776}"
maximum-attack-ep1/q146-bb-j,7,38,"{""base_type"": 2, ""set_flags"": 0, ""runtime_index"": 2098, ""file_offset"": 8956, ""floor_field"": 7, ""entity_id_field"": 18498, ""group"": 0, ""room"": 90, ""unknown_a3"": 0, ""position"": [0.0, 10.0, -80.0], ""angles"": [0, 16384, 0], ""params"": [1.0, 1.0, 1.0, 10, 0, 1], ""unused_pointer"": 28547632}"
maximum-attack-ep1/q146-bb-j,14,0,"{""base_type"": 2, ""set_flags"": 0, ""runtime_index"": 168, ""file_offset"": 11096, ""floor_field"": 14, ""entity_id_field"": 18714, ""group"": 1, ""room"": 0, ""unknown_a3"": 0, ""position"": [-6.5, 5.0, -221.61703491210938], ""angles"": [0, -32768, 0], ""params"": [1.0, 1.0, 1.0, 0, 0, 1], ""unused_pointer"": 79176640}"
maximum-attack-ep1/q237-bb-e,5,64,"{""base_type"": 2, ""set_flags"": 2, ""runtime_index"": 233, ""file_offset"": 15688, ""floor_field"": 5, ""entity_id_field"": 16617, ""group"": 0, ""room"": 11, ""unknown_a3"": 0, ""position"": [0.0, 0.0, 50.0], ""angles"": [0, 0, 0], ""params"": [1.0, 1.0, 1.0, 7, 0, 1], ""unused_pointer"": 70071056}"
maximum-attack-ep1/q237-bb-e,5,70,"{""base_type"": 2, ""set_flags"": 2, ""runtime_index"": 239, ""file_offset"": 16096, ""floor_field"": 5, ""entity_id_field"": 16623, ""group"": 0, ""room"": 13, ""unknown_a3"": 0, ""position"": [-3.0517578125e-05, 0.0, 50.0], ""angles"": [0, 0, 0], ""params"": [1.0, 1.0, 1.0, 2, 0, 0], ""unused_pointer"": 70072400}"
maximum-attack-ep1/q237-bb-e,7,30,"{""base_type"": 2, ""set_flags"": 2, ""runtime_index"": 425, ""file_offset"": 28504, ""floor_field"": 7, ""entity_id_field"": 16809, ""group"": 0, ""room"": 2, ""unknown_a3"": 0, ""position"": [0.0, 0.0, 40.0], ""angles"": [0, -43776, 0], ""params"": [1.0, 1.0, 1.0, 5, 0, 0], ""unused_pointer"": 69962000}"
maximum-attack-ep1/q237-bb-j,5,64,"{""base_type"": 2, ""set_flags"": 2, ""runtime_index"": 233, ""file_offset"": 15688, ""floor_field"": 5, ""entity_id_field"": 16617, ""group"": 0, ""room"": 11, ""unknown_a3"": 0, ""position"": [0.0, 0.0, 50.0], ""angles"": [0, 0, 0], ""params"": [1.0, 1.0, 1.0, 7, 0, 1], ""unused_pointer"": 70071056}"
maximum-attack-ep1/q237-bb-j,5,70,"{""base_type"": 2, ""set_flags"": 2, ""runtime_index"": 239, ""file_offset"": 16096, ""floor_field"": 5, ""entity_id_field"": 16623, ""group"": 0, ""room"": 13, ""unknown_a3"": 0, ""position"": [-3.0517578125e-05, 0.0, 50.0], ""angles"": [0, 0, 0], ""params"": [1.0, 1.0, 1.0, 2, 0, 0], ""unused_pointer"": 70072400}"
maximum-attack-ep1/q237-bb-j,7,30,"{""base_type"": 2, ""set_flags"": 2, ""runtime_index"": 425, ""file_offset"": 28504, ""floor_field"": 7, ""entity_id_field"": 16809, ""group"": 0, ""room"": 2, ""unknown_a3"": 0, ""position"": [0.0, 0.0, 40.0], ""angles"": [0, -43776, 0], ""params"": [1.0, 1.0, 1.0, 5, 0, 0], ""unused_pointer"": 69962000}"
maximum-attack-ep2/q41-bb-e,1,5,"{""base_type"": 2, ""set_flags"": 0, ""runtime_index"": 32000, ""file_offset"": 3160, ""floor_field"": 3, ""entity_id_field"": 56391, ""group"": 0, ""room"": 1, ""unknown_a3"": 0, ""position"": [0.0, -2.0, -30.0], ""angles"": [0, 32768, 0], ""params"": [1.0, 1.0, 1.0, 0, 0, 0], ""unused_pointer"": 2431443072}"
maximum-attack-ep2/q41-bb-e,3,1,"{""base_type"": 2, ""set_flags"": 512, ""runtime_index"": 55553, ""file_offset"": 5556, ""floor_field"": 3, ""entity_id_field"": 55617, ""group"": 0, ""room"": 3, ""unknown_a3"": 0, ""position"": [0.0, 4.0, -5.0], ""angles"": [0, 32768, 0], ""params"": [0.0, 1.0, 0.0, 1, 0, 0], ""unused_pointer"": 1620702080}"
maximum-attack-ep2/q41-bb-e,3,5,"{""base_type"": 2, ""set_flags"": 512, ""runtime_index"": 57857, ""file_offset"": 5828, ""floor_field"": 3, ""entity_id_field"": 57921, ""group"": 0, ""room"": 5, ""unknown_a3"": 0, ""position"": [0.0, 3.0, -5.0], ""angles"": [0, -32768, 0], ""params"": [0.0, 1.0, 0.0, 1, 0, 0], ""unused_pointer"": 1890448256}"
maximum-attack-ep2/q41-bb-e,15,0,"{""base_type"": 2, ""set_flags"": 0, ""runtime_index"": 64003, ""file_offset"": 9328, ""floor_field"": 15, ""entity_id_field"": 24904, ""group"": 1, ""room"": 1, ""unknown_a3"": 0, ""position"": [-170.0, 2.0, -90.0], ""angles"": [0, 0, 0], ""params"": [1.0, 1.0, 1.0, 0, 0, 0], ""unused_pointer"": 4036881024}"
maximum-attack-ep2/q41-bb-j,1,5,"{""base_type"": 2, ""set_flags"": 0, ""runtime_index"": 32000, ""file_offset"": 3160, ""floor_field"": 3, ""entity_id_field"": 56391, ""group"": 0, ""room"": 1, ""unknown_a3"": 0, ""position"": [0.0, -2.0, -30.0], ""angles"": [0, 32768, 0], ""params"": [1.0, 1.0, 1.0, 0, 0, 0], ""unused_pointer"": 2431443072}"
maximum-attack-ep2/q41-bb-j,3,1,"{""base_type"": 2, ""set_flags"": 512, ""runtime_index"": 55553, ""file_offset"": 5556, ""floor_field"": 3, ""entity_id_field"": 55617, ""group"": 0, ""room"": 3, ""unknown_a3"": 0, ""position"": [0.0, 4.0, -5.0], ""angles"": [0, 32768, 0], ""params"": [0.0, 1.0, 0.0, 1, 0, 0], ""unused_pointer"": 1620702080}"
maximum-attack-ep2/q41-bb-j,3,5,"{""base_type"": 2, ""set_flags"": 512, ""runtime_index"": 57857, ""file_offset"": 5828, ""floor_field"": 3, ""entity_id_field"": 57921, ""group"": 0, ""room"": 5, ""unknown_a3"": 0, ""position"": [0.0, 3.0, -5.0], ""angles"": [0, -32768, 0], ""params"": [0.0, 1.0, 0.0, 1, 0, 0], ""unused_pointer"": 1890448256}"
maximum-attack-ep2/q41-bb-j,15,0,"{""base_type"": 2, ""set_flags"": 0, ""runtime_index"": 64003, ""file_offset"": 9328, ""floor_field"": 15, ""entity_id_field"": 24904, ""group"": 1, ""room"": 1, ""unknown_a3"": 0, ""position"": [-170.0, 2.0, -90.0], ""angles"": [0, 0, 0], ""params"": [1.0, 1.0, 1.0, 0, 0, 0], ""unused_pointer"": 4036881024}"
maximum-attack-ep2/q211-bb-e,2,16,"{""base_type"": 2, ""set_flags"": 0, ""runtime_index"": 23304, ""file_offset"": 5676, ""floor_field"": 2, ""entity_id_field"": 62536, ""group"": 0, ""room"": 2, ""unknown_a3"": 0, ""position"": [0.0, -2.0, -20.0], ""angles"": [0, 32768, 0], ""params"": [1.0, 1.0, 1.0, 3, 0, 1], ""unused_pointer"": 3763135104}"
maximum-attack-ep2/q211-bb-e,2,18,"{""base_type"": 2, ""set_flags"": 0, ""runtime_index"": 23560, ""file_offset"": 5812, ""floor_field"": 2, ""entity_id_field"": 63560, ""group"": 0, ""room"": 3, ""unknown_a3"": 0, ""position"": [0.0, -2.0, -20.0], ""angles"": [0, -32768, 0], ""params"": [1.0, 1.0, 1.0, 3, 0, 1], ""unused_pointer"": 542106240}"
maximum-attack-ep2/q211-bb-e,2,23,"{""base_type"": 2, ""set_flags"": 0, ""runtime_index"": 24072, ""file_offset"": 6152, ""floor_field"": 2, ""entity_id_field"": 2121, ""group"": 0, ""room"": 5, ""unknown_a3"": 0, ""position"": [-1.52587890625e-05, -2.0, -20.0], ""angles"": [0, -32768, 0], ""params"": [1.0, 1.0, 1.0, 3, 0, 1], ""unused_pointer"": 1615979136}"
maximum-attack-ep2/q211-bb-e,3,1,"{""base_type"": 2, ""set_flags"": 0, ""runtime_index"": 21000, ""file_offset"": 12968, ""floor_field"": 3, ""entity_id_field"": 23624, ""group"": 0, ""room"": 1, ""unknown_a3"": 0, ""position"": [0.0, 3.499969482421875, 0.0], ""angles"": [0, 32768, 0], ""params"": [1.0, 1.0, 1.0, 6, 0, 1], ""unused_pointer"": 5563008}"
maximum-attack-ep2/q211-bb-e,3,5,"{""base_type"": 2, ""set_flags"": 0, ""runtime_index"": 21000, ""file_offset"": 13240, ""floor_field"": 3, ""entity_id_field"": 24904, ""group"": 0, ""room"": 2, ""unknown_a3"": 0, ""position"": [0.0, 3.499969482421875, 0.0], ""angles"": [0, -32768, 0], ""params"": [1.0, 1.0, 1.0, 9, 0, 1], ""unused_pointer"": 542827136}"
maximum-attack-ep2/q211-bb-e,3,91,"{""base_type"": 2, ""set_flags"": 0, ""runtime_index"": 21000, ""file_offset"": 19088, ""floor_field"": 3, ""entity_id_field"": 47176, ""group"": 0, ""room"": 30, ""unknown_a3"": 0, ""position"": [-60.00006103515625, -2.0, -59.999969482421875], ""angles"": [0, -24576, 0], ""params"": [1.0, 1.0, 1.0, 8, 0, 1], ""unused_pointer"": 1074914176}"
maximum-attack-ep2/q211-bb-e,3,100,"{""base_type"": 2, ""set_flags"": 0, ""runtime_index"": 21256, ""file_offset"": 19700, ""floor_field"": 3, ""entity_id_field"": 49480, ""group"": 0, ""room"": 32, ""unknown_a3"": 0, ""position"": [-60.00004577636719, -2.0, -59.999969482421875], ""angles"": [0, -24576, 0], ""params"": [1.0, 1.0, 1.0, 7, 0, 1], ""unused_pointer"": 3760513920}"
maximum-attack-ep2/q494-bb-e,2,16,"{""base_type"": 2, ""set_flags"": 0, ""runtime_index"": 23304, ""file_offset"": 5744, ""floor_field"": 2, ""entity_id_field"": 62536, ""group"": 0, ""room"": 2, ""unknown_a3"": 0, ""position"": [0.0, -2.0, -20.0], ""angles"": [0, 32768, 0], ""params"": [1.0, 1.0, 1.0, 3, 0, 1], ""unused_pointer"": 3763135104}"
maximum-attack-ep2/q494-bb-e,2,18,"{""base_type"": 2, ""set_flags"": 0, ""runtime_index"": 23560, ""file_offset"": 5880, ""floor_field"": 2, ""entity_id_field"": 63560, ""group"": 0, ""room"": 3, ""unknown_a3"": 0, ""position"": [0.0, -2.0, -20.0], ""angles"": [0, -32768, 0], ""params"": [1.0, 1.0, 1.0, 3, 0, 1], ""unused_pointer"": 542106240}"
maximum-attack-ep2/q494-bb-e,2,23,"{""base_type"": 2, ""set_flags"": 0, ""runtime_index"": 24072, ""file_offset"": 6220, ""floor_field"": 2, ""entity_id_field"": 2121, ""group"": 0, ""room"": 5, ""unknown_a3"": 0, ""position"": [-1.52587890625e-05, -2.0, -20.0], ""angles"": [0, -32768, 0], ""params"": [1.0, 1.0, 1.0, 3, 0, 1], ""unused_pointer"": 1615979136}"
maximum-attack-ep2/q494-bb-e,3,1,"{""base_type"": 2, ""set_flags"": 0, ""runtime_index"": 21000, ""file_offset"": 13036, ""floor_field"": 3, ""entity_id_field"": 18646, ""group"": 0, ""room"": 1, ""unknown_a3"": 0, ""position"": [0.0, 3.499969482421875, 0.0], ""angles"": [0, 32768, 0], ""params"": [1.0, 1.0, 1.0, 6, 0, 1], ""unused_pointer"": 69965664}"
maximum-attack-ep2/q494-bb-e,3,5,"{""base_type"": 2, ""set_flags"": 0, ""runtime_index"": 21000, ""file_offset"": 13308, ""floor_field"": 3, ""entity_id_field"": 18651, ""group"": 0, ""room"": 2, ""unknown_a3"": 0, ""position"": [0.0, 3.499969482421875, 0.0], ""angles"": [0, -32768, 0], ""params"": [1.0, 1.0, 1.0, 9, 0, 1], ""unused_pointer"": 69967536}"
maximum-attack-ep2/q494-bb-e,3,89,"{""base_type"": 2, ""set_flags"": 0, ""runtime_index"": 21000, ""file_offset"": 19020, ""floor_field"": 3, ""entity_id_field"": 18736, ""group"": 0, ""room"": 30, ""unknown_a3"": 0, ""position"": [-60.00006103515625, -2.0, -59.999969482421875], ""angles"": [0, -24576, 0], ""params"": [1.0, 1.0, 1.0, 8, 0, 1], ""unused_pointer"": 70005424}"
maximum-attack-ep2/q494-bb-e,3,98,"{""base_type"": 2, ""set_flags"": 0, ""runtime_index"": 21256, ""file_offset"": 19632, ""floor_field"": 3, ""entity_id_field"": 18746, ""group"": 0, ""room"": 32, ""unknown_a3"": 0, ""position"": [-60.00006103515625, -2.0, -59.999969482421875], ""angles"": [0, -24576, 0], ""params"": [1.0, 1.0, 1.0, 7, 0, 1], ""unused_pointer"": 70009888}"
maximum-attack-ep2/q494-bb-j,2,16,"{""base_type"": 2, ""set_flags"": 0, ""runtime_index"": 23304, ""file_offset"": 5744, ""floor_field"": 2, ""entity_id_field"": 62536, ""group"": 0, ""room"": 2, ""unknown_a3"": 0, ""position"": [0.0, -2.0, -20.0], ""angles"": [0, 32768, 0], ""params"": [1.0, 1.0, 1.0, 3, 0, 1], ""unused_pointer"": 3763135104}"
maximum-attack-ep2/q494-bb-j,2,18,"{""base_type"": 2, ""set_flags"": 0, ""runtime_index"": 23560, ""file_offset"": 5880, ""floor_field"": 2, ""entity_id_field"": 63560, ""group"": 0, ""room"": 3, ""unknown_a3"": 0, ""position"": [0.0, -2.0, -20.0], ""angles"": [0, -32768, 0], ""params"": [1.0, 1.0, 1.0, 3, 0, 1], ""unused_pointer"": 542106240}"
maximum-attack-ep2/q494-bb-j,2,23,"{""base_type"": 2, ""set_flags"": 0, ""runtime_index"": 24072, ""file_offset"": 6220, ""floor_field"": 2, ""entity_id_field"": 2121, ""group"": 0, ""room"": 5, ""unknown_a3"": 0, ""position"": [-1.52587890625e-05, -2.0, -20.0], ""angles"": [0, -32768, 0], ""params"": [1.0, 1.0, 1.0, 3, 0, 1], ""unused_pointer"": 1615979136}"
maximum-attack-ep2/q494-bb-j,3,1,"{""base_type"": 2, ""set_flags"": 0, ""runtime_index"": 21000, ""file_offset"": 13036, ""floor_field"": 3, ""entity_id_field"": 18646, ""group"": 0, ""room"": 1, ""unknown_a3"": 0, ""position"": [0.0, 3.499969482421875, 0.0], ""angles"": [0, 32768, 0], ""params"": [1.0, 1.0, 1.0, 6, 0, 1], ""unused_pointer"": 69965664}"
maximum-attack-ep2/q494-bb-j,3,5,"{""base_type"": 2, ""set_flags"": 0, ""runtime_index"": 21000, ""file_offset"": 13308, ""floor_field"": 3, ""entity_id_field"": 18651, ""group"": 0, ""room"": 2, ""unknown_a3"": 0, ""position"": [0.0, 3.499969482421875, 0.0], ""angles"": [0, -32768, 0], ""params"": [1.0, 1.0, 1.0, 9, 0, 1], ""unused_pointer"": 69967536}"
maximum-attack-ep2/q494-bb-j,3,89,"{""base_type"": 2, ""set_flags"": 0, ""runtime_index"": 21000, ""file_offset"": 19020, ""floor_field"": 3, ""entity_id_field"": 18736, ""group"": 0, ""room"": 30, ""unknown_a3"": 0, ""position"": [-60.00006103515625, -2.0, -59.999969482421875], ""angles"": [0, -24576, 0], ""params"": [1.0, 1.0, 1.0, 8, 0, 1], ""unused_pointer"": 70005424}"
maximum-attack-ep2/q494-bb-j,3,98,"{""base_type"": 2, ""set_flags"": 0, ""runtime_index"": 21256, ""file_offset"": 19632, ""floor_field"": 3, ""entity_id_field"": 18746, ""group"": 0, ""room"": 32, ""unknown_a3"": 0, ""position"": [-60.00006103515625, -2.0, -59.999969482421875], ""angles"": [0, -24576, 0], ""params"": [1.0, 1.0, 1.0, 7, 0, 1], ""unused_pointer"": 70009888}"
maximum-attack-ep4/q303-bb-e,5,1,"{""base_type"": 2, ""set_flags"": 0, ""runtime_index"": 1512, ""file_offset"": 2072, ""floor_field"": 5, ""entity_id_field"": 17662, ""group"": 1, ""room"": 50, ""unknown_a3"": 0, ""position"": [599.463134765625, 38.8900146484375, 219.22000122070312], ""angles"": [0, -4096, 0], ""params"": [1.0, 1.0, 1.0, 8, 0, 1], ""unused_pointer"": 36780320}"
maximum-attack-ep4/q303-bb-e,5,23,"{""base_type"": 2, ""set_flags"": 0, ""runtime_index"": 1482, ""file_offset"": 3568, ""floor_field"": 5, ""entity_id_field"": 17891, ""group"": 0, ""room"": 60, ""unknown_a3"": 0, ""position"": [-244.0, -51.019989013671875, 625.0], ""angles"": [0, 0, 0], ""params"": [1.0, 1.0, 1.0, 0, 0, 0], ""unused_pointer"": 53426800}"
maximum-attack-ep4/q303-bb-e,8,45,"{""base_type"": 2, ""set_flags"": 0, ""runtime_index"": 1464, ""file_offset"": 7596, ""floor_field"": 8, ""entity_id_field"": 17657, ""group"": 0, ""room"": 121, ""unknown_a3"": 0, ""position"": [-0.0001220703125, 0.0, 0.0], ""angles"": [0, 0, 0], ""params"": [1.0, 1.0, 1.0, 5, 0, 0], ""unused_pointer"": 36790992}"
maximum-attack-ep4/q303-bb-j,5,1,"{""base_type"": 2, ""set_flags"": 0, ""runtime_index"": 1512, ""file_offset"": 2072, ""floor_field"": 5, ""entity_id_field"": 17662, ""group"": 1, ""room"": 50, ""unknown_a3"": 0, ""position"": [599.463134765625, 38.8900146484375, 219.22000122070312], ""angles"": [0, -4096, 0], ""params"": [1.0, 1.0, 1.0, 8, 0, 1], ""unused_pointer"": 36780320}"
maximum-attack-ep4/q303-bb-j,5,23,"{""base_type"": 2, ""set_flags"": 0, ""runtime_index"": 1482, ""file_offset"": 3568, ""floor_field"": 5, ""entity_id_field"": 17891, ""group"": 0, ""room"": 60, ""unknown_a3"": 0, ""position"": [-244.0, -51.019989013671875, 625.0], ""angles"": [0, 0, 0], ""params"": [1.0, 1.0, 1.0, 0, 0, 0], ""unused_pointer"": 53426800}"
maximum-attack-ep4/q303-bb-j,8,45,"{""base_type"": 2, ""set_flags"": 0, ""runtime_index"": 1464, ""file_offset"": 7596, ""floor_field"": 8, ""entity_id_field"": 17657, ""group"": 0, ""room"": 121, ""unknown_a3"": 0, ""position"": [-0.0001220703125, 0.0, 0.0], ""angles"": [0, 0, 0], ""params"": [1.0, 1.0, 1.0, 5, 0, 0], ""unused_pointer"": 36790992}"
maximum-attack-ep4/q304-bb-e,5,0,"{""base_type"": 2, ""set_flags"": 0, ""runtime_index"": 1528, ""file_offset"": 2004, ""floor_field"": 5, ""entity_id_field"": 18144, ""group"": 1, ""room"": 30, ""unknown_a3"": 0, ""position"": [260.0, -51.769989013671875, -475.0], ""angles"": [0, -4096, 0], ""params"": [1.0, 1.0, 1.0, 8, 0, 1], ""unused_pointer"": 36790992}"
maximum-attack-ep4/q304-bb-e,5,16,"{""base_type"": 2, ""set_flags"": 0, ""runtime_index"": 1482, ""file_offset"": 3092, ""floor_field"": 5, ""entity_id_field"": 17891, ""group"": 0, ""room"": 60, ""unknown_a3"": 0, ""position"": [-244.0, -51.019989013671875, 625.0], ""angles"": [0, 0, 0], ""params"": [1.0, 1.0, 1.0, 0, 0, 0], ""unused_pointer"": 53426800}"
maximum-attack-ep4/q304-bb-e,8,44,"{""base_type"": 2, ""set_flags"": 0, ""runtime_index"": 1464, ""file_offset"": 7052, ""floor_field"": 8, ""entity_id_field"": 17657, ""group"": 0, ""room"": 121, ""unknown_a3"": 0, ""position"": [-0.0001220703125, 0.0, 0.0], ""angles"": [0, 0, 0], ""params"": [1.0, 1.0, 1.0, 5, 0, 0], ""unused_pointer"": 36790992}"
maximum-attack-ep4/q304-bb-j,5,0,"{""base_type"": 2, ""set_flags"": 0, ""runtime_index"": 1528, ""file_offset"": 2004, ""floor_field"": 5, ""entity_id_field"": 18144, ""group"": 1, ""room"": 30, ""unknown_a3"": 0, ""position"": [260.0, -51.769989013671875, -475.0], ""angles"": [0, -4096, 0], ""params"": [1.0, 1.0, 1.0, 8, 0, 1], ""unused_pointer"": 36790992}"
maximum-attack-ep4/q304-bb-j,5,16,"{""base_type"": 2, ""set_flags"": 0, ""runtime_index"": 1482, ""file_offset"": 3092, ""floor_field"": 5, ""entity_id_field"": 17891, ""group"": 0, ""room"": 60, ""unknown_a3"": 0, ""position"": [-244.0, -51.019989013671875, 625.0], ""angles"": [0, 0, 0], ""params"": [1.0, 1.0, 1.0, 0, 0, 0], ""unused_pointer"": 53426800}"
maximum-attack-ep4/q304-bb-j,8,44,"{""base_type"": 2, ""set_flags"": 0, ""runtime_index"": 1464, ""file_offset"": 7052, ""floor_field"": 8, ""entity_id_field"": 17657, ""group"": 0, ""room"": 121, ""unknown_a3"": 0, ""position"": [-0.0001220703125, 0.0, 0.0], ""angles"": [0, 0, 0], ""params"": [1.0, 1.0, 1.0, 5, 0, 0], ""unused_pointer"": 36790992}"
maximum-attack-ep4/q305-bb-e,5,0,"{""base_type"": 2, ""set_flags"": 0, ""runtime_index"": 1535, ""file_offset"": 2004, ""floor_field"": 5, ""entity_id_field"": 18247, ""group"": 1, ""room"": 40, ""unknown_a3"": 0, ""position"": [-528.3826904296875, -51.000152587890625, -559.8671875], ""angles"": [0, 41728, 0], ""params"": [1.0, 1.0, 1.0, 8, 0, 1], ""unused_pointer"": 36790992}"
maximum-attack-ep4/q305-bb-e,5,16,"{""base_type"": 2, ""set_flags"": 0, ""runtime_index"": 1482, ""file_offset"": 3092, ""floor_field"": 5, ""entity_id_field"": 17891, ""group"": 0, ""room"": 60, ""unknown_a3"": 0, ""position"": [-244.0, -51.019989013671875, 625.0], ""angles"": [0, 0, 0], ""params"": [1.0, 1.0, 1.0, 0, 0, 0], ""unused_pointer"": 53426800}"
maximum-attack-ep4/q305-bb-e,8,43,"{""base_type"": 2, ""set_flags"": 0, ""runtime_index"": 1464, ""file_offset"": 6984, ""floor_field"": 8, ""entity_id_field"": 17657, ""group"": 0, ""room"": 121, ""unknown_a3"": 0, ""position"": [-0.0001220703125, 0.0, 0.0], ""angles"": [0, 0, 0], ""params"": [1.0, 1.0, 1.0, 5, 0, 0], ""unused_pointer"": 36790992}"
maximum-attack-ep4/q305-bb-j,5,0,"{""base_type"": 2, ""set_flags"": 0, ""runtime_index"": 1535, ""file_offset"": 2004, ""floor_field"": 5, ""entity_id_field"": 18247, ""group"": 1, ""room"": 40, ""unknown_a3"": 0, ""position"": [-528.3826904296875, -51.000152587890625, -559.8671875], ""angles"": [0, 41728, 0], ""params"": [1.0, 1.0, 1.0, 8, 0, 1], ""unused_pointer"": 36790992}"
maximum-attack-ep4/q305-bb-j,5,16,"{""base_type"": 2, ""set_flags"": 0, ""runtime_index"": 1482, ""file_offset"": 3092, ""floor_field"": 5, ""entity_id_field"": 17891, ""group"": 0, ""room"": 60, ""unknown_a3"": 0, ""position"": [-244.0, -51.019989013671875, 625.0], ""angles"": [0, 0, 0], ""params"": [1.0, 1.0, 1.0, 0, 0, 0], ""unused_pointer"": 53426800}"
maximum-attack-ep4/q305-bb-j,8,43,"{""base_type"": 2, ""set_flags"": 0, ""runtime_index"": 1464, ""file_offset"": 6984, ""floor_field"": 8, ""entity_id_field"": 17657, ""group"": 0, ""room"": 121, ""unknown_a3"": 0, ""position"": [-0.0001220703125, 0.0, 0.0], ""angles"": [0, 0, 0], ""params"": [1.0, 1.0, 1.0, 5, 0, 0], ""unused_pointer"": 36790992}"
retrieval-ep1/q058-bb-e,1,13,"{""base_type"": 2, ""set_flags"": 0, ""runtime_index"": 1472, ""file_offset"": 2684, ""floor_field"": 1, ""entity_id_field"": 17864, ""group"": 0, ""room"": 4, ""unknown_a3"": 0, ""position"": [55.27099609375, 1.5585541725158691, -91.37347412109375], ""angles"": [0, 0, 0], ""params"": [1.000000238418579, 1.0000001192092896, 1.000000238418579, 2, 0, 1], ""unused_pointer"": 2365214256}"
retrieval-ep1/q058-bb-e,1,79,"{""base_type"": 2, ""set_flags"": 2, ""runtime_index"": 90, ""file_offset"": 7172, ""floor_field"": 1, ""entity_id_field"": 65535, ""group"": 0, ""room"": 16, ""unknown_a3"": 0, ""position"": [94.0750732421875, 4.69917106628418, 27.906158447265625], ""angles"": [0, 0, 0], ""params"": [1.0, 1.0, 1.0, 0, 0, 0], ""unused_pointer"": 2365316864}"
retrieval-ep1/q058-bb-e,2,0,"{""base_type"": 2, ""set_flags"": 2, ""runtime_index"": 126, ""file_offset"": 8820, ""floor_field"": 2, ""entity_id_field"": 18354, ""group"": 0, ""room"": 1, ""unknown_a3"": 0, ""position"": [-105.65203857421875, 76.0923843383789, -107.3563232421875], ""angles"": [0, 0, 0], ""params"": [1.0, 1.0, 1.0, 1, 0, 0], ""unused_pointer"": 2365205312}"
retrieval-ep1/q058-bb-e,11,0,"{""base_type"": 2, ""set_flags"": 0, ""runtime_index"": 1717, ""file_offset"": 18356, ""floor_field"": 11, ""entity_id_field"": 18123, ""group"": 1, ""room"": 1, ""unknown_a3"": 0, ""position"": [-237.16607666015625, 0.0, -42.48076248168945], ""angles"": [0, 32768, 0], ""params"": [120.00006103515625, 1.0, 1.0, 0, 0, 1], ""unused_pointer"": 2365208528}"
retrieval-ep1/q058-bb-j,1,13,"{""base_type"": 2, ""set_flags"": 0, ""runtime_index"": 1472, ""file_offset"": 2684, ""floor_field"": 1, ""entity_id_field"": 17864, ""group"": 0, ""room"": 4, ""unknown_a3"": 0, ""position"": [55.27099609375, 1.5585541725158691, -91.37347412109375], ""angles"": [0, 0, 0], ""params"": [1.000000238418579, 1.0000001192092896, 1.000000238418579, 2, 0, 1], ""unused_pointer"": 2365214256}"
retrieval-ep1/q058-bb-j,1,79,"{""base_type"": 2, ""set_flags"": 2, ""runtime_index"": 90, ""file_offset"": 7172, ""floor_field"": 1, ""entity_id_field"": 65535, ""group"": 0, ""room"": 16, ""unknown_a3"": 0, ""position"": [94.0750732421875, 4.69917106628418, 27.906158447265625], ""angles"": [0, 0, 0], ""params"": [1.0, 1.0, 1.0, 0, 0, 0], ""unused_pointer"": 2365316864}"
retrieval-ep1/q058-bb-j,2,0,"{""base_type"": 2, ""set_flags"": 2, ""runtime_index"": 126, ""file_offset"": 8820, ""floor_field"": 2, ""entity_id_field"": 18354, ""group"": 0, ""room"": 1, ""unknown_a3"": 0, ""position"": [-105.65203857421875, 76.0923843383789, -107.3563232421875], ""angles"": [0, 0, 0], ""params"": [1.0, 1.0, 1.0, 1, 0, 0], ""unused_pointer"": 2365205312}"
retrieval-ep1/q058-bb-j,11,0,"{""base_type"": 2, ""set_flags"": 0, ""runtime_index"": 1717, ""file_offset"": 18356, ""floor_field"": 11, ""entity_id_field"": 18123, ""group"": 1, ""room"": 1, ""unknown_a3"": 0, ""position"": [-237.16607666015625, 0.0, -42.48076248168945], ""angles"": [0, 32768, 0], ""params"": [120.00006103515625, 1.0, 1.0, 0, 0, 1], ""unused_pointer"": 2365208528}"
retrieval-ep1/q059-bb-e,3,33,"{""base_type"": 2, ""set_flags"": 0, ""runtime_index"": 1579, ""file_offset"": 4044, ""floor_field"": 3, ""entity_id_field"": 55879, ""group"": 0, ""room"": 2, ""unknown_a3"": 0, ""position"": [-1.8189894035458565e-12, 0.0, 45.0], ""angles"": [0, -43776, 0], ""params"": [1.0, 1.0, 1.0, 0, 0, 0], ""unused_pointer"": 2693197184}"
retrieval-ep1/q059-bb-e,3,39,"{""base_type"": 2, ""set_flags"": 0, ""runtime_index"": 1555, ""file_offset"": 4452, ""floor_field"": 3, ""entity_id_field"": 57671, ""group"": 0, ""room"": 4, ""unknown_a3"": 0, ""position"": [0.0, 0.0, 35.0], ""angles"": [0, -43776, 0], ""params"": [1.0, 1.0, 1.0, 4, 0, 1], ""unused_pointer"": 277802368}"
retrieval-ep1/q059-bb-e,4,8,"{""base_type"": 2, ""set_flags"": 0, ""runtime_index"": 1311, ""file_offset"": 14056, ""floor_field"": 4, ""entity_id_field"": 45639, ""group"": 0, ""room"": 4, ""unknown_a3"": 0, ""position"": [10.0, 0.0, -44.0], ""angles"": [0, -31488, 0], ""params"": [1.0, 1.0, 1.0, 5, 0, 1], ""unused_pointer"": 1887759744}"
retrieval-ep1/q059-bb-e,4,48,"{""base_type"": 2, ""set_flags"": 0, ""runtime_index"": 1298, ""file_offset"": 16776, ""floor_field"": 4, ""entity_id_field"": 56391, ""group"": 0, ""room"": 7, ""unknown_a3"": 0, ""position"": [10.0, 0.0, -44.0], ""angles"": [0, -31488, 0], ""params"": [1.0, 1.0, 1.0, 3, 0, 0], ""unused_pointer"": 2964647296}"
retrieval-ep1/q059-bb-e,5,35,"{""base_type"": 2, ""set_flags"": 0, ""runtime_index"": 1289, ""file_offset"": 27196, ""floor_field"": 5, ""entity_id_field"": 49735, ""group"": 0, ""room"": 12, ""unknown_a3"": 0, ""position"": [-3.0517578125e-05, 0.0, 50.0], ""angles"": [0, 0, 0], ""params"": [1.0, 1.0, 1.0, 4, 0, 0], ""unused_pointer"": 3230264704}"
retrieval-ep1/q059-bb-e,12,0,"{""base_type"": 2, ""set_flags"": 0, ""runtime_index"": 1717, ""file_offset"": 38228, ""floor_field"": 12, ""entity_id_field"": 51015, ""group"": 1, ""room"": 1, ""unknown_a3"": 0, ""position"": [55.4045524597168, 2.000000476837158, 57.55470275878906], ""angles"": [0, 0, 0], ""params"": [1.0, 1.0, 1.0, 0, 0, 1], ""unused_pointer"": 3232948352}"
retrieval-ep1/q059-bb-j,3,33,"{""base_type"": 2, ""set_flags"": 0, ""runtime_index"": 1579, ""file_offset"": 4044, ""floor_field"": 3, ""entity_id_field"": 55879, ""group"": 0, ""room"": 2, ""unknown_a3"": 0, ""position"": [-1.8189894035458565e-12, 0.0, 45.0], ""angles"": [0, -43776, 0], ""params"": [1.0, 1.0, 1.0, 0, 0, 0], ""unused_pointer"": 2693197184}"
retrieval-ep1/q059-bb-j,3,39,"{""base_type"": 2, ""set_flags"": 0, ""runtime_index"": 1555, ""file_offset"": 4452, ""floor_field"": 3, ""entity_id_field"": 57671, ""group"": 0, ""room"": 4, ""unknown_a3"": 0, ""position"": [0.0, 0.0, 35.0], ""angles"": [0, -43776, 0], ""params"": [1.0, 1.0, 1.0, 4, 0, 1], ""unused_pointer"": 277802368}"
retrieval-ep1/q059-bb-j,4,8,"{""base_type"": 2, ""set_flags"": 0, ""runtime_index"": 1311, ""file_offset"": 14056, ""floor_field"": 4, ""entity_id_field"": 45639, ""group"": 0, ""room"": 4, ""unknown_a3"": 0, ""position"": [10.0, 0.0, -44.0], ""angles"": [0, -31488, 0], ""params"": [1.0, 1.0, 1.0, 5, 0, 1], ""unused_pointer"": 1887759744}"
retrieval-ep1/q059-bb-j,4,48,"{""base_type"": 2, ""set_flags"": 0, ""runtime_index"": 1298, ""file_offset"": 16776, ""floor_field"": 4, ""entity_id_field"": 56391, ""group"": 0, ""room"": 7, ""unknown_a3"": 0, ""position"": [10.0, 0.0, -44.0], ""angles"": [0, -31488, 0], ""params"": [1.0, 1.0, 1.0, 3, 0, 0], ""unused_pointer"": 2964647296}"
retrieval-ep1/q059-bb-j,5,35,"{""base_type"": 2, ""set_flags"": 0, ""runtime_index"": 1289, ""file_offset"": 27196, ""floor_field"": 5, ""entity_id_field"": 49735, ""group"": 0, ""room"": 12, ""unknown_a3"": 0, ""position"": [-3.0517578125e-05, 0.0, 50.0], ""angles"": [0, 0, 0], ""params"": [1.0, 1.0, 1.0, 4, 0, 0], ""unused_pointer"": 3230264704}"
retrieval-ep1/q059-bb-j,12,0,"{""base_type"": 2, ""set_flags"": 0, ""runtime_index"": 1717, ""file_offset"": 38228, ""floor_field"": 12, ""entity_id_field"": 51015, ""group"": 1, ""room"": 1, ""unknown_a3"": 0, ""position"": [55.4045524597168, 2.000000476837158, 57.55470275878906], ""angles"": [0, 0, 0], ""params"": [1.0, 1.0, 1.0, 0, 0, 1], ""unused_pointer"": 3232948352}"
retrieval-ep1/q060-bb-e,6,23,"{""base_type"": 2, ""set_flags"": 2, ""runtime_index"": 709, ""file_offset"": 3364, ""floor_field"": 6, ""entity_id_field"": 17093, ""group"": 0, ""room"": 1, ""unknown_a3"": 0, ""position"": [0.0, 0.0, 40.0], ""angles"": [0, -43776, 0], ""params"": [1.0, 1.0, 1.0, 0, 0, 0], ""unused_pointer"": 2365209136}"
retrieval-ep1/q060-bb-e,6,39,"{""base_type"": 2, ""set_flags"": 2, ""runtime_index"": 714, ""file_offset"": 4452, ""floor_field"": 6, ""entity_id_field"": 17098, ""group"": 0, ""room"": 6, ""unknown_a3"": 0, ""position"": [0.0, 0.0, 39.999969482421875], ""angles"": [0, -43776, 0], ""params"": [1.0, 1.0, 1.0, 7, 0, 1], ""unused_pointer"": 2365211056}"
retrieval-ep1/q060-bb-e,7,19,"{""base_type"": 2, ""set_flags"": 512, ""runtime_index"": 61440, ""file_offset"": 16300, ""floor_field"": 7, ""entity_id_field"": 61504, ""group"": 0, ""room"": 1, ""unknown_a3"": 0, ""position"": [0.0, 0.0, 39.99993896484375], ""angles"": [0, -43776, 0], ""params"": [1.0, 1.0, 1.0, 6, 0, 0], ""unused_pointer"": 2692935552}"
retrieval-ep1/q060-bb-e,13,1,"{""base_type"": 2, ""set_flags"": 0, ""runtime_index"": 1546, ""file_offset"": 29508, ""floor_field"": 13, ""entity_id_field"": 18370, ""group"": 2, ""room"": 0, ""unknown_a3"": 0, ""position"": [41.469364166259766, 1.0, 5044.3427734375], ""angles"": [0, 0, 0], ""params"": [1.0, 1.0, 1.0, 0, 0, 1], ""unused_pointer"": 2365208240}"
retrieval-ep1/q060-bb-e,13,28,"{""base_type"": 2, ""set_flags"": 0, ""runtime_index"": 2033, ""file_offset"": 31344, ""floor_field"": 13, ""entity_id_field"": 18421, ""group"": 1, ""room"": 0, ""unknown_a3"": 0, ""position"": [-6.0723137855529785, 0.0, -4929.04638671875], ""angles"": [0, 0, 0], ""params"": [1.0, 1.0, 1.0, 0, 0, 1], ""unused_pointer"": 2365206608}"
retrieval-ep1/q060-bb-j,6,23,"{""base_type"": 2, ""set_flags"": 2, ""runtime_index"": 709, ""file_offset"": 3364, ""floor_field"": 6, ""entity_id_field"": 17093, ""group"": 0, ""room"": 1, ""unknown_a3"": 0, ""position"": [0.0, 0.0, 40.0], ""angles"": [0, -43776, 0], ""params"": [1.0, 1.0, 1.0, 0, 0, 0], ""unused_pointer"": 2365209136}"
retrieval-ep1/q060-bb-j,6,39,"{""base_type"": 2, ""set_flags"": 2, ""runtime_index"": 714, ""file_offset"": 4452, ""floor_field"": 6, ""entity_id_field"": 17098, ""group"": 0, ""room"": 6, ""unknown_a3"": 0, ""position"": [0.0, 0.0, 39.999969482421875], ""angles"": [0, -43776, 0], ""params"": [1.0, 1.0, 1.0, 7, 0, 1], ""unused_pointer"": 2365211056}"
retrieval-ep1/q060-bb-j,7,19,"{""base_type"": 2, ""set_flags"": 512, ""runtime_index"": 61440, ""file_offset"": 16300, ""floor_field"": 7, ""entity_id_field"": 61504, ""group"": 0, ""room"": 1, ""unknown_a3"": 0, ""position"": [0.0, 0.0, 39.99993896484375], ""angles"": [0, -43776, 0], ""params"": [1.0, 1.0, 1.0, 6, 0, 0], ""unused_pointer"": 2692935552}"
retrieval-ep1/q060-bb-j,13,1,"{""base_type"": 2, ""set_flags"": 0, ""runtime_index"": 1546, ""file_offset"": 29508, ""floor_field"": 13, ""entity_id_field"": 18370, ""group"": 2, ""room"": 0, ""unknown_a3"": 0, ""position"": [41.469364166259766, 1.0, 5044.3427734375], ""angles"": [0, 0, 0], ""params"": [1.0, 1.0, 1.0, 0, 0, 1], ""unused_pointer"": 2365208240}"
retrieval-ep1/q060-bb-j,13,28,"{""base_type"": 2, ""set_flags"": 0, ""runtime_index"": 2033, ""file_offset"": 31344, ""floor_field"": 13, ""entity_id_field"": 18421, ""group"": 1, ""room"": 0, ""unknown_a3"": 0, ""position"": [-6.0723137855529785, 0.0, -4929.04638671875], ""angles"": [0, 0, 0], ""params"": [1.0, 1.0, 1.0, 0, 0, 1], ""unused_pointer"": 2365206608}"
retrieval-ep1/q061-bb-e,14,0,"{""base_type"": 2, ""set_flags"": 0, ""runtime_index"": 1907, ""file_offset"": 23744, ""floor_field"": 14, ""entity_id_field"": 18291, ""group"": 0, ""room"": 0, ""unknown_a3"": 0, ""position"": [-6.498046875, 5.0, -221.61703491210938], ""angles"": [0, -32768, 0], ""params"": [1.0, 1.0, 1.0, 0, 0, 1], ""unused_pointer"": 2365217888}"
retrieval-ep1/q061-bb-j,14,0,"{""base_type"": 2, ""set_flags"": 0, ""runtime_index"": 1907, ""file_offset"": 23744, ""floor_field"": 14, ""entity_id_field"": 18291, ""group"": 0, ""room"": 0, ""unknown_a3"": 0, ""position"": [-6.498046875, 5.0, -221.61703491210938], ""angles"": [0, -32768, 0], ""params"": [1.0, 1.0, 1.0, 0, 0, 1], ""unused_pointer"": 2365217888}"
retrieval-ep1/q068-bb-e,1,92,"{""base_type"": 2, ""set_flags"": 2, ""runtime_index"": 90, ""file_offset"": 8056, ""floor_field"": 1, ""entity_id_field"": 18429, ""group"": 0, ""room"": 16, ""unknown_a3"": 0, ""position"": [94.0750732421875, 4.69917106628418, 27.906158447265625], ""angles"": [0, 0, 0], ""params"": [1.0, 1.0, 1.0, 0, 0, 0], ""unused_pointer"": 2365292832}"
retrieval-ep1/q068-bb-e,3,41,"{""base_type"": 2, ""set_flags"": 0, ""runtime_index"": 1579, ""file_offset"": 12084, ""floor_field"": 3, ""entity_id_field"": 18067, ""group"": 0, ""room"": 5, ""unknown_a3"": 0, ""position"": [0.0, 0.0, 45.0], ""angles"": [0, -43776, 0], ""params"": [1.0, 1.0, 1.0, 0, 0, 0], ""unused_pointer"": 2365212096}"
retrieval-ep1/q068-bb-e,3,91,"{""base_type"": 2, ""set_flags"": 0, ""runtime_index"": 1989, ""file_offset"": 15484, ""floor_field"": 3, ""entity_id_field"": 19109, ""group"": 0, ""room"": 20, ""unknown_a3"": 0, ""position"": [152.34585571289062, 0.0, -1.7744140625], ""angles"": [0, -49152, 0], ""params"": [1.0, 1.0, 1.0, 5, 0, 1], ""unused_pointer"": 2365273072}"
retrieval-ep1/q068-bb-e,5,0,"{""base_type"": 2, ""set_flags"": 0, ""runtime_index"": 2002, ""file_offset"": 23796, ""floor_field"": 5, ""entity_id_field"": 19259, ""group"": 0, ""room"": 14, ""unknown_a3"": 0, ""position"": [0.0, 0.0, 50.0], ""angles"": [0, 0, 0], ""params"": [1.0, 1.0, 1.0, 3, 0, 0], ""unused_pointer"": 2365245680}"
retrieval-ep1/q068-bb-e,12,0,"{""base_type"": 2, ""set_flags"": 0, ""runtime_index"": 1717, ""file_offset"": 24696, ""floor_field"": 12, ""entity_id_field"": 51015, ""group"": 1, ""room"": 1, ""unknown_a3"": 0, ""position"": [55.4045524597168, 2.000000476837158, 57.55470275878906], ""angles"": [0, 0, 0], ""params"": [1.0, 1.0, 1.0, 0, 0, 1], ""unused_pointer"": 3232948352}"
retrieval-ep1/q69-bb-e,1,13,"{""base_type"": 2, ""set_flags"": 0, ""runtime_index"": 1472, ""file_offset"": 3160, ""floor_field"": 1, ""entity_id_field"": 17864, ""group"": 0, ""room"": 4, ""unknown_a3"": 0, ""position"": [55.27099609375, 1.5585541725158691, -91.37347412109375], ""angles"": [0, 0, 0], ""params"": [1.000000238418579, 1.0000001192092896, 1.000000238418579, 2, 0, 1], ""unused_pointer"": 2365214256}"
retrieval-ep1/q69-bb-e,1,79,"{""base_type"": 2, ""set_flags"": 2, ""runtime_index"": 90, ""file_offset"": 7648, ""floor_field"": 1, ""entity_id_field"": 65535, ""group"": 0, ""room"": 16, ""unknown_a3"": 0, ""position"": [94.0750732421875, 4.69917106628418, 27.906158447265625], ""angles"": [0, 0, 0], ""params"": [1.0, 1.0, 1.0, 0, 0, 0], ""unused_pointer"": 2365316864}"
retrieval-ep1/q69-bb-e,2,0,"{""base_type"": 2, ""set_flags"": 2, ""runtime_index"": 126, ""file_offset"": 9296, ""floor_field"": 2, ""entity_id_field"": 18354, ""group"": 0, ""room"": 1, ""unknown_a3"": 0, ""position"": [-105.65203857421875, 76.0923843383789, -107.3563232421875], ""angles"": [0, 0, 0], ""params"": [1.0, 1.0, 1.0, 1, 0, 0], ""unused_pointer"": 2365205312}"
retrieval-ep1/q69-bb-e,11,0,"{""base_type"": 2, ""set_flags"": 0, ""runtime_index"": 1717, ""file_offset"": 18832, ""floor_field"": 11, ""entity_id_field"": 18123, ""group"": 1, ""room"": 1, ""unknown_a3"": 0, ""position"": [-237.16607666015625, 0.0, -42.48076248168945], ""angles"": [0, 32768, 0], ""params"": [120.00006103515625, 1.0, 1.0, 0, 0, 1], ""unused_pointer"": 2365208528}"
retrieval-ep1/q69-bb-j,1,13,"{""base_type"": 2, ""set_flags"": 0, ""runtime_index"": 1472, ""file_offset"": 3160, ""floor_field"": 1, ""entity_id_field"": 17864, ""group"": 0, ""room"": 4, ""unknown_a3"": 0, ""position"": [55.27099609375, 1.5585541725158691, -91.37347412109375], ""angles"": [0, 0, 0], ""params"": [1.000000238418579, 1.0000001192092896, 1.000000238418579, 2, 0, 1], ""unused_pointer"": 2365214256}"
retrieval-ep1/q69-bb-j,1,79,"{""base_type"": 2, ""set_flags"": 2, ""runtime_index"": 90, ""file_offset"": 7648, ""floor_field"": 1, ""entity_id_field"": 65535, ""group"": 0, ""room"": 16, ""unknown_a3"": 0, ""position"": [94.0750732421875, 4.69917106628418, 27.906158447265625], ""angles"": [0, 0, 0], ""params"": [1.0, 1.0, 1.0, 0, 0, 0], ""unused_pointer"": 2365316864}"
retrieval-ep1/q69-bb-j,2,0,"{""base_type"": 2, ""set_flags"": 2, ""runtime_index"": 126, ""file_offset"": 9296, ""floor_field"": 2, ""entity_id_field"": 18354, ""group"": 0, ""room"": 1, ""unknown_a3"": 0, ""position"": [-105.65203857421875, 76.0923843383789, -107.3563232421875], ""angles"": [0, 0, 0], ""params"": [1.0, 1.0, 1.0, 1, 0, 0], ""unused_pointer"": 2365205312}"
retrieval-ep1/q69-bb-j,11,0,"{""base_type"": 2, ""set_flags"": 0, ""runtime_index"": 1717, ""file_offset"": 18832, ""floor_field"": 11, ""entity_id_field"": 18123, ""group"": 1, ""room"": 1, ""unknown_a3"": 0, ""position"": [-237.16607666015625, 0.0, -42.48076248168945], ""angles"": [0, 32768, 0], ""params"": [120.00006103515625, 1.0, 1.0, 0, 0, 1], ""unused_pointer"": 2365208528}"
retrieval-ep1/q105-bb-e,1,13,"{""base_type"": 2, ""set_flags"": 0, ""runtime_index"": 1472, ""file_offset"": 2684, ""floor_field"": 1, ""entity_id_field"": 17864, ""group"": 0, ""room"": 4, ""unknown_a3"": 0, ""position"": [55.27099609375, 1.5585541725158691, -91.37347412109375], ""angles"": [0, 0, 0], ""params"": [1.000000238418579, 1.0000001192092896, 1.000000238418579, 2, 0, 1], ""unused_pointer"": 2365214256}"
retrieval-ep1/q105-bb-e,1,79,"{""base_type"": 2, ""set_flags"": 2, ""runtime_index"": 90, ""file_offset"": 7172, ""floor_field"": 1, ""entity_id_field"": 65535, ""group"": 0, ""room"": 16, ""unknown_a3"": 0, ""position"": [94.0750732421875, 4.69917106628418, 27.906158447265625], ""angles"": [0, 0, 0], ""params"": [1.0, 1.0, 1.0, 0, 0, 0], ""unused_pointer"": 2365316864}"
retrieval-ep1/q105-bb-e,2,0,"{""base_type"": 2, ""set_flags"": 2, ""runtime_index"": 126, ""file_offset"": 8820, ""floor_field"": 2, ""entity_id_field"": 18354, ""group"": 0, ""room"": 1, ""unknown_a3"": 0, ""position"": [-105.65203857421875, 76.0923843383789, -107.3563232421875], ""angles"": [0, 0, 0], ""params"": [1.0, 1.0, 1.0, 1, 0, 0], ""unused_pointer"": 2365205312}"
retrieval-ep1/q105-bb-e,11,0,"{""base_type"": 2, ""set_flags"": 0, ""runtime_index"": 1717, ""file_offset"": 18356, ""floor_field"": 11, ""entity_id_field"": 18123, ""group"": 1, ""room"": 1, ""unknown_a3"": 0, ""position"": [-237.16607666015625, 0.0, -42.48076248168945], ""angles"": [0, 32768, 0], ""params"": [120.00006103515625, 1.0, 1.0, 0, 0, 1], ""unused_pointer"": 2365208528}"
retrieval-ep1/q119-bb-e,14,5,"{""base_type"": 2, ""set_flags"": 0, ""runtime_index"": 1770, ""file_offset"": 35984, ""floor_field"": 14, ""entity_id_field"": 18494, ""group"": 1, ""room"": 1, ""unknown_a3"": 0, ""position"": [-9.46013069152832, 0.0, 2.265357732772827], ""angles"": [0, 0, 0], ""params"": [1.0, 1.0, 1.0, 0, 0, 1], ""unused_pointer"": 2365212480}"
retrieval-ep1/q119-bb-e,14,16,"{""base_type"": 2, ""set_flags"": 0, ""runtime_index"": 1960, ""file_offset"": 36732, ""floor_field"": 14, ""entity_id_field"": 18511, ""group"": 1, ""room"": 1, ""unknown_a3"": 0, ""position"": [-9860.001953125, 5.0, 0.0], ""angles"": [0, 0, 0], ""params"": [1.0, 1.0, 1.0, 0, 0, 1], ""unused_pointer"": 2365253328}"
retrieval-ep1/q119-bb-e,14,17,"{""base_type"": 2, ""set_flags"": 0, ""runtime_index"": 1774, ""file_offset"": 36800, ""floor_field"": 14, ""entity_id_field"": 18513, ""group"": 1, ""room"": 2, ""unknown_a3"": 0, ""position"": [189.095703125, 0.0, 76.38676452636719], ""angles"": [0, 0, 0], ""params"": [1.0, 1.0, 1.0, 0, 0, 1], ""unused_pointer"": 2365212480}"
retrieval-ep1/q119-bb-e,14,34,"{""base_type"": 2, ""set_flags"": 0, ""runtime_index"": 1961, ""file_offset"": 37956, ""floor_field"": 14, ""entity_id_field"": 18533, ""group"": 1, ""room"": 2, ""unknown_a3"": 0, ""position"": [-19860.00390625, 5.000000953674316, 0.0], ""angles"": [0, 0, 0], ""params"": [1.0, 1.0, 1.0, 0, 0, 1], ""unused_pointer"": 2365257232}"
retrieval-ep1/q119-bb-j,14,5,"{""base_type"": 2, ""set_flags"": 0, ""runtime_index"": 1770, ""file_offset"": 35984, ""floor_field"": 14, ""entity_id_field"": 18494, ""group"": 1, ""room"": 1, ""unknown_a3"": 0, ""position"": [-9.46013069152832, 0.0, 2.265357732772827], ""angles"": [0, 0, 0], ""params"": [1.0, 1.0, 1.0, 0, 0, 1], ""unused_pointer"": 2365212480}"
retrieval-ep1/q119-bb-j,14,16,"{""base_type"": 2, ""set_flags"": 0, ""runtime_index"": 1960, ""file_offset"": 36732, ""floor_field"": 14, ""entity_id_field"": 18511, ""group"": 1, ""room"": 1, ""unknown_a3"": 0, ""position"": [-9860.001953125, 5.0, 0.0], ""angles"": [0, 0, 0], ""params"": [1.0, 1.0, 1.0, 0, 0, 1], ""unused_pointer"": 2365253328}"
retrieval-ep1/q119-bb-j,14,17,"{""base_type"": 2, ""set_flags"": 0, ""runtime_index"": 1774, ""file_offset"": 36800, ""floor_field"": 14, ""entity_id_field"": 18513, ""group"": 1, ""room"": 2, ""unknown_a3"": 0, ""position"": [189.095703125, 0.0, 76.38676452636719], ""angles"": [0, 0, 0], ""params"": [1.0, 1.0, 1.0, 0, 0, 1], ""unused_pointer"": 2365212480}"
retrieval-ep1/q119-bb-j,14,34,"{""base_type"": 2, ""set_flags"": 0, ""runtime_index"": 1961, ""file_offset"": 37956, ""floor_field"": 14, ""entity_id_field"": 18533, ""group"": 1, ""room"": 2, ""unknown_a3"": 0, ""position"": [-19860.00390625, 5.000000953674316, 0.0], ""angles"": [0, 0, 0], ""params"": [1.0, 1.0, 1.0, 0, 0, 1], ""unused_pointer"": 2365257232}"
retrieval-ep2/q55-bb-e,1,24,"{""base_type"": 2, ""set_flags"": 2, ""runtime_index"": 78, ""file_offset"": 5540, ""floor_field"": 1, ""entity_id_field"": 16462, ""group"": 0, ""room"": 4, ""unknown_a3"": 0, ""position"": [0.0, -2.0, -30.0], ""angles"": [0, 32768, 0], ""params"": [1.0, 1.0, 1.0, 2, 0, 1], ""unused_pointer"": 118266672}"
retrieval-ep2/q55-bb-e,1,46,"{""base_type"": 2, ""set_flags"": 2, ""runtime_index"": 102, ""file_offset"": 7036, ""floor_field"": 3, ""entity_id_field"": 16486, ""group"": 0, ""room"": 5, ""unknown_a3"": 0, ""position"": [0.0, -2.0, -30.0], ""angles"": [0, 32768, 0], ""params"": [1.0, 1.0, 1.0, 0, 0, 0], ""unused_pointer"": 118271744}"
retrieval-ep2/q55-bb-e,2,23,"{""base_type"": 2, ""set_flags"": 2, ""runtime_index"": 269, ""file_offset"": 20448, ""floor_field"": 2, ""entity_id_field"": 16653, ""group"": 0, ""room"": 2, ""unknown_a3"": 0, ""position"": [0.0, -2.0, -30.0], ""angles"": [0, 32768, 0], ""params"": [1.0, 1.0, 1.0, 1, 0, 0], ""unused_pointer"": 118255312}"
retrieval-ep2/q55-bb-j,1,24,"{""base_type"": 2, ""set_flags"": 2, ""runtime_index"": 78, ""file_offset"": 5540, ""floor_field"": 1, ""entity_id_field"": 16462, ""group"": 0, ""room"": 4, ""unknown_a3"": 0, ""position"": [0.0, -2.0, -30.0], ""angles"": [0, 32768, 0], ""params"": [1.0, 1.0, 1.0, 2, 0, 1], ""unused_pointer"": 118266672}"
retrieval-ep2/q55-bb-j,1,46,"{""base_type"": 2, ""set_flags"": 2, ""runtime_index"": 102, ""file_offset"": 7036, ""floor_field"": 3, ""entity_id_field"": 16486, ""group"": 0, ""room"": 5, ""unknown_a3"": 0, ""position"": [0.0, -2.0, -30.0], ""angles"": [0, 32768, 0], ""params"": [1.0, 1.0, 1.0, 0, 0, 0], ""unused_pointer"": 118271744}"
retrieval-ep2/q55-bb-j,2,23,"{""base_type"": 2, ""set_flags"": 2, ""runtime_index"": 269, ""file_offset"": 20448, ""floor_field"": 2, ""entity_id_field"": 16653, ""group"": 0, ""room"": 2, ""unknown_a3"": 0, ""position"": [0.0, -2.0, -30.0], ""angles"": [0, 32768, 0], ""params"": [1.0, 1.0, 1.0, 1, 0, 0], ""unused_pointer"": 118255312}"
retrieval-ep2/q154-bb-e,3,3,"{""base_type"": 2, ""set_flags"": 0, ""runtime_index"": 18177, ""file_offset"": 2820, ""floor_field"": 1, ""entity_id_field"": 12614, ""group"": 0, ""room"": 1, ""unknown_a3"": 0, ""position"": [0.0, 3.0, -5.0], ""angles"": [0, 10752, 0], ""params"": [1.0, 1.0, 1.0, 4, 0, 1], ""unused_pointer"": 544732032}"
retrieval-ep2/q154-bb-e,3,7,"{""base_type"": 2, ""set_flags"": 512, ""runtime_index"": 57601, ""file_offset"": 3092, ""floor_field"": 3, ""entity_id_field"": 57665, ""group"": 0, ""room"": 2, ""unknown_a3"": 0, ""position"": [0.0, 3.0, -5.0], ""angles"": [0, -32768, 0], ""params"": [1.0, 1.0, 1.0, 0, 0, 0], ""unused_pointer"": 1351480192}"
retrieval-ep2/q154-bb-e,3,20,"{""base_type"": 2, ""set_flags"": 512, ""runtime_index"": 63233, ""file_offset"": 3976, ""floor_field"": 3, ""entity_id_field"": 63297, ""group"": 0, ""room"": 7, ""unknown_a3"": 0, ""position"": [-1.52587890625e-05, 4.0, -5.0], ""angles"": [0, -32768, 0], ""params"": [1.0, 1.0, 1.0, 0, 0, 0], ""unused_pointer"": 281146240}"
retrieval-ep2/q154-bb-e,3,24,"{""base_type"": 2, ""set_flags"": 512, ""runtime_index"": 62977, ""file_offset"": 4248, ""floor_field"": 3, ""entity_id_field"": 63041, ""group"": 0, ""room"": 8, ""unknown_a3"": 0, ""position"": [-0.00048078596591949463, 4.0, -5.0], ""angles"": [0, 10753, 0], ""params"": [1.0, 1.0, 1.0, 4, 0, 1], ""unused_pointer"": 3233346432}"
retrieval-ep2/q154-bb-e,4,3,"{""base_type"": 2, ""set_flags"": 0, ""runtime_index"": 60160, ""file_offset"": 13784, ""floor_field"": 4, ""entity_id_field"": 24390, ""group"": 0, ""room"": 1, ""unknown_a3"": 0, ""position"": [0.0, 3.5, -5.0], ""angles"": [0, 11008, 0], ""params"": [1.0, 1.0, 1.0, 3, 0, 0], ""unused_pointer"": 2685531008}"
retrieval-ep2/q154-bb-e,4,9,"{""base_type"": 2, ""set_flags"": 512, ""runtime_index"": 45058, ""file_offset"": 14192, ""floor_field"": 4, ""entity_id_field"": 45122, ""group"": 0, ""room"": 3, ""unknown_a3"": 0, ""position"": [-0.00048828125, 3.5, -5.0], ""angles"": [0, 11009, 0], ""params"": [1.0, 1.0, 1.0, 3, 0, 0], ""unused_pointer"": 2963731328}"
retrieval-ep2/q154-bb-e,15,0,"{""base_type"": 2, ""set_flags"": 0, ""runtime_index"": 64003, ""file_offset"": 23320, ""floor_field"": 15, ""entity_id_field"": 24904, ""group"": 1, ""room"": 1, ""unknown_a3"": 0, ""position"": [-170.0, 2.0, -90.0], ""angles"": [0, 0, 0], ""params"": [1.0, 1.0, 1.0, 0, 0, 1], ""unused_pointer"": 4036881024}"
retrieval-ep2/q155-bb-e,1,18,"{""base_type"": 2, ""set_flags"": 0, ""runtime_index"": 1286, ""file_offset"": 3840, ""floor_field"": 2, ""entity_id_field"": 16710, ""group"": 0, ""room"": 1, ""unknown_a3"": 0, ""position"": [-1.9073486328125e-05, -2.0, -30.0], ""angles"": [0, 32768, 0], ""params"": [1.0, 1.0, 1.0, 0, 0, 0], ""unused_pointer"": 3229676416}"
retrieval-ep2/q155-bb-e,1,39,"{""base_type"": 2, ""set_flags"": 0, ""runtime_index"": 1798, ""file_offset"": 5268, ""floor_field"": 2, ""entity_id_field"": 12870, ""group"": 0, ""room"": 6, ""unknown_a3"": 0, ""position"": [-0.0029296875, -2.0, -30.0], ""angles"": [0, -10495, 0], ""params"": [1.0, 1.0, 1.0, 2, 0, 1], ""unused_pointer"": 285077120}"
retrieval-ep2/q155-bb-e,2,16,"{""base_type"": 2, ""set_flags"": 0, ""runtime_index"": 3078, ""file_offset"": 16980, ""floor_field"": 1, ""entity_id_field"": 13126, ""group"": 0, ""room"": 2, ""unknown_a3"": 0, ""position"": [0.0, -2.0, -30.0], ""angles"": [0, 32768, 0], ""params"": [1.0, 1.0, 1.0, 1, 0, 0], ""unused_pointer"": 2424173440}"
retrieval-ep2/q921-bb-e,3,15,"{""base_type"": 2, ""set_flags"": 2, ""runtime_index"": 80, ""file_offset"": 4928, ""floor_field"": 1, ""entity_id_field"": 16464, ""group"": 0, ""room"": 1, ""unknown_a3"": 0, ""position"": [0.0, 3.499971389770508, -5.0], ""angles"": [0, 10752, 0], ""params"": [1.0, 1.0, 1.0, 0, 0, 0], ""unused_pointer"": 118189680}"
retrieval-ep2/q921-bb-e,3,19,"{""base_type"": 2, ""set_flags"": 2, ""runtime_index"": 84, ""file_offset"": 5200, ""floor_field"": 3, ""entity_id_field"": 16468, ""group"": 0, ""room"": 2, ""unknown_a3"": 0, ""position"": [0.0, 3.0, -5.0], ""angles"": [0, -32768, 0], ""params"": [1.0, 1.0, 1.0, 4, 0, 1], ""unused_pointer"": 118190704}"
retrieval-ep2/q921-bb-e,3,27,"{""base_type"": 2, ""set_flags"": 2, ""runtime_index"": 101, ""file_offset"": 5744, ""floor_field"": 3, ""entity_id_field"": 16485, ""group"": 0, ""room"": 7, ""unknown_a3"": 0, ""position"": [-1.52587890625e-05, 4.0, -5.0], ""angles"": [0, -32768, 0], ""params"": [1.0, 1.0, 1.0, 4, 0, 1], ""unused_pointer"": 118200224}"
retrieval-ep2/q921-bb-e,3,31,"{""base_type"": 2, ""set_flags"": 2, ""runtime_index"": 105, ""file_offset"": 6016, ""floor_field"": 3, ""entity_id_field"": 16489, ""group"": 0, ""room"": 8, ""unknown_a3"": 0, ""position"": [-0.00048078596591949463, 3.5, -5.0], ""angles"": [0, 10753, 0], ""params"": [1.0, 1.0, 1.0, 0, 0, 0], ""unused_pointer"": 118201248}"
retrieval-ep2/q921-bb-e,4,25,"{""base_type"": 2, ""set_flags"": 0, ""runtime_index"": 443, ""file_offset"": 16436, ""floor_field"": 4, ""entity_id_field"": 18902, ""group"": 0, ""room"": 5, ""unknown_a3"": 0, ""position"": [0.0, 3.0, 0.0], ""angles"": [0, 11008, 0], ""params"": [1.0, 1.0, 1.0, 0, 0, 0], ""unused_pointer"": 118324848}"
retrieval-ep2/q921-bb-e,4,29,"{""base_type"": 2, ""set_flags"": 0, ""runtime_index"": 442, ""file_offset"": 16708, ""floor_field"": 4, ""entity_id_field"": 18896, ""group"": 0, ""room"": 6, ""unknown_a3"": 0, ""position"": [0.0, 3.5, 0.0], ""angles"": [0, 11008, 0], ""params"": [1.0, 1.0, 1.0, 0, 0, 0], ""unused_pointer"": 118327344}"
retrieval-ep2/q921-bb-e,15,0,"{""base_type"": 2, ""set_flags"": 0, ""runtime_index"": 64003, ""file_offset"": 26448, ""floor_field"": 15, ""entity_id_field"": 15174, ""group"": 1, ""room"": 1, ""unknown_a3"": 0, ""position"": [-170.0, 2.0, -90.0], ""angles"": [0, 0, 0], ""params"": [1.0, 1.0, 1.0, 0, 0, 1], ""unused_pointer"": 2431906176}"
seasonal-ep1/q125-bb-e,5,23,"{""base_type"": 2, ""set_flags"": 0, ""runtime_index"": 37639, ""file_offset"": 3364, ""floor_field"": 5, ""entity_id_field"": 44359, ""group"": 0, ""room"": 11, ""unknown_a3"": 0, ""position"": [0.0, 0.0, 50.00001907348633], ""angles"": [0, 0, 0], ""params"": [1.0, 1.0, 1.0, 0, 0, 0], ""unused_pointer"": 2160850304}"
seasonal-ep1/q125-bb-j,5,23,"{""base_type"": 2, ""set_flags"": 0, ""runtime_index"": 37639, ""file_offset"": 3364, ""floor_field"": 5, ""entity_id_field"": 44359, ""group"": 0, ""room"": 11, ""unknown_a3"": 0, ""position"": [0.0, 0.0, 50.00001907348633], ""angles"": [0, 0, 0], ""params"": [1.0, 1.0, 1.0, 0, 0, 0], ""unused_pointer"": 2160850304}"
seasonal-ep1/q150-bb-e,4,40,"{""base_type"": 2, ""set_flags"": 0, ""runtime_index"": 0, ""file_offset"": 4520, ""floor_field"": 0, ""entity_id_field"": 0, ""group"": 0, ""room"": 4, ""unknown_a3"": 0, ""position"": [25.45603370666504, 0.0, -22.50471305847168], ""angles"": [0, 0, 0], ""params"": [0.0, 0.0, 0.0, 7, 0, 1], ""unused_pointer"": 0}"
seasonal-ep1/q150-bb-e,4,60,"{""base_type"": 2, ""set_flags"": 0, ""runtime_index"": 0, ""file_offset"": 5880, ""floor_field"": 0, ""entity_id_field"": 0, ""group"": 0, ""room"": 1, ""unknown_a3"": 0, ""position"": [14.034185409545898, 0.0, -28.470491409301758], ""angles"": [0, 0, 0], ""params"": [0.0, 0.0, 0.0, 0, 0, 0], ""unused_pointer"": 0}"
seasonal-ep1/q150-bb-e,7,15,"{""base_type"": 2, ""set_flags"": 0, ""runtime_index"": 0, ""file_offset"": 6984, ""floor_field"": 0, ""entity_id_field"": 0, ""group"": 0, ""room"": 4, ""unknown_a3"": 0, ""position"": [-30.40974235534668, 0.0, 25.401405334472656], ""angles"": [0, 0, 0], ""params"": [0.0, 0.0, 0.0, 10, 0, 1], ""unused_pointer"": 0}"
seasonal-ep2/q65535-bb-e,4,0,"{""base_type"": 2, ""set_flags"": 0, ""runtime_index"": 0, ""file_offset"": 3024, ""floor_field"": 0, ""entity_id_field"": 0, ""group"": 0, ""room"": 1, ""unknown_a3"": 0, ""position"": [0.0, 3.0, -5.0], ""angles"": [0, 11008, 0], ""params"": [1.0, 1.0, 1.0, 0, 0, 0], ""unused_pointer"": 0}"
seasonal-ep2/q65535-bb-e,4,3,"{""base_type"": 2, ""set_flags"": 0, ""runtime_index"": 0, ""file_offset"": 3228, ""floor_field"": 0, ""entity_id_field"": 0, ""group"": 0, ""room"": 2, ""unknown_a3"": 0, ""position"": [0.0, 3.0, -5.0], ""angles"": [0, 10752, 0], ""params"": [1.0, 1.0, 1.0, 0, 0, 0], ""unused_pointer"": 0}"
seasonal-ep2/q65535-bb-e,4,6,"{""base_type"": 2, ""set_flags"": 0, ""runtime_index"": 0, ""file_offset"": 3432, ""floor_field"": 0, ""entity_id_field"": 0, ""group"": 0, ""room"": 3, ""unknown_a3"": 0, ""position"": [0.0, 3.0, -5.0], ""angles"": [0, 11008, 0], ""params"": [1.0, 1.0, 1.0, 0, 0, 0], ""unused_pointer"": 0}"
seasonal-ep2/q65535-bb-e,4,9,"{""base_type"": 2, ""set_flags"": 0, ""runtime_index"": 0, ""file_offset"": 3636, ""floor_field"": 0, ""entity_id_field"": 0, ""group"": 0, ""room"": 4, ""unknown_a3"": 0, ""position"": [0.0, 3.0, -5.0], ""angles"": [0, 10752, 0], ""params"": [1.0, 1.0, 1.0, 0, 0, 0], ""unused_pointer"": 0}"
seasonal-ep2/q65535-bb-e,4,26,"{""base_type"": 2, ""set_flags"": 0, ""runtime_index"": 0, ""file_offset"": 4792, ""floor_field"": 0, ""entity_id_field"": 0, ""group"": 0, ""room"": 8, ""unknown_a3"": 0, ""position"": [0.0, 3.0, -5.0], ""angles"": [0, 11008, 0], ""params"": [1.0, 1.0, 1.0, 5, 0, 1], ""unused_pointer"": 0}"
seasonal-ep4/q905-bb-e,1,50,"{""base_type"": 2, ""set_flags"": 0, ""runtime_index"": 0, ""file_offset"": 5200, ""floor_field"": 0, ""entity_id_field"": 0, ""group"": 0, ""room"": 60, ""unknown_a3"": 0, ""position"": [-54.8647575378418, 10.0, -688.5800170898438], ""angles"": [0, 0, 0], ""params"": [1.0, 1.0, 1.0, 7, 0, 1], ""unused_pointer"": 0}"
seasonal-ep4/q905-bb-e,7,16,"{""base_type"": 2, ""set_flags"": 0, ""runtime_index"": 0, ""file_offset"": 6372, ""floor_field"": 0, ""entity_id_field"": 0, ""group"": 0, ""room"": 79, ""unknown_a3"": 0, ""position"": [0.0, 0.0, 0.0], ""angles"": [0, 0, 0], ""params"": [1.0, 1.0, 1.0, 8, 0, 1], ""unused_pointer"": 0}"
shops-ep1/q82-bb-e,5,28,"{""base_type"": 2, ""set_flags"": 0, ""runtime_index"": 1269, ""file_offset"": 3840, ""floor_field"": 5, ""entity_id_field"": 18557, ""group"": 0, ""room"": 10, ""unknown_a3"": 0, ""position"": [0.0, 0.0, 50.0], ""angles"": [0, 0, 0], ""params"": [1.0, 1.0, 1.0, 0, 0, 0], ""unused_pointer"": 31007680}"
shops-ep1/q82-bb-e,5,33,"{""base_type"": 2, ""set_flags"": 0, ""runtime_index"": 1283, ""file_offset"": 4180, ""floor_field"": 5, ""entity_id_field"": 18563, ""group"": 0, ""room"": 14, ""unknown_a3"": 0, ""position"": [0.0, 0.0, 50.0], ""angles"": [0, 0, 0], ""params"": [1.0, 1.0, 1.0, 0, 0, 1], ""unused_pointer"": 31024816}"
shops-ep1/q82-bb-j,5,28,"{""base_type"": 2, ""set_flags"": 0, ""runtime_index"": 1269, ""file_offset"": 3840, ""floor_field"": 5, ""entity_id_field"": 18557, ""group"": 0, ""room"": 10, ""unknown_a3"": 0, ""position"": [0.0, 0.0, 50.0], ""angles"": [0, 0, 0], ""params"": [1.0, 1.0, 1.0, 0, 0, 0], ""unused_pointer"": 31007680}"
shops-ep1/q82-bb-j,5,33,"{""base_type"": 2, ""set_flags"": 0, ""runtime_index"": 1283, ""file_offset"": 4180, ""floor_field"": 5, ""entity_id_field"": 18563, ""group"": 0, ""room"": 14, ""unknown_a3"": 0, ""position"": [0.0, 0.0, 50.0], ""angles"": [0, 0, 0], ""params"": [1.0, 1.0, 1.0, 0, 0, 1], ""unused_pointer"": 31024816}"
shops-ep4/q311-bb-e,5,37,"{""base_type"": 2, ""set_flags"": 0, ""runtime_index"": 1269, ""file_offset"": 4588, ""floor_field"": 5, ""entity_id_field"": 18557, ""group"": 0, ""room"": 60, ""unknown_a3"": 0, ""position"": [940.1004638671875, 36.97882080078125, 10.77325439453125], ""angles"": [0, 0, 0], ""params"": [1.0, 1.0, 1.0, 0, 0, 0], ""unused_pointer"": 31007680}"
shops-ep4/q311-bb-e,5,42,"{""base_type"": 2, ""set_flags"": 0, ""runtime_index"": 1283, ""file_offset"": 4928, ""floor_field"": 5, ""entity_id_field"": 18563, ""group"": 0, ""room"": 60, ""unknown_a3"": 0, ""position"": [350.6085205078125, -19.75177001953125, 107.73028564453125], ""angles"": [0, 0, 0], ""params"": [1.0, 1.0, 1.0, 0, 0, 1], ""unused_pointer"": 31024816}"
shops-ep4/q312-bb-e,5,37,"{""base_type"": 2, ""set_flags"": 0, ""runtime_index"": 1269, ""file_offset"": 4588, ""floor_field"": 5, ""entity_id_field"": 18557, ""group"": 0, ""room"": 60, ""unknown_a3"": 0, ""position"": [940.1004638671875, 36.97882080078125, 10.77325439453125], ""angles"": [0, 0, 0], ""params"": [1.0, 1.0, 1.0, 0, 0, 0], ""unused_pointer"": 31007680}"
shops-ep4/q312-bb-e,5,42,"{""base_type"": 2, ""set_flags"": 0, ""runtime_index"": 1283, ""file_offset"": 4928, ""floor_field"": 5, ""entity_id_field"": 18563, ""group"": 0, ""room"": 60, ""unknown_a3"": 0, ""position"": [350.6085205078125, -19.75177001953125, 107.73028564453125], ""angles"": [0, 0, 0], ""params"": [1.0, 1.0, 1.0, 0, 0, 1], ""unused_pointer"": 31024816}"
shops-ep4/q312-bb-j,5,37,"{""base_type"": 2, ""set_flags"": 0, ""runtime_index"": 1269, ""file_offset"": 4588, ""floor_field"": 5, ""entity_id_field"": 18557, ""group"": 0, ""room"": 60, ""unknown_a3"": 0, ""position"": [940.1004638671875, 36.97882080078125, 10.77325439453125], ""angles"": [0, 0, 0], ""params"": [1.0, 1.0, 1.0, 0, 0, 0], ""unused_pointer"": 31007680}"
shops-ep4/q312-bb-j,5,42,"{""base_type"": 2, ""set_flags"": 0, ""runtime_index"": 1283, ""file_offset"": 4928, ""floor_field"": 5, ""entity_id_field"": 18563, ""group"": 0, ""room"": 60, ""unknown_a3"": 0, ""position"": [350.6085205078125, -19.75177001953125, 107.73028564453125], ""angles"": [0, 0, 0], ""params"": [1.0, 1.0, 1.0, 0, 0, 1], ""unused_pointer"": 31024816}"
solo-extra-ep1/q030-bb-e,3,5,"{""base_type"": 2, ""set_flags"": 0, ""runtime_index"": 1485, ""file_offset"": 2140, ""floor_field"": 3, ""entity_id_field"": 17928, ""group"": 0, ""room"": 20, ""unknown_a3"": 0, ""position"": [9.85498046875, -4.199551105499268, -84.02914428710938], ""angles"": [0, 0, 0], ""params"": [1.0, 1.0, 1.0, 0, 0, 0], ""unused_pointer"": 32150112}"
solo-extra-ep1/q030-bb-e,3,48,"{""base_type"": 2, ""set_flags"": 0, ""runtime_index"": 1480, ""file_offset"": 5064, ""floor_field"": 3, ""entity_id_field"": 17910, ""group"": 0, ""room"": 60, ""unknown_a3"": 0, ""position"": [-27.599853515625, 9.719103813171387, -622.64013671875], ""angles"": [0, 0, 0], ""params"": [1.0, 1.0, 1.0, 5, 0, 1], ""unused_pointer"": 32610736}"
solo-extra-ep1/q030-bb-e,5,19,"{""base_type"": 2, ""set_flags"": 0, ""runtime_index"": 1480, ""file_offset"": 8752, ""floor_field"": 5, ""entity_id_field"": 17890, ""group"": 0, ""room"": 30, ""unknown_a3"": 0, ""position"": [-207.00927734375, 18.68841552734375, 406.63134765625], ""angles"": [0, 0, 0], ""params"": [1.0, 1.0, 1.0, 3, 0, 0], ""unused_pointer"": 82131328}"
solo-extra-ep1/q030-bb-j,3,5,"{""base_type"": 2, ""set_flags"": 0, ""runtime_index"": 1485, ""file_offset"": 2140, ""floor_field"": 3, ""entity_id_field"": 17928, ""group"": 0, ""room"": 20, ""unknown_a3"": 0, ""position"": [9.85498046875, -4.199551105499268, -84.02914428710938], ""angles"": [0, 0, 0], ""params"": [1.0, 1.0, 1.0, 0, 0, 0], ""unused_pointer"": 32150112}"
solo-extra-ep1/q030-bb-j,3,48,"{""base_type"": 2, ""set_flags"": 0, ""runtime_index"": 1480, ""file_offset"": 5064, ""floor_field"": 3, ""entity_id_field"": 17910, ""group"": 0, ""room"": 60, ""unknown_a3"": 0, ""position"": [-27.599853515625, 9.719103813171387, -622.64013671875], ""angles"": [0, 0, 0], ""params"": [1.0, 1.0, 1.0, 5, 0, 1], ""unused_pointer"": 32610736}"
solo-extra-ep1/q030-bb-j,5,19,"{""base_type"": 2, ""set_flags"": 0, ""runtime_index"": 1480, ""file_offset"": 8752, ""floor_field"": 5, ""entity_id_field"": 17890, ""group"": 0, ""room"": 30, ""unknown_a3"": 0, ""position"": [-207.00927734375, 18.68841552734375, 406.63134765625], ""angles"": [0, 0, 0], ""params"": [1.0, 1.0, 1.0, 3, 0, 0], ""unused_pointer"": 82131328}"
solo-extra-ep1/q032-bb-e,6,0,"{""base_type"": 2, ""set_flags"": 0, ""runtime_index"": 1464, ""file_offset"": 1800, ""floor_field"": 6, ""entity_id_field"": 17903, ""group"": 0, ""room"": 10, ""unknown_a3"": 0, ""position"": [0.0, 0.0, 0.0], ""angles"": [0, 0, 0], ""params"": [1.0, 1.0, 1.0, 0, 0, 1], ""unused_pointer"": 44798128}"
solo-extra-ep1/q032-bb-e,6,86,"{""base_type"": 2, ""set_flags"": 0, ""runtime_index"": 1435, ""file_offset"": 7648, ""floor_field"": 6, ""entity_id_field"": 18050, ""group"": 0, ""room"": 84, ""unknown_a3"": 0, ""position"": [0.0, -1.1920928955078125e-07, 0.0], ""angles"": [0, 32768, 0], ""params"": [1.0, 1.0, 1.0, 0, 0, 0], ""unused_pointer"": 77150592}"
solo-extra-ep1/q032-bb-j,6,0,"{""base_type"": 2, ""set_flags"": 0, ""runtime_index"": 1464, ""file_offset"": 1800, ""floor_field"": 6, ""entity_id_field"": 17903, ""group"": 0, ""room"": 10, ""unknown_a3"": 0, ""position"": [0.0, 0.0, 0.0], ""angles"": [0, 0, 0], ""params"": [1.0, 1.0, 1.0, 0, 0, 1], ""unused_pointer"": 44798128}"
solo-extra-ep1/q032-bb-j,6,86,"{""base_type"": 2, ""set_flags"": 0, ""runtime_index"": 1435, ""file_offset"": 7648, ""floor_field"": 6, ""entity_id_field"": 18050, ""group"": 0, ""room"": 84, ""unknown_a3"": 0, ""position"": [0.0, -1.1920928955078125e-07, 0.0], ""angles"": [0, 32768, 0], ""params"": [1.0, 1.0, 1.0, 0, 0, 0], ""unused_pointer"": 77150592}"
solo-extra-ep1/q033-bb-e,5,12,"{""base_type"": 2, ""set_flags"": 0, ""runtime_index"": 1485, ""file_offset"": 2616, ""floor_field"": 5, ""entity_id_field"": 17914, ""group"": 0, ""room"": 20, ""unknown_a3"": 0, ""position"": [-622.10693359375, 36.181060791015625, 70.85484313964844], ""angles"": [0, 0, 0], ""params"": [1.0, 1.0, 1.0, 0, 0, 0], ""unused_pointer"": 77188144}"
solo-extra-ep1/q033-bb-e,5,225,"{""base_type"": 2, ""set_flags"": 0, ""runtime_index"": 1677, ""file_offset"": 17100, ""floor_field"": 5, ""entity_id_field"": 17891, ""group"": 0, ""room"": 40, ""unknown_a3"": 0, ""position"": [-525.1543579101562, -51.000152587890625, -557.6881103515625], ""angles"": [0, 0, 0], ""params"": [1.0, 1.0, 1.0, 8, 0, 1], ""unused_pointer"": 77150832}"
solo-extra-ep1/q033-bb-e,8,0,"{""base_type"": 2, ""set_flags"": 0, ""runtime_index"": 1480, ""file_offset"": 17592, ""floor_field"": 8, ""entity_id_field"": 17909, ""group"": 0, ""room"": 10, ""unknown_a3"": 0, ""position"": [0.0, 0.0, 0.0], ""angles"": [0, 0, 0], ""params"": [1.0, 1.0, 1.0, 5, 0, 0], ""unused_pointer"": 36780720}"
solo-extra-ep1/q033-bb-e,8,89,"{""base_type"": 2, ""set_flags"": 0, ""runtime_index"": 1539, ""file_offset"": 23644, ""floor_field"": 8, ""entity_id_field"": 18162, ""group"": 1, ""room"": 110, ""unknown_a3"": 0, ""position"": [-199.02720642089844, -40.21881103515625, 17.7406005859375], ""angles"": [0, 0, 0], ""params"": [1.0, 1.0, 1.0, 0, 0, 1], ""unused_pointer"": 36712864}"
solo-extra-ep1/q033-bb-j,5,12,"{""base_type"": 2, ""set_flags"": 0, ""runtime_index"": 1485, ""file_offset"": 2616, ""floor_field"": 5, ""entity_id_field"": 17914, ""group"": 0, ""room"": 20, ""unknown_a3"": 0, ""position"": [-622.10693359375, 36.181060791015625, 70.85484313964844], ""angles"": [0, 0, 0], ""params"": [1.0, 1.0, 1.0, 0, 0, 0], ""unused_pointer"": 77188144}"
solo-extra-ep1/q033-bb-j,5,225,"{""base_type"": 2, ""set_flags"": 0, ""runtime_index"": 1677, ""file_offset"": 17100, ""floor_field"": 5, ""entity_id_field"": 17891, ""group"": 0, ""room"": 40, ""unknown_a3"": 0, ""position"": [-525.1543579101562, -51.000152587890625, -557.6881103515625], ""angles"": [0, 0, 0], ""params"": [1.0, 1.0, 1.0, 8, 0, 1], ""unused_pointer"": 77150832}"
solo-extra-ep1/q033-bb-j,8,0,"{""base_type"": 2, ""set_flags"": 0, ""runtime_index"": 1480, ""file_offset"": 17592, ""floor_field"": 8, ""entity_id_field"": 17909, ""group"": 0, ""room"": 10, ""unknown_a3"": 0, ""position"": [0.0, 0.0, 0.0], ""angles"": [0, 0, 0], ""params"": [1.0, 1.0, 1.0, 5, 0, 0], ""unused_pointer"": 36780720}"
solo-extra-ep1/q033-bb-j,8,89,"{""base_type"": 2, ""set_flags"": 0, ""runtime_index"": 1539, ""file_offset"": 23644, ""floor_field"": 8, ""entity_id_field"": 18162, ""group"": 1, ""room"": 110, ""unknown_a3"": 0, ""position"": [-199.02720642089844, -40.21881103515625, 17.7406005859375], ""angles"": [0, 0, 0], ""params"": [1.0, 1.0, 1.0, 0, 0, 1], ""unused_pointer"": 36712864}"
solo-extra-ep1/q035-bb-e,1,48,"{""base_type"": 2, ""set_flags"": 0, ""runtime_index"": 1994, ""file_offset"": 5064, ""floor_field"": 1, ""entity_id_field"": 18962, ""group"": 0, ""room"": 10, ""unknown_a3"": 0, ""position"": [153.07899475097656, 23.443199157714844, -132.76499938964844], ""angles"": [0, 0, 0], ""params"": [1.0, 1.0, 1.0, 2, 0, 1], ""unused_pointer"": 28547248}"
solo-extra-ep1/q035-bb-e,1,84,"{""base_type"": 2, ""set_flags"": 2, ""runtime_index"": 119, ""file_offset"": 7512, ""floor_field"": 1, ""entity_id_field"": 18500, ""group"": 0, ""room"": 16, ""unknown_a3"": 0, ""position"": [94.0750732421875, 4.69917106628418, 27.906158447265625], ""angles"": [0, 0, 0], ""params"": [1.0, 1.0, 1.0, 0, 0, 0], ""unused_pointer"": 28548432}"
solo-extra-ep1/q035-bb-e,2,57,"{""base_type"": 2, ""set_flags"": 0, ""runtime_index"": 2005, ""file_offset"": 12220, ""floor_field"": 2, ""entity_id_field"": 18387, ""group"": 0, ""room"": 10, ""unknown_a3"": 0, ""position"": [-30.0, 26.351024627685547, -210.0], ""angles"": [0, 768, 0], ""params"": [1.0, 1.0, 1.0, 1, 0, 0], ""unused_pointer"": 28522784}"
solo-extra-ep1/q035-bb-e,2,100,"{""base_type"": 2, ""set_flags"": 0, ""runtime_index"": 2020, ""file_offset"": 15144, ""floor_field"": 2, ""entity_id_field"": 19607, ""group"": 1, ""room"": 16, ""unknown_a3"": 0, ""position"": [-10.0, 20.518369674682617, 95.0], ""angles"": [0, 0, 0], ""params"": [1.0, 1.0, 1.0, 0, 0, 1], ""unused_pointer"": 28588416}"
solo-extra-ep1/q035-bb-j,1,48,"{""base_type"": 2, ""set_flags"": 0, ""runtime_index"": 1994, ""file_offset"": 5064, ""floor_field"": 1, ""entity_id_field"": 18962, ""group"": 0, ""room"": 10, ""unknown_a3"": 0, ""position"": [153.07899475097656, 23.443199157714844, -132.76499938964844], ""angles"": [0, 0, 0], ""params"": [1.0, 1.0, 1.0, 2, 0, 1], ""unused_pointer"": 28547248}"
solo-extra-ep1/q035-bb-j,1,84,"{""base_type"": 2, ""set_flags"": 2, ""runtime_index"": 119, ""file_offset"": 7512, ""floor_field"": 1, ""entity_id_field"": 18500, ""group"": 0, ""room"": 16, ""unknown_a3"": 0, ""position"": [94.0750732421875, 4.69917106628418, 27.906158447265625], ""angles"": [0, 0, 0], ""params"": [1.0, 1.0, 1.0, 0, 0, 0], ""unused_pointer"": 28548432}"
solo-extra-ep1/q035-bb-j,2,57,"{""base_type"": 2, ""set_flags"": 0, ""runtime_index"": 2005, ""file_offset"": 12220, ""floor_field"": 2, ""entity_id_field"": 18387, ""group"": 0, ""room"": 10, ""unknown_a3"": 0, ""position"": [-30.0, 26.351024627685547, -210.0], ""angles"": [0, 768, 0], ""params"": [1.0, 1.0, 1.0, 1, 0, 0], ""unused_pointer"": 28522784}"
solo-extra-ep1/q035-bb-j,2,100,"{""base_type"": 2, ""set_flags"": 0, ""runtime_index"": 2020, ""file_offset"": 15144, ""floor_field"": 2, ""entity_id_field"": 19607, ""group"": 1, ""room"": 16, ""unknown_a3"": 0, ""position"": [-10.0, 20.518369674682617, 95.0], ""angles"": [0, 0, 0], ""params"": [1.0, 1.0, 1.0, 0, 0, 1], ""unused_pointer"": 28588416}"
solo-extra-ep1/q036-bb-j,1,165,"{""base_type"": 2, ""set_flags"": 0, ""runtime_index"": 1255, ""file_offset"": 13020, ""floor_field"": 1, ""entity_id_field"": 17719, ""group"": 0, ""room"": 30, ""unknown_a3"": 0, ""position"": [148.9775390625, 0.0, -809.3965454101562], ""angles"": [0, 0, 0], ""params"": [1.0, 1.0, 1.0, 0, 0, 0], ""unused_pointer"": 30120272}"
solo-extra-ep1/q036-bb-j,1,235,"{""base_type"": 2, ""set_flags"": 0, ""runtime_index"": 1480, ""file_offset"": 17780, ""floor_field"": 1, ""entity_id_field"": 18581, ""group"": 0, ""room"": 80, ""unknown_a3"": 0, ""position"": [347.0302734375, 0.22126752138137817, 409.007080078125], ""angles"": [0, 0, 0], ""params"": [1.0, 1.0, 1.0, 0, 0, 1], ""unused_pointer"": 76848080}"
solo-extra-ep1/q036-bb-j,2,48,"{""base_type"": 2, ""set_flags"": 0, ""runtime_index"": 1486, ""file_offset"": 21604, ""floor_field"": 2, ""entity_id_field"": 19221, ""group"": 0, ""room"": 11, ""unknown_a3"": 0, ""position"": [-349.892578125, -0.018323302268981934, 397.17138671875], ""angles"": [0, 0, 0], ""params"": [1.0, 1.0, 1.0, 0, 0, 1], ""unused_pointer"": 30246080}"
solo-extra-ep1/q126-bb-e,1,6,"{""base_type"": 2, ""set_flags"": 0, ""runtime_index"": 1991, ""file_offset"": 2208, ""floor_field"": 1, ""entity_id_field"": 18444, ""group"": 0, ""room"": 16, ""unknown_a3"": 0, ""position"": [95.80218505859375, 4.2787370681762695, 37.97613525390625], ""angles"": [0, 36864, 0], ""params"": [1.0, 1.0, 1.0, 0, 0, 0], ""unused_pointer"": 77043008}"
solo-extra-ep1/q126-bb-j,1,6,"{""base_type"": 2, ""set_flags"": 0, ""runtime_index"": 1991, ""file_offset"": 2208, ""floor_field"": 1, ""entity_id_field"": 18444, ""group"": 0, ""room"": 16, ""unknown_a3"": 0, ""position"": [95.80218505859375, 4.2787370681762695, 37.97613525390625], ""angles"": [0, 36864, 0], ""params"": [1.0, 1.0, 1.0, 0, 0, 0], ""unused_pointer"": 77043008}"
solo-extra-ep1/q143-bb-e,1,3,"{""base_type"": 2, ""set_flags"": 0, ""runtime_index"": 1976, ""file_offset"": 3908, ""floor_field"": 1, ""entity_id_field"": 17946, ""group"": 0, ""room"": 2, ""unknown_a3"": 0, ""position"": [-105.00408935546875, 13.00041389465332, 139.00360107421875], ""angles"": [0, 0, 0], ""params"": [1.0, 1.0, 1.0, 2, 0, 1], ""unused_pointer"": 2365246768}"
solo-extra-ep1/q143-bb-e,1,115,"{""base_type"": 2, ""set_flags"": 2, ""runtime_index"": 90, ""file_offset"": 11524, ""floor_field"": 1, ""entity_id_field"": 65535, ""group"": 0, ""room"": 16, ""unknown_a3"": 0, ""position"": [94.0750732421875, 4.69917106628418, 27.906158447265625], ""angles"": [0, 0, 0], ""params"": [1.0, 1.0, 1.0, 0, 0, 0], ""unused_pointer"": 2365316864}"
solo-extra-ep1/q143-bb-e,1,128,"{""base_type"": 2, ""set_flags"": 2, ""runtime_index"": 90, ""file_offset"": 12408, ""floor_field"": 1, ""entity_id_field"": 18237, ""group"": 0, ""room"": 16, ""unknown_a3"": 0, ""position"": [94.0750732421875, 4.69917106628418, 27.906158447265625], ""angles"": [0, 0, 0], ""params"": [1.0, 1.0, 1.0, 0, 0, 0], ""unused_pointer"": 2365288784}"
solo-extra-ep1/q143-bb-e,2,0,"{""base_type"": 2, ""set_flags"": 2, ""runtime_index"": 126, ""file_offset"": 13648, ""floor_field"": 2, ""entity_id_field"": 18354, ""group"": 0, ""room"": 1, ""unknown_a3"": 0, ""position"": [-105.65203857421875, 76.0923843383789, -107.3563232421875], ""angles"": [0, 0, 0], ""params"": [1.0, 1.0, 1.0, 1, 0, 0], ""unused_pointer"": 2365205312}"
solo-extra-ep1/q143-bb-j,1,3,"{""base_type"": 2, ""set_flags"": 0, ""runtime_index"": 1976, ""file_offset"": 3908, ""floor_field"": 1, ""entity_id_field"": 17946, ""group"": 0, ""room"": 2, ""unknown_a3"": 0, ""position"": [-105.00408935546875, 13.00041389465332, 139.00360107421875], ""angles"": [0, 0, 0], ""params"": [1.0, 1.0, 1.0, 2, 0, 1], ""unused_pointer"": 2365246768}"
solo-extra-ep1/q143-bb-j,1,115,"{""base_type"": 2, ""set_flags"": 2, ""runtime_index"": 90, ""file_offset"": 11524, ""floor_field"": 1, ""entity_id_field"": 65535, ""group"": 0, ""room"": 16, ""unknown_a3"": 0, ""position"": [94.0750732421875, 4.69917106628418, 27.906158447265625], ""angles"": [0, 0, 0], ""params"": [1.0, 1.0, 1.0, 0, 0, 0], ""unused_pointer"": 2365316864}"
solo-extra-ep1/q143-bb-j,1,128,"{""base_type"": 2, ""set_flags"": 2, ""runtime_index"": 90, ""file_offset"": 12408, ""floor_field"": 1, ""entity_id_field"": 18237, ""group"": 0, ""room"": 16, ""unknown_a3"": 0, ""position"": [94.0750732421875, 4.69917106628418, 27.906158447265625], ""angles"": [0, 0, 0], ""params"": [1.0, 1.0, 1.0, 0, 0, 0], ""unused_pointer"": 2365288784}"
solo-extra-ep1/q143-bb-j,2,0,"{""base_type"": 2, ""set_flags"": 2, ""runtime_index"": 126, ""file_offset"": 13648, ""floor_field"": 2, ""entity_id_field"": 18354, ""group"": 0, ""room"": 1, ""unknown_a3"": 0, ""position"": [-105.65203857421875, 76.0923843383789, -107.3563232421875], ""angles"": [0, 0, 0], ""params"": [1.0, 1.0, 1.0, 1, 0, 0], ""unused_pointer"": 2365205312}"
solo-story-ep1/q001-bb-e,1,46,"{""base_type"": 2, ""set_flags"": 2, ""runtime_index"": 77, ""file_offset"": 4928, ""floor_field"": 1, ""entity_id_field"": 18926, ""group"": 0, ""room"": 8, ""unknown_a3"": 0, ""position"": [54.204833984375, 33.66023635864258, 196.20970153808594], ""angles"": [0, 9728, 0], ""params"": [1.000000238418579, 1.0000001192092896, 1.000000238418579, 0, 0, 0], ""unused_pointer"": 2365205168}"
solo-story-ep1/q001-bb-e,1,53,"{""base_type"": 2, ""set_flags"": 2, ""runtime_index"": 77, ""file_offset"": 5404, ""floor_field"": 1, ""entity_id_field"": 18610, ""group"": 0, ""room"": 8, ""unknown_a3"": 0, ""position"": [54.204833984375, 33.66023635864258, 196.20970153808594], ""angles"": [0, 9728, 0], ""params"": [1.000000238418579, 1.0000001192092896, 1.000000238418579, 0, 0, 0], ""unused_pointer"": 2365220128}"
solo-story-ep1/q001-bb-j,1,46,"{""base_type"": 2, ""set_flags"": 2, ""runtime_index"": 77, ""file_offset"": 4928, ""floor_field"": 1, ""entity_id_field"": 18926, ""group"": 0, ""room"": 8, ""unknown_a3"": 0, ""position"": [54.204833984375, 33.66023635864258, 196.20970153808594], ""angles"": [0, 9728, 0], ""params"": [1.000000238418579, 1.0000001192092896, 1.000000238418579, 0, 0, 0], ""unused_pointer"": 2365205168}"
solo-story-ep1/q001-bb-j,1,53,"{""base_type"": 2, ""set_flags"": 2, ""runtime_index"": 77, ""file_offset"": 5404, ""floor_field"": 1, ""entity_id_field"": 18610, ""group"": 0, ""room"": 8, ""unknown_a3"": 0, ""position"": [54.204833984375, 33.66023635864258, 196.20970153808594], ""angles"": [0, 9728, 0], ""params"": [1.000000238418579, 1.0000001192092896, 1.000000238418579, 0, 0, 0], ""unused_pointer"": 2365220128}"
solo-story-ep1/q002-bb-e,1,82,"{""base_type"": 2, ""set_flags"": 2, ""runtime_index"": 90, ""file_offset"": 7376, ""floor_field"": 1, ""entity_id_field"": 65535, ""group"": 0, ""room"": 16, ""unknown_a3"": 0, ""position"": [94.0750732421875, 4.69917106628418, 27.906158447265625], ""angles"": [0, 0, 0], ""params"": [1.0, 1.0, 1.0, 0, 0, 0], ""unused_pointer"": 2365316864}"
solo-story-ep1/q002-bb-j,1,82,"{""base_type"": 2, ""set_flags"": 2, ""runtime_index"": 90, ""file_offset"": 7376, ""floor_field"": 1, ""entity_id_field"": 65535, ""group"": 0, ""room"": 16, ""unknown_a3"": 0, ""position"": [94.0750732421875, 4.69917106628418, 27.906158447265625], ""angles"": [0, 0, 0], ""params"": [1.0, 1.0, 1.0, 0, 0, 0], ""unused_pointer"": 2365316864}"
solo-story-ep1/q004-bb-e,1,71,"{""base_type"": 2, ""set_flags"": 2, ""runtime_index"": 90, ""file_offset"": 6628, ""floor_field"": 1, ""entity_id_field"": 65535, ""group"": 0, ""room"": 16, ""unknown_a3"": 0, ""position"": [94.0750732421875, 4.69917106628418, 27.906158447265625], ""angles"": [0, 0, 0], ""params"": [1.0, 1.0, 1.0, 0, 0, 0], ""unused_pointer"": 2365316864}"
solo-story-ep1/q004-bb-j,1,71,"{""base_type"": 2, ""set_flags"": 2, ""runtime_index"": 90, ""file_offset"": 6628, ""floor_field"": 1, ""entity_id_field"": 65535, ""group"": 0, ""room"": 16, ""unknown_a3"": 0, ""position"": [94.0750732421875, 4.69917106628418, 27.906158447265625], ""angles"": [0, 0, 0], ""params"": [1.0, 1.0, 1.0, 0, 0, 0], ""unused_pointer"": 2365316864}"
solo-story-ep1/q005-bb-e,1,12,"{""base_type"": 2, ""set_flags"": 0, ""runtime_index"": 1472, ""file_offset"": 2616, ""floor_field"": 1, ""entity_id_field"": 17864, ""group"": 0, ""room"": 4, ""unknown_a3"": 0, ""position"": [55.27099609375, 1.5585541725158691, -91.37347412109375], ""angles"": [0, 0, 0], ""params"": [1.000000238418579, 1.0000001192092896, 1.000000238418579, 2, 0, 1], ""unused_pointer"": 2365214256}"
solo-story-ep1/q005-bb-e,1,85,"{""base_type"": 2, ""set_flags"": 2, ""runtime_index"": 90, ""file_offset"": 7580, ""floor_field"": 1, ""entity_id_field"": 65535, ""group"": 0, ""room"": 16, ""unknown_a3"": 0, ""position"": [94.0750732421875, 4.69917106628418, 27.906158447265625], ""angles"": [0, 0, 0], ""params"": [1.0, 1.0, 1.0, 0, 0, 0], ""unused_pointer"": 2365316864}"
solo-story-ep1/q005-bb-e,2,42,"{""base_type"": 2, ""set_flags"": 2, ""runtime_index"": 185, ""file_offset"": 11336, ""floor_field"": 2, ""entity_id_field"": 18681, ""group"": 0, ""room"": 10, ""unknown_a3"": 0, ""position"": [-30.408004760742188, 26.28238296508789, -207.50704956054688], ""angles"": [0, 0, 0], ""params"": [1.0, 1.0, 1.0, 1, 0, 0], ""unused_pointer"": 2365205312}"
solo-story-ep1/q005-bb-j,1,12,"{""base_type"": 2, ""set_flags"": 0, ""runtime_index"": 1472, ""file_offset"": 2616, ""floor_field"": 1, ""entity_id_field"": 17864, ""group"": 0, ""room"": 4, ""unknown_a3"": 0, ""position"": [55.27099609375, 1.5585541725158691, -91.37347412109375], ""angles"": [0, 0, 0], ""params"": [1.000000238418579, 1.0000001192092896, 1.000000238418579, 2, 0, 1], ""unused_pointer"": 2365214256}"
solo-story-ep1/q005-bb-j,1,85,"{""base_type"": 2, ""set_flags"": 2, ""runtime_index"": 90, ""file_offset"": 7580, ""floor_field"": 1, ""entity_id_field"": 65535, ""group"": 0, ""room"": 16, ""unknown_a3"": 0, ""position"": [94.0750732421875, 4.69917106628418, 27.906158447265625], ""angles"": [0, 0, 0], ""params"": [1.0, 1.0, 1.0, 0, 0, 0], ""unused_pointer"": 2365316864}"
solo-story-ep1/q005-bb-j,2,42,"{""base_type"": 2, ""set_flags"": 2, ""runtime_index"": 185, ""file_offset"": 11336, ""floor_field"": 2, ""entity_id_field"": 18681, ""group"": 0, ""room"": 10, ""unknown_a3"": 0, ""position"": [-30.408004760742188, 26.28238296508789, -207.50704956054688], ""angles"": [0, 0, 0], ""params"": [1.0, 1.0, 1.0, 1, 0, 0], ""unused_pointer"": 2365205312}"
solo-story-ep1/q006-bb-e,1,46,"{""base_type"": 2, ""set_flags"": 2, ""runtime_index"": 77, ""file_offset"": 4996, ""floor_field"": 1, ""entity_id_field"": 18926, ""group"": 0, ""room"": 8, ""unknown_a3"": 0, ""position"": [54.204833984375, 33.66023635864258, 196.20970153808594], ""angles"": [0, 9728, 0], ""params"": [1.000000238418579, 1.0000001192092896, 1.000000238418579, 0, 0, 0], ""unused_pointer"": 2365205168}"
solo-story-ep1/q006-bb-e,1,52,"{""base_type"": 2, ""set_flags"": 2, ""runtime_index"": 77, ""file_offset"": 5404, ""floor_field"": 1, ""entity_id_field"": 18610, ""group"": 0, ""room"": 8, ""unknown_a3"": 0, ""position"": [54.204833984375, 33.66023635864258, 196.20970153808594], ""angles"": [0, 9728, 0], ""params"": [1.000000238418579, 1.0000001192092896, 1.000000238418579, 0, 0, 0], ""unused_pointer"": 2365220128}"
solo-story-ep1/q006-bb-j,1,46,"{""base_type"": 2, ""set_flags"": 2, ""runtime_index"": 77, ""file_offset"": 4996, ""floor_field"": 1, ""entity_id_field"": 18926, ""group"": 0, ""room"": 8, ""unknown_a3"": 0, ""position"": [54.204833984375, 33.66023635864258, 196.20970153808594], ""angles"": [0, 9728, 0], ""params"": [1.000000238418579, 1.0000001192092896, 1.000000238418579, 0, 0, 0], ""unused_pointer"": 2365205168}"
solo-story-ep1/q006-bb-j,1,52,"{""base_type"": 2, ""set_flags"": 2, ""runtime_index"": 77, ""file_offset"": 5404, ""floor_field"": 1, ""entity_id_field"": 18610, ""group"": 0, ""room"": 8, ""unknown_a3"": 0, ""position"": [54.204833984375, 33.66023635864258, 196.20970153808594], ""angles"": [0, 9728, 0], ""params"": [1.000000238418579, 1.0000001192092896, 1.000000238418579, 0, 0, 0], ""unused_pointer"": 2365220128}"
solo-story-ep1/q007-bb-e,1,39,"{""base_type"": 2, ""set_flags"": 0, ""runtime_index"": 1581, ""file_offset"": 4452, ""floor_field"": 1, ""entity_id_field"": 19254, ""group"": 0, ""room"": 7, ""unknown_a3"": 0, ""position"": [-26.9940185546875, -2.6548027992248535, 111.28843688964844], ""angles"": [80, 0, 768], ""params"": [0.0, 0.0, 0.0, 2, 0, 1], ""unused_pointer"": 2365205168}"
solo-story-ep1/q007-bb-e,1,65,"{""base_type"": 2, ""set_flags"": 2, ""runtime_index"": 93, ""file_offset"": 6220, ""floor_field"": 1, ""entity_id_field"": 19023, ""group"": 0, ""room"": 10, ""unknown_a3"": 0, ""position"": [172.08070373535156, 21.895780563354492, -176.5518035888672], ""angles"": [0, 2304, 0], ""params"": [1.0, 1.0, 1.0, 0, 0, 0], ""unused_pointer"": 2365224080}"
solo-story-ep1/q007-bb-e,2,0,"{""base_type"": 2, ""set_flags"": 2, ""runtime_index"": 126, ""file_offset"": 9432, ""floor_field"": 2, ""entity_id_field"": 18354, ""group"": 0, ""room"": 1, ""unknown_a3"": 0, ""position"": [-105.65203857421875, 76.0923843383789, -107.3563232421875], ""angles"": [0, 0, 0], ""params"": [1.0, 1.0, 1.0, 1, 0, 0], ""unused_pointer"": 2365205312}"
solo-story-ep1/q007-bb-e,2,70,"{""base_type"": 2, ""set_flags"": 0, ""runtime_index"": 1356, ""file_offset"": 14192, ""floor_field"": 2, ""entity_id_field"": 65535, ""group"": 0, ""room"": 10, ""unknown_a3"": 0, ""position"": [-30.408004760742188, 26.28238296508789, -207.50704956054688], ""angles"": [0, 0, 0], ""params"": [1.0, 1.0, 1.0, 0, 0, 1], ""unused_pointer"": 2365231072}"
solo-story-ep1/q007-bb-j,1,39,"{""base_type"": 2, ""set_flags"": 0, ""runtime_index"": 1581, ""file_offset"": 4452, ""floor_field"": 1, ""entity_id_field"": 19254, ""group"": 0, ""room"": 7, ""unknown_a3"": 0, ""position"": [-26.9940185546875, -2.6548027992248535, 111.28843688964844], ""angles"": [80, 0, 768], ""params"": [0.0, 0.0, 0.0, 2, 0, 1], ""unused_pointer"": 2365205168}"
solo-story-ep1/q007-bb-j,1,65,"{""base_type"": 2, ""set_flags"": 2, ""runtime_index"": 93, ""file_offset"": 6220, ""floor_field"": 1, ""entity_id_field"": 19023, ""group"": 0, ""room"": 10, ""unknown_a3"": 0, ""position"": [172.08070373535156, 21.895780563354492, -176.5518035888672], ""angles"": [0, 2304, 0], ""params"": [1.0, 1.0, 1.0, 0, 0, 0], ""unused_pointer"": 2365224080}"
solo-story-ep1/q007-bb-j,2,0,"{""base_type"": 2, ""set_flags"": 2, ""runtime_index"": 126, ""file_offset"": 9432, ""floor_field"": 2, ""entity_id_field"": 18354, ""group"": 0, ""room"": 1, ""unknown_a3"": 0, ""position"": [-105.65203857421875, 76.0923843383789, -107.3563232421875], ""angles"": [0, 0, 0], ""params"": [1.0, 1.0, 1.0, 1, 0, 0], ""unused_pointer"": 2365205312}"
solo-story-ep1/q007-bb-j,2,70,"{""base_type"": 2, ""set_flags"": 0, ""runtime_index"": 1356, ""file_offset"": 14192, ""floor_field"": 2, ""entity_id_field"": 65535, ""group"": 0, ""room"": 10, ""unknown_a3"": 0, ""position"": [-30.408004760742188, 26.28238296508789, -207.50704956054688], ""angles"": [0, 0, 0], ""params"": [1.0, 1.0, 1.0, 0, 0, 1], ""unused_pointer"": 2365231072}"
solo-story-ep1/q008-bb-e,1,38,"{""base_type"": 2, ""set_flags"": 0, ""runtime_index"": 1581, ""file_offset"": 4384, ""floor_field"": 1, ""entity_id_field"": 19254, ""group"": 0, ""room"": 7, ""unknown_a3"": 0, ""position"": [-26.9940185546875, -2.6548027992248535, 111.28843688964844], ""angles"": [80, 0, 768], ""params"": [0.0, 0.0, 0.0, 2, 0, 1], ""unused_pointer"": 2365205168}"
solo-story-ep1/q008-bb-e,1,64,"{""base_type"": 2, ""set_flags"": 2, ""runtime_index"": 93, ""file_offset"": 6152, ""floor_field"": 1, ""entity_id_field"": 19023, ""group"": 0, ""room"": 10, ""unknown_a3"": 0, ""position"": [172.08070373535156, 21.895780563354492, -176.5518035888672], ""angles"": [0, 2304, 0], ""params"": [1.0, 1.0, 1.0, 0, 0, 0], ""unused_pointer"": 2365224080}"
solo-story-ep1/q008-bb-e,2,0,"{""base_type"": 2, ""set_flags"": 2, ""runtime_index"": 126, ""file_offset"": 9364, ""floor_field"": 2, ""entity_id_field"": 18354, ""group"": 0, ""room"": 1, ""unknown_a3"": 0, ""position"": [-105.65203857421875, 76.0923843383789, -107.3563232421875], ""angles"": [0, 0, 0], ""params"": [1.0, 1.0, 1.0, 1, 0, 0], ""unused_pointer"": 2365205312}"
solo-story-ep1/q008-bb-j,1,38,"{""base_type"": 2, ""set_flags"": 0, ""runtime_index"": 1581, ""file_offset"": 4384, ""floor_field"": 1, ""entity_id_field"": 19254, ""group"": 0, ""room"": 7, ""unknown_a3"": 0, ""position"": [-26.9940185546875, -2.6548027992248535, 111.28843688964844], ""angles"": [80, 0, 768], ""params"": [0.0, 0.0, 0.0, 2, 0, 1], ""unused_pointer"": 2365205168}"
solo-story-ep1/q008-bb-j,1,64,"{""base_type"": 2, ""set_flags"": 2, ""runtime_index"": 93, ""file_offset"": 6152, ""floor_field"": 1, ""entity_id_field"": 19023, ""group"": 0, ""room"": 10, ""unknown_a3"": 0, ""position"": [172.08070373535156, 21.895780563354492, -176.5518035888672], ""angles"": [0, 2304, 0], ""params"": [1.0, 1.0, 1.0, 0, 0, 0], ""unused_pointer"": 2365224080}"
solo-story-ep1/q008-bb-j,2,0,"{""base_type"": 2, ""set_flags"": 2, ""runtime_index"": 126, ""file_offset"": 9364, ""floor_field"": 2, ""entity_id_field"": 18354, ""group"": 0, ""room"": 1, ""unknown_a3"": 0, ""position"": [-105.65203857421875, 76.0923843383789, -107.3563232421875], ""angles"": [0, 0, 0], ""params"": [1.0, 1.0, 1.0, 1, 0, 0], ""unused_pointer"": 2365205312}"
solo-story-ep1/q009-bb-e,1,0,"{""base_type"": 2, ""set_flags"": 0, ""runtime_index"": 1578, ""file_offset"": 1800, ""floor_field"": 1, ""entity_id_field"": 17992, ""group"": 0, ""room"": 2, ""unknown_a3"": 0, ""position"": [-123.66748046875, 13.379683494567871, 140.813720703125], ""angles"": [0, -22016, 0], ""params"": [4.000000953674316, 1.0000009536743164, 0.9999961853027344, 2, 0, 1], ""unused_pointer"": 2365205168}"
solo-story-ep1/q009-bb-e,1,46,"{""base_type"": 2, ""set_flags"": 2, ""runtime_index"": 77, ""file_offset"": 4928, ""floor_field"": 1, ""entity_id_field"": 18926, ""group"": 0, ""room"": 8, ""unknown_a3"": 0, ""position"": [54.204833984375, 33.66023635864258, 196.20970153808594], ""angles"": [0, 9728, 0], ""params"": [1.000000238418579, 1.0000001192092896, 1.000000238418579, 0, 0, 0], ""unused_pointer"": 2365205168}"
solo-story-ep1/q009-bb-e,1,52,"{""base_type"": 2, ""set_flags"": 2, ""runtime_index"": 77, ""file_offset"": 5336, ""floor_field"": 1, ""entity_id_field"": 18610, ""group"": 0, ""room"": 8, ""unknown_a3"": 0, ""position"": [54.204833984375, 33.66023635864258, 196.20970153808594], ""angles"": [0, 9728, 0], ""params"": [1.000000238418579, 1.0000001192092896, 1.000000238418579, 0, 0, 0], ""unused_pointer"": 2365220128}"
solo-story-ep1/q009-bb-e,2,41,"{""base_type"": 2, ""set_flags"": 2, ""runtime_index"": 166, ""file_offset"": 11608, ""floor_field"": 2, ""entity_id_field"": 18437, ""group"": 0, ""room"": 5, ""unknown_a3"": 0, ""position"": [-75.43731689453125, 45.37071990966797, -44.46044921875], ""angles"": [0, 20480, 0], ""params"": [1.0, 1.0, 1.0, 1, 0, 0], ""unused_pointer"": 2365206816}"
solo-story-ep1/q009-bb-j,1,0,"{""base_type"": 2, ""set_flags"": 0, ""runtime_index"": 1578, ""file_offset"": 1800, ""floor_field"": 1, ""entity_id_field"": 17992, ""group"": 0, ""room"": 2, ""unknown_a3"": 0, ""position"": [-123.66748046875, 13.379683494567871, 140.813720703125], ""angles"": [0, -22016, 0], ""params"": [4.000000953674316, 1.0000009536743164, 0.9999961853027344, 2, 0, 1], ""unused_pointer"": 2365205168}"
solo-story-ep1/q009-bb-j,1,46,"{""base_type"": 2, ""set_flags"": 2, ""runtime_index"": 77, ""file_offset"": 4928, ""floor_field"": 1, ""entity_id_field"": 18926, ""group"": 0, ""room"": 8, ""unknown_a3"": 0, ""position"": [54.204833984375, 33.66023635864258, 196.20970153808594], ""angles"": [0, 9728, 0], ""params"": [1.000000238418579, 1.0000001192092896, 1.000000238418579, 0, 0, 0], ""unused_pointer"": 2365205168}"
solo-story-ep1/q009-bb-j,1,52,"{""base_type"": 2, ""set_flags"": 2, ""runtime_index"": 77, ""file_offset"": 5336, ""floor_field"": 1, ""entity_id_field"": 18610, ""group"": 0, ""room"": 8, ""unknown_a3"": 0, ""position"": [54.204833984375, 33.66023635864258, 196.20970153808594], ""angles"": [0, 9728, 0], ""params"": [1.000000238418579, 1.0000001192092896, 1.000000238418579, 0, 0, 0], ""unused_pointer"": 2365220128}"
solo-story-ep1/q009-bb-j,2,41,"{""base_type"": 2, ""set_flags"": 2, ""runtime_index"": 166, ""file_offset"": 11608, ""floor_field"": 2, ""entity_id_field"": 18437, ""group"": 0, ""room"": 5, ""unknown_a3"": 0, ""position"": [-75.43731689453125, 45.37071990966797, -44.46044921875], ""angles"": [0, 20480, 0], ""params"": [1.0, 1.0, 1.0, 1, 0, 0], ""unused_pointer"": 2365206816}"
solo-story-ep1/q010-bb-e,3,24,"{""base_type"": 2, ""set_flags"": 0, ""runtime_index"": 1579, ""file_offset"": 3432, ""floor_field"": 3, ""entity_id_field"": 18067, ""group"": 0, ""room"": 5, ""unknown_a3"": 0, ""position"": [0.0, 0.0, 45.0], ""angles"": [0, -43776, 0], ""params"": [1.0, 1.0, 1.0, 0, 0, 0], ""unused_pointer"": 2365212096}"
solo-story-ep1/q010-bb-e,3,57,"{""base_type"": 2, ""set_flags"": 0, ""runtime_index"": 1560, ""file_offset"": 5676, ""floor_field"": 3, ""entity_id_field"": 65535, ""group"": 0, ""room"": 20, ""unknown_a3"": 0, ""position"": [152.34585571289062, 3.0994415283203125e-05, -1.7744140625], ""angles"": [0, -49152, 0], ""params"": [1.0, 1.0, 1.0, 4, 0, 1], ""unused_pointer"": 2365283744}"
solo-story-ep1/q010-bb-e,4,0,"{""base_type"": 2, ""set_flags"": 0, ""runtime_index"": 1311, ""file_offset"": 12288, ""floor_field"": 4, ""entity_id_field"": 65535, ""group"": 0, ""room"": 1, ""unknown_a3"": 0, ""position"": [10.0, 0.0, -44.00001907348633], ""angles"": [0, -31488, 0], ""params"": [1.0, 1.0, 1.0, 5, 0, 1], ""unused_pointer"": 2365206448}"
solo-story-ep1/q010-bb-e,4,31,"{""base_type"": 2, ""set_flags"": 0, ""runtime_index"": 1298, ""file_offset"": 14396, ""floor_field"": 4, ""entity_id_field"": 65535, ""group"": 0, ""room"": 4, ""unknown_a3"": 0, ""position"": [10.0, 0.0, -44.0], ""angles"": [0, -31488, 0], ""params"": [1.0, 1.0, 1.0, 3, 0, 0], ""unused_pointer"": 2365213200}"
solo-story-ep1/q010-bb-e,5,27,"{""base_type"": 2, ""set_flags"": 0, ""runtime_index"": 1289, ""file_offset"": 24680, ""floor_field"": 5, ""entity_id_field"": 65535, ""group"": 0, ""room"": 1, ""unknown_a3"": 0, ""position"": [0.0, 0.0, 50.00001525878906], ""angles"": [0, 0, 0], ""params"": [1.0, 1.0, 1.0, 4, 0, 0], ""unused_pointer"": 2365228592}"
solo-story-ep1/q010-bb-j,3,24,"{""base_type"": 2, ""set_flags"": 0, ""runtime_index"": 1579, ""file_offset"": 3432, ""floor_field"": 3, ""entity_id_field"": 18067, ""group"": 0, ""room"": 5, ""unknown_a3"": 0, ""position"": [0.0, 0.0, 45.0], ""angles"": [0, -43776, 0], ""params"": [1.0, 1.0, 1.0, 0, 0, 0], ""unused_pointer"": 2365212096}"
solo-story-ep1/q010-bb-j,3,57,"{""base_type"": 2, ""set_flags"": 0, ""runtime_index"": 1560, ""file_offset"": 5676, ""floor_field"": 3, ""entity_id_field"": 65535, ""group"": 0, ""room"": 20, ""unknown_a3"": 0, ""position"": [152.34585571289062, 3.0994415283203125e-05, -1.7744140625], ""angles"": [0, -49152, 0], ""params"": [1.0, 1.0, 1.0, 4, 0, 1], ""unused_pointer"": 2365283744}"
solo-story-ep1/q010-bb-j,4,0,"{""base_type"": 2, ""set_flags"": 0, ""runtime_index"": 1311, ""file_offset"": 12288, ""floor_field"": 4, ""entity_id_field"": 65535, ""group"": 0, ""room"": 1, ""unknown_a3"": 0, ""position"": [10.0, 0.0, -44.00001907348633], ""angles"": [0, -31488, 0], ""params"": [1.0, 1.0, 1.0, 5, 0, 1], ""unused_pointer"": 2365206448}"
solo-story-ep1/q010-bb-j,4,31,"{""base_type"": 2, ""set_flags"": 0, ""runtime_index"": 1298, ""file_offset"": 14396, ""floor_field"": 4, ""entity_id_field"": 65535, ""group"": 0, ""room"": 4, ""unknown_a3"": 0, ""position"": [10.0, 0.0, -44.0], ""angles"": [0, -31488, 0], ""params"": [1.0, 1.0, 1.0, 3, 0, 0], ""unused_pointer"": 2365213200}"
solo-story-ep1/q010-bb-j,5,27,"{""base_type"": 2, ""set_flags"": 0, ""runtime_index"": 1289, ""file_offset"": 24680, ""floor_field"": 5, ""entity_id_field"": 65535, ""group"": 0, ""room"": 1, ""unknown_a3"": 0, ""position"": [0.0, 0.0, 50.00001525878906], ""angles"": [0, 0, 0], ""params"": [1.0, 1.0, 1.0, 4, 0, 0], ""unused_pointer"": 2365228592}"
solo-story-ep1/q011-bb-e,3,36,"{""base_type"": 2, ""set_flags"": 0, ""runtime_index"": 1579, ""file_offset"": 4248, ""floor_field"": 3, ""entity_id_field"": 18925, ""group"": 0, ""room"": 5, ""unknown_a3"": 0, ""position"": [0.0, 0.0, 45.0], ""angles"": [0, -43776, 0], ""params"": [1.0, 1.0, 1.0, 0, 0, 0], ""unused_pointer"": 2365205344}"
solo-story-ep1/q011-bb-e,3,41,"{""base_type"": 2, ""set_flags"": 0, ""runtime_index"": 1555, ""file_offset"": 4588, ""floor_field"": 3, ""entity_id_field"": 18935, ""group"": 0, ""room"": 6, ""unknown_a3"": 0, ""position"": [0.0, 0.0, 35.0], ""angles"": [0, -43776, 0], ""params"": [1.0, 1.0, 1.0, 4, 0, 1], ""unused_pointer"": 2365205344}"
solo-story-ep1/q011-bb-e,4,32,"{""base_type"": 2, ""set_flags"": 0, ""runtime_index"": 1298, ""file_offset"": 14056, ""floor_field"": 4, ""entity_id_field"": 65535, ""group"": 0, ""room"": 4, ""unknown_a3"": 0, ""position"": [10.0, 0.0, -44.0], ""angles"": [0, -31488, 0], ""params"": [1.0, 1.0, 1.0, 3, 0, 0], ""unused_pointer"": 2365223728}"
solo-story-ep1/q011-bb-j,3,36,"{""base_type"": 2, ""set_flags"": 0, ""runtime_index"": 1579, ""file_offset"": 4248, ""floor_field"": 3, ""entity_id_field"": 18925, ""group"": 0, ""room"": 5, ""unknown_a3"": 0, ""position"": [0.0, 0.0, 45.0], ""angles"": [0, -43776, 0], ""params"": [1.0, 1.0, 1.0, 0, 0, 0], ""unused_pointer"": 2365205344}"
solo-story-ep1/q011-bb-j,3,41,"{""base_type"": 2, ""set_flags"": 0, ""runtime_index"": 1555, ""file_offset"": 4588, ""floor_field"": 3, ""entity_id_field"": 18935, ""group"": 0, ""room"": 6, ""unknown_a3"": 0, ""position"": [0.0, 0.0, 35.0], ""angles"": [0, -43776, 0], ""params"": [1.0, 1.0, 1.0, 4, 0, 1], ""unused_pointer"": 2365205344}"
solo-story-ep1/q011-bb-j,4,32,"{""base_type"": 2, ""set_flags"": 0, ""runtime_index"": 1298, ""file_offset"": 14056, ""floor_field"": 4, ""entity_id_field"": 65535, ""group"": 0, ""room"": 4, ""unknown_a3"": 0, ""position"": [10.0, 0.0, -44.0], ""angles"": [0, -31488, 0], ""params"": [1.0, 1.0, 1.0, 3, 0, 0], ""unused_pointer"": 2365223728}"
solo-story-ep1/q012-bb-e,3,17,"{""base_type"": 2, ""set_flags"": 0, ""runtime_index"": 1579, ""file_offset"": 2956, ""floor_field"": 3, ""entity_id_field"": 18164, ""group"": 0, ""room"": 1, ""unknown_a3"": 0, ""position"": [0.0, 0.0, 45.0], ""angles"": [0, -43776, 0], ""params"": [1.0, 1.0, 1.0, 0, 0, 0], ""unused_pointer"": 2365244928}"
solo-story-ep1/q012-bb-e,3,38,"{""base_type"": 2, ""set_flags"": 0, ""runtime_index"": 1555, ""file_offset"": 4384, ""floor_field"": 3, ""entity_id_field"": 18172, ""group"": 0, ""room"": 7, ""unknown_a3"": 0, ""position"": [0.0, 0.0, 35.0], ""angles"": [0, -43776, 0], ""params"": [1.0, 1.0, 1.0, 4, 0, 1], ""unused_pointer"": 2365232576}"
solo-story-ep1/q012-bb-e,4,41,"{""base_type"": 2, ""set_flags"": 0, ""runtime_index"": 1298, ""file_offset"": 17320, ""floor_field"": 4, ""entity_id_field"": 65535, ""group"": 0, ""room"": 7, ""unknown_a3"": 0, ""position"": [10.0, 0.0, -44.0], ""angles"": [0, -31488, 0], ""params"": [1.0, 1.0, 1.0, 3, 0, 0], ""unused_pointer"": 2365227280}"
solo-story-ep1/q012-bb-j,3,17,"{""base_type"": 2, ""set_flags"": 0, ""runtime_index"": 1579, ""file_offset"": 2956, ""floor_field"": 3, ""entity_id_field"": 18164, ""group"": 0, ""room"": 1, ""unknown_a3"": 0, ""position"": [0.0, 0.0, 45.0], ""angles"": [0, -43776, 0], ""params"": [1.0, 1.0, 1.0, 0, 0, 0], ""unused_pointer"": 2365244928}"
solo-story-ep1/q012-bb-j,3,38,"{""base_type"": 2, ""set_flags"": 0, ""runtime_index"": 1555, ""file_offset"": 4384, ""floor_field"": 3, ""entity_id_field"": 18172, ""group"": 0, ""room"": 7, ""unknown_a3"": 0, ""position"": [0.0, 0.0, 35.0], ""angles"": [0, -43776, 0], ""params"": [1.0, 1.0, 1.0, 4, 0, 1], ""unused_pointer"": 2365232576}"
solo-story-ep1/q012-bb-j,4,41,"{""base_type"": 2, ""set_flags"": 0, ""runtime_index"": 1298, ""file_offset"": 17320, ""floor_field"": 4, ""entity_id_field"": 65535, ""group"": 0, ""room"": 7, ""unknown_a3"": 0, ""position"": [10.0, 0.0, -44.0], ""angles"": [0, -31488, 0], ""params"": [1.0, 1.0, 1.0, 3, 0, 0], ""unused_pointer"": 2365227280}"
solo-story-ep1/q013-bb-e,3,17,"{""base_type"": 2, ""set_flags"": 0, ""runtime_index"": 1579, ""file_offset"": 2956, ""floor_field"": 3, ""entity_id_field"": 18164, ""group"": 0, ""room"": 1, ""unknown_a3"": 0, ""position"": [0.0, 0.0, 45.0], ""angles"": [0, -43776, 0], ""params"": [1.0, 1.0, 1.0, 0, 0, 0], ""unused_pointer"": 2365244928}"
solo-story-ep1/q013-bb-e,3,37,"{""base_type"": 2, ""set_flags"": 0, ""runtime_index"": 1555, ""file_offset"": 4316, ""floor_field"": 3, ""entity_id_field"": 18172, ""group"": 0, ""room"": 7, ""unknown_a3"": 0, ""position"": [0.0, 0.0, 35.0], ""angles"": [0, -43776, 0], ""params"": [1.0, 1.0, 1.0, 4, 0, 1], ""unused_pointer"": 2365232576}"
solo-story-ep1/q013-bb-e,4,12,"{""base_type"": 2, ""set_flags"": 0, ""runtime_index"": 1311, ""file_offset"": 12968, ""floor_field"": 4, ""entity_id_field"": 65535, ""group"": 0, ""room"": 4, ""unknown_a3"": 0, ""position"": [10.0, 0.0, -44.0], ""angles"": [0, -31488, 0], ""params"": [1.0, 1.0, 1.0, 5, 0, 1], ""unused_pointer"": 2365227568}"
solo-story-ep1/q013-bb-e,4,52,"{""base_type"": 2, ""set_flags"": 0, ""runtime_index"": 1298, ""file_offset"": 15688, ""floor_field"": 4, ""entity_id_field"": 65535, ""group"": 0, ""room"": 7, ""unknown_a3"": 0, ""position"": [10.0, 0.0, -44.0], ""angles"": [0, -31488, 0], ""params"": [1.0, 1.0, 1.0, 3, 0, 0], ""unused_pointer"": 2365227280}"
solo-story-ep1/q013-bb-e,5,34,"{""base_type"": 2, ""set_flags"": 0, ""runtime_index"": 1289, ""file_offset"": 26244, ""floor_field"": 5, ""entity_id_field"": 65535, ""group"": 0, ""room"": 12, ""unknown_a3"": 0, ""position"": [0.0, 0.0, 50.00001907348633], ""angles"": [0, 0, 0], ""params"": [1.0, 1.0, 1.0, 4, 0, 0], ""unused_pointer"": 2365279136}"
solo-story-ep1/q013-bb-j,3,17,"{""base_type"": 2, ""set_flags"": 0, ""runtime_index"": 1579, ""file_offset"": 2956, ""floor_field"": 3, ""entity_id_field"": 18164, ""group"": 0, ""room"": 1, ""unknown_a3"": 0, ""position"": [0.0, 0.0, 45.0], ""angles"": [0, -43776, 0], ""params"": [1.0, 1.0, 1.0, 0, 0, 0], ""unused_pointer"": 2365244928}"
solo-story-ep1/q013-bb-j,3,37,"{""base_type"": 2, ""set_flags"": 0, ""runtime_index"": 1555, ""file_offset"": 4316, ""floor_field"": 3, ""entity_id_field"": 18172, ""group"": 0, ""room"": 7, ""unknown_a3"": 0, ""position"": [0.0, 0.0, 35.0], ""angles"": [0, -43776, 0], ""params"": [1.0, 1.0, 1.0, 4, 0, 1], ""unused_pointer"": 2365232576}"
solo-story-ep1/q013-bb-j,4,12,"{""base_type"": 2, ""set_flags"": 0, ""runtime_index"": 1311, ""file_offset"": 12968, ""floor_field"": 4, ""entity_id_field"": 65535, ""group"": 0, ""room"": 4, ""unknown_a3"": 0, ""position"": [10.0, 0.0, -44.0], ""angles"": [0, -31488, 0], ""params"": [1.0, 1.0, 1.0, 5, 0, 1], ""unused_pointer"": 2365227568}"
solo-story-ep1/q013-bb-j,4,52,"{""base_type"": 2, ""set_flags"": 0, ""runtime_index"": 1298, ""file_offset"": 15688, ""floor_field"": 4, ""entity_id_field"": 65535, ""group"": 0, ""room"": 7, ""unknown_a3"": 0, ""position"": [10.0, 0.0, -44.0], ""angles"": [0, -31488, 0], ""params"": [1.0, 1.0, 1.0, 3, 0, 0], ""unused_pointer"": 2365227280}"
solo-story-ep1/q013-bb-j,5,34,"{""base_type"": 2, ""set_flags"": 0, ""runtime_index"": 1289, ""file_offset"": 26244, ""floor_field"": 5, ""entity_id_field"": 65535, ""group"": 0, ""room"": 12, ""unknown_a3"": 0, ""position"": [0.0, 0.0, 50.00001907348633], ""angles"": [0, 0, 0], ""params"": [1.0, 1.0, 1.0, 4, 0, 0], ""unused_pointer"": 2365279136}"
solo-story-ep1/q014-bb-e,3,4,"{""base_type"": 2, ""set_flags"": 0, ""runtime_index"": 1555, ""file_offset"": 2072, ""floor_field"": 3, ""entity_id_field"": 18691, ""group"": 0, ""room"": 5, ""unknown_a3"": 0, ""position"": [0.0, 0.0, 35.0], ""angles"": [0, -43776, 0], ""params"": [1.0, 1.0, 1.0, 4, 0, 1], ""unused_pointer"": 2365215824}"
solo-story-ep1/q014-bb-e,3,39,"{""base_type"": 2, ""set_flags"": 0, ""runtime_index"": 1579, ""file_offset"": 4452, ""floor_field"": 3, ""entity_id_field"": 18657, ""group"": 0, ""room"": 7, ""unknown_a3"": 0, ""position"": [0.0, 0.0, 45.00006103515625], ""angles"": [0, -43776, 0], ""params"": [1.0, 1.0, 1.0, 0, 0, 0], ""unused_pointer"": 2365298448}"
solo-story-ep1/q014-bb-e,4,29,"{""base_type"": 2, ""set_flags"": 0, ""runtime_index"": 1298, ""file_offset"": 14396, ""floor_field"": 4, ""entity_id_field"": 65535, ""group"": 0, ""room"": 4, ""unknown_a3"": 0, ""position"": [10.0, 0.0, -44.0], ""angles"": [0, -31488, 0], ""params"": [1.0, 1.0, 1.0, 3, 0, 0], ""unused_pointer"": 2365213200}"
solo-story-ep1/q014-bb-j,3,4,"{""base_type"": 2, ""set_flags"": 0, ""runtime_index"": 1555, ""file_offset"": 2072, ""floor_field"": 3, ""entity_id_field"": 18691, ""group"": 0, ""room"": 5, ""unknown_a3"": 0, ""position"": [0.0, 0.0, 35.0], ""angles"": [0, -43776, 0], ""params"": [1.0, 1.0, 1.0, 4, 0, 1], ""unused_pointer"": 2365215824}"
solo-story-ep1/q014-bb-j,3,39,"{""base_type"": 2, ""set_flags"": 0, ""runtime_index"": 1579, ""file_offset"": 4452, ""floor_field"": 3, ""entity_id_field"": 18657, ""group"": 0, ""room"": 7, ""unknown_a3"": 0, ""position"": [0.0, 0.0, 45.00006103515625], ""angles"": [0, -43776, 0], ""params"": [1.0, 1.0, 1.0, 0, 0, 0], ""unused_pointer"": 2365298448}"
solo-story-ep1/q014-bb-j,4,29,"{""base_type"": 2, ""set_flags"": 0, ""runtime_index"": 1298, ""file_offset"": 14396, ""floor_field"": 4, ""entity_id_field"": 65535, ""group"": 0, ""room"": 4, ""unknown_a3"": 0, ""position"": [10.0, 0.0, -44.0], ""angles"": [0, -31488, 0], ""params"": [1.0, 1.0, 1.0, 3, 0, 0], ""unused_pointer"": 2365213200}"
solo-story-ep1/q015-bb-e,1,56,"{""base_type"": 2, ""set_flags"": 0, ""runtime_index"": 1576, ""file_offset"": 5608, ""floor_field"": 1, ""entity_id_field"": 18807, ""group"": 0, ""room"": 10, ""unknown_a3"": 0, ""position"": [172.08070373535156, 21.895780563354492, -176.5518035888672], ""angles"": [0, 2304, 0], ""params"": [1.0, 1.0, 1.0, 2, 0, 1], ""unused_pointer"": 2365205168}"
solo-story-ep1/q015-bb-e,1,89,"{""base_type"": 2, ""set_flags"": 2, ""runtime_index"": 90, ""file_offset"": 7852, ""floor_field"": 1, ""entity_id_field"": 18031, ""group"": 0, ""room"": 16, ""unknown_a3"": 0, ""position"": [94.0750732421875, 4.69917106628418, 27.906158447265625], ""angles"": [0, 0, 0], ""params"": [1.0, 1.0, 1.0, 0, 0, 0], ""unused_pointer"": 2365205344}"
solo-story-ep1/q015-bb-e,2,64,"{""base_type"": 2, ""set_flags"": 2, ""runtime_index"": 185, ""file_offset"": 13240, ""floor_field"": 2, ""entity_id_field"": 18681, ""group"": 0, ""room"": 10, ""unknown_a3"": 0, ""position"": [-30.408004760742188, 26.28238296508789, -207.50704956054688], ""angles"": [0, 0, 0], ""params"": [1.0, 1.0, 1.0, 1, 0, 0], ""unused_pointer"": 2365205312}"
solo-story-ep1/q015-bb-e,11,0,"{""base_type"": 2, ""set_flags"": 0, ""runtime_index"": 1717, ""file_offset"": 17472, ""floor_field"": 11, ""entity_id_field"": 18123, ""group"": 1, ""room"": 1, ""unknown_a3"": 0, ""position"": [-237.16607666015625, 0.0, -42.48076248168945], ""angles"": [0, 32768, 0], ""params"": [120.00006103515625, 1.0, 1.0, 0, 0, 1], ""unused_pointer"": 2365208528}"
solo-story-ep1/q015-bb-e,3,42,"{""base_type"": 2, ""set_flags"": 0, ""runtime_index"": 1579, ""file_offset"": 21704, ""floor_field"": 3, ""entity_id_field"": 18019, ""group"": 0, ""room"": 2, ""unknown_a3"": 0, ""position"": [0.0, 0.0, 45.0], ""angles"": [0, -43776, 0], ""params"": [1.0, 1.0, 1.0, 0, 0, 0], ""unused_pointer"": 2365205552}"
solo-story-ep1/q015-bb-e,3,51,"{""base_type"": 2, ""set_flags"": 0, ""runtime_index"": 1555, ""file_offset"": 22316, ""floor_field"": 3, ""entity_id_field"": 18024, ""group"": 0, ""room"": 7, ""unknown_a3"": 0, ""position"": [0.0, 0.0, 35.0], ""angles"": [0, -43776, 0], ""params"": [1.0, 1.0, 1.0, 4, 0, 1], ""unused_pointer"": 2365215328}"
solo-story-ep1/q015-bb-e,4,37,"{""base_type"": 2, ""set_flags"": 0, ""runtime_index"": 1298, ""file_offset"": 34300, ""floor_field"": 4, ""entity_id_field"": 65535, ""group"": 0, ""room"": 6, ""unknown_a3"": 0, ""position"": [10.0, 0.0, -44.0], ""angles"": [0, -31488, 0], ""params"": [1.0, 1.0, 1.0, 3, 0, 0], ""unused_pointer"": 2365207536}"
solo-story-ep1/q015-bb-e,4,45,"{""base_type"": 2, ""set_flags"": 0, ""runtime_index"": 1311, ""file_offset"": 34844, ""floor_field"": 4, ""entity_id_field"": 65535, ""group"": 0, ""room"": 8, ""unknown_a3"": 0, ""position"": [10.0, 0.0, -44.0], ""angles"": [0, -31488, 0], ""params"": [1.0, 1.0, 1.0, 5, 0, 1], ""unused_pointer"": 2365228816}"
solo-story-ep1/q015-bb-e,5,7,"{""base_type"": 2, ""set_flags"": 0, ""runtime_index"": 1565, ""file_offset"": 43768, ""floor_field"": 5, ""entity_id_field"": 18125, ""group"": 0, ""room"": 10, ""unknown_a3"": 0, ""position"": [0.0, 0.0, 37.0], ""angles"": [0, -32768, 0], ""params"": [1.0, 1.0, 1.0, 0, 0, 1], ""unused_pointer"": 2365340368}"
solo-story-ep1/q015-bb-e,5,38,"{""base_type"": 2, ""set_flags"": 0, ""runtime_index"": 1289, ""file_offset"": 45876, ""floor_field"": 5, ""entity_id_field"": 65535, ""group"": 0, ""room"": 12, ""unknown_a3"": 0, ""position"": [0.0, 0.0, 50.00001907348633], ""angles"": [0, 0, 0], ""params"": [1.0, 1.0, 1.0, 4, 0, 0], ""unused_pointer"": 2365279136}"
solo-story-ep1/q015-bb-j,1,56,"{""base_type"": 2, ""set_flags"": 0, ""runtime_index"": 1576, ""file_offset"": 5608, ""floor_field"": 1, ""entity_id_field"": 18807, ""group"": 0, ""room"": 10, ""unknown_a3"": 0, ""position"": [172.08070373535156, 21.895780563354492, -176.5518035888672], ""angles"": [0, 2304, 0], ""params"": [1.0, 1.0, 1.0, 2, 0, 1], ""unused_pointer"": 2365205168}"
solo-story-ep1/q015-bb-j,1,89,"{""base_type"": 2, ""set_flags"": 2, ""runtime_index"": 90, ""file_offset"": 7852, ""floor_field"": 1, ""entity_id_field"": 18031, ""group"": 0, ""room"": 16, ""unknown_a3"": 0, ""position"": [94.0750732421875, 4.69917106628418, 27.906158447265625], ""angles"": [0, 0, 0], ""params"": [1.0, 1.0, 1.0, 0, 0, 0], ""unused_pointer"": 2365205344}"
solo-story-ep1/q015-bb-j,2,64,"{""base_type"": 2, ""set_flags"": 2, ""runtime_index"": 185, ""file_offset"": 13240, ""floor_field"": 2, ""entity_id_field"": 18681, ""group"": 0, ""room"": 10, ""unknown_a3"": 0, ""position"": [-30.408004760742188, 26.28238296508789, -207.50704956054688], ""angles"": [0, 0, 0], ""params"": [1.0, 1.0, 1.0, 1, 0, 0], ""unused_pointer"": 2365205312}"
solo-story-ep1/q015-bb-j,11,0,"{""base_type"": 2, ""set_flags"": 0, ""runtime_index"": 1717, ""file_offset"": 17472, ""floor_field"": 11, ""entity_id_field"": 18123, ""group"": 1, ""room"": 1, ""unknown_a3"": 0, ""position"": [-237.16607666015625, 0.0, -42.48076248168945], ""angles"": [0, 32768, 0], ""params"": [120.00006103515625, 1.0, 1.0, 0, 0, 1], ""unused_pointer"": 2365208528}"
solo-story-ep1/q015-bb-j,3,42,"{""base_type"": 2, ""set_flags"": 0, ""runtime_index"": 1579, ""file_offset"": 21704, ""floor_field"": 3, ""entity_id_field"": 18019, ""group"": 0, ""room"": 2, ""unknown_a3"": 0, ""position"": [0.0, 0.0, 45.0], ""angles"": [0, -43776, 0], ""params"": [1.0, 1.0, 1.0, 0, 0, 0], ""unused_pointer"": 2365205552}"
solo-story-ep1/q015-bb-j,3,51,"{""base_type"": 2, ""set_flags"": 0, ""runtime_index"": 1555, ""file_offset"": 22316, ""floor_field"": 3, ""entity_id_field"": 18024, ""group"": 0, ""room"": 7, ""unknown_a3"": 0, ""position"": [0.0, 0.0, 35.0], ""angles"": [0, -43776, 0], ""params"": [1.0, 1.0, 1.0, 4, 0, 1], ""unused_pointer"": 2365215328}"
solo-story-ep1/q015-bb-j,4,37,"{""base_type"": 2, ""set_flags"": 0, ""runtime_index"": 1298, ""file_offset"": 34300, ""floor_field"": 4, ""entity_id_field"": 65535, ""group"": 0, ""room"": 6, ""unknown_a3"": 0, ""position"": [10.0, 0.0, -44.0], ""angles"": [0, -31488, 0], ""params"": [1.0, 1.0, 1.0, 3, 0, 0], ""unused_pointer"": 2365207536}"
solo-story-ep1/q015-bb-j,4,45,"{""base_type"": 2, ""set_flags"": 0, ""runtime_index"": 1311, ""file_offset"": 34844, ""floor_field"": 4, ""entity_id_field"": 65535, ""group"": 0, ""room"": 8, ""unknown_a3"": 0, ""position"": [10.0, 0.0, -44.0], ""angles"": [0, -31488, 0], ""params"": [1.0, 1.0, 1.0, 5, 0, 1], ""unused_pointer"": 2365228816}"
solo-story-ep1/q015-bb-j,5,7,"{""base_type"": 2, ""set_flags"": 0, ""runtime_index"": 1565, ""file_offset"": 43768, ""floor_field"": 5, ""entity_id_field"": 18125, ""group"": 0, ""room"": 10, ""unknown_a3"": 0, ""position"": [0.0, 0.0, 37.0], ""angles"": [0, -32768, 0], ""params"": [1.0, 1.0, 1.0, 0, 0, 1], ""unused_pointer"": 2365340368}"
solo-story-ep1/q015-bb-j,5,38,"{""base_type"": 2, ""set_flags"": 0, ""runtime_index"": 1289, ""file_offset"": 45876, ""floor_field"": 5, ""entity_id_field"": 65535, ""group"": 0, ""room"": 12, ""unknown_a3"": 0, ""position"": [0.0, 0.0, 50.00001907348633], ""angles"": [0, 0, 0], ""params"": [1.0, 1.0, 1.0, 4, 0, 0], ""unused_pointer"": 2365279136}"
solo-story-ep1/q016-bb-e,1,55,"{""base_type"": 2, ""set_flags"": 0, ""runtime_index"": 1576, ""file_offset"": 5540, ""floor_field"": 1, ""entity_id_field"": 18807, ""group"": 0, ""room"": 10, ""unknown_a3"": 0, ""position"": [172.08070373535156, 21.895780563354492, -176.5518035888672], ""angles"": [0, 2304, 0], ""params"": [1.0, 1.0, 1.0, 2, 0, 1], ""unused_pointer"": 2365205168}"
solo-story-ep1/q016-bb-e,1,82,"{""base_type"": 2, ""set_flags"": 2, ""runtime_index"": 90, ""file_offset"": 7376, ""floor_field"": 1, ""entity_id_field"": 18031, ""group"": 0, ""room"": 16, ""unknown_a3"": 0, ""position"": [94.0750732421875, 4.69917106628418, 27.906158447265625], ""angles"": [0, 0, 0], ""params"": [1.0, 1.0, 1.0, 0, 0, 0], ""unused_pointer"": 2365205344}"
solo-story-ep1/q016-bb-e,2,29,"{""base_type"": 2, ""set_flags"": 0, ""runtime_index"": 1533, ""file_offset"": 10792, ""floor_field"": 2, ""entity_id_field"": 17925, ""group"": 0, ""room"": 4, ""unknown_a3"": 0, ""position"": [-324.5910339355469, 60.567867279052734, -20.828216552734375], ""angles"": [0, 5120, 0], ""params"": [1.0, 1.0, 1.0, 3, 0, 1], ""unused_pointer"": 2365213104}"
solo-story-ep1/q016-bb-e,2,57,"{""base_type"": 2, ""set_flags"": 2, ""runtime_index"": 166, ""file_offset"": 12696, ""floor_field"": 2, ""entity_id_field"": 18437, ""group"": 0, ""room"": 5, ""unknown_a3"": 0, ""position"": [-75.43731689453125, 45.37071990966797, -44.46044921875], ""angles"": [0, 20480, 0], ""params"": [1.0, 1.0, 1.0, 1, 0, 0], ""unused_pointer"": 2365206816}"
solo-story-ep1/q016-bb-e,3,36,"{""base_type"": 2, ""set_flags"": 0, ""runtime_index"": 1548, ""file_offset"": 20056, ""floor_field"": 3, ""entity_id_field"": 18704, ""group"": 0, ""room"": 5, ""unknown_a3"": 0, ""position"": [0.0, 0.0, 45.0], ""angles"": [0, -43776, 0], ""params"": [1.0, 1.0, 1.0, 2, 0, 0], ""unused_pointer"": 2365188928}"
solo-story-ep1/q016-bb-e,3,41,"{""base_type"": 2, ""set_flags"": 0, ""runtime_index"": 1555, ""file_offset"": 20396, ""floor_field"": 3, ""entity_id_field"": 18710, ""group"": 0, ""room"": 6, ""unknown_a3"": 0, ""position"": [0.0, 0.0, 35.0], ""angles"": [0, -43776, 0], ""params"": [1.0, 1.0, 1.0, 4, 0, 1], ""unused_pointer"": 2365189456}"
solo-story-ep1/q016-bb-e,4,29,"{""base_type"": 2, ""set_flags"": 0, ""runtime_index"": 1298, ""file_offset"": 30272, ""floor_field"": 4, ""entity_id_field"": 65535, ""group"": 0, ""room"": 4, ""unknown_a3"": 0, ""position"": [10.0, 0.0, -44.0], ""angles"": [0, -31488, 0], ""params"": [1.0, 1.0, 1.0, 3, 0, 0], ""unused_pointer"": 2365223728}"
solo-story-ep1/q016-bb-j,1,55,"{""base_type"": 2, ""set_flags"": 0, ""runtime_index"": 1576, ""file_offset"": 5540, ""floor_field"": 1, ""entity_id_field"": 18807, ""group"": 0, ""room"": 10, ""unknown_a3"": 0, ""position"": [172.08070373535156, 21.895780563354492, -176.5518035888672], ""angles"": [0, 2304, 0], ""params"": [1.0, 1.0, 1.0, 2, 0, 1], ""unused_pointer"": 2365205168}"
solo-story-ep1/q016-bb-j,1,82,"{""base_type"": 2, ""set_flags"": 2, ""runtime_index"": 90, ""file_offset"": 7376, ""floor_field"": 1, ""entity_id_field"": 18031, ""group"": 0, ""room"": 16, ""unknown_a3"": 0, ""position"": [94.0750732421875, 4.69917106628418, 27.906158447265625], ""angles"": [0, 0, 0], ""params"": [1.0, 1.0, 1.0, 0, 0, 0], ""unused_pointer"": 2365205344}"
solo-story-ep1/q016-bb-j,2,29,"{""base_type"": 2, ""set_flags"": 0, ""runtime_index"": 1533, ""file_offset"": 10792, ""floor_field"": 2, ""entity_id_field"": 17925, ""group"": 0, ""room"": 4, ""unknown_a3"": 0, ""position"": [-324.5910339355469, 60.567867279052734, -20.828216552734375], ""angles"": [0, 5120, 0], ""params"": [1.0, 1.0, 1.0, 3, 0, 1], ""unused_pointer"": 2365213104}"
solo-story-ep1/q016-bb-j,2,57,"{""base_type"": 2, ""set_flags"": 2, ""runtime_index"": 166, ""file_offset"": 12696, ""floor_field"": 2, ""entity_id_field"": 18437, ""group"": 0, ""room"": 5, ""unknown_a3"": 0, ""position"": [-75.43731689453125, 45.37071990966797, -44.46044921875], ""angles"": [0, 20480, 0], ""params"": [1.0, 1.0, 1.0, 1, 0, 0], ""unused_pointer"": 2365206816}"
solo-story-ep1/q016-bb-j,3,36,"{""base_type"": 2, ""set_flags"": 0, ""runtime_index"": 1548, ""file_offset"": 20056, ""floor_field"": 3, ""entity_id_field"": 18704, ""group"": 0, ""room"": 5, ""unknown_a3"": 0, ""position"": [0.0, 0.0, 45.0], ""angles"": [0, -43776, 0], ""params"": [1.0, 1.0, 1.0, 2, 0, 0], ""unused_pointer"": 2365188928}"
solo-story-ep1/q016-bb-j,3,41,"{""base_type"": 2, ""set_flags"": 0, ""runtime_index"": 1555, ""file_offset"": 20396, ""floor_field"": 3, ""entity_id_field"": 18710, ""group"": 0, ""room"": 6, ""unknown_a3"": 0, ""position"": [0.0, 0.0, 35.0], ""angles"": [0, -43776, 0], ""params"": [1.0, 1.0, 1.0, 4, 0, 1], ""unused_pointer"": 2365189456}"
solo-story-ep1/q016-bb-j,4,29,"{""base_type"": 2, ""set_flags"": 0, ""runtime_index"": 1298, ""file_offset"": 30272, ""floor_field"": 4, ""entity_id_field"": 65535, ""group"": 0, ""room"": 4, ""unknown_a3"": 0, ""position"": [10.0, 0.0, -44.0], ""angles"": [0, -31488, 0], ""params"": [1.0, 1.0, 1.0, 3, 0, 0], ""unused_pointer"": 2365223728}"
solo-story-ep1/q017-bb-e,3,24,"{""base_type"": 2, ""set_flags"": 0, ""runtime_index"": 1579, ""file_offset"": 3432, ""floor_field"": 3, ""entity_id_field"": 18067, ""group"": 0, ""room"": 5, ""unknown_a3"": 0, ""position"": [0.0, 0.0, 45.0], ""angles"": [0, -43776, 0], ""params"": [1.0, 1.0, 1.0, 0, 0, 0], ""unused_pointer"": 2365212096}"
solo-story-ep1/q017-bb-e,3,59,"{""base_type"": 2, ""set_flags"": 0, ""runtime_index"": 1560, ""file_offset"": 5812, ""floor_field"": 3, ""entity_id_field"": 65535, ""group"": 0, ""room"": 20, ""unknown_a3"": 0, ""position"": [152.34585571289062, 3.0994415283203125e-05, -1.7744140625], ""angles"": [0, -49152, 0], ""params"": [1.0, 1.0, 1.0, 4, 0, 1], ""unused_pointer"": 2365283744}"
solo-story-ep1/q017-bb-e,3,64,"{""base_type"": 2, ""set_flags"": 0, ""runtime_index"": 1560, ""file_offset"": 6152, ""floor_field"": 3, ""entity_id_field"": 18321, ""group"": 0, ""room"": 20, ""unknown_a3"": 0, ""position"": [152.34585571289062, 3.0994415283203125e-05, -1.7744140625], ""angles"": [0, -49152, 0], ""params"": [1.0, 1.0, 1.0, 4, 0, 1], ""unused_pointer"": 2365234560}"
solo-story-ep1/q017-bb-e,4,23,"{""base_type"": 2, ""set_flags"": 0, ""runtime_index"": 1298, ""file_offset"": 14124, ""floor_field"": 4, ""entity_id_field"": 65535, ""group"": 0, ""room"": 3, ""unknown_a3"": 0, ""position"": [10.0, 0.0, -44.00001525878906], ""angles"": [0, -31488, 0], ""params"": [1.0, 1.0, 1.0, 3, 0, 0], ""unused_pointer"": 2365208880}"
solo-story-ep1/q017-bb-j,3,24,"{""base_type"": 2, ""set_flags"": 0, ""runtime_index"": 1579, ""file_offset"": 3432, ""floor_field"": 3, ""entity_id_field"": 18067, ""group"": 0, ""room"": 5, ""unknown_a3"": 0, ""position"": [0.0, 0.0, 45.0], ""angles"": [0, -43776, 0], ""params"": [1.0, 1.0, 1.0, 0, 0, 0], ""unused_pointer"": 2365212096}"
solo-story-ep1/q017-bb-j,3,59,"{""base_type"": 2, ""set_flags"": 0, ""runtime_index"": 1560, ""file_offset"": 5812, ""floor_field"": 3, ""entity_id_field"": 65535, ""group"": 0, ""room"": 20, ""unknown_a3"": 0, ""position"": [152.34585571289062, 3.0994415283203125e-05, -1.7744140625], ""angles"": [0, -49152, 0], ""params"": [1.0, 1.0, 1.0, 4, 0, 1], ""unused_pointer"": 2365283744}"
solo-story-ep1/q017-bb-j,3,64,"{""base_type"": 2, ""set_flags"": 0, ""runtime_index"": 1560, ""file_offset"": 6152, ""floor_field"": 3, ""entity_id_field"": 18321, ""group"": 0, ""room"": 20, ""unknown_a3"": 0, ""position"": [152.34585571289062, 3.0994415283203125e-05, -1.7744140625], ""angles"": [0, -49152, 0], ""params"": [1.0, 1.0, 1.0, 4, 0, 1], ""unused_pointer"": 2365234560}"
solo-story-ep1/q017-bb-j,4,23,"{""base_type"": 2, ""set_flags"": 0, ""runtime_index"": 1298, ""file_offset"": 14124, ""floor_field"": 4, ""entity_id_field"": 65535, ""group"": 0, ""room"": 3, ""unknown_a3"": 0, ""position"": [10.0, 0.0, -44.00001525878906], ""angles"": [0, -31488, 0], ""params"": [1.0, 1.0, 1.0, 3, 0, 0], ""unused_pointer"": 2365208880}"
solo-story-ep1/q018-bb-e,6,16,"{""base_type"": 2, ""set_flags"": 2, ""runtime_index"": 709, ""file_offset"": 2888, ""floor_field"": 6, ""entity_id_field"": 17093, ""group"": 0, ""room"": 1, ""unknown_a3"": 0, ""position"": [0.0, 0.0, 40.0], ""angles"": [0, -43776, 0], ""params"": [1.0, 1.0, 1.0, 0, 0, 0], ""unused_pointer"": 2365209136}"
solo-story-ep1/q018-bb-j,6,16,"{""base_type"": 2, ""set_flags"": 2, ""runtime_index"": 709, ""file_offset"": 2888, ""floor_field"": 6, ""entity_id_field"": 17093, ""group"": 0, ""room"": 1, ""unknown_a3"": 0, ""position"": [0.0, 0.0, 40.0], ""angles"": [0, -43776, 0], ""params"": [1.0, 1.0, 1.0, 0, 0, 0], ""unused_pointer"": 2365209136}"
solo-story-ep1/q019-bb-e,2,42,"{""base_type"": 2, ""set_flags"": 0, ""runtime_index"": 1980, ""file_offset"": 4656, ""floor_field"": 2, ""entity_id_field"": 20005, ""group"": 0, ""room"": 10, ""unknown_a3"": 0, ""position"": [-30.408004760742188, 26.28238296508789, -207.50704956054688], ""angles"": [0, 0, 0], ""params"": [1.0, 1.0, 1.0, 0, 0, 0], ""unused_pointer"": 2365150112}"
solo-story-ep1/q019-bb-j,2,42,"{""base_type"": 2, ""set_flags"": 0, ""runtime_index"": 1980, ""file_offset"": 4656, ""floor_field"": 2, ""entity_id_field"": 20005, ""group"": 0, ""room"": 10, ""unknown_a3"": 0, ""position"": [-30.408004760742188, 26.28238296508789, -207.50704956054688], ""angles"": [0, 0, 0], ""params"": [1.0, 1.0, 1.0, 0, 0, 0], ""unused_pointer"": 2365150112}"
solo-story-ep1/q020-bb-e,7,35,"{""base_type"": 2, ""set_flags"": 0, ""runtime_index"": 1899, ""file_offset"": 4180, ""floor_field"": 7, ""entity_id_field"": 18650, ""group"": 0, ""room"": 3, ""unknown_a3"": 0, ""position"": [0.0, 0.0, 39.99993896484375], ""angles"": [0, -43776, 0], ""params"": [1.0, 1.0, 1.0, 0, 0, 0], ""unused_pointer"": 2365216496}"
solo-story-ep1/q020-bb-j,7,35,"{""base_type"": 2, ""set_flags"": 0, ""runtime_index"": 1899, ""file_offset"": 4180, ""floor_field"": 7, ""entity_id_field"": 18650, ""group"": 0, ""room"": 3, ""unknown_a3"": 0, ""position"": [0.0, 0.0, 39.99993896484375], ""angles"": [0, -43776, 0], ""params"": [1.0, 1.0, 1.0, 0, 0, 0], ""unused_pointer"": 2365216496}"
solo-story-ep1/q021-bb-e,12,0,"{""base_type"": 2, ""set_flags"": 0, ""runtime_index"": 1717, ""file_offset"": 1800, ""floor_field"": 12, ""entity_id_field"": 18112, ""group"": 1, ""room"": 1, ""unknown_a3"": 0, ""position"": [55.4045524597168, 2.000000476837158, 57.55470275878906], ""angles"": [0, 0, 0], ""params"": [1.0, 1.0, 1.0, 0, 0, 1], ""unused_pointer"": 2365243456}"
solo-story-ep1/q021-bb-e,6,44,"{""base_type"": 2, ""set_flags"": 0, ""runtime_index"": 1561, ""file_offset"": 5828, ""floor_field"": 6, ""entity_id_field"": 18131, ""group"": 0, ""room"": 8, ""unknown_a3"": 0, ""position"": [0.0, 0.0, 40.0], ""angles"": [0, -43776, 0], ""params"": [1.0, 1.0, 1.0, 12, 0, 1], ""unused_pointer"": 2365229840}"
solo-story-ep1/q021-bb-e,7,35,"{""base_type"": 2, ""set_flags"": 0, ""runtime_index"": 1581, ""file_offset"": 16860, ""floor_field"": 7, ""entity_id_field"": 18166, ""group"": 0, ""room"": 3, ""unknown_a3"": 0, ""position"": [0.0, 0.0, 39.99993896484375], ""angles"": [0, -43776, 0], ""params"": [1.0, 1.0, 1.0, 0, 0, 0], ""unused_pointer"": 2365212768}"
solo-story-ep1/q021-bb-j,12,0,"{""base_type"": 2, ""set_flags"": 0, ""runtime_index"": 1717, ""file_offset"": 1800, ""floor_field"": 12, ""entity_id_field"": 18112, ""group"": 1, ""room"": 1, ""unknown_a3"": 0, ""position"": [55.4045524597168, 2.000000476837158, 57.55470275878906], ""angles"": [0, 0, 0], ""params"": [1.0, 1.0, 1.0, 0, 0, 1], ""unused_pointer"": 2365243456}"
solo-story-ep1/q021-bb-j,6,44,"{""base_type"": 2, ""set_flags"": 0, ""runtime_index"": 1561, ""file_offset"": 5828, ""floor_field"": 6, ""entity_id_field"": 18131, ""group"": 0, ""room"": 8, ""unknown_a3"": 0, ""position"": [0.0, 0.0, 40.0], ""angles"": [0, -43776, 0], ""params"": [1.0, 1.0, 1.0, 12, 0, 1], ""unused_pointer"": 2365229840}"
solo-story-ep1/q021-bb-j,7,35,"{""base_type"": 2, ""set_flags"": 0, ""runtime_index"": 1581, ""file_offset"": 16860, ""floor_field"": 7, ""entity_id_field"": 18166, ""group"": 0, ""room"": 3, ""unknown_a3"": 0, ""position"": [0.0, 0.0, 39.99993896484375], ""angles"": [0, -43776, 0], ""params"": [1.0, 1.0, 1.0, 0, 0, 0], ""unused_pointer"": 2365212768}"
solo-story-ep1/q022-bb-e,7,27,"{""base_type"": 2, ""set_flags"": 0, ""runtime_index"": 42503, ""file_offset"": 15620, ""floor_field"": 7, ""entity_id_field"": 43337, ""group"": 0, ""room"": 6, ""unknown_a3"": 0, ""position"": [0.0, 0.0, 40.0], ""angles"": [0, -43776, 0], ""params"": [1.0, 1.0, 1.0, 0, 0, 0], ""unused_pointer"": 1883370368}"
solo-story-ep1/q022-bb-e,1,75,"{""base_type"": 2, ""set_flags"": 512, ""runtime_index"": 29696, ""file_offset"": 34336, ""floor_field"": 1, ""entity_id_field"": 28224, ""group"": 0, ""room"": 16, ""unknown_a3"": 0, ""position"": [94.0750732421875, 4.69917106628418, 27.906158447265625], ""angles"": [0, 0, 0], ""params"": [1.0, 1.0, 1.0, 0, 0, 0], ""unused_pointer"": 1354626432}"
solo-story-ep1/q022-bb-j,7,27,"{""base_type"": 2, ""set_flags"": 0, ""runtime_index"": 42503, ""file_offset"": 15620, ""floor_field"": 7, ""entity_id_field"": 43337, ""group"": 0, ""room"": 6, ""unknown_a3"": 0, ""position"": [0.0, 0.0, 40.0], ""angles"": [0, -43776, 0], ""params"": [1.0, 1.0, 1.0, 0, 0, 0], ""unused_pointer"": 1883370368}"
solo-story-ep1/q022-bb-j,1,75,"{""base_type"": 2, ""set_flags"": 512, ""runtime_index"": 29696, ""file_offset"": 34336, ""floor_field"": 1, ""entity_id_field"": 28224, ""group"": 0, ""room"": 16, ""unknown_a3"": 0, ""position"": [94.0750732421875, 4.69917106628418, 27.906158447265625], ""angles"": [0, 0, 0], ""params"": [1.0, 1.0, 1.0, 0, 0, 0], ""unused_pointer"": 1354626432}"
solo-story-ep1/q026-bb-e,2,1,"{""base_type"": 2, ""set_flags"": 0, ""runtime_index"": 1961, ""file_offset"": 1868, ""floor_field"": 2, ""entity_id_field"": 18469, ""group"": 0, ""room"": 1, ""unknown_a3"": 0, ""position"": [-14.265228271484375, 50.10778045654297, -1.2596435546875], ""angles"": [0, -8192, 0], ""params"": [1.0, 1.0, 1.0, 0, 0, 0], ""unused_pointer"": 2365245024}"
solo-story-ep1/q026-bb-j,2,1,"{""base_type"": 2, ""set_flags"": 0, ""runtime_index"": 1961, ""file_offset"": 1868, ""floor_field"": 2, ""entity_id_field"": 18469, ""group"": 0, ""room"": 1, ""unknown_a3"": 0, ""position"": [-14.265228271484375, 50.10778045654297, -1.2596435546875], ""angles"": [0, -8192, 0], ""params"": [1.0, 1.0, 1.0, 0, 0, 0], ""unused_pointer"": 2365245024}"
solo-story-ep1/q027-bb-e,2,12,"{""base_type"": 2, ""set_flags"": 0, ""runtime_index"": 15880, ""file_offset"": 5404, ""floor_field"": 2, ""entity_id_field"": 35656, ""group"": 0, ""room"": 1, ""unknown_a3"": 0, ""position"": [-0.0001220703125, -2.0, -25.0], ""angles"": [0, 0, 0], ""params"": [1.0, 1.0, 1.0, 0, 0, 0], ""unused_pointer"": 2421222784}"
solo-story-ep1/q027-bb-e,2,19,"{""base_type"": 2, ""set_flags"": 512, ""runtime_index"": 22016, ""file_offset"": 5880, ""floor_field"": 2, ""entity_id_field"": 59720, ""group"": 0, ""room"": 4, ""unknown_a3"": 0, ""position"": [0.0, 0.0, -25.0], ""angles"": [0, 32768, 0], ""params"": [1.0, 1.0, 1.0, 4, 0, 1], ""unused_pointer"": 553184896}"
solo-story-ep1/q027-bb-e,4,19,"{""base_type"": 2, ""set_flags"": 0, ""runtime_index"": 37128, ""file_offset"": 16504, ""floor_field"": 4, ""entity_id_field"": 57928, ""group"": 0, ""room"": 3, ""unknown_a3"": 0, ""position"": [0.0, 3.499969482421875, -10.0], ""angles"": [0, -32768, 0], ""params"": [1.0, 1.0, 1.0, 2, 0, 0], ""unused_pointer"": 4042976896}"
solo-story-ep1/q027-bb-e,15,0,"{""base_type"": 2, ""set_flags"": 0, ""runtime_index"": 30217, ""file_offset"": 24952, ""floor_field"": 15, ""entity_id_field"": 30281, ""group"": 1, ""room"": 1, ""unknown_a3"": 0, ""position"": [-170.0, 2.0, -90.0], ""angles"": [0, 0, 0], ""params"": [1.0, 1.0, 1.0, 0, 0, 1], ""unused_pointer"": 2431906176}"
solo-story-ep1/q027-bb-j,2,12,"{""base_type"": 2, ""set_flags"": 0, ""runtime_index"": 15880, ""file_offset"": 5404, ""floor_field"": 2, ""entity_id_field"": 35656, ""group"": 0, ""room"": 1, ""unknown_a3"": 0, ""position"": [-0.0001220703125, -2.0, -25.0], ""angles"": [0, 0, 0], ""params"": [1.0, 1.0, 1.0, 0, 0, 0], ""unused_pointer"": 2421222784}"
solo-story-ep1/q027-bb-j,2,19,"{""base_type"": 2, ""set_flags"": 512, ""runtime_index"": 22016, ""file_offset"": 5880, ""floor_field"": 2, ""entity_id_field"": 59720, ""group"": 0, ""room"": 4, ""unknown_a3"": 0, ""position"": [0.0, 0.0, -25.0], ""angles"": [0, 32768, 0], ""params"": [1.0, 1.0, 1.0, 4, 0, 1], ""unused_pointer"": 553184896}"
solo-story-ep1/q027-bb-j,4,19,"{""base_type"": 2, ""set_flags"": 0, ""runtime_index"": 37128, ""file_offset"": 16504, ""floor_field"": 4, ""entity_id_field"": 57928, ""group"": 0, ""room"": 3, ""unknown_a3"": 0, ""position"": [0.0, 3.499969482421875, -10.0], ""angles"": [0, -32768, 0], ""params"": [1.0, 1.0, 1.0, 2, 0, 0], ""unused_pointer"": 4042976896}"
solo-story-ep1/q027-bb-j,15,0,"{""base_type"": 2, ""set_flags"": 0, ""runtime_index"": 30217, ""file_offset"": 24952, ""floor_field"": 15, ""entity_id_field"": 30281, ""group"": 1, ""room"": 1, ""unknown_a3"": 0, ""position"": [-170.0, 2.0, -90.0], ""angles"": [0, 0, 0], ""params"": [1.0, 1.0, 1.0, 0, 0, 1], ""unused_pointer"": 2431906176}"
team-ep4/q709-bb-e,1,7,"{""base_type"": 2, ""set_flags"": 0, ""runtime_index"": 1261, ""file_offset"": 2276, ""floor_field"": 1, ""entity_id_field"": 17844, ""group"": 0, ""room"": 10, ""unknown_a3"": 0, ""position"": [318.72515869140625, 0.06403446197509766, 197.35597229003906], ""angles"": [0, 0, 0], ""params"": [2.0, 1.0, 1.0, 0, 0, 0], ""unused_pointer"": 26382864}"
team-ep4/q709-bb-e,1,86,"{""base_type"": 2, ""set_flags"": 0, ""runtime_index"": 1263, ""file_offset"": 7648, ""floor_field"": 1, ""entity_id_field"": 17671, ""group"": 0, ""room"": 60, ""unknown_a3"": 0, ""position"": [-38.663818359375, 9.719999313354492, -670.6708984375], ""angles"": [0, 0, 0], ""params"": [1.0, 1.0, 1.0, 5, 0, 1], ""unused_pointer"": 35363408}"
team-ep4/q709-bb-e,5,1,"{""base_type"": 2, ""set_flags"": 0, ""runtime_index"": 1480, ""file_offset"": 9228, ""floor_field"": 5, ""entity_id_field"": 17944, ""group"": 0, ""room"": 40, ""unknown_a3"": 0, ""position"": [-516.489990234375, -51.000152587890625, -554.48779296875], ""angles"": [0, 0, 0], ""params"": [1.0, 1.0, 1.0, 8, 0, 1], ""unused_pointer"": 32127216}"
team-ep4/q709-bb-e,5,84,"{""base_type"": 2, ""set_flags"": 0, ""runtime_index"": 1253, ""file_offset"": 14872, ""floor_field"": 5, ""entity_id_field"": 17937, ""group"": 0, ""room"": 60, ""unknown_a3"": 0, ""position"": [-243.27330017089844, -51.019989013671875, 625.0499877929688], ""angles"": [0, 0, 0], ""params"": [1.0, 1.0, 1.0, 8, 0, 1], ""unused_pointer"": 32127216}"
team-ep4/q709-bb-e,5,96,"{""base_type"": 2, ""set_flags"": 0, ""runtime_index"": 1259, ""file_offset"": 15688, ""floor_field"": 5, ""entity_id_field"": 17919, ""group"": 0, ""room"": 60, ""unknown_a3"": 0, ""position"": [698.5611572265625, 39.86639404296875, -287.78857421875], ""angles"": [0, 0, 0], ""params"": [1.0, 1.0, 1.0, 1, 0, 0], ""unused_pointer"": 32156064}"
team-ep4/q709-bb-e,8,56,"{""base_type"": 2, ""set_flags"": 0, ""runtime_index"": 1257, ""file_offset"": 19988, ""floor_field"": 8, ""entity_id_field"": 18114, ""group"": 0, ""room"": 122, ""unknown_a3"": 0, ""position"": [0.0, 0.0, 0.0], ""angles"": [0, 16384, 0], ""params"": [1.0, 1.0, 1.0, 5, 0, 0], ""unused_pointer"": 32308992}"
team-ep4/q709-bb-e,9,0,"{""base_type"": 2, ""set_flags"": 0, ""runtime_index"": 1509, ""file_offset"": 20276, ""floor_field"": 9, ""entity_id_field"": 17868, ""group"": 1, ""room"": 10, ""unknown_a3"": 0, ""position"": [202.238037109375, -4.76837158203125e-07, 182.77593994140625], ""angles"": [0, 0, 0], ""params"": [1.0, 1.0, 1.0, 0, 0, 1], ""unused_pointer"": 73636096}"
team-ep4/q709-bb-j,1,7,"{""base_type"": 2, ""set_flags"": 0, ""runtime_index"": 1261, ""file_offset"": 2276, ""floor_field"": 1, ""entity_id_field"": 17844, ""group"": 0, ""room"": 10, ""unknown_a3"": 0, ""position"": [318.72515869140625, 0.06403446197509766, 197.35597229003906], ""angles"": [0, 0, 0], ""params"": [2.0, 1.0, 1.0, 0, 0, 0], ""unused_pointer"": 26382864}"
team-ep4/q709-bb-j,1,86,"{""base_type"": 2, ""set_flags"": 0, ""runtime_index"": 1263, ""file_offset"": 7648, ""floor_field"": 1, ""entity_id_field"": 17671, ""group"": 0, ""room"": 60, ""unknown_a3"": 0, ""position"": [-38.663818359375, 9.719999313354492, -670.6708984375], ""angles"": [0, 0, 0], ""params"": [1.0, 1.0, 1.0, 5, 0, 1], ""unused_pointer"": 35363408}"
team-ep4/q709-bb-j,5,1,"{""base_type"": 2, ""set_flags"": 0, ""runtime_index"": 1480, ""file_offset"": 9228, ""floor_field"": 5, ""entity_id_field"": 17944, ""group"": 0, ""room"": 40, ""unknown_a3"": 0, ""position"": [-516.489990234375, -51.000152587890625, -554.48779296875], ""angles"": [0, 0, 0], ""params"": [1.0, 1.0, 1.0, 8, 0, 1], ""unused_pointer"": 32127216}"
team-ep4/q709-bb-j,5,84,"{""base_type"": 2, ""set_flags"": 0, ""runtime_index"": 1253, ""file_offset"": 14872, ""floor_field"": 5, ""entity_id_field"": 17937, ""group"": 0, ""room"": 60, ""unknown_a3"": 0, ""position"": [-243.27330017089844, -51.019989013671875, 625.0499877929688], ""angles"": [0, 0, 0], ""params"": [1.0, 1.0, 1.0, 8, 0, 1], ""unused_pointer"": 32127216}"
team-ep4/q709-bb-j,5,96,"{""base_type"": 2, ""set_flags"": 0, ""runtime_index"": 1259, ""file_offset"": 15688, ""floor_field"": 5, ""entity_id_field"": 17919, ""group"": 0, ""room"": 60, ""unknown_a3"": 0, ""position"": [698.5611572265625, 39.86639404296875, -287.78857421875], ""angles"": [0, 0, 0], ""params"": [1.0, 1.0, 1.0, 1, 0, 0], ""unused_pointer"": 32156064}"
team-ep4/q709-bb-j,8,56,"{""base_type"": 2, ""set_flags"": 0, ""runtime_index"": 1257, ""file_offset"": 19988, ""floor_field"": 8, ""entity_id_field"": 18114, ""group"": 0, ""room"": 122, ""unknown_a3"": 0, ""position"": [0.0, 0.0, 0.0], ""angles"": [0, 16384, 0], ""params"": [1.0, 1.0, 1.0, 5, 0, 0], ""unused_pointer"": 32308992}"
team-ep4/q709-bb-j,9,0,"{""base_type"": 2, ""set_flags"": 0, ""runtime_index"": 1509, ""file_offset"": 20276, ""floor_field"": 9, ""entity_id_field"": 17868, ""group"": 1, ""room"": 10, ""unknown_a3"": 0, ""position"": [202.238037109375, -4.76837158203125e-07, 182.77593994140625], ""angles"": [0, 0, 0], ""params"": [1.0, 1.0, 1.0, 0, 0, 1], ""unused_pointer"": 73636096}"
team-ep4/q710-bb-e,3,58,"{""base_type"": 2, ""set_flags"": 0, ""runtime_index"": 84, ""file_offset"": 5744, ""floor_field"": 3, ""entity_id_field"": 16468, ""group"": 0, ""room"": 30, ""unknown_a3"": 0, ""position"": [152.4794921875, 0.0, -758.5704345703125], ""angles"": [0, 0, 0], ""params"": [1.0, 1.0, 1.0, 5, 0, 1], ""unused_pointer"": 47249808}"
team-ep4/q710-bb-e,5,8,"{""base_type"": 2, ""set_flags"": 0, ""runtime_index"": 183, ""file_offset"": 12492, ""floor_field"": 5, ""entity_id_field"": 16567, ""group"": 0, ""room"": 30, ""unknown_a3"": 0, ""position"": [412.52496337890625, -30.411956787109375, 31.16796875], ""angles"": [0, 0, 0], ""params"": [1.0, 1.0, 1.0, 0, 0, 1], ""unused_pointer"": 46047168}"
team-ep4/q710-bb-e,6,28,"{""base_type"": 2, ""set_flags"": 0, ""runtime_index"": 236, ""file_offset"": 16112, ""floor_field"": 6, ""entity_id_field"": 16620, ""group"": 0, ""room"": 63, ""unknown_a3"": 0, ""position"": [-2.510010004043579, 1.0, 0.4206539988517761], ""angles"": [0, 0, 0], ""params"": [1.0, 1.0, 1.0, 3, 0, 1], ""unused_pointer"": 46174384}"
team-ep4/q710-bb-e,7,29,"{""base_type"": 2, ""set_flags"": 0, ""runtime_index"": 327, ""file_offset"": 22316, ""floor_field"": 7, ""entity_id_field"": 16711, ""group"": 0, ""room"": 10, ""unknown_a3"": 0, ""position"": [-129.48199462890625, 0.0, -394.73504638671875], ""angles"": [0, 0, 0], ""params"": [1.0, 1.0, 1.0, 5, 0, 1], ""unused_pointer"": 46122352}"
team-ep4/q710-bb-e,8,3,"{""base_type"": 2, ""set_flags"": 0, ""runtime_index"": 437, ""file_offset"": 29812, ""floor_field"": 8, ""entity_id_field"": 16821, ""group"": 0, ""room"": 20, ""unknown_a3"": 0, ""position"": [227.6999969482422, 0.0, -7.671539783477783], ""angles"": [0, 0, 0], ""params"": [1.0, 1.0, 1.0, 3, 0, 1], ""unused_pointer"": 46043680}"
team-ep4/q710-bb-j,3,58,"{""base_type"": 2, ""set_flags"": 0, ""runtime_index"": 84, ""file_offset"": 5744, ""floor_field"": 3, ""entity_id_field"": 16468, ""group"": 0, ""room"": 30, ""unknown_a3"": 0, ""position"": [152.4794921875, 0.0, -758.5704345703125], ""angles"": [0, 0, 0], ""params"": [1.0, 1.0, 1.0, 5, 0, 1], ""unused_pointer"": 47249808}"
team-ep4/q710-bb-j,5,8,"{""base_type"": 2, ""set_flags"": 0, ""runtime_index"": 183, ""file_offset"": 12492, ""floor_field"": 5, ""entity_id_field"": 16567, ""group"": 0, ""room"": 30, ""unknown_a3"": 0, ""position"": [412.52496337890625, -30.411956787109375, 31.16796875], ""angles"": [0, 0, 0], ""params"": [1.0, 1.0, 1.0, 0, 0, 1], ""unused_pointer"": 46047168}"
team-ep4/q710-bb-j,6,28,"{""base_type"": 2, ""set_flags"": 0, ""runtime_index"": 236, ""file_offset"": 16112, ""floor_field"": 6, ""entity_id_field"": 16620, ""group"": 0, ""room"": 63, ""unknown_a3"": 0, ""position"": [-2.510010004043579, 1.0, 0.4206539988517761], ""angles"": [0, 0, 0], ""params"": [1.0, 1.0, 1.0, 3, 0, 1], ""unused_pointer"": 46174384}"
team-ep4/q710-bb-j,7,29,"{""base_type"": 2, ""set_flags"": 0, ""runtime_index"": 327, ""file_offset"": 22316, ""floor_field"": 7, ""entity_id_field"": 16711, ""group"": 0, ""room"": 10, ""unknown_a3"": 0, ""position"": [-129.48199462890625, 0.0, -394.73504638671875], ""angles"": [0, 0, 0], ""params"": [1.0, 1.0, 1.0, 5, 0, 1], ""unused_pointer"": 46122352}"
team-ep4/q710-bb-j,8,3,"{""base_type"": 2, ""set_flags"": 0, ""runtime_index"": 437, ""file_offset"": 29812, ""floor_field"": 8, ""entity_id_field"": 16821, ""group"": 0, ""room"": 20, ""unknown_a3"": 0, ""position"": [227.6999969482422, 0.0, -7.671539783477783], ""angles"": [0, 0, 0], ""params"": [1.0, 1.0, 1.0, 3, 0, 1], ""unused_pointer"": 46043680}"
tower-ep2/q75-bb-e,1,1,"{""base_type"": 2, ""set_flags"": 0, ""runtime_index"": 32000, ""file_offset"": 2888, ""floor_field"": 3, ""entity_id_field"": 18580, ""group"": 0, ""room"": 1, ""unknown_a3"": 0, ""position"": [0.0, -2.0, -30.0], ""angles"": [0, 32768, 0], ""params"": [1.0, 1.0, 1.0, 0, 0, 0], ""unused_pointer"": 77507328}"
tower-ep2/q75-bb-e,3,10,"{""base_type"": 2, ""set_flags"": 0, ""runtime_index"": 1943, ""file_offset"": 3788, ""floor_field"": 3, ""entity_id_field"": 18677, ""group"": 0, ""room"": 3, ""unknown_a3"": 0, ""position"": [0.320068359375, 3.499969482421875, -0.5899658203125], ""angles"": [0, 0, 0], ""params"": [1.0, 1.0, 1.0, 0, 0, 0], ""unused_pointer"": 77544096}"
tower-ep2/q75-bb-e,3,11,"{""base_type"": 2, ""set_flags"": 0, ""runtime_index"": 1944, ""file_offset"": 3856, ""floor_field"": 3, ""entity_id_field"": 18679, ""group"": 0, ""room"": 5, ""unknown_a3"": 0, ""position"": [0.7247314453125, 3.499969482421875, -0.43212890625], ""angles"": [0, -49152, 0], ""params"": [1.0, 1.0, 1.0, 0, 0, 0], ""unused_pointer"": 77544544}"
tower-ep2/q75-bb-e,14,0,"{""base_type"": 2, ""set_flags"": 0, ""runtime_index"": 2138, ""file_offset"": 13320, ""floor_field"": 14, ""entity_id_field"": 18560, ""group"": 1, ""room"": 1, ""unknown_a3"": 0, ""position"": [0.0, 12.0, 0.0], ""angles"": [0, 5376, 0], ""params"": [1.0, 1.0, 1.0, 3, 0, 1], ""unused_pointer"": 77504864}"
tower-ep2/q75-bb-e,15,0,"{""base_type"": 2, ""set_flags"": 0, ""runtime_index"": 2138, ""file_offset"": 15376, ""floor_field"": 15, ""entity_id_field"": 18560, ""group"": 1, ""room"": 1, ""unknown_a3"": 0, ""position"": [-170.0, 2.0, -90.0], ""angles"": [0, 0, 0], ""params"": [1.0, 1.0, 1.0, 9, 0, 1], ""unused_pointer"": 77500224}"
tower-ep2/q75-bb-j,1,1,"{""base_type"": 2, ""set_flags"": 0, ""runtime_index"": 32000, ""file_offset"": 2888, ""floor_field"": 3, ""entity_id_field"": 18580, ""group"": 0, ""room"": 1, ""unknown_a3"": 0, ""position"": [0.0, -2.0, -30.0], ""angles"": [0, 32768, 0], ""params"": [1.0, 1.0, 1.0, 0, 0, 0], ""unused_pointer"": 77507328}"
tower-ep2/q75-bb-j,3,10,"{""base_type"": 2, ""set_flags"": 0, ""runtime_index"": 1943, ""file_offset"": 3788, ""floor_field"": 3, ""entity_id_field"": 18677, ""group"": 0, ""room"": 3, ""unknown_a3"": 0, ""position"": [0.320068359375, 3.499969482421875, -0.5899658203125], ""angles"": [0, 0, 0], ""params"": [1.0, 1.0, 1.0, 0, 0, 0], ""unused_pointer"": 77544096}"
tower-ep2/q75-bb-j,3,11,"{""base_type"": 2, ""set_flags"": 0, ""runtime_index"": 1944, ""file_offset"": 3856, ""floor_field"": 3, ""entity_id_field"": 18679, ""group"": 0, ""room"": 5, ""unknown_a3"": 0, ""position"": [0.7247314453125, 3.499969482421875, -0.43212890625], ""angles"": [0, -49152, 0], ""params"": [1.0, 1.0, 1.0, 0, 0, 0], ""unused_pointer"": 77544544}"
tower-ep2/q75-bb-j,14,0,"{""base_type"": 2, ""set_flags"": 0, ""runtime_index"": 2138, ""file_offset"": 13320, ""floor_field"": 14, ""entity_id_field"": 18560, ""group"": 1, ""room"": 1, ""unknown_a3"": 0, ""position"": [0.0, 12.0, 0.0], ""angles"": [0, 5376, 0], ""params"": [1.0, 1.0, 1.0, 3, 0, 1], ""unused_pointer"": 77504864}"
tower-ep2/q75-bb-j,15,0,"{""base_type"": 2, ""set_flags"": 0, ""runtime_index"": 2138, ""file_offset"": 15376, ""floor_field"": 15, ""entity_id_field"": 18560, ""group"": 1, ""room"": 1, ""unknown_a3"": 0, ""position"": [-170.0, 2.0, -90.0], ""angles"": [0, 0, 0], ""params"": [1.0, 1.0, 1.0, 9, 0, 1], ""unused_pointer"": 77500224}"
vr-ep1/q65-bb-e,0,7,"{""base_type"": 2, ""set_flags"": 0, ""runtime_index"": 1958, ""file_offset"": 492, ""floor_field"": 0, ""entity_id_field"": 18359, ""group"": 0, ""room"": 10, ""unknown_a3"": 0, ""position"": [132.00314331054688, 1.0, -266.002197265625], ""angles"": [0, 16128, 0], ""params"": [1.0, 1.0, 1.0, 11, 0, 1], ""unused_pointer"": 2365250016}"
vr-ep1/q65-bb-e,11,17,"{""base_type"": 2, ""set_flags"": 0, ""runtime_index"": 1985, ""file_offset"": 4604, ""floor_field"": 11, ""entity_id_field"": 18399, ""group"": 1, ""room"": 1, ""unknown_a3"": 0, ""position"": [0.0, 0.0, 0.0], ""angles"": [0, 4096, 0], ""params"": [1.0, 1.0, 1.0, 12, 0, 1], ""unused_pointer"": 2365212736}"
vr-ep1/q65-bb-e,12,0,"{""base_type"": 2, ""set_flags"": 0, ""runtime_index"": 35335, ""file_offset"": 5028, ""floor_field"": 12, ""entity_id_field"": 40519, ""group"": 1, ""room"": 1, ""unknown_a3"": 0, ""position"": [55.39999771118164, 2.0, 57.55470275878906], ""angles"": [0, 0, 0], ""params"": [1.0, 1.0, 1.0, 13, 0, 1], ""unused_pointer"": 3761169024}"
vr-ep1/q65-bb-e,13,1,"{""base_type"": 2, ""set_flags"": 0, ""runtime_index"": 1546, ""file_offset"": 6200, ""floor_field"": 13, ""entity_id_field"": 18370, ""group"": 2, ""room"": 0, ""unknown_a3"": 0, ""position"": [41.469364166259766, 1.0, 5044.3427734375], ""angles"": [0, 0, 0], ""params"": [1.0, 1.0, 1.0, 0, 0, 1], ""unused_pointer"": 2365208240}"
vr-ep1/q65-bb-e,13,27,"{""base_type"": 2, ""set_flags"": 0, ""runtime_index"": 2033, ""file_offset"": 7968, ""floor_field"": 13, ""entity_id_field"": 18421, ""group"": 1, ""room"": 0, ""unknown_a3"": 0, ""position"": [10.673445701599121, 0.0, -4933.10888671875], ""angles"": [0, 0, 0], ""params"": [373.0, 1.0, 1.0, 10, 0, 1], ""unused_pointer"": 2365206608}"
vr-ep1/q65-bb-e,14,5,"{""base_type"": 2, ""set_flags"": 0, ""runtime_index"": 1770, ""file_offset"": 8392, ""floor_field"": 14, ""entity_id_field"": 18494, ""group"": 1, ""room"": 1, ""unknown_a3"": 0, ""position"": [-9.46013069152832, 0.0, 2.265357732772827], ""angles"": [0, 0, 0], ""params"": [1.0, 1.0, 1.0, 0, 0, 1], ""unused_pointer"": 2365212480}"
vr-ep1/q65-bb-e,14,16,"{""base_type"": 2, ""set_flags"": 0, ""runtime_index"": 1960, ""file_offset"": 9140, ""floor_field"": 14, ""entity_id_field"": 18511, ""group"": 1, ""room"": 1, ""unknown_a3"": 0, ""position"": [-9860.001953125, 5.0, 0.0], ""angles"": [0, 0, 0], ""params"": [1.0, 1.0, 1.0, 0, 0, 1], ""unused_pointer"": 2365253328}"
vr-ep1/q65-bb-e,14,17,"{""base_type"": 2, ""set_flags"": 0, ""runtime_index"": 1774, ""file_offset"": 9208, ""floor_field"": 14, ""entity_id_field"": 18513, ""group"": 1, ""room"": 2, ""unknown_a3"": 0, ""position"": [189.095703125, 0.0, 76.38676452636719], ""angles"": [0, 0, 0], ""params"": [1.0, 1.0, 1.0, 0, 0, 1], ""unused_pointer"": 2365212480}"
vr-ep1/q65-bb-e,14,34,"{""base_type"": 2, ""set_flags"": 0, ""runtime_index"": 1961, ""file_offset"": 10364, ""floor_field"": 14, ""entity_id_field"": 18533, ""group"": 1, ""room"": 2, ""unknown_a3"": 0, ""position"": [-19860.00390625, 5.000000953674316, 0.0], ""angles"": [0, 0, 0], ""params"": [1.0, 1.0, 1.0, 0, 0, 1], ""unused_pointer"": 2365257232}"
vr-ep1/q65-bb-j,0,7,"{""base_type"": 2, ""set_flags"": 0, ""runtime_index"": 1958, ""file_offset"": 492, ""floor_field"": 0, ""entity_id_field"": 18359, ""group"": 0, ""room"": 10, ""unknown_a3"": 0, ""position"": [132.00314331054688, 1.0, -266.002197265625], ""angles"": [0, 16128, 0], ""params"": [1.0, 1.0, 1.0, 11, 0, 1], ""unused_pointer"": 2365250016}"
vr-ep1/q65-bb-j,11,17,"{""base_type"": 2, ""set_flags"": 0, ""runtime_index"": 1985, ""file_offset"": 4604, ""floor_field"": 11, ""entity_id_field"": 18399, ""group"": 1, ""room"": 1, ""unknown_a3"": 0, ""position"": [0.0, 0.0, 0.0], ""angles"": [0, 4096, 0], ""params"": [1.0, 1.0, 1.0, 12, 0, 1], ""unused_pointer"": 2365212736}"
vr-ep1/q65-bb-j,12,0,"{""base_type"": 2, ""set_flags"": 0, ""runtime_index"": 35335, ""file_offset"": 5028, ""floor_field"": 12, ""entity_id_field"": 40519, ""group"": 1, ""room"": 1, ""unknown_a3"": 0, ""position"": [55.39999771118164, 2.0, 57.55470275878906], ""angles"": [0, 0, 0], ""params"": [1.0, 1.0, 1.0, 13, 0, 1], ""unused_pointer"": 3761169024}"
vr-ep1/q65-bb-j,13,1,"{""base_type"": 2, ""set_flags"": 0, ""runtime_index"": 1546, ""file_offset"": 6200, ""floor_field"": 13, ""entity_id_field"": 18370, ""group"": 2, ""room"": 0, ""unknown_a3"": 0, ""position"": [41.469364166259766, 1.0, 5044.3427734375], ""angles"": [0, 0, 0], ""params"": [1.0, 1.0, 1.0, 0, 0, 1], ""unused_pointer"": 2365208240}"
vr-ep1/q65-bb-j,13,27,"{""base_type"": 2, ""set_flags"": 0, ""runtime_index"": 2033, ""file_offset"": 7968, ""floor_field"": 13, ""entity_id_field"": 18421, ""group"": 1, ""room"": 0, ""unknown_a3"": 0, ""position"": [10.673445701599121, 0.0, -4933.10888671875], ""angles"": [0, 0, 0], ""params"": [373.0, 1.0, 1.0, 10, 0, 1], ""unused_pointer"": 2365206608}"
vr-ep1/q65-bb-j,14,5,"{""base_type"": 2, ""set_flags"": 0, ""runtime_index"": 1770, ""file_offset"": 8392, ""floor_field"": 14, ""entity_id_field"": 18494, ""group"": 1, ""room"": 1, ""unknown_a3"": 0, ""position"": [-9.46013069152832, 0.0, 2.265357732772827], ""angles"": [0, 0, 0], ""params"": [1.0, 1.0, 1.0, 0, 0, 1], ""unused_pointer"": 2365212480}"
vr-ep1/q65-bb-j,14,16,"{""base_type"": 2, ""set_flags"": 0, ""runtime_index"": 1960, ""file_offset"": 9140, ""floor_field"": 14, ""entity_id_field"": 18511, ""group"": 1, ""room"": 1, ""unknown_a3"": 0, ""position"": [-9860.001953125, 5.0, 0.0], ""angles"": [0, 0, 0], ""params"": [1.0, 1.0, 1.0, 0, 0, 1], ""unused_pointer"": 2365253328}"
vr-ep1/q65-bb-j,14,17,"{""base_type"": 2, ""set_flags"": 0, ""runtime_index"": 1774, ""file_offset"": 9208, ""floor_field"": 14, ""entity_id_field"": 18513, ""group"": 1, ""room"": 2, ""unknown_a3"": 0, ""position"": [189.095703125, 0.0, 76.38676452636719], ""angles"": [0, 0, 0], ""params"": [1.0, 1.0, 1.0, 0, 0, 1], ""unused_pointer"": 2365212480}"
vr-ep1/q65-bb-j,14,34,"{""base_type"": 2, ""set_flags"": 0, ""runtime_index"": 1961, ""file_offset"": 10364, ""floor_field"": 14, ""entity_id_field"": 18533, ""group"": 1, ""room"": 2, ""unknown_a3"": 0, ""position"": [-19860.00390625, 5.000000953674316, 0.0], ""angles"": [0, 0, 0], ""params"": [1.0, 1.0, 1.0, 0, 0, 1], ""unused_pointer"": 2365257232}"
vr-ep1/q72-bb-e,6,25,"{""base_type"": 2, ""set_flags"": 2, ""runtime_index"": 709, ""file_offset"": 3500, ""floor_field"": 6, ""entity_id_field"": 18685, ""group"": 0, ""room"": 1, ""unknown_a3"": 0, ""position"": [0.0, 0.0, 40.0], ""angles"": [0, -43776, 0], ""params"": [1.0, 1.0, 1.0, 0, 0, 0], ""unused_pointer"": 2365154160}"
vr-ep1/q72-bb-e,6,41,"{""base_type"": 2, ""set_flags"": 2, ""runtime_index"": 714, ""file_offset"": 4588, ""floor_field"": 6, ""entity_id_field"": 17098, ""group"": 0, ""room"": 6, ""unknown_a3"": 0, ""position"": [0.0, 0.0, 39.999969482421875], ""angles"": [0, -43776, 0], ""params"": [1.0, 1.0, 1.0, 7, 0, 1], ""unused_pointer"": 2365211056}"
vr-ep1/q72-bb-e,7,18,"{""base_type"": 2, ""set_flags"": 2, ""runtime_index"": 871, ""file_offset"": 16980, ""floor_field"": 7, ""entity_id_field"": 65535, ""group"": 0, ""room"": 1, ""unknown_a3"": 0, ""position"": [0.0, 0.0, 39.99993896484375], ""angles"": [0, -43776, 0], ""params"": [1.0, 1.0, 1.0, 6, 0, 0], ""unused_pointer"": 2365225200}"
vr-ep1/q72-bb-e,7,38,"{""base_type"": 2, ""set_flags"": 0, ""runtime_index"": 1962, ""file_offset"": 18340, ""floor_field"": 7, ""entity_id_field"": 18534, ""group"": 0, ""room"": 21, ""unknown_a3"": 0, ""position"": [70.0, 0.0, -70.0], ""angles"": [0, 2816, 0], ""params"": [1.0, 1.0, 1.0, 0, 0, 1], ""unused_pointer"": 2365274688}"
vr-ep1/q72-bb-j,6,25,"{""base_type"": 2, ""set_flags"": 2, ""runtime_index"": 709, ""file_offset"": 3500, ""floor_field"": 6, ""entity_id_field"": 18685, ""group"": 0, ""room"": 1, ""unknown_a3"": 0, ""position"": [0.0, 0.0, 40.0], ""angles"": [0, -43776, 0], ""params"": [1.0, 1.0, 1.0, 0, 0, 0], ""unused_pointer"": 2365154160}"
vr-ep1/q72-bb-j,6,41,"{""base_type"": 2, ""set_flags"": 2, ""runtime_index"": 714, ""file_offset"": 4588, ""floor_field"": 6, ""entity_id_field"": 17098, ""group"": 0, ""room"": 6, ""unknown_a3"": 0, ""position"": [0.0, 0.0, 39.999969482421875], ""angles"": [0, -43776, 0], ""params"": [1.0, 1.0, 1.0, 7, 0, 1], ""unused_pointer"": 2365211056}"
vr-ep1/q72-bb-j,7,18,"{""base_type"": 2, ""set_flags"": 2, ""runtime_index"": 871, ""file_offset"": 16980, ""floor_field"": 7, ""entity_id_field"": 65535, ""group"": 0, ""room"": 1, ""unknown_a3"": 0, ""position"": [0.0, 0.0, 39.99993896484375], ""angles"": [0, -43776, 0], ""params"": [1.0, 1.0, 1.0, 6, 0, 0], ""unused_pointer"": 2365225200}"
vr-ep1/q72-bb-j,7,38,"{""base_type"": 2, ""set_flags"": 0, ""runtime_index"": 1962, ""file_offset"": 18340, ""floor_field"": 7, ""entity_id_field"": 18534, ""group"": 0, ""room"": 21, ""unknown_a3"": 0, ""position"": [70.0, 0.0, -70.0], ""angles"": [0, 2816, 0], ""params"": [1.0, 1.0, 1.0, 0, 0, 1], ""unused_pointer"": 2365274688}"
vr-ep1/q78-bb-e,1,42,"{""base_type"": 2, ""set_flags"": 0, ""runtime_index"": 1119, ""file_offset"": 4656, ""floor_field"": 1, ""entity_id_field"": 65535, ""group"": 0, ""room"": 8, ""unknown_a3"": 0, ""position"": [0.03507201746106148, 24.987899780273438, -103.34925842285156], ""angles"": [0, 9728, 0], ""params"": [1.000000238418579, 1.0000001192092896, 1.000000238418579, 2, 0, 1], ""unused_pointer"": 2365219664}"
vr-ep1/q78-bb-e,1,72,"{""base_type"": 2, ""set_flags"": 2, ""runtime_index"": 90, ""file_offset"": 6696, ""floor_field"": 1, ""entity_id_field"": 65535, ""group"": 0, ""room"": 16, ""unknown_a3"": 0, ""position"": [94.0750732421875, 4.69917106628418, 27.906158447265625], ""angles"": [0, 0, 0], ""params"": [1.0, 1.0, 1.0, 0, 0, 0], ""unused_pointer"": 2365316864}"
vr-ep1/q78-bb-e,2,0,"{""base_type"": 2, ""set_flags"": 2, ""runtime_index"": 126, ""file_offset"": 10180, ""floor_field"": 2, ""entity_id_field"": 18646, ""group"": 0, ""room"": 1, ""unknown_a3"": 0, ""position"": [-105.65203857421875, 76.0923843383789, -107.3563232421875], ""angles"": [0, 0, 0], ""params"": [1.0, 1.0, 1.0, 1, 0, 0], ""unused_pointer"": 2365163856}"
vr-ep1/q78-bb-e,2,57,"{""base_type"": 2, ""set_flags"": 0, ""runtime_index"": 1959, ""file_offset"": 14056, ""floor_field"": 2, ""entity_id_field"": 18705, ""group"": 0, ""room"": 4, ""unknown_a3"": 0, ""position"": [-193.54351806640625, 56.00138473510742, -67.2916259765625], ""angles"": [0, 43264, 0], ""params"": [1.0, 1.0, 1.0, 0, 0, 1], ""unused_pointer"": 2365189344}"
vr-ep1/q78-bb-j,1,42,"{""base_type"": 2, ""set_flags"": 0, ""runtime_index"": 1119, ""file_offset"": 4656, ""floor_field"": 1, ""entity_id_field"": 65535, ""group"": 0, ""room"": 8, ""unknown_a3"": 0, ""position"": [0.03507201746106148, 24.987899780273438, -103.34925842285156], ""angles"": [0, 9728, 0], ""params"": [1.000000238418579, 1.0000001192092896, 1.000000238418579, 2, 0, 1], ""unused_pointer"": 2365219664}"
vr-ep1/q78-bb-j,1,72,"{""base_type"": 2, ""set_flags"": 2, ""runtime_index"": 90, ""file_offset"": 6696, ""floor_field"": 1, ""entity_id_field"": 65535, ""group"": 0, ""room"": 16, ""unknown_a3"": 0, ""position"": [94.0750732421875, 4.69917106628418, 27.906158447265625], ""angles"": [0, 0, 0], ""params"": [1.0, 1.0, 1.0, 0, 0, 0], ""unused_pointer"": 2365316864}"
vr-ep1/q78-bb-j,2,0,"{""base_type"": 2, ""set_flags"": 2, ""runtime_index"": 126, ""file_offset"": 10180, ""floor_field"": 2, ""entity_id_field"": 18646, ""group"": 0, ""room"": 1, ""unknown_a3"": 0, ""position"": [-105.65203857421875, 76.0923843383789, -107.3563232421875], ""angles"": [0, 0, 0], ""params"": [1.0, 1.0, 1.0, 1, 0, 0], ""unused_pointer"": 2365163856}"
vr-ep1/q78-bb-j,2,57,"{""base_type"": 2, ""set_flags"": 0, ""runtime_index"": 1959, ""file_offset"": 14056, ""floor_field"": 2, ""entity_id_field"": 18705, ""group"": 0, ""room"": 4, ""unknown_a3"": 0, ""position"": [-193.54351806640625, 56.00138473510742, -67.2916259765625], ""angles"": [0, 43264, 0], ""params"": [1.0, 1.0, 1.0, 0, 0, 1], ""unused_pointer"": 2365189344}"
vr-ep1/q81-bb-e,2,15,"{""base_type"": 2, ""set_flags"": 0, ""runtime_index"": 1414, ""file_offset"": 1036, ""floor_field"": 2, ""entity_id_field"": 18163, ""group"": 0, ""room"": 12, ""unknown_a3"": 0, ""position"": [-160.00457763671875, 58.40423583984375, -10.004135131835938], ""angles"": [0, 12288, 0], ""params"": [1.0, 1.0, 1.0, 0, 0, 0], ""unused_pointer"": 2365248176}"
vr-ep1/q81-bb-e,5,6,"{""base_type"": 2, ""set_flags"": 0, ""runtime_index"": 1562, ""file_offset"": 2412, ""floor_field"": 5, ""entity_id_field"": 18010, ""group"": 0, ""room"": 10, ""unknown_a3"": 0, ""position"": [-45.0, 0.0, 12.0], ""angles"": [0, 28672, 0], ""params"": [1.0, 1.0, 1.0, 2, 0, 0], ""unused_pointer"": 2365269024}"
vr-ep1/q81-bb-e,7,17,"{""base_type"": 2, ""set_flags"": 0, ""runtime_index"": 1399, ""file_offset"": 6032, ""floor_field"": 7, ""entity_id_field"": 17844, ""group"": 0, ""room"": 2, ""unknown_a3"": 0, ""position"": [-40.00045394897461, 0.0, 35.00375747680664], ""angles"": [0, 5121, 0], ""params"": [1.0, 1.0, 1.0, 5, 0, 0], ""unused_pointer"": 2365247168}"
vr-ep1/q81-bb-e,11,17,"{""base_type"": 2, ""set_flags"": 0, ""runtime_index"": 1985, ""file_offset"": 11232, ""floor_field"": 11, ""entity_id_field"": 18399, ""group"": 1, ""room"": 1, ""unknown_a3"": 0, ""position"": [150.0000762939453, 0.0, -150.0000762939453], ""angles"": [0, 4096, 0], ""params"": [1.0, 1.0, 1.0, 5, 0, 1], ""unused_pointer"": 2365212736}"
vr-ep1/q81-bb-e,12,0,"{""base_type"": 2, ""set_flags"": 0, ""runtime_index"": 35335, ""file_offset"": 11656, ""floor_field"": 12, ""entity_id_field"": 40519, ""group"": 1, ""room"": 1, ""unknown_a3"": 0, ""position"": [55.39999771118164, 2.0, 57.55470275878906], ""angles"": [0, 0, 0], ""params"": [1.0, 1.0, 1.0, 7, 0, 1], ""unused_pointer"": 3761169024}"
vr-ep1/q81-bb-e,13,0,"{""base_type"": 2, ""set_flags"": 0, ""runtime_index"": 2035, ""file_offset"": 12760, ""floor_field"": 13, ""entity_id_field"": 18368, ""group"": 2, ""room"": 0, ""unknown_a3"": 0, ""position"": [-0.7690349817276001, 0.0, -4925.94091796875], ""angles"": [0, 0, 0], ""params"": [1.0, 1.0, 1.0, 10, 0, 1], ""unused_pointer"": 2365206960}"
vr-ep1/q81-bb-e,13,1,"{""base_type"": 2, ""set_flags"": 0, ""runtime_index"": 1546, ""file_offset"": 12828, ""floor_field"": 13, ""entity_id_field"": 18370, ""group"": 2, ""room"": 0, ""unknown_a3"": 0, ""position"": [41.469364166259766, 1.0, 5044.3427734375], ""angles"": [0, 0, 0], ""params"": [1.0, 1.0, 1.0, 10, 0, 1], ""unused_pointer"": 2365208240}"
vr-ep1/q81-bb-e,13,28,"{""base_type"": 2, ""set_flags"": 0, ""runtime_index"": 1960, ""file_offset"": 14664, ""floor_field"": 13, ""entity_id_field"": 18565, ""group"": 1, ""room"": 0, ""unknown_a3"": 0, ""position"": [0.0, 0.0, -4920.0], ""angles"": [0, 0, 0], ""params"": [1.0, 1.0, 1.0, 14, 0, 1], ""unused_pointer"": 2365279760}"
vr-ep1/q81-bb-e,14,5,"{""base_type"": 2, ""set_flags"": 0, ""runtime_index"": 1770, ""file_offset"": 15156, ""floor_field"": 14, ""entity_id_field"": 18494, ""group"": 1, ""room"": 1, ""unknown_a3"": 0, ""position"": [-9.46013069152832, 0.0, 2.265357732772827], ""angles"": [0, 0, 0], ""params"": [1.0, 1.0, 1.0, 0, 0, 1], ""unused_pointer"": 2365212480}"
vr-ep1/q81-bb-e,14,16,"{""base_type"": 2, ""set_flags"": 0, ""runtime_index"": 1960, ""file_offset"": 15904, ""floor_field"": 14, ""entity_id_field"": 18511, ""group"": 1, ""room"": 1, ""unknown_a3"": 0, ""position"": [-9860.001953125, 5.0, 0.0], ""angles"": [0, 0, 0], ""params"": [1.0, 1.0, 1.0, 0, 0, 1], ""unused_pointer"": 2365253328}"
vr-ep1/q81-bb-e,14,17,"{""base_type"": 2, ""set_flags"": 0, ""runtime_index"": 1774, ""file_offset"": 15972, ""floor_field"": 14, ""entity_id_field"": 18513, ""group"": 1, ""room"": 2, ""unknown_a3"": 0, ""position"": [189.095703125, 0.0, 76.38676452636719], ""angles"": [0, 0, 0], ""params"": [1.0, 1.0, 1.0, 0, 0, 1], ""unused_pointer"": 2365212480}"
vr-ep1/q81-bb-e,14,34,"{""base_type"": 2, ""set_flags"": 0, ""runtime_index"": 1961, ""file_offset"": 17128, ""floor_field"": 14, ""entity_id_field"": 18533, ""group"": 1, ""room"": 2, ""unknown_a3"": 0, ""position"": [-19860.00390625, 5.000000953674316, 0.0], ""angles"": [0, 0, 0], ""params"": [1.0, 1.0, 1.0, 0, 0, 1], ""unused_pointer"": 2365257232}"
vr-ep1/q81-bb-e,0,8,"{""base_type"": 2, ""set_flags"": 0, ""runtime_index"": 1958, ""file_offset"": 17756, ""floor_field"": 0, ""entity_id_field"": 18359, ""group"": 0, ""room"": 10, ""unknown_a3"": 0, ""position"": [132.00314331054688, 1.0, -266.002197265625], ""angles"": [0, 16128, 0], ""params"": [1.0, 1.0, 1.0, 2, 0, 0], ""unused_pointer"": 2365250016}"
vr-ep1/q81-bb-j,2,15,"{""base_type"": 2, ""set_flags"": 0, ""runtime_index"": 1414, ""file_offset"": 1036, ""floor_field"": 2, ""entity_id_field"": 18163, ""group"": 0, ""room"": 12, ""unknown_a3"": 0, ""position"": [-160.00457763671875, 58.40423583984375, -10.004135131835938], ""angles"": [0, 12288, 0], ""params"": [1.0, 1.0, 1.0, 0, 0, 0], ""unused_pointer"": 2365248176}"
vr-ep1/q81-bb-j,5,6,"{""base_type"": 2, ""set_flags"": 0, ""runtime_index"": 1562, ""file_offset"": 2412, ""floor_field"": 5, ""entity_id_field"": 18010, ""group"": 0, ""room"": 10, ""unknown_a3"": 0, ""position"": [-45.0, 0.0, 12.0], ""angles"": [0, 28672, 0], ""params"": [1.0, 1.0, 1.0, 2, 0, 0], ""unused_pointer"": 2365269024}"
vr-ep1/q81-bb-j,7,17,"{""base_type"": 2, ""set_flags"": 0, ""runtime_index"": 1399, ""file_offset"": 6032, ""floor_field"": 7, ""entity_id_field"": 17844, ""group"": 0, ""room"": 2, ""unknown_a3"": 0, ""position"": [-40.00045394897461, 0.0, 35.00375747680664], ""angles"": [0, 5121, 0], ""params"": [1.0, 1.0, 1.0, 5, 0, 0], ""unused_pointer"": 2365247168}"
vr-ep1/q81-bb-j,11,17,"{""base_type"": 2, ""set_flags"": 0, ""runtime_index"": 1985, ""file_offset"": 11232, ""floor_field"": 11, ""entity_id_field"": 18399, ""group"": 1, ""room"": 1, ""unknown_a3"": 0, ""position"": [150.0000762939453, 0.0, -150.0000762939453], ""angles"": [0, 4096, 0], ""params"": [1.0, 1.0, 1.0, 5, 0, 1], ""unused_pointer"": 2365212736}"
vr-ep1/q81-bb-j,12,0,"{""base_type"": 2, ""set_flags"": 0, ""runtime_index"": 35335, ""file_offset"": 11656, ""floor_field"": 12, ""entity_id_field"": 40519, ""group"": 1, ""room"": 1, ""unknown_a3"": 0, ""position"": [55.39999771118164, 2.0, 57.55470275878906], ""angles"": [0, 0, 0], ""params"": [1.0, 1.0, 1.0, 7, 0, 1], ""unused_pointer"": 3761169024}"
vr-ep1/q81-bb-j,13,0,"{""base_type"": 2, ""set_flags"": 0, ""runtime_index"": 2035, ""file_offset"": 12760, ""floor_field"": 13, ""entity_id_field"": 18368, ""group"": 2, ""room"": 0, ""unknown_a3"": 0, ""position"": [-0.7690349817276001, 0.0, -4925.94091796875], ""angles"": [0, 0, 0], ""params"": [1.0, 1.0, 1.0, 10, 0, 1], ""unused_pointer"": 2365206960}"
vr-ep1/q81-bb-j,13,1,"{""base_type"": 2, ""set_flags"": 0, ""runtime_index"": 1546, ""file_offset"": 12828, ""floor_field"": 13, ""entity_id_field"": 18370, ""group"": 2, ""room"": 0, ""unknown_a3"": 0, ""position"": [41.469364166259766, 1.0, 5044.3427734375], ""angles"": [0, 0, 0], ""params"": [1.0, 1.0, 1.0, 10, 0, 1], ""unused_pointer"": 2365208240}"
vr-ep1/q81-bb-j,13,28,"{""base_type"": 2, ""set_flags"": 0, ""runtime_index"": 1960, ""file_offset"": 14664, ""floor_field"": 13, ""entity_id_field"": 18565, ""group"": 1, ""room"": 0, ""unknown_a3"": 0, ""position"": [0.0, 0.0, -4920.0], ""angles"": [0, 0, 0], ""params"": [1.0, 1.0, 1.0, 14, 0, 1], ""unused_pointer"": 2365279760}"
vr-ep1/q81-bb-j,14,5,"{""base_type"": 2, ""set_flags"": 0, ""runtime_index"": 1770, ""file_offset"": 15156, ""floor_field"": 14, ""entity_id_field"": 18494, ""group"": 1, ""room"": 1, ""unknown_a3"": 0, ""position"": [-9.46013069152832, 0.0, 2.265357732772827], ""angles"": [0, 0, 0], ""params"": [1.0, 1.0, 1.0, 0, 0, 1], ""unused_pointer"": 2365212480}"
vr-ep1/q81-bb-j,14,16,"{""base_type"": 2, ""set_flags"": 0, ""runtime_index"": 1960, ""file_offset"": 15904, ""floor_field"": 14, ""entity_id_field"": 18511, ""group"": 1, ""room"": 1, ""unknown_a3"": 0, ""position"": [-9860.001953125, 5.0, 0.0], ""angles"": [0, 0, 0], ""params"": [1.0, 1.0, 1.0, 0, 0, 1], ""unused_pointer"": 2365253328}"
vr-ep1/q81-bb-j,14,17,"{""base_type"": 2, ""set_flags"": 0, ""runtime_index"": 1774, ""file_offset"": 15972, ""floor_field"": 14, ""entity_id_field"": 18513, ""group"": 1, ""room"": 2, ""unknown_a3"": 0, ""position"": [189.095703125, 0.0, 76.38676452636719], ""angles"": [0, 0, 0], ""params"": [1.0, 1.0, 1.0, 0, 0, 1], ""unused_pointer"": 2365212480}"
vr-ep1/q81-bb-j,14,34,"{""base_type"": 2, ""set_flags"": 0, ""runtime_index"": 1961, ""file_offset"": 17128, ""floor_field"": 14, ""entity_id_field"": 18533, ""group"": 1, ""room"": 2, ""unknown_a3"": 0, ""position"": [-19860.00390625, 5.000000953674316, 0.0], ""angles"": [0, 0, 0], ""params"": [1.0, 1.0, 1.0, 0, 0, 1], ""unused_pointer"": 2365257232}"
vr-ep1/q81-bb-j,0,8,"{""base_type"": 2, ""set_flags"": 0, ""runtime_index"": 1958, ""file_offset"": 17756, ""floor_field"": 0, ""entity_id_field"": 18359, ""group"": 0, ""room"": 10, ""unknown_a3"": 0, ""position"": [132.00314331054688, 1.0, -266.002197265625], ""angles"": [0, 16128, 0], ""params"": [1.0, 1.0, 1.0, 2, 0, 0], ""unused_pointer"": 2365250016}"
vr-ep1/q85-bb-e,14,5,"{""base_type"": 2, ""set_flags"": 0, ""runtime_index"": 0, ""file_offset"": 27400, ""floor_field"": 0, ""entity_id_field"": 0, ""group"": 1, ""room"": 0, ""unknown_a3"": 0, ""position"": [20.091299057006836, 5.0, -220.6728973388672], ""angles"": [0, 0, 0], ""params"": [0.0, 1.0, 0.0, 0, 0, 1], ""unused_pointer"": 0}"
vr-ep1/q85-bb-e,14,6,"{""base_type"": 2, ""set_flags"": 0, ""runtime_index"": 0, ""file_offset"": 27468, ""floor_field"": 0, ""entity_id_field"": 0, ""group"": 1, ""room"": 1, ""unknown_a3"": 0, ""position"": [-8.0, 0.0, 2.0], ""angles"": [0, 0, 0], ""params"": [1.0, 1.0, 1.0, 9, 0, 1], ""unused_pointer"": 0}"
vr-ep1/q85-bb-e,14,23,"{""base_type"": 2, ""set_flags"": 0, ""runtime_index"": 0, ""file_offset"": 28624, ""floor_field"": 0, ""entity_id_field"": 0, ""group"": 1, ""room"": 2, ""unknown_a3"": 0, ""position"": [189.0, 0.0, 76.0], ""angles"": [0, 0, 0], ""params"": [1.0, 1.0, 1.0, 9, 0, 1], ""unused_pointer"": 0}"
vr-ep1/q85-bb-j,14,5,"{""base_type"": 2, ""set_flags"": 0, ""runtime_index"": 0, ""file_offset"": 27400, ""floor_field"": 0, ""entity_id_field"": 0, ""group"": 1, ""room"": 0, ""unknown_a3"": 0, ""position"": [20.091299057006836, 5.0, -220.6728973388672], ""angles"": [0, 0, 0], ""params"": [0.0, 1.0, 0.0, 0, 0, 1], ""unused_pointer"": 0}"
vr-ep1/q85-bb-j,14,6,"{""base_type"": 2, ""set_flags"": 0, ""runtime_index"": 0, ""file_offset"": 27468, ""floor_field"": 0, ""entity_id_field"": 0, ""group"": 1, ""room"": 1, ""unknown_a3"": 0, ""position"": [-8.0, 0.0, 2.0], ""angles"": [0, 0, 0], ""params"": [1.0, 1.0, 1.0, 9, 0, 1], ""unused_pointer"": 0}"
vr-ep1/q85-bb-j,14,23,"{""base_type"": 2, ""set_flags"": 0, ""runtime_index"": 0, ""file_offset"": 28624, ""floor_field"": 0, ""entity_id_field"": 0, ""group"": 1, ""room"": 2, ""unknown_a3"": 0, ""position"": [189.0, 0.0, 76.0], ""angles"": [0, 0, 0], ""params"": [1.0, 1.0, 1.0, 9, 0, 1], ""unused_pointer"": 0}"
vr-ep1/q90-bb-e,7,0,"{""base_type"": 2, ""set_flags"": 0, ""runtime_index"": 1717, ""file_offset"": 14068, ""floor_field"": 12, ""entity_id_field"": 51015, ""group"": 1, ""room"": 1, ""unknown_a3"": 0, ""position"": [55.4045524597168, 2.000000476837158, 57.55470275878906], ""angles"": [0, 0, 0], ""params"": [1.0, 1.0, 1.0, 0, 0, 1], ""unused_pointer"": 3232948352}"
vr-ep1/q90-bb-j,7,0,"{""base_type"": 2, ""set_flags"": 0, ""runtime_index"": 1717, ""file_offset"": 14068, ""floor_field"": 12, ""entity_id_field"": 51015, ""group"": 1, ""room"": 1, ""unknown_a3"": 0, ""position"": [55.4045524597168, 2.000000476837158, 57.55470275878906], ""angles"": [0, 0, 0], ""params"": [1.0, 1.0, 1.0, 0, 0, 1], ""unused_pointer"": 3232948352}"
vr-ep1/q94-bb-e,0,8,"{""base_type"": 2, ""set_flags"": 0, ""runtime_index"": 1958, ""file_offset"": 560, ""floor_field"": 0, ""entity_id_field"": 18359, ""group"": 0, ""room"": 10, ""unknown_a3"": 0, ""position"": [132.00314331054688, 1.0, -266.002197265625], ""angles"": [0, 16128, 0], ""params"": [1.0, 1.0, 1.0, 2, 0, 0], ""unused_pointer"": 2365250016}"
vr-ep1/q94-bb-e,2,15,"{""base_type"": 2, ""set_flags"": 0, ""runtime_index"": 1414, ""file_offset"": 2820, ""floor_field"": 2, ""entity_id_field"": 18163, ""group"": 0, ""room"": 12, ""unknown_a3"": 0, ""position"": [-160.00457763671875, 58.0, -10.004135131835938], ""angles"": [0, 12288, 0], ""params"": [1.0, 1.0, 1.0, 0, 0, 0], ""unused_pointer"": 2365248176}"
vr-ep1/q94-bb-e,5,6,"{""base_type"": 2, ""set_flags"": 0, ""runtime_index"": 1562, ""file_offset"": 4196, ""floor_field"": 5, ""entity_id_field"": 18010, ""group"": 0, ""room"": 10, ""unknown_a3"": 0, ""position"": [-45.0, 0.0, 12.0], ""angles"": [0, 28672, 0], ""params"": [1.0, 1.0, 1.0, 2, 0, 0], ""unused_pointer"": 2365269024}"
vr-ep1/q94-bb-e,7,17,"{""base_type"": 2, ""set_flags"": 0, ""runtime_index"": 1399, ""file_offset"": 7816, ""floor_field"": 7, ""entity_id_field"": 17844, ""group"": 0, ""room"": 2, ""unknown_a3"": 0, ""position"": [-40.00045394897461, 0.0, 35.00375747680664], ""angles"": [0, 5121, 0], ""params"": [1.0, 1.0, 1.0, 5, 0, 0], ""unused_pointer"": 2365247168}"
vr-ep1/q94-bb-e,11,17,"{""base_type"": 2, ""set_flags"": 0, ""runtime_index"": 1985, ""file_offset"": 13764, ""floor_field"": 11, ""entity_id_field"": 18399, ""group"": 1, ""room"": 1, ""unknown_a3"": 0, ""position"": [150.0000762939453, 0.0, -150.0000762939453], ""angles"": [0, 4096, 0], ""params"": [1.0, 1.0, 1.0, 5, 0, 1], ""unused_pointer"": 2365212736}"
vr-ep1/q94-bb-e,12,0,"{""base_type"": 2, ""set_flags"": 0, ""runtime_index"": 1964, ""file_offset"": 14188, ""floor_field"": 12, ""entity_id_field"": 18181, ""group"": 1, ""room"": 1, ""unknown_a3"": 0, ""position"": [55.000022888183594, 1.5, 65.00003051757812], ""angles"": [0, 0, 0], ""params"": [1.0, 1.0, 1.0, 7, 0, 1], ""unused_pointer"": 2365264560}"
vr-ep1/q94-bb-e,13,0,"{""base_type"": 2, ""set_flags"": 0, ""runtime_index"": 2035, ""file_offset"": 15632, ""floor_field"": 13, ""entity_id_field"": 18368, ""group"": 2, ""room"": 0, ""unknown_a3"": 0, ""position"": [-0.7690349817276001, 0.0, -4925.94091796875], ""angles"": [0, 0, 0], ""params"": [1.0, 1.0, 1.0, 10, 0, 1], ""unused_pointer"": 2365206960}"
vr-ep1/q94-bb-e,13,1,"{""base_type"": 2, ""set_flags"": 0, ""runtime_index"": 1546, ""file_offset"": 15700, ""floor_field"": 13, ""entity_id_field"": 18370, ""group"": 2, ""room"": 0, ""unknown_a3"": 0, ""position"": [41.469364166259766, 1.0, 5044.3427734375], ""angles"": [0, 0, 0], ""params"": [1.0, 1.0, 1.0, 10, 0, 1], ""unused_pointer"": 2365208240}"
vr-ep1/q94-bb-e,13,28,"{""base_type"": 2, ""set_flags"": 0, ""runtime_index"": 1960, ""file_offset"": 17536, ""floor_field"": 13, ""entity_id_field"": 18565, ""group"": 1, ""room"": 0, ""unknown_a3"": 0, ""position"": [0.0, 0.0, -4920.0], ""angles"": [0, 0, 0], ""params"": [1.0, 1.0, 1.0, 14, 0, 1], ""unused_pointer"": 2365279760}"
vr-ep1/q94-bb-e,14,5,"{""base_type"": 2, ""set_flags"": 0, ""runtime_index"": 1770, ""file_offset"": 18028, ""floor_field"": 14, ""entity_id_field"": 18494, ""group"": 1, ""room"": 1, ""unknown_a3"": 0, ""position"": [-9.46013069152832, 0.0, 2.265357732772827], ""angles"": [0, 0, 0], ""params"": [1.0, 1.0, 1.0, 0, 0, 1], ""unused_pointer"": 2365212480}"
vr-ep1/q94-bb-e,14,16,"{""base_type"": 2, ""set_flags"": 0, ""runtime_index"": 1960, ""file_offset"": 18776, ""floor_field"": 14, ""entity_id_field"": 18511, ""group"": 1, ""room"": 1, ""unknown_a3"": 0, ""position"": [-9860.001953125, 5.0, 0.0], ""angles"": [0, 0, 0], ""params"": [1.0, 1.0, 1.0, 0, 0, 1], ""unused_pointer"": 2365253328}"
vr-ep1/q94-bb-e,14,17,"{""base_type"": 2, ""set_flags"": 0, ""runtime_index"": 1774, ""file_offset"": 18844, ""floor_field"": 14, ""entity_id_field"": 18513, ""group"": 1, ""room"": 2, ""unknown_a3"": 0, ""position"": [189.095703125, 0.0, 76.38676452636719], ""angles"": [0, 0, 0], ""params"": [1.0, 1.0, 1.0, 0, 0, 1], ""unused_pointer"": 2365212480}"
vr-ep1/q94-bb-e,14,34,"{""base_type"": 2, ""set_flags"": 0, ""runtime_index"": 1961, ""file_offset"": 20000, ""floor_field"": 14, ""entity_id_field"": 18533, ""group"": 1, ""room"": 2, ""unknown_a3"": 0, ""position"": [-19860.00390625, 5.000000953674316, 0.0], ""angles"": [0, 0, 0], ""params"": [1.0, 1.0, 1.0, 0, 0, 1], ""unused_pointer"": 2365257232}"
vr-ep1/q94-bb-j,0,8,"{""base_type"": 2, ""set_flags"": 0, ""runtime_index"": 1958, ""file_offset"": 560, ""floor_field"": 0, ""entity_id_field"": 18359, ""group"": 0, ""room"": 10, ""unknown_a3"": 0, ""position"": [132.00314331054688, 1.0, -266.002197265625], ""angles"": [0, 16128, 0], ""params"": [1.0, 1.0, 1.0, 2, 0, 0], ""unused_pointer"": 2365250016}"
vr-ep1/q94-bb-j,2,15,"{""base_type"": 2, ""set_flags"": 0, ""runtime_index"": 1414, ""file_offset"": 2820, ""floor_field"": 2, ""entity_id_field"": 18163, ""group"": 0, ""room"": 12, ""unknown_a3"": 0, ""position"": [-160.00457763671875, 58.0, -10.004135131835938], ""angles"": [0, 12288, 0], ""params"": [1.0, 1.0, 1.0, 0, 0, 0], ""unused_pointer"": 2365248176}"
vr-ep1/q94-bb-j,5,6,"{""base_type"": 2, ""set_flags"": 0, ""runtime_index"": 1562, ""file_offset"": 4196, ""floor_field"": 5, ""entity_id_field"": 18010, ""group"": 0, ""room"": 10, ""unknown_a3"": 0, ""position"": [-45.0, 0.0, 12.0], ""angles"": [0, 28672, 0], ""params"": [1.0, 1.0, 1.0, 2, 0, 0], ""unused_pointer"": 2365269024}"
vr-ep1/q94-bb-j,7,17,"{""base_type"": 2, ""set_flags"": 0, ""runtime_index"": 1399, ""file_offset"": 7816, ""floor_field"": 7, ""entity_id_field"": 17844, ""group"": 0, ""room"": 2, ""unknown_a3"": 0, ""position"": [-40.00045394897461, 0.0, 35.00375747680664], ""angles"": [0, 5121, 0], ""params"": [1.0, 1.0, 1.0, 5, 0, 0], ""unused_pointer"": 2365247168}"
vr-ep1/q94-bb-j,11,17,"{""base_type"": 2, ""set_flags"": 0, ""runtime_index"": 1985, ""file_offset"": 13764, ""floor_field"": 11, ""entity_id_field"": 18399, ""group"": 1, ""room"": 1, ""unknown_a3"": 0, ""position"": [150.0000762939453, 0.0, -150.0000762939453], ""angles"": [0, 4096, 0], ""params"": [1.0, 1.0, 1.0, 5, 0, 1], ""unused_pointer"": 2365212736}"
vr-ep1/q94-bb-j,12,0,"{""base_type"": 2, ""set_flags"": 0, ""runtime_index"": 1964, ""file_offset"": 14188, ""floor_field"": 12, ""entity_id_field"": 18181, ""group"": 1, ""room"": 1, ""unknown_a3"": 0, ""position"": [55.000022888183594, 1.5, 65.00003051757812], ""angles"": [0, 0, 0], ""params"": [1.0, 1.0, 1.0, 7, 0, 1], ""unused_pointer"": 2365264560}"
vr-ep1/q94-bb-j,13,0,"{""base_type"": 2, ""set_flags"": 0, ""runtime_index"": 2035, ""file_offset"": 15632, ""floor_field"": 13, ""entity_id_field"": 18368, ""group"": 2, ""room"": 0, ""unknown_a3"": 0, ""position"": [-0.7690349817276001, 0.0, -4925.94091796875], ""angles"": [0, 0, 0], ""params"": [1.0, 1.0, 1.0, 10, 0, 1], ""unused_pointer"": 2365206960}"
vr-ep1/q94-bb-j,13,1,"{""base_type"": 2, ""set_flags"": 0, ""runtime_index"": 1546, ""file_offset"": 15700, ""floor_field"": 13, ""entity_id_field"": 18370, ""group"": 2, ""room"": 0, ""unknown_a3"": 0, ""position"": [41.469364166259766, 1.0, 5044.3427734375], ""angles"": [0, 0, 0], ""params"": [1.0, 1.0, 1.0, 10, 0, 1], ""unused_pointer"": 2365208240}"
vr-ep1/q94-bb-j,13,28,"{""base_type"": 2, ""set_flags"": 0, ""runtime_index"": 1960, ""file_offset"": 17536, ""floor_field"": 13, ""entity_id_field"": 18565, ""group"": 1, ""room"": 0, ""unknown_a3"": 0, ""position"": [0.0, 0.0, -4920.0], ""angles"": [0, 0, 0], ""params"": [1.0, 1.0, 1.0, 14, 0, 1], ""unused_pointer"": 2365279760}"
vr-ep1/q94-bb-j,14,5,"{""base_type"": 2, ""set_flags"": 0, ""runtime_index"": 1770, ""file_offset"": 18028, ""floor_field"": 14, ""entity_id_field"": 18494, ""group"": 1, ""room"": 1, ""unknown_a3"": 0, ""position"": [-9.46013069152832, 0.0, 2.265357732772827], ""angles"": [0, 0, 0], ""params"": [1.0, 1.0, 1.0, 0, 0, 1], ""unused_pointer"": 2365212480}"
vr-ep1/q94-bb-j,14,16,"{""base_type"": 2, ""set_flags"": 0, ""runtime_index"": 1960, ""file_offset"": 18776, ""floor_field"": 14, ""entity_id_field"": 18511, ""group"": 1, ""room"": 1, ""unknown_a3"": 0, ""position"": [-9860.001953125, 5.0, 0.0], ""angles"": [0, 0, 0], ""params"": [1.0, 1.0, 1.0, 0, 0, 1], ""unused_pointer"": 2365253328}"
vr-ep1/q94-bb-j,14,17,"{""base_type"": 2, ""set_flags"": 0, ""runtime_index"": 1774, ""file_offset"": 18844, ""floor_field"": 14, ""entity_id_field"": 18513, ""group"": 1, ""room"": 2, ""unknown_a3"": 0, ""position"": [189.095703125, 0.0, 76.38676452636719], ""angles"": [0, 0, 0], ""params"": [1.0, 1.0, 1.0, 0, 0, 1], ""unused_pointer"": 2365212480}"
vr-ep1/q94-bb-j,14,34,"{""base_type"": 2, ""set_flags"": 0, ""runtime_index"": 1961, ""file_offset"": 20000, ""floor_field"": 14, ""entity_id_field"": 18533, ""group"": 1, ""room"": 2, ""unknown_a3"": 0, ""position"": [-19860.00390625, 5.000000953674316, 0.0], ""angles"": [0, 0, 0], ""params"": [1.0, 1.0, 1.0, 0, 0, 1], ""unused_pointer"": 2365257232}"
vr-ep1/q114-bb-e,0,25,"{""base_type"": 2, ""set_flags"": 0, ""runtime_index"": 0, ""file_offset"": 1716, ""floor_field"": 0, ""entity_id_field"": 0, ""group"": 0, ""room"": 40, ""unknown_a3"": 0, ""position"": [153.96600341796875, 1.0, 213.8572998046875], ""angles"": [0, 16130, 0], ""params"": [1.0, 1.0, 1.0, 2, 0, 0], ""unused_pointer"": 0}"
vr-ep1/q114-bb-e,2,0,"{""base_type"": 2, ""set_flags"": 2, ""runtime_index"": 126, ""file_offset"": 1800, ""floor_field"": 2, ""entity_id_field"": 18354, ""group"": 0, ""room"": 1, ""unknown_a3"": 0, ""position"": [-105.65203857421875, 76.0, -107.3563232421875], ""angles"": [0, 0, 0], ""params"": [1.0, 1.0, 1.0, 0, 0, 0], ""unused_pointer"": 2365205312}"
vr-ep1/q114-bb-e,11,0,"{""base_type"": 2, ""set_flags"": 0, ""runtime_index"": 1717, ""file_offset"": 9500, ""floor_field"": 11, ""entity_id_field"": 18123, ""group"": 1, ""room"": 1, ""unknown_a3"": 0, ""position"": [-237.16607666015625, 0.0, -42.48076248168945], ""angles"": [0, 32768, 0], ""params"": [120.00006103515625, 1.0, 1.0, 0, 0, 1], ""unused_pointer"": 2365208528}"
vr-ep1/q114-bb-j,0,25,"{""base_type"": 2, ""set_flags"": 0, ""runtime_index"": 0, ""file_offset"": 1716, ""floor_field"": 0, ""entity_id_field"": 0, ""group"": 0, ""room"": 40, ""unknown_a3"": 0, ""position"": [153.96600341796875, 1.0, 213.8572998046875], ""angles"": [0, 16130, 0], ""params"": [1.0, 1.0, 1.0, 2, 0, 0], ""unused_pointer"": 0}"
vr-ep1/q114-bb-j,2,0,"{""base_type"": 2, ""set_flags"": 2, ""runtime_index"": 126, ""file_offset"": 1800, ""floor_field"": 2, ""entity_id_field"": 18354, ""group"": 0, ""room"": 1, ""unknown_a3"": 0, ""position"": [-105.65203857421875, 76.0, -107.3563232421875], ""angles"": [0, 0, 0], ""params"": [1.0, 1.0, 1.0, 0, 0, 0], ""unused_pointer"": 2365205312}"
vr-ep1/q114-bb-j,11,0,"{""base_type"": 2, ""set_flags"": 0, ""runtime_index"": 1717, ""file_offset"": 9500, ""floor_field"": 11, ""entity_id_field"": 18123, ""group"": 1, ""room"": 1, ""unknown_a3"": 0, ""position"": [-237.16607666015625, 0.0, -42.48076248168945], ""angles"": [0, 32768, 0], ""params"": [120.00006103515625, 1.0, 1.0, 0, 0, 1], ""unused_pointer"": 2365208528}"
vr-ep1/q118-bb-e,2,15,"{""base_type"": 2, ""set_flags"": 0, ""runtime_index"": 1414, ""file_offset"": 1036, ""floor_field"": 2, ""entity_id_field"": 18163, ""group"": 0, ""room"": 12, ""unknown_a3"": 0, ""position"": [-160.00457763671875, 58.40423583984375, -10.004135131835938], ""angles"": [0, 12288, 0], ""params"": [1.0, 1.0, 1.0, 0, 0, 0], ""unused_pointer"": 2365248176}"
vr-ep1/q118-bb-e,5,6,"{""base_type"": 2, ""set_flags"": 0, ""runtime_index"": 1562, ""file_offset"": 2412, ""floor_field"": 5, ""entity_id_field"": 18010, ""group"": 0, ""room"": 10, ""unknown_a3"": 0, ""position"": [-45.0, 0.0, 12.0], ""angles"": [0, 28672, 0], ""params"": [1.0, 1.0, 1.0, 2, 0, 0], ""unused_pointer"": 2365269024}"
vr-ep1/q118-bb-e,7,17,"{""base_type"": 2, ""set_flags"": 0, ""runtime_index"": 1399, ""file_offset"": 6032, ""floor_field"": 7, ""entity_id_field"": 17844, ""group"": 0, ""room"": 2, ""unknown_a3"": 0, ""position"": [-40.00045394897461, 0.0, 35.00375747680664], ""angles"": [0, 5121, 0], ""params"": [1.0, 1.0, 1.0, 5, 0, 0], ""unused_pointer"": 2365247168}"
vr-ep1/q118-bb-e,11,17,"{""base_type"": 2, ""set_flags"": 0, ""runtime_index"": 1985, ""file_offset"": 11232, ""floor_field"": 11, ""entity_id_field"": 18399, ""group"": 1, ""room"": 1, ""unknown_a3"": 0, ""position"": [150.0000762939453, 0.0, -150.0000762939453], ""angles"": [0, 4096, 0], ""params"": [1.0, 1.0, 1.0, 5, 0, 1], ""unused_pointer"": 2365212736}"
vr-ep1/q118-bb-e,12,0,"{""base_type"": 2, ""set_flags"": 0, ""runtime_index"": 35335, ""file_offset"": 11656, ""floor_field"": 12, ""entity_id_field"": 40519, ""group"": 1, ""room"": 1, ""unknown_a3"": 0, ""position"": [55.39999771118164, 2.0, 57.55470275878906], ""angles"": [0, 0, 0], ""params"": [1.0, 1.0, 1.0, 7, 0, 1], ""unused_pointer"": 3761169024}"
vr-ep1/q118-bb-e,13,1,"{""base_type"": 2, ""set_flags"": 0, ""runtime_index"": 1546, ""file_offset"": 12828, ""floor_field"": 13, ""entity_id_field"": 18370, ""group"": 2, ""room"": 0, ""unknown_a3"": 0, ""position"": [41.469364166259766, 1.0, 5044.3427734375], ""angles"": [0, 0, 0], ""params"": [1.0, 1.0, 1.0, 0, 0, 1], ""unused_pointer"": 2365208240}"
vr-ep1/q118-bb-e,13,28,"{""base_type"": 2, ""set_flags"": 0, ""runtime_index"": 1960, ""file_offset"": 14664, ""floor_field"": 13, ""entity_id_field"": 18565, ""group"": 1, ""room"": 0, ""unknown_a3"": 0, ""position"": [0.0, 0.0, -4920.0], ""angles"": [0, 0, 0], ""params"": [1.0, 1.0, 1.0, 10, 0, 1], ""unused_pointer"": 2365279760}"
vr-ep1/q118-bb-e,14,5,"{""base_type"": 2, ""set_flags"": 0, ""runtime_index"": 1770, ""file_offset"": 15156, ""floor_field"": 14, ""entity_id_field"": 18494, ""group"": 1, ""room"": 1, ""unknown_a3"": 0, ""position"": [-9.46013069152832, 0.0, 2.265357732772827], ""angles"": [0, 0, 0], ""params"": [1.0, 1.0, 1.0, 0, 0, 1], ""unused_pointer"": 2365212480}"
vr-ep1/q118-bb-e,14,16,"{""base_type"": 2, ""set_flags"": 0, ""runtime_index"": 1960, ""file_offset"": 15904, ""floor_field"": 14, ""entity_id_field"": 18511, ""group"": 1, ""room"": 1, ""unknown_a3"": 0, ""position"": [-9860.001953125, 5.0, 0.0], ""angles"": [0, 0, 0], ""params"": [1.0, 1.0, 1.0, 0, 0, 1], ""unused_pointer"": 2365253328}"
vr-ep1/q118-bb-e,14,17,"{""base_type"": 2, ""set_flags"": 0, ""runtime_index"": 1774, ""file_offset"": 15972, ""floor_field"": 14, ""entity_id_field"": 18513, ""group"": 1, ""room"": 2, ""unknown_a3"": 0, ""position"": [189.095703125, 0.0, 76.38676452636719], ""angles"": [0, 0, 0], ""params"": [1.0, 1.0, 1.0, 0, 0, 1], ""unused_pointer"": 2365212480}"
vr-ep1/q118-bb-e,14,34,"{""base_type"": 2, ""set_flags"": 0, ""runtime_index"": 1961, ""file_offset"": 17128, ""floor_field"": 14, ""entity_id_field"": 18533, ""group"": 1, ""room"": 2, ""unknown_a3"": 0, ""position"": [-19860.00390625, 5.000000953674316, 0.0], ""angles"": [0, 0, 0], ""params"": [1.0, 1.0, 1.0, 0, 0, 1], ""unused_pointer"": 2365257232}"
vr-ep1/q118-bb-e,0,8,"{""base_type"": 2, ""set_flags"": 0, ""runtime_index"": 1958, ""file_offset"": 17756, ""floor_field"": 0, ""entity_id_field"": 18359, ""group"": 0, ""room"": 10, ""unknown_a3"": 0, ""position"": [132.00314331054688, 1.0, -266.002197265625], ""angles"": [0, 16128, 0], ""params"": [1.0, 1.0, 1.0, 2, 0, 0], ""unused_pointer"": 2365250016}"
vr-ep1/q118-bb-j,2,15,"{""base_type"": 2, ""set_flags"": 0, ""runtime_index"": 1414, ""file_offset"": 1036, ""floor_field"": 2, ""entity_id_field"": 18163, ""group"": 0, ""room"": 12, ""unknown_a3"": 0, ""position"": [-160.00457763671875, 58.40423583984375, -10.004135131835938], ""angles"": [0, 12288, 0], ""params"": [1.0, 1.0, 1.0, 0, 0, 0], ""unused_pointer"": 2365248176}"
vr-ep1/q118-bb-j,5,6,"{""base_type"": 2, ""set_flags"": 0, ""runtime_index"": 1562, ""file_offset"": 2412, ""floor_field"": 5, ""entity_id_field"": 18010, ""group"": 0, ""room"": 10, ""unknown_a3"": 0, ""position"": [-45.0, 0.0, 12.0], ""angles"": [0, 28672, 0], ""params"": [1.0, 1.0, 1.0, 2, 0, 0], ""unused_pointer"": 2365269024}"
vr-ep1/q118-bb-j,7,17,"{""base_type"": 2, ""set_flags"": 0, ""runtime_index"": 1399, ""file_offset"": 6032, ""floor_field"": 7, ""entity_id_field"": 17844, ""group"": 0, ""room"": 2, ""unknown_a3"": 0, ""position"": [-40.00045394897461, 0.0, 35.00375747680664], ""angles"": [0, 5121, 0], ""params"": [1.0, 1.0, 1.0, 5, 0, 0], ""unused_pointer"": 2365247168}"
vr-ep1/q118-bb-j,11,17,"{""base_type"": 2, ""set_flags"": 0, ""runtime_index"": 1985, ""file_offset"": 11232, ""floor_field"": 11, ""entity_id_field"": 18399, ""group"": 1, ""room"": 1, ""unknown_a3"": 0, ""position"": [150.0000762939453, 0.0, -150.0000762939453], ""angles"": [0, 4096, 0], ""params"": [1.0, 1.0, 1.0, 5, 0, 1], ""unused_pointer"": 2365212736}"
vr-ep1/q118-bb-j,12,0,"{""base_type"": 2, ""set_flags"": 0, ""runtime_index"": 35335, ""file_offset"": 11656, ""floor_field"": 12, ""entity_id_field"": 40519, ""group"": 1, ""room"": 1, ""unknown_a3"": 0, ""position"": [55.39999771118164, 2.0, 57.55470275878906], ""angles"": [0, 0, 0], ""params"": [1.0, 1.0, 1.0, 7, 0, 1], ""unused_pointer"": 3761169024}"
vr-ep1/q118-bb-j,13,1,"{""base_type"": 2, ""set_flags"": 0, ""runtime_index"": 1546, ""file_offset"": 12828, ""floor_field"": 13, ""entity_id_field"": 18370, ""group"": 2, ""room"": 0, ""unknown_a3"": 0, ""position"": [41.469364166259766, 1.0, 5044.3427734375], ""angles"": [0, 0, 0], ""params"": [1.0, 1.0, 1.0, 0, 0, 1], ""unused_pointer"": 2365208240}"
vr-ep1/q118-bb-j,13,28,"{""base_type"": 2, ""set_flags"": 0, ""runtime_index"": 1960, ""file_offset"": 14664, ""floor_field"": 13, ""entity_id_field"": 18565, ""group"": 1, ""room"": 0, ""unknown_a3"": 0, ""position"": [0.0, 0.0, -4920.0], ""angles"": [0, 0, 0], ""params"": [1.0, 1.0, 1.0, 10, 0, 1], ""unused_pointer"": 2365279760}"
vr-ep1/q118-bb-j,14,5,"{""base_type"": 2, ""set_flags"": 0, ""runtime_index"": 1770, ""file_offset"": 15156, ""floor_field"": 14, ""entity_id_field"": 18494, ""group"": 1, ""room"": 1, ""unknown_a3"": 0, ""position"": [-9.46013069152832, 0.0, 2.265357732772827], ""angles"": [0, 0, 0], ""params"": [1.0, 1.0, 1.0, 0, 0, 1], ""unused_pointer"": 2365212480}"
vr-ep1/q118-bb-j,14,16,"{""base_type"": 2, ""set_flags"": 0, ""runtime_index"": 1960, ""file_offset"": 15904, ""floor_field"": 14, ""entity_id_field"": 18511, ""group"": 1, ""room"": 1, ""unknown_a3"": 0, ""position"": [-9860.001953125, 5.0, 0.0], ""angles"": [0, 0, 0], ""params"": [1.0, 1.0, 1.0, 0, 0, 1], ""unused_pointer"": 2365253328}"
vr-ep1/q118-bb-j,14,17,"{""base_type"": 2, ""set_flags"": 0, ""runtime_index"": 1774, ""file_offset"": 15972, ""floor_field"": 14, ""entity_id_field"": 18513, ""group"": 1, ""room"": 2, ""unknown_a3"": 0, ""position"": [189.095703125, 0.0, 76.38676452636719], ""angles"": [0, 0, 0], ""params"": [1.0, 1.0, 1.0, 0, 0, 1], ""unused_pointer"": 2365212480}"
vr-ep1/q118-bb-j,14,34,"{""base_type"": 2, ""set_flags"": 0, ""runtime_index"": 1961, ""file_offset"": 17128, ""floor_field"": 14, ""entity_id_field"": 18533, ""group"": 1, ""room"": 2, ""unknown_a3"": 0, ""position"": [-19860.00390625, 5.000000953674316, 0.0], ""angles"": [0, 0, 0], ""params"": [1.0, 1.0, 1.0, 0, 0, 1], ""unused_pointer"": 2365257232}"
vr-ep1/q118-bb-j,0,8,"{""base_type"": 2, ""set_flags"": 0, ""runtime_index"": 1958, ""file_offset"": 17756, ""floor_field"": 0, ""entity_id_field"": 18359, ""group"": 0, ""room"": 10, ""unknown_a3"": 0, ""position"": [132.00314331054688, 1.0, -266.002197265625], ""angles"": [0, 16128, 0], ""params"": [1.0, 1.0, 1.0, 2, 0, 0], ""unused_pointer"": 2365250016}"
vr-ep1/q136-bb-e,0,8,"{""base_type"": 2, ""set_flags"": 0, ""runtime_index"": 1958, ""file_offset"": 560, ""floor_field"": 0, ""entity_id_field"": 18359, ""group"": 0, ""room"": 10, ""unknown_a3"": 0, ""position"": [132.00314331054688, 1.0, -266.002197265625], ""angles"": [0, 16128, 0], ""params"": [1.0, 1.0, 1.0, 2, 0, 0], ""unused_pointer"": 2365250016}"
vr-ep1/q136-bb-e,2,15,"{""base_type"": 2, ""set_flags"": 0, ""runtime_index"": 1414, ""file_offset"": 2820, ""floor_field"": 2, ""entity_id_field"": 18163, ""group"": 0, ""room"": 12, ""unknown_a3"": 0, ""position"": [-160.00457763671875, 58.40423583984375, -10.004135131835938], ""angles"": [0, 12288, 0], ""params"": [1.0, 1.0, 1.0, 0, 0, 0], ""unused_pointer"": 2365248176}"
vr-ep1/q136-bb-e,5,6,"{""base_type"": 2, ""set_flags"": 0, ""runtime_index"": 1562, ""file_offset"": 4196, ""floor_field"": 5, ""entity_id_field"": 18010, ""group"": 0, ""room"": 10, ""unknown_a3"": 0, ""position"": [-45.0, 0.0, 12.0], ""angles"": [0, 28672, 0], ""params"": [1.0, 1.0, 1.0, 2, 0, 0], ""unused_pointer"": 2365269024}"
vr-ep1/q136-bb-e,7,17,"{""base_type"": 2, ""set_flags"": 0, ""runtime_index"": 1399, ""file_offset"": 7816, ""floor_field"": 7, ""entity_id_field"": 17844, ""group"": 0, ""room"": 2, ""unknown_a3"": 0, ""position"": [-40.00045394897461, 0.0, 35.00375747680664], ""angles"": [0, 5121, 0], ""params"": [1.0, 1.0, 1.0, 5, 0, 0], ""unused_pointer"": 2365247168}"
vr-ep1/q136-bb-e,11,17,"{""base_type"": 2, ""set_flags"": 0, ""runtime_index"": 1985, ""file_offset"": 13016, ""floor_field"": 11, ""entity_id_field"": 18399, ""group"": 1, ""room"": 1, ""unknown_a3"": 0, ""position"": [150.0000762939453, 0.0, -150.0000762939453], ""angles"": [0, 4096, 0], ""params"": [1.0, 1.0, 1.0, 5, 0, 1], ""unused_pointer"": 2365212736}"
vr-ep1/q136-bb-e,12,0,"{""base_type"": 2, ""set_flags"": 0, ""runtime_index"": 35335, ""file_offset"": 13440, ""floor_field"": 12, ""entity_id_field"": 40519, ""group"": 1, ""room"": 1, ""unknown_a3"": 0, ""position"": [55.39999771118164, 2.0, 57.55470275878906], ""angles"": [0, 0, 0], ""params"": [1.0, 1.0, 1.0, 7, 0, 1], ""unused_pointer"": 3761169024}"
vr-ep1/q136-bb-e,13,0,"{""base_type"": 2, ""set_flags"": 0, ""runtime_index"": 2035, ""file_offset"": 14544, ""floor_field"": 13, ""entity_id_field"": 18368, ""group"": 2, ""room"": 0, ""unknown_a3"": 0, ""position"": [-0.7690349817276001, 0.0, -4925.94091796875], ""angles"": [0, 0, 0], ""params"": [1.0, 1.0, 1.0, 10, 0, 1], ""unused_pointer"": 2365206960}"
vr-ep1/q136-bb-e,13,1,"{""base_type"": 2, ""set_flags"": 0, ""runtime_index"": 1546, ""file_offset"": 14612, ""floor_field"": 13, ""entity_id_field"": 18370, ""group"": 2, ""room"": 0, ""unknown_a3"": 0, ""position"": [41.469364166259766, 1.0, 5044.3427734375], ""angles"": [0, 0, 0], ""params"": [1.0, 1.0, 1.0, 10, 0, 1], ""unused_pointer"": 2365208240}"
vr-ep1/q136-bb-e,13,28,"{""base_type"": 2, ""set_flags"": 0, ""runtime_index"": 1960, ""file_offset"": 16448, ""floor_field"": 13, ""entity_id_field"": 18565, ""group"": 1, ""room"": 0, ""unknown_a3"": 0, ""position"": [0.0, 0.0, -4920.0], ""angles"": [0, 0, 0], ""params"": [1.0, 1.0, 1.0, 14, 0, 1], ""unused_pointer"": 2365279760}"
vr-ep1/q136-bb-e,14,5,"{""base_type"": 2, ""set_flags"": 0, ""runtime_index"": 1770, ""file_offset"": 16940, ""floor_field"": 14, ""entity_id_field"": 18494, ""group"": 1, ""room"": 1, ""unknown_a3"": 0, ""position"": [-9.46013069152832, 0.0, 2.265357732772827], ""angles"": [0, 0, 0], ""params"": [1.0, 1.0, 1.0, 0, 0, 1], ""unused_pointer"": 2365212480}"
vr-ep1/q136-bb-e,14,16,"{""base_type"": 2, ""set_flags"": 0, ""runtime_index"": 1960, ""file_offset"": 17688, ""floor_field"": 14, ""entity_id_field"": 18511, ""group"": 1, ""room"": 1, ""unknown_a3"": 0, ""position"": [-9860.001953125, 5.0, 0.0], ""angles"": [0, 0, 0], ""params"": [1.0, 1.0, 1.0, 0, 0, 1], ""unused_pointer"": 2365253328}"
vr-ep1/q136-bb-e,14,17,"{""base_type"": 2, ""set_flags"": 0, ""runtime_index"": 1774, ""file_offset"": 17756, ""floor_field"": 14, ""entity_id_field"": 18513, ""group"": 1, ""room"": 2, ""unknown_a3"": 0, ""position"": [189.095703125, 0.0, 76.38676452636719], ""angles"": [0, 0, 0], ""params"": [1.0, 1.0, 1.0, 0, 0, 1], ""unused_pointer"": 2365212480}"
vr-ep1/q136-bb-e,14,34,"{""base_type"": 2, ""set_flags"": 0, ""runtime_index"": 1961, ""file_offset"": 18912, ""floor_field"": 14, ""entity_id_field"": 18533, ""group"": 1, ""room"": 2, ""unknown_a3"": 0, ""position"": [-19860.00390625, 5.000000953674316, 0.0], ""angles"": [0, 0, 0], ""params"": [1.0, 1.0, 1.0, 0, 0, 1], ""unused_pointer"": 2365257232}"
vr-ep1/q136-bb-j,0,8,"{""base_type"": 2, ""set_flags"": 0, ""runtime_index"": 1958, ""file_offset"": 560, ""floor_field"": 0, ""entity_id_field"": 18359, ""group"": 0, ""room"": 10, ""unknown_a3"": 0, ""position"": [132.00314331054688, 1.0, -266.002197265625], ""angles"": [0, 16128, 0], ""params"": [1.0, 1.0, 1.0, 2, 0, 0], ""unused_pointer"": 2365250016}"
vr-ep1/q136-bb-j,2,15,"{""base_type"": 2, ""set_flags"": 0, ""runtime_index"": 1414, ""file_offset"": 2820, ""floor_field"": 2, ""entity_id_field"": 18163, ""group"": 0, ""room"": 12, ""unknown_a3"": 0, ""position"": [-160.00457763671875, 58.40423583984375, -10.004135131835938], ""angles"": [0, 12288, 0], ""params"": [1.0, 1.0, 1.0, 0, 0, 0], ""unused_pointer"": 2365248176}"
vr-ep1/q136-bb-j,5,6,"{""base_type"": 2, ""set_flags"": 0, ""runtime_index"": 1562, ""file_offset"": 4196, ""floor_field"": 5, ""entity_id_field"": 18010, ""group"": 0, ""room"": 10, ""unknown_a3"": 0, ""position"": [-45.0, 0.0, 12.0], ""angles"": [0, 28672, 0], ""params"": [1.0, 1.0, 1.0, 2, 0, 0], ""unused_pointer"": 2365269024}"
vr-ep1/q136-bb-j,7,17,"{""base_type"": 2, ""set_flags"": 0, ""runtime_index"": 1399, ""file_offset"": 7816, ""floor_field"": 7, ""entity_id_field"": 17844, ""group"": 0, ""room"": 2, ""unknown_a3"": 0, ""position"": [-40.00045394897461, 0.0, 35.00375747680664], ""angles"": [0, 5121, 0], ""params"": [1.0, 1.0, 1.0, 5, 0, 0], ""unused_pointer"": 2365247168}"
vr-ep1/q136-bb-j,11,17,"{""base_type"": 2, ""set_flags"": 0, ""runtime_index"": 1985, ""file_offset"": 13016, ""floor_field"": 11, ""entity_id_field"": 18399, ""group"": 1, ""room"": 1, ""unknown_a3"": 0, ""position"": [150.0000762939453, 0.0, -150.0000762939453], ""angles"": [0, 4096, 0], ""params"": [1.0, 1.0, 1.0, 5, 0, 1], ""unused_pointer"": 2365212736}"
vr-ep1/q136-bb-j,12,0,"{""base_type"": 2, ""set_flags"": 0, ""runtime_index"": 35335, ""file_offset"": 13440, ""floor_field"": 12, ""entity_id_field"": 40519, ""group"": 1, ""room"": 1, ""unknown_a3"": 0, ""position"": [55.39999771118164, 2.0, 57.55470275878906], ""angles"": [0, 0, 0], ""params"": [1.0, 1.0, 1.0, 7, 0, 1], ""unused_pointer"": 3761169024}"
vr-ep1/q136-bb-j,13,0,"{""base_type"": 2, ""set_flags"": 0, ""runtime_index"": 2035, ""file_offset"": 14544, ""floor_field"": 13, ""entity_id_field"": 18368, ""group"": 2, ""room"": 0, ""unknown_a3"": 0, ""position"": [-0.7690349817276001, 0.0, -4925.94091796875], ""angles"": [0, 0, 0], ""params"": [1.0, 1.0, 1.0, 10, 0, 1], ""unused_pointer"": 2365206960}"
vr-ep1/q136-bb-j,13,1,"{""base_type"": 2, ""set_flags"": 0, ""runtime_index"": 1546, ""file_offset"": 14612, ""floor_field"": 13, ""entity_id_field"": 18370, ""group"": 2, ""room"": 0, ""unknown_a3"": 0, ""position"": [41.469364166259766, 1.0, 5044.3427734375], ""angles"": [0, 0, 0], ""params"": [1.0, 1.0, 1.0, 10, 0, 1], ""unused_pointer"": 2365208240}"
vr-ep1/q136-bb-j,13,28,"{""base_type"": 2, ""set_flags"": 0, ""runtime_index"": 1960, ""file_offset"": 16448, ""floor_field"": 13, ""entity_id_field"": 18565, ""group"": 1, ""room"": 0, ""unknown_a3"": 0, ""position"": [0.0, 0.0, -4920.0], ""angles"": [0, 0, 0], ""params"": [1.0, 1.0, 1.0, 14, 0, 1], ""unused_pointer"": 2365279760}"
vr-ep1/q136-bb-j,14,5,"{""base_type"": 2, ""set_flags"": 0, ""runtime_index"": 1770, ""file_offset"": 16940, ""floor_field"": 14, ""entity_id_field"": 18494, ""group"": 1, ""room"": 1, ""unknown_a3"": 0, ""position"": [-9.46013069152832, 0.0, 2.265357732772827], ""angles"": [0, 0, 0], ""params"": [1.0, 1.0, 1.0, 0, 0, 1], ""unused_pointer"": 2365212480}"
vr-ep1/q136-bb-j,14,16,"{""base_type"": 2, ""set_flags"": 0, ""runtime_index"": 1960, ""file_offset"": 17688, ""floor_field"": 14, ""entity_id_field"": 18511, ""group"": 1, ""room"": 1, ""unknown_a3"": 0, ""position"": [-9860.001953125, 5.0, 0.0], ""angles"": [0, 0, 0], ""params"": [1.0, 1.0, 1.0, 0, 0, 1], ""unused_pointer"": 2365253328}"
vr-ep1/q136-bb-j,14,17,"{""base_type"": 2, ""set_flags"": 0, ""runtime_index"": 1774, ""file_offset"": 17756, ""floor_field"": 14, ""entity_id_field"": 18513, ""group"": 1, ""room"": 2, ""unknown_a3"": 0, ""position"": [189.095703125, 0.0, 76.38676452636719], ""angles"": [0, 0, 0], ""params"": [1.0, 1.0, 1.0, 0, 0, 1], ""unused_pointer"": 2365212480}"
vr-ep1/q136-bb-j,14,34,"{""base_type"": 2, ""set_flags"": 0, ""runtime_index"": 1961, ""file_offset"": 18912, ""floor_field"": 14, ""entity_id_field"": 18533, ""group"": 1, ""room"": 2, ""unknown_a3"": 0, ""position"": [-19860.00390625, 5.000000953674316, 0.0], ""angles"": [0, 0, 0], ""params"": [1.0, 1.0, 1.0, 0, 0, 1], ""unused_pointer"": 2365257232}"
vr-ep1/q139-bb-e,6,4,"{""base_type"": 2, ""set_flags"": 2, ""runtime_index"": 709, ""file_offset"": 2072, ""floor_field"": 6, ""entity_id_field"": 17093, ""group"": 0, ""room"": 1, ""unknown_a3"": 0, ""position"": [0.0, 0.0, 40.0], ""angles"": [0, -43776, 0], ""params"": [1.0, 1.0, 1.0, 0, 0, 0], ""unused_pointer"": 2365209136}"
vr-ep1/q139-bb-e,6,14,"{""base_type"": 2, ""set_flags"": 0, ""runtime_index"": 1960, ""file_offset"": 2752, ""floor_field"": 6, ""entity_id_field"": 18375, ""group"": 1, ""room"": 4, ""unknown_a3"": 0, ""position"": [-0.39819684624671936, 0.0, 29.418426513671875], ""angles"": [0, 32768, 0], ""params"": [1.0, 1.0, 1.0, 7, 0, 1], ""unused_pointer"": 2365139680}"
vr-ep1/q139-bb-e,7,4,"{""base_type"": 2, ""set_flags"": 2, ""runtime_index"": 871, ""file_offset"": 18952, ""floor_field"": 7, ""entity_id_field"": 65535, ""group"": 0, ""room"": 1, ""unknown_a3"": 0, ""position"": [2.6919338703155518, 0.0, 24.01125144958496], ""angles"": [0, -43776, 0], ""params"": [1.0, 1.0, 1.0, 6, 0, 0], ""unused_pointer"": 2365225200}"
vr-ep1/q139-bb-e,7,143,"{""base_type"": 2, ""set_flags"": 0, ""runtime_index"": 0, ""file_offset"": 28404, ""floor_field"": 0, ""entity_id_field"": 0, ""group"": 0, ""room"": 6, ""unknown_a3"": 0, ""position"": [-1.704246163368225, 0.0, 21.956998825073242], ""angles"": [0, 32768, 0], ""params"": [1.0, 1.0, 1.0, 0, 0, 0], ""unused_pointer"": 0}"
vr-ep1/q139-bb-j,6,4,"{""base_type"": 2, ""set_flags"": 2, ""runtime_index"": 709, ""file_offset"": 2072, ""floor_field"": 6, ""entity_id_field"": 17093, ""group"": 0, ""room"": 1, ""unknown_a3"": 0, ""position"": [0.0, 0.0, 40.0], ""angles"": [0, -43776, 0], ""params"": [1.0, 1.0, 1.0, 0, 0, 0], ""unused_pointer"": 2365209136}"
vr-ep1/q139-bb-j,6,14,"{""base_type"": 2, ""set_flags"": 0, ""runtime_index"": 1960, ""file_offset"": 2752, ""floor_field"": 6, ""entity_id_field"": 18375, ""group"": 1, ""room"": 4, ""unknown_a3"": 0, ""position"": [-0.39819684624671936, 0.0, 29.418426513671875], ""angles"": [0, 32768, 0], ""params"": [1.0, 1.0, 1.0, 7, 0, 1], ""unused_pointer"": 2365139680}"
vr-ep1/q139-bb-j,7,4,"{""base_type"": 2, ""set_flags"": 2, ""runtime_index"": 871, ""file_offset"": 18952, ""floor_field"": 7, ""entity_id_field"": 65535, ""group"": 0, ""room"": 1, ""unknown_a3"": 0, ""position"": [2.6919338703155518, 0.0, 24.01125144958496], ""angles"": [0, -43776, 0], ""params"": [1.0, 1.0, 1.0, 6, 0, 0], ""unused_pointer"": 2365225200}"
vr-ep1/q139-bb-j,7,143,"{""base_type"": 2, ""set_flags"": 0, ""runtime_index"": 0, ""file_offset"": 28404, ""floor_field"": 0, ""entity_id_field"": 0, ""group"": 0, ""room"": 6, ""unknown_a3"": 0, ""position"": [-1.704246163368225, 0.0, 21.956998825073242], ""angles"": [0, 32768, 0], ""params"": [1.0, 1.0, 1.0, 0, 0, 0], ""unused_pointer"": 0}"
vr-ep1/q141-bb-e,3,15,"{""base_type"": 2, ""set_flags"": 0, ""runtime_index"": 263, ""file_offset"": 2888, ""floor_field"": 3, ""entity_id_field"": 1095, ""group"": 0, ""room"": 7, ""unknown_a3"": 0, ""position"": [0.0, 0.0, 40.0], ""angles"": [0, 0, 0], ""params"": [1.0, 1.0, 1.0, 0, 0, 1], ""unused_pointer"": 2150949504}"
vr-ep1/q141-bb-e,3,36,"{""base_type"": 2, ""set_flags"": 0, ""runtime_index"": 63750, ""file_offset"": 4316, ""floor_field"": 3, ""entity_id_field"": 54855, ""group"": 0, ""room"": 8, ""unknown_a3"": 0, ""position"": [0.0, 0.0, 40.0], ""angles"": [0, 0, 0], ""params"": [1.0, 1.0, 1.0, 0, 0, 0], ""unused_pointer"": 1347150464}"
vr-ep1/q141-bb-j,3,15,"{""base_type"": 2, ""set_flags"": 0, ""runtime_index"": 263, ""file_offset"": 2888, ""floor_field"": 3, ""entity_id_field"": 1095, ""group"": 0, ""room"": 7, ""unknown_a3"": 0, ""position"": [0.0, 0.0, 40.0], ""angles"": [0, 0, 0], ""params"": [1.0, 1.0, 1.0, 0, 0, 1], ""unused_pointer"": 2150949504}"
vr-ep1/q141-bb-j,3,36,"{""base_type"": 2, ""set_flags"": 0, ""runtime_index"": 63750, ""file_offset"": 4316, ""floor_field"": 3, ""entity_id_field"": 54855, ""group"": 0, ""room"": 8, ""unknown_a3"": 0, ""position"": [0.0, 0.0, 40.0], ""angles"": [0, 0, 0], ""params"": [1.0, 1.0, 1.0, 0, 0, 0], ""unused_pointer"": 1347150464}"
vr-ep1/q990-bb-e,5,64,"{""base_type"": 2, ""set_flags"": 2, ""runtime_index"": 233, ""file_offset"": 43868, ""floor_field"": 5, ""entity_id_field"": 16617, ""group"": 0, ""room"": 11, ""unknown_a3"": 0, ""position"": [0.0, 0.0, 50.0], ""angles"": [0, 0, 0], ""params"": [1.0, 1.0, 1.0, 7, 0, 1], ""unused_pointer"": 70071056}"
vr-ep1/q990-bb-e,5,70,"{""base_type"": 2, ""set_flags"": 2, ""runtime_index"": 239, ""file_offset"": 44276, ""floor_field"": 5, ""entity_id_field"": 16623, ""group"": 0, ""room"": 13, ""unknown_a3"": 0, ""position"": [-3.0517578125e-05, 0.0, 50.0], ""angles"": [0, 0, 0], ""params"": [1.0, 1.0, 1.0, 2, 0, 0], ""unused_pointer"": 70072400}"
vr-ep1/q990-bb-e,7,30,"{""base_type"": 2, ""set_flags"": 2, ""runtime_index"": 425, ""file_offset"": 83484, ""floor_field"": 7, ""entity_id_field"": 16809, ""group"": 0, ""room"": 2, ""unknown_a3"": 0, ""position"": [0.0, 0.0, 40.0], ""angles"": [0, -43776, 0], ""params"": [1.0, 1.0, 1.0, 5, 0, 0], ""unused_pointer"": 69962000}"
vr-ep2/q64-bb-e,0,7,"{""base_type"": 2, ""set_flags"": 0, ""runtime_index"": 80, ""file_offset"": 492, ""floor_field"": 0, ""entity_id_field"": 18585, ""group"": 0, ""room"": 70, ""unknown_a3"": 0, ""position"": [-30.0, 0.0, -30.0], ""angles"": [0, 16384, 0], ""params"": [1.0, 1.0, 1.0, 9, 0, 1], ""unused_pointer"": 206227632}"
vr-ep2/q64-bb-e,2,28,"{""base_type"": 2, ""set_flags"": 0, ""runtime_index"": 23304, ""file_offset"": 69520, ""floor_field"": 2, ""entity_id_field"": 62536, ""group"": 2, ""room"": 80, ""unknown_a3"": 0, ""position"": [70.0, 60.0, 80.0], ""angles"": [0, 0, 0], ""params"": [1.0, 1.0, 1.0, 0, 0, 1], ""unused_pointer"": 3763135104}"
vr-ep2/q64-bb-j,0,7,"{""base_type"": 2, ""set_flags"": 0, ""runtime_index"": 80, ""file_offset"": 492, ""floor_field"": 0, ""entity_id_field"": 18585, ""group"": 0, ""room"": 70, ""unknown_a3"": 0, ""position"": [-30.0, 0.0, -30.0], ""angles"": [0, 16384, 0], ""params"": [1.0, 1.0, 1.0, 9, 0, 1], ""unused_pointer"": 206227632}"
vr-ep2/q64-bb-j,2,28,"{""base_type"": 2, ""set_flags"": 0, ""runtime_index"": 23304, ""file_offset"": 69520, ""floor_field"": 2, ""entity_id_field"": 62536, ""group"": 2, ""room"": 80, ""unknown_a3"": 0, ""position"": [70.0, 60.0, 80.0], ""angles"": [0, 0, 0], ""params"": [1.0, 1.0, 1.0, 0, 0, 1], ""unused_pointer"": 3763135104}"
vr-ep2/q203-bb-e,3,29,"{""base_type"": 2, ""set_flags"": 512, ""runtime_index"": 24576, ""file_offset"": 5132, ""floor_field"": 3, ""entity_id_field"": 61512, ""group"": 0, ""room"": 8, ""unknown_a3"": 0, ""position"": [-0.00048078596591949463, 3.5, -5.0], ""angles"": [0, 10753, 0], ""params"": [1.0, 1.0, 1.0, 0, 0, 0], ""unused_pointer"": 2220416}"
vr-ep2/q203-bb-e,3,117,"{""base_type"": 2, ""set_flags"": 0, ""runtime_index"": 24072, ""file_offset"": 11116, ""floor_field"": 3, ""entity_id_field"": 48712, ""group"": 0, ""room"": 52, ""unknown_a3"": 0, ""position"": [-225.0, 0.0, -120.0], ""angles"": [0, 49152, 0], ""params"": [1.0, 1.0, 1.0, 0, 0, 1], ""unused_pointer"": 2698636672}"
vr-ep2/q203-bb-j,3,29,"{""base_type"": 2, ""set_flags"": 512, ""runtime_index"": 24576, ""file_offset"": 5132, ""floor_field"": 3, ""entity_id_field"": 61512, ""group"": 0, ""room"": 8, ""unknown_a3"": 0, ""position"": [-0.00048078596591949463, 3.5, -5.0], ""angles"": [0, 10753, 0], ""params"": [1.0, 1.0, 1.0, 0, 0, 0], ""unused_pointer"": 2220416}"
vr-ep2/q203-bb-j,3,117,"{""base_type"": 2, ""set_flags"": 0, ""runtime_index"": 24072, ""file_offset"": 11116, ""floor_field"": 3, ""entity_id_field"": 48712, ""group"": 0, ""room"": 52, ""unknown_a3"": 0, ""position"": [-225.0, 0.0, -120.0], ""angles"": [0, 49152, 0], ""params"": [1.0, 1.0, 1.0, 0, 0, 1], ""unused_pointer"": 2698636672}"
vr-ep2/q230-bb-e,0,42,"{""base_type"": 2, ""set_flags"": 512, ""runtime_index"": 10752, ""file_offset"": 2872, ""floor_field"": 0, ""entity_id_field"": 10816, ""group"": 0, ""room"": 70, ""unknown_a3"": 0, ""position"": [-60.0, 0.0, 0.0], ""angles"": [0, 16384, 0], ""params"": [1.0, 1.0, 1.0, 2, 0, 0], ""unused_pointer"": 2420633728}"
vr-ep2/q230-bb-e,2,1,"{""base_type"": 2, ""set_flags"": 512, ""runtime_index"": 17152, ""file_offset"": 4588, ""floor_field"": 2, ""entity_id_field"": 17216, ""group"": 0, ""room"": 1, ""unknown_a3"": 0, ""position"": [0.0, -2.0, -10.0], ""angles"": [0, -32768, 0], ""params"": [1.0, 1.0, 1.0, 1, 0, 1], ""unused_pointer"": 1077997440}"
vr-ep2/q230-bb-e,2,22,"{""base_type"": 2, ""set_flags"": 512, ""runtime_index"": 22528, ""file_offset"": 6016, ""floor_field"": 2, ""entity_id_field"": 22592, ""group"": 0, ""room"": 2, ""unknown_a3"": 0, ""position"": [0.000152587890625, -2.0, -30.0], ""angles"": [0, 32768, 0], ""params"": [1.0, 1.0, 1.0, 0, 0, 0], ""unused_pointer"": 1090121600}"
vr-ep2/q230-bb-e,2,32,"{""base_type"": 2, ""set_flags"": 512, ""runtime_index"": 25088, ""file_offset"": 6696, ""floor_field"": 2, ""entity_id_field"": 25152, ""group"": 0, ""room"": 4, ""unknown_a3"": 0, ""position"": [0.0, -2.0, -10.0], ""angles"": [0, -32768, 0], ""params"": [1.0, 1.0, 1.0, 2, 0, 1], ""unused_pointer"": 1074000000}"
vr-ep2/q230-bb-e,2,76,"{""base_type"": 2, ""set_flags"": 512, ""runtime_index"": 36352, ""file_offset"": 9688, ""floor_field"": 2, ""entity_id_field"": 36416, ""group"": 0, ""room"": 80, ""unknown_a3"": 0, ""position"": [-0.0028824806213378906, 0.0, -30.0], ""angles"": [0, 32769, 0], ""params"": [1.0, 1.0, 1.0, 4, 0, 1], ""unused_pointer"": 1081143424}"
vr-ep2/q230-bb-e,3,32,"{""base_type"": 2, ""set_flags"": 0, ""runtime_index"": 26120, ""file_offset"": 12356, ""floor_field"": 1, ""entity_id_field"": 62025, ""group"": 0, ""room"": 5, ""unknown_a3"": 0, ""position"": [0.0, -2.0, -10.0], ""angles"": [0, 32768, 0], ""params"": [1.0, 1.0, 1.0, 2, 0, 1], ""unused_pointer"": 2161107584}"
vr-ep2/q230-bb-e,3,37,"{""base_type"": 2, ""set_flags"": 0, ""runtime_index"": 45576, ""file_offset"": 12696, ""floor_field"": 1, ""entity_id_field"": 37193, ""group"": 0, ""room"": 6, ""unknown_a3"": 0, ""position"": [-0.003173828125, -2.0, -30.0], ""angles"": [0, -10495, 0], ""params"": [1.0, 1.0, 1.0, 0, 0, 1], ""unused_pointer"": 1346560384}"
vr-ep2/q230-bb-e,3,128,"{""base_type"": 2, ""set_flags"": 0, ""runtime_index"": 50697, ""file_offset"": 18884, ""floor_field"": 1, ""entity_id_field"": 42316, ""group"": 0, ""room"": 50, ""unknown_a3"": 0, ""position"": [0.0, 28.5, 360.0], ""angles"": [0, 0, 0], ""params"": [1.0, 1.0, 1.0, 0, 0, 1], ""unused_pointer"": 2953700224}"
vr-ep2/q230-bb-e,3,158,"{""base_type"": 2, ""set_flags"": 0, ""runtime_index"": 23816, ""file_offset"": 20924, ""floor_field"": 1, ""entity_id_field"": 16713, ""group"": 0, ""room"": 80, ""unknown_a3"": 0, ""position"": [-6.103515625e-05, 0.0, -30.0], ""angles"": [0, -32768, 0], ""params"": [1.0, 1.0, 1.0, 2, 0, 1], ""unused_pointer"": 4040090240}"
vr-ep2/q230-bb-e,4,99,"{""base_type"": 2, ""set_flags"": 0, ""runtime_index"": 24840, ""file_offset"": 29100, ""floor_field"": 2, ""entity_id_field"": 21066, ""group"": 0, ""room"": 80, ""unknown_a3"": 0, ""position"": [-3.0517578125e-05, 0.0, -27.0], ""angles"": [0, 32768, 0], ""params"": [1.0, 1.0, 1.0, 2, 0, 1], ""unused_pointer"": 3233669760}"
vr-ep2/q230-bb-e,5,21,"{""base_type"": 2, ""set_flags"": 0, ""runtime_index"": 24072, ""file_offset"": 36800, ""floor_field"": 4, ""entity_id_field"": 49993, ""group"": 0, ""room"": 4, ""unknown_a3"": 0, ""position"": [0.009033203125, 3.5, -10.0], ""angles"": [0, -32768, 0], ""params"": [1.0, 1.0, 1.0, 2, 0, 1], ""unused_pointer"": 3501646464}"
vr-ep2/q230-bb-e,7,0,"{""base_type"": 2, ""set_flags"": 0, ""runtime_index"": 64003, ""file_offset"": 46352, ""floor_field"": 15, ""entity_id_field"": 62280, ""group"": 1, ""room"": 1, ""unknown_a3"": 0, ""position"": [-170.0, 2.0, -90.0], ""angles"": [0, 0, 0], ""params"": [1.0, 1.0, 1.0, 0, 0, 1], ""unused_pointer"": 3492799104}"
vr-ep2/q231-bb-e,1,16,"{""base_type"": 2, ""set_flags"": 0, ""runtime_index"": 32000, ""file_offset"": 4112, ""floor_field"": 3, ""entity_id_field"": 18580, ""group"": 0, ""room"": 1, ""unknown_a3"": 0, ""position"": [0.0, -2.0, -30.0], ""angles"": [0, 32768, 0], ""params"": [1.0, 1.0, 1.0, 0, 0, 0], ""unused_pointer"": 77507328}"
vr-ep2/q231-bb-e,3,91,"{""base_type"": 2, ""set_flags"": 0, ""runtime_index"": 1943, ""file_offset"": 15144, ""floor_field"": 3, ""entity_id_field"": 18677, ""group"": 0, ""room"": 3, ""unknown_a3"": 0, ""position"": [0.320068359375, 3.499969482421875, -0.5899658203125], ""angles"": [0, 0, 0], ""params"": [1.0, 1.0, 1.0, 0, 0, 0], ""unused_pointer"": 77544096}"
vr-ep2/q231-bb-e,3,92,"{""base_type"": 2, ""set_flags"": 0, ""runtime_index"": 1944, ""file_offset"": 15212, ""floor_field"": 3, ""entity_id_field"": 18679, ""group"": 0, ""room"": 5, ""unknown_a3"": 0, ""position"": [0.7247314453125, 3.499969482421875, -0.43212890625], ""angles"": [0, -49152, 0], ""params"": [1.0, 1.0, 1.0, 0, 0, 0], ""unused_pointer"": 77544544}"
vr-ep2/q231-bb-e,15,0,"{""base_type"": 2, ""set_flags"": 0, ""runtime_index"": 2138, ""file_offset"": 34824, ""floor_field"": 15, ""entity_id_field"": 18560, ""group"": 1, ""room"": 1, ""unknown_a3"": 0, ""position"": [-170.0, 2.0, -90.0], ""angles"": [0, 0, 0], ""params"": [1.0, 1.0, 1.0, 9, 0, 1], ""unused_pointer"": 77500224}"
vr-ep2/q231-bb-j,1,16,"{""base_type"": 2, ""set_flags"": 0, ""runtime_index"": 32000, ""file_offset"": 4112, ""floor_field"": 3, ""entity_id_field"": 18580, ""group"": 0, ""room"": 1, ""unknown_a3"": 0, ""position"": [0.0, -2.0, -30.0], ""angles"": [0, 32768, 0], ""params"": [1.0, 1.0, 1.0, 0, 0, 0], ""unused_pointer"": 77507328}"
vr-ep2/q231-bb-j,3,91,"{""base_type"": 2, ""set_flags"": 0, ""runtime_index"": 1943, ""file_offset"": 15144, ""floor_field"": 3, ""entity_id_field"": 18677, ""group"": 0, ""room"": 3, ""unknown_a3"": 0, ""position"": [0.320068359375, 3.499969482421875, -0.5899658203125], ""angles"": [0, 0, 0], ""params"": [1.0, 1.0, 1.0, 0, 0, 0], ""unused_pointer"": 77544096}"
vr-ep2/q231-bb-j,3,92,"{""base_type"": 2, ""set_flags"": 0, ""runtime_index"": 1944, ""file_offset"": 15212, ""floor_field"": 3, ""entity_id_field"": 18679, ""group"": 0, ""room"": 5, ""unknown_a3"": 0, ""position"": [0.7247314453125, 3.499969482421875, -0.43212890625], ""angles"": [0, -49152, 0], ""params"": [1.0, 1.0, 1.0, 0, 0, 0], ""unused_pointer"": 77544544}"
vr-ep2/q231-bb-j,15,0,"{""base_type"": 2, ""set_flags"": 0, ""runtime_index"": 2138, ""file_offset"": 34824, ""floor_field"": 15, ""entity_id_field"": 18560, ""group"": 1, ""room"": 1, ""unknown_a3"": 0, ""position"": [-170.0, 2.0, -90.0], ""angles"": [0, 0, 0], ""params"": [1.0, 1.0, 1.0, 9, 0, 1], ""unused_pointer"": 77500224}"
vr-ep4/q991-bb-e,6,8,"{""base_type"": 2, ""set_flags"": 0, ""runtime_index"": 1339, ""file_offset"": 2412, ""floor_field"": 6, ""entity_id_field"": 17857, ""group"": 0, ""room"": 41, ""unknown_a3"": 0, ""position"": [0.0, 0.052486419677734375, -70.0], ""angles"": [0, 65536, 0], ""params"": [1.0, 1.0, 1.0, 0, 0, 0], ""unused_pointer"": 73546112}"
vr-ep4/q991-bb-e,6,75,"{""base_type"": 2, ""set_flags"": 0, ""runtime_index"": 1419, ""file_offset"": 6968, ""floor_field"": 6, ""entity_id_field"": 17914, ""group"": 0, ""room"": 110, ""unknown_a3"": 0, ""position"": [265.0, 0.0, 240.0], ""angles"": [0, 32768, 0], ""params"": [1.0, 1.0, 1.0, 7, 0, 1], ""unused_pointer"": 73636784}"
vr-ep4/q991-bb-e,7,50,"{""base_type"": 2, ""set_flags"": 0, ""runtime_index"": 1397, ""file_offset"": 11404, ""floor_field"": 7, ""entity_id_field"": 18089, ""group"": 0, ""room"": 10, ""unknown_a3"": 0, ""position"": [394.20758056640625, 0.0, -93.2829818725586], ""angles"": [0, 16384, 0], ""params"": [1.0, 1.0, 1.0, 8, 0, 1], ""unused_pointer"": 73581104}"
vr-ep4/q991-bb-e,7,51,"{""base_type"": 2, ""set_flags"": 0, ""runtime_index"": 1346, ""file_offset"": 11472, ""floor_field"": 7, ""entity_id_field"": 18091, ""group"": 0, ""room"": 10, ""unknown_a3"": 0, ""position"": [53.47416687011719, 0.0, 136.8199920654297], ""angles"": [0, 49152, 0], ""params"": [1.0, 1.0, 1.0, 6, 0, 0], ""unused_pointer"": 73581344}"
vr-ep4/q991-bb-e,8,106,"{""base_type"": 2, ""set_flags"": 0, ""runtime_index"": 1470, ""file_offset"": 24748, ""floor_field"": 8, ""entity_id_field"": 17947, ""group"": 0, ""room"": 122, ""unknown_a3"": 0, ""position"": [0.0020751953125, 0.0, -19.9969482421875], ""angles"": [0, 32767, 0], ""params"": [1.0, 1.0, 1.0, 7, 0, 0], ""unused_pointer"": 73611952}"
