quest,floor,index,full_DAT_fields
events-ep1/q28-bb-e,0,26,"{""base_type"": 26, ""set_flags"": 0, ""runtime_index"": 384, ""file_offset"": 1784, ""floor_field"": 0, ""entity_id_field"": 18853, ""group"": 0, ""room"": 10, ""unknown_a3"": 0, ""position"": [-64.03318786621094, 48.33072280883789, -544.1820678710938], ""angles"": [2816, 4096, 49152], ""params"": [0.5, 2.000000476837158, 1.000000238418579, 0, 0, 0], ""unused_pointer"": 72261968}"
events-ep1/q28-bb-e,0,27,"{""base_type"": 26, ""set_flags"": 2, ""runtime_index"": 27, ""file_offset"": 1852, ""floor_field"": 0, ""entity_id_field"": 16411, ""group"": 0, ""room"": 10, ""unknown_a3"": 0, ""position"": [-422.0050048828125, 43.00204086303711, -39.997589111328125], ""angles"": [38144, 4096, 49152], ""params"": [0.29999998211860657, 1.000000238418579, 1.000000238418579, 0, 0, 0], ""unused_pointer"": 72261808}"
events-ep1/q28-bb-e,0,28,"{""base_type"": 26, ""set_flags"": 0, ""runtime_index"": 370, ""file_offset"": 1920, ""floor_field"": 0, ""entity_id_field"": 18824, ""group"": 0, ""room"": 10, ""unknown_a3"": 0, ""position"": [-484.0034484863281, 75.2366943359375, -337.9985656738281], ""angles"": [40960, 768, 49152], ""params"": [1.5, 6.000000953674316, 1.0, 0, 0, 0], ""unused_pointer"": 72263728}"
events-ep1/q28-bb-e,0,29,"{""base_type"": 26, ""set_flags"": 0, ""runtime_index"": 368, ""file_offset"": 1988, ""floor_field"": 0, ""entity_id_field"": 18819, ""group"": 0, ""room"": 10, ""unknown_a3"": 0, ""position"": [-228.0, 28.0, -2351.004638671875], ""angles"": [0, 0, 49152], ""params"": [0.7999999523162842, 3.0000007152557373, 1.0, 0, 0, 0], ""unused_pointer"": 72262128}"
events-ep1/q28-bb-e,0,30,"{""base_type"": 26, ""set_flags"": 0, ""runtime_index"": 375, ""file_offset"": 2056, ""floor_field"": 0, ""entity_id_field"": 18835, ""group"": 0, ""room"": 10, ""unknown_a3"": 0, ""position"": [-82.00421142578125, 22.99611473083496, -124.0], ""angles"": [32768, 0, 49152], ""params"": [0.29999998211860657, 1.000000238418579, 1.000000238418579, 0, 0, 0], ""unused_pointer"": 72262288}"
events-ep1/q28-bb-e,0,31,"{""base_type"": 26, ""set_flags"": 0, ""runtime_index"": 371, ""file_offset"": 2124, ""floor_field"": 0, ""entity_id_field"": 18826, ""group"": 0, ""room"": 10, ""unknown_a3"": 0, ""position"": [-552.0048828125, 13.00069808959961, -322.4993591308594], ""angles"": [49152, 0, 49152], ""params"": [0.5, 1.600000262260437, 1.000000238418579, 0, 0, 0], ""unused_pointer"": 72262448}"
events-ep1/q28-bb-e,0,32,"{""base_type"": 26, ""set_flags"": 0, ""runtime_index"": 367, ""file_offset"": 2192, ""floor_field"": 0, ""entity_id_field"": 18817, ""group"": 0, ""room"": 10, ""unknown_a3"": 0, ""position"": [-175.72723388671875, 25.000001907348633, -2288.638916015625], ""angles"": [16384, 0, 49152], ""params"": [0.699999988079071, 2.400001287460327, 1.0, 0, 0, 0], ""unused_pointer"": 72238352}"
events-ep1/q28-bb-e,0,33,"{""base_type"": 26, ""set_flags"": 0, ""runtime_index"": 378, ""file_offset"": 2260, ""floor_field"": 0, ""entity_id_field"": 18841, ""group"": 0, ""room"": 10, ""unknown_a3"": 0, ""position"": [17.0, 23.0, -175.0], ""angles"": [17664, 0, 49152], ""params"": [0.29999998211860657, 1.000000238418579, 1.000000238418579, 0, 0, 0], ""unused_pointer"": 72262752}"
events-ep1/q28-bb-e,0,34,"{""base_type"": 26, ""set_flags"": 0, ""runtime_index"": 373, ""file_offset"": 2328, ""floor_field"": 0, ""entity_id_field"": 18830, ""group"": 0, ""room"": 10, ""unknown_a3"": 0, ""position"": [-154.3699951171875, 31.619998931884766, -373.3999938964844], ""angles"": [57344, 0, 49152], ""params"": [1.0, 4.0, 1.0, 0, 0, 0], ""unused_pointer"": 72262928}"
events-ep1/q28-bb-e,0,35,"{""base_type"": 26, ""set_flags"": 0, ""runtime_index"": 374, ""file_offset"": 2396, ""floor_field"": 0, ""entity_id_field"": 18833, ""group"": 0, ""room"": 10, ""unknown_a3"": 0, ""position"": [-112.0, 23.0, -124.0], ""angles"": [32768, 0, 49152], ""params"": [0.29999998211860657, 1.000000238418579, 1.000000238418579, 0, 0, 0], ""unused_pointer"": 72263088}"
events-ep1/q28-bb-e,0,36,"{""base_type"": 26, ""set_flags"": 0, ""runtime_index"": 376, ""file_offset"": 2464, ""floor_field"": 0, ""entity_id_field"": 18837, ""group"": 0, ""room"": 10, ""unknown_a3"": 0, ""position"": [-2.995574951171875, 22.99611473083496, -123.0], ""angles"": [32768, 0, 49152], ""params"": [0.29999998211860657, 1.000000238418579, 1.000000238418579, 0, 0, 0], ""unused_pointer"": 72263248}"
events-ep1/q28-bb-e,0,37,"{""base_type"": 26, ""set_flags"": 0, ""runtime_index"": 377, ""file_offset"": 2532, ""floor_field"": 0, ""entity_id_field"": 18839, ""group"": 0, ""room"": 10, ""unknown_a3"": 0, ""position"": [14.0, 23.0, -139.0], ""angles"": [17664, 0, 49152], ""params"": [0.29999998211860657, 1.0, 1.000000238418579, 0, 0, 0], ""unused_pointer"": 72263408}"
events-ep1/q28-bb-e,0,38,"{""base_type"": 26, ""set_flags"": 0, ""runtime_index"": 385, ""file_offset"": 2600, ""floor_field"": 0, ""entity_id_field"": 18855, ""group"": 0, ""room"": 10, ""unknown_a3"": 0, ""position"": [-15.99884033203125, 47.009849548339844, -427.601318359375], ""angles"": [0, 4096, 49152], ""params"": [0.29999998211860657, 1.000000238418579, 1.000000238418579, 0, 0, 0], ""unused_pointer"": 72263568}"
events-ep1/q28-bb-e,0,39,"{""base_type"": 26, ""set_flags"": 0, ""runtime_index"": 369, ""file_offset"": 2668, ""floor_field"": 0, ""entity_id_field"": 18822, ""group"": 0, ""room"": 10, ""unknown_a3"": 0, ""position"": [-358.32421875, 48.00204086303711, -47.97663879394531], ""angles"": [25344, 4096, 49152], ""params"": [0.5, 2.000000476837158, 1.000000238418579, 0, 0, 0], ""unused_pointer"": 72333696}"
events-ep1/q28-bb-e,0,40,"{""base_type"": 26, ""set_flags"": 2, ""runtime_index"": 40, ""file_offset"": 2736, ""floor_field"": 0, ""entity_id_field"": 16424, ""group"": 0, ""room"": 10, ""unknown_a3"": 0, ""position"": [-392.73101806640625, 43.00204086303711, -31.329437255859375], ""angles"": [32768, 4096, 49152], ""params"": [0.29999998211860657, 1.000000238418579, 1.000000238418579, 0, 0, 0], ""unused_pointer"": 72263888}"
events-ep1/q28-bb-e,0,41,"{""base_type"": 26, ""set_flags"": 2, ""runtime_index"": 41, ""file_offset"": 2804, ""floor_field"": 0, ""entity_id_field"": 16425, ""group"": 0, ""room"": 10, ""unknown_a3"": 0, ""position"": [-442.001220703125, 43.0, -60.99833679199219], ""angles"": [43520, 4096, 49152], ""params"": [0.29999998211860657, 1.000000238418579, 1.000000238418579, 0, 0, 0], ""unused_pointer"": 72264048}"
events-ep1/q28-bb-e,0,42,"{""base_type"": 26, ""set_flags"": 2, ""runtime_index"": 42, ""file_offset"": 2872, ""floor_field"": 0, ""entity_id_field"": 16426, ""group"": 0, ""room"": 10, ""unknown_a3"": 0, ""position"": [-467.0029602050781, 20.0, -222.99728393554688], ""angles"": [49152, 0, 49152], ""params"": [0.29999998211860657, 1.000000238418579, 1.000000238418579, 0, 0, 0], ""unused_pointer"": 72264208}"
events-ep1/q28-bb-e,0,43,"{""base_type"": 26, ""set_flags"": 2, ""runtime_index"": 43, ""file_offset"": 2940, ""floor_field"": 0, ""entity_id_field"": 16427, ""group"": 0, ""room"": 10, ""unknown_a3"": 0, ""position"": [-467.0029602050781, 40.00000762939453, -222.99728393554688], ""angles"": [49152, 0, 49152], ""params"": [0.29999998211860657, 1.000000238418579, 1.000000238418579, 0, 0, 0], ""unused_pointer"": 72264368}"
events-ep1/q28-bb-e,0,44,"{""base_type"": 26, ""set_flags"": 2, ""runtime_index"": 44, ""file_offset"": 3008, ""floor_field"": 0, ""entity_id_field"": 16428, ""group"": 0, ""room"": 10, ""unknown_a3"": 0, ""position"": [-467.0029602050781, 60.00001525878906, -222.99728393554688], ""angles"": [49152, 0, 49152], ""params"": [0.29999998211860657, 1.000000238418579, 1.000000238418579, 0, 0, 0], ""unused_pointer"": 72264528}"
events-ep1/q28-bb-e,0,45,"{""base_type"": 26, ""set_flags"": 2, ""runtime_index"": 45, ""file_offset"": 3076, ""floor_field"": 0, ""entity_id_field"": 16429, ""group"": 0, ""room"": 10, ""unknown_a3"": 0, ""position"": [-467.0029602050781, 80.00003051757812, -222.99728393554688], ""angles"": [49152, 0, 49152], ""params"": [0.29999998211860657, 1.000000238418579, 1.000000238418579, 0, 0, 0], ""unused_pointer"": 72264688}"
events-ep1/q28-bb-e,0,46,"{""base_type"": 26, ""set_flags"": 0, ""runtime_index"": 372, ""file_offset"": 3144, ""floor_field"": 0, ""entity_id_field"": 18828, ""group"": 0, ""room"": 10, ""unknown_a3"": 0, ""position"": [-203.7351837158203, 61.174957275390625, -50.34791564941406], ""angles"": [32768, 0, 49152], ""params"": [1.2999999523162842, 5.000000953674316, 1.000000238418579, 0, 0, 0], ""unused_pointer"": 72264848}"
events-ep1/q28-bb-e,0,47,"{""base_type"": 26, ""set_flags"": 0, ""runtime_index"": 383, ""file_offset"": 3212, ""floor_field"": 0, ""entity_id_field"": 18851, ""group"": 0, ""room"": 10, ""unknown_a3"": 0, ""position"": [35.089996337890625, 48.34375, -544.0], ""angles"": [62464, 4096, 49152], ""params"": [0.5, 2.0, 1.000000238418579, 0, 0, 0], ""unused_pointer"": 72265008}"
events-ep1/q28-bb-e,0,48,"{""base_type"": 26, ""set_flags"": 2, ""runtime_index"": 48, ""file_offset"": 3280, ""floor_field"": 0, ""entity_id_field"": 16432, ""group"": 0, ""room"": 10, ""unknown_a3"": 0, ""position"": [-87.35765075683594, 124.69625091552734, -278.99932861328125], ""angles"": [16384, 4096, 49152], ""params"": [1.7999999523162842, 6.0, 1.000000238418579, 0, 0, 0], ""unused_pointer"": 72265168}"
events-ep1/q28-bb-e,0,49,"{""base_type"": 26, ""set_flags"": 0, ""runtime_index"": 381, ""file_offset"": 3348, ""floor_field"": 0, ""entity_id_field"": 18847, ""group"": 0, ""room"": 10, ""unknown_a3"": 0, ""position"": [219.0, 30.0, -296.739990234375], ""angles"": [16384, 0, 49152], ""params"": [0.29999998211860657, 1.0, 1.000000238418579, 0, 0, 0], ""unused_pointer"": 72265328}"
events-ep1/q28-bb-e,0,50,"{""base_type"": 26, ""set_flags"": 0, ""runtime_index"": 380, ""file_offset"": 3416, ""floor_field"": 0, ""entity_id_field"": 18845, ""group"": 0, ""room"": 10, ""unknown_a3"": 0, ""position"": [219.0, 30.0, -265.0], ""angles"": [16384, 0, 49152], ""params"": [0.29999998211860657, 1.0, 1.000000238418579, 0, 0, 0], ""unused_pointer"": 72265488}"
events-ep1/q28-bb-e,0,51,"{""base_type"": 26, ""set_flags"": 0, ""runtime_index"": 379, ""file_offset"": 3484, ""floor_field"": 0, ""entity_id_field"": 18843, ""group"": 0, ""room"": 10, ""unknown_a3"": 0, ""position"": [219.81997680664062, 30.0, -233.29000854492188], ""angles"": [16384, 0, 49152], ""params"": [0.29999998211860657, 1.0, 1.000000238418579, 0, 0, 0], ""unused_pointer"": 72265648}"
events-ep1/q28-bb-e,0,52,"{""base_type"": 26, ""set_flags"": 0, ""runtime_index"": 366, ""file_offset"": 3552, ""floor_field"": 0, ""entity_id_field"": 18815, ""group"": 0, ""room"": 10, ""unknown_a3"": 0, ""position"": [-286.0, 25.0, -2291.0], ""angles"": [49152, 0, 49152], ""params"": [0.699999988079071, 2.400001287460327, 1.000000238418579, 0, 0, 0], ""unused_pointer"": 72230672}"
events-ep1/q28-bb-e,0,53,"{""base_type"": 26, ""set_flags"": 2, ""runtime_index"": 53, ""file_offset"": 3620, ""floor_field"": 0, ""entity_id_field"": 16437, ""group"": 0, ""room"": 10, ""unknown_a3"": 0, ""position"": [-218.99911499023438, 134.49176025390625, -1936.4481201171875], ""angles"": [32768, 12288, 49152], ""params"": [3.1999998092651367, 13.0, 1.0, 0, 0, 0], ""unused_pointer"": 72265968}"
events-ep1/q28-bb-j,0,26,"{""base_type"": 26, ""set_flags"": 0, ""runtime_index"": 384, ""file_offset"": 1784, ""floor_field"": 0, ""entity_id_field"": 18853, ""group"": 0, ""room"": 10, ""unknown_a3"": 0, ""position"": [-64.03318786621094, 48.33072280883789, -544.1820678710938], ""angles"": [2816, 4096, 49152], ""params"": [0.5, 2.000000476837158, 1.000000238418579, 0, 0, 0], ""unused_pointer"": 72261968}"
events-ep1/q28-bb-j,0,27,"{""base_type"": 26, ""set_flags"": 2, ""runtime_index"": 27, ""file_offset"": 1852, ""floor_field"": 0, ""entity_id_field"": 16411, ""group"": 0, ""room"": 10, ""unknown_a3"": 0, ""position"": [-422.0050048828125, 43.00204086303711, -39.997589111328125], ""angles"": [38144, 4096, 49152], ""params"": [0.29999998211860657, 1.000000238418579, 1.000000238418579, 0, 0, 0], ""unused_pointer"": 72261808}"
events-ep1/q28-bb-j,0,28,"{""base_type"": 26, ""set_flags"": 0, ""runtime_index"": 370, ""file_offset"": 1920, ""floor_field"": 0, ""entity_id_field"": 18824, ""group"": 0, ""room"": 10, ""unknown_a3"": 0, ""position"": [-484.0034484863281, 75.2366943359375, -337.9985656738281], ""angles"": [40960, 768, 49152], ""params"": [1.5, 6.000000953674316, 1.0, 0, 0, 0], ""unused_pointer"": 72263728}"
events-ep1/q28-bb-j,0,29,"{""base_type"": 26, ""set_flags"": 0, ""runtime_index"": 368, ""file_offset"": 1988, ""floor_field"": 0, ""entity_id_field"": 18819, ""group"": 0, ""room"": 10, ""unknown_a3"": 0, ""position"": [-228.0, 28.0, -2351.004638671875], ""angles"": [0, 0, 49152], ""params"": [0.7999999523162842, 3.0000007152557373, 1.0, 0, 0, 0], ""unused_pointer"": 72262128}"
events-ep1/q28-bb-j,0,30,"{""base_type"": 26, ""set_flags"": 0, ""runtime_index"": 375, ""file_offset"": 2056, ""floor_field"": 0, ""entity_id_field"": 18835, ""group"": 0, ""room"": 10, ""unknown_a3"": 0, ""position"": [-82.00421142578125, 22.99611473083496, -124.0], ""angles"": [32768, 0, 49152], ""params"": [0.29999998211860657, 1.000000238418579, 1.000000238418579, 0, 0, 0], ""unused_pointer"": 72262288}"
events-ep1/q28-bb-j,0,31,"{""base_type"": 26, ""set_flags"": 0, ""runtime_index"": 371, ""file_offset"": 2124, ""floor_field"": 0, ""entity_id_field"": 18826, ""group"": 0, ""room"": 10, ""unknown_a3"": 0, ""position"": [-552.0048828125, 13.00069808959961, -322.4993591308594], ""angles"": [49152, 0, 49152], ""params"": [0.5, 1.600000262260437, 1.000000238418579, 0, 0, 0], ""unused_pointer"": 72262448}"
events-ep1/q28-bb-j,0,32,"{""base_type"": 26, ""set_flags"": 0, ""runtime_index"": 367, ""file_offset"": 2192, ""floor_field"": 0, ""entity_id_field"": 18817, ""group"": 0, ""room"": 10, ""unknown_a3"": 0, ""position"": [-175.72723388671875, 25.000001907348633, -2288.638916015625], ""angles"": [16384, 0, 49152], ""params"": [0.699999988079071, 2.400001287460327, 1.0, 0, 0, 0], ""unused_pointer"": 72238352}"
events-ep1/q28-bb-j,0,33,"{""base_type"": 26, ""set_flags"": 0, ""runtime_index"": 378, ""file_offset"": 2260, ""floor_field"": 0, ""entity_id_field"": 18841, ""group"": 0, ""room"": 10, ""unknown_a3"": 0, ""position"": [17.0, 23.0, -175.0], ""angles"": [17664, 0, 49152], ""params"": [0.29999998211860657, 1.000000238418579, 1.000000238418579, 0, 0, 0], ""unused_pointer"": 72262752}"
events-ep1/q28-bb-j,0,34,"{""base_type"": 26, ""set_flags"": 0, ""runtime_index"": 373, ""file_offset"": 2328, ""floor_field"": 0, ""entity_id_field"": 18830, ""group"": 0, ""room"": 10, ""unknown_a3"": 0, ""position"": [-154.3699951171875, 31.619998931884766, -373.3999938964844], ""angles"": [57344, 0, 49152], ""params"": [1.0, 4.0, 1.0, 0, 0, 0], ""unused_pointer"": 72262928}"
events-ep1/q28-bb-j,0,35,"{""base_type"": 26, ""set_flags"": 0, ""runtime_index"": 374, ""file_offset"": 2396, ""floor_field"": 0, ""entity_id_field"": 18833, ""group"": 0, ""room"": 10, ""unknown_a3"": 0, ""position"": [-112.0, 23.0, -124.0], ""angles"": [32768, 0, 49152], ""params"": [0.29999998211860657, 1.000000238418579, 1.000000238418579, 0, 0, 0], ""unused_pointer"": 72263088}"
events-ep1/q28-bb-j,0,36,"{""base_type"": 26, ""set_flags"": 0, ""runtime_index"": 376, ""file_offset"": 2464, ""floor_field"": 0, ""entity_id_field"": 18837, ""group"": 0, ""room"": 10, ""unknown_a3"": 0, ""position"": [-2.995574951171875, 22.99611473083496, -123.0], ""angles"": [32768, 0, 49152], ""params"": [0.29999998211860657, 1.000000238418579, 1.000000238418579, 0, 0, 0], ""unused_pointer"": 72263248}"
events-ep1/q28-bb-j,0,37,"{""base_type"": 26, ""set_flags"": 0, ""runtime_index"": 377, ""file_offset"": 2532, ""floor_field"": 0, ""entity_id_field"": 18839, ""group"": 0, ""room"": 10, ""unknown_a3"": 0, ""position"": [14.0, 23.0, -139.0], ""angles"": [17664, 0, 49152], ""params"": [0.29999998211860657, 1.0, 1.000000238418579, 0, 0, 0], ""unused_pointer"": 72263408}"
events-ep1/q28-bb-j,0,38,"{""base_type"": 26, ""set_flags"": 0, ""runtime_index"": 385, ""file_offset"": 2600, ""floor_field"": 0, ""entity_id_field"": 18855, ""group"": 0, ""room"": 10, ""unknown_a3"": 0, ""position"": [-15.99884033203125, 47.009849548339844, -427.601318359375], ""angles"": [0, 4096, 49152], ""params"": [0.29999998211860657, 1.000000238418579, 1.000000238418579, 0, 0, 0], ""unused_pointer"": 72263568}"
events-ep1/q28-bb-j,0,39,"{""base_type"": 26, ""set_flags"": 0, ""runtime_index"": 369, ""file_offset"": 2668, ""floor_field"": 0, ""entity_id_field"": 18822, ""group"": 0, ""room"": 10, ""unknown_a3"": 0, ""position"": [-358.32421875, 48.00204086303711, -47.97663879394531], ""angles"": [25344, 4096, 49152], ""params"": [0.5, 2.000000476837158, 1.000000238418579, 0, 0, 0], ""unused_pointer"": 72333696}"
events-ep1/q28-bb-j,0,40,"{""base_type"": 26, ""set_flags"": 2, ""runtime_index"": 40, ""file_offset"": 2736, ""floor_field"": 0, ""entity_id_field"": 16424, ""group"": 0, ""room"": 10, ""unknown_a3"": 0, ""position"": [-392.73101806640625, 43.00204086303711, -31.329437255859375], ""angles"": [32768, 4096, 49152], ""params"": [0.29999998211860657, 1.000000238418579, 1.000000238418579, 0, 0, 0], ""unused_pointer"": 72263888}"
events-ep1/q28-bb-j,0,41,"{""base_type"": 26, ""set_flags"": 2, ""runtime_index"": 41, ""file_offset"": 2804, ""floor_field"": 0, ""entity_id_field"": 16425, ""group"": 0, ""room"": 10, ""unknown_a3"": 0, ""position"": [-442.001220703125, 43.0, -60.99833679199219], ""angles"": [43520, 4096, 49152], ""params"": [0.29999998211860657, 1.000000238418579, 1.000000238418579, 0, 0, 0], ""unused_pointer"": 72264048}"
events-ep1/q28-bb-j,0,42,"{""base_type"": 26, ""set_flags"": 2, ""runtime_index"": 42, ""file_offset"": 2872, ""floor_field"": 0, ""entity_id_field"": 16426, ""group"": 0, ""room"": 10, ""unknown_a3"": 0, ""position"": [-467.0029602050781, 20.0, -222.99728393554688], ""angles"": [49152, 0, 49152], ""params"": [0.29999998211860657, 1.000000238418579, 1.000000238418579, 0, 0, 0], ""unused_pointer"": 72264208}"
events-ep1/q28-bb-j,0,43,"{""base_type"": 26, ""set_flags"": 2, ""runtime_index"": 43, ""file_offset"": 2940, ""floor_field"": 0, ""entity_id_field"": 16427, ""group"": 0, ""room"": 10, ""unknown_a3"": 0, ""position"": [-467.0029602050781, 40.00000762939453, -222.99728393554688], ""angles"": [49152, 0, 49152], ""params"": [0.29999998211860657, 1.000000238418579, 1.000000238418579, 0, 0, 0], ""unused_pointer"": 72264368}"
events-ep1/q28-bb-j,0,44,"{""base_type"": 26, ""set_flags"": 2, ""runtime_index"": 44, ""file_offset"": 3008, ""floor_field"": 0, ""entity_id_field"": 16428, ""group"": 0, ""room"": 10, ""unknown_a3"": 0, ""position"": [-467.0029602050781, 60.00001525878906, -222.99728393554688], ""angles"": [49152, 0, 49152], ""params"": [0.29999998211860657, 1.000000238418579, 1.000000238418579, 0, 0, 0], ""unused_pointer"": 72264528}"
events-ep1/q28-bb-j,0,45,"{""base_type"": 26, ""set_flags"": 2, ""runtime_index"": 45, ""file_offset"": 3076, ""floor_field"": 0, ""entity_id_field"": 16429, ""group"": 0, ""room"": 10, ""unknown_a3"": 0, ""position"": [-467.0029602050781, 80.00003051757812, -222.99728393554688], ""angles"": [49152, 0, 49152], ""params"": [0.29999998211860657, 1.000000238418579, 1.000000238418579, 0, 0, 0], ""unused_pointer"": 72264688}"
events-ep1/q28-bb-j,0,46,"{""base_type"": 26, ""set_flags"": 0, ""runtime_index"": 372, ""file_offset"": 3144, ""floor_field"": 0, ""entity_id_field"": 18828, ""group"": 0, ""room"": 10, ""unknown_a3"": 0, ""position"": [-203.7351837158203, 61.174957275390625, -50.34791564941406], ""angles"": [32768, 0, 49152], ""params"": [1.2999999523162842, 5.000000953674316, 1.000000238418579, 0, 0, 0], ""unused_pointer"": 72264848}"
events-ep1/q28-bb-j,0,47,"{""base_type"": 26, ""set_flags"": 0, ""runtime_index"": 383, ""file_offset"": 3212, ""floor_field"": 0, ""entity_id_field"": 18851, ""group"": 0, ""room"": 10, ""unknown_a3"": 0, ""position"": [35.089996337890625, 48.34375, -544.0], ""angles"": [62464, 4096, 49152], ""params"": [0.5, 2.0, 1.000000238418579, 0, 0, 0], ""unused_pointer"": 72265008}"
events-ep1/q28-bb-j,0,48,"{""base_type"": 26, ""set_flags"": 2, ""runtime_index"": 48, ""file_offset"": 3280, ""floor_field"": 0, ""entity_id_field"": 16432, ""group"": 0, ""room"": 10, ""unknown_a3"": 0, ""position"": [-87.35765075683594, 124.69625091552734, -278.99932861328125], ""angles"": [16384, 4096, 49152], ""params"": [1.7999999523162842, 6.0, 1.000000238418579, 0, 0, 0], ""unused_pointer"": 72265168}"
events-ep1/q28-bb-j,0,49,"{""base_type"": 26, ""set_flags"": 0, ""runtime_index"": 381, ""file_offset"": 3348, ""floor_field"": 0, ""entity_id_field"": 18847, ""group"": 0, ""room"": 10, ""unknown_a3"": 0, ""position"": [219.0, 30.0, -296.739990234375], ""angles"": [16384, 0, 49152], ""params"": [0.29999998211860657, 1.0, 1.000000238418579, 0, 0, 0], ""unused_pointer"": 72265328}"
events-ep1/q28-bb-j,0,50,"{""base_type"": 26, ""set_flags"": 0, ""runtime_index"": 380, ""file_offset"": 3416, ""floor_field"": 0, ""entity_id_field"": 18845, ""group"": 0, ""room"": 10, ""unknown_a3"": 0, ""position"": [219.0, 30.0, -265.0], ""angles"": [16384, 0, 49152], ""params"": [0.29999998211860657, 1.0, 1.000000238418579, 0, 0, 0], ""unused_pointer"": 72265488}"
events-ep1/q28-bb-j,0,51,"{""base_type"": 26, ""set_flags"": 0, ""runtime_index"": 379, ""file_offset"": 3484, ""floor_field"": 0, ""entity_id_field"": 18843, ""group"": 0, ""room"": 10, ""unknown_a3"": 0, ""position"": [219.81997680664062, 30.0, -233.29000854492188], ""angles"": [16384, 0, 49152], ""params"": [0.29999998211860657, 1.0, 1.000000238418579, 0, 0, 0], ""unused_pointer"": 72265648}"
events-ep1/q28-bb-j,0,52,"{""base_type"": 26, ""set_flags"": 0, ""runtime_index"": 366, ""file_offset"": 3552, ""floor_field"": 0, ""entity_id_field"": 18815, ""group"": 0, ""room"": 10, ""unknown_a3"": 0, ""position"": [-286.0, 25.0, -2291.0], ""angles"": [49152, 0, 49152], ""params"": [0.699999988079071, 2.400001287460327, 1.000000238418579, 0, 0, 0], ""unused_pointer"": 72230672}"
events-ep1/q28-bb-j,0,53,"{""base_type"": 26, ""set_flags"": 2, ""runtime_index"": 53, ""file_offset"": 3620, ""floor_field"": 0, ""entity_id_field"": 16437, ""group"": 0, ""room"": 10, ""unknown_a3"": 0, ""position"": [-218.99911499023438, 134.49176025390625, -1936.4481201171875], ""angles"": [32768, 12288, 49152], ""params"": [3.1999998092651367, 13.0, 1.0, 0, 0, 0], ""unused_pointer"": 72265968}"
events-ep1/q070-bb-e,0,27,"{""base_type"": 26, ""set_flags"": 0, ""runtime_index"": 2011, ""file_offset"": 1852, ""floor_field"": 0, ""entity_id_field"": 18434, ""group"": 0, ""room"": 10, ""unknown_a3"": 0, ""position"": [-484.0034484863281, 82.99919891357422, -337.9985656738281], ""angles"": [40960, 768, 49152], ""params"": [3.000000476837158, 6.000000953674316, 1.0, 0, 0, 0], ""unused_pointer"": 2365162944}"
events-ep1/q070-bb-e,0,28,"{""base_type"": 26, ""set_flags"": 0, ""runtime_index"": 2012, ""file_offset"": 1920, ""floor_field"": 0, ""entity_id_field"": 18435, ""group"": 0, ""room"": 10, ""unknown_a3"": 0, ""position"": [-154.3662109375, 31.623218536376953, -373.40008544921875], ""angles"": [57344, 0, 49152], ""params"": [2.000000238418579, 4.000000953674316, 1.0, 0, 0, 0], ""unused_pointer"": 2365164560}"
events-ep1/q070-bb-e,0,29,"{""base_type"": 26, ""set_flags"": 0, ""runtime_index"": 2014, ""file_offset"": 1988, ""floor_field"": 0, ""entity_id_field"": 18437, ""group"": 0, ""room"": 10, ""unknown_a3"": 0, ""position"": [-82.00421142578125, 22.99611473083496, -121.99932861328125], ""angles"": [32768, 0, 49152], ""params"": [0.5000000596046448, 1.000000238418579, 1.000000238418579, 0, 0, 0], ""unused_pointer"": 2365164720}"
events-ep1/q070-bb-e,0,30,"{""base_type"": 26, ""set_flags"": 0, ""runtime_index"": 2015, ""file_offset"": 2056, ""floor_field"": 0, ""entity_id_field"": 18438, ""group"": 0, ""room"": 10, ""unknown_a3"": 0, ""position"": [-113.00421142578125, 22.99611473083496, -121.99932861328125], ""angles"": [32768, 0, 49152], ""params"": [0.5000000596046448, 1.000000238418579, 1.000000238418579, 0, 0, 0], ""unused_pointer"": 2365154656}"
events-ep1/q070-bb-e,0,31,"{""base_type"": 26, ""set_flags"": 0, ""runtime_index"": 2016, ""file_offset"": 2124, ""floor_field"": 0, ""entity_id_field"": 18439, ""group"": 0, ""room"": 10, ""unknown_a3"": 0, ""position"": [-2.995574951171875, 22.99611473083496, -121.00407409667969], ""angles"": [32768, 0, 49152], ""params"": [0.5000000596046448, 1.000000238418579, 1.000000238418579, 0, 0, 0], ""unused_pointer"": 2365173600}"
events-ep1/q070-bb-e,0,32,"{""base_type"": 26, ""set_flags"": 0, ""runtime_index"": 2017, ""file_offset"": 2192, ""floor_field"": 0, ""entity_id_field"": 18440, ""group"": 0, ""room"": 10, ""unknown_a3"": 0, ""position"": [14.997833251953125, 22.99611473083496, -139.00390625], ""angles"": [17664, 0, 49152], ""params"": [0.5000000596046448, 1.000000238418579, 1.000000238418579, 0, 0, 0], ""unused_pointer"": 2365174144}"
events-ep1/q070-bb-e,0,33,"{""base_type"": 26, ""set_flags"": 0, ""runtime_index"": 2018, ""file_offset"": 2260, ""floor_field"": 0, ""entity_id_field"": 18441, ""group"": 0, ""room"": 10, ""unknown_a3"": 0, ""position"": [18.997833251953125, 22.99611473083496, -175.00390625], ""angles"": [17664, 0, 49152], ""params"": [0.5000000596046448, 1.000000238418579, 1.000000238418579, 0, 0, 0], ""unused_pointer"": 2365177184}"
events-ep1/q070-bb-e,0,34,"{""base_type"": 26, ""set_flags"": 0, ""runtime_index"": 2019, ""file_offset"": 2328, ""floor_field"": 0, ""entity_id_field"": 18442, ""group"": 0, ""room"": 10, ""unknown_a3"": 0, ""position"": [-15.99884033203125, 48.99734878540039, -427.601318359375], ""angles"": [0, 4096, 49152], ""params"": [0.5000000596046448, 1.000000238418579, 1.000000238418579, 0, 0, 0], ""unused_pointer"": 2365145856}"
events-ep1/q070-bb-e,0,35,"{""base_type"": 26, ""set_flags"": 0, ""runtime_index"": 2020, ""file_offset"": 2396, ""floor_field"": 0, ""entity_id_field"": 18443, ""group"": 0, ""room"": 10, ""unknown_a3"": 0, ""position"": [-358.32421875, 48.00204086303711, -47.97663879394531], ""angles"": [25344, 4096, 49152], ""params"": [1.0000001192092896, 2.000000476837158, 1.000000238418579, 0, 0, 0], ""unused_pointer"": 2365189792}"
events-ep1/q070-bb-e,0,36,"{""base_type"": 26, ""set_flags"": 0, ""runtime_index"": 2021, ""file_offset"": 2464, ""floor_field"": 0, ""entity_id_field"": 18444, ""group"": 0, ""room"": 10, ""unknown_a3"": 0, ""position"": [-392.73101806640625, 43.00204086303711, -31.329437255859375], ""angles"": [32768, 4096, 49152], ""params"": [0.5, 1.000000238418579, 1.000000238418579, 0, 0, 0], ""unused_pointer"": 2365191904}"
events-ep1/q070-bb-e,0,37,"{""base_type"": 26, ""set_flags"": 0, ""runtime_index"": 2022, ""file_offset"": 2532, ""floor_field"": 0, ""entity_id_field"": 18445, ""group"": 0, ""room"": 10, ""unknown_a3"": 0, ""position"": [-422.0050048828125, 43.00204086303711, -39.997589111328125], ""angles"": [38144, 4096, 49152], ""params"": [0.5, 1.000000238418579, 1.000000238418579, 0, 0, 0], ""unused_pointer"": 2365168112}"
events-ep1/q070-bb-e,0,38,"{""base_type"": 26, ""set_flags"": 0, ""runtime_index"": 2023, ""file_offset"": 2600, ""floor_field"": 0, ""entity_id_field"": 18446, ""group"": 0, ""room"": 10, ""unknown_a3"": 0, ""position"": [-442.001220703125, 43.00204086303711, -60.99833679199219], ""angles"": [43520, 4096, 49152], ""params"": [0.5, 1.000000238418579, 1.000000238418579, 0, 0, 0], ""unused_pointer"": 2365191376}"
events-ep1/q070-bb-e,0,39,"{""base_type"": 26, ""set_flags"": 0, ""runtime_index"": 2024, ""file_offset"": 2668, ""floor_field"": 0, ""entity_id_field"": 18447, ""group"": 0, ""room"": 10, ""unknown_a3"": 0, ""position"": [-467.0029602050781, 20.0, -222.99728393554688], ""angles"": [49152, 0, 49152], ""params"": [0.5, 1.000000238418579, 1.000000238418579, 0, 0, 0], ""unused_pointer"": 2365194016}"
events-ep1/q070-bb-e,0,40,"{""base_type"": 26, ""set_flags"": 0, ""runtime_index"": 2025, ""file_offset"": 2736, ""floor_field"": 0, ""entity_id_field"": 18448, ""group"": 0, ""room"": 10, ""unknown_a3"": 0, ""position"": [-467.0029602050781, 40.00000762939453, -222.99728393554688], ""angles"": [49152, 0, 49152], ""params"": [0.5, 1.000000238418579, 1.000000238418579, 0, 0, 0], ""unused_pointer"": 2365193440}"
events-ep1/q070-bb-e,0,41,"{""base_type"": 26, ""set_flags"": 0, ""runtime_index"": 2026, ""file_offset"": 2804, ""floor_field"": 0, ""entity_id_field"": 18449, ""group"": 0, ""room"": 10, ""unknown_a3"": 0, ""position"": [-467.0029602050781, 60.00001525878906, -222.99728393554688], ""angles"": [49152, 0, 49152], ""params"": [0.5, 1.000000238418579, 1.000000238418579, 0, 0, 0], ""unused_pointer"": 2365195456}"
events-ep1/q070-bb-e,0,42,"{""base_type"": 26, ""set_flags"": 0, ""runtime_index"": 2027, ""file_offset"": 2872, ""floor_field"": 0, ""entity_id_field"": 18450, ""group"": 0, ""room"": 10, ""unknown_a3"": 0, ""position"": [-467.0029602050781, 80.00003051757812, -222.99728393554688], ""angles"": [49152, 0, 49152], ""params"": [0.5, 1.000000238418579, 1.000000238418579, 0, 0, 0], ""unused_pointer"": 2365195968}"
events-ep1/q070-bb-e,0,43,"{""base_type"": 26, ""set_flags"": 0, ""runtime_index"": 2031, ""file_offset"": 2940, ""floor_field"": 0, ""entity_id_field"": 18454, ""group"": 0, ""room"": 10, ""unknown_a3"": 0, ""position"": [-203.7351837158203, 61.174957275390625, -50.34791564941406], ""angles"": [32768, 0, 49152], ""params"": [2.5, 5.000000953674316, 1.000000238418579, 0, 0, 0], ""unused_pointer"": 2365165840}"
events-ep1/q070-bb-e,0,44,"{""base_type"": 26, ""set_flags"": 0, ""runtime_index"": 2030, ""file_offset"": 3008, ""floor_field"": 0, ""entity_id_field"": 18453, ""group"": 0, ""room"": 10, ""unknown_a3"": 0, ""position"": [-240.90113830566406, 30.000003814697266, -576.2560424804688], ""angles"": [4096, 0, 49152], ""params"": [3.999999761581421, 8.000000953674316, 1.000000238418579, 0, 0, 0], ""unused_pointer"": 2365166432}"
events-ep1/q070-bb-e,0,45,"{""base_type"": 26, ""set_flags"": 0, ""runtime_index"": 2032, ""file_offset"": 3076, ""floor_field"": 0, ""entity_id_field"": 18455, ""group"": 0, ""room"": 10, ""unknown_a3"": 0, ""position"": [-64.03318786621094, 55.08072280883789, -544.1820678710938], ""angles"": [2816, 4096, 49152], ""params"": [1.000000238418579, 2.000000476837158, 1.000000238418579, 0, 0, 0], ""unused_pointer"": 2365148528}"
events-ep1/q070-bb-e,0,46,"{""base_type"": 26, ""set_flags"": 0, ""runtime_index"": 2034, ""file_offset"": 3144, ""floor_field"": 0, ""entity_id_field"": 18458, ""group"": 0, ""room"": 10, ""unknown_a3"": 0, ""position"": [35.08575439453125, 55.00188446044922, -544.00146484375], ""angles"": [62464, 4096, 49152], ""params"": [1.000000238418579, 2.000000476837158, 1.000000238418579, 0, 0, 0], ""unused_pointer"": 2365164016}"
events-ep1/q070-bb-e,0,47,"{""base_type"": 26, ""set_flags"": 0, ""runtime_index"": 2035, ""file_offset"": 3212, ""floor_field"": 0, ""entity_id_field"": 18459, ""group"": 0, ""room"": 10, ""unknown_a3"": 0, ""position"": [-87.35765075683594, 124.69625091552734, -278.99932861328125], ""angles"": [16384, 4096, 49152], ""params"": [3.0000007152557373, 6.000000953674316, 1.000000238418579, 0, 0, 0], ""unused_pointer"": 2365165648}"
events-ep1/q070-bb-e,0,48,"{""base_type"": 26, ""set_flags"": 0, ""runtime_index"": 2038, ""file_offset"": 3280, ""floor_field"": 0, ""entity_id_field"": 18462, ""group"": 0, ""room"": 10, ""unknown_a3"": 0, ""position"": [221.00119018554688, 30.000003814697266, -296.7373046875], ""angles"": [16384, 0, 49152], ""params"": [0.5000001192092896, 1.000000238418579, 1.000000238418579, 0, 0, 0], ""unused_pointer"": 2365167936}"
events-ep1/q070-bb-e,0,49,"{""base_type"": 26, ""set_flags"": 0, ""runtime_index"": 2039, ""file_offset"": 3348, ""floor_field"": 0, ""entity_id_field"": 18464, ""group"": 0, ""room"": 10, ""unknown_a3"": 0, ""position"": [221.99960327148438, 30.000003814697266, -264.9994812011719], ""angles"": [16384, 0, 49152], ""params"": [0.5000001192092896, 1.000000238418579, 1.000000238418579, 0, 0, 0], ""unused_pointer"": 2365166240}"
events-ep1/q070-bb-e,0,50,"{""base_type"": 26, ""set_flags"": 0, ""runtime_index"": 2041, ""file_offset"": 3416, ""floor_field"": 0, ""entity_id_field"": 18466, ""group"": 0, ""room"": 10, ""unknown_a3"": 0, ""position"": [221.82064819335938, 30.000003814697266, -233.29151916503906], ""angles"": [16384, 0, 49152], ""params"": [0.5000001192092896, 1.000000238418579, 1.000000238418579, 0, 0, 0], ""unused_pointer"": 2365148336}"
events-ep1/q070-bb-e,0,51,"{""base_type"": 26, ""set_flags"": 0, ""runtime_index"": 2045, ""file_offset"": 3484, ""floor_field"": 0, ""entity_id_field"": 18470, ""group"": 0, ""room"": 10, ""unknown_a3"": 0, ""position"": [-228.0, 28.0, -2351.004638671875], ""angles"": [0, 0, 49152], ""params"": [1.5000003576278687, 3.0000007152557373, 1.000000238418579, 0, 0, 0], ""unused_pointer"": 2365164176}"
events-ep1/q070-bb-j,0,27,"{""base_type"": 26, ""set_flags"": 0, ""runtime_index"": 2011, ""file_offset"": 1852, ""floor_field"": 0, ""entity_id_field"": 18434, ""group"": 0, ""room"": 10, ""unknown_a3"": 0, ""position"": [-484.0034484863281, 82.99919891357422, -337.9985656738281], ""angles"": [40960, 768, 49152], ""params"": [3.000000476837158, 6.000000953674316, 1.0, 0, 0, 0], ""unused_pointer"": 2365162944}"
events-ep1/q070-bb-j,0,28,"{""base_type"": 26, ""set_flags"": 0, ""runtime_index"": 2012, ""file_offset"": 1920, ""floor_field"": 0, ""entity_id_field"": 18435, ""group"": 0, ""room"": 10, ""unknown_a3"": 0, ""position"": [-154.3662109375, 31.623218536376953, -373.40008544921875], ""angles"": [57344, 0, 49152], ""params"": [2.000000238418579, 4.000000953674316, 1.0, 0, 0, 0], ""unused_pointer"": 2365164560}"
events-ep1/q070-bb-j,0,29,"{""base_type"": 26, ""set_flags"": 0, ""runtime_index"": 2014, ""file_offset"": 1988, ""floor_field"": 0, ""entity_id_field"": 18437, ""group"": 0, ""room"": 10, ""unknown_a3"": 0, ""position"": [-82.00421142578125, 22.99611473083496, -121.99932861328125], ""angles"": [32768, 0, 49152], ""params"": [0.5000000596046448, 1.000000238418579, 1.000000238418579, 0, 0, 0], ""unused_pointer"": 2365164720}"
events-ep1/q070-bb-j,0,30,"{""base_type"": 26, ""set_flags"": 0, ""runtime_index"": 2015, ""file_offset"": 2056, ""floor_field"": 0, ""entity_id_field"": 18438, ""group"": 0, ""room"": 10, ""unknown_a3"": 0, ""position"": [-113.00421142578125, 22.99611473083496, -121.99932861328125], ""angles"": [32768, 0, 49152], ""params"": [0.5000000596046448, 1.000000238418579, 1.000000238418579, 0, 0, 0], ""unused_pointer"": 2365154656}"
events-ep1/q070-bb-j,0,31,"{""base_type"": 26, ""set_flags"": 0, ""runtime_index"": 2016, ""file_offset"": 2124, ""floor_field"": 0, ""entity_id_field"": 18439, ""group"": 0, ""room"": 10, ""unknown_a3"": 0, ""position"": [-2.995574951171875, 22.99611473083496, -121.00407409667969], ""angles"": [32768, 0, 49152], ""params"": [0.5000000596046448, 1.000000238418579, 1.000000238418579, 0, 0, 0], ""unused_pointer"": 2365173600}"
events-ep1/q070-bb-j,0,32,"{""base_type"": 26, ""set_flags"": 0, ""runtime_index"": 2017, ""file_offset"": 2192, ""floor_field"": 0, ""entity_id_field"": 18440, ""group"": 0, ""room"": 10, ""unknown_a3"": 0, ""position"": [14.997833251953125, 22.99611473083496, -139.00390625], ""angles"": [17664, 0, 49152], ""params"": [0.5000000596046448, 1.000000238418579, 1.000000238418579, 0, 0, 0], ""unused_pointer"": 2365174144}"
events-ep1/q070-bb-j,0,33,"{""base_type"": 26, ""set_flags"": 0, ""runtime_index"": 2018, ""file_offset"": 2260, ""floor_field"": 0, ""entity_id_field"": 18441, ""group"": 0, ""room"": 10, ""unknown_a3"": 0, ""position"": [18.997833251953125, 22.99611473083496, -175.00390625], ""angles"": [17664, 0, 49152], ""params"": [0.5000000596046448, 1.000000238418579, 1.000000238418579, 0, 0, 0], ""unused_pointer"": 2365177184}"
events-ep1/q070-bb-j,0,34,"{""base_type"": 26, ""set_flags"": 0, ""runtime_index"": 2019, ""file_offset"": 2328, ""floor_field"": 0, ""entity_id_field"": 18442, ""group"": 0, ""room"": 10, ""unknown_a3"": 0, ""position"": [-15.99884033203125, 48.99734878540039, -427.601318359375], ""angles"": [0, 4096, 49152], ""params"": [0.5000000596046448, 1.000000238418579, 1.000000238418579, 0, 0, 0], ""unused_pointer"": 2365145856}"
events-ep1/q070-bb-j,0,35,"{""base_type"": 26, ""set_flags"": 0, ""runtime_index"": 2020, ""file_offset"": 2396, ""floor_field"": 0, ""entity_id_field"": 18443, ""group"": 0, ""room"": 10, ""unknown_a3"": 0, ""position"": [-358.32421875, 48.00204086303711, -47.97663879394531], ""angles"": [25344, 4096, 49152], ""params"": [1.0000001192092896, 2.000000476837158, 1.000000238418579, 0, 0, 0], ""unused_pointer"": 2365189792}"
events-ep1/q070-bb-j,0,36,"{""base_type"": 26, ""set_flags"": 0, ""runtime_index"": 2021, ""file_offset"": 2464, ""floor_field"": 0, ""entity_id_field"": 18444, ""group"": 0, ""room"": 10, ""unknown_a3"": 0, ""position"": [-392.73101806640625, 43.00204086303711, -31.329437255859375], ""angles"": [32768, 4096, 49152], ""params"": [0.5, 1.000000238418579, 1.000000238418579, 0, 0, 0], ""unused_pointer"": 2365191904}"
events-ep1/q070-bb-j,0,37,"{""base_type"": 26, ""set_flags"": 0, ""runtime_index"": 2022, ""file_offset"": 2532, ""floor_field"": 0, ""entity_id_field"": 18445, ""group"": 0, ""room"": 10, ""unknown_a3"": 0, ""position"": [-422.0050048828125, 43.00204086303711, -39.997589111328125], ""angles"": [38144, 4096, 49152], ""params"": [0.5, 1.000000238418579, 1.000000238418579, 0, 0, 0], ""unused_pointer"": 2365168112}"
events-ep1/q070-bb-j,0,38,"{""base_type"": 26, ""set_flags"": 0, ""runtime_index"": 2023, ""file_offset"": 2600, ""floor_field"": 0, ""entity_id_field"": 18446, ""group"": 0, ""room"": 10, ""unknown_a3"": 0, ""position"": [-442.001220703125, 43.00204086303711, -60.99833679199219], ""angles"": [43520, 4096, 49152], ""params"": [0.5, 1.000000238418579, 1.000000238418579, 0, 0, 0], ""unused_pointer"": 2365191376}"
events-ep1/q070-bb-j,0,39,"{""base_type"": 26, ""set_flags"": 0, ""runtime_index"": 2024, ""file_offset"": 2668, ""floor_field"": 0, ""entity_id_field"": 18447, ""group"": 0, ""room"": 10, ""unknown_a3"": 0, ""position"": [-467.0029602050781, 20.0, -222.99728393554688], ""angles"": [49152, 0, 49152], ""params"": [0.5, 1.000000238418579, 1.000000238418579, 0, 0, 0], ""unused_pointer"": 2365194016}"
events-ep1/q070-bb-j,0,40,"{""base_type"": 26, ""set_flags"": 0, ""runtime_index"": 2025, ""file_offset"": 2736, ""floor_field"": 0, ""entity_id_field"": 18448, ""group"": 0, ""room"": 10, ""unknown_a3"": 0, ""position"": [-467.0029602050781, 40.00000762939453, -222.99728393554688], ""angles"": [49152, 0, 49152], ""params"": [0.5, 1.000000238418579, 1.000000238418579, 0, 0, 0], ""unused_pointer"": 2365193440}"
events-ep1/q070-bb-j,0,41,"{""base_type"": 26, ""set_flags"": 0, ""runtime_index"": 2026, ""file_offset"": 2804, ""floor_field"": 0, ""entity_id_field"": 18449, ""group"": 0, ""room"": 10, ""unknown_a3"": 0, ""position"": [-467.0029602050781, 60.00001525878906, -222.99728393554688], ""angles"": [49152, 0, 49152], ""params"": [0.5, 1.000000238418579, 1.000000238418579, 0, 0, 0], ""unused_pointer"": 2365195456}"
events-ep1/q070-bb-j,0,42,"{""base_type"": 26, ""set_flags"": 0, ""runtime_index"": 2027, ""file_offset"": 2872, ""floor_field"": 0, ""entity_id_field"": 18450, ""group"": 0, ""room"": 10, ""unknown_a3"": 0, ""position"": [-467.0029602050781, 80.00003051757812, -222.99728393554688], ""angles"": [49152, 0, 49152], ""params"": [0.5, 1.000000238418579, 1.000000238418579, 0, 0, 0], ""unused_pointer"": 2365195968}"
events-ep1/q070-bb-j,0,43,"{""base_type"": 26, ""set_flags"": 0, ""runtime_index"": 2031, ""file_offset"": 2940, ""floor_field"": 0, ""entity_id_field"": 18454, ""group"": 0, ""room"": 10, ""unknown_a3"": 0, ""position"": [-203.7351837158203, 61.174957275390625, -50.34791564941406], ""angles"": [32768, 0, 49152], ""params"": [2.5, 5.000000953674316, 1.000000238418579, 0, 0, 0], ""unused_pointer"": 2365165840}"
events-ep1/q070-bb-j,0,44,"{""base_type"": 26, ""set_flags"": 0, ""runtime_index"": 2030, ""file_offset"": 3008, ""floor_field"": 0, ""entity_id_field"": 18453, ""group"": 0, ""room"": 10, ""unknown_a3"": 0, ""position"": [-240.90113830566406, 30.000003814697266, -576.2560424804688], ""angles"": [4096, 0, 49152], ""params"": [3.999999761581421, 8.000000953674316, 1.000000238418579, 0, 0, 0], ""unused_pointer"": 2365166432}"
events-ep1/q070-bb-j,0,45,"{""base_type"": 26, ""set_flags"": 0, ""runtime_index"": 2032, ""file_offset"": 3076, ""floor_field"": 0, ""entity_id_field"": 18455, ""group"": 0, ""room"": 10, ""unknown_a3"": 0, ""position"": [-64.03318786621094, 55.08072280883789, -544.1820678710938], ""angles"": [2816, 4096, 49152], ""params"": [1.000000238418579, 2.000000476837158, 1.000000238418579, 0, 0, 0], ""unused_pointer"": 2365148528}"
events-ep1/q070-bb-j,0,46,"{""base_type"": 26, ""set_flags"": 0, ""runtime_index"": 2034, ""file_offset"": 3144, ""floor_field"": 0, ""entity_id_field"": 18458, ""group"": 0, ""room"": 10, ""unknown_a3"": 0, ""position"": [35.08575439453125, 55.00188446044922, -544.00146484375], ""angles"": [62464, 4096, 49152], ""params"": [1.000000238418579, 2.000000476837158, 1.000000238418579, 0, 0, 0], ""unused_pointer"": 2365164016}"
events-ep1/q070-bb-j,0,47,"{""base_type"": 26, ""set_flags"": 0, ""runtime_index"": 2035, ""file_offset"": 3212, ""floor_field"": 0, ""entity_id_field"": 18459, ""group"": 0, ""room"": 10, ""unknown_a3"": 0, ""position"": [-87.35765075683594, 124.69625091552734, -278.99932861328125], ""angles"": [16384, 4096, 49152], ""params"": [3.0000007152557373, 6.000000953674316, 1.000000238418579, 0, 0, 0], ""unused_pointer"": 2365165648}"
events-ep1/q070-bb-j,0,48,"{""base_type"": 26, ""set_flags"": 0, ""runtime_index"": 2038, ""file_offset"": 3280, ""floor_field"": 0, ""entity_id_field"": 18462, ""group"": 0, ""room"": 10, ""unknown_a3"": 0, ""position"": [221.00119018554688, 30.000003814697266, -296.7373046875], ""angles"": [16384, 0, 49152], ""params"": [0.5000001192092896, 1.000000238418579, 1.000000238418579, 0, 0, 0], ""unused_pointer"": 2365167936}"
events-ep1/q070-bb-j,0,49,"{""base_type"": 26, ""set_flags"": 0, ""runtime_index"": 2039, ""file_offset"": 3348, ""floor_field"": 0, ""entity_id_field"": 18464, ""group"": 0, ""room"": 10, ""unknown_a3"": 0, ""position"": [221.99960327148438, 30.000003814697266, -264.9994812011719], ""angles"": [16384, 0, 49152], ""params"": [0.5000001192092896, 1.000000238418579, 1.000000238418579, 0, 0, 0], ""unused_pointer"": 2365166240}"
events-ep1/q070-bb-j,0,50,"{""base_type"": 26, ""set_flags"": 0, ""runtime_index"": 2041, ""file_offset"": 3416, ""floor_field"": 0, ""entity_id_field"": 18466, ""group"": 0, ""room"": 10, ""unknown_a3"": 0, ""position"": [221.82064819335938, 30.000003814697266, -233.29151916503906], ""angles"": [16384, 0, 49152], ""params"": [0.5000001192092896, 1.000000238418579, 1.000000238418579, 0, 0, 0], ""unused_pointer"": 2365148336}"
events-ep1/q070-bb-j,0,51,"{""base_type"": 26, ""set_flags"": 0, ""runtime_index"": 2045, ""file_offset"": 3484, ""floor_field"": 0, ""entity_id_field"": 18470, ""group"": 0, ""room"": 10, ""unknown_a3"": 0, ""position"": [-228.0, 28.0, -2351.004638671875], ""angles"": [0, 0, 49152], ""params"": [1.5000003576278687, 3.0000007152557373, 1.000000238418579, 0, 0, 0], ""unused_pointer"": 2365164176}"
events-ep1/q71-bb-e,0,26,"{""base_type"": 26, ""set_flags"": 0, ""runtime_index"": 1990, ""file_offset"": 1784, ""floor_field"": 0, ""entity_id_field"": 23880, ""group"": 0, ""room"": 10, ""unknown_a3"": 0, ""position"": [-156.59194946289062, 23.75693702697754, -231.2667236328125], ""angles"": [32768, 0, 49152], ""params"": [1.0, 1.0, 1.0, 0, 0, 0], ""unused_pointer"": 1892349056}"
events-ep1/q71-bb-e,0,27,"{""base_type"": 26, ""set_flags"": 0, ""runtime_index"": 1991, ""file_offset"": 1852, ""floor_field"": 0, ""entity_id_field"": 24136, ""group"": 0, ""room"": 10, ""unknown_a3"": 0, ""position"": [-191.06588745117188, 33.75693893432617, -231.16806030273438], ""angles"": [32768, 0, 49152], ""params"": [2.000000238418579, 2.000000238418579, 1.0, 0, 0, 0], ""unused_pointer"": 1355609216}"
events-ep1/q71-bb-e,0,28,"{""base_type"": 26, ""set_flags"": 0, ""runtime_index"": 1992, ""file_offset"": 1920, ""floor_field"": 0, ""entity_id_field"": 24392, ""group"": 0, ""room"": 10, ""unknown_a3"": 0, ""position"": [-245.95738220214844, 44.75693893432617, -231.8171844482422], ""angles"": [32768, 0, 49152], ""params"": [3.000000476837158, 3.000000476837158, 1.0, 0, 0, 0], ""unused_pointer"": 4039963776}"
events-ep1/q71-bb-e,0,29,"{""base_type"": 26, ""set_flags"": 0, ""runtime_index"": 1993, ""file_offset"": 1988, ""floor_field"": 0, ""entity_id_field"": 24648, ""group"": 0, ""room"": 10, ""unknown_a3"": 0, ""position"": [-476.147216796875, 92.2938003540039, -325.8175048828125], ""angles"": [45056, 0, 49152], ""params"": [4.000000953674316, 4.000000953674316, 1.0, 0, 0, 0], ""unused_pointer"": 2429416576}"
events-ep1/q71-bb-e,0,30,"{""base_type"": 26, ""set_flags"": 0, ""runtime_index"": 1994, ""file_offset"": 2056, ""floor_field"": 0, ""entity_id_field"": 24904, ""group"": 0, ""room"": 10, ""unknown_a3"": 0, ""position"": [-137.41549682617188, 25.0, -188.05404663085938], ""angles"": [49152, 0, 49152], ""params"": [1.000000238418579, 1.000000238418579, 1.0, 0, 0, 0], ""unused_pointer"": 818869376}"
events-ep1/q71-bb-e,0,31,"{""base_type"": 26, ""set_flags"": 0, ""runtime_index"": 1995, ""file_offset"": 2124, ""floor_field"": 0, ""entity_id_field"": 25160, ""group"": 0, ""room"": 10, ""unknown_a3"": 0, ""position"": [-137.41549682617188, 49.0, -188.05404663085938], ""angles"": [49152, 0, 49152], ""params"": [1.000000238418579, 1.000000238418579, 1.0, 0, 0, 0], ""unused_pointer"": 3503223936}"
events-ep1/q71-bb-e,0,32,"{""base_type"": 26, ""set_flags"": 0, ""runtime_index"": 1996, ""file_offset"": 2192, ""floor_field"": 0, ""entity_id_field"": 25416, ""group"": 0, ""room"": 10, ""unknown_a3"": 0, ""position"": [-137.41549682617188, 73.0, -188.05404663085938], ""angles"": [49152, 0, 49152], ""params"": [1.000000238418579, 1.000000238418579, 1.0, 0, 0, 0], ""unused_pointer"": 1892676736}"
events-ep1/q71-bb-j,0,26,"{""base_type"": 26, ""set_flags"": 0, ""runtime_index"": 1990, ""file_offset"": 1784, ""floor_field"": 0, ""entity_id_field"": 23880, ""group"": 0, ""room"": 10, ""unknown_a3"": 0, ""position"": [-156.59194946289062, 23.75693702697754, -231.2667236328125], ""angles"": [32768, 0, 49152], ""params"": [1.0, 1.0, 1.0, 0, 0, 0], ""unused_pointer"": 1892349056}"
events-ep1/q71-bb-j,0,27,"{""base_type"": 26, ""set_flags"": 0, ""runtime_index"": 1991, ""file_offset"": 1852, ""floor_field"": 0, ""entity_id_field"": 24136, ""group"": 0, ""room"": 10, ""unknown_a3"": 0, ""position"": [-191.06588745117188, 33.75693893432617, -231.16806030273438], ""angles"": [32768, 0, 49152], ""params"": [2.000000238418579, 2.000000238418579, 1.0, 0, 0, 0], ""unused_pointer"": 1355609216}"
events-ep1/q71-bb-j,0,28,"{""base_type"": 26, ""set_flags"": 0, ""runtime_index"": 1992, ""file_offset"": 1920, ""floor_field"": 0, ""entity_id_field"": 24392, ""group"": 0, ""room"": 10, ""unknown_a3"": 0, ""position"": [-245.95738220214844, 44.75693893432617, -231.8171844482422], ""angles"": [32768, 0, 49152], ""params"": [3.000000476837158, 3.000000476837158, 1.0, 0, 0, 0], ""unused_pointer"": 4039963776}"
events-ep1/q71-bb-j,0,29,"{""base_type"": 26, ""set_flags"": 0, ""runtime_index"": 1993, ""file_offset"": 1988, ""floor_field"": 0, ""entity_id_field"": 24648, ""group"": 0, ""room"": 10, ""unknown_a3"": 0, ""position"": [-476.147216796875, 92.2938003540039, -325.8175048828125], ""angles"": [45056, 0, 49152], ""params"": [4.000000953674316, 4.000000953674316, 1.0, 0, 0, 0], ""unused_pointer"": 2429416576}"
events-ep1/q71-bb-j,0,30,"{""base_type"": 26, ""set_flags"": 0, ""runtime_index"": 1994, ""file_offset"": 2056, ""floor_field"": 0, ""entity_id_field"": 24904, ""group"": 0, ""room"": 10, ""unknown_a3"": 0, ""position"": [-137.41549682617188, 25.0, -188.05404663085938], ""angles"": [49152, 0, 49152], ""params"": [1.000000238418579, 1.000000238418579, 1.0, 0, 0, 0], ""unused_pointer"": 818869376}"
events-ep1/q71-bb-j,0,31,"{""base_type"": 26, ""set_flags"": 0, ""runtime_index"": 1995, ""file_offset"": 2124, ""floor_field"": 0, ""entity_id_field"": 25160, ""group"": 0, ""room"": 10, ""unknown_a3"": 0, ""position"": [-137.41549682617188, 49.0, -188.05404663085938], ""angles"": [49152, 0, 49152], ""params"": [1.000000238418579, 1.000000238418579, 1.0, 0, 0, 0], ""unused_pointer"": 3503223936}"
events-ep1/q71-bb-j,0,32,"{""base_type"": 26, ""set_flags"": 0, ""runtime_index"": 1996, ""file_offset"": 2192, ""floor_field"": 0, ""entity_id_field"": 25416, ""group"": 0, ""room"": 10, ""unknown_a3"": 0, ""position"": [-137.41549682617188, 73.0, -188.05404663085938], ""angles"": [49152, 0, 49152], ""params"": [1.000000238418579, 1.000000238418579, 1.0, 0, 0, 0], ""unused_pointer"": 1892676736}"
events-ep1/q80-bb-e,0,26,"{""base_type"": 26, ""set_flags"": 0, ""runtime_index"": 1990, ""file_offset"": 1784, ""floor_field"": 0, ""entity_id_field"": 23880, ""group"": 0, ""room"": 10, ""unknown_a3"": 0, ""position"": [-156.59194946289062, 23.75693702697754, -231.2667236328125], ""angles"": [32768, 0, 49152], ""params"": [1.0, 1.0, 1.0, 0, 0, 0], ""unused_pointer"": 1892349056}"
events-ep1/q80-bb-e,0,27,"{""base_type"": 26, ""set_flags"": 0, ""runtime_index"": 1991, ""file_offset"": 1852, ""floor_field"": 0, ""entity_id_field"": 24136, ""group"": 0, ""room"": 10, ""unknown_a3"": 0, ""position"": [-191.06588745117188, 33.75693893432617, -231.16806030273438], ""angles"": [32768, 0, 49152], ""params"": [2.000000238418579, 2.000000238418579, 1.0, 0, 0, 0], ""unused_pointer"": 1355609216}"
events-ep1/q80-bb-e,0,28,"{""base_type"": 26, ""set_flags"": 0, ""runtime_index"": 1993, ""file_offset"": 1920, ""floor_field"": 0, ""entity_id_field"": 24648, ""group"": 0, ""room"": 10, ""unknown_a3"": 0, ""position"": [-476.147216796875, 92.2938003540039, -325.8175048828125], ""angles"": [45056, 0, 49152], ""params"": [4.000000953674316, 4.000000953674316, 1.0, 0, 0, 0], ""unused_pointer"": 2429416576}"
events-ep1/q80-bb-e,0,29,"{""base_type"": 26, ""set_flags"": 0, ""runtime_index"": 1994, ""file_offset"": 1988, ""floor_field"": 0, ""entity_id_field"": 24904, ""group"": 0, ""room"": 10, ""unknown_a3"": 0, ""position"": [-137.41549682617188, 25.0, -188.05404663085938], ""angles"": [49152, 0, 49152], ""params"": [1.000000238418579, 1.000000238418579, 1.0, 0, 0, 0], ""unused_pointer"": 818869376}"
events-ep1/q80-bb-e,0,30,"{""base_type"": 26, ""set_flags"": 0, ""runtime_index"": 1995, ""file_offset"": 2056, ""floor_field"": 0, ""entity_id_field"": 25160, ""group"": 0, ""room"": 10, ""unknown_a3"": 0, ""position"": [-137.41549682617188, 49.0, -188.05404663085938], ""angles"": [49152, 0, 49152], ""params"": [1.000000238418579, 1.000000238418579, 1.0, 0, 0, 0], ""unused_pointer"": 3503223936}"
events-ep1/q80-bb-e,0,31,"{""base_type"": 26, ""set_flags"": 0, ""runtime_index"": 1996, ""file_offset"": 2124, ""floor_field"": 0, ""entity_id_field"": 25416, ""group"": 0, ""room"": 10, ""unknown_a3"": 0, ""position"": [-137.41549682617188, 73.0, -188.05404663085938], ""angles"": [49152, 0, 49152], ""params"": [1.000000238418579, 1.000000238418579, 1.0, 0, 0, 0], ""unused_pointer"": 1892676736}"
events-ep1/q80-bb-j,0,26,"{""base_type"": 26, ""set_flags"": 0, ""runtime_index"": 1990, ""file_offset"": 1784, ""floor_field"": 0, ""entity_id_field"": 23880, ""group"": 0, ""room"": 10, ""unknown_a3"": 0, ""position"": [-156.59194946289062, 23.75693702697754, -231.2667236328125], ""angles"": [32768, 0, 49152], ""params"": [1.0, 1.0, 1.0, 0, 0, 0], ""unused_pointer"": 1892349056}"
events-ep1/q80-bb-j,0,27,"{""base_type"": 26, ""set_flags"": 0, ""runtime_index"": 1991, ""file_offset"": 1852, ""floor_field"": 0, ""entity_id_field"": 24136, ""group"": 0, ""room"": 10, ""unknown_a3"": 0, ""position"": [-191.06588745117188, 33.75693893432617, -231.16806030273438], ""angles"": [32768, 0, 49152], ""params"": [2.000000238418579, 2.000000238418579, 1.0, 0, 0, 0], ""unused_pointer"": 1355609216}"
events-ep1/q80-bb-j,0,28,"{""base_type"": 26, ""set_flags"": 0, ""runtime_index"": 1993, ""file_offset"": 1920, ""floor_field"": 0, ""entity_id_field"": 24648, ""group"": 0, ""room"": 10, ""unknown_a3"": 0, ""position"": [-476.147216796875, 92.2938003540039, -325.8175048828125], ""angles"": [45056, 0, 49152], ""params"": [4.000000953674316, 4.000000953674316, 1.0, 0, 0, 0], ""unused_pointer"": 2429416576}"
events-ep1/q80-bb-j,0,29,"{""base_type"": 26, ""set_flags"": 0, ""runtime_index"": 1994, ""file_offset"": 1988, ""floor_field"": 0, ""entity_id_field"": 24904, ""group"": 0, ""room"": 10, ""unknown_a3"": 0, ""position"": [-137.41549682617188, 25.0, -188.05404663085938], ""angles"": [49152, 0, 49152], ""params"": [1.000000238418579, 1.000000238418579, 1.0, 0, 0, 0], ""unused_pointer"": 818869376}"
events-ep1/q80-bb-j,0,30,"{""base_type"": 26, ""set_flags"": 0, ""runtime_index"": 1995, ""file_offset"": 2056, ""floor_field"": 0, ""entity_id_field"": 25160, ""group"": 0, ""room"": 10, ""unknown_a3"": 0, ""position"": [-137.41549682617188, 49.0, -188.05404663085938], ""angles"": [49152, 0, 49152], ""params"": [1.000000238418579, 1.000000238418579, 1.0, 0, 0, 0], ""unused_pointer"": 3503223936}"
events-ep1/q80-bb-j,0,31,"{""base_type"": 26, ""set_flags"": 0, ""runtime_index"": 1996, ""file_offset"": 2124, ""floor_field"": 0, ""entity_id_field"": 25416, ""group"": 0, ""room"": 10, ""unknown_a3"": 0, ""position"": [-137.41549682617188, 73.0, -188.05404663085938], ""angles"": [49152, 0, 49152], ""params"": [1.000000238418579, 1.000000238418579, 1.0, 0, 0, 0], ""unused_pointer"": 1892676736}"
events-ep1/q112-bb-e,0,26,"{""base_type"": 26, ""set_flags"": 0, ""runtime_index"": 1990, ""file_offset"": 1784, ""floor_field"": 0, ""entity_id_field"": 23880, ""group"": 0, ""room"": 10, ""unknown_a3"": 0, ""position"": [-156.59194946289062, 23.75693702697754, -231.2667236328125], ""angles"": [32768, 0, 49152], ""params"": [1.0, 1.0, 1.0, 0, 0, 0], ""unused_pointer"": 1892349056}"
events-ep1/q112-bb-e,0,27,"{""base_type"": 26, ""set_flags"": 0, ""runtime_index"": 1991, ""file_offset"": 1852, ""floor_field"": 0, ""entity_id_field"": 24136, ""group"": 0, ""room"": 10, ""unknown_a3"": 0, ""position"": [-191.06588745117188, 33.75693893432617, -231.16806030273438], ""angles"": [32768, 0, 49152], ""params"": [2.000000238418579, 2.000000238418579, 1.0, 0, 0, 0], ""unused_pointer"": 1355609216}"
events-ep1/q112-bb-e,0,28,"{""base_type"": 26, ""set_flags"": 0, ""runtime_index"": 1992, ""file_offset"": 1920, ""floor_field"": 0, ""entity_id_field"": 24392, ""group"": 0, ""room"": 10, ""unknown_a3"": 0, ""position"": [-245.95738220214844, 44.75693893432617, -231.8171844482422], ""angles"": [32768, 0, 49152], ""params"": [3.000000476837158, 3.000000476837158, 1.0, 0, 0, 0], ""unused_pointer"": 4039963776}"
events-ep1/q112-bb-e,0,29,"{""base_type"": 26, ""set_flags"": 0, ""runtime_index"": 1993, ""file_offset"": 1988, ""floor_field"": 0, ""entity_id_field"": 24648, ""group"": 0, ""room"": 10, ""unknown_a3"": 0, ""position"": [-476.147216796875, 92.2938003540039, -325.8175048828125], ""angles"": [45056, 0, 49152], ""params"": [4.000000953674316, 4.000000953674316, 1.0, 0, 0, 0], ""unused_pointer"": 2429416576}"
events-ep1/q112-bb-e,0,30,"{""base_type"": 26, ""set_flags"": 0, ""runtime_index"": 1994, ""file_offset"": 2056, ""floor_field"": 0, ""entity_id_field"": 24904, ""group"": 0, ""room"": 10, ""unknown_a3"": 0, ""position"": [-137.41549682617188, 25.0, -188.05404663085938], ""angles"": [49152, 0, 49152], ""params"": [1.000000238418579, 1.000000238418579, 1.0, 0, 0, 0], ""unused_pointer"": 818869376}"
events-ep1/q112-bb-e,0,31,"{""base_type"": 26, ""set_flags"": 0, ""runtime_index"": 1995, ""file_offset"": 2124, ""floor_field"": 0, ""entity_id_field"": 25160, ""group"": 0, ""room"": 10, ""unknown_a3"": 0, ""position"": [-137.41549682617188, 49.0, -188.05404663085938], ""angles"": [49152, 0, 49152], ""params"": [1.000000238418579, 1.000000238418579, 1.0, 0, 0, 0], ""unused_pointer"": 3503223936}"
events-ep1/q112-bb-e,0,32,"{""base_type"": 26, ""set_flags"": 0, ""runtime_index"": 1996, ""file_offset"": 2192, ""floor_field"": 0, ""entity_id_field"": 25416, ""group"": 0, ""room"": 10, ""unknown_a3"": 0, ""position"": [-137.41549682617188, 73.0, -188.05404663085938], ""angles"": [49152, 0, 49152], ""params"": [1.000000238418579, 1.000000238418579, 1.0, 0, 0, 0], ""unused_pointer"": 1892676736}"
events-ep1/q112-bb-j,0,26,"{""base_type"": 26, ""set_flags"": 0, ""runtime_index"": 1990, ""file_offset"": 1784, ""floor_field"": 0, ""entity_id_field"": 23880, ""group"": 0, ""room"": 10, ""unknown_a3"": 0, ""position"": [-156.59194946289062, 23.75693702697754, -231.2667236328125], ""angles"": [32768, 0, 49152], ""params"": [1.0, 1.0, 1.0, 0, 0, 0], ""unused_pointer"": 1892349056}"
events-ep1/q112-bb-j,0,27,"{""base_type"": 26, ""set_flags"": 0, ""runtime_index"": 1991, ""file_offset"": 1852, ""floor_field"": 0, ""entity_id_field"": 24136, ""group"": 0, ""room"": 10, ""unknown_a3"": 0, ""position"": [-191.06588745117188, 33.75693893432617, -231.16806030273438], ""angles"": [32768, 0, 49152], ""params"": [2.000000238418579, 2.000000238418579, 1.0, 0, 0, 0], ""unused_pointer"": 1355609216}"
events-ep1/q112-bb-j,0,28,"{""base_type"": 26, ""set_flags"": 0, ""runtime_index"": 1992, ""file_offset"": 1920, ""floor_field"": 0, ""entity_id_field"": 24392, ""group"": 0, ""room"": 10, ""unknown_a3"": 0, ""position"": [-245.95738220214844, 44.75693893432617, -231.8171844482422], ""angles"": [32768, 0, 49152], ""params"": [3.000000476837158, 3.000000476837158, 1.0, 0, 0, 0], ""unused_pointer"": 4039963776}"
events-ep1/q112-bb-j,0,29,"{""base_type"": 26, ""set_flags"": 0, ""runtime_index"": 1993, ""file_offset"": 1988, ""floor_field"": 0, ""entity_id_field"": 24648, ""group"": 0, ""room"": 10, ""unknown_a3"": 0, ""position"": [-476.147216796875, 92.2938003540039, -325.8175048828125], ""angles"": [45056, 0, 49152], ""params"": [4.000000953674316, 4.000000953674316, 1.0, 0, 0, 0], ""unused_pointer"": 2429416576}"
events-ep1/q112-bb-j,0,30,"{""base_type"": 26, ""set_flags"": 0, ""runtime_index"": 1994, ""file_offset"": 2056, ""floor_field"": 0, ""entity_id_field"": 24904, ""group"": 0, ""room"": 10, ""unknown_a3"": 0, ""position"": [-137.41549682617188, 25.0, -188.05404663085938], ""angles"": [49152, 0, 49152], ""params"": [1.000000238418579, 1.000000238418579, 1.0, 0, 0, 0], ""unused_pointer"": 818869376}"
events-ep1/q112-bb-j,0,31,"{""base_type"": 26, ""set_flags"": 0, ""runtime_index"": 1995, ""file_offset"": 2124, ""floor_field"": 0, ""entity_id_field"": 25160, ""group"": 0, ""room"": 10, ""unknown_a3"": 0, ""position"": [-137.41549682617188, 49.0, -188.05404663085938], ""angles"": [49152, 0, 49152], ""params"": [1.000000238418579, 1.000000238418579, 1.0, 0, 0, 0], ""unused_pointer"": 3503223936}"
events-ep1/q112-bb-j,0,32,"{""base_type"": 26, ""set_flags"": 0, ""runtime_index"": 1996, ""file_offset"": 2192, ""floor_field"": 0, ""entity_id_field"": 25416, ""group"": 0, ""room"": 10, ""unknown_a3"": 0, ""position"": [-137.41549682617188, 73.0, -188.05404663085938], ""angles"": [49152, 0, 49152], ""params"": [1.000000238418579, 1.000000238418579, 1.0, 0, 0, 0], ""unused_pointer"": 1892676736}"
events-ep2/q91-bb-e,0,44,"{""base_type"": 26, ""set_flags"": 512, ""runtime_index"": 11264, ""file_offset"": 3008, ""floor_field"": 0, ""entity_id_field"": 11328, ""group"": 0, ""room"": 10, ""unknown_a3"": 0, ""position"": [235.76998901367188, 3.2699999809265137, -210.0399932861328], ""angles"": [30208, 0, 49152], ""params"": [2.0, 2.0, 1.0, 0, 0, 0], ""unused_pointer"": 1078784128}"
events-ep2/q91-bb-e,0,45,"{""base_type"": 26, ""set_flags"": 512, ""runtime_index"": 11520, ""file_offset"": 3076, ""floor_field"": 0, ""entity_id_field"": 11584, ""group"": 0, ""room"": 10, ""unknown_a3"": 0, ""position"": [230.839111328125, 3.2699999809265137, -449.4473876953125], ""angles"": [3584, 0, 49152], ""params"": [2.0, 2.0, 1.0, 0, 0, 0], ""unused_pointer"": 3763138688}"
events-ep2/q91-bb-e,0,46,"{""base_type"": 26, ""set_flags"": 512, ""runtime_index"": 11776, ""file_offset"": 3144, ""floor_field"": 0, ""entity_id_field"": 11840, ""group"": 0, ""room"": 10, ""unknown_a3"": 0, ""position"": [22.0, 18.529998779296875, -230.38999938964844], ""angles"": [32768, 0, 49152], ""params"": [1.7999999523162842, 1.7999999523162842, 1.0, 0, 0, 0], ""unused_pointer"": 2152591488}"
events-ep2/q91-bb-e,0,47,"{""base_type"": 26, ""set_flags"": 512, ""runtime_index"": 12032, ""file_offset"": 3212, ""floor_field"": 0, ""entity_id_field"": 12096, ""group"": 0, ""room"": 10, ""unknown_a3"": 0, ""position"": [297.7799987792969, 3.2699999809265137, -341.2666015625], ""angles"": [16384, 0, 49152], ""params"": [2.0, 2.0, 1.0, 0, 0, 0], ""unused_pointer"": 542044288}"
events-ep2/q91-bb-e,0,48,"{""base_type"": 26, ""set_flags"": 512, ""runtime_index"": 12288, ""file_offset"": 3280, ""floor_field"": 0, ""entity_id_field"": 12352, ""group"": 0, ""room"": 10, ""unknown_a3"": 0, ""position"": [-262.44000244140625, 41.30999755859375, -149.8800048828125], ""angles"": [49408, 5632, 49152], ""params"": [1.0, 1.25, 1.0, 0, 0, 0], ""unused_pointer"": 3226398848}"
events-ep2/q91-bb-e,0,49,"{""base_type"": 26, ""set_flags"": 512, ""runtime_index"": 12544, ""file_offset"": 3348, ""floor_field"": 0, ""entity_id_field"": 12608, ""group"": 0, ""room"": 10, ""unknown_a3"": 0, ""position"": [-262.94000244140625, 41.30999755859375, -29.699996948242188], ""angles"": [49408, 5632, 49152], ""params"": [1.0, 1.25, 1.0, 0, 0, 0], ""unused_pointer"": 1615851648}"
events-ep2/q91-bb-e,0,50,"{""base_type"": 26, ""set_flags"": 512, ""runtime_index"": 12800, ""file_offset"": 3416, ""floor_field"": 0, ""entity_id_field"": 12864, ""group"": 0, ""room"": 70, ""unknown_a3"": 0, ""position"": [-74.300048828125, 39.0, 0.0], ""angles"": [49408, 5632, 49152], ""params"": [1.0, 1.25, 1.0, 0, 0, 0], ""unused_pointer"": 5304448}"
events-ep2/q91-bb-e,0,51,"{""base_type"": 26, ""set_flags"": 512, ""runtime_index"": 13056, ""file_offset"": 3484, ""floor_field"": 0, ""entity_id_field"": 13120, ""group"": 0, ""room"": 70, ""unknown_a3"": 0, ""position"": [75.2000732421875, 39.0, 0.0], ""angles"": [82176, 5632, 49152], ""params"": [1.0, 1.25, 1.0, 0, 0, 0], ""unused_pointer"": 2689659008}"
events-ep2/q91-bb-e,0,52,"{""base_type"": 26, ""set_flags"": 512, ""runtime_index"": 13312, ""file_offset"": 3552, ""floor_field"": 0, ""entity_id_field"": 13376, ""group"": 0, ""room"": 70, ""unknown_a3"": 0, ""position"": [-63.10986328125, 39.0, -32.89999771118164], ""angles"": [57360, 5632, 49152], ""params"": [1.0, 1.25, 1.0, 0, 0, 0], ""unused_pointer"": 1079111808}"
events-ep2/q91-bb-e,0,53,"{""base_type"": 26, ""set_flags"": 512, ""runtime_index"": 13568, ""file_offset"": 3620, ""floor_field"": 0, ""entity_id_field"": 13632, ""group"": 0, ""room"": 70, ""unknown_a3"": 0, ""position"": [-63.22998046875, 39.56999969482422, 33.599998474121094], ""angles"": [41056, 5376, 49152], ""params"": [1.0, 1.25, 1.0, 0, 0, 0], ""unused_pointer"": 3763466368}"
events-ep2/q91-bb-e,0,54,"{""base_type"": 26, ""set_flags"": 512, ""runtime_index"": 13824, ""file_offset"": 3688, ""floor_field"": 0, ""entity_id_field"": 13888, ""group"": 0, ""room"": 10, ""unknown_a3"": 0, ""position"": [-31.049598693847656, 49.79374694824219, -29.323028564453125], ""angles"": [16384, 0, 56064], ""params"": [1.1999999284744263, 1.5, 1.0, 0, 0, 0], ""unused_pointer"": 2152919168}"
events-ep2/q91-bb-e,0,55,"{""base_type"": 26, ""set_flags"": 512, ""runtime_index"": 14080, ""file_offset"": 3756, ""floor_field"": 0, ""entity_id_field"": 14144, ""group"": 0, ""room"": 10, ""unknown_a3"": 0, ""position"": [-12.840003967285156, -10.0, -390.010009765625], ""angles"": [32768, 0, 49152], ""params"": [0.29999998211860657, 0.29999998211860657, 1.0, 0, 0, 0], ""unused_pointer"": 542371968}"
events-ep2/q91-bb-e,0,56,"{""base_type"": 26, ""set_flags"": 512, ""runtime_index"": 14336, ""file_offset"": 3824, ""floor_field"": 0, ""entity_id_field"": 14400, ""group"": 0, ""room"": 10, ""unknown_a3"": 0, ""position"": [-21.480003356933594, 43.46999740600586, -290.30999755859375], ""angles"": [98304, 4096, 49152], ""params"": [1.7999999523162842, 1.7999999523162842, 1.0, 0, 0, 0], ""unused_pointer"": 3226726528}"
events-ep2/q91-bb-e,0,57,"{""base_type"": 26, ""set_flags"": 512, ""runtime_index"": 14592, ""file_offset"": 3892, ""floor_field"": 0, ""entity_id_field"": 14656, ""group"": 0, ""room"": 10, ""unknown_a3"": 0, ""position"": [-21.480003356933594, 43.46999740600586, -369.30999755859375], ""angles"": [65536, 0, 49152], ""params"": [1.7999999523162842, 1.7999999523162842, 1.0, 0, 0, 0], ""unused_pointer"": 1616179328}"
events-ep2/q91-bb-e,0,58,"{""base_type"": 26, ""set_flags"": 512, ""runtime_index"": 14848, ""file_offset"": 3960, ""floor_field"": 0, ""entity_id_field"": 14912, ""group"": 0, ""room"": 10, ""unknown_a3"": 0, ""position"": [-21.480003356933594, 43.46999740600586, -369.30999755859375], ""angles"": [65536, 4096, 49152], ""params"": [1.7999999523162842, 1.7999999523162842, 1.0, 0, 0, 0], ""unused_pointer"": 5632128}"
events-ep2/q91-bb-e,0,59,"{""base_type"": 26, ""set_flags"": 512, ""runtime_index"": 15104, ""file_offset"": 4028, ""floor_field"": 0, ""entity_id_field"": 15168, ""group"": 0, ""room"": 10, ""unknown_a3"": 0, ""position"": [-21.480003356933594, 43.46999740600586, -290.30999755859375], ""angles"": [98304, 0, 49152], ""params"": [1.7999999523162842, 1.7999999523162842, 1.0, 0, 0, 0], ""unused_pointer"": 2689986688}"
events-ep2/q91-bb-e,0,60,"{""base_type"": 26, ""set_flags"": 512, ""runtime_index"": 15360, ""file_offset"": 4096, ""floor_field"": 0, ""entity_id_field"": 15424, ""group"": 0, ""room"": 10, ""unknown_a3"": 0, ""position"": [-119.9000015258789, 28.26999855041504, -300.0], ""angles"": [49152, 0, 49152], ""params"": [1.0, 1.0, 1.0, 0, 0, 0], ""unused_pointer"": 1079439488}"
events-ep2/q91-bb-e,0,61,"{""base_type"": 26, ""set_flags"": 512, ""runtime_index"": 15616, ""file_offset"": 4164, ""floor_field"": 0, ""entity_id_field"": 15680, ""group"": 0, ""room"": 10, ""unknown_a3"": 0, ""position"": [-105.95999908447266, 28.779998779296875, -75.11000061035156], ""angles"": [57344, 0, 49152], ""params"": [1.0, 1.0, 1.0, 0, 0, 0], ""unused_pointer"": 3763794048}"
events-ep2/q91-bb-j,0,44,"{""base_type"": 26, ""set_flags"": 512, ""runtime_index"": 11264, ""file_offset"": 3008, ""floor_field"": 0, ""entity_id_field"": 11328, ""group"": 0, ""room"": 10, ""unknown_a3"": 0, ""position"": [235.76998901367188, 3.2699999809265137, -210.0399932861328], ""angles"": [30208, 0, 49152], ""params"": [2.0, 2.0, 1.0, 0, 0, 0], ""unused_pointer"": 1078784128}"
events-ep2/q91-bb-j,0,45,"{""base_type"": 26, ""set_flags"": 512, ""runtime_index"": 11520, ""file_offset"": 3076, ""floor_field"": 0, ""entity_id_field"": 11584, ""group"": 0, ""room"": 10, ""unknown_a3"": 0, ""position"": [230.839111328125, 3.2699999809265137, -449.4473876953125], ""angles"": [3584, 0, 49152], ""params"": [2.0, 2.0, 1.0, 0, 0, 0], ""unused_pointer"": 3763138688}"
events-ep2/q91-bb-j,0,46,"{""base_type"": 26, ""set_flags"": 512, ""runtime_index"": 11776, ""file_offset"": 3144, ""floor_field"": 0, ""entity_id_field"": 11840, ""group"": 0, ""room"": 10, ""unknown_a3"": 0, ""position"": [22.0, 18.529998779296875, -230.38999938964844], ""angles"": [32768, 0, 49152], ""params"": [1.7999999523162842, 1.7999999523162842, 1.0, 0, 0, 0], ""unused_pointer"": 2152591488}"
events-ep2/q91-bb-j,0,47,"{""base_type"": 26, ""set_flags"": 512, ""runtime_index"": 12032, ""file_offset"": 3212, ""floor_field"": 0, ""entity_id_field"": 12096, ""group"": 0, ""room"": 10, ""unknown_a3"": 0, ""position"": [297.7799987792969, 3.2699999809265137, -341.2666015625], ""angles"": [16384, 0, 49152], ""params"": [2.0, 2.0, 1.0, 0, 0, 0], ""unused_pointer"": 542044288}"
events-ep2/q91-bb-j,0,48,"{""base_type"": 26, ""set_flags"": 512, ""runtime_index"": 12288, ""file_offset"": 3280, ""floor_field"": 0, ""entity_id_field"": 12352, ""group"": 0, ""room"": 10, ""unknown_a3"": 0, ""position"": [-262.44000244140625, 41.30999755859375, -149.8800048828125], ""angles"": [49408, 5632, 49152], ""params"": [1.0, 1.25, 1.0, 0, 0, 0], ""unused_pointer"": 3226398848}"
events-ep2/q91-bb-j,0,49,"{""base_type"": 26, ""set_flags"": 512, ""runtime_index"": 12544, ""file_offset"": 3348, ""floor_field"": 0, ""entity_id_field"": 12608, ""group"": 0, ""room"": 10, ""unknown_a3"": 0, ""position"": [-262.94000244140625, 41.30999755859375, -29.699996948242188], ""angles"": [49408, 5632, 49152], ""params"": [1.0, 1.25, 1.0, 0, 0, 0], ""unused_pointer"": 1615851648}"
events-ep2/q91-bb-j,0,50,"{""base_type"": 26, ""set_flags"": 512, ""runtime_index"": 12800, ""file_offset"": 3416, ""floor_field"": 0, ""entity_id_field"": 12864, ""group"": 0, ""room"": 70, ""unknown_a3"": 0, ""position"": [-74.300048828125, 39.0, 0.0], ""angles"": [49408, 5632, 49152], ""params"": [1.0, 1.25, 1.0, 0, 0, 0], ""unused_pointer"": 5304448}"
events-ep2/q91-bb-j,0,51,"{""base_type"": 26, ""set_flags"": 512, ""runtime_index"": 13056, ""file_offset"": 3484, ""floor_field"": 0, ""entity_id_field"": 13120, ""group"": 0, ""room"": 70, ""unknown_a3"": 0, ""position"": [75.2000732421875, 39.0, 0.0], ""angles"": [82176, 5632, 49152], ""params"": [1.0, 1.25, 1.0, 0, 0, 0], ""unused_pointer"": 2689659008}"
events-ep2/q91-bb-j,0,52,"{""base_type"": 26, ""set_flags"": 512, ""runtime_index"": 13312, ""file_offset"": 3552, ""floor_field"": 0, ""entity_id_field"": 13376, ""group"": 0, ""room"": 70, ""unknown_a3"": 0, ""position"": [-63.10986328125, 39.0, -32.89999771118164], ""angles"": [57360, 5632, 49152], ""params"": [1.0, 1.25, 1.0, 0, 0, 0], ""unused_pointer"": 1079111808}"
events-ep2/q91-bb-j,0,53,"{""base_type"": 26, ""set_flags"": 512, ""runtime_index"": 13568, ""file_offset"": 3620, ""floor_field"": 0, ""entity_id_field"": 13632, ""group"": 0, ""room"": 70, ""unknown_a3"": 0, ""position"": [-63.22998046875, 39.56999969482422, 33.599998474121094], ""angles"": [41056, 5376, 49152], ""params"": [1.0, 1.25, 1.0, 0, 0, 0], ""unused_pointer"": 3763466368}"
events-ep2/q91-bb-j,0,54,"{""base_type"": 26, ""set_flags"": 512, ""runtime_index"": 13824, ""file_offset"": 3688, ""floor_field"": 0, ""entity_id_field"": 13888, ""group"": 0, ""room"": 10, ""unknown_a3"": 0, ""position"": [-31.049598693847656, 49.79374694824219, -29.323028564453125], ""angles"": [16384, 0, 56064], ""params"": [1.1999999284744263, 1.5, 1.0, 0, 0, 0], ""unused_pointer"": 2152919168}"
events-ep2/q91-bb-j,0,55,"{""base_type"": 26, ""set_flags"": 512, ""runtime_index"": 14080, ""file_offset"": 3756, ""floor_field"": 0, ""entity_id_field"": 14144, ""group"": 0, ""room"": 10, ""unknown_a3"": 0, ""position"": [-12.840003967285156, -10.0, -390.010009765625], ""angles"": [32768, 0, 49152], ""params"": [0.29999998211860657, 0.29999998211860657, 1.0, 0, 0, 0], ""unused_pointer"": 542371968}"
events-ep2/q91-bb-j,0,56,"{""base_type"": 26, ""set_flags"": 512, ""runtime_index"": 14336, ""file_offset"": 3824, ""floor_field"": 0, ""entity_id_field"": 14400, ""group"": 0, ""room"": 10, ""unknown_a3"": 0, ""position"": [-21.480003356933594, 43.46999740600586, -290.30999755859375], ""angles"": [98304, 4096, 49152], ""params"": [1.7999999523162842, 1.7999999523162842, 1.0, 0, 0, 0], ""unused_pointer"": 3226726528}"
events-ep2/q91-bb-j,0,57,"{""base_type"": 26, ""set_flags"": 512, ""runtime_index"": 14592, ""file_offset"": 3892, ""floor_field"": 0, ""entity_id_field"": 14656, ""group"": 0, ""room"": 10, ""unknown_a3"": 0, ""position"": [-21.480003356933594, 43.46999740600586, -369.30999755859375], ""angles"": [65536, 0, 49152], ""params"": [1.7999999523162842, 1.7999999523162842, 1.0, 0, 0, 0], ""unused_pointer"": 1616179328}"
events-ep2/q91-bb-j,0,58,"{""base_type"": 26, ""set_flags"": 512, ""runtime_index"": 14848, ""file_offset"": 3960, ""floor_field"": 0, ""entity_id_field"": 14912, ""group"": 0, ""room"": 10, ""unknown_a3"": 0, ""position"": [-21.480003356933594, 43.46999740600586, -369.30999755859375], ""angles"": [65536, 4096, 49152], ""params"": [1.7999999523162842, 1.7999999523162842, 1.0, 0, 0, 0], ""unused_pointer"": 5632128}"
events-ep2/q91-bb-j,0,59,"{""base_type"": 26, ""set_flags"": 512, ""runtime_index"": 15104, ""file_offset"": 4028, ""floor_field"": 0, ""entity_id_field"": 15168, ""group"": 0, ""room"": 10, ""unknown_a3"": 0, ""position"": [-21.480003356933594, 43.46999740600586, -290.30999755859375], ""angles"": [98304, 0, 49152], ""params"": [1.7999999523162842, 1.7999999523162842, 1.0, 0, 0, 0], ""unused_pointer"": 2689986688}"
events-ep2/q91-bb-j,0,60,"{""base_type"": 26, ""set_flags"": 512, ""runtime_index"": 15360, ""file_offset"": 4096, ""floor_field"": 0, ""entity_id_field"": 15424, ""group"": 0, ""room"": 10, ""unknown_a3"": 0, ""position"": [-119.9000015258789, 28.26999855041504, -300.0], ""angles"": [49152, 0, 49152], ""params"": [1.0, 1.0, 1.0, 0, 0, 0], ""unused_pointer"": 1079439488}"
events-ep2/q91-bb-j,0,61,"{""base_type"": 26, ""set_flags"": 512, ""runtime_index"": 15616, ""file_offset"": 4164, ""floor_field"": 0, ""entity_id_field"": 15680, ""group"": 0, ""room"": 10, ""unknown_a3"": 0, ""position"": [-105.95999908447266, 28.779998779296875, -75.11000061035156], ""angles"": [57344, 0, 49152], ""params"": [1.0, 1.0, 1.0, 0, 0, 0], ""unused_pointer"": 3763794048}"
events-ep2/q252-bb-e,0,43,"{""base_type"": 26, ""set_flags"": 0, ""runtime_index"": 0, ""file_offset"": 2940, ""floor_field"": 0, ""entity_id_field"": 0, ""group"": 0, ""room"": 42, ""unknown_a3"": 0, ""position"": [75.0, 30.0, -54.0], ""angles"": [0, 0, 49000], ""params"": [1.0, 1.0, 1.0, 0, 0, 0], ""unused_pointer"": 0}"
events-ep2/q252-bb-e,0,44,"{""base_type"": 26, ""set_flags"": 0, ""runtime_index"": 0, ""file_offset"": 3008, ""floor_field"": 0, ""entity_id_field"": 0, ""group"": 0, ""room"": 50, ""unknown_a3"": 0, ""position"": [85.0, 20.0, 0.0], ""angles"": [49000, 16606, 0], ""params"": [2.0, 2.0, 1.0, 0, 0, 0], ""unused_pointer"": 0}"
events-ep2/q252-bb-e,0,45,"{""base_type"": 26, ""set_flags"": 0, ""runtime_index"": 0, ""file_offset"": 3076, ""floor_field"": 0, ""entity_id_field"": 0, ""group"": 0, ""room"": 40, ""unknown_a3"": 0, ""position"": [85.0, 20.0, 0.0], ""angles"": [49000, 16837, 0], ""params"": [2.0, 2.0, 1.0, 0, 0, 0], ""unused_pointer"": 0}"
events-ep2/q252-bb-e,0,46,"{""base_type"": 26, ""set_flags"": 0, ""runtime_index"": 0, ""file_offset"": 3144, ""floor_field"": 0, ""entity_id_field"": 0, ""group"": 0, ""room"": 40, ""unknown_a3"": 0, ""position"": [29.0, 40.0, -150.0], ""angles"": [16300, 49389, 0], ""params"": [1.0, 1.0, 1.0, 0, 0, 0], ""unused_pointer"": 0}"
events-ep2/q252-bb-e,0,47,"{""base_type"": 26, ""set_flags"": 0, ""runtime_index"": 0, ""file_offset"": 3212, ""floor_field"": 0, ""entity_id_field"": 0, ""group"": 0, ""room"": 42, ""unknown_a3"": 0, ""position"": [-75.0, 30.0, -54.0], ""angles"": [0, 0, 49000], ""params"": [1.0, 1.0, 1.0, 0, 0, 0], ""unused_pointer"": 0}"
events-ep2/q252-bb-e,0,48,"{""base_type"": 26, ""set_flags"": 0, ""runtime_index"": 0, ""file_offset"": 3280, ""floor_field"": 0, ""entity_id_field"": 0, ""group"": 0, ""room"": 42, ""unknown_a3"": 0, ""position"": [255.9123077392578, 15.0, -9.84213638305664], ""angles"": [16384, 49152, 0], ""params"": [1.0, 1.0, 1.0, 0, 0, 0], ""unused_pointer"": 0}"
events-ep2/q252-bb-e,0,49,"{""base_type"": 26, ""set_flags"": 0, ""runtime_index"": 0, ""file_offset"": 3348, ""floor_field"": 0, ""entity_id_field"": 0, ""group"": 0, ""room"": 10, ""unknown_a3"": 0, ""position"": [-15.0, 20.0, -30.0], ""angles"": [16300, 49384, 0], ""params"": [2.0, 2.0, 1.0, 0, 0, 0], ""unused_pointer"": 0}"
events-ep2/q486-bb-e,0,44,"{""base_type"": 26, ""set_flags"": 512, ""runtime_index"": 11264, ""file_offset"": 3008, ""floor_field"": 0, ""entity_id_field"": 11328, ""group"": 0, ""room"": 10, ""unknown_a3"": 0, ""position"": [235.76998901367188, 3.2699999809265137, -210.0399932861328], ""angles"": [30208, 0, 49152], ""params"": [2.0, 2.0, 1.0, 0, 0, 0], ""unused_pointer"": 1078784128}"
events-ep2/q486-bb-e,0,45,"{""base_type"": 26, ""set_flags"": 512, ""runtime_index"": 11520, ""file_offset"": 3076, ""floor_field"": 0, ""entity_id_field"": 11584, ""group"": 0, ""room"": 10, ""unknown_a3"": 0, ""position"": [230.839111328125, 3.2699999809265137, -449.4473876953125], ""angles"": [3584, 0, 49152], ""params"": [2.0, 2.0, 1.0, 0, 0, 0], ""unused_pointer"": 3763138688}"
events-ep2/q486-bb-e,0,46,"{""base_type"": 26, ""set_flags"": 512, ""runtime_index"": 11776, ""file_offset"": 3144, ""floor_field"": 0, ""entity_id_field"": 11840, ""group"": 0, ""room"": 10, ""unknown_a3"": 0, ""position"": [22.0, 18.529998779296875, -230.38999938964844], ""angles"": [32768, 0, 49152], ""params"": [1.7999999523162842, 1.7999999523162842, 1.0, 0, 0, 0], ""unused_pointer"": 2152591488}"
events-ep2/q486-bb-e,0,47,"{""base_type"": 26, ""set_flags"": 512, ""runtime_index"": 12032, ""file_offset"": 3212, ""floor_field"": 0, ""entity_id_field"": 12096, ""group"": 0, ""room"": 10, ""unknown_a3"": 0, ""position"": [297.7799987792969, 3.2699999809265137, -341.2666015625], ""angles"": [16384, 0, 49152], ""params"": [2.0, 2.0, 1.0, 0, 0, 0], ""unused_pointer"": 542044288}"
events-ep2/q486-bb-e,0,48,"{""base_type"": 26, ""set_flags"": 512, ""runtime_index"": 12288, ""file_offset"": 3280, ""floor_field"": 0, ""entity_id_field"": 12352, ""group"": 0, ""room"": 10, ""unknown_a3"": 0, ""position"": [-262.44000244140625, 41.30999755859375, -149.8800048828125], ""angles"": [49408, 5632, 49152], ""params"": [1.0, 1.25, 1.0, 0, 0, 0], ""unused_pointer"": 3226398848}"
events-ep2/q486-bb-e,0,49,"{""base_type"": 26, ""set_flags"": 512, ""runtime_index"": 12544, ""file_offset"": 3348, ""floor_field"": 0, ""entity_id_field"": 12608, ""group"": 0, ""room"": 10, ""unknown_a3"": 0, ""position"": [-262.94000244140625, 41.30999755859375, -29.699996948242188], ""angles"": [49408, 5632, 49152], ""params"": [1.0, 1.25, 1.0, 0, 0, 0], ""unused_pointer"": 1615851648}"
events-ep2/q486-bb-e,0,50,"{""base_type"": 26, ""set_flags"": 512, ""runtime_index"": 12800, ""file_offset"": 3416, ""floor_field"": 0, ""entity_id_field"": 12864, ""group"": 0, ""room"": 70, ""unknown_a3"": 0, ""position"": [-74.300048828125, 39.0, 0.0], ""angles"": [49408, 5632, 49152], ""params"": [1.0, 1.25, 1.0, 0, 0, 0], ""unused_pointer"": 5304448}"
events-ep2/q486-bb-e,0,51,"{""base_type"": 26, ""set_flags"": 512, ""runtime_index"": 13056, ""file_offset"": 3484, ""floor_field"": 0, ""entity_id_field"": 13120, ""group"": 0, ""room"": 70, ""unknown_a3"": 0, ""position"": [75.2000732421875, 39.0, 0.0], ""angles"": [82176, 5632, 49152], ""params"": [1.0, 1.25, 1.0, 0, 0, 0], ""unused_pointer"": 2689659008}"
events-ep2/q486-bb-e,0,52,"{""base_type"": 26, ""set_flags"": 512, ""runtime_index"": 13312, ""file_offset"": 3552, ""floor_field"": 0, ""entity_id_field"": 13376, ""group"": 0, ""room"": 70, ""unknown_a3"": 0, ""position"": [-63.10986328125, 39.0, -32.89999771118164], ""angles"": [57360, 5632, 49152], ""params"": [1.0, 1.25, 1.0, 0, 0, 0], ""unused_pointer"": 1079111808}"
events-ep2/q486-bb-e,0,53,"{""base_type"": 26, ""set_flags"": 512, ""runtime_index"": 13568, ""file_offset"": 3620, ""floor_field"": 0, ""entity_id_field"": 13632, ""group"": 0, ""room"": 70, ""unknown_a3"": 0, ""position"": [-63.22998046875, 39.56999969482422, 33.599998474121094], ""angles"": [41056, 5376, 49152], ""params"": [1.0, 1.25, 1.0, 0, 0, 0], ""unused_pointer"": 3763466368}"
events-ep2/q486-bb-e,0,54,"{""base_type"": 26, ""set_flags"": 512, ""runtime_index"": 13824, ""file_offset"": 3688, ""floor_field"": 0, ""entity_id_field"": 13888, ""group"": 0, ""room"": 10, ""unknown_a3"": 0, ""position"": [-31.049598693847656, 49.79374694824219, -29.323028564453125], ""angles"": [16384, 0, 56064], ""params"": [1.1999999284744263, 1.5, 1.0, 0, 0, 0], ""unused_pointer"": 2152919168}"
events-ep2/q486-bb-e,0,55,"{""base_type"": 26, ""set_flags"": 512, ""runtime_index"": 14080, ""file_offset"": 3756, ""floor_field"": 0, ""entity_id_field"": 14144, ""group"": 0, ""room"": 10, ""unknown_a3"": 0, ""position"": [-12.840003967285156, -10.0, -390.010009765625], ""angles"": [32768, 0, 49152], ""params"": [0.29999998211860657, 0.29999998211860657, 1.0, 0, 0, 0], ""unused_pointer"": 542371968}"
events-ep2/q486-bb-e,0,56,"{""base_type"": 26, ""set_flags"": 512, ""runtime_index"": 14336, ""file_offset"": 3824, ""floor_field"": 0, ""entity_id_field"": 14400, ""group"": 0, ""room"": 10, ""unknown_a3"": 0, ""position"": [-21.480003356933594, 43.46999740600586, -290.30999755859375], ""angles"": [98304, 4096, 49152], ""params"": [1.7999999523162842, 1.7999999523162842, 1.0, 0, 0, 0], ""unused_pointer"": 3226726528}"
events-ep2/q486-bb-e,0,57,"{""base_type"": 26, ""set_flags"": 512, ""runtime_index"": 14592, ""file_offset"": 3892, ""floor_field"": 0, ""entity_id_field"": 14656, ""group"": 0, ""room"": 10, ""unknown_a3"": 0, ""position"": [-21.480003356933594, 43.46999740600586, -369.30999755859375], ""angles"": [65536, 0, 49152], ""params"": [1.7999999523162842, 1.7999999523162842, 1.0, 0, 0, 0], ""unused_pointer"": 1616179328}"
events-ep2/q486-bb-e,0,58,"{""base_type"": 26, ""set_flags"": 512, ""runtime_index"": 14848, ""file_offset"": 3960, ""floor_field"": 0, ""entity_id_field"": 14912, ""group"": 0, ""room"": 10, ""unknown_a3"": 0, ""position"": [-21.480003356933594, 43.46999740600586, -369.30999755859375], ""angles"": [65536, 4096, 49152], ""params"": [1.7999999523162842, 1.7999999523162842, 1.0, 0, 0, 0], ""unused_pointer"": 5632128}"
events-ep2/q486-bb-e,0,59,"{""base_type"": 26, ""set_flags"": 512, ""runtime_index"": 15104, ""file_offset"": 4028, ""floor_field"": 0, ""entity_id_field"": 15168, ""group"": 0, ""room"": 10, ""unknown_a3"": 0, ""position"": [-21.480003356933594, 43.46999740600586, -290.30999755859375], ""angles"": [98304, 0, 49152], ""params"": [1.7999999523162842, 1.7999999523162842, 1.0, 0, 0, 0], ""unused_pointer"": 2689986688}"
events-ep2/q486-bb-e,0,60,"{""base_type"": 26, ""set_flags"": 512, ""runtime_index"": 15360, ""file_offset"": 4096, ""floor_field"": 0, ""entity_id_field"": 15424, ""group"": 0, ""room"": 10, ""unknown_a3"": 0, ""position"": [-119.9000015258789, 28.26999855041504, -300.0], ""angles"": [49152, 0, 49152], ""params"": [1.0, 1.0, 1.0, 0, 0, 0], ""unused_pointer"": 1079439488}"
events-ep2/q486-bb-e,0,61,"{""base_type"": 26, ""set_flags"": 512, ""runtime_index"": 15616, ""file_offset"": 4164, ""floor_field"": 0, ""entity_id_field"": 15680, ""group"": 0, ""room"": 10, ""unknown_a3"": 0, ""position"": [-105.95999908447266, 28.779998779296875, -75.11000061035156], ""angles"": [57344, 0, 49152], ""params"": [1.0, 1.0, 1.0, 0, 0, 0], ""unused_pointer"": 3763794048}"
events-ep4/q302-bb-e,0,26,"{""base_type"": 26, ""set_flags"": 0, ""runtime_index"": 384, ""file_offset"": 1784, ""floor_field"": 0, ""entity_id_field"": 17803, ""group"": 0, ""room"": 10, ""unknown_a3"": 0, ""position"": [-64.03318786621094, 48.33072280883789, -544.1820678710938], ""angles"": [2816, 4096, 49152], ""params"": [0.5, 2.000000476837158, 1.000000238418579, 0, 0, 0], ""unused_pointer"": 77417248}"
events-ep4/q302-bb-e,0,27,"{""base_type"": 26, ""set_flags"": 2, ""runtime_index"": 27, ""file_offset"": 1852, ""floor_field"": 0, ""entity_id_field"": 17804, ""group"": 0, ""room"": 10, ""unknown_a3"": 0, ""position"": [-422.0050048828125, 43.00204086303711, -39.997589111328125], ""angles"": [38144, 4096, 49152], ""params"": [0.29999998211860657, 1.000000238418579, 1.000000238418579, 0, 0, 0], ""unused_pointer"": 77417408}"
events-ep4/q302-bb-e,0,28,"{""base_type"": 26, ""set_flags"": 0, ""runtime_index"": 370, ""file_offset"": 1920, ""floor_field"": 0, ""entity_id_field"": 17805, ""group"": 0, ""room"": 10, ""unknown_a3"": 0, ""position"": [-484.0034484863281, 75.2366943359375, -337.9985656738281], ""angles"": [40960, 768, 49152], ""params"": [1.5, 6.000000953674316, 1.0, 0, 0, 0], ""unused_pointer"": 77417568}"
events-ep4/q302-bb-e,0,29,"{""base_type"": 26, ""set_flags"": 0, ""runtime_index"": 368, ""file_offset"": 1988, ""floor_field"": 0, ""entity_id_field"": 17806, ""group"": 0, ""room"": 10, ""unknown_a3"": 0, ""position"": [-228.0, 28.0, -2351.004638671875], ""angles"": [0, 0, 49152], ""params"": [0.7999999523162842, 3.0000007152557373, 1.0, 0, 0, 0], ""unused_pointer"": 77417728}"
events-ep4/q302-bb-e,0,30,"{""base_type"": 26, ""set_flags"": 0, ""runtime_index"": 375, ""file_offset"": 2056, ""floor_field"": 0, ""entity_id_field"": 17807, ""group"": 0, ""room"": 10, ""unknown_a3"": 0, ""position"": [-82.00421142578125, 22.99611473083496, -124.0], ""angles"": [32768, 0, 49152], ""params"": [0.29999998211860657, 1.000000238418579, 1.000000238418579, 0, 0, 0], ""unused_pointer"": 77417888}"
events-ep4/q302-bb-e,0,31,"{""base_type"": 26, ""set_flags"": 0, ""runtime_index"": 371, ""file_offset"": 2124, ""floor_field"": 0, ""entity_id_field"": 17808, ""group"": 0, ""room"": 10, ""unknown_a3"": 0, ""position"": [-552.0048828125, 13.00069808959961, -322.4993591308594], ""angles"": [49152, 0, 49152], ""params"": [0.5, 1.600000262260437, 1.000000238418579, 0, 0, 0], ""unused_pointer"": 77418048}"
events-ep4/q302-bb-e,0,32,"{""base_type"": 26, ""set_flags"": 0, ""runtime_index"": 367, ""file_offset"": 2192, ""floor_field"": 0, ""entity_id_field"": 17809, ""group"": 0, ""room"": 10, ""unknown_a3"": 0, ""position"": [-175.72723388671875, 25.000001907348633, -2288.638916015625], ""angles"": [16384, 0, 49152], ""params"": [0.699999988079071, 2.400001287460327, 1.0, 0, 0, 0], ""unused_pointer"": 77418208}"
events-ep4/q302-bb-e,0,33,"{""base_type"": 26, ""set_flags"": 0, ""runtime_index"": 378, ""file_offset"": 2260, ""floor_field"": 0, ""entity_id_field"": 17810, ""group"": 0, ""room"": 10, ""unknown_a3"": 0, ""position"": [17.0, 23.0, -175.0], ""angles"": [17664, 0, 49152], ""params"": [0.29999998211860657, 1.000000238418579, 1.000000238418579, 0, 0, 0], ""unused_pointer"": 77418368}"
events-ep4/q302-bb-e,0,34,"{""base_type"": 26, ""set_flags"": 0, ""runtime_index"": 373, ""file_offset"": 2328, ""floor_field"": 0, ""entity_id_field"": 17811, ""group"": 0, ""room"": 10, ""unknown_a3"": 0, ""position"": [-154.3699951171875, 31.619998931884766, -373.3999938964844], ""angles"": [57344, 0, 49152], ""params"": [1.0, 4.0, 1.0, 0, 0, 0], ""unused_pointer"": 77418528}"
events-ep4/q302-bb-e,0,35,"{""base_type"": 26, ""set_flags"": 0, ""runtime_index"": 374, ""file_offset"": 2396, ""floor_field"": 0, ""entity_id_field"": 17812, ""group"": 0, ""room"": 10, ""unknown_a3"": 0, ""position"": [-112.0, 23.0, -124.0], ""angles"": [32768, 0, 49152], ""params"": [0.29999998211860657, 1.000000238418579, 1.000000238418579, 0, 0, 0], ""unused_pointer"": 77418688}"
events-ep4/q302-bb-e,0,36,"{""base_type"": 26, ""set_flags"": 0, ""runtime_index"": 376, ""file_offset"": 2464, ""floor_field"": 0, ""entity_id_field"": 17813, ""group"": 0, ""room"": 10, ""unknown_a3"": 0, ""position"": [-2.995574951171875, 22.99611473083496, -123.0], ""angles"": [32768, 0, 49152], ""params"": [0.29999998211860657, 1.000000238418579, 1.000000238418579, 0, 0, 0], ""unused_pointer"": 77418848}"
events-ep4/q302-bb-e,0,37,"{""base_type"": 26, ""set_flags"": 0, ""runtime_index"": 377, ""file_offset"": 2532, ""floor_field"": 0, ""entity_id_field"": 17814, ""group"": 0, ""room"": 10, ""unknown_a3"": 0, ""position"": [14.0, 23.0, -139.0], ""angles"": [17664, 0, 49152], ""params"": [0.29999998211860657, 1.0, 1.000000238418579, 0, 0, 0], ""unused_pointer"": 77419008}"
events-ep4/q302-bb-e,0,38,"{""base_type"": 26, ""set_flags"": 0, ""runtime_index"": 385, ""file_offset"": 2600, ""floor_field"": 0, ""entity_id_field"": 17815, ""group"": 0, ""room"": 10, ""unknown_a3"": 0, ""position"": [-15.99884033203125, 47.009849548339844, -427.601318359375], ""angles"": [0, 4096, 49152], ""params"": [0.29999998211860657, 1.000000238418579, 1.000000238418579, 0, 0, 0], ""unused_pointer"": 77419168}"
events-ep4/q302-bb-e,0,39,"{""base_type"": 26, ""set_flags"": 0, ""runtime_index"": 369, ""file_offset"": 2668, ""floor_field"": 0, ""entity_id_field"": 17816, ""group"": 0, ""room"": 10, ""unknown_a3"": 0, ""position"": [-358.32421875, 48.00204086303711, -47.97663879394531], ""angles"": [25344, 4096, 49152], ""params"": [0.5, 2.000000476837158, 1.000000238418579, 0, 0, 0], ""unused_pointer"": 77419328}"
events-ep4/q302-bb-e,0,40,"{""base_type"": 26, ""set_flags"": 2, ""runtime_index"": 40, ""file_offset"": 2736, ""floor_field"": 0, ""entity_id_field"": 17817, ""group"": 0, ""room"": 10, ""unknown_a3"": 0, ""position"": [-392.73101806640625, 43.00204086303711, -31.329437255859375], ""angles"": [32768, 4096, 49152], ""params"": [0.29999998211860657, 1.000000238418579, 1.000000238418579, 0, 0, 0], ""unused_pointer"": 77419488}"
events-ep4/q302-bb-e,0,41,"{""base_type"": 26, ""set_flags"": 2, ""runtime_index"": 41, ""file_offset"": 2804, ""floor_field"": 0, ""entity_id_field"": 17818, ""group"": 0, ""room"": 10, ""unknown_a3"": 0, ""position"": [-442.001220703125, 43.00204086303711, -60.99833679199219], ""angles"": [43520, 4096, 49152], ""params"": [0.29999998211860657, 1.000000238418579, 1.000000238418579, 0, 0, 0], ""unused_pointer"": 77419648}"
events-ep4/q302-bb-e,0,42,"{""base_type"": 26, ""set_flags"": 2, ""runtime_index"": 42, ""file_offset"": 2872, ""floor_field"": 0, ""entity_id_field"": 17819, ""group"": 0, ""room"": 10, ""unknown_a3"": 0, ""position"": [-467.0029602050781, 20.0, -222.99728393554688], ""angles"": [49152, 0, 49152], ""params"": [0.29999998211860657, 1.000000238418579, 1.000000238418579, 0, 0, 0], ""unused_pointer"": 77419808}"
events-ep4/q302-bb-e,0,43,"{""base_type"": 26, ""set_flags"": 2, ""runtime_index"": 43, ""file_offset"": 2940, ""floor_field"": 0, ""entity_id_field"": 17820, ""group"": 0, ""room"": 10, ""unknown_a3"": 0, ""position"": [-467.0029602050781, 40.00000762939453, -222.99728393554688], ""angles"": [49152, 0, 49152], ""params"": [0.29999998211860657, 1.000000238418579, 1.000000238418579, 0, 0, 0], ""unused_pointer"": 77419968}"
events-ep4/q302-bb-e,0,44,"{""base_type"": 26, ""set_flags"": 2, ""runtime_index"": 44, ""file_offset"": 3008, ""floor_field"": 0, ""entity_id_field"": 17821, ""group"": 0, ""room"": 10, ""unknown_a3"": 0, ""position"": [-467.0029602050781, 60.00001525878906, -222.99728393554688], ""angles"": [49152, 0, 49152], ""params"": [0.29999998211860657, 1.000000238418579, 1.000000238418579, 0, 0, 0], ""unused_pointer"": 77420128}"
events-ep4/q302-bb-e,0,45,"{""base_type"": 26, ""set_flags"": 2, ""runtime_index"": 45, ""file_offset"": 3076, ""floor_field"": 0, ""entity_id_field"": 17822, ""group"": 0, ""room"": 10, ""unknown_a3"": 0, ""position"": [-467.0029602050781, 80.00003051757812, -222.99728393554688], ""angles"": [49152, 0, 49152], ""params"": [0.29999998211860657, 1.000000238418579, 1.000000238418579, 0, 0, 0], ""unused_pointer"": 77420288}"
events-ep4/q302-bb-e,0,46,"{""base_type"": 26, ""set_flags"": 0, ""runtime_index"": 372, ""file_offset"": 3144, ""floor_field"": 0, ""entity_id_field"": 17823, ""group"": 0, ""room"": 10, ""unknown_a3"": 0, ""position"": [-203.7351837158203, 61.174957275390625, -50.34791564941406], ""angles"": [32768, 0, 49152], ""params"": [1.2999999523162842, 5.000000953674316, 1.000000238418579, 0, 0, 0], ""unused_pointer"": 77420448}"
events-ep4/q302-bb-e,0,47,"{""base_type"": 26, ""set_flags"": 0, ""runtime_index"": 383, ""file_offset"": 3212, ""floor_field"": 0, ""entity_id_field"": 17824, ""group"": 0, ""room"": 10, ""unknown_a3"": 0, ""position"": [35.089996337890625, 48.34375, -544.0], ""angles"": [62464, 4096, 49152], ""params"": [0.5, 2.0, 1.000000238418579, 0, 0, 0], ""unused_pointer"": 77420608}"
events-ep4/q302-bb-e,0,48,"{""base_type"": 26, ""set_flags"": 2, ""runtime_index"": 48, ""file_offset"": 3280, ""floor_field"": 0, ""entity_id_field"": 17825, ""group"": 0, ""room"": 10, ""unknown_a3"": 0, ""position"": [-87.35765075683594, 124.69625091552734, -278.99932861328125], ""angles"": [16384, 4096, 49152], ""params"": [1.7999999523162842, 6.0, 1.000000238418579, 0, 0, 0], ""unused_pointer"": 77420768}"
events-ep4/q302-bb-e,0,49,"{""base_type"": 26, ""set_flags"": 0, ""runtime_index"": 381, ""file_offset"": 3348, ""floor_field"": 0, ""entity_id_field"": 17826, ""group"": 0, ""room"": 10, ""unknown_a3"": 0, ""position"": [219.0, 30.0, -296.739990234375], ""angles"": [16384, 0, 49152], ""params"": [0.29999998211860657, 1.0, 1.000000238418579, 0, 0, 0], ""unused_pointer"": 77420928}"
events-ep4/q302-bb-e,0,50,"{""base_type"": 26, ""set_flags"": 0, ""runtime_index"": 380, ""file_offset"": 3416, ""floor_field"": 0, ""entity_id_field"": 17827, ""group"": 0, ""room"": 10, ""unknown_a3"": 0, ""position"": [219.0, 30.0, -265.0], ""angles"": [16384, 0, 49152], ""params"": [0.29999998211860657, 1.0, 1.000000238418579, 0, 0, 0], ""unused_pointer"": 77421088}"
events-ep4/q302-bb-e,0,51,"{""base_type"": 26, ""set_flags"": 0, ""runtime_index"": 379, ""file_offset"": 3484, ""floor_field"": 0, ""entity_id_field"": 17828, ""group"": 0, ""room"": 10, ""unknown_a3"": 0, ""position"": [219.81997680664062, 30.0, -233.29000854492188], ""angles"": [16384, 0, 49152], ""params"": [0.29999998211860657, 1.0, 1.000000238418579, 0, 0, 0], ""unused_pointer"": 77421248}"
events-ep4/q302-bb-e,0,52,"{""base_type"": 26, ""set_flags"": 0, ""runtime_index"": 366, ""file_offset"": 3552, ""floor_field"": 0, ""entity_id_field"": 17829, ""group"": 0, ""room"": 10, ""unknown_a3"": 0, ""position"": [-286.0, 25.0, -2291.0], ""angles"": [49152, 0, 49152], ""params"": [0.699999988079071, 2.400001287460327, 1.000000238418579, 0, 0, 0], ""unused_pointer"": 77421408}"
events-ep4/q302-bb-e,0,53,"{""base_type"": 26, ""set_flags"": 2, ""runtime_index"": 53, ""file_offset"": 3620, ""floor_field"": 0, ""entity_id_field"": 17830, ""group"": 0, ""room"": 10, ""unknown_a3"": 0, ""position"": [-218.99911499023438, 134.49176025390625, -1936.4481201171875], ""angles"": [32768, 12288, 49152], ""params"": [3.1999998092651367, 13.0, 1.0, 0, 0, 0], ""unused_pointer"": 77421568}"
events-ep4/q302-bb-j,0,26,"{""base_type"": 26, ""set_flags"": 0, ""runtime_index"": 384, ""file_offset"": 1784, ""floor_field"": 0, ""entity_id_field"": 17803, ""group"": 0, ""room"": 10, ""unknown_a3"": 0, ""position"": [-64.03318786621094, 48.33072280883789, -544.1820678710938], ""angles"": [2816, 4096, 49152], ""params"": [0.5, 2.000000476837158, 1.000000238418579, 0, 0, 0], ""unused_pointer"": 77417248}"
events-ep4/q302-bb-j,0,27,"{""base_type"": 26, ""set_flags"": 2, ""runtime_index"": 27, ""file_offset"": 1852, ""floor_field"": 0, ""entity_id_field"": 17804, ""group"": 0, ""room"": 10, ""unknown_a3"": 0, ""position"": [-422.0050048828125, 43.00204086303711, -39.997589111328125], ""angles"": [38144, 4096, 49152], ""params"": [0.29999998211860657, 1.000000238418579, 1.000000238418579, 0, 0, 0], ""unused_pointer"": 77417408}"
events-ep4/q302-bb-j,0,28,"{""base_type"": 26, ""set_flags"": 0, ""runtime_index"": 370, ""file_offset"": 1920, ""floor_field"": 0, ""entity_id_field"": 17805, ""group"": 0, ""room"": 10, ""unknown_a3"": 0, ""position"": [-484.0034484863281, 75.2366943359375, -337.9985656738281], ""angles"": [40960, 768, 49152], ""params"": [1.5, 6.000000953674316, 1.0, 0, 0, 0], ""unused_pointer"": 77417568}"
events-ep4/q302-bb-j,0,29,"{""base_type"": 26, ""set_flags"": 0, ""runtime_index"": 368, ""file_offset"": 1988, ""floor_field"": 0, ""entity_id_field"": 17806, ""group"": 0, ""room"": 10, ""unknown_a3"": 0, ""position"": [-228.0, 28.0, -2351.004638671875], ""angles"": [0, 0, 49152], ""params"": [0.7999999523162842, 3.0000007152557373, 1.0, 0, 0, 0], ""unused_pointer"": 77417728}"
events-ep4/q302-bb-j,0,30,"{""base_type"": 26, ""set_flags"": 0, ""runtime_index"": 375, ""file_offset"": 2056, ""floor_field"": 0, ""entity_id_field"": 17807, ""group"": 0, ""room"": 10, ""unknown_a3"": 0, ""position"": [-82.00421142578125, 22.99611473083496, -124.0], ""angles"": [32768, 0, 49152], ""params"": [0.29999998211860657, 1.000000238418579, 1.000000238418579, 0, 0, 0], ""unused_pointer"": 77417888}"
events-ep4/q302-bb-j,0,31,"{""base_type"": 26, ""set_flags"": 0, ""runtime_index"": 371, ""file_offset"": 2124, ""floor_field"": 0, ""entity_id_field"": 17808, ""group"": 0, ""room"": 10, ""unknown_a3"": 0, ""position"": [-552.0048828125, 13.00069808959961, -322.4993591308594], ""angles"": [49152, 0, 49152], ""params"": [0.5, 1.600000262260437, 1.000000238418579, 0, 0, 0], ""unused_pointer"": 77418048}"
events-ep4/q302-bb-j,0,32,"{""base_type"": 26, ""set_flags"": 0, ""runtime_index"": 367, ""file_offset"": 2192, ""floor_field"": 0, ""entity_id_field"": 17809, ""group"": 0, ""room"": 10, ""unknown_a3"": 0, ""position"": [-175.72723388671875, 25.000001907348633, -2288.638916015625], ""angles"": [16384, 0, 49152], ""params"": [0.699999988079071, 2.400001287460327, 1.0, 0, 0, 0], ""unused_pointer"": 77418208}"
events-ep4/q302-bb-j,0,33,"{""base_type"": 26, ""set_flags"": 0, ""runtime_index"": 378, ""file_offset"": 2260, ""floor_field"": 0, ""entity_id_field"": 17810, ""group"": 0, ""room"": 10, ""unknown_a3"": 0, ""position"": [17.0, 23.0, -175.0], ""angles"": [17664, 0, 49152], ""params"": [0.29999998211860657, 1.000000238418579, 1.000000238418579, 0, 0, 0], ""unused_pointer"": 77418368}"
events-ep4/q302-bb-j,0,34,"{""base_type"": 26, ""set_flags"": 0, ""runtime_index"": 373, ""file_offset"": 2328, ""floor_field"": 0, ""entity_id_field"": 17811, ""group"": 0, ""room"": 10, ""unknown_a3"": 0, ""position"": [-154.3699951171875, 31.619998931884766, -373.3999938964844], ""angles"": [57344, 0, 49152], ""params"": [1.0, 4.0, 1.0, 0, 0, 0], ""unused_pointer"": 77418528}"
events-ep4/q302-bb-j,0,35,"{""base_type"": 26, ""set_flags"": 0, ""runtime_index"": 374, ""file_offset"": 2396, ""floor_field"": 0, ""entity_id_field"": 17812, ""group"": 0, ""room"": 10, ""unknown_a3"": 0, ""position"": [-112.0, 23.0, -124.0], ""angles"": [32768, 0, 49152], ""params"": [0.29999998211860657, 1.000000238418579, 1.000000238418579, 0, 0, 0], ""unused_pointer"": 77418688}"
events-ep4/q302-bb-j,0,36,"{""base_type"": 26, ""set_flags"": 0, ""runtime_index"": 376, ""file_offset"": 2464, ""floor_field"": 0, ""entity_id_field"": 17813, ""group"": 0, ""room"": 10, ""unknown_a3"": 0, ""position"": [-2.995574951171875, 22.99611473083496, -123.0], ""angles"": [32768, 0, 49152], ""params"": [0.29999998211860657, 1.000000238418579, 1.000000238418579, 0, 0, 0], ""unused_pointer"": 77418848}"
events-ep4/q302-bb-j,0,37,"{""base_type"": 26, ""set_flags"": 0, ""runtime_index"": 377, ""file_offset"": 2532, ""floor_field"": 0, ""entity_id_field"": 17814, ""group"": 0, ""room"": 10, ""unknown_a3"": 0, ""position"": [14.0, 23.0, -139.0], ""angles"": [17664, 0, 49152], ""params"": [0.29999998211860657, 1.0, 1.000000238418579, 0, 0, 0], ""unused_pointer"": 77419008}"
events-ep4/q302-bb-j,0,38,"{""base_type"": 26, ""set_flags"": 0, ""runtime_index"": 385, ""file_offset"": 2600, ""floor_field"": 0, ""entity_id_field"": 17815, ""group"": 0, ""room"": 10, ""unknown_a3"": 0, ""position"": [-15.99884033203125, 47.009849548339844, -427.601318359375], ""angles"": [0, 4096, 49152], ""params"": [0.29999998211860657, 1.000000238418579, 1.000000238418579, 0, 0, 0], ""unused_pointer"": 77419168}"
events-ep4/q302-bb-j,0,39,"{""base_type"": 26, ""set_flags"": 0, ""runtime_index"": 369, ""file_offset"": 2668, ""floor_field"": 0, ""entity_id_field"": 17816, ""group"": 0, ""room"": 10, ""unknown_a3"": 0, ""position"": [-358.32421875, 48.00204086303711, -47.97663879394531], ""angles"": [25344, 4096, 49152], ""params"": [0.5, 2.000000476837158, 1.000000238418579, 0, 0, 0], ""unused_pointer"": 77419328}"
events-ep4/q302-bb-j,0,40,"{""base_type"": 26, ""set_flags"": 2, ""runtime_index"": 40, ""file_offset"": 2736, ""floor_field"": 0, ""entity_id_field"": 17817, ""group"": 0, ""room"": 10, ""unknown_a3"": 0, ""position"": [-392.73101806640625, 43.00204086303711, -31.329437255859375], ""angles"": [32768, 4096, 49152], ""params"": [0.29999998211860657, 1.000000238418579, 1.000000238418579, 0, 0, 0], ""unused_pointer"": 77419488}"
events-ep4/q302-bb-j,0,41,"{""base_type"": 26, ""set_flags"": 2, ""runtime_index"": 41, ""file_offset"": 2804, ""floor_field"": 0, ""entity_id_field"": 17818, ""group"": 0, ""room"": 10, ""unknown_a3"": 0, ""position"": [-442.001220703125, 43.00204086303711, -60.99833679199219], ""angles"": [43520, 4096, 49152], ""params"": [0.29999998211860657, 1.000000238418579, 1.000000238418579, 0, 0, 0], ""unused_pointer"": 77419648}"
events-ep4/q302-bb-j,0,42,"{""base_type"": 26, ""set_flags"": 2, ""runtime_index"": 42, ""file_offset"": 2872, ""floor_field"": 0, ""entity_id_field"": 17819, ""group"": 0, ""room"": 10, ""unknown_a3"": 0, ""position"": [-467.0029602050781, 20.0, -222.99728393554688], ""angles"": [49152, 0, 49152], ""params"": [0.29999998211860657, 1.000000238418579, 1.000000238418579, 0, 0, 0], ""unused_pointer"": 77419808}"
events-ep4/q302-bb-j,0,43,"{""base_type"": 26, ""set_flags"": 2, ""runtime_index"": 43, ""file_offset"": 2940, ""floor_field"": 0, ""entity_id_field"": 17820, ""group"": 0, ""room"": 10, ""unknown_a3"": 0, ""position"": [-467.0029602050781, 40.00000762939453, -222.99728393554688], ""angles"": [49152, 0, 49152], ""params"": [0.29999998211860657, 1.000000238418579, 1.000000238418579, 0, 0, 0], ""unused_pointer"": 77419968}"
events-ep4/q302-bb-j,0,44,"{""base_type"": 26, ""set_flags"": 2, ""runtime_index"": 44, ""file_offset"": 3008, ""floor_field"": 0, ""entity_id_field"": 17821, ""group"": 0, ""room"": 10, ""unknown_a3"": 0, ""position"": [-467.0029602050781, 60.00001525878906, -222.99728393554688], ""angles"": [49152, 0, 49152], ""params"": [0.29999998211860657, 1.000000238418579, 1.000000238418579, 0, 0, 0], ""unused_pointer"": 77420128}"
events-ep4/q302-bb-j,0,45,"{""base_type"": 26, ""set_flags"": 2, ""runtime_index"": 45, ""file_offset"": 3076, ""floor_field"": 0, ""entity_id_field"": 17822, ""group"": 0, ""room"": 10, ""unknown_a3"": 0, ""position"": [-467.0029602050781, 80.00003051757812, -222.99728393554688], ""angles"": [49152, 0, 49152], ""params"": [0.29999998211860657, 1.000000238418579, 1.000000238418579, 0, 0, 0], ""unused_pointer"": 77420288}"
events-ep4/q302-bb-j,0,46,"{""base_type"": 26, ""set_flags"": 0, ""runtime_index"": 372, ""file_offset"": 3144, ""floor_field"": 0, ""entity_id_field"": 17823, ""group"": 0, ""room"": 10, ""unknown_a3"": 0, ""position"": [-203.7351837158203, 61.174957275390625, -50.34791564941406], ""angles"": [32768, 0, 49152], ""params"": [1.2999999523162842, 5.000000953674316, 1.000000238418579, 0, 0, 0], ""unused_pointer"": 77420448}"
events-ep4/q302-bb-j,0,47,"{""base_type"": 26, ""set_flags"": 0, ""runtime_index"": 383, ""file_offset"": 3212, ""floor_field"": 0, ""entity_id_field"": 17824, ""group"": 0, ""room"": 10, ""unknown_a3"": 0, ""position"": [35.089996337890625, 48.34375, -544.0], ""angles"": [62464, 4096, 49152], ""params"": [0.5, 2.0, 1.000000238418579, 0, 0, 0], ""unused_pointer"": 77420608}"
events-ep4/q302-bb-j,0,48,"{""base_type"": 26, ""set_flags"": 2, ""runtime_index"": 48, ""file_offset"": 3280, ""floor_field"": 0, ""entity_id_field"": 17825, ""group"": 0, ""room"": 10, ""unknown_a3"": 0, ""position"": [-87.35765075683594, 124.69625091552734, -278.99932861328125], ""angles"": [16384, 4096, 49152], ""params"": [1.7999999523162842, 6.0, 1.000000238418579, 0, 0, 0], ""unused_pointer"": 77420768}"
events-ep4/q302-bb-j,0,49,"{""base_type"": 26, ""set_flags"": 0, ""runtime_index"": 381, ""file_offset"": 3348, ""floor_field"": 0, ""entity_id_field"": 17826, ""group"": 0, ""room"": 10, ""unknown_a3"": 0, ""position"": [219.0, 30.0, -296.739990234375], ""angles"": [16384, 0, 49152], ""params"": [0.29999998211860657, 1.0, 1.000000238418579, 0, 0, 0], ""unused_pointer"": 77420928}"
events-ep4/q302-bb-j,0,50,"{""base_type"": 26, ""set_flags"": 0, ""runtime_index"": 380, ""file_offset"": 3416, ""floor_field"": 0, ""entity_id_field"": 17827, ""group"": 0, ""room"": 10, ""unknown_a3"": 0, ""position"": [219.0, 30.0, -265.0], ""angles"": [16384, 0, 49152], ""params"": [0.29999998211860657, 1.0, 1.000000238418579, 0, 0, 0], ""unused_pointer"": 77421088}"
events-ep4/q302-bb-j,0,51,"{""base_type"": 26, ""set_flags"": 0, ""runtime_index"": 379, ""file_offset"": 3484, ""floor_field"": 0, ""entity_id_field"": 17828, ""group"": 0, ""room"": 10, ""unknown_a3"": 0, ""position"": [219.81997680664062, 30.0, -233.29000854492188], ""angles"": [16384, 0, 49152], ""params"": [0.29999998211860657, 1.0, 1.000000238418579, 0, 0, 0], ""unused_pointer"": 77421248}"
events-ep4/q302-bb-j,0,52,"{""base_type"": 26, ""set_flags"": 0, ""runtime_index"": 366, ""file_offset"": 3552, ""floor_field"": 0, ""entity_id_field"": 17829, ""group"": 0, ""room"": 10, ""unknown_a3"": 0, ""position"": [-286.0, 25.0, -2291.0], ""angles"": [49152, 0, 49152], ""params"": [0.699999988079071, 2.400001287460327, 1.000000238418579, 0, 0, 0], ""unused_pointer"": 77421408}"
events-ep4/q302-bb-j,0,53,"{""base_type"": 26, ""set_flags"": 2, ""runtime_index"": 53, ""file_offset"": 3620, ""floor_field"": 0, ""entity_id_field"": 17830, ""group"": 0, ""room"": 10, ""unknown_a3"": 0, ""position"": [-218.99911499023438, 134.49176025390625, -1936.4481201171875], ""angles"": [32768, 12288, 49152], ""params"": [3.1999998092651367, 13.0, 1.0, 0, 0, 0], ""unused_pointer"": 77421568}"
events-ep4/q315-bb-e,0,26,"{""base_type"": 26, ""set_flags"": 0, ""runtime_index"": 384, ""file_offset"": 1784, ""floor_field"": 0, ""entity_id_field"": 17803, ""group"": 0, ""room"": 10, ""unknown_a3"": 0, ""position"": [-64.03318786621094, 48.33072280883789, -544.1820678710938], ""angles"": [2816, 4096, 49152], ""params"": [0.5, 2.000000476837158, 1.000000238418579, 0, 0, 0], ""unused_pointer"": 77417248}"
events-ep4/q315-bb-e,0,27,"{""base_type"": 26, ""set_flags"": 2, ""runtime_index"": 27, ""file_offset"": 1852, ""floor_field"": 0, ""entity_id_field"": 17804, ""group"": 0, ""room"": 10, ""unknown_a3"": 0, ""position"": [-422.0050048828125, 43.00204086303711, -39.997589111328125], ""angles"": [38144, 4096, 49152], ""params"": [0.29999998211860657, 1.000000238418579, 1.000000238418579, 0, 0, 0], ""unused_pointer"": 77417408}"
events-ep4/q315-bb-e,0,28,"{""base_type"": 26, ""set_flags"": 0, ""runtime_index"": 370, ""file_offset"": 1920, ""floor_field"": 0, ""entity_id_field"": 17805, ""group"": 0, ""room"": 10, ""unknown_a3"": 0, ""position"": [-484.0034484863281, 75.2366943359375, -337.9985656738281], ""angles"": [40960, 768, 49152], ""params"": [1.5, 6.000000953674316, 1.0, 0, 0, 0], ""unused_pointer"": 77417568}"
events-ep4/q315-bb-e,0,29,"{""base_type"": 26, ""set_flags"": 0, ""runtime_index"": 368, ""file_offset"": 1988, ""floor_field"": 0, ""entity_id_field"": 17806, ""group"": 0, ""room"": 10, ""unknown_a3"": 0, ""position"": [-228.0, 28.0, -2351.004638671875], ""angles"": [0, 0, 49152], ""params"": [0.7999999523162842, 3.0000007152557373, 1.0, 0, 0, 0], ""unused_pointer"": 77417728}"
events-ep4/q315-bb-e,0,30,"{""base_type"": 26, ""set_flags"": 0, ""runtime_index"": 375, ""file_offset"": 2056, ""floor_field"": 0, ""entity_id_field"": 17807, ""group"": 0, ""room"": 10, ""unknown_a3"": 0, ""position"": [-82.00421142578125, 22.99611473083496, -124.0], ""angles"": [32768, 0, 49152], ""params"": [0.29999998211860657, 1.000000238418579, 1.000000238418579, 0, 0, 0], ""unused_pointer"": 77417888}"
events-ep4/q315-bb-e,0,31,"{""base_type"": 26, ""set_flags"": 0, ""runtime_index"": 371, ""file_offset"": 2124, ""floor_field"": 0, ""entity_id_field"": 17808, ""group"": 0, ""room"": 10, ""unknown_a3"": 0, ""position"": [-552.0048828125, 13.00069808959961, -322.4993591308594], ""angles"": [49152, 0, 49152], ""params"": [0.5, 1.600000262260437, 1.000000238418579, 0, 0, 0], ""unused_pointer"": 77418048}"
events-ep4/q315-bb-e,0,32,"{""base_type"": 26, ""set_flags"": 0, ""runtime_index"": 367, ""file_offset"": 2192, ""floor_field"": 0, ""entity_id_field"": 17809, ""group"": 0, ""room"": 10, ""unknown_a3"": 0, ""position"": [-175.72723388671875, 25.000001907348633, -2288.638916015625], ""angles"": [16384, 0, 49152], ""params"": [0.699999988079071, 2.400001287460327, 1.0, 0, 0, 0], ""unused_pointer"": 77418208}"
events-ep4/q315-bb-e,0,33,"{""base_type"": 26, ""set_flags"": 0, ""runtime_index"": 378, ""file_offset"": 2260, ""floor_field"": 0, ""entity_id_field"": 17810, ""group"": 0, ""room"": 10, ""unknown_a3"": 0, ""position"": [17.0, 23.0, -175.0], ""angles"": [17664, 0, 49152], ""params"": [0.29999998211860657, 1.000000238418579, 1.000000238418579, 0, 0, 0], ""unused_pointer"": 77418368}"
events-ep4/q315-bb-e,0,34,"{""base_type"": 26, ""set_flags"": 0, ""runtime_index"": 373, ""file_offset"": 2328, ""floor_field"": 0, ""entity_id_field"": 17811, ""group"": 0, ""room"": 10, ""unknown_a3"": 0, ""position"": [-154.3699951171875, 31.619998931884766, -373.3999938964844], ""angles"": [57344, 0, 49152], ""params"": [1.0, 4.0, 1.0, 0, 0, 0], ""unused_pointer"": 77418528}"
events-ep4/q315-bb-e,0,35,"{""base_type"": 26, ""set_flags"": 0, ""runtime_index"": 374, ""file_offset"": 2396, ""floor_field"": 0, ""entity_id_field"": 17812, ""group"": 0, ""room"": 10, ""unknown_a3"": 0, ""position"": [-112.0, 23.0, -124.0], ""angles"": [32768, 0, 49152], ""params"": [0.29999998211860657, 1.000000238418579, 1.000000238418579, 0, 0, 0], ""unused_pointer"": 77418688}"
events-ep4/q315-bb-e,0,36,"{""base_type"": 26, ""set_flags"": 0, ""runtime_index"": 376, ""file_offset"": 2464, ""floor_field"": 0, ""entity_id_field"": 17813, ""group"": 0, ""room"": 10, ""unknown_a3"": 0, ""position"": [-2.995574951171875, 22.99611473083496, -123.0], ""angles"": [32768, 0, 49152], ""params"": [0.29999998211860657, 1.000000238418579, 1.000000238418579, 0, 0, 0], ""unused_pointer"": 77418848}"
events-ep4/q315-bb-e,0,37,"{""base_type"": 26, ""set_flags"": 0, ""runtime_index"": 377, ""file_offset"": 2532, ""floor_field"": 0, ""entity_id_field"": 17814, ""group"": 0, ""room"": 10, ""unknown_a3"": 0, ""position"": [14.0, 23.0, -139.0], ""angles"": [17664, 0, 49152], ""params"": [0.29999998211860657, 1.0, 1.000000238418579, 0, 0, 0], ""unused_pointer"": 77419008}"
events-ep4/q315-bb-e,0,38,"{""base_type"": 26, ""set_flags"": 0, ""runtime_index"": 385, ""file_offset"": 2600, ""floor_field"": 0, ""entity_id_field"": 17815, ""group"": 0, ""room"": 10, ""unknown_a3"": 0, ""position"": [-15.99884033203125, 47.009849548339844, -427.601318359375], ""angles"": [0, 4096, 49152], ""params"": [0.29999998211860657, 1.000000238418579, 1.000000238418579, 0, 0, 0], ""unused_pointer"": 77419168}"
events-ep4/q315-bb-e,0,39,"{""base_type"": 26, ""set_flags"": 0, ""runtime_index"": 369, ""file_offset"": 2668, ""floor_field"": 0, ""entity_id_field"": 17816, ""group"": 0, ""room"": 10, ""unknown_a3"": 0, ""position"": [-358.32421875, 48.00204086303711, -47.97663879394531], ""angles"": [25344, 4096, 49152], ""params"": [0.5, 2.000000476837158, 1.000000238418579, 0, 0, 0], ""unused_pointer"": 77419328}"
events-ep4/q315-bb-e,0,40,"{""base_type"": 26, ""set_flags"": 2, ""runtime_index"": 40, ""file_offset"": 2736, ""floor_field"": 0, ""entity_id_field"": 17817, ""group"": 0, ""room"": 10, ""unknown_a3"": 0, ""position"": [-392.73101806640625, 43.00204086303711, -31.329437255859375], ""angles"": [32768, 4096, 49152], ""params"": [0.29999998211860657, 1.000000238418579, 1.000000238418579, 0, 0, 0], ""unused_pointer"": 77419488}"
events-ep4/q315-bb-e,0,41,"{""base_type"": 26, ""set_flags"": 2, ""runtime_index"": 41, ""file_offset"": 2804, ""floor_field"": 0, ""entity_id_field"": 17818, ""group"": 0, ""room"": 10, ""unknown_a3"": 0, ""position"": [-442.001220703125, 43.00204086303711, -60.99833679199219], ""angles"": [43520, 4096, 49152], ""params"": [0.29999998211860657, 1.000000238418579, 1.000000238418579, 0, 0, 0], ""unused_pointer"": 77419648}"
events-ep4/q315-bb-e,0,42,"{""base_type"": 26, ""set_flags"": 2, ""runtime_index"": 42, ""file_offset"": 2872, ""floor_field"": 0, ""entity_id_field"": 17819, ""group"": 0, ""room"": 10, ""unknown_a3"": 0, ""position"": [-467.0029602050781, 20.0, -222.99728393554688], ""angles"": [49152, 0, 49152], ""params"": [0.29999998211860657, 1.000000238418579, 1.000000238418579, 0, 0, 0], ""unused_pointer"": 77419808}"
events-ep4/q315-bb-e,0,43,"{""base_type"": 26, ""set_flags"": 2, ""runtime_index"": 43, ""file_offset"": 2940, ""floor_field"": 0, ""entity_id_field"": 17820, ""group"": 0, ""room"": 10, ""unknown_a3"": 0, ""position"": [-467.0029602050781, 40.00000762939453, -222.99728393554688], ""angles"": [49152, 0, 49152], ""params"": [0.29999998211860657, 1.000000238418579, 1.000000238418579, 0, 0, 0], ""unused_pointer"": 77419968}"
events-ep4/q315-bb-e,0,44,"{""base_type"": 26, ""set_flags"": 2, ""runtime_index"": 44, ""file_offset"": 3008, ""floor_field"": 0, ""entity_id_field"": 17821, ""group"": 0, ""room"": 10, ""unknown_a3"": 0, ""position"": [-467.0029602050781, 60.00001525878906, -222.99728393554688], ""angles"": [49152, 0, 49152], ""params"": [0.29999998211860657, 1.000000238418579, 1.000000238418579, 0, 0, 0], ""unused_pointer"": 77420128}"
events-ep4/q315-bb-e,0,45,"{""base_type"": 26, ""set_flags"": 2, ""runtime_index"": 45, ""file_offset"": 3076, ""floor_field"": 0, ""entity_id_field"": 17822, ""group"": 0, ""room"": 10, ""unknown_a3"": 0, ""position"": [-467.0029602050781, 80.00003051757812, -222.99728393554688], ""angles"": [49152, 0, 49152], ""params"": [0.29999998211860657, 1.000000238418579, 1.000000238418579, 0, 0, 0], ""unused_pointer"": 77420288}"
events-ep4/q315-bb-e,0,46,"{""base_type"": 26, ""set_flags"": 0, ""runtime_index"": 372, ""file_offset"": 3144, ""floor_field"": 0, ""entity_id_field"": 17823, ""group"": 0, ""room"": 10, ""unknown_a3"": 0, ""position"": [-203.7351837158203, 61.174957275390625, -50.34791564941406], ""angles"": [32768, 0, 49152], ""params"": [1.2999999523162842, 5.000000953674316, 1.000000238418579, 0, 0, 0], ""unused_pointer"": 77420448}"
events-ep4/q315-bb-e,0,47,"{""base_type"": 26, ""set_flags"": 0, ""runtime_index"": 383, ""file_offset"": 3212, ""floor_field"": 0, ""entity_id_field"": 17824, ""group"": 0, ""room"": 10, ""unknown_a3"": 0, ""position"": [35.089996337890625, 48.34375, -544.0], ""angles"": [62464, 4096, 49152], ""params"": [0.5, 2.0, 1.000000238418579, 0, 0, 0], ""unused_pointer"": 77420608}"
events-ep4/q315-bb-e,0,48,"{""base_type"": 26, ""set_flags"": 2, ""runtime_index"": 48, ""file_offset"": 3280, ""floor_field"": 0, ""entity_id_field"": 17825, ""group"": 0, ""room"": 10, ""unknown_a3"": 0, ""position"": [-87.35765075683594, 124.69625091552734, -278.99932861328125], ""angles"": [16384, 4096, 49152], ""params"": [1.7999999523162842, 6.0, 1.000000238418579, 0, 0, 0], ""unused_pointer"": 77420768}"
events-ep4/q315-bb-e,0,49,"{""base_type"": 26, ""set_flags"": 0, ""runtime_index"": 381, ""file_offset"": 3348, ""floor_field"": 0, ""entity_id_field"": 17826, ""group"": 0, ""room"": 10, ""unknown_a3"": 0, ""position"": [219.0, 30.0, -296.739990234375], ""angles"": [16384, 0, 49152], ""params"": [0.29999998211860657, 1.0, 1.000000238418579, 0, 0, 0], ""unused_pointer"": 77420928}"
events-ep4/q315-bb-e,0,50,"{""base_type"": 26, ""set_flags"": 0, ""runtime_index"": 380, ""file_offset"": 3416, ""floor_field"": 0, ""entity_id_field"": 17827, ""group"": 0, ""room"": 10, ""unknown_a3"": 0, ""position"": [219.0, 30.0, -265.0], ""angles"": [16384, 0, 49152], ""params"": [0.29999998211860657, 1.0, 1.000000238418579, 0, 0, 0], ""unused_pointer"": 77421088}"
events-ep4/q315-bb-e,0,51,"{""base_type"": 26, ""set_flags"": 0, ""runtime_index"": 379, ""file_offset"": 3484, ""floor_field"": 0, ""entity_id_field"": 17828, ""group"": 0, ""room"": 10, ""unknown_a3"": 0, ""position"": [219.81997680664062, 30.0, -233.29000854492188], ""angles"": [16384, 0, 49152], ""params"": [0.29999998211860657, 1.0, 1.000000238418579, 0, 0, 0], ""unused_pointer"": 77421248}"
events-ep4/q315-bb-e,0,52,"{""base_type"": 26, ""set_flags"": 0, ""runtime_index"": 366, ""file_offset"": 3552, ""floor_field"": 0, ""entity_id_field"": 17829, ""group"": 0, ""room"": 10, ""unknown_a3"": 0, ""position"": [-286.0, 25.0, -2291.0], ""angles"": [49152, 0, 49152], ""params"": [0.699999988079071, 2.400001287460327, 1.000000238418579, 0, 0, 0], ""unused_pointer"": 77421408}"
events-ep4/q315-bb-e,0,53,"{""base_type"": 26, ""set_flags"": 2, ""runtime_index"": 53, ""file_offset"": 3620, ""floor_field"": 0, ""entity_id_field"": 17830, ""group"": 0, ""room"": 10, ""unknown_a3"": 0, ""position"": [-218.99911499023438, 134.49176025390625, -1936.4481201171875], ""angles"": [32768, 12288, 49152], ""params"": [3.1999998092651367, 13.0, 1.0, 0, 0, 0], ""unused_pointer"": 77421568}"
events-ep4/q315-bb-j,0,26,"{""base_type"": 26, ""set_flags"": 0, ""runtime_index"": 384, ""file_offset"": 1784, ""floor_field"": 0, ""entity_id_field"": 17803, ""group"": 0, ""room"": 10, ""unknown_a3"": 0, ""position"": [-64.03318786621094, 48.33072280883789, -544.1820678710938], ""angles"": [2816, 4096, 49152], ""params"": [0.5, 2.000000476837158, 1.000000238418579, 0, 0, 0], ""unused_pointer"": 77417248}"
events-ep4/q315-bb-j,0,27,"{""base_type"": 26, ""set_flags"": 2, ""runtime_index"": 27, ""file_offset"": 1852, ""floor_field"": 0, ""entity_id_field"": 17804, ""group"": 0, ""room"": 10, ""unknown_a3"": 0, ""position"": [-422.0050048828125, 43.00204086303711, -39.997589111328125], ""angles"": [38144, 4096, 49152], ""params"": [0.29999998211860657, 1.000000238418579, 1.000000238418579, 0, 0, 0], ""unused_pointer"": 77417408}"
events-ep4/q315-bb-j,0,28,"{""base_type"": 26, ""set_flags"": 0, ""runtime_index"": 370, ""file_offset"": 1920, ""floor_field"": 0, ""entity_id_field"": 17805, ""group"": 0, ""room"": 10, ""unknown_a3"": 0, ""position"": [-484.0034484863281, 75.2366943359375, -337.9985656738281], ""angles"": [40960, 768, 49152], ""params"": [1.5, 6.000000953674316, 1.0, 0, 0, 0], ""unused_pointer"": 77417568}"
events-ep4/q315-bb-j,0,29,"{""base_type"": 26, ""set_flags"": 0, ""runtime_index"": 368, ""file_offset"": 1988, ""floor_field"": 0, ""entity_id_field"": 17806, ""group"": 0, ""room"": 10, ""unknown_a3"": 0, ""position"": [-228.0, 28.0, -2351.004638671875], ""angles"": [0, 0, 49152], ""params"": [0.7999999523162842, 3.0000007152557373, 1.0, 0, 0, 0], ""unused_pointer"": 77417728}"
events-ep4/q315-bb-j,0,30,"{""base_type"": 26, ""set_flags"": 0, ""runtime_index"": 375, ""file_offset"": 2056, ""floor_field"": 0, ""entity_id_field"": 17807, ""group"": 0, ""room"": 10, ""unknown_a3"": 0, ""position"": [-82.00421142578125, 22.99611473083496, -124.0], ""angles"": [32768, 0, 49152], ""params"": [0.29999998211860657, 1.000000238418579, 1.000000238418579, 0, 0, 0], ""unused_pointer"": 77417888}"
events-ep4/q315-bb-j,0,31,"{""base_type"": 26, ""set_flags"": 0, ""runtime_index"": 371, ""file_offset"": 2124, ""floor_field"": 0, ""entity_id_field"": 17808, ""group"": 0, ""room"": 10, ""unknown_a3"": 0, ""position"": [-552.0048828125, 13.00069808959961, -322.4993591308594], ""angles"": [49152, 0, 49152], ""params"": [0.5, 1.600000262260437, 1.000000238418579, 0, 0, 0], ""unused_pointer"": 77418048}"
events-ep4/q315-bb-j,0,32,"{""base_type"": 26, ""set_flags"": 0, ""runtime_index"": 367, ""file_offset"": 2192, ""floor_field"": 0, ""entity_id_field"": 17809, ""group"": 0, ""room"": 10, ""unknown_a3"": 0, ""position"": [-175.72723388671875, 25.000001907348633, -2288.638916015625], ""angles"": [16384, 0, 49152], ""params"": [0.699999988079071, 2.400001287460327, 1.0, 0, 0, 0], ""unused_pointer"": 77418208}"
events-ep4/q315-bb-j,0,33,"{""base_type"": 26, ""set_flags"": 0, ""runtime_index"": 378, ""file_offset"": 2260, ""floor_field"": 0, ""entity_id_field"": 17810, ""group"": 0, ""room"": 10, ""unknown_a3"": 0, ""position"": [17.0, 23.0, -175.0], ""angles"": [17664, 0, 49152], ""params"": [0.29999998211860657, 1.000000238418579, 1.000000238418579, 0, 0, 0], ""unused_pointer"": 77418368}"
events-ep4/q315-bb-j,0,34,"{""base_type"": 26, ""set_flags"": 0, ""runtime_index"": 373, ""file_offset"": 2328, ""floor_field"": 0, ""entity_id_field"": 17811, ""group"": 0, ""room"": 10, ""unknown_a3"": 0, ""position"": [-154.3699951171875, 31.619998931884766, -373.3999938964844], ""angles"": [57344, 0, 49152], ""params"": [1.0, 4.0, 1.0, 0, 0, 0], ""unused_pointer"": 77418528}"
events-ep4/q315-bb-j,0,35,"{""base_type"": 26, ""set_flags"": 0, ""runtime_index"": 374, ""file_offset"": 2396, ""floor_field"": 0, ""entity_id_field"": 17812, ""group"": 0, ""room"": 10, ""unknown_a3"": 0, ""position"": [-112.0, 23.0, -124.0], ""angles"": [32768, 0, 49152], ""params"": [0.29999998211860657, 1.000000238418579, 1.000000238418579, 0, 0, 0], ""unused_pointer"": 77418688}"
events-ep4/q315-bb-j,0,36,"{""base_type"": 26, ""set_flags"": 0, ""runtime_index"": 376, ""file_offset"": 2464, ""floor_field"": 0, ""entity_id_field"": 17813, ""group"": 0, ""room"": 10, ""unknown_a3"": 0, ""position"": [-2.995574951171875, 22.99611473083496, -123.0], ""angles"": [32768, 0, 49152], ""params"": [0.29999998211860657, 1.000000238418579, 1.000000238418579, 0, 0, 0], ""unused_pointer"": 77418848}"
events-ep4/q315-bb-j,0,37,"{""base_type"": 26, ""set_flags"": 0, ""runtime_index"": 377, ""file_offset"": 2532, ""floor_field"": 0, ""entity_id_field"": 17814, ""group"": 0, ""room"": 10, ""unknown_a3"": 0, ""position"": [14.0, 23.0, -139.0], ""angles"": [17664, 0, 49152], ""params"": [0.29999998211860657, 1.0, 1.000000238418579, 0, 0, 0], ""unused_pointer"": 77419008}"
events-ep4/q315-bb-j,0,38,"{""base_type"": 26, ""set_flags"": 0, ""runtime_index"": 385, ""file_offset"": 2600, ""floor_field"": 0, ""entity_id_field"": 17815, ""group"": 0, ""room"": 10, ""unknown_a3"": 0, ""position"": [-15.99884033203125, 47.009849548339844, -427.601318359375], ""angles"": [0, 4096, 49152], ""params"": [0.29999998211860657, 1.000000238418579, 1.000000238418579, 0, 0, 0], ""unused_pointer"": 77419168}"
events-ep4/q315-bb-j,0,39,"{""base_type"": 26, ""set_flags"": 0, ""runtime_index"": 369, ""file_offset"": 2668, ""floor_field"": 0, ""entity_id_field"": 17816, ""group"": 0, ""room"": 10, ""unknown_a3"": 0, ""position"": [-358.32421875, 48.00204086303711, -47.97663879394531], ""angles"": [25344, 4096, 49152], ""params"": [0.5, 2.000000476837158, 1.000000238418579, 0, 0, 0], ""unused_pointer"": 77419328}"
events-ep4/q315-bb-j,0,40,"{""base_type"": 26, ""set_flags"": 2, ""runtime_index"": 40, ""file_offset"": 2736, ""floor_field"": 0, ""entity_id_field"": 17817, ""group"": 0, ""room"": 10, ""unknown_a3"": 0, ""position"": [-392.73101806640625, 43.00204086303711, -31.329437255859375], ""angles"": [32768, 4096, 49152], ""params"": [0.29999998211860657, 1.000000238418579, 1.000000238418579, 0, 0, 0], ""unused_pointer"": 77419488}"
events-ep4/q315-bb-j,0,41,"{""base_type"": 26, ""set_flags"": 2, ""runtime_index"": 41, ""file_offset"": 2804, ""floor_field"": 0, ""entity_id_field"": 17818, ""group"": 0, ""room"": 10, ""unknown_a3"": 0, ""position"": [-442.001220703125, 43.00204086303711, -60.99833679199219], ""angles"": [43520, 4096, 49152], ""params"": [0.29999998211860657, 1.000000238418579, 1.000000238418579, 0, 0, 0], ""unused_pointer"": 77419648}"
events-ep4/q315-bb-j,0,42,"{""base_type"": 26, ""set_flags"": 2, ""runtime_index"": 42, ""file_offset"": 2872, ""floor_field"": 0, ""entity_id_field"": 17819, ""group"": 0, ""room"": 10, ""unknown_a3"": 0, ""position"": [-467.0029602050781, 20.0, -222.99728393554688], ""angles"": [49152, 0, 49152], ""params"": [0.29999998211860657, 1.000000238418579, 1.000000238418579, 0, 0, 0], ""unused_pointer"": 77419808}"
events-ep4/q315-bb-j,0,43,"{""base_type"": 26, ""set_flags"": 2, ""runtime_index"": 43, ""file_offset"": 2940, ""floor_field"": 0, ""entity_id_field"": 17820, ""group"": 0, ""room"": 10, ""unknown_a3"": 0, ""position"": [-467.0029602050781, 40.00000762939453, -222.99728393554688], ""angles"": [49152, 0, 49152], ""params"": [0.29999998211860657, 1.000000238418579, 1.000000238418579, 0, 0, 0], ""unused_pointer"": 77419968}"
events-ep4/q315-bb-j,0,44,"{""base_type"": 26, ""set_flags"": 2, ""runtime_index"": 44, ""file_offset"": 3008, ""floor_field"": 0, ""entity_id_field"": 17821, ""group"": 0, ""room"": 10, ""unknown_a3"": 0, ""position"": [-467.0029602050781, 60.00001525878906, -222.99728393554688], ""angles"": [49152, 0, 49152], ""params"": [0.29999998211860657, 1.000000238418579, 1.000000238418579, 0, 0, 0], ""unused_pointer"": 77420128}"
events-ep4/q315-bb-j,0,45,"{""base_type"": 26, ""set_flags"": 2, ""runtime_index"": 45, ""file_offset"": 3076, ""floor_field"": 0, ""entity_id_field"": 17822, ""group"": 0, ""room"": 10, ""unknown_a3"": 0, ""position"": [-467.0029602050781, 80.00003051757812, -222.99728393554688], ""angles"": [49152, 0, 49152], ""params"": [0.29999998211860657, 1.000000238418579, 1.000000238418579, 0, 0, 0], ""unused_pointer"": 77420288}"
events-ep4/q315-bb-j,0,46,"{""base_type"": 26, ""set_flags"": 0, ""runtime_index"": 372, ""file_offset"": 3144, ""floor_field"": 0, ""entity_id_field"": 17823, ""group"": 0, ""room"": 10, ""unknown_a3"": 0, ""position"": [-203.7351837158203, 61.174957275390625, -50.34791564941406], ""angles"": [32768, 0, 49152], ""params"": [1.2999999523162842, 5.000000953674316, 1.000000238418579, 0, 0, 0], ""unused_pointer"": 77420448}"
events-ep4/q315-bb-j,0,47,"{""base_type"": 26, ""set_flags"": 0, ""runtime_index"": 383, ""file_offset"": 3212, ""floor_field"": 0, ""entity_id_field"": 17824, ""group"": 0, ""room"": 10, ""unknown_a3"": 0, ""position"": [35.089996337890625, 48.34375, -544.0], ""angles"": [62464, 4096, 49152], ""params"": [0.5, 2.0, 1.000000238418579, 0, 0, 0], ""unused_pointer"": 77420608}"
events-ep4/q315-bb-j,0,48,"{""base_type"": 26, ""set_flags"": 2, ""runtime_index"": 48, ""file_offset"": 3280, ""floor_field"": 0, ""entity_id_field"": 17825, ""group"": 0, ""room"": 10, ""unknown_a3"": 0, ""position"": [-87.35765075683594, 124.69625091552734, -278.99932861328125], ""angles"": [16384, 4096, 49152], ""params"": [1.7999999523162842, 6.0, 1.000000238418579, 0, 0, 0], ""unused_pointer"": 77420768}"
events-ep4/q315-bb-j,0,49,"{""base_type"": 26, ""set_flags"": 0, ""runtime_index"": 381, ""file_offset"": 3348, ""floor_field"": 0, ""entity_id_field"": 17826, ""group"": 0, ""room"": 10, ""unknown_a3"": 0, ""position"": [219.0, 30.0, -296.739990234375], ""angles"": [16384, 0, 49152], ""params"": [0.29999998211860657, 1.0, 1.000000238418579, 0, 0, 0], ""unused_pointer"": 77420928}"
events-ep4/q315-bb-j,0,50,"{""base_type"": 26, ""set_flags"": 0, ""runtime_index"": 380, ""file_offset"": 3416, ""floor_field"": 0, ""entity_id_field"": 17827, ""group"": 0, ""room"": 10, ""unknown_a3"": 0, ""position"": [219.0, 30.0, -265.0], ""angles"": [16384, 0, 49152], ""params"": [0.29999998211860657, 1.0, 1.000000238418579, 0, 0, 0], ""unused_pointer"": 77421088}"
events-ep4/q315-bb-j,0,51,"{""base_type"": 26, ""set_flags"": 0, ""runtime_index"": 379, ""file_offset"": 3484, ""floor_field"": 0, ""entity_id_field"": 17828, ""group"": 0, ""room"": 10, ""unknown_a3"": 0, ""position"": [219.81997680664062, 30.0, -233.29000854492188], ""angles"": [16384, 0, 49152], ""params"": [0.29999998211860657, 1.0, 1.000000238418579, 0, 0, 0], ""unused_pointer"": 77421248}"
events-ep4/q315-bb-j,0,52,"{""base_type"": 26, ""set_flags"": 0, ""runtime_index"": 366, ""file_offset"": 3552, ""floor_field"": 0, ""entity_id_field"": 17829, ""group"": 0, ""room"": 10, ""unknown_a3"": 0, ""position"": [-286.0, 25.0, -2291.0], ""angles"": [49152, 0, 49152], ""params"": [0.699999988079071, 2.400001287460327, 1.000000238418579, 0, 0, 0], ""unused_pointer"": 77421408}"
events-ep4/q315-bb-j,0,53,"{""base_type"": 26, ""set_flags"": 2, ""runtime_index"": 53, ""file_offset"": 3620, ""floor_field"": 0, ""entity_id_field"": 17830, ""group"": 0, ""room"": 10, ""unknown_a3"": 0, ""position"": [-218.99911499023438, 134.49176025390625, -1936.4481201171875], ""angles"": [32768, 12288, 49152], ""params"": [3.1999998092651367, 13.0, 1.0, 0, 0, 0], ""unused_pointer"": 77421568}"
extermination-ep1/q62-bb-e,0,26,"{""base_type"": 26, ""set_flags"": 0, ""runtime_index"": 1990, ""file_offset"": 1784, ""floor_field"": 0, ""entity_id_field"": 23880, ""group"": 0, ""room"": 10, ""unknown_a3"": 0, ""position"": [-156.59194946289062, 23.75693702697754, -231.2667236328125], ""angles"": [32768, 0, 49152], ""params"": [1.0, 1.0, 1.0, 0, 0, 0], ""unused_pointer"": 1892349056}"
extermination-ep1/q62-bb-e,0,27,"{""base_type"": 26, ""set_flags"": 0, ""runtime_index"": 1991, ""file_offset"": 1852, ""floor_field"": 0, ""entity_id_field"": 24136, ""group"": 0, ""room"": 10, ""unknown_a3"": 0, ""position"": [-191.06588745117188, 33.75693893432617, -231.16806030273438], ""angles"": [32768, 0, 49152], ""params"": [2.000000238418579, 2.000000238418579, 1.0, 0, 0, 0], ""unused_pointer"": 1355609216}"
extermination-ep1/q62-bb-e,0,28,"{""base_type"": 26, ""set_flags"": 0, ""runtime_index"": 1992, ""file_offset"": 1920, ""floor_field"": 0, ""entity_id_field"": 24392, ""group"": 0, ""room"": 10, ""unknown_a3"": 0, ""position"": [-245.95738220214844, 44.75693893432617, -231.8171844482422], ""angles"": [32768, 0, 49152], ""params"": [3.000000476837158, 3.000000476837158, 1.0, 0, 0, 0], ""unused_pointer"": 4039963776}"
extermination-ep1/q62-bb-e,0,29,"{""base_type"": 26, ""set_flags"": 0, ""runtime_index"": 1993, ""file_offset"": 1988, ""floor_field"": 0, ""entity_id_field"": 24648, ""group"": 0, ""room"": 10, ""unknown_a3"": 0, ""position"": [-476.147216796875, 92.2938003540039, -325.8175048828125], ""angles"": [45056, 0, 49152], ""params"": [4.000000953674316, 4.000000953674316, 1.0, 0, 0, 0], ""unused_pointer"": 2429416576}"
extermination-ep1/q62-bb-e,0,30,"{""base_type"": 26, ""set_flags"": 0, ""runtime_index"": 1994, ""file_offset"": 2056, ""floor_field"": 0, ""entity_id_field"": 24904, ""group"": 0, ""room"": 10, ""unknown_a3"": 0, ""position"": [-137.41549682617188, 25.0, -188.05404663085938], ""angles"": [49152, 0, 49152], ""params"": [1.000000238418579, 1.000000238418579, 1.0, 0, 0, 0], ""unused_pointer"": 818869376}"
extermination-ep1/q62-bb-e,0,31,"{""base_type"": 26, ""set_flags"": 0, ""runtime_index"": 1995, ""file_offset"": 2124, ""floor_field"": 0, ""entity_id_field"": 25160, ""group"": 0, ""room"": 10, ""unknown_a3"": 0, ""position"": [-137.41549682617188, 49.0, -188.05404663085938], ""angles"": [49152, 0, 49152], ""params"": [1.000000238418579, 1.000000238418579, 1.0, 0, 0, 0], ""unused_pointer"": 3503223936}"
extermination-ep1/q62-bb-e,0,32,"{""base_type"": 26, ""set_flags"": 0, ""runtime_index"": 1996, ""file_offset"": 2192, ""floor_field"": 0, ""entity_id_field"": 25416, ""group"": 0, ""room"": 10, ""unknown_a3"": 0, ""position"": [-137.41549682617188, 73.0, -188.05404663085938], ""angles"": [49152, 0, 49152], ""params"": [1.000000238418579, 1.000000238418579, 1.0, 0, 0, 0], ""unused_pointer"": 1892676736}"
extermination-ep1/q62-bb-j,0,26,"{""base_type"": 26, ""set_flags"": 0, ""runtime_index"": 1990, ""file_offset"": 1784, ""floor_field"": 0, ""entity_id_field"": 23880, ""group"": 0, ""room"": 10, ""unknown_a3"": 0, ""position"": [-156.59194946289062, 23.75693702697754, -231.2667236328125], ""angles"": [32768, 0, 49152], ""params"": [1.0, 1.0, 1.0, 0, 0, 0], ""unused_pointer"": 1892349056}"
extermination-ep1/q62-bb-j,0,27,"{""base_type"": 26, ""set_flags"": 0, ""runtime_index"": 1991, ""file_offset"": 1852, ""floor_field"": 0, ""entity_id_field"": 24136, ""group"": 0, ""room"": 10, ""unknown_a3"": 0, ""position"": [-191.06588745117188, 33.75693893432617, -231.16806030273438], ""angles"": [32768, 0, 49152], ""params"": [2.000000238418579, 2.000000238418579, 1.0, 0, 0, 0], ""unused_pointer"": 1355609216}"
extermination-ep1/q62-bb-j,0,28,"{""base_type"": 26, ""set_flags"": 0, ""runtime_index"": 1992, ""file_offset"": 1920, ""floor_field"": 0, ""entity_id_field"": 24392, ""group"": 0, ""room"": 10, ""unknown_a3"": 0, ""position"": [-245.95738220214844, 44.75693893432617, -231.8171844482422], ""angles"": [32768, 0, 49152], ""params"": [3.000000476837158, 3.000000476837158, 1.0, 0, 0, 0], ""unused_pointer"": 4039963776}"
extermination-ep1/q62-bb-j,0,29,"{""base_type"": 26, ""set_flags"": 0, ""runtime_index"": 1993, ""file_offset"": 1988, ""floor_field"": 0, ""entity_id_field"": 24648, ""group"": 0, ""room"": 10, ""unknown_a3"": 0, ""position"": [-476.147216796875, 92.2938003540039, -325.8175048828125], ""angles"": [45056, 0, 49152], ""params"": [4.000000953674316, 4.000000953674316, 1.0, 0, 0, 0], ""unused_pointer"": 2429416576}"
extermination-ep1/q62-bb-j,0,30,"{""base_type"": 26, ""set_flags"": 0, ""runtime_index"": 1994, ""file_offset"": 2056, ""floor_field"": 0, ""entity_id_field"": 24904, ""group"": 0, ""room"": 10, ""unknown_a3"": 0, ""position"": [-137.41549682617188, 25.0, -188.05404663085938], ""angles"": [49152, 0, 49152], ""params"": [1.000000238418579, 1.000000238418579, 1.0, 0, 0, 0], ""unused_pointer"": 818869376}"
extermination-ep1/q62-bb-j,0,31,"{""base_type"": 26, ""set_flags"": 0, ""runtime_index"": 1995, ""file_offset"": 2124, ""floor_field"": 0, ""entity_id_field"": 25160, ""group"": 0, ""room"": 10, ""unknown_a3"": 0, ""position"": [-137.41549682617188, 49.0, -188.05404663085938], ""angles"": [49152, 0, 49152], ""params"": [1.000000238418579, 1.000000238418579, 1.0, 0, 0, 0], ""unused_pointer"": 3503223936}"
extermination-ep1/q62-bb-j,0,32,"{""base_type"": 26, ""set_flags"": 0, ""runtime_index"": 1996, ""file_offset"": 2192, ""floor_field"": 0, ""entity_id_field"": 25416, ""group"": 0, ""room"": 10, ""unknown_a3"": 0, ""position"": [-137.41549682617188, 73.0, -188.05404663085938], ""angles"": [49152, 0, 49152], ""params"": [1.000000238418579, 1.000000238418579, 1.0, 0, 0, 0], ""unused_pointer"": 1892676736}"
extermination-ep1/q63-bb-e,0,26,"{""base_type"": 26, ""set_flags"": 0, ""runtime_index"": 1990, ""file_offset"": 1784, ""floor_field"": 0, ""entity_id_field"": 23880, ""group"": 0, ""room"": 10, ""unknown_a3"": 0, ""position"": [-156.59194946289062, 23.75693702697754, -231.2667236328125], ""angles"": [32768, 0, 49152], ""params"": [1.0, 1.0, 1.0, 0, 0, 0], ""unused_pointer"": 1892349056}"
extermination-ep1/q63-bb-e,0,27,"{""base_type"": 26, ""set_flags"": 0, ""runtime_index"": 1991, ""file_offset"": 1852, ""floor_field"": 0, ""entity_id_field"": 24136, ""group"": 0, ""room"": 10, ""unknown_a3"": 0, ""position"": [-191.06588745117188, 33.75693893432617, -231.16806030273438], ""angles"": [32768, 0, 49152], ""params"": [2.000000238418579, 2.000000238418579, 1.0, 0, 0, 0], ""unused_pointer"": 1355609216}"
extermination-ep1/q63-bb-e,0,28,"{""base_type"": 26, ""set_flags"": 0, ""runtime_index"": 1992, ""file_offset"": 1920, ""floor_field"": 0, ""entity_id_field"": 24392, ""group"": 0, ""room"": 10, ""unknown_a3"": 0, ""position"": [-245.95738220214844, 44.75693893432617, -231.8171844482422], ""angles"": [32768, 0, 49152], ""params"": [3.000000476837158, 3.000000476837158, 1.0, 0, 0, 0], ""unused_pointer"": 4039963776}"
extermination-ep1/q63-bb-e,0,29,"{""base_type"": 26, ""set_flags"": 0, ""runtime_index"": 1993, ""file_offset"": 1988, ""floor_field"": 0, ""entity_id_field"": 24648, ""group"": 0, ""room"": 10, ""unknown_a3"": 0, ""position"": [-476.147216796875, 92.2938003540039, -325.8175048828125], ""angles"": [45056, 0, 49152], ""params"": [4.000000953674316, 4.000000953674316, 1.0, 0, 0, 0], ""unused_pointer"": 2429416576}"
extermination-ep1/q63-bb-e,0,30,"{""base_type"": 26, ""set_flags"": 0, ""runtime_index"": 1994, ""file_offset"": 2056, ""floor_field"": 0, ""entity_id_field"": 24904, ""group"": 0, ""room"": 10, ""unknown_a3"": 0, ""position"": [-137.41549682617188, 25.0, -188.05404663085938], ""angles"": [49152, 0, 49152], ""params"": [1.000000238418579, 1.000000238418579, 1.0, 0, 0, 0], ""unused_pointer"": 818869376}"
extermination-ep1/q63-bb-e,0,31,"{""base_type"": 26, ""set_flags"": 0, ""runtime_index"": 1995, ""file_offset"": 2124, ""floor_field"": 0, ""entity_id_field"": 25160, ""group"": 0, ""room"": 10, ""unknown_a3"": 0, ""position"": [-137.41549682617188, 49.0, -188.05404663085938], ""angles"": [49152, 0, 49152], ""params"": [1.000000238418579, 1.000000238418579, 1.0, 0, 0, 0], ""unused_pointer"": 3503223936}"
extermination-ep1/q63-bb-e,0,32,"{""base_type"": 26, ""set_flags"": 0, ""runtime_index"": 1996, ""file_offset"": 2192, ""floor_field"": 0, ""entity_id_field"": 25416, ""group"": 0, ""room"": 10, ""unknown_a3"": 0, ""position"": [-137.41549682617188, 73.0, -188.05404663085938], ""angles"": [49152, 0, 49152], ""params"": [1.000000238418579, 1.000000238418579, 1.0, 0, 0, 0], ""unused_pointer"": 1892676736}"
extermination-ep1/q63-bb-j,0,26,"{""base_type"": 26, ""set_flags"": 0, ""runtime_index"": 1990, ""file_offset"": 1784, ""floor_field"": 0, ""entity_id_field"": 23880, ""group"": 0, ""room"": 10, ""unknown_a3"": 0, ""position"": [-156.59194946289062, 23.75693702697754, -231.2667236328125], ""angles"": [32768, 0, 49152], ""params"": [1.0, 1.0, 1.0, 0, 0, 0], ""unused_pointer"": 1892349056}"
extermination-ep1/q63-bb-j,0,27,"{""base_type"": 26, ""set_flags"": 0, ""runtime_index"": 1991, ""file_offset"": 1852, ""floor_field"": 0, ""entity_id_field"": 24136, ""group"": 0, ""room"": 10, ""unknown_a3"": 0, ""position"": [-191.06588745117188, 33.75693893432617, -231.16806030273438], ""angles"": [32768, 0, 49152], ""params"": [2.000000238418579, 2.000000238418579, 1.0, 0, 0, 0], ""unused_pointer"": 1355609216}"
extermination-ep1/q63-bb-j,0,28,"{""base_type"": 26, ""set_flags"": 0, ""runtime_index"": 1992, ""file_offset"": 1920, ""floor_field"": 0, ""entity_id_field"": 24392, ""group"": 0, ""room"": 10, ""unknown_a3"": 0, ""position"": [-245.95738220214844, 44.75693893432617, -231.8171844482422], ""angles"": [32768, 0, 49152], ""params"": [3.000000476837158, 3.000000476837158, 1.0, 0, 0, 0], ""unused_pointer"": 4039963776}"
extermination-ep1/q63-bb-j,0,29,"{""base_type"": 26, ""set_flags"": 0, ""runtime_index"": 1993, ""file_offset"": 1988, ""floor_field"": 0, ""entity_id_field"": 24648, ""group"": 0, ""room"": 10, ""unknown_a3"": 0, ""position"": [-476.147216796875, 92.2938003540039, -325.8175048828125], ""angles"": [45056, 0, 49152], ""params"": [4.000000953674316, 4.000000953674316, 1.0, 0, 0, 0], ""unused_pointer"": 2429416576}"
extermination-ep1/q63-bb-j,0,30,"{""base_type"": 26, ""set_flags"": 0, ""runtime_index"": 1994, ""file_offset"": 2056, ""floor_field"": 0, ""entity_id_field"": 24904, ""group"": 0, ""room"": 10, ""unknown_a3"": 0, ""position"": [-137.41549682617188, 25.0, -188.05404663085938], ""angles"": [49152, 0, 49152], ""params"": [1.000000238418579, 1.000000238418579, 1.0, 0, 0, 0], ""unused_pointer"": 818869376}"
extermination-ep1/q63-bb-j,0,31,"{""base_type"": 26, ""set_flags"": 0, ""runtime_index"": 1995, ""file_offset"": 2124, ""floor_field"": 0, ""entity_id_field"": 25160, ""group"": 0, ""room"": 10, ""unknown_a3"": 0, ""position"": [-137.41549682617188, 49.0, -188.05404663085938], ""angles"": [49152, 0, 49152], ""params"": [1.000000238418579, 1.000000238418579, 1.0, 0, 0, 0], ""unused_pointer"": 3503223936}"
extermination-ep1/q63-bb-j,0,32,"{""base_type"": 26, ""set_flags"": 0, ""runtime_index"": 1996, ""file_offset"": 2192, ""floor_field"": 0, ""entity_id_field"": 25416, ""group"": 0, ""room"": 10, ""unknown_a3"": 0, ""position"": [-137.41549682617188, 73.0, -188.05404663085938], ""angles"": [49152, 0, 49152], ""params"": [1.000000238418579, 1.000000238418579, 1.0, 0, 0, 0], ""unused_pointer"": 1892676736}"
extermination-ep1/q123-bb-e,0,26,"{""base_type"": 26, ""set_flags"": 0, ""runtime_index"": 1990, ""file_offset"": 1784, ""floor_field"": 0, ""entity_id_field"": 23880, ""group"": 0, ""room"": 10, ""unknown_a3"": 0, ""position"": [-156.59194946289062, 23.75693702697754, -231.2667236328125], ""angles"": [32768, 0, 49152], ""params"": [1.0, 1.0, 1.0, 0, 0, 0], ""unused_pointer"": 1892349056}"
extermination-ep1/q123-bb-e,0,27,"{""base_type"": 26, ""set_flags"": 0, ""runtime_index"": 1991, ""file_offset"": 1852, ""floor_field"": 0, ""entity_id_field"": 24136, ""group"": 0, ""room"": 10, ""unknown_a3"": 0, ""position"": [-191.06588745117188, 33.75693893432617, -231.16806030273438], ""angles"": [32768, 0, 49152], ""params"": [2.000000238418579, 2.000000238418579, 1.0, 0, 0, 0], ""unused_pointer"": 1355609216}"
extermination-ep1/q123-bb-e,0,28,"{""base_type"": 26, ""set_flags"": 0, ""runtime_index"": 1992, ""file_offset"": 1920, ""floor_field"": 0, ""entity_id_field"": 24392, ""group"": 0, ""room"": 10, ""unknown_a3"": 0, ""position"": [-245.95738220214844, 44.75693893432617, -231.8171844482422], ""angles"": [32768, 0, 49152], ""params"": [3.000000476837158, 3.000000476837158, 1.0, 0, 0, 0], ""unused_pointer"": 4039963776}"
extermination-ep1/q123-bb-e,0,29,"{""base_type"": 26, ""set_flags"": 0, ""runtime_index"": 1993, ""file_offset"": 1988, ""floor_field"": 0, ""entity_id_field"": 24648, ""group"": 0, ""room"": 10, ""unknown_a3"": 0, ""position"": [-476.147216796875, 92.2938003540039, -325.8175048828125], ""angles"": [45056, 0, 49152], ""params"": [4.000000953674316, 4.000000953674316, 1.0, 0, 0, 0], ""unused_pointer"": 2429416576}"
extermination-ep1/q123-bb-e,0,30,"{""base_type"": 26, ""set_flags"": 0, ""runtime_index"": 1994, ""file_offset"": 2056, ""floor_field"": 0, ""entity_id_field"": 24904, ""group"": 0, ""room"": 10, ""unknown_a3"": 0, ""position"": [-137.41549682617188, 25.0, -188.05404663085938], ""angles"": [49152, 0, 49152], ""params"": [1.000000238418579, 1.000000238418579, 1.0, 0, 0, 0], ""unused_pointer"": 818869376}"
extermination-ep1/q123-bb-e,0,31,"{""base_type"": 26, ""set_flags"": 0, ""runtime_index"": 1995, ""file_offset"": 2124, ""floor_field"": 0, ""entity_id_field"": 25160, ""group"": 0, ""room"": 10, ""unknown_a3"": 0, ""position"": [-137.41549682617188, 49.0, -188.05404663085938], ""angles"": [49152, 0, 49152], ""params"": [1.000000238418579, 1.000000238418579, 1.0, 0, 0, 0], ""unused_pointer"": 3503223936}"
extermination-ep1/q123-bb-e,0,32,"{""base_type"": 26, ""set_flags"": 0, ""runtime_index"": 1996, ""file_offset"": 2192, ""floor_field"": 0, ""entity_id_field"": 25416, ""group"": 0, ""room"": 10, ""unknown_a3"": 0, ""position"": [-137.41549682617188, 73.0, -188.05404663085938], ""angles"": [49152, 0, 49152], ""params"": [1.000000238418579, 1.000000238418579, 1.0, 0, 0, 0], ""unused_pointer"": 1892676736}"
extermination-ep1/q123-bb-j,0,26,"{""base_type"": 26, ""set_flags"": 0, ""runtime_index"": 1990, ""file_offset"": 1784, ""floor_field"": 0, ""entity_id_field"": 23880, ""group"": 0, ""room"": 10, ""unknown_a3"": 0, ""position"": [-156.59194946289062, 23.75693702697754, -231.2667236328125], ""angles"": [32768, 0, 49152], ""params"": [1.0, 1.0, 1.0, 0, 0, 0], ""unused_pointer"": 1892349056}"
extermination-ep1/q123-bb-j,0,27,"{""base_type"": 26, ""set_flags"": 0, ""runtime_index"": 1991, ""file_offset"": 1852, ""floor_field"": 0, ""entity_id_field"": 24136, ""group"": 0, ""room"": 10, ""unknown_a3"": 0, ""position"": [-191.06588745117188, 33.75693893432617, -231.16806030273438], ""angles"": [32768, 0, 49152], ""params"": [2.000000238418579, 2.000000238418579, 1.0, 0, 0, 0], ""unused_pointer"": 1355609216}"
extermination-ep1/q123-bb-j,0,28,"{""base_type"": 26, ""set_flags"": 0, ""runtime_index"": 1992, ""file_offset"": 1920, ""floor_field"": 0, ""entity_id_field"": 24392, ""group"": 0, ""room"": 10, ""unknown_a3"": 0, ""position"": [-245.95738220214844, 44.75693893432617, -231.8171844482422], ""angles"": [32768, 0, 49152], ""params"": [3.000000476837158, 3.000000476837158, 1.0, 0, 0, 0], ""unused_pointer"": 4039963776}"
extermination-ep1/q123-bb-j,0,29,"{""base_type"": 26, ""set_flags"": 0, ""runtime_index"": 1993, ""file_offset"": 1988, ""floor_field"": 0, ""entity_id_field"": 24648, ""group"": 0, ""room"": 10, ""unknown_a3"": 0, ""position"": [-476.147216796875, 92.2938003540039, -325.8175048828125], ""angles"": [45056, 0, 49152], ""params"": [4.000000953674316, 4.000000953674316, 1.0, 0, 0, 0], ""unused_pointer"": 2429416576}"
extermination-ep1/q123-bb-j,0,30,"{""base_type"": 26, ""set_flags"": 0, ""runtime_index"": 1994, ""file_offset"": 2056, ""floor_field"": 0, ""entity_id_field"": 24904, ""group"": 0, ""room"": 10, ""unknown_a3"": 0, ""position"": [-137.41549682617188, 25.0, -188.05404663085938], ""angles"": [49152, 0, 49152], ""params"": [1.000000238418579, 1.000000238418579, 1.0, 0, 0, 0], ""unused_pointer"": 818869376}"
extermination-ep1/q123-bb-j,0,31,"{""base_type"": 26, ""set_flags"": 0, ""runtime_index"": 1995, ""file_offset"": 2124, ""floor_field"": 0, ""entity_id_field"": 25160, ""group"": 0, ""room"": 10, ""unknown_a3"": 0, ""position"": [-137.41549682617188, 49.0, -188.05404663085938], ""angles"": [49152, 0, 49152], ""params"": [1.000000238418579, 1.000000238418579, 1.0, 0, 0, 0], ""unused_pointer"": 3503223936}"
extermination-ep1/q123-bb-j,0,32,"{""base_type"": 26, ""set_flags"": 0, ""runtime_index"": 1996, ""file_offset"": 2192, ""floor_field"": 0, ""entity_id_field"": 25416, ""group"": 0, ""room"": 10, ""unknown_a3"": 0, ""position"": [-137.41549682617188, 73.0, -188.05404663085938], ""angles"": [49152, 0, 49152], ""params"": [1.000000238418579, 1.000000238418579, 1.0, 0, 0, 0], ""unused_pointer"": 1892676736}"
extermination-ep1/q140-bb-e,0,26,"{""base_type"": 26, ""set_flags"": 0, ""runtime_index"": 1990, ""file_offset"": 1784, ""floor_field"": 0, ""entity_id_field"": 23880, ""group"": 0, ""room"": 10, ""unknown_a3"": 0, ""position"": [-156.59194946289062, 23.75693702697754, -231.2667236328125], ""angles"": [32768, 0, 49152], ""params"": [1.0, 1.0, 1.0, 0, 0, 0], ""unused_pointer"": 1892349056}"
extermination-ep1/q140-bb-e,0,27,"{""base_type"": 26, ""set_flags"": 0, ""runtime_index"": 1991, ""file_offset"": 1852, ""floor_field"": 0, ""entity_id_field"": 24136, ""group"": 0, ""room"": 10, ""unknown_a3"": 0, ""position"": [-191.06588745117188, 33.75693893432617, -231.16806030273438], ""angles"": [32768, 0, 49152], ""params"": [2.000000238418579, 2.000000238418579, 1.0, 0, 0, 0], ""unused_pointer"": 1355609216}"
extermination-ep1/q140-bb-e,0,28,"{""base_type"": 26, ""set_flags"": 0, ""runtime_index"": 1992, ""file_offset"": 1920, ""floor_field"": 0, ""entity_id_field"": 24392, ""group"": 0, ""room"": 10, ""unknown_a3"": 0, ""position"": [-245.95738220214844, 44.75693893432617, -231.8171844482422], ""angles"": [32768, 0, 49152], ""params"": [3.000000476837158, 3.000000476837158, 1.0, 0, 0, 0], ""unused_pointer"": 4039963776}"
extermination-ep1/q140-bb-e,0,29,"{""base_type"": 26, ""set_flags"": 0, ""runtime_index"": 1993, ""file_offset"": 1988, ""floor_field"": 0, ""entity_id_field"": 24648, ""group"": 0, ""room"": 10, ""unknown_a3"": 0, ""position"": [-476.147216796875, 92.2938003540039, -325.8175048828125], ""angles"": [45056, 0, 49152], ""params"": [4.000000953674316, 4.000000953674316, 1.0, 0, 0, 0], ""unused_pointer"": 2429416576}"
extermination-ep1/q140-bb-e,0,30,"{""base_type"": 26, ""set_flags"": 0, ""runtime_index"": 1994, ""file_offset"": 2056, ""floor_field"": 0, ""entity_id_field"": 24904, ""group"": 0, ""room"": 10, ""unknown_a3"": 0, ""position"": [-137.41549682617188, 25.0, -188.05404663085938], ""angles"": [49152, 0, 49152], ""params"": [1.000000238418579, 1.000000238418579, 1.0, 0, 0, 0], ""unused_pointer"": 818869376}"
extermination-ep1/q140-bb-e,0,31,"{""base_type"": 26, ""set_flags"": 0, ""runtime_index"": 1995, ""file_offset"": 2124, ""floor_field"": 0, ""entity_id_field"": 25160, ""group"": 0, ""room"": 10, ""unknown_a3"": 0, ""position"": [-137.41549682617188, 49.0, -188.05404663085938], ""angles"": [49152, 0, 49152], ""params"": [1.000000238418579, 1.000000238418579, 1.0, 0, 0, 0], ""unused_pointer"": 3503223936}"
extermination-ep1/q140-bb-e,0,32,"{""base_type"": 26, ""set_flags"": 0, ""runtime_index"": 1996, ""file_offset"": 2192, ""floor_field"": 0, ""entity_id_field"": 25416, ""group"": 0, ""room"": 10, ""unknown_a3"": 0, ""position"": [-137.41549682617188, 73.0, -188.05404663085938], ""angles"": [49152, 0, 49152], ""params"": [1.000000238418579, 1.000000238418579, 1.0, 0, 0, 0], ""unused_pointer"": 1892676736}"
extermination-ep1/q140-bb-j,0,26,"{""base_type"": 26, ""set_flags"": 0, ""runtime_index"": 1990, ""file_offset"": 1784, ""floor_field"": 0, ""entity_id_field"": 23880, ""group"": 0, ""room"": 10, ""unknown_a3"": 0, ""position"": [-156.59194946289062, 23.75693702697754, -231.2667236328125], ""angles"": [32768, 0, 49152], ""params"": [1.0, 1.0, 1.0, 0, 0, 0], ""unused_pointer"": 1892349056}"
extermination-ep1/q140-bb-j,0,27,"{""base_type"": 26, ""set_flags"": 0, ""runtime_index"": 1991, ""file_offset"": 1852, ""floor_field"": 0, ""entity_id_field"": 24136, ""group"": 0, ""room"": 10, ""unknown_a3"": 0, ""position"": [-191.06588745117188, 33.75693893432617, -231.16806030273438], ""angles"": [32768, 0, 49152], ""params"": [2.000000238418579, 2.000000238418579, 1.0, 0, 0, 0], ""unused_pointer"": 1355609216}"
extermination-ep1/q140-bb-j,0,28,"{""base_type"": 26, ""set_flags"": 0, ""runtime_index"": 1992, ""file_offset"": 1920, ""floor_field"": 0, ""entity_id_field"": 24392, ""group"": 0, ""room"": 10, ""unknown_a3"": 0, ""position"": [-245.95738220214844, 44.75693893432617, -231.8171844482422], ""angles"": [32768, 0, 49152], ""params"": [3.000000476837158, 3.000000476837158, 1.0, 0, 0, 0], ""unused_pointer"": 4039963776}"
extermination-ep1/q140-bb-j,0,29,"{""base_type"": 26, ""set_flags"": 0, ""runtime_index"": 1993, ""file_offset"": 1988, ""floor_field"": 0, ""entity_id_field"": 24648, ""group"": 0, ""room"": 10, ""unknown_a3"": 0, ""position"": [-476.147216796875, 92.2938003540039, -325.8175048828125], ""angles"": [45056, 0, 49152], ""params"": [4.000000953674316, 4.000000953674316, 1.0, 0, 0, 0], ""unused_pointer"": 2429416576}"
extermination-ep1/q140-bb-j,0,30,"{""base_type"": 26, ""set_flags"": 0, ""runtime_index"": 1994, ""file_offset"": 2056, ""floor_field"": 0, ""entity_id_field"": 24904, ""group"": 0, ""room"": 10, ""unknown_a3"": 0, ""position"": [-137.41549682617188, 25.0, -188.05404663085938], ""angles"": [49152, 0, 49152], ""params"": [1.000000238418579, 1.000000238418579, 1.0, 0, 0, 0], ""unused_pointer"": 818869376}"
extermination-ep1/q140-bb-j,0,31,"{""base_type"": 26, ""set_flags"": 0, ""runtime_index"": 1995, ""file_offset"": 2124, ""floor_field"": 0, ""entity_id_field"": 25160, ""group"": 0, ""room"": 10, ""unknown_a3"": 0, ""position"": [-137.41549682617188, 49.0, -188.05404663085938], ""angles"": [49152, 0, 49152], ""params"": [1.000000238418579, 1.000000238418579, 1.0, 0, 0, 0], ""unused_pointer"": 3503223936}"
extermination-ep1/q140-bb-j,0,32,"{""base_type"": 26, ""set_flags"": 0, ""runtime_index"": 1996, ""file_offset"": 2192, ""floor_field"": 0, ""entity_id_field"": 25416, ""group"": 0, ""room"": 10, ""unknown_a3"": 0, ""position"": [-137.41549682617188, 73.0, -188.05404663085938], ""angles"": [49152, 0, 49152], ""params"": [1.000000238418579, 1.000000238418579, 1.0, 0, 0, 0], ""unused_pointer"": 1892676736}"
maximum-attack-ep1/q142-bb-e,0,26,"{""base_type"": 26, ""set_flags"": 2, ""runtime_index"": 620, ""file_offset"": 1784, ""floor_field"": 0, ""entity_id_field"": 19009, ""group"": 0, ""room"": 10, ""unknown_a3"": 0, ""position"": [-64.03318786621094, 55.08072280883789, -544.1820678710938], ""angles"": [2816, 4096, 49152], ""params"": [0.5999999642372131, 2.000000476837158, 1.000000238418579, 0, 0, 0], ""unused_pointer"": 74480448}"
maximum-attack-ep1/q142-bb-e,0,27,"{""base_type"": 26, ""set_flags"": 2, ""runtime_index"": 629, ""file_offset"": 1852, ""floor_field"": 0, ""entity_id_field"": 19027, ""group"": 0, ""room"": 10, ""unknown_a3"": 0, ""position"": [-422.0050048828125, 43.00204086303711, -39.997589111328125], ""angles"": [38144, 4096, 49152], ""params"": [0.29999998211860657, 1.000000238418579, 1.000000238418579, 0, 0, 0], ""unused_pointer"": 74480608}"
maximum-attack-ep1/q142-bb-e,0,28,"{""base_type"": 26, ""set_flags"": 0, ""runtime_index"": 639, ""file_offset"": 1920, ""floor_field"": 0, ""entity_id_field"": 19068, ""group"": 0, ""room"": 10, ""unknown_a3"": 0, ""position"": [-484.3116455078125, 75.23999786376953, -343.99188232421875], ""angles"": [40960, 768, 49152], ""params"": [1.6999999284744263, 6.000000953674316, 1.0, 0, 0, 0], ""unused_pointer"": 74500240}"
maximum-attack-ep1/q142-bb-e,0,29,"{""base_type"": 26, ""set_flags"": 2, ""runtime_index"": 637, ""file_offset"": 1988, ""floor_field"": 0, ""entity_id_field"": 19045, ""group"": 0, ""room"": 10, ""unknown_a3"": 0, ""position"": [-228.0, 28.0, -2351.004638671875], ""angles"": [0, 0, 49152], ""params"": [0.7999999523162842, 3.0000007152557373, 1.0, 0, 0, 0], ""unused_pointer"": 74480928}"
maximum-attack-ep1/q142-bb-e,0,30,"{""base_type"": 26, ""set_flags"": 2, ""runtime_index"": 607, ""file_offset"": 2056, ""floor_field"": 0, ""entity_id_field"": 18983, ""group"": 0, ""room"": 10, ""unknown_a3"": 0, ""position"": [-82.00421142578125, 22.99611473083496, -123.0], ""angles"": [32768, 0, 49152], ""params"": [0.29999998211860657, 1.000000238418579, 1.000000238418579, 0, 0, 0], ""unused_pointer"": 74481088}"
maximum-attack-ep1/q142-bb-e,0,31,"{""base_type"": 26, ""set_flags"": 0, ""runtime_index"": 640, ""file_offset"": 2124, ""floor_field"": 0, ""entity_id_field"": 19070, ""group"": 0, ""room"": 10, ""unknown_a3"": 0, ""position"": [-552.0048828125, 13.00069808959961, -322.4993591308594], ""angles"": [49152, 0, 49152], ""params"": [0.5, 1.600000262260437, 1.000000238418579, 0, 0, 0], ""unused_pointer"": 74481248}"
maximum-attack-ep1/q142-bb-e,0,32,"{""base_type"": 26, ""set_flags"": 2, ""runtime_index"": 635, ""file_offset"": 2192, ""floor_field"": 0, ""entity_id_field"": 19041, ""group"": 0, ""room"": 10, ""unknown_a3"": 0, ""position"": [-175.72723388671875, 25.000001907348633, -2288.638916015625], ""angles"": [16384, 0, 49152], ""params"": [0.699999988079071, 2.400001287460327, 1.0, 0, 0, 0], ""unused_pointer"": 74481408}"
maximum-attack-ep1/q142-bb-e,0,33,"{""base_type"": 26, ""set_flags"": 2, ""runtime_index"": 611, ""file_offset"": 2260, ""floor_field"": 0, ""entity_id_field"": 18991, ""group"": 0, ""room"": 10, ""unknown_a3"": 0, ""position"": [18.0, 23.0, -175.0], ""angles"": [17664, 0, 49152], ""params"": [0.29999998211860657, 1.000000238418579, 1.000000238418579, 0, 0, 0], ""unused_pointer"": 74481568}"
maximum-attack-ep1/q142-bb-e,0,34,"{""base_type"": 26, ""set_flags"": 2, ""runtime_index"": 615, ""file_offset"": 2328, ""floor_field"": 0, ""entity_id_field"": 18999, ""group"": 0, ""room"": 10, ""unknown_a3"": 0, ""position"": [-154.3699951171875, 31.619998931884766, -373.3999938964844], ""angles"": [57344, 0, 49152], ""params"": [1.100000023841858, 4.0, 1.0, 0, 0, 0], ""unused_pointer"": 74481728}"
maximum-attack-ep1/q142-bb-e,0,35,"{""base_type"": 26, ""set_flags"": 2, ""runtime_index"": 606, ""file_offset"": 2396, ""floor_field"": 0, ""entity_id_field"": 18981, ""group"": 0, ""room"": 10, ""unknown_a3"": 0, ""position"": [-113.0, 23.0, -123.0], ""angles"": [32768, 0, 49152], ""params"": [0.29999998211860657, 1.0, 1.0, 0, 0, 0], ""unused_pointer"": 74481888}"
maximum-attack-ep1/q142-bb-e,0,36,"{""base_type"": 26, ""set_flags"": 2, ""runtime_index"": 608, ""file_offset"": 2464, ""floor_field"": 0, ""entity_id_field"": 18985, ""group"": 0, ""room"": 10, ""unknown_a3"": 0, ""position"": [-2.995574951171875, 22.99611473083496, -122.0], ""angles"": [32768, 0, 49152], ""params"": [0.29999998211860657, 1.000000238418579, 1.000000238418579, 0, 0, 0], ""unused_pointer"": 74482048}"
maximum-attack-ep1/q142-bb-e,0,37,"{""base_type"": 26, ""set_flags"": 2, ""runtime_index"": 609, ""file_offset"": 2532, ""floor_field"": 0, ""entity_id_field"": 18987, ""group"": 0, ""room"": 10, ""unknown_a3"": 0, ""position"": [14.0, 23.0, -139.0], ""angles"": [17664, 0, 49152], ""params"": [0.29999998211860657, 1.0, 1.000000238418579, 0, 0, 0], ""unused_pointer"": 74482208}"
maximum-attack-ep1/q142-bb-e,0,38,"{""base_type"": 26, ""set_flags"": 2, ""runtime_index"": 617, ""file_offset"": 2600, ""floor_field"": 0, ""entity_id_field"": 19003, ""group"": 0, ""room"": 10, ""unknown_a3"": 0, ""position"": [-15.99884033203125, 47.009849548339844, -427.601318359375], ""angles"": [0, 4096, 49152], ""params"": [0.29999998211860657, 1.000000238418579, 1.000000238418579, 0, 0, 0], ""unused_pointer"": 74482368}"
maximum-attack-ep1/q142-bb-e,0,39,"{""base_type"": 26, ""set_flags"": 2, ""runtime_index"": 631, ""file_offset"": 2668, ""floor_field"": 0, ""entity_id_field"": 19031, ""group"": 0, ""room"": 10, ""unknown_a3"": 0, ""position"": [-358.32421875, 48.00204086303711, -47.97663879394531], ""angles"": [25344, 4096, 49152], ""params"": [0.5999999642372131, 2.000000476837158, 1.000000238418579, 0, 0, 0], ""unused_pointer"": 74482528}"
maximum-attack-ep1/q142-bb-e,0,40,"{""base_type"": 26, ""set_flags"": 2, ""runtime_index"": 630, ""file_offset"": 2736, ""floor_field"": 0, ""entity_id_field"": 19029, ""group"": 0, ""room"": 10, ""unknown_a3"": 0, ""position"": [-392.73101806640625, 43.00204086303711, -31.329437255859375], ""angles"": [32768, 4096, 49152], ""params"": [0.29999998211860657, 1.000000238418579, 1.000000238418579, 0, 0, 0], ""unused_pointer"": 74482688}"
maximum-attack-ep1/q142-bb-e,0,41,"{""base_type"": 26, ""set_flags"": 2, ""runtime_index"": 628, ""file_offset"": 2804, ""floor_field"": 0, ""entity_id_field"": 19025, ""group"": 0, ""room"": 10, ""unknown_a3"": 0, ""position"": [-442.001220703125, 43.00204086303711, -60.99833679199219], ""angles"": [43520, 4096, 49152], ""params"": [0.29999998211860657, 1.000000238418579, 1.000000238418579, 0, 0, 0], ""unused_pointer"": 74482848}"
maximum-attack-ep1/q142-bb-e,0,42,"{""base_type"": 26, ""set_flags"": 2, ""runtime_index"": 627, ""file_offset"": 2872, ""floor_field"": 0, ""entity_id_field"": 19023, ""group"": 0, ""room"": 10, ""unknown_a3"": 0, ""position"": [-467.0029602050781, 20.0, -222.99728393554688], ""angles"": [49152, 0, 49152], ""params"": [0.29999998211860657, 1.000000238418579, 1.000000238418579, 0, 0, 0], ""unused_pointer"": 74483008}"
maximum-attack-ep1/q142-bb-e,0,43,"{""base_type"": 26, ""set_flags"": 2, ""runtime_index"": 626, ""file_offset"": 2940, ""floor_field"": 0, ""entity_id_field"": 19021, ""group"": 0, ""room"": 10, ""unknown_a3"": 0, ""position"": [-467.0029602050781, 40.00000762939453, -222.99728393554688], ""angles"": [49152, 0, 49152], ""params"": [0.29999998211860657, 1.000000238418579, 1.000000238418579, 0, 0, 0], ""unused_pointer"": 74483168}"
maximum-attack-ep1/q142-bb-e,0,44,"{""base_type"": 26, ""set_flags"": 2, ""runtime_index"": 624, ""file_offset"": 3008, ""floor_field"": 0, ""entity_id_field"": 19017, ""group"": 0, ""room"": 10, ""unknown_a3"": 0, ""position"": [-467.0029602050781, 60.00001525878906, -222.99728393554688], ""angles"": [49152, 0, 49152], ""params"": [0.29999998211860657, 1.000000238418579, 1.000000238418579, 0, 0, 0], ""unused_pointer"": 74483328}"
maximum-attack-ep1/q142-bb-e,0,45,"{""base_type"": 26, ""set_flags"": 2, ""runtime_index"": 625, ""file_offset"": 3076, ""floor_field"": 0, ""entity_id_field"": 19019, ""group"": 0, ""room"": 10, ""unknown_a3"": 0, ""position"": [-467.0029602050781, 80.00003051757812, -222.99728393554688], ""angles"": [49152, 0, 49152], ""params"": [0.29999998211860657, 1.000000238418579, 1.000000238418579, 0, 0, 0], ""unused_pointer"": 74483488}"
maximum-attack-ep1/q142-bb-e,0,46,"{""base_type"": 26, ""set_flags"": 2, ""runtime_index"": 621, ""file_offset"": 3144, ""floor_field"": 0, ""entity_id_field"": 19011, ""group"": 0, ""room"": 10, ""unknown_a3"": 0, ""position"": [-203.7351837158203, 61.174957275390625, -50.34791564941406], ""angles"": [32768, 0, 49152], ""params"": [1.399999976158142, 5.000000953674316, 1.000000238418579, 0, 0, 0], ""unused_pointer"": 74483648}"
maximum-attack-ep1/q142-bb-e,0,47,"{""base_type"": 26, ""set_flags"": 2, ""runtime_index"": 619, ""file_offset"": 3212, ""floor_field"": 0, ""entity_id_field"": 19007, ""group"": 0, ""room"": 10, ""unknown_a3"": 0, ""position"": [35.08575439453125, 55.00188446044922, -544.00146484375], ""angles"": [62464, 4096, 49152], ""params"": [0.5999999642372131, 2.000000476837158, 1.000000238418579, 0, 0, 0], ""unused_pointer"": 74483808}"
maximum-attack-ep1/q142-bb-e,0,48,"{""base_type"": 26, ""set_flags"": 0, ""runtime_index"": 641, ""file_offset"": 3280, ""floor_field"": 0, ""entity_id_field"": 19073, ""group"": 0, ""room"": 10, ""unknown_a3"": 0, ""position"": [-87.35765075683594, 124.69625091552734, -278.99932861328125], ""angles"": [16384, 4096, 49152], ""params"": [1.6999999284744263, 6.0, 1.000000238418579, 0, 0, 0], ""unused_pointer"": 74483968}"
maximum-attack-ep1/q142-bb-e,0,49,"{""base_type"": 26, ""set_flags"": 2, ""runtime_index"": 614, ""file_offset"": 3348, ""floor_field"": 0, ""entity_id_field"": 18997, ""group"": 0, ""room"": 10, ""unknown_a3"": 0, ""position"": [220.0, 30.0, -296.739990234375], ""angles"": [16384, 0, 49152], ""params"": [0.29999998211860657, 1.0, 1.000000238418579, 0, 0, 0], ""unused_pointer"": 74484128}"
maximum-attack-ep1/q142-bb-e,0,50,"{""base_type"": 26, ""set_flags"": 2, ""runtime_index"": 613, ""file_offset"": 3416, ""floor_field"": 0, ""entity_id_field"": 18995, ""group"": 0, ""room"": 10, ""unknown_a3"": 0, ""position"": [221.0, 30.0, -265.0], ""angles"": [16384, 0, 49152], ""params"": [0.29999998211860657, 1.0, 1.000000238418579, 0, 0, 0], ""unused_pointer"": 74484288}"
maximum-attack-ep1/q142-bb-e,0,51,"{""base_type"": 26, ""set_flags"": 2, ""runtime_index"": 612, ""file_offset"": 3484, ""floor_field"": 0, ""entity_id_field"": 18993, ""group"": 0, ""room"": 10, ""unknown_a3"": 0, ""position"": [220.81997680664062, 30.0, -233.29000854492188], ""angles"": [16384, 0, 49152], ""params"": [0.29999998211860657, 1.0, 1.000000238418579, 0, 0, 0], ""unused_pointer"": 74484448}"
maximum-attack-ep1/q142-bb-e,0,52,"{""base_type"": 26, ""set_flags"": 2, ""runtime_index"": 636, ""file_offset"": 3552, ""floor_field"": 0, ""entity_id_field"": 19043, ""group"": 0, ""room"": 10, ""unknown_a3"": 0, ""position"": [-286.0000305175781, 25.000001907348633, -2291.004638671875], ""angles"": [49152, 0, 49152], ""params"": [0.7999999523162842, 2.400001287460327, 1.000000238418579, 0, 0, 0], ""unused_pointer"": 74484608}"
maximum-attack-ep1/q142-bb-e,0,53,"{""base_type"": 26, ""set_flags"": 2, ""runtime_index"": 638, ""file_offset"": 3620, ""floor_field"": 0, ""entity_id_field"": 19047, ""group"": 0, ""room"": 10, ""unknown_a3"": 0, ""position"": [-218.99911499023438, 134.49176025390625, -1936.4481201171875], ""angles"": [32768, 12288, 49152], ""params"": [3.1999998092651367, 13.0, 1.0, 0, 0, 0], ""unused_pointer"": 74484768}"
maximum-attack-ep1/q142-bb-j,0,26,"{""base_type"": 26, ""set_flags"": 2, ""runtime_index"": 620, ""file_offset"": 1784, ""floor_field"": 0, ""entity_id_field"": 19009, ""group"": 0, ""room"": 10, ""unknown_a3"": 0, ""position"": [-64.03318786621094, 55.08072280883789, -544.1820678710938], ""angles"": [2816, 4096, 49152], ""params"": [0.5999999642372131, 2.000000476837158, 1.000000238418579, 0, 0, 0], ""unused_pointer"": 74480448}"
maximum-attack-ep1/q142-bb-j,0,27,"{""base_type"": 26, ""set_flags"": 2, ""runtime_index"": 629, ""file_offset"": 1852, ""floor_field"": 0, ""entity_id_field"": 19027, ""group"": 0, ""room"": 10, ""unknown_a3"": 0, ""position"": [-422.0050048828125, 43.00204086303711, -39.997589111328125], ""angles"": [38144, 4096, 49152], ""params"": [0.29999998211860657, 1.000000238418579, 1.000000238418579, 0, 0, 0], ""unused_pointer"": 74480608}"
maximum-attack-ep1/q142-bb-j,0,28,"{""base_type"": 26, ""set_flags"": 0, ""runtime_index"": 639, ""file_offset"": 1920, ""floor_field"": 0, ""entity_id_field"": 19068, ""group"": 0, ""room"": 10, ""unknown_a3"": 0, ""position"": [-484.3116455078125, 75.23999786376953, -343.99188232421875], ""angles"": [40960, 768, 49152], ""params"": [1.6999999284744263, 6.000000953674316, 1.0, 0, 0, 0], ""unused_pointer"": 74500240}"
maximum-attack-ep1/q142-bb-j,0,29,"{""base_type"": 26, ""set_flags"": 2, ""runtime_index"": 637, ""file_offset"": 1988, ""floor_field"": 0, ""entity_id_field"": 19045, ""group"": 0, ""room"": 10, ""unknown_a3"": 0, ""position"": [-228.0, 28.0, -2351.004638671875], ""angles"": [0, 0, 49152], ""params"": [0.7999999523162842, 3.0000007152557373, 1.0, 0, 0, 0], ""unused_pointer"": 74480928}"
maximum-attack-ep1/q142-bb-j,0,30,"{""base_type"": 26, ""set_flags"": 2, ""runtime_index"": 607, ""file_offset"": 2056, ""floor_field"": 0, ""entity_id_field"": 18983, ""group"": 0, ""room"": 10, ""unknown_a3"": 0, ""position"": [-82.00421142578125, 22.99611473083496, -123.0], ""angles"": [32768, 0, 49152], ""params"": [0.29999998211860657, 1.000000238418579, 1.000000238418579, 0, 0, 0], ""unused_pointer"": 74481088}"
maximum-attack-ep1/q142-bb-j,0,31,"{""base_type"": 26, ""set_flags"": 0, ""runtime_index"": 640, ""file_offset"": 2124, ""floor_field"": 0, ""entity_id_field"": 19070, ""group"": 0, ""room"": 10, ""unknown_a3"": 0, ""position"": [-552.0048828125, 13.00069808959961, -322.4993591308594], ""angles"": [49152, 0, 49152], ""params"": [0.5, 1.600000262260437, 1.000000238418579, 0, 0, 0], ""unused_pointer"": 74481248}"
maximum-attack-ep1/q142-bb-j,0,32,"{""base_type"": 26, ""set_flags"": 2, ""runtime_index"": 635, ""file_offset"": 2192, ""floor_field"": 0, ""entity_id_field"": 19041, ""group"": 0, ""room"": 10, ""unknown_a3"": 0, ""position"": [-175.72723388671875, 25.000001907348633, -2288.638916015625], ""angles"": [16384, 0, 49152], ""params"": [0.699999988079071, 2.400001287460327, 1.0, 0, 0, 0], ""unused_pointer"": 74481408}"
maximum-attack-ep1/q142-bb-j,0,33,"{""base_type"": 26, ""set_flags"": 2, ""runtime_index"": 611, ""file_offset"": 2260, ""floor_field"": 0, ""entity_id_field"": 18991, ""group"": 0, ""room"": 10, ""unknown_a3"": 0, ""position"": [18.0, 23.0, -175.0], ""angles"": [17664, 0, 49152], ""params"": [0.29999998211860657, 1.000000238418579, 1.000000238418579, 0, 0, 0], ""unused_pointer"": 74481568}"
maximum-attack-ep1/q142-bb-j,0,34,"{""base_type"": 26, ""set_flags"": 2, ""runtime_index"": 615, ""file_offset"": 2328, ""floor_field"": 0, ""entity_id_field"": 18999, ""group"": 0, ""room"": 10, ""unknown_a3"": 0, ""position"": [-154.3699951171875, 31.619998931884766, -373.3999938964844], ""angles"": [57344, 0, 49152], ""params"": [1.100000023841858, 4.0, 1.0, 0, 0, 0], ""unused_pointer"": 74481728}"
maximum-attack-ep1/q142-bb-j,0,35,"{""base_type"": 26, ""set_flags"": 2, ""runtime_index"": 606, ""file_offset"": 2396, ""floor_field"": 0, ""entity_id_field"": 18981, ""group"": 0, ""room"": 10, ""unknown_a3"": 0, ""position"": [-113.0, 23.0, -123.0], ""angles"": [32768, 0, 49152], ""params"": [0.29999998211860657, 1.0, 1.0, 0, 0, 0], ""unused_pointer"": 74481888}"
maximum-attack-ep1/q142-bb-j,0,36,"{""base_type"": 26, ""set_flags"": 2, ""runtime_index"": 608, ""file_offset"": 2464, ""floor_field"": 0, ""entity_id_field"": 18985, ""group"": 0, ""room"": 10, ""unknown_a3"": 0, ""position"": [-2.995574951171875, 22.99611473083496, -122.0], ""angles"": [32768, 0, 49152], ""params"": [0.29999998211860657, 1.000000238418579, 1.000000238418579, 0, 0, 0], ""unused_pointer"": 74482048}"
maximum-attack-ep1/q142-bb-j,0,37,"{""base_type"": 26, ""set_flags"": 2, ""runtime_index"": 609, ""file_offset"": 2532, ""floor_field"": 0, ""entity_id_field"": 18987, ""group"": 0, ""room"": 10, ""unknown_a3"": 0, ""position"": [14.0, 23.0, -139.0], ""angles"": [17664, 0, 49152], ""params"": [0.29999998211860657, 1.0, 1.000000238418579, 0, 0, 0], ""unused_pointer"": 74482208}"
maximum-attack-ep1/q142-bb-j,0,38,"{""base_type"": 26, ""set_flags"": 2, ""runtime_index"": 617, ""file_offset"": 2600, ""floor_field"": 0, ""entity_id_field"": 19003, ""group"": 0, ""room"": 10, ""unknown_a3"": 0, ""position"": [-15.99884033203125, 47.009849548339844, -427.601318359375], ""angles"": [0, 4096, 49152], ""params"": [0.29999998211860657, 1.000000238418579, 1.000000238418579, 0, 0, 0], ""unused_pointer"": 74482368}"
maximum-attack-ep1/q142-bb-j,0,39,"{""base_type"": 26, ""set_flags"": 2, ""runtime_index"": 631, ""file_offset"": 2668, ""floor_field"": 0, ""entity_id_field"": 19031, ""group"": 0, ""room"": 10, ""unknown_a3"": 0, ""position"": [-358.32421875, 48.00204086303711, -47.97663879394531], ""angles"": [25344, 4096, 49152], ""params"": [0.5999999642372131, 2.000000476837158, 1.000000238418579, 0, 0, 0], ""unused_pointer"": 74482528}"
maximum-attack-ep1/q142-bb-j,0,40,"{""base_type"": 26, ""set_flags"": 2, ""runtime_index"": 630, ""file_offset"": 2736, ""floor_field"": 0, ""entity_id_field"": 19029, ""group"": 0, ""room"": 10, ""unknown_a3"": 0, ""position"": [-392.73101806640625, 43.00204086303711, -31.329437255859375], ""angles"": [32768, 4096, 49152], ""params"": [0.29999998211860657, 1.000000238418579, 1.000000238418579, 0, 0, 0], ""unused_pointer"": 74482688}"
maximum-attack-ep1/q142-bb-j,0,41,"{""base_type"": 26, ""set_flags"": 2, ""runtime_index"": 628, ""file_offset"": 2804, ""floor_field"": 0, ""entity_id_field"": 19025, ""group"": 0, ""room"": 10, ""unknown_a3"": 0, ""position"": [-442.001220703125, 43.00204086303711, -60.99833679199219], ""angles"": [43520, 4096, 49152], ""params"": [0.29999998211860657, 1.000000238418579, 1.000000238418579, 0, 0, 0], ""unused_pointer"": 74482848}"
maximum-attack-ep1/q142-bb-j,0,42,"{""base_type"": 26, ""set_flags"": 2, ""runtime_index"": 627, ""file_offset"": 2872, ""floor_field"": 0, ""entity_id_field"": 19023, ""group"": 0, ""room"": 10, ""unknown_a3"": 0, ""position"": [-467.0029602050781, 20.0, -222.99728393554688], ""angles"": [49152, 0, 49152], ""params"": [0.29999998211860657, 1.000000238418579, 1.000000238418579, 0, 0, 0], ""unused_pointer"": 74483008}"
maximum-attack-ep1/q142-bb-j,0,43,"{""base_type"": 26, ""set_flags"": 2, ""runtime_index"": 626, ""file_offset"": 2940, ""floor_field"": 0, ""entity_id_field"": 19021, ""group"": 0, ""room"": 10, ""unknown_a3"": 0, ""position"": [-467.0029602050781, 40.00000762939453, -222.99728393554688], ""angles"": [49152, 0, 49152], ""params"": [0.29999998211860657, 1.000000238418579, 1.000000238418579, 0, 0, 0], ""unused_pointer"": 74483168}"
maximum-attack-ep1/q142-bb-j,0,44,"{""base_type"": 26, ""set_flags"": 2, ""runtime_index"": 624, ""file_offset"": 3008, ""floor_field"": 0, ""entity_id_field"": 19017, ""group"": 0, ""room"": 10, ""unknown_a3"": 0, ""position"": [-467.0029602050781, 60.00001525878906, -222.99728393554688], ""angles"": [49152, 0, 49152], ""params"": [0.29999998211860657, 1.000000238418579, 1.000000238418579, 0, 0, 0], ""unused_pointer"": 74483328}"
maximum-attack-ep1/q142-bb-j,0,45,"{""base_type"": 26, ""set_flags"": 2, ""runtime_index"": 625, ""file_offset"": 3076, ""floor_field"": 0, ""entity_id_field"": 19019, ""group"": 0, ""room"": 10, ""unknown_a3"": 0, ""position"": [-467.0029602050781, 80.00003051757812, -222.99728393554688], ""angles"": [49152, 0, 49152], ""params"": [0.29999998211860657, 1.000000238418579, 1.000000238418579, 0, 0, 0], ""unused_pointer"": 74483488}"
maximum-attack-ep1/q142-bb-j,0,46,"{""base_type"": 26, ""set_flags"": 2, ""runtime_index"": 621, ""file_offset"": 3144, ""floor_field"": 0, ""entity_id_field"": 19011, ""group"": 0, ""room"": 10, ""unknown_a3"": 0, ""position"": [-203.7351837158203, 61.174957275390625, -50.34791564941406], ""angles"": [32768, 0, 49152], ""params"": [1.399999976158142, 5.000000953674316, 1.000000238418579, 0, 0, 0], ""unused_pointer"": 74483648}"
maximum-attack-ep1/q142-bb-j,0,47,"{""base_type"": 26, ""set_flags"": 2, ""runtime_index"": 619, ""file_offset"": 3212, ""floor_field"": 0, ""entity_id_field"": 19007, ""group"": 0, ""room"": 10, ""unknown_a3"": 0, ""position"": [35.08575439453125, 55.00188446044922, -544.00146484375], ""angles"": [62464, 4096, 49152], ""params"": [0.5999999642372131, 2.000000476837158, 1.000000238418579, 0, 0, 0], ""unused_pointer"": 74483808}"
maximum-attack-ep1/q142-bb-j,0,48,"{""base_type"": 26, ""set_flags"": 0, ""runtime_index"": 641, ""file_offset"": 3280, ""floor_field"": 0, ""entity_id_field"": 19073, ""group"": 0, ""room"": 10, ""unknown_a3"": 0, ""position"": [-87.35765075683594, 124.69625091552734, -278.99932861328125], ""angles"": [16384, 4096, 49152], ""params"": [1.6999999284744263, 6.0, 1.000000238418579, 0, 0, 0], ""unused_pointer"": 74483968}"
maximum-attack-ep1/q142-bb-j,0,49,"{""base_type"": 26, ""set_flags"": 2, ""runtime_index"": 614, ""file_offset"": 3348, ""floor_field"": 0, ""entity_id_field"": 18997, ""group"": 0, ""room"": 10, ""unknown_a3"": 0, ""position"": [220.0, 30.0, -296.739990234375], ""angles"": [16384, 0, 49152], ""params"": [0.29999998211860657, 1.0, 1.000000238418579, 0, 0, 0], ""unused_pointer"": 74484128}"
maximum-attack-ep1/q142-bb-j,0,50,"{""base_type"": 26, ""set_flags"": 2, ""runtime_index"": 613, ""file_offset"": 3416, ""floor_field"": 0, ""entity_id_field"": 18995, ""group"": 0, ""room"": 10, ""unknown_a3"": 0, ""position"": [221.0, 30.0, -265.0], ""angles"": [16384, 0, 49152], ""params"": [0.29999998211860657, 1.0, 1.000000238418579, 0, 0, 0], ""unused_pointer"": 74484288}"
maximum-attack-ep1/q142-bb-j,0,51,"{""base_type"": 26, ""set_flags"": 2, ""runtime_index"": 612, ""file_offset"": 3484, ""floor_field"": 0, ""entity_id_field"": 18993, ""group"": 0, ""room"": 10, ""unknown_a3"": 0, ""position"": [220.81997680664062, 30.0, -233.29000854492188], ""angles"": [16384, 0, 49152], ""params"": [0.29999998211860657, 1.0, 1.000000238418579, 0, 0, 0], ""unused_pointer"": 74484448}"
maximum-attack-ep1/q142-bb-j,0,52,"{""base_type"": 26, ""set_flags"": 2, ""runtime_index"": 636, ""file_offset"": 3552, ""floor_field"": 0, ""entity_id_field"": 19043, ""group"": 0, ""room"": 10, ""unknown_a3"": 0, ""position"": [-286.0000305175781, 25.000001907348633, -2291.004638671875], ""angles"": [49152, 0, 49152], ""params"": [0.7999999523162842, 2.400001287460327, 1.000000238418579, 0, 0, 0], ""unused_pointer"": 74484608}"
maximum-attack-ep1/q142-bb-j,0,53,"{""base_type"": 26, ""set_flags"": 2, ""runtime_index"": 638, ""file_offset"": 3620, ""floor_field"": 0, ""entity_id_field"": 19047, ""group"": 0, ""room"": 10, ""unknown_a3"": 0, ""position"": [-218.99911499023438, 134.49176025390625, -1936.4481201171875], ""angles"": [32768, 12288, 49152], ""params"": [3.1999998092651367, 13.0, 1.0, 0, 0, 0], ""unused_pointer"": 74484768}"
maximum-attack-ep2/q211-bb-e,0,48,"{""base_type"": 26, ""set_flags"": 0, ""runtime_index"": 887, ""file_offset"": 3280, ""floor_field"": 0, ""entity_id_field"": 19612, ""group"": 0, ""room"": 10, ""unknown_a3"": 0, ""position"": [235.76998901367188, 3.2699999809265137, -210.0399932861328], ""angles"": [30208, 0, 49152], ""params"": [0.7999999523162842, 2.0, 1.0, 0, 0, 0], ""unused_pointer"": 78786528}"
maximum-attack-ep2/q211-bb-e,0,49,"{""base_type"": 26, ""set_flags"": 0, ""runtime_index"": 888, ""file_offset"": 3348, ""floor_field"": 0, ""entity_id_field"": 19615, ""group"": 0, ""room"": 10, ""unknown_a3"": 0, ""position"": [230.839111328125, 3.2699999809265137, -449.4473876953125], ""angles"": [3584, 0, 49152], ""params"": [0.7999999523162842, 2.0, 1.0, 0, 0, 0], ""unused_pointer"": 78786096}"
maximum-attack-ep2/q211-bb-e,0,50,"{""base_type"": 26, ""set_flags"": 0, ""runtime_index"": 889, ""file_offset"": 3416, ""floor_field"": 0, ""entity_id_field"": 19618, ""group"": 0, ""room"": 10, ""unknown_a3"": 0, ""position"": [22.0, 18.529998779296875, -230.38999938964844], ""angles"": [32768, 0, 49152], ""params"": [0.7299999594688416, 1.7999999523162842, 1.0, 0, 0, 0], ""unused_pointer"": 78813600}"
maximum-attack-ep2/q211-bb-e,0,51,"{""base_type"": 26, ""set_flags"": 0, ""runtime_index"": 886, ""file_offset"": 3484, ""floor_field"": 0, ""entity_id_field"": 19609, ""group"": 0, ""room"": 10, ""unknown_a3"": 0, ""position"": [297.7799987792969, 3.2699999809265137, -341.2666015625], ""angles"": [16384, 0, 49152], ""params"": [0.7999999523162842, 2.0, 1.0, 0, 0, 0], ""unused_pointer"": 78786368}"
maximum-attack-ep2/q211-bb-e,0,52,"{""base_type"": 26, ""set_flags"": 0, ""runtime_index"": 877, ""file_offset"": 3552, ""floor_field"": 0, ""entity_id_field"": 19496, ""group"": 0, ""room"": 10, ""unknown_a3"": 0, ""position"": [-262.44000244140625, 41.30999755859375, -149.8800048828125], ""angles"": [49408, 5632, 49152], ""params"": [0.5, 1.25, 1.0, 0, 0, 0], ""unused_pointer"": 78813968}"
maximum-attack-ep2/q211-bb-e,0,53,"{""base_type"": 26, ""set_flags"": 0, ""runtime_index"": 874, ""file_offset"": 3620, ""floor_field"": 0, ""entity_id_field"": 19487, ""group"": 0, ""room"": 10, ""unknown_a3"": 0, ""position"": [-262.94000244140625, 41.30999755859375, -29.699996948242188], ""angles"": [49408, 5632, 49152], ""params"": [0.5, 1.25, 1.0, 0, 0, 0], ""unused_pointer"": 78787152}"
maximum-attack-ep2/q211-bb-e,0,54,"{""base_type"": 26, ""set_flags"": 0, ""runtime_index"": 894, ""file_offset"": 3688, ""floor_field"": 0, ""entity_id_field"": 19635, ""group"": 0, ""room"": 70, ""unknown_a3"": 0, ""position"": [-74.300048828125, 39.0, 0.0], ""angles"": [49408, 5632, 49152], ""params"": [0.5, 1.25, 1.0, 0, 0, 0], ""unused_pointer"": 78784512}"
maximum-attack-ep2/q211-bb-e,0,55,"{""base_type"": 26, ""set_flags"": 0, ""runtime_index"": 873, ""file_offset"": 3756, ""floor_field"": 0, ""entity_id_field"": 19483, ""group"": 0, ""room"": 70, ""unknown_a3"": 0, ""position"": [75.2000732421875, 39.0, 0.0], ""angles"": [82176, 5632, 49152], ""params"": [0.5, 1.25, 1.0, 0, 0, 0], ""unused_pointer"": 78785776}"
maximum-attack-ep2/q211-bb-e,0,56,"{""base_type"": 26, ""set_flags"": 0, ""runtime_index"": 895, ""file_offset"": 3824, ""floor_field"": 0, ""entity_id_field"": 19638, ""group"": 0, ""room"": 70, ""unknown_a3"": 0, ""position"": [-63.10986328125, 39.0, -32.89999771118164], ""angles"": [57360, 5632, 49152], ""params"": [0.5, 1.25, 1.0, 0, 0, 0], ""unused_pointer"": 78784352}"
maximum-attack-ep2/q211-bb-e,0,57,"{""base_type"": 26, ""set_flags"": 0, ""runtime_index"": 872, ""file_offset"": 3892, ""floor_field"": 0, ""entity_id_field"": 19480, ""group"": 0, ""room"": 70, ""unknown_a3"": 0, ""position"": [-63.22998046875, 39.56999969482422, 33.599998474121094], ""angles"": [41056, 5376, 49152], ""params"": [0.5, 1.25, 1.0, 0, 0, 0], ""unused_pointer"": 78785616}"
maximum-attack-ep2/q211-bb-e,0,58,"{""base_type"": 26, ""set_flags"": 0, ""runtime_index"": 876, ""file_offset"": 3960, ""floor_field"": 0, ""entity_id_field"": 19493, ""group"": 0, ""room"": 10, ""unknown_a3"": 0, ""position"": [-25.650001525878906, 49.78999710083008, -29.32000732421875], ""angles"": [16384, 0, 56064], ""params"": [0.5999999642372131, 1.5, 1.0, 0, 0, 0], ""unused_pointer"": 78814128}"
maximum-attack-ep2/q211-bb-e,0,59,"{""base_type"": 26, ""set_flags"": 0, ""runtime_index"": 885, ""file_offset"": 4028, ""floor_field"": 0, ""entity_id_field"": 19606, ""group"": 0, ""room"": 10, ""unknown_a3"": 0, ""position"": [-12.840003967285156, -10.0, -390.010009765625], ""angles"": [32768, 0, 49152], ""params"": [0.29999998211860657, 0.75, 1.0, 0, 0, 0], ""unused_pointer"": 78785936}"
maximum-attack-ep2/q211-bb-e,0,60,"{""base_type"": 26, ""set_flags"": 0, ""runtime_index"": 883, ""file_offset"": 4096, ""floor_field"": 0, ""entity_id_field"": 19600, ""group"": 0, ""room"": 10, ""unknown_a3"": 0, ""position"": [-21.480003356933594, 43.46999740600586, -290.30999755859375], ""angles"": [98304, 0, 49152], ""params"": [0.7299999594688416, 1.7999999523162842, 1.0, 0, 0, 0], ""unused_pointer"": 78815248}"
maximum-attack-ep2/q211-bb-e,0,61,"{""base_type"": 26, ""set_flags"": 0, ""runtime_index"": 880, ""file_offset"": 4164, ""floor_field"": 0, ""entity_id_field"": 19579, ""group"": 0, ""room"": 10, ""unknown_a3"": 0, ""position"": [-21.480003356933594, 43.46999740600586, -369.30999755859375], ""angles"": [65536, 4096, 49152], ""params"": [0.7299999594688416, 1.7999999523162842, 1.0, 0, 0, 0], ""unused_pointer"": 78815408}"
maximum-attack-ep2/q211-bb-e,0,62,"{""base_type"": 26, ""set_flags"": 0, ""runtime_index"": 881, ""file_offset"": 4232, ""floor_field"": 0, ""entity_id_field"": 19581, ""group"": 0, ""room"": 10, ""unknown_a3"": 0, ""position"": [-21.480003356933594, 43.46999740600586, -369.30999755859375], ""angles"": [65536, 0, 49152], ""params"": [0.7299999594688416, 1.7999999523162842, 1.0, 0, 0, 0], ""unused_pointer"": 78815568}"
maximum-attack-ep2/q211-bb-e,0,63,"{""base_type"": 26, ""set_flags"": 0, ""runtime_index"": 884, ""file_offset"": 4300, ""floor_field"": 0, ""entity_id_field"": 19602, ""group"": 0, ""room"": 10, ""unknown_a3"": 0, ""position"": [-21.480003356933594, 43.46999740600586, -290.30999755859375], ""angles"": [98304, 4096, 49152], ""params"": [0.7299999594688416, 1.7999999523162842, 1.0, 0, 0, 0], ""unused_pointer"": 78815728}"
maximum-attack-ep2/q211-bb-e,0,64,"{""base_type"": 26, ""set_flags"": 0, ""runtime_index"": 878, ""file_offset"": 4368, ""floor_field"": 0, ""entity_id_field"": 19500, ""group"": 0, ""room"": 10, ""unknown_a3"": 0, ""position"": [-119.9000015258789, 28.26999855041504, -300.0], ""angles"": [49152, 0, 49152], ""params"": [0.5999999642372131, 1.5, 1.0, 0, 0, 0], ""unused_pointer"": 78814560}"
maximum-attack-ep2/q211-bb-e,0,65,"{""base_type"": 26, ""set_flags"": 0, ""runtime_index"": 890, ""file_offset"": 4436, ""floor_field"": 0, ""entity_id_field"": 19624, ""group"": 0, ""room"": 10, ""unknown_a3"": 0, ""position"": [-105.95999908447266, 28.779998779296875, -75.70999908447266], ""angles"": [57344, 0, 49152], ""params"": [0.3999999761581421, 1.0, 1.0, 0, 0, 0], ""unused_pointer"": 78786880}"
maximum-attack-ep2/q211-bb-e,0,66,"{""base_type"": 26, ""set_flags"": 0, ""runtime_index"": 891, ""file_offset"": 4504, ""floor_field"": 0, ""entity_id_field"": 19626, ""group"": 0, ""room"": 10, ""unknown_a3"": 0, ""position"": [-22.099998474121094, 45.0, -151.5], ""angles"": [16384, 58624, 56064], ""params"": [0.5999999642372131, 1.5, 1.0, 0, 0, 0], ""unused_pointer"": 78798928}"
maximum-attack-ep2/q494-bb-e,0,47,"{""base_type"": 26, ""set_flags"": 0, ""runtime_index"": 29443, ""file_offset"": 3212, ""floor_field"": 0, ""entity_id_field"": 19691, ""group"": 0, ""room"": 10, ""unknown_a3"": 0, ""position"": [235.76998901367188, 3.2699999809265137, -210.0399932861328], ""angles"": [30208, 0, 49152], ""params"": [2.0, 2.0, 1.0, 0, 0, 0], ""unused_pointer"": 77102464}"
maximum-attack-ep2/q494-bb-e,0,48,"{""base_type"": 26, ""set_flags"": 0, ""runtime_index"": 29187, ""file_offset"": 3280, ""floor_field"": 0, ""entity_id_field"": 19692, ""group"": 0, ""room"": 10, ""unknown_a3"": 0, ""position"": [230.839111328125, 3.2699999809265137, -449.4473876953125], ""angles"": [3584, 0, 49152], ""params"": [2.0, 2.0, 1.0, 0, 0, 0], ""unused_pointer"": 77102624}"
maximum-attack-ep2/q494-bb-e,0,49,"{""base_type"": 26, ""set_flags"": 0, ""runtime_index"": 28675, ""file_offset"": 3348, ""floor_field"": 0, ""entity_id_field"": 19693, ""group"": 0, ""room"": 10, ""unknown_a3"": 0, ""position"": [22.0, 18.529998779296875, -230.38999938964844], ""angles"": [32768, 0, 49152], ""params"": [1.7999999523162842, 1.7999999523162842, 1.0, 0, 0, 0], ""unused_pointer"": 77102784}"
maximum-attack-ep2/q494-bb-e,0,50,"{""base_type"": 26, ""set_flags"": 0, ""runtime_index"": 25859, ""file_offset"": 3416, ""floor_field"": 0, ""entity_id_field"": 19694, ""group"": 0, ""room"": 10, ""unknown_a3"": 0, ""position"": [297.7799987792969, 3.2699999809265137, -341.2666015625], ""angles"": [16384, 0, 49152], ""params"": [2.0, 2.0, 1.0, 0, 0, 0], ""unused_pointer"": 77102944}"
maximum-attack-ep2/q494-bb-e,0,51,"{""base_type"": 26, ""set_flags"": 512, ""runtime_index"": 13312, ""file_offset"": 3484, ""floor_field"": 0, ""entity_id_field"": 19695, ""group"": 0, ""room"": 10, ""unknown_a3"": 0, ""position"": [-262.44000244140625, 41.30999755859375, -149.8800048828125], ""angles"": [49408, 5632, 49152], ""params"": [1.0, 1.25, 1.0, 0, 0, 0], ""unused_pointer"": 77103104}"
maximum-attack-ep2/q494-bb-e,0,52,"{""base_type"": 26, ""set_flags"": 512, ""runtime_index"": 13568, ""file_offset"": 3552, ""floor_field"": 0, ""entity_id_field"": 19696, ""group"": 0, ""room"": 10, ""unknown_a3"": 0, ""position"": [-262.94000244140625, 41.30999755859375, -29.699996948242188], ""angles"": [49408, 5632, 49152], ""params"": [1.0, 1.25, 1.0, 0, 0, 0], ""unused_pointer"": 77103264}"
maximum-attack-ep2/q494-bb-e,0,53,"{""base_type"": 26, ""set_flags"": 512, ""runtime_index"": 13824, ""file_offset"": 3620, ""floor_field"": 0, ""entity_id_field"": 19697, ""group"": 0, ""room"": 70, ""unknown_a3"": 0, ""position"": [-74.300048828125, 39.0, 0.0], ""angles"": [49408, 5632, 49152], ""params"": [1.0, 1.25, 1.0, 0, 0, 0], ""unused_pointer"": 77103424}"
maximum-attack-ep2/q494-bb-e,0,54,"{""base_type"": 26, ""set_flags"": 512, ""runtime_index"": 14080, ""file_offset"": 3688, ""floor_field"": 0, ""entity_id_field"": 19698, ""group"": 0, ""room"": 70, ""unknown_a3"": 0, ""position"": [75.2000732421875, 39.0, 0.0], ""angles"": [82176, 5632, 49152], ""params"": [1.0, 1.25, 1.0, 0, 0, 0], ""unused_pointer"": 77103584}"
maximum-attack-ep2/q494-bb-e,0,55,"{""base_type"": 26, ""set_flags"": 512, ""runtime_index"": 14336, ""file_offset"": 3756, ""floor_field"": 0, ""entity_id_field"": 19699, ""group"": 0, ""room"": 70, ""unknown_a3"": 0, ""position"": [-63.10986328125, 39.0, -32.89999771118164], ""angles"": [57360, 5632, 49152], ""params"": [1.0, 1.25, 1.0, 0, 0, 0], ""unused_pointer"": 77103744}"
maximum-attack-ep2/q494-bb-e,0,56,"{""base_type"": 26, ""set_flags"": 512, ""runtime_index"": 14592, ""file_offset"": 3824, ""floor_field"": 0, ""entity_id_field"": 19700, ""group"": 0, ""room"": 70, ""unknown_a3"": 0, ""position"": [-63.22998046875, 39.56999969482422, 33.599998474121094], ""angles"": [41056, 5376, 49152], ""params"": [1.0, 1.25, 1.0, 0, 0, 0], ""unused_pointer"": 77103904}"
maximum-attack-ep2/q494-bb-e,0,57,"{""base_type"": 26, ""set_flags"": 0, ""runtime_index"": 24835, ""file_offset"": 3892, ""floor_field"": 0, ""entity_id_field"": 19701, ""group"": 0, ""room"": 10, ""unknown_a3"": 0, ""position"": [-31.049598693847656, 49.79374694824219, -29.323028564453125], ""angles"": [16384, 0, 56064], ""params"": [1.1999999284744263, 1.5, 1.0, 0, 0, 0], ""unused_pointer"": 77104064}"
maximum-attack-ep2/q494-bb-e,0,58,"{""base_type"": 26, ""set_flags"": 0, ""runtime_index"": 26627, ""file_offset"": 3960, ""floor_field"": 0, ""entity_id_field"": 19702, ""group"": 0, ""room"": 10, ""unknown_a3"": 0, ""position"": [-12.840003967285156, -10.0, -390.010009765625], ""angles"": [32768, 0, 49152], ""params"": [0.29999998211860657, 0.29999998211860657, 1.0, 0, 0, 0], ""unused_pointer"": 77104224}"
maximum-attack-ep2/q494-bb-e,0,59,"{""base_type"": 26, ""set_flags"": 0, ""runtime_index"": 28931, ""file_offset"": 4028, ""floor_field"": 0, ""entity_id_field"": 19703, ""group"": 0, ""room"": 10, ""unknown_a3"": 0, ""position"": [-21.480003356933594, 43.46999740600586, -290.30999755859375], ""angles"": [98304, 4096, 49152], ""params"": [1.7999999523162842, 1.7999999523162842, 1.0, 0, 0, 0], ""unused_pointer"": 77104384}"
maximum-attack-ep2/q494-bb-e,0,60,"{""base_type"": 26, ""set_flags"": 0, ""runtime_index"": 27907, ""file_offset"": 4096, ""floor_field"": 0, ""entity_id_field"": 19704, ""group"": 0, ""room"": 10, ""unknown_a3"": 0, ""position"": [-21.480003356933594, 43.46999740600586, -369.30999755859375], ""angles"": [65536, 0, 49152], ""params"": [1.7999999523162842, 1.7999999523162842, 1.0, 0, 0, 0], ""unused_pointer"": 77104544}"
maximum-attack-ep2/q494-bb-e,0,61,"{""base_type"": 26, ""set_flags"": 0, ""runtime_index"": 28163, ""file_offset"": 4164, ""floor_field"": 0, ""entity_id_field"": 19705, ""group"": 0, ""room"": 10, ""unknown_a3"": 0, ""position"": [-21.480003356933594, 43.46999740600586, -369.30999755859375], ""angles"": [65536, 4096, 49152], ""params"": [1.7999999523162842, 1.7999999523162842, 1.0, 0, 0, 0], ""unused_pointer"": 77104704}"
maximum-attack-ep2/q494-bb-e,0,62,"{""base_type"": 26, ""set_flags"": 0, ""runtime_index"": 28419, ""file_offset"": 4232, ""floor_field"": 0, ""entity_id_field"": 19706, ""group"": 0, ""room"": 10, ""unknown_a3"": 0, ""position"": [-21.480003356933594, 43.46999740600586, -290.30999755859375], ""angles"": [98304, 0, 49152], ""params"": [1.7999999523162842, 1.7999999523162842, 1.0, 0, 0, 0], ""unused_pointer"": 77104864}"
maximum-attack-ep2/q494-bb-e,0,63,"{""base_type"": 26, ""set_flags"": 0, ""runtime_index"": 29699, ""file_offset"": 4300, ""floor_field"": 0, ""entity_id_field"": 19707, ""group"": 0, ""room"": 10, ""unknown_a3"": 0, ""position"": [-119.9000015258789, 28.26999855041504, -300.0], ""angles"": [49152, 0, 49152], ""params"": [1.0, 1.0, 1.0, 0, 0, 0], ""unused_pointer"": 77105024}"
maximum-attack-ep2/q494-bb-e,0,64,"{""base_type"": 26, ""set_flags"": 0, ""runtime_index"": 29955, ""file_offset"": 4368, ""floor_field"": 0, ""entity_id_field"": 19708, ""group"": 0, ""room"": 10, ""unknown_a3"": 0, ""position"": [-105.95999908447266, 28.779998779296875, -75.11000061035156], ""angles"": [57344, 0, 49152], ""params"": [1.0, 1.0, 1.0, 0, 0, 0], ""unused_pointer"": 77105184}"
maximum-attack-ep2/q494-bb-j,0,47,"{""base_type"": 26, ""set_flags"": 0, ""runtime_index"": 29443, ""file_offset"": 3212, ""floor_field"": 0, ""entity_id_field"": 19691, ""group"": 0, ""room"": 10, ""unknown_a3"": 0, ""position"": [235.76998901367188, 3.2699999809265137, -210.0399932861328], ""angles"": [30208, 0, 49152], ""params"": [2.0, 2.0, 1.0, 0, 0, 0], ""unused_pointer"": 77102464}"
maximum-attack-ep2/q494-bb-j,0,48,"{""base_type"": 26, ""set_flags"": 0, ""runtime_index"": 29187, ""file_offset"": 3280, ""floor_field"": 0, ""entity_id_field"": 19692, ""group"": 0, ""room"": 10, ""unknown_a3"": 0, ""position"": [230.839111328125, 3.2699999809265137, -449.4473876953125], ""angles"": [3584, 0, 49152], ""params"": [2.0, 2.0, 1.0, 0, 0, 0], ""unused_pointer"": 77102624}"
maximum-attack-ep2/q494-bb-j,0,49,"{""base_type"": 26, ""set_flags"": 0, ""runtime_index"": 28675, ""file_offset"": 3348, ""floor_field"": 0, ""entity_id_field"": 19693, ""group"": 0, ""room"": 10, ""unknown_a3"": 0, ""position"": [22.0, 18.529998779296875, -230.38999938964844], ""angles"": [32768, 0, 49152], ""params"": [1.7999999523162842, 1.7999999523162842, 1.0, 0, 0, 0], ""unused_pointer"": 77102784}"
maximum-attack-ep2/q494-bb-j,0,50,"{""base_type"": 26, ""set_flags"": 0, ""runtime_index"": 25859, ""file_offset"": 3416, ""floor_field"": 0, ""entity_id_field"": 19694, ""group"": 0, ""room"": 10, ""unknown_a3"": 0, ""position"": [297.7799987792969, 3.2699999809265137, -341.2666015625], ""angles"": [16384, 0, 49152], ""params"": [2.0, 2.0, 1.0, 0, 0, 0], ""unused_pointer"": 77102944}"
maximum-attack-ep2/q494-bb-j,0,51,"{""base_type"": 26, ""set_flags"": 512, ""runtime_index"": 13312, ""file_offset"": 3484, ""floor_field"": 0, ""entity_id_field"": 19695, ""group"": 0, ""room"": 10, ""unknown_a3"": 0, ""position"": [-262.44000244140625, 41.30999755859375, -149.8800048828125], ""angles"": [49408, 5632, 49152], ""params"": [1.0, 1.25, 1.0, 0, 0, 0], ""unused_pointer"": 77103104}"
maximum-attack-ep2/q494-bb-j,0,52,"{""base_type"": 26, ""set_flags"": 512, ""runtime_index"": 13568, ""file_offset"": 3552, ""floor_field"": 0, ""entity_id_field"": 19696, ""group"": 0, ""room"": 10, ""unknown_a3"": 0, ""position"": [-262.94000244140625, 41.30999755859375, -29.699996948242188], ""angles"": [49408, 5632, 49152], ""params"": [1.0, 1.25, 1.0, 0, 0, 0], ""unused_pointer"": 77103264}"
maximum-attack-ep2/q494-bb-j,0,53,"{""base_type"": 26, ""set_flags"": 512, ""runtime_index"": 13824, ""file_offset"": 3620, ""floor_field"": 0, ""entity_id_field"": 19697, ""group"": 0, ""room"": 70, ""unknown_a3"": 0, ""position"": [-74.300048828125, 39.0, 0.0], ""angles"": [49408, 5632, 49152], ""params"": [1.0, 1.25, 1.0, 0, 0, 0], ""unused_pointer"": 77103424}"
maximum-attack-ep2/q494-bb-j,0,54,"{""base_type"": 26, ""set_flags"": 512, ""runtime_index"": 14080, ""file_offset"": 3688, ""floor_field"": 0, ""entity_id_field"": 19698, ""group"": 0, ""room"": 70, ""unknown_a3"": 0, ""position"": [75.2000732421875, 39.0, 0.0], ""angles"": [82176, 5632, 49152], ""params"": [1.0, 1.25, 1.0, 0, 0, 0], ""unused_pointer"": 77103584}"
maximum-attack-ep2/q494-bb-j,0,55,"{""base_type"": 26, ""set_flags"": 512, ""runtime_index"": 14336, ""file_offset"": 3756, ""floor_field"": 0, ""entity_id_field"": 19699, ""group"": 0, ""room"": 70, ""unknown_a3"": 0, ""position"": [-63.10986328125, 39.0, -32.89999771118164], ""angles"": [57360, 5632, 49152], ""params"": [1.0, 1.25, 1.0, 0, 0, 0], ""unused_pointer"": 77103744}"
maximum-attack-ep2/q494-bb-j,0,56,"{""base_type"": 26, ""set_flags"": 512, ""runtime_index"": 14592, ""file_offset"": 3824, ""floor_field"": 0, ""entity_id_field"": 19700, ""group"": 0, ""room"": 70, ""unknown_a3"": 0, ""position"": [-63.22998046875, 39.56999969482422, 33.599998474121094], ""angles"": [41056, 5376, 49152], ""params"": [1.0, 1.25, 1.0, 0, 0, 0], ""unused_pointer"": 77103904}"
maximum-attack-ep2/q494-bb-j,0,57,"{""base_type"": 26, ""set_flags"": 0, ""runtime_index"": 24835, ""file_offset"": 3892, ""floor_field"": 0, ""entity_id_field"": 19701, ""group"": 0, ""room"": 10, ""unknown_a3"": 0, ""position"": [-31.049598693847656, 49.79374694824219, -29.323028564453125], ""angles"": [16384, 0, 56064], ""params"": [1.1999999284744263, 1.5, 1.0, 0, 0, 0], ""unused_pointer"": 77104064}"
maximum-attack-ep2/q494-bb-j,0,58,"{""base_type"": 26, ""set_flags"": 0, ""runtime_index"": 26627, ""file_offset"": 3960, ""floor_field"": 0, ""entity_id_field"": 19702, ""group"": 0, ""room"": 10, ""unknown_a3"": 0, ""position"": [-12.840003967285156, -10.0, -390.010009765625], ""angles"": [32768, 0, 49152], ""params"": [0.29999998211860657, 0.29999998211860657, 1.0, 0, 0, 0], ""unused_pointer"": 77104224}"
maximum-attack-ep2/q494-bb-j,0,59,"{""base_type"": 26, ""set_flags"": 0, ""runtime_index"": 28931, ""file_offset"": 4028, ""floor_field"": 0, ""entity_id_field"": 19703, ""group"": 0, ""room"": 10, ""unknown_a3"": 0, ""position"": [-21.480003356933594, 43.46999740600586, -290.30999755859375], ""angles"": [98304, 4096, 49152], ""params"": [1.7999999523162842, 1.7999999523162842, 1.0, 0, 0, 0], ""unused_pointer"": 77104384}"
maximum-attack-ep2/q494-bb-j,0,60,"{""base_type"": 26, ""set_flags"": 0, ""runtime_index"": 27907, ""file_offset"": 4096, ""floor_field"": 0, ""entity_id_field"": 19704, ""group"": 0, ""room"": 10, ""unknown_a3"": 0, ""position"": [-21.480003356933594, 43.46999740600586, -369.30999755859375], ""angles"": [65536, 0, 49152], ""params"": [1.7999999523162842, 1.7999999523162842, 1.0, 0, 0, 0], ""unused_pointer"": 77104544}"
maximum-attack-ep2/q494-bb-j,0,61,"{""base_type"": 26, ""set_flags"": 0, ""runtime_index"": 28163, ""file_offset"": 4164, ""floor_field"": 0, ""entity_id_field"": 19705, ""group"": 0, ""room"": 10, ""unknown_a3"": 0, ""position"": [-21.480003356933594, 43.46999740600586, -369.30999755859375], ""angles"": [65536, 4096, 49152], ""params"": [1.7999999523162842, 1.7999999523162842, 1.0, 0, 0, 0], ""unused_pointer"": 77104704}"
maximum-attack-ep2/q494-bb-j,0,62,"{""base_type"": 26, ""set_flags"": 0, ""runtime_index"": 28419, ""file_offset"": 4232, ""floor_field"": 0, ""entity_id_field"": 19706, ""group"": 0, ""room"": 10, ""unknown_a3"": 0, ""position"": [-21.480003356933594, 43.46999740600586, -290.30999755859375], ""angles"": [98304, 0, 49152], ""params"": [1.7999999523162842, 1.7999999523162842, 1.0, 0, 0, 0], ""unused_pointer"": 77104864}"
maximum-attack-ep2/q494-bb-j,0,63,"{""base_type"": 26, ""set_flags"": 0, ""runtime_index"": 29699, ""file_offset"": 4300, ""floor_field"": 0, ""entity_id_field"": 19707, ""group"": 0, ""room"": 10, ""unknown_a3"": 0, ""position"": [-119.9000015258789, 28.26999855041504, -300.0], ""angles"": [49152, 0, 49152], ""params"": [1.0, 1.0, 1.0, 0, 0, 0], ""unused_pointer"": 77105024}"
maximum-attack-ep2/q494-bb-j,0,64,"{""base_type"": 26, ""set_flags"": 0, ""runtime_index"": 29955, ""file_offset"": 4368, ""floor_field"": 0, ""entity_id_field"": 19708, ""group"": 0, ""room"": 10, ""unknown_a3"": 0, ""position"": [-105.95999908447266, 28.779998779296875, -75.11000061035156], ""angles"": [57344, 0, 49152], ""params"": [1.0, 1.0, 1.0, 0, 0, 0], ""unused_pointer"": 77105184}"
maximum-attack-ep4/q314-bb-e,0,26,"{""base_type"": 26, ""set_flags"": 0, ""runtime_index"": 384, ""file_offset"": 1784, ""floor_field"": 0, ""entity_id_field"": 18853, ""group"": 0, ""room"": 10, ""unknown_a3"": 0, ""position"": [-64.03318786621094, 48.33072280883789, -544.1820678710938], ""angles"": [2816, 4096, 49152], ""params"": [0.5, 2.000000476837158, 1.000000238418579, 0, 0, 0], ""unused_pointer"": 72261968}"
maximum-attack-ep4/q314-bb-e,0,27,"{""base_type"": 26, ""set_flags"": 2, ""runtime_index"": 27, ""file_offset"": 1852, ""floor_field"": 0, ""entity_id_field"": 16411, ""group"": 0, ""room"": 10, ""unknown_a3"": 0, ""position"": [-422.0050048828125, 43.00204086303711, -39.997589111328125], ""angles"": [38144, 4096, 49152], ""params"": [0.29999998211860657, 1.000000238418579, 1.000000238418579, 0, 0, 0], ""unused_pointer"": 72261808}"
maximum-attack-ep4/q314-bb-e,0,28,"{""base_type"": 26, ""set_flags"": 0, ""runtime_index"": 370, ""file_offset"": 1920, ""floor_field"": 0, ""entity_id_field"": 18824, ""group"": 0, ""room"": 10, ""unknown_a3"": 0, ""position"": [-484.0034484863281, 75.2366943359375, -337.9985656738281], ""angles"": [40960, 768, 49152], ""params"": [1.5, 6.000000953674316, 1.0, 0, 0, 0], ""unused_pointer"": 72263728}"
maximum-attack-ep4/q314-bb-e,0,29,"{""base_type"": 26, ""set_flags"": 0, ""runtime_index"": 368, ""file_offset"": 1988, ""floor_field"": 0, ""entity_id_field"": 18819, ""group"": 0, ""room"": 10, ""unknown_a3"": 0, ""position"": [-228.0, 28.0, -2351.004638671875], ""angles"": [0, 0, 49152], ""params"": [0.7999999523162842, 3.0000007152557373, 1.0, 0, 0, 0], ""unused_pointer"": 72262128}"
maximum-attack-ep4/q314-bb-e,0,30,"{""base_type"": 26, ""set_flags"": 0, ""runtime_index"": 375, ""file_offset"": 2056, ""floor_field"": 0, ""entity_id_field"": 18835, ""group"": 0, ""room"": 10, ""unknown_a3"": 0, ""position"": [-82.00421142578125, 22.99611473083496, -124.0], ""angles"": [32768, 0, 49152], ""params"": [0.29999998211860657, 1.000000238418579, 1.000000238418579, 0, 0, 0], ""unused_pointer"": 72262288}"
maximum-attack-ep4/q314-bb-e,0,31,"{""base_type"": 26, ""set_flags"": 0, ""runtime_index"": 371, ""file_offset"": 2124, ""floor_field"": 0, ""entity_id_field"": 18826, ""group"": 0, ""room"": 10, ""unknown_a3"": 0, ""position"": [-552.0048828125, 13.00069808959961, -322.4993591308594], ""angles"": [49152, 0, 49152], ""params"": [0.5, 1.600000262260437, 1.000000238418579, 0, 0, 0], ""unused_pointer"": 72262448}"
maximum-attack-ep4/q314-bb-e,0,32,"{""base_type"": 26, ""set_flags"": 0, ""runtime_index"": 367, ""file_offset"": 2192, ""floor_field"": 0, ""entity_id_field"": 18817, ""group"": 0, ""room"": 10, ""unknown_a3"": 0, ""position"": [-175.72723388671875, 25.000001907348633, -2288.638916015625], ""angles"": [16384, 0, 49152], ""params"": [0.699999988079071, 2.400001287460327, 1.0, 0, 0, 0], ""unused_pointer"": 72238352}"
maximum-attack-ep4/q314-bb-e,0,33,"{""base_type"": 26, ""set_flags"": 0, ""runtime_index"": 378, ""file_offset"": 2260, ""floor_field"": 0, ""entity_id_field"": 18841, ""group"": 0, ""room"": 10, ""unknown_a3"": 0, ""position"": [17.0, 23.0, -175.0], ""angles"": [17664, 0, 49152], ""params"": [0.29999998211860657, 1.000000238418579, 1.000000238418579, 0, 0, 0], ""unused_pointer"": 72262752}"
maximum-attack-ep4/q314-bb-e,0,34,"{""base_type"": 26, ""set_flags"": 0, ""runtime_index"": 373, ""file_offset"": 2328, ""floor_field"": 0, ""entity_id_field"": 18830, ""group"": 0, ""room"": 10, ""unknown_a3"": 0, ""position"": [-154.3699951171875, 31.619998931884766, -373.3999938964844], ""angles"": [57344, 0, 49152], ""params"": [1.0, 4.0, 1.0, 0, 0, 0], ""unused_pointer"": 72262928}"
maximum-attack-ep4/q314-bb-e,0,35,"{""base_type"": 26, ""set_flags"": 0, ""runtime_index"": 374, ""file_offset"": 2396, ""floor_field"": 0, ""entity_id_field"": 18833, ""group"": 0, ""room"": 10, ""unknown_a3"": 0, ""position"": [-112.0, 23.0, -124.0], ""angles"": [32768, 0, 49152], ""params"": [0.29999998211860657, 1.000000238418579, 1.000000238418579, 0, 0, 0], ""unused_pointer"": 72263088}"
maximum-attack-ep4/q314-bb-e,0,36,"{""base_type"": 26, ""set_flags"": 0, ""runtime_index"": 376, ""file_offset"": 2464, ""floor_field"": 0, ""entity_id_field"": 18837, ""group"": 0, ""room"": 10, ""unknown_a3"": 0, ""position"": [-2.995574951171875, 22.99611473083496, -123.0], ""angles"": [32768, 0, 49152], ""params"": [0.29999998211860657, 1.000000238418579, 1.000000238418579, 0, 0, 0], ""unused_pointer"": 72263248}"
maximum-attack-ep4/q314-bb-e,0,37,"{""base_type"": 26, ""set_flags"": 0, ""runtime_index"": 377, ""file_offset"": 2532, ""floor_field"": 0, ""entity_id_field"": 18839, ""group"": 0, ""room"": 10, ""unknown_a3"": 0, ""position"": [14.0, 23.0, -139.0], ""angles"": [17664, 0, 49152], ""params"": [0.29999998211860657, 1.0, 1.000000238418579, 0, 0, 0], ""unused_pointer"": 72263408}"
maximum-attack-ep4/q314-bb-e,0,38,"{""base_type"": 26, ""set_flags"": 0, ""runtime_index"": 385, ""file_offset"": 2600, ""floor_field"": 0, ""entity_id_field"": 18855, ""group"": 0, ""room"": 10, ""unknown_a3"": 0, ""position"": [-15.99884033203125, 47.009849548339844, -427.601318359375], ""angles"": [0, 4096, 49152], ""params"": [0.29999998211860657, 1.000000238418579, 1.000000238418579, 0, 0, 0], ""unused_pointer"": 72263568}"
maximum-attack-ep4/q314-bb-e,0,39,"{""base_type"": 26, ""set_flags"": 0, ""runtime_index"": 369, ""file_offset"": 2668, ""floor_field"": 0, ""entity_id_field"": 18822, ""group"": 0, ""room"": 10, ""unknown_a3"": 0, ""position"": [-358.32421875, 48.00204086303711, -47.97663879394531], ""angles"": [25344, 4096, 49152], ""params"": [0.5, 2.000000476837158, 1.000000238418579, 0, 0, 0], ""unused_pointer"": 72333696}"
maximum-attack-ep4/q314-bb-e,0,40,"{""base_type"": 26, ""set_flags"": 2, ""runtime_index"": 40, ""file_offset"": 2736, ""floor_field"": 0, ""entity_id_field"": 16424, ""group"": 0, ""room"": 10, ""unknown_a3"": 0, ""position"": [-392.73101806640625, 43.00204086303711, -31.329437255859375], ""angles"": [32768, 4096, 49152], ""params"": [0.29999998211860657, 1.000000238418579, 1.000000238418579, 0, 0, 0], ""unused_pointer"": 72263888}"
maximum-attack-ep4/q314-bb-e,0,41,"{""base_type"": 26, ""set_flags"": 2, ""runtime_index"": 41, ""file_offset"": 2804, ""floor_field"": 0, ""entity_id_field"": 16425, ""group"": 0, ""room"": 10, ""unknown_a3"": 0, ""position"": [-442.001220703125, 43.00204086303711, -60.99833679199219], ""angles"": [43520, 4096, 49152], ""params"": [0.29999998211860657, 1.000000238418579, 1.000000238418579, 0, 0, 0], ""unused_pointer"": 72264048}"
maximum-attack-ep4/q314-bb-e,0,42,"{""base_type"": 26, ""set_flags"": 2, ""runtime_index"": 42, ""file_offset"": 2872, ""floor_field"": 0, ""entity_id_field"": 16426, ""group"": 0, ""room"": 10, ""unknown_a3"": 0, ""position"": [-467.0029602050781, 20.0, -222.99728393554688], ""angles"": [49152, 0, 49152], ""params"": [0.29999998211860657, 1.000000238418579, 1.000000238418579, 0, 0, 0], ""unused_pointer"": 72264208}"
maximum-attack-ep4/q314-bb-e,0,43,"{""base_type"": 26, ""set_flags"": 2, ""runtime_index"": 43, ""file_offset"": 2940, ""floor_field"": 0, ""entity_id_field"": 16427, ""group"": 0, ""room"": 10, ""unknown_a3"": 0, ""position"": [-467.0029602050781, 40.00000762939453, -222.99728393554688], ""angles"": [49152, 0, 49152], ""params"": [0.29999998211860657, 1.000000238418579, 1.000000238418579, 0, 0, 0], ""unused_pointer"": 72264368}"
maximum-attack-ep4/q314-bb-e,0,44,"{""base_type"": 26, ""set_flags"": 2, ""runtime_index"": 44, ""file_offset"": 3008, ""floor_field"": 0, ""entity_id_field"": 16428, ""group"": 0, ""room"": 10, ""unknown_a3"": 0, ""position"": [-467.0029602050781, 60.00001525878906, -222.99728393554688], ""angles"": [49152, 0, 49152], ""params"": [0.29999998211860657, 1.000000238418579, 1.000000238418579, 0, 0, 0], ""unused_pointer"": 72264528}"
maximum-attack-ep4/q314-bb-e,0,45,"{""base_type"": 26, ""set_flags"": 2, ""runtime_index"": 45, ""file_offset"": 3076, ""floor_field"": 0, ""entity_id_field"": 16429, ""group"": 0, ""room"": 10, ""unknown_a3"": 0, ""position"": [-467.0029602050781, 80.00003051757812, -222.99728393554688], ""angles"": [49152, 0, 49152], ""params"": [0.29999998211860657, 1.000000238418579, 1.000000238418579, 0, 0, 0], ""unused_pointer"": 72264688}"
maximum-attack-ep4/q314-bb-e,0,46,"{""base_type"": 26, ""set_flags"": 0, ""runtime_index"": 372, ""file_offset"": 3144, ""floor_field"": 0, ""entity_id_field"": 18828, ""group"": 0, ""room"": 10, ""unknown_a3"": 0, ""position"": [-203.7351837158203, 61.174957275390625, -50.34791564941406], ""angles"": [32768, 0, 49152], ""params"": [1.2999999523162842, 5.000000953674316, 1.000000238418579, 0, 0, 0], ""unused_pointer"": 72264848}"
maximum-attack-ep4/q314-bb-e,0,47,"{""base_type"": 26, ""set_flags"": 0, ""runtime_index"": 383, ""file_offset"": 3212, ""floor_field"": 0, ""entity_id_field"": 18851, ""group"": 0, ""room"": 10, ""unknown_a3"": 0, ""position"": [35.089996337890625, 48.34375, -544.0], ""angles"": [62464, 4096, 49152], ""params"": [0.5, 2.0, 1.000000238418579, 0, 0, 0], ""unused_pointer"": 72265008}"
maximum-attack-ep4/q314-bb-e,0,48,"{""base_type"": 26, ""set_flags"": 2, ""runtime_index"": 48, ""file_offset"": 3280, ""floor_field"": 0, ""entity_id_field"": 16432, ""group"": 0, ""room"": 10, ""unknown_a3"": 0, ""position"": [-87.35765075683594, 124.69625091552734, -278.99932861328125], ""angles"": [16384, 4096, 49152], ""params"": [1.7999999523162842, 6.0, 1.000000238418579, 0, 0, 0], ""unused_pointer"": 72265168}"
maximum-attack-ep4/q314-bb-e,0,49,"{""base_type"": 26, ""set_flags"": 0, ""runtime_index"": 381, ""file_offset"": 3348, ""floor_field"": 0, ""entity_id_field"": 18847, ""group"": 0, ""room"": 10, ""unknown_a3"": 0, ""position"": [219.0, 30.0, -296.739990234375], ""angles"": [16384, 0, 49152], ""params"": [0.29999998211860657, 1.0, 1.000000238418579, 0, 0, 0], ""unused_pointer"": 72265328}"
maximum-attack-ep4/q314-bb-e,0,50,"{""base_type"": 26, ""set_flags"": 0, ""runtime_index"": 380, ""file_offset"": 3416, ""floor_field"": 0, ""entity_id_field"": 18845, ""group"": 0, ""room"": 10, ""unknown_a3"": 0, ""position"": [219.0, 30.0, -265.0], ""angles"": [16384, 0, 49152], ""params"": [0.29999998211860657, 1.0, 1.000000238418579, 0, 0, 0], ""unused_pointer"": 72265488}"
maximum-attack-ep4/q314-bb-e,0,51,"{""base_type"": 26, ""set_flags"": 0, ""runtime_index"": 379, ""file_offset"": 3484, ""floor_field"": 0, ""entity_id_field"": 18843, ""group"": 0, ""room"": 10, ""unknown_a3"": 0, ""position"": [219.81997680664062, 30.0, -233.29000854492188], ""angles"": [16384, 0, 49152], ""params"": [0.29999998211860657, 1.0, 1.000000238418579, 0, 0, 0], ""unused_pointer"": 72265648}"
maximum-attack-ep4/q314-bb-e,0,52,"{""base_type"": 26, ""set_flags"": 0, ""runtime_index"": 366, ""file_offset"": 3552, ""floor_field"": 0, ""entity_id_field"": 18815, ""group"": 0, ""room"": 10, ""unknown_a3"": 0, ""position"": [-286.0, 25.0, -2291.0], ""angles"": [49152, 0, 49152], ""params"": [0.699999988079071, 2.400001287460327, 1.000000238418579, 0, 0, 0], ""unused_pointer"": 72230672}"
maximum-attack-ep4/q314-bb-e,0,53,"{""base_type"": 26, ""set_flags"": 2, ""runtime_index"": 53, ""file_offset"": 3620, ""floor_field"": 0, ""entity_id_field"": 16437, ""group"": 0, ""room"": 10, ""unknown_a3"": 0, ""position"": [-218.99911499023438, 134.49176025390625, -1936.4481201171875], ""angles"": [32768, 12288, 49152], ""params"": [3.1999998092651367, 13.0, 1.0, 0, 0, 0], ""unused_pointer"": 72265968}"
maximum-attack-ep4/q314-bb-j,0,26,"{""base_type"": 26, ""set_flags"": 0, ""runtime_index"": 384, ""file_offset"": 1784, ""floor_field"": 0, ""entity_id_field"": 18853, ""group"": 0, ""room"": 10, ""unknown_a3"": 0, ""position"": [-64.03318786621094, 48.33072280883789, -544.1820678710938], ""angles"": [2816, 4096, 49152], ""params"": [0.5, 2.000000476837158, 1.000000238418579, 0, 0, 0], ""unused_pointer"": 72261968}"
maximum-attack-ep4/q314-bb-j,0,27,"{""base_type"": 26, ""set_flags"": 2, ""runtime_index"": 27, ""file_offset"": 1852, ""floor_field"": 0, ""entity_id_field"": 16411, ""group"": 0, ""room"": 10, ""unknown_a3"": 0, ""position"": [-422.0050048828125, 43.00204086303711, -39.997589111328125], ""angles"": [38144, 4096, 49152], ""params"": [0.29999998211860657, 1.000000238418579, 1.000000238418579, 0, 0, 0], ""unused_pointer"": 72261808}"
maximum-attack-ep4/q314-bb-j,0,28,"{""base_type"": 26, ""set_flags"": 0, ""runtime_index"": 370, ""file_offset"": 1920, ""floor_field"": 0, ""entity_id_field"": 18824, ""group"": 0, ""room"": 10, ""unknown_a3"": 0, ""position"": [-484.0034484863281, 75.2366943359375, -337.9985656738281], ""angles"": [40960, 768, 49152], ""params"": [1.5, 6.000000953674316, 1.0, 0, 0, 0], ""unused_pointer"": 72263728}"
maximum-attack-ep4/q314-bb-j,0,29,"{""base_type"": 26, ""set_flags"": 0, ""runtime_index"": 368, ""file_offset"": 1988, ""floor_field"": 0, ""entity_id_field"": 18819, ""group"": 0, ""room"": 10, ""unknown_a3"": 0, ""position"": [-228.0, 28.0, -2351.004638671875], ""angles"": [0, 0, 49152], ""params"": [0.7999999523162842, 3.0000007152557373, 1.0, 0, 0, 0], ""unused_pointer"": 72262128}"
maximum-attack-ep4/q314-bb-j,0,30,"{""base_type"": 26, ""set_flags"": 0, ""runtime_index"": 375, ""file_offset"": 2056, ""floor_field"": 0, ""entity_id_field"": 18835, ""group"": 0, ""room"": 10, ""unknown_a3"": 0, ""position"": [-82.00421142578125, 22.99611473083496, -124.0], ""angles"": [32768, 0, 49152], ""params"": [0.29999998211860657, 1.000000238418579, 1.000000238418579, 0, 0, 0], ""unused_pointer"": 72262288}"
maximum-attack-ep4/q314-bb-j,0,31,"{""base_type"": 26, ""set_flags"": 0, ""runtime_index"": 371, ""file_offset"": 2124, ""floor_field"": 0, ""entity_id_field"": 18826, ""group"": 0, ""room"": 10, ""unknown_a3"": 0, ""position"": [-552.0048828125, 13.00069808959961, -322.4993591308594], ""angles"": [49152, 0, 49152], ""params"": [0.5, 1.600000262260437, 1.000000238418579, 0, 0, 0], ""unused_pointer"": 72262448}"
maximum-attack-ep4/q314-bb-j,0,32,"{""base_type"": 26, ""set_flags"": 0, ""runtime_index"": 367, ""file_offset"": 2192, ""floor_field"": 0, ""entity_id_field"": 18817, ""group"": 0, ""room"": 10, ""unknown_a3"": 0, ""position"": [-175.72723388671875, 25.000001907348633, -2288.638916015625], ""angles"": [16384, 0, 49152], ""params"": [0.699999988079071, 2.400001287460327, 1.0, 0, 0, 0], ""unused_pointer"": 72238352}"
maximum-attack-ep4/q314-bb-j,0,33,"{""base_type"": 26, ""set_flags"": 0, ""runtime_index"": 378, ""file_offset"": 2260, ""floor_field"": 0, ""entity_id_field"": 18841, ""group"": 0, ""room"": 10, ""unknown_a3"": 0, ""position"": [17.0, 23.0, -175.0], ""angles"": [17664, 0, 49152], ""params"": [0.29999998211860657, 1.000000238418579, 1.000000238418579, 0, 0, 0], ""unused_pointer"": 72262752}"
maximum-attack-ep4/q314-bb-j,0,34,"{""base_type"": 26, ""set_flags"": 0, ""runtime_index"": 373, ""file_offset"": 2328, ""floor_field"": 0, ""entity_id_field"": 18830, ""group"": 0, ""room"": 10, ""unknown_a3"": 0, ""position"": [-154.3699951171875, 31.619998931884766, -373.3999938964844], ""angles"": [57344, 0, 49152], ""params"": [1.0, 4.0, 1.0, 0, 0, 0], ""unused_pointer"": 72262928}"
maximum-attack-ep4/q314-bb-j,0,35,"{""base_type"": 26, ""set_flags"": 0, ""runtime_index"": 374, ""file_offset"": 2396, ""floor_field"": 0, ""entity_id_field"": 18833, ""group"": 0, ""room"": 10, ""unknown_a3"": 0, ""position"": [-112.0, 23.0, -124.0], ""angles"": [32768, 0, 49152], ""params"": [0.29999998211860657, 1.000000238418579, 1.000000238418579, 0, 0, 0], ""unused_pointer"": 72263088}"
maximum-attack-ep4/q314-bb-j,0,36,"{""base_type"": 26, ""set_flags"": 0, ""runtime_index"": 376, ""file_offset"": 2464, ""floor_field"": 0, ""entity_id_field"": 18837, ""group"": 0, ""room"": 10, ""unknown_a3"": 0, ""position"": [-2.995574951171875, 22.99611473083496, -123.0], ""angles"": [32768, 0, 49152], ""params"": [0.29999998211860657, 1.000000238418579, 1.000000238418579, 0, 0, 0], ""unused_pointer"": 72263248}"
maximum-attack-ep4/q314-bb-j,0,37,"{""base_type"": 26, ""set_flags"": 0, ""runtime_index"": 377, ""file_offset"": 2532, ""floor_field"": 0, ""entity_id_field"": 18839, ""group"": 0, ""room"": 10, ""unknown_a3"": 0, ""position"": [14.0, 23.0, -139.0], ""angles"": [17664, 0, 49152], ""params"": [0.29999998211860657, 1.0, 1.000000238418579, 0, 0, 0], ""unused_pointer"": 72263408}"
maximum-attack-ep4/q314-bb-j,0,38,"{""base_type"": 26, ""set_flags"": 0, ""runtime_index"": 385, ""file_offset"": 2600, ""floor_field"": 0, ""entity_id_field"": 18855, ""group"": 0, ""room"": 10, ""unknown_a3"": 0, ""position"": [-15.99884033203125, 47.009849548339844, -427.601318359375], ""angles"": [0, 4096, 49152], ""params"": [0.29999998211860657, 1.000000238418579, 1.000000238418579, 0, 0, 0], ""unused_pointer"": 72263568}"
maximum-attack-ep4/q314-bb-j,0,39,"{""base_type"": 26, ""set_flags"": 0, ""runtime_index"": 369, ""file_offset"": 2668, ""floor_field"": 0, ""entity_id_field"": 18822, ""group"": 0, ""room"": 10, ""unknown_a3"": 0, ""position"": [-358.32421875, 48.00204086303711, -47.97663879394531], ""angles"": [25344, 4096, 49152], ""params"": [0.5, 2.000000476837158, 1.000000238418579, 0, 0, 0], ""unused_pointer"": 72333696}"
maximum-attack-ep4/q314-bb-j,0,40,"{""base_type"": 26, ""set_flags"": 2, ""runtime_index"": 40, ""file_offset"": 2736, ""floor_field"": 0, ""entity_id_field"": 16424, ""group"": 0, ""room"": 10, ""unknown_a3"": 0, ""position"": [-392.73101806640625, 43.00204086303711, -31.329437255859375], ""angles"": [32768, 4096, 49152], ""params"": [0.29999998211860657, 1.000000238418579, 1.000000238418579, 0, 0, 0], ""unused_pointer"": 72263888}"
maximum-attack-ep4/q314-bb-j,0,41,"{""base_type"": 26, ""set_flags"": 2, ""runtime_index"": 41, ""file_offset"": 2804, ""floor_field"": 0, ""entity_id_field"": 16425, ""group"": 0, ""room"": 10, ""unknown_a3"": 0, ""position"": [-442.001220703125, 43.00204086303711, -60.99833679199219], ""angles"": [43520, 4096, 49152], ""params"": [0.29999998211860657, 1.000000238418579, 1.000000238418579, 0, 0, 0], ""unused_pointer"": 72264048}"
maximum-attack-ep4/q314-bb-j,0,42,"{""base_type"": 26, ""set_flags"": 2, ""runtime_index"": 42, ""file_offset"": 2872, ""floor_field"": 0, ""entity_id_field"": 16426, ""group"": 0, ""room"": 10, ""unknown_a3"": 0, ""position"": [-467.0029602050781, 20.0, -222.99728393554688], ""angles"": [49152, 0, 49152], ""params"": [0.29999998211860657, 1.000000238418579, 1.000000238418579, 0, 0, 0], ""unused_pointer"": 72264208}"
maximum-attack-ep4/q314-bb-j,0,43,"{""base_type"": 26, ""set_flags"": 2, ""runtime_index"": 43, ""file_offset"": 2940, ""floor_field"": 0, ""entity_id_field"": 16427, ""group"": 0, ""room"": 10, ""unknown_a3"": 0, ""position"": [-467.0029602050781, 40.00000762939453, -222.99728393554688], ""angles"": [49152, 0, 49152], ""params"": [0.29999998211860657, 1.000000238418579, 1.000000238418579, 0, 0, 0], ""unused_pointer"": 72264368}"
maximum-attack-ep4/q314-bb-j,0,44,"{""base_type"": 26, ""set_flags"": 2, ""runtime_index"": 44, ""file_offset"": 3008, ""floor_field"": 0, ""entity_id_field"": 16428, ""group"": 0, ""room"": 10, ""unknown_a3"": 0, ""position"": [-467.0029602050781, 60.00001525878906, -222.99728393554688], ""angles"": [49152, 0, 49152], ""params"": [0.29999998211860657, 1.000000238418579, 1.000000238418579, 0, 0, 0], ""unused_pointer"": 72264528}"
maximum-attack-ep4/q314-bb-j,0,45,"{""base_type"": 26, ""set_flags"": 2, ""runtime_index"": 45, ""file_offset"": 3076, ""floor_field"": 0, ""entity_id_field"": 16429, ""group"": 0, ""room"": 10, ""unknown_a3"": 0, ""position"": [-467.0029602050781, 80.00003051757812, -222.99728393554688], ""angles"": [49152, 0, 49152], ""params"": [0.29999998211860657, 1.000000238418579, 1.000000238418579, 0, 0, 0], ""unused_pointer"": 72264688}"
maximum-attack-ep4/q314-bb-j,0,46,"{""base_type"": 26, ""set_flags"": 0, ""runtime_index"": 372, ""file_offset"": 3144, ""floor_field"": 0, ""entity_id_field"": 18828, ""group"": 0, ""room"": 10, ""unknown_a3"": 0, ""position"": [-203.7351837158203, 61.174957275390625, -50.34791564941406], ""angles"": [32768, 0, 49152], ""params"": [1.2999999523162842, 5.000000953674316, 1.000000238418579, 0, 0, 0], ""unused_pointer"": 72264848}"
maximum-attack-ep4/q314-bb-j,0,47,"{""base_type"": 26, ""set_flags"": 0, ""runtime_index"": 383, ""file_offset"": 3212, ""floor_field"": 0, ""entity_id_field"": 18851, ""group"": 0, ""room"": 10, ""unknown_a3"": 0, ""position"": [35.089996337890625, 48.34375, -544.0], ""angles"": [62464, 4096, 49152], ""params"": [0.5, 2.0, 1.000000238418579, 0, 0, 0], ""unused_pointer"": 72265008}"
maximum-attack-ep4/q314-bb-j,0,48,"{""base_type"": 26, ""set_flags"": 2, ""runtime_index"": 48, ""file_offset"": 3280, ""floor_field"": 0, ""entity_id_field"": 16432, ""group"": 0, ""room"": 10, ""unknown_a3"": 0, ""position"": [-87.35765075683594, 124.69625091552734, -278.99932861328125], ""angles"": [16384, 4096, 49152], ""params"": [1.7999999523162842, 6.0, 1.000000238418579, 0, 0, 0], ""unused_pointer"": 72265168}"
maximum-attack-ep4/q314-bb-j,0,49,"{""base_type"": 26, ""set_flags"": 0, ""runtime_index"": 381, ""file_offset"": 3348, ""floor_field"": 0, ""entity_id_field"": 18847, ""group"": 0, ""room"": 10, ""unknown_a3"": 0, ""position"": [219.0, 30.0, -296.739990234375], ""angles"": [16384, 0, 49152], ""params"": [0.29999998211860657, 1.0, 1.000000238418579, 0, 0, 0], ""unused_pointer"": 72265328}"
maximum-attack-ep4/q314-bb-j,0,50,"{""base_type"": 26, ""set_flags"": 0, ""runtime_index"": 380, ""file_offset"": 3416, ""floor_field"": 0, ""entity_id_field"": 18845, ""group"": 0, ""room"": 10, ""unknown_a3"": 0, ""position"": [219.0, 30.0, -265.0], ""angles"": [16384, 0, 49152], ""params"": [0.29999998211860657, 1.0, 1.000000238418579, 0, 0, 0], ""unused_pointer"": 72265488}"
maximum-attack-ep4/q314-bb-j,0,51,"{""base_type"": 26, ""set_flags"": 0, ""runtime_index"": 379, ""file_offset"": 3484, ""floor_field"": 0, ""entity_id_field"": 18843, ""group"": 0, ""room"": 10, ""unknown_a3"": 0, ""position"": [219.81997680664062, 30.0, -233.29000854492188], ""angles"": [16384, 0, 49152], ""params"": [0.29999998211860657, 1.0, 1.000000238418579, 0, 0, 0], ""unused_pointer"": 72265648}"
maximum-attack-ep4/q314-bb-j,0,52,"{""base_type"": 26, ""set_flags"": 0, ""runtime_index"": 366, ""file_offset"": 3552, ""floor_field"": 0, ""entity_id_field"": 18815, ""group"": 0, ""room"": 10, ""unknown_a3"": 0, ""position"": [-286.0, 25.0, -2291.0], ""angles"": [49152, 0, 49152], ""params"": [0.699999988079071, 2.400001287460327, 1.000000238418579, 0, 0, 0], ""unused_pointer"": 72230672}"
maximum-attack-ep4/q314-bb-j,0,53,"{""base_type"": 26, ""set_flags"": 2, ""runtime_index"": 53, ""file_offset"": 3620, ""floor_field"": 0, ""entity_id_field"": 16437, ""group"": 0, ""room"": 10, ""unknown_a3"": 0, ""position"": [-218.99911499023438, 134.49176025390625, -1936.4481201171875], ""angles"": [32768, 12288, 49152], ""params"": [3.1999998092651367, 13.0, 1.0, 0, 0, 0], ""unused_pointer"": 72265968}"
retrieval-ep1/q69-bb-e,0,26,"{""base_type"": 26, ""set_flags"": 0, ""runtime_index"": 1990, ""file_offset"": 1784, ""floor_field"": 0, ""entity_id_field"": 23880, ""group"": 0, ""room"": 10, ""unknown_a3"": 0, ""position"": [-156.59194946289062, 23.75693702697754, -231.2667236328125], ""angles"": [32768, 0, 49152], ""params"": [1.0, 1.0, 1.0, 0, 0, 0], ""unused_pointer"": 1892349056}"
retrieval-ep1/q69-bb-e,0,27,"{""base_type"": 26, ""set_flags"": 0, ""runtime_index"": 1991, ""file_offset"": 1852, ""floor_field"": 0, ""entity_id_field"": 24136, ""group"": 0, ""room"": 10, ""unknown_a3"": 0, ""position"": [-191.06588745117188, 33.75693893432617, -231.16806030273438], ""angles"": [32768, 0, 49152], ""params"": [2.000000238418579, 2.000000238418579, 1.0, 0, 0, 0], ""unused_pointer"": 1355609216}"
retrieval-ep1/q69-bb-e,0,28,"{""base_type"": 26, ""set_flags"": 0, ""runtime_index"": 1992, ""file_offset"": 1920, ""floor_field"": 0, ""entity_id_field"": 24392, ""group"": 0, ""room"": 10, ""unknown_a3"": 0, ""position"": [-245.95738220214844, 44.75693893432617, -231.8171844482422], ""angles"": [32768, 0, 49152], ""params"": [3.000000476837158, 3.000000476837158, 1.0, 0, 0, 0], ""unused_pointer"": 4039963776}"
retrieval-ep1/q69-bb-e,0,29,"{""base_type"": 26, ""set_flags"": 0, ""runtime_index"": 1993, ""file_offset"": 1988, ""floor_field"": 0, ""entity_id_field"": 24648, ""group"": 0, ""room"": 10, ""unknown_a3"": 0, ""position"": [-476.147216796875, 92.2938003540039, -325.8175048828125], ""angles"": [45056, 0, 49152], ""params"": [4.000000953674316, 4.000000953674316, 1.0, 0, 0, 0], ""unused_pointer"": 2429416576}"
retrieval-ep1/q69-bb-e,0,30,"{""base_type"": 26, ""set_flags"": 0, ""runtime_index"": 1994, ""file_offset"": 2056, ""floor_field"": 0, ""entity_id_field"": 24904, ""group"": 0, ""room"": 10, ""unknown_a3"": 0, ""position"": [-137.41549682617188, 25.0, -188.05404663085938], ""angles"": [49152, 0, 49152], ""params"": [1.000000238418579, 1.000000238418579, 1.0, 0, 0, 0], ""unused_pointer"": 818869376}"
retrieval-ep1/q69-bb-e,0,31,"{""base_type"": 26, ""set_flags"": 0, ""runtime_index"": 1995, ""file_offset"": 2124, ""floor_field"": 0, ""entity_id_field"": 25160, ""group"": 0, ""room"": 10, ""unknown_a3"": 0, ""position"": [-137.41549682617188, 49.0, -188.05404663085938], ""angles"": [49152, 0, 49152], ""params"": [1.000000238418579, 1.000000238418579, 1.0, 0, 0, 0], ""unused_pointer"": 3503223936}"
retrieval-ep1/q69-bb-e,0,32,"{""base_type"": 26, ""set_flags"": 0, ""runtime_index"": 1996, ""file_offset"": 2192, ""floor_field"": 0, ""entity_id_field"": 25416, ""group"": 0, ""room"": 10, ""unknown_a3"": 0, ""position"": [-137.41549682617188, 73.0, -188.05404663085938], ""angles"": [49152, 0, 49152], ""params"": [1.000000238418579, 1.000000238418579, 1.0, 0, 0, 0], ""unused_pointer"": 1892676736}"
retrieval-ep1/q69-bb-j,0,26,"{""base_type"": 26, ""set_flags"": 0, ""runtime_index"": 1990, ""file_offset"": 1784, ""floor_field"": 0, ""entity_id_field"": 23880, ""group"": 0, ""room"": 10, ""unknown_a3"": 0, ""position"": [-156.59194946289062, 23.75693702697754, -231.2667236328125], ""angles"": [32768, 0, 49152], ""params"": [1.0, 1.0, 1.0, 0, 0, 0], ""unused_pointer"": 1892349056}"
retrieval-ep1/q69-bb-j,0,27,"{""base_type"": 26, ""set_flags"": 0, ""runtime_index"": 1991, ""file_offset"": 1852, ""floor_field"": 0, ""entity_id_field"": 24136, ""group"": 0, ""room"": 10, ""unknown_a3"": 0, ""position"": [-191.06588745117188, 33.75693893432617, -231.16806030273438], ""angles"": [32768, 0, 49152], ""params"": [2.000000238418579, 2.000000238418579, 1.0, 0, 0, 0], ""unused_pointer"": 1355609216}"
retrieval-ep1/q69-bb-j,0,28,"{""base_type"": 26, ""set_flags"": 0, ""runtime_index"": 1992, ""file_offset"": 1920, ""floor_field"": 0, ""entity_id_field"": 24392, ""group"": 0, ""room"": 10, ""unknown_a3"": 0, ""position"": [-245.95738220214844, 44.75693893432617, -231.8171844482422], ""angles"": [32768, 0, 49152], ""params"": [3.000000476837158, 3.000000476837158, 1.0, 0, 0, 0], ""unused_pointer"": 4039963776}"
retrieval-ep1/q69-bb-j,0,29,"{""base_type"": 26, ""set_flags"": 0, ""runtime_index"": 1993, ""file_offset"": 1988, ""floor_field"": 0, ""entity_id_field"": 24648, ""group"": 0, ""room"": 10, ""unknown_a3"": 0, ""position"": [-476.147216796875, 92.2938003540039, -325.8175048828125], ""angles"": [45056, 0, 49152], ""params"": [4.000000953674316, 4.000000953674316, 1.0, 0, 0, 0], ""unused_pointer"": 2429416576}"
retrieval-ep1/q69-bb-j,0,30,"{""base_type"": 26, ""set_flags"": 0, ""runtime_index"": 1994, ""file_offset"": 2056, ""floor_field"": 0, ""entity_id_field"": 24904, ""group"": 0, ""room"": 10, ""unknown_a3"": 0, ""position"": [-137.41549682617188, 25.0, -188.05404663085938], ""angles"": [49152, 0, 49152], ""params"": [1.000000238418579, 1.000000238418579, 1.0, 0, 0, 0], ""unused_pointer"": 818869376}"
retrieval-ep1/q69-bb-j,0,31,"{""base_type"": 26, ""set_flags"": 0, ""runtime_index"": 1995, ""file_offset"": 2124, ""floor_field"": 0, ""entity_id_field"": 25160, ""group"": 0, ""room"": 10, ""unknown_a3"": 0, ""position"": [-137.41549682617188, 49.0, -188.05404663085938], ""angles"": [49152, 0, 49152], ""params"": [1.000000238418579, 1.000000238418579, 1.0, 0, 0, 0], ""unused_pointer"": 3503223936}"
retrieval-ep1/q69-bb-j,0,32,"{""base_type"": 26, ""set_flags"": 0, ""runtime_index"": 1996, ""file_offset"": 2192, ""floor_field"": 0, ""entity_id_field"": 25416, ""group"": 0, ""room"": 10, ""unknown_a3"": 0, ""position"": [-137.41549682617188, 73.0, -188.05404663085938], ""angles"": [49152, 0, 49152], ""params"": [1.000000238418579, 1.000000238418579, 1.0, 0, 0, 0], ""unused_pointer"": 1892676736}"
solo-extra-ep1/q143-bb-e,0,26,"{""base_type"": 26, ""set_flags"": 0, ""runtime_index"": 384, ""file_offset"": 1784, ""floor_field"": 0, ""entity_id_field"": 18853, ""group"": 0, ""room"": 10, ""unknown_a3"": 0, ""position"": [-64.03318786621094, 48.33072280883789, -544.1820678710938], ""angles"": [2816, 4096, 49152], ""params"": [0.5, 2.000000476837158, 1.000000238418579, 0, 0, 0], ""unused_pointer"": 72261968}"
solo-extra-ep1/q143-bb-e,0,27,"{""base_type"": 26, ""set_flags"": 2, ""runtime_index"": 27, ""file_offset"": 1852, ""floor_field"": 0, ""entity_id_field"": 16411, ""group"": 0, ""room"": 10, ""unknown_a3"": 0, ""position"": [-422.0050048828125, 43.00204086303711, -39.997589111328125], ""angles"": [38144, 4096, 49152], ""params"": [0.29999998211860657, 1.000000238418579, 1.000000238418579, 0, 0, 0], ""unused_pointer"": 72261808}"
solo-extra-ep1/q143-bb-e,0,28,"{""base_type"": 26, ""set_flags"": 0, ""runtime_index"": 370, ""file_offset"": 1920, ""floor_field"": 0, ""entity_id_field"": 18824, ""group"": 0, ""room"": 10, ""unknown_a3"": 0, ""position"": [-484.0034484863281, 75.2366943359375, -337.9985656738281], ""angles"": [40960, 768, 49152], ""params"": [1.5, 6.000000953674316, 1.0, 0, 0, 0], ""unused_pointer"": 72263728}"
solo-extra-ep1/q143-bb-e,0,29,"{""base_type"": 26, ""set_flags"": 0, ""runtime_index"": 368, ""file_offset"": 1988, ""floor_field"": 0, ""entity_id_field"": 18819, ""group"": 0, ""room"": 10, ""unknown_a3"": 0, ""position"": [-228.0, 28.0, -2351.004638671875], ""angles"": [0, 0, 49152], ""params"": [0.7999999523162842, 3.0000007152557373, 1.0, 0, 0, 0], ""unused_pointer"": 72262128}"
solo-extra-ep1/q143-bb-e,0,30,"{""base_type"": 26, ""set_flags"": 0, ""runtime_index"": 375, ""file_offset"": 2056, ""floor_field"": 0, ""entity_id_field"": 18835, ""group"": 0, ""room"": 10, ""unknown_a3"": 0, ""position"": [-82.00421142578125, 22.99611473083496, -124.0], ""angles"": [32768, 0, 49152], ""params"": [0.29999998211860657, 1.000000238418579, 1.000000238418579, 0, 0, 0], ""unused_pointer"": 72262288}"
solo-extra-ep1/q143-bb-e,0,31,"{""base_type"": 26, ""set_flags"": 0, ""runtime_index"": 371, ""file_offset"": 2124, ""floor_field"": 0, ""entity_id_field"": 18826, ""group"": 0, ""room"": 10, ""unknown_a3"": 0, ""position"": [-552.0048828125, 13.00069808959961, -322.4993591308594], ""angles"": [49152, 0, 49152], ""params"": [0.5, 1.600000262260437, 1.000000238418579, 0, 0, 0], ""unused_pointer"": 72262448}"
solo-extra-ep1/q143-bb-e,0,32,"{""base_type"": 26, ""set_flags"": 0, ""runtime_index"": 367, ""file_offset"": 2192, ""floor_field"": 0, ""entity_id_field"": 18817, ""group"": 0, ""room"": 10, ""unknown_a3"": 0, ""position"": [-175.72723388671875, 25.000001907348633, -2288.638916015625], ""angles"": [16384, 0, 49152], ""params"": [0.699999988079071, 2.400001287460327, 1.0, 0, 0, 0], ""unused_pointer"": 72238352}"
solo-extra-ep1/q143-bb-e,0,33,"{""base_type"": 26, ""set_flags"": 0, ""runtime_index"": 378, ""file_offset"": 2260, ""floor_field"": 0, ""entity_id_field"": 18841, ""group"": 0, ""room"": 10, ""unknown_a3"": 0, ""position"": [17.0, 23.0, -175.0], ""angles"": [17664, 0, 49152], ""params"": [0.29999998211860657, 1.000000238418579, 1.000000238418579, 0, 0, 0], ""unused_pointer"": 72262752}"
solo-extra-ep1/q143-bb-e,0,34,"{""base_type"": 26, ""set_flags"": 0, ""runtime_index"": 373, ""file_offset"": 2328, ""floor_field"": 0, ""entity_id_field"": 18830, ""group"": 0, ""room"": 10, ""unknown_a3"": 0, ""position"": [-154.3699951171875, 31.619998931884766, -373.3999938964844], ""angles"": [57344, 0, 49152], ""params"": [1.0, 4.0, 1.0, 0, 0, 0], ""unused_pointer"": 72262928}"
solo-extra-ep1/q143-bb-e,0,35,"{""base_type"": 26, ""set_flags"": 0, ""runtime_index"": 374, ""file_offset"": 2396, ""floor_field"": 0, ""entity_id_field"": 18833, ""group"": 0, ""room"": 10, ""unknown_a3"": 0, ""position"": [-112.0, 23.0, -124.0], ""angles"": [32768, 0, 49152], ""params"": [0.29999998211860657, 1.000000238418579, 1.000000238418579, 0, 0, 0], ""unused_pointer"": 72263088}"
solo-extra-ep1/q143-bb-e,0,36,"{""base_type"": 26, ""set_flags"": 0, ""runtime_index"": 376, ""file_offset"": 2464, ""floor_field"": 0, ""entity_id_field"": 18837, ""group"": 0, ""room"": 10, ""unknown_a3"": 0, ""position"": [-2.995574951171875, 22.99611473083496, -123.0], ""angles"": [32768, 0, 49152], ""params"": [0.29999998211860657, 1.000000238418579, 1.000000238418579, 0, 0, 0], ""unused_pointer"": 72263248}"
solo-extra-ep1/q143-bb-e,0,37,"{""base_type"": 26, ""set_flags"": 0, ""runtime_index"": 377, ""file_offset"": 2532, ""floor_field"": 0, ""entity_id_field"": 18839, ""group"": 0, ""room"": 10, ""unknown_a3"": 0, ""position"": [14.0, 23.0, -139.0], ""angles"": [17664, 0, 49152], ""params"": [0.29999998211860657, 1.0, 1.000000238418579, 0, 0, 0], ""unused_pointer"": 72263408}"
solo-extra-ep1/q143-bb-e,0,38,"{""base_type"": 26, ""set_flags"": 0, ""runtime_index"": 385, ""file_offset"": 2600, ""floor_field"": 0, ""entity_id_field"": 18855, ""group"": 0, ""room"": 10, ""unknown_a3"": 0, ""position"": [-15.99884033203125, 47.009849548339844, -427.601318359375], ""angles"": [0, 4096, 49152], ""params"": [0.29999998211860657, 1.000000238418579, 1.000000238418579, 0, 0, 0], ""unused_pointer"": 72263568}"
solo-extra-ep1/q143-bb-e,0,39,"{""base_type"": 26, ""set_flags"": 0, ""runtime_index"": 369, ""file_offset"": 2668, ""floor_field"": 0, ""entity_id_field"": 18822, ""group"": 0, ""room"": 10, ""unknown_a3"": 0, ""position"": [-358.32421875, 48.00204086303711, -47.97663879394531], ""angles"": [25344, 4096, 49152], ""params"": [0.5, 2.000000476837158, 1.000000238418579, 0, 0, 0], ""unused_pointer"": 72333696}"
solo-extra-ep1/q143-bb-e,0,40,"{""base_type"": 26, ""set_flags"": 2, ""runtime_index"": 40, ""file_offset"": 2736, ""floor_field"": 0, ""entity_id_field"": 16424, ""group"": 0, ""room"": 10, ""unknown_a3"": 0, ""position"": [-392.73101806640625, 43.00204086303711, -31.329437255859375], ""angles"": [32768, 4096, 49152], ""params"": [0.29999998211860657, 1.000000238418579, 1.000000238418579, 0, 0, 0], ""unused_pointer"": 72263888}"
solo-extra-ep1/q143-bb-e,0,41,"{""base_type"": 26, ""set_flags"": 2, ""runtime_index"": 41, ""file_offset"": 2804, ""floor_field"": 0, ""entity_id_field"": 16425, ""group"": 0, ""room"": 10, ""unknown_a3"": 0, ""position"": [-442.001220703125, 43.00204086303711, -60.99833679199219], ""angles"": [43520, 4096, 49152], ""params"": [0.29999998211860657, 1.000000238418579, 1.000000238418579, 0, 0, 0], ""unused_pointer"": 72264048}"
solo-extra-ep1/q143-bb-e,0,42,"{""base_type"": 26, ""set_flags"": 2, ""runtime_index"": 42, ""file_offset"": 2872, ""floor_field"": 0, ""entity_id_field"": 16426, ""group"": 0, ""room"": 10, ""unknown_a3"": 0, ""position"": [-467.0029602050781, 20.0, -222.99728393554688], ""angles"": [49152, 0, 49152], ""params"": [0.29999998211860657, 1.000000238418579, 1.000000238418579, 0, 0, 0], ""unused_pointer"": 72264208}"
solo-extra-ep1/q143-bb-e,0,43,"{""base_type"": 26, ""set_flags"": 2, ""runtime_index"": 43, ""file_offset"": 2940, ""floor_field"": 0, ""entity_id_field"": 16427, ""group"": 0, ""room"": 10, ""unknown_a3"": 0, ""position"": [-467.0029602050781, 40.00000762939453, -222.99728393554688], ""angles"": [49152, 0, 49152], ""params"": [0.29999998211860657, 1.000000238418579, 1.000000238418579, 0, 0, 0], ""unused_pointer"": 72264368}"
solo-extra-ep1/q143-bb-e,0,44,"{""base_type"": 26, ""set_flags"": 2, ""runtime_index"": 44, ""file_offset"": 3008, ""floor_field"": 0, ""entity_id_field"": 16428, ""group"": 0, ""room"": 10, ""unknown_a3"": 0, ""position"": [-467.0029602050781, 60.00001525878906, -222.99728393554688], ""angles"": [49152, 0, 49152], ""params"": [0.29999998211860657, 1.000000238418579, 1.000000238418579, 0, 0, 0], ""unused_pointer"": 72264528}"
solo-extra-ep1/q143-bb-e,0,45,"{""base_type"": 26, ""set_flags"": 2, ""runtime_index"": 45, ""file_offset"": 3076, ""floor_field"": 0, ""entity_id_field"": 16429, ""group"": 0, ""room"": 10, ""unknown_a3"": 0, ""position"": [-467.0029602050781, 80.00003051757812, -222.99728393554688], ""angles"": [49152, 0, 49152], ""params"": [0.29999998211860657, 1.000000238418579, 1.000000238418579, 0, 0, 0], ""unused_pointer"": 72264688}"
solo-extra-ep1/q143-bb-e,0,46,"{""base_type"": 26, ""set_flags"": 0, ""runtime_index"": 372, ""file_offset"": 3144, ""floor_field"": 0, ""entity_id_field"": 18828, ""group"": 0, ""room"": 10, ""unknown_a3"": 0, ""position"": [-203.7351837158203, 61.174957275390625, -50.34791564941406], ""angles"": [32768, 0, 49152], ""params"": [1.2999999523162842, 5.000000953674316, 1.000000238418579, 0, 0, 0], ""unused_pointer"": 72264848}"
solo-extra-ep1/q143-bb-e,0,47,"{""base_type"": 26, ""set_flags"": 0, ""runtime_index"": 383, ""file_offset"": 3212, ""floor_field"": 0, ""entity_id_field"": 18851, ""group"": 0, ""room"": 10, ""unknown_a3"": 0, ""position"": [35.089996337890625, 48.34375, -544.0], ""angles"": [62464, 4096, 49152], ""params"": [0.5, 2.0, 1.000000238418579, 0, 0, 0], ""unused_pointer"": 72265008}"
solo-extra-ep1/q143-bb-e,0,48,"{""base_type"": 26, ""set_flags"": 2, ""runtime_index"": 48, ""file_offset"": 3280, ""floor_field"": 0, ""entity_id_field"": 16432, ""group"": 0, ""room"": 10, ""unknown_a3"": 0, ""position"": [-87.35765075683594, 124.69625091552734, -278.99932861328125], ""angles"": [16384, 4096, 49152], ""params"": [1.7999999523162842, 6.0, 1.000000238418579, 0, 0, 0], ""unused_pointer"": 72265168}"
solo-extra-ep1/q143-bb-e,0,49,"{""base_type"": 26, ""set_flags"": 0, ""runtime_index"": 381, ""file_offset"": 3348, ""floor_field"": 0, ""entity_id_field"": 18847, ""group"": 0, ""room"": 10, ""unknown_a3"": 0, ""position"": [219.0, 30.0, -296.739990234375], ""angles"": [16384, 0, 49152], ""params"": [0.29999998211860657, 1.0, 1.000000238418579, 0, 0, 0], ""unused_pointer"": 72265328}"
solo-extra-ep1/q143-bb-e,0,50,"{""base_type"": 26, ""set_flags"": 0, ""runtime_index"": 380, ""file_offset"": 3416, ""floor_field"": 0, ""entity_id_field"": 18845, ""group"": 0, ""room"": 10, ""unknown_a3"": 0, ""position"": [219.0, 30.0, -265.0], ""angles"": [16384, 0, 49152], ""params"": [0.29999998211860657, 1.0, 1.000000238418579, 0, 0, 0], ""unused_pointer"": 72265488}"
solo-extra-ep1/q143-bb-e,0,51,"{""base_type"": 26, ""set_flags"": 0, ""runtime_index"": 379, ""file_offset"": 3484, ""floor_field"": 0, ""entity_id_field"": 18843, ""group"": 0, ""room"": 10, ""unknown_a3"": 0, ""position"": [219.81997680664062, 30.0, -233.29000854492188], ""angles"": [16384, 0, 49152], ""params"": [0.29999998211860657, 1.0, 1.000000238418579, 0, 0, 0], ""unused_pointer"": 72265648}"
solo-extra-ep1/q143-bb-e,0,52,"{""base_type"": 26, ""set_flags"": 0, ""runtime_index"": 366, ""file_offset"": 3552, ""floor_field"": 0, ""entity_id_field"": 18815, ""group"": 0, ""room"": 10, ""unknown_a3"": 0, ""position"": [-286.0, 25.0, -2291.0], ""angles"": [49152, 0, 49152], ""params"": [0.699999988079071, 2.400001287460327, 1.000000238418579, 0, 0, 0], ""unused_pointer"": 72230672}"
solo-extra-ep1/q143-bb-e,0,53,"{""base_type"": 26, ""set_flags"": 2, ""runtime_index"": 53, ""file_offset"": 3620, ""floor_field"": 0, ""entity_id_field"": 16437, ""group"": 0, ""room"": 10, ""unknown_a3"": 0, ""position"": [-218.99911499023438, 134.49176025390625, -1936.4481201171875], ""angles"": [32768, 12288, 49152], ""params"": [3.1999998092651367, 13.0, 1.0, 0, 0, 0], ""unused_pointer"": 72265968}"
solo-extra-ep1/q143-bb-j,0,26,"{""base_type"": 26, ""set_flags"": 0, ""runtime_index"": 384, ""file_offset"": 1784, ""floor_field"": 0, ""entity_id_field"": 18853, ""group"": 0, ""room"": 10, ""unknown_a3"": 0, ""position"": [-64.03318786621094, 48.33072280883789, -544.1820678710938], ""angles"": [2816, 4096, 49152], ""params"": [0.5, 2.000000476837158, 1.000000238418579, 0, 0, 0], ""unused_pointer"": 72261968}"
solo-extra-ep1/q143-bb-j,0,27,"{""base_type"": 26, ""set_flags"": 2, ""runtime_index"": 27, ""file_offset"": 1852, ""floor_field"": 0, ""entity_id_field"": 16411, ""group"": 0, ""room"": 10, ""unknown_a3"": 0, ""position"": [-422.0050048828125, 43.00204086303711, -39.997589111328125], ""angles"": [38144, 4096, 49152], ""params"": [0.29999998211860657, 1.000000238418579, 1.000000238418579, 0, 0, 0], ""unused_pointer"": 72261808}"
solo-extra-ep1/q143-bb-j,0,28,"{""base_type"": 26, ""set_flags"": 0, ""runtime_index"": 370, ""file_offset"": 1920, ""floor_field"": 0, ""entity_id_field"": 18824, ""group"": 0, ""room"": 10, ""unknown_a3"": 0, ""position"": [-484.0034484863281, 75.2366943359375, -337.9985656738281], ""angles"": [40960, 768, 49152], ""params"": [1.5, 6.000000953674316, 1.0, 0, 0, 0], ""unused_pointer"": 72263728}"
solo-extra-ep1/q143-bb-j,0,29,"{""base_type"": 26, ""set_flags"": 0, ""runtime_index"": 368, ""file_offset"": 1988, ""floor_field"": 0, ""entity_id_field"": 18819, ""group"": 0, ""room"": 10, ""unknown_a3"": 0, ""position"": [-228.0, 28.0, -2351.004638671875], ""angles"": [0, 0, 49152], ""params"": [0.7999999523162842, 3.0000007152557373, 1.0, 0, 0, 0], ""unused_pointer"": 72262128}"
solo-extra-ep1/q143-bb-j,0,30,"{""base_type"": 26, ""set_flags"": 0, ""runtime_index"": 375, ""file_offset"": 2056, ""floor_field"": 0, ""entity_id_field"": 18835, ""group"": 0, ""room"": 10, ""unknown_a3"": 0, ""position"": [-82.00421142578125, 22.99611473083496, -124.0], ""angles"": [32768, 0, 49152], ""params"": [0.29999998211860657, 1.000000238418579, 1.000000238418579, 0, 0, 0], ""unused_pointer"": 72262288}"
solo-extra-ep1/q143-bb-j,0,31,"{""base_type"": 26, ""set_flags"": 0, ""runtime_index"": 371, ""file_offset"": 2124, ""floor_field"": 0, ""entity_id_field"": 18826, ""group"": 0, ""room"": 10, ""unknown_a3"": 0, ""position"": [-552.0048828125, 13.00069808959961, -322.4993591308594], ""angles"": [49152, 0, 49152], ""params"": [0.5, 1.600000262260437, 1.000000238418579, 0, 0, 0], ""unused_pointer"": 72262448}"
solo-extra-ep1/q143-bb-j,0,32,"{""base_type"": 26, ""set_flags"": 0, ""runtime_index"": 367, ""file_offset"": 2192, ""floor_field"": 0, ""entity_id_field"": 18817, ""group"": 0, ""room"": 10, ""unknown_a3"": 0, ""position"": [-175.72723388671875, 25.000001907348633, -2288.638916015625], ""angles"": [16384, 0, 49152], ""params"": [0.699999988079071, 2.400001287460327, 1.0, 0, 0, 0], ""unused_pointer"": 72238352}"
solo-extra-ep1/q143-bb-j,0,33,"{""base_type"": 26, ""set_flags"": 0, ""runtime_index"": 378, ""file_offset"": 2260, ""floor_field"": 0, ""entity_id_field"": 18841, ""group"": 0, ""room"": 10, ""unknown_a3"": 0, ""position"": [17.0, 23.0, -175.0], ""angles"": [17664, 0, 49152], ""params"": [0.29999998211860657, 1.000000238418579, 1.000000238418579, 0, 0, 0], ""unused_pointer"": 72262752}"
solo-extra-ep1/q143-bb-j,0,34,"{""base_type"": 26, ""set_flags"": 0, ""runtime_index"": 373, ""file_offset"": 2328, ""floor_field"": 0, ""entity_id_field"": 18830, ""group"": 0, ""room"": 10, ""unknown_a3"": 0, ""position"": [-154.3699951171875, 31.619998931884766, -373.3999938964844], ""angles"": [57344, 0, 49152], ""params"": [1.0, 4.0, 1.0, 0, 0, 0], ""unused_pointer"": 72262928}"
solo-extra-ep1/q143-bb-j,0,35,"{""base_type"": 26, ""set_flags"": 0, ""runtime_index"": 374, ""file_offset"": 2396, ""floor_field"": 0, ""entity_id_field"": 18833, ""group"": 0, ""room"": 10, ""unknown_a3"": 0, ""position"": [-112.0, 23.0, -124.0], ""angles"": [32768, 0, 49152], ""params"": [0.29999998211860657, 1.000000238418579, 1.000000238418579, 0, 0, 0], ""unused_pointer"": 72263088}"
solo-extra-ep1/q143-bb-j,0,36,"{""base_type"": 26, ""set_flags"": 0, ""runtime_index"": 376, ""file_offset"": 2464, ""floor_field"": 0, ""entity_id_field"": 18837, ""group"": 0, ""room"": 10, ""unknown_a3"": 0, ""position"": [-2.995574951171875, 22.99611473083496, -123.0], ""angles"": [32768, 0, 49152], ""params"": [0.29999998211860657, 1.000000238418579, 1.000000238418579, 0, 0, 0], ""unused_pointer"": 72263248}"
solo-extra-ep1/q143-bb-j,0,37,"{""base_type"": 26, ""set_flags"": 0, ""runtime_index"": 377, ""file_offset"": 2532, ""floor_field"": 0, ""entity_id_field"": 18839, ""group"": 0, ""room"": 10, ""unknown_a3"": 0, ""position"": [14.0, 23.0, -139.0], ""angles"": [17664, 0, 49152], ""params"": [0.29999998211860657, 1.0, 1.000000238418579, 0, 0, 0], ""unused_pointer"": 72263408}"
solo-extra-ep1/q143-bb-j,0,38,"{""base_type"": 26, ""set_flags"": 0, ""runtime_index"": 385, ""file_offset"": 2600, ""floor_field"": 0, ""entity_id_field"": 18855, ""group"": 0, ""room"": 10, ""unknown_a3"": 0, ""position"": [-15.99884033203125, 47.009849548339844, -427.601318359375], ""angles"": [0, 4096, 49152], ""params"": [0.29999998211860657, 1.000000238418579, 1.000000238418579, 0, 0, 0], ""unused_pointer"": 72263568}"
solo-extra-ep1/q143-bb-j,0,39,"{""base_type"": 26, ""set_flags"": 0, ""runtime_index"": 369, ""file_offset"": 2668, ""floor_field"": 0, ""entity_id_field"": 18822, ""group"": 0, ""room"": 10, ""unknown_a3"": 0, ""position"": [-358.32421875, 48.00204086303711, -47.97663879394531], ""angles"": [25344, 4096, 49152], ""params"": [0.5, 2.000000476837158, 1.000000238418579, 0, 0, 0], ""unused_pointer"": 72333696}"
solo-extra-ep1/q143-bb-j,0,40,"{""base_type"": 26, ""set_flags"": 2, ""runtime_index"": 40, ""file_offset"": 2736, ""floor_field"": 0, ""entity_id_field"": 16424, ""group"": 0, ""room"": 10, ""unknown_a3"": 0, ""position"": [-392.73101806640625, 43.00204086303711, -31.329437255859375], ""angles"": [32768, 4096, 49152], ""params"": [0.29999998211860657, 1.000000238418579, 1.000000238418579, 0, 0, 0], ""unused_pointer"": 72263888}"
solo-extra-ep1/q143-bb-j,0,41,"{""base_type"": 26, ""set_flags"": 2, ""runtime_index"": 41, ""file_offset"": 2804, ""floor_field"": 0, ""entity_id_field"": 16425, ""group"": 0, ""room"": 10, ""unknown_a3"": 0, ""position"": [-442.001220703125, 43.00204086303711, -60.99833679199219], ""angles"": [43520, 4096, 49152], ""params"": [0.29999998211860657, 1.000000238418579, 1.000000238418579, 0, 0, 0], ""unused_pointer"": 72264048}"
solo-extra-ep1/q143-bb-j,0,42,"{""base_type"": 26, ""set_flags"": 2, ""runtime_index"": 42, ""file_offset"": 2872, ""floor_field"": 0, ""entity_id_field"": 16426, ""group"": 0, ""room"": 10, ""unknown_a3"": 0, ""position"": [-467.0029602050781, 20.0, -222.99728393554688], ""angles"": [49152, 0, 49152], ""params"": [0.29999998211860657, 1.000000238418579, 1.000000238418579, 0, 0, 0], ""unused_pointer"": 72264208}"
solo-extra-ep1/q143-bb-j,0,43,"{""base_type"": 26, ""set_flags"": 2, ""runtime_index"": 43, ""file_offset"": 2940, ""floor_field"": 0, ""entity_id_field"": 16427, ""group"": 0, ""room"": 10, ""unknown_a3"": 0, ""position"": [-467.0029602050781, 40.00000762939453, -222.99728393554688], ""angles"": [49152, 0, 49152], ""params"": [0.29999998211860657, 1.000000238418579, 1.000000238418579, 0, 0, 0], ""unused_pointer"": 72264368}"
solo-extra-ep1/q143-bb-j,0,44,"{""base_type"": 26, ""set_flags"": 2, ""runtime_index"": 44, ""file_offset"": 3008, ""floor_field"": 0, ""entity_id_field"": 16428, ""group"": 0, ""room"": 10, ""unknown_a3"": 0, ""position"": [-467.0029602050781, 60.00001525878906, -222.99728393554688], ""angles"": [49152, 0, 49152], ""params"": [0.29999998211860657, 1.000000238418579, 1.000000238418579, 0, 0, 0], ""unused_pointer"": 72264528}"
solo-extra-ep1/q143-bb-j,0,45,"{""base_type"": 26, ""set_flags"": 2, ""runtime_index"": 45, ""file_offset"": 3076, ""floor_field"": 0, ""entity_id_field"": 16429, ""group"": 0, ""room"": 10, ""unknown_a3"": 0, ""position"": [-467.0029602050781, 80.00003051757812, -222.99728393554688], ""angles"": [49152, 0, 49152], ""params"": [0.29999998211860657, 1.000000238418579, 1.000000238418579, 0, 0, 0], ""unused_pointer"": 72264688}"
solo-extra-ep1/q143-bb-j,0,46,"{""base_type"": 26, ""set_flags"": 0, ""runtime_index"": 372, ""file_offset"": 3144, ""floor_field"": 0, ""entity_id_field"": 18828, ""group"": 0, ""room"": 10, ""unknown_a3"": 0, ""position"": [-203.7351837158203, 61.174957275390625, -50.34791564941406], ""angles"": [32768, 0, 49152], ""params"": [1.2999999523162842, 5.000000953674316, 1.000000238418579, 0, 0, 0], ""unused_pointer"": 72264848}"
solo-extra-ep1/q143-bb-j,0,47,"{""base_type"": 26, ""set_flags"": 0, ""runtime_index"": 383, ""file_offset"": 3212, ""floor_field"": 0, ""entity_id_field"": 18851, ""group"": 0, ""room"": 10, ""unknown_a3"": 0, ""position"": [35.089996337890625, 48.34375, -544.0], ""angles"": [62464, 4096, 49152], ""params"": [0.5, 2.0, 1.000000238418579, 0, 0, 0], ""unused_pointer"": 72265008}"
solo-extra-ep1/q143-bb-j,0,48,"{""base_type"": 26, ""set_flags"": 2, ""runtime_index"": 48, ""file_offset"": 3280, ""floor_field"": 0, ""entity_id_field"": 16432, ""group"": 0, ""room"": 10, ""unknown_a3"": 0, ""position"": [-87.35765075683594, 124.69625091552734, -278.99932861328125], ""angles"": [16384, 4096, 49152], ""params"": [1.7999999523162842, 6.0, 1.000000238418579, 0, 0, 0], ""unused_pointer"": 72265168}"
solo-extra-ep1/q143-bb-j,0,49,"{""base_type"": 26, ""set_flags"": 0, ""runtime_index"": 381, ""file_offset"": 3348, ""floor_field"": 0, ""entity_id_field"": 18847, ""group"": 0, ""room"": 10, ""unknown_a3"": 0, ""position"": [219.0, 30.0, -296.739990234375], ""angles"": [16384, 0, 49152], ""params"": [0.29999998211860657, 1.0, 1.000000238418579, 0, 0, 0], ""unused_pointer"": 72265328}"
solo-extra-ep1/q143-bb-j,0,50,"{""base_type"": 26, ""set_flags"": 0, ""runtime_index"": 380, ""file_offset"": 3416, ""floor_field"": 0, ""entity_id_field"": 18845, ""group"": 0, ""room"": 10, ""unknown_a3"": 0, ""position"": [219.0, 30.0, -265.0], ""angles"": [16384, 0, 49152], ""params"": [0.29999998211860657, 1.0, 1.000000238418579, 0, 0, 0], ""unused_pointer"": 72265488}"
solo-extra-ep1/q143-bb-j,0,51,"{""base_type"": 26, ""set_flags"": 0, ""runtime_index"": 379, ""file_offset"": 3484, ""floor_field"": 0, ""entity_id_field"": 18843, ""group"": 0, ""room"": 10, ""unknown_a3"": 0, ""position"": [219.81997680664062, 30.0, -233.29000854492188], ""angles"": [16384, 0, 49152], ""params"": [0.29999998211860657, 1.0, 1.000000238418579, 0, 0, 0], ""unused_pointer"": 72265648}"
solo-extra-ep1/q143-bb-j,0,52,"{""base_type"": 26, ""set_flags"": 0, ""runtime_index"": 366, ""file_offset"": 3552, ""floor_field"": 0, ""entity_id_field"": 18815, ""group"": 0, ""room"": 10, ""unknown_a3"": 0, ""position"": [-286.0, 25.0, -2291.0], ""angles"": [49152, 0, 49152], ""params"": [0.699999988079071, 2.400001287460327, 1.000000238418579, 0, 0, 0], ""unused_pointer"": 72230672}"
solo-extra-ep1/q143-bb-j,0,53,"{""base_type"": 26, ""set_flags"": 2, ""runtime_index"": 53, ""file_offset"": 3620, ""floor_field"": 0, ""entity_id_field"": 16437, ""group"": 0, ""room"": 10, ""unknown_a3"": 0, ""position"": [-218.99911499023438, 134.49176025390625, -1936.4481201171875], ""angles"": [32768, 12288, 49152], ""params"": [3.1999998092651367, 13.0, 1.0, 0, 0, 0], ""unused_pointer"": 72265968}"
vr-ep2/q64-bb-e,0,0,"{""base_type"": 26, ""set_flags"": 0, ""runtime_index"": 37, ""file_offset"": 16, ""floor_field"": 0, ""entity_id_field"": 18579, ""group"": 0, ""room"": 40, ""unknown_a3"": 0, ""position"": [20.0, 25.0, 25.0], ""angles"": [0, 0, 0], ""params"": [2.0, 2.0, 2.0, 0, 0, 0], ""unused_pointer"": 206225456}"
vr-ep2/q64-bb-j,0,0,"{""base_type"": 26, ""set_flags"": 0, ""runtime_index"": 37, ""file_offset"": 16, ""floor_field"": 0, ""entity_id_field"": 18579, ""group"": 0, ""room"": 40, ""unknown_a3"": 0, ""position"": [20.0, 25.0, 25.0], ""angles"": [0, 0, 0], ""params"": [2.0, 2.0, 2.0, 0, 0, 0], ""unused_pointer"": 206225456}"
vr-ep2/q230-bb-e,0,44,"{""base_type"": 26, ""set_flags"": 512, ""runtime_index"": 11264, ""file_offset"": 3008, ""floor_field"": 0, ""entity_id_field"": 11328, ""group"": 0, ""room"": 10, ""unknown_a3"": 0, ""position"": [235.76998901367188, 3.2699999809265137, -210.0399932861328], ""angles"": [30208, 0, 49152], ""params"": [2.0, 2.0, 1.0, 0, 0, 0], ""unused_pointer"": 1078784128}"
vr-ep2/q230-bb-e,0,45,"{""base_type"": 26, ""set_flags"": 512, ""runtime_index"": 11520, ""file_offset"": 3076, ""floor_field"": 0, ""entity_id_field"": 11584, ""group"": 0, ""room"": 10, ""unknown_a3"": 0, ""position"": [230.839111328125, 3.2699999809265137, -449.4473876953125], ""angles"": [3584, 0, 49152], ""params"": [2.0, 2.0, 1.0, 0, 0, 0], ""unused_pointer"": 3763138688}"
vr-ep2/q230-bb-e,0,46,"{""base_type"": 26, ""set_flags"": 512, ""runtime_index"": 11776, ""file_offset"": 3144, ""floor_field"": 0, ""entity_id_field"": 11840, ""group"": 0, ""room"": 10, ""unknown_a3"": 0, ""position"": [22.0, 18.529998779296875, -230.38999938964844], ""angles"": [32768, 0, 49152], ""params"": [1.7999999523162842, 1.7999999523162842, 1.0, 0, 0, 0], ""unused_pointer"": 2152591488}"
vr-ep2/q230-bb-e,0,47,"{""base_type"": 26, ""set_flags"": 512, ""runtime_index"": 12032, ""file_offset"": 3212, ""floor_field"": 0, ""entity_id_field"": 12096, ""group"": 0, ""room"": 10, ""unknown_a3"": 0, ""position"": [297.7799987792969, 3.2699999809265137, -341.2666015625], ""angles"": [16384, 0, 49152], ""params"": [2.0, 2.0, 1.0, 0, 0, 0], ""unused_pointer"": 542044288}"
vr-ep2/q230-bb-e,0,48,"{""base_type"": 26, ""set_flags"": 512, ""runtime_index"": 12288, ""file_offset"": 3280, ""floor_field"": 0, ""entity_id_field"": 12352, ""group"": 0, ""room"": 10, ""unknown_a3"": 0, ""position"": [-262.44000244140625, 41.30999755859375, -149.8800048828125], ""angles"": [49408, 5632, 49152], ""params"": [1.0, 1.25, 1.0, 0, 0, 0], ""unused_pointer"": 3226398848}"
vr-ep2/q230-bb-e,0,49,"{""base_type"": 26, ""set_flags"": 512, ""runtime_index"": 12544, ""file_offset"": 3348, ""floor_field"": 0, ""entity_id_field"": 12608, ""group"": 0, ""room"": 10, ""unknown_a3"": 0, ""position"": [-262.94000244140625, 41.30999755859375, -29.699996948242188], ""angles"": [49408, 5632, 49152], ""params"": [1.0, 1.25, 1.0, 0, 0, 0], ""unused_pointer"": 1615851648}"
vr-ep2/q230-bb-e,0,50,"{""base_type"": 26, ""set_flags"": 512, ""runtime_index"": 12800, ""file_offset"": 3416, ""floor_field"": 0, ""entity_id_field"": 12864, ""group"": 0, ""room"": 70, ""unknown_a3"": 0, ""position"": [-74.300048828125, 39.0, 0.0], ""angles"": [49408, 5632, 49152], ""params"": [1.0, 1.25, 1.0, 0, 0, 0], ""unused_pointer"": 5304448}"
vr-ep2/q230-bb-e,0,51,"{""base_type"": 26, ""set_flags"": 512, ""runtime_index"": 13056, ""file_offset"": 3484, ""floor_field"": 0, ""entity_id_field"": 13120, ""group"": 0, ""room"": 70, ""unknown_a3"": 0, ""position"": [75.2000732421875, 39.0, 0.0], ""angles"": [82176, 5632, 49152], ""params"": [1.0, 1.25, 1.0, 0, 0, 0], ""unused_pointer"": 2689659008}"
vr-ep2/q230-bb-e,0,52,"{""base_type"": 26, ""set_flags"": 512, ""runtime_index"": 13312, ""file_offset"": 3552, ""floor_field"": 0, ""entity_id_field"": 13376, ""group"": 0, ""room"": 70, ""unknown_a3"": 0, ""position"": [-63.10986328125, 39.0, -32.89999771118164], ""angles"": [57360, 5632, 49152], ""params"": [1.0, 1.25, 1.0, 0, 0, 0], ""unused_pointer"": 1079111808}"
vr-ep2/q230-bb-e,0,53,"{""base_type"": 26, ""set_flags"": 512, ""runtime_index"": 13568, ""file_offset"": 3620, ""floor_field"": 0, ""entity_id_field"": 13632, ""group"": 0, ""room"": 70, ""unknown_a3"": 0, ""position"": [-63.22998046875, 39.56999969482422, 33.599998474121094], ""angles"": [41056, 5376, 49152], ""params"": [1.0, 1.25, 1.0, 0, 0, 0], ""unused_pointer"": 3763466368}"
vr-ep2/q230-bb-e,0,54,"{""base_type"": 26, ""set_flags"": 512, ""runtime_index"": 13824, ""file_offset"": 3688, ""floor_field"": 0, ""entity_id_field"": 13888, ""group"": 0, ""room"": 10, ""unknown_a3"": 0, ""position"": [-31.049598693847656, 49.79374694824219, -29.323028564453125], ""angles"": [16384, 0, 56064], ""params"": [1.1999999284744263, 1.5, 1.0, 0, 0, 0], ""unused_pointer"": 2152919168}"
vr-ep2/q230-bb-e,0,55,"{""base_type"": 26, ""set_flags"": 512, ""runtime_index"": 14080, ""file_offset"": 3756, ""floor_field"": 0, ""entity_id_field"": 14144, ""group"": 0, ""room"": 10, ""unknown_a3"": 0, ""position"": [-12.840003967285156, -10.0, -390.010009765625], ""angles"": [32768, 0, 49152], ""params"": [0.29999998211860657, 0.29999998211860657, 1.0, 0, 0, 0], ""unused_pointer"": 542371968}"
vr-ep2/q230-bb-e,0,56,"{""base_type"": 26, ""set_flags"": 512, ""runtime_index"": 14336, ""file_offset"": 3824, ""floor_field"": 0, ""entity_id_field"": 14400, ""group"": 0, ""room"": 10, ""unknown_a3"": 0, ""position"": [-21.480003356933594, 43.46999740600586, -290.30999755859375], ""angles"": [98304, 4096, 49152], ""params"": [1.7999999523162842, 1.7999999523162842, 1.0, 0, 0, 0], ""unused_pointer"": 3226726528}"
vr-ep2/q230-bb-e,0,57,"{""base_type"": 26, ""set_flags"": 512, ""runtime_index"": 14592, ""file_offset"": 3892, ""floor_field"": 0, ""entity_id_field"": 14656, ""group"": 0, ""room"": 10, ""unknown_a3"": 0, ""position"": [-21.480003356933594, 43.46999740600586, -369.30999755859375], ""angles"": [65536, 0, 49152], ""params"": [1.7999999523162842, 1.7999999523162842, 1.0, 0, 0, 0], ""unused_pointer"": 1616179328}"
vr-ep2/q230-bb-e,0,58,"{""base_type"": 26, ""set_flags"": 512, ""runtime_index"": 14848, ""file_offset"": 3960, ""floor_field"": 0, ""entity_id_field"": 14912, ""group"": 0, ""room"": 10, ""unknown_a3"": 0, ""position"": [-21.480003356933594, 43.46999740600586, -369.30999755859375], ""angles"": [65536, 4096, 49152], ""params"": [1.7999999523162842, 1.7999999523162842, 1.0, 0, 0, 0], ""unused_pointer"": 5632128}"
vr-ep2/q230-bb-e,0,59,"{""base_type"": 26, ""set_flags"": 512, ""runtime_index"": 15104, ""file_offset"": 4028, ""floor_field"": 0, ""entity_id_field"": 15168, ""group"": 0, ""room"": 10, ""unknown_a3"": 0, ""position"": [-21.480003356933594, 43.46999740600586, -290.30999755859375], ""angles"": [98304, 0, 49152], ""params"": [1.7999999523162842, 1.7999999523162842, 1.0, 0, 0, 0], ""unused_pointer"": 2689986688}"
vr-ep2/q230-bb-e,0,60,"{""base_type"": 26, ""set_flags"": 512, ""runtime_index"": 15360, ""file_offset"": 4096, ""floor_field"": 0, ""entity_id_field"": 15424, ""group"": 0, ""room"": 10, ""unknown_a3"": 0, ""position"": [-119.9000015258789, 28.26999855041504, -300.0], ""angles"": [49152, 0, 49152], ""params"": [1.0, 1.0, 1.0, 0, 0, 0], ""unused_pointer"": 1079439488}"
vr-ep2/q230-bb-e,0,61,"{""base_type"": 26, ""set_flags"": 512, ""runtime_index"": 15616, ""file_offset"": 4164, ""floor_field"": 0, ""entity_id_field"": 15680, ""group"": 0, ""room"": 10, ""unknown_a3"": 0, ""position"": [-105.95999908447266, 28.779998779296875, -75.11000061035156], ""angles"": [57344, 0, 49152], ""params"": [1.0, 1.0, 1.0, 0, 0, 0], ""unused_pointer"": 3763794048}"
