quest,floor,index,full_DAT_fields
battle/b88007-bb-e,16,81,"{""base_type"": 34, ""set_flags"": 0, ""runtime_index"": 1974, ""file_offset"": 5524, ""floor_field"": 16, ""entity_id_field"": 18603, ""group"": 8, ""room"": 40, ""unknown_a3"": 0, ""position"": [-20.0, 1.0, 70.0], ""angles"": [0, 0, 0], ""params"": [-2.000000476837158, 1.0, 1.0, 107, 0, 0], ""unused_pointer"": 2365282304}"
battle/b88007-bb-e,16,84,"{""base_type"": 34, ""set_flags"": 0, ""runtime_index"": 1967, ""file_offset"": 5728, ""floor_field"": 16, ""entity_id_field"": 18577, ""group"": 9, ""room"": 40, ""unknown_a3"": 0, ""position"": [-20.0, 1.0, 170.0], ""angles"": [0, 0, 0], ""params"": [-2.000000476837158, 1.0, 1.0, 107, 0, 0], ""unused_pointer"": 2365282304}"
battle/b88007-bb-j,16,81,"{""base_type"": 34, ""set_flags"": 0, ""runtime_index"": 1974, ""file_offset"": 5524, ""floor_field"": 16, ""entity_id_field"": 18603, ""group"": 8, ""room"": 40, ""unknown_a3"": 0, ""position"": [-20.0, 1.0, 70.0], ""angles"": [0, 0, 0], ""params"": [-2.000000476837158, 1.0, 1.0, 107, 0, 0], ""unused_pointer"": 2365282304}"
battle/b88007-bb-j,16,84,"{""base_type"": 34, ""set_flags"": 0, ""runtime_index"": 1967, ""file_offset"": 5728, ""floor_field"": 16, ""entity_id_field"": 18577, ""group"": 9, ""room"": 40, ""unknown_a3"": 0, ""position"": [-20.0, 1.0, 170.0], ""angles"": [0, 0, 0], ""params"": [-2.000000476837158, 1.0, 1.0, 107, 0, 0], ""unused_pointer"": 2365282304}"
battle/b88008-bb-e,16,201,"{""base_type"": 34, ""set_flags"": 0, ""runtime_index"": 1988, ""file_offset"": 13684, ""floor_field"": 16, ""entity_id_field"": 18723, ""group"": 0, ""room"": 52, ""unknown_a3"": 0, ""position"": [0.0, 2.0, 120.0], ""angles"": [0, 0, 0], ""params"": [20.000009536743164, 1.0, 1.0, 127, 0, 0], ""unused_pointer"": 2365308304}"
battle/b88008-bb-j,16,201,"{""base_type"": 34, ""set_flags"": 0, ""runtime_index"": 1988, ""file_offset"": 13684, ""floor_field"": 16, ""entity_id_field"": 18723, ""group"": 0, ""room"": 52, ""unknown_a3"": 0, ""position"": [0.0, 2.0, 120.0], ""angles"": [0, 0, 0], ""params"": [20.000009536743164, 1.0, 1.0, 127, 0, 0], ""unused_pointer"": 2365308304}"
challenge-ep1/c88101-bb-e,1,9,"{""base_type"": 34, ""set_flags"": 2, ""runtime_index"": 36, ""file_offset"": 2072, ""floor_field"": 1, ""entity_id_field"": 16420, ""group"": 0, ""room"": 2, ""unknown_a3"": 0, ""position"": [439.5910949707031, 6.665304660797119, 156.47494506835938], ""angles"": [0, 0, 0], ""params"": [-0.9999980926513672, 1.0, 1.0, 40, 0, 0], ""unused_pointer"": 2365218864}"
challenge-ep1/c88101-bb-e,1,13,"{""base_type"": 34, ""set_flags"": 2, ""runtime_index"": 40, ""file_offset"": 2344, ""floor_field"": 1, ""entity_id_field"": 16424, ""group"": 0, ""room"": 2, ""unknown_a3"": 0, ""position"": [261.50701904296875, 0.3988271951675415, 128.63796997070312], ""angles"": [0, 0, 0], ""params"": [-0.9999980926513672, 1.0, 1.0, 35, -1, 0], ""unused_pointer"": 2365221232}"
challenge-ep1/c88101-bb-e,1,32,"{""base_type"": 34, ""set_flags"": 0, ""runtime_index"": 1960, ""file_offset"": 3636, ""floor_field"": 1, ""entity_id_field"": 18359, ""group"": 0, ""room"": 5, ""unknown_a3"": 0, ""position"": [83.59793090820312, 0.36194682121276855, 559.3345947265625], ""angles"": [0, 0, 0], ""params"": [50.000022888183594, 1.0, 1.0, 70, 0, 0], ""unused_pointer"": 2365148688}"
challenge-ep1/c88101-bb-e,1,39,"{""base_type"": 34, ""set_flags"": 0, ""runtime_index"": 2002, ""file_offset"": 4112, ""floor_field"": 1, ""entity_id_field"": 19212, ""group"": 0, ""room"": 5, ""unknown_a3"": 0, ""position"": [-107.87384033203125, 16.435020446777344, -18.066680908203125], ""angles"": [0, 0, 0], ""params"": [-1.9999983310699463, 1.0, 1.0, 31, -1, 0], ""unused_pointer"": 2365173504}"
challenge-ep1/c88101-bb-e,1,96,"{""base_type"": 34, ""set_flags"": 2, ""runtime_index"": 117, ""file_offset"": 7988, ""floor_field"": 1, ""entity_id_field"": 18351, ""group"": 0, ""room"": 16, ""unknown_a3"": 0, ""position"": [1.72747802734375, 8.079792976379395, 92.9490966796875], ""angles"": [0, 0, 0], ""params"": [-2.000000476837158, 1.0, 1.0, 36, -1, 0], ""unused_pointer"": 2365153344}"
challenge-ep1/c88101-bb-e,2,5,"{""base_type"": 34, ""set_flags"": 0, ""runtime_index"": 1950, ""file_offset"": 9772, ""floor_field"": 2, ""entity_id_field"": 18335, ""group"": 0, ""room"": 1, ""unknown_a3"": 0, ""position"": [-59.50750732421875, 75.76325988769531, -87.1055908203125], ""angles"": [0, 0, 0], ""params"": [50.000022888183594, 1.0, 1.0, 63, 0, 0], ""unused_pointer"": 2365151984}"
challenge-ep1/c88101-bb-e,2,56,"{""base_type"": 34, ""set_flags"": 2, ""runtime_index"": 200, ""file_offset"": 13240, ""floor_field"": 2, ""entity_id_field"": 16584, ""group"": 0, ""room"": 5, ""unknown_a3"": 0, ""position"": [-86.75433349609375, 45.50798416137695, -35.6890869140625], ""angles"": [0, 0, 0], ""params"": [1.0, 1.0, 1.0, 40, 0, 0], ""unused_pointer"": 2365242688}"
challenge-ep1/c88101-bb-e,2,63,"{""base_type"": 34, ""set_flags"": 0, ""runtime_index"": 1949, ""file_offset"": 13716, ""floor_field"": 2, ""entity_id_field"": 18525, ""group"": 0, ""room"": 6, ""unknown_a3"": 0, ""position"": [-180.57083129882812, 27.009998321533203, 150.59954833984375], ""angles"": [0, 0, 0], ""params"": [8.000000953674316, 1.0, 1.0, 41, -1, 0], ""unused_pointer"": 2365156912}"
challenge-ep1/c88101-bb-e,2,81,"{""base_type"": 34, ""set_flags"": 0, ""runtime_index"": 1938, ""file_offset"": 14940, ""floor_field"": 2, ""entity_id_field"": 18375, ""group"": 0, ""room"": 10, ""unknown_a3"": 0, ""position"": [-50.06053161621094, 24.4384765625, -71.93762969970703], ""angles"": [0, 0, 0], ""params"": [-4.000000953674316, 1.0, 1.0, 48, -1, 0], ""unused_pointer"": 2365179856}"
challenge-ep1/c88101-bb-e,2,83,"{""base_type"": 34, ""set_flags"": 2, ""runtime_index"": 228, ""file_offset"": 15076, ""floor_field"": 2, ""entity_id_field"": 18377, ""group"": 0, ""room"": 10, ""unknown_a3"": 0, ""position"": [-18.76898193359375, 26.593839645385742, -236.14816284179688], ""angles"": [0, 0, 0], ""params"": [-4.000000953674316, 1.0, 1.0, 49, 0, 0], ""unused_pointer"": 2365195104}"
challenge-ep1/c88101-bb-e,2,119,"{""base_type"": 34, ""set_flags"": 2, ""runtime_index"": 262, ""file_offset"": 17524, ""floor_field"": 2, ""entity_id_field"": 16646, ""group"": 0, ""room"": 15, ""unknown_a3"": 0, ""position"": [22.9647216796875, 24.031009674072266, 62.7633056640625], ""angles"": [0, 0, 0], ""params"": [1.0, 1.0, 1.0, 43, 0, 0], ""unused_pointer"": 2365273104}"
challenge-ep1/c88101-bb-j,1,9,"{""base_type"": 34, ""set_flags"": 2, ""runtime_index"": 36, ""file_offset"": 2072, ""floor_field"": 1, ""entity_id_field"": 16420, ""group"": 0, ""room"": 2, ""unknown_a3"": 0, ""position"": [439.5910949707031, 6.665304660797119, 156.47494506835938], ""angles"": [0, 0, 0], ""params"": [-0.9999980926513672, 1.0, 1.0, 40, 0, 0], ""unused_pointer"": 2365218864}"
challenge-ep1/c88101-bb-j,1,13,"{""base_type"": 34, ""set_flags"": 2, ""runtime_index"": 40, ""file_offset"": 2344, ""floor_field"": 1, ""entity_id_field"": 16424, ""group"": 0, ""room"": 2, ""unknown_a3"": 0, ""position"": [261.50701904296875, 0.3988271951675415, 128.63796997070312], ""angles"": [0, 0, 0], ""params"": [-0.9999980926513672, 1.0, 1.0, 35, -1, 0], ""unused_pointer"": 2365221232}"
challenge-ep1/c88101-bb-j,1,32,"{""base_type"": 34, ""set_flags"": 0, ""runtime_index"": 1960, ""file_offset"": 3636, ""floor_field"": 1, ""entity_id_field"": 18359, ""group"": 0, ""room"": 5, ""unknown_a3"": 0, ""position"": [83.59793090820312, 0.36194682121276855, 559.3345947265625], ""angles"": [0, 0, 0], ""params"": [50.000022888183594, 1.0, 1.0, 70, 0, 0], ""unused_pointer"": 2365148688}"
challenge-ep1/c88101-bb-j,1,39,"{""base_type"": 34, ""set_flags"": 0, ""runtime_index"": 2002, ""file_offset"": 4112, ""floor_field"": 1, ""entity_id_field"": 19212, ""group"": 0, ""room"": 5, ""unknown_a3"": 0, ""position"": [-107.87384033203125, 16.435020446777344, -18.066680908203125], ""angles"": [0, 0, 0], ""params"": [-1.9999983310699463, 1.0, 1.0, 31, -1, 0], ""unused_pointer"": 2365173504}"
challenge-ep1/c88101-bb-j,1,96,"{""base_type"": 34, ""set_flags"": 2, ""runtime_index"": 117, ""file_offset"": 7988, ""floor_field"": 1, ""entity_id_field"": 18351, ""group"": 0, ""room"": 16, ""unknown_a3"": 0, ""position"": [1.72747802734375, 8.079792976379395, 92.9490966796875], ""angles"": [0, 0, 0], ""params"": [-2.000000476837158, 1.0, 1.0, 36, -1, 0], ""unused_pointer"": 2365153344}"
challenge-ep1/c88101-bb-j,2,5,"{""base_type"": 34, ""set_flags"": 0, ""runtime_index"": 1950, ""file_offset"": 9772, ""floor_field"": 2, ""entity_id_field"": 18335, ""group"": 0, ""room"": 1, ""unknown_a3"": 0, ""position"": [-59.50750732421875, 75.76325988769531, -87.1055908203125], ""angles"": [0, 0, 0], ""params"": [50.000022888183594, 1.0, 1.0, 63, 0, 0], ""unused_pointer"": 2365151984}"
challenge-ep1/c88101-bb-j,2,56,"{""base_type"": 34, ""set_flags"": 2, ""runtime_index"": 200, ""file_offset"": 13240, ""floor_field"": 2, ""entity_id_field"": 16584, ""group"": 0, ""room"": 5, ""unknown_a3"": 0, ""position"": [-86.75433349609375, 45.50798416137695, -35.6890869140625], ""angles"": [0, 0, 0], ""params"": [1.0, 1.0, 1.0, 40, 0, 0], ""unused_pointer"": 2365242688}"
challenge-ep1/c88101-bb-j,2,63,"{""base_type"": 34, ""set_flags"": 0, ""runtime_index"": 1949, ""file_offset"": 13716, ""floor_field"": 2, ""entity_id_field"": 18525, ""group"": 0, ""room"": 6, ""unknown_a3"": 0, ""position"": [-180.57083129882812, 27.009998321533203, 150.59954833984375], ""angles"": [0, 0, 0], ""params"": [8.000000953674316, 1.0, 1.0, 41, -1, 0], ""unused_pointer"": 2365156912}"
challenge-ep1/c88101-bb-j,2,81,"{""base_type"": 34, ""set_flags"": 0, ""runtime_index"": 1938, ""file_offset"": 14940, ""floor_field"": 2, ""entity_id_field"": 18375, ""group"": 0, ""room"": 10, ""unknown_a3"": 0, ""position"": [-50.06053161621094, 24.4384765625, -71.93762969970703], ""angles"": [0, 0, 0], ""params"": [-4.000000953674316, 1.0, 1.0, 48, -1, 0], ""unused_pointer"": 2365179856}"
challenge-ep1/c88101-bb-j,2,83,"{""base_type"": 34, ""set_flags"": 2, ""runtime_index"": 228, ""file_offset"": 15076, ""floor_field"": 2, ""entity_id_field"": 18377, ""group"": 0, ""room"": 10, ""unknown_a3"": 0, ""position"": [-18.76898193359375, 26.593839645385742, -236.14816284179688], ""angles"": [0, 0, 0], ""params"": [-4.000000953674316, 1.0, 1.0, 49, 0, 0], ""unused_pointer"": 2365195104}"
challenge-ep1/c88101-bb-j,2,119,"{""base_type"": 34, ""set_flags"": 2, ""runtime_index"": 262, ""file_offset"": 17524, ""floor_field"": 2, ""entity_id_field"": 16646, ""group"": 0, ""room"": 15, ""unknown_a3"": 0, ""position"": [22.9647216796875, 24.031009674072266, 62.7633056640625], ""angles"": [0, 0, 0], ""params"": [1.0, 1.0, 1.0, 43, 0, 0], ""unused_pointer"": 2365273104}"
challenge-ep1/c88102-bb-e,3,92,"{""base_type"": 34, ""set_flags"": 2, ""runtime_index"": 385, ""file_offset"": 7716, ""floor_field"": 3, ""entity_id_field"": 18614, ""group"": 0, ""room"": 30, ""unknown_a3"": 0, ""position"": [36.7825927734375, 0.0, 89.738525390625], ""angles"": [0, 0, 0], ""params"": [6.000000953674316, 1.000000238418579, 0.9999856948852539, 90, -1, 0], ""unused_pointer"": 2365234400}"
challenge-ep1/c88102-bb-e,3,93,"{""base_type"": 34, ""set_flags"": 2, ""runtime_index"": 386, ""file_offset"": 7784, ""floor_field"": 3, ""entity_id_field"": 18615, ""group"": 0, ""room"": 30, ""unknown_a3"": 0, ""position"": [120.118408203125, 3.8612632751464844, -119.1527099609375], ""angles"": [0, 0, 0], ""params"": [6.000000953674316, 1.000000238418579, 0.9999856948852539, 89, 0, 0], ""unused_pointer"": 2365234704}"
challenge-ep1/c88102-bb-e,3,134,"{""base_type"": 34, ""set_flags"": 2, ""runtime_index"": 436, ""file_offset"": 10572, ""floor_field"": 3, ""entity_id_field"": 18665, ""group"": 0, ""room"": 34, ""unknown_a3"": 0, ""position"": [0.0, -1.000000238418579, 0.0], ""angles"": [0, -32768, 0], ""params"": [16.000001907348633, 1.000000238418579, 0.9999856948852539, 93, -1, 0], ""unused_pointer"": 2365259712}"
challenge-ep1/c88102-bb-e,4,50,"{""base_type"": 34, ""set_flags"": 0, ""runtime_index"": 1917, ""file_offset"": 14804, ""floor_field"": 3, ""entity_id_field"": 18557, ""group"": 0, ""room"": 11, ""unknown_a3"": 0, ""position"": [0.0, -2.000000476837158, 110.0], ""angles"": [0, 0, 0], ""params"": [1.0, 1.0, 1.0, 53, -1, 0], ""unused_pointer"": 2365179616}"
challenge-ep1/c88102-bb-e,4,51,"{""base_type"": 34, ""set_flags"": 0, ""runtime_index"": 1919, ""file_offset"": 14872, ""floor_field"": 3, ""entity_id_field"": 18561, ""group"": 0, ""room"": 11, ""unknown_a3"": 0, ""position"": [-120.0, -2.000000476837158, -20.0], ""angles"": [0, 0, 0], ""params"": [1.0, 1.0, 1.0, 52, -1, 0], ""unused_pointer"": 2365179920}"
challenge-ep1/c88102-bb-e,4,52,"{""base_type"": 34, ""set_flags"": 0, ""runtime_index"": 1921, ""file_offset"": 14940, ""floor_field"": 3, ""entity_id_field"": 18566, ""group"": 0, ""room"": 11, ""unknown_a3"": 0, ""position"": [120.0, -2.000000476837158, 30.0], ""angles"": [0, 0, 0], ""params"": [1.0, 1.000000238418579, 1.0, 50, -1, 0], ""unused_pointer"": 2365183408}"
challenge-ep1/c88102-bb-e,4,53,"{""base_type"": 34, ""set_flags"": 0, ""runtime_index"": 1827, ""file_offset"": 15008, ""floor_field"": 3, ""entity_id_field"": 18242, ""group"": 0, ""room"": 12, ""unknown_a3"": 0, ""position"": [-200.0, 0.0, 0.0], ""angles"": [0, 0, 0], ""params"": [8.000000953674316, 1.0, 1.0, 11, -1, 0], ""unused_pointer"": 2365156016}"
challenge-ep1/c88102-bb-e,4,59,"{""base_type"": 34, ""set_flags"": 0, ""runtime_index"": 1836, ""file_offset"": 15416, ""floor_field"": 3, ""entity_id_field"": 18284, ""group"": 0, ""room"": 30, ""unknown_a3"": 0, ""position"": [0.0, 0.0, -200.0], ""angles"": [0, 0, 0], ""params"": [8.000000953674316, 1.0, 1.0, 13, -1, 0], ""unused_pointer"": 2365150208}"
challenge-ep1/c88102-bb-e,4,64,"{""base_type"": 34, ""set_flags"": 0, ""runtime_index"": 1828, ""file_offset"": 15756, ""floor_field"": 3, ""entity_id_field"": 18651, ""group"": 0, ""room"": 31, ""unknown_a3"": 0, ""position"": [200.0, 0.0, 0.0], ""angles"": [0, 0, 0], ""params"": [8.000000953674316, 1.0, 1.0, 12, -1, 0], ""unused_pointer"": 2365183408}"
challenge-ep1/c88102-bb-e,5,90,"{""base_type"": 34, ""set_flags"": 0, ""runtime_index"": 2004, ""file_offset"": 22708, ""floor_field"": 3, ""entity_id_field"": 18599, ""group"": 0, ""room"": 20, ""unknown_a3"": 0, ""position"": [33.228515625, 1.000000238418579, -7.1291046142578125], ""angles"": [0, 0, 0], ""params"": [-0.8000001311302185, 1.000000238418579, 1.000000238418579, 251, -1, 0], ""unused_pointer"": 2365205408}"
challenge-ep1/c88102-bb-e,5,114,"{""base_type"": 34, ""set_flags"": 2, ""runtime_index"": 386, ""file_offset"": 24340, ""floor_field"": 3, ""entity_id_field"": 16770, ""group"": 0, ""room"": 31, ""unknown_a3"": 0, ""position"": [23.026695251464844, 3.398263692855835, -8.7274169921875], ""angles"": [0, 0, 0], ""params"": [3.0000007152557373, 0.0, 0.0, 90, -1, 0], ""unused_pointer"": 2365286192}"
challenge-ep1/c88102-bb-e,6,31,"{""base_type"": 34, ""set_flags"": 0, ""runtime_index"": 1856, ""file_offset"": 28980, ""floor_field"": 3, ""entity_id_field"": 18521, ""group"": 0, ""room"": 10, ""unknown_a3"": 0, ""position"": [0.0, 0.0, -200.0000762939453], ""angles"": [0, 0, 0], ""params"": [8.000000953674316, 1.0, 1.0, 10, -1, 0], ""unused_pointer"": 2365142464}"
challenge-ep1/c88102-bb-e,6,51,"{""base_type"": 34, ""set_flags"": 2, ""runtime_index"": 326, ""file_offset"": 30340, ""floor_field"": 3, ""entity_id_field"": 16710, ""group"": 0, ""room"": 11, ""unknown_a3"": 0, ""position"": [0.0, 0.0, -200.0], ""angles"": [0, 0, 0], ""params"": [8.000000953674316, 1.0, 1.0, 11, -1, 0], ""unused_pointer"": 2365255216}"
challenge-ep1/c88102-bb-e,6,72,"{""base_type"": 34, ""set_flags"": 0, ""runtime_index"": 1950, ""file_offset"": 31768, ""floor_field"": 3, ""entity_id_field"": 18944, ""group"": 0, ""room"": 11, ""unknown_a3"": 0, ""position"": [-150.0, -2.000000476837158, 0.0], ""angles"": [0, 0, 0], ""params"": [1.0, 1.0, 1.0, 100, -1, 0], ""unused_pointer"": 2365168512}"
challenge-ep1/c88102-bb-e,6,75,"{""base_type"": 34, ""set_flags"": 2, ""runtime_index"": 333, ""file_offset"": 31972, ""floor_field"": 3, ""entity_id_field"": 18367, ""group"": 0, ""room"": 12, ""unknown_a3"": 0, ""position"": [200.0, 0.0, 0.0], ""angles"": [0, 0, 0], ""params"": [8.000000953674316, 1.0, 1.0, 12, -1, 0], ""unused_pointer"": 2365224800}"
challenge-ep1/c88102-bb-e,7,116,"{""base_type"": 34, ""set_flags"": 0, ""runtime_index"": 2048, ""file_offset"": 42052, ""floor_field"": 3, ""entity_id_field"": 18451, ""group"": 0, ""room"": 12, ""unknown_a3"": 0, ""position"": [-129.7652587890625, 7.999999979801942e-06, -39.313720703125], ""angles"": [0, 0, 0], ""params"": [-3.0000007152557373, 1.0, 1.0, 130, -1, 0], ""unused_pointer"": 2365149504}"
challenge-ep1/c88102-bb-e,7,118,"{""base_type"": 34, ""set_flags"": 2, ""runtime_index"": 400, ""file_offset"": 42188, ""floor_field"": 3, ""entity_id_field"": 16784, ""group"": 0, ""room"": 12, ""unknown_a3"": 0, ""position"": [-110.37254333496094, 8.00006091594696e-06, -20.4149169921875], ""angles"": [0, 0, 0], ""params"": [-3.0000007152557373, 1.0, 1.0, 127, -1, 0], ""unused_pointer"": 2365260784}"
challenge-ep1/c88102-bb-e,7,120,"{""base_type"": 34, ""set_flags"": 2, ""runtime_index"": 402, ""file_offset"": 42324, ""floor_field"": 3, ""entity_id_field"": 16786, ""group"": 0, ""room"": 12, ""unknown_a3"": 0, ""position"": [-139.2589874267578, 8.00006091594696e-06, -10.152099609375], ""angles"": [0, 0, 0], ""params"": [-3.0000007152557373, 1.0, 1.0, 128, -1, 0], ""unused_pointer"": 2365261392}"
challenge-ep1/c88102-bb-e,7,121,"{""base_type"": 34, ""set_flags"": 2, ""runtime_index"": 403, ""file_offset"": 42392, ""floor_field"": 3, ""entity_id_field"": 16787, ""group"": 0, ""room"": 12, ""unknown_a3"": 0, ""position"": [-110.00483703613281, 7.999999979801942e-06, 30.1043701171875], ""angles"": [0, 0, 0], ""params"": [-3.0000007152557373, 1.0, 1.0, 129, -1, 0], ""unused_pointer"": 2365261696}"
challenge-ep1/c88102-bb-e,7,122,"{""base_type"": 34, ""set_flags"": 0, ""runtime_index"": 2051, ""file_offset"": 42460, ""floor_field"": 3, ""entity_id_field"": 18454, ""group"": 0, ""room"": 12, ""unknown_a3"": 0, ""position"": [-130.95327758789062, 8.00006091594696e-06, 49.85205078125], ""angles"": [0, 0, 0], ""params"": [-3.0000007152557373, 1.0, 1.0, 126, -1, 0], ""unused_pointer"": 2365153904}"
challenge-ep1/c88102-bb-e,7,123,"{""base_type"": 34, ""set_flags"": 2, ""runtime_index"": 405, ""file_offset"": 42528, ""floor_field"": 3, ""entity_id_field"": 16789, ""group"": 0, ""room"": 12, ""unknown_a3"": 0, ""position"": [-140.13189697265625, 7.999999979801942e-06, 20.187744140625], ""angles"": [0, 0, 0], ""params"": [-3.0000007152557373, 1.0, 1.0, 125, -1, 0], ""unused_pointer"": 2365262304}"
challenge-ep1/c88102-bb-e,7,124,"{""base_type"": 34, ""set_flags"": 2, ""runtime_index"": 406, ""file_offset"": 42596, ""floor_field"": 3, ""entity_id_field"": 16790, ""group"": 0, ""room"": 12, ""unknown_a3"": 0, ""position"": [-59.62745666503906, 8.00006091594696e-06, -110.258544921875], ""angles"": [0, 0, 0], ""params"": [-3.0000007152557373, 1.0, 1.0, 131, 0, 0], ""unused_pointer"": 2365262608}"
challenge-ep1/c88102-bb-e,7,131,"{""base_type"": 34, ""set_flags"": 0, ""runtime_index"": 2023, ""file_offset"": 43072, ""floor_field"": 3, ""entity_id_field"": 18581, ""group"": 0, ""room"": 20, ""unknown_a3"": 0, ""position"": [-13.026611328125, 0.0, -32.585693359375], ""angles"": [0, 0, 0], ""params"": [-5.30000114440918, 1.0, 1.0, 145, 0, 0], ""unused_pointer"": 2365232080}"
challenge-ep1/c88102-bb-j,3,92,"{""base_type"": 34, ""set_flags"": 2, ""runtime_index"": 385, ""file_offset"": 7716, ""floor_field"": 3, ""entity_id_field"": 18614, ""group"": 0, ""room"": 30, ""unknown_a3"": 0, ""position"": [36.7825927734375, 0.0, 89.738525390625], ""angles"": [0, 0, 0], ""params"": [6.000000953674316, 1.000000238418579, 0.9999856948852539, 90, -1, 0], ""unused_pointer"": 2365234400}"
challenge-ep1/c88102-bb-j,3,93,"{""base_type"": 34, ""set_flags"": 2, ""runtime_index"": 386, ""file_offset"": 7784, ""floor_field"": 3, ""entity_id_field"": 18615, ""group"": 0, ""room"": 30, ""unknown_a3"": 0, ""position"": [120.118408203125, 3.8612632751464844, -119.1527099609375], ""angles"": [0, 0, 0], ""params"": [6.000000953674316, 1.000000238418579, 0.9999856948852539, 89, 0, 0], ""unused_pointer"": 2365234704}"
challenge-ep1/c88102-bb-j,3,134,"{""base_type"": 34, ""set_flags"": 2, ""runtime_index"": 436, ""file_offset"": 10572, ""floor_field"": 3, ""entity_id_field"": 18665, ""group"": 0, ""room"": 34, ""unknown_a3"": 0, ""position"": [0.0, -1.000000238418579, 0.0], ""angles"": [0, -32768, 0], ""params"": [16.000001907348633, 1.000000238418579, 0.9999856948852539, 93, -1, 0], ""unused_pointer"": 2365259712}"
challenge-ep1/c88102-bb-j,4,50,"{""base_type"": 34, ""set_flags"": 0, ""runtime_index"": 1917, ""file_offset"": 14804, ""floor_field"": 3, ""entity_id_field"": 18557, ""group"": 0, ""room"": 11, ""unknown_a3"": 0, ""position"": [0.0, -2.000000476837158, 110.0], ""angles"": [0, 0, 0], ""params"": [1.0, 1.0, 1.0, 53, -1, 0], ""unused_pointer"": 2365179616}"
challenge-ep1/c88102-bb-j,4,51,"{""base_type"": 34, ""set_flags"": 0, ""runtime_index"": 1919, ""file_offset"": 14872, ""floor_field"": 3, ""entity_id_field"": 18561, ""group"": 0, ""room"": 11, ""unknown_a3"": 0, ""position"": [-120.0, -2.000000476837158, -20.0], ""angles"": [0, 0, 0], ""params"": [1.0, 1.0, 1.0, 52, -1, 0], ""unused_pointer"": 2365179920}"
challenge-ep1/c88102-bb-j,4,52,"{""base_type"": 34, ""set_flags"": 0, ""runtime_index"": 1921, ""file_offset"": 14940, ""floor_field"": 3, ""entity_id_field"": 18566, ""group"": 0, ""room"": 11, ""unknown_a3"": 0, ""position"": [120.0, -2.000000476837158, 30.0], ""angles"": [0, 0, 0], ""params"": [1.0, 1.000000238418579, 1.0, 50, -1, 0], ""unused_pointer"": 2365183408}"
challenge-ep1/c88102-bb-j,4,53,"{""base_type"": 34, ""set_flags"": 0, ""runtime_index"": 1827, ""file_offset"": 15008, ""floor_field"": 3, ""entity_id_field"": 18242, ""group"": 0, ""room"": 12, ""unknown_a3"": 0, ""position"": [-200.0, 0.0, 0.0], ""angles"": [0, 0, 0], ""params"": [8.000000953674316, 1.0, 1.0, 11, -1, 0], ""unused_pointer"": 2365156016}"
challenge-ep1/c88102-bb-j,4,59,"{""base_type"": 34, ""set_flags"": 0, ""runtime_index"": 1836, ""file_offset"": 15416, ""floor_field"": 3, ""entity_id_field"": 18284, ""group"": 0, ""room"": 30, ""unknown_a3"": 0, ""position"": [0.0, 0.0, -200.0], ""angles"": [0, 0, 0], ""params"": [8.000000953674316, 1.0, 1.0, 13, -1, 0], ""unused_pointer"": 2365150208}"
challenge-ep1/c88102-bb-j,4,64,"{""base_type"": 34, ""set_flags"": 0, ""runtime_index"": 1828, ""file_offset"": 15756, ""floor_field"": 3, ""entity_id_field"": 18651, ""group"": 0, ""room"": 31, ""unknown_a3"": 0, ""position"": [200.0, 0.0, 0.0], ""angles"": [0, 0, 0], ""params"": [8.000000953674316, 1.0, 1.0, 12, -1, 0], ""unused_pointer"": 2365183408}"
challenge-ep1/c88102-bb-j,5,90,"{""base_type"": 34, ""set_flags"": 0, ""runtime_index"": 2004, ""file_offset"": 22708, ""floor_field"": 3, ""entity_id_field"": 18599, ""group"": 0, ""room"": 20, ""unknown_a3"": 0, ""position"": [33.228515625, 1.000000238418579, -7.1291046142578125], ""angles"": [0, 0, 0], ""params"": [-0.8000001311302185, 1.000000238418579, 1.000000238418579, 251, -1, 0], ""unused_pointer"": 2365205408}"
challenge-ep1/c88102-bb-j,5,114,"{""base_type"": 34, ""set_flags"": 2, ""runtime_index"": 386, ""file_offset"": 24340, ""floor_field"": 3, ""entity_id_field"": 16770, ""group"": 0, ""room"": 31, ""unknown_a3"": 0, ""position"": [23.026695251464844, 3.398263692855835, -8.7274169921875], ""angles"": [0, 0, 0], ""params"": [3.0000007152557373, 0.0, 0.0, 90, -1, 0], ""unused_pointer"": 2365286192}"
challenge-ep1/c88102-bb-j,6,31,"{""base_type"": 34, ""set_flags"": 0, ""runtime_index"": 1856, ""file_offset"": 28980, ""floor_field"": 3, ""entity_id_field"": 18521, ""group"": 0, ""room"": 10, ""unknown_a3"": 0, ""position"": [0.0, 0.0, -200.0000762939453], ""angles"": [0, 0, 0], ""params"": [8.000000953674316, 1.0, 1.0, 10, -1, 0], ""unused_pointer"": 2365142464}"
challenge-ep1/c88102-bb-j,6,51,"{""base_type"": 34, ""set_flags"": 2, ""runtime_index"": 326, ""file_offset"": 30340, ""floor_field"": 3, ""entity_id_field"": 16710, ""group"": 0, ""room"": 11, ""unknown_a3"": 0, ""position"": [0.0, 0.0, -200.0], ""angles"": [0, 0, 0], ""params"": [8.000000953674316, 1.0, 1.0, 11, -1, 0], ""unused_pointer"": 2365255216}"
challenge-ep1/c88102-bb-j,6,72,"{""base_type"": 34, ""set_flags"": 0, ""runtime_index"": 1950, ""file_offset"": 31768, ""floor_field"": 3, ""entity_id_field"": 18944, ""group"": 0, ""room"": 11, ""unknown_a3"": 0, ""position"": [-150.0, -2.000000476837158, 0.0], ""angles"": [0, 0, 0], ""params"": [1.0, 1.0, 1.0, 100, -1, 0], ""unused_pointer"": 2365168512}"
challenge-ep1/c88102-bb-j,6,75,"{""base_type"": 34, ""set_flags"": 2, ""runtime_index"": 333, ""file_offset"": 31972, ""floor_field"": 3, ""entity_id_field"": 18367, ""group"": 0, ""room"": 12, ""unknown_a3"": 0, ""position"": [200.0, 0.0, 0.0], ""angles"": [0, 0, 0], ""params"": [8.000000953674316, 1.0, 1.0, 12, -1, 0], ""unused_pointer"": 2365224800}"
challenge-ep1/c88102-bb-j,7,116,"{""base_type"": 34, ""set_flags"": 0, ""runtime_index"": 2048, ""file_offset"": 42052, ""floor_field"": 3, ""entity_id_field"": 18451, ""group"": 0, ""room"": 12, ""unknown_a3"": 0, ""position"": [-129.7652587890625, 7.999999979801942e-06, -39.313720703125], ""angles"": [0, 0, 0], ""params"": [-3.0000007152557373, 1.0, 1.0, 130, -1, 0], ""unused_pointer"": 2365149504}"
challenge-ep1/c88102-bb-j,7,118,"{""base_type"": 34, ""set_flags"": 2, ""runtime_index"": 400, ""file_offset"": 42188, ""floor_field"": 3, ""entity_id_field"": 16784, ""group"": 0, ""room"": 12, ""unknown_a3"": 0, ""position"": [-110.37254333496094, 8.00006091594696e-06, -20.4149169921875], ""angles"": [0, 0, 0], ""params"": [-3.0000007152557373, 1.0, 1.0, 127, -1, 0], ""unused_pointer"": 2365260784}"
challenge-ep1/c88102-bb-j,7,120,"{""base_type"": 34, ""set_flags"": 2, ""runtime_index"": 402, ""file_offset"": 42324, ""floor_field"": 3, ""entity_id_field"": 16786, ""group"": 0, ""room"": 12, ""unknown_a3"": 0, ""position"": [-139.2589874267578, 8.00006091594696e-06, -10.152099609375], ""angles"": [0, 0, 0], ""params"": [-3.0000007152557373, 1.0, 1.0, 128, -1, 0], ""unused_pointer"": 2365261392}"
challenge-ep1/c88102-bb-j,7,121,"{""base_type"": 34, ""set_flags"": 2, ""runtime_index"": 403, ""file_offset"": 42392, ""floor_field"": 3, ""entity_id_field"": 16787, ""group"": 0, ""room"": 12, ""unknown_a3"": 0, ""position"": [-110.00483703613281, 7.999999979801942e-06, 30.1043701171875], ""angles"": [0, 0, 0], ""params"": [-3.0000007152557373, 1.0, 1.0, 129, -1, 0], ""unused_pointer"": 2365261696}"
challenge-ep1/c88102-bb-j,7,122,"{""base_type"": 34, ""set_flags"": 0, ""runtime_index"": 2051, ""file_offset"": 42460, ""floor_field"": 3, ""entity_id_field"": 18454, ""group"": 0, ""room"": 12, ""unknown_a3"": 0, ""position"": [-130.95327758789062, 8.00006091594696e-06, 49.85205078125], ""angles"": [0, 0, 0], ""params"": [-3.0000007152557373, 1.0, 1.0, 126, -1, 0], ""unused_pointer"": 2365153904}"
challenge-ep1/c88102-bb-j,7,123,"{""base_type"": 34, ""set_flags"": 2, ""runtime_index"": 405, ""file_offset"": 42528, ""floor_field"": 3, ""entity_id_field"": 16789, ""group"": 0, ""room"": 12, ""unknown_a3"": 0, ""position"": [-140.13189697265625, 7.999999979801942e-06, 20.187744140625], ""angles"": [0, 0, 0], ""params"": [-3.0000007152557373, 1.0, 1.0, 125, -1, 0], ""unused_pointer"": 2365262304}"
challenge-ep1/c88102-bb-j,7,124,"{""base_type"": 34, ""set_flags"": 2, ""runtime_index"": 406, ""file_offset"": 42596, ""floor_field"": 3, ""entity_id_field"": 16790, ""group"": 0, ""room"": 12, ""unknown_a3"": 0, ""position"": [-59.62745666503906, 8.00006091594696e-06, -110.258544921875], ""angles"": [0, 0, 0], ""params"": [-3.0000007152557373, 1.0, 1.0, 131, 0, 0], ""unused_pointer"": 2365262608}"
challenge-ep1/c88102-bb-j,7,131,"{""base_type"": 34, ""set_flags"": 0, ""runtime_index"": 2023, ""file_offset"": 43072, ""floor_field"": 3, ""entity_id_field"": 18581, ""group"": 0, ""room"": 20, ""unknown_a3"": 0, ""position"": [-13.026611328125, 0.0, -32.585693359375], ""angles"": [0, 0, 0], ""params"": [-5.30000114440918, 1.0, 1.0, 145, 0, 0], ""unused_pointer"": 2365232080}"
challenge-ep1/c88103-bb-e,4,65,"{""base_type"": 34, ""set_flags"": 0, ""runtime_index"": 2085, ""file_offset"": 5880, ""floor_field"": 4, ""entity_id_field"": 19254, ""group"": 0, ""room"": 10, ""unknown_a3"": 0, ""position"": [0.0, 1.000000238418579, 70.0], ""angles"": [0, 0, 0], ""params"": [-2.000000476837158, 1.0, 1.0, 202, 0, 0], ""unused_pointer"": 2365144848}"
challenge-ep1/c88103-bb-e,4,68,"{""base_type"": 34, ""set_flags"": 0, ""runtime_index"": 2056, ""file_offset"": 6084, ""floor_field"": 4, ""entity_id_field"": 19170, ""group"": 0, ""room"": 10, ""unknown_a3"": 0, ""position"": [60.00002670288086, 1.000000238418579, 0.0], ""angles"": [0, 0, 0], ""params"": [-2.000000476837158, 1.0, 1.0, 231, -1, 0], ""unused_pointer"": 2365145152}"
challenge-ep1/c88103-bb-e,4,81,"{""base_type"": 34, ""set_flags"": 0, ""runtime_index"": 2077, ""file_offset"": 6968, ""floor_field"": 4, ""entity_id_field"": 19236, ""group"": 0, ""room"": 10, ""unknown_a3"": 0, ""position"": [20.000009536743164, 1.000000238418579, 20.0], ""angles"": [0, 0, 0], ""params"": [-3.0000007152557373, 1.0, 1.0, 230, -1, 0], ""unused_pointer"": 2365150256}"
challenge-ep1/c88103-bb-e,4,82,"{""base_type"": 34, ""set_flags"": 0, ""runtime_index"": 2078, ""file_offset"": 7036, ""floor_field"": 4, ""entity_id_field"": 19237, ""group"": 0, ""room"": 10, ""unknown_a3"": 0, ""position"": [0.0, 1.000000238418579, 20.0], ""angles"": [0, 0, 0], ""params"": [-3.0000007152557373, 1.0, 1.0, 200, -1, 0], ""unused_pointer"": 2365150560}"
challenge-ep1/c88103-bb-e,4,83,"{""base_type"": 34, ""set_flags"": 0, ""runtime_index"": 2079, ""file_offset"": 7104, ""floor_field"": 4, ""entity_id_field"": 19238, ""group"": 0, ""room"": 10, ""unknown_a3"": 0, ""position"": [0.0, 1.000000238418579, 0.0], ""angles"": [0, 0, 0], ""params"": [-3.0000007152557373, 1.0, 1.0, 233, -1, 0], ""unused_pointer"": 2365150864}"
challenge-ep1/c88103-bb-e,4,84,"{""base_type"": 34, ""set_flags"": 0, ""runtime_index"": 2080, ""file_offset"": 7172, ""floor_field"": 4, ""entity_id_field"": 19239, ""group"": 0, ""room"": 10, ""unknown_a3"": 0, ""position"": [0.0, 1.000000238418579, -20.0], ""angles"": [0, 0, 0], ""params"": [-3.0000007152557373, 1.0, 1.0, 201, -1, 0], ""unused_pointer"": 2365158800}"
challenge-ep1/c88103-bb-e,4,85,"{""base_type"": 34, ""set_flags"": 0, ""runtime_index"": 2081, ""file_offset"": 7240, ""floor_field"": 4, ""entity_id_field"": 19242, ""group"": 0, ""room"": 10, ""unknown_a3"": 0, ""position"": [-20.000009536743164, 1.000000238418579, -20.0], ""angles"": [0, 0, 0], ""params"": [-3.0000007152557373, 1.0, 1.0, 236, -1, 0], ""unused_pointer"": 2365159104}"
challenge-ep1/c88103-bb-e,4,86,"{""base_type"": 34, ""set_flags"": 0, ""runtime_index"": 2090, ""file_offset"": 7308, ""floor_field"": 4, ""entity_id_field"": 19269, ""group"": 0, ""room"": 10, ""unknown_a3"": 0, ""position"": [20.000009536743164, 1.000000238418579, 0.0], ""angles"": [0, 0, 0], ""params"": [-3.0000007152557373, 1.0, 1.0, 234, -1, 0], ""unused_pointer"": 2365148752}"
challenge-ep1/c88103-bb-e,4,87,"{""base_type"": 34, ""set_flags"": 0, ""runtime_index"": 2091, ""file_offset"": 7376, ""floor_field"": 4, ""entity_id_field"": 19270, ""group"": 0, ""room"": 10, ""unknown_a3"": 0, ""position"": [20.000009536743164, 1.000000238418579, -20.0], ""angles"": [0, 0, 0], ""params"": [-3.0000007152557373, 1.0, 1.0, 237, -1, 0], ""unused_pointer"": 2365159408}"
challenge-ep1/c88103-bb-e,4,88,"{""base_type"": 34, ""set_flags"": 0, ""runtime_index"": 2092, ""file_offset"": 7444, ""floor_field"": 4, ""entity_id_field"": 19271, ""group"": 0, ""room"": 10, ""unknown_a3"": 0, ""position"": [-20.000009536743164, 1.000000238418579, 0.0], ""angles"": [0, 0, 0], ""params"": [-3.0000007152557373, 1.0, 1.0, 238, -1, 0], ""unused_pointer"": 2365160144}"
challenge-ep1/c88103-bb-e,4,89,"{""base_type"": 34, ""set_flags"": 0, ""runtime_index"": 2093, ""file_offset"": 7512, ""floor_field"": 4, ""entity_id_field"": 19272, ""group"": 0, ""room"": 10, ""unknown_a3"": 0, ""position"": [-20.000009536743164, 1.000000238418579, 20.0], ""angles"": [0, 0, 0], ""params"": [-3.0000007152557373, 1.0, 1.0, 239, -1, 0], ""unused_pointer"": 2365160448}"
challenge-ep1/c88103-bb-e,4,156,"{""base_type"": 34, ""set_flags"": 0, ""runtime_index"": 1887, ""file_offset"": 12068, ""floor_field"": 4, ""entity_id_field"": 18323, ""group"": 0, ""room"": 35, ""unknown_a3"": 0, ""position"": [-127.40289306640625, 1.100000262260437, -88.399658203125], ""angles"": [0, 0, 0], ""params"": [-3.0000007152557373, 1.0, 1.0, 204, -1, 0], ""unused_pointer"": 2365215664}"
challenge-ep1/c88103-bb-e,4,177,"{""base_type"": 34, ""set_flags"": 2, ""runtime_index"": 621, ""file_offset"": 13496, ""floor_field"": 4, ""entity_id_field"": 18420, ""group"": 0, ""room"": 45, ""unknown_a3"": 0, ""position"": [0.0, 0.04999999701976776, -140.0], ""angles"": [0, 0, 0], ""params"": [-2.000000476837158, 1.0, 1.0, 246, -1, 0], ""unused_pointer"": 2365182560}"
challenge-ep1/c88103-bb-e,4,181,"{""base_type"": 34, ""set_flags"": 2, ""runtime_index"": 625, ""file_offset"": 13768, ""floor_field"": 4, ""entity_id_field"": 18424, ""group"": 0, ""room"": 45, ""unknown_a3"": 0, ""position"": [-130.0, 0.14999999105930328, -10.0], ""angles"": [0, 0, 0], ""params"": [-2.000000476837158, 1.0, 1.0, 245, 0, 0], ""unused_pointer"": 2365183776}"
challenge-ep1/c88103-bb-e,5,14,"{""base_type"": 34, ""set_flags"": 2, ""runtime_index"": 442, ""file_offset"": 15212, ""floor_field"": 4, ""entity_id_field"": 16826, ""group"": 0, ""room"": 2, ""unknown_a3"": 0, ""position"": [0.0, 1.000000238418579, 30.0], ""angles"": [0, -49152, 0], ""params"": [-2.000000476837158, 1.0, 1.0, 51, -1, 0], ""unused_pointer"": 2365183344}"
challenge-ep1/c88103-bb-e,5,32,"{""base_type"": 34, ""set_flags"": 0, ""runtime_index"": 1884, ""file_offset"": 16436, ""floor_field"": 4, ""entity_id_field"": 18288, ""group"": 0, ""room"": 5, ""unknown_a3"": 0, ""position"": [0.0, 1.000000238418579, 0.0], ""angles"": [0, 0, 0], ""params"": [20.0000057220459, 1.0, 1.0, 52, 0, 0], ""unused_pointer"": 2365170016}"
challenge-ep1/c88103-bb-e,5,54,"{""base_type"": 34, ""set_flags"": 0, ""runtime_index"": 1891, ""file_offset"": 17932, ""floor_field"": 4, ""entity_id_field"": 18334, ""group"": 0, ""room"": 30, ""unknown_a3"": 0, ""position"": [-200.0, 1.000000238418579, -50.0], ""angles"": [0, 0, 0], ""params"": [10.000009536743164, 1.0, 1.0, 100, -1, 0], ""unused_pointer"": 2365167888}"
challenge-ep1/c88103-bb-e,5,78,"{""base_type"": 34, ""set_flags"": 2, ""runtime_index"": 502, ""file_offset"": 19564, ""floor_field"": 4, ""entity_id_field"": 18518, ""group"": 0, ""room"": 41, ""unknown_a3"": 0, ""position"": [-20.0, 1.000000238418579, 80.0], ""angles"": [0, 0, 0], ""params"": [-2.000000476837158, 1.0, 1.0, 54, 0, 0], ""unused_pointer"": 2365159744}"
challenge-ep1/c88103-bb-e,5,79,"{""base_type"": 34, ""set_flags"": 0, ""runtime_index"": 1904, ""file_offset"": 19632, ""floor_field"": 4, ""entity_id_field"": 18519, ""group"": 0, ""room"": 41, ""unknown_a3"": 0, ""position"": [-100.0, 1.000000238418579, -10.0], ""angles"": [0, 0, 0], ""params"": [-2.000000476837158, 1.0, 1.0, 54, 0, 0], ""unused_pointer"": 2365161088}"
challenge-ep1/c88103-bb-e,5,80,"{""base_type"": 34, ""set_flags"": 2, ""runtime_index"": 504, ""file_offset"": 19700, ""floor_field"": 4, ""entity_id_field"": 18520, ""group"": 0, ""room"": 41, ""unknown_a3"": 0, ""position"": [0.0, 1.000000238418579, 160.0], ""angles"": [0, 0, 0], ""params"": [-3.0000007152557373, 1.0, 1.0, 55, 0, 0], ""unused_pointer"": 2365162032}"
challenge-ep1/c88103-bb-e,5,81,"{""base_type"": 34, ""set_flags"": 2, ""runtime_index"": 505, ""file_offset"": 19768, ""floor_field"": 4, ""entity_id_field"": 18521, ""group"": 0, ""room"": 41, ""unknown_a3"": 0, ""position"": [-10.0, 1.000000238418579, 120.0], ""angles"": [0, 0, 0], ""params"": [-3.0000007152557373, 1.0, 1.0, 56, 0, 0], ""unused_pointer"": 2365162336}"
challenge-ep1/c88103-bb-e,5,82,"{""base_type"": 34, ""set_flags"": 2, ""runtime_index"": 506, ""file_offset"": 19836, ""floor_field"": 4, ""entity_id_field"": 18522, ""group"": 0, ""room"": 41, ""unknown_a3"": 0, ""position"": [-36.0, 1.000000238418579, 40.0], ""angles"": [0, 0, 0], ""params"": [-3.0000007152557373, 1.0, 1.0, 57, 0, 0], ""unused_pointer"": 2365163008}"
challenge-ep1/c88103-bb-e,5,83,"{""base_type"": 34, ""set_flags"": 2, ""runtime_index"": 507, ""file_offset"": 19904, ""floor_field"": 4, ""entity_id_field"": 18523, ""group"": 0, ""room"": 41, ""unknown_a3"": 0, ""position"": [-50.0, 1.000000238418579, 0.0], ""angles"": [0, 0, 0], ""params"": [-3.0000007152557373, 1.0, 1.0, 58, 0, 0], ""unused_pointer"": 2365164784}"
challenge-ep1/c88103-bb-e,5,84,"{""base_type"": 34, ""set_flags"": 2, ""runtime_index"": 508, ""file_offset"": 19972, ""floor_field"": 4, ""entity_id_field"": 18524, ""group"": 0, ""room"": 41, ""unknown_a3"": 0, ""position"": [-65.0, 1.000000238418579, -40.0], ""angles"": [0, 0, 0], ""params"": [-3.0000007152557373, 1.0, 1.0, 59, 0, 0], ""unused_pointer"": 2365165520}"
challenge-ep1/c88103-bb-e,5,85,"{""base_type"": 34, ""set_flags"": 2, ""runtime_index"": 509, ""file_offset"": 20040, ""floor_field"": 4, ""entity_id_field"": 18525, ""group"": 0, ""room"": 41, ""unknown_a3"": 0, ""position"": [-70.0, 1.000000238418579, -80.0], ""angles"": [0, 0, 0], ""params"": [-3.0000007152557373, 1.0, 1.0, 60, 0, 0], ""unused_pointer"": 2365165824}"
challenge-ep1/c88103-bb-e,5,86,"{""base_type"": 34, ""set_flags"": 2, ""runtime_index"": 510, ""file_offset"": 20108, ""floor_field"": 4, ""entity_id_field"": 18526, ""group"": 0, ""room"": 41, ""unknown_a3"": 0, ""position"": [-75.0, 1.000000238418579, -120.0], ""angles"": [0, 0, 0], ""params"": [-3.0000007152557373, 1.0, 1.0, 61, 0, 0], ""unused_pointer"": 2365177776}"
challenge-ep1/c88103-bb-e,5,87,"{""base_type"": 34, ""set_flags"": 2, ""runtime_index"": 511, ""file_offset"": 20176, ""floor_field"": 4, ""entity_id_field"": 18527, ""group"": 0, ""room"": 41, ""unknown_a3"": 0, ""position"": [-145.0, 1.000000238418579, -4.0], ""angles"": [0, 0, 0], ""params"": [-3.0000007152557373, 1.0, 1.0, 62, 0, 0], ""unused_pointer"": 2365178080}"
challenge-ep1/c88103-bb-e,5,88,"{""base_type"": 34, ""set_flags"": 2, ""runtime_index"": 512, ""file_offset"": 20244, ""floor_field"": 4, ""entity_id_field"": 18528, ""group"": 0, ""room"": 41, ""unknown_a3"": 0, ""position"": [-35.0, 1.000000238418579, -70.0], ""angles"": [0, 0, 0], ""params"": [-3.0000007152557373, 1.0, 1.0, 63, 0, 0], ""unused_pointer"": 2365178384}"
challenge-ep1/c88103-bb-e,5,89,"{""base_type"": 34, ""set_flags"": 2, ""runtime_index"": 513, ""file_offset"": 20312, ""floor_field"": 4, ""entity_id_field"": 18529, ""group"": 0, ""room"": 41, ""unknown_a3"": 0, ""position"": [-5.0, 1.000000238418579, -105.0], ""angles"": [0, 0, 0], ""params"": [-3.0000007152557373, 1.0, 1.0, 64, 0, 0], ""unused_pointer"": 2365178688}"
challenge-ep1/c88103-bb-e,5,90,"{""base_type"": 34, ""set_flags"": 2, ""runtime_index"": 514, ""file_offset"": 20380, ""floor_field"": 4, ""entity_id_field"": 18530, ""group"": 0, ""room"": 41, ""unknown_a3"": 0, ""position"": [45.0, 1.000000238418579, -110.0], ""angles"": [0, 0, 0], ""params"": [-3.0000007152557373, 1.0, 1.0, 65, 0, 0], ""unused_pointer"": 2365178992}"
challenge-ep1/c88103-bb-e,5,92,"{""base_type"": 34, ""set_flags"": 2, ""runtime_index"": 516, ""file_offset"": 20516, ""floor_field"": 4, ""entity_id_field"": 18532, ""group"": 0, ""room"": 41, ""unknown_a3"": 0, ""position"": [75.0, 1.000000238418579, -140.0], ""angles"": [0, 0, 0], ""params"": [-3.0000007152557373, 1.0, 1.0, 66, 0, 0], ""unused_pointer"": 2365179296}"
challenge-ep1/c88103-bb-e,5,94,"{""base_type"": 34, ""set_flags"": 2, ""runtime_index"": 518, ""file_offset"": 20652, ""floor_field"": 4, ""entity_id_field"": 18534, ""group"": 0, ""room"": 41, ""unknown_a3"": 0, ""position"": [80.0, 1.000000238418579, -200.0], ""angles"": [0, 0, 0], ""params"": [10.000000953674316, 1.0, 1.0, 101, -1, 0], ""unused_pointer"": 2365179600}"
challenge-ep1/c88103-bb-e,5,95,"{""base_type"": 34, ""set_flags"": 2, ""runtime_index"": 519, ""file_offset"": 20720, ""floor_field"": 4, ""entity_id_field"": 18535, ""group"": 0, ""room"": 41, ""unknown_a3"": 0, ""position"": [-200.0, 1.000000238418579, 0.0], ""angles"": [0, 0, 0], ""params"": [10.000000953674316, 1.0, 1.0, 102, -1, 0], ""unused_pointer"": 2365179904}"
challenge-ep1/c88103-bb-e,6,3,"{""base_type"": 34, ""set_flags"": 2, ""runtime_index"": 431, ""file_offset"": 22844, ""floor_field"": 4, ""entity_id_field"": 16815, ""group"": 0, ""room"": 2, ""unknown_a3"": 0, ""position"": [30.0, 0.20000001788139343, -30.0], ""angles"": [0, -49152, 0], ""params"": [0.0, 1.0, 1.0, 238, -1, 0], ""unused_pointer"": 2365177792}"
challenge-ep1/c88103-bb-e,6,48,"{""base_type"": 34, ""set_flags"": 2, ""runtime_index"": 476, ""file_offset"": 25904, ""floor_field"": 4, ""entity_id_field"": 16860, ""group"": 0, ""room"": 6, ""unknown_a3"": 0, ""position"": [30.0, 0.10000000894069672, -30.0], ""angles"": [0, 0, 0], ""params"": [0.0, 1.0, 1.0, 239, -1, 0], ""unused_pointer"": 2365194656}"
challenge-ep1/c88103-bb-e,6,80,"{""base_type"": 34, ""set_flags"": 0, ""runtime_index"": 2007, ""file_offset"": 28080, ""floor_field"": 4, ""entity_id_field"": 18459, ""group"": 0, ""room"": 20, ""unknown_a3"": 0, ""position"": [0.009105682373046875, 1.000000238418579, 95.00004577636719], ""angles"": [0, -16383, 0], ""params"": [-6.000000953674316, 1.0, 1.0, 230, -1, 0], ""unused_pointer"": 2365142768}"
challenge-ep1/c88103-bb-e,6,95,"{""base_type"": 34, ""set_flags"": 2, ""runtime_index"": 512, ""file_offset"": 29100, ""floor_field"": 4, ""entity_id_field"": 16896, ""group"": 0, ""room"": 20, ""unknown_a3"": 0, ""position"": [0.014377593994140625, 0.0, 150.0000762939453], ""angles"": [0, -16383, 0], ""params"": [-2.000000476837158, 1.0, 1.0, 200, -1, 0], ""unused_pointer"": 2365252096}"
challenge-ep1/c88103-bb-e,6,109,"{""base_type"": 34, ""set_flags"": 2, ""runtime_index"": 529, ""file_offset"": 30052, ""floor_field"": 4, ""entity_id_field"": 16913, ""group"": 0, ""room"": 20, ""unknown_a3"": 0, ""position"": [-50.004791259765625, 0.20000001788139343, -49.9952278137207], ""angles"": [0, -16383, 0], ""params"": [-2.000000476837158, 1.0, 1.0, 231, 0, 0], ""unused_pointer"": 2365258448}"
challenge-ep1/c88103-bb-e,6,110,"{""base_type"": 34, ""set_flags"": 2, ""runtime_index"": 530, ""file_offset"": 30120, ""floor_field"": 4, ""entity_id_field"": 16914, ""group"": 0, ""room"": 20, ""unknown_a3"": 0, ""position"": [-0.004791259765625, 0.20000001788139343, -50.000022888183594], ""angles"": [0, -16383, 0], ""params"": [-2.000000476837158, 1.0, 1.0, 234, 0, 0], ""unused_pointer"": 2365258752}"
challenge-ep1/c88103-bb-e,6,111,"{""base_type"": 34, ""set_flags"": 2, ""runtime_index"": 531, ""file_offset"": 30188, ""floor_field"": 4, ""entity_id_field"": 16915, ""group"": 0, ""room"": 20, ""unknown_a3"": 0, ""position"": [49.995208740234375, 0.20000001788139343, -50.00482940673828], ""angles"": [0, -16383, 0], ""params"": [-2.000000476837158, 1.0, 1.0, 233, 0, 0], ""unused_pointer"": 2365259056}"
challenge-ep1/c88103-bb-e,6,115,"{""base_type"": 34, ""set_flags"": 2, ""runtime_index"": 537, ""file_offset"": 30460, ""floor_field"": 4, ""entity_id_field"": 16921, ""group"": 0, ""room"": 20, ""unknown_a3"": 0, ""position"": [-40.01342010498047, 0.10000000894069672, -139.99624633789062], ""angles"": [0, -16383, 0], ""params"": [8.000000953674316, 1.0, 1.0, 235, 0, 0], ""unused_pointer"": 2365260432}"
challenge-ep1/c88103-bb-e,6,116,"{""base_type"": 34, ""set_flags"": 2, ""runtime_index"": 538, ""file_offset"": 30528, ""floor_field"": 4, ""entity_id_field"": 16922, ""group"": 0, ""room"": 20, ""unknown_a3"": 0, ""position"": [-0.01342010498046875, 0.10000000894069672, -140.0000762939453], ""angles"": [0, -16383, 0], ""params"": [8.000000953674316, 1.0, 1.0, 232, 0, 0], ""unused_pointer"": 2365260736}"
challenge-ep1/c88103-bb-e,6,117,"{""base_type"": 34, ""set_flags"": 2, ""runtime_index"": 539, ""file_offset"": 30596, ""floor_field"": 4, ""entity_id_field"": 16923, ""group"": 0, ""room"": 20, ""unknown_a3"": 0, ""position"": [39.98657989501953, 0.10000000894069672, -140.00390625], ""angles"": [0, -16383, 0], ""params"": [8.000000953674316, 1.0, 1.0, 236, 0, 0], ""unused_pointer"": 2365261040}"
challenge-ep1/c88103-bb-e,6,124,"{""base_type"": 34, ""set_flags"": 0, ""runtime_index"": 1747, ""file_offset"": 31072, ""floor_field"": 4, ""entity_id_field"": 18652, ""group"": 0, ""room"": 23, ""unknown_a3"": 0, ""position"": [60.0, 1.000000238418579, 135.0], ""angles"": [0, 0, 0], ""params"": [-2.000000476837158, 1.0, 1.0, 240, -1, 0], ""unused_pointer"": 2365278304}"
challenge-ep1/c88103-bb-e,6,130,"{""base_type"": 34, ""set_flags"": 2, ""runtime_index"": 564, ""file_offset"": 31480, ""floor_field"": 4, ""entity_id_field"": 18567, ""group"": 0, ""room"": 23, ""unknown_a3"": 0, ""position"": [-90.0, 0.0, 40.0], ""angles"": [0, 0, 0], ""params"": [15.000001907348633, 1.0, 1.0, 249, -1, 0], ""unused_pointer"": 2365217472}"
challenge-ep1/c88103-bb-e,6,145,"{""base_type"": 34, ""set_flags"": 2, ""runtime_index"": 582, ""file_offset"": 32500, ""floor_field"": 4, ""entity_id_field"": 18582, ""group"": 0, ""room"": 23, ""unknown_a3"": 0, ""position"": [50.0, 0.0, 60.0], ""angles"": [0, 0, 0], ""params"": [25.000001907348633, 1.0, 1.0, 244, -1, 0], ""unused_pointer"": 2365220880}"
challenge-ep1/c88103-bb-e,6,146,"{""base_type"": 34, ""set_flags"": 2, ""runtime_index"": 583, ""file_offset"": 32568, ""floor_field"": 4, ""entity_id_field"": 18583, ""group"": 0, ""room"": 23, ""unknown_a3"": 0, ""position"": [0.0, 0.0, 20.0], ""angles"": [0, 0, 0], ""params"": [25.000001907348633, 1.0, 1.0, 245, -1, 0], ""unused_pointer"": 2365221184}"
challenge-ep1/c88103-bb-e,6,147,"{""base_type"": 34, ""set_flags"": 2, ""runtime_index"": 584, ""file_offset"": 32636, ""floor_field"": 4, ""entity_id_field"": 18584, ""group"": 0, ""room"": 23, ""unknown_a3"": 0, ""position"": [0.0, 0.0, -80.0], ""angles"": [0, 0, 0], ""params"": [25.000001907348633, 1.0, 1.0, 246, -1, 0], ""unused_pointer"": 2365221488}"
challenge-ep1/c88103-bb-e,6,148,"{""base_type"": 34, ""set_flags"": 2, ""runtime_index"": 585, ""file_offset"": 32704, ""floor_field"": 4, ""entity_id_field"": 18585, ""group"": 0, ""room"": 23, ""unknown_a3"": 0, ""position"": [-70.0, 0.0, -85.0], ""angles"": [0, 0, 0], ""params"": [30.000001907348633, 1.0, 1.0, 247, -1, 0], ""unused_pointer"": 2365221792}"
challenge-ep1/c88103-bb-e,6,149,"{""base_type"": 34, ""set_flags"": 2, ""runtime_index"": 586, ""file_offset"": 32772, ""floor_field"": 4, ""entity_id_field"": 18586, ""group"": 0, ""room"": 23, ""unknown_a3"": 0, ""position"": [90.0, 0.0, -25.0], ""angles"": [0, 0, 0], ""params"": [15.000001907348633, 1.0, 1.0, 248, -1, 0], ""unused_pointer"": 2365222096}"
challenge-ep1/c88103-bb-e,6,158,"{""base_type"": 34, ""set_flags"": 0, ""runtime_index"": 2037, ""file_offset"": 33384, ""floor_field"": 4, ""entity_id_field"": 14408, ""group"": 0, ""room"": 30, ""unknown_a3"": 0, ""position"": [75.0, 0.0, 150.0], ""angles"": [0, -32768, 0], ""params"": [-6.000000953674316, 1.0, 1.0, 206, 0, 0], ""unused_pointer"": 3766346368}"
challenge-ep1/c88103-bb-e,6,167,"{""base_type"": 34, ""set_flags"": 0, ""runtime_index"": 35591, ""file_offset"": 33996, ""floor_field"": 4, ""entity_id_field"": 32840, ""group"": 0, ""room"": 30, ""unknown_a3"": 0, ""position"": [-43.99993896484375, 0.0, 93.0], ""angles"": [0, -32768, 0], ""params"": [-6.000000953674316, 1.0, 1.0, 203, 0, 0], ""unused_pointer"": 1346888576}"
challenge-ep1/c88103-bb-e,7,35,"{""base_type"": 34, ""set_flags"": 0, ""runtime_index"": 1823, ""file_offset"": 38772, ""floor_field"": 4, ""entity_id_field"": 18245, ""group"": 0, ""room"": 11, ""unknown_a3"": 0, ""position"": [150.0, 1.000000238418579, 0.0], ""angles"": [0, 0, 0], ""params"": [10.000004768371582, 1.0, 1.0, 100, -1, 0], ""unused_pointer"": 2365152640}"
challenge-ep1/c88103-bb-e,7,47,"{""base_type"": 34, ""set_flags"": 2, ""runtime_index"": 471, ""file_offset"": 39588, ""floor_field"": 4, ""entity_id_field"": 16855, ""group"": 0, ""room"": 12, ""unknown_a3"": 0, ""position"": [0.0, 1.000000238418579, 150.0], ""angles"": [0, 0, 0], ""params"": [10.000004768371582, 1.0, 1.0, 101, -1, 0], ""unused_pointer"": 2365200512}"
challenge-ep1/c88103-bb-e,7,48,"{""base_type"": 34, ""set_flags"": 2, ""runtime_index"": 472, ""file_offset"": 39656, ""floor_field"": 4, ""entity_id_field"": 16856, ""group"": 0, ""room"": 12, ""unknown_a3"": 0, ""position"": [0.0, 1.000000238418579, -150.0], ""angles"": [0, 0, 0], ""params"": [10.000004768371582, 1.0, 1.0, 102, -1, 0], ""unused_pointer"": 2365200816}"
challenge-ep1/c88103-bb-e,7,62,"{""base_type"": 34, ""set_flags"": 0, ""runtime_index"": 1629, ""file_offset"": 40608, ""floor_field"": 4, ""entity_id_field"": 18353, ""group"": 0, ""room"": 21, ""unknown_a3"": 0, ""position"": [70.0, 1.000000238418579, -100.0], ""angles"": [0, -16384, 0], ""params"": [-3.0000007152557373, 1.0, 1.0, 52, -16, 0], ""unused_pointer"": 2365118608}"
challenge-ep1/c88103-bb-e,7,72,"{""base_type"": 34, ""set_flags"": 0, ""runtime_index"": 1646, ""file_offset"": 41288, ""floor_field"": 4, ""entity_id_field"": 18365, ""group"": 0, ""room"": 21, ""unknown_a3"": 0, ""position"": [-56.38397216796875, 1.0, -70.17034912109375], ""angles"": [0, -16384, 0], ""params"": [5.000000953674316, 1.0, 1.0, 54, -1, 0], ""unused_pointer"": 2365124704}"
challenge-ep1/c88103-bb-e,8,93,"{""base_type"": 34, ""set_flags"": 2, ""runtime_index"": 521, ""file_offset"": 48784, ""floor_field"": 4, ""entity_id_field"": 16905, ""group"": 0, ""room"": 10, ""unknown_a3"": 0, ""position"": [50.0, 1.200000286102295, 40.0], ""angles"": [0, 0, 0], ""params"": [-2.000000476837158, 1.0, 1.0, 242, 0, 0], ""unused_pointer"": 2365222864}"
challenge-ep1/c88103-bb-e,8,94,"{""base_type"": 34, ""set_flags"": 2, ""runtime_index"": 522, ""file_offset"": 48852, ""floor_field"": 4, ""entity_id_field"": 16906, ""group"": 0, ""room"": 10, ""unknown_a3"": 0, ""position"": [90.0, 1.200000286102295, 40.0], ""angles"": [0, 0, 0], ""params"": [-2.000000476837158, 1.0, 1.0, 238, 0, 0], ""unused_pointer"": 2365223168}"
challenge-ep1/c88103-bb-e,8,95,"{""base_type"": 34, ""set_flags"": 2, ""runtime_index"": 523, ""file_offset"": 48920, ""floor_field"": 4, ""entity_id_field"": 16907, ""group"": 0, ""room"": 10, ""unknown_a3"": 0, ""position"": [90.0, 1.200000286102295, -50.0], ""angles"": [0, 0, 0], ""params"": [-2.000000476837158, 1.0, 1.0, 240, 0, 0], ""unused_pointer"": 2365223472}"
challenge-ep1/c88103-bb-e,8,96,"{""base_type"": 34, ""set_flags"": 2, ""runtime_index"": 524, ""file_offset"": 48988, ""floor_field"": 4, ""entity_id_field"": 16908, ""group"": 0, ""room"": 10, ""unknown_a3"": 0, ""position"": [50.0, 1.200000286102295, -50.0], ""angles"": [0, 0, 0], ""params"": [-2.000000476837158, 1.0, 1.0, 244, 0, 0], ""unused_pointer"": 2365223776}"
challenge-ep1/c88103-bb-e,8,97,"{""base_type"": 34, ""set_flags"": 2, ""runtime_index"": 525, ""file_offset"": 49056, ""floor_field"": 4, ""entity_id_field"": 16909, ""group"": 0, ""room"": 10, ""unknown_a3"": 0, ""position"": [-50.0, 1.200000286102295, -60.0], ""angles"": [0, 0, 0], ""params"": [-2.000000476837158, 1.0, 1.0, 241, 0, 0], ""unused_pointer"": 2365224080}"
challenge-ep1/c88103-bb-e,8,98,"{""base_type"": 34, ""set_flags"": 2, ""runtime_index"": 526, ""file_offset"": 49124, ""floor_field"": 4, ""entity_id_field"": 16910, ""group"": 0, ""room"": 10, ""unknown_a3"": 0, ""position"": [-90.0, 1.200000286102295, -60.0], ""angles"": [0, 0, 0], ""params"": [-2.000000476837158, 1.0, 1.0, 245, 0, 0], ""unused_pointer"": 2365224384}"
challenge-ep1/c88103-bb-e,8,99,"{""base_type"": 34, ""set_flags"": 2, ""runtime_index"": 527, ""file_offset"": 49192, ""floor_field"": 4, ""entity_id_field"": 16911, ""group"": 0, ""room"": 10, ""unknown_a3"": 0, ""position"": [-50.0, 1.200000286102295, 30.0], ""angles"": [0, 0, 0], ""params"": [-2.000000476837158, 1.0, 1.0, 239, 0, 0], ""unused_pointer"": 2365224688}"
challenge-ep1/c88103-bb-e,8,100,"{""base_type"": 34, ""set_flags"": 2, ""runtime_index"": 528, ""file_offset"": 49260, ""floor_field"": 4, ""entity_id_field"": 16912, ""group"": 0, ""room"": 10, ""unknown_a3"": 0, ""position"": [-90.0, 1.200000286102295, 30.0], ""angles"": [0, 0, 0], ""params"": [-2.000000476837158, 1.0, 1.0, 243, 0, 0], ""unused_pointer"": 2365224992}"
challenge-ep1/c88103-bb-e,8,101,"{""base_type"": 34, ""set_flags"": 2, ""runtime_index"": 529, ""file_offset"": 49328, ""floor_field"": 4, ""entity_id_field"": 16913, ""group"": 0, ""room"": 10, ""unknown_a3"": 0, ""position"": [-75.0, 1.000000238418579, 60.0], ""angles"": [0, 0, 0], ""params"": [-2.000000476837158, 1.0, 1.0, 246, -1, 0], ""unused_pointer"": 2365225296}"
challenge-ep1/c88103-bb-e,8,102,"{""base_type"": 34, ""set_flags"": 2, ""runtime_index"": 530, ""file_offset"": 49396, ""floor_field"": 4, ""entity_id_field"": 16914, ""group"": 0, ""room"": 10, ""unknown_a3"": 0, ""position"": [70.0, 1.000000238418579, 10.0], ""angles"": [0, 0, 0], ""params"": [-2.000000476837158, 1.0, 1.0, 247, -1, 0], ""unused_pointer"": 2365225600}"
challenge-ep1/c88103-bb-e,8,103,"{""base_type"": 34, ""set_flags"": 2, ""runtime_index"": 531, ""file_offset"": 49464, ""floor_field"": 4, ""entity_id_field"": 16915, ""group"": 0, ""room"": 10, ""unknown_a3"": 0, ""position"": [-70.0, 1.000000238418579, -30.0], ""angles"": [0, 0, 0], ""params"": [-2.000000476837158, 1.0, 1.0, 248, -1, 0], ""unused_pointer"": 2365225904}"
challenge-ep1/c88103-bb-e,8,104,"{""base_type"": 34, ""set_flags"": 2, ""runtime_index"": 532, ""file_offset"": 49532, ""floor_field"": 4, ""entity_id_field"": 16916, ""group"": 0, ""room"": 10, ""unknown_a3"": 0, ""position"": [70.0, 1.000000238418579, -80.0], ""angles"": [0, 0, 0], ""params"": [-3.0000007152557373, 1.0, 1.0, 249, -1, 0], ""unused_pointer"": 2365226208}"
challenge-ep1/c88103-bb-e,8,142,"{""base_type"": 34, ""set_flags"": 2, ""runtime_index"": 570, ""file_offset"": 52116, ""floor_field"": 4, ""entity_id_field"": 16954, ""group"": 0, ""room"": 16, ""unknown_a3"": 0, ""position"": [0.0, 1.000000238418579, 1.0], ""angles"": [0, 0, 0], ""params"": [-2.000000476837158, 1.0, 1.0, 204, -1, 0], ""unused_pointer"": 2365245984}"
challenge-ep1/c88103-bb-e,8,143,"{""base_type"": 34, ""set_flags"": 2, ""runtime_index"": 571, ""file_offset"": 52184, ""floor_field"": 4, ""entity_id_field"": 16955, ""group"": 0, ""room"": 16, ""unknown_a3"": 0, ""position"": [0.0, 1.000000238418579, -80.0], ""angles"": [0, 0, 0], ""params"": [-2.000000476837158, 1.0, 1.0, 205, -1, 0], ""unused_pointer"": 2365246288}"
challenge-ep1/c88103-bb-e,8,190,"{""base_type"": 34, ""set_flags"": 2, ""runtime_index"": 604, ""file_offset"": 55380, ""floor_field"": 4, ""entity_id_field"": 16988, ""group"": 0, ""room"": 35, ""unknown_a3"": 0, ""position"": [-90.0, 1.000000238418579, 0.0], ""angles"": [0, -32768, 0], ""params"": [-6.000000953674316, 1.0, 1.0, 230, 0, 0], ""unused_pointer"": 2365295728}"
challenge-ep1/c88103-bb-e,8,191,"{""base_type"": 34, ""set_flags"": 2, ""runtime_index"": 605, ""file_offset"": 55448, ""floor_field"": 4, ""entity_id_field"": 16989, ""group"": 0, ""room"": 35, ""unknown_a3"": 0, ""position"": [0.0, 1.000000238418579, 0.0], ""angles"": [0, -32768, 0], ""params"": [-6.000000953674316, 1.0, 1.0, 231, 0, 0], ""unused_pointer"": 2365296032}"
challenge-ep1/c88103-bb-e,8,194,"{""base_type"": 34, ""set_flags"": 2, ""runtime_index"": 608, ""file_offset"": 55652, ""floor_field"": 4, ""entity_id_field"": 16992, ""group"": 0, ""room"": 35, ""unknown_a3"": 0, ""position"": [-54.0, 0.0, 158.0], ""angles"": [0, -32768, 0], ""params"": [-6.000000953674316, 1.0, 1.0, 253, 0, 0], ""unused_pointer"": 2365298096}"
challenge-ep1/c88103-bb-e,8,195,"{""base_type"": 34, ""set_flags"": 2, ""runtime_index"": 609, ""file_offset"": 55720, ""floor_field"": 4, ""entity_id_field"": 16993, ""group"": 0, ""room"": 35, ""unknown_a3"": 0, ""position"": [123.9990234375, -1.002563238143921, -134.99510192871094], ""angles"": [0, -32768, 0], ""params"": [-6.000000953674316, 1.0, 1.0, 250, 0, 0], ""unused_pointer"": 2365298400}"
challenge-ep1/c88103-bb-e,8,196,"{""base_type"": 34, ""set_flags"": 2, ""runtime_index"": 610, ""file_offset"": 55788, ""floor_field"": 4, ""entity_id_field"": 16994, ""group"": 0, ""room"": 35, ""unknown_a3"": 0, ""position"": [161.00341796875, 0.0, 27.996429443359375], ""angles"": [0, -32768, 0], ""params"": [-6.000000953674316, 1.0, 1.0, 236, 0, 0], ""unused_pointer"": 2365298704}"
challenge-ep1/c88103-bb-e,8,212,"{""base_type"": 34, ""set_flags"": 2, ""runtime_index"": 637, ""file_offset"": 56876, ""floor_field"": 4, ""entity_id_field"": 17021, ""group"": 0, ""room"": 45, ""unknown_a3"": 0, ""position"": [-50.0, 1.000000238418579, -130.0], ""angles"": [0, -16384, 0], ""params"": [-2.000000476837158, 1.0, 1.0, 202, -1, 0], ""unused_pointer"": 2365270496}"
challenge-ep1/c88103-bb-j,4,65,"{""base_type"": 34, ""set_flags"": 0, ""runtime_index"": 2085, ""file_offset"": 5880, ""floor_field"": 4, ""entity_id_field"": 19254, ""group"": 0, ""room"": 10, ""unknown_a3"": 0, ""position"": [0.0, 1.000000238418579, 70.0], ""angles"": [0, 0, 0], ""params"": [-2.000000476837158, 1.0, 1.0, 202, 0, 0], ""unused_pointer"": 2365144848}"
challenge-ep1/c88103-bb-j,4,68,"{""base_type"": 34, ""set_flags"": 0, ""runtime_index"": 2056, ""file_offset"": 6084, ""floor_field"": 4, ""entity_id_field"": 19170, ""group"": 0, ""room"": 10, ""unknown_a3"": 0, ""position"": [60.00002670288086, 1.000000238418579, 0.0], ""angles"": [0, 0, 0], ""params"": [-2.000000476837158, 1.0, 1.0, 231, -1, 0], ""unused_pointer"": 2365145152}"
challenge-ep1/c88103-bb-j,4,81,"{""base_type"": 34, ""set_flags"": 0, ""runtime_index"": 2077, ""file_offset"": 6968, ""floor_field"": 4, ""entity_id_field"": 19236, ""group"": 0, ""room"": 10, ""unknown_a3"": 0, ""position"": [20.000009536743164, 1.000000238418579, 20.0], ""angles"": [0, 0, 0], ""params"": [-3.0000007152557373, 1.0, 1.0, 230, -1, 0], ""unused_pointer"": 2365150256}"
challenge-ep1/c88103-bb-j,4,82,"{""base_type"": 34, ""set_flags"": 0, ""runtime_index"": 2078, ""file_offset"": 7036, ""floor_field"": 4, ""entity_id_field"": 19237, ""group"": 0, ""room"": 10, ""unknown_a3"": 0, ""position"": [0.0, 1.000000238418579, 20.0], ""angles"": [0, 0, 0], ""params"": [-3.0000007152557373, 1.0, 1.0, 200, -1, 0], ""unused_pointer"": 2365150560}"
challenge-ep1/c88103-bb-j,4,83,"{""base_type"": 34, ""set_flags"": 0, ""runtime_index"": 2079, ""file_offset"": 7104, ""floor_field"": 4, ""entity_id_field"": 19238, ""group"": 0, ""room"": 10, ""unknown_a3"": 0, ""position"": [0.0, 1.000000238418579, 0.0], ""angles"": [0, 0, 0], ""params"": [-3.0000007152557373, 1.0, 1.0, 233, -1, 0], ""unused_pointer"": 2365150864}"
challenge-ep1/c88103-bb-j,4,84,"{""base_type"": 34, ""set_flags"": 0, ""runtime_index"": 2080, ""file_offset"": 7172, ""floor_field"": 4, ""entity_id_field"": 19239, ""group"": 0, ""room"": 10, ""unknown_a3"": 0, ""position"": [0.0, 1.000000238418579, -20.0], ""angles"": [0, 0, 0], ""params"": [-3.0000007152557373, 1.0, 1.0, 201, -1, 0], ""unused_pointer"": 2365158800}"
challenge-ep1/c88103-bb-j,4,85,"{""base_type"": 34, ""set_flags"": 0, ""runtime_index"": 2081, ""file_offset"": 7240, ""floor_field"": 4, ""entity_id_field"": 19242, ""group"": 0, ""room"": 10, ""unknown_a3"": 0, ""position"": [-20.000009536743164, 1.000000238418579, -20.0], ""angles"": [0, 0, 0], ""params"": [-3.0000007152557373, 1.0, 1.0, 236, -1, 0], ""unused_pointer"": 2365159104}"
challenge-ep1/c88103-bb-j,4,86,"{""base_type"": 34, ""set_flags"": 0, ""runtime_index"": 2090, ""file_offset"": 7308, ""floor_field"": 4, ""entity_id_field"": 19269, ""group"": 0, ""room"": 10, ""unknown_a3"": 0, ""position"": [20.000009536743164, 1.000000238418579, 0.0], ""angles"": [0, 0, 0], ""params"": [-3.0000007152557373, 1.0, 1.0, 234, -1, 0], ""unused_pointer"": 2365148752}"
challenge-ep1/c88103-bb-j,4,87,"{""base_type"": 34, ""set_flags"": 0, ""runtime_index"": 2091, ""file_offset"": 7376, ""floor_field"": 4, ""entity_id_field"": 19270, ""group"": 0, ""room"": 10, ""unknown_a3"": 0, ""position"": [20.000009536743164, 1.000000238418579, -20.0], ""angles"": [0, 0, 0], ""params"": [-3.0000007152557373, 1.0, 1.0, 237, -1, 0], ""unused_pointer"": 2365159408}"
challenge-ep1/c88103-bb-j,4,88,"{""base_type"": 34, ""set_flags"": 0, ""runtime_index"": 2092, ""file_offset"": 7444, ""floor_field"": 4, ""entity_id_field"": 19271, ""group"": 0, ""room"": 10, ""unknown_a3"": 0, ""position"": [-20.000009536743164, 1.000000238418579, 0.0], ""angles"": [0, 0, 0], ""params"": [-3.0000007152557373, 1.0, 1.0, 238, -1, 0], ""unused_pointer"": 2365160144}"
challenge-ep1/c88103-bb-j,4,89,"{""base_type"": 34, ""set_flags"": 0, ""runtime_index"": 2093, ""file_offset"": 7512, ""floor_field"": 4, ""entity_id_field"": 19272, ""group"": 0, ""room"": 10, ""unknown_a3"": 0, ""position"": [-20.000009536743164, 1.000000238418579, 20.0], ""angles"": [0, 0, 0], ""params"": [-3.0000007152557373, 1.0, 1.0, 239, -1, 0], ""unused_pointer"": 2365160448}"
challenge-ep1/c88103-bb-j,4,156,"{""base_type"": 34, ""set_flags"": 0, ""runtime_index"": 1887, ""file_offset"": 12068, ""floor_field"": 4, ""entity_id_field"": 18323, ""group"": 0, ""room"": 35, ""unknown_a3"": 0, ""position"": [-127.40289306640625, 1.100000262260437, -88.399658203125], ""angles"": [0, 0, 0], ""params"": [-3.0000007152557373, 1.0, 1.0, 204, -1, 0], ""unused_pointer"": 2365215664}"
challenge-ep1/c88103-bb-j,4,177,"{""base_type"": 34, ""set_flags"": 2, ""runtime_index"": 621, ""file_offset"": 13496, ""floor_field"": 4, ""entity_id_field"": 18420, ""group"": 0, ""room"": 45, ""unknown_a3"": 0, ""position"": [0.0, 0.04999999701976776, -140.0], ""angles"": [0, 0, 0], ""params"": [-2.000000476837158, 1.0, 1.0, 246, -1, 0], ""unused_pointer"": 2365182560}"
challenge-ep1/c88103-bb-j,4,181,"{""base_type"": 34, ""set_flags"": 2, ""runtime_index"": 625, ""file_offset"": 13768, ""floor_field"": 4, ""entity_id_field"": 18424, ""group"": 0, ""room"": 45, ""unknown_a3"": 0, ""position"": [-130.0, 0.14999999105930328, -10.0], ""angles"": [0, 0, 0], ""params"": [-2.000000476837158, 1.0, 1.0, 245, 0, 0], ""unused_pointer"": 2365183776}"
challenge-ep1/c88103-bb-j,5,14,"{""base_type"": 34, ""set_flags"": 2, ""runtime_index"": 442, ""file_offset"": 15212, ""floor_field"": 4, ""entity_id_field"": 16826, ""group"": 0, ""room"": 2, ""unknown_a3"": 0, ""position"": [0.0, 1.000000238418579, 30.0], ""angles"": [0, -49152, 0], ""params"": [-2.000000476837158, 1.0, 1.0, 51, -1, 0], ""unused_pointer"": 2365183344}"
challenge-ep1/c88103-bb-j,5,32,"{""base_type"": 34, ""set_flags"": 0, ""runtime_index"": 1884, ""file_offset"": 16436, ""floor_field"": 4, ""entity_id_field"": 18288, ""group"": 0, ""room"": 5, ""unknown_a3"": 0, ""position"": [0.0, 1.000000238418579, 0.0], ""angles"": [0, 0, 0], ""params"": [20.0000057220459, 1.0, 1.0, 52, 0, 0], ""unused_pointer"": 2365170016}"
challenge-ep1/c88103-bb-j,5,54,"{""base_type"": 34, ""set_flags"": 0, ""runtime_index"": 1891, ""file_offset"": 17932, ""floor_field"": 4, ""entity_id_field"": 18334, ""group"": 0, ""room"": 30, ""unknown_a3"": 0, ""position"": [-200.0, 1.000000238418579, -50.0], ""angles"": [0, 0, 0], ""params"": [10.000009536743164, 1.0, 1.0, 100, -1, 0], ""unused_pointer"": 2365167888}"
challenge-ep1/c88103-bb-j,5,78,"{""base_type"": 34, ""set_flags"": 2, ""runtime_index"": 502, ""file_offset"": 19564, ""floor_field"": 4, ""entity_id_field"": 18518, ""group"": 0, ""room"": 41, ""unknown_a3"": 0, ""position"": [-20.0, 1.000000238418579, 80.0], ""angles"": [0, 0, 0], ""params"": [-2.000000476837158, 1.0, 1.0, 54, 0, 0], ""unused_pointer"": 2365159744}"
challenge-ep1/c88103-bb-j,5,79,"{""base_type"": 34, ""set_flags"": 0, ""runtime_index"": 1904, ""file_offset"": 19632, ""floor_field"": 4, ""entity_id_field"": 18519, ""group"": 0, ""room"": 41, ""unknown_a3"": 0, ""position"": [-100.0, 1.000000238418579, -10.0], ""angles"": [0, 0, 0], ""params"": [-2.000000476837158, 1.0, 1.0, 54, 0, 0], ""unused_pointer"": 2365161088}"
challenge-ep1/c88103-bb-j,5,80,"{""base_type"": 34, ""set_flags"": 2, ""runtime_index"": 504, ""file_offset"": 19700, ""floor_field"": 4, ""entity_id_field"": 18520, ""group"": 0, ""room"": 41, ""unknown_a3"": 0, ""position"": [0.0, 1.000000238418579, 160.0], ""angles"": [0, 0, 0], ""params"": [-3.0000007152557373, 1.0, 1.0, 55, 0, 0], ""unused_pointer"": 2365162032}"
challenge-ep1/c88103-bb-j,5,81,"{""base_type"": 34, ""set_flags"": 2, ""runtime_index"": 505, ""file_offset"": 19768, ""floor_field"": 4, ""entity_id_field"": 18521, ""group"": 0, ""room"": 41, ""unknown_a3"": 0, ""position"": [-10.0, 1.000000238418579, 120.0], ""angles"": [0, 0, 0], ""params"": [-3.0000007152557373, 1.0, 1.0, 56, 0, 0], ""unused_pointer"": 2365162336}"
challenge-ep1/c88103-bb-j,5,82,"{""base_type"": 34, ""set_flags"": 2, ""runtime_index"": 506, ""file_offset"": 19836, ""floor_field"": 4, ""entity_id_field"": 18522, ""group"": 0, ""room"": 41, ""unknown_a3"": 0, ""position"": [-36.0, 1.000000238418579, 40.0], ""angles"": [0, 0, 0], ""params"": [-3.0000007152557373, 1.0, 1.0, 57, 0, 0], ""unused_pointer"": 2365163008}"
challenge-ep1/c88103-bb-j,5,83,"{""base_type"": 34, ""set_flags"": 2, ""runtime_index"": 507, ""file_offset"": 19904, ""floor_field"": 4, ""entity_id_field"": 18523, ""group"": 0, ""room"": 41, ""unknown_a3"": 0, ""position"": [-50.0, 1.000000238418579, 0.0], ""angles"": [0, 0, 0], ""params"": [-3.0000007152557373, 1.0, 1.0, 58, 0, 0], ""unused_pointer"": 2365164784}"
challenge-ep1/c88103-bb-j,5,84,"{""base_type"": 34, ""set_flags"": 2, ""runtime_index"": 508, ""file_offset"": 19972, ""floor_field"": 4, ""entity_id_field"": 18524, ""group"": 0, ""room"": 41, ""unknown_a3"": 0, ""position"": [-65.0, 1.000000238418579, -40.0], ""angles"": [0, 0, 0], ""params"": [-3.0000007152557373, 1.0, 1.0, 59, 0, 0], ""unused_pointer"": 2365165520}"
challenge-ep1/c88103-bb-j,5,85,"{""base_type"": 34, ""set_flags"": 2, ""runtime_index"": 509, ""file_offset"": 20040, ""floor_field"": 4, ""entity_id_field"": 18525, ""group"": 0, ""room"": 41, ""unknown_a3"": 0, ""position"": [-70.0, 1.000000238418579, -80.0], ""angles"": [0, 0, 0], ""params"": [-3.0000007152557373, 1.0, 1.0, 60, 0, 0], ""unused_pointer"": 2365165824}"
challenge-ep1/c88103-bb-j,5,86,"{""base_type"": 34, ""set_flags"": 2, ""runtime_index"": 510, ""file_offset"": 20108, ""floor_field"": 4, ""entity_id_field"": 18526, ""group"": 0, ""room"": 41, ""unknown_a3"": 0, ""position"": [-75.0, 1.000000238418579, -120.0], ""angles"": [0, 0, 0], ""params"": [-3.0000007152557373, 1.0, 1.0, 61, 0, 0], ""unused_pointer"": 2365177776}"
challenge-ep1/c88103-bb-j,5,87,"{""base_type"": 34, ""set_flags"": 2, ""runtime_index"": 511, ""file_offset"": 20176, ""floor_field"": 4, ""entity_id_field"": 18527, ""group"": 0, ""room"": 41, ""unknown_a3"": 0, ""position"": [-145.0, 1.000000238418579, -4.0], ""angles"": [0, 0, 0], ""params"": [-3.0000007152557373, 1.0, 1.0, 62, 0, 0], ""unused_pointer"": 2365178080}"
challenge-ep1/c88103-bb-j,5,88,"{""base_type"": 34, ""set_flags"": 2, ""runtime_index"": 512, ""file_offset"": 20244, ""floor_field"": 4, ""entity_id_field"": 18528, ""group"": 0, ""room"": 41, ""unknown_a3"": 0, ""position"": [-35.0, 1.000000238418579, -70.0], ""angles"": [0, 0, 0], ""params"": [-3.0000007152557373, 1.0, 1.0, 63, 0, 0], ""unused_pointer"": 2365178384}"
challenge-ep1/c88103-bb-j,5,89,"{""base_type"": 34, ""set_flags"": 2, ""runtime_index"": 513, ""file_offset"": 20312, ""floor_field"": 4, ""entity_id_field"": 18529, ""group"": 0, ""room"": 41, ""unknown_a3"": 0, ""position"": [-5.0, 1.000000238418579, -105.0], ""angles"": [0, 0, 0], ""params"": [-3.0000007152557373, 1.0, 1.0, 64, 0, 0], ""unused_pointer"": 2365178688}"
challenge-ep1/c88103-bb-j,5,90,"{""base_type"": 34, ""set_flags"": 2, ""runtime_index"": 514, ""file_offset"": 20380, ""floor_field"": 4, ""entity_id_field"": 18530, ""group"": 0, ""room"": 41, ""unknown_a3"": 0, ""position"": [45.0, 1.000000238418579, -110.0], ""angles"": [0, 0, 0], ""params"": [-3.0000007152557373, 1.0, 1.0, 65, 0, 0], ""unused_pointer"": 2365178992}"
challenge-ep1/c88103-bb-j,5,92,"{""base_type"": 34, ""set_flags"": 2, ""runtime_index"": 516, ""file_offset"": 20516, ""floor_field"": 4, ""entity_id_field"": 18532, ""group"": 0, ""room"": 41, ""unknown_a3"": 0, ""position"": [75.0, 1.000000238418579, -140.0], ""angles"": [0, 0, 0], ""params"": [-3.0000007152557373, 1.0, 1.0, 66, 0, 0], ""unused_pointer"": 2365179296}"
challenge-ep1/c88103-bb-j,5,94,"{""base_type"": 34, ""set_flags"": 2, ""runtime_index"": 518, ""file_offset"": 20652, ""floor_field"": 4, ""entity_id_field"": 18534, ""group"": 0, ""room"": 41, ""unknown_a3"": 0, ""position"": [80.0, 1.000000238418579, -200.0], ""angles"": [0, 0, 0], ""params"": [10.000000953674316, 1.0, 1.0, 101, -1, 0], ""unused_pointer"": 2365179600}"
challenge-ep1/c88103-bb-j,5,95,"{""base_type"": 34, ""set_flags"": 2, ""runtime_index"": 519, ""file_offset"": 20720, ""floor_field"": 4, ""entity_id_field"": 18535, ""group"": 0, ""room"": 41, ""unknown_a3"": 0, ""position"": [-200.0, 1.000000238418579, 0.0], ""angles"": [0, 0, 0], ""params"": [10.000000953674316, 1.0, 1.0, 102, -1, 0], ""unused_pointer"": 2365179904}"
challenge-ep1/c88103-bb-j,6,3,"{""base_type"": 34, ""set_flags"": 2, ""runtime_index"": 431, ""file_offset"": 22844, ""floor_field"": 4, ""entity_id_field"": 16815, ""group"": 0, ""room"": 2, ""unknown_a3"": 0, ""position"": [30.0, 0.20000001788139343, -30.0], ""angles"": [0, -49152, 0], ""params"": [0.0, 1.0, 1.0, 238, -1, 0], ""unused_pointer"": 2365177792}"
challenge-ep1/c88103-bb-j,6,48,"{""base_type"": 34, ""set_flags"": 2, ""runtime_index"": 476, ""file_offset"": 25904, ""floor_field"": 4, ""entity_id_field"": 16860, ""group"": 0, ""room"": 6, ""unknown_a3"": 0, ""position"": [30.0, 0.10000000894069672, -30.0], ""angles"": [0, 0, 0], ""params"": [0.0, 1.0, 1.0, 239, -1, 0], ""unused_pointer"": 2365194656}"
challenge-ep1/c88103-bb-j,6,80,"{""base_type"": 34, ""set_flags"": 0, ""runtime_index"": 2007, ""file_offset"": 28080, ""floor_field"": 4, ""entity_id_field"": 18459, ""group"": 0, ""room"": 20, ""unknown_a3"": 0, ""position"": [0.009105682373046875, 1.000000238418579, 95.00004577636719], ""angles"": [0, -16383, 0], ""params"": [-6.000000953674316, 1.0, 1.0, 230, -1, 0], ""unused_pointer"": 2365142768}"
challenge-ep1/c88103-bb-j,6,95,"{""base_type"": 34, ""set_flags"": 2, ""runtime_index"": 512, ""file_offset"": 29100, ""floor_field"": 4, ""entity_id_field"": 16896, ""group"": 0, ""room"": 20, ""unknown_a3"": 0, ""position"": [0.014377593994140625, 0.0, 150.0000762939453], ""angles"": [0, -16383, 0], ""params"": [-2.000000476837158, 1.0, 1.0, 200, -1, 0], ""unused_pointer"": 2365252096}"
challenge-ep1/c88103-bb-j,6,109,"{""base_type"": 34, ""set_flags"": 2, ""runtime_index"": 529, ""file_offset"": 30052, ""floor_field"": 4, ""entity_id_field"": 16913, ""group"": 0, ""room"": 20, ""unknown_a3"": 0, ""position"": [-50.004791259765625, 0.20000001788139343, -49.9952278137207], ""angles"": [0, -16383, 0], ""params"": [-2.000000476837158, 1.0, 1.0, 231, 0, 0], ""unused_pointer"": 2365258448}"
challenge-ep1/c88103-bb-j,6,110,"{""base_type"": 34, ""set_flags"": 2, ""runtime_index"": 530, ""file_offset"": 30120, ""floor_field"": 4, ""entity_id_field"": 16914, ""group"": 0, ""room"": 20, ""unknown_a3"": 0, ""position"": [-0.004791259765625, 0.20000001788139343, -50.000022888183594], ""angles"": [0, -16383, 0], ""params"": [-2.000000476837158, 1.0, 1.0, 234, 0, 0], ""unused_pointer"": 2365258752}"
challenge-ep1/c88103-bb-j,6,111,"{""base_type"": 34, ""set_flags"": 2, ""runtime_index"": 531, ""file_offset"": 30188, ""floor_field"": 4, ""entity_id_field"": 16915, ""group"": 0, ""room"": 20, ""unknown_a3"": 0, ""position"": [49.995208740234375, 0.20000001788139343, -50.00482940673828], ""angles"": [0, -16383, 0], ""params"": [-2.000000476837158, 1.0, 1.0, 233, 0, 0], ""unused_pointer"": 2365259056}"
challenge-ep1/c88103-bb-j,6,115,"{""base_type"": 34, ""set_flags"": 2, ""runtime_index"": 537, ""file_offset"": 30460, ""floor_field"": 4, ""entity_id_field"": 16921, ""group"": 0, ""room"": 20, ""unknown_a3"": 0, ""position"": [-40.01342010498047, 0.10000000894069672, -139.99624633789062], ""angles"": [0, -16383, 0], ""params"": [8.000000953674316, 1.0, 1.0, 235, 0, 0], ""unused_pointer"": 2365260432}"
challenge-ep1/c88103-bb-j,6,116,"{""base_type"": 34, ""set_flags"": 2, ""runtime_index"": 538, ""file_offset"": 30528, ""floor_field"": 4, ""entity_id_field"": 16922, ""group"": 0, ""room"": 20, ""unknown_a3"": 0, ""position"": [-0.01342010498046875, 0.10000000894069672, -140.0000762939453], ""angles"": [0, -16383, 0], ""params"": [8.000000953674316, 1.0, 1.0, 232, 0, 0], ""unused_pointer"": 2365260736}"
challenge-ep1/c88103-bb-j,6,117,"{""base_type"": 34, ""set_flags"": 2, ""runtime_index"": 539, ""file_offset"": 30596, ""floor_field"": 4, ""entity_id_field"": 16923, ""group"": 0, ""room"": 20, ""unknown_a3"": 0, ""position"": [39.98657989501953, 0.10000000894069672, -140.00390625], ""angles"": [0, -16383, 0], ""params"": [8.000000953674316, 1.0, 1.0, 236, 0, 0], ""unused_pointer"": 2365261040}"
challenge-ep1/c88103-bb-j,6,124,"{""base_type"": 34, ""set_flags"": 0, ""runtime_index"": 1747, ""file_offset"": 31072, ""floor_field"": 4, ""entity_id_field"": 18652, ""group"": 0, ""room"": 23, ""unknown_a3"": 0, ""position"": [60.0, 1.000000238418579, 135.0], ""angles"": [0, 0, 0], ""params"": [-2.000000476837158, 1.0, 1.0, 240, -1, 0], ""unused_pointer"": 2365278304}"
challenge-ep1/c88103-bb-j,6,130,"{""base_type"": 34, ""set_flags"": 2, ""runtime_index"": 564, ""file_offset"": 31480, ""floor_field"": 4, ""entity_id_field"": 18567, ""group"": 0, ""room"": 23, ""unknown_a3"": 0, ""position"": [-90.0, 0.0, 40.0], ""angles"": [0, 0, 0], ""params"": [15.000001907348633, 1.0, 1.0, 249, -1, 0], ""unused_pointer"": 2365217472}"
challenge-ep1/c88103-bb-j,6,145,"{""base_type"": 34, ""set_flags"": 2, ""runtime_index"": 582, ""file_offset"": 32500, ""floor_field"": 4, ""entity_id_field"": 18582, ""group"": 0, ""room"": 23, ""unknown_a3"": 0, ""position"": [50.0, 0.0, 60.0], ""angles"": [0, 0, 0], ""params"": [25.000001907348633, 1.0, 1.0, 244, -1, 0], ""unused_pointer"": 2365220880}"
challenge-ep1/c88103-bb-j,6,146,"{""base_type"": 34, ""set_flags"": 2, ""runtime_index"": 583, ""file_offset"": 32568, ""floor_field"": 4, ""entity_id_field"": 18583, ""group"": 0, ""room"": 23, ""unknown_a3"": 0, ""position"": [0.0, 0.0, 20.0], ""angles"": [0, 0, 0], ""params"": [25.000001907348633, 1.0, 1.0, 245, -1, 0], ""unused_pointer"": 2365221184}"
challenge-ep1/c88103-bb-j,6,147,"{""base_type"": 34, ""set_flags"": 2, ""runtime_index"": 584, ""file_offset"": 32636, ""floor_field"": 4, ""entity_id_field"": 18584, ""group"": 0, ""room"": 23, ""unknown_a3"": 0, ""position"": [0.0, 0.0, -80.0], ""angles"": [0, 0, 0], ""params"": [25.000001907348633, 1.0, 1.0, 246, -1, 0], ""unused_pointer"": 2365221488}"
challenge-ep1/c88103-bb-j,6,148,"{""base_type"": 34, ""set_flags"": 2, ""runtime_index"": 585, ""file_offset"": 32704, ""floor_field"": 4, ""entity_id_field"": 18585, ""group"": 0, ""room"": 23, ""unknown_a3"": 0, ""position"": [-70.0, 0.0, -85.0], ""angles"": [0, 0, 0], ""params"": [30.000001907348633, 1.0, 1.0, 247, -1, 0], ""unused_pointer"": 2365221792}"
challenge-ep1/c88103-bb-j,6,149,"{""base_type"": 34, ""set_flags"": 2, ""runtime_index"": 586, ""file_offset"": 32772, ""floor_field"": 4, ""entity_id_field"": 18586, ""group"": 0, ""room"": 23, ""unknown_a3"": 0, ""position"": [90.0, 0.0, -25.0], ""angles"": [0, 0, 0], ""params"": [15.000001907348633, 1.0, 1.0, 248, -1, 0], ""unused_pointer"": 2365222096}"
challenge-ep1/c88103-bb-j,6,158,"{""base_type"": 34, ""set_flags"": 0, ""runtime_index"": 2037, ""file_offset"": 33384, ""floor_field"": 4, ""entity_id_field"": 14408, ""group"": 0, ""room"": 30, ""unknown_a3"": 0, ""position"": [75.0, 0.0, 150.0], ""angles"": [0, -32768, 0], ""params"": [-6.000000953674316, 1.0, 1.0, 206, 0, 0], ""unused_pointer"": 3766346368}"
challenge-ep1/c88103-bb-j,6,167,"{""base_type"": 34, ""set_flags"": 0, ""runtime_index"": 35591, ""file_offset"": 33996, ""floor_field"": 4, ""entity_id_field"": 32840, ""group"": 0, ""room"": 30, ""unknown_a3"": 0, ""position"": [-43.99993896484375, 0.0, 93.0], ""angles"": [0, -32768, 0], ""params"": [-6.000000953674316, 1.0, 1.0, 203, 0, 0], ""unused_pointer"": 1346888576}"
challenge-ep1/c88103-bb-j,7,35,"{""base_type"": 34, ""set_flags"": 0, ""runtime_index"": 1823, ""file_offset"": 38772, ""floor_field"": 4, ""entity_id_field"": 18245, ""group"": 0, ""room"": 11, ""unknown_a3"": 0, ""position"": [150.0, 1.000000238418579, 0.0], ""angles"": [0, 0, 0], ""params"": [10.000004768371582, 1.0, 1.0, 100, -1, 0], ""unused_pointer"": 2365152640}"
challenge-ep1/c88103-bb-j,7,47,"{""base_type"": 34, ""set_flags"": 2, ""runtime_index"": 471, ""file_offset"": 39588, ""floor_field"": 4, ""entity_id_field"": 16855, ""group"": 0, ""room"": 12, ""unknown_a3"": 0, ""position"": [0.0, 1.000000238418579, 150.0], ""angles"": [0, 0, 0], ""params"": [10.000004768371582, 1.0, 1.0, 101, -1, 0], ""unused_pointer"": 2365200512}"
challenge-ep1/c88103-bb-j,7,48,"{""base_type"": 34, ""set_flags"": 2, ""runtime_index"": 472, ""file_offset"": 39656, ""floor_field"": 4, ""entity_id_field"": 16856, ""group"": 0, ""room"": 12, ""unknown_a3"": 0, ""position"": [0.0, 1.000000238418579, -150.0], ""angles"": [0, 0, 0], ""params"": [10.000004768371582, 1.0, 1.0, 102, -1, 0], ""unused_pointer"": 2365200816}"
challenge-ep1/c88103-bb-j,7,62,"{""base_type"": 34, ""set_flags"": 0, ""runtime_index"": 1629, ""file_offset"": 40608, ""floor_field"": 4, ""entity_id_field"": 18353, ""group"": 0, ""room"": 21, ""unknown_a3"": 0, ""position"": [70.0, 1.000000238418579, -100.0], ""angles"": [0, -16384, 0], ""params"": [-3.0000007152557373, 1.0, 1.0, 52, -16, 0], ""unused_pointer"": 2365118608}"
challenge-ep1/c88103-bb-j,7,72,"{""base_type"": 34, ""set_flags"": 0, ""runtime_index"": 1646, ""file_offset"": 41288, ""floor_field"": 4, ""entity_id_field"": 18365, ""group"": 0, ""room"": 21, ""unknown_a3"": 0, ""position"": [-56.38397216796875, 1.0, -70.17034912109375], ""angles"": [0, -16384, 0], ""params"": [5.000000953674316, 1.0, 1.0, 54, -1, 0], ""unused_pointer"": 2365124704}"
challenge-ep1/c88103-bb-j,8,93,"{""base_type"": 34, ""set_flags"": 2, ""runtime_index"": 521, ""file_offset"": 48784, ""floor_field"": 4, ""entity_id_field"": 16905, ""group"": 0, ""room"": 10, ""unknown_a3"": 0, ""position"": [50.0, 1.200000286102295, 40.0], ""angles"": [0, 0, 0], ""params"": [-2.000000476837158, 1.0, 1.0, 242, 0, 0], ""unused_pointer"": 2365222864}"
challenge-ep1/c88103-bb-j,8,94,"{""base_type"": 34, ""set_flags"": 2, ""runtime_index"": 522, ""file_offset"": 48852, ""floor_field"": 4, ""entity_id_field"": 16906, ""group"": 0, ""room"": 10, ""unknown_a3"": 0, ""position"": [90.0, 1.200000286102295, 40.0], ""angles"": [0, 0, 0], ""params"": [-2.000000476837158, 1.0, 1.0, 238, 0, 0], ""unused_pointer"": 2365223168}"
challenge-ep1/c88103-bb-j,8,95,"{""base_type"": 34, ""set_flags"": 2, ""runtime_index"": 523, ""file_offset"": 48920, ""floor_field"": 4, ""entity_id_field"": 16907, ""group"": 0, ""room"": 10, ""unknown_a3"": 0, ""position"": [90.0, 1.200000286102295, -50.0], ""angles"": [0, 0, 0], ""params"": [-2.000000476837158, 1.0, 1.0, 240, 0, 0], ""unused_pointer"": 2365223472}"
challenge-ep1/c88103-bb-j,8,96,"{""base_type"": 34, ""set_flags"": 2, ""runtime_index"": 524, ""file_offset"": 48988, ""floor_field"": 4, ""entity_id_field"": 16908, ""group"": 0, ""room"": 10, ""unknown_a3"": 0, ""position"": [50.0, 1.200000286102295, -50.0], ""angles"": [0, 0, 0], ""params"": [-2.000000476837158, 1.0, 1.0, 244, 0, 0], ""unused_pointer"": 2365223776}"
challenge-ep1/c88103-bb-j,8,97,"{""base_type"": 34, ""set_flags"": 2, ""runtime_index"": 525, ""file_offset"": 49056, ""floor_field"": 4, ""entity_id_field"": 16909, ""group"": 0, ""room"": 10, ""unknown_a3"": 0, ""position"": [-50.0, 1.200000286102295, -60.0], ""angles"": [0, 0, 0], ""params"": [-2.000000476837158, 1.0, 1.0, 241, 0, 0], ""unused_pointer"": 2365224080}"
challenge-ep1/c88103-bb-j,8,98,"{""base_type"": 34, ""set_flags"": 2, ""runtime_index"": 526, ""file_offset"": 49124, ""floor_field"": 4, ""entity_id_field"": 16910, ""group"": 0, ""room"": 10, ""unknown_a3"": 0, ""position"": [-90.0, 1.200000286102295, -60.0], ""angles"": [0, 0, 0], ""params"": [-2.000000476837158, 1.0, 1.0, 245, 0, 0], ""unused_pointer"": 2365224384}"
challenge-ep1/c88103-bb-j,8,99,"{""base_type"": 34, ""set_flags"": 2, ""runtime_index"": 527, ""file_offset"": 49192, ""floor_field"": 4, ""entity_id_field"": 16911, ""group"": 0, ""room"": 10, ""unknown_a3"": 0, ""position"": [-50.0, 1.200000286102295, 30.0], ""angles"": [0, 0, 0], ""params"": [-2.000000476837158, 1.0, 1.0, 239, 0, 0], ""unused_pointer"": 2365224688}"
challenge-ep1/c88103-bb-j,8,100,"{""base_type"": 34, ""set_flags"": 2, ""runtime_index"": 528, ""file_offset"": 49260, ""floor_field"": 4, ""entity_id_field"": 16912, ""group"": 0, ""room"": 10, ""unknown_a3"": 0, ""position"": [-90.0, 1.200000286102295, 30.0], ""angles"": [0, 0, 0], ""params"": [-2.000000476837158, 1.0, 1.0, 243, 0, 0], ""unused_pointer"": 2365224992}"
challenge-ep1/c88103-bb-j,8,101,"{""base_type"": 34, ""set_flags"": 2, ""runtime_index"": 529, ""file_offset"": 49328, ""floor_field"": 4, ""entity_id_field"": 16913, ""group"": 0, ""room"": 10, ""unknown_a3"": 0, ""position"": [-75.0, 1.000000238418579, 60.0], ""angles"": [0, 0, 0], ""params"": [-2.000000476837158, 1.0, 1.0, 246, -1, 0], ""unused_pointer"": 2365225296}"
challenge-ep1/c88103-bb-j,8,102,"{""base_type"": 34, ""set_flags"": 2, ""runtime_index"": 530, ""file_offset"": 49396, ""floor_field"": 4, ""entity_id_field"": 16914, ""group"": 0, ""room"": 10, ""unknown_a3"": 0, ""position"": [70.0, 1.000000238418579, 10.0], ""angles"": [0, 0, 0], ""params"": [-2.000000476837158, 1.0, 1.0, 247, -1, 0], ""unused_pointer"": 2365225600}"
challenge-ep1/c88103-bb-j,8,103,"{""base_type"": 34, ""set_flags"": 2, ""runtime_index"": 531, ""file_offset"": 49464, ""floor_field"": 4, ""entity_id_field"": 16915, ""group"": 0, ""room"": 10, ""unknown_a3"": 0, ""position"": [-70.0, 1.000000238418579, -30.0], ""angles"": [0, 0, 0], ""params"": [-2.000000476837158, 1.0, 1.0, 248, -1, 0], ""unused_pointer"": 2365225904}"
challenge-ep1/c88103-bb-j,8,104,"{""base_type"": 34, ""set_flags"": 2, ""runtime_index"": 532, ""file_offset"": 49532, ""floor_field"": 4, ""entity_id_field"": 16916, ""group"": 0, ""room"": 10, ""unknown_a3"": 0, ""position"": [70.0, 1.000000238418579, -80.0], ""angles"": [0, 0, 0], ""params"": [-3.0000007152557373, 1.0, 1.0, 249, -1, 0], ""unused_pointer"": 2365226208}"
challenge-ep1/c88103-bb-j,8,142,"{""base_type"": 34, ""set_flags"": 2, ""runtime_index"": 570, ""file_offset"": 52116, ""floor_field"": 4, ""entity_id_field"": 16954, ""group"": 0, ""room"": 16, ""unknown_a3"": 0, ""position"": [0.0, 1.000000238418579, 1.0], ""angles"": [0, 0, 0], ""params"": [-2.000000476837158, 1.0, 1.0, 204, -1, 0], ""unused_pointer"": 2365245984}"
challenge-ep1/c88103-bb-j,8,143,"{""base_type"": 34, ""set_flags"": 2, ""runtime_index"": 571, ""file_offset"": 52184, ""floor_field"": 4, ""entity_id_field"": 16955, ""group"": 0, ""room"": 16, ""unknown_a3"": 0, ""position"": [0.0, 1.000000238418579, -80.0], ""angles"": [0, 0, 0], ""params"": [-2.000000476837158, 1.0, 1.0, 205, -1, 0], ""unused_pointer"": 2365246288}"
challenge-ep1/c88103-bb-j,8,190,"{""base_type"": 34, ""set_flags"": 2, ""runtime_index"": 604, ""file_offset"": 55380, ""floor_field"": 4, ""entity_id_field"": 16988, ""group"": 0, ""room"": 35, ""unknown_a3"": 0, ""position"": [-90.0, 1.000000238418579, 0.0], ""angles"": [0, -32768, 0], ""params"": [-6.000000953674316, 1.0, 1.0, 230, 0, 0], ""unused_pointer"": 2365295728}"
challenge-ep1/c88103-bb-j,8,191,"{""base_type"": 34, ""set_flags"": 2, ""runtime_index"": 605, ""file_offset"": 55448, ""floor_field"": 4, ""entity_id_field"": 16989, ""group"": 0, ""room"": 35, ""unknown_a3"": 0, ""position"": [0.0, 1.000000238418579, 0.0], ""angles"": [0, -32768, 0], ""params"": [-6.000000953674316, 1.0, 1.0, 231, 0, 0], ""unused_pointer"": 2365296032}"
challenge-ep1/c88103-bb-j,8,194,"{""base_type"": 34, ""set_flags"": 2, ""runtime_index"": 608, ""file_offset"": 55652, ""floor_field"": 4, ""entity_id_field"": 16992, ""group"": 0, ""room"": 35, ""unknown_a3"": 0, ""position"": [-54.0, 0.0, 158.0], ""angles"": [0, -32768, 0], ""params"": [-6.000000953674316, 1.0, 1.0, 253, 0, 0], ""unused_pointer"": 2365298096}"
challenge-ep1/c88103-bb-j,8,195,"{""base_type"": 34, ""set_flags"": 2, ""runtime_index"": 609, ""file_offset"": 55720, ""floor_field"": 4, ""entity_id_field"": 16993, ""group"": 0, ""room"": 35, ""unknown_a3"": 0, ""position"": [123.9990234375, -1.002563238143921, -134.99510192871094], ""angles"": [0, -32768, 0], ""params"": [-6.000000953674316, 1.0, 1.0, 250, 0, 0], ""unused_pointer"": 2365298400}"
challenge-ep1/c88103-bb-j,8,196,"{""base_type"": 34, ""set_flags"": 2, ""runtime_index"": 610, ""file_offset"": 55788, ""floor_field"": 4, ""entity_id_field"": 16994, ""group"": 0, ""room"": 35, ""unknown_a3"": 0, ""position"": [161.00341796875, 0.0, 27.996429443359375], ""angles"": [0, -32768, 0], ""params"": [-6.000000953674316, 1.0, 1.0, 236, 0, 0], ""unused_pointer"": 2365298704}"
challenge-ep1/c88103-bb-j,8,212,"{""base_type"": 34, ""set_flags"": 2, ""runtime_index"": 637, ""file_offset"": 56876, ""floor_field"": 4, ""entity_id_field"": 17021, ""group"": 0, ""room"": 45, ""unknown_a3"": 0, ""position"": [-50.0, 1.000000238418579, -130.0], ""angles"": [0, -16384, 0], ""params"": [-2.000000476837158, 1.0, 1.0, 202, -1, 0], ""unused_pointer"": 2365270496}"
challenge-ep1/c88104-bb-e,5,103,"{""base_type"": 34, ""set_flags"": 0, ""runtime_index"": 2031, ""file_offset"": 8464, ""floor_field"": 5, ""entity_id_field"": 18445, ""group"": 0, ""room"": 40, ""unknown_a3"": 0, ""position"": [-50.0, 1.000000238418579, 80.0], ""angles"": [0, -32768, 0], ""params"": [-3.0000007152557373, 1.0, 1.0, 205, -1, 0], ""unused_pointer"": 2365204464}"
challenge-ep1/c88104-bb-e,5,104,"{""base_type"": 34, ""set_flags"": 0, ""runtime_index"": 2032, ""file_offset"": 8532, ""floor_field"": 5, ""entity_id_field"": 18446, ""group"": 0, ""room"": 40, ""unknown_a3"": 0, ""position"": [50.0, 1.000000238418579, 80.0], ""angles"": [0, -32768, 0], ""params"": [-3.0000007152557373, 1.0, 1.0, 204, -1, 0], ""unused_pointer"": 2365204768}"
challenge-ep1/c88104-bb-e,5,107,"{""base_type"": 34, ""set_flags"": 2, ""runtime_index"": 723, ""file_offset"": 8736, ""floor_field"": 5, ""entity_id_field"": 17107, ""group"": 0, ""room"": 41, ""unknown_a3"": 0, ""position"": [-100.00005340576172, 1.000000238418579, 80.0], ""angles"": [0, -32768, 0], ""params"": [-3.0000007152557373, 1.0, 1.0, 60, -1, 0], ""unused_pointer"": 2365230512}"
challenge-ep1/c88104-bb-e,5,133,"{""base_type"": 34, ""set_flags"": 2, ""runtime_index"": 755, ""file_offset"": 10504, ""floor_field"": 5, ""entity_id_field"": 18549, ""group"": 0, ""room"": 51, ""unknown_a3"": 0, ""position"": [0.0, 1.000000238418579, 147.0], ""angles"": [0, -32768, 0], ""params"": [5.000000953674316, 1.0, 1.0, 131, 0, 0], ""unused_pointer"": 2365208720}"
challenge-ep1/c88104-bb-e,5,152,"{""base_type"": 34, ""set_flags"": 0, ""runtime_index"": 2071, ""file_offset"": 11796, ""floor_field"": 5, ""entity_id_field"": 19560, ""group"": 0, ""room"": 52, ""unknown_a3"": 0, ""position"": [0.0, 1.0, 0.0], ""angles"": [0, -49152, 0], ""params"": [-1.000000238418579, 1.0, 1.0, 100, -1, 0], ""unused_pointer"": 2365156992}"
challenge-ep1/c88104-bb-e,5,185,"{""base_type"": 34, ""set_flags"": 2, ""runtime_index"": 794, ""file_offset"": 14040, ""floor_field"": 5, ""entity_id_field"": 17178, ""group"": 0, ""room"": 61, ""unknown_a3"": 0, ""position"": [0.0, 1.000000238418579, 0.0], ""angles"": [0, 0, 0], ""params"": [-2.000000476837158, 1.0, 1.0, 130, -1, 0], ""unused_pointer"": 2365310752}"
challenge-ep1/c88104-bb-e,5,190,"{""base_type"": 34, ""set_flags"": 2, ""runtime_index"": 786, ""file_offset"": 14380, ""floor_field"": 5, ""entity_id_field"": 19066, ""group"": 0, ""room"": 71, ""unknown_a3"": 0, ""position"": [0.0166015625, 1.000000238418579, 169.99996948242188], ""angles"": [0, -16383, 0], ""params"": [5.000000953674316, 1.0, 1.0, 206, 0, 0], ""unused_pointer"": 2365296864}"
challenge-ep1/c88104-bb-e,6,36,"{""base_type"": 34, ""set_flags"": 0, ""runtime_index"": 1770, ""file_offset"": 17184, ""floor_field"": 5, ""entity_id_field"": 18379, ""group"": 0, ""room"": 40, ""unknown_a3"": 0, ""position"": [-74.50003051757812, 0.9999980926513672, 185.0], ""angles"": [0, -32768, 0], ""params"": [10.000009536743164, 1.0, 1.0, 15, -1, 0], ""unused_pointer"": 2365154128}"
challenge-ep1/c88104-bb-e,6,41,"{""base_type"": 34, ""set_flags"": 0, ""runtime_index"": 1830, ""file_offset"": 17524, ""floor_field"": 5, ""entity_id_field"": 18384, ""group"": 0, ""room"": 40, ""unknown_a3"": 0, ""position"": [77.6649169921875, 0.0, 78.72613525390625], ""angles"": [0, -32768, 0], ""params"": [2.499999761581421, 1.0, 1.0, 22, -1, 0], ""unused_pointer"": 2365154736}"
challenge-ep1/c88104-bb-e,6,51,"{""base_type"": 34, ""set_flags"": 0, ""runtime_index"": 1772, ""file_offset"": 18204, ""floor_field"": 5, ""entity_id_field"": 18259, ""group"": 0, ""room"": 70, ""unknown_a3"": 0, ""position"": [-0.022530419752001762, 0.0, -235.00013732910156], ""angles"": [0, -16383, 0], ""params"": [10.000009536743164, 1.0, 1.0, 16, -1, 0], ""unused_pointer"": 2365152880}"
challenge-ep1/c88104-bb-e,7,96,"{""base_type"": 34, ""set_flags"": 0, ""runtime_index"": 1960, ""file_offset"": 24952, ""floor_field"": 5, ""entity_id_field"": 18477, ""group"": 0, ""room"": 32, ""unknown_a3"": 0, ""position"": [-89.00863647460938, 1.000000238418579, -88.99143981933594], ""angles"": [0, -16383, 0], ""params"": [-6.000000953674316, 1.0, 1.0, 207, 0, 0], ""unused_pointer"": 2365301344}"
challenge-ep1/c88104-bb-e,7,97,"{""base_type"": 34, ""set_flags"": 0, ""runtime_index"": 1964, ""file_offset"": 25020, ""floor_field"": 5, ""entity_id_field"": 18497, ""group"": 0, ""room"": 32, ""unknown_a3"": 0, ""position"": [88.99136352539062, 1.000000238418579, -89.00851440429688], ""angles"": [0, -16383, 0], ""params"": [-6.000000953674316, 1.0, 1.0, 208, 0, 0], ""unused_pointer"": 2365301648}"
challenge-ep1/c88104-bb-e,7,110,"{""base_type"": 34, ""set_flags"": 0, ""runtime_index"": 1823, ""file_offset"": 25904, ""floor_field"": 5, ""entity_id_field"": 18755, ""group"": 0, ""room"": 40, ""unknown_a3"": 0, ""position"": [-95.00004577636719, 1.000000238418579, 50.0], ""angles"": [0, -32768, 0], ""params"": [-3.0000007152557373, 1.0, 1.0, 200, -1, 0], ""unused_pointer"": 2365256528}"
challenge-ep1/c88104-bb-e,7,122,"{""base_type"": 34, ""set_flags"": 2, ""runtime_index"": 728, ""file_offset"": 26720, ""floor_field"": 5, ""entity_id_field"": 17112, ""group"": 0, ""room"": 51, ""unknown_a3"": 0, ""position"": [105.00000762939453, 1.000000238418579, -75.0], ""angles"": [0, -32768, 0], ""params"": [25.000009536743164, 1.0, 1.0, 201, 0, 0], ""unused_pointer"": 2365277968}"
challenge-ep1/c88104-bb-e,7,143,"{""base_type"": 34, ""set_flags"": 0, ""runtime_index"": 1829, ""file_offset"": 28148, ""floor_field"": 5, ""entity_id_field"": 18974, ""group"": 0, ""room"": 53, ""unknown_a3"": 0, ""position"": [-75.0, 0.0, 260.0], ""angles"": [0, 0, 0], ""params"": [20.000001907348633, 1.0, 1.0, 206, 0, 0], ""unused_pointer"": 2365228432}"
challenge-ep1/c88104-bb-e,7,161,"{""base_type"": 34, ""set_flags"": 0, ""runtime_index"": 1878, ""file_offset"": 29372, ""floor_field"": 5, ""entity_id_field"": 18732, ""group"": 0, ""room"": 60, ""unknown_a3"": 0, ""position"": [19.993331909179688, 1.000000238418579, -70.00191497802734], ""angles"": [0, -16383, 0], ""params"": [-3.0000007152557373, 1.0, 1.0, 203, 0, 0], ""unused_pointer"": 2365224480}"
challenge-ep1/c88104-bb-e,7,162,"{""base_type"": 34, ""set_flags"": 0, ""runtime_index"": 1879, ""file_offset"": 29440, ""floor_field"": 5, ""entity_id_field"": 18733, ""group"": 0, ""room"": 60, ""unknown_a3"": 0, ""position"": [20.006759643554688, 1.000000238418579, 69.99808502197266], ""angles"": [0, -16383, 0], ""params"": [-3.0000007152557373, 1.0, 1.0, 204, 0, 0], ""unused_pointer"": 2365224784}"
challenge-ep1/c88104-bb-e,7,167,"{""base_type"": 34, ""set_flags"": 0, ""runtime_index"": 1880, ""file_offset"": 29780, ""floor_field"": 5, ""entity_id_field"": 18738, ""group"": 0, ""room"": 60, ""unknown_a3"": 0, ""position"": [40.00004577636719, 1.000000238418579, -0.0038318634033203125], ""angles"": [0, -16383, 0], ""params"": [-3.0000007152557373, 1.0, 1.0, 205, 0, 0], ""unused_pointer"": 2365228128}"
challenge-ep1/c88104-bb-e,8,24,"{""base_type"": 34, ""set_flags"": 0, ""runtime_index"": 1502, ""file_offset"": 32856, ""floor_field"": 5, ""entity_id_field"": 18016, ""group"": 0, ""room"": 50, ""unknown_a3"": 0, ""position"": [-75.0, 0.0, -185.00006103515625], ""angles"": [0, 0, 0], ""params"": [11.000004768371582, 1.0, 1.0, 21, -1, 0], ""unused_pointer"": 2365139840}"
challenge-ep1/c88104-bb-e,8,56,"{""base_type"": 34, ""set_flags"": 0, ""runtime_index"": 1716, ""file_offset"": 35032, ""floor_field"": 5, ""entity_id_field"": 18181, ""group"": 0, ""room"": 51, ""unknown_a3"": 0, ""position"": [-100.00959777832031, -1.000000238418579, -99.99042510986328], ""angles"": [0, -16383, 0], ""params"": [-1.000000238418579, 1.0, 1.0, 60, -1, 0], ""unused_pointer"": 2365209184}"
challenge-ep1/c88104-bb-e,8,57,"{""base_type"": 34, ""set_flags"": 0, ""runtime_index"": 1717, ""file_offset"": 35100, ""floor_field"": 5, ""entity_id_field"": 18182, ""group"": 0, ""room"": 51, ""unknown_a3"": 0, ""position"": [-99.99041748046875, -1.000000238418579, 100.00957489013672], ""angles"": [0, -16383, 0], ""params"": [-1.000000238418579, 1.0, 1.0, 61, -1, 0], ""unused_pointer"": 2365209488}"
challenge-ep1/c88104-bb-e,8,58,"{""base_type"": 34, ""set_flags"": 0, ""runtime_index"": 1718, ""file_offset"": 35168, ""floor_field"": 5, ""entity_id_field"": 18183, ""group"": 0, ""room"": 51, ""unknown_a3"": 0, ""position"": [-30.002845764160156, -1.000000238418579, -29.99713134765625], ""angles"": [0, -16383, 0], ""params"": [-1.000000238418579, 1.0, 1.0, 62, -1, 0], ""unused_pointer"": 2365209792}"
challenge-ep1/c88104-bb-e,8,59,"{""base_type"": 34, ""set_flags"": 0, ""runtime_index"": 1719, ""file_offset"": 35236, ""floor_field"": 5, ""entity_id_field"": 18184, ""group"": 0, ""room"": 51, ""unknown_a3"": 0, ""position"": [-29.997095108032227, -1.000000238418579, 30.00286865234375], ""angles"": [0, -16383, 0], ""params"": [-1.000000238418579, 1.0, 1.0, 63, -1, 0], ""unused_pointer"": 2365210096}"
challenge-ep1/c88104-bb-e,8,60,"{""base_type"": 34, ""set_flags"": 0, ""runtime_index"": 1720, ""file_offset"": 35304, ""floor_field"": 5, ""entity_id_field"": 18185, ""group"": 0, ""room"": 51, ""unknown_a3"": 0, ""position"": [29.997188568115234, -1.000000238418579, -30.002883911132812], ""angles"": [0, -16383, 0], ""params"": [-1.000000238418579, 1.0, 1.0, 64, -1, 0], ""unused_pointer"": 2365210400}"
challenge-ep1/c88104-bb-e,8,61,"{""base_type"": 34, ""set_flags"": 0, ""runtime_index"": 1721, ""file_offset"": 35372, ""floor_field"": 5, ""entity_id_field"": 18186, ""group"": 0, ""room"": 51, ""unknown_a3"": 0, ""position"": [30.002939224243164, -1.000000238418579, 29.997116088867188], ""angles"": [0, -16383, 0], ""params"": [-1.000000238418579, 1.0, 1.0, 65, -1, 0], ""unused_pointer"": 2365210704}"
challenge-ep1/c88104-bb-e,8,62,"{""base_type"": 34, ""set_flags"": 0, ""runtime_index"": 1722, ""file_offset"": 35440, ""floor_field"": 5, ""entity_id_field"": 18187, ""group"": 0, ""room"": 51, ""unknown_a3"": 0, ""position"": [99.99049377441406, -1.000000238418579, -100.00959777832031], ""angles"": [0, -16383, 0], ""params"": [-1.000000238418579, 1.0, 1.0, 66, -1, 0], ""unused_pointer"": 2365211008}"
challenge-ep1/c88104-bb-e,8,63,"{""base_type"": 34, ""set_flags"": 0, ""runtime_index"": 1723, ""file_offset"": 35508, ""floor_field"": 5, ""entity_id_field"": 18188, ""group"": 0, ""room"": 51, ""unknown_a3"": 0, ""position"": [100.0096664428711, -1.000000238418579, 99.99040985107422], ""angles"": [0, -16383, 0], ""params"": [-1.000000238418579, 1.0, 1.0, 67, -1, 0], ""unused_pointer"": 2365211312}"
challenge-ep1/c88104-bb-e,8,65,"{""base_type"": 34, ""set_flags"": 2, ""runtime_index"": 672, ""file_offset"": 35644, ""floor_field"": 5, ""entity_id_field"": 17056, ""group"": 0, ""room"": 52, ""unknown_a3"": 0, ""position"": [-74.98225402832031, 0.9999980926513672, 185.00718688964844], ""angles"": [0, -16383, 0], ""params"": [10.000004768371582, 1.0, 1.0, 22, -1, 0], ""unused_pointer"": 2365232272}"
challenge-ep1/c88104-bb-e,8,85,"{""base_type"": 34, ""set_flags"": 2, ""runtime_index"": 693, ""file_offset"": 37004, ""floor_field"": 5, ""entity_id_field"": 17077, ""group"": 0, ""room"": 62, ""unknown_a3"": 0, ""position"": [60.00004577636719, 1.000000238418579, 0.0], ""angles"": [0, 0, 0], ""params"": [-1.5000001192092896, 1.0, 1.0, 41, -1, 0], ""unused_pointer"": 2365241024}"
challenge-ep1/c88104-bb-e,9,81,"{""base_type"": 34, ""set_flags"": 0, ""runtime_index"": 2072, ""file_offset"": 42596, ""floor_field"": 5, ""entity_id_field"": 18434, ""group"": 0, ""room"": 30, ""unknown_a3"": 0, ""position"": [60.00001907348633, 1.000000238418579, 80.0], ""angles"": [0, 0, 0], ""params"": [-2.000000476837158, 1.0, 1.0, 208, 0, 0], ""unused_pointer"": 2365280496}"
challenge-ep1/c88104-bb-e,9,82,"{""base_type"": 34, ""set_flags"": 0, ""runtime_index"": 2073, ""file_offset"": 42664, ""floor_field"": 5, ""entity_id_field"": 18435, ""group"": 0, ""room"": 30, ""unknown_a3"": 0, ""position"": [60.00001907348633, 1.000000238418579, 40.0], ""angles"": [0, 0, 0], ""params"": [-2.000000476837158, 1.0, 1.0, 209, 0, 0], ""unused_pointer"": 2365280800}"
challenge-ep1/c88104-bb-e,9,83,"{""base_type"": 34, ""set_flags"": 0, ""runtime_index"": 2074, ""file_offset"": 42732, ""floor_field"": 5, ""entity_id_field"": 18436, ""group"": 0, ""room"": 30, ""unknown_a3"": 0, ""position"": [60.00001907348633, 1.000000238418579, 0.0], ""angles"": [0, 0, 0], ""params"": [-2.000000476837158, 1.0, 1.0, 210, 0, 0], ""unused_pointer"": 2365281104}"
challenge-ep1/c88104-bb-e,9,84,"{""base_type"": 34, ""set_flags"": 0, ""runtime_index"": 2075, ""file_offset"": 42800, ""floor_field"": 5, ""entity_id_field"": 18437, ""group"": 0, ""room"": 30, ""unknown_a3"": 0, ""position"": [60.00001907348633, 1.000000238418579, -40.0], ""angles"": [0, 0, 0], ""params"": [-2.000000476837158, 1.0, 1.0, 211, 0, 0], ""unused_pointer"": 2365281408}"
challenge-ep1/c88104-bb-e,9,85,"{""base_type"": 34, ""set_flags"": 0, ""runtime_index"": 1962, ""file_offset"": 42868, ""floor_field"": 5, ""entity_id_field"": 18555, ""group"": 0, ""room"": 30, ""unknown_a3"": 0, ""position"": [60.00001907348633, 1.0, -80.0], ""angles"": [0, 0, 0], ""params"": [-2.000000476837158, 1.0, 1.0, 212, 0, 0], ""unused_pointer"": 2365344928}"
challenge-ep1/c88104-bb-e,9,109,"{""base_type"": 34, ""set_flags"": 2, ""runtime_index"": 718, ""file_offset"": 44500, ""floor_field"": 5, ""entity_id_field"": 17102, ""group"": 0, ""room"": 40, ""unknown_a3"": 0, ""position"": [0.0, 1.000000238418579, 0.0], ""angles"": [0, -32768, 0], ""params"": [-3.0000007152557373, 1.0, 1.0, 201, -1, 0], ""unused_pointer"": 2365268240}"
challenge-ep1/c88104-bb-e,9,110,"{""base_type"": 34, ""set_flags"": 0, ""runtime_index"": 1948, ""file_offset"": 44568, ""floor_field"": 5, ""entity_id_field"": 18342, ""group"": 0, ""room"": 40, ""unknown_a3"": 0, ""position"": [45.0, 1.0, 110.0], ""angles"": [0, -32768, 0], ""params"": [-3.0000007152557373, 1.0, 1.0, 202, -1, 0], ""unused_pointer"": 2365147472}"
challenge-ep1/c88104-bb-e,9,169,"{""base_type"": 34, ""set_flags"": 0, ""runtime_index"": 2004, ""file_offset"": 48580, ""floor_field"": 5, ""entity_id_field"": 18363, ""group"": 0, ""room"": 70, ""unknown_a3"": 0, ""position"": [80.01441955566406, 1.000000238418579, 149.99234008789062], ""angles"": [0, -16383, 0], ""params"": [-2.000000476837158, 1.0, 1.0, 205, -1, 0], ""unused_pointer"": 2365227792}"
challenge-ep1/c88104-bb-j,5,103,"{""base_type"": 34, ""set_flags"": 0, ""runtime_index"": 2031, ""file_offset"": 8464, ""floor_field"": 5, ""entity_id_field"": 18445, ""group"": 0, ""room"": 40, ""unknown_a3"": 0, ""position"": [-50.0, 1.000000238418579, 80.0], ""angles"": [0, -32768, 0], ""params"": [-3.0000007152557373, 1.0, 1.0, 205, -1, 0], ""unused_pointer"": 2365204464}"
challenge-ep1/c88104-bb-j,5,104,"{""base_type"": 34, ""set_flags"": 0, ""runtime_index"": 2032, ""file_offset"": 8532, ""floor_field"": 5, ""entity_id_field"": 18446, ""group"": 0, ""room"": 40, ""unknown_a3"": 0, ""position"": [50.0, 1.000000238418579, 80.0], ""angles"": [0, -32768, 0], ""params"": [-3.0000007152557373, 1.0, 1.0, 204, -1, 0], ""unused_pointer"": 2365204768}"
challenge-ep1/c88104-bb-j,5,107,"{""base_type"": 34, ""set_flags"": 2, ""runtime_index"": 723, ""file_offset"": 8736, ""floor_field"": 5, ""entity_id_field"": 17107, ""group"": 0, ""room"": 41, ""unknown_a3"": 0, ""position"": [-100.00005340576172, 1.000000238418579, 80.0], ""angles"": [0, -32768, 0], ""params"": [-3.0000007152557373, 1.0, 1.0, 60, -1, 0], ""unused_pointer"": 2365230512}"
challenge-ep1/c88104-bb-j,5,133,"{""base_type"": 34, ""set_flags"": 2, ""runtime_index"": 755, ""file_offset"": 10504, ""floor_field"": 5, ""entity_id_field"": 18549, ""group"": 0, ""room"": 51, ""unknown_a3"": 0, ""position"": [0.0, 1.000000238418579, 147.0], ""angles"": [0, -32768, 0], ""params"": [5.000000953674316, 1.0, 1.0, 131, 0, 0], ""unused_pointer"": 2365208720}"
challenge-ep1/c88104-bb-j,5,152,"{""base_type"": 34, ""set_flags"": 0, ""runtime_index"": 2071, ""file_offset"": 11796, ""floor_field"": 5, ""entity_id_field"": 19560, ""group"": 0, ""room"": 52, ""unknown_a3"": 0, ""position"": [0.0, 1.0, 0.0], ""angles"": [0, -49152, 0], ""params"": [-1.000000238418579, 1.0, 1.0, 100, -1, 0], ""unused_pointer"": 2365156992}"
challenge-ep1/c88104-bb-j,5,185,"{""base_type"": 34, ""set_flags"": 2, ""runtime_index"": 794, ""file_offset"": 14040, ""floor_field"": 5, ""entity_id_field"": 17178, ""group"": 0, ""room"": 61, ""unknown_a3"": 0, ""position"": [0.0, 1.000000238418579, 0.0], ""angles"": [0, 0, 0], ""params"": [-2.000000476837158, 1.0, 1.0, 130, -1, 0], ""unused_pointer"": 2365310752}"
challenge-ep1/c88104-bb-j,5,190,"{""base_type"": 34, ""set_flags"": 2, ""runtime_index"": 786, ""file_offset"": 14380, ""floor_field"": 5, ""entity_id_field"": 19066, ""group"": 0, ""room"": 71, ""unknown_a3"": 0, ""position"": [0.0166015625, 1.000000238418579, 169.99996948242188], ""angles"": [0, -16383, 0], ""params"": [5.000000953674316, 1.0, 1.0, 206, 0, 0], ""unused_pointer"": 2365296864}"
challenge-ep1/c88104-bb-j,6,36,"{""base_type"": 34, ""set_flags"": 0, ""runtime_index"": 1770, ""file_offset"": 17184, ""floor_field"": 5, ""entity_id_field"": 18379, ""group"": 0, ""room"": 40, ""unknown_a3"": 0, ""position"": [-74.50003051757812, 0.9999980926513672, 185.0], ""angles"": [0, -32768, 0], ""params"": [10.000009536743164, 1.0, 1.0, 15, -1, 0], ""unused_pointer"": 2365154128}"
challenge-ep1/c88104-bb-j,6,41,"{""base_type"": 34, ""set_flags"": 0, ""runtime_index"": 1830, ""file_offset"": 17524, ""floor_field"": 5, ""entity_id_field"": 18384, ""group"": 0, ""room"": 40, ""unknown_a3"": 0, ""position"": [77.6649169921875, 0.0, 78.72613525390625], ""angles"": [0, -32768, 0], ""params"": [2.499999761581421, 1.0, 1.0, 22, -1, 0], ""unused_pointer"": 2365154736}"
challenge-ep1/c88104-bb-j,6,51,"{""base_type"": 34, ""set_flags"": 0, ""runtime_index"": 1772, ""file_offset"": 18204, ""floor_field"": 5, ""entity_id_field"": 18259, ""group"": 0, ""room"": 70, ""unknown_a3"": 0, ""position"": [-0.022530419752001762, 0.0, -235.00013732910156], ""angles"": [0, -16383, 0], ""params"": [10.000009536743164, 1.0, 1.0, 16, -1, 0], ""unused_pointer"": 2365152880}"
challenge-ep1/c88104-bb-j,7,96,"{""base_type"": 34, ""set_flags"": 0, ""runtime_index"": 1960, ""file_offset"": 24952, ""floor_field"": 5, ""entity_id_field"": 18477, ""group"": 0, ""room"": 32, ""unknown_a3"": 0, ""position"": [-89.00863647460938, 1.000000238418579, -88.99143981933594], ""angles"": [0, -16383, 0], ""params"": [-6.000000953674316, 1.0, 1.0, 207, 0, 0], ""unused_pointer"": 2365301344}"
challenge-ep1/c88104-bb-j,7,97,"{""base_type"": 34, ""set_flags"": 0, ""runtime_index"": 1964, ""file_offset"": 25020, ""floor_field"": 5, ""entity_id_field"": 18497, ""group"": 0, ""room"": 32, ""unknown_a3"": 0, ""position"": [88.99136352539062, 1.000000238418579, -89.00851440429688], ""angles"": [0, -16383, 0], ""params"": [-6.000000953674316, 1.0, 1.0, 208, 0, 0], ""unused_pointer"": 2365301648}"
challenge-ep1/c88104-bb-j,7,110,"{""base_type"": 34, ""set_flags"": 0, ""runtime_index"": 1823, ""file_offset"": 25904, ""floor_field"": 5, ""entity_id_field"": 18755, ""group"": 0, ""room"": 40, ""unknown_a3"": 0, ""position"": [-95.00004577636719, 1.000000238418579, 50.0], ""angles"": [0, -32768, 0], ""params"": [-3.0000007152557373, 1.0, 1.0, 200, -1, 0], ""unused_pointer"": 2365256528}"
challenge-ep1/c88104-bb-j,7,122,"{""base_type"": 34, ""set_flags"": 2, ""runtime_index"": 728, ""file_offset"": 26720, ""floor_field"": 5, ""entity_id_field"": 17112, ""group"": 0, ""room"": 51, ""unknown_a3"": 0, ""position"": [105.00000762939453, 1.000000238418579, -75.0], ""angles"": [0, -32768, 0], ""params"": [25.000009536743164, 1.0, 1.0, 201, 0, 0], ""unused_pointer"": 2365277968}"
challenge-ep1/c88104-bb-j,7,143,"{""base_type"": 34, ""set_flags"": 0, ""runtime_index"": 1829, ""file_offset"": 28148, ""floor_field"": 5, ""entity_id_field"": 18974, ""group"": 0, ""room"": 53, ""unknown_a3"": 0, ""position"": [-75.0, 0.0, 260.0], ""angles"": [0, 0, 0], ""params"": [20.000001907348633, 1.0, 1.0, 206, 0, 0], ""unused_pointer"": 2365228432}"
challenge-ep1/c88104-bb-j,7,161,"{""base_type"": 34, ""set_flags"": 0, ""runtime_index"": 1878, ""file_offset"": 29372, ""floor_field"": 5, ""entity_id_field"": 18732, ""group"": 0, ""room"": 60, ""unknown_a3"": 0, ""position"": [19.993331909179688, 1.000000238418579, -70.00191497802734], ""angles"": [0, -16383, 0], ""params"": [-3.0000007152557373, 1.0, 1.0, 203, 0, 0], ""unused_pointer"": 2365224480}"
challenge-ep1/c88104-bb-j,7,162,"{""base_type"": 34, ""set_flags"": 0, ""runtime_index"": 1879, ""file_offset"": 29440, ""floor_field"": 5, ""entity_id_field"": 18733, ""group"": 0, ""room"": 60, ""unknown_a3"": 0, ""position"": [20.006759643554688, 1.000000238418579, 69.99808502197266], ""angles"": [0, -16383, 0], ""params"": [-3.0000007152557373, 1.0, 1.0, 204, 0, 0], ""unused_pointer"": 2365224784}"
challenge-ep1/c88104-bb-j,7,167,"{""base_type"": 34, ""set_flags"": 0, ""runtime_index"": 1880, ""file_offset"": 29780, ""floor_field"": 5, ""entity_id_field"": 18738, ""group"": 0, ""room"": 60, ""unknown_a3"": 0, ""position"": [40.00004577636719, 1.000000238418579, -0.0038318634033203125], ""angles"": [0, -16383, 0], ""params"": [-3.0000007152557373, 1.0, 1.0, 205, 0, 0], ""unused_pointer"": 2365228128}"
challenge-ep1/c88104-bb-j,8,24,"{""base_type"": 34, ""set_flags"": 0, ""runtime_index"": 1502, ""file_offset"": 32856, ""floor_field"": 5, ""entity_id_field"": 18016, ""group"": 0, ""room"": 50, ""unknown_a3"": 0, ""position"": [-75.0, 0.0, -185.00006103515625], ""angles"": [0, 0, 0], ""params"": [11.000004768371582, 1.0, 1.0, 21, -1, 0], ""unused_pointer"": 2365139840}"
challenge-ep1/c88104-bb-j,8,56,"{""base_type"": 34, ""set_flags"": 0, ""runtime_index"": 1716, ""file_offset"": 35032, ""floor_field"": 5, ""entity_id_field"": 18181, ""group"": 0, ""room"": 51, ""unknown_a3"": 0, ""position"": [-100.00959777832031, -1.000000238418579, -99.99042510986328], ""angles"": [0, -16383, 0], ""params"": [-1.000000238418579, 1.0, 1.0, 60, -1, 0], ""unused_pointer"": 2365209184}"
challenge-ep1/c88104-bb-j,8,57,"{""base_type"": 34, ""set_flags"": 0, ""runtime_index"": 1717, ""file_offset"": 35100, ""floor_field"": 5, ""entity_id_field"": 18182, ""group"": 0, ""room"": 51, ""unknown_a3"": 0, ""position"": [-99.99041748046875, -1.000000238418579, 100.00957489013672], ""angles"": [0, -16383, 0], ""params"": [-1.000000238418579, 1.0, 1.0, 61, -1, 0], ""unused_pointer"": 2365209488}"
challenge-ep1/c88104-bb-j,8,58,"{""base_type"": 34, ""set_flags"": 0, ""runtime_index"": 1718, ""file_offset"": 35168, ""floor_field"": 5, ""entity_id_field"": 18183, ""group"": 0, ""room"": 51, ""unknown_a3"": 0, ""position"": [-30.002845764160156, -1.000000238418579, -29.99713134765625], ""angles"": [0, -16383, 0], ""params"": [-1.000000238418579, 1.0, 1.0, 62, -1, 0], ""unused_pointer"": 2365209792}"
challenge-ep1/c88104-bb-j,8,59,"{""base_type"": 34, ""set_flags"": 0, ""runtime_index"": 1719, ""file_offset"": 35236, ""floor_field"": 5, ""entity_id_field"": 18184, ""group"": 0, ""room"": 51, ""unknown_a3"": 0, ""position"": [-29.997095108032227, -1.000000238418579, 30.00286865234375], ""angles"": [0, -16383, 0], ""params"": [-1.000000238418579, 1.0, 1.0, 63, -1, 0], ""unused_pointer"": 2365210096}"
challenge-ep1/c88104-bb-j,8,60,"{""base_type"": 34, ""set_flags"": 0, ""runtime_index"": 1720, ""file_offset"": 35304, ""floor_field"": 5, ""entity_id_field"": 18185, ""group"": 0, ""room"": 51, ""unknown_a3"": 0, ""position"": [29.997188568115234, -1.000000238418579, -30.002883911132812], ""angles"": [0, -16383, 0], ""params"": [-1.000000238418579, 1.0, 1.0, 64, -1, 0], ""unused_pointer"": 2365210400}"
challenge-ep1/c88104-bb-j,8,61,"{""base_type"": 34, ""set_flags"": 0, ""runtime_index"": 1721, ""file_offset"": 35372, ""floor_field"": 5, ""entity_id_field"": 18186, ""group"": 0, ""room"": 51, ""unknown_a3"": 0, ""position"": [30.002939224243164, -1.000000238418579, 29.997116088867188], ""angles"": [0, -16383, 0], ""params"": [-1.000000238418579, 1.0, 1.0, 65, -1, 0], ""unused_pointer"": 2365210704}"
challenge-ep1/c88104-bb-j,8,62,"{""base_type"": 34, ""set_flags"": 0, ""runtime_index"": 1722, ""file_offset"": 35440, ""floor_field"": 5, ""entity_id_field"": 18187, ""group"": 0, ""room"": 51, ""unknown_a3"": 0, ""position"": [99.99049377441406, -1.000000238418579, -100.00959777832031], ""angles"": [0, -16383, 0], ""params"": [-1.000000238418579, 1.0, 1.0, 66, -1, 0], ""unused_pointer"": 2365211008}"
challenge-ep1/c88104-bb-j,8,63,"{""base_type"": 34, ""set_flags"": 0, ""runtime_index"": 1723, ""file_offset"": 35508, ""floor_field"": 5, ""entity_id_field"": 18188, ""group"": 0, ""room"": 51, ""unknown_a3"": 0, ""position"": [100.0096664428711, -1.000000238418579, 99.99040985107422], ""angles"": [0, -16383, 0], ""params"": [-1.000000238418579, 1.0, 1.0, 67, -1, 0], ""unused_pointer"": 2365211312}"
challenge-ep1/c88104-bb-j,8,65,"{""base_type"": 34, ""set_flags"": 2, ""runtime_index"": 672, ""file_offset"": 35644, ""floor_field"": 5, ""entity_id_field"": 17056, ""group"": 0, ""room"": 52, ""unknown_a3"": 0, ""position"": [-74.98225402832031, 0.9999980926513672, 185.00718688964844], ""angles"": [0, -16383, 0], ""params"": [10.000004768371582, 1.0, 1.0, 22, -1, 0], ""unused_pointer"": 2365232272}"
challenge-ep1/c88104-bb-j,8,85,"{""base_type"": 34, ""set_flags"": 2, ""runtime_index"": 693, ""file_offset"": 37004, ""floor_field"": 5, ""entity_id_field"": 17077, ""group"": 0, ""room"": 62, ""unknown_a3"": 0, ""position"": [60.00004577636719, 1.000000238418579, 0.0], ""angles"": [0, 0, 0], ""params"": [-1.5000001192092896, 1.0, 1.0, 41, -1, 0], ""unused_pointer"": 2365241024}"
challenge-ep1/c88104-bb-j,9,81,"{""base_type"": 34, ""set_flags"": 0, ""runtime_index"": 2072, ""file_offset"": 42596, ""floor_field"": 5, ""entity_id_field"": 18434, ""group"": 0, ""room"": 30, ""unknown_a3"": 0, ""position"": [60.00001907348633, 1.000000238418579, 80.0], ""angles"": [0, 0, 0], ""params"": [-2.000000476837158, 1.0, 1.0, 208, 0, 0], ""unused_pointer"": 2365280496}"
challenge-ep1/c88104-bb-j,9,82,"{""base_type"": 34, ""set_flags"": 0, ""runtime_index"": 2073, ""file_offset"": 42664, ""floor_field"": 5, ""entity_id_field"": 18435, ""group"": 0, ""room"": 30, ""unknown_a3"": 0, ""position"": [60.00001907348633, 1.000000238418579, 40.0], ""angles"": [0, 0, 0], ""params"": [-2.000000476837158, 1.0, 1.0, 209, 0, 0], ""unused_pointer"": 2365280800}"
challenge-ep1/c88104-bb-j,9,83,"{""base_type"": 34, ""set_flags"": 0, ""runtime_index"": 2074, ""file_offset"": 42732, ""floor_field"": 5, ""entity_id_field"": 18436, ""group"": 0, ""room"": 30, ""unknown_a3"": 0, ""position"": [60.00001907348633, 1.000000238418579, 0.0], ""angles"": [0, 0, 0], ""params"": [-2.000000476837158, 1.0, 1.0, 210, 0, 0], ""unused_pointer"": 2365281104}"
challenge-ep1/c88104-bb-j,9,84,"{""base_type"": 34, ""set_flags"": 0, ""runtime_index"": 2075, ""file_offset"": 42800, ""floor_field"": 5, ""entity_id_field"": 18437, ""group"": 0, ""room"": 30, ""unknown_a3"": 0, ""position"": [60.00001907348633, 1.000000238418579, -40.0], ""angles"": [0, 0, 0], ""params"": [-2.000000476837158, 1.0, 1.0, 211, 0, 0], ""unused_pointer"": 2365281408}"
challenge-ep1/c88104-bb-j,9,85,"{""base_type"": 34, ""set_flags"": 0, ""runtime_index"": 1962, ""file_offset"": 42868, ""floor_field"": 5, ""entity_id_field"": 18555, ""group"": 0, ""room"": 30, ""unknown_a3"": 0, ""position"": [60.00001907348633, 1.0, -80.0], ""angles"": [0, 0, 0], ""params"": [-2.000000476837158, 1.0, 1.0, 212, 0, 0], ""unused_pointer"": 2365344928}"
challenge-ep1/c88104-bb-j,9,109,"{""base_type"": 34, ""set_flags"": 2, ""runtime_index"": 718, ""file_offset"": 44500, ""floor_field"": 5, ""entity_id_field"": 17102, ""group"": 0, ""room"": 40, ""unknown_a3"": 0, ""position"": [0.0, 1.000000238418579, 0.0], ""angles"": [0, -32768, 0], ""params"": [-3.0000007152557373, 1.0, 1.0, 201, -1, 0], ""unused_pointer"": 2365268240}"
challenge-ep1/c88104-bb-j,9,110,"{""base_type"": 34, ""set_flags"": 0, ""runtime_index"": 1948, ""file_offset"": 44568, ""floor_field"": 5, ""entity_id_field"": 18342, ""group"": 0, ""room"": 40, ""unknown_a3"": 0, ""position"": [45.0, 1.0, 110.0], ""angles"": [0, -32768, 0], ""params"": [-3.0000007152557373, 1.0, 1.0, 202, -1, 0], ""unused_pointer"": 2365147472}"
challenge-ep1/c88104-bb-j,9,169,"{""base_type"": 34, ""set_flags"": 0, ""runtime_index"": 2004, ""file_offset"": 48580, ""floor_field"": 5, ""entity_id_field"": 18363, ""group"": 0, ""room"": 70, ""unknown_a3"": 0, ""position"": [80.01441955566406, 1.000000238418579, 149.99234008789062], ""angles"": [0, -16383, 0], ""params"": [-2.000000476837158, 1.0, 1.0, 205, -1, 0], ""unused_pointer"": 2365227792}"
challenge-ep1/c88105-bb-e,6,59,"{""base_type"": 34, ""set_flags"": 0, ""runtime_index"": 1977, ""file_offset"": 5472, ""floor_field"": 6, ""entity_id_field"": 18470, ""group"": 0, ""room"": 20, ""unknown_a3"": 0, ""position"": [-10.0, 1.000000238418579, -60.00002670288086], ""angles"": [0, 0, 0], ""params"": [-1.000000238418579, 1.0, 1.0, 211, -1, 0], ""unused_pointer"": 2365130272}"
challenge-ep1/c88105-bb-e,6,61,"{""base_type"": 34, ""set_flags"": 0, ""runtime_index"": 1979, ""file_offset"": 5608, ""floor_field"": 6, ""entity_id_field"": 18472, ""group"": 0, ""room"": 20, ""unknown_a3"": 0, ""position"": [70.0, 1.000000238418579, -60.00002670288086], ""angles"": [0, 0, 0], ""params"": [-1.000000238418579, 1.0, 1.0, 210, -1, 0], ""unused_pointer"": 2365130800}"
challenge-ep1/c88105-bb-e,6,80,"{""base_type"": 34, ""set_flags"": 2, ""runtime_index"": 891, ""file_offset"": 6900, ""floor_field"": 6, ""entity_id_field"": 17275, ""group"": 0, ""room"": 22, ""unknown_a3"": 0, ""position"": [0.0, 1.000000238418579, -57.0], ""angles"": [0, 0, 0], ""params"": [-1.000000238418579, 1.0, 1.0, 200, -1, 0], ""unused_pointer"": 2365223376}"
challenge-ep1/c88105-bb-e,6,89,"{""base_type"": 34, ""set_flags"": 0, ""runtime_index"": 1971, ""file_offset"": 7512, ""floor_field"": 6, ""entity_id_field"": 18441, ""group"": 0, ""room"": 40, ""unknown_a3"": 0, ""position"": [-75.0, 0.9999997615814209, 0.0], ""angles"": [0, 0, 0], ""params"": [-2.000000476837158, 1.0, 1.0, 204, 0, 0], ""unused_pointer"": 2365283440}"
challenge-ep1/c88105-bb-e,6,90,"{""base_type"": 34, ""set_flags"": 0, ""runtime_index"": 1969, ""file_offset"": 7580, ""floor_field"": 6, ""entity_id_field"": 18442, ""group"": 0, ""room"": 40, ""unknown_a3"": 0, ""position"": [0.0, 1.0, -75.0], ""angles"": [0, 0, 0], ""params"": [-2.000000476837158, 1.0, 1.0, 203, 0, 0], ""unused_pointer"": 2365283744}"
challenge-ep1/c88105-bb-e,7,23,"{""base_type"": 34, ""set_flags"": 2, ""runtime_index"": 227, ""file_offset"": 15484, ""floor_field"": 6, ""entity_id_field"": 16611, ""group"": 0, ""room"": 20, ""unknown_a3"": 0, ""position"": [0.0, 0.0, -120.0], ""angles"": [0, 0, 0], ""params"": [10.000004768371582, 1.0, 1.0, 22, -1, 0], ""unused_pointer"": 74289168}"
challenge-ep1/c88105-bb-e,7,29,"{""base_type"": 34, ""set_flags"": 2, ""runtime_index"": 233, ""file_offset"": 15892, ""floor_field"": 6, ""entity_id_field"": 16617, ""group"": 0, ""room"": 20, ""unknown_a3"": 0, ""position"": [0.0, -0.20000001788139343, 0.0], ""angles"": [0, 0, 0], ""params"": [30.000015258789062, 1.0, 1.0, 41, -1, 0], ""unused_pointer"": 74290528}"
challenge-ep1/c88105-bb-e,7,34,"{""base_type"": 34, ""set_flags"": 2, ""runtime_index"": 238, ""file_offset"": 16232, ""floor_field"": 6, ""entity_id_field"": 16622, ""group"": 0, ""room"": 21, ""unknown_a3"": 0, ""position"": [0.0, 1.000000238418579, 0.0], ""angles"": [0, 0, 0], ""params"": [60.00002670288086, 1.0, 1.0, 30, -1, 0], ""unused_pointer"": 74294368}"
challenge-ep1/c88105-bb-e,7,43,"{""base_type"": 34, ""set_flags"": 2, ""runtime_index"": 247, ""file_offset"": 16844, ""floor_field"": 6, ""entity_id_field"": 16631, ""group"": 0, ""room"": 30, ""unknown_a3"": 0, ""position"": [0.0, 0.0, 0.0], ""angles"": [0, -16383, 0], ""params"": [1.0, 1.0, 1.0, 42, -1, 0], ""unused_pointer"": 74306640}"
challenge-ep1/c88105-bb-e,7,52,"{""base_type"": 34, ""set_flags"": 2, ""runtime_index"": 256, ""file_offset"": 17456, ""floor_field"": 6, ""entity_id_field"": 16640, ""group"": 0, ""room"": 60, ""unknown_a3"": 0, ""position"": [-120.00000762939453, 0.0, 240.00010681152344], ""angles"": [0, 0, 0], ""params"": [10.000004768371582, 1.0, 1.0, 21, -1, 0], ""unused_pointer"": 74310224}"
challenge-ep1/c88105-bb-e,8,139,"{""base_type"": 34, ""set_flags"": 0, ""runtime_index"": 1950, ""file_offset"": 27264, ""floor_field"": 6, ""entity_id_field"": 18590, ""group"": 0, ""room"": 70, ""unknown_a3"": 0, ""position"": [112.0, 1.000000238418579, -112.0], ""angles"": [0, -32768, 0], ""params"": [-2.000000476837158, 1.0, 1.0, 207, -1, 0], ""unused_pointer"": 2365137664}"
challenge-ep1/c88105-bb-e,9,31,"{""base_type"": 34, ""set_flags"": 0, ""runtime_index"": 1600, ""file_offset"": 31496, ""floor_field"": 6, ""entity_id_field"": 18115, ""group"": 0, ""room"": 51, ""unknown_a3"": 0, ""position"": [0.0, 0.0, -240.0], ""angles"": [0, 0, 0], ""params"": [10.000004768371582, 1.0, 1.0, 21, -1, 0], ""unused_pointer"": 2365156496}"
challenge-ep1/c88105-bb-e,9,39,"{""base_type"": 34, ""set_flags"": 0, ""runtime_index"": 1639, ""file_offset"": 32040, ""floor_field"": 6, ""entity_id_field"": 18124, ""group"": 0, ""room"": 51, ""unknown_a3"": 0, ""position"": [0.0, -1.000000238418579, 60.0], ""angles"": [0, 0, 0], ""params"": [0.0, 1.0, 1.0, 30, -1, 0], ""unused_pointer"": 2365159984}"
challenge-ep1/c88105-bb-e,9,43,"{""base_type"": 34, ""set_flags"": 0, ""runtime_index"": 1606, ""file_offset"": 32312, ""floor_field"": 6, ""entity_id_field"": 18158, ""group"": 0, ""room"": 60, ""unknown_a3"": 0, ""position"": [-240.00003051757812, 0.0, -120.0], ""angles"": [0, 0, 0], ""params"": [10.000004768371582, 1.0, 1.0, 23, -1, 0], ""unused_pointer"": 2365157520}"
challenge-ep1/c88105-bb-e,9,53,"{""base_type"": 34, ""set_flags"": 2, ""runtime_index"": 847, ""file_offset"": 32992, ""floor_field"": 6, ""entity_id_field"": 17231, ""group"": 0, ""room"": 221, ""unknown_a3"": 0, ""position"": [120.0, 0.0, 0.0], ""angles"": [0, 0, 0], ""params"": [10.000004768371582, 1.0, 1.0, 22, -1, 0], ""unused_pointer"": 2365234576}"
challenge-ep1/c88105-bb-e,10,120,"{""base_type"": 34, ""set_flags"": 2, ""runtime_index"": 931, ""file_offset"": 41304, ""floor_field"": 6, ""entity_id_field"": 17315, ""group"": 0, ""room"": 70, ""unknown_a3"": 0, ""position"": [-120.01145935058594, 1.000000238418579, -119.98843383789062], ""angles"": [0, -16383, 0], ""params"": [-2.000000476837158, 1.0, 1.0, 205, -1, 0], ""unused_pointer"": 2365244864}"
challenge-ep1/c88105-bb-j,6,59,"{""base_type"": 34, ""set_flags"": 0, ""runtime_index"": 1977, ""file_offset"": 5472, ""floor_field"": 6, ""entity_id_field"": 18470, ""group"": 0, ""room"": 20, ""unknown_a3"": 0, ""position"": [-10.0, 1.000000238418579, -60.00002670288086], ""angles"": [0, 0, 0], ""params"": [-1.000000238418579, 1.0, 1.0, 211, -1, 0], ""unused_pointer"": 2365130272}"
challenge-ep1/c88105-bb-j,6,61,"{""base_type"": 34, ""set_flags"": 0, ""runtime_index"": 1979, ""file_offset"": 5608, ""floor_field"": 6, ""entity_id_field"": 18472, ""group"": 0, ""room"": 20, ""unknown_a3"": 0, ""position"": [70.0, 1.000000238418579, -60.00002670288086], ""angles"": [0, 0, 0], ""params"": [-1.000000238418579, 1.0, 1.0, 210, -1, 0], ""unused_pointer"": 2365130800}"
challenge-ep1/c88105-bb-j,6,80,"{""base_type"": 34, ""set_flags"": 2, ""runtime_index"": 891, ""file_offset"": 6900, ""floor_field"": 6, ""entity_id_field"": 17275, ""group"": 0, ""room"": 22, ""unknown_a3"": 0, ""position"": [0.0, 1.000000238418579, -57.0], ""angles"": [0, 0, 0], ""params"": [-1.000000238418579, 1.0, 1.0, 200, -1, 0], ""unused_pointer"": 2365223376}"
challenge-ep1/c88105-bb-j,6,89,"{""base_type"": 34, ""set_flags"": 0, ""runtime_index"": 1971, ""file_offset"": 7512, ""floor_field"": 6, ""entity_id_field"": 18441, ""group"": 0, ""room"": 40, ""unknown_a3"": 0, ""position"": [-75.0, 0.9999997615814209, 0.0], ""angles"": [0, 0, 0], ""params"": [-2.000000476837158, 1.0, 1.0, 204, 0, 0], ""unused_pointer"": 2365283440}"
challenge-ep1/c88105-bb-j,6,90,"{""base_type"": 34, ""set_flags"": 0, ""runtime_index"": 1969, ""file_offset"": 7580, ""floor_field"": 6, ""entity_id_field"": 18442, ""group"": 0, ""room"": 40, ""unknown_a3"": 0, ""position"": [0.0, 1.0, -75.0], ""angles"": [0, 0, 0], ""params"": [-2.000000476837158, 1.0, 1.0, 203, 0, 0], ""unused_pointer"": 2365283744}"
challenge-ep1/c88105-bb-j,7,23,"{""base_type"": 34, ""set_flags"": 2, ""runtime_index"": 227, ""file_offset"": 15484, ""floor_field"": 6, ""entity_id_field"": 16611, ""group"": 0, ""room"": 20, ""unknown_a3"": 0, ""position"": [0.0, 0.0, -120.0], ""angles"": [0, 0, 0], ""params"": [10.000004768371582, 1.0, 1.0, 22, -1, 0], ""unused_pointer"": 74289168}"
challenge-ep1/c88105-bb-j,7,29,"{""base_type"": 34, ""set_flags"": 2, ""runtime_index"": 233, ""file_offset"": 15892, ""floor_field"": 6, ""entity_id_field"": 16617, ""group"": 0, ""room"": 20, ""unknown_a3"": 0, ""position"": [0.0, -0.20000001788139343, 0.0], ""angles"": [0, 0, 0], ""params"": [30.000015258789062, 1.0, 1.0, 41, -1, 0], ""unused_pointer"": 74290528}"
challenge-ep1/c88105-bb-j,7,34,"{""base_type"": 34, ""set_flags"": 2, ""runtime_index"": 238, ""file_offset"": 16232, ""floor_field"": 6, ""entity_id_field"": 16622, ""group"": 0, ""room"": 21, ""unknown_a3"": 0, ""position"": [0.0, 1.000000238418579, 0.0], ""angles"": [0, 0, 0], ""params"": [60.00002670288086, 1.0, 1.0, 30, -1, 0], ""unused_pointer"": 74294368}"
challenge-ep1/c88105-bb-j,7,43,"{""base_type"": 34, ""set_flags"": 2, ""runtime_index"": 247, ""file_offset"": 16844, ""floor_field"": 6, ""entity_id_field"": 16631, ""group"": 0, ""room"": 30, ""unknown_a3"": 0, ""position"": [0.0, 0.0, 0.0], ""angles"": [0, -16383, 0], ""params"": [1.0, 1.0, 1.0, 42, -1, 0], ""unused_pointer"": 74306640}"
challenge-ep1/c88105-bb-j,7,52,"{""base_type"": 34, ""set_flags"": 2, ""runtime_index"": 256, ""file_offset"": 17456, ""floor_field"": 6, ""entity_id_field"": 16640, ""group"": 0, ""room"": 60, ""unknown_a3"": 0, ""position"": [-120.00000762939453, 0.0, 240.00010681152344], ""angles"": [0, 0, 0], ""params"": [10.000004768371582, 1.0, 1.0, 21, -1, 0], ""unused_pointer"": 74310224}"
challenge-ep1/c88105-bb-j,8,139,"{""base_type"": 34, ""set_flags"": 0, ""runtime_index"": 1950, ""file_offset"": 27264, ""floor_field"": 6, ""entity_id_field"": 18590, ""group"": 0, ""room"": 70, ""unknown_a3"": 0, ""position"": [112.0, 1.000000238418579, -112.0], ""angles"": [0, -32768, 0], ""params"": [-2.000000476837158, 1.0, 1.0, 207, -1, 0], ""unused_pointer"": 2365137664}"
challenge-ep1/c88105-bb-j,9,31,"{""base_type"": 34, ""set_flags"": 0, ""runtime_index"": 1600, ""file_offset"": 31496, ""floor_field"": 6, ""entity_id_field"": 18115, ""group"": 0, ""room"": 51, ""unknown_a3"": 0, ""position"": [0.0, 0.0, -240.0], ""angles"": [0, 0, 0], ""params"": [10.000004768371582, 1.0, 1.0, 21, -1, 0], ""unused_pointer"": 2365156496}"
challenge-ep1/c88105-bb-j,9,39,"{""base_type"": 34, ""set_flags"": 0, ""runtime_index"": 1639, ""file_offset"": 32040, ""floor_field"": 6, ""entity_id_field"": 18124, ""group"": 0, ""room"": 51, ""unknown_a3"": 0, ""position"": [0.0, -1.000000238418579, 60.0], ""angles"": [0, 0, 0], ""params"": [0.0, 1.0, 1.0, 30, -1, 0], ""unused_pointer"": 2365159984}"
challenge-ep1/c88105-bb-j,9,43,"{""base_type"": 34, ""set_flags"": 0, ""runtime_index"": 1606, ""file_offset"": 32312, ""floor_field"": 6, ""entity_id_field"": 18158, ""group"": 0, ""room"": 60, ""unknown_a3"": 0, ""position"": [-240.00003051757812, 0.0, -120.0], ""angles"": [0, 0, 0], ""params"": [10.000004768371582, 1.0, 1.0, 23, -1, 0], ""unused_pointer"": 2365157520}"
challenge-ep1/c88105-bb-j,9,53,"{""base_type"": 34, ""set_flags"": 2, ""runtime_index"": 847, ""file_offset"": 32992, ""floor_field"": 6, ""entity_id_field"": 17231, ""group"": 0, ""room"": 221, ""unknown_a3"": 0, ""position"": [120.0, 0.0, 0.0], ""angles"": [0, 0, 0], ""params"": [10.000004768371582, 1.0, 1.0, 22, -1, 0], ""unused_pointer"": 2365234576}"
challenge-ep1/c88105-bb-j,10,120,"{""base_type"": 34, ""set_flags"": 2, ""runtime_index"": 931, ""file_offset"": 41304, ""floor_field"": 6, ""entity_id_field"": 17315, ""group"": 0, ""room"": 70, ""unknown_a3"": 0, ""position"": [-120.01145935058594, 1.000000238418579, -119.98843383789062], ""angles"": [0, -16383, 0], ""params"": [-2.000000476837158, 1.0, 1.0, 205, -1, 0], ""unused_pointer"": 2365244864}"
challenge-ep1/c88106-bb-e,7,86,"{""base_type"": 34, ""set_flags"": 2, ""runtime_index"": 1080, ""file_offset"": 7308, ""floor_field"": 7, ""entity_id_field"": 17464, ""group"": 0, ""room"": 41, ""unknown_a3"": 0, ""position"": [60.0, 1.000000238418579, 60.0], ""angles"": [0, 0, 0], ""params"": [-2.000000476837158, 1.0, 1.0, 204, 0, 0], ""unused_pointer"": 2365234784}"
challenge-ep1/c88106-bb-e,7,87,"{""base_type"": 34, ""set_flags"": 2, ""runtime_index"": 1081, ""file_offset"": 7376, ""floor_field"": 7, ""entity_id_field"": 17465, ""group"": 0, ""room"": 41, ""unknown_a3"": 0, ""position"": [60.0, 1.000000238418579, -60.0], ""angles"": [0, 0, 0], ""params"": [-2.000000476837158, 1.0, 1.0, 203, 0, 0], ""unused_pointer"": 2365235088}"
challenge-ep1/c88106-bb-e,7,88,"{""base_type"": 34, ""set_flags"": 2, ""runtime_index"": 1082, ""file_offset"": 7444, ""floor_field"": 7, ""entity_id_field"": 17466, ""group"": 0, ""room"": 41, ""unknown_a3"": 0, ""position"": [-60.0, 1.000000238418579, -60.0], ""angles"": [0, 0, 0], ""params"": [-2.000000476837158, 1.0, 1.0, 205, 0, 0], ""unused_pointer"": 2365235392}"
challenge-ep1/c88106-bb-e,7,89,"{""base_type"": 34, ""set_flags"": 2, ""runtime_index"": 1083, ""file_offset"": 7512, ""floor_field"": 7, ""entity_id_field"": 17467, ""group"": 0, ""room"": 41, ""unknown_a3"": 0, ""position"": [-60.0, 1.000000238418579, 60.0], ""angles"": [0, 0, 0], ""params"": [-2.000000476837158, 1.0, 1.0, 206, 0, 0], ""unused_pointer"": 2365235696}"
challenge-ep1/c88106-bb-e,7,125,"{""base_type"": 34, ""set_flags"": 0, ""runtime_index"": 1948, ""file_offset"": 9960, ""floor_field"": 7, ""entity_id_field"": 18569, ""group"": 0, ""room"": 70, ""unknown_a3"": 0, ""position"": [-66.998046875, 6.0, 66.99853515625], ""angles"": [0, 0, 0], ""params"": [-2.000000476837158, 1.0, 1.0, 201, -1, 0], ""unused_pointer"": 2365214896}"
challenge-ep1/c88106-bb-e,8,52,"{""base_type"": 34, ""set_flags"": 2, ""runtime_index"": 1065, ""file_offset"": 15008, ""floor_field"": 7, ""entity_id_field"": 18453, ""group"": 0, ""room"": 51, ""unknown_a3"": 0, ""position"": [0.0, -0.10000000894069672, 0.0], ""angles"": [0, -16384, 0], ""params"": [-4.000000953674316, 1.0, 1.0, 55, -1, 0], ""unused_pointer"": 2365176864}"
challenge-ep1/c88106-bb-e,8,53,"{""base_type"": 34, ""set_flags"": 2, ""runtime_index"": 1066, ""file_offset"": 15076, ""floor_field"": 7, ""entity_id_field"": 18454, ""group"": 0, ""room"": 51, ""unknown_a3"": 0, ""position"": [-120.0, -0.10000000894069672, 70.00001525878906], ""angles"": [0, -16384, 0], ""params"": [-4.000000953674316, 1.0, 1.0, 33, -1, 0], ""unused_pointer"": 2365177600}"
challenge-ep1/c88106-bb-e,8,54,"{""base_type"": 34, ""set_flags"": 2, ""runtime_index"": 1067, ""file_offset"": 15144, ""floor_field"": 7, ""entity_id_field"": 18455, ""group"": 0, ""room"": 51, ""unknown_a3"": 0, ""position"": [-120.0, -0.10000000894069672, -70.0], ""angles"": [0, -16384, 0], ""params"": [-4.000000953674316, 1.0, 1.0, 31, -1, 0], ""unused_pointer"": 2365178944}"
challenge-ep1/c88106-bb-e,8,55,"{""base_type"": 34, ""set_flags"": 2, ""runtime_index"": 1068, ""file_offset"": 15212, ""floor_field"": 7, ""entity_id_field"": 18456, ""group"": 0, ""room"": 51, ""unknown_a3"": 0, ""position"": [120.0, -0.10000000894069672, -70.0], ""angles"": [0, -16384, 0], ""params"": [-4.000000953674316, 1.0, 1.0, 30, -1, 0], ""unused_pointer"": 2365179424}"
challenge-ep1/c88106-bb-e,8,56,"{""base_type"": 34, ""set_flags"": 2, ""runtime_index"": 1069, ""file_offset"": 15280, ""floor_field"": 7, ""entity_id_field"": 18457, ""group"": 0, ""room"": 51, ""unknown_a3"": 0, ""position"": [120.0, -0.10000000894069672, 70.00001525878906], ""angles"": [0, -16384, 0], ""params"": [-4.000000953674316, 1.0, 1.0, 32, -1, 0], ""unused_pointer"": 2365179728}"
challenge-ep1/c88106-bb-e,8,67,"{""base_type"": 34, ""set_flags"": 0, ""runtime_index"": 1799, ""file_offset"": 16028, ""floor_field"": 7, ""entity_id_field"": 18245, ""group"": 0, ""room"": 80, ""unknown_a3"": 0, ""position"": [120.0, 0.0, 240.0], ""angles"": [0, 0, 0], ""params"": [10.000004768371582, 1.0, 1.0, 21, -1, 0], ""unused_pointer"": 2365147552}"
challenge-ep1/c88106-bb-e,8,68,"{""base_type"": 34, ""set_flags"": 0, ""runtime_index"": 1800, ""file_offset"": 16096, ""floor_field"": 7, ""entity_id_field"": 18246, ""group"": 0, ""room"": 80, ""unknown_a3"": 0, ""position"": [-120.0, 0.0, -240.00006103515625], ""angles"": [0, 0, 0], ""params"": [10.000004768371582, 1.0, 1.0, 22, -1, 0], ""unused_pointer"": 2365148208}"
challenge-ep1/c88106-bb-e,9,153,"{""base_type"": 34, ""set_flags"": 0, ""runtime_index"": 1990, ""file_offset"": 26856, ""floor_field"": 7, ""entity_id_field"": 19183, ""group"": 0, ""room"": 220, ""unknown_a3"": 0, ""position"": [0.0, 1.000000238418579, 60.0], ""angles"": [0, -49152, 0], ""params"": [-2.000000476837158, 1.0, 1.0, 205, -1, 0], ""unused_pointer"": 2365188800}"
challenge-ep1/c88106-bb-e,10,36,"{""base_type"": 34, ""set_flags"": 0, ""runtime_index"": 1808, ""file_offset"": 29592, ""floor_field"": 7, ""entity_id_field"": 18298, ""group"": 0, ""room"": 20, ""unknown_a3"": 0, ""position"": [0.0, 0.0, 120.0], ""angles"": [0, 0, 0], ""params"": [10.000004768371582, 1.0, 1.0, 21, -1, 0], ""unused_pointer"": 2365141056}"
challenge-ep1/c88106-bb-e,10,47,"{""base_type"": 34, ""set_flags"": 0, ""runtime_index"": 1812, ""file_offset"": 30340, ""floor_field"": 7, ""entity_id_field"": 19241, ""group"": 0, ""room"": 61, ""unknown_a3"": 0, ""position"": [-240.0, 0.0, 120.00004577636719], ""angles"": [0, 0, 0], ""params"": [10.000004768371582, 1.0, 1.0, 22, -1, 0], ""unused_pointer"": 2365140016}"
challenge-ep1/c88106-bb-e,10,49,"{""base_type"": 34, ""set_flags"": 0, ""runtime_index"": 1815, ""file_offset"": 30476, ""floor_field"": 7, ""entity_id_field"": 19243, ""group"": 0, ""room"": 61, ""unknown_a3"": 0, ""position"": [-120.0, 0.0, -240.00010681152344], ""angles"": [0, 0, 0], ""params"": [10.000004768371582, 1.0, 1.0, 24, -1, 0], ""unused_pointer"": 2365145600}"
challenge-ep1/c88106-bb-e,10,50,"{""base_type"": 34, ""set_flags"": 0, ""runtime_index"": 1816, ""file_offset"": 30544, ""floor_field"": 7, ""entity_id_field"": 19244, ""group"": 0, ""room"": 61, ""unknown_a3"": 0, ""position"": [240.0, 0.0, -120.00004577636719], ""angles"": [0, 0, 0], ""params"": [10.000004768371582, 1.0, 1.0, 23, -1, 0], ""unused_pointer"": 2365146560}"
challenge-ep1/c88106-bb-e,10,88,"{""base_type"": 34, ""set_flags"": 0, ""runtime_index"": 1907, ""file_offset"": 33128, ""floor_field"": 7, ""entity_id_field"": 19282, ""group"": 0, ""room"": 61, ""unknown_a3"": 0, ""position"": [-120.0, -1.000000238418579, 120.00004577636719], ""angles"": [0, 0, 0], ""params"": [0.0, 1.0, 1.0, 41, -1, 0], ""unused_pointer"": 2365163136}"
challenge-ep1/c88106-bb-e,10,89,"{""base_type"": 34, ""set_flags"": 0, ""runtime_index"": 1908, ""file_offset"": 33196, ""floor_field"": 7, ""entity_id_field"": 19283, ""group"": 0, ""room"": 61, ""unknown_a3"": 0, ""position"": [0.0, -1.000000238418579, 120.00004577636719], ""angles"": [0, 0, 0], ""params"": [0.0, 1.0, 1.0, 47, -1, 0], ""unused_pointer"": 2365163520}"
challenge-ep1/c88106-bb-e,10,90,"{""base_type"": 34, ""set_flags"": 0, ""runtime_index"": 1909, ""file_offset"": 33264, ""floor_field"": 7, ""entity_id_field"": 19284, ""group"": 0, ""room"": 61, ""unknown_a3"": 0, ""position"": [120.0, -1.000000238418579, 120.00004577636719], ""angles"": [0, 0, 0], ""params"": [0.0, 1.0, 1.0, 45, -1, 0], ""unused_pointer"": 2365163824}"
challenge-ep1/c88106-bb-e,10,91,"{""base_type"": 34, ""set_flags"": 0, ""runtime_index"": 1910, ""file_offset"": 33332, ""floor_field"": 7, ""entity_id_field"": 19285, ""group"": 0, ""room"": 61, ""unknown_a3"": 0, ""position"": [120.0, -1.000000238418579, -7.62939453125e-06], ""angles"": [0, 0, 0], ""params"": [0.0, 1.0, 1.0, 43, -1, 0], ""unused_pointer"": 2365164128}"
challenge-ep1/c88106-bb-e,10,92,"{""base_type"": 34, ""set_flags"": 0, ""runtime_index"": 1911, ""file_offset"": 33400, ""floor_field"": 7, ""entity_id_field"": 19286, ""group"": 0, ""room"": 61, ""unknown_a3"": 0, ""position"": [120.0, -1.000000238418579, -120.00006103515625], ""angles"": [0, 0, 0], ""params"": [0.0, 1.0, 1.0, 46, -1, 0], ""unused_pointer"": 2365164432}"
challenge-ep1/c88106-bb-e,10,93,"{""base_type"": 34, ""set_flags"": 0, ""runtime_index"": 1912, ""file_offset"": 33468, ""floor_field"": 7, ""entity_id_field"": 19287, ""group"": 0, ""room"": 61, ""unknown_a3"": 0, ""position"": [0.0, -1.000000238418579, -120.00006103515625], ""angles"": [0, 0, 0], ""params"": [0.0, 1.0, 1.0, 42, -1, 0], ""unused_pointer"": 2365164736}"
challenge-ep1/c88106-bb-e,10,94,"{""base_type"": 34, ""set_flags"": 0, ""runtime_index"": 1913, ""file_offset"": 33536, ""floor_field"": 7, ""entity_id_field"": 19288, ""group"": 0, ""room"": 61, ""unknown_a3"": 0, ""position"": [-120.0, -1.000000238418579, -120.00006103515625], ""angles"": [0, 0, 0], ""params"": [0.0, 1.0, 1.0, 44, -1, 0], ""unused_pointer"": 2365166016}"
challenge-ep1/c88106-bb-e,10,95,"{""base_type"": 34, ""set_flags"": 0, ""runtime_index"": 1914, ""file_offset"": 33604, ""floor_field"": 7, ""entity_id_field"": 19289, ""group"": 0, ""room"": 61, ""unknown_a3"": 0, ""position"": [-120.0, -1.000000238418579, -7.62939453125e-06], ""angles"": [0, 0, 0], ""params"": [0.0, 1.0, 1.0, 48, -1, 0], ""unused_pointer"": 2365166592}"
challenge-ep1/c88106-bb-e,11,66,"{""base_type"": 34, ""set_flags"": 0, ""runtime_index"": 2031, ""file_offset"": 38924, ""floor_field"": 7, ""entity_id_field"": 19030, ""group"": 0, ""room"": 20, ""unknown_a3"": 0, ""position"": [40.0, 1.000000238418579, 40.0], ""angles"": [0, 0, 0], ""params"": [-2.000000476837158, 1.0, 1.0, 203, 0, 0], ""unused_pointer"": 2365207424}"
challenge-ep1/c88106-bb-e,11,67,"{""base_type"": 34, ""set_flags"": 0, ""runtime_index"": 2032, ""file_offset"": 38992, ""floor_field"": 7, ""entity_id_field"": 19031, ""group"": 0, ""room"": 20, ""unknown_a3"": 0, ""position"": [-40.0, 1.000000238418579, 40.0], ""angles"": [0, 0, 0], ""params"": [-2.000000476837158, 1.0, 1.0, 204, 0, 0], ""unused_pointer"": 2365207728}"
challenge-ep1/c88106-bb-e,11,68,"{""base_type"": 34, ""set_flags"": 0, ""runtime_index"": 2038, ""file_offset"": 39060, ""floor_field"": 7, ""entity_id_field"": 19061, ""group"": 0, ""room"": 20, ""unknown_a3"": 0, ""position"": [-40.0, 1.000000238418579, -40.0], ""angles"": [0, 0, 0], ""params"": [-2.000000476837158, 1.0, 1.0, 205, 0, 0], ""unused_pointer"": 2365208832}"
challenge-ep1/c88106-bb-e,11,69,"{""base_type"": 34, ""set_flags"": 0, ""runtime_index"": 2034, ""file_offset"": 39128, ""floor_field"": 7, ""entity_id_field"": 19033, ""group"": 0, ""room"": 20, ""unknown_a3"": 0, ""position"": [40.0, 1.000000238418579, -40.0], ""angles"": [0, 0, 0], ""params"": [-2.000000476837158, 1.0, 1.0, 202, 0, 0], ""unused_pointer"": 2365208336}"
challenge-ep1/c88106-bb-e,11,148,"{""base_type"": 34, ""set_flags"": 0, ""runtime_index"": 1954, ""file_offset"": 44500, ""floor_field"": 7, ""entity_id_field"": 18365, ""group"": 0, ""room"": 70, ""unknown_a3"": 0, ""position"": [-84.99185180664062, 6.0, 85.00814819335938], ""angles"": [0, -16383, 0], ""params"": [-2.000000476837158, 1.0, 1.0, 250, -1, 0], ""unused_pointer"": 2365143456}"
challenge-ep1/c88106-bb-j,7,86,"{""base_type"": 34, ""set_flags"": 2, ""runtime_index"": 1080, ""file_offset"": 7308, ""floor_field"": 7, ""entity_id_field"": 17464, ""group"": 0, ""room"": 41, ""unknown_a3"": 0, ""position"": [60.0, 1.000000238418579, 60.0], ""angles"": [0, 0, 0], ""params"": [-2.000000476837158, 1.0, 1.0, 204, 0, 0], ""unused_pointer"": 2365234784}"
challenge-ep1/c88106-bb-j,7,87,"{""base_type"": 34, ""set_flags"": 2, ""runtime_index"": 1081, ""file_offset"": 7376, ""floor_field"": 7, ""entity_id_field"": 17465, ""group"": 0, ""room"": 41, ""unknown_a3"": 0, ""position"": [60.0, 1.000000238418579, -60.0], ""angles"": [0, 0, 0], ""params"": [-2.000000476837158, 1.0, 1.0, 203, 0, 0], ""unused_pointer"": 2365235088}"
challenge-ep1/c88106-bb-j,7,88,"{""base_type"": 34, ""set_flags"": 2, ""runtime_index"": 1082, ""file_offset"": 7444, ""floor_field"": 7, ""entity_id_field"": 17466, ""group"": 0, ""room"": 41, ""unknown_a3"": 0, ""position"": [-60.0, 1.000000238418579, -60.0], ""angles"": [0, 0, 0], ""params"": [-2.000000476837158, 1.0, 1.0, 205, 0, 0], ""unused_pointer"": 2365235392}"
challenge-ep1/c88106-bb-j,7,89,"{""base_type"": 34, ""set_flags"": 2, ""runtime_index"": 1083, ""file_offset"": 7512, ""floor_field"": 7, ""entity_id_field"": 17467, ""group"": 0, ""room"": 41, ""unknown_a3"": 0, ""position"": [-60.0, 1.000000238418579, 60.0], ""angles"": [0, 0, 0], ""params"": [-2.000000476837158, 1.0, 1.0, 206, 0, 0], ""unused_pointer"": 2365235696}"
challenge-ep1/c88106-bb-j,7,125,"{""base_type"": 34, ""set_flags"": 0, ""runtime_index"": 1948, ""file_offset"": 9960, ""floor_field"": 7, ""entity_id_field"": 18569, ""group"": 0, ""room"": 70, ""unknown_a3"": 0, ""position"": [-66.998046875, 6.0, 66.99853515625], ""angles"": [0, 0, 0], ""params"": [-2.000000476837158, 1.0, 1.0, 201, -1, 0], ""unused_pointer"": 2365214896}"
challenge-ep1/c88106-bb-j,8,52,"{""base_type"": 34, ""set_flags"": 2, ""runtime_index"": 1065, ""file_offset"": 15008, ""floor_field"": 7, ""entity_id_field"": 18453, ""group"": 0, ""room"": 51, ""unknown_a3"": 0, ""position"": [0.0, -0.10000000894069672, 0.0], ""angles"": [0, -16384, 0], ""params"": [-4.000000953674316, 1.0, 1.0, 55, -1, 0], ""unused_pointer"": 2365176864}"
challenge-ep1/c88106-bb-j,8,53,"{""base_type"": 34, ""set_flags"": 2, ""runtime_index"": 1066, ""file_offset"": 15076, ""floor_field"": 7, ""entity_id_field"": 18454, ""group"": 0, ""room"": 51, ""unknown_a3"": 0, ""position"": [-120.0, -0.10000000894069672, 70.00001525878906], ""angles"": [0, -16384, 0], ""params"": [-4.000000953674316, 1.0, 1.0, 33, -1, 0], ""unused_pointer"": 2365177600}"
challenge-ep1/c88106-bb-j,8,54,"{""base_type"": 34, ""set_flags"": 2, ""runtime_index"": 1067, ""file_offset"": 15144, ""floor_field"": 7, ""entity_id_field"": 18455, ""group"": 0, ""room"": 51, ""unknown_a3"": 0, ""position"": [-120.0, -0.10000000894069672, -70.0], ""angles"": [0, -16384, 0], ""params"": [-4.000000953674316, 1.0, 1.0, 31, -1, 0], ""unused_pointer"": 2365178944}"
challenge-ep1/c88106-bb-j,8,55,"{""base_type"": 34, ""set_flags"": 2, ""runtime_index"": 1068, ""file_offset"": 15212, ""floor_field"": 7, ""entity_id_field"": 18456, ""group"": 0, ""room"": 51, ""unknown_a3"": 0, ""position"": [120.0, -0.10000000894069672, -70.0], ""angles"": [0, -16384, 0], ""params"": [-4.000000953674316, 1.0, 1.0, 30, -1, 0], ""unused_pointer"": 2365179424}"
challenge-ep1/c88106-bb-j,8,56,"{""base_type"": 34, ""set_flags"": 2, ""runtime_index"": 1069, ""file_offset"": 15280, ""floor_field"": 7, ""entity_id_field"": 18457, ""group"": 0, ""room"": 51, ""unknown_a3"": 0, ""position"": [120.0, -0.10000000894069672, 70.00001525878906], ""angles"": [0, -16384, 0], ""params"": [-4.000000953674316, 1.0, 1.0, 32, -1, 0], ""unused_pointer"": 2365179728}"
challenge-ep1/c88106-bb-j,8,67,"{""base_type"": 34, ""set_flags"": 0, ""runtime_index"": 1799, ""file_offset"": 16028, ""floor_field"": 7, ""entity_id_field"": 18245, ""group"": 0, ""room"": 80, ""unknown_a3"": 0, ""position"": [120.0, 0.0, 240.0], ""angles"": [0, 0, 0], ""params"": [10.000004768371582, 1.0, 1.0, 21, -1, 0], ""unused_pointer"": 2365147552}"
challenge-ep1/c88106-bb-j,8,68,"{""base_type"": 34, ""set_flags"": 0, ""runtime_index"": 1800, ""file_offset"": 16096, ""floor_field"": 7, ""entity_id_field"": 18246, ""group"": 0, ""room"": 80, ""unknown_a3"": 0, ""position"": [-120.0, 0.0, -240.00006103515625], ""angles"": [0, 0, 0], ""params"": [10.000004768371582, 1.0, 1.0, 22, -1, 0], ""unused_pointer"": 2365148208}"
challenge-ep1/c88106-bb-j,9,153,"{""base_type"": 34, ""set_flags"": 0, ""runtime_index"": 1990, ""file_offset"": 26856, ""floor_field"": 7, ""entity_id_field"": 19183, ""group"": 0, ""room"": 220, ""unknown_a3"": 0, ""position"": [0.0, 1.000000238418579, 60.0], ""angles"": [0, -49152, 0], ""params"": [-2.000000476837158, 1.0, 1.0, 205, -1, 0], ""unused_pointer"": 2365188800}"
challenge-ep1/c88106-bb-j,10,36,"{""base_type"": 34, ""set_flags"": 0, ""runtime_index"": 1808, ""file_offset"": 29592, ""floor_field"": 7, ""entity_id_field"": 18298, ""group"": 0, ""room"": 20, ""unknown_a3"": 0, ""position"": [0.0, 0.0, 120.0], ""angles"": [0, 0, 0], ""params"": [10.000004768371582, 1.0, 1.0, 21, -1, 0], ""unused_pointer"": 2365141056}"
challenge-ep1/c88106-bb-j,10,47,"{""base_type"": 34, ""set_flags"": 0, ""runtime_index"": 1812, ""file_offset"": 30340, ""floor_field"": 7, ""entity_id_field"": 19241, ""group"": 0, ""room"": 61, ""unknown_a3"": 0, ""position"": [-240.0, 0.0, 120.00004577636719], ""angles"": [0, 0, 0], ""params"": [10.000004768371582, 1.0, 1.0, 22, -1, 0], ""unused_pointer"": 2365140016}"
challenge-ep1/c88106-bb-j,10,49,"{""base_type"": 34, ""set_flags"": 0, ""runtime_index"": 1815, ""file_offset"": 30476, ""floor_field"": 7, ""entity_id_field"": 19243, ""group"": 0, ""room"": 61, ""unknown_a3"": 0, ""position"": [-120.0, 0.0, -240.00010681152344], ""angles"": [0, 0, 0], ""params"": [10.000004768371582, 1.0, 1.0, 24, -1, 0], ""unused_pointer"": 2365145600}"
challenge-ep1/c88106-bb-j,10,50,"{""base_type"": 34, ""set_flags"": 0, ""runtime_index"": 1816, ""file_offset"": 30544, ""floor_field"": 7, ""entity_id_field"": 19244, ""group"": 0, ""room"": 61, ""unknown_a3"": 0, ""position"": [240.0, 0.0, -120.00004577636719], ""angles"": [0, 0, 0], ""params"": [10.000004768371582, 1.0, 1.0, 23, -1, 0], ""unused_pointer"": 2365146560}"
challenge-ep1/c88106-bb-j,10,88,"{""base_type"": 34, ""set_flags"": 0, ""runtime_index"": 1907, ""file_offset"": 33128, ""floor_field"": 7, ""entity_id_field"": 19282, ""group"": 0, ""room"": 61, ""unknown_a3"": 0, ""position"": [-120.0, -1.000000238418579, 120.00004577636719], ""angles"": [0, 0, 0], ""params"": [0.0, 1.0, 1.0, 41, -1, 0], ""unused_pointer"": 2365163136}"
challenge-ep1/c88106-bb-j,10,89,"{""base_type"": 34, ""set_flags"": 0, ""runtime_index"": 1908, ""file_offset"": 33196, ""floor_field"": 7, ""entity_id_field"": 19283, ""group"": 0, ""room"": 61, ""unknown_a3"": 0, ""position"": [0.0, -1.000000238418579, 120.00004577636719], ""angles"": [0, 0, 0], ""params"": [0.0, 1.0, 1.0, 47, -1, 0], ""unused_pointer"": 2365163520}"
challenge-ep1/c88106-bb-j,10,90,"{""base_type"": 34, ""set_flags"": 0, ""runtime_index"": 1909, ""file_offset"": 33264, ""floor_field"": 7, ""entity_id_field"": 19284, ""group"": 0, ""room"": 61, ""unknown_a3"": 0, ""position"": [120.0, -1.000000238418579, 120.00004577636719], ""angles"": [0, 0, 0], ""params"": [0.0, 1.0, 1.0, 45, -1, 0], ""unused_pointer"": 2365163824}"
challenge-ep1/c88106-bb-j,10,91,"{""base_type"": 34, ""set_flags"": 0, ""runtime_index"": 1910, ""file_offset"": 33332, ""floor_field"": 7, ""entity_id_field"": 19285, ""group"": 0, ""room"": 61, ""unknown_a3"": 0, ""position"": [120.0, -1.000000238418579, -7.62939453125e-06], ""angles"": [0, 0, 0], ""params"": [0.0, 1.0, 1.0, 43, -1, 0], ""unused_pointer"": 2365164128}"
challenge-ep1/c88106-bb-j,10,92,"{""base_type"": 34, ""set_flags"": 0, ""runtime_index"": 1911, ""file_offset"": 33400, ""floor_field"": 7, ""entity_id_field"": 19286, ""group"": 0, ""room"": 61, ""unknown_a3"": 0, ""position"": [120.0, -1.000000238418579, -120.00006103515625], ""angles"": [0, 0, 0], ""params"": [0.0, 1.0, 1.0, 46, -1, 0], ""unused_pointer"": 2365164432}"
challenge-ep1/c88106-bb-j,10,93,"{""base_type"": 34, ""set_flags"": 0, ""runtime_index"": 1912, ""file_offset"": 33468, ""floor_field"": 7, ""entity_id_field"": 19287, ""group"": 0, ""room"": 61, ""unknown_a3"": 0, ""position"": [0.0, -1.000000238418579, -120.00006103515625], ""angles"": [0, 0, 0], ""params"": [0.0, 1.0, 1.0, 42, -1, 0], ""unused_pointer"": 2365164736}"
challenge-ep1/c88106-bb-j,10,94,"{""base_type"": 34, ""set_flags"": 0, ""runtime_index"": 1913, ""file_offset"": 33536, ""floor_field"": 7, ""entity_id_field"": 19288, ""group"": 0, ""room"": 61, ""unknown_a3"": 0, ""position"": [-120.0, -1.000000238418579, -120.00006103515625], ""angles"": [0, 0, 0], ""params"": [0.0, 1.0, 1.0, 44, -1, 0], ""unused_pointer"": 2365166016}"
challenge-ep1/c88106-bb-j,10,95,"{""base_type"": 34, ""set_flags"": 0, ""runtime_index"": 1914, ""file_offset"": 33604, ""floor_field"": 7, ""entity_id_field"": 19289, ""group"": 0, ""room"": 61, ""unknown_a3"": 0, ""position"": [-120.0, -1.000000238418579, -7.62939453125e-06], ""angles"": [0, 0, 0], ""params"": [0.0, 1.0, 1.0, 48, -1, 0], ""unused_pointer"": 2365166592}"
challenge-ep1/c88106-bb-j,11,66,"{""base_type"": 34, ""set_flags"": 0, ""runtime_index"": 2031, ""file_offset"": 38924, ""floor_field"": 7, ""entity_id_field"": 19030, ""group"": 0, ""room"": 20, ""unknown_a3"": 0, ""position"": [40.0, 1.000000238418579, 40.0], ""angles"": [0, 0, 0], ""params"": [-2.000000476837158, 1.0, 1.0, 203, 0, 0], ""unused_pointer"": 2365207424}"
challenge-ep1/c88106-bb-j,11,67,"{""base_type"": 34, ""set_flags"": 0, ""runtime_index"": 2032, ""file_offset"": 38992, ""floor_field"": 7, ""entity_id_field"": 19031, ""group"": 0, ""room"": 20, ""unknown_a3"": 0, ""position"": [-40.0, 1.000000238418579, 40.0], ""angles"": [0, 0, 0], ""params"": [-2.000000476837158, 1.0, 1.0, 204, 0, 0], ""unused_pointer"": 2365207728}"
challenge-ep1/c88106-bb-j,11,68,"{""base_type"": 34, ""set_flags"": 0, ""runtime_index"": 2038, ""file_offset"": 39060, ""floor_field"": 7, ""entity_id_field"": 19061, ""group"": 0, ""room"": 20, ""unknown_a3"": 0, ""position"": [-40.0, 1.000000238418579, -40.0], ""angles"": [0, 0, 0], ""params"": [-2.000000476837158, 1.0, 1.0, 205, 0, 0], ""unused_pointer"": 2365208832}"
challenge-ep1/c88106-bb-j,11,69,"{""base_type"": 34, ""set_flags"": 0, ""runtime_index"": 2034, ""file_offset"": 39128, ""floor_field"": 7, ""entity_id_field"": 19033, ""group"": 0, ""room"": 20, ""unknown_a3"": 0, ""position"": [40.0, 1.000000238418579, -40.0], ""angles"": [0, 0, 0], ""params"": [-2.000000476837158, 1.0, 1.0, 202, 0, 0], ""unused_pointer"": 2365208336}"
challenge-ep1/c88106-bb-j,11,148,"{""base_type"": 34, ""set_flags"": 0, ""runtime_index"": 1954, ""file_offset"": 44500, ""floor_field"": 7, ""entity_id_field"": 18365, ""group"": 0, ""room"": 70, ""unknown_a3"": 0, ""position"": [-84.99185180664062, 6.0, 85.00814819335938], ""angles"": [0, -16383, 0], ""params"": [-2.000000476837158, 1.0, 1.0, 250, -1, 0], ""unused_pointer"": 2365143456}"
challenge-ep1/c88107-bb-e,8,114,"{""base_type"": 34, ""set_flags"": 2, ""runtime_index"": 1286, ""file_offset"": 9212, ""floor_field"": 8, ""entity_id_field"": 17670, ""group"": 0, ""room"": 30, ""unknown_a3"": 0, ""position"": [0.0, -0.10000000894069672, 120.0], ""angles"": [0, 0, 0], ""params"": [1.0, 1.0, 1.0, 101, -1, 0], ""unused_pointer"": 2365308288}"
challenge-ep1/c88107-bb-e,8,115,"{""base_type"": 34, ""set_flags"": 2, ""runtime_index"": 1287, ""file_offset"": 9280, ""floor_field"": 8, ""entity_id_field"": 17671, ""group"": 0, ""room"": 30, ""unknown_a3"": 0, ""position"": [0.0, -0.10000000894069672, -60.0], ""angles"": [0, 0, 0], ""params"": [1.0, 1.0, 1.0, 102, -1, 0], ""unused_pointer"": 2365308592}"
challenge-ep1/c88107-bb-e,8,184,"{""base_type"": 34, ""set_flags"": 2, ""runtime_index"": 1357, ""file_offset"": 13972, ""floor_field"": 8, ""entity_id_field"": 17741, ""group"": 0, ""room"": 61, ""unknown_a3"": 0, ""position"": [0.0, 1.000000238418579, 60.0], ""angles"": [0, -32768, 0], ""params"": [-1.000000238418579, 1.0, 1.0, 63, -1, 0], ""unused_pointer"": 2365341952}"
challenge-ep1/c88107-bb-e,8,208,"{""base_type"": 34, ""set_flags"": 0, ""runtime_index"": 2088, ""file_offset"": 15604, ""floor_field"": 8, ""entity_id_field"": 18386, ""group"": 0, ""room"": 65, ""unknown_a3"": 0, ""position"": [0.0, 29.0, 0.0], ""angles"": [0, 0, 0], ""params"": [-1.000000238418579, 1.0, 1.0, 64, -1, 0], ""unused_pointer"": 2365254144}"
challenge-ep1/c88107-bb-e,9,87,"{""base_type"": 34, ""set_flags"": 2, ""runtime_index"": 1258, ""file_offset"": 22556, ""floor_field"": 8, ""entity_id_field"": 17642, ""group"": 0, ""room"": 40, ""unknown_a3"": 0, ""position"": [119.9990463256836, 1.000000238418579, -10.011474609375], ""angles"": [0, -16383, 0], ""params"": [25.000009536743164, 1.0, 1.0, 53, 0, 0], ""unused_pointer"": 2365287792}"
challenge-ep1/c88107-bb-e,10,61,"{""base_type"": 34, ""set_flags"": 0, ""runtime_index"": 2125, ""file_offset"": 27808, ""floor_field"": 8, ""entity_id_field"": 18354, ""group"": 0, ""room"": 12, ""unknown_a3"": 0, ""position"": [-70.0, -1.000000238418579, 70.0], ""angles"": [0, 0, 0], ""params"": [-6.0, 1.0, 1.0, 242, -1, 0], ""unused_pointer"": 2365171504}"
challenge-ep1/c88107-bb-e,10,62,"{""base_type"": 34, ""set_flags"": 0, ""runtime_index"": 2128, ""file_offset"": 27876, ""floor_field"": 8, ""entity_id_field"": 18355, ""group"": 0, ""room"": 12, ""unknown_a3"": 0, ""position"": [80.0, -1.000000238418579, -40.0], ""angles"": [0, 0, 0], ""params"": [-6.0, 1.0, 1.0, 243, -1, 0], ""unused_pointer"": 2365171808}"
challenge-ep1/c88107-bb-e,10,80,"{""base_type"": 34, ""set_flags"": 2, ""runtime_index"": 1253, ""file_offset"": 29100, ""floor_field"": 8, ""entity_id_field"": 18346, ""group"": 0, ""room"": 21, ""unknown_a3"": 0, ""position"": [170.0, -1.000000238418579, 13.0], ""angles"": [0, 0, 0], ""params"": [-5.0, 1.0, 1.0, 248, -1, 0], ""unused_pointer"": 2365283040}"
challenge-ep1/c88107-bb-e,10,81,"{""base_type"": 34, ""set_flags"": 2, ""runtime_index"": 1254, ""file_offset"": 29168, ""floor_field"": 8, ""entity_id_field"": 18347, ""group"": 0, ""room"": 21, ""unknown_a3"": 0, ""position"": [170.0, -1.000000238418579, -13.0], ""angles"": [0, 0, 0], ""params"": [-5.0, 1.0, 1.0, 249, -1, 0], ""unused_pointer"": 2365283344}"
challenge-ep1/c88107-bb-e,10,84,"{""base_type"": 34, ""set_flags"": 2, ""runtime_index"": 1257, ""file_offset"": 29372, ""floor_field"": 8, ""entity_id_field"": 18350, ""group"": 0, ""room"": 21, ""unknown_a3"": 0, ""position"": [-25.0, -1.000000238418579, -130.0], ""angles"": [0, 0, 0], ""params"": [-6.0, 1.0, 1.0, 247, -1, 0], ""unused_pointer"": 2365283872}"
challenge-ep1/c88107-bb-e,10,85,"{""base_type"": 34, ""set_flags"": 2, ""runtime_index"": 1258, ""file_offset"": 29440, ""floor_field"": 8, ""entity_id_field"": 18351, ""group"": 0, ""room"": 21, ""unknown_a3"": 0, ""position"": [25.0, -1.000000238418579, -130.0], ""angles"": [0, 0, 0], ""params"": [-6.0, 1.0, 1.0, 246, -1, 0], ""unused_pointer"": 2365284176}"
challenge-ep1/c88107-bb-e,10,98,"{""base_type"": 34, ""set_flags"": 2, ""runtime_index"": 1271, ""file_offset"": 30324, ""floor_field"": 8, ""entity_id_field"": 18364, ""group"": 0, ""room"": 21, ""unknown_a3"": 0, ""position"": [-13.0, -1.000000238418579, -250.0], ""angles"": [0, 0, 0], ""params"": [-6.0, 1.0, 1.0, 244, -1, 0], ""unused_pointer"": 2365290480}"
challenge-ep1/c88107-bb-e,10,99,"{""base_type"": 34, ""set_flags"": 2, ""runtime_index"": 1272, ""file_offset"": 30392, ""floor_field"": 8, ""entity_id_field"": 18365, ""group"": 0, ""room"": 21, ""unknown_a3"": 0, ""position"": [13.0, -1.000000238418579, -250.0], ""angles"": [0, 0, 0], ""params"": [-6.0, 1.0, 1.0, 245, -1, 0], ""unused_pointer"": 2365293968}"
challenge-ep1/c88107-bb-e,10,173,"{""base_type"": 34, ""set_flags"": 2, ""runtime_index"": 1345, ""file_offset"": 35424, ""floor_field"": 8, ""entity_id_field"": 17729, ""group"": 0, ""room"": 55, ""unknown_a3"": 0, ""position"": [74.55599975585938, -8.77598762512207, -7.243804931640625], ""angles"": [0, -49152, 0], ""params"": [0.0, 1.0, 1.0, 90, -1, 0], ""unused_pointer"": 2365333888}"
challenge-ep1/c88107-bb-e,10,176,"{""base_type"": 34, ""set_flags"": 2, ""runtime_index"": 1348, ""file_offset"": 35628, ""floor_field"": 8, ""entity_id_field"": 17732, ""group"": 0, ""room"": 55, ""unknown_a3"": 0, ""position"": [67.11056518554688, 9.0, -89.45262145996094], ""angles"": [0, -49152, 0], ""params"": [0.0, 1.0, 1.0, 91, -1, 0], ""unused_pointer"": 2365334704}"
challenge-ep1/c88107-bb-e,11,101,"{""base_type"": 34, ""set_flags"": 0, ""runtime_index"": 1834, ""file_offset"": 44484, ""floor_field"": 8, ""entity_id_field"": 18890, ""group"": 0, ""room"": 30, ""unknown_a3"": 0, ""position"": [0.0, 1.000000238418579, 0.0], ""angles"": [0, 0, 0], ""params"": [-2.000000476837158, 1.0, 1.0, 51, 0, 0], ""unused_pointer"": 2365161904}"
challenge-ep1/c88107-bb-e,12,55,"{""base_type"": 34, ""set_flags"": 2, ""runtime_index"": 1227, ""file_offset"": 48784, ""floor_field"": 8, ""entity_id_field"": 17611, ""group"": 0, ""room"": 10, ""unknown_a3"": 0, ""position"": [0.0, 1.000000238418579, 0.0], ""angles"": [0, 0, 0], ""params"": [-1.0000001192092896, 1.0, 1.0, 100, -1, 0], ""unused_pointer"": 2365239024}"
challenge-ep1/c88107-bb-e,12,56,"{""base_type"": 34, ""set_flags"": 2, ""runtime_index"": 1228, ""file_offset"": 48852, ""floor_field"": 8, ""entity_id_field"": 17612, ""group"": 0, ""room"": 10, ""unknown_a3"": 0, ""position"": [-37.51849365234375, -1.0, 338.16424560546875], ""angles"": [0, 0, 0], ""params"": [-3.0000007152557373, 1.0, 1.0, 101, -1, 0], ""unused_pointer"": 2365239328}"
challenge-ep1/c88107-bb-e,12,75,"{""base_type"": 34, ""set_flags"": 0, ""runtime_index"": 2019, ""file_offset"": 50144, ""floor_field"": 8, ""entity_id_field"": 19491, ""group"": 0, ""room"": 11, ""unknown_a3"": 0, ""position"": [-75.02114868164062, 0.0, -77.29336547851562], ""angles"": [0, 0, 0], ""params"": [-2.000000476837158, 1.0, 1.0, 140, -1, 0], ""unused_pointer"": 2365152128}"
challenge-ep1/c88107-bb-e,12,169,"{""base_type"": 34, ""set_flags"": 2, ""runtime_index"": 1348, ""file_offset"": 56536, ""floor_field"": 8, ""entity_id_field"": 18705, ""group"": 0, ""room"": 50, ""unknown_a3"": 0, ""position"": [-119.99280548095703, 0.0, 75.01152038574219], ""angles"": [0, -16383, 0], ""params"": [-1.000000238418579, 1.0, 1.0, 108, 0, 0], ""unused_pointer"": 2365153440}"
challenge-ep1/c88107-bb-e,12,170,"{""base_type"": 34, ""set_flags"": 2, ""runtime_index"": 1349, ""file_offset"": 56604, ""floor_field"": 8, ""entity_id_field"": 18706, ""group"": 0, ""room"": 50, ""unknown_a3"": 0, ""position"": [-243.1922607421875, 0.0, -277.6628723144531], ""angles"": [0, -16383, 0], ""params"": [-4.000000953674316, 1.0, 1.0, 109, 0, 0], ""unused_pointer"": 2365154304}"
challenge-ep1/c88107-bb-e,12,203,"{""base_type"": 34, ""set_flags"": 0, ""runtime_index"": 1949, ""file_offset"": 58848, ""floor_field"": 8, ""entity_id_field"": 18443, ""group"": 0, ""room"": 70, ""unknown_a3"": 0, ""position"": [-203.5603790283203, -30.000001907348633, 293.4237365722656], ""angles"": [0, -16383, 0], ""params"": [0.0, 1.0, 1.0, 181, -1, 0], ""unused_pointer"": 2365150736}"
challenge-ep1/c88107-bb-j,8,114,"{""base_type"": 34, ""set_flags"": 2, ""runtime_index"": 1286, ""file_offset"": 9212, ""floor_field"": 8, ""entity_id_field"": 17670, ""group"": 0, ""room"": 30, ""unknown_a3"": 0, ""position"": [0.0, -0.10000000894069672, 120.0], ""angles"": [0, 0, 0], ""params"": [1.0, 1.0, 1.0, 101, -1, 0], ""unused_pointer"": 2365308288}"
challenge-ep1/c88107-bb-j,8,115,"{""base_type"": 34, ""set_flags"": 2, ""runtime_index"": 1287, ""file_offset"": 9280, ""floor_field"": 8, ""entity_id_field"": 17671, ""group"": 0, ""room"": 30, ""unknown_a3"": 0, ""position"": [0.0, -0.10000000894069672, -60.0], ""angles"": [0, 0, 0], ""params"": [1.0, 1.0, 1.0, 102, -1, 0], ""unused_pointer"": 2365308592}"
challenge-ep1/c88107-bb-j,8,184,"{""base_type"": 34, ""set_flags"": 2, ""runtime_index"": 1357, ""file_offset"": 13972, ""floor_field"": 8, ""entity_id_field"": 17741, ""group"": 0, ""room"": 61, ""unknown_a3"": 0, ""position"": [0.0, 1.000000238418579, 60.0], ""angles"": [0, -32768, 0], ""params"": [-1.000000238418579, 1.0, 1.0, 63, -1, 0], ""unused_pointer"": 2365341952}"
challenge-ep1/c88107-bb-j,8,208,"{""base_type"": 34, ""set_flags"": 0, ""runtime_index"": 2088, ""file_offset"": 15604, ""floor_field"": 8, ""entity_id_field"": 18386, ""group"": 0, ""room"": 65, ""unknown_a3"": 0, ""position"": [0.0, 29.0, 0.0], ""angles"": [0, 0, 0], ""params"": [-1.000000238418579, 1.0, 1.0, 64, -1, 0], ""unused_pointer"": 2365254144}"
challenge-ep1/c88107-bb-j,9,87,"{""base_type"": 34, ""set_flags"": 2, ""runtime_index"": 1258, ""file_offset"": 22556, ""floor_field"": 8, ""entity_id_field"": 17642, ""group"": 0, ""room"": 40, ""unknown_a3"": 0, ""position"": [119.9990463256836, 1.000000238418579, -10.011474609375], ""angles"": [0, -16383, 0], ""params"": [25.000009536743164, 1.0, 1.0, 53, 0, 0], ""unused_pointer"": 2365287792}"
challenge-ep1/c88107-bb-j,10,61,"{""base_type"": 34, ""set_flags"": 0, ""runtime_index"": 2125, ""file_offset"": 27808, ""floor_field"": 8, ""entity_id_field"": 18354, ""group"": 0, ""room"": 12, ""unknown_a3"": 0, ""position"": [-70.0, -1.000000238418579, 70.0], ""angles"": [0, 0, 0], ""params"": [-6.0, 1.0, 1.0, 242, -1, 0], ""unused_pointer"": 2365171504}"
challenge-ep1/c88107-bb-j,10,62,"{""base_type"": 34, ""set_flags"": 0, ""runtime_index"": 2128, ""file_offset"": 27876, ""floor_field"": 8, ""entity_id_field"": 18355, ""group"": 0, ""room"": 12, ""unknown_a3"": 0, ""position"": [80.0, -1.000000238418579, -40.0], ""angles"": [0, 0, 0], ""params"": [-6.0, 1.0, 1.0, 243, -1, 0], ""unused_pointer"": 2365171808}"
challenge-ep1/c88107-bb-j,10,80,"{""base_type"": 34, ""set_flags"": 2, ""runtime_index"": 1253, ""file_offset"": 29100, ""floor_field"": 8, ""entity_id_field"": 18346, ""group"": 0, ""room"": 21, ""unknown_a3"": 0, ""position"": [170.0, -1.000000238418579, 13.0], ""angles"": [0, 0, 0], ""params"": [-5.0, 1.0, 1.0, 248, -1, 0], ""unused_pointer"": 2365283040}"
challenge-ep1/c88107-bb-j,10,81,"{""base_type"": 34, ""set_flags"": 2, ""runtime_index"": 1254, ""file_offset"": 29168, ""floor_field"": 8, ""entity_id_field"": 18347, ""group"": 0, ""room"": 21, ""unknown_a3"": 0, ""position"": [170.0, -1.000000238418579, -13.0], ""angles"": [0, 0, 0], ""params"": [-5.0, 1.0, 1.0, 249, -1, 0], ""unused_pointer"": 2365283344}"
challenge-ep1/c88107-bb-j,10,84,"{""base_type"": 34, ""set_flags"": 2, ""runtime_index"": 1257, ""file_offset"": 29372, ""floor_field"": 8, ""entity_id_field"": 18350, ""group"": 0, ""room"": 21, ""unknown_a3"": 0, ""position"": [-25.0, -1.000000238418579, -130.0], ""angles"": [0, 0, 0], ""params"": [-6.0, 1.0, 1.0, 247, -1, 0], ""unused_pointer"": 2365283872}"
challenge-ep1/c88107-bb-j,10,85,"{""base_type"": 34, ""set_flags"": 2, ""runtime_index"": 1258, ""file_offset"": 29440, ""floor_field"": 8, ""entity_id_field"": 18351, ""group"": 0, ""room"": 21, ""unknown_a3"": 0, ""position"": [25.0, -1.000000238418579, -130.0], ""angles"": [0, 0, 0], ""params"": [-6.0, 1.0, 1.0, 246, -1, 0], ""unused_pointer"": 2365284176}"
challenge-ep1/c88107-bb-j,10,98,"{""base_type"": 34, ""set_flags"": 2, ""runtime_index"": 1271, ""file_offset"": 30324, ""floor_field"": 8, ""entity_id_field"": 18364, ""group"": 0, ""room"": 21, ""unknown_a3"": 0, ""position"": [-13.0, -1.000000238418579, -250.0], ""angles"": [0, 0, 0], ""params"": [-6.0, 1.0, 1.0, 244, -1, 0], ""unused_pointer"": 2365290480}"
challenge-ep1/c88107-bb-j,10,99,"{""base_type"": 34, ""set_flags"": 2, ""runtime_index"": 1272, ""file_offset"": 30392, ""floor_field"": 8, ""entity_id_field"": 18365, ""group"": 0, ""room"": 21, ""unknown_a3"": 0, ""position"": [13.0, -1.000000238418579, -250.0], ""angles"": [0, 0, 0], ""params"": [-6.0, 1.0, 1.0, 245, -1, 0], ""unused_pointer"": 2365293968}"
challenge-ep1/c88107-bb-j,10,173,"{""base_type"": 34, ""set_flags"": 2, ""runtime_index"": 1345, ""file_offset"": 35424, ""floor_field"": 8, ""entity_id_field"": 17729, ""group"": 0, ""room"": 55, ""unknown_a3"": 0, ""position"": [74.55599975585938, -8.77598762512207, -7.243804931640625], ""angles"": [0, -49152, 0], ""params"": [0.0, 1.0, 1.0, 90, -1, 0], ""unused_pointer"": 2365333888}"
challenge-ep1/c88107-bb-j,10,176,"{""base_type"": 34, ""set_flags"": 2, ""runtime_index"": 1348, ""file_offset"": 35628, ""floor_field"": 8, ""entity_id_field"": 17732, ""group"": 0, ""room"": 55, ""unknown_a3"": 0, ""position"": [67.11056518554688, 9.0, -89.45262145996094], ""angles"": [0, -49152, 0], ""params"": [0.0, 1.0, 1.0, 91, -1, 0], ""unused_pointer"": 2365334704}"
challenge-ep1/c88107-bb-j,11,101,"{""base_type"": 34, ""set_flags"": 0, ""runtime_index"": 1834, ""file_offset"": 44484, ""floor_field"": 8, ""entity_id_field"": 18890, ""group"": 0, ""room"": 30, ""unknown_a3"": 0, ""position"": [0.0, 1.000000238418579, 0.0], ""angles"": [0, 0, 0], ""params"": [-2.000000476837158, 1.0, 1.0, 51, 0, 0], ""unused_pointer"": 2365161904}"
challenge-ep1/c88107-bb-j,12,55,"{""base_type"": 34, ""set_flags"": 2, ""runtime_index"": 1227, ""file_offset"": 48784, ""floor_field"": 8, ""entity_id_field"": 17611, ""group"": 0, ""room"": 10, ""unknown_a3"": 0, ""position"": [0.0, 1.000000238418579, 0.0], ""angles"": [0, 0, 0], ""params"": [-1.0000001192092896, 1.0, 1.0, 100, -1, 0], ""unused_pointer"": 2365239024}"
challenge-ep1/c88107-bb-j,12,56,"{""base_type"": 34, ""set_flags"": 2, ""runtime_index"": 1228, ""file_offset"": 48852, ""floor_field"": 8, ""entity_id_field"": 17612, ""group"": 0, ""room"": 10, ""unknown_a3"": 0, ""position"": [-37.51849365234375, -1.0, 338.16424560546875], ""angles"": [0, 0, 0], ""params"": [-3.0000007152557373, 1.0, 1.0, 101, -1, 0], ""unused_pointer"": 2365239328}"
challenge-ep1/c88107-bb-j,12,75,"{""base_type"": 34, ""set_flags"": 0, ""runtime_index"": 2019, ""file_offset"": 50144, ""floor_field"": 8, ""entity_id_field"": 19491, ""group"": 0, ""room"": 11, ""unknown_a3"": 0, ""position"": [-75.02114868164062, 0.0, -77.29336547851562], ""angles"": [0, 0, 0], ""params"": [-2.000000476837158, 1.0, 1.0, 140, -1, 0], ""unused_pointer"": 2365152128}"
challenge-ep1/c88107-bb-j,12,169,"{""base_type"": 34, ""set_flags"": 2, ""runtime_index"": 1348, ""file_offset"": 56536, ""floor_field"": 8, ""entity_id_field"": 18705, ""group"": 0, ""room"": 50, ""unknown_a3"": 0, ""position"": [-119.99280548095703, 0.0, 75.01152038574219], ""angles"": [0, -16383, 0], ""params"": [-1.000000238418579, 1.0, 1.0, 108, 0, 0], ""unused_pointer"": 2365153440}"
challenge-ep1/c88107-bb-j,12,170,"{""base_type"": 34, ""set_flags"": 2, ""runtime_index"": 1349, ""file_offset"": 56604, ""floor_field"": 8, ""entity_id_field"": 18706, ""group"": 0, ""room"": 50, ""unknown_a3"": 0, ""position"": [-243.1922607421875, 0.0, -277.6628723144531], ""angles"": [0, -16383, 0], ""params"": [-4.000000953674316, 1.0, 1.0, 109, 0, 0], ""unused_pointer"": 2365154304}"
challenge-ep1/c88107-bb-j,12,203,"{""base_type"": 34, ""set_flags"": 0, ""runtime_index"": 1949, ""file_offset"": 58848, ""floor_field"": 8, ""entity_id_field"": 18443, ""group"": 0, ""room"": 70, ""unknown_a3"": 0, ""position"": [-203.5603790283203, -30.000001907348633, 293.4237365722656], ""angles"": [0, -16383, 0], ""params"": [0.0, 1.0, 1.0, 181, -1, 0], ""unused_pointer"": 2365150736}"
challenge-ep1/c88108-bb-e,9,152,"{""base_type"": 34, ""set_flags"": 2, ""runtime_index"": 1560, ""file_offset"": 11796, ""floor_field"": 9, ""entity_id_field"": 18371, ""group"": 0, ""room"": 55, ""unknown_a3"": 0, ""position"": [75.0, -1.000000238418579, 80.0], ""angles"": [0, -16384, 0], ""params"": [-1.000000238418579, 1.0, 1.0, 121, -1, 0], ""unused_pointer"": 2365237968}"
challenge-ep1/c88108-bb-e,11,153,"{""base_type"": 34, ""set_flags"": 2, ""runtime_index"": 1559, ""file_offset"": 34200, ""floor_field"": 9, ""entity_id_field"": 17943, ""group"": 0, ""room"": 60, ""unknown_a3"": 0, ""position"": [-29.997116088867188, 9.0, 30.002914428710938], ""angles"": [0, -16383, 0], ""params"": [0.0, 1.0, 1.0, 172, -1, 0], ""unused_pointer"": 2365289344}"
challenge-ep1/c88108-bb-e,11,154,"{""base_type"": 34, ""set_flags"": 2, ""runtime_index"": 1560, ""file_offset"": 34268, ""floor_field"": 9, ""entity_id_field"": 17944, ""group"": 0, ""room"": 60, ""unknown_a3"": 0, ""position"": [29.99713134765625, 9.0, -30.002838134765625], ""angles"": [0, -16383, 0], ""params"": [0.0, 1.0, 1.0, 171, -1, 0], ""unused_pointer"": 2365289648}"
challenge-ep1/c88108-bb-e,11,155,"{""base_type"": 34, ""set_flags"": 2, ""runtime_index"": 1561, ""file_offset"": 34336, ""floor_field"": 9, ""entity_id_field"": 17945, ""group"": 0, ""room"": 60, ""unknown_a3"": 0, ""position"": [-70.00669860839844, 0.8181798458099365, -69.99325561523438], ""angles"": [0, -16383, 0], ""params"": [0.0, 1.0, 1.0, 170, -1, 0], ""unused_pointer"": 2365289952}"
challenge-ep1/c88108-bb-e,11,156,"{""base_type"": 34, ""set_flags"": 2, ""runtime_index"": 1562, ""file_offset"": 34404, ""floor_field"": 9, ""entity_id_field"": 17946, ""group"": 0, ""room"": 60, ""unknown_a3"": 0, ""position"": [80.00768280029297, 0.8181798458099365, 79.99237060546875], ""angles"": [0, -16383, 0], ""params"": [0.0, 1.0, 1.0, 173, -1, 0], ""unused_pointer"": 2365290256}"
challenge-ep1/c88108-bb-e,13,92,"{""base_type"": 34, ""set_flags"": 0, ""runtime_index"": 2098, ""file_offset"": 51844, ""floor_field"": 9, ""entity_id_field"": 20923, ""group"": 0, ""room"": 20, ""unknown_a3"": 0, ""position"": [0.0, -1.000000238418579, 0.0], ""angles"": [0, 0, 0], ""params"": [5.000000953674316, 1.0, 1.0, 131, -1, 0], ""unused_pointer"": 2365147328}"
challenge-ep1/c88108-bb-e,13,167,"{""base_type"": 34, ""set_flags"": 0, ""runtime_index"": 2050, ""file_offset"": 56944, ""floor_field"": 9, ""entity_id_field"": 19870, ""group"": 0, ""room"": 34, ""unknown_a3"": 0, ""position"": [0.0, -1.000000238418579, 90.0], ""angles"": [0, -16384, 0], ""params"": [8.000004768371582, 1.0, 1.0, 130, -1, 0], ""unused_pointer"": 2365154352}"
challenge-ep1/c88108-bb-e,13,178,"{""base_type"": 34, ""set_flags"": 0, ""runtime_index"": 2081, ""file_offset"": 57692, ""floor_field"": 9, ""entity_id_field"": 20328, ""group"": 0, ""room"": 41, ""unknown_a3"": 0, ""position"": [0.0, -1.000000238418579, -110.00004577636719], ""angles"": [0, 0, 0], ""params"": [8.000004768371582, 1.0, 1.0, 132, -1, 0], ""unused_pointer"": 2365150064}"
challenge-ep1/c88108-bb-e,13,206,"{""base_type"": 34, ""set_flags"": 0, ""runtime_index"": 2087, ""file_offset"": 59596, ""floor_field"": 9, ""entity_id_field"": 18569, ""group"": 0, ""room"": 55, ""unknown_a3"": 0, ""position"": [40.000030517578125, 8.000004768371582, -40.0], ""angles"": [0, -16384, 0], ""params"": [1.0, 1.0, 1.0, 140, -1, 0], ""unused_pointer"": 2365284304}"
challenge-ep1/c88108-bb-e,13,207,"{""base_type"": 34, ""set_flags"": 0, ""runtime_index"": 2088, ""file_offset"": 59664, ""floor_field"": 9, ""entity_id_field"": 18570, ""group"": 0, ""room"": 55, ""unknown_a3"": 0, ""position"": [90.00004577636719, 8.000004768371582, -40.0], ""angles"": [0, -16384, 0], ""params"": [1.0, 1.0, 1.0, 141, -1, 0], ""unused_pointer"": 2365284608}"
challenge-ep1/c88108-bb-e,13,209,"{""base_type"": 34, ""set_flags"": 0, ""runtime_index"": 2092, ""file_offset"": 59800, ""floor_field"": 9, ""entity_id_field"": 18572, ""group"": 0, ""room"": 55, ""unknown_a3"": 0, ""position"": [65.00004577636719, 8.000004768371582, -10.0], ""angles"": [0, -16384, 0], ""params"": [1.0, 1.0, 1.0, 142, -1, 0], ""unused_pointer"": 2365285200}"
challenge-ep1/c88108-bb-j,9,152,"{""base_type"": 34, ""set_flags"": 2, ""runtime_index"": 1560, ""file_offset"": 11796, ""floor_field"": 9, ""entity_id_field"": 18371, ""group"": 0, ""room"": 55, ""unknown_a3"": 0, ""position"": [75.0, -1.000000238418579, 80.0], ""angles"": [0, -16384, 0], ""params"": [-1.000000238418579, 1.0, 1.0, 121, -1, 0], ""unused_pointer"": 2365237968}"
challenge-ep1/c88108-bb-j,11,153,"{""base_type"": 34, ""set_flags"": 2, ""runtime_index"": 1559, ""file_offset"": 34200, ""floor_field"": 9, ""entity_id_field"": 17943, ""group"": 0, ""room"": 60, ""unknown_a3"": 0, ""position"": [-29.997116088867188, 9.0, 30.002914428710938], ""angles"": [0, -16383, 0], ""params"": [0.0, 1.0, 1.0, 172, -1, 0], ""unused_pointer"": 2365289344}"
challenge-ep1/c88108-bb-j,11,154,"{""base_type"": 34, ""set_flags"": 2, ""runtime_index"": 1560, ""file_offset"": 34268, ""floor_field"": 9, ""entity_id_field"": 17944, ""group"": 0, ""room"": 60, ""unknown_a3"": 0, ""position"": [29.99713134765625, 9.0, -30.002838134765625], ""angles"": [0, -16383, 0], ""params"": [0.0, 1.0, 1.0, 171, -1, 0], ""unused_pointer"": 2365289648}"
challenge-ep1/c88108-bb-j,11,155,"{""base_type"": 34, ""set_flags"": 2, ""runtime_index"": 1561, ""file_offset"": 34336, ""floor_field"": 9, ""entity_id_field"": 17945, ""group"": 0, ""room"": 60, ""unknown_a3"": 0, ""position"": [-70.00669860839844, 0.8181798458099365, -69.99325561523438], ""angles"": [0, -16383, 0], ""params"": [0.0, 1.0, 1.0, 170, -1, 0], ""unused_pointer"": 2365289952}"
challenge-ep1/c88108-bb-j,11,156,"{""base_type"": 34, ""set_flags"": 2, ""runtime_index"": 1562, ""file_offset"": 34404, ""floor_field"": 9, ""entity_id_field"": 17946, ""group"": 0, ""room"": 60, ""unknown_a3"": 0, ""position"": [80.00768280029297, 0.8181798458099365, 79.99237060546875], ""angles"": [0, -16383, 0], ""params"": [0.0, 1.0, 1.0, 173, -1, 0], ""unused_pointer"": 2365290256}"
challenge-ep1/c88108-bb-j,13,92,"{""base_type"": 34, ""set_flags"": 0, ""runtime_index"": 2098, ""file_offset"": 51844, ""floor_field"": 9, ""entity_id_field"": 20923, ""group"": 0, ""room"": 20, ""unknown_a3"": 0, ""position"": [0.0, -1.000000238418579, 0.0], ""angles"": [0, 0, 0], ""params"": [5.000000953674316, 1.0, 1.0, 131, -1, 0], ""unused_pointer"": 2365147328}"
challenge-ep1/c88108-bb-j,13,167,"{""base_type"": 34, ""set_flags"": 0, ""runtime_index"": 2050, ""file_offset"": 56944, ""floor_field"": 9, ""entity_id_field"": 19870, ""group"": 0, ""room"": 34, ""unknown_a3"": 0, ""position"": [0.0, -1.000000238418579, 90.0], ""angles"": [0, -16384, 0], ""params"": [8.000004768371582, 1.0, 1.0, 130, -1, 0], ""unused_pointer"": 2365154352}"
challenge-ep1/c88108-bb-j,13,178,"{""base_type"": 34, ""set_flags"": 0, ""runtime_index"": 2081, ""file_offset"": 57692, ""floor_field"": 9, ""entity_id_field"": 20328, ""group"": 0, ""room"": 41, ""unknown_a3"": 0, ""position"": [0.0, -1.000000238418579, -110.00004577636719], ""angles"": [0, 0, 0], ""params"": [8.000004768371582, 1.0, 1.0, 132, -1, 0], ""unused_pointer"": 2365150064}"
challenge-ep1/c88108-bb-j,13,206,"{""base_type"": 34, ""set_flags"": 0, ""runtime_index"": 2087, ""file_offset"": 59596, ""floor_field"": 9, ""entity_id_field"": 18569, ""group"": 0, ""room"": 55, ""unknown_a3"": 0, ""position"": [40.000030517578125, 8.000004768371582, -40.0], ""angles"": [0, -16384, 0], ""params"": [1.0, 1.0, 1.0, 140, -1, 0], ""unused_pointer"": 2365284304}"
challenge-ep1/c88108-bb-j,13,207,"{""base_type"": 34, ""set_flags"": 0, ""runtime_index"": 2088, ""file_offset"": 59664, ""floor_field"": 9, ""entity_id_field"": 18570, ""group"": 0, ""room"": 55, ""unknown_a3"": 0, ""position"": [90.00004577636719, 8.000004768371582, -40.0], ""angles"": [0, -16384, 0], ""params"": [1.0, 1.0, 1.0, 141, -1, 0], ""unused_pointer"": 2365284608}"
challenge-ep1/c88108-bb-j,13,209,"{""base_type"": 34, ""set_flags"": 0, ""runtime_index"": 2092, ""file_offset"": 59800, ""floor_field"": 9, ""entity_id_field"": 18572, ""group"": 0, ""room"": 55, ""unknown_a3"": 0, ""position"": [65.00004577636719, 8.000004768371582, -10.0], ""angles"": [0, -16384, 0], ""params"": [1.0, 1.0, 1.0, 142, -1, 0], ""unused_pointer"": 2365285200}"
challenge-ep1/c88109-bb-e,1,184,"{""base_type"": 34, ""set_flags"": 0, ""runtime_index"": 2075, ""file_offset"": 13972, ""floor_field"": 10, ""entity_id_field"": 18522, ""group"": 0, ""room"": 75, ""unknown_a3"": 0, ""position"": [-76.0966796875, -7.0, -16.027099609375], ""angles"": [0, -49152, 0], ""params"": [1.0, 1.0, 1.0, 142, -1, 0], ""unused_pointer"": 2365275056}"
challenge-ep1/c88109-bb-e,2,23,"{""base_type"": 34, ""set_flags"": 0, ""runtime_index"": 1666, ""file_offset"": 16708, ""floor_field"": 10, ""entity_id_field"": 18186, ""group"": 0, ""room"": 2, ""unknown_a3"": 0, ""position"": [0.0, 1.000000238418579, 0.0], ""angles"": [0, 0, 0], ""params"": [-2.000000476837158, 1.0, 1.0, 51, -1, 0], ""unused_pointer"": 2365228608}"
challenge-ep1/c88109-bb-e,2,63,"{""base_type"": 34, ""set_flags"": 0, ""runtime_index"": 1759, ""file_offset"": 19428, ""floor_field"": 10, ""entity_id_field"": 18219, ""group"": 0, ""room"": 31, ""unknown_a3"": 0, ""position"": [7.62939453125e-06, 1.000000238418579, 1.9073486328125e-06], ""angles"": [0, -16383, 0], ""params"": [20.000009536743164, 1.0, 1.0, 60, 0, 0], ""unused_pointer"": 2365275792}"
challenge-ep1/c88109-bb-e,2,65,"{""base_type"": 34, ""set_flags"": 0, ""runtime_index"": 1765, ""file_offset"": 19564, ""floor_field"": 10, ""entity_id_field"": 18317, ""group"": 0, ""room"": 31, ""unknown_a3"": 0, ""position"": [7.62939453125e-06, 2.000000476837158, 1.9073486328125e-06], ""angles"": [0, -16383, 0], ""params"": [22.000011444091797, 1.0, 1.0, 54, 0, 0], ""unused_pointer"": 2365328240}"
challenge-ep1/c88109-bb-e,2,96,"{""base_type"": 34, ""set_flags"": 2, ""runtime_index"": 1623, ""file_offset"": 21672, ""floor_field"": 10, ""entity_id_field"": 18213, ""group"": 0, ""room"": 40, ""unknown_a3"": 0, ""position"": [80.00263977050781, 0.0, -10.00274658203125], ""angles"": [0, 0, 0], ""params"": [20.000009536743164, 1.0, 1.0, 63, 0, 0], ""unused_pointer"": 2365290016}"
challenge-ep1/c88109-bb-e,2,119,"{""base_type"": 34, ""set_flags"": 2, ""runtime_index"": 1646, ""file_offset"": 23236, ""floor_field"": 10, ""entity_id_field"": 18030, ""group"": 0, ""room"": 65, ""unknown_a3"": 0, ""position"": [100.0, 5.000000953674316, -75.0], ""angles"": [0, -49152, 0], ""params"": [20.000009536743164, 1.0, 1.0, 52, 0, 0], ""unused_pointer"": 2365300208}"
challenge-ep1/c88109-bb-e,2,130,"{""base_type"": 34, ""set_flags"": 2, ""runtime_index"": 1657, ""file_offset"": 23984, ""floor_field"": 10, ""entity_id_field"": 18041, ""group"": 0, ""room"": 65, ""unknown_a3"": 0, ""position"": [-70.0, 6.0, -95.0], ""angles"": [0, -49152, 0], ""params"": [-2.000000476837158, 1.0, 1.0, 53, 0, 0], ""unused_pointer"": 2365303072}"
challenge-ep1/c88109-bb-e,2,131,"{""base_type"": 34, ""set_flags"": 2, ""runtime_index"": 1658, ""file_offset"": 24052, ""floor_field"": 10, ""entity_id_field"": 18042, ""group"": 0, ""room"": 65, ""unknown_a3"": 0, ""position"": [-70.0, 6.0, -55.0], ""angles"": [0, -49152, 0], ""params"": [-2.000000476837158, 1.0, 1.0, 55, 0, 0], ""unused_pointer"": 2365303376}"
challenge-ep1/c88109-bb-e,2,132,"{""base_type"": 34, ""set_flags"": 2, ""runtime_index"": 1659, ""file_offset"": 24120, ""floor_field"": 10, ""entity_id_field"": 18043, ""group"": 0, ""room"": 65, ""unknown_a3"": 0, ""position"": [70.0, 6.0, -55.0], ""angles"": [0, -49152, 0], ""params"": [-2.000000476837158, 1.0, 1.0, 54, 0, 0], ""unused_pointer"": 2365303680}"
challenge-ep1/c88109-bb-e,2,133,"{""base_type"": 34, ""set_flags"": 2, ""runtime_index"": 1660, ""file_offset"": 24188, ""floor_field"": 10, ""entity_id_field"": 18044, ""group"": 0, ""room"": 65, ""unknown_a3"": 0, ""position"": [70.0, 6.0, -95.0], ""angles"": [0, -49152, 0], ""params"": [-2.000000476837158, 1.0, 1.0, 56, 0, 0], ""unused_pointer"": 2365303984}"
challenge-ep1/c88109-bb-e,3,102,"{""base_type"": 34, ""set_flags"": 0, ""runtime_index"": 2097, ""file_offset"": 31956, ""floor_field"": 10, ""entity_id_field"": 20561, ""group"": 0, ""room"": 32, ""unknown_a3"": 0, ""position"": [-79.99993896484375, -1.000000238418579, -140.0], ""angles"": [0, 0, 0], ""params"": [-5.000004768371582, 1.0, 1.0, 147, 0, 0], ""unused_pointer"": 2365203648}"
challenge-ep1/c88109-bb-e,3,117,"{""base_type"": 34, ""set_flags"": 0, ""runtime_index"": 2056, ""file_offset"": 32976, ""floor_field"": 10, ""entity_id_field"": 20576, ""group"": 0, ""room"": 33, ""unknown_a3"": 0, ""position"": [90.00003814697266, -1.000000238418579, -140.0], ""angles"": [0, 0, 0], ""params"": [-5.000004768371582, 1.0, 1.0, 142, 0, 0], ""unused_pointer"": 2365208752}"
challenge-ep1/c88109-bb-e,3,178,"{""base_type"": 34, ""set_flags"": 2, ""runtime_index"": 1791, ""file_offset"": 37124, ""floor_field"": 10, ""entity_id_field"": 18478, ""group"": 0, ""room"": 55, ""unknown_a3"": 0, ""position"": [3.0517578125e-05, 9.999999046325684, 2.288818359375e-05], ""angles"": [0, -16383, 0], ""params"": [1.0, 1.0, 1.0, 120, -1, 0], ""unused_pointer"": 2365227840}"
challenge-ep1/c88109-bb-e,4,105,"{""base_type"": 34, ""set_flags"": 2, ""runtime_index"": 1746, ""file_offset"": 47340, ""floor_field"": 10, ""entity_id_field"": 18130, ""group"": 0, ""room"": 80, ""unknown_a3"": 0, ""position"": [0.0, 1.000000238418579, -110.00004577636719], ""angles"": [0, 0, 0], ""params"": [-2.000000476837158, 1.0, 1.0, 53, -1, 0], ""unused_pointer"": 2365257168}"
challenge-ep1/c88109-bb-e,5,82,"{""base_type"": 34, ""set_flags"": 2, ""runtime_index"": 1695, ""file_offset"": 54360, ""floor_field"": 10, ""entity_id_field"": 18766, ""group"": 0, ""room"": 9, ""unknown_a3"": 0, ""position"": [10.0, -1.000000238418579, -100.0], ""angles"": [0, 0, 0], ""params"": [-5.000000953674316, 1.0, 1.0, 196, -1, 0], ""unused_pointer"": 2365279200}"
challenge-ep1/c88109-bb-e,5,83,"{""base_type"": 34, ""set_flags"": 2, ""runtime_index"": 1696, ""file_offset"": 54428, ""floor_field"": 10, ""entity_id_field"": 18767, ""group"": 0, ""room"": 9, ""unknown_a3"": 0, ""position"": [-10.0, -1.000000238418579, -120.0], ""angles"": [0, 0, 0], ""params"": [-5.000000953674316, 1.0, 1.0, 197, -1, 0], ""unused_pointer"": 2365279504}"
challenge-ep1/c88109-bb-e,5,84,"{""base_type"": 34, ""set_flags"": 2, ""runtime_index"": 1697, ""file_offset"": 54496, ""floor_field"": 10, ""entity_id_field"": 18768, ""group"": 0, ""room"": 9, ""unknown_a3"": 0, ""position"": [10.0, -1.000000238418579, -140.0], ""angles"": [0, 0, 0], ""params"": [-5.000000953674316, 1.0, 1.0, 198, -1, 0], ""unused_pointer"": 2365279808}"
challenge-ep1/c88109-bb-e,5,85,"{""base_type"": 34, ""set_flags"": 2, ""runtime_index"": 1698, ""file_offset"": 54564, ""floor_field"": 10, ""entity_id_field"": 18769, ""group"": 0, ""room"": 9, ""unknown_a3"": 0, ""position"": [-10.0, -1.000000238418579, -160.0], ""angles"": [0, 0, 0], ""params"": [-5.000000953674316, 1.0, 1.0, 199, -1, 0], ""unused_pointer"": 2365280112}"
challenge-ep1/c88109-bb-e,5,222,"{""base_type"": 34, ""set_flags"": 2, ""runtime_index"": 1824, ""file_offset"": 63880, ""floor_field"": 10, ""entity_id_field"": 18907, ""group"": 0, ""room"": 75, ""unknown_a3"": 0, ""position"": [49.99993896484375, -2.000000476837158, -0.00476837158203125], ""angles"": [0, -16383, 0], ""params"": [0.0, 1.0, 1.0, 211, -1, 0], ""unused_pointer"": 2365335152}"
challenge-ep1/c88109-bb-e,5,231,"{""base_type"": 34, ""set_flags"": 2, ""runtime_index"": 1833, ""file_offset"": 64492, ""floor_field"": 10, ""entity_id_field"": 18916, ""group"": 0, ""room"": 75, ""unknown_a3"": 0, ""position"": [50.00762939453125, -2.000000476837158, 79.99523162841797], ""angles"": [0, -16383, 0], ""params"": [0.0, 1.0, 1.0, 210, -1, 0], ""unused_pointer"": 2365337536}"
challenge-ep1/c88109-bb-j,1,184,"{""base_type"": 34, ""set_flags"": 0, ""runtime_index"": 2075, ""file_offset"": 13972, ""floor_field"": 10, ""entity_id_field"": 18522, ""group"": 0, ""room"": 75, ""unknown_a3"": 0, ""position"": [-76.0966796875, -7.0, -16.027099609375], ""angles"": [0, -49152, 0], ""params"": [1.0, 1.0, 1.0, 142, -1, 0], ""unused_pointer"": 2365275056}"
challenge-ep1/c88109-bb-j,2,23,"{""base_type"": 34, ""set_flags"": 0, ""runtime_index"": 1666, ""file_offset"": 16708, ""floor_field"": 10, ""entity_id_field"": 18186, ""group"": 0, ""room"": 2, ""unknown_a3"": 0, ""position"": [0.0, 1.000000238418579, 0.0], ""angles"": [0, 0, 0], ""params"": [-2.000000476837158, 1.0, 1.0, 51, -1, 0], ""unused_pointer"": 2365228608}"
challenge-ep1/c88109-bb-j,2,63,"{""base_type"": 34, ""set_flags"": 0, ""runtime_index"": 1759, ""file_offset"": 19428, ""floor_field"": 10, ""entity_id_field"": 18219, ""group"": 0, ""room"": 31, ""unknown_a3"": 0, ""position"": [7.62939453125e-06, 1.000000238418579, 1.9073486328125e-06], ""angles"": [0, -16383, 0], ""params"": [20.000009536743164, 1.0, 1.0, 60, 0, 0], ""unused_pointer"": 2365275792}"
challenge-ep1/c88109-bb-j,2,65,"{""base_type"": 34, ""set_flags"": 0, ""runtime_index"": 1765, ""file_offset"": 19564, ""floor_field"": 10, ""entity_id_field"": 18317, ""group"": 0, ""room"": 31, ""unknown_a3"": 0, ""position"": [7.62939453125e-06, 2.000000476837158, 1.9073486328125e-06], ""angles"": [0, -16383, 0], ""params"": [22.000011444091797, 1.0, 1.0, 54, 0, 0], ""unused_pointer"": 2365328240}"
challenge-ep1/c88109-bb-j,2,96,"{""base_type"": 34, ""set_flags"": 2, ""runtime_index"": 1623, ""file_offset"": 21672, ""floor_field"": 10, ""entity_id_field"": 18213, ""group"": 0, ""room"": 40, ""unknown_a3"": 0, ""position"": [80.00263977050781, 0.0, -10.00274658203125], ""angles"": [0, 0, 0], ""params"": [20.000009536743164, 1.0, 1.0, 63, 0, 0], ""unused_pointer"": 2365290016}"
challenge-ep1/c88109-bb-j,2,119,"{""base_type"": 34, ""set_flags"": 2, ""runtime_index"": 1646, ""file_offset"": 23236, ""floor_field"": 10, ""entity_id_field"": 18030, ""group"": 0, ""room"": 65, ""unknown_a3"": 0, ""position"": [100.0, 5.000000953674316, -75.0], ""angles"": [0, -49152, 0], ""params"": [20.000009536743164, 1.0, 1.0, 52, 0, 0], ""unused_pointer"": 2365300208}"
challenge-ep1/c88109-bb-j,2,130,"{""base_type"": 34, ""set_flags"": 2, ""runtime_index"": 1657, ""file_offset"": 23984, ""floor_field"": 10, ""entity_id_field"": 18041, ""group"": 0, ""room"": 65, ""unknown_a3"": 0, ""position"": [-70.0, 6.0, -95.0], ""angles"": [0, -49152, 0], ""params"": [-2.000000476837158, 1.0, 1.0, 53, 0, 0], ""unused_pointer"": 2365303072}"
challenge-ep1/c88109-bb-j,2,131,"{""base_type"": 34, ""set_flags"": 2, ""runtime_index"": 1658, ""file_offset"": 24052, ""floor_field"": 10, ""entity_id_field"": 18042, ""group"": 0, ""room"": 65, ""unknown_a3"": 0, ""position"": [-70.0, 6.0, -55.0], ""angles"": [0, -49152, 0], ""params"": [-2.000000476837158, 1.0, 1.0, 55, 0, 0], ""unused_pointer"": 2365303376}"
challenge-ep1/c88109-bb-j,2,132,"{""base_type"": 34, ""set_flags"": 2, ""runtime_index"": 1659, ""file_offset"": 24120, ""floor_field"": 10, ""entity_id_field"": 18043, ""group"": 0, ""room"": 65, ""unknown_a3"": 0, ""position"": [70.0, 6.0, -55.0], ""angles"": [0, -49152, 0], ""params"": [-2.000000476837158, 1.0, 1.0, 54, 0, 0], ""unused_pointer"": 2365303680}"
challenge-ep1/c88109-bb-j,2,133,"{""base_type"": 34, ""set_flags"": 2, ""runtime_index"": 1660, ""file_offset"": 24188, ""floor_field"": 10, ""entity_id_field"": 18044, ""group"": 0, ""room"": 65, ""unknown_a3"": 0, ""position"": [70.0, 6.0, -95.0], ""angles"": [0, -49152, 0], ""params"": [-2.000000476837158, 1.0, 1.0, 56, 0, 0], ""unused_pointer"": 2365303984}"
challenge-ep1/c88109-bb-j,3,102,"{""base_type"": 34, ""set_flags"": 0, ""runtime_index"": 2097, ""file_offset"": 31956, ""floor_field"": 10, ""entity_id_field"": 20561, ""group"": 0, ""room"": 32, ""unknown_a3"": 0, ""position"": [-79.99993896484375, -1.000000238418579, -140.0], ""angles"": [0, 0, 0], ""params"": [-5.000004768371582, 1.0, 1.0, 147, 0, 0], ""unused_pointer"": 2365203648}"
challenge-ep1/c88109-bb-j,3,117,"{""base_type"": 34, ""set_flags"": 0, ""runtime_index"": 2056, ""file_offset"": 32976, ""floor_field"": 10, ""entity_id_field"": 20576, ""group"": 0, ""room"": 33, ""unknown_a3"": 0, ""position"": [90.00003814697266, -1.000000238418579, -140.0], ""angles"": [0, 0, 0], ""params"": [-5.000004768371582, 1.0, 1.0, 142, 0, 0], ""unused_pointer"": 2365208752}"
challenge-ep1/c88109-bb-j,3,178,"{""base_type"": 34, ""set_flags"": 2, ""runtime_index"": 1791, ""file_offset"": 37124, ""floor_field"": 10, ""entity_id_field"": 18478, ""group"": 0, ""room"": 55, ""unknown_a3"": 0, ""position"": [3.0517578125e-05, 9.999999046325684, 2.288818359375e-05], ""angles"": [0, -16383, 0], ""params"": [1.0, 1.0, 1.0, 120, -1, 0], ""unused_pointer"": 2365227840}"
challenge-ep1/c88109-bb-j,4,105,"{""base_type"": 34, ""set_flags"": 2, ""runtime_index"": 1746, ""file_offset"": 47340, ""floor_field"": 10, ""entity_id_field"": 18130, ""group"": 0, ""room"": 80, ""unknown_a3"": 0, ""position"": [0.0, 1.000000238418579, -110.00004577636719], ""angles"": [0, 0, 0], ""params"": [-2.000000476837158, 1.0, 1.0, 53, -1, 0], ""unused_pointer"": 2365257168}"
challenge-ep1/c88109-bb-j,5,82,"{""base_type"": 34, ""set_flags"": 2, ""runtime_index"": 1695, ""file_offset"": 54360, ""floor_field"": 10, ""entity_id_field"": 18766, ""group"": 0, ""room"": 9, ""unknown_a3"": 0, ""position"": [10.0, -1.000000238418579, -100.0], ""angles"": [0, 0, 0], ""params"": [-5.000000953674316, 1.0, 1.0, 196, -1, 0], ""unused_pointer"": 2365279200}"
challenge-ep1/c88109-bb-j,5,83,"{""base_type"": 34, ""set_flags"": 2, ""runtime_index"": 1696, ""file_offset"": 54428, ""floor_field"": 10, ""entity_id_field"": 18767, ""group"": 0, ""room"": 9, ""unknown_a3"": 0, ""position"": [-10.0, -1.000000238418579, -120.0], ""angles"": [0, 0, 0], ""params"": [-5.000000953674316, 1.0, 1.0, 197, -1, 0], ""unused_pointer"": 2365279504}"
challenge-ep1/c88109-bb-j,5,84,"{""base_type"": 34, ""set_flags"": 2, ""runtime_index"": 1697, ""file_offset"": 54496, ""floor_field"": 10, ""entity_id_field"": 18768, ""group"": 0, ""room"": 9, ""unknown_a3"": 0, ""position"": [10.0, -1.000000238418579, -140.0], ""angles"": [0, 0, 0], ""params"": [-5.000000953674316, 1.0, 1.0, 198, -1, 0], ""unused_pointer"": 2365279808}"
challenge-ep1/c88109-bb-j,5,85,"{""base_type"": 34, ""set_flags"": 2, ""runtime_index"": 1698, ""file_offset"": 54564, ""floor_field"": 10, ""entity_id_field"": 18769, ""group"": 0, ""room"": 9, ""unknown_a3"": 0, ""position"": [-10.0, -1.000000238418579, -160.0], ""angles"": [0, 0, 0], ""params"": [-5.000000953674316, 1.0, 1.0, 199, -1, 0], ""unused_pointer"": 2365280112}"
challenge-ep1/c88109-bb-j,5,222,"{""base_type"": 34, ""set_flags"": 2, ""runtime_index"": 1824, ""file_offset"": 63880, ""floor_field"": 10, ""entity_id_field"": 18907, ""group"": 0, ""room"": 75, ""unknown_a3"": 0, ""position"": [49.99993896484375, -2.000000476837158, -0.00476837158203125], ""angles"": [0, -16383, 0], ""params"": [0.0, 1.0, 1.0, 211, -1, 0], ""unused_pointer"": 2365335152}"
challenge-ep1/c88109-bb-j,5,231,"{""base_type"": 34, ""set_flags"": 2, ""runtime_index"": 1833, ""file_offset"": 64492, ""floor_field"": 10, ""entity_id_field"": 18916, ""group"": 0, ""room"": 75, ""unknown_a3"": 0, ""position"": [50.00762939453125, -2.000000476837158, 79.99523162841797], ""angles"": [0, -16383, 0], ""params"": [0.0, 1.0, 1.0, 210, -1, 0], ""unused_pointer"": 2365337536}"
challenge-ep2/d88201-bb-e,1,85,"{""base_type"": 34, ""set_flags"": 0, ""runtime_index"": 28680, ""file_offset"": 8532, ""floor_field"": 1, ""entity_id_field"": 47688, ""group"": 0, ""room"": 30, ""unknown_a3"": 0, ""position"": [0.0, 2.0, 0.0], ""angles"": [0, 0, 0], ""params"": [20.0, 1.0, 1.0, 112, 0, 0], ""unused_pointer"": 551936640}"
challenge-ep2/d88201-bb-e,1,98,"{""base_type"": 34, ""set_flags"": 0, ""runtime_index"": 26120, ""file_offset"": 9416, ""floor_field"": 1, ""entity_id_field"": 50248, ""group"": 0, ""room"": 40, ""unknown_a3"": 0, ""position"": [0.0, 1.0, -120.0], ""angles"": [0, 0, 0], ""params"": [-2.0, 1.0, 1.0, 100, -1, 0], ""unused_pointer"": 3237601920}"
challenge-ep2/d88201-bb-e,1,106,"{""base_type"": 34, ""set_flags"": 0, ""runtime_index"": 29192, ""file_offset"": 9960, ""floor_field"": 1, ""entity_id_field"": 52296, ""group"": 0, ""room"": 40, ""unknown_a3"": 0, ""position"": [0.0, 1.0, 60.0], ""angles"": [0, 0, 0], ""params"": [-2.0, 1.0, 1.0, 106, -1, 0], ""unused_pointer"": 1073931136}"
challenge-ep2/d88201-bb-e,1,120,"{""base_type"": 34, ""set_flags"": 0, ""runtime_index"": 29192, ""file_offset"": 10912, ""floor_field"": 1, ""entity_id_field"": 56392, ""group"": 0, ""room"": 50, ""unknown_a3"": 0, ""position"": [0.0, 1.0, 100.0], ""angles"": [0, 0, 0], ""params"": [-2.0, 1.0, 1.0, 108, -1, 0], ""unused_pointer"": 2418860928}"
challenge-ep2/d88201-bb-e,1,131,"{""base_type"": 34, ""set_flags"": 0, ""runtime_index"": 32008, ""file_offset"": 11660, ""floor_field"": 1, ""entity_id_field"": 59464, ""group"": 0, ""room"": 50, ""unknown_a3"": 0, ""position"": [-180.0, 0.0, 180.0], ""angles"": [0, 0, 0], ""params"": [15.0, 1.0, 1.0, 109, 0, 0], ""unused_pointer"": 1346626432}"
challenge-ep2/d88201-bb-e,1,134,"{""base_type"": 34, ""set_flags"": 0, ""runtime_index"": 26376, ""file_offset"": 11864, ""floor_field"": 1, ""entity_id_field"": 60232, ""group"": 0, ""room"": 50, ""unknown_a3"": 0, ""position"": [40.0, 0.8999999761581421, -120.0], ""angles"": [0, 0, 0], ""params"": [-3.0, 1.0, 1.0, 111, 0, 0], ""unused_pointer"": 810148736}"
challenge-ep2/d88201-bb-e,2,60,"{""base_type"": 34, ""set_flags"": 0, ""runtime_index"": 39943, ""file_offset"": 20380, ""floor_field"": 1, ""entity_id_field"": 17225, ""group"": 0, ""room"": 40, ""unknown_a3"": 0, ""position"": [-132.0, 1.0, 92.0], ""angles"": [0, 0, 0], ""params"": [-4.0, 1.0, 1.0, 100, -1, 0], ""unused_pointer"": 553443712}"
challenge-ep2/d88201-bb-e,3,141,"{""base_type"": 34, ""set_flags"": 0, ""runtime_index"": 12041, ""file_offset"": 32364, ""floor_field"": 1, ""entity_id_field"": 58184, ""group"": 0, ""room"": 60, ""unknown_a3"": 0, ""position"": [90.0, 1.0, -50.00006103515625], ""angles"": [0, -32768, 0], ""params"": [-3.0, 1.0, 1.0, 118, -1, 0], ""unused_pointer"": 4028818304}"
challenge-ep2/d88201-bb-e,3,144,"{""base_type"": 34, ""set_flags"": 0, ""runtime_index"": 22793, ""file_offset"": 32568, ""floor_field"": 1, ""entity_id_field"": 58952, ""group"": 0, ""room"": 60, ""unknown_a3"": 0, ""position"": [30.00006103515625, 1.0, 10.0], ""angles"": [0, -32768, 0], ""params"": [-3.0, 1.0, 1.0, 120, 0, 0], ""unused_pointer"": 3492144000}"
challenge-ep2/d88201-bb-e,3,145,"{""base_type"": 34, ""set_flags"": 0, ""runtime_index"": 21769, ""file_offset"": 32636, ""floor_field"": 1, ""entity_id_field"": 59208, ""group"": 0, ""room"": 60, ""unknown_a3"": 0, ""position"": [-29.99993896484375, 1.0, 10.0], ""angles"": [0, -32768, 0], ""params"": [-3.0, 1.0, 1.0, 119, -1, 0], ""unused_pointer"": 3492209536}"
challenge-ep2/d88201-bb-e,3,147,"{""base_type"": 34, ""set_flags"": 0, ""runtime_index"": 21257, ""file_offset"": 32772, ""floor_field"": 1, ""entity_id_field"": 59720, ""group"": 0, ""room"": 60, ""unknown_a3"": 0, ""position"": [90.00006103515625, 1.0, 44.99993896484375], ""angles"": [0, -32768, 0], ""params"": [-3.0, 1.0, 1.0, 121, -1, 0], ""unused_pointer"": 3223905152}"
challenge-ep2/d88201-bb-e,3,150,"{""base_type"": 34, ""set_flags"": 0, ""runtime_index"": 20232, ""file_offset"": 32976, ""floor_field"": 1, ""entity_id_field"": 28489, ""group"": 0, ""room"": 60, ""unknown_a3"": 0, ""position"": [30.000091552734375, 1.0, 90.0], ""angles"": [0, -32768, 0], ""params"": [-3.0, 1.0, 1.0, 122, -1, 0], ""unused_pointer"": 2687296384}"
challenge-ep2/d88201-bb-e,3,151,"{""base_type"": 34, ""set_flags"": 0, ""runtime_index"": 19976, ""file_offset"": 33044, ""floor_field"": 1, ""entity_id_field"": 27721, ""group"": 0, ""room"": 60, ""unknown_a3"": 0, ""position"": [-29.999908447265625, 1.0, 90.0], ""angles"": [0, -32768, 0], ""params"": [-3.0, 1.0, 1.0, 123, 0, 0], ""unused_pointer"": 1882252160}"
challenge-ep2/d88201-bb-e,3,154,"{""base_type"": 34, ""set_flags"": 0, ""runtime_index"": 17928, ""file_offset"": 33248, ""floor_field"": 1, ""entity_id_field"": 21577, ""group"": 0, ""room"": 60, ""unknown_a3"": 0, ""position"": [30.000091552734375, 1.0, 129.99993896484375], ""angles"": [0, -32768, 0], ""params"": [-3.0, 1.0, 1.0, 125, 0, 0], ""unused_pointer"": 3758548096}"
challenge-ep2/d88201-bb-e,3,155,"{""base_type"": 34, ""set_flags"": 0, ""runtime_index"": 18696, ""file_offset"": 33316, ""floor_field"": 1, ""entity_id_field"": 23881, ""group"": 0, ""room"": 60, ""unknown_a3"": 0, ""position"": [-29.9998779296875, 1.0, 130.00006103515625], ""angles"": [0, -32768, 0], ""params"": [-3.0, 1.0, 1.0, 124, -1, 0], ""unused_pointer"": 3758613632}"
challenge-ep2/d88201-bb-e,3,182,"{""base_type"": 34, ""set_flags"": 0, ""runtime_index"": 51208, ""file_offset"": 35152, ""floor_field"": 1, ""entity_id_field"": 36684, ""group"": 0, ""room"": 80, ""unknown_a3"": 0, ""position"": [10.0, 1.0, 270.0], ""angles"": [0, 0, 0], ""params"": [-4.0, 1.0, 1.0, 115, 0, 0], ""unused_pointer"": 3237667456}"
challenge-ep2/d88201-bb-e,3,183,"{""base_type"": 34, ""set_flags"": 0, ""runtime_index"": 51464, ""file_offset"": 35220, ""floor_field"": 1, ""entity_id_field"": 36940, ""group"": 0, ""room"": 80, ""unknown_a3"": 0, ""position"": [-10.0, 1.0, 270.0], ""angles"": [0, 0, 0], ""params"": [-4.0, 1.0, 1.0, 114, 0, 0], ""unused_pointer"": 3237732992}"
challenge-ep2/d88201-bb-e,3,192,"{""base_type"": 34, ""set_flags"": 0, ""runtime_index"": 23048, ""file_offset"": 35832, ""floor_field"": 1, ""entity_id_field"": 22345, ""group"": 0, ""room"": 90, ""unknown_a3"": 0, ""position"": [0.0, 1.0, -150.0], ""angles"": [0, 0, 0], ""params"": [-5.0, 1.0, 1.0, 102, 0, 0], ""unused_pointer"": 1343021696}"
challenge-ep2/d88201-bb-e,3,207,"{""base_type"": 34, ""set_flags"": 0, ""runtime_index"": 25608, ""file_offset"": 36852, ""floor_field"": 1, ""entity_id_field"": 54089, ""group"": 0, ""room"": 91, ""unknown_a3"": 0, ""position"": [70.0, 1.0, 90.0], ""angles"": [0, 0, 0], ""params"": [-4.0, 1.0, 1.0, 106, 0, 0], ""unused_pointer"": 543154816}"
challenge-ep2/d88201-bb-e,3,208,"{""base_type"": 34, ""set_flags"": 0, ""runtime_index"": 25864, ""file_offset"": 36920, ""floor_field"": 1, ""entity_id_field"": 54345, ""group"": 0, ""room"": 91, ""unknown_a3"": 0, ""position"": [-90.0, 1.0, 90.0], ""angles"": [0, 0, 0], ""params"": [-4.0, 1.0, 1.0, 103, 0, 0], ""unused_pointer"": 812376704}"
challenge-ep2/d88201-bb-e,3,209,"{""base_type"": 34, ""set_flags"": 0, ""runtime_index"": 26120, ""file_offset"": 36988, ""floor_field"": 1, ""entity_id_field"": 54601, ""group"": 0, ""room"": 91, ""unknown_a3"": 0, ""position"": [-70.0, 1.0, -90.0], ""angles"": [0, 0, 0], ""params"": [-4.0, 1.0, 1.0, 104, 0, 0], ""unused_pointer"": 812442240}"
challenge-ep2/d88201-bb-e,3,210,"{""base_type"": 34, ""set_flags"": 0, ""runtime_index"": 26376, ""file_offset"": 37056, ""floor_field"": 1, ""entity_id_field"": 54857, ""group"": 0, ""room"": 91, ""unknown_a3"": 0, ""position"": [90.0, 1.0, -90.0], ""angles"": [0, 0, 0], ""params"": [-4.0, 1.0, 1.0, 105, 0, 0], ""unused_pointer"": 812507776}"
challenge-ep2/d88201-bb-e,3,217,"{""base_type"": 34, ""set_flags"": 0, ""runtime_index"": 28424, ""file_offset"": 37532, ""floor_field"": 1, ""entity_id_field"": 11594, ""group"": 0, ""room"": 91, ""unknown_a3"": 0, ""position"": [30.0, 0.0, -10.0], ""angles"": [0, 0, 0], ""params"": [-4.0, 1.0, 1.0, 108, 0, 0], ""unused_pointer"": 1887560320}"
challenge-ep2/d88201-bb-e,3,218,"{""base_type"": 34, ""set_flags"": 0, ""runtime_index"": 28680, ""file_offset"": 37600, ""floor_field"": 1, ""entity_id_field"": 11850, ""group"": 0, ""room"": 91, ""unknown_a3"": 0, ""position"": [-10.0, 0.0, -50.0], ""angles"": [0, 0, 0], ""params"": [-4.0, 1.0, 1.0, 107, 0, 0], ""unused_pointer"": 1887625856}"
challenge-ep2/d88201-bb-e,3,224,"{""base_type"": 34, ""set_flags"": 0, ""runtime_index"": 22280, ""file_offset"": 38008, ""floor_field"": 1, ""entity_id_field"": 12873, ""group"": 0, ""room"": 92, ""unknown_a3"": 0, ""position"": [-100.0, 1.0, 5.000064849853516], ""angles"": [0, -32768, 0], ""params"": [-4.0, 1.0, 1.0, 101, -1, 0], ""unused_pointer"": 547086720}"
challenge-ep2/d88201-bb-e,3,226,"{""base_type"": 34, ""set_flags"": 0, ""runtime_index"": 22024, ""file_offset"": 38144, ""floor_field"": 1, ""entity_id_field"": 11849, ""group"": 0, ""room"": 92, ""unknown_a3"": 0, ""position"": [-30.0, 1.0, -19.999980926513672], ""angles"": [0, -32768, 0], ""params"": [-4.0, 1.0, 1.0, 100, -1, 0], ""unused_pointer"": 815587712}"
challenge-ep2/d88201-bb-e,3,244,"{""base_type"": 34, ""set_flags"": 0, ""runtime_index"": 45832, ""file_offset"": 39368, ""floor_field"": 1, ""entity_id_field"": 17996, ""group"": 0, ""room"": 94, ""unknown_a3"": 0, ""position"": [29.999053955078125, 1.0, -10.00286865234375], ""angles"": [0, -16383, 0], ""params"": [-3.0, 1.0, 1.0, 109, 0, 0], ""unused_pointer"": 8381056}"
challenge-ep2/d88201-bb-e,3,245,"{""base_type"": 34, ""set_flags"": 0, ""runtime_index"": 46088, ""file_offset"": 39436, ""floor_field"": 1, ""entity_id_field"": 18252, ""group"": 0, ""room"": 94, ""unknown_a3"": 0, ""position"": [89.99136352539062, 1.0, -90.0086669921875], ""angles"": [0, -16383, 0], ""params"": [-3.0, 1.0, 1.0, 110, 0, 0], ""unused_pointer"": 2966151808}"
challenge-ep2/d88201-bb-e,3,246,"{""base_type"": 34, ""set_flags"": 0, ""runtime_index"": 46344, ""file_offset"": 39504, ""floor_field"": 1, ""entity_id_field"": 19788, ""group"": 0, ""room"": 94, ""unknown_a3"": 0, ""position"": [-60.00767517089844, 1.0, -79.99420166015625], ""angles"": [0, -16383, 0], ""params"": [-3.0, 1.0, 1.0, 111, 0, 0], ""unused_pointer"": 2966217344}"
challenge-ep2/d88201-bb-e,3,247,"{""base_type"": 34, ""set_flags"": 0, ""runtime_index"": 46600, ""file_offset"": 39572, ""floor_field"": 1, ""entity_id_field"": 20556, ""group"": 0, ""room"": 94, ""unknown_a3"": 0, ""position"": [-79.99229431152344, 1.0, 80.0076904296875], ""angles"": [0, -16383, 0], ""params"": [-3.0, 1.0, 1.0, 112, 0, 0], ""unused_pointer"": 2966282880}"
challenge-ep2/d88201-bb-e,3,248,"{""base_type"": 34, ""set_flags"": 0, ""runtime_index"": 46856, ""file_offset"": 39640, ""floor_field"": 1, ""entity_id_field"": 20812, ""group"": 0, ""room"": 94, ""unknown_a3"": 0, ""position"": [60.0076904296875, 1.0, 79.9942626953125], ""angles"": [0, -16383, 0], ""params"": [-3.0, 1.0, 1.0, 113, 0, 0], ""unused_pointer"": 1892934272}"
challenge-ep2/d88201-bb-e,4,13,"{""base_type"": 34, ""set_flags"": 0, ""runtime_index"": 31496, ""file_offset"": 40744, ""floor_field"": 2, ""entity_id_field"": 29512, ""group"": 0, ""room"": 4, ""unknown_a3"": 0, ""position"": [0.0, 0.0, 0.0], ""angles"": [0, 0, 0], ""params"": [20.0, 1.0, 1.0, 114, 0, 0], ""unused_pointer"": 2965299584}"
challenge-ep2/d88201-bb-e,4,43,"{""base_type"": 34, ""set_flags"": 0, ""runtime_index"": 38408, ""file_offset"": 42784, ""floor_field"": 2, ""entity_id_field"": 37448, ""group"": 0, ""room"": 20, ""unknown_a3"": 0, ""position"": [52.0, 3.0, 52.0], ""angles"": [0, 0, 0], ""params"": [-4.0, 1.0, 1.0, 115, -1, 0], ""unused_pointer"": 3768443520}"
challenge-ep2/d88201-bb-e,4,44,"{""base_type"": 34, ""set_flags"": 0, ""runtime_index"": 38664, ""file_offset"": 42852, ""floor_field"": 2, ""entity_id_field"": 37704, ""group"": 0, ""room"": 20, ""unknown_a3"": 0, ""position"": [-52.0, 3.0, -52.0], ""angles"": [0, 0, 0], ""params"": [-4.0, 1.0, 1.0, 116, -1, 0], ""unused_pointer"": 3768509056}"
challenge-ep2/d88201-bb-e,4,74,"{""base_type"": 34, ""set_flags"": 0, ""runtime_index"": 24584, ""file_offset"": 44892, ""floor_field"": 2, ""entity_id_field"": 45384, ""group"": 0, ""room"": 40, ""unknown_a3"": 0, ""position"": [0.0, -1.9371509552001953e-06, 220.0], ""angles"": [0, 0, 0], ""params"": [10.0, 1.0, 1.0, 118, 0, 0], ""unused_pointer"": 3774669440}"
challenge-ep2/d88201-bb-e,4,108,"{""base_type"": 34, ""set_flags"": 0, ""runtime_index"": 25096, ""file_offset"": 47204, ""floor_field"": 2, ""entity_id_field"": 54088, ""group"": 0, ""room"": 70, ""unknown_a3"": 0, ""position"": [-0.0231170654296875, 2.2351743567128324e-08, -240.0], ""angles"": [0, -16383, 0], ""params"": [10.0, 1.0, 1.0, 112, 0, 0], ""unused_pointer"": 4033536896}"
challenge-ep2/d88201-bb-e,4,109,"{""base_type"": 34, ""set_flags"": 0, ""runtime_index"": 25352, ""file_offset"": 47272, ""floor_field"": 2, ""entity_id_field"": 54344, ""group"": 0, ""room"": 70, ""unknown_a3"": 0, ""position"": [120.01153564453125, 0.0, 119.9884033203125], ""angles"": [0, -16383, 0], ""params"": [10.0, 1.0, 1.0, 113, 0, 0], ""unused_pointer"": 4033602432}"
challenge-ep2/d88201-bb-e,4,183,"{""base_type"": 34, ""set_flags"": 0, ""runtime_index"": 27912, ""file_offset"": 52304, ""floor_field"": 2, ""entity_id_field"": 7753, ""group"": 0, ""room"": 96, ""unknown_a3"": 0, ""position"": [0.00018310546875, 0.0, 204.99996948242188], ""angles"": [0, -49152, 0], ""params"": [11.0, 1.0, 1.0, 108, 0, 0], ""unused_pointer"": 284422272}"
challenge-ep2/d88201-bb-e,4,184,"{""base_type"": 34, ""set_flags"": 0, ""runtime_index"": 24840, ""file_offset"": 52372, ""floor_field"": 2, ""entity_id_field"": 8009, ""group"": 0, ""room"": 96, ""unknown_a3"": 0, ""position"": [0.000244140625, 0.0, 269.9999694824219], ""angles"": [0, -49152, 0], ""params"": [11.0, 1.0, 1.0, 109, 0, 0], ""unused_pointer"": 284487808}"
challenge-ep2/d88201-bb-e,5,46,"{""base_type"": 34, ""set_flags"": 0, ""runtime_index"": 36359, ""file_offset"": 57964, ""floor_field"": 2, ""entity_id_field"": 44103, ""group"": 0, ""room"": 50, ""unknown_a3"": 0, ""position"": [330.0, -4.805624485015869e-07, -120.0], ""angles"": [0, 0, 0], ""params"": [10.0, 1.0, 1.0, 104, 0, 0], ""unused_pointer"": 274591616}"
challenge-ep2/d88201-bb-e,5,69,"{""base_type"": 34, ""set_flags"": 0, ""runtime_index"": 32775, ""file_offset"": 59528, ""floor_field"": 2, ""entity_id_field"": 34888, ""group"": 0, ""room"": 80, ""unknown_a3"": 0, ""position"": [0.028366565704345703, 1.0, 295.0], ""angles"": [0, -16383, 0], ""params"": [-3.0, 1.0, 1.0, 100, -1, 0], ""unused_pointer"": 1356259712}"
challenge-ep2/d88201-bb-e,5,70,"{""base_type"": 34, ""set_flags"": 0, ""runtime_index"": 33287, ""file_offset"": 59596, ""floor_field"": 2, ""entity_id_field"": 36680, ""group"": 0, ""room"": 80, ""unknown_a3"": 0, ""position"": [0.028366565704345703, 2.0, 295.0], ""angles"": [0, -16383, 0], ""params"": [-3.0, 1.0, 1.0, 101, 0, 0], ""unused_pointer"": 1356390784}"
challenge-ep2/d88201-bb-e,6,84,"{""base_type"": 34, ""set_flags"": 0, ""runtime_index"": 31240, ""file_offset"": 66956, ""floor_field"": 2, ""entity_id_field"": 39496, ""group"": 0, ""room"": 50, ""unknown_a3"": 0, ""position"": [0.0, 1.0, 150.0], ""angles"": [0, 0, 0], ""params"": [-2.0, 1.0, 1.0, 112, -1, 0], ""unused_pointer"": 2148328320}"
challenge-ep2/d88201-bb-e,6,92,"{""base_type"": 34, ""set_flags"": 0, ""runtime_index"": 30472, ""file_offset"": 67500, ""floor_field"": 2, ""entity_id_field"": 41544, ""group"": 0, ""room"": 50, ""unknown_a3"": 0, ""position"": [0.0, 1.0, -150.0], ""angles"": [0, 0, 0], ""params"": [-2.0, 1.0, 1.0, 111, -1, 0], ""unused_pointer"": 270132096}"
challenge-ep2/d88201-bb-e,6,93,"{""base_type"": 34, ""set_flags"": 0, ""runtime_index"": 14856, ""file_offset"": 67568, ""floor_field"": 2, ""entity_id_field"": 41800, ""group"": 0, ""room"": 50, ""unknown_a3"": 0, ""position"": [0.0, 1.0, 150.0], ""angles"": [0, 0, 0], ""params"": [-2.0, 1.0, 1.0, 112, -1, 0], ""unused_pointer"": 270197632}"
challenge-ep2/d88201-bb-e,6,94,"{""base_type"": 34, ""set_flags"": 0, ""runtime_index"": 31240, ""file_offset"": 67636, ""floor_field"": 2, ""entity_id_field"": 42056, ""group"": 0, ""room"": 50, ""unknown_a3"": 0, ""position"": [0.0, 1.0, 150.0], ""angles"": [0, 0, 0], ""params"": [-2.0, 1.0, 1.0, 112, -1, 0], ""unused_pointer"": 270263168}"
challenge-ep2/d88201-bb-e,6,119,"{""base_type"": 34, ""set_flags"": 0, ""runtime_index"": 14856, ""file_offset"": 69336, ""floor_field"": 2, ""entity_id_field"": 47944, ""group"": 0, ""room"": 60, ""unknown_a3"": 0, ""position"": [-30.0, 0.0, 80.0], ""angles"": [0, 0, 0], ""params"": [10.0, 1.0, 1.0, 102, 0, 0], ""unused_pointer"": 1080222592}"
challenge-ep2/d88201-bb-e,6,120,"{""base_type"": 34, ""set_flags"": 0, ""runtime_index"": 15112, ""file_offset"": 69404, ""floor_field"": 2, ""entity_id_field"": 48200, ""group"": 0, ""room"": 60, ""unknown_a3"": 0, ""position"": [-90.0, 0.0, 80.0], ""angles"": [0, 0, 0], ""params"": [10.0, 1.0, 1.0, 103, 0, 0], ""unused_pointer"": 1080288128}"
challenge-ep2/d88201-bb-e,6,121,"{""base_type"": 34, ""set_flags"": 0, ""runtime_index"": 15368, ""file_offset"": 69472, ""floor_field"": 2, ""entity_id_field"": 48456, ""group"": 0, ""room"": 60, ""unknown_a3"": 0, ""position"": [90.0, 0.0, 80.0], ""angles"": [0, 0, 0], ""params"": [10.0, 1.0, 1.0, 104, 0, 0], ""unused_pointer"": 1080353664}"
challenge-ep2/d88201-bb-e,6,146,"{""base_type"": 34, ""set_flags"": 0, ""runtime_index"": 18440, ""file_offset"": 71172, ""floor_field"": 2, ""entity_id_field"": 57675, ""group"": 0, ""room"": 61, ""unknown_a3"": 0, ""position"": [6.103515625e-05, 1.0, 80.0], ""angles"": [0, -32768, 0], ""params"": [-2.0, 1.0, 1.0, 100, -1, 0], ""unused_pointer"": 1880875904}"
challenge-ep2/d88201-bb-e,6,147,"{""base_type"": 34, ""set_flags"": 0, ""runtime_index"": 19720, ""file_offset"": 71240, ""floor_field"": 2, ""entity_id_field"": 57931, ""group"": 0, ""room"": 61, ""unknown_a3"": 0, ""position"": [180.00003051757812, 0.0, 59.99988555908203], ""angles"": [0, -32768, 0], ""params"": [9.0, 1.0, 1.0, 101, 0, 0], ""unused_pointer"": 1880941440}"
challenge-ep2/d88201-bb-e,6,159,"{""base_type"": 34, ""set_flags"": 0, ""runtime_index"": 26120, ""file_offset"": 72056, ""floor_field"": 2, ""entity_id_field"": 61259, ""group"": 0, ""room"": 61, ""unknown_a3"": 0, ""position"": [0.0001220703125, 0.0, 235.0], ""angles"": [0, -32768, 0], ""params"": [15.0, 1.0, 1.0, 110, 0, 0], ""unused_pointer"": 810935168}"
challenge-ep2/d88201-bb-j,1,85,"{""base_type"": 34, ""set_flags"": 0, ""runtime_index"": 28680, ""file_offset"": 8532, ""floor_field"": 1, ""entity_id_field"": 47688, ""group"": 0, ""room"": 30, ""unknown_a3"": 0, ""position"": [0.0, 2.0, 0.0], ""angles"": [0, 0, 0], ""params"": [20.0, 1.0, 1.0, 112, 0, 0], ""unused_pointer"": 551936640}"
challenge-ep2/d88201-bb-j,1,98,"{""base_type"": 34, ""set_flags"": 0, ""runtime_index"": 26120, ""file_offset"": 9416, ""floor_field"": 1, ""entity_id_field"": 50248, ""group"": 0, ""room"": 40, ""unknown_a3"": 0, ""position"": [0.0, 1.0, -120.0], ""angles"": [0, 0, 0], ""params"": [-2.0, 1.0, 1.0, 100, -1, 0], ""unused_pointer"": 3237601920}"
challenge-ep2/d88201-bb-j,1,106,"{""base_type"": 34, ""set_flags"": 0, ""runtime_index"": 29192, ""file_offset"": 9960, ""floor_field"": 1, ""entity_id_field"": 52296, ""group"": 0, ""room"": 40, ""unknown_a3"": 0, ""position"": [0.0, 1.0, 60.0], ""angles"": [0, 0, 0], ""params"": [-2.0, 1.0, 1.0, 106, -1, 0], ""unused_pointer"": 1073931136}"
challenge-ep2/d88201-bb-j,1,120,"{""base_type"": 34, ""set_flags"": 0, ""runtime_index"": 29192, ""file_offset"": 10912, ""floor_field"": 1, ""entity_id_field"": 56392, ""group"": 0, ""room"": 50, ""unknown_a3"": 0, ""position"": [0.0, 1.0, 100.0], ""angles"": [0, 0, 0], ""params"": [-2.0, 1.0, 1.0, 108, -1, 0], ""unused_pointer"": 2418860928}"
challenge-ep2/d88201-bb-j,1,131,"{""base_type"": 34, ""set_flags"": 0, ""runtime_index"": 32008, ""file_offset"": 11660, ""floor_field"": 1, ""entity_id_field"": 59464, ""group"": 0, ""room"": 50, ""unknown_a3"": 0, ""position"": [-180.0, 0.0, 180.0], ""angles"": [0, 0, 0], ""params"": [15.0, 1.0, 1.0, 109, 0, 0], ""unused_pointer"": 1346626432}"
challenge-ep2/d88201-bb-j,1,134,"{""base_type"": 34, ""set_flags"": 0, ""runtime_index"": 26376, ""file_offset"": 11864, ""floor_field"": 1, ""entity_id_field"": 60232, ""group"": 0, ""room"": 50, ""unknown_a3"": 0, ""position"": [40.0, 0.8999999761581421, -120.0], ""angles"": [0, 0, 0], ""params"": [-3.0, 1.0, 1.0, 111, 0, 0], ""unused_pointer"": 810148736}"
challenge-ep2/d88201-bb-j,2,60,"{""base_type"": 34, ""set_flags"": 0, ""runtime_index"": 39943, ""file_offset"": 20380, ""floor_field"": 1, ""entity_id_field"": 17225, ""group"": 0, ""room"": 40, ""unknown_a3"": 0, ""position"": [-132.0, 1.0, 92.0], ""angles"": [0, 0, 0], ""params"": [-4.0, 1.0, 1.0, 100, -1, 0], ""unused_pointer"": 553443712}"
challenge-ep2/d88201-bb-j,3,141,"{""base_type"": 34, ""set_flags"": 0, ""runtime_index"": 12041, ""file_offset"": 32364, ""floor_field"": 1, ""entity_id_field"": 58184, ""group"": 0, ""room"": 60, ""unknown_a3"": 0, ""position"": [90.0, 1.0, -50.00006103515625], ""angles"": [0, -32768, 0], ""params"": [-3.0, 1.0, 1.0, 118, -1, 0], ""unused_pointer"": 4028818304}"
challenge-ep2/d88201-bb-j,3,144,"{""base_type"": 34, ""set_flags"": 0, ""runtime_index"": 22793, ""file_offset"": 32568, ""floor_field"": 1, ""entity_id_field"": 58952, ""group"": 0, ""room"": 60, ""unknown_a3"": 0, ""position"": [30.00006103515625, 1.0, 10.0], ""angles"": [0, -32768, 0], ""params"": [-3.0, 1.0, 1.0, 120, 0, 0], ""unused_pointer"": 3492144000}"
challenge-ep2/d88201-bb-j,3,145,"{""base_type"": 34, ""set_flags"": 0, ""runtime_index"": 21769, ""file_offset"": 32636, ""floor_field"": 1, ""entity_id_field"": 59208, ""group"": 0, ""room"": 60, ""unknown_a3"": 0, ""position"": [-29.99993896484375, 1.0, 10.0], ""angles"": [0, -32768, 0], ""params"": [-3.0, 1.0, 1.0, 119, -1, 0], ""unused_pointer"": 3492209536}"
challenge-ep2/d88201-bb-j,3,147,"{""base_type"": 34, ""set_flags"": 0, ""runtime_index"": 21257, ""file_offset"": 32772, ""floor_field"": 1, ""entity_id_field"": 59720, ""group"": 0, ""room"": 60, ""unknown_a3"": 0, ""position"": [90.00006103515625, 1.0, 44.99993896484375], ""angles"": [0, -32768, 0], ""params"": [-3.0, 1.0, 1.0, 121, -1, 0], ""unused_pointer"": 3223905152}"
challenge-ep2/d88201-bb-j,3,150,"{""base_type"": 34, ""set_flags"": 0, ""runtime_index"": 20232, ""file_offset"": 32976, ""floor_field"": 1, ""entity_id_field"": 28489, ""group"": 0, ""room"": 60, ""unknown_a3"": 0, ""position"": [30.000091552734375, 1.0, 90.0], ""angles"": [0, -32768, 0], ""params"": [-3.0, 1.0, 1.0, 122, -1, 0], ""unused_pointer"": 2687296384}"
challenge-ep2/d88201-bb-j,3,151,"{""base_type"": 34, ""set_flags"": 0, ""runtime_index"": 19976, ""file_offset"": 33044, ""floor_field"": 1, ""entity_id_field"": 27721, ""group"": 0, ""room"": 60, ""unknown_a3"": 0, ""position"": [-29.999908447265625, 1.0, 90.0], ""angles"": [0, -32768, 0], ""params"": [-3.0, 1.0, 1.0, 123, 0, 0], ""unused_pointer"": 1882252160}"
challenge-ep2/d88201-bb-j,3,154,"{""base_type"": 34, ""set_flags"": 0, ""runtime_index"": 17928, ""file_offset"": 33248, ""floor_field"": 1, ""entity_id_field"": 21577, ""group"": 0, ""room"": 60, ""unknown_a3"": 0, ""position"": [30.000091552734375, 1.0, 129.99993896484375], ""angles"": [0, -32768, 0], ""params"": [-3.0, 1.0, 1.0, 125, 0, 0], ""unused_pointer"": 3758548096}"
challenge-ep2/d88201-bb-j,3,155,"{""base_type"": 34, ""set_flags"": 0, ""runtime_index"": 18696, ""file_offset"": 33316, ""floor_field"": 1, ""entity_id_field"": 23881, ""group"": 0, ""room"": 60, ""unknown_a3"": 0, ""position"": [-29.9998779296875, 1.0, 130.00006103515625], ""angles"": [0, -32768, 0], ""params"": [-3.0, 1.0, 1.0, 124, -1, 0], ""unused_pointer"": 3758613632}"
challenge-ep2/d88201-bb-j,3,182,"{""base_type"": 34, ""set_flags"": 0, ""runtime_index"": 51208, ""file_offset"": 35152, ""floor_field"": 1, ""entity_id_field"": 36684, ""group"": 0, ""room"": 80, ""unknown_a3"": 0, ""position"": [10.0, 1.0, 270.0], ""angles"": [0, 0, 0], ""params"": [-4.0, 1.0, 1.0, 115, 0, 0], ""unused_pointer"": 3237667456}"
challenge-ep2/d88201-bb-j,3,183,"{""base_type"": 34, ""set_flags"": 0, ""runtime_index"": 51464, ""file_offset"": 35220, ""floor_field"": 1, ""entity_id_field"": 36940, ""group"": 0, ""room"": 80, ""unknown_a3"": 0, ""position"": [-10.0, 1.0, 270.0], ""angles"": [0, 0, 0], ""params"": [-4.0, 1.0, 1.0, 114, 0, 0], ""unused_pointer"": 3237732992}"
challenge-ep2/d88201-bb-j,3,192,"{""base_type"": 34, ""set_flags"": 0, ""runtime_index"": 23048, ""file_offset"": 35832, ""floor_field"": 1, ""entity_id_field"": 22345, ""group"": 0, ""room"": 90, ""unknown_a3"": 0, ""position"": [0.0, 1.0, -150.0], ""angles"": [0, 0, 0], ""params"": [-5.0, 1.0, 1.0, 102, 0, 0], ""unused_pointer"": 1343021696}"
challenge-ep2/d88201-bb-j,3,207,"{""base_type"": 34, ""set_flags"": 0, ""runtime_index"": 25608, ""file_offset"": 36852, ""floor_field"": 1, ""entity_id_field"": 54089, ""group"": 0, ""room"": 91, ""unknown_a3"": 0, ""position"": [70.0, 1.0, 90.0], ""angles"": [0, 0, 0], ""params"": [-4.0, 1.0, 1.0, 106, 0, 0], ""unused_pointer"": 543154816}"
challenge-ep2/d88201-bb-j,3,208,"{""base_type"": 34, ""set_flags"": 0, ""runtime_index"": 25864, ""file_offset"": 36920, ""floor_field"": 1, ""entity_id_field"": 54345, ""group"": 0, ""room"": 91, ""unknown_a3"": 0, ""position"": [-90.0, 1.0, 90.0], ""angles"": [0, 0, 0], ""params"": [-4.0, 1.0, 1.0, 103, 0, 0], ""unused_pointer"": 812376704}"
challenge-ep2/d88201-bb-j,3,209,"{""base_type"": 34, ""set_flags"": 0, ""runtime_index"": 26120, ""file_offset"": 36988, ""floor_field"": 1, ""entity_id_field"": 54601, ""group"": 0, ""room"": 91, ""unknown_a3"": 0, ""position"": [-70.0, 1.0, -90.0], ""angles"": [0, 0, 0], ""params"": [-4.0, 1.0, 1.0, 104, 0, 0], ""unused_pointer"": 812442240}"
challenge-ep2/d88201-bb-j,3,210,"{""base_type"": 34, ""set_flags"": 0, ""runtime_index"": 26376, ""file_offset"": 37056, ""floor_field"": 1, ""entity_id_field"": 54857, ""group"": 0, ""room"": 91, ""unknown_a3"": 0, ""position"": [90.0, 1.0, -90.0], ""angles"": [0, 0, 0], ""params"": [-4.0, 1.0, 1.0, 105, 0, 0], ""unused_pointer"": 812507776}"
challenge-ep2/d88201-bb-j,3,217,"{""base_type"": 34, ""set_flags"": 0, ""runtime_index"": 28424, ""file_offset"": 37532, ""floor_field"": 1, ""entity_id_field"": 11594, ""group"": 0, ""room"": 91, ""unknown_a3"": 0, ""position"": [30.0, 0.0, -10.0], ""angles"": [0, 0, 0], ""params"": [-4.0, 1.0, 1.0, 108, 0, 0], ""unused_pointer"": 1887560320}"
challenge-ep2/d88201-bb-j,3,218,"{""base_type"": 34, ""set_flags"": 0, ""runtime_index"": 28680, ""file_offset"": 37600, ""floor_field"": 1, ""entity_id_field"": 11850, ""group"": 0, ""room"": 91, ""unknown_a3"": 0, ""position"": [-10.0, 0.0, -50.0], ""angles"": [0, 0, 0], ""params"": [-4.0, 1.0, 1.0, 107, 0, 0], ""unused_pointer"": 1887625856}"
challenge-ep2/d88201-bb-j,3,224,"{""base_type"": 34, ""set_flags"": 0, ""runtime_index"": 22280, ""file_offset"": 38008, ""floor_field"": 1, ""entity_id_field"": 12873, ""group"": 0, ""room"": 92, ""unknown_a3"": 0, ""position"": [-100.0, 1.0, 5.000064849853516], ""angles"": [0, -32768, 0], ""params"": [-4.0, 1.0, 1.0, 101, -1, 0], ""unused_pointer"": 547086720}"
challenge-ep2/d88201-bb-j,3,226,"{""base_type"": 34, ""set_flags"": 0, ""runtime_index"": 22024, ""file_offset"": 38144, ""floor_field"": 1, ""entity_id_field"": 11849, ""group"": 0, ""room"": 92, ""unknown_a3"": 0, ""position"": [-30.0, 1.0, -19.999980926513672], ""angles"": [0, -32768, 0], ""params"": [-4.0, 1.0, 1.0, 100, -1, 0], ""unused_pointer"": 815587712}"
challenge-ep2/d88201-bb-j,3,244,"{""base_type"": 34, ""set_flags"": 0, ""runtime_index"": 45832, ""file_offset"": 39368, ""floor_field"": 1, ""entity_id_field"": 17996, ""group"": 0, ""room"": 94, ""unknown_a3"": 0, ""position"": [29.999053955078125, 1.0, -10.00286865234375], ""angles"": [0, -16383, 0], ""params"": [-3.0, 1.0, 1.0, 109, 0, 0], ""unused_pointer"": 8381056}"
challenge-ep2/d88201-bb-j,3,245,"{""base_type"": 34, ""set_flags"": 0, ""runtime_index"": 46088, ""file_offset"": 39436, ""floor_field"": 1, ""entity_id_field"": 18252, ""group"": 0, ""room"": 94, ""unknown_a3"": 0, ""position"": [89.99136352539062, 1.0, -90.0086669921875], ""angles"": [0, -16383, 0], ""params"": [-3.0, 1.0, 1.0, 110, 0, 0], ""unused_pointer"": 2966151808}"
challenge-ep2/d88201-bb-j,3,246,"{""base_type"": 34, ""set_flags"": 0, ""runtime_index"": 46344, ""file_offset"": 39504, ""floor_field"": 1, ""entity_id_field"": 19788, ""group"": 0, ""room"": 94, ""unknown_a3"": 0, ""position"": [-60.00767517089844, 1.0, -79.99420166015625], ""angles"": [0, -16383, 0], ""params"": [-3.0, 1.0, 1.0, 111, 0, 0], ""unused_pointer"": 2966217344}"
challenge-ep2/d88201-bb-j,3,247,"{""base_type"": 34, ""set_flags"": 0, ""runtime_index"": 46600, ""file_offset"": 39572, ""floor_field"": 1, ""entity_id_field"": 20556, ""group"": 0, ""room"": 94, ""unknown_a3"": 0, ""position"": [-79.99229431152344, 1.0, 80.0076904296875], ""angles"": [0, -16383, 0], ""params"": [-3.0, 1.0, 1.0, 112, 0, 0], ""unused_pointer"": 2966282880}"
challenge-ep2/d88201-bb-j,3,248,"{""base_type"": 34, ""set_flags"": 0, ""runtime_index"": 46856, ""file_offset"": 39640, ""floor_field"": 1, ""entity_id_field"": 20812, ""group"": 0, ""room"": 94, ""unknown_a3"": 0, ""position"": [60.0076904296875, 1.0, 79.9942626953125], ""angles"": [0, -16383, 0], ""params"": [-3.0, 1.0, 1.0, 113, 0, 0], ""unused_pointer"": 1892934272}"
challenge-ep2/d88201-bb-j,4,13,"{""base_type"": 34, ""set_flags"": 0, ""runtime_index"": 31496, ""file_offset"": 40744, ""floor_field"": 2, ""entity_id_field"": 29512, ""group"": 0, ""room"": 4, ""unknown_a3"": 0, ""position"": [0.0, 0.0, 0.0], ""angles"": [0, 0, 0], ""params"": [20.0, 1.0, 1.0, 114, 0, 0], ""unused_pointer"": 2965299584}"
challenge-ep2/d88201-bb-j,4,43,"{""base_type"": 34, ""set_flags"": 0, ""runtime_index"": 38408, ""file_offset"": 42784, ""floor_field"": 2, ""entity_id_field"": 37448, ""group"": 0, ""room"": 20, ""unknown_a3"": 0, ""position"": [52.0, 3.0, 52.0], ""angles"": [0, 0, 0], ""params"": [-4.0, 1.0, 1.0, 115, -1, 0], ""unused_pointer"": 3768443520}"
challenge-ep2/d88201-bb-j,4,44,"{""base_type"": 34, ""set_flags"": 0, ""runtime_index"": 38664, ""file_offset"": 42852, ""floor_field"": 2, ""entity_id_field"": 37704, ""group"": 0, ""room"": 20, ""unknown_a3"": 0, ""position"": [-52.0, 3.0, -52.0], ""angles"": [0, 0, 0], ""params"": [-4.0, 1.0, 1.0, 116, -1, 0], ""unused_pointer"": 3768509056}"
challenge-ep2/d88201-bb-j,4,74,"{""base_type"": 34, ""set_flags"": 0, ""runtime_index"": 24584, ""file_offset"": 44892, ""floor_field"": 2, ""entity_id_field"": 45384, ""group"": 0, ""room"": 40, ""unknown_a3"": 0, ""position"": [0.0, -1.9371509552001953e-06, 220.0], ""angles"": [0, 0, 0], ""params"": [10.0, 1.0, 1.0, 118, 0, 0], ""unused_pointer"": 3774669440}"
challenge-ep2/d88201-bb-j,4,108,"{""base_type"": 34, ""set_flags"": 0, ""runtime_index"": 25096, ""file_offset"": 47204, ""floor_field"": 2, ""entity_id_field"": 54088, ""group"": 0, ""room"": 70, ""unknown_a3"": 0, ""position"": [-0.0231170654296875, 2.2351743567128324e-08, -240.0], ""angles"": [0, -16383, 0], ""params"": [10.0, 1.0, 1.0, 112, 0, 0], ""unused_pointer"": 4033536896}"
challenge-ep2/d88201-bb-j,4,109,"{""base_type"": 34, ""set_flags"": 0, ""runtime_index"": 25352, ""file_offset"": 47272, ""floor_field"": 2, ""entity_id_field"": 54344, ""group"": 0, ""room"": 70, ""unknown_a3"": 0, ""position"": [120.01153564453125, 0.0, 119.9884033203125], ""angles"": [0, -16383, 0], ""params"": [10.0, 1.0, 1.0, 113, 0, 0], ""unused_pointer"": 4033602432}"
challenge-ep2/d88201-bb-j,4,183,"{""base_type"": 34, ""set_flags"": 0, ""runtime_index"": 27912, ""file_offset"": 52304, ""floor_field"": 2, ""entity_id_field"": 7753, ""group"": 0, ""room"": 96, ""unknown_a3"": 0, ""position"": [0.00018310546875, 0.0, 204.99996948242188], ""angles"": [0, -49152, 0], ""params"": [11.0, 1.0, 1.0, 108, 0, 0], ""unused_pointer"": 284422272}"
challenge-ep2/d88201-bb-j,4,184,"{""base_type"": 34, ""set_flags"": 0, ""runtime_index"": 24840, ""file_offset"": 52372, ""floor_field"": 2, ""entity_id_field"": 8009, ""group"": 0, ""room"": 96, ""unknown_a3"": 0, ""position"": [0.000244140625, 0.0, 269.9999694824219], ""angles"": [0, -49152, 0], ""params"": [11.0, 1.0, 1.0, 109, 0, 0], ""unused_pointer"": 284487808}"
challenge-ep2/d88201-bb-j,5,46,"{""base_type"": 34, ""set_flags"": 0, ""runtime_index"": 36359, ""file_offset"": 57964, ""floor_field"": 2, ""entity_id_field"": 44103, ""group"": 0, ""room"": 50, ""unknown_a3"": 0, ""position"": [330.0, -4.805624485015869e-07, -120.0], ""angles"": [0, 0, 0], ""params"": [10.0, 1.0, 1.0, 104, 0, 0], ""unused_pointer"": 274591616}"
challenge-ep2/d88201-bb-j,5,69,"{""base_type"": 34, ""set_flags"": 0, ""runtime_index"": 32775, ""file_offset"": 59528, ""floor_field"": 2, ""entity_id_field"": 34888, ""group"": 0, ""room"": 80, ""unknown_a3"": 0, ""position"": [0.028366565704345703, 1.0, 295.0], ""angles"": [0, -16383, 0], ""params"": [-3.0, 1.0, 1.0, 100, -1, 0], ""unused_pointer"": 1356259712}"
challenge-ep2/d88201-bb-j,5,70,"{""base_type"": 34, ""set_flags"": 0, ""runtime_index"": 33287, ""file_offset"": 59596, ""floor_field"": 2, ""entity_id_field"": 36680, ""group"": 0, ""room"": 80, ""unknown_a3"": 0, ""position"": [0.028366565704345703, 2.0, 295.0], ""angles"": [0, -16383, 0], ""params"": [-3.0, 1.0, 1.0, 101, 0, 0], ""unused_pointer"": 1356390784}"
challenge-ep2/d88201-bb-j,6,84,"{""base_type"": 34, ""set_flags"": 0, ""runtime_index"": 31240, ""file_offset"": 66956, ""floor_field"": 2, ""entity_id_field"": 39496, ""group"": 0, ""room"": 50, ""unknown_a3"": 0, ""position"": [0.0, 1.0, 150.0], ""angles"": [0, 0, 0], ""params"": [-2.0, 1.0, 1.0, 112, -1, 0], ""unused_pointer"": 2148328320}"
challenge-ep2/d88201-bb-j,6,92,"{""base_type"": 34, ""set_flags"": 0, ""runtime_index"": 30472, ""file_offset"": 67500, ""floor_field"": 2, ""entity_id_field"": 41544, ""group"": 0, ""room"": 50, ""unknown_a3"": 0, ""position"": [0.0, 1.0, -150.0], ""angles"": [0, 0, 0], ""params"": [-2.0, 1.0, 1.0, 111, -1, 0], ""unused_pointer"": 270132096}"
challenge-ep2/d88201-bb-j,6,93,"{""base_type"": 34, ""set_flags"": 0, ""runtime_index"": 14856, ""file_offset"": 67568, ""floor_field"": 2, ""entity_id_field"": 41800, ""group"": 0, ""room"": 50, ""unknown_a3"": 0, ""position"": [0.0, 1.0, 150.0], ""angles"": [0, 0, 0], ""params"": [-2.0, 1.0, 1.0, 112, -1, 0], ""unused_pointer"": 270197632}"
challenge-ep2/d88201-bb-j,6,94,"{""base_type"": 34, ""set_flags"": 0, ""runtime_index"": 31240, ""file_offset"": 67636, ""floor_field"": 2, ""entity_id_field"": 42056, ""group"": 0, ""room"": 50, ""unknown_a3"": 0, ""position"": [0.0, 1.0, 150.0], ""angles"": [0, 0, 0], ""params"": [-2.0, 1.0, 1.0, 112, -1, 0], ""unused_pointer"": 270263168}"
challenge-ep2/d88201-bb-j,6,119,"{""base_type"": 34, ""set_flags"": 0, ""runtime_index"": 14856, ""file_offset"": 69336, ""floor_field"": 2, ""entity_id_field"": 47944, ""group"": 0, ""room"": 60, ""unknown_a3"": 0, ""position"": [-30.0, 0.0, 80.0], ""angles"": [0, 0, 0], ""params"": [10.0, 1.0, 1.0, 102, 0, 0], ""unused_pointer"": 1080222592}"
challenge-ep2/d88201-bb-j,6,120,"{""base_type"": 34, ""set_flags"": 0, ""runtime_index"": 15112, ""file_offset"": 69404, ""floor_field"": 2, ""entity_id_field"": 48200, ""group"": 0, ""room"": 60, ""unknown_a3"": 0, ""position"": [-90.0, 0.0, 80.0], ""angles"": [0, 0, 0], ""params"": [10.0, 1.0, 1.0, 103, 0, 0], ""unused_pointer"": 1080288128}"
challenge-ep2/d88201-bb-j,6,121,"{""base_type"": 34, ""set_flags"": 0, ""runtime_index"": 15368, ""file_offset"": 69472, ""floor_field"": 2, ""entity_id_field"": 48456, ""group"": 0, ""room"": 60, ""unknown_a3"": 0, ""position"": [90.0, 0.0, 80.0], ""angles"": [0, 0, 0], ""params"": [10.0, 1.0, 1.0, 104, 0, 0], ""unused_pointer"": 1080353664}"
challenge-ep2/d88201-bb-j,6,146,"{""base_type"": 34, ""set_flags"": 0, ""runtime_index"": 18440, ""file_offset"": 71172, ""floor_field"": 2, ""entity_id_field"": 57675, ""group"": 0, ""room"": 61, ""unknown_a3"": 0, ""position"": [6.103515625e-05, 1.0, 80.0], ""angles"": [0, -32768, 0], ""params"": [-2.0, 1.0, 1.0, 100, -1, 0], ""unused_pointer"": 1880875904}"
challenge-ep2/d88201-bb-j,6,147,"{""base_type"": 34, ""set_flags"": 0, ""runtime_index"": 19720, ""file_offset"": 71240, ""floor_field"": 2, ""entity_id_field"": 57931, ""group"": 0, ""room"": 61, ""unknown_a3"": 0, ""position"": [180.00003051757812, 0.0, 59.99988555908203], ""angles"": [0, -32768, 0], ""params"": [9.0, 1.0, 1.0, 101, 0, 0], ""unused_pointer"": 1880941440}"
challenge-ep2/d88201-bb-j,6,159,"{""base_type"": 34, ""set_flags"": 0, ""runtime_index"": 26120, ""file_offset"": 72056, ""floor_field"": 2, ""entity_id_field"": 61259, ""group"": 0, ""room"": 61, ""unknown_a3"": 0, ""position"": [0.0001220703125, 0.0, 235.0], ""angles"": [0, -32768, 0], ""params"": [15.0, 1.0, 1.0, 110, 0, 0], ""unused_pointer"": 810935168}"
challenge-ep2/d88202-bb-e,1,155,"{""base_type"": 34, ""set_flags"": 0, ""runtime_index"": 29960, ""file_offset"": 13292, ""floor_field"": 3, ""entity_id_field"": 841, ""group"": 0, ""room"": 51, ""unknown_a3"": 0, ""position"": [70.00384521484375, 0.09999847412109375, 39.993263244628906], ""angles"": [0, -16383, 0], ""params"": [-3.0, 1.0, 1.0, 100, -1, 0], ""unused_pointer"": 2428298112}"
challenge-ep2/d88202-bb-e,1,157,"{""base_type"": 34, ""set_flags"": 0, ""runtime_index"": 23048, ""file_offset"": 13428, ""floor_field"": 3, ""entity_id_field"": 10569, ""group"": 0, ""room"": 51, ""unknown_a3"": 0, ""position"": [-0.0283660888671875, 0.0, -295.0], ""angles"": [0, -16383, 0], ""params"": [12.0, 1.0, 1.0, 101, 0, 0], ""unused_pointer"": 4029015168}"
challenge-ep2/d88202-bb-e,3,179,"{""base_type"": 34, ""set_flags"": 0, ""runtime_index"": 22792, ""file_offset"": 33792, ""floor_field"": 3, ""entity_id_field"": 54345, ""group"": 0, ""room"": 52, ""unknown_a3"": 0, ""position"": [0.0, 0.1999969482421875, 0.0], ""angles"": [0, 0, 0], ""params"": [0.0, 1.0, 1.0, 103, -1, 0], ""unused_pointer"": 3489784448}"
challenge-ep2/d88202-bb-e,5,80,"{""base_type"": 34, ""set_flags"": 0, ""runtime_index"": 43271, ""file_offset"": 53000, ""floor_field"": 4, ""entity_id_field"": 44359, ""group"": 0, ""room"": 50, ""unknown_a3"": 0, ""position"": [0.0, 1.0, 0.0], ""angles"": [0, -16383, 0], ""params"": [-1.5, 1.0, 1.0, 100, -1, 0], ""unused_pointer"": 1346101888}"
challenge-ep2/d88202-bb-e,6,55,"{""base_type"": 34, ""set_flags"": 0, ""runtime_index"": 37384, ""file_offset"": 57300, ""floor_field"": 4, ""entity_id_field"": 8524, ""group"": 0, ""room"": 21, ""unknown_a3"": 0, ""position"": [-90.0, 0.0, 0.0], ""angles"": [0, 0, 0], ""params"": [10.0, 1.0, 1.0, 104, 0, 0], ""unused_pointer"": 272294784}"
challenge-ep2/d88202-bb-j,1,155,"{""base_type"": 34, ""set_flags"": 0, ""runtime_index"": 29960, ""file_offset"": 13292, ""floor_field"": 3, ""entity_id_field"": 841, ""group"": 0, ""room"": 51, ""unknown_a3"": 0, ""position"": [70.00384521484375, 0.09999847412109375, 39.993263244628906], ""angles"": [0, -16383, 0], ""params"": [-3.0, 1.0, 1.0, 100, -1, 0], ""unused_pointer"": 2428298112}"
challenge-ep2/d88202-bb-j,1,157,"{""base_type"": 34, ""set_flags"": 0, ""runtime_index"": 23048, ""file_offset"": 13428, ""floor_field"": 3, ""entity_id_field"": 10569, ""group"": 0, ""room"": 51, ""unknown_a3"": 0, ""position"": [-0.0283660888671875, 0.0, -295.0], ""angles"": [0, -16383, 0], ""params"": [12.0, 1.0, 1.0, 101, 0, 0], ""unused_pointer"": 4029015168}"
challenge-ep2/d88202-bb-j,3,179,"{""base_type"": 34, ""set_flags"": 0, ""runtime_index"": 22792, ""file_offset"": 33792, ""floor_field"": 3, ""entity_id_field"": 54345, ""group"": 0, ""room"": 52, ""unknown_a3"": 0, ""position"": [0.0, 0.1999969482421875, 0.0], ""angles"": [0, 0, 0], ""params"": [0.0, 1.0, 1.0, 103, -1, 0], ""unused_pointer"": 3489784448}"
challenge-ep2/d88202-bb-j,5,80,"{""base_type"": 34, ""set_flags"": 0, ""runtime_index"": 43271, ""file_offset"": 53000, ""floor_field"": 4, ""entity_id_field"": 44359, ""group"": 0, ""room"": 50, ""unknown_a3"": 0, ""position"": [0.0, 1.0, 0.0], ""angles"": [0, -16383, 0], ""params"": [-1.5, 1.0, 1.0, 100, -1, 0], ""unused_pointer"": 1346101888}"
challenge-ep2/d88202-bb-j,6,55,"{""base_type"": 34, ""set_flags"": 0, ""runtime_index"": 37384, ""file_offset"": 57300, ""floor_field"": 4, ""entity_id_field"": 8524, ""group"": 0, ""room"": 21, ""unknown_a3"": 0, ""position"": [-90.0, 0.0, 0.0], ""angles"": [0, 0, 0], ""params"": [10.0, 1.0, 1.0, 104, 0, 0], ""unused_pointer"": 272294784}"
challenge-ep2/d88203-bb-e,1,13,"{""base_type"": 34, ""set_flags"": 512, ""runtime_index"": 55811, ""file_offset"": 3636, ""floor_field"": 6, ""entity_id_field"": 55875, ""group"": 0, ""room"": 1, ""unknown_a3"": 0, ""position"": [248.82000732421875, 3.0, 332.70001220703125], ""angles"": [0, 0, 0], ""params"": [1.0, 1.0, 1.0, 110, -1, 0], ""unused_pointer"": 274981504}"
challenge-ep2/d88203-bb-e,1,40,"{""base_type"": 34, ""set_flags"": 0, ""runtime_index"": 41480, ""file_offset"": 5472, ""floor_field"": 6, ""entity_id_field"": 35657, ""group"": 0, ""room"": 4, ""unknown_a3"": 0, ""position"": [-51.567901611328125, 1.0, -85.9599609375], ""angles"": [0, 0, 0], ""params"": [1.0, 1.0, 1.0, 107, -1, 0], ""unused_pointer"": 2155799168}"
challenge-ep2/d88203-bb-e,1,82,"{""base_type"": 34, ""set_flags"": 0, ""runtime_index"": 29961, ""file_offset"": 8328, ""floor_field"": 6, ""entity_id_field"": 63817, ""group"": 0, ""room"": 9, ""unknown_a3"": 0, ""position"": [-45.91510009765625, -88.19102478027344, 137.07565307617188], ""angles"": [0, 0, 0], ""params"": [29.0, 1.0, 1.0, 117, 0, 0], ""unused_pointer"": 3489719168}"
challenge-ep2/d88203-bb-e,1,124,"{""base_type"": 34, ""set_flags"": 0, ""runtime_index"": 23561, ""file_offset"": 11184, ""floor_field"": 6, ""entity_id_field"": 36937, ""group"": 2, ""room"": 12, ""unknown_a3"": 0, ""position"": [260.5571594238281, 0.5899999737739563, -861.040283203125], ""angles"": [0, 0, 0], ""params"": [21.0, 1.0, 1.0, 125, 0, 0], ""unused_pointer"": 2156192384}"
challenge-ep2/d88203-bb-e,1,137,"{""base_type"": 34, ""set_flags"": 0, ""runtime_index"": 7945, ""file_offset"": 12068, ""floor_field"": 6, ""entity_id_field"": 8522, ""group"": 0, ""room"": 12, ""unknown_a3"": 0, ""position"": [226.76998901367188, 3.0, -124.57227325439453], ""angles"": [0, 0, 0], ""params"": [1.0, 1.0, 1.0, 111, -1, 0], ""unused_pointer"": 815522432}"
challenge-ep2/d88203-bb-e,1,153,"{""base_type"": 34, ""set_flags"": 0, ""runtime_index"": 32776, ""file_offset"": 13156, ""floor_field"": 6, ""entity_id_field"": 34889, ""group"": 0, ""room"": 15, ""unknown_a3"": 0, ""position"": [-60.969970703125, -100.0, -108.61000061035156], ""angles"": [0, 0, 0], ""params"": [9.0, 1.0, 1.0, 120, 0, 0], ""unused_pointer"": 538436480}"
challenge-ep2/d88203-bb-e,2,30,"{""base_type"": 34, ""set_flags"": 0, ""runtime_index"": 43529, ""file_offset"": 16708, ""floor_field"": 7, ""entity_id_field"": 39497, ""group"": 0, ""room"": 2, ""unknown_a3"": 0, ""position"": [101.10856628417969, -11.299617767333984, 48.932861328125], ""angles"": [0, 0, 0], ""params"": [20.0, 1.0, 1.0, 110, 0, 0], ""unused_pointer"": 3229409664}"
challenge-ep2/d88203-bb-e,2,65,"{""base_type"": 34, ""set_flags"": 512, ""runtime_index"": 52484, ""file_offset"": 19088, ""floor_field"": 7, ""entity_id_field"": 48457, ""group"": 0, ""room"": 2, ""unknown_a3"": 0, ""position"": [-88.12699890136719, -39.132469177246094, 121.52801513671875], ""angles"": [0, 0, 0], ""params"": [25.0, 1.0, 1.0, 104, 0, 0], ""unused_pointer"": 3767263872}"
challenge-ep2/d88203-bb-e,2,66,"{""base_type"": 34, ""set_flags"": 0, ""runtime_index"": 20745, ""file_offset"": 19156, ""floor_field"": 7, ""entity_id_field"": 48713, ""group"": 0, ""room"": 2, ""unknown_a3"": 0, ""position"": [43.05000305175781, -44.99999237060547, 13.138153076171875], ""angles"": [0, 0, 0], ""params"": [25.0, 1.0, 1.0, 104, 0, 0], ""unused_pointer"": 3767329408}"
challenge-ep2/d88203-bb-e,2,67,"{""base_type"": 34, ""set_flags"": 0, ""runtime_index"": 33801, ""file_offset"": 19224, ""floor_field"": 7, ""entity_id_field"": 48969, ""group"": 0, ""room"": 2, ""unknown_a3"": 0, ""position"": [48.86000061035156, -31.97056770324707, -59.771026611328125], ""angles"": [0, 0, 0], ""params"": [25.0, 1.0, 1.0, 104, 0, 0], ""unused_pointer"": 3767394944}"
challenge-ep2/d88203-bb-e,2,68,"{""base_type"": 34, ""set_flags"": 0, ""runtime_index"": 43273, ""file_offset"": 19292, ""floor_field"": 7, ""entity_id_field"": 49225, ""group"": 0, ""room"": 2, ""unknown_a3"": 0, ""position"": [507.7049560546875, 19.77548599243164, -54.630828857421875], ""angles"": [0, 0, 0], ""params"": [35.0, 1.0, 1.0, 112, 0, 0], ""unused_pointer"": 3767460480}"
challenge-ep2/d88203-bb-e,4,5,"{""base_type"": 34, ""set_flags"": 0, ""runtime_index"": 265, ""file_offset"": 41424, ""floor_field"": 9, ""entity_id_field"": 32329, ""group"": 0, ""room"": 1, ""unknown_a3"": 0, ""position"": [11.058479309082031, 10.0, -43.11231994628906], ""angles"": [0, 0, 0], ""params"": [31.0, 1.0, 1.0, 102, 0, 0], ""unused_pointer"": 2689458816}"
challenge-ep2/d88203-bb-e,4,55,"{""base_type"": 34, ""set_flags"": 0, ""runtime_index"": 29960, ""file_offset"": 44824, ""floor_field"": 9, ""entity_id_field"": 1354, ""group"": 0, ""room"": 3, ""unknown_a3"": 0, ""position"": [-481.23052978515625, -2.4099998474121094, 79.010009765625], ""angles"": [0, 0, 0], ""params"": [1.0, 1.0, 1.0, 110, -1, 0], ""unused_pointer"": 1621353088}"
challenge-ep2/d88203-bb-e,4,56,"{""base_type"": 34, ""set_flags"": 0, ""runtime_index"": 30216, ""file_offset"": 44892, ""floor_field"": 9, ""entity_id_field"": 1610, ""group"": 0, ""room"": 3, ""unknown_a3"": 0, ""position"": [-349.5877685546875, -3.5999999046325684, 166.3599853515625], ""angles"": [0, 0, 0], ""params"": [1.0, 1.0, 1.0, 109, -1, 0], ""unused_pointer"": 1621418624}"
challenge-ep2/d88203-bb-e,4,57,"{""base_type"": 34, ""set_flags"": 0, ""runtime_index"": 30472, ""file_offset"": 44960, ""floor_field"": 9, ""entity_id_field"": 1866, ""group"": 0, ""room"": 3, ""unknown_a3"": 0, ""position"": [-131.8699951171875, -3.4800000190734863, 140.29998779296875], ""angles"": [0, 0, 0], ""params"": [1.0, 1.0, 1.0, 108, -1, 0], ""unused_pointer"": 1621484160}"
challenge-ep2/d88203-bb-e,4,72,"{""base_type"": 34, ""set_flags"": 0, ""runtime_index"": 15881, ""file_offset"": 45980, ""floor_field"": 9, ""entity_id_field"": 5706, ""group"": 0, ""room"": 3, ""unknown_a3"": 0, ""position"": [-53.902435302734375, -5.59999942779541, 250.72259521484375], ""angles"": [0, 0, 0], ""params"": [71.0, 1.0, 1.0, 105, 0, 0], ""unused_pointer"": 283304576}"
challenge-ep2/d88203-bb-e,4,73,"{""base_type"": 34, ""set_flags"": 0, ""runtime_index"": 16137, ""file_offset"": 46048, ""floor_field"": 9, ""entity_id_field"": 5962, ""group"": 0, ""room"": 3, ""unknown_a3"": 0, ""position"": [-285.942626953125, -5.599999904632568, 297.04644775390625], ""angles"": [0, 0, 0], ""params"": [71.0, 1.0, 1.0, 106, 0, 0], ""unused_pointer"": 283370112}"
challenge-ep2/d88203-bb-e,4,74,"{""base_type"": 34, ""set_flags"": 0, ""runtime_index"": 16649, ""file_offset"": 46116, ""floor_field"": 9, ""entity_id_field"": 6218, ""group"": 0, ""room"": 3, ""unknown_a3"": 0, ""position"": [-585.0478515625, -5.599999904632568, 182.4150390625], ""angles"": [0, 0, 0], ""params"": [71.0, 1.0, 1.0, 107, 0, 0], ""unused_pointer"": 283435648}"
challenge-ep2/d88203-bb-e,5,50,"{""base_type"": 34, ""set_flags"": 0, ""runtime_index"": 26632, ""file_offset"": 58576, ""floor_field"": 5, ""entity_id_field"": 64841, ""group"": 0, ""room"": 5, ""unknown_a3"": 0, ""position"": [196.05914306640625, 50.0, 39.3927001953125], ""angles"": [0, 0, 0], ""params"": [16.0, 1.0, 1.0, 104, 0, 0], ""unused_pointer"": 4034716032}"
challenge-ep2/d88203-bb-e,5,60,"{""base_type"": 34, ""set_flags"": 0, ""runtime_index"": 42248, ""file_offset"": 59256, ""floor_field"": 5, ""entity_id_field"": 46664, ""group"": 0, ""room"": 6, ""unknown_a3"": 0, ""position"": [-61.574951171875, 50.0, -1.03631591796875], ""angles"": [0, 0, 0], ""params"": [42.0, 1.0, 1.0, 100, 0, 0], ""unused_pointer"": 3505647232}"
challenge-ep2/d88203-bb-e,5,97,"{""base_type"": 34, ""set_flags"": 0, ""runtime_index"": 42760, ""file_offset"": 61772, ""floor_field"": 5, ""entity_id_field"": 14409, ""group"": 0, ""room"": 9, ""unknown_a3"": 0, ""position"": [0.0, 1.0, 0.0], ""angles"": [0, 0, 0], ""params"": [1.0, 1.0, 1.0, 106, -1, 0], ""unused_pointer"": 2968710784}"
challenge-ep2/d88203-bb-j,1,13,"{""base_type"": 34, ""set_flags"": 512, ""runtime_index"": 55811, ""file_offset"": 3636, ""floor_field"": 6, ""entity_id_field"": 55875, ""group"": 0, ""room"": 1, ""unknown_a3"": 0, ""position"": [248.82000732421875, 3.0, 332.70001220703125], ""angles"": [0, 0, 0], ""params"": [1.0, 1.0, 1.0, 110, -1, 0], ""unused_pointer"": 274981504}"
challenge-ep2/d88203-bb-j,1,40,"{""base_type"": 34, ""set_flags"": 0, ""runtime_index"": 41480, ""file_offset"": 5472, ""floor_field"": 6, ""entity_id_field"": 35657, ""group"": 0, ""room"": 4, ""unknown_a3"": 0, ""position"": [-51.567901611328125, 1.0, -85.9599609375], ""angles"": [0, 0, 0], ""params"": [1.0, 1.0, 1.0, 107, -1, 0], ""unused_pointer"": 2155799168}"
challenge-ep2/d88203-bb-j,1,82,"{""base_type"": 34, ""set_flags"": 0, ""runtime_index"": 29961, ""file_offset"": 8328, ""floor_field"": 6, ""entity_id_field"": 63817, ""group"": 0, ""room"": 9, ""unknown_a3"": 0, ""position"": [-45.91510009765625, -88.19102478027344, 137.07565307617188], ""angles"": [0, 0, 0], ""params"": [29.0, 1.0, 1.0, 117, 0, 0], ""unused_pointer"": 3489719168}"
challenge-ep2/d88203-bb-j,1,124,"{""base_type"": 34, ""set_flags"": 0, ""runtime_index"": 23561, ""file_offset"": 11184, ""floor_field"": 6, ""entity_id_field"": 36937, ""group"": 2, ""room"": 12, ""unknown_a3"": 0, ""position"": [260.5571594238281, 0.5899999737739563, -861.040283203125], ""angles"": [0, 0, 0], ""params"": [21.0, 1.0, 1.0, 125, 0, 0], ""unused_pointer"": 2156192384}"
challenge-ep2/d88203-bb-j,1,137,"{""base_type"": 34, ""set_flags"": 0, ""runtime_index"": 7945, ""file_offset"": 12068, ""floor_field"": 6, ""entity_id_field"": 8522, ""group"": 0, ""room"": 12, ""unknown_a3"": 0, ""position"": [226.76998901367188, 3.0, -124.57227325439453], ""angles"": [0, 0, 0], ""params"": [1.0, 1.0, 1.0, 111, -1, 0], ""unused_pointer"": 815522432}"
challenge-ep2/d88203-bb-j,1,153,"{""base_type"": 34, ""set_flags"": 0, ""runtime_index"": 32776, ""file_offset"": 13156, ""floor_field"": 6, ""entity_id_field"": 34889, ""group"": 0, ""room"": 15, ""unknown_a3"": 0, ""position"": [-60.969970703125, -100.0, -108.61000061035156], ""angles"": [0, 0, 0], ""params"": [9.0, 1.0, 1.0, 120, 0, 0], ""unused_pointer"": 538436480}"
challenge-ep2/d88203-bb-j,2,30,"{""base_type"": 34, ""set_flags"": 0, ""runtime_index"": 43529, ""file_offset"": 16708, ""floor_field"": 7, ""entity_id_field"": 39497, ""group"": 0, ""room"": 2, ""unknown_a3"": 0, ""position"": [101.10856628417969, -11.299617767333984, 48.932861328125], ""angles"": [0, 0, 0], ""params"": [20.0, 1.0, 1.0, 110, 0, 0], ""unused_pointer"": 3229409664}"
challenge-ep2/d88203-bb-j,2,65,"{""base_type"": 34, ""set_flags"": 512, ""runtime_index"": 52484, ""file_offset"": 19088, ""floor_field"": 7, ""entity_id_field"": 48457, ""group"": 0, ""room"": 2, ""unknown_a3"": 0, ""position"": [-88.12699890136719, -39.132469177246094, 121.52801513671875], ""angles"": [0, 0, 0], ""params"": [25.0, 1.0, 1.0, 104, 0, 0], ""unused_pointer"": 3767263872}"
challenge-ep2/d88203-bb-j,2,66,"{""base_type"": 34, ""set_flags"": 0, ""runtime_index"": 20745, ""file_offset"": 19156, ""floor_field"": 7, ""entity_id_field"": 48713, ""group"": 0, ""room"": 2, ""unknown_a3"": 0, ""position"": [43.05000305175781, -44.99999237060547, 13.138153076171875], ""angles"": [0, 0, 0], ""params"": [25.0, 1.0, 1.0, 104, 0, 0], ""unused_pointer"": 3767329408}"
challenge-ep2/d88203-bb-j,2,67,"{""base_type"": 34, ""set_flags"": 0, ""runtime_index"": 33801, ""file_offset"": 19224, ""floor_field"": 7, ""entity_id_field"": 48969, ""group"": 0, ""room"": 2, ""unknown_a3"": 0, ""position"": [48.86000061035156, -31.97056770324707, -59.771026611328125], ""angles"": [0, 0, 0], ""params"": [25.0, 1.0, 1.0, 104, 0, 0], ""unused_pointer"": 3767394944}"
challenge-ep2/d88203-bb-j,2,68,"{""base_type"": 34, ""set_flags"": 0, ""runtime_index"": 43273, ""file_offset"": 19292, ""floor_field"": 7, ""entity_id_field"": 49225, ""group"": 0, ""room"": 2, ""unknown_a3"": 0, ""position"": [507.7049560546875, 19.77548599243164, -54.630828857421875], ""angles"": [0, 0, 0], ""params"": [35.0, 1.0, 1.0, 112, 0, 0], ""unused_pointer"": 3767460480}"
challenge-ep2/d88203-bb-j,4,5,"{""base_type"": 34, ""set_flags"": 0, ""runtime_index"": 265, ""file_offset"": 41424, ""floor_field"": 9, ""entity_id_field"": 32329, ""group"": 0, ""room"": 1, ""unknown_a3"": 0, ""position"": [11.058479309082031, 10.0, -43.11231994628906], ""angles"": [0, 0, 0], ""params"": [31.0, 1.0, 1.0, 102, 0, 0], ""unused_pointer"": 2689458816}"
challenge-ep2/d88203-bb-j,4,55,"{""base_type"": 34, ""set_flags"": 0, ""runtime_index"": 29960, ""file_offset"": 44824, ""floor_field"": 9, ""entity_id_field"": 1354, ""group"": 0, ""room"": 3, ""unknown_a3"": 0, ""position"": [-481.23052978515625, -2.4099998474121094, 79.010009765625], ""angles"": [0, 0, 0], ""params"": [1.0, 1.0, 1.0, 110, -1, 0], ""unused_pointer"": 1621353088}"
challenge-ep2/d88203-bb-j,4,56,"{""base_type"": 34, ""set_flags"": 0, ""runtime_index"": 30216, ""file_offset"": 44892, ""floor_field"": 9, ""entity_id_field"": 1610, ""group"": 0, ""room"": 3, ""unknown_a3"": 0, ""position"": [-349.5877685546875, -3.5999999046325684, 166.3599853515625], ""angles"": [0, 0, 0], ""params"": [1.0, 1.0, 1.0, 109, -1, 0], ""unused_pointer"": 1621418624}"
challenge-ep2/d88203-bb-j,4,57,"{""base_type"": 34, ""set_flags"": 0, ""runtime_index"": 30472, ""file_offset"": 44960, ""floor_field"": 9, ""entity_id_field"": 1866, ""group"": 0, ""room"": 3, ""unknown_a3"": 0, ""position"": [-131.8699951171875, -3.4800000190734863, 140.29998779296875], ""angles"": [0, 0, 0], ""params"": [1.0, 1.0, 1.0, 108, -1, 0], ""unused_pointer"": 1621484160}"
challenge-ep2/d88203-bb-j,4,72,"{""base_type"": 34, ""set_flags"": 0, ""runtime_index"": 15881, ""file_offset"": 45980, ""floor_field"": 9, ""entity_id_field"": 5706, ""group"": 0, ""room"": 3, ""unknown_a3"": 0, ""position"": [-53.902435302734375, -5.59999942779541, 250.72259521484375], ""angles"": [0, 0, 0], ""params"": [71.0, 1.0, 1.0, 105, 0, 0], ""unused_pointer"": 283304576}"
challenge-ep2/d88203-bb-j,4,73,"{""base_type"": 34, ""set_flags"": 0, ""runtime_index"": 16137, ""file_offset"": 46048, ""floor_field"": 9, ""entity_id_field"": 5962, ""group"": 0, ""room"": 3, ""unknown_a3"": 0, ""position"": [-285.942626953125, -5.599999904632568, 297.04644775390625], ""angles"": [0, 0, 0], ""params"": [71.0, 1.0, 1.0, 106, 0, 0], ""unused_pointer"": 283370112}"
challenge-ep2/d88203-bb-j,4,74,"{""base_type"": 34, ""set_flags"": 0, ""runtime_index"": 16649, ""file_offset"": 46116, ""floor_field"": 9, ""entity_id_field"": 6218, ""group"": 0, ""room"": 3, ""unknown_a3"": 0, ""position"": [-585.0478515625, -5.599999904632568, 182.4150390625], ""angles"": [0, 0, 0], ""params"": [71.0, 1.0, 1.0, 107, 0, 0], ""unused_pointer"": 283435648}"
challenge-ep2/d88203-bb-j,5,50,"{""base_type"": 34, ""set_flags"": 0, ""runtime_index"": 26632, ""file_offset"": 58576, ""floor_field"": 5, ""entity_id_field"": 64841, ""group"": 0, ""room"": 5, ""unknown_a3"": 0, ""position"": [196.05914306640625, 50.0, 39.3927001953125], ""angles"": [0, 0, 0], ""params"": [16.0, 1.0, 1.0, 104, 0, 0], ""unused_pointer"": 4034716032}"
challenge-ep2/d88203-bb-j,5,60,"{""base_type"": 34, ""set_flags"": 0, ""runtime_index"": 42248, ""file_offset"": 59256, ""floor_field"": 5, ""entity_id_field"": 46664, ""group"": 0, ""room"": 6, ""unknown_a3"": 0, ""position"": [-61.574951171875, 50.0, -1.03631591796875], ""angles"": [0, 0, 0], ""params"": [42.0, 1.0, 1.0, 100, 0, 0], ""unused_pointer"": 3505647232}"
challenge-ep2/d88203-bb-j,5,97,"{""base_type"": 34, ""set_flags"": 0, ""runtime_index"": 42760, ""file_offset"": 61772, ""floor_field"": 5, ""entity_id_field"": 14409, ""group"": 0, ""room"": 9, ""unknown_a3"": 0, ""position"": [0.0, 1.0, 0.0], ""angles"": [0, 0, 0], ""params"": [1.0, 1.0, 1.0, 106, -1, 0], ""unused_pointer"": 2968710784}"
challenge-ep2/d88204-bb-e,1,97,"{""base_type"": 34, ""set_flags"": 0, ""runtime_index"": 30216, ""file_offset"": 9348, ""floor_field"": 10, ""entity_id_field"": 49736, ""group"": 0, ""room"": 61, ""unknown_a3"": 0, ""position"": [40.0, 31.0, 20.0], ""angles"": [0, 0, 0], ""params"": [-2.0, 1.0, 1.0, 105, -1, 0], ""unused_pointer"": 4041273216}"
challenge-ep2/d88204-bb-e,1,99,"{""base_type"": 34, ""set_flags"": 0, ""runtime_index"": 23304, ""file_offset"": 9484, ""floor_field"": 10, ""entity_id_field"": 8009, ""group"": 0, ""room"": 61, ""unknown_a3"": 0, ""position"": [-50.0, 1.0, 70.0], ""angles"": [0, 0, 0], ""params"": [-2.0, 1.0, 1.0, 115, -1, 0], ""unused_pointer"": 2696605824}"
challenge-ep2/d88204-bb-e,1,118,"{""base_type"": 34, ""set_flags"": 0, ""runtime_index"": 53512, ""file_offset"": 10776, ""floor_field"": 10, ""entity_id_field"": 60489, ""group"": 0, ""room"": 64, ""unknown_a3"": 0, ""position"": [-52.0, 0.5, -80.0], ""angles"": [0, 0, 0], ""params"": [-1.5, 1.0, 1.0, 34, 0, 0], ""unused_pointer"": 271837056}"
challenge-ep2/d88204-bb-e,1,119,"{""base_type"": 34, ""set_flags"": 0, ""runtime_index"": 53768, ""file_offset"": 10844, ""floor_field"": 10, ""entity_id_field"": 60745, ""group"": 0, ""room"": 64, ""unknown_a3"": 0, ""position"": [-52.0, 1.0, -80.0], ""angles"": [0, 0, 0], ""params"": [-1.5, 1.0, 1.0, 35, 0, 0], ""unused_pointer"": 2956257152}"
challenge-ep2/d88204-bb-e,1,128,"{""base_type"": 34, ""set_flags"": 0, ""runtime_index"": 25608, ""file_offset"": 11456, ""floor_field"": 10, ""entity_id_field"": 43081, ""group"": 0, ""room"": 80, ""unknown_a3"": 0, ""position"": [-200.0, 1.0, 0.0], ""angles"": [0, 0, 0], ""params"": [-1.0, 1.0, 1.0, 112, -1, 0], ""unused_pointer"": 3505188992}"
challenge-ep2/d88204-bb-e,2,52,"{""base_type"": 34, ""set_flags"": 0, ""runtime_index"": 26631, ""file_offset"": 19564, ""floor_field"": 10, ""entity_id_field"": 24136, ""group"": 0, ""room"": 64, ""unknown_a3"": 0, ""position"": [25.0, 0.0, 80.0], ""angles"": [0, 0, 0], ""params"": [15.0, 1.0, 1.0, 103, 0, 0], ""unused_pointer"": 547024768}"
challenge-ep2/d88204-bb-e,3,275,"{""base_type"": 34, ""set_flags"": 512, ""runtime_index"": 11016, ""file_offset"": 43176, ""floor_field"": 10, ""entity_id_field"": 18254, ""group"": 0, ""room"": 251, ""unknown_a3"": 0, ""position"": [0.0, -1.0, 0.0], ""angles"": [0, -16383, 0], ""params"": [1.0, 1.0, 1.0, 102, -1, 0], ""unused_pointer"": 551347328}"
challenge-ep2/d88204-bb-e,3,277,"{""base_type"": 34, ""set_flags"": 512, ""runtime_index"": 11528, ""file_offset"": 43312, ""floor_field"": 10, ""entity_id_field"": 18766, ""group"": 0, ""room"": 251, ""unknown_a3"": 0, ""position"": [0.0076904296875, -1.0, 80.0], ""angles"": [0, -16383, 0], ""params"": [1.0, 1.0, 1.0, 103, -1, 0], ""unused_pointer"": 283042944}"
challenge-ep2/d88204-bb-e,4,33,"{""base_type"": 34, ""set_flags"": 0, ""runtime_index"": 23304, ""file_offset"": 46252, ""floor_field"": 11, ""entity_id_field"": 10569, ""group"": 0, ""room"": 20, ""unknown_a3"": 0, ""position"": [-310.0, 1.0, 0.0], ""angles"": [0, 0, 0], ""params"": [-3.0, 1.0, 1.0, 100, -1, 0], ""unused_pointer"": 4032622464}"
challenge-ep2/d88204-bb-e,4,36,"{""base_type"": 34, ""set_flags"": 0, ""runtime_index"": 23560, ""file_offset"": 46456, ""floor_field"": 11, ""entity_id_field"": 12361, ""group"": 0, ""room"": 20, ""unknown_a3"": 0, ""position"": [-410.0, 1.0, 0.0], ""angles"": [0, 0, 0], ""params"": [-3.0, 1.0, 1.0, 119, -1, 0], ""unused_pointer"": 3773100160}"
challenge-ep2/d88204-bb-e,4,53,"{""base_type"": 34, ""set_flags"": 0, ""runtime_index"": 35080, ""file_offset"": 47612, ""floor_field"": 11, ""entity_id_field"": 45386, ""group"": 0, ""room"": 30, ""unknown_a3"": 0, ""position"": [0.0, 1.0, 240.0], ""angles"": [0, 0, 0], ""params"": [-4.0, 1.0, 1.0, 107, -1, 0], ""unused_pointer"": 1352659328}"
challenge-ep2/d88204-bb-e,5,62,"{""base_type"": 34, ""set_flags"": 0, ""runtime_index"": 26119, ""file_offset"": 60956, ""floor_field"": 11, ""entity_id_field"": 41543, ""group"": 0, ""room"": 50, ""unknown_a3"": 0, ""position"": [6.103515625e-05, 0.0, 112.0], ""angles"": [0, -32768, 0], ""params"": [8.0, 1.0, 1.0, 100, -1, 0], ""unused_pointer"": 4035702656}"
challenge-ep2/d88204-bb-e,5,77,"{""base_type"": 34, ""set_flags"": 0, ""runtime_index"": 27143, ""file_offset"": 61976, ""floor_field"": 11, ""entity_id_field"": 9289, ""group"": 0, ""room"": 95, ""unknown_a3"": 0, ""position"": [0.0, 0.0, 352.0], ""angles"": [0, 0, 0], ""params"": [8.0, 1.0, 1.0, 101, -1, 0], ""unused_pointer"": 1621290880}"
challenge-ep2/d88204-bb-j,1,97,"{""base_type"": 34, ""set_flags"": 0, ""runtime_index"": 30216, ""file_offset"": 9348, ""floor_field"": 10, ""entity_id_field"": 49736, ""group"": 0, ""room"": 61, ""unknown_a3"": 0, ""position"": [40.0, 31.0, 20.0], ""angles"": [0, 0, 0], ""params"": [-2.0, 1.0, 1.0, 105, -1, 0], ""unused_pointer"": 4041273216}"
challenge-ep2/d88204-bb-j,1,99,"{""base_type"": 34, ""set_flags"": 0, ""runtime_index"": 23304, ""file_offset"": 9484, ""floor_field"": 10, ""entity_id_field"": 8009, ""group"": 0, ""room"": 61, ""unknown_a3"": 0, ""position"": [-50.0, 1.0, 70.0], ""angles"": [0, 0, 0], ""params"": [-2.0, 1.0, 1.0, 115, -1, 0], ""unused_pointer"": 2696605824}"
challenge-ep2/d88204-bb-j,1,118,"{""base_type"": 34, ""set_flags"": 0, ""runtime_index"": 53512, ""file_offset"": 10776, ""floor_field"": 10, ""entity_id_field"": 60489, ""group"": 0, ""room"": 64, ""unknown_a3"": 0, ""position"": [-52.0, 0.5, -80.0], ""angles"": [0, 0, 0], ""params"": [-1.5, 1.0, 1.0, 34, 0, 0], ""unused_pointer"": 271837056}"
challenge-ep2/d88204-bb-j,1,119,"{""base_type"": 34, ""set_flags"": 0, ""runtime_index"": 53768, ""file_offset"": 10844, ""floor_field"": 10, ""entity_id_field"": 60745, ""group"": 0, ""room"": 64, ""unknown_a3"": 0, ""position"": [-52.0, 1.0, -80.0], ""angles"": [0, 0, 0], ""params"": [-1.5, 1.0, 1.0, 35, 0, 0], ""unused_pointer"": 2956257152}"
challenge-ep2/d88204-bb-j,1,128,"{""base_type"": 34, ""set_flags"": 0, ""runtime_index"": 25608, ""file_offset"": 11456, ""floor_field"": 10, ""entity_id_field"": 43081, ""group"": 0, ""room"": 80, ""unknown_a3"": 0, ""position"": [-200.0, 1.0, 0.0], ""angles"": [0, 0, 0], ""params"": [-1.0, 1.0, 1.0, 112, -1, 0], ""unused_pointer"": 3505188992}"
challenge-ep2/d88204-bb-j,2,52,"{""base_type"": 34, ""set_flags"": 0, ""runtime_index"": 26631, ""file_offset"": 19564, ""floor_field"": 10, ""entity_id_field"": 24136, ""group"": 0, ""room"": 64, ""unknown_a3"": 0, ""position"": [25.0, 0.0, 80.0], ""angles"": [0, 0, 0], ""params"": [15.0, 1.0, 1.0, 103, 0, 0], ""unused_pointer"": 547024768}"
challenge-ep2/d88204-bb-j,3,275,"{""base_type"": 34, ""set_flags"": 512, ""runtime_index"": 11016, ""file_offset"": 43176, ""floor_field"": 10, ""entity_id_field"": 18254, ""group"": 0, ""room"": 251, ""unknown_a3"": 0, ""position"": [0.0, -1.0, 0.0], ""angles"": [0, -16383, 0], ""params"": [1.0, 1.0, 1.0, 102, -1, 0], ""unused_pointer"": 551347328}"
challenge-ep2/d88204-bb-j,3,277,"{""base_type"": 34, ""set_flags"": 512, ""runtime_index"": 11528, ""file_offset"": 43312, ""floor_field"": 10, ""entity_id_field"": 18766, ""group"": 0, ""room"": 251, ""unknown_a3"": 0, ""position"": [0.0076904296875, -1.0, 80.0], ""angles"": [0, -16383, 0], ""params"": [1.0, 1.0, 1.0, 103, -1, 0], ""unused_pointer"": 283042944}"
challenge-ep2/d88204-bb-j,4,33,"{""base_type"": 34, ""set_flags"": 0, ""runtime_index"": 23304, ""file_offset"": 46252, ""floor_field"": 11, ""entity_id_field"": 10569, ""group"": 0, ""room"": 20, ""unknown_a3"": 0, ""position"": [-310.0, 1.0, 0.0], ""angles"": [0, 0, 0], ""params"": [-3.0, 1.0, 1.0, 100, -1, 0], ""unused_pointer"": 4032622464}"
challenge-ep2/d88204-bb-j,4,36,"{""base_type"": 34, ""set_flags"": 0, ""runtime_index"": 23560, ""file_offset"": 46456, ""floor_field"": 11, ""entity_id_field"": 12361, ""group"": 0, ""room"": 20, ""unknown_a3"": 0, ""position"": [-410.0, 1.0, 0.0], ""angles"": [0, 0, 0], ""params"": [-3.0, 1.0, 1.0, 119, -1, 0], ""unused_pointer"": 3773100160}"
challenge-ep2/d88204-bb-j,4,53,"{""base_type"": 34, ""set_flags"": 0, ""runtime_index"": 35080, ""file_offset"": 47612, ""floor_field"": 11, ""entity_id_field"": 45386, ""group"": 0, ""room"": 30, ""unknown_a3"": 0, ""position"": [0.0, 1.0, 240.0], ""angles"": [0, 0, 0], ""params"": [-4.0, 1.0, 1.0, 107, -1, 0], ""unused_pointer"": 1352659328}"
challenge-ep2/d88204-bb-j,5,62,"{""base_type"": 34, ""set_flags"": 0, ""runtime_index"": 26119, ""file_offset"": 60956, ""floor_field"": 11, ""entity_id_field"": 41543, ""group"": 0, ""room"": 50, ""unknown_a3"": 0, ""position"": [6.103515625e-05, 0.0, 112.0], ""angles"": [0, -32768, 0], ""params"": [8.0, 1.0, 1.0, 100, -1, 0], ""unused_pointer"": 4035702656}"
challenge-ep2/d88204-bb-j,5,77,"{""base_type"": 34, ""set_flags"": 0, ""runtime_index"": 27143, ""file_offset"": 61976, ""floor_field"": 11, ""entity_id_field"": 9289, ""group"": 0, ""room"": 95, ""unknown_a3"": 0, ""position"": [0.0, 0.0, 352.0], ""angles"": [0, 0, 0], ""params"": [8.0, 1.0, 1.0, 101, -1, 0], ""unused_pointer"": 1621290880}"
challenge-ep2/d88205-bb-e,1,33,"{""base_type"": 34, ""set_flags"": 512, ""runtime_index"": 31496, ""file_offset"": 4996, ""floor_field"": 17, ""entity_id_field"": 31560, ""group"": 0, ""room"": 2, ""unknown_a3"": 0, ""position"": [-80.0, -1.0, -385.0], ""angles"": [0, 0, 0], ""params"": [5.0, 1.0, 1.0, 2, 0, 0], ""unused_pointer"": 3227640448}"
challenge-ep2/d88205-bb-e,1,49,"{""base_type"": 34, ""set_flags"": 512, ""runtime_index"": 35592, ""file_offset"": 6084, ""floor_field"": 17, ""entity_id_field"": 35656, ""group"": 0, ""room"": 3, ""unknown_a3"": 0, ""position"": [-80.0, 0.0, -385.0], ""angles"": [0, 0, 0], ""params"": [5.0, 1.0, 1.0, 5, 0, 0], ""unused_pointer"": 1888543360}"
challenge-ep2/d88205-bb-e,1,76,"{""base_type"": 34, ""set_flags"": 512, ""runtime_index"": 29696, ""file_offset"": 7920, ""floor_field"": 17, ""entity_id_field"": 29760, ""group"": 0, ""room"": 4, ""unknown_a3"": 0, ""position"": [-80.0, -1.0, -385.0], ""angles"": [0, 0, 0], ""params"": [5.0, 1.0, 1.0, 6, 0, 0], ""unused_pointer"": 1623057280}"
challenge-ep2/d88205-bb-e,1,101,"{""base_type"": 34, ""set_flags"": 512, ""runtime_index"": 48904, ""file_offset"": 9620, ""floor_field"": 17, ""entity_id_field"": 55372, ""group"": 0, ""room"": 5, ""unknown_a3"": 0, ""position"": [-80.0, -1.0, -385.0], ""angles"": [0, 0, 0], ""params"": [5.0, 1.0, 1.0, 8, 0, 0], ""unused_pointer"": 1342956416}"
challenge-ep2/d88205-bb-e,1,114,"{""base_type"": 34, ""set_flags"": 512, ""runtime_index"": 41992, ""file_offset"": 10504, ""floor_field"": 17, ""entity_id_field"": 42056, ""group"": 0, ""room"": 10, ""unknown_a3"": 0, ""position"": [-80.0, 0.0, -385.0], ""angles"": [0, 0, 0], ""params"": [5.0, 1.0, 1.0, 4, 0, 0], ""unused_pointer"": 4039762560}"
challenge-ep2/d88205-bb-e,1,135,"{""base_type"": 34, ""set_flags"": 512, ""runtime_index"": 45320, ""file_offset"": 11932, ""floor_field"": 17, ""entity_id_field"": 45384, ""group"": 0, ""room"": 20, ""unknown_a3"": 0, ""position"": [-80.0, 0.0, -385.0], ""angles"": [0, 0, 0], ""params"": [5.0, 1.0, 1.0, 3, 0, 0], ""unused_pointer"": 820830848}"
challenge-ep2/d88205-bb-e,1,157,"{""base_type"": 34, ""set_flags"": 512, ""runtime_index"": 48136, ""file_offset"": 13428, ""floor_field"": 17, ""entity_id_field"": 48200, ""group"": 0, ""room"": 21, ""unknown_a3"": 0, ""position"": [-80.0, -1.0, -385.0], ""angles"": [0, 0, 0], ""params"": [5.0, 1.0, 1.0, 7, 0, 0], ""unused_pointer"": 2416567168}"
challenge-ep2/d88205-bb-e,1,166,"{""base_type"": 34, ""set_flags"": 512, ""runtime_index"": 49928, ""file_offset"": 14040, ""floor_field"": 17, ""entity_id_field"": 9289, ""group"": 0, ""room"": 22, ""unknown_a3"": 0, ""position"": [-80.0, -1.0, -385.0], ""angles"": [0, 0, 0], ""params"": [5.0, 1.0, 1.0, 9, 0, 0], ""unused_pointer"": 3760383104}"
challenge-ep2/d88205-bb-e,2,16,"{""base_type"": 34, ""set_flags"": 512, ""runtime_index"": 27400, ""file_offset"": 17048, ""floor_field"": 17, ""entity_id_field"": 64330, ""group"": 0, ""room"": 1, ""unknown_a3"": 0, ""position"": [18.7490234375, -1.0, -381.4013671875], ""angles"": [0, 0, 0], ""params"": [51.0, 1.0, 1.0, 103, 0, 0], ""unused_pointer"": 3769361024}"
challenge-ep2/d88205-bb-e,2,28,"{""base_type"": 34, ""set_flags"": 0, ""runtime_index"": 29192, ""file_offset"": 17864, ""floor_field"": 17, ""entity_id_field"": 44874, ""group"": 0, ""room"": 2, ""unknown_a3"": 0, ""position"": [305.0, -21.0, 80.0], ""angles"": [0, 0, 0], ""params"": [5.0, 1.0, 1.0, 2, 0, 0], ""unused_pointer"": 1085531776}"
challenge-ep2/d88205-bb-e,2,54,"{""base_type"": 34, ""set_flags"": 0, ""runtime_index"": 27400, ""file_offset"": 19632, ""floor_field"": 17, ""entity_id_field"": 61260, ""group"": 0, ""room"": 3, ""unknown_a3"": 0, ""position"": [305.0, -21.0, 80.0], ""angles"": [0, 0, 0], ""params"": [5.0, 1.0, 1.0, 3, 0, 0], ""unused_pointer"": 3761759616}"
challenge-ep2/d88205-bb-e,2,66,"{""base_type"": 34, ""set_flags"": 512, ""runtime_index"": 30984, ""file_offset"": 20448, ""floor_field"": 17, ""entity_id_field"": 31048, ""group"": 0, ""room"": 4, ""unknown_a3"": 0, ""position"": [305.0, -21.0, 80.0], ""angles"": [0, 0, 0], ""params"": [5.0, 1.0, 1.0, 6, 0, 0], ""unused_pointer"": 8184448}"
challenge-ep2/d88205-bb-e,2,89,"{""base_type"": 34, ""set_flags"": 512, ""runtime_index"": 33800, ""file_offset"": 22012, ""floor_field"": 17, ""entity_id_field"": 33864, ""group"": 0, ""room"": 5, ""unknown_a3"": 0, ""position"": [305.0, -21.0, 80.0], ""angles"": [0, 0, 0], ""params"": [5.0, 1.0, 1.0, 8, 0, 0], ""unused_pointer"": 1620697728}"
challenge-ep2/d88205-bb-e,2,109,"{""base_type"": 34, ""set_flags"": 512, ""runtime_index"": 20737, ""file_offset"": 23372, ""floor_field"": 17, ""entity_id_field"": 20801, ""group"": 0, ""room"": 10, ""unknown_a3"": 0, ""position"": [305.0, -21.0, 80.0], ""angles"": [0, 0, 0], ""params"": [5.0, 1.0, 1.0, 4, 0, 0], ""unused_pointer"": 268625024}"
challenge-ep2/d88205-bb-e,2,136,"{""base_type"": 34, ""set_flags"": 512, ""runtime_index"": 37896, ""file_offset"": 25208, ""floor_field"": 17, ""entity_id_field"": 37960, ""group"": 0, ""room"": 20, ""unknown_a3"": 0, ""position"": [305.0, -21.0, 80.0], ""angles"": [0, 0, 0], ""params"": [5.0, 1.0, 1.0, 3, 0, 0], ""unused_pointer"": 12182144}"
challenge-ep2/d88205-bb-e,2,158,"{""base_type"": 34, ""set_flags"": 512, ""runtime_index"": 41736, ""file_offset"": 26704, ""floor_field"": 17, ""entity_id_field"": 41800, ""group"": 0, ""room"": 21, ""unknown_a3"": 0, ""position"": [305.0, -21.0, 80.0], ""angles"": [0, 0, 0], ""params"": [5.0, 1.0, 1.0, 7, 0, 0], ""unused_pointer"": 1625744000}"
challenge-ep2/d88205-bb-e,2,176,"{""base_type"": 34, ""set_flags"": 512, ""runtime_index"": 36353, ""file_offset"": 27928, ""floor_field"": 17, ""entity_id_field"": 36417, ""group"": 0, ""room"": 22, ""unknown_a3"": 0, ""position"": [305.0, -21.0, 80.0], ""angles"": [0, 0, 0], ""params"": [5.0, 1.0, 1.0, 9, 0, 0], ""unused_pointer"": 2964710528}"
challenge-ep2/d88205-bb-j,1,33,"{""base_type"": 34, ""set_flags"": 512, ""runtime_index"": 31496, ""file_offset"": 4996, ""floor_field"": 17, ""entity_id_field"": 31560, ""group"": 0, ""room"": 2, ""unknown_a3"": 0, ""position"": [-80.0, -1.0, -385.0], ""angles"": [0, 0, 0], ""params"": [5.0, 1.0, 1.0, 2, 0, 0], ""unused_pointer"": 3227640448}"
challenge-ep2/d88205-bb-j,1,49,"{""base_type"": 34, ""set_flags"": 512, ""runtime_index"": 35592, ""file_offset"": 6084, ""floor_field"": 17, ""entity_id_field"": 35656, ""group"": 0, ""room"": 3, ""unknown_a3"": 0, ""position"": [-80.0, 0.0, -385.0], ""angles"": [0, 0, 0], ""params"": [5.0, 1.0, 1.0, 5, 0, 0], ""unused_pointer"": 1888543360}"
challenge-ep2/d88205-bb-j,1,76,"{""base_type"": 34, ""set_flags"": 512, ""runtime_index"": 29696, ""file_offset"": 7920, ""floor_field"": 17, ""entity_id_field"": 29760, ""group"": 0, ""room"": 4, ""unknown_a3"": 0, ""position"": [-80.0, -1.0, -385.0], ""angles"": [0, 0, 0], ""params"": [5.0, 1.0, 1.0, 6, 0, 0], ""unused_pointer"": 1623057280}"
challenge-ep2/d88205-bb-j,1,101,"{""base_type"": 34, ""set_flags"": 512, ""runtime_index"": 48904, ""file_offset"": 9620, ""floor_field"": 17, ""entity_id_field"": 55372, ""group"": 0, ""room"": 5, ""unknown_a3"": 0, ""position"": [-80.0, -1.0, -385.0], ""angles"": [0, 0, 0], ""params"": [5.0, 1.0, 1.0, 8, 0, 0], ""unused_pointer"": 1342956416}"
challenge-ep2/d88205-bb-j,1,114,"{""base_type"": 34, ""set_flags"": 512, ""runtime_index"": 41992, ""file_offset"": 10504, ""floor_field"": 17, ""entity_id_field"": 42056, ""group"": 0, ""room"": 10, ""unknown_a3"": 0, ""position"": [-80.0, 0.0, -385.0], ""angles"": [0, 0, 0], ""params"": [5.0, 1.0, 1.0, 4, 0, 0], ""unused_pointer"": 4039762560}"
challenge-ep2/d88205-bb-j,1,135,"{""base_type"": 34, ""set_flags"": 512, ""runtime_index"": 45320, ""file_offset"": 11932, ""floor_field"": 17, ""entity_id_field"": 45384, ""group"": 0, ""room"": 20, ""unknown_a3"": 0, ""position"": [-80.0, 0.0, -385.0], ""angles"": [0, 0, 0], ""params"": [5.0, 1.0, 1.0, 3, 0, 0], ""unused_pointer"": 820830848}"
challenge-ep2/d88205-bb-j,1,157,"{""base_type"": 34, ""set_flags"": 512, ""runtime_index"": 48136, ""file_offset"": 13428, ""floor_field"": 17, ""entity_id_field"": 48200, ""group"": 0, ""room"": 21, ""unknown_a3"": 0, ""position"": [-80.0, -1.0, -385.0], ""angles"": [0, 0, 0], ""params"": [5.0, 1.0, 1.0, 7, 0, 0], ""unused_pointer"": 2416567168}"
challenge-ep2/d88205-bb-j,1,166,"{""base_type"": 34, ""set_flags"": 512, ""runtime_index"": 49928, ""file_offset"": 14040, ""floor_field"": 17, ""entity_id_field"": 9289, ""group"": 0, ""room"": 22, ""unknown_a3"": 0, ""position"": [-80.0, -1.0, -385.0], ""angles"": [0, 0, 0], ""params"": [5.0, 1.0, 1.0, 9, 0, 0], ""unused_pointer"": 3760383104}"
challenge-ep2/d88205-bb-j,2,16,"{""base_type"": 34, ""set_flags"": 512, ""runtime_index"": 27400, ""file_offset"": 17048, ""floor_field"": 17, ""entity_id_field"": 64330, ""group"": 0, ""room"": 1, ""unknown_a3"": 0, ""position"": [18.7490234375, -1.0, -381.4013671875], ""angles"": [0, 0, 0], ""params"": [51.0, 1.0, 1.0, 103, 0, 0], ""unused_pointer"": 3769361024}"
challenge-ep2/d88205-bb-j,2,28,"{""base_type"": 34, ""set_flags"": 0, ""runtime_index"": 29192, ""file_offset"": 17864, ""floor_field"": 17, ""entity_id_field"": 44874, ""group"": 0, ""room"": 2, ""unknown_a3"": 0, ""position"": [305.0, -21.0, 80.0], ""angles"": [0, 0, 0], ""params"": [5.0, 1.0, 1.0, 2, 0, 0], ""unused_pointer"": 1085531776}"
challenge-ep2/d88205-bb-j,2,54,"{""base_type"": 34, ""set_flags"": 0, ""runtime_index"": 27400, ""file_offset"": 19632, ""floor_field"": 17, ""entity_id_field"": 61260, ""group"": 0, ""room"": 3, ""unknown_a3"": 0, ""position"": [305.0, -21.0, 80.0], ""angles"": [0, 0, 0], ""params"": [5.0, 1.0, 1.0, 3, 0, 0], ""unused_pointer"": 3761759616}"
challenge-ep2/d88205-bb-j,2,66,"{""base_type"": 34, ""set_flags"": 512, ""runtime_index"": 30984, ""file_offset"": 20448, ""floor_field"": 17, ""entity_id_field"": 31048, ""group"": 0, ""room"": 4, ""unknown_a3"": 0, ""position"": [305.0, -21.0, 80.0], ""angles"": [0, 0, 0], ""params"": [5.0, 1.0, 1.0, 6, 0, 0], ""unused_pointer"": 8184448}"
challenge-ep2/d88205-bb-j,2,89,"{""base_type"": 34, ""set_flags"": 512, ""runtime_index"": 33800, ""file_offset"": 22012, ""floor_field"": 17, ""entity_id_field"": 33864, ""group"": 0, ""room"": 5, ""unknown_a3"": 0, ""position"": [305.0, -21.0, 80.0], ""angles"": [0, 0, 0], ""params"": [5.0, 1.0, 1.0, 8, 0, 0], ""unused_pointer"": 1620697728}"
challenge-ep2/d88205-bb-j,2,109,"{""base_type"": 34, ""set_flags"": 512, ""runtime_index"": 20737, ""file_offset"": 23372, ""floor_field"": 17, ""entity_id_field"": 20801, ""group"": 0, ""room"": 10, ""unknown_a3"": 0, ""position"": [305.0, -21.0, 80.0], ""angles"": [0, 0, 0], ""params"": [5.0, 1.0, 1.0, 4, 0, 0], ""unused_pointer"": 268625024}"
challenge-ep2/d88205-bb-j,2,136,"{""base_type"": 34, ""set_flags"": 512, ""runtime_index"": 37896, ""file_offset"": 25208, ""floor_field"": 17, ""entity_id_field"": 37960, ""group"": 0, ""room"": 20, ""unknown_a3"": 0, ""position"": [305.0, -21.0, 80.0], ""angles"": [0, 0, 0], ""params"": [5.0, 1.0, 1.0, 3, 0, 0], ""unused_pointer"": 12182144}"
challenge-ep2/d88205-bb-j,2,158,"{""base_type"": 34, ""set_flags"": 512, ""runtime_index"": 41736, ""file_offset"": 26704, ""floor_field"": 17, ""entity_id_field"": 41800, ""group"": 0, ""room"": 21, ""unknown_a3"": 0, ""position"": [305.0, -21.0, 80.0], ""angles"": [0, 0, 0], ""params"": [5.0, 1.0, 1.0, 7, 0, 0], ""unused_pointer"": 1625744000}"
challenge-ep2/d88205-bb-j,2,176,"{""base_type"": 34, ""set_flags"": 512, ""runtime_index"": 36353, ""file_offset"": 27928, ""floor_field"": 17, ""entity_id_field"": 36417, ""group"": 0, ""room"": 22, ""unknown_a3"": 0, ""position"": [305.0, -21.0, 80.0], ""angles"": [0, 0, 0], ""params"": [5.0, 1.0, 1.0, 9, 0, 0], ""unused_pointer"": 2964710528}"
events-ep1/q28-bb-e,1,127,"{""base_type"": 34, ""set_flags"": 0, ""runtime_index"": 1798, ""file_offset"": 12340, ""floor_field"": 1, ""entity_id_field"": 18404, ""group"": 0, ""room"": 16, ""unknown_a3"": 0, ""position"": [-133.51748657226562, 20.65319061279297, 73.5689697265625], ""angles"": [0, 0, 0], ""params"": [15.000000953674316, 1.0, 1.0, 1, 0, 0], ""unused_pointer"": 2365315424}"
events-ep1/q28-bb-e,2,19,"{""base_type"": 34, ""set_flags"": 0, ""runtime_index"": 1970, ""file_offset"": 14940, ""floor_field"": 2, ""entity_id_field"": 18584, ""group"": 0, ""room"": 1, ""unknown_a3"": 0, ""position"": [-52.1103515625, 75.67119598388672, -85.2425537109375], ""angles"": [0, 0, 0], ""params"": [40.00001907348633, 1.0, 1.0, 101, 0, 0], ""unused_pointer"": 2365251920}"
events-ep1/q28-bb-e,2,45,"{""base_type"": 34, ""set_flags"": 0, ""runtime_index"": 1960, ""file_offset"": 16708, ""floor_field"": 2, ""entity_id_field"": 18755, ""group"": 0, ""room"": 2, ""unknown_a3"": 0, ""position"": [44.99725341796875, 34.99942398071289, 89.9962158203125], ""angles"": [0, 0, 0], ""params"": [35.0000114440918, 1.0, 1.0, 103, -1, 0], ""unused_pointer"": 2365343184}"
events-ep1/q28-bb-e,2,54,"{""base_type"": 34, ""set_flags"": 0, ""runtime_index"": 1961, ""file_offset"": 17320, ""floor_field"": 2, ""entity_id_field"": 18756, ""group"": 0, ""room"": 2, ""unknown_a3"": 0, ""position"": [44.99725341796875, 34.99942398071289, 159.9962158203125], ""angles"": [0, 0, 0], ""params"": [35.0000114440918, 1.0, 1.0, 103, -1, 0], ""unused_pointer"": 2365345296}"
events-ep1/q28-bb-e,2,55,"{""base_type"": 34, ""set_flags"": 0, ""runtime_index"": 1962, ""file_offset"": 17388, ""floor_field"": 2, ""entity_id_field"": 18757, ""group"": 0, ""room"": 2, ""unknown_a3"": 0, ""position"": [44.99725341796875, 34.99942398071289, 229.9962158203125], ""angles"": [0, 0, 0], ""params"": [35.0000114440918, 1.0, 1.0, 103, -1, 0], ""unused_pointer"": 2365346688}"
events-ep1/q28-bb-j,1,127,"{""base_type"": 34, ""set_flags"": 0, ""runtime_index"": 1798, ""file_offset"": 12340, ""floor_field"": 1, ""entity_id_field"": 18404, ""group"": 0, ""room"": 16, ""unknown_a3"": 0, ""position"": [-133.51748657226562, 20.65319061279297, 73.5689697265625], ""angles"": [0, 0, 0], ""params"": [15.000000953674316, 1.0, 1.0, 1, 0, 0], ""unused_pointer"": 2365315424}"
events-ep1/q28-bb-j,2,19,"{""base_type"": 34, ""set_flags"": 0, ""runtime_index"": 1970, ""file_offset"": 14940, ""floor_field"": 2, ""entity_id_field"": 18584, ""group"": 0, ""room"": 1, ""unknown_a3"": 0, ""position"": [-52.1103515625, 75.67119598388672, -85.2425537109375], ""angles"": [0, 0, 0], ""params"": [40.00001907348633, 1.0, 1.0, 101, 0, 0], ""unused_pointer"": 2365251920}"
events-ep1/q28-bb-j,2,45,"{""base_type"": 34, ""set_flags"": 0, ""runtime_index"": 1960, ""file_offset"": 16708, ""floor_field"": 2, ""entity_id_field"": 18755, ""group"": 0, ""room"": 2, ""unknown_a3"": 0, ""position"": [44.99725341796875, 34.99942398071289, 89.9962158203125], ""angles"": [0, 0, 0], ""params"": [35.0000114440918, 1.0, 1.0, 103, -1, 0], ""unused_pointer"": 2365343184}"
events-ep1/q28-bb-j,2,54,"{""base_type"": 34, ""set_flags"": 0, ""runtime_index"": 1961, ""file_offset"": 17320, ""floor_field"": 2, ""entity_id_field"": 18756, ""group"": 0, ""room"": 2, ""unknown_a3"": 0, ""position"": [44.99725341796875, 34.99942398071289, 159.9962158203125], ""angles"": [0, 0, 0], ""params"": [35.0000114440918, 1.0, 1.0, 103, -1, 0], ""unused_pointer"": 2365345296}"
events-ep1/q28-bb-j,2,55,"{""base_type"": 34, ""set_flags"": 0, ""runtime_index"": 1962, ""file_offset"": 17388, ""floor_field"": 2, ""entity_id_field"": 18757, ""group"": 0, ""room"": 2, ""unknown_a3"": 0, ""position"": [44.99725341796875, 34.99942398071289, 229.9962158203125], ""angles"": [0, 0, 0], ""params"": [35.0000114440918, 1.0, 1.0, 103, -1, 0], ""unused_pointer"": 2365346688}"
events-ep1/q073-bb-e,1,64,"{""base_type"": 34, ""set_flags"": 0, ""runtime_index"": 1980, ""file_offset"": 6152, ""floor_field"": 1, ""entity_id_field"": 18418, ""group"": 0, ""room"": 10, ""unknown_a3"": 0, ""position"": [128.28958129882812, 24.226591110229492, -105.16908264160156], ""angles"": [0, 0, 0], ""params"": [25.000009536743164, 1.0, 1.0, 1, 0, 0], ""unused_pointer"": 2365271616}"
events-ep1/q073-bb-j,1,64,"{""base_type"": 34, ""set_flags"": 0, ""runtime_index"": 1980, ""file_offset"": 6152, ""floor_field"": 1, ""entity_id_field"": 18418, ""group"": 0, ""room"": 10, ""unknown_a3"": 0, ""position"": [128.28958129882812, 24.226591110229492, -105.16908264160156], ""angles"": [0, 0, 0], ""params"": [25.000009536743164, 1.0, 1.0, 1, 0, 0], ""unused_pointer"": 2365271616}"
events-ep2/q42-bb-e,16,19,"{""base_type"": 34, ""set_flags"": 0, ""runtime_index"": 26632, ""file_offset"": 4452, ""floor_field"": 16, ""entity_id_field"": 55629, ""group"": 0, ""room"": 1, ""unknown_a3"": 0, ""position"": [2.9024810791015625, 10.0, 4.502891540527344], ""angles"": [0, 0, 0], ""params"": [70.0, 1.0, 1.0, 1, 0, 0], ""unused_pointer"": 4029604736}"
events-ep2/q42-bb-e,16,20,"{""base_type"": 34, ""set_flags"": 0, ""runtime_index"": 26888, ""file_offset"": 4520, ""floor_field"": 16, ""entity_id_field"": 55885, ""group"": 0, ""room"": 1, ""unknown_a3"": 0, ""position"": [2.9024810791015625, 10.0, 4.502891540527344], ""angles"": [0, 0, 0], ""params"": [70.0, 1.0, 1.0, 100, 0, 0], ""unused_pointer"": 4029670272}"
events-ep2/q42-bb-j,16,19,"{""base_type"": 34, ""set_flags"": 0, ""runtime_index"": 26632, ""file_offset"": 4452, ""floor_field"": 16, ""entity_id_field"": 55629, ""group"": 0, ""room"": 1, ""unknown_a3"": 0, ""position"": [2.9024810791015625, 10.0, 4.502891540527344], ""angles"": [0, 0, 0], ""params"": [70.0, 1.0, 1.0, 1, 0, 0], ""unused_pointer"": 4029604736}"
events-ep2/q42-bb-j,16,20,"{""base_type"": 34, ""set_flags"": 0, ""runtime_index"": 26888, ""file_offset"": 4520, ""floor_field"": 16, ""entity_id_field"": 55885, ""group"": 0, ""room"": 1, ""unknown_a3"": 0, ""position"": [2.9024810791015625, 10.0, 4.502891540527344], ""angles"": [0, 0, 0], ""params"": [70.0, 1.0, 1.0, 100, 0, 0], ""unused_pointer"": 4029670272}"
events-ep2/q56-bb-e,1,52,"{""base_type"": 34, ""set_flags"": 0, ""runtime_index"": 39943, ""file_offset"": 6560, ""floor_field"": 1, ""entity_id_field"": 18620, ""group"": 0, ""room"": 40, ""unknown_a3"": 0, ""position"": [-132.0, 1.0, 92.0], ""angles"": [0, 0, 0], ""params"": [-4.0, 1.0, 1.0, 100, -1, 0], ""unused_pointer"": 77530512}"
events-ep2/q56-bb-e,9,29,"{""base_type"": 34, ""set_flags"": 2, ""runtime_index"": 87, ""file_offset"": 21380, ""floor_field"": 9, ""entity_id_field"": 18898, ""group"": 0, ""room"": 1, ""unknown_a3"": 0, ""position"": [0.0, 9.999999046325684, 0.0], ""angles"": [0, 0, 0], ""params"": [40.0, 1.0, 1.0, 1, 0, 0], ""unused_pointer"": 77511600}"
events-ep2/q56-bb-e,9,100,"{""base_type"": 34, ""set_flags"": 0, ""runtime_index"": 158, ""file_offset"": 26208, ""floor_field"": 9, ""entity_id_field"": 18969, ""group"": 1, ""room"": 11, ""unknown_a3"": 0, ""position"": [0.0, 15.0, 0.0], ""angles"": [0, 0, 0], ""params"": [250.0, 1.0, 1.0, 100, 0, 0], ""unused_pointer"": 77569120}"
events-ep2/q56-bb-e,11,62,"{""base_type"": 34, ""set_flags"": 0, ""runtime_index"": 26119, ""file_offset"": 33516, ""floor_field"": 11, ""entity_id_field"": 41543, ""group"": 0, ""room"": 50, ""unknown_a3"": 0, ""position"": [6.103515625e-05, 0.0, 112.0], ""angles"": [0, -32768, 0], ""params"": [8.0, 1.0, 1.0, 100, -1, 0], ""unused_pointer"": 4035702656}"
events-ep2/q56-bb-e,11,78,"{""base_type"": 34, ""set_flags"": 0, ""runtime_index"": 27143, ""file_offset"": 34604, ""floor_field"": 11, ""entity_id_field"": 9289, ""group"": 0, ""room"": 95, ""unknown_a3"": 0, ""position"": [0.0, 0.0, 352.0], ""angles"": [0, 0, 0], ""params"": [8.0, 1.0, 1.0, 101, -1, 0], ""unused_pointer"": 1621290880}"
events-ep2/q56-bb-e,17,33,"{""base_type"": 34, ""set_flags"": 0, ""runtime_index"": 24328, ""file_offset"": 38852, ""floor_field"": 17, ""entity_id_field"": 18586, ""group"": 0, ""room"": 2, ""unknown_a3"": 0, ""position"": [-80.0, -1.0, -385.0], ""angles"": [0, 0, 0], ""params"": [5.0, 1.0, 1.0, 2, 0, 0], ""unused_pointer"": 77520688}"
events-ep2/q56-bb-e,17,44,"{""base_type"": 34, ""set_flags"": 512, ""runtime_index"": 35592, ""file_offset"": 39600, ""floor_field"": 17, ""entity_id_field"": 18601, ""group"": 0, ""room"": 3, ""unknown_a3"": 0, ""position"": [-80.0, 0.0, -385.0], ""angles"": [0, 0, 0], ""params"": [5.0, 1.0, 1.0, 5, 0, 0], ""unused_pointer"": 77526992}"
events-ep2/q56-bb-e,17,70,"{""base_type"": 34, ""set_flags"": 512, ""runtime_index"": 29696, ""file_offset"": 41368, ""floor_field"": 17, ""entity_id_field"": 18634, ""group"": 0, ""room"": 4, ""unknown_a3"": 0, ""position"": [-80.0, -1.0, -385.0], ""angles"": [0, 0, 0], ""params"": [5.0, 1.0, 1.0, 6, 0, 0], ""unused_pointer"": 77544448}"
events-ep2/q56-bb-e,17,95,"{""base_type"": 34, ""set_flags"": 512, ""runtime_index"": 48904, ""file_offset"": 43068, ""floor_field"": 17, ""entity_id_field"": 18663, ""group"": 0, ""room"": 5, ""unknown_a3"": 0, ""position"": [-80.0, -1.0, -385.0], ""angles"": [0, 0, 0], ""params"": [5.0, 1.0, 1.0, 8, 0, 0], ""unused_pointer"": 77555680}"
events-ep2/q56-bb-e,17,104,"{""base_type"": 34, ""set_flags"": 0, ""runtime_index"": 24840, ""file_offset"": 43680, ""floor_field"": 17, ""entity_id_field"": 18676, ""group"": 0, ""room"": 10, ""unknown_a3"": 0, ""position"": [-80.0, 0.0, -385.0], ""angles"": [0, 0, 0], ""params"": [5.0, 1.0, 1.0, 4, 0, 0], ""unused_pointer"": 77559200}"
events-ep2/q56-bb-e,17,117,"{""base_type"": 34, ""set_flags"": 0, ""runtime_index"": 24584, ""file_offset"": 44564, ""floor_field"": 17, ""entity_id_field"": 18695, ""group"": 0, ""room"": 20, ""unknown_a3"": 0, ""position"": [-80.0, 0.0, -385.0], ""angles"": [0, 0, 0], ""params"": [5.0, 1.0, 1.0, 3, 0, 0], ""unused_pointer"": 77566528}"
events-ep2/q56-bb-e,17,134,"{""base_type"": 34, ""set_flags"": 512, ""runtime_index"": 48136, ""file_offset"": 45720, ""floor_field"": 17, ""entity_id_field"": 18716, ""group"": 0, ""room"": 21, ""unknown_a3"": 0, ""position"": [-80.0, -1.0, -385.0], ""angles"": [0, 0, 0], ""params"": [5.0, 1.0, 1.0, 7, 0, 0], ""unused_pointer"": 77575616}"
events-ep2/q56-bb-e,17,143,"{""base_type"": 34, ""set_flags"": 512, ""runtime_index"": 49928, ""file_offset"": 46332, ""floor_field"": 17, ""entity_id_field"": 18729, ""group"": 0, ""room"": 22, ""unknown_a3"": 0, ""position"": [-80.0, -1.0, -385.0], ""angles"": [0, 0, 0], ""params"": [5.0, 1.0, 1.0, 9, 0, 0], ""unused_pointer"": 77580096}"
events-ep2/q56-bb-j,1,52,"{""base_type"": 34, ""set_flags"": 0, ""runtime_index"": 39943, ""file_offset"": 6560, ""floor_field"": 1, ""entity_id_field"": 18620, ""group"": 0, ""room"": 40, ""unknown_a3"": 0, ""position"": [-132.0, 1.0, 92.0], ""angles"": [0, 0, 0], ""params"": [-4.0, 1.0, 1.0, 100, -1, 0], ""unused_pointer"": 77530512}"
events-ep2/q56-bb-j,9,29,"{""base_type"": 34, ""set_flags"": 2, ""runtime_index"": 87, ""file_offset"": 21380, ""floor_field"": 9, ""entity_id_field"": 18898, ""group"": 0, ""room"": 1, ""unknown_a3"": 0, ""position"": [0.0, 9.999999046325684, 0.0], ""angles"": [0, 0, 0], ""params"": [40.0, 1.0, 1.0, 1, 0, 0], ""unused_pointer"": 77511600}"
events-ep2/q56-bb-j,9,100,"{""base_type"": 34, ""set_flags"": 0, ""runtime_index"": 158, ""file_offset"": 26208, ""floor_field"": 9, ""entity_id_field"": 18969, ""group"": 1, ""room"": 11, ""unknown_a3"": 0, ""position"": [0.0, 15.0, 0.0], ""angles"": [0, 0, 0], ""params"": [250.0, 1.0, 1.0, 100, 0, 0], ""unused_pointer"": 77569120}"
events-ep2/q56-bb-j,11,62,"{""base_type"": 34, ""set_flags"": 0, ""runtime_index"": 26119, ""file_offset"": 33516, ""floor_field"": 11, ""entity_id_field"": 41543, ""group"": 0, ""room"": 50, ""unknown_a3"": 0, ""position"": [6.103515625e-05, 0.0, 112.0], ""angles"": [0, -32768, 0], ""params"": [8.0, 1.0, 1.0, 100, -1, 0], ""unused_pointer"": 4035702656}"
events-ep2/q56-bb-j,11,78,"{""base_type"": 34, ""set_flags"": 0, ""runtime_index"": 27143, ""file_offset"": 34604, ""floor_field"": 11, ""entity_id_field"": 9289, ""group"": 0, ""room"": 95, ""unknown_a3"": 0, ""position"": [0.0, 0.0, 352.0], ""angles"": [0, 0, 0], ""params"": [8.0, 1.0, 1.0, 101, -1, 0], ""unused_pointer"": 1621290880}"
events-ep2/q56-bb-j,17,33,"{""base_type"": 34, ""set_flags"": 0, ""runtime_index"": 24328, ""file_offset"": 38852, ""floor_field"": 17, ""entity_id_field"": 18586, ""group"": 0, ""room"": 2, ""unknown_a3"": 0, ""position"": [-80.0, -1.0, -385.0], ""angles"": [0, 0, 0], ""params"": [5.0, 1.0, 1.0, 2, 0, 0], ""unused_pointer"": 77520688}"
events-ep2/q56-bb-j,17,44,"{""base_type"": 34, ""set_flags"": 512, ""runtime_index"": 35592, ""file_offset"": 39600, ""floor_field"": 17, ""entity_id_field"": 18601, ""group"": 0, ""room"": 3, ""unknown_a3"": 0, ""position"": [-80.0, 0.0, -385.0], ""angles"": [0, 0, 0], ""params"": [5.0, 1.0, 1.0, 5, 0, 0], ""unused_pointer"": 77526992}"
events-ep2/q56-bb-j,17,70,"{""base_type"": 34, ""set_flags"": 512, ""runtime_index"": 29696, ""file_offset"": 41368, ""floor_field"": 17, ""entity_id_field"": 18634, ""group"": 0, ""room"": 4, ""unknown_a3"": 0, ""position"": [-80.0, -1.0, -385.0], ""angles"": [0, 0, 0], ""params"": [5.0, 1.0, 1.0, 6, 0, 0], ""unused_pointer"": 77544448}"
events-ep2/q56-bb-j,17,95,"{""base_type"": 34, ""set_flags"": 512, ""runtime_index"": 48904, ""file_offset"": 43068, ""floor_field"": 17, ""entity_id_field"": 18663, ""group"": 0, ""room"": 5, ""unknown_a3"": 0, ""position"": [-80.0, -1.0, -385.0], ""angles"": [0, 0, 0], ""params"": [5.0, 1.0, 1.0, 8, 0, 0], ""unused_pointer"": 77555680}"
events-ep2/q56-bb-j,17,104,"{""base_type"": 34, ""set_flags"": 0, ""runtime_index"": 24840, ""file_offset"": 43680, ""floor_field"": 17, ""entity_id_field"": 18676, ""group"": 0, ""room"": 10, ""unknown_a3"": 0, ""position"": [-80.0, 0.0, -385.0], ""angles"": [0, 0, 0], ""params"": [5.0, 1.0, 1.0, 4, 0, 0], ""unused_pointer"": 77559200}"
events-ep2/q56-bb-j,17,117,"{""base_type"": 34, ""set_flags"": 0, ""runtime_index"": 24584, ""file_offset"": 44564, ""floor_field"": 17, ""entity_id_field"": 18695, ""group"": 0, ""room"": 20, ""unknown_a3"": 0, ""position"": [-80.0, 0.0, -385.0], ""angles"": [0, 0, 0], ""params"": [5.0, 1.0, 1.0, 3, 0, 0], ""unused_pointer"": 77566528}"
events-ep2/q56-bb-j,17,134,"{""base_type"": 34, ""set_flags"": 512, ""runtime_index"": 48136, ""file_offset"": 45720, ""floor_field"": 17, ""entity_id_field"": 18716, ""group"": 0, ""room"": 21, ""unknown_a3"": 0, ""position"": [-80.0, -1.0, -385.0], ""angles"": [0, 0, 0], ""params"": [5.0, 1.0, 1.0, 7, 0, 0], ""unused_pointer"": 77575616}"
events-ep2/q56-bb-j,17,143,"{""base_type"": 34, ""set_flags"": 512, ""runtime_index"": 49928, ""file_offset"": 46332, ""floor_field"": 17, ""entity_id_field"": 18729, ""group"": 0, ""room"": 22, ""unknown_a3"": 0, ""position"": [-80.0, -1.0, -385.0], ""angles"": [0, 0, 0], ""params"": [5.0, 1.0, 1.0, 9, 0, 0], ""unused_pointer"": 77580096}"
events-ep2/q83-bb-e,6,97,"{""base_type"": 34, ""set_flags"": 0, ""runtime_index"": 0, ""file_offset"": 15348, ""floor_field"": 0, ""entity_id_field"": 0, ""group"": 0, ""room"": 8, ""unknown_a3"": 0, ""position"": [42.0, 0.0, 136.0], ""angles"": [0, 0, 0], ""params"": [30.0, 1.0, 1.0, 3, -1, 0], ""unused_pointer"": 0}"
events-ep2/q83-bb-e,6,98,"{""base_type"": 34, ""set_flags"": 0, ""runtime_index"": 0, ""file_offset"": 15416, ""floor_field"": 0, ""entity_id_field"": 0, ""group"": 0, ""room"": 8, ""unknown_a3"": 0, ""position"": [59.0, -9.0, 197.0], ""angles"": [0, 0, 0], ""params"": [50.0, 1.0, 1.0, 3, -1, 0], ""unused_pointer"": 0}"
events-ep2/q83-bb-e,7,83,"{""base_type"": 34, ""set_flags"": 0, ""runtime_index"": 0, ""file_offset"": 25836, ""floor_field"": 0, ""entity_id_field"": 0, ""group"": 0, ""room"": 7, ""unknown_a3"": 0, ""position"": [-40.0598258972168, -40.35666275024414, -25.92568016052246], ""angles"": [0, 0, 0], ""params"": [150.0, 1.0, 1.0, 19, -1, 0], ""unused_pointer"": 0}"
events-ep2/q83-bb-e,7,90,"{""base_type"": 34, ""set_flags"": 0, ""runtime_index"": 0, ""file_offset"": 26312, ""floor_field"": 0, ""entity_id_field"": 0, ""group"": 0, ""room"": 1, ""unknown_a3"": 0, ""position"": [-157.22779846191406, -38.0, -200.0869598388672], ""angles"": [0, 0, 0], ""params"": [45.0, 1.0, 1.0, 10, 0, 0], ""unused_pointer"": 0}"
events-ep2/q83-bb-e,8,169,"{""base_type"": 34, ""set_flags"": 0, ""runtime_index"": 0, ""file_offset"": 38908, ""floor_field"": 0, ""entity_id_field"": 0, ""group"": 0, ""room"": 4, ""unknown_a3"": 0, ""position"": [-35.88044738769531, 0.0, 311.5552062988281], ""angles"": [0, 0, 0], ""params"": [53.0, 1.0, 1.0, 50, -1, 0], ""unused_pointer"": 0}"
events-ep2/q83-bb-e,8,182,"{""base_type"": 34, ""set_flags"": 0, ""runtime_index"": 0, ""file_offset"": 39792, ""floor_field"": 0, ""entity_id_field"": 0, ""group"": 0, ""room"": 10, ""unknown_a3"": 0, ""position"": [26.0, -60.0, 72.0], ""angles"": [0, 0, 0], ""params"": [22.0, 1.0, 1.0, 30, -1, 0], ""unused_pointer"": 0}"
events-ep2/q83-bb-e,8,183,"{""base_type"": 34, ""set_flags"": 0, ""runtime_index"": 0, ""file_offset"": 39860, ""floor_field"": 0, ""entity_id_field"": 0, ""group"": 0, ""room"": 10, ""unknown_a3"": 0, ""position"": [-20.0, -60.0, -74.0], ""angles"": [0, 0, 0], ""params"": [22.0, 1.0, 1.0, 31, -1, 0], ""unused_pointer"": 0}"
events-ep2/q83-bb-e,9,191,"{""base_type"": 34, ""set_flags"": 0, ""runtime_index"": 0, ""file_offset"": 56808, ""floor_field"": 0, ""entity_id_field"": 0, ""group"": 0, ""room"": 1, ""unknown_a3"": 0, ""position"": [4.400000095367432, 10.0, -5.0], ""angles"": [0, 0, 0], ""params"": [30.0, 1.0, 1.0, 19, -1, 0], ""unused_pointer"": 0}"
events-ep2/q83-bb-j,6,97,"{""base_type"": 34, ""set_flags"": 0, ""runtime_index"": 0, ""file_offset"": 15348, ""floor_field"": 0, ""entity_id_field"": 0, ""group"": 0, ""room"": 8, ""unknown_a3"": 0, ""position"": [42.0, 0.0, 136.0], ""angles"": [0, 0, 0], ""params"": [30.0, 1.0, 1.0, 3, -1, 0], ""unused_pointer"": 0}"
events-ep2/q83-bb-j,6,98,"{""base_type"": 34, ""set_flags"": 0, ""runtime_index"": 0, ""file_offset"": 15416, ""floor_field"": 0, ""entity_id_field"": 0, ""group"": 0, ""room"": 8, ""unknown_a3"": 0, ""position"": [59.0, -9.0, 197.0], ""angles"": [0, 0, 0], ""params"": [50.0, 1.0, 1.0, 3, -1, 0], ""unused_pointer"": 0}"
events-ep2/q83-bb-j,7,83,"{""base_type"": 34, ""set_flags"": 0, ""runtime_index"": 0, ""file_offset"": 25836, ""floor_field"": 0, ""entity_id_field"": 0, ""group"": 0, ""room"": 7, ""unknown_a3"": 0, ""position"": [-40.0598258972168, -40.35666275024414, -25.92568016052246], ""angles"": [0, 0, 0], ""params"": [150.0, 1.0, 1.0, 19, -1, 0], ""unused_pointer"": 0}"
events-ep2/q83-bb-j,7,90,"{""base_type"": 34, ""set_flags"": 0, ""runtime_index"": 0, ""file_offset"": 26312, ""floor_field"": 0, ""entity_id_field"": 0, ""group"": 0, ""room"": 1, ""unknown_a3"": 0, ""position"": [-157.22779846191406, -38.0, -200.0869598388672], ""angles"": [0, 0, 0], ""params"": [45.0, 1.0, 1.0, 10, 0, 0], ""unused_pointer"": 0}"
events-ep2/q83-bb-j,8,169,"{""base_type"": 34, ""set_flags"": 0, ""runtime_index"": 0, ""file_offset"": 38908, ""floor_field"": 0, ""entity_id_field"": 0, ""group"": 0, ""room"": 4, ""unknown_a3"": 0, ""position"": [-35.88044738769531, 0.0, 311.5552062988281], ""angles"": [0, 0, 0], ""params"": [53.0, 1.0, 1.0, 50, -1, 0], ""unused_pointer"": 0}"
events-ep2/q83-bb-j,8,182,"{""base_type"": 34, ""set_flags"": 0, ""runtime_index"": 0, ""file_offset"": 39792, ""floor_field"": 0, ""entity_id_field"": 0, ""group"": 0, ""room"": 10, ""unknown_a3"": 0, ""position"": [26.0, -60.0, 72.0], ""angles"": [0, 0, 0], ""params"": [22.0, 1.0, 1.0, 30, -1, 0], ""unused_pointer"": 0}"
events-ep2/q83-bb-j,8,183,"{""base_type"": 34, ""set_flags"": 0, ""runtime_index"": 0, ""file_offset"": 39860, ""floor_field"": 0, ""entity_id_field"": 0, ""group"": 0, ""room"": 10, ""unknown_a3"": 0, ""position"": [-20.0, -60.0, -74.0], ""angles"": [0, 0, 0], ""params"": [22.0, 1.0, 1.0, 31, -1, 0], ""unused_pointer"": 0}"
events-ep2/q83-bb-j,9,191,"{""base_type"": 34, ""set_flags"": 0, ""runtime_index"": 0, ""file_offset"": 56808, ""floor_field"": 0, ""entity_id_field"": 0, ""group"": 0, ""room"": 1, ""unknown_a3"": 0, ""position"": [4.400000095367432, 10.0, -5.0], ""angles"": [0, 0, 0], ""params"": [30.0, 1.0, 1.0, 19, -1, 0], ""unused_pointer"": 0}"
events-ep2/q91-bb-e,3,117,"{""base_type"": 34, ""set_flags"": 0, ""runtime_index"": 32776, ""file_offset"": 18136, ""floor_field"": 1, ""entity_id_field"": 4169, ""group"": 0, ""room"": 40, ""unknown_a3"": 0, ""position"": [848.719970703125, -1.4062970876693726e-07, 53.489990234375], ""angles"": [0, 0, 0], ""params"": [40.0, 1.0, 1.0, 100, 0, 0], ""unused_pointer"": 2153312384}"
events-ep2/q91-bb-e,4,29,"{""base_type"": 34, ""set_flags"": 0, ""runtime_index"": 29192, ""file_offset"": 24340, ""floor_field"": 2, ""entity_id_field"": 29512, ""group"": 0, ""room"": 6, ""unknown_a3"": 0, ""position"": [-1.433380126953125, -2.0, 19.284423828125], ""angles"": [0, -32768, 0], ""params"": [30.0, 1.0, 1.0, 100, 0, 0], ""unused_pointer"": 2158879360}"
events-ep2/q91-bb-e,4,145,"{""base_type"": 34, ""set_flags"": 0, ""runtime_index"": 25608, ""file_offset"": 32228, ""floor_field"": 2, ""entity_id_field"": 4425, ""group"": 0, ""room"": 93, ""unknown_a3"": 0, ""position"": [-145.43661499023438, 1.862645149230957e-08, 17.95410919189453], ""angles"": [0, -16383, 0], ""params"": [21.0, 1.0, 1.0, 200, 0, 0], ""unused_pointer"": 4028818560}"
events-ep2/q91-bb-e,5,29,"{""base_type"": 34, ""set_flags"": 0, ""runtime_index"": 23304, ""file_offset"": 37344, ""floor_field"": 4, ""entity_id_field"": 6985, ""group"": 0, ""room"": 12, ""unknown_a3"": 0, ""position"": [0.0, -5.0, 0.0], ""angles"": [0, 0, 0], ""params"": [2.0, 1.0, 1.0, 100, -1, 0], ""unused_pointer"": 818209408}"
events-ep2/q91-bb-e,5,46,"{""base_type"": 34, ""set_flags"": 0, ""runtime_index"": 35336, ""file_offset"": 38500, ""floor_field"": 4, ""entity_id_field"": 37960, ""group"": 0, ""room"": 41, ""unknown_a3"": 0, ""position"": [0.0, -5.0, 170.0], ""angles"": [0, 0, 0], ""params"": [2.0, 1.0, 1.0, 107, -1, 0], ""unused_pointer"": 3773489792}"
events-ep2/q91-bb-e,5,62,"{""base_type"": 34, ""set_flags"": 0, ""runtime_index"": 24584, ""file_offset"": 39588, ""floor_field"": 4, ""entity_id_field"": 15689, ""group"": 0, ""room"": 42, ""unknown_a3"": 0, ""position"": [0.0, -5.0, 0.0], ""angles"": [0, 0, 0], ""params"": [2.0, 1.0, 1.0, 104, -1, 0], ""unused_pointer"": 3490571136}"
events-ep2/q91-bb-e,5,119,"{""base_type"": 34, ""set_flags"": 0, ""runtime_index"": 23816, ""file_offset"": 43464, ""floor_field"": 4, ""entity_id_field"": 30793, ""group"": 0, ""room"": 50, ""unknown_a3"": 0, ""position"": [0.0, -5.0, -135.0], ""angles"": [0, 0, 0], ""params"": [1.0, 1.0, 1.0, 102, -1, 0], ""unused_pointer"": 1356391296}"
events-ep2/q91-bb-e,5,122,"{""base_type"": 34, ""set_flags"": 0, ""runtime_index"": 24328, ""file_offset"": 43668, ""floor_field"": 4, ""entity_id_field"": 31561, ""group"": 0, ""room"": 52, ""unknown_a3"": 0, ""position"": [0.0, -5.0, 0.0], ""angles"": [0, 0, 0], ""params"": [2.0, 1.0, 1.0, 101, -1, 0], ""unused_pointer"": 4040876928}"
events-ep2/q91-bb-j,3,117,"{""base_type"": 34, ""set_flags"": 0, ""runtime_index"": 32776, ""file_offset"": 18136, ""floor_field"": 1, ""entity_id_field"": 4169, ""group"": 0, ""room"": 40, ""unknown_a3"": 0, ""position"": [848.719970703125, -1.4062970876693726e-07, 53.489990234375], ""angles"": [0, 0, 0], ""params"": [40.0, 1.0, 1.0, 100, 0, 0], ""unused_pointer"": 2153312384}"
events-ep2/q91-bb-j,4,29,"{""base_type"": 34, ""set_flags"": 0, ""runtime_index"": 29192, ""file_offset"": 24340, ""floor_field"": 2, ""entity_id_field"": 29512, ""group"": 0, ""room"": 6, ""unknown_a3"": 0, ""position"": [-1.433380126953125, -2.0, 19.284423828125], ""angles"": [0, -32768, 0], ""params"": [30.0, 1.0, 1.0, 100, 0, 0], ""unused_pointer"": 2158879360}"
events-ep2/q91-bb-j,4,145,"{""base_type"": 34, ""set_flags"": 0, ""runtime_index"": 25608, ""file_offset"": 32228, ""floor_field"": 2, ""entity_id_field"": 4425, ""group"": 0, ""room"": 93, ""unknown_a3"": 0, ""position"": [-145.43661499023438, 1.862645149230957e-08, 17.95410919189453], ""angles"": [0, -16383, 0], ""params"": [21.0, 1.0, 1.0, 200, 0, 0], ""unused_pointer"": 4028818560}"
events-ep2/q91-bb-j,5,29,"{""base_type"": 34, ""set_flags"": 0, ""runtime_index"": 23304, ""file_offset"": 37344, ""floor_field"": 4, ""entity_id_field"": 6985, ""group"": 0, ""room"": 12, ""unknown_a3"": 0, ""position"": [0.0, -5.0, 0.0], ""angles"": [0, 0, 0], ""params"": [2.0, 1.0, 1.0, 100, -1, 0], ""unused_pointer"": 818209408}"
events-ep2/q91-bb-j,5,46,"{""base_type"": 34, ""set_flags"": 0, ""runtime_index"": 35336, ""file_offset"": 38500, ""floor_field"": 4, ""entity_id_field"": 37960, ""group"": 0, ""room"": 41, ""unknown_a3"": 0, ""position"": [0.0, -5.0, 170.0], ""angles"": [0, 0, 0], ""params"": [2.0, 1.0, 1.0, 107, -1, 0], ""unused_pointer"": 3773489792}"
events-ep2/q91-bb-j,5,62,"{""base_type"": 34, ""set_flags"": 0, ""runtime_index"": 24584, ""file_offset"": 39588, ""floor_field"": 4, ""entity_id_field"": 15689, ""group"": 0, ""room"": 42, ""unknown_a3"": 0, ""position"": [0.0, -5.0, 0.0], ""angles"": [0, 0, 0], ""params"": [2.0, 1.0, 1.0, 104, -1, 0], ""unused_pointer"": 3490571136}"
events-ep2/q91-bb-j,5,119,"{""base_type"": 34, ""set_flags"": 0, ""runtime_index"": 23816, ""file_offset"": 43464, ""floor_field"": 4, ""entity_id_field"": 30793, ""group"": 0, ""room"": 50, ""unknown_a3"": 0, ""position"": [0.0, -5.0, -135.0], ""angles"": [0, 0, 0], ""params"": [1.0, 1.0, 1.0, 102, -1, 0], ""unused_pointer"": 1356391296}"
events-ep2/q91-bb-j,5,122,"{""base_type"": 34, ""set_flags"": 0, ""runtime_index"": 24328, ""file_offset"": 43668, ""floor_field"": 4, ""entity_id_field"": 31561, ""group"": 0, ""room"": 52, ""unknown_a3"": 0, ""position"": [0.0, -5.0, 0.0], ""angles"": [0, 0, 0], ""params"": [2.0, 1.0, 1.0, 101, -1, 0], ""unused_pointer"": 4040876928}"
events-ep2/q92-bb-e,3,56,"{""base_type"": 34, ""set_flags"": 512, ""runtime_index"": 63745, ""file_offset"": 6832, ""floor_field"": 3, ""entity_id_field"": 63809, ""group"": 0, ""room"": 10, ""unknown_a3"": 0, ""position"": [30.0, 0.0, 25.0], ""angles"": [0, 0, 0], ""params"": [6.0, 1.0, 1.0, 112, 0, 0], ""unused_pointer"": 3772052096}"
events-ep2/q92-bb-e,3,58,"{""base_type"": 34, ""set_flags"": 512, ""runtime_index"": 64257, ""file_offset"": 6968, ""floor_field"": 3, ""entity_id_field"": 64321, ""group"": 0, ""room"": 10, ""unknown_a3"": 0, ""position"": [30.0, 0.0, -25.0], ""angles"": [0, 0, 0], ""params"": [6.0, 1.0, 1.0, 112, 0, 0], ""unused_pointer"": 2698637952}"
events-ep2/q92-bb-e,3,59,"{""base_type"": 34, ""set_flags"": 512, ""runtime_index"": 64513, ""file_offset"": 7036, ""floor_field"": 3, ""entity_id_field"": 64577, ""group"": 0, ""room"": 10, ""unknown_a3"": 0, ""position"": [30.0, 0.0, 0.0], ""angles"": [0, 0, 0], ""params"": [6.0, 1.0, 1.0, 112, 0, 0], ""unused_pointer"": 3504009856}"
events-ep2/q92-bb-e,4,120,"{""base_type"": 34, ""set_flags"": 512, ""runtime_index"": 63746, ""file_offset"": 24256, ""floor_field"": 4, ""entity_id_field"": 63810, ""group"": 0, ""room"": 50, ""unknown_a3"": 0, ""position"": [-90.0, 0.0, 120.0], ""angles"": [0, 0, 0], ""params"": [10.0, 1.0, 1.0, 106, 0, 0], ""unused_pointer"": 1348989824}"
events-ep2/q92-bb-j,3,56,"{""base_type"": 34, ""set_flags"": 512, ""runtime_index"": 63745, ""file_offset"": 6832, ""floor_field"": 3, ""entity_id_field"": 63809, ""group"": 0, ""room"": 10, ""unknown_a3"": 0, ""position"": [30.0, 0.0, 25.0], ""angles"": [0, 0, 0], ""params"": [6.0, 1.0, 1.0, 112, 0, 0], ""unused_pointer"": 3772052096}"
events-ep2/q92-bb-j,3,58,"{""base_type"": 34, ""set_flags"": 512, ""runtime_index"": 64257, ""file_offset"": 6968, ""floor_field"": 3, ""entity_id_field"": 64321, ""group"": 0, ""room"": 10, ""unknown_a3"": 0, ""position"": [30.0, 0.0, -25.0], ""angles"": [0, 0, 0], ""params"": [6.0, 1.0, 1.0, 112, 0, 0], ""unused_pointer"": 2698637952}"
events-ep2/q92-bb-j,3,59,"{""base_type"": 34, ""set_flags"": 512, ""runtime_index"": 64513, ""file_offset"": 7036, ""floor_field"": 3, ""entity_id_field"": 64577, ""group"": 0, ""room"": 10, ""unknown_a3"": 0, ""position"": [30.0, 0.0, 0.0], ""angles"": [0, 0, 0], ""params"": [6.0, 1.0, 1.0, 112, 0, 0], ""unused_pointer"": 3504009856}"
events-ep2/q92-bb-j,4,120,"{""base_type"": 34, ""set_flags"": 512, ""runtime_index"": 63746, ""file_offset"": 24256, ""floor_field"": 4, ""entity_id_field"": 63810, ""group"": 0, ""room"": 50, ""unknown_a3"": 0, ""position"": [-90.0, 0.0, 120.0], ""angles"": [0, 0, 0], ""params"": [10.0, 1.0, 1.0, 106, 0, 0], ""unused_pointer"": 1348989824}"
events-ep2/q134-bb-e,1,49,"{""base_type"": 34, ""set_flags"": 0, ""runtime_index"": 39943, ""file_offset"": 6356, ""floor_field"": 1, ""entity_id_field"": 18620, ""group"": 0, ""room"": 40, ""unknown_a3"": 0, ""position"": [-132.0, 1.0, 92.0], ""angles"": [0, 0, 0], ""params"": [-4.0, 1.0, 1.0, 100, -1, 0], ""unused_pointer"": 77530512}"
events-ep2/q134-bb-j,1,49,"{""base_type"": 34, ""set_flags"": 0, ""runtime_index"": 39943, ""file_offset"": 6356, ""floor_field"": 1, ""entity_id_field"": 18620, ""group"": 0, ""room"": 40, ""unknown_a3"": 0, ""position"": [-132.0, 1.0, 92.0], ""angles"": [0, 0, 0], ""params"": [-4.0, 1.0, 1.0, 100, -1, 0], ""unused_pointer"": 77530512}"
events-ep2/q216-bb-e,9,89,"{""base_type"": 34, ""set_flags"": 0, ""runtime_index"": 23048, ""file_offset"": 9144, ""floor_field"": 9, ""entity_id_field"": 18599, ""group"": 0, ""room"": 13, ""unknown_a3"": 0, ""position"": [10.0, 10.0, -20.0], ""angles"": [0, 0, 0], ""params"": [31.0, 1.0, 1.0, 1, 0, 0], ""unused_pointer"": 73608688}"
events-ep2/q216-bb-e,16,54,"{""base_type"": 34, ""set_flags"": 0, ""runtime_index"": 32008, ""file_offset"": 12900, ""floor_field"": 16, ""entity_id_field"": 37960, ""group"": 0, ""room"": 4, ""unknown_a3"": 0, ""position"": [210.0, 7.999998569488525, -130.0], ""angles"": [0, 0, 0], ""params"": [100.0, 1.0, 1.0, 110, 0, 0], ""unused_pointer"": 3504530048}"
events-ep2/q232-bb-e,16,19,"{""base_type"": 34, ""set_flags"": 0, ""runtime_index"": 26632, ""file_offset"": 4452, ""floor_field"": 16, ""entity_id_field"": 55629, ""group"": 0, ""room"": 1, ""unknown_a3"": 0, ""position"": [2.9024810791015625, 10.0, 4.502891540527344], ""angles"": [0, 0, 0], ""params"": [70.0, 1.0, 1.0, 1, 0, 0], ""unused_pointer"": 4029604736}"
events-ep2/q232-bb-e,16,20,"{""base_type"": 34, ""set_flags"": 0, ""runtime_index"": 26888, ""file_offset"": 4520, ""floor_field"": 16, ""entity_id_field"": 55885, ""group"": 0, ""room"": 1, ""unknown_a3"": 0, ""position"": [2.9024810791015625, 10.0, 4.502891540527344], ""angles"": [0, 0, 0], ""params"": [70.0, 1.0, 1.0, 100, 0, 0], ""unused_pointer"": 4029670272}"
events-ep2/q232-bb-j,16,19,"{""base_type"": 34, ""set_flags"": 0, ""runtime_index"": 26632, ""file_offset"": 4452, ""floor_field"": 16, ""entity_id_field"": 55629, ""group"": 0, ""room"": 1, ""unknown_a3"": 0, ""position"": [2.9024810791015625, 10.0, 4.502891540527344], ""angles"": [0, 0, 0], ""params"": [70.0, 1.0, 1.0, 1, 0, 0], ""unused_pointer"": 4029604736}"
events-ep2/q232-bb-j,16,20,"{""base_type"": 34, ""set_flags"": 0, ""runtime_index"": 26888, ""file_offset"": 4520, ""floor_field"": 16, ""entity_id_field"": 55885, ""group"": 0, ""room"": 1, ""unknown_a3"": 0, ""position"": [2.9024810791015625, 10.0, 4.502891540527344], ""angles"": [0, 0, 0], ""params"": [70.0, 1.0, 1.0, 100, 0, 0], ""unused_pointer"": 4029670272}"
events-ep2/q252-bb-e,4,107,"{""base_type"": 34, ""set_flags"": 2, ""runtime_index"": 40, ""file_offset"": 23660, ""floor_field"": 1, ""entity_id_field"": 16424, ""group"": 0, ""room"": 40, ""unknown_a3"": 0, ""position"": [0.0, 0.0, -154.0], ""angles"": [0, 0, 0], ""params"": [2.0, 1.0, 1.0, 36, 0, 0], ""unused_pointer"": 0}"
events-ep2/q272-bb-e,17,49,"{""base_type"": 34, ""set_flags"": 0, ""runtime_index"": 31497, ""file_offset"": 13512, ""floor_field"": 17, ""entity_id_field"": 47947, ""group"": 0, ""room"": 2, ""unknown_a3"": 0, ""position"": [-90.0, 0.0, -385.0], ""angles"": [0, 0, 0], ""params"": [20.0, 1.0, 1.0, 2, 0, 0], ""unused_pointer"": 3225740416}"
events-ep2/q272-bb-e,17,78,"{""base_type"": 34, ""set_flags"": 0, ""runtime_index"": 31753, ""file_offset"": 15484, ""floor_field"": 17, ""entity_id_field"": 51275, ""group"": 0, ""room"": 3, ""unknown_a3"": 0, ""position"": [-95.0, -1.0, -385.0], ""angles"": [0, 0, 0], ""params"": [20.0, 1.0, 1.0, 5, 0, 0], ""unused_pointer"": 1078518912}"
events-ep2/q272-bb-e,17,98,"{""base_type"": 34, ""set_flags"": 0, ""runtime_index"": 32009, ""file_offset"": 16844, ""floor_field"": 17, ""entity_id_field"": 54603, ""group"": 0, ""room"": 4, ""unknown_a3"": 0, ""position"": [-90.0, 0.0, -385.0], ""angles"": [0, 0, 0], ""params"": [20.0, 1.0, 1.0, 6, 0, 0], ""unused_pointer"": 4318336}"
events-ep2/q272-bb-e,17,127,"{""base_type"": 34, ""set_flags"": 0, ""runtime_index"": 32265, ""file_offset"": 18816, ""floor_field"": 17, ""entity_id_field"": 57931, ""group"": 0, ""room"": 5, ""unknown_a3"": 0, ""position"": [-95.0, -1.0, -385.0], ""angles"": [0, 0, 0], ""params"": [20.0, 1.0, 1.0, 8, 0, 0], ""unused_pointer"": 1347413120}"
events-ep2/q272-bb-e,17,145,"{""base_type"": 34, ""set_flags"": 0, ""runtime_index"": 32777, ""file_offset"": 20040, ""floor_field"": 17, ""entity_id_field"": 62027, ""group"": 0, ""room"": 10, ""unknown_a3"": 0, ""position"": [-90.0, 0.0, -385.0], ""angles"": [0, 0, 0], ""params"": [20.0, 1.0, 1.0, 4, 0, 0], ""unused_pointer"": 273933440}"
events-ep2/q272-bb-e,17,169,"{""base_type"": 34, ""set_flags"": 0, ""runtime_index"": 33033, ""file_offset"": 21672, ""floor_field"": 17, ""entity_id_field"": 65355, ""group"": 0, ""room"": 20, ""unknown_a3"": 0, ""position"": [-95.0, 0.0, -385.0], ""angles"": [0, 0, 0], ""params"": [20.0, 1.0, 1.0, 3, 0, 0], ""unused_pointer"": 2421613696}"
events-ep2/q272-bb-e,17,190,"{""base_type"": 34, ""set_flags"": 0, ""runtime_index"": 33289, ""file_offset"": 23100, ""floor_field"": 17, ""entity_id_field"": 3148, ""group"": 0, ""room"": 21, ""unknown_a3"": 0, ""position"": [-90.0, -1.0, -385.0], ""angles"": [0, 0, 0], ""params"": [20.0, 1.0, 1.0, 7, 0, 0], ""unused_pointer"": 274392192}"
events-ep2/q272-bb-e,17,221,"{""base_type"": 34, ""set_flags"": 0, ""runtime_index"": 33545, ""file_offset"": 25208, ""floor_field"": 17, ""entity_id_field"": 6476, ""group"": 0, ""room"": 22, ""unknown_a3"": 0, ""position"": [-95.0, -1.0, -385.0], ""angles"": [0, 0, 0], ""params"": [20.0, 1.0, 1.0, 9, 0, 0], ""unused_pointer"": 2422072448}"
events-ep2/q486-bb-e,3,117,"{""base_type"": 34, ""set_flags"": 0, ""runtime_index"": 32776, ""file_offset"": 18136, ""floor_field"": 1, ""entity_id_field"": 4169, ""group"": 0, ""room"": 40, ""unknown_a3"": 0, ""position"": [848.719970703125, -1.4062970876693726e-07, 53.489990234375], ""angles"": [0, 0, 0], ""params"": [40.0, 1.0, 1.0, 100, 0, 0], ""unused_pointer"": 2153312384}"
events-ep2/q486-bb-e,4,29,"{""base_type"": 34, ""set_flags"": 0, ""runtime_index"": 29192, ""file_offset"": 24340, ""floor_field"": 2, ""entity_id_field"": 29512, ""group"": 0, ""room"": 6, ""unknown_a3"": 0, ""position"": [-1.433380126953125, -2.0, 19.284423828125], ""angles"": [0, -32768, 0], ""params"": [30.0, 1.0, 1.0, 100, 0, 0], ""unused_pointer"": 2158879360}"
events-ep2/q486-bb-e,4,145,"{""base_type"": 34, ""set_flags"": 0, ""runtime_index"": 25608, ""file_offset"": 32228, ""floor_field"": 2, ""entity_id_field"": 4425, ""group"": 0, ""room"": 93, ""unknown_a3"": 0, ""position"": [-145.43661499023438, 1.862645149230957e-08, 17.95410919189453], ""angles"": [0, -16383, 0], ""params"": [21.0, 1.0, 1.0, 200, 0, 0], ""unused_pointer"": 4028818560}"
events-ep2/q486-bb-e,5,29,"{""base_type"": 34, ""set_flags"": 0, ""runtime_index"": 23304, ""file_offset"": 37344, ""floor_field"": 4, ""entity_id_field"": 6985, ""group"": 0, ""room"": 12, ""unknown_a3"": 0, ""position"": [0.0, -5.0, 0.0], ""angles"": [0, 0, 0], ""params"": [2.0, 1.0, 1.0, 100, -1, 0], ""unused_pointer"": 818209408}"
events-ep2/q486-bb-e,5,46,"{""base_type"": 34, ""set_flags"": 0, ""runtime_index"": 35336, ""file_offset"": 38500, ""floor_field"": 4, ""entity_id_field"": 37960, ""group"": 0, ""room"": 41, ""unknown_a3"": 0, ""position"": [0.0, -5.0, 170.0], ""angles"": [0, 0, 0], ""params"": [2.0, 1.0, 1.0, 107, -1, 0], ""unused_pointer"": 3773489792}"
events-ep2/q486-bb-e,5,62,"{""base_type"": 34, ""set_flags"": 0, ""runtime_index"": 24584, ""file_offset"": 39588, ""floor_field"": 4, ""entity_id_field"": 15689, ""group"": 0, ""room"": 42, ""unknown_a3"": 0, ""position"": [0.0, -5.0, 0.0], ""angles"": [0, 0, 0], ""params"": [2.0, 1.0, 1.0, 104, -1, 0], ""unused_pointer"": 3490571136}"
events-ep2/q486-bb-e,5,119,"{""base_type"": 34, ""set_flags"": 0, ""runtime_index"": 23816, ""file_offset"": 43464, ""floor_field"": 4, ""entity_id_field"": 30793, ""group"": 0, ""room"": 50, ""unknown_a3"": 0, ""position"": [0.0, -5.0, -135.0], ""angles"": [0, 0, 0], ""params"": [1.0, 1.0, 1.0, 102, -1, 0], ""unused_pointer"": 1356391296}"
events-ep2/q486-bb-e,5,122,"{""base_type"": 34, ""set_flags"": 0, ""runtime_index"": 24328, ""file_offset"": 43668, ""floor_field"": 4, ""entity_id_field"": 31561, ""group"": 0, ""room"": 52, ""unknown_a3"": 0, ""position"": [0.0, -5.0, 0.0], ""angles"": [0, 0, 0], ""params"": [2.0, 1.0, 1.0, 101, -1, 0], ""unused_pointer"": 4040876928}"
events-ep2/q513-bb-e,16,162,"{""base_type"": 34, ""set_flags"": 0, ""runtime_index"": 26888, ""file_offset"": 44960, ""floor_field"": 16, ""entity_id_field"": 55885, ""group"": 0, ""room"": 13, ""unknown_a3"": 0, ""position"": [-10.0, 10.0, -5.0], ""angles"": [0, 0, 0], ""params"": [60.0, 1.0, 1.0, 100, 0, 0], ""unused_pointer"": 0}"
events-ep2/q513-bb-e,16,203,"{""base_type"": 34, ""set_flags"": 0, ""runtime_index"": 0, ""file_offset"": 47748, ""floor_field"": 0, ""entity_id_field"": 0, ""group"": 0, ""room"": 6, ""unknown_a3"": 0, ""position"": [-40.0, 8.0, -25.0], ""angles"": [0, 0, 0], ""params"": [-3.0, 1.0, 1.0, 198, 0, 0], ""unused_pointer"": 0}"
events-ep2/q513-bb-e,16,204,"{""base_type"": 34, ""set_flags"": 0, ""runtime_index"": 0, ""file_offset"": 47816, ""floor_field"": 0, ""entity_id_field"": 0, ""group"": 0, ""room"": 6, ""unknown_a3"": 0, ""position"": [-25.0, 10.0, 10.0], ""angles"": [0, 0, 0], ""params"": [-3.0, 1.0, 1.0, 199, 0, 0], ""unused_pointer"": 0}"
events-ep2/q513-bb-e,16,205,"{""base_type"": 34, ""set_flags"": 0, ""runtime_index"": 0, ""file_offset"": 47884, ""floor_field"": 0, ""entity_id_field"": 0, ""group"": 0, ""room"": 6, ""unknown_a3"": 0, ""position"": [10.0, 8.0, 20.0], ""angles"": [0, 0, 0], ""params"": [-3.0, 1.0, 1.0, 200, 0, 0], ""unused_pointer"": 0}"
events-ep2/q513-bb-e,16,206,"{""base_type"": 34, ""set_flags"": 0, ""runtime_index"": 0, ""file_offset"": 47952, ""floor_field"": 0, ""entity_id_field"": 0, ""group"": 0, ""room"": 6, ""unknown_a3"": 0, ""position"": [40.0, 9.0, 0.0], ""angles"": [0, 0, 0], ""params"": [-3.0, 1.0, 1.0, 201, 0, 0], ""unused_pointer"": 0}"
extermination-ep1/q117-bb-e,4,52,"{""base_type"": 34, ""set_flags"": 0, ""runtime_index"": 2009, ""file_offset"": 5336, ""floor_field"": 4, ""entity_id_field"": 18412, ""group"": 0, ""room"": 35, ""unknown_a3"": 0, ""position"": [130.0, -3.0018885135650635, 30.0], ""angles"": [0, -32768, 0], ""params"": [-3.0000007152557373, 1.0, 1.0, 103, 0, 0], ""unused_pointer"": 2365260128}"
extermination-ep1/q117-bb-e,5,63,"{""base_type"": 34, ""set_flags"": 512, ""runtime_index"": 39680, ""file_offset"": 10588, ""floor_field"": 5, ""entity_id_field"": 39744, ""group"": 0, ""room"": 22, ""unknown_a3"": 0, ""position"": [-70.0999755859375, 2.0000460147857666, 69.97998046875], ""angles"": [0, 0, 0], ""params"": [-2.000000476837158, 1.0, 1.0, 111, 0, 0], ""unused_pointer"": 2156192640}"
extermination-ep1/q117-bb-e,5,142,"{""base_type"": 34, ""set_flags"": 512, ""runtime_index"": 59904, ""file_offset"": 15960, ""floor_field"": 5, ""entity_id_field"": 59968, ""group"": 0, ""room"": 53, ""unknown_a3"": 0, ""position"": [-110.0, 1.000000238418579, 110.0], ""angles"": [0, 0, 0], ""params"": [-3.0000007152557373, 1.0, 1.0, 104, 0, 0], ""unused_pointer"": 3226199168}"
extermination-ep1/q117-bb-e,6,214,"{""base_type"": 34, ""set_flags"": 512, ""runtime_index"": 58881, ""file_offset"": 32976, ""floor_field"": 6, ""entity_id_field"": 58945, ""group"": 0, ""room"": 53, ""unknown_a3"": 0, ""position"": [50.0, 1.000000238418579, 60.0], ""angles"": [0, 0, 0], ""params"": [-2.000000476837158, 1.0, 1.0, 102, 0, 0], ""unused_pointer"": 553510016}"
extermination-ep1/q117-bb-e,6,215,"{""base_type"": 34, ""set_flags"": 512, ""runtime_index"": 59137, ""file_offset"": 33044, ""floor_field"": 6, ""entity_id_field"": 59201, ""group"": 0, ""room"": 53, ""unknown_a3"": 0, ""position"": [-50.0, 1.000000238418579, 60.0], ""angles"": [0, 0, 0], ""params"": [-2.000000476837158, 1.0, 1.0, 104, 0, 0], ""unused_pointer"": 553575552}"
extermination-ep1/q117-bb-e,6,216,"{""base_type"": 34, ""set_flags"": 512, ""runtime_index"": 59393, ""file_offset"": 33112, ""floor_field"": 6, ""entity_id_field"": 59457, ""group"": 0, ""room"": 53, ""unknown_a3"": 0, ""position"": [-70.0, 1.000000238418579, 0.0], ""angles"": [0, 0, 0], ""params"": [-2.000000476837158, 1.0, 1.0, 106, 0, 0], ""unused_pointer"": 553641088}"
extermination-ep1/q117-bb-e,6,217,"{""base_type"": 34, ""set_flags"": 512, ""runtime_index"": 59649, ""file_offset"": 33180, ""floor_field"": 6, ""entity_id_field"": 59713, ""group"": 0, ""room"": 53, ""unknown_a3"": 0, ""position"": [70.0, 1.000000238418579, 0.0], ""angles"": [0, 0, 0], ""params"": [-2.000000476837158, 1.0, 1.0, 105, 0, 0], ""unused_pointer"": 536929664}"
extermination-ep1/q117-bb-j,4,52,"{""base_type"": 34, ""set_flags"": 0, ""runtime_index"": 2009, ""file_offset"": 5336, ""floor_field"": 4, ""entity_id_field"": 18412, ""group"": 0, ""room"": 35, ""unknown_a3"": 0, ""position"": [130.0, -3.0018885135650635, 30.0], ""angles"": [0, -32768, 0], ""params"": [-3.0000007152557373, 1.0, 1.0, 103, 0, 0], ""unused_pointer"": 2365260128}"
extermination-ep1/q117-bb-j,5,63,"{""base_type"": 34, ""set_flags"": 512, ""runtime_index"": 39680, ""file_offset"": 10588, ""floor_field"": 5, ""entity_id_field"": 39744, ""group"": 0, ""room"": 22, ""unknown_a3"": 0, ""position"": [-70.0999755859375, 2.0000460147857666, 69.97998046875], ""angles"": [0, 0, 0], ""params"": [-2.000000476837158, 1.0, 1.0, 111, 0, 0], ""unused_pointer"": 2156192640}"
extermination-ep1/q117-bb-j,5,142,"{""base_type"": 34, ""set_flags"": 512, ""runtime_index"": 59904, ""file_offset"": 15960, ""floor_field"": 5, ""entity_id_field"": 59968, ""group"": 0, ""room"": 53, ""unknown_a3"": 0, ""position"": [-110.0, 1.000000238418579, 110.0], ""angles"": [0, 0, 0], ""params"": [-3.0000007152557373, 1.0, 1.0, 104, 0, 0], ""unused_pointer"": 3226199168}"
extermination-ep1/q117-bb-j,6,214,"{""base_type"": 34, ""set_flags"": 512, ""runtime_index"": 58881, ""file_offset"": 32976, ""floor_field"": 6, ""entity_id_field"": 58945, ""group"": 0, ""room"": 53, ""unknown_a3"": 0, ""position"": [50.0, 1.000000238418579, 60.0], ""angles"": [0, 0, 0], ""params"": [-2.000000476837158, 1.0, 1.0, 102, 0, 0], ""unused_pointer"": 553510016}"
extermination-ep1/q117-bb-j,6,215,"{""base_type"": 34, ""set_flags"": 512, ""runtime_index"": 59137, ""file_offset"": 33044, ""floor_field"": 6, ""entity_id_field"": 59201, ""group"": 0, ""room"": 53, ""unknown_a3"": 0, ""position"": [-50.0, 1.000000238418579, 60.0], ""angles"": [0, 0, 0], ""params"": [-2.000000476837158, 1.0, 1.0, 104, 0, 0], ""unused_pointer"": 553575552}"
extermination-ep1/q117-bb-j,6,216,"{""base_type"": 34, ""set_flags"": 512, ""runtime_index"": 59393, ""file_offset"": 33112, ""floor_field"": 6, ""entity_id_field"": 59457, ""group"": 0, ""room"": 53, ""unknown_a3"": 0, ""position"": [-70.0, 1.000000238418579, 0.0], ""angles"": [0, 0, 0], ""params"": [-2.000000476837158, 1.0, 1.0, 106, 0, 0], ""unused_pointer"": 553641088}"
extermination-ep1/q117-bb-j,6,217,"{""base_type"": 34, ""set_flags"": 512, ""runtime_index"": 59649, ""file_offset"": 33180, ""floor_field"": 6, ""entity_id_field"": 59713, ""group"": 0, ""room"": 53, ""unknown_a3"": 0, ""position"": [70.0, 1.000000238418579, 0.0], ""angles"": [0, 0, 0], ""params"": [-2.000000476837158, 1.0, 1.0, 105, 0, 0], ""unused_pointer"": 536929664}"
extermination-ep2/q100-bb-e,17,33,"{""base_type"": 34, ""set_flags"": 0, ""runtime_index"": 31497, ""file_offset"": 5268, ""floor_field"": 17, ""entity_id_field"": 47947, ""group"": 0, ""room"": 2, ""unknown_a3"": 0, ""position"": [-90.0, 0.0, -385.0], ""angles"": [0, 0, 0], ""params"": [20.0, 1.0, 1.0, 2, 0, 0], ""unused_pointer"": 3225740416}"
extermination-ep2/q100-bb-e,17,44,"{""base_type"": 34, ""set_flags"": 0, ""runtime_index"": 31753, ""file_offset"": 6016, ""floor_field"": 17, ""entity_id_field"": 51275, ""group"": 0, ""room"": 3, ""unknown_a3"": 0, ""position"": [-95.0, -1.0, -385.0], ""angles"": [0, 0, 0], ""params"": [20.0, 1.0, 1.0, 5, 0, 0], ""unused_pointer"": 1078518912}"
extermination-ep2/q100-bb-e,17,55,"{""base_type"": 34, ""set_flags"": 0, ""runtime_index"": 32009, ""file_offset"": 6764, ""floor_field"": 17, ""entity_id_field"": 54603, ""group"": 0, ""room"": 4, ""unknown_a3"": 0, ""position"": [-90.0, 0.0, -385.0], ""angles"": [0, 0, 0], ""params"": [20.0, 1.0, 1.0, 6, 0, 0], ""unused_pointer"": 4318336}"
extermination-ep2/q100-bb-e,17,66,"{""base_type"": 34, ""set_flags"": 0, ""runtime_index"": 32265, ""file_offset"": 7512, ""floor_field"": 17, ""entity_id_field"": 57931, ""group"": 0, ""room"": 5, ""unknown_a3"": 0, ""position"": [-95.0, -1.0, -385.0], ""angles"": [0, 0, 0], ""params"": [20.0, 1.0, 1.0, 8, 0, 0], ""unused_pointer"": 1347413120}"
extermination-ep2/q100-bb-e,17,79,"{""base_type"": 34, ""set_flags"": 0, ""runtime_index"": 32777, ""file_offset"": 8396, ""floor_field"": 17, ""entity_id_field"": 62027, ""group"": 0, ""room"": 10, ""unknown_a3"": 0, ""position"": [-90.0, 0.0, -385.0], ""angles"": [0, 0, 0], ""params"": [20.0, 1.0, 1.0, 4, 0, 0], ""unused_pointer"": 273933440}"
extermination-ep2/q100-bb-e,17,90,"{""base_type"": 34, ""set_flags"": 0, ""runtime_index"": 33033, ""file_offset"": 9144, ""floor_field"": 17, ""entity_id_field"": 65355, ""group"": 0, ""room"": 20, ""unknown_a3"": 0, ""position"": [-95.0, 0.0, -385.0], ""angles"": [0, 0, 0], ""params"": [20.0, 1.0, 1.0, 3, 0, 0], ""unused_pointer"": 2421613696}"
extermination-ep2/q100-bb-e,17,101,"{""base_type"": 34, ""set_flags"": 0, ""runtime_index"": 33289, ""file_offset"": 9892, ""floor_field"": 17, ""entity_id_field"": 3148, ""group"": 0, ""room"": 21, ""unknown_a3"": 0, ""position"": [-90.0, -1.0, -385.0], ""angles"": [0, 0, 0], ""params"": [20.0, 1.0, 1.0, 7, 0, 0], ""unused_pointer"": 274392192}"
extermination-ep2/q100-bb-e,17,127,"{""base_type"": 34, ""set_flags"": 0, ""runtime_index"": 33545, ""file_offset"": 11660, ""floor_field"": 17, ""entity_id_field"": 6476, ""group"": 0, ""room"": 22, ""unknown_a3"": 0, ""position"": [-95.0, -1.0, -385.0], ""angles"": [0, 0, 0], ""params"": [20.0, 1.0, 1.0, 9, 0, 0], ""unused_pointer"": 2422072448}"
extermination-ep2/q100-bb-j,17,33,"{""base_type"": 34, ""set_flags"": 0, ""runtime_index"": 31497, ""file_offset"": 5268, ""floor_field"": 17, ""entity_id_field"": 47947, ""group"": 0, ""room"": 2, ""unknown_a3"": 0, ""position"": [-90.0, 0.0, -385.0], ""angles"": [0, 0, 0], ""params"": [20.0, 1.0, 1.0, 2, 0, 0], ""unused_pointer"": 3225740416}"
extermination-ep2/q100-bb-j,17,44,"{""base_type"": 34, ""set_flags"": 0, ""runtime_index"": 31753, ""file_offset"": 6016, ""floor_field"": 17, ""entity_id_field"": 51275, ""group"": 0, ""room"": 3, ""unknown_a3"": 0, ""position"": [-95.0, -1.0, -385.0], ""angles"": [0, 0, 0], ""params"": [20.0, 1.0, 1.0, 5, 0, 0], ""unused_pointer"": 1078518912}"
extermination-ep2/q100-bb-j,17,55,"{""base_type"": 34, ""set_flags"": 0, ""runtime_index"": 32009, ""file_offset"": 6764, ""floor_field"": 17, ""entity_id_field"": 54603, ""group"": 0, ""room"": 4, ""unknown_a3"": 0, ""position"": [-90.0, 0.0, -385.0], ""angles"": [0, 0, 0], ""params"": [20.0, 1.0, 1.0, 6, 0, 0], ""unused_pointer"": 4318336}"
extermination-ep2/q100-bb-j,17,66,"{""base_type"": 34, ""set_flags"": 0, ""runtime_index"": 32265, ""file_offset"": 7512, ""floor_field"": 17, ""entity_id_field"": 57931, ""group"": 0, ""room"": 5, ""unknown_a3"": 0, ""position"": [-95.0, -1.0, -385.0], ""angles"": [0, 0, 0], ""params"": [20.0, 1.0, 1.0, 8, 0, 0], ""unused_pointer"": 1347413120}"
extermination-ep2/q100-bb-j,17,79,"{""base_type"": 34, ""set_flags"": 0, ""runtime_index"": 32777, ""file_offset"": 8396, ""floor_field"": 17, ""entity_id_field"": 62027, ""group"": 0, ""room"": 10, ""unknown_a3"": 0, ""position"": [-90.0, 0.0, -385.0], ""angles"": [0, 0, 0], ""params"": [20.0, 1.0, 1.0, 4, 0, 0], ""unused_pointer"": 273933440}"
extermination-ep2/q100-bb-j,17,90,"{""base_type"": 34, ""set_flags"": 0, ""runtime_index"": 33033, ""file_offset"": 9144, ""floor_field"": 17, ""entity_id_field"": 65355, ""group"": 0, ""room"": 20, ""unknown_a3"": 0, ""position"": [-95.0, 0.0, -385.0], ""angles"": [0, 0, 0], ""params"": [20.0, 1.0, 1.0, 3, 0, 0], ""unused_pointer"": 2421613696}"
extermination-ep2/q100-bb-j,17,101,"{""base_type"": 34, ""set_flags"": 0, ""runtime_index"": 33289, ""file_offset"": 9892, ""floor_field"": 17, ""entity_id_field"": 3148, ""group"": 0, ""room"": 21, ""unknown_a3"": 0, ""position"": [-90.0, -1.0, -385.0], ""angles"": [0, 0, 0], ""params"": [20.0, 1.0, 1.0, 7, 0, 0], ""unused_pointer"": 274392192}"
extermination-ep2/q100-bb-j,17,127,"{""base_type"": 34, ""set_flags"": 0, ""runtime_index"": 33545, ""file_offset"": 11660, ""floor_field"": 17, ""entity_id_field"": 6476, ""group"": 0, ""room"": 22, ""unknown_a3"": 0, ""position"": [-95.0, -1.0, -385.0], ""angles"": [0, 0, 0], ""params"": [20.0, 1.0, 1.0, 9, 0, 0], ""unused_pointer"": 2422072448}"
extermination-ep2/q170-bb-e,17,20,"{""base_type"": 34, ""set_flags"": 0, ""runtime_index"": 0, ""file_offset"": 4316, ""floor_field"": 0, ""entity_id_field"": 44874, ""group"": 0, ""room"": 2, ""unknown_a3"": 0, ""position"": [305.0, -21.0, 80.0], ""angles"": [0, 0, 0], ""params"": [5.0, 1.0, 1.0, 2, 0, 0], ""unused_pointer"": 0}"
extermination-ep2/q170-bb-e,17,27,"{""base_type"": 34, ""set_flags"": 0, ""runtime_index"": 0, ""file_offset"": 4792, ""floor_field"": 0, ""entity_id_field"": 61260, ""group"": 0, ""room"": 3, ""unknown_a3"": 0, ""position"": [305.0, -21.0, 80.0], ""angles"": [0, 0, 0], ""params"": [5.0, 1.0, 1.0, 5, 0, 0], ""unused_pointer"": 0}"
extermination-ep2/q170-bb-e,17,38,"{""base_type"": 34, ""set_flags"": 0, ""runtime_index"": 0, ""file_offset"": 5540, ""floor_field"": 0, ""entity_id_field"": 31048, ""group"": 0, ""room"": 4, ""unknown_a3"": 0, ""position"": [305.0, -21.0, 80.0], ""angles"": [0, 0, 0], ""params"": [5.0, 1.0, 1.0, 6, 0, 0], ""unused_pointer"": 0}"
extermination-ep2/q170-bb-e,17,49,"{""base_type"": 34, ""set_flags"": 0, ""runtime_index"": 0, ""file_offset"": 6288, ""floor_field"": 0, ""entity_id_field"": 33864, ""group"": 0, ""room"": 5, ""unknown_a3"": 0, ""position"": [305.0, -21.0, 80.0], ""angles"": [0, 0, 0], ""params"": [5.0, 1.0, 1.0, 8, 0, 0], ""unused_pointer"": 0}"
extermination-ep2/q170-bb-e,17,69,"{""base_type"": 34, ""set_flags"": 0, ""runtime_index"": 0, ""file_offset"": 7648, ""floor_field"": 0, ""entity_id_field"": 20801, ""group"": 0, ""room"": 10, ""unknown_a3"": 0, ""position"": [305.0, -21.0, 80.0], ""angles"": [0, 0, 0], ""params"": [5.0, 1.0, 1.0, 4, 0, 0], ""unused_pointer"": 0}"
extermination-ep2/q170-bb-e,17,92,"{""base_type"": 34, ""set_flags"": 0, ""runtime_index"": 0, ""file_offset"": 9212, ""floor_field"": 0, ""entity_id_field"": 37960, ""group"": 0, ""room"": 20, ""unknown_a3"": 0, ""position"": [305.0, -21.0, 80.0], ""angles"": [0, 0, 0], ""params"": [5.0, 1.0, 1.0, 3, 0, 0], ""unused_pointer"": 0}"
extermination-ep2/q170-bb-e,17,105,"{""base_type"": 34, ""set_flags"": 0, ""runtime_index"": 0, ""file_offset"": 10096, ""floor_field"": 0, ""entity_id_field"": 41800, ""group"": 0, ""room"": 21, ""unknown_a3"": 0, ""position"": [305.0, -21.0, 80.0], ""angles"": [0, 0, 0], ""params"": [5.0, 1.0, 1.0, 7, 0, 0], ""unused_pointer"": 0}"
extermination-ep2/q170-bb-e,17,112,"{""base_type"": 34, ""set_flags"": 0, ""runtime_index"": 0, ""file_offset"": 10572, ""floor_field"": 0, ""entity_id_field"": 36417, ""group"": 0, ""room"": 22, ""unknown_a3"": 0, ""position"": [305.0, -21.0, 80.0], ""angles"": [0, 0, 0], ""params"": [5.0, 1.0, 1.0, 9, 0, 0], ""unused_pointer"": 0}"
extermination-ep2/q172-bb-e,3,26,"{""base_type"": 34, ""set_flags"": 512, ""runtime_index"": 12546, ""file_offset"": 5404, ""floor_field"": 3, ""entity_id_field"": 12610, ""group"": 0, ""room"": 12, ""unknown_a3"": 0, ""position"": [75.0, 0.0, 75.0], ""angles"": [0, 0, 0], ""params"": [5.0, 1.0, 1.0, 110, 0, 0], ""unused_pointer"": 12382592}"
extermination-ep2/q172-bb-e,3,27,"{""base_type"": 34, ""set_flags"": 512, ""runtime_index"": 12802, ""file_offset"": 5472, ""floor_field"": 3, ""entity_id_field"": 12866, ""group"": 0, ""room"": 12, ""unknown_a3"": 0, ""position"": [-75.0, 0.0, 75.0], ""angles"": [0, 0, 0], ""params"": [5.0, 1.0, 1.0, 110, 0, 0], ""unused_pointer"": 817754496}"
extermination-ep2/q175-bb-e,11,250,"{""base_type"": 34, ""set_flags"": 0, ""runtime_index"": 26119, ""file_offset"": 35068, ""floor_field"": 11, ""entity_id_field"": 41543, ""group"": 1, ""room"": 50, ""unknown_a3"": 0, ""position"": [9.999999747378752e-05, 0.0, 112.0], ""angles"": [0, 32768, 0], ""params"": [8.0, 1.0, 1.0, 166, -1, 0], ""unused_pointer"": 0}"
extermination-ep2/q175-bb-e,11,253,"{""base_type"": 34, ""set_flags"": 0, ""runtime_index"": 27143, ""file_offset"": 35272, ""floor_field"": 11, ""entity_id_field"": 9289, ""group"": 0, ""room"": 95, ""unknown_a3"": 0, ""position"": [0.0, 0.0, 352.0], ""angles"": [0, 0, 0], ""params"": [8.0, 1.0, 1.0, 167, -1, 0], ""unused_pointer"": 0}"
extermination-ep2/q175-bb-e,11,256,"{""base_type"": 34, ""set_flags"": 0, ""runtime_index"": 0, ""file_offset"": 35476, ""floor_field"": 0, ""entity_id_field"": 0, ""group"": 0, ""room"": 30, ""unknown_a3"": 0, ""position"": [0.0, 0.0, 110.0], ""angles"": [0, 0, 0], ""params"": [8.0, 1.0, 1.0, 168, -1, 0], ""unused_pointer"": 0}"
extermination-ep2/q233-bb-e,9,12,"{""base_type"": 34, ""set_flags"": 0, ""runtime_index"": 2032, ""file_offset"": 12424, ""floor_field"": 9, ""entity_id_field"": 18511, ""group"": 0, ""room"": 3, ""unknown_a3"": 0, ""position"": [-185.0, 10.0, -255.0], ""angles"": [0, 0, 0], ""params"": [40.0, 1.0, 1.0, 151, 0, 0], ""unused_pointer"": 72658880}"
extermination-ep2/q233-bb-j,9,12,"{""base_type"": 34, ""set_flags"": 0, ""runtime_index"": 2032, ""file_offset"": 12424, ""floor_field"": 9, ""entity_id_field"": 18511, ""group"": 0, ""room"": 3, ""unknown_a3"": 0, ""position"": [-185.0, 10.0, -255.0], ""angles"": [0, 0, 0], ""params"": [40.0, 1.0, 1.0, 151, 0, 0], ""unused_pointer"": 72658880}"
extermination-ep2/q236-bb-e,16,90,"{""base_type"": 34, ""set_flags"": 0, ""runtime_index"": 2147, ""file_offset"": 26296, ""floor_field"": 17, ""entity_id_field"": 18515, ""group"": 0, ""room"": 3, ""unknown_a3"": 0, ""position"": [243.0, -9.893397331237793, -244.0], ""angles"": [0, 0, 0], ""params"": [-1.0, 1.0, 1.0, 113, -1, 0], ""unused_pointer"": 206222416}"
extermination-ep2/q236-bb-j,16,90,"{""base_type"": 34, ""set_flags"": 0, ""runtime_index"": 2147, ""file_offset"": 26296, ""floor_field"": 17, ""entity_id_field"": 18515, ""group"": 0, ""room"": 3, ""unknown_a3"": 0, ""position"": [243.0, -9.893397331237793, -244.0], ""angles"": [0, 0, 0], ""params"": [-1.0, 1.0, 1.0, 113, -1, 0], ""unused_pointer"": 206222416}"
extermination-ep2/q280-bb-e,2,52,"{""base_type"": 34, ""set_flags"": 0, ""runtime_index"": 39943, ""file_offset"": 6764, ""floor_field"": 1, ""entity_id_field"": 18620, ""group"": 0, ""room"": 40, ""unknown_a3"": 0, ""position"": [-132.0, 1.0, 92.0], ""angles"": [0, 0, 0], ""params"": [-4.0, 1.0, 1.0, 100, -1, 0], ""unused_pointer"": 77530512}"
extermination-ep2/q280-bb-e,9,15,"{""base_type"": 34, ""set_flags"": 2, ""runtime_index"": 87, ""file_offset"": 23948, ""floor_field"": 9, ""entity_id_field"": 18898, ""group"": 0, ""room"": 1, ""unknown_a3"": 0, ""position"": [0.0, 9.999999046325684, 0.0], ""angles"": [0, 0, 0], ""params"": [40.0, 1.0, 1.0, 1, 0, 0], ""unused_pointer"": 77511600}"
extermination-ep2/q280-bb-e,9,75,"{""base_type"": 34, ""set_flags"": 0, ""runtime_index"": 158, ""file_offset"": 28028, ""floor_field"": 9, ""entity_id_field"": 18969, ""group"": 1, ""room"": 11, ""unknown_a3"": 0, ""position"": [0.0, 15.0, 0.0], ""angles"": [0, 0, 0], ""params"": [250.0, 1.0, 1.0, 100, 0, 0], ""unused_pointer"": 77569120}"
extermination-ep2/q280-bb-e,10,62,"{""base_type"": 34, ""set_flags"": 0, ""runtime_index"": 26119, ""file_offset"": 34572, ""floor_field"": 11, ""entity_id_field"": 41543, ""group"": 0, ""room"": 50, ""unknown_a3"": 0, ""position"": [6.103515625e-05, 0.0, 112.0], ""angles"": [0, -32768, 0], ""params"": [8.0, 1.0, 1.0, 100, -1, 0], ""unused_pointer"": 4035702656}"
extermination-ep2/q280-bb-e,10,78,"{""base_type"": 34, ""set_flags"": 0, ""runtime_index"": 27143, ""file_offset"": 35660, ""floor_field"": 11, ""entity_id_field"": 9289, ""group"": 0, ""room"": 95, ""unknown_a3"": 0, ""position"": [0.0, 0.0, 352.0], ""angles"": [0, 0, 0], ""params"": [8.0, 1.0, 1.0, 101, -1, 0], ""unused_pointer"": 1621290880}"
government-ep1/q401-bb-e,2,27,"{""base_type"": 34, ""set_flags"": 0, ""runtime_index"": 40455, ""file_offset"": 10860, ""floor_field"": 2, ""entity_id_field"": 41287, ""group"": 0, ""room"": 2, ""unknown_a3"": 0, ""position"": [-199.63180541992188, 70.10852813720703, -81.9041748046875], ""angles"": [0, 0, 0], ""params"": [41.0, 1.0, 1.0, 170, 0, 0], ""unused_pointer"": 1622336128}"
government-ep1/q401-bb-j,2,27,"{""base_type"": 34, ""set_flags"": 0, ""runtime_index"": 40455, ""file_offset"": 10860, ""floor_field"": 2, ""entity_id_field"": 41287, ""group"": 0, ""room"": 2, ""unknown_a3"": 0, ""position"": [-199.63180541992188, 70.10852813720703, -81.9041748046875], ""angles"": [0, 0, 0], ""params"": [41.0, 1.0, 1.0, 170, 0, 0], ""unused_pointer"": 1622336128}"
government-ep1/q409-bb-e,8,87,"{""base_type"": 34, ""set_flags"": 0, ""runtime_index"": 42247, ""file_offset"": 18408, ""floor_field"": 7, ""entity_id_field"": 47431, ""group"": 0, ""room"": 80, ""unknown_a3"": 0, ""position"": [335.0, -2.0, 100.0], ""angles"": [0, 0, 0], ""params"": [1.0, 1.0, 1.0, 110, -1, 0], ""unused_pointer"": 2432426624}"
government-ep1/q409-bb-e,8,88,"{""base_type"": 34, ""set_flags"": 0, ""runtime_index"": 42503, ""file_offset"": 18476, ""floor_field"": 7, ""entity_id_field"": 47687, ""group"": 0, ""room"": 80, ""unknown_a3"": 0, ""position"": [385.0, -2.0, 100.0], ""angles"": [0, 0, 0], ""params"": [1.0, 1.0, 1.0, 111, -1, 0], ""unused_pointer"": 2432492160}"
government-ep1/q409-bb-e,8,90,"{""base_type"": 34, ""set_flags"": 0, ""runtime_index"": 43527, ""file_offset"": 18612, ""floor_field"": 7, ""entity_id_field"": 48199, ""group"": 0, ""room"": 80, ""unknown_a3"": 0, ""position"": [385.0, -2.0, 50.0], ""angles"": [0, 0, 0], ""params"": [1.0, 1.0, 1.0, 112, -1, 0], ""unused_pointer"": 2164187776}"
government-ep1/q409-bb-e,8,91,"{""base_type"": 34, ""set_flags"": 0, ""runtime_index"": 43783, ""file_offset"": 18680, ""floor_field"": 7, ""entity_id_field"": 48455, ""group"": 0, ""room"": 80, ""unknown_a3"": 0, ""position"": [335.0, -2.0, 50.0], ""angles"": [0, 0, 0], ""params"": [1.0, 1.0, 1.0, 113, -1, 0], ""unused_pointer"": 2164253312}"
government-ep1/q409-bb-j,8,87,"{""base_type"": 34, ""set_flags"": 0, ""runtime_index"": 42247, ""file_offset"": 18408, ""floor_field"": 7, ""entity_id_field"": 47431, ""group"": 0, ""room"": 80, ""unknown_a3"": 0, ""position"": [335.0, -2.0, 100.0], ""angles"": [0, 0, 0], ""params"": [1.0, 1.0, 1.0, 110, -1, 0], ""unused_pointer"": 2432426624}"
government-ep1/q409-bb-j,8,88,"{""base_type"": 34, ""set_flags"": 0, ""runtime_index"": 42503, ""file_offset"": 18476, ""floor_field"": 7, ""entity_id_field"": 47687, ""group"": 0, ""room"": 80, ""unknown_a3"": 0, ""position"": [385.0, -2.0, 100.0], ""angles"": [0, 0, 0], ""params"": [1.0, 1.0, 1.0, 111, -1, 0], ""unused_pointer"": 2432492160}"
government-ep1/q409-bb-j,8,90,"{""base_type"": 34, ""set_flags"": 0, ""runtime_index"": 43527, ""file_offset"": 18612, ""floor_field"": 7, ""entity_id_field"": 48199, ""group"": 0, ""room"": 80, ""unknown_a3"": 0, ""position"": [385.0, -2.0, 50.0], ""angles"": [0, 0, 0], ""params"": [1.0, 1.0, 1.0, 112, -1, 0], ""unused_pointer"": 2164187776}"
government-ep1/q409-bb-j,8,91,"{""base_type"": 34, ""set_flags"": 0, ""runtime_index"": 43783, ""file_offset"": 18680, ""floor_field"": 7, ""entity_id_field"": 48455, ""group"": 0, ""room"": 80, ""unknown_a3"": 0, ""position"": [335.0, -2.0, 50.0], ""angles"": [0, 0, 0], ""params"": [1.0, 1.0, 1.0, 113, -1, 0], ""unused_pointer"": 2164253312}"
government-ep2/q452-bb-e,1,117,"{""base_type"": 34, ""set_flags"": 512, ""runtime_index"": 45312, ""file_offset"": 11592, ""floor_field"": 1, ""entity_id_field"": 47433, ""group"": 0, ""room"": 70, ""unknown_a3"": 0, ""position"": [0.0, 0.0, -220.0], ""angles"": [0, 0, 0], ""params"": [10.0, 1.0, 1.0, 107, 0, 0], ""unused_pointer"": 1892082560}"
government-ep2/q452-bb-e,1,124,"{""base_type"": 34, ""set_flags"": 512, ""runtime_index"": 47104, ""file_offset"": 12068, ""floor_field"": 1, ""entity_id_field"": 49481, ""group"": 0, ""room"": 80, ""unknown_a3"": 0, ""position"": [75.0, 62.0, 90.0], ""angles"": [0, 0, 0], ""params"": [8.0, 1.0, 1.0, 20, 0, 0], ""unused_pointer"": 1356587904}"
government-ep2/q452-bb-e,2,125,"{""base_type"": 34, ""set_flags"": 2, ""runtime_index"": 359, ""file_offset"": 24460, ""floor_field"": 2, ""entity_id_field"": 16743, ""group"": 0, ""room"": 80, ""unknown_a3"": 0, ""position"": [-79.99990844726562, 61.0, 90.000244140625], ""angles"": [0, -49152, 0], ""params"": [18.0, 1.0, 1.0, 45, 0, 0], ""unused_pointer"": 118404272}"
government-ep2/q452-bb-e,2,197,"{""base_type"": 34, ""set_flags"": 2, ""runtime_index"": 431, ""file_offset"": 29356, ""floor_field"": 2, ""entity_id_field"": 16815, ""group"": 0, ""room"": 150, ""unknown_a3"": 0, ""position"": [0.0, 0.0, 0.0], ""angles"": [0, -16383, 0], ""params"": [10.0, 1.0, 1.0, 26, 0, 0], ""unused_pointer"": 118452720}"
government-ep2/q452-bb-j,1,117,"{""base_type"": 34, ""set_flags"": 512, ""runtime_index"": 45312, ""file_offset"": 11592, ""floor_field"": 1, ""entity_id_field"": 47433, ""group"": 0, ""room"": 70, ""unknown_a3"": 0, ""position"": [0.0, 0.0, -220.0], ""angles"": [0, 0, 0], ""params"": [10.0, 1.0, 1.0, 107, 0, 0], ""unused_pointer"": 1892082560}"
government-ep2/q452-bb-j,1,124,"{""base_type"": 34, ""set_flags"": 512, ""runtime_index"": 47104, ""file_offset"": 12068, ""floor_field"": 1, ""entity_id_field"": 49481, ""group"": 0, ""room"": 80, ""unknown_a3"": 0, ""position"": [75.0, 62.0, 90.0], ""angles"": [0, 0, 0], ""params"": [8.0, 1.0, 1.0, 20, 0, 0], ""unused_pointer"": 1356587904}"
government-ep2/q452-bb-j,2,125,"{""base_type"": 34, ""set_flags"": 2, ""runtime_index"": 359, ""file_offset"": 24460, ""floor_field"": 2, ""entity_id_field"": 16743, ""group"": 0, ""room"": 80, ""unknown_a3"": 0, ""position"": [-79.99990844726562, 61.0, 90.000244140625], ""angles"": [0, -49152, 0], ""params"": [18.0, 1.0, 1.0, 45, 0, 0], ""unused_pointer"": 118404272}"
government-ep2/q452-bb-j,2,197,"{""base_type"": 34, ""set_flags"": 2, ""runtime_index"": 431, ""file_offset"": 29356, ""floor_field"": 2, ""entity_id_field"": 16815, ""group"": 0, ""room"": 150, ""unknown_a3"": 0, ""position"": [0.0, 0.0, 0.0], ""angles"": [0, -16383, 0], ""params"": [10.0, 1.0, 1.0, 26, 0, 0], ""unused_pointer"": 118452720}"
government-ep2/q453-bb-e,2,81,"{""base_type"": 34, ""set_flags"": 2, ""runtime_index"": 208, ""file_offset"": 14192, ""floor_field"": 2, ""entity_id_field"": 16592, ""group"": 0, ""room"": 80, ""unknown_a3"": 0, ""position"": [-0.6897821426391602, 3.4156255424022675e-07, 817.1658935546875], ""angles"": [0, -16383, 0], ""params"": [21.0, 1.0, 1.0, 101, 0, 0], ""unused_pointer"": 118369568}"
government-ep2/q453-bb-j,2,81,"{""base_type"": 34, ""set_flags"": 2, ""runtime_index"": 208, ""file_offset"": 14192, ""floor_field"": 2, ""entity_id_field"": 16592, ""group"": 0, ""room"": 80, ""unknown_a3"": 0, ""position"": [-0.6897821426391602, 3.4156255424022675e-07, 817.1658935546875], ""angles"": [0, -16383, 0], ""params"": [21.0, 1.0, 1.0, 101, 0, 0], ""unused_pointer"": 118369568}"
government-ep2/q454-bb-e,2,140,"{""base_type"": 34, ""set_flags"": 2, ""runtime_index"": 403, ""file_offset"": 27452, ""floor_field"": 2, ""entity_id_field"": 16787, ""group"": 0, ""room"": 80, ""unknown_a3"": 0, ""position"": [-79.99990844726562, 61.0, 90.000244140625], ""angles"": [0, -49152, 0], ""params"": [18.0, 1.0, 1.0, 45, 0, 0], ""unused_pointer"": 118207072}"
government-ep2/q454-bb-e,2,209,"{""base_type"": 34, ""set_flags"": 2, ""runtime_index"": 472, ""file_offset"": 32144, ""floor_field"": 2, ""entity_id_field"": 16856, ""group"": 0, ""room"": 150, ""unknown_a3"": 0, ""position"": [0.0, 0.0, 0.0], ""angles"": [0, -16383, 0], ""params"": [10.0, 1.0, 1.0, 26, 0, 0], ""unused_pointer"": 118248624}"
government-ep2/q454-bb-j,2,140,"{""base_type"": 34, ""set_flags"": 2, ""runtime_index"": 403, ""file_offset"": 27452, ""floor_field"": 2, ""entity_id_field"": 16787, ""group"": 0, ""room"": 80, ""unknown_a3"": 0, ""position"": [-79.99990844726562, 61.0, 90.000244140625], ""angles"": [0, -49152, 0], ""params"": [18.0, 1.0, 1.0, 45, 0, 0], ""unused_pointer"": 118207072}"
government-ep2/q454-bb-j,2,209,"{""base_type"": 34, ""set_flags"": 2, ""runtime_index"": 472, ""file_offset"": 32144, ""floor_field"": 2, ""entity_id_field"": 16856, ""group"": 0, ""room"": 150, ""unknown_a3"": 0, ""position"": [0.0, 0.0, 0.0], ""angles"": [0, -16383, 0], ""params"": [10.0, 1.0, 1.0, 26, 0, 0], ""unused_pointer"": 118248624}"
government-ep2/q455-bb-e,1,122,"{""base_type"": 34, ""set_flags"": 2, ""runtime_index"": 175, ""file_offset"": 11932, ""floor_field"": 1, ""entity_id_field"": 16559, ""group"": 0, ""room"": 70, ""unknown_a3"": 0, ""position"": [0.0, 0.0, -220.0], ""angles"": [0, 0, 0], ""params"": [10.0, 1.0, 1.0, 107, 0, 0], ""unused_pointer"": 118341840}"
government-ep2/q455-bb-e,1,129,"{""base_type"": 34, ""set_flags"": 2, ""runtime_index"": 182, ""file_offset"": 12408, ""floor_field"": 1, ""entity_id_field"": 16566, ""group"": 0, ""room"": 80, ""unknown_a3"": 0, ""position"": [75.0, 62.0, 90.0], ""angles"": [0, 0, 0], ""params"": [8.0, 1.0, 1.0, 20, 0, 0], ""unused_pointer"": 118346432}"
government-ep2/q455-bb-j,1,122,"{""base_type"": 34, ""set_flags"": 2, ""runtime_index"": 175, ""file_offset"": 11932, ""floor_field"": 1, ""entity_id_field"": 16559, ""group"": 0, ""room"": 70, ""unknown_a3"": 0, ""position"": [0.0, 0.0, -220.0], ""angles"": [0, 0, 0], ""params"": [10.0, 1.0, 1.0, 107, 0, 0], ""unused_pointer"": 118341840}"
government-ep2/q455-bb-j,1,129,"{""base_type"": 34, ""set_flags"": 2, ""runtime_index"": 182, ""file_offset"": 12408, ""floor_field"": 1, ""entity_id_field"": 16566, ""group"": 0, ""room"": 80, ""unknown_a3"": 0, ""position"": [75.0, 62.0, 90.0], ""angles"": [0, 0, 0], ""params"": [8.0, 1.0, 1.0, 20, 0, 0], ""unused_pointer"": 118346432}"
government-ep2/q456-bb-e,3,64,"{""base_type"": 34, ""set_flags"": 2, ""runtime_index"": 117, ""file_offset"": 7988, ""floor_field"": 3, ""entity_id_field"": 16501, ""group"": 0, ""room"": 10, ""unknown_a3"": 0, ""position"": [30.0, 0.0, 25.0], ""angles"": [0, 0, 0], ""params"": [6.0, 1.0, 1.0, 112, 0, 0], ""unused_pointer"": 118210080}"
government-ep2/q456-bb-e,3,66,"{""base_type"": 34, ""set_flags"": 2, ""runtime_index"": 119, ""file_offset"": 8124, ""floor_field"": 3, ""entity_id_field"": 16503, ""group"": 0, ""room"": 10, ""unknown_a3"": 0, ""position"": [30.0, 0.0, -25.0], ""angles"": [0, 0, 0], ""params"": [6.0, 1.0, 1.0, 112, 0, 0], ""unused_pointer"": 118211232}"
government-ep2/q456-bb-e,3,67,"{""base_type"": 34, ""set_flags"": 2, ""runtime_index"": 120, ""file_offset"": 8192, ""floor_field"": 3, ""entity_id_field"": 16504, ""group"": 0, ""room"": 10, ""unknown_a3"": 0, ""position"": [30.0, 0.0, 0.0], ""angles"": [0, 0, 0], ""params"": [6.0, 1.0, 1.0, 112, 0, 0], ""unused_pointer"": 118211488}"
government-ep2/q456-bb-j,3,64,"{""base_type"": 34, ""set_flags"": 2, ""runtime_index"": 117, ""file_offset"": 7988, ""floor_field"": 3, ""entity_id_field"": 16501, ""group"": 0, ""room"": 10, ""unknown_a3"": 0, ""position"": [30.0, 0.0, 25.0], ""angles"": [0, 0, 0], ""params"": [6.0, 1.0, 1.0, 112, 0, 0], ""unused_pointer"": 118210080}"
government-ep2/q456-bb-j,3,66,"{""base_type"": 34, ""set_flags"": 2, ""runtime_index"": 119, ""file_offset"": 8124, ""floor_field"": 3, ""entity_id_field"": 16503, ""group"": 0, ""room"": 10, ""unknown_a3"": 0, ""position"": [30.0, 0.0, -25.0], ""angles"": [0, 0, 0], ""params"": [6.0, 1.0, 1.0, 112, 0, 0], ""unused_pointer"": 118211232}"
government-ep2/q456-bb-j,3,67,"{""base_type"": 34, ""set_flags"": 2, ""runtime_index"": 120, ""file_offset"": 8192, ""floor_field"": 3, ""entity_id_field"": 16504, ""group"": 0, ""room"": 10, ""unknown_a3"": 0, ""position"": [30.0, 0.0, 0.0], ""angles"": [0, 0, 0], ""params"": [6.0, 1.0, 1.0, 112, 0, 0], ""unused_pointer"": 118211488}"
government-ep2/q457-bb-e,3,94,"{""base_type"": 34, ""set_flags"": 2, ""runtime_index"": 147, ""file_offset"": 10028, ""floor_field"": 3, ""entity_id_field"": 16531, ""group"": 0, ""room"": 12, ""unknown_a3"": 0, ""position"": [75.0, 0.0, 75.0], ""angles"": [0, 0, 0], ""params"": [5.0, 1.0, 1.0, 110, 0, 0], ""unused_pointer"": 118239296}"
government-ep2/q457-bb-e,3,95,"{""base_type"": 34, ""set_flags"": 2, ""runtime_index"": 148, ""file_offset"": 10096, ""floor_field"": 3, ""entity_id_field"": 16532, ""group"": 0, ""room"": 12, ""unknown_a3"": 0, ""position"": [-75.0, 0.0, 75.0], ""angles"": [0, 0, 0], ""params"": [5.0, 1.0, 1.0, 110, 0, 0], ""unused_pointer"": 118239552}"
government-ep2/q457-bb-e,3,112,"{""base_type"": 34, ""set_flags"": 2, ""runtime_index"": 165, ""file_offset"": 11252, ""floor_field"": 3, ""entity_id_field"": 16549, ""group"": 0, ""room"": 21, ""unknown_a3"": 0, ""position"": [-75.0, 0.0, 50.0], ""angles"": [0, 0, 0], ""params"": [10.0, 1.0, 1.0, 109, 0, 0], ""unused_pointer"": 118264960}"
government-ep2/q457-bb-j,3,94,"{""base_type"": 34, ""set_flags"": 2, ""runtime_index"": 147, ""file_offset"": 10028, ""floor_field"": 3, ""entity_id_field"": 16531, ""group"": 0, ""room"": 12, ""unknown_a3"": 0, ""position"": [75.0, 0.0, 75.0], ""angles"": [0, 0, 0], ""params"": [5.0, 1.0, 1.0, 110, 0, 0], ""unused_pointer"": 118239296}"
government-ep2/q457-bb-j,3,95,"{""base_type"": 34, ""set_flags"": 2, ""runtime_index"": 148, ""file_offset"": 10096, ""floor_field"": 3, ""entity_id_field"": 16532, ""group"": 0, ""room"": 12, ""unknown_a3"": 0, ""position"": [-75.0, 0.0, 75.0], ""angles"": [0, 0, 0], ""params"": [5.0, 1.0, 1.0, 110, 0, 0], ""unused_pointer"": 118239552}"
government-ep2/q457-bb-j,3,112,"{""base_type"": 34, ""set_flags"": 2, ""runtime_index"": 165, ""file_offset"": 11252, ""floor_field"": 3, ""entity_id_field"": 16549, ""group"": 0, ""room"": 21, ""unknown_a3"": 0, ""position"": [-75.0, 0.0, 50.0], ""angles"": [0, 0, 0], ""params"": [10.0, 1.0, 1.0, 109, 0, 0], ""unused_pointer"": 118264960}"
government-ep2/q459-bb-e,3,56,"{""base_type"": 34, ""set_flags"": 2, ""runtime_index"": 109, ""file_offset"": 7444, ""floor_field"": 3, ""entity_id_field"": 16493, ""group"": 0, ""room"": 10, ""unknown_a3"": 0, ""position"": [30.0, 0.0, 25.0], ""angles"": [0, 0, 0], ""params"": [6.0, 1.0, 1.0, 112, 0, 0], ""unused_pointer"": 124171696}"
government-ep2/q459-bb-e,3,58,"{""base_type"": 34, ""set_flags"": 2, ""runtime_index"": 111, ""file_offset"": 7580, ""floor_field"": 3, ""entity_id_field"": 16495, ""group"": 0, ""room"": 10, ""unknown_a3"": 0, ""position"": [30.0, 0.0, -25.0], ""angles"": [0, 0, 0], ""params"": [6.0, 1.0, 1.0, 112, 0, 0], ""unused_pointer"": 124172848}"
government-ep2/q459-bb-e,3,59,"{""base_type"": 34, ""set_flags"": 2, ""runtime_index"": 112, ""file_offset"": 7648, ""floor_field"": 3, ""entity_id_field"": 16496, ""group"": 0, ""room"": 10, ""unknown_a3"": 0, ""position"": [30.0, 0.0, 0.0], ""angles"": [0, 0, 0], ""params"": [6.0, 1.0, 1.0, 112, 0, 0], ""unused_pointer"": 124173104}"
government-ep2/q459-bb-j,3,56,"{""base_type"": 34, ""set_flags"": 2, ""runtime_index"": 109, ""file_offset"": 7444, ""floor_field"": 3, ""entity_id_field"": 16493, ""group"": 0, ""room"": 10, ""unknown_a3"": 0, ""position"": [30.0, 0.0, 25.0], ""angles"": [0, 0, 0], ""params"": [6.0, 1.0, 1.0, 112, 0, 0], ""unused_pointer"": 124171696}"
government-ep2/q459-bb-j,3,58,"{""base_type"": 34, ""set_flags"": 2, ""runtime_index"": 111, ""file_offset"": 7580, ""floor_field"": 3, ""entity_id_field"": 16495, ""group"": 0, ""room"": 10, ""unknown_a3"": 0, ""position"": [30.0, 0.0, -25.0], ""angles"": [0, 0, 0], ""params"": [6.0, 1.0, 1.0, 112, 0, 0], ""unused_pointer"": 124172848}"
government-ep2/q459-bb-j,3,59,"{""base_type"": 34, ""set_flags"": 2, ""runtime_index"": 112, ""file_offset"": 7648, ""floor_field"": 3, ""entity_id_field"": 16496, ""group"": 0, ""room"": 10, ""unknown_a3"": 0, ""position"": [30.0, 0.0, 0.0], ""angles"": [0, 0, 0], ""params"": [6.0, 1.0, 1.0, 112, 0, 0], ""unused_pointer"": 124173104}"
government-ep2/q460-bb-e,3,91,"{""base_type"": 34, ""set_flags"": 2, ""runtime_index"": 144, ""file_offset"": 9824, ""floor_field"": 3, ""entity_id_field"": 16528, ""group"": 0, ""room"": 12, ""unknown_a3"": 0, ""position"": [75.0, 0.0, 75.0], ""angles"": [0, 0, 0], ""params"": [5.0, 1.0, 1.0, 110, 0, 0], ""unused_pointer"": 118280048}"
government-ep2/q460-bb-e,3,92,"{""base_type"": 34, ""set_flags"": 2, ""runtime_index"": 145, ""file_offset"": 9892, ""floor_field"": 3, ""entity_id_field"": 16529, ""group"": 0, ""room"": 12, ""unknown_a3"": 0, ""position"": [-75.0, 0.0, 75.0], ""angles"": [0, 0, 0], ""params"": [5.0, 1.0, 1.0, 110, 0, 0], ""unused_pointer"": 118280304}"
government-ep2/q460-bb-e,3,109,"{""base_type"": 34, ""set_flags"": 2, ""runtime_index"": 162, ""file_offset"": 11048, ""floor_field"": 3, ""entity_id_field"": 16546, ""group"": 0, ""room"": 21, ""unknown_a3"": 0, ""position"": [-75.0, 0.0, 50.0], ""angles"": [0, 0, 0], ""params"": [10.0, 1.0, 1.0, 109, 0, 0], ""unused_pointer"": 118329936}"
government-ep2/q460-bb-j,3,91,"{""base_type"": 34, ""set_flags"": 2, ""runtime_index"": 144, ""file_offset"": 9824, ""floor_field"": 3, ""entity_id_field"": 16528, ""group"": 0, ""room"": 12, ""unknown_a3"": 0, ""position"": [75.0, 0.0, 75.0], ""angles"": [0, 0, 0], ""params"": [5.0, 1.0, 1.0, 110, 0, 0], ""unused_pointer"": 118280048}"
government-ep2/q460-bb-j,3,92,"{""base_type"": 34, ""set_flags"": 2, ""runtime_index"": 145, ""file_offset"": 9892, ""floor_field"": 3, ""entity_id_field"": 16529, ""group"": 0, ""room"": 12, ""unknown_a3"": 0, ""position"": [-75.0, 0.0, 75.0], ""angles"": [0, 0, 0], ""params"": [5.0, 1.0, 1.0, 110, 0, 0], ""unused_pointer"": 118280304}"
government-ep2/q460-bb-j,3,109,"{""base_type"": 34, ""set_flags"": 2, ""runtime_index"": 162, ""file_offset"": 11048, ""floor_field"": 3, ""entity_id_field"": 16546, ""group"": 0, ""room"": 21, ""unknown_a3"": 0, ""position"": [-75.0, 0.0, 50.0], ""angles"": [0, 0, 0], ""params"": [10.0, 1.0, 1.0, 109, 0, 0], ""unused_pointer"": 118329936}"
government-ep2/q462-bb-e,7,53,"{""base_type"": 34, ""set_flags"": 2, ""runtime_index"": 106, ""file_offset"": 7240, ""floor_field"": 7, ""entity_id_field"": 16490, ""group"": 0, ""room"": 2, ""unknown_a3"": 0, ""position"": [-105.0, -45.0, -35.0], ""angles"": [0, 0, 0], ""params"": [20.0, 1.0, 1.0, 3, 0, 0], ""unused_pointer"": 118129456}"
government-ep2/q462-bb-j,7,53,"{""base_type"": 34, ""set_flags"": 2, ""runtime_index"": 106, ""file_offset"": 7240, ""floor_field"": 7, ""entity_id_field"": 16490, ""group"": 0, ""room"": 2, ""unknown_a3"": 0, ""position"": [-105.0, -45.0, -35.0], ""angles"": [0, 0, 0], ""params"": [20.0, 1.0, 1.0, 3, 0, 0], ""unused_pointer"": 118129456}"
government-ep2/q463-bb-e,8,38,"{""base_type"": 34, ""set_flags"": 2, ""runtime_index"": 91, ""file_offset"": 6220, ""floor_field"": 8, ""entity_id_field"": 16475, ""group"": 0, ""room"": 1, ""unknown_a3"": 0, ""position"": [-40.0, -170.0, -10.0], ""angles"": [0, 0, 0], ""params"": [30.0, 1.0, 1.0, 1, 0, 0], ""unused_pointer"": 118125648}"
government-ep2/q463-bb-e,9,37,"{""base_type"": 34, ""set_flags"": 0, ""runtime_index"": 5380, ""file_offset"": 20584, ""floor_field"": 9, ""entity_id_field"": 27464, ""group"": 0, ""room"": 1, ""unknown_a3"": 0, ""position"": [0.0, 9.999999046325684, 0.0], ""angles"": [0, 0, 0], ""params"": [40.0, 1.0, 1.0, 1, 0, 0], ""unused_pointer"": 4038845056}"
government-ep2/q463-bb-e,9,125,"{""base_type"": 34, ""set_flags"": 0, ""runtime_index"": 47621, ""file_offset"": 26568, ""floor_field"": 9, ""entity_id_field"": 39238, ""group"": 1, ""room"": 11, ""unknown_a3"": 0, ""position"": [0.0, 15.0, 0.0], ""angles"": [0, 0, 0], ""params"": [250.0, 1.0, 1.0, 100, 0, 0], ""unused_pointer"": 3496211840}"
government-ep2/q463-bb-j,8,38,"{""base_type"": 34, ""set_flags"": 2, ""runtime_index"": 91, ""file_offset"": 6220, ""floor_field"": 8, ""entity_id_field"": 16475, ""group"": 0, ""room"": 1, ""unknown_a3"": 0, ""position"": [-40.0, -170.0, -10.0], ""angles"": [0, 0, 0], ""params"": [30.0, 1.0, 1.0, 1, 0, 0], ""unused_pointer"": 118125648}"
government-ep2/q463-bb-j,9,37,"{""base_type"": 34, ""set_flags"": 0, ""runtime_index"": 5380, ""file_offset"": 20584, ""floor_field"": 9, ""entity_id_field"": 27464, ""group"": 0, ""room"": 1, ""unknown_a3"": 0, ""position"": [0.0, 9.999999046325684, 0.0], ""angles"": [0, 0, 0], ""params"": [40.0, 1.0, 1.0, 1, 0, 0], ""unused_pointer"": 4038845056}"
government-ep2/q463-bb-j,9,125,"{""base_type"": 34, ""set_flags"": 0, ""runtime_index"": 47621, ""file_offset"": 26568, ""floor_field"": 9, ""entity_id_field"": 39238, ""group"": 1, ""room"": 11, ""unknown_a3"": 0, ""position"": [0.0, 15.0, 0.0], ""angles"": [0, 0, 0], ""params"": [250.0, 1.0, 1.0, 100, 0, 0], ""unused_pointer"": 3496211840}"
government-ep2/q465-bb-e,6,159,"{""base_type"": 34, ""set_flags"": 0, ""runtime_index"": 45312, ""file_offset"": 22624, ""floor_field"": 6, ""entity_id_field"": 28993, ""group"": 0, ""room"": 12, ""unknown_a3"": 0, ""position"": [127.72000122070312, 0.0, -11.860000610351562], ""angles"": [0, 0, 0], ""params"": [40.0, 1.0, 1.0, 6, 0, 0], ""unused_pointer"": 1356789120}"
government-ep2/q465-bb-e,7,85,"{""base_type"": 34, ""set_flags"": 512, ""runtime_index"": 10497, ""file_offset"": 29576, ""floor_field"": 7, ""entity_id_field"": 62023, ""group"": 0, ""room"": 4, ""unknown_a3"": 0, ""position"": [45.15997314453125, -37.13999938964844, 50.739990234375], ""angles"": [0, 0, 0], ""params"": [40.0, 1.0, 1.0, 5, 0, 0], ""unused_pointer"": 552072576}"
government-ep2/q465-bb-e,7,88,"{""base_type"": 34, ""set_flags"": 512, ""runtime_index"": 12289, ""file_offset"": 29780, ""floor_field"": 7, ""entity_id_field"": 62791, ""group"": 0, ""room"": 4, ""unknown_a3"": 0, ""position"": [45.15997314453125, -37.13999938964844, 50.739990234375], ""angles"": [0, 0, 0], ""params"": [40.0, 1.0, 1.0, 4, 0, 0], ""unused_pointer"": 3236623744}"
government-ep2/q465-bb-e,8,60,"{""base_type"": 34, ""set_flags"": 0, ""runtime_index"": 13062, ""file_offset"": 37344, ""floor_field"": 8, ""entity_id_field"": 17472, ""group"": 0, ""room"": 1, ""unknown_a3"": 0, ""position"": [-40.0, -170.0, -10.0], ""angles"": [0, 0, 0], ""params"": [30.0, 1.0, 1.0, 1, 0, 0], ""unused_pointer"": 815723904}"
government-ep2/q465-bb-e,9,95,"{""base_type"": 34, ""set_flags"": 0, ""runtime_index"": 51714, ""file_offset"": 54972, ""floor_field"": 9, ""entity_id_field"": 59975, ""group"": 0, ""room"": 6, ""unknown_a3"": 0, ""position"": [-18.05133056640625, 10.0, 5.345611572265625], ""angles"": [0, 0, 0], ""params"": [31.0, 1.0, 1.0, 3, 0, 0], ""unused_pointer"": 3774018944}"
government-ep2/q465-bb-j,6,159,"{""base_type"": 34, ""set_flags"": 0, ""runtime_index"": 45312, ""file_offset"": 22624, ""floor_field"": 6, ""entity_id_field"": 28993, ""group"": 0, ""room"": 12, ""unknown_a3"": 0, ""position"": [127.72000122070312, 0.0, -11.860000610351562], ""angles"": [0, 0, 0], ""params"": [40.0, 1.0, 1.0, 6, 0, 0], ""unused_pointer"": 1356789120}"
government-ep2/q465-bb-j,7,85,"{""base_type"": 34, ""set_flags"": 512, ""runtime_index"": 10497, ""file_offset"": 29576, ""floor_field"": 7, ""entity_id_field"": 62023, ""group"": 0, ""room"": 4, ""unknown_a3"": 0, ""position"": [45.15997314453125, -37.13999938964844, 50.739990234375], ""angles"": [0, 0, 0], ""params"": [40.0, 1.0, 1.0, 5, 0, 0], ""unused_pointer"": 552072576}"
government-ep2/q465-bb-j,7,88,"{""base_type"": 34, ""set_flags"": 512, ""runtime_index"": 12289, ""file_offset"": 29780, ""floor_field"": 7, ""entity_id_field"": 62791, ""group"": 0, ""room"": 4, ""unknown_a3"": 0, ""position"": [45.15997314453125, -37.13999938964844, 50.739990234375], ""angles"": [0, 0, 0], ""params"": [40.0, 1.0, 1.0, 4, 0, 0], ""unused_pointer"": 3236623744}"
government-ep2/q465-bb-j,8,60,"{""base_type"": 34, ""set_flags"": 0, ""runtime_index"": 13062, ""file_offset"": 37344, ""floor_field"": 8, ""entity_id_field"": 17472, ""group"": 0, ""room"": 1, ""unknown_a3"": 0, ""position"": [-40.0, -170.0, -10.0], ""angles"": [0, 0, 0], ""params"": [30.0, 1.0, 1.0, 1, 0, 0], ""unused_pointer"": 815723904}"
government-ep2/q465-bb-j,9,95,"{""base_type"": 34, ""set_flags"": 0, ""runtime_index"": 51714, ""file_offset"": 54972, ""floor_field"": 9, ""entity_id_field"": 59975, ""group"": 0, ""room"": 6, ""unknown_a3"": 0, ""position"": [-18.05133056640625, 10.0, 5.345611572265625], ""angles"": [0, 0, 0], ""params"": [31.0, 1.0, 1.0, 3, 0, 0], ""unused_pointer"": 3774018944}"
maximum-attack-ep1/q142-bb-e,2,58,"{""base_type"": 34, ""set_flags"": 0, ""runtime_index"": 1619, ""file_offset"": 7648, ""floor_field"": 2, ""entity_id_field"": 18375, ""group"": 0, ""room"": 3, ""unknown_a3"": 0, ""position"": [-16.446670532226562, 12.311989784240723, 137.04208374023438], ""angles"": [0, 0, 0], ""params"": [40.00001525878906, 1.0, 1.0, 5, 0, 0], ""unused_pointer"": 2365261424}"
maximum-attack-ep1/q142-bb-e,2,81,"{""base_type"": 34, ""set_flags"": 0, ""runtime_index"": 1980, ""file_offset"": 9212, ""floor_field"": 2, ""entity_id_field"": 18421, ""group"": 0, ""room"": 6, ""unknown_a3"": 0, ""position"": [-179.99771118164062, 28.009998321533203, 139.9989013671875], ""angles"": [0, 0, 0], ""params"": [-2.000000476837158, 1.0, 1.0, 104, -1, 0], ""unused_pointer"": 2365266096}"
maximum-attack-ep1/q142-bb-e,5,15,"{""base_type"": 34, ""set_flags"": 0, ""runtime_index"": 1759, ""file_offset"": 14464, ""floor_field"": 5, ""entity_id_field"": 18165, ""group"": 0, ""room"": 2, ""unknown_a3"": 0, ""position"": [10.0, 1.000000238418579, -170.0000762939453], ""angles"": [0, -32768, 0], ""params"": [-2.000000476837158, 1.0, 1.0, 110, -1, 0], ""unused_pointer"": 2365253472}"
maximum-attack-ep1/q142-bb-e,5,17,"{""base_type"": 34, ""set_flags"": 0, ""runtime_index"": 1762, ""file_offset"": 14600, ""floor_field"": 5, ""entity_id_field"": 18167, ""group"": 0, ""room"": 2, ""unknown_a3"": 0, ""position"": [-10.0, 1.000000238418579, -170.0000762939453], ""angles"": [0, -32768, 0], ""params"": [-2.000000476837158, 1.0, 1.0, 111, -1, 0], ""unused_pointer"": 2365254000}"
maximum-attack-ep1/q142-bb-e,5,63,"{""base_type"": 34, ""set_flags"": 0, ""runtime_index"": 1560, ""file_offset"": 17728, ""floor_field"": 5, ""entity_id_field"": 18158, ""group"": 0, ""room"": 10, ""unknown_a3"": 0, ""position"": [0.0009002685546875, 0.0, 9.999984741210938], ""angles"": [0, -16383, 0], ""params"": [40.00001907348633, 1.0, 1.0, 100, 0, 0], ""unused_pointer"": 2365261296}"
maximum-attack-ep1/q142-bb-e,5,69,"{""base_type"": 34, ""set_flags"": 0, ""runtime_index"": 1561, ""file_offset"": 18136, ""floor_field"": 5, ""entity_id_field"": 18162, ""group"": 0, ""room"": 12, ""unknown_a3"": 0, ""position"": [0.0009765625, 0.0, 9.999984741210938], ""angles"": [0, -16383, 0], ""params"": [40.00001907348633, 1.0, 1.0, 100, 0, 0], ""unused_pointer"": 2365258432}"
maximum-attack-ep1/q142-bb-e,5,75,"{""base_type"": 34, ""set_flags"": 0, ""runtime_index"": 1559, ""file_offset"": 18544, ""floor_field"": 5, ""entity_id_field"": 18157, ""group"": 0, ""room"": 13, ""unknown_a3"": 0, ""position"": [0.0, 0.0, 10.0], ""angles"": [0, -32768, 0], ""params"": [30.000015258789062, 1.0, 1.0, 100, 0, 0], ""unused_pointer"": 2365260992}"
maximum-attack-ep1/q142-bb-e,5,109,"{""base_type"": 34, ""set_flags"": 0, ""runtime_index"": 1797, ""file_offset"": 20856, ""floor_field"": 5, ""entity_id_field"": 18256, ""group"": 0, ""room"": 40, ""unknown_a3"": 0, ""position"": [-75.0, 1.000000238418579, 83.0], ""angles"": [0, -49152, 0], ""params"": [-2.000000476837158, 1.0, 1.0, 104, -1, 0], ""unused_pointer"": 2365298208}"
maximum-attack-ep1/q142-bb-e,7,35,"{""base_type"": 34, ""set_flags"": 0, ""runtime_index"": 1687, ""file_offset"": 31088, ""floor_field"": 7, ""entity_id_field"": 18623, ""group"": 0, ""room"": 2, ""unknown_a3"": 0, ""position"": [0.0, 1.000000238418579, 0.0], ""angles"": [0, 0, 0], ""params"": [30.000011444091797, 1.0, 1.0, 108, 0, 0], ""unused_pointer"": 2365240448}"
maximum-attack-ep1/q142-bb-e,7,75,"{""base_type"": 34, ""set_flags"": 0, ""runtime_index"": 1625, ""file_offset"": 33808, ""floor_field"": 7, ""entity_id_field"": 18018, ""group"": 0, ""room"": 50, ""unknown_a3"": 0, ""position"": [120.01150512695312, 0.0, 119.98849487304688], ""angles"": [0, -16383, 0], ""params"": [1.0, 1.0, 1.0, 103, -1, 0], ""unused_pointer"": 2365245136}"
maximum-attack-ep1/q142-bb-e,7,82,"{""base_type"": 34, ""set_flags"": 0, ""runtime_index"": 1661, ""file_offset"": 34284, ""floor_field"": 7, ""entity_id_field"": 18435, ""group"": 0, ""room"": 50, ""unknown_a3"": 0, ""position"": [50.000038146972656, 1.000000238418579, -0.004795074462890625], ""angles"": [0, -16383, 0], ""params"": [1.0, 1.0, 1.0, 107, -1, 0], ""unused_pointer"": 2365255584}"
maximum-attack-ep1/q142-bb-e,7,97,"{""base_type"": 34, ""set_flags"": 0, ""runtime_index"": 1617, ""file_offset"": 35304, ""floor_field"": 7, ""entity_id_field"": 18024, ""group"": 0, ""room"": 60, ""unknown_a3"": 0, ""position"": [-240.0, 0.0, -120.0], ""angles"": [0, 0, 0], ""params"": [2.000000238418579, 1.0, 1.0, 101, -1, 0], ""unused_pointer"": 2365246736}"
maximum-attack-ep1/q142-bb-e,7,118,"{""base_type"": 34, ""set_flags"": 0, ""runtime_index"": 1607, ""file_offset"": 36732, ""floor_field"": 7, ""entity_id_field"": 18073, ""group"": 0, ""room"": 61, ""unknown_a3"": 0, ""position"": [120.0, 0.0, 240.00006103515625], ""angles"": [0, 0, 0], ""params"": [1.0, 1.0, 1.0, 100, -1, 0], ""unused_pointer"": 2365277904}"
maximum-attack-ep1/q142-bb-e,7,121,"{""base_type"": 34, ""set_flags"": 0, ""runtime_index"": 1704, ""file_offset"": 36936, ""floor_field"": 7, ""entity_id_field"": 18076, ""group"": 0, ""room"": 61, ""unknown_a3"": 0, ""position"": [0.0, 1.000000238418579, 0.0], ""angles"": [0, 0, 0], ""params"": [10.000004768371582, 1.0, 1.0, 109, 0, 0], ""unused_pointer"": 2365278592}"
maximum-attack-ep1/q142-bb-e,7,138,"{""base_type"": 34, ""set_flags"": 0, ""runtime_index"": 1625, ""file_offset"": 38092, ""floor_field"": 7, ""entity_id_field"": 18227, ""group"": 0, ""room"": 70, ""unknown_a3"": 0, ""position"": [-64.0, 6.0, 64.0], ""angles"": [0, 0, 0], ""params"": [-2.000000476837158, 1.0, 1.0, 104, -1, 0], ""unused_pointer"": 2365257520}"
maximum-attack-ep1/q142-bb-e,7,152,"{""base_type"": 34, ""set_flags"": 0, ""runtime_index"": 1620, ""file_offset"": 39044, ""floor_field"": 7, ""entity_id_field"": 18119, ""group"": 0, ""room"": 90, ""unknown_a3"": 0, ""position"": [-120.0, 0.0, -240.0], ""angles"": [0, 0, 0], ""params"": [1.0, 1.0, 1.0, 102, -1, 0], ""unused_pointer"": 2365301952}"
maximum-attack-ep1/q142-bb-e,7,168,"{""base_type"": 34, ""set_flags"": 0, ""runtime_index"": 1410, ""file_offset"": 40132, ""floor_field"": 7, ""entity_id_field"": 18135, ""group"": 0, ""room"": 90, ""unknown_a3"": 0, ""position"": [10.0, 11.0, 50.0], ""angles"": [0, 0, 0], ""params"": [-1.000000238418579, 1.0, 1.0, 111, -1, 0], ""unused_pointer"": 2365311360}"
maximum-attack-ep1/q142-bb-e,7,169,"{""base_type"": 34, ""set_flags"": 0, ""runtime_index"": 1407, ""file_offset"": 40200, ""floor_field"": 7, ""entity_id_field"": 18136, ""group"": 0, ""room"": 90, ""unknown_a3"": 0, ""position"": [-20.0, 10.000004768371582, 90.0], ""angles"": [0, 0, 0], ""params"": [50.000022888183594, 1.0, 1.0, 108, 0, 0], ""unused_pointer"": 2365311664}"
maximum-attack-ep1/q142-bb-e,7,180,"{""base_type"": 34, ""set_flags"": 0, ""runtime_index"": 1652, ""file_offset"": 40948, ""floor_field"": 7, ""entity_id_field"": 18340, ""group"": 0, ""room"": 220, ""unknown_a3"": 0, ""position"": [-60.0, 0.0, 0.0], ""angles"": [0, -32768, 0], ""params"": [20.000009536743164, 1.0, 1.0, 112, 0, 0], ""unused_pointer"": 2365247328}"
maximum-attack-ep1/q142-bb-j,2,58,"{""base_type"": 34, ""set_flags"": 0, ""runtime_index"": 1619, ""file_offset"": 7648, ""floor_field"": 2, ""entity_id_field"": 18375, ""group"": 0, ""room"": 3, ""unknown_a3"": 0, ""position"": [-16.446670532226562, 12.311989784240723, 137.04208374023438], ""angles"": [0, 0, 0], ""params"": [40.00001525878906, 1.0, 1.0, 5, 0, 0], ""unused_pointer"": 2365261424}"
maximum-attack-ep1/q142-bb-j,2,81,"{""base_type"": 34, ""set_flags"": 0, ""runtime_index"": 1980, ""file_offset"": 9212, ""floor_field"": 2, ""entity_id_field"": 18421, ""group"": 0, ""room"": 6, ""unknown_a3"": 0, ""position"": [-179.99771118164062, 28.009998321533203, 139.9989013671875], ""angles"": [0, 0, 0], ""params"": [-2.000000476837158, 1.0, 1.0, 104, -1, 0], ""unused_pointer"": 2365266096}"
maximum-attack-ep1/q142-bb-j,5,15,"{""base_type"": 34, ""set_flags"": 0, ""runtime_index"": 1759, ""file_offset"": 14464, ""floor_field"": 5, ""entity_id_field"": 18165, ""group"": 0, ""room"": 2, ""unknown_a3"": 0, ""position"": [10.0, 1.000000238418579, -170.0000762939453], ""angles"": [0, -32768, 0], ""params"": [-2.000000476837158, 1.0, 1.0, 110, -1, 0], ""unused_pointer"": 2365253472}"
maximum-attack-ep1/q142-bb-j,5,17,"{""base_type"": 34, ""set_flags"": 0, ""runtime_index"": 1762, ""file_offset"": 14600, ""floor_field"": 5, ""entity_id_field"": 18167, ""group"": 0, ""room"": 2, ""unknown_a3"": 0, ""position"": [-10.0, 1.000000238418579, -170.0000762939453], ""angles"": [0, -32768, 0], ""params"": [-2.000000476837158, 1.0, 1.0, 111, -1, 0], ""unused_pointer"": 2365254000}"
maximum-attack-ep1/q142-bb-j,5,63,"{""base_type"": 34, ""set_flags"": 0, ""runtime_index"": 1560, ""file_offset"": 17728, ""floor_field"": 5, ""entity_id_field"": 18158, ""group"": 0, ""room"": 10, ""unknown_a3"": 0, ""position"": [0.0009002685546875, 0.0, 9.999984741210938], ""angles"": [0, -16383, 0], ""params"": [40.00001907348633, 1.0, 1.0, 100, 0, 0], ""unused_pointer"": 2365261296}"
maximum-attack-ep1/q142-bb-j,5,69,"{""base_type"": 34, ""set_flags"": 0, ""runtime_index"": 1561, ""file_offset"": 18136, ""floor_field"": 5, ""entity_id_field"": 18162, ""group"": 0, ""room"": 12, ""unknown_a3"": 0, ""position"": [0.0009765625, 0.0, 9.999984741210938], ""angles"": [0, -16383, 0], ""params"": [40.00001907348633, 1.0, 1.0, 100, 0, 0], ""unused_pointer"": 2365258432}"
maximum-attack-ep1/q142-bb-j,5,75,"{""base_type"": 34, ""set_flags"": 0, ""runtime_index"": 1559, ""file_offset"": 18544, ""floor_field"": 5, ""entity_id_field"": 18157, ""group"": 0, ""room"": 13, ""unknown_a3"": 0, ""position"": [0.0, 0.0, 10.0], ""angles"": [0, -32768, 0], ""params"": [30.000015258789062, 1.0, 1.0, 100, 0, 0], ""unused_pointer"": 2365260992}"
maximum-attack-ep1/q142-bb-j,5,109,"{""base_type"": 34, ""set_flags"": 0, ""runtime_index"": 1797, ""file_offset"": 20856, ""floor_field"": 5, ""entity_id_field"": 18256, ""group"": 0, ""room"": 40, ""unknown_a3"": 0, ""position"": [-75.0, 1.000000238418579, 83.0], ""angles"": [0, -49152, 0], ""params"": [-2.000000476837158, 1.0, 1.0, 104, -1, 0], ""unused_pointer"": 2365298208}"
maximum-attack-ep1/q142-bb-j,7,35,"{""base_type"": 34, ""set_flags"": 0, ""runtime_index"": 1687, ""file_offset"": 31088, ""floor_field"": 7, ""entity_id_field"": 18623, ""group"": 0, ""room"": 2, ""unknown_a3"": 0, ""position"": [0.0, 1.000000238418579, 0.0], ""angles"": [0, 0, 0], ""params"": [30.000011444091797, 1.0, 1.0, 108, 0, 0], ""unused_pointer"": 2365240448}"
maximum-attack-ep1/q142-bb-j,7,75,"{""base_type"": 34, ""set_flags"": 0, ""runtime_index"": 1625, ""file_offset"": 33808, ""floor_field"": 7, ""entity_id_field"": 18018, ""group"": 0, ""room"": 50, ""unknown_a3"": 0, ""position"": [120.01150512695312, 0.0, 119.98849487304688], ""angles"": [0, -16383, 0], ""params"": [1.0, 1.0, 1.0, 103, -1, 0], ""unused_pointer"": 2365245136}"
maximum-attack-ep1/q142-bb-j,7,82,"{""base_type"": 34, ""set_flags"": 0, ""runtime_index"": 1661, ""file_offset"": 34284, ""floor_field"": 7, ""entity_id_field"": 18435, ""group"": 0, ""room"": 50, ""unknown_a3"": 0, ""position"": [50.000038146972656, 1.000000238418579, -0.004795074462890625], ""angles"": [0, -16383, 0], ""params"": [1.0, 1.0, 1.0, 107, -1, 0], ""unused_pointer"": 2365255584}"
maximum-attack-ep1/q142-bb-j,7,97,"{""base_type"": 34, ""set_flags"": 0, ""runtime_index"": 1617, ""file_offset"": 35304, ""floor_field"": 7, ""entity_id_field"": 18024, ""group"": 0, ""room"": 60, ""unknown_a3"": 0, ""position"": [-240.0, 0.0, -120.0], ""angles"": [0, 0, 0], ""params"": [2.000000238418579, 1.0, 1.0, 101, -1, 0], ""unused_pointer"": 2365246736}"
maximum-attack-ep1/q142-bb-j,7,118,"{""base_type"": 34, ""set_flags"": 0, ""runtime_index"": 1607, ""file_offset"": 36732, ""floor_field"": 7, ""entity_id_field"": 18073, ""group"": 0, ""room"": 61, ""unknown_a3"": 0, ""position"": [120.0, 0.0, 240.00006103515625], ""angles"": [0, 0, 0], ""params"": [1.0, 1.0, 1.0, 100, -1, 0], ""unused_pointer"": 2365277904}"
maximum-attack-ep1/q142-bb-j,7,121,"{""base_type"": 34, ""set_flags"": 0, ""runtime_index"": 1704, ""file_offset"": 36936, ""floor_field"": 7, ""entity_id_field"": 18076, ""group"": 0, ""room"": 61, ""unknown_a3"": 0, ""position"": [0.0, 1.000000238418579, 0.0], ""angles"": [0, 0, 0], ""params"": [10.000004768371582, 1.0, 1.0, 109, 0, 0], ""unused_pointer"": 2365278592}"
maximum-attack-ep1/q142-bb-j,7,138,"{""base_type"": 34, ""set_flags"": 0, ""runtime_index"": 1625, ""file_offset"": 38092, ""floor_field"": 7, ""entity_id_field"": 18227, ""group"": 0, ""room"": 70, ""unknown_a3"": 0, ""position"": [-64.0, 6.0, 64.0], ""angles"": [0, 0, 0], ""params"": [-2.000000476837158, 1.0, 1.0, 104, -1, 0], ""unused_pointer"": 2365257520}"
maximum-attack-ep1/q142-bb-j,7,152,"{""base_type"": 34, ""set_flags"": 0, ""runtime_index"": 1620, ""file_offset"": 39044, ""floor_field"": 7, ""entity_id_field"": 18119, ""group"": 0, ""room"": 90, ""unknown_a3"": 0, ""position"": [-120.0, 0.0, -240.0], ""angles"": [0, 0, 0], ""params"": [1.0, 1.0, 1.0, 102, -1, 0], ""unused_pointer"": 2365301952}"
maximum-attack-ep1/q142-bb-j,7,168,"{""base_type"": 34, ""set_flags"": 0, ""runtime_index"": 1410, ""file_offset"": 40132, ""floor_field"": 7, ""entity_id_field"": 18135, ""group"": 0, ""room"": 90, ""unknown_a3"": 0, ""position"": [10.0, 11.0, 50.0], ""angles"": [0, 0, 0], ""params"": [-1.000000238418579, 1.0, 1.0, 111, -1, 0], ""unused_pointer"": 2365311360}"
maximum-attack-ep1/q142-bb-j,7,169,"{""base_type"": 34, ""set_flags"": 0, ""runtime_index"": 1407, ""file_offset"": 40200, ""floor_field"": 7, ""entity_id_field"": 18136, ""group"": 0, ""room"": 90, ""unknown_a3"": 0, ""position"": [-20.0, 10.000004768371582, 90.0], ""angles"": [0, 0, 0], ""params"": [50.000022888183594, 1.0, 1.0, 108, 0, 0], ""unused_pointer"": 2365311664}"
maximum-attack-ep1/q142-bb-j,7,180,"{""base_type"": 34, ""set_flags"": 0, ""runtime_index"": 1652, ""file_offset"": 40948, ""floor_field"": 7, ""entity_id_field"": 18340, ""group"": 0, ""room"": 220, ""unknown_a3"": 0, ""position"": [-60.0, 0.0, 0.0], ""angles"": [0, -32768, 0], ""params"": [20.000009536743164, 1.0, 1.0, 112, 0, 0], ""unused_pointer"": 2365247328}"
maximum-attack-ep1/q237-bb-e,2,58,"{""base_type"": 34, ""set_flags"": 2, ""runtime_index"": 84, ""file_offset"": 5744, ""floor_field"": 2, ""entity_id_field"": 18447, ""group"": 0, ""room"": 3, ""unknown_a3"": 0, ""position"": [-16.446670532226562, 12.311989784240723, 137.04208374023438], ""angles"": [0, 0, 0], ""params"": [40.00001525878906, 1.0, 1.0, 5, 0, 0], ""unused_pointer"": 69926560}"
maximum-attack-ep1/q237-bb-e,2,81,"{""base_type"": 34, ""set_flags"": 2, ""runtime_index"": 107, ""file_offset"": 7308, ""floor_field"": 2, ""entity_id_field"": 18471, ""group"": 0, ""room"": 6, ""unknown_a3"": 0, ""position"": [-179.99771118164062, 28.009998321533203, 139.9989013671875], ""angles"": [0, 0, 0], ""params"": [-2.000000476837158, 1.0, 1.0, 104, -1, 0], ""unused_pointer"": 69937648}"
maximum-attack-ep1/q237-bb-e,5,15,"{""base_type"": 34, ""set_flags"": 0, ""runtime_index"": 587, ""file_offset"": 12356, ""floor_field"": 5, ""entity_id_field"": 19026, ""group"": 0, ""room"": 2, ""unknown_a3"": 0, ""position"": [10.0, 0.999997615814209, -195.0], ""angles"": [0, -32768, 0], ""params"": [-2.000000476837158, 1.0, 1.0, 110, -1, 0], ""unused_pointer"": 70027424}"
maximum-attack-ep1/q237-bb-e,5,17,"{""base_type"": 34, ""set_flags"": 0, ""runtime_index"": 584, ""file_offset"": 12492, ""floor_field"": 5, ""entity_id_field"": 19015, ""group"": 0, ""room"": 2, ""unknown_a3"": 0, ""position"": [-10.0, 1.0, -165.0], ""angles"": [0, -32768, 0], ""params"": [-2.000000476837158, 1.0, 1.0, 111, -1, 0], ""unused_pointer"": 70067568}"
maximum-attack-ep1/q237-bb-e,5,63,"{""base_type"": 34, ""set_flags"": 2, ""runtime_index"": 232, ""file_offset"": 15620, ""floor_field"": 5, ""entity_id_field"": 16616, ""group"": 0, ""room"": 10, ""unknown_a3"": 0, ""position"": [0.0008544921875, 0.0, 10.0], ""angles"": [0, -16383, 0], ""params"": [40.00001907348633, 1.0, 1.0, 100, 0, 0], ""unused_pointer"": 70070800}"
maximum-attack-ep1/q237-bb-e,5,69,"{""base_type"": 34, ""set_flags"": 2, ""runtime_index"": 238, ""file_offset"": 16028, ""floor_field"": 5, ""entity_id_field"": 16622, ""group"": 0, ""room"": 12, ""unknown_a3"": 0, ""position"": [0.0009765625, 0.0, 10.0], ""angles"": [0, -16383, 0], ""params"": [40.00001907348633, 1.0, 1.0, 100, 0, 0], ""unused_pointer"": 70072144}"
maximum-attack-ep1/q237-bb-e,5,75,"{""base_type"": 34, ""set_flags"": 2, ""runtime_index"": 244, ""file_offset"": 16436, ""floor_field"": 5, ""entity_id_field"": 16628, ""group"": 0, ""room"": 13, ""unknown_a3"": 0, ""position"": [0.0, 0.0, 10.0], ""angles"": [0, -32768, 0], ""params"": [30.000015258789062, 1.0, 1.0, 100, 0, 0], ""unused_pointer"": 70073488}"
maximum-attack-ep1/q237-bb-e,5,109,"{""base_type"": 34, ""set_flags"": 2, ""runtime_index"": 278, ""file_offset"": 18748, ""floor_field"": 5, ""entity_id_field"": 16662, ""group"": 0, ""room"": 40, ""unknown_a3"": 0, ""position"": [-75.0, 1.000000238418579, 83.0], ""angles"": [0, -49152, 0], ""params"": [-2.000000476837158, 1.0, 1.0, 104, -1, 0], ""unused_pointer"": 70094032}"
maximum-attack-ep1/q237-bb-e,7,35,"{""base_type"": 34, ""set_flags"": 2, ""runtime_index"": 430, ""file_offset"": 28844, ""floor_field"": 7, ""entity_id_field"": 16814, ""group"": 0, ""room"": 2, ""unknown_a3"": 0, ""position"": [0.0, 1.000000238418579, 0.0], ""angles"": [0, 0, 0], ""params"": [30.000011444091797, 1.0, 1.0, 108, 0, 0], ""unused_pointer"": 69963088}"
maximum-attack-ep1/q237-bb-e,7,71,"{""base_type"": 34, ""set_flags"": 2, ""runtime_index"": 470, ""file_offset"": 31292, ""floor_field"": 7, ""entity_id_field"": 16854, ""group"": 0, ""room"": 50, ""unknown_a3"": 0, ""position"": [120.01148986816406, 0.0, 119.98847961425781], ""angles"": [0, -16383, 0], ""params"": [1.0, 1.0, 1.0, 103, -1, 0], ""unused_pointer"": 70013472}"
maximum-attack-ep1/q237-bb-e,7,78,"{""base_type"": 34, ""set_flags"": 2, ""runtime_index"": 477, ""file_offset"": 31768, ""floor_field"": 7, ""entity_id_field"": 16861, ""group"": 0, ""room"": 50, ""unknown_a3"": 0, ""position"": [50.000030517578125, 1.000000238418579, -0.004791259765625], ""angles"": [0, -16383, 0], ""params"": [1.0, 1.0, 1.0, 107, -1, 0], ""unused_pointer"": 70014704}"
maximum-attack-ep1/q237-bb-e,7,93,"{""base_type"": 34, ""set_flags"": 2, ""runtime_index"": 492, ""file_offset"": 32788, ""floor_field"": 7, ""entity_id_field"": 16876, ""group"": 0, ""room"": 60, ""unknown_a3"": 0, ""position"": [-240.0, 0.0, -120.0], ""angles"": [0, 0, 0], ""params"": [2.000000238418579, 1.0, 1.0, 101, -1, 0], ""unused_pointer"": 70027008}"
maximum-attack-ep1/q237-bb-e,7,114,"{""base_type"": 34, ""set_flags"": 2, ""runtime_index"": 513, ""file_offset"": 34216, ""floor_field"": 7, ""entity_id_field"": 16897, ""group"": 0, ""room"": 61, ""unknown_a3"": 0, ""position"": [120.0, 0.0, 240.00006103515625], ""angles"": [0, 0, 0], ""params"": [1.0, 1.0, 1.0, 100, -1, 0], ""unused_pointer"": 70038960}"
maximum-attack-ep1/q237-bb-e,7,117,"{""base_type"": 34, ""set_flags"": 2, ""runtime_index"": 516, ""file_offset"": 34420, ""floor_field"": 7, ""entity_id_field"": 16900, ""group"": 0, ""room"": 61, ""unknown_a3"": 0, ""position"": [0.0, 1.000000238418579, 0.0], ""angles"": [0, 0, 0], ""params"": [10.000004768371582, 1.0, 1.0, 109, 0, 0], ""unused_pointer"": 70039600}"
maximum-attack-ep1/q237-bb-e,7,134,"{""base_type"": 34, ""set_flags"": 2, ""runtime_index"": 533, ""file_offset"": 35576, ""floor_field"": 7, ""entity_id_field"": 16917, ""group"": 0, ""room"": 70, ""unknown_a3"": 0, ""position"": [-64.0, 6.0, 64.0], ""angles"": [0, 0, 0], ""params"": [-2.000000476837158, 1.0, 1.0, 104, -1, 0], ""unused_pointer"": 70050208}"
maximum-attack-ep1/q237-bb-e,7,148,"{""base_type"": 34, ""set_flags"": 2, ""runtime_index"": 547, ""file_offset"": 36528, ""floor_field"": 7, ""entity_id_field"": 16931, ""group"": 0, ""room"": 90, ""unknown_a3"": 0, ""position"": [-120.0, 0.0, -240.0], ""angles"": [0, 0, 0], ""params"": [1.0, 1.0, 1.0, 102, -1, 0], ""unused_pointer"": 70056608}"
maximum-attack-ep1/q237-bb-e,7,164,"{""base_type"": 34, ""set_flags"": 2, ""runtime_index"": 563, ""file_offset"": 37616, ""floor_field"": 7, ""entity_id_field"": 16947, ""group"": 0, ""room"": 90, ""unknown_a3"": 0, ""position"": [10.0, 11.0, 50.0], ""angles"": [0, 0, 0], ""params"": [-1.000000238418579, 1.0, 1.0, 111, -1, 0], ""unused_pointer"": 70065680}"
maximum-attack-ep1/q237-bb-e,7,165,"{""base_type"": 34, ""set_flags"": 2, ""runtime_index"": 564, ""file_offset"": 37684, ""floor_field"": 7, ""entity_id_field"": 16948, ""group"": 0, ""room"": 90, ""unknown_a3"": 0, ""position"": [-20.0, 10.000004768371582, 90.0], ""angles"": [0, 0, 0], ""params"": [50.000022888183594, 1.0, 1.0, 108, 0, 0], ""unused_pointer"": 70065936}"
maximum-attack-ep1/q237-bb-e,7,176,"{""base_type"": 34, ""set_flags"": 2, ""runtime_index"": 575, ""file_offset"": 38432, ""floor_field"": 7, ""entity_id_field"": 16959, ""group"": 0, ""room"": 220, ""unknown_a3"": 0, ""position"": [-60.0, 0.0, 0.0], ""angles"": [0, -32768, 0], ""params"": [20.000009536743164, 1.0, 1.0, 112, 0, 0], ""unused_pointer"": 70074512}"
maximum-attack-ep1/q237-bb-j,2,58,"{""base_type"": 34, ""set_flags"": 2, ""runtime_index"": 84, ""file_offset"": 5744, ""floor_field"": 2, ""entity_id_field"": 18447, ""group"": 0, ""room"": 3, ""unknown_a3"": 0, ""position"": [-16.446670532226562, 12.311989784240723, 137.04208374023438], ""angles"": [0, 0, 0], ""params"": [40.00001525878906, 1.0, 1.0, 5, 0, 0], ""unused_pointer"": 69926560}"
maximum-attack-ep1/q237-bb-j,2,81,"{""base_type"": 34, ""set_flags"": 2, ""runtime_index"": 107, ""file_offset"": 7308, ""floor_field"": 2, ""entity_id_field"": 18471, ""group"": 0, ""room"": 6, ""unknown_a3"": 0, ""position"": [-179.99771118164062, 28.009998321533203, 139.9989013671875], ""angles"": [0, 0, 0], ""params"": [-2.000000476837158, 1.0, 1.0, 104, -1, 0], ""unused_pointer"": 69937648}"
maximum-attack-ep1/q237-bb-j,5,15,"{""base_type"": 34, ""set_flags"": 0, ""runtime_index"": 587, ""file_offset"": 12356, ""floor_field"": 5, ""entity_id_field"": 19026, ""group"": 0, ""room"": 2, ""unknown_a3"": 0, ""position"": [10.0, 0.999997615814209, -195.0], ""angles"": [0, -32768, 0], ""params"": [-2.000000476837158, 1.0, 1.0, 110, -1, 0], ""unused_pointer"": 70027424}"
maximum-attack-ep1/q237-bb-j,5,17,"{""base_type"": 34, ""set_flags"": 0, ""runtime_index"": 584, ""file_offset"": 12492, ""floor_field"": 5, ""entity_id_field"": 19015, ""group"": 0, ""room"": 2, ""unknown_a3"": 0, ""position"": [-10.0, 1.0, -165.0], ""angles"": [0, -32768, 0], ""params"": [-2.000000476837158, 1.0, 1.0, 111, -1, 0], ""unused_pointer"": 70067568}"
maximum-attack-ep1/q237-bb-j,5,63,"{""base_type"": 34, ""set_flags"": 2, ""runtime_index"": 232, ""file_offset"": 15620, ""floor_field"": 5, ""entity_id_field"": 16616, ""group"": 0, ""room"": 10, ""unknown_a3"": 0, ""position"": [0.0008544921875, 0.0, 10.0], ""angles"": [0, -16383, 0], ""params"": [40.00001907348633, 1.0, 1.0, 100, 0, 0], ""unused_pointer"": 70070800}"
maximum-attack-ep1/q237-bb-j,5,69,"{""base_type"": 34, ""set_flags"": 2, ""runtime_index"": 238, ""file_offset"": 16028, ""floor_field"": 5, ""entity_id_field"": 16622, ""group"": 0, ""room"": 12, ""unknown_a3"": 0, ""position"": [0.0009765625, 0.0, 10.0], ""angles"": [0, -16383, 0], ""params"": [40.00001907348633, 1.0, 1.0, 100, 0, 0], ""unused_pointer"": 70072144}"
maximum-attack-ep1/q237-bb-j,5,75,"{""base_type"": 34, ""set_flags"": 2, ""runtime_index"": 244, ""file_offset"": 16436, ""floor_field"": 5, ""entity_id_field"": 16628, ""group"": 0, ""room"": 13, ""unknown_a3"": 0, ""position"": [0.0, 0.0, 10.0], ""angles"": [0, -32768, 0], ""params"": [30.000015258789062, 1.0, 1.0, 100, 0, 0], ""unused_pointer"": 70073488}"
maximum-attack-ep1/q237-bb-j,5,109,"{""base_type"": 34, ""set_flags"": 2, ""runtime_index"": 278, ""file_offset"": 18748, ""floor_field"": 5, ""entity_id_field"": 16662, ""group"": 0, ""room"": 40, ""unknown_a3"": 0, ""position"": [-75.0, 1.000000238418579, 83.0], ""angles"": [0, -49152, 0], ""params"": [-2.000000476837158, 1.0, 1.0, 104, -1, 0], ""unused_pointer"": 70094032}"
maximum-attack-ep1/q237-bb-j,7,35,"{""base_type"": 34, ""set_flags"": 2, ""runtime_index"": 430, ""file_offset"": 28844, ""floor_field"": 7, ""entity_id_field"": 16814, ""group"": 0, ""room"": 2, ""unknown_a3"": 0, ""position"": [0.0, 1.000000238418579, 0.0], ""angles"": [0, 0, 0], ""params"": [30.000011444091797, 1.0, 1.0, 108, 0, 0], ""unused_pointer"": 69963088}"
maximum-attack-ep1/q237-bb-j,7,71,"{""base_type"": 34, ""set_flags"": 2, ""runtime_index"": 470, ""file_offset"": 31292, ""floor_field"": 7, ""entity_id_field"": 16854, ""group"": 0, ""room"": 50, ""unknown_a3"": 0, ""position"": [120.01148986816406, 0.0, 119.98847961425781], ""angles"": [0, -16383, 0], ""params"": [1.0, 1.0, 1.0, 103, -1, 0], ""unused_pointer"": 70013472}"
maximum-attack-ep1/q237-bb-j,7,78,"{""base_type"": 34, ""set_flags"": 2, ""runtime_index"": 477, ""file_offset"": 31768, ""floor_field"": 7, ""entity_id_field"": 16861, ""group"": 0, ""room"": 50, ""unknown_a3"": 0, ""position"": [50.000030517578125, 1.000000238418579, -0.004791259765625], ""angles"": [0, -16383, 0], ""params"": [1.0, 1.0, 1.0, 107, -1, 0], ""unused_pointer"": 70014704}"
maximum-attack-ep1/q237-bb-j,7,93,"{""base_type"": 34, ""set_flags"": 2, ""runtime_index"": 492, ""file_offset"": 32788, ""floor_field"": 7, ""entity_id_field"": 16876, ""group"": 0, ""room"": 60, ""unknown_a3"": 0, ""position"": [-240.0, 0.0, -120.0], ""angles"": [0, 0, 0], ""params"": [2.000000238418579, 1.0, 1.0, 101, -1, 0], ""unused_pointer"": 70027008}"
maximum-attack-ep1/q237-bb-j,7,114,"{""base_type"": 34, ""set_flags"": 2, ""runtime_index"": 513, ""file_offset"": 34216, ""floor_field"": 7, ""entity_id_field"": 16897, ""group"": 0, ""room"": 61, ""unknown_a3"": 0, ""position"": [120.0, 0.0, 240.00006103515625], ""angles"": [0, 0, 0], ""params"": [1.0, 1.0, 1.0, 100, -1, 0], ""unused_pointer"": 70038960}"
maximum-attack-ep1/q237-bb-j,7,117,"{""base_type"": 34, ""set_flags"": 2, ""runtime_index"": 516, ""file_offset"": 34420, ""floor_field"": 7, ""entity_id_field"": 16900, ""group"": 0, ""room"": 61, ""unknown_a3"": 0, ""position"": [0.0, 1.000000238418579, 0.0], ""angles"": [0, 0, 0], ""params"": [10.000004768371582, 1.0, 1.0, 109, 0, 0], ""unused_pointer"": 70039600}"
maximum-attack-ep1/q237-bb-j,7,134,"{""base_type"": 34, ""set_flags"": 2, ""runtime_index"": 533, ""file_offset"": 35576, ""floor_field"": 7, ""entity_id_field"": 16917, ""group"": 0, ""room"": 70, ""unknown_a3"": 0, ""position"": [-64.0, 6.0, 64.0], ""angles"": [0, 0, 0], ""params"": [-2.000000476837158, 1.0, 1.0, 104, -1, 0], ""unused_pointer"": 70050208}"
maximum-attack-ep1/q237-bb-j,7,148,"{""base_type"": 34, ""set_flags"": 2, ""runtime_index"": 547, ""file_offset"": 36528, ""floor_field"": 7, ""entity_id_field"": 16931, ""group"": 0, ""room"": 90, ""unknown_a3"": 0, ""position"": [-120.0, 0.0, -240.0], ""angles"": [0, 0, 0], ""params"": [1.0, 1.0, 1.0, 102, -1, 0], ""unused_pointer"": 70056608}"
maximum-attack-ep1/q237-bb-j,7,164,"{""base_type"": 34, ""set_flags"": 2, ""runtime_index"": 563, ""file_offset"": 37616, ""floor_field"": 7, ""entity_id_field"": 16947, ""group"": 0, ""room"": 90, ""unknown_a3"": 0, ""position"": [10.0, 11.0, 50.0], ""angles"": [0, 0, 0], ""params"": [-1.000000238418579, 1.0, 1.0, 111, -1, 0], ""unused_pointer"": 70065680}"
maximum-attack-ep1/q237-bb-j,7,165,"{""base_type"": 34, ""set_flags"": 2, ""runtime_index"": 564, ""file_offset"": 37684, ""floor_field"": 7, ""entity_id_field"": 16948, ""group"": 0, ""room"": 90, ""unknown_a3"": 0, ""position"": [-20.0, 10.000004768371582, 90.0], ""angles"": [0, 0, 0], ""params"": [50.000022888183594, 1.0, 1.0, 108, 0, 0], ""unused_pointer"": 70065936}"
maximum-attack-ep1/q237-bb-j,7,176,"{""base_type"": 34, ""set_flags"": 2, ""runtime_index"": 575, ""file_offset"": 38432, ""floor_field"": 7, ""entity_id_field"": 16959, ""group"": 0, ""room"": 220, ""unknown_a3"": 0, ""position"": [-60.0, 0.0, 0.0], ""angles"": [0, -32768, 0], ""params"": [20.000009536743164, 1.0, 1.0, 112, 0, 0], ""unused_pointer"": 70074512}"
maximum-attack-ep2/q211-bb-e,2,41,"{""base_type"": 34, ""set_flags"": 0, ""runtime_index"": 24584, ""file_offset"": 7376, ""floor_field"": 2, ""entity_id_field"": 36680, ""group"": 0, ""room"": 50, ""unknown_a3"": 0, ""position"": [0.0, 0.0, -350.0], ""angles"": [0, 0, 0], ""params"": [11.0, 1.0, 1.0, 13, 0, 0], ""unused_pointer"": 2423710336}"
maximum-attack-ep2/q211-bb-e,3,57,"{""base_type"": 34, ""set_flags"": 0, ""runtime_index"": 29192, ""file_offset"": 16776, ""floor_field"": 3, ""entity_id_field"": 53578, ""group"": 0, ""room"": 11, ""unknown_a3"": 0, ""position"": [40.0, -2.0, 65.0], ""angles"": [0, 0, 0], ""params"": [5.0, 1.0, 1.0, 104, 0, 0], ""unused_pointer"": 1618010752}"
maximum-attack-ep2/q211-bb-e,3,58,"{""base_type"": 34, ""set_flags"": 0, ""runtime_index"": 29448, ""file_offset"": 16844, ""floor_field"": 3, ""entity_id_field"": 53834, ""group"": 0, ""room"": 11, ""unknown_a3"": 0, ""position"": [-40.0, -2.0, 65.0], ""angles"": [0, 0, 0], ""params"": [5.0, 1.0, 1.0, 104, 0, 0], ""unused_pointer"": 1619190400}"
maximum-attack-ep2/q211-bb-e,3,69,"{""base_type"": 34, ""set_flags"": 0, ""runtime_index"": 23560, ""file_offset"": 17592, ""floor_field"": 3, ""entity_id_field"": 45641, ""group"": 0, ""room"": 21, ""unknown_a3"": 0, ""position"": [-20.0, 1.0, -170.0], ""angles"": [0, 0, 0], ""params"": [-3.0, 1.0, 1.0, 106, 0, 0], ""unused_pointer"": 2157437824}"
maximum-attack-ep2/q211-bb-e,3,78,"{""base_type"": 34, ""set_flags"": 0, ""runtime_index"": 37384, ""file_offset"": 18204, ""floor_field"": 3, ""entity_id_field"": 48201, ""group"": 0, ""room"": 21, ""unknown_a3"": 0, ""position"": [20.0, 1.0, -170.0], ""angles"": [0, 0, 0], ""params"": [-3.0, 1.0, 1.0, 105, 0, 0], ""unused_pointer"": 11592576}"
maximum-attack-ep2/q211-bb-e,3,79,"{""base_type"": 34, ""set_flags"": 0, ""runtime_index"": 38408, ""file_offset"": 18272, ""floor_field"": 3, ""entity_id_field"": 48457, ""group"": 0, ""room"": 21, ""unknown_a3"": 0, ""position"": [-20.0, -29.01000213623047, -270.0], ""angles"": [0, 0, 0], ""params"": [-3.0, 1.0, 1.0, 108, 0, 0], ""unused_pointer"": 11658112}"
maximum-attack-ep2/q211-bb-e,3,80,"{""base_type"": 34, ""set_flags"": 0, ""runtime_index"": 38664, ""file_offset"": 18340, ""floor_field"": 3, ""entity_id_field"": 48713, ""group"": 0, ""room"": 21, ""unknown_a3"": 0, ""position"": [20.0, -29.01000213623047, -270.0], ""angles"": [0, 0, 0], ""params"": [-3.0, 1.0, 1.0, 107, 0, 0], ""unused_pointer"": 11723648}"
maximum-attack-ep2/q211-bb-e,6,19,"{""base_type"": 34, ""set_flags"": 0, ""runtime_index"": 23048, ""file_offset"": 29320, ""floor_field"": 6, ""entity_id_field"": 46920, ""group"": 0, ""room"": 1, ""unknown_a3"": 0, ""position"": [0.0, 32.0, 20.0], ""angles"": [0, 0, 0], ""params"": [50.0, 1.0, 1.0, 13, 0, 0], ""unused_pointer"": 2960515712}"
maximum-attack-ep2/q494-bb-e,2,41,"{""base_type"": 34, ""set_flags"": 0, ""runtime_index"": 24584, ""file_offset"": 7444, ""floor_field"": 2, ""entity_id_field"": 36680, ""group"": 0, ""room"": 50, ""unknown_a3"": 0, ""position"": [0.0, 0.0, -350.0], ""angles"": [0, 0, 0], ""params"": [11.0, 1.0, 1.0, 13, 0, 0], ""unused_pointer"": 2423710336}"
maximum-attack-ep2/q494-bb-e,3,57,"{""base_type"": 34, ""set_flags"": 0, ""runtime_index"": 29192, ""file_offset"": 16844, ""floor_field"": 3, ""entity_id_field"": 18704, ""group"": 0, ""room"": 11, ""unknown_a3"": 0, ""position"": [40.0, -2.0, 65.0], ""angles"": [0, 0, 0], ""params"": [5.0, 1.0, 1.0, 104, 0, 0], ""unused_pointer"": 69993920}"
maximum-attack-ep2/q494-bb-e,3,58,"{""base_type"": 34, ""set_flags"": 0, ""runtime_index"": 29448, ""file_offset"": 16912, ""floor_field"": 3, ""entity_id_field"": 18705, ""group"": 0, ""room"": 11, ""unknown_a3"": 0, ""position"": [-40.0, -2.0, 65.0], ""angles"": [0, 0, 0], ""params"": [5.0, 1.0, 1.0, 104, 0, 0], ""unused_pointer"": 69994176}"
maximum-attack-ep2/q494-bb-e,3,68,"{""base_type"": 34, ""set_flags"": 0, ""runtime_index"": 23560, ""file_offset"": 17592, ""floor_field"": 3, ""entity_id_field"": 18715, ""group"": 0, ""room"": 21, ""unknown_a3"": 0, ""position"": [-20.0, 1.0, -170.0], ""angles"": [0, 0, 0], ""params"": [-3.0, 1.0, 1.0, 106, 0, 0], ""unused_pointer"": 69997936}"
maximum-attack-ep2/q494-bb-e,3,76,"{""base_type"": 34, ""set_flags"": 0, ""runtime_index"": 2105, ""file_offset"": 18136, ""floor_field"": 3, ""entity_id_field"": 18723, ""group"": 0, ""room"": 21, ""unknown_a3"": 0, ""position"": [14.860336303710938, 0.0, -170.07000732421875], ""angles"": [0, 0, 0], ""params"": [-3.0, 1.0, 1.0, 105, 0, 0], ""unused_pointer"": 70001504}"
maximum-attack-ep2/q494-bb-e,3,77,"{""base_type"": 34, ""set_flags"": 0, ""runtime_index"": 38408, ""file_offset"": 18204, ""floor_field"": 3, ""entity_id_field"": 18724, ""group"": 0, ""room"": 21, ""unknown_a3"": 0, ""position"": [-20.0, -29.01000213623047, -270.0], ""angles"": [0, 0, 0], ""params"": [-3.0, 1.0, 1.0, 108, 0, 0], ""unused_pointer"": 70001760}"
maximum-attack-ep2/q494-bb-e,3,78,"{""base_type"": 34, ""set_flags"": 0, ""runtime_index"": 38664, ""file_offset"": 18272, ""floor_field"": 3, ""entity_id_field"": 18725, ""group"": 0, ""room"": 21, ""unknown_a3"": 0, ""position"": [20.0, -29.01000213623047, -270.0], ""angles"": [0, 0, 0], ""params"": [-3.0, 1.0, 1.0, 107, 0, 0], ""unused_pointer"": 70002016}"
maximum-attack-ep2/q494-bb-e,6,19,"{""base_type"": 34, ""set_flags"": 0, ""runtime_index"": 23048, ""file_offset"": 29184, ""floor_field"": 6, ""entity_id_field"": 18516, ""group"": 0, ""room"": 1, ""unknown_a3"": 0, ""position"": [0.0, 32.0, 20.0], ""angles"": [0, 0, 0], ""params"": [50.0, 1.0, 1.0, 13, 0, 0], ""unused_pointer"": 69908032}"
maximum-attack-ep2/q494-bb-j,2,41,"{""base_type"": 34, ""set_flags"": 0, ""runtime_index"": 24584, ""file_offset"": 7444, ""floor_field"": 2, ""entity_id_field"": 36680, ""group"": 0, ""room"": 50, ""unknown_a3"": 0, ""position"": [0.0, 0.0, -350.0], ""angles"": [0, 0, 0], ""params"": [11.0, 1.0, 1.0, 13, 0, 0], ""unused_pointer"": 2423710336}"
maximum-attack-ep2/q494-bb-j,3,57,"{""base_type"": 34, ""set_flags"": 0, ""runtime_index"": 29192, ""file_offset"": 16844, ""floor_field"": 3, ""entity_id_field"": 18704, ""group"": 0, ""room"": 11, ""unknown_a3"": 0, ""position"": [40.0, -2.0, 65.0], ""angles"": [0, 0, 0], ""params"": [5.0, 1.0, 1.0, 104, 0, 0], ""unused_pointer"": 69993920}"
maximum-attack-ep2/q494-bb-j,3,58,"{""base_type"": 34, ""set_flags"": 0, ""runtime_index"": 29448, ""file_offset"": 16912, ""floor_field"": 3, ""entity_id_field"": 18705, ""group"": 0, ""room"": 11, ""unknown_a3"": 0, ""position"": [-40.0, -2.0, 65.0], ""angles"": [0, 0, 0], ""params"": [5.0, 1.0, 1.0, 104, 0, 0], ""unused_pointer"": 69994176}"
maximum-attack-ep2/q494-bb-j,3,68,"{""base_type"": 34, ""set_flags"": 0, ""runtime_index"": 23560, ""file_offset"": 17592, ""floor_field"": 3, ""entity_id_field"": 18715, ""group"": 0, ""room"": 21, ""unknown_a3"": 0, ""position"": [-20.0, 1.0, -170.0], ""angles"": [0, 0, 0], ""params"": [-3.0, 1.0, 1.0, 106, 0, 0], ""unused_pointer"": 69997936}"
maximum-attack-ep2/q494-bb-j,3,76,"{""base_type"": 34, ""set_flags"": 0, ""runtime_index"": 2105, ""file_offset"": 18136, ""floor_field"": 3, ""entity_id_field"": 18723, ""group"": 0, ""room"": 21, ""unknown_a3"": 0, ""position"": [14.860336303710938, 0.0, -170.07000732421875], ""angles"": [0, 0, 0], ""params"": [-3.0, 1.0, 1.0, 105, 0, 0], ""unused_pointer"": 70001504}"
maximum-attack-ep2/q494-bb-j,3,77,"{""base_type"": 34, ""set_flags"": 0, ""runtime_index"": 38408, ""file_offset"": 18204, ""floor_field"": 3, ""entity_id_field"": 18724, ""group"": 0, ""room"": 21, ""unknown_a3"": 0, ""position"": [-20.0, -29.01000213623047, -270.0], ""angles"": [0, 0, 0], ""params"": [-3.0, 1.0, 1.0, 108, 0, 0], ""unused_pointer"": 70001760}"
maximum-attack-ep2/q494-bb-j,3,78,"{""base_type"": 34, ""set_flags"": 0, ""runtime_index"": 38664, ""file_offset"": 18272, ""floor_field"": 3, ""entity_id_field"": 18725, ""group"": 0, ""room"": 21, ""unknown_a3"": 0, ""position"": [20.0, -29.01000213623047, -270.0], ""angles"": [0, 0, 0], ""params"": [-3.0, 1.0, 1.0, 107, 0, 0], ""unused_pointer"": 70002016}"
maximum-attack-ep2/q494-bb-j,6,19,"{""base_type"": 34, ""set_flags"": 0, ""runtime_index"": 23048, ""file_offset"": 29184, ""floor_field"": 6, ""entity_id_field"": 18516, ""group"": 0, ""room"": 1, ""unknown_a3"": 0, ""position"": [0.0, 32.0, 20.0], ""angles"": [0, 0, 0], ""params"": [50.0, 1.0, 1.0, 13, 0, 0], ""unused_pointer"": 69908032}"
retrieval-ep1/q068-bb-e,1,38,"{""base_type"": 34, ""set_flags"": 0, ""runtime_index"": 2003, ""file_offset"": 4384, ""floor_field"": 1, ""entity_id_field"": 18177, ""group"": 0, ""room"": 7, ""unknown_a3"": 0, ""position"": [-257.667724609375, 3.2742621898651123, -115.56887817382812], ""angles"": [0, 0, 0], ""params"": [-1.000000238418579, 1.0, 1.0, 106, -1, 0], ""unused_pointer"": 2365270032}"
retrieval-ep1/q068-bb-e,1,39,"{""base_type"": 34, ""set_flags"": 0, ""runtime_index"": 2007, ""file_offset"": 4452, ""floor_field"": 1, ""entity_id_field"": 18178, ""group"": 0, ""room"": 7, ""unknown_a3"": 0, ""position"": [-256.48876953125, 9.157039642333984, -197.263671875], ""angles"": [0, 0, 0], ""params"": [-1.000000238418579, 1.0, 1.0, 107, -1, 0], ""unused_pointer"": 2365270336}"
retrieval-ep1/q068-bb-e,3,52,"{""base_type"": 34, ""set_flags"": 0, ""runtime_index"": 1961, ""file_offset"": 12832, ""floor_field"": 3, ""entity_id_field"": 18408, ""group"": 0, ""room"": 6, ""unknown_a3"": 0, ""position"": [0.0, 1.000000238418579, 0.0], ""angles"": [0, 0, 0], ""params"": [50.000022888183594, 1.0, 1.0, 231, 0, 0], ""unused_pointer"": 2365254016}"
retrieval-ep1/q068-bb-e,3,115,"{""base_type"": 34, ""set_flags"": 0, ""runtime_index"": 2004, ""file_offset"": 17116, ""floor_field"": 3, ""entity_id_field"": 18967, ""group"": 0, ""room"": 20, ""unknown_a3"": 0, ""position"": [-120.0, 1.000000238418579, 20.0], ""angles"": [0, -49152, 0], ""params"": [-2.000000476837158, 1.0, 1.0, 216, -1, 0], ""unused_pointer"": 2365284016}"
retrieval-ep1/q068-bb-e,3,116,"{""base_type"": 34, ""set_flags"": 0, ""runtime_index"": 2003, ""file_offset"": 17184, ""floor_field"": 3, ""entity_id_field"": 18968, ""group"": 0, ""room"": 20, ""unknown_a3"": 0, ""position"": [-30.0, 1.000000238418579, -85.0], ""angles"": [0, -49152, 0], ""params"": [-2.000000476837158, 1.0, 1.0, 215, -1, 0], ""unused_pointer"": 2365284320}"
retrieval-ep1/q068-bb-e,3,117,"{""base_type"": 34, ""set_flags"": 0, ""runtime_index"": 2005, ""file_offset"": 17252, ""floor_field"": 3, ""entity_id_field"": 18969, ""group"": 0, ""room"": 20, ""unknown_a3"": 0, ""position"": [20.0, 1.000000238418579, -125.0], ""angles"": [0, -49152, 0], ""params"": [-2.000000476837158, 1.0, 1.0, 217, -1, 0], ""unused_pointer"": 2365284624}"
retrieval-ep1/q068-bb-e,3,138,"{""base_type"": 34, ""set_flags"": 0, ""runtime_index"": 2008, ""file_offset"": 18680, ""floor_field"": 3, ""entity_id_field"": 18496, ""group"": 0, ""room"": 30, ""unknown_a3"": 0, ""position"": [-25.0, 1.000000238418579, -60.0], ""angles"": [0, 0, 0], ""params"": [-2.000000476837158, 1.0, 1.0, 206, 0, 0], ""unused_pointer"": 2365310272}"
retrieval-ep1/q137-bb-e,1,58,"{""base_type"": 34, ""set_flags"": 2, ""runtime_index"": 82, ""file_offset"": 5880, ""floor_field"": 1, ""entity_id_field"": 54087, ""group"": 0, ""room"": 7, ""unknown_a3"": 0, ""position"": [-134.0008087158203, -5.365128517150879, 25.003173828125], ""angles"": [0, 0, 0], ""params"": [-3.0000007152557373, 1.0, 1.0, 200, -1, 0], ""unused_pointer"": 3761365888}"
retrieval-ep1/q137-bb-e,1,69,"{""base_type"": 34, ""set_flags"": 2, ""runtime_index"": 93, ""file_offset"": 6628, ""floor_field"": 1, ""entity_id_field"": 56903, ""group"": 0, ""room"": 7, ""unknown_a3"": 0, ""position"": [-154.00265502929688, -5.3374924659729, 9.997634887695312], ""angles"": [0, 0, 0], ""params"": [-3.0000007152557373, 1.0, 1.0, 201, -1, 0], ""unused_pointer"": 2689590144}"
retrieval-ep1/q137-bb-e,1,71,"{""base_type"": 34, ""set_flags"": 2, ""runtime_index"": 95, ""file_offset"": 6764, ""floor_field"": 1, ""entity_id_field"": 57415, ""group"": 0, ""room"": 7, ""unknown_a3"": 0, ""position"": [-154.0017852783203, -4.620250701904297, -14.99688720703125], ""angles"": [0, 0, 0], ""params"": [-3.0000007152557373, 1.0, 1.0, 202, -1, 0], ""unused_pointer"": 1079108480}"
retrieval-ep1/q137-bb-e,2,134,"{""base_type"": 34, ""set_flags"": 2, ""runtime_index"": 304, ""file_offset"": 21944, ""floor_field"": 2, ""entity_id_field"": 16688, ""group"": 0, ""room"": 12, ""unknown_a3"": 0, ""position"": [34.99652099609375, 51.21136474609375, -265.0020751953125], ""angles"": [0, 0, 0], ""params"": [-3.0000007152557373, 1.0, 1.0, 71, -1, 0], ""unused_pointer"": 2365317600}"
retrieval-ep1/q137-bb-e,2,135,"{""base_type"": 34, ""set_flags"": 2, ""runtime_index"": 305, ""file_offset"": 22012, ""floor_field"": 2, ""entity_id_field"": 16689, ""group"": 0, ""room"": 12, ""unknown_a3"": 0, ""position"": [56.99652099609375, 50.97200012207031, -256.0020751953125], ""angles"": [0, 0, 0], ""params"": [-3.0000007152557373, 1.0, 1.0, 72, -1, 0], ""unused_pointer"": 2365317904}"
retrieval-ep1/q137-bb-e,2,136,"{""base_type"": 34, ""set_flags"": 2, ""runtime_index"": 306, ""file_offset"": 22080, ""floor_field"": 2, ""entity_id_field"": 16690, ""group"": 0, ""room"": 12, ""unknown_a3"": 0, ""position"": [25.99652099609375, 52.27395248413086, -245.0020751953125], ""angles"": [0, 0, 0], ""params"": [-3.0000007152557373, 1.0, 1.0, 73, -1, 0], ""unused_pointer"": 2365318208}"
retrieval-ep1/q137-bb-e,2,137,"{""base_type"": 34, ""set_flags"": 2, ""runtime_index"": 307, ""file_offset"": 22148, ""floor_field"": 2, ""entity_id_field"": 16691, ""group"": 0, ""room"": 12, ""unknown_a3"": 0, ""position"": [46.99652099609375, 52.279510498046875, -235.00205993652344], ""angles"": [0, 0, 0], ""params"": [-3.0000007152557373, 1.0, 1.0, 74, -1, 0], ""unused_pointer"": 2365318512}"
retrieval-ep1/q137-bb-j,1,58,"{""base_type"": 34, ""set_flags"": 2, ""runtime_index"": 82, ""file_offset"": 5880, ""floor_field"": 1, ""entity_id_field"": 54087, ""group"": 0, ""room"": 7, ""unknown_a3"": 0, ""position"": [-134.0008087158203, -5.365128517150879, 25.003173828125], ""angles"": [0, 0, 0], ""params"": [-3.0000007152557373, 1.0, 1.0, 200, -1, 0], ""unused_pointer"": 3761365888}"
retrieval-ep1/q137-bb-j,1,69,"{""base_type"": 34, ""set_flags"": 2, ""runtime_index"": 93, ""file_offset"": 6628, ""floor_field"": 1, ""entity_id_field"": 56903, ""group"": 0, ""room"": 7, ""unknown_a3"": 0, ""position"": [-154.00265502929688, -5.3374924659729, 9.997634887695312], ""angles"": [0, 0, 0], ""params"": [-3.0000007152557373, 1.0, 1.0, 201, -1, 0], ""unused_pointer"": 2689590144}"
retrieval-ep1/q137-bb-j,1,71,"{""base_type"": 34, ""set_flags"": 2, ""runtime_index"": 95, ""file_offset"": 6764, ""floor_field"": 1, ""entity_id_field"": 57415, ""group"": 0, ""room"": 7, ""unknown_a3"": 0, ""position"": [-154.0017852783203, -4.620250701904297, -14.99688720703125], ""angles"": [0, 0, 0], ""params"": [-3.0000007152557373, 1.0, 1.0, 202, -1, 0], ""unused_pointer"": 1079108480}"
retrieval-ep1/q137-bb-j,2,134,"{""base_type"": 34, ""set_flags"": 2, ""runtime_index"": 304, ""file_offset"": 21944, ""floor_field"": 2, ""entity_id_field"": 16688, ""group"": 0, ""room"": 12, ""unknown_a3"": 0, ""position"": [34.99652099609375, 51.21136474609375, -265.0020751953125], ""angles"": [0, 0, 0], ""params"": [-3.0000007152557373, 1.0, 1.0, 71, -1, 0], ""unused_pointer"": 2365317600}"
retrieval-ep1/q137-bb-j,2,135,"{""base_type"": 34, ""set_flags"": 2, ""runtime_index"": 305, ""file_offset"": 22012, ""floor_field"": 2, ""entity_id_field"": 16689, ""group"": 0, ""room"": 12, ""unknown_a3"": 0, ""position"": [56.99652099609375, 50.97200012207031, -256.0020751953125], ""angles"": [0, 0, 0], ""params"": [-3.0000007152557373, 1.0, 1.0, 72, -1, 0], ""unused_pointer"": 2365317904}"
retrieval-ep1/q137-bb-j,2,136,"{""base_type"": 34, ""set_flags"": 2, ""runtime_index"": 306, ""file_offset"": 22080, ""floor_field"": 2, ""entity_id_field"": 16690, ""group"": 0, ""room"": 12, ""unknown_a3"": 0, ""position"": [25.99652099609375, 52.27395248413086, -245.0020751953125], ""angles"": [0, 0, 0], ""params"": [-3.0000007152557373, 1.0, 1.0, 73, -1, 0], ""unused_pointer"": 2365318208}"
retrieval-ep1/q137-bb-j,2,137,"{""base_type"": 34, ""set_flags"": 2, ""runtime_index"": 307, ""file_offset"": 22148, ""floor_field"": 2, ""entity_id_field"": 16691, ""group"": 0, ""room"": 12, ""unknown_a3"": 0, ""position"": [46.99652099609375, 52.279510498046875, -235.00205993652344], ""angles"": [0, 0, 0], ""params"": [-3.0000007152557373, 1.0, 1.0, 74, -1, 0], ""unused_pointer"": 2365318512}"
retrieval-ep1/q138-bb-e,5,22,"{""base_type"": 34, ""set_flags"": 2, ""runtime_index"": 467, ""file_offset"": 3296, ""floor_field"": 5, ""entity_id_field"": 43591, ""group"": 0, ""room"": 11, ""unknown_a3"": 0, ""position"": [-25.0, 0.0, -15.0], ""angles"": [0, -32768, 0], ""params"": [-2.000000476837158, 1.0, 1.0, 174, -1, 0], ""unused_pointer"": 3232359040}"
retrieval-ep1/q138-bb-e,5,23,"{""base_type"": 34, ""set_flags"": 2, ""runtime_index"": 468, ""file_offset"": 3364, ""floor_field"": 5, ""entity_id_field"": 43847, ""group"": 0, ""room"": 11, ""unknown_a3"": 0, ""position"": [25.0, 0.0, -15.0], ""angles"": [0, -32768, 0], ""params"": [-2.000000476837158, 1.0, 1.0, 175, -1, 0], ""unused_pointer"": 3232424576}"
retrieval-ep1/q138-bb-e,5,24,"{""base_type"": 34, ""set_flags"": 2, ""runtime_index"": 469, ""file_offset"": 3432, ""floor_field"": 5, ""entity_id_field"": 44103, ""group"": 0, ""room"": 11, ""unknown_a3"": 0, ""position"": [15.0, 0.0, 10.0], ""angles"": [0, -32768, 0], ""params"": [-2.000000476837158, 1.0, 1.0, 176, -1, 0], ""unused_pointer"": 3232490112}"
retrieval-ep1/q138-bb-e,5,25,"{""base_type"": 34, ""set_flags"": 2, ""runtime_index"": 470, ""file_offset"": 3500, ""floor_field"": 5, ""entity_id_field"": 44359, ""group"": 0, ""room"": 11, ""unknown_a3"": 0, ""position"": [-15.0, 0.0, 10.0], ""angles"": [0, -32768, 0], ""params"": [-2.000000476837158, 1.0, 1.0, 177, -1, 0], ""unused_pointer"": 3232555648}"
retrieval-ep1/q138-bb-e,5,101,"{""base_type"": 34, ""set_flags"": 2, ""runtime_index"": 561, ""file_offset"": 8668, ""floor_field"": 5, ""entity_id_field"": 63815, ""group"": 0, ""room"": 32, ""unknown_a3"": 0, ""position"": [-145.0, 0.0, 0.013916015625], ""angles"": [0, -16383, 0], ""params"": [1.0, 1.0, 1.0, 161, -1, 0], ""unused_pointer"": 3766018944}"
retrieval-ep1/q138-bb-e,5,129,"{""base_type"": 34, ""set_flags"": 2, ""runtime_index"": 589, ""file_offset"": 10572, ""floor_field"": 5, ""entity_id_field"": 5448, ""group"": 0, ""room"": 40, ""unknown_a3"": 0, ""position"": [107.99998474121094, 0.0, 130.0], ""angles"": [0, -32768, 0], ""params"": [-0.30000001192092896, 1.0, 1.0, 193, -1, 0], ""unused_pointer"": 2963268480}"
retrieval-ep1/q138-bb-e,5,130,"{""base_type"": 34, ""set_flags"": 2, ""runtime_index"": 590, ""file_offset"": 10640, ""floor_field"": 5, ""entity_id_field"": 5704, ""group"": 0, ""room"": 40, ""unknown_a3"": 0, ""position"": [88.0, 0.0, 120.0], ""angles"": [0, -32768, 0], ""params"": [-0.30000001192092896, 1.0, 1.0, 192, -1, 0], ""unused_pointer"": 2963334016}"
retrieval-ep1/q138-bb-e,5,131,"{""base_type"": 34, ""set_flags"": 2, ""runtime_index"": 591, ""file_offset"": 10708, ""floor_field"": 5, ""entity_id_field"": 5960, ""group"": 0, ""room"": 40, ""unknown_a3"": 0, ""position"": [65.0, 0.0, 120.0], ""angles"": [0, -32768, 0], ""params"": [-0.30000001192092896, 1.0, 1.0, 194, -1, 0], ""unused_pointer"": 2963399552}"
retrieval-ep1/q138-bb-e,5,132,"{""base_type"": 34, ""set_flags"": 2, ""runtime_index"": 592, ""file_offset"": 10776, ""floor_field"": 5, ""entity_id_field"": 6216, ""group"": 0, ""room"": 40, ""unknown_a3"": 0, ""position"": [45.00001525878906, 0.0, 130.0], ""angles"": [0, -32768, 0], ""params"": [-0.30000001192092896, 1.0, 1.0, 195, -1, 0], ""unused_pointer"": 2963465088}"
retrieval-ep1/q138-bb-e,5,250,"{""base_type"": 34, ""set_flags"": 2, ""runtime_index"": 705, ""file_offset"": 18800, ""floor_field"": 5, ""entity_id_field"": 37960, ""group"": 0, ""room"": 53, ""unknown_a3"": 0, ""position"": [19.57781982421875, 0.0, -101.322509765625], ""angles"": [0, 0, 0], ""params"": [-1.3000003099441528, 1.0, 1.0, 191, -1, 0], ""unused_pointer"": 3226657920}"
retrieval-ep1/q138-bb-e,5,252,"{""base_type"": 34, ""set_flags"": 2, ""runtime_index"": 707, ""file_offset"": 18936, ""floor_field"": 5, ""entity_id_field"": 38472, ""group"": 0, ""room"": 53, ""unknown_a3"": 0, ""position"": [36.99530029296875, 0.0, -118.99853515625], ""angles"": [0, 0, 0], ""params"": [-1.3000003099441528, 1.0, 1.0, 190, -1, 0], ""unused_pointer"": 2958353536}"
retrieval-ep1/q138-bb-e,5,254,"{""base_type"": 34, ""set_flags"": 2, ""runtime_index"": 709, ""file_offset"": 19072, ""floor_field"": 5, ""entity_id_field"": 38984, ""group"": 0, ""room"": 53, ""unknown_a3"": 0, ""position"": [62.99530029296875, 0.0, -118.99853515625], ""angles"": [0, 0, 0], ""params"": [-1.3000003099441528, 1.0, 1.0, 189, -1, 0], ""unused_pointer"": 2690049152}"
retrieval-ep1/q138-bb-e,5,255,"{""base_type"": 34, ""set_flags"": 2, ""runtime_index"": 710, ""file_offset"": 19140, ""floor_field"": 5, ""entity_id_field"": 39240, ""group"": 0, ""room"": 53, ""unknown_a3"": 0, ""position"": [81.99530029296875, 0.0, -99.99853515625], ""angles"": [0, 0, 0], ""params"": [-1.3000003099441528, 1.0, 1.0, 188, -1, 0], ""unused_pointer"": 2690114688}"
retrieval-ep1/q138-bb-e,5,260,"{""base_type"": 34, ""set_flags"": 2, ""runtime_index"": 715, ""file_offset"": 19480, ""floor_field"": 5, ""entity_id_field"": 40520, ""group"": 0, ""room"": 53, ""unknown_a3"": 0, ""position"": [94.839111328125, 0.0, 59.5556640625], ""angles"": [0, 0, 0], ""params"": [-1.3000003099441528, 1.0, 1.0, 187, -1, 0], ""unused_pointer"": 1616700544}"
retrieval-ep1/q138-bb-e,5,262,"{""base_type"": 34, ""set_flags"": 2, ""runtime_index"": 717, ""file_offset"": 19616, ""floor_field"": 5, ""entity_id_field"": 41032, ""group"": 0, ""room"": 53, ""unknown_a3"": 0, ""position"": [112.839111328125, 0.0, 42.85595703125], ""angles"": [0, 0, 0], ""params"": [-1.3000003099441528, 1.0, 1.0, 186, -1, 0], ""unused_pointer"": 1348396160}"
retrieval-ep1/q138-bb-e,5,263,"{""base_type"": 34, ""set_flags"": 2, ""runtime_index"": 718, ""file_offset"": 19684, ""floor_field"": 5, ""entity_id_field"": 41288, ""group"": 0, ""room"": 53, ""unknown_a3"": 0, ""position"": [114.839111328125, 0.0, 17.85595703125], ""angles"": [0, 0, 0], ""params"": [-1.3000003099441528, 1.0, 1.0, 185, -1, 0], ""unused_pointer"": 1348461696}"
retrieval-ep1/q138-bb-e,5,264,"{""base_type"": 34, ""set_flags"": 2, ""runtime_index"": 719, ""file_offset"": 19752, ""floor_field"": 5, ""entity_id_field"": 41544, ""group"": 0, ""room"": 53, ""unknown_a3"": 0, ""position"": [96.839111328125, 0.0, 0.85595703125], ""angles"": [0, 0, 0], ""params"": [-2.000000238418579, 1.0, 1.0, 184, -1, 0], ""unused_pointer"": 1348527232}"
retrieval-ep1/q138-bb-e,5,267,"{""base_type"": 34, ""set_flags"": 2, ""runtime_index"": 722, ""file_offset"": 19956, ""floor_field"": 5, ""entity_id_field"": 42312, ""group"": 0, ""room"": 53, ""unknown_a3"": 0, ""position"": [-92.0008544921875, 0.0, -0.00390625], ""angles"": [0, 0, 0], ""params"": [-2.0000009536743164, 1.0, 1.0, 183, -1, 0], ""unused_pointer"": 811852928}"
retrieval-ep1/q138-bb-e,5,268,"{""base_type"": 34, ""set_flags"": 2, ""runtime_index"": 723, ""file_offset"": 20024, ""floor_field"": 5, ""entity_id_field"": 42568, ""group"": 0, ""room"": 53, ""unknown_a3"": 0, ""position"": [-110.160888671875, 0.0, 17.99609375], ""angles"": [0, 0, 0], ""params"": [-2.000000476837158, 1.0, 1.0, 182, -1, 0], ""unused_pointer"": 811918464}"
retrieval-ep1/q138-bb-e,5,269,"{""base_type"": 34, ""set_flags"": 2, ""runtime_index"": 724, ""file_offset"": 20092, ""floor_field"": 5, ""entity_id_field"": 42824, ""group"": 0, ""room"": 53, ""unknown_a3"": 0, ""position"": [-109.160888671875, 0.0, 43.99609375], ""angles"": [0, 0, 0], ""params"": [-2.0000009536743164, 1.0, 1.0, 181, -1, 0], ""unused_pointer"": 811984000}"
retrieval-ep1/q138-bb-e,5,270,"{""base_type"": 34, ""set_flags"": 2, ""runtime_index"": 725, ""file_offset"": 20160, ""floor_field"": 5, ""entity_id_field"": 43080, ""group"": 0, ""room"": 53, ""unknown_a3"": 0, ""position"": [-91.99627685546875, 0.0, 62.00048828125], ""angles"": [0, 0, 0], ""params"": [-1.3000003099441528, 1.0, 1.0, 180, -1, 0], ""unused_pointer"": 812049536}"
retrieval-ep1/q138-bb-e,5,280,"{""base_type"": 34, ""set_flags"": 2, ""runtime_index"": 735, ""file_offset"": 20840, ""floor_field"": 5, ""entity_id_field"": 45640, ""group"": 0, ""room"": 53, ""unknown_a3"": 0, ""position"": [114.0008544921875, 0.0, 17.99951171875], ""angles"": [0, 0, 0], ""params"": [-1.3000003099441528, 1.0, 1.0, 185, -1, 0], ""unused_pointer"": 812901504}"
retrieval-ep1/q138-bb-e,5,291,"{""base_type"": 34, ""set_flags"": 2, ""runtime_index"": 747, ""file_offset"": 21588, ""floor_field"": 5, ""entity_id_field"": 48456, ""group"": 0, ""room"": 53, ""unknown_a3"": 0, ""position"": [-58.00225830078125, 0.0, -137.003173828125], ""angles"": [0, 0, 0], ""params"": [-1.3000003099441528, 1.0, 1.0, 160, -1, 0], ""unused_pointer"": 8447104}"
retrieval-ep1/q138-bb-e,5,292,"{""base_type"": 34, ""set_flags"": 2, ""runtime_index"": 748, ""file_offset"": 21656, ""floor_field"": 5, ""entity_id_field"": 48712, ""group"": 0, ""room"": 53, ""unknown_a3"": 0, ""position"": [-48.00225830078125, 0.0, -107.003173828125], ""angles"": [0, 0, 0], ""params"": [-1.3000003099441528, 1.0, 1.0, 159, -1, 0], ""unused_pointer"": 8512640}"
retrieval-ep1/q138-bb-e,5,296,"{""base_type"": 34, ""set_flags"": 2, ""runtime_index"": 752, ""file_offset"": 21928, ""floor_field"": 5, ""entity_id_field"": 49736, ""group"": 0, ""room"": 53, ""unknown_a3"": 0, ""position"": [-92.00225830078125, 0.0, -137.003173828125], ""angles"": [0, 0, 0], ""params"": [-1.3000003099441528, 1.0, 1.0, 158, -1, 0], ""unused_pointer"": 3498370176}"
retrieval-ep1/q138-bb-e,5,297,"{""base_type"": 34, ""set_flags"": 2, ""runtime_index"": 753, ""file_offset"": 21996, ""floor_field"": 5, ""entity_id_field"": 49992, ""group"": 0, ""room"": 53, ""unknown_a3"": 0, ""position"": [-102.00225830078125, 0.0, -107.003173828125], ""angles"": [0, 0, 0], ""params"": [-1.3000003099441528, 1.0, 1.0, 157, -1, 0], ""unused_pointer"": 3498435712}"
retrieval-ep1/q138-bb-e,5,338,"{""base_type"": 34, ""set_flags"": 2, ""runtime_index"": 838, ""file_offset"": 24784, ""floor_field"": 5, ""entity_id_field"": 60744, ""group"": 0, ""room"": 70, ""unknown_a3"": 0, ""position"": [80.0, 0.0, 120.0], ""angles"": [0, 0, 0], ""params"": [-3.0000007152557373, 1.0, 1.0, 250, -1, 0], ""unused_pointer"": 14869632}"
retrieval-ep1/q138-bb-e,5,339,"{""base_type"": 34, ""set_flags"": 2, ""runtime_index"": 839, ""file_offset"": 24852, ""floor_field"": 5, ""entity_id_field"": 61000, ""group"": 0, ""room"": 70, ""unknown_a3"": 0, ""position"": [50.0, 0.0, 150.0], ""angles"": [0, 0, 0], ""params"": [-3.0000007152557373, 1.0, 1.0, 249, -1, 0], ""unused_pointer"": 14935168}"
retrieval-ep1/q138-bb-e,5,340,"{""base_type"": 34, ""set_flags"": 2, ""runtime_index"": 840, ""file_offset"": 24920, ""floor_field"": 5, ""entity_id_field"": 61256, ""group"": 0, ""room"": 70, ""unknown_a3"": 0, ""position"": [80.0, 0.0, 80.0], ""angles"": [0, 0, 0], ""params"": [-3.0000007152557373, 1.0, 1.0, 251, -1, 0], ""unused_pointer"": 15000704}"
retrieval-ep1/q138-bb-e,9,21,"{""base_type"": 34, ""set_flags"": 2, ""runtime_index"": 1460, ""file_offset"": 28472, ""floor_field"": 9, ""entity_id_field"": 17844, ""group"": 0, ""room"": 7, ""unknown_a3"": 0, ""position"": [-1814.9967041015625, 0.0, -525.9984130859375], ""angles"": [0, 0, 0], ""params"": [6.000000953674316, 1.0, 1.0, 132, -1, 0], ""unused_pointer"": 2365250000}"
retrieval-ep1/q138-bb-e,9,88,"{""base_type"": 34, ""set_flags"": 2, ""runtime_index"": 1351, ""file_offset"": 33028, ""floor_field"": 9, ""entity_id_field"": 17735, ""group"": 0, ""room"": 24, ""unknown_a3"": 0, ""position"": [-4.179443359375, 0.0, 24.84307861328125], ""angles"": [0, 0, 0], ""params"": [1.0, 1.0, 1.0, 116, -1, 1], ""unused_pointer"": 2365290848}"
retrieval-ep1/q138-bb-e,9,89,"{""base_type"": 34, ""set_flags"": 2, ""runtime_index"": 1352, ""file_offset"": 33096, ""floor_field"": 9, ""entity_id_field"": 17736, ""group"": 0, ""room"": 24, ""unknown_a3"": 0, ""position"": [21.53857421875, 0.0, 3.39678955078125], ""angles"": [0, 0, 0], ""params"": [1.0, 1.0, 1.0, 117, -1, 1], ""unused_pointer"": 2365291152}"
retrieval-ep1/q138-bb-e,9,90,"{""base_type"": 34, ""set_flags"": 2, ""runtime_index"": 1353, ""file_offset"": 33164, ""floor_field"": 9, ""entity_id_field"": 17737, ""group"": 0, ""room"": 24, ""unknown_a3"": 0, ""position"": [3.425537109375, 0.0, -27.0472412109375], ""angles"": [0, 0, 0], ""params"": [1.0, 1.0, 1.0, 118, -1, 1], ""unused_pointer"": 2365291456}"
retrieval-ep1/q138-bb-e,9,91,"{""base_type"": 34, ""set_flags"": 2, ""runtime_index"": 1354, ""file_offset"": 33232, ""floor_field"": 9, ""entity_id_field"": 17738, ""group"": 0, ""room"": 24, ""unknown_a3"": 0, ""position"": [-22.70458984375, 0.0, -0.512451171875], ""angles"": [0, 0, 0], ""params"": [1.0, 1.0, 1.0, 119, -1, 1], ""unused_pointer"": 2365291760}"
retrieval-ep1/q138-bb-e,9,125,"{""base_type"": 34, ""set_flags"": 0, ""runtime_index"": 1883, ""file_offset"": 35544, ""floor_field"": 9, ""entity_id_field"": 18324, ""group"": 0, ""room"": 30, ""unknown_a3"": 0, ""position"": [-15.000008583068848, 0.0, -115.0], ""angles"": [0, -16384, 0], ""params"": [-1.000000238418579, 1.0, 1.0, 138, -1, 0], ""unused_pointer"": 2365450384}"
retrieval-ep1/q138-bb-e,9,126,"{""base_type"": 34, ""set_flags"": 0, ""runtime_index"": 1884, ""file_offset"": 35612, ""floor_field"": 9, ""entity_id_field"": 18336, ""group"": 0, ""room"": 30, ""unknown_a3"": 0, ""position"": [15.000000953674316, 0.0, -115.0], ""angles"": [0, -16384, 0], ""params"": [-1.000000238418579, 1.0, 1.0, 139, -1, 0], ""unused_pointer"": 2365450688}"
retrieval-ep1/q138-bb-e,9,127,"{""base_type"": 34, ""set_flags"": 0, ""runtime_index"": 1885, ""file_offset"": 35680, ""floor_field"": 9, ""entity_id_field"": 18347, ""group"": 0, ""room"": 30, ""unknown_a3"": 0, ""position"": [25.000011444091797, 0.0, -140.0], ""angles"": [0, -16384, 0], ""params"": [-1.000000238418579, 1.0, 1.0, 141, -1, 0], ""unused_pointer"": 2365450992}"
retrieval-ep1/q138-bb-e,9,128,"{""base_type"": 34, ""set_flags"": 0, ""runtime_index"": 1886, ""file_offset"": 35748, ""floor_field"": 9, ""entity_id_field"": 18354, ""group"": 0, ""room"": 30, ""unknown_a3"": 0, ""position"": [-25.00001335144043, 0.0, -140.0], ""angles"": [0, -16384, 0], ""params"": [-1.000000238418579, 1.0, 1.0, 140, -1, 0], ""unused_pointer"": 2365451296}"
retrieval-ep1/q138-bb-e,9,133,"{""base_type"": 34, ""set_flags"": 2, ""runtime_index"": 1400, ""file_offset"": 36088, ""floor_field"": 9, ""entity_id_field"": 17784, ""group"": 0, ""room"": 31, ""unknown_a3"": 0, ""position"": [-12.0, 0.0, -330.00006103515625], ""angles"": [0, -16384, 0], ""params"": [-1.000000238418579, 1.0, 1.0, 112, -1, 0], ""unused_pointer"": 2365317456}"
retrieval-ep1/q138-bb-e,9,134,"{""base_type"": 34, ""set_flags"": 2, ""runtime_index"": 1401, ""file_offset"": 36156, ""floor_field"": 9, ""entity_id_field"": 17785, ""group"": 0, ""room"": 31, ""unknown_a3"": 0, ""position"": [12.0, 0.0, -330.0], ""angles"": [0, -16384, 0], ""params"": [-1.000000238418579, 1.0, 1.0, 113, -1, 0], ""unused_pointer"": 2365317760}"
retrieval-ep1/q138-bb-e,9,135,"{""base_type"": 34, ""set_flags"": 2, ""runtime_index"": 1402, ""file_offset"": 36224, ""floor_field"": 9, ""entity_id_field"": 17786, ""group"": 0, ""room"": 31, ""unknown_a3"": 0, ""position"": [20.0, 0.0, -310.00006103515625], ""angles"": [0, -16384, 0], ""params"": [-1.000000238418579, 1.0, 1.0, 114, -1, 0], ""unused_pointer"": 2365318064}"
retrieval-ep1/q138-bb-e,9,136,"{""base_type"": 34, ""set_flags"": 2, ""runtime_index"": 1403, ""file_offset"": 36292, ""floor_field"": 9, ""entity_id_field"": 17787, ""group"": 0, ""room"": 31, ""unknown_a3"": 0, ""position"": [-20.0, 0.0, -310.00006103515625], ""angles"": [0, -16384, 0], ""params"": [-1.000000238418579, 1.0, 1.0, 115, -1, 0], ""unused_pointer"": 2365318368}"
retrieval-ep1/q138-bb-e,9,237,"{""base_type"": 34, ""set_flags"": 0, ""runtime_index"": 2062, ""file_offset"": 43160, ""floor_field"": 9, ""entity_id_field"": 18733, ""group"": 0, ""room"": 42, ""unknown_a3"": 0, ""position"": [75.0, 0.0, -130.0], ""angles"": [0, 0, 0], ""params"": [-1.000000238418579, 1.0, 1.0, 135, 0, 0], ""unused_pointer"": 2365418032}"
retrieval-ep1/q138-bb-e,9,294,"{""base_type"": 34, ""set_flags"": 2, ""runtime_index"": 1560, ""file_offset"": 47036, ""floor_field"": 9, ""entity_id_field"": 17944, ""group"": 0, ""room"": 80, ""unknown_a3"": 0, ""position"": [-12.977596282958984, 0.0, 225.00234985351562], ""angles"": [0, -16383, 0], ""params"": [-2.000000238418579, 1.0, 1.0, 101, -1, 0], ""unused_pointer"": 2365414544}"
retrieval-ep1/q138-bb-e,9,298,"{""base_type"": 34, ""set_flags"": 2, ""runtime_index"": 1564, ""file_offset"": 47308, ""floor_field"": 9, ""entity_id_field"": 17948, ""group"": 0, ""room"": 80, ""unknown_a3"": 0, ""position"": [1.0230178833007812, 0.0, 240.00003051757812], ""angles"": [0, -16383, 0], ""params"": [-2.000000476837158, 1.0, 1.0, 104, -1, 0], ""unused_pointer"": 2365415520}"
retrieval-ep1/q138-bb-e,9,299,"{""base_type"": 34, ""set_flags"": 2, ""runtime_index"": 1565, ""file_offset"": 47376, ""floor_field"": 9, ""entity_id_field"": 17949, ""group"": 0, ""room"": 80, ""unknown_a3"": 0, ""position"": [15.01779556274414, 0.0, 224.99868774414062], ""angles"": [0, -16383, 0], ""params"": [-2.000000476837158, 1.0, 1.0, 102, -1, 0], ""unused_pointer"": 2365415824}"
retrieval-ep1/q138-bb-e,9,300,"{""base_type"": 34, ""set_flags"": 2, ""runtime_index"": 1566, ""file_offset"": 47444, ""floor_field"": 9, ""entity_id_field"": 17950, ""group"": 0, ""room"": 80, ""unknown_a3"": 0, ""position"": [1.024932861328125, 0.0, 260.0000305175781], ""angles"": [0, -16383, 0], ""params"": [-2.000000476837158, 1.0, 1.0, 103, -1, 0], ""unused_pointer"": 2365416128}"
retrieval-ep1/q138-bb-j,5,22,"{""base_type"": 34, ""set_flags"": 2, ""runtime_index"": 467, ""file_offset"": 3296, ""floor_field"": 5, ""entity_id_field"": 43591, ""group"": 0, ""room"": 11, ""unknown_a3"": 0, ""position"": [-25.0, 0.0, -15.0], ""angles"": [0, -32768, 0], ""params"": [-2.000000476837158, 1.0, 1.0, 174, -1, 0], ""unused_pointer"": 3232359040}"
retrieval-ep1/q138-bb-j,5,23,"{""base_type"": 34, ""set_flags"": 2, ""runtime_index"": 468, ""file_offset"": 3364, ""floor_field"": 5, ""entity_id_field"": 43847, ""group"": 0, ""room"": 11, ""unknown_a3"": 0, ""position"": [25.0, 0.0, -15.0], ""angles"": [0, -32768, 0], ""params"": [-2.000000476837158, 1.0, 1.0, 175, -1, 0], ""unused_pointer"": 3232424576}"
retrieval-ep1/q138-bb-j,5,24,"{""base_type"": 34, ""set_flags"": 2, ""runtime_index"": 469, ""file_offset"": 3432, ""floor_field"": 5, ""entity_id_field"": 44103, ""group"": 0, ""room"": 11, ""unknown_a3"": 0, ""position"": [15.0, 0.0, 10.0], ""angles"": [0, -32768, 0], ""params"": [-2.000000476837158, 1.0, 1.0, 176, -1, 0], ""unused_pointer"": 3232490112}"
retrieval-ep1/q138-bb-j,5,25,"{""base_type"": 34, ""set_flags"": 2, ""runtime_index"": 470, ""file_offset"": 3500, ""floor_field"": 5, ""entity_id_field"": 44359, ""group"": 0, ""room"": 11, ""unknown_a3"": 0, ""position"": [-15.0, 0.0, 10.0], ""angles"": [0, -32768, 0], ""params"": [-2.000000476837158, 1.0, 1.0, 177, -1, 0], ""unused_pointer"": 3232555648}"
retrieval-ep1/q138-bb-j,5,101,"{""base_type"": 34, ""set_flags"": 2, ""runtime_index"": 561, ""file_offset"": 8668, ""floor_field"": 5, ""entity_id_field"": 63815, ""group"": 0, ""room"": 32, ""unknown_a3"": 0, ""position"": [-145.0, 0.0, 0.013916015625], ""angles"": [0, -16383, 0], ""params"": [1.0, 1.0, 1.0, 161, -1, 0], ""unused_pointer"": 3766018944}"
retrieval-ep1/q138-bb-j,5,129,"{""base_type"": 34, ""set_flags"": 2, ""runtime_index"": 589, ""file_offset"": 10572, ""floor_field"": 5, ""entity_id_field"": 5448, ""group"": 0, ""room"": 40, ""unknown_a3"": 0, ""position"": [107.99998474121094, 0.0, 130.0], ""angles"": [0, -32768, 0], ""params"": [-0.30000001192092896, 1.0, 1.0, 193, -1, 0], ""unused_pointer"": 2963268480}"
retrieval-ep1/q138-bb-j,5,130,"{""base_type"": 34, ""set_flags"": 2, ""runtime_index"": 590, ""file_offset"": 10640, ""floor_field"": 5, ""entity_id_field"": 5704, ""group"": 0, ""room"": 40, ""unknown_a3"": 0, ""position"": [88.0, 0.0, 120.0], ""angles"": [0, -32768, 0], ""params"": [-0.30000001192092896, 1.0, 1.0, 192, -1, 0], ""unused_pointer"": 2963334016}"
retrieval-ep1/q138-bb-j,5,131,"{""base_type"": 34, ""set_flags"": 2, ""runtime_index"": 591, ""file_offset"": 10708, ""floor_field"": 5, ""entity_id_field"": 5960, ""group"": 0, ""room"": 40, ""unknown_a3"": 0, ""position"": [65.0, 0.0, 120.0], ""angles"": [0, -32768, 0], ""params"": [-0.30000001192092896, 1.0, 1.0, 194, -1, 0], ""unused_pointer"": 2963399552}"
retrieval-ep1/q138-bb-j,5,132,"{""base_type"": 34, ""set_flags"": 2, ""runtime_index"": 592, ""file_offset"": 10776, ""floor_field"": 5, ""entity_id_field"": 6216, ""group"": 0, ""room"": 40, ""unknown_a3"": 0, ""position"": [45.00001525878906, 0.0, 130.0], ""angles"": [0, -32768, 0], ""params"": [-0.30000001192092896, 1.0, 1.0, 195, -1, 0], ""unused_pointer"": 2963465088}"
retrieval-ep1/q138-bb-j,5,250,"{""base_type"": 34, ""set_flags"": 2, ""runtime_index"": 705, ""file_offset"": 18800, ""floor_field"": 5, ""entity_id_field"": 37960, ""group"": 0, ""room"": 53, ""unknown_a3"": 0, ""position"": [19.57781982421875, 0.0, -101.322509765625], ""angles"": [0, 0, 0], ""params"": [-1.3000003099441528, 1.0, 1.0, 191, -1, 0], ""unused_pointer"": 3226657920}"
retrieval-ep1/q138-bb-j,5,252,"{""base_type"": 34, ""set_flags"": 2, ""runtime_index"": 707, ""file_offset"": 18936, ""floor_field"": 5, ""entity_id_field"": 38472, ""group"": 0, ""room"": 53, ""unknown_a3"": 0, ""position"": [36.99530029296875, 0.0, -118.99853515625], ""angles"": [0, 0, 0], ""params"": [-1.3000003099441528, 1.0, 1.0, 190, -1, 0], ""unused_pointer"": 2958353536}"
retrieval-ep1/q138-bb-j,5,254,"{""base_type"": 34, ""set_flags"": 2, ""runtime_index"": 709, ""file_offset"": 19072, ""floor_field"": 5, ""entity_id_field"": 38984, ""group"": 0, ""room"": 53, ""unknown_a3"": 0, ""position"": [62.99530029296875, 0.0, -118.99853515625], ""angles"": [0, 0, 0], ""params"": [-1.3000003099441528, 1.0, 1.0, 189, -1, 0], ""unused_pointer"": 2690049152}"
retrieval-ep1/q138-bb-j,5,255,"{""base_type"": 34, ""set_flags"": 2, ""runtime_index"": 710, ""file_offset"": 19140, ""floor_field"": 5, ""entity_id_field"": 39240, ""group"": 0, ""room"": 53, ""unknown_a3"": 0, ""position"": [81.99530029296875, 0.0, -99.99853515625], ""angles"": [0, 0, 0], ""params"": [-1.3000003099441528, 1.0, 1.0, 188, -1, 0], ""unused_pointer"": 2690114688}"
retrieval-ep1/q138-bb-j,5,260,"{""base_type"": 34, ""set_flags"": 2, ""runtime_index"": 715, ""file_offset"": 19480, ""floor_field"": 5, ""entity_id_field"": 40520, ""group"": 0, ""room"": 53, ""unknown_a3"": 0, ""position"": [94.839111328125, 0.0, 59.5556640625], ""angles"": [0, 0, 0], ""params"": [-1.3000003099441528, 1.0, 1.0, 187, -1, 0], ""unused_pointer"": 1616700544}"
retrieval-ep1/q138-bb-j,5,262,"{""base_type"": 34, ""set_flags"": 2, ""runtime_index"": 717, ""file_offset"": 19616, ""floor_field"": 5, ""entity_id_field"": 41032, ""group"": 0, ""room"": 53, ""unknown_a3"": 0, ""position"": [112.839111328125, 0.0, 42.85595703125], ""angles"": [0, 0, 0], ""params"": [-1.3000003099441528, 1.0, 1.0, 186, -1, 0], ""unused_pointer"": 1348396160}"
retrieval-ep1/q138-bb-j,5,263,"{""base_type"": 34, ""set_flags"": 2, ""runtime_index"": 718, ""file_offset"": 19684, ""floor_field"": 5, ""entity_id_field"": 41288, ""group"": 0, ""room"": 53, ""unknown_a3"": 0, ""position"": [114.839111328125, 0.0, 17.85595703125], ""angles"": [0, 0, 0], ""params"": [-1.3000003099441528, 1.0, 1.0, 185, -1, 0], ""unused_pointer"": 1348461696}"
retrieval-ep1/q138-bb-j,5,264,"{""base_type"": 34, ""set_flags"": 2, ""runtime_index"": 719, ""file_offset"": 19752, ""floor_field"": 5, ""entity_id_field"": 41544, ""group"": 0, ""room"": 53, ""unknown_a3"": 0, ""position"": [96.839111328125, 0.0, 0.85595703125], ""angles"": [0, 0, 0], ""params"": [-2.000000238418579, 1.0, 1.0, 184, -1, 0], ""unused_pointer"": 1348527232}"
retrieval-ep1/q138-bb-j,5,267,"{""base_type"": 34, ""set_flags"": 2, ""runtime_index"": 722, ""file_offset"": 19956, ""floor_field"": 5, ""entity_id_field"": 42312, ""group"": 0, ""room"": 53, ""unknown_a3"": 0, ""position"": [-92.0008544921875, 0.0, -0.00390625], ""angles"": [0, 0, 0], ""params"": [-2.0000009536743164, 1.0, 1.0, 183, -1, 0], ""unused_pointer"": 811852928}"
retrieval-ep1/q138-bb-j,5,268,"{""base_type"": 34, ""set_flags"": 2, ""runtime_index"": 723, ""file_offset"": 20024, ""floor_field"": 5, ""entity_id_field"": 42568, ""group"": 0, ""room"": 53, ""unknown_a3"": 0, ""position"": [-110.160888671875, 0.0, 17.99609375], ""angles"": [0, 0, 0], ""params"": [-2.000000476837158, 1.0, 1.0, 182, -1, 0], ""unused_pointer"": 811918464}"
retrieval-ep1/q138-bb-j,5,269,"{""base_type"": 34, ""set_flags"": 2, ""runtime_index"": 724, ""file_offset"": 20092, ""floor_field"": 5, ""entity_id_field"": 42824, ""group"": 0, ""room"": 53, ""unknown_a3"": 0, ""position"": [-109.160888671875, 0.0, 43.99609375], ""angles"": [0, 0, 0], ""params"": [-2.0000009536743164, 1.0, 1.0, 181, -1, 0], ""unused_pointer"": 811984000}"
retrieval-ep1/q138-bb-j,5,270,"{""base_type"": 34, ""set_flags"": 2, ""runtime_index"": 725, ""file_offset"": 20160, ""floor_field"": 5, ""entity_id_field"": 43080, ""group"": 0, ""room"": 53, ""unknown_a3"": 0, ""position"": [-91.99627685546875, 0.0, 62.00048828125], ""angles"": [0, 0, 0], ""params"": [-1.3000003099441528, 1.0, 1.0, 180, -1, 0], ""unused_pointer"": 812049536}"
retrieval-ep1/q138-bb-j,5,280,"{""base_type"": 34, ""set_flags"": 2, ""runtime_index"": 735, ""file_offset"": 20840, ""floor_field"": 5, ""entity_id_field"": 45640, ""group"": 0, ""room"": 53, ""unknown_a3"": 0, ""position"": [114.0008544921875, 0.0, 17.99951171875], ""angles"": [0, 0, 0], ""params"": [-1.3000003099441528, 1.0, 1.0, 185, -1, 0], ""unused_pointer"": 812901504}"
retrieval-ep1/q138-bb-j,5,291,"{""base_type"": 34, ""set_flags"": 2, ""runtime_index"": 747, ""file_offset"": 21588, ""floor_field"": 5, ""entity_id_field"": 48456, ""group"": 0, ""room"": 53, ""unknown_a3"": 0, ""position"": [-58.00225830078125, 0.0, -137.003173828125], ""angles"": [0, 0, 0], ""params"": [-1.3000003099441528, 1.0, 1.0, 160, -1, 0], ""unused_pointer"": 8447104}"
retrieval-ep1/q138-bb-j,5,292,"{""base_type"": 34, ""set_flags"": 2, ""runtime_index"": 748, ""file_offset"": 21656, ""floor_field"": 5, ""entity_id_field"": 48712, ""group"": 0, ""room"": 53, ""unknown_a3"": 0, ""position"": [-48.00225830078125, 0.0, -107.003173828125], ""angles"": [0, 0, 0], ""params"": [-1.3000003099441528, 1.0, 1.0, 159, -1, 0], ""unused_pointer"": 8512640}"
retrieval-ep1/q138-bb-j,5,296,"{""base_type"": 34, ""set_flags"": 2, ""runtime_index"": 752, ""file_offset"": 21928, ""floor_field"": 5, ""entity_id_field"": 49736, ""group"": 0, ""room"": 53, ""unknown_a3"": 0, ""position"": [-92.00225830078125, 0.0, -137.003173828125], ""angles"": [0, 0, 0], ""params"": [-1.3000003099441528, 1.0, 1.0, 158, -1, 0], ""unused_pointer"": 3498370176}"
retrieval-ep1/q138-bb-j,5,297,"{""base_type"": 34, ""set_flags"": 2, ""runtime_index"": 753, ""file_offset"": 21996, ""floor_field"": 5, ""entity_id_field"": 49992, ""group"": 0, ""room"": 53, ""unknown_a3"": 0, ""position"": [-102.00225830078125, 0.0, -107.003173828125], ""angles"": [0, 0, 0], ""params"": [-1.3000003099441528, 1.0, 1.0, 157, -1, 0], ""unused_pointer"": 3498435712}"
retrieval-ep1/q138-bb-j,5,338,"{""base_type"": 34, ""set_flags"": 2, ""runtime_index"": 838, ""file_offset"": 24784, ""floor_field"": 5, ""entity_id_field"": 60744, ""group"": 0, ""room"": 70, ""unknown_a3"": 0, ""position"": [80.0, 0.0, 120.0], ""angles"": [0, 0, 0], ""params"": [-3.0000007152557373, 1.0, 1.0, 250, -1, 0], ""unused_pointer"": 14869632}"
retrieval-ep1/q138-bb-j,5,339,"{""base_type"": 34, ""set_flags"": 2, ""runtime_index"": 839, ""file_offset"": 24852, ""floor_field"": 5, ""entity_id_field"": 61000, ""group"": 0, ""room"": 70, ""unknown_a3"": 0, ""position"": [50.0, 0.0, 150.0], ""angles"": [0, 0, 0], ""params"": [-3.0000007152557373, 1.0, 1.0, 249, -1, 0], ""unused_pointer"": 14935168}"
retrieval-ep1/q138-bb-j,5,340,"{""base_type"": 34, ""set_flags"": 2, ""runtime_index"": 840, ""file_offset"": 24920, ""floor_field"": 5, ""entity_id_field"": 61256, ""group"": 0, ""room"": 70, ""unknown_a3"": 0, ""position"": [80.0, 0.0, 80.0], ""angles"": [0, 0, 0], ""params"": [-3.0000007152557373, 1.0, 1.0, 251, -1, 0], ""unused_pointer"": 15000704}"
retrieval-ep1/q138-bb-j,9,21,"{""base_type"": 34, ""set_flags"": 2, ""runtime_index"": 1460, ""file_offset"": 28472, ""floor_field"": 9, ""entity_id_field"": 17844, ""group"": 0, ""room"": 7, ""unknown_a3"": 0, ""position"": [-1814.9967041015625, 0.0, -525.9984130859375], ""angles"": [0, 0, 0], ""params"": [6.000000953674316, 1.0, 1.0, 132, -1, 0], ""unused_pointer"": 2365250000}"
retrieval-ep1/q138-bb-j,9,88,"{""base_type"": 34, ""set_flags"": 2, ""runtime_index"": 1351, ""file_offset"": 33028, ""floor_field"": 9, ""entity_id_field"": 17735, ""group"": 0, ""room"": 24, ""unknown_a3"": 0, ""position"": [-4.179443359375, 0.0, 24.84307861328125], ""angles"": [0, 0, 0], ""params"": [1.0, 1.0, 1.0, 116, -1, 1], ""unused_pointer"": 2365290848}"
retrieval-ep1/q138-bb-j,9,89,"{""base_type"": 34, ""set_flags"": 2, ""runtime_index"": 1352, ""file_offset"": 33096, ""floor_field"": 9, ""entity_id_field"": 17736, ""group"": 0, ""room"": 24, ""unknown_a3"": 0, ""position"": [21.53857421875, 0.0, 3.39678955078125], ""angles"": [0, 0, 0], ""params"": [1.0, 1.0, 1.0, 117, -1, 1], ""unused_pointer"": 2365291152}"
retrieval-ep1/q138-bb-j,9,90,"{""base_type"": 34, ""set_flags"": 2, ""runtime_index"": 1353, ""file_offset"": 33164, ""floor_field"": 9, ""entity_id_field"": 17737, ""group"": 0, ""room"": 24, ""unknown_a3"": 0, ""position"": [3.425537109375, 0.0, -27.0472412109375], ""angles"": [0, 0, 0], ""params"": [1.0, 1.0, 1.0, 118, -1, 1], ""unused_pointer"": 2365291456}"
retrieval-ep1/q138-bb-j,9,91,"{""base_type"": 34, ""set_flags"": 2, ""runtime_index"": 1354, ""file_offset"": 33232, ""floor_field"": 9, ""entity_id_field"": 17738, ""group"": 0, ""room"": 24, ""unknown_a3"": 0, ""position"": [-22.70458984375, 0.0, -0.512451171875], ""angles"": [0, 0, 0], ""params"": [1.0, 1.0, 1.0, 119, -1, 1], ""unused_pointer"": 2365291760}"
retrieval-ep1/q138-bb-j,9,125,"{""base_type"": 34, ""set_flags"": 0, ""runtime_index"": 1883, ""file_offset"": 35544, ""floor_field"": 9, ""entity_id_field"": 18324, ""group"": 0, ""room"": 30, ""unknown_a3"": 0, ""position"": [-15.000008583068848, 0.0, -115.0], ""angles"": [0, -16384, 0], ""params"": [-1.000000238418579, 1.0, 1.0, 138, -1, 0], ""unused_pointer"": 2365450384}"
retrieval-ep1/q138-bb-j,9,126,"{""base_type"": 34, ""set_flags"": 0, ""runtime_index"": 1884, ""file_offset"": 35612, ""floor_field"": 9, ""entity_id_field"": 18336, ""group"": 0, ""room"": 30, ""unknown_a3"": 0, ""position"": [15.000000953674316, 0.0, -115.0], ""angles"": [0, -16384, 0], ""params"": [-1.000000238418579, 1.0, 1.0, 139, -1, 0], ""unused_pointer"": 2365450688}"
retrieval-ep1/q138-bb-j,9,127,"{""base_type"": 34, ""set_flags"": 0, ""runtime_index"": 1885, ""file_offset"": 35680, ""floor_field"": 9, ""entity_id_field"": 18347, ""group"": 0, ""room"": 30, ""unknown_a3"": 0, ""position"": [25.000011444091797, 0.0, -140.0], ""angles"": [0, -16384, 0], ""params"": [-1.000000238418579, 1.0, 1.0, 141, -1, 0], ""unused_pointer"": 2365450992}"
retrieval-ep1/q138-bb-j,9,128,"{""base_type"": 34, ""set_flags"": 0, ""runtime_index"": 1886, ""file_offset"": 35748, ""floor_field"": 9, ""entity_id_field"": 18354, ""group"": 0, ""room"": 30, ""unknown_a3"": 0, ""position"": [-25.00001335144043, 0.0, -140.0], ""angles"": [0, -16384, 0], ""params"": [-1.000000238418579, 1.0, 1.0, 140, -1, 0], ""unused_pointer"": 2365451296}"
retrieval-ep1/q138-bb-j,9,133,"{""base_type"": 34, ""set_flags"": 2, ""runtime_index"": 1400, ""file_offset"": 36088, ""floor_field"": 9, ""entity_id_field"": 17784, ""group"": 0, ""room"": 31, ""unknown_a3"": 0, ""position"": [-12.0, 0.0, -330.00006103515625], ""angles"": [0, -16384, 0], ""params"": [-1.000000238418579, 1.0, 1.0, 112, -1, 0], ""unused_pointer"": 2365317456}"
retrieval-ep1/q138-bb-j,9,134,"{""base_type"": 34, ""set_flags"": 2, ""runtime_index"": 1401, ""file_offset"": 36156, ""floor_field"": 9, ""entity_id_field"": 17785, ""group"": 0, ""room"": 31, ""unknown_a3"": 0, ""position"": [12.0, 0.0, -330.0], ""angles"": [0, -16384, 0], ""params"": [-1.000000238418579, 1.0, 1.0, 113, -1, 0], ""unused_pointer"": 2365317760}"
retrieval-ep1/q138-bb-j,9,135,"{""base_type"": 34, ""set_flags"": 2, ""runtime_index"": 1402, ""file_offset"": 36224, ""floor_field"": 9, ""entity_id_field"": 17786, ""group"": 0, ""room"": 31, ""unknown_a3"": 0, ""position"": [20.0, 0.0, -310.00006103515625], ""angles"": [0, -16384, 0], ""params"": [-1.000000238418579, 1.0, 1.0, 114, -1, 0], ""unused_pointer"": 2365318064}"
retrieval-ep1/q138-bb-j,9,136,"{""base_type"": 34, ""set_flags"": 2, ""runtime_index"": 1403, ""file_offset"": 36292, ""floor_field"": 9, ""entity_id_field"": 17787, ""group"": 0, ""room"": 31, ""unknown_a3"": 0, ""position"": [-20.0, 0.0, -310.00006103515625], ""angles"": [0, -16384, 0], ""params"": [-1.000000238418579, 1.0, 1.0, 115, -1, 0], ""unused_pointer"": 2365318368}"
retrieval-ep1/q138-bb-j,9,237,"{""base_type"": 34, ""set_flags"": 0, ""runtime_index"": 2062, ""file_offset"": 43160, ""floor_field"": 9, ""entity_id_field"": 18733, ""group"": 0, ""room"": 42, ""unknown_a3"": 0, ""position"": [75.0, 0.0, -130.0], ""angles"": [0, 0, 0], ""params"": [-1.000000238418579, 1.0, 1.0, 135, 0, 0], ""unused_pointer"": 2365418032}"
retrieval-ep1/q138-bb-j,9,294,"{""base_type"": 34, ""set_flags"": 2, ""runtime_index"": 1560, ""file_offset"": 47036, ""floor_field"": 9, ""entity_id_field"": 17944, ""group"": 0, ""room"": 80, ""unknown_a3"": 0, ""position"": [-12.977596282958984, 0.0, 225.00234985351562], ""angles"": [0, -16383, 0], ""params"": [-2.000000238418579, 1.0, 1.0, 101, -1, 0], ""unused_pointer"": 2365414544}"
retrieval-ep1/q138-bb-j,9,298,"{""base_type"": 34, ""set_flags"": 2, ""runtime_index"": 1564, ""file_offset"": 47308, ""floor_field"": 9, ""entity_id_field"": 17948, ""group"": 0, ""room"": 80, ""unknown_a3"": 0, ""position"": [1.0230178833007812, 0.0, 240.00003051757812], ""angles"": [0, -16383, 0], ""params"": [-2.000000476837158, 1.0, 1.0, 104, -1, 0], ""unused_pointer"": 2365415520}"
retrieval-ep1/q138-bb-j,9,299,"{""base_type"": 34, ""set_flags"": 2, ""runtime_index"": 1565, ""file_offset"": 47376, ""floor_field"": 9, ""entity_id_field"": 17949, ""group"": 0, ""room"": 80, ""unknown_a3"": 0, ""position"": [15.01779556274414, 0.0, 224.99868774414062], ""angles"": [0, -16383, 0], ""params"": [-2.000000476837158, 1.0, 1.0, 102, -1, 0], ""unused_pointer"": 2365415824}"
retrieval-ep1/q138-bb-j,9,300,"{""base_type"": 34, ""set_flags"": 2, ""runtime_index"": 1566, ""file_offset"": 47444, ""floor_field"": 9, ""entity_id_field"": 17950, ""group"": 0, ""room"": 80, ""unknown_a3"": 0, ""position"": [1.024932861328125, 0.0, 260.0000305175781], ""angles"": [0, -16383, 0], ""params"": [-2.000000476837158, 1.0, 1.0, 103, -1, 0], ""unused_pointer"": 2365416128}"
retrieval-ep2/q54-bb-e,8,223,"{""base_type"": 34, ""set_flags"": 0, ""runtime_index"": 0, ""file_offset"": 37480, ""floor_field"": 0, ""entity_id_field"": 0, ""group"": 0, ""room"": 2, ""unknown_a3"": 0, ""position"": [140.95460510253906, -111.79685974121094, 201.18397521972656], ""angles"": [0, 0, 0], ""params"": [50.0, 1.0, 1.0, 207, 0, 0], ""unused_pointer"": 0}"
retrieval-ep2/q54-bb-e,8,224,"{""base_type"": 34, ""set_flags"": 0, ""runtime_index"": 0, ""file_offset"": 37548, ""floor_field"": 0, ""entity_id_field"": 0, ""group"": 0, ""room"": 2, ""unknown_a3"": 0, ""position"": [36.514286041259766, -118.0, 172.2374267578125], ""angles"": [0, 0, 0], ""params"": [50.0, 1.0, 1.0, 207, 0, 0], ""unused_pointer"": 0}"
retrieval-ep2/q54-bb-e,8,225,"{""base_type"": 34, ""set_flags"": 0, ""runtime_index"": 0, ""file_offset"": 37616, ""floor_field"": 0, ""entity_id_field"": 0, ""group"": 0, ""room"": 2, ""unknown_a3"": 0, ""position"": [56.264129638671875, -100.0, 273.6199645996094], ""angles"": [0, 0, 0], ""params"": [50.0, 1.0, 1.0, 207, 0, 0], ""unused_pointer"": 0}"
retrieval-ep2/q54-bb-e,8,226,"{""base_type"": 34, ""set_flags"": 0, ""runtime_index"": 0, ""file_offset"": 37684, ""floor_field"": 0, ""entity_id_field"": 0, ""group"": 0, ""room"": 2, ""unknown_a3"": 0, ""position"": [-38.53512191772461, -103.0, 243.3368682861328], ""angles"": [0, 0, 0], ""params"": [50.0, 1.0, 1.0, 207, 0, 0], ""unused_pointer"": 0}"
retrieval-ep2/q54-bb-e,8,227,"{""base_type"": 34, ""set_flags"": 0, ""runtime_index"": 0, ""file_offset"": 37752, ""floor_field"": 0, ""entity_id_field"": 0, ""group"": 0, ""room"": 2, ""unknown_a3"": 0, ""position"": [-128.0677490234375, -120.0, 157.75421142578125], ""angles"": [0, 0, 0], ""params"": [50.0, 1.0, 1.0, 207, 0, 0], ""unused_pointer"": 0}"
retrieval-ep2/q54-bb-e,8,228,"{""base_type"": 34, ""set_flags"": 0, ""runtime_index"": 0, ""file_offset"": 37820, ""floor_field"": 0, ""entity_id_field"": 0, ""group"": 0, ""room"": 2, ""unknown_a3"": 0, ""position"": [-88.56806182861328, -100.0, 277.5699157714844], ""angles"": [0, 0, 0], ""params"": [50.0, 1.0, 1.0, 207, 0, 0], ""unused_pointer"": 0}"
retrieval-ep2/q54-bb-j,8,223,"{""base_type"": 34, ""set_flags"": 0, ""runtime_index"": 0, ""file_offset"": 37480, ""floor_field"": 0, ""entity_id_field"": 0, ""group"": 0, ""room"": 2, ""unknown_a3"": 0, ""position"": [140.95460510253906, -111.79685974121094, 201.18397521972656], ""angles"": [0, 0, 0], ""params"": [50.0, 1.0, 1.0, 207, 0, 0], ""unused_pointer"": 0}"
retrieval-ep2/q54-bb-j,8,224,"{""base_type"": 34, ""set_flags"": 0, ""runtime_index"": 0, ""file_offset"": 37548, ""floor_field"": 0, ""entity_id_field"": 0, ""group"": 0, ""room"": 2, ""unknown_a3"": 0, ""position"": [36.514286041259766, -118.0, 172.2374267578125], ""angles"": [0, 0, 0], ""params"": [50.0, 1.0, 1.0, 207, 0, 0], ""unused_pointer"": 0}"
retrieval-ep2/q54-bb-j,8,225,"{""base_type"": 34, ""set_flags"": 0, ""runtime_index"": 0, ""file_offset"": 37616, ""floor_field"": 0, ""entity_id_field"": 0, ""group"": 0, ""room"": 2, ""unknown_a3"": 0, ""position"": [56.264129638671875, -100.0, 273.6199645996094], ""angles"": [0, 0, 0], ""params"": [50.0, 1.0, 1.0, 207, 0, 0], ""unused_pointer"": 0}"
retrieval-ep2/q54-bb-j,8,226,"{""base_type"": 34, ""set_flags"": 0, ""runtime_index"": 0, ""file_offset"": 37684, ""floor_field"": 0, ""entity_id_field"": 0, ""group"": 0, ""room"": 2, ""unknown_a3"": 0, ""position"": [-38.53512191772461, -103.0, 243.3368682861328], ""angles"": [0, 0, 0], ""params"": [50.0, 1.0, 1.0, 207, 0, 0], ""unused_pointer"": 0}"
retrieval-ep2/q54-bb-j,8,227,"{""base_type"": 34, ""set_flags"": 0, ""runtime_index"": 0, ""file_offset"": 37752, ""floor_field"": 0, ""entity_id_field"": 0, ""group"": 0, ""room"": 2, ""unknown_a3"": 0, ""position"": [-128.0677490234375, -120.0, 157.75421142578125], ""angles"": [0, 0, 0], ""params"": [50.0, 1.0, 1.0, 207, 0, 0], ""unused_pointer"": 0}"
retrieval-ep2/q54-bb-j,8,228,"{""base_type"": 34, ""set_flags"": 0, ""runtime_index"": 0, ""file_offset"": 37820, ""floor_field"": 0, ""entity_id_field"": 0, ""group"": 0, ""room"": 2, ""unknown_a3"": 0, ""position"": [-88.56806182861328, -100.0, 277.5699157714844], ""angles"": [0, 0, 0], ""params"": [50.0, 1.0, 1.0, 207, 0, 0], ""unused_pointer"": 0}"
retrieval-ep2/q55-bb-e,1,107,"{""base_type"": 34, ""set_flags"": 2, ""runtime_index"": 175, ""file_offset"": 11184, ""floor_field"": 1, ""entity_id_field"": 16559, ""group"": 0, ""room"": 70, ""unknown_a3"": 0, ""position"": [0.0, 0.0, -220.0], ""angles"": [0, 0, 0], ""params"": [10.0, 1.0, 1.0, 107, 0, 0], ""unused_pointer"": 118341840}"
retrieval-ep2/q55-bb-e,1,217,"{""base_type"": 34, ""set_flags"": 2, ""runtime_index"": 175, ""file_offset"": 18664, ""floor_field"": 1, ""entity_id_field"": 16559, ""group"": 0, ""room"": 11, ""unknown_a3"": 0, ""position"": [1.8360395431518555, -4.76837158203125e-07, 7.155106067657471], ""angles"": [0, 0, 0], ""params"": [30.0, 1.0, 1.0, 207, 0, 0], ""unused_pointer"": 118341840}"
retrieval-ep2/q55-bb-e,1,218,"{""base_type"": 34, ""set_flags"": 2, ""runtime_index"": 175, ""file_offset"": 18732, ""floor_field"": 1, ""entity_id_field"": 16559, ""group"": 0, ""room"": 20, ""unknown_a3"": 0, ""position"": [3.6943631172180176, -2.384185791015625e-07, 90.08773803710938], ""angles"": [0, 0, 0], ""params"": [30.0, 1.0, 1.0, 230, 0, 0], ""unused_pointer"": 118341840}"
retrieval-ep2/q55-bb-j,1,107,"{""base_type"": 34, ""set_flags"": 2, ""runtime_index"": 175, ""file_offset"": 11184, ""floor_field"": 1, ""entity_id_field"": 16559, ""group"": 0, ""room"": 70, ""unknown_a3"": 0, ""position"": [0.0, 0.0, -220.0], ""angles"": [0, 0, 0], ""params"": [10.0, 1.0, 1.0, 107, 0, 0], ""unused_pointer"": 118341840}"
retrieval-ep2/q55-bb-j,1,217,"{""base_type"": 34, ""set_flags"": 2, ""runtime_index"": 175, ""file_offset"": 18664, ""floor_field"": 1, ""entity_id_field"": 16559, ""group"": 0, ""room"": 11, ""unknown_a3"": 0, ""position"": [1.8360395431518555, -4.76837158203125e-07, 7.155106067657471], ""angles"": [0, 0, 0], ""params"": [30.0, 1.0, 1.0, 207, 0, 0], ""unused_pointer"": 118341840}"
retrieval-ep2/q55-bb-j,1,218,"{""base_type"": 34, ""set_flags"": 2, ""runtime_index"": 175, ""file_offset"": 18732, ""floor_field"": 1, ""entity_id_field"": 16559, ""group"": 0, ""room"": 20, ""unknown_a3"": 0, ""position"": [3.6943631172180176, -2.384185791015625e-07, 90.08773803710938], ""angles"": [0, 0, 0], ""params"": [30.0, 1.0, 1.0, 230, 0, 0], ""unused_pointer"": 118341840}"
retrieval-ep2/q151-bb-e,16,29,"{""base_type"": 34, ""set_flags"": 0, ""runtime_index"": 0, ""file_offset"": 4520, ""floor_field"": 0, ""entity_id_field"": 0, ""group"": 0, ""room"": 4, ""unknown_a3"": 0, ""position"": [240.39295959472656, -10.199999809265137, -239.7559051513672], ""angles"": [0, 0, 0], ""params"": [-2.0, 1.0, 1.0, 102, -1, 0], ""unused_pointer"": 0}"
retrieval-ep2/q153-bb-e,7,49,"{""base_type"": 34, ""set_flags"": 0, ""runtime_index"": 0, ""file_offset"": 30120, ""floor_field"": 0, ""entity_id_field"": 0, ""group"": 1, ""room"": 2, ""unknown_a3"": 0, ""position"": [-320.0, -38.0, 85.0], ""angles"": [0, 0, 0], ""params"": [-2.0, 1.0, 1.0, 210, 0, 0], ""unused_pointer"": 0}"
retrieval-ep2/q153-bb-e,7,52,"{""base_type"": 34, ""set_flags"": 0, ""runtime_index"": 0, ""file_offset"": 30324, ""floor_field"": 0, ""entity_id_field"": 0, ""group"": 2, ""room"": 2, ""unknown_a3"": 0, ""position"": [45.0, -37.0, -160.0], ""angles"": [0, 0, 0], ""params"": [-2.0, 1.0, 1.0, 211, 0, 0], ""unused_pointer"": 0}"
retrieval-ep2/q153-bb-e,7,89,"{""base_type"": 34, ""set_flags"": 0, ""runtime_index"": 0, ""file_offset"": 32840, ""floor_field"": 0, ""entity_id_field"": 0, ""group"": 1, ""room"": 5, ""unknown_a3"": 0, ""position"": [197.0, 4.0, -6.0], ""angles"": [0, 0, 0], ""params"": [-2.0, 1.0, 1.0, 212, 0, 0], ""unused_pointer"": 0}"
retrieval-ep2/q153-bb-e,7,136,"{""base_type"": 34, ""set_flags"": 0, ""runtime_index"": 0, ""file_offset"": 36036, ""floor_field"": 0, ""entity_id_field"": 0, ""group"": 1, ""room"": 4, ""unknown_a3"": 0, ""position"": [59.141578674316406, -45.900001525878906, 93.7447509765625], ""angles"": [0, 0, 0], ""params"": [-2.0, 1.0, 1.0, 213, 0, 0], ""unused_pointer"": 0}"
retrieval-ep2/q153-bb-e,8,214,"{""base_type"": 34, ""set_flags"": 0, ""runtime_index"": 0, ""file_offset"": 51420, ""floor_field"": 0, ""entity_id_field"": 0, ""group"": 0, ""room"": 2, ""unknown_a3"": 0, ""position"": [-458.0687561035156, 0.0, 51.70753860473633], ""angles"": [0, 0, 0], ""params"": [30.0, 1.0, 1.0, 1, 0, 0], ""unused_pointer"": 0}"
seasonal-ep2/q207-bb-e,6,164,"{""base_type"": 34, ""set_flags"": 0, ""runtime_index"": 23048, ""file_offset"": 14244, ""floor_field"": 6, ""entity_id_field"": 31816, ""group"": 0, ""room"": 15, ""unknown_a3"": 0, ""position"": [22.91656494140625, -100.0, 18.589996337890625], ""angles"": [0, 0, 0], ""params"": [70.0, 1.0, 1.0, 150, 0, 0], ""unused_pointer"": 3498044800}"
seasonal-ep2/q207-bb-e,7,153,"{""base_type"": 34, ""set_flags"": 0, ""runtime_index"": 23048, ""file_offset"": 24732, ""floor_field"": 7, ""entity_id_field"": 20553, ""group"": 0, ""room"": 7, ""unknown_a3"": 0, ""position"": [-81.739990234375, -40.189998626708984, -10.54827880859375], ""angles"": [0, 0, 0], ""params"": [30.0, 1.0, 1.0, 150, 0, 0], ""unused_pointer"": 1083567488}"
seasonal-ep2/q207-bb-e,8,239,"{""base_type"": 34, ""set_flags"": 0, ""runtime_index"": 34824, ""file_offset"": 42632, ""floor_field"": 8, ""entity_id_field"": 27468, ""group"": 0, ""room"": 9, ""unknown_a3"": 0, ""position"": [29.3199462890625, 45.0, 11.97998046875], ""angles"": [0, 0, 0], ""params"": [30.0, 1.0, 1.0, 150, 0, 0], ""unused_pointer"": 3227643264}"
seasonal-ep2/q207-bb-e,9,78,"{""base_type"": 34, ""set_flags"": 0, ""runtime_index"": 49672, ""file_offset"": 49040, ""floor_field"": 9, ""entity_id_field"": 33097, ""group"": 0, ""room"": 1, ""unknown_a3"": 0, ""position"": [-2008.693603515625, 10.0, -497.45843505859375], ""angles"": [0, 0, 0], ""params"": [30.0, 1.0, 1.0, 190, 0, 0], ""unused_pointer"": 1894509952}"
seasonal-ep2/q207-bb-e,9,79,"{""base_type"": 34, ""set_flags"": 0, ""runtime_index"": 49928, ""file_offset"": 49108, ""floor_field"": 9, ""entity_id_field"": 33609, ""group"": 0, ""room"": 1, ""unknown_a3"": 0, ""position"": [-2062.375732421875, 10.0, -492.482177734375], ""angles"": [0, 0, 0], ""params"": [30.0, 1.0, 1.0, 190, 0, 0], ""unused_pointer"": 820899200}"
seasonal-ep2/q207-bb-e,9,80,"{""base_type"": 34, ""set_flags"": 0, ""runtime_index"": 50184, ""file_offset"": 49176, ""floor_field"": 9, ""entity_id_field"": 33865, ""group"": 0, ""room"": 1, ""unknown_a3"": 0, ""position"": [-2114.2822265625, 10.0, -489.40679931640625], ""angles"": [0, 0, 0], ""params"": [30.0, 1.0, 1.0, 190, 0, 0], ""unused_pointer"": 820964736}"
seasonal-ep2/q207-bb-e,9,81,"{""base_type"": 34, ""set_flags"": 0, ""runtime_index"": 23304, ""file_offset"": 49244, ""floor_field"": 9, ""entity_id_field"": 58953, ""group"": 0, ""room"": 1, ""unknown_a3"": 0, ""position"": [0.0, 10.0, 0.0], ""angles"": [0, 0, 0], ""params"": [40.0, 1.0, 1.0, 1, 0, 0], ""unused_pointer"": 811920768}"
seasonal-ep2/q207-bb-e,9,105,"{""base_type"": 34, ""set_flags"": 0, ""runtime_index"": 28168, ""file_offset"": 50876, ""floor_field"": 9, ""entity_id_field"": 2890, ""group"": 0, ""room"": 1, ""unknown_a3"": 0, ""position"": [8.711936950683594, 10.0, 6.176124572753906], ""angles"": [0, 0, 0], ""params"": [50.0, 1.0, 1.0, 150, 0, 0], ""unused_pointer"": 2156195200}"
seasonal-ep2/q207-bb-j,6,164,"{""base_type"": 34, ""set_flags"": 0, ""runtime_index"": 23048, ""file_offset"": 14244, ""floor_field"": 6, ""entity_id_field"": 31816, ""group"": 0, ""room"": 15, ""unknown_a3"": 0, ""position"": [22.91656494140625, -100.0, 18.589996337890625], ""angles"": [0, 0, 0], ""params"": [70.0, 1.0, 1.0, 150, 0, 0], ""unused_pointer"": 3498044800}"
seasonal-ep2/q207-bb-j,7,153,"{""base_type"": 34, ""set_flags"": 0, ""runtime_index"": 23048, ""file_offset"": 24732, ""floor_field"": 7, ""entity_id_field"": 20553, ""group"": 0, ""room"": 7, ""unknown_a3"": 0, ""position"": [-81.739990234375, -40.189998626708984, -10.54827880859375], ""angles"": [0, 0, 0], ""params"": [30.0, 1.0, 1.0, 150, 0, 0], ""unused_pointer"": 1083567488}"
seasonal-ep2/q207-bb-j,8,239,"{""base_type"": 34, ""set_flags"": 0, ""runtime_index"": 34824, ""file_offset"": 42632, ""floor_field"": 8, ""entity_id_field"": 27468, ""group"": 0, ""room"": 9, ""unknown_a3"": 0, ""position"": [29.3199462890625, 45.0, 11.97998046875], ""angles"": [0, 0, 0], ""params"": [30.0, 1.0, 1.0, 150, 0, 0], ""unused_pointer"": 3227643264}"
seasonal-ep2/q207-bb-j,9,78,"{""base_type"": 34, ""set_flags"": 0, ""runtime_index"": 49672, ""file_offset"": 49040, ""floor_field"": 9, ""entity_id_field"": 33097, ""group"": 0, ""room"": 1, ""unknown_a3"": 0, ""position"": [-2008.693603515625, 10.0, -497.45843505859375], ""angles"": [0, 0, 0], ""params"": [30.0, 1.0, 1.0, 190, 0, 0], ""unused_pointer"": 1894509952}"
seasonal-ep2/q207-bb-j,9,79,"{""base_type"": 34, ""set_flags"": 0, ""runtime_index"": 49928, ""file_offset"": 49108, ""floor_field"": 9, ""entity_id_field"": 33609, ""group"": 0, ""room"": 1, ""unknown_a3"": 0, ""position"": [-2062.375732421875, 10.0, -492.482177734375], ""angles"": [0, 0, 0], ""params"": [30.0, 1.0, 1.0, 190, 0, 0], ""unused_pointer"": 820899200}"
seasonal-ep2/q207-bb-j,9,80,"{""base_type"": 34, ""set_flags"": 0, ""runtime_index"": 50184, ""file_offset"": 49176, ""floor_field"": 9, ""entity_id_field"": 33865, ""group"": 0, ""room"": 1, ""unknown_a3"": 0, ""position"": [-2114.2822265625, 10.0, -489.40679931640625], ""angles"": [0, 0, 0], ""params"": [30.0, 1.0, 1.0, 190, 0, 0], ""unused_pointer"": 820964736}"
seasonal-ep2/q207-bb-j,9,81,"{""base_type"": 34, ""set_flags"": 0, ""runtime_index"": 23304, ""file_offset"": 49244, ""floor_field"": 9, ""entity_id_field"": 58953, ""group"": 0, ""room"": 1, ""unknown_a3"": 0, ""position"": [0.0, 10.0, 0.0], ""angles"": [0, 0, 0], ""params"": [40.0, 1.0, 1.0, 1, 0, 0], ""unused_pointer"": 811920768}"
seasonal-ep2/q207-bb-j,9,105,"{""base_type"": 34, ""set_flags"": 0, ""runtime_index"": 28168, ""file_offset"": 50876, ""floor_field"": 9, ""entity_id_field"": 2890, ""group"": 0, ""room"": 1, ""unknown_a3"": 0, ""position"": [8.711936950683594, 10.0, 6.176124572753906], ""angles"": [0, 0, 0], ""params"": [50.0, 1.0, 1.0, 150, 0, 0], ""unused_pointer"": 2156195200}"
seasonal-ep2/q240-bb-e,8,17,"{""base_type"": 34, ""set_flags"": 0, ""runtime_index"": 2143, ""file_offset"": 4520, ""floor_field"": 8, ""entity_id_field"": 18563, ""group"": 0, ""room"": 2, ""unknown_a3"": 0, ""position"": [25.0, -138.00009155273438, 70.0], ""angles"": [0, 0, 0], ""params"": [0.5, 1.0, 1.0, 104, -1, 0], ""unused_pointer"": 209032112}"
seasonal-ep2/q240-bb-e,8,18,"{""base_type"": 34, ""set_flags"": 0, ""runtime_index"": 2153, ""file_offset"": 4588, ""floor_field"": 8, ""entity_id_field"": 18609, ""group"": 0, ""room"": 2, ""unknown_a3"": 0, ""position"": [-65.0, -138.00009155273438, 70.0], ""angles"": [0, 0, 0], ""params"": [0.5, 1.0, 1.0, 106, -1, 0], ""unused_pointer"": 209032368}"
seasonal-ep2/q240-bb-e,8,21,"{""base_type"": 34, ""set_flags"": 0, ""runtime_index"": 2060, ""file_offset"": 4792, ""floor_field"": 8, ""entity_id_field"": 18540, ""group"": 0, ""room"": 2, ""unknown_a3"": 0, ""position"": [-20.0, -135.0, 75.0], ""angles"": [0, 0, 0], ""params"": [0.5, 1.0, 1.0, 105, -1, 0], ""unused_pointer"": 209037168}"
seasonal-ep2/q240-bb-e,8,28,"{""base_type"": 34, ""set_flags"": 0, ""runtime_index"": 2101, ""file_offset"": 5268, ""floor_field"": 8, ""entity_id_field"": 18603, ""group"": 0, ""room"": 3, ""unknown_a3"": 0, ""position"": [131.0, -26.889999389648438, 115.0], ""angles"": [0, 0, 0], ""params"": [-1.0, 1.0, 1.0, 118, -1, 0], ""unused_pointer"": 74946688}"
seasonal-ep2/q240-bb-e,8,33,"{""base_type"": 34, ""set_flags"": 0, ""runtime_index"": 2102, ""file_offset"": 5608, ""floor_field"": 8, ""entity_id_field"": 18608, ""group"": 0, ""room"": 3, ""unknown_a3"": 0, ""position"": [117.0, -29.94999885559082, 87.0], ""angles"": [0, 0, 0], ""params"": [-1.0, 1.0, 1.0, 119, -1, 0], ""unused_pointer"": 74947904}"
seasonal-ep2/q240-bb-e,8,36,"{""base_type"": 34, ""set_flags"": 0, ""runtime_index"": 2103, ""file_offset"": 5812, ""floor_field"": 8, ""entity_id_field"": 18611, ""group"": 0, ""room"": 3, ""unknown_a3"": 0, ""position"": [117.0, -29.989999771118164, 52.0], ""angles"": [0, 0, 0], ""params"": [-1.0, 1.0, 1.0, 120, -1, 0], ""unused_pointer"": 74949888}"
seasonal-ep2/q240-bb-e,8,41,"{""base_type"": 34, ""set_flags"": 0, ""runtime_index"": 2104, ""file_offset"": 6152, ""floor_field"": 8, ""entity_id_field"": 18616, ""group"": 0, ""room"": 3, ""unknown_a3"": 0, ""position"": [130.0, -27.0, 25.0], ""angles"": [0, 0, 0], ""params"": [-1.0, 1.0, 1.0, 121, -1, 0], ""unused_pointer"": 74952928}"
seasonal-ep2/q240-bb-e,8,42,"{""base_type"": 34, ""set_flags"": 0, ""runtime_index"": 2100, ""file_offset"": 6220, ""floor_field"": 8, ""entity_id_field"": 18617, ""group"": 0, ""room"": 3, ""unknown_a3"": 0, ""position"": [178.0, -17.19999885559082, 53.0], ""angles"": [0, 0, 0], ""params"": [-1.0, 1.0, 1.0, 117, -1, 0], ""unused_pointer"": 74953184}"
seasonal-ep2/q240-bb-e,8,45,"{""base_type"": 34, ""set_flags"": 0, ""runtime_index"": 2099, ""file_offset"": 6424, ""floor_field"": 8, ""entity_id_field"": 18620, ""group"": 0, ""room"": 3, ""unknown_a3"": 0, ""position"": [178.0, -17.399999618530273, 87.0], ""angles"": [0, 0, 0], ""params"": [-1.0, 1.0, 1.0, 116, -1, 0], ""unused_pointer"": 74953920}"
seasonal-ep2/q240-bb-e,8,100,"{""base_type"": 34, ""set_flags"": 0, ""runtime_index"": 2182, ""file_offset"": 10164, ""floor_field"": 8, ""entity_id_field"": 19041, ""group"": 0, ""room"": 4, ""unknown_a3"": 0, ""position"": [40.0, 4.0, 90.0], ""angles"": [0, 0, 0], ""params"": [-1.0, 1.0, 1.0, 111, -1, 0], ""unused_pointer"": 73845264}"
seasonal-ep2/q240-bb-e,8,101,"{""base_type"": 34, ""set_flags"": 0, ""runtime_index"": 2212, ""file_offset"": 10232, ""floor_field"": 8, ""entity_id_field"": 19066, ""group"": 0, ""room"": 4, ""unknown_a3"": 0, ""position"": [14.0, 3.0, 98.0], ""angles"": [0, 0, 0], ""params"": [-1.0, 1.0, 1.0, 112, -1, 0], ""unused_pointer"": 73831104}"
seasonal-ep2/q240-bb-e,8,102,"{""base_type"": 34, ""set_flags"": 0, ""runtime_index"": 2205, ""file_offset"": 10300, ""floor_field"": 8, ""entity_id_field"": 19052, ""group"": 0, ""room"": 4, ""unknown_a3"": 0, ""position"": [-12.0, 3.0, 100.0], ""angles"": [0, 0, 0], ""params"": [-1.0, 1.0, 1.0, 113, -1, 0], ""unused_pointer"": 73830608}"
seasonal-ep2/q240-bb-e,8,103,"{""base_type"": 34, ""set_flags"": 0, ""runtime_index"": 2211, ""file_offset"": 10368, ""floor_field"": 8, ""entity_id_field"": 19064, ""group"": 0, ""room"": 4, ""unknown_a3"": 0, ""position"": [-32.0, 3.0, 85.0], ""angles"": [0, 0, 0], ""params"": [-1.0, 1.0, 1.0, 114, -1, 0], ""unused_pointer"": 73831360}"
seasonal-ep2/q240-bb-e,8,104,"{""base_type"": 34, ""set_flags"": 0, ""runtime_index"": 2186, ""file_offset"": 10436, ""floor_field"": 8, ""entity_id_field"": 19045, ""group"": 0, ""room"": 4, ""unknown_a3"": 0, ""position"": [-52.0, 3.0, 68.0], ""angles"": [0, 0, 0], ""params"": [-1.0, 1.0, 1.0, 115, -1, 0], ""unused_pointer"": 73846288}"
seasonal-ep2/q240-bb-e,8,113,"{""base_type"": 34, ""set_flags"": 0, ""runtime_index"": 2126, ""file_offset"": 11048, ""floor_field"": 8, ""entity_id_field"": 18544, ""group"": 0, ""room"": 10, ""unknown_a3"": 0, ""position"": [60.0, -55.40999984741211, 0.0], ""angles"": [0, 0, 0], ""params"": [-3.0, 1.0, 1.0, 107, -1, 0], ""unused_pointer"": 74882976}"
seasonal-ep2/q240-bb-e,8,114,"{""base_type"": 34, ""set_flags"": 0, ""runtime_index"": 2184, ""file_offset"": 11116, ""floor_field"": 8, ""entity_id_field"": 18545, ""group"": 0, ""room"": 10, ""unknown_a3"": 0, ""position"": [30.0, -54.84000015258789, 30.0], ""angles"": [0, 0, 0], ""params"": [-3.0, 1.0, 1.0, 108, -1, 0], ""unused_pointer"": 74883232}"
seasonal-ep2/q240-bb-e,8,115,"{""base_type"": 34, ""set_flags"": 0, ""runtime_index"": 2186, ""file_offset"": 11184, ""floor_field"": 8, ""entity_id_field"": 18546, ""group"": 0, ""room"": 10, ""unknown_a3"": 0, ""position"": [0.0, -54.84000015258789, 40.0], ""angles"": [0, 0, 0], ""params"": [-3.0, 1.0, 1.0, 109, -1, 0], ""unused_pointer"": 74883488}"
seasonal-ep2/q240-bb-e,8,116,"{""base_type"": 34, ""set_flags"": 0, ""runtime_index"": 2129, ""file_offset"": 11252, ""floor_field"": 8, ""entity_id_field"": 18547, ""group"": 0, ""room"": 10, ""unknown_a3"": 0, ""position"": [-40.0, -54.93000030517578, 30.0], ""angles"": [0, 0, 0], ""params"": [-3.0, 1.0, 1.0, 110, -1, 0], ""unused_pointer"": 74883744}"
seasonal-ep2/q240-bb-j,8,17,"{""base_type"": 34, ""set_flags"": 0, ""runtime_index"": 2143, ""file_offset"": 4520, ""floor_field"": 8, ""entity_id_field"": 18563, ""group"": 0, ""room"": 2, ""unknown_a3"": 0, ""position"": [25.0, -138.00009155273438, 70.0], ""angles"": [0, 0, 0], ""params"": [0.5, 1.0, 1.0, 104, -1, 0], ""unused_pointer"": 209032112}"
seasonal-ep2/q240-bb-j,8,18,"{""base_type"": 34, ""set_flags"": 0, ""runtime_index"": 2153, ""file_offset"": 4588, ""floor_field"": 8, ""entity_id_field"": 18609, ""group"": 0, ""room"": 2, ""unknown_a3"": 0, ""position"": [-65.0, -138.00009155273438, 70.0], ""angles"": [0, 0, 0], ""params"": [0.5, 1.0, 1.0, 106, -1, 0], ""unused_pointer"": 209032368}"
seasonal-ep2/q240-bb-j,8,21,"{""base_type"": 34, ""set_flags"": 0, ""runtime_index"": 2060, ""file_offset"": 4792, ""floor_field"": 8, ""entity_id_field"": 18540, ""group"": 0, ""room"": 2, ""unknown_a3"": 0, ""position"": [-20.0, -135.0, 75.0], ""angles"": [0, 0, 0], ""params"": [0.5, 1.0, 1.0, 105, -1, 0], ""unused_pointer"": 209037168}"
seasonal-ep2/q240-bb-j,8,28,"{""base_type"": 34, ""set_flags"": 0, ""runtime_index"": 2101, ""file_offset"": 5268, ""floor_field"": 8, ""entity_id_field"": 18603, ""group"": 0, ""room"": 3, ""unknown_a3"": 0, ""position"": [131.0, -26.889999389648438, 115.0], ""angles"": [0, 0, 0], ""params"": [-1.0, 1.0, 1.0, 118, -1, 0], ""unused_pointer"": 74946688}"
seasonal-ep2/q240-bb-j,8,33,"{""base_type"": 34, ""set_flags"": 0, ""runtime_index"": 2102, ""file_offset"": 5608, ""floor_field"": 8, ""entity_id_field"": 18608, ""group"": 0, ""room"": 3, ""unknown_a3"": 0, ""position"": [117.0, -29.94999885559082, 87.0], ""angles"": [0, 0, 0], ""params"": [-1.0, 1.0, 1.0, 119, -1, 0], ""unused_pointer"": 74947904}"
seasonal-ep2/q240-bb-j,8,36,"{""base_type"": 34, ""set_flags"": 0, ""runtime_index"": 2103, ""file_offset"": 5812, ""floor_field"": 8, ""entity_id_field"": 18611, ""group"": 0, ""room"": 3, ""unknown_a3"": 0, ""position"": [117.0, -29.989999771118164, 52.0], ""angles"": [0, 0, 0], ""params"": [-1.0, 1.0, 1.0, 120, -1, 0], ""unused_pointer"": 74949888}"
seasonal-ep2/q240-bb-j,8,41,"{""base_type"": 34, ""set_flags"": 0, ""runtime_index"": 2104, ""file_offset"": 6152, ""floor_field"": 8, ""entity_id_field"": 18616, ""group"": 0, ""room"": 3, ""unknown_a3"": 0, ""position"": [130.0, -27.0, 25.0], ""angles"": [0, 0, 0], ""params"": [-1.0, 1.0, 1.0, 121, -1, 0], ""unused_pointer"": 74952928}"
seasonal-ep2/q240-bb-j,8,42,"{""base_type"": 34, ""set_flags"": 0, ""runtime_index"": 2100, ""file_offset"": 6220, ""floor_field"": 8, ""entity_id_field"": 18617, ""group"": 0, ""room"": 3, ""unknown_a3"": 0, ""position"": [178.0, -17.19999885559082, 53.0], ""angles"": [0, 0, 0], ""params"": [-1.0, 1.0, 1.0, 117, -1, 0], ""unused_pointer"": 74953184}"
seasonal-ep2/q240-bb-j,8,45,"{""base_type"": 34, ""set_flags"": 0, ""runtime_index"": 2099, ""file_offset"": 6424, ""floor_field"": 8, ""entity_id_field"": 18620, ""group"": 0, ""room"": 3, ""unknown_a3"": 0, ""position"": [178.0, -17.399999618530273, 87.0], ""angles"": [0, 0, 0], ""params"": [-1.0, 1.0, 1.0, 116, -1, 0], ""unused_pointer"": 74953920}"
seasonal-ep2/q240-bb-j,8,100,"{""base_type"": 34, ""set_flags"": 0, ""runtime_index"": 2182, ""file_offset"": 10164, ""floor_field"": 8, ""entity_id_field"": 19041, ""group"": 0, ""room"": 4, ""unknown_a3"": 0, ""position"": [40.0, 4.0, 90.0], ""angles"": [0, 0, 0], ""params"": [-1.0, 1.0, 1.0, 111, -1, 0], ""unused_pointer"": 73845264}"
seasonal-ep2/q240-bb-j,8,101,"{""base_type"": 34, ""set_flags"": 0, ""runtime_index"": 2212, ""file_offset"": 10232, ""floor_field"": 8, ""entity_id_field"": 19066, ""group"": 0, ""room"": 4, ""unknown_a3"": 0, ""position"": [14.0, 3.0, 98.0], ""angles"": [0, 0, 0], ""params"": [-1.0, 1.0, 1.0, 112, -1, 0], ""unused_pointer"": 73831104}"
seasonal-ep2/q240-bb-j,8,102,"{""base_type"": 34, ""set_flags"": 0, ""runtime_index"": 2205, ""file_offset"": 10300, ""floor_field"": 8, ""entity_id_field"": 19052, ""group"": 0, ""room"": 4, ""unknown_a3"": 0, ""position"": [-12.0, 3.0, 100.0], ""angles"": [0, 0, 0], ""params"": [-1.0, 1.0, 1.0, 113, -1, 0], ""unused_pointer"": 73830608}"
seasonal-ep2/q240-bb-j,8,103,"{""base_type"": 34, ""set_flags"": 0, ""runtime_index"": 2211, ""file_offset"": 10368, ""floor_field"": 8, ""entity_id_field"": 19064, ""group"": 0, ""room"": 4, ""unknown_a3"": 0, ""position"": [-32.0, 3.0, 85.0], ""angles"": [0, 0, 0], ""params"": [-1.0, 1.0, 1.0, 114, -1, 0], ""unused_pointer"": 73831360}"
seasonal-ep2/q240-bb-j,8,104,"{""base_type"": 34, ""set_flags"": 0, ""runtime_index"": 2186, ""file_offset"": 10436, ""floor_field"": 8, ""entity_id_field"": 19045, ""group"": 0, ""room"": 4, ""unknown_a3"": 0, ""position"": [-52.0, 3.0, 68.0], ""angles"": [0, 0, 0], ""params"": [-1.0, 1.0, 1.0, 115, -1, 0], ""unused_pointer"": 73846288}"
seasonal-ep2/q240-bb-j,8,113,"{""base_type"": 34, ""set_flags"": 0, ""runtime_index"": 2126, ""file_offset"": 11048, ""floor_field"": 8, ""entity_id_field"": 18544, ""group"": 0, ""room"": 10, ""unknown_a3"": 0, ""position"": [60.0, -55.40999984741211, 0.0], ""angles"": [0, 0, 0], ""params"": [-3.0, 1.0, 1.0, 107, -1, 0], ""unused_pointer"": 74882976}"
seasonal-ep2/q240-bb-j,8,114,"{""base_type"": 34, ""set_flags"": 0, ""runtime_index"": 2184, ""file_offset"": 11116, ""floor_field"": 8, ""entity_id_field"": 18545, ""group"": 0, ""room"": 10, ""unknown_a3"": 0, ""position"": [30.0, -54.84000015258789, 30.0], ""angles"": [0, 0, 0], ""params"": [-3.0, 1.0, 1.0, 108, -1, 0], ""unused_pointer"": 74883232}"
seasonal-ep2/q240-bb-j,8,115,"{""base_type"": 34, ""set_flags"": 0, ""runtime_index"": 2186, ""file_offset"": 11184, ""floor_field"": 8, ""entity_id_field"": 18546, ""group"": 0, ""room"": 10, ""unknown_a3"": 0, ""position"": [0.0, -54.84000015258789, 40.0], ""angles"": [0, 0, 0], ""params"": [-3.0, 1.0, 1.0, 109, -1, 0], ""unused_pointer"": 74883488}"
seasonal-ep2/q240-bb-j,8,116,"{""base_type"": 34, ""set_flags"": 0, ""runtime_index"": 2129, ""file_offset"": 11252, ""floor_field"": 8, ""entity_id_field"": 18547, ""group"": 0, ""room"": 10, ""unknown_a3"": 0, ""position"": [-40.0, -54.93000030517578, 30.0], ""angles"": [0, 0, 0], ""params"": [-3.0, 1.0, 1.0, 110, -1, 0], ""unused_pointer"": 74883744}"
shops-ep2/q44-bb-e,5,73,"{""base_type"": 34, ""set_flags"": 0, ""runtime_index"": 30728, ""file_offset"": 11048, ""floor_field"": 5, ""entity_id_field"": 45384, ""group"": 0, ""room"": 8, ""unknown_a3"": 0, ""position"": [0.0, 0.0, 0.0], ""angles"": [0, 0, 0], ""params"": [10.0, 1.0, 1.0, 111, 0, 0], ""unused_pointer"": 1613623168}"
shops-ep2/q44-bb-e,5,74,"{""base_type"": 34, ""set_flags"": 0, ""runtime_index"": 30984, ""file_offset"": 11116, ""floor_field"": 5, ""entity_id_field"": 45640, ""group"": 0, ""room"": 8, ""unknown_a3"": 0, ""position"": [0.0, 0.0, 30.0], ""angles"": [0, 0, 0], ""params"": [10.0, 1.0, 1.0, 111, 0, 0], ""unused_pointer"": 1613688704}"
shops-ep2/q44-bb-e,5,75,"{""base_type"": 34, ""set_flags"": 0, ""runtime_index"": 30472, ""file_offset"": 11184, ""floor_field"": 5, ""entity_id_field"": 45896, ""group"": 0, ""room"": 8, ""unknown_a3"": 0, ""position"": [0.0, 0.0, -30.0], ""angles"": [0, 0, 0], ""params"": [10.0, 1.0, 1.0, 111, 0, 0], ""unused_pointer"": 811593600}"
shops-ep2/q44-bb-e,5,114,"{""base_type"": 34, ""set_flags"": 0, ""runtime_index"": 38152, ""file_offset"": 13836, ""floor_field"": 5, ""entity_id_field"": 51528, ""group"": 0, ""room"": 9, ""unknown_a3"": 0, ""position"": [174.77003479003906, 0.0, -11.057373046875], ""angles"": [0, 0, 0], ""params"": [15.0, 1.0, 1.0, 111, 0, 0], ""unused_pointer"": 1090383744}"
shops-ep2/q44-bb-j,5,73,"{""base_type"": 34, ""set_flags"": 0, ""runtime_index"": 30728, ""file_offset"": 11048, ""floor_field"": 5, ""entity_id_field"": 45384, ""group"": 0, ""room"": 8, ""unknown_a3"": 0, ""position"": [0.0, 0.0, 0.0], ""angles"": [0, 0, 0], ""params"": [10.0, 1.0, 1.0, 111, 0, 0], ""unused_pointer"": 1613623168}"
shops-ep2/q44-bb-j,5,74,"{""base_type"": 34, ""set_flags"": 0, ""runtime_index"": 30984, ""file_offset"": 11116, ""floor_field"": 5, ""entity_id_field"": 45640, ""group"": 0, ""room"": 8, ""unknown_a3"": 0, ""position"": [0.0, 0.0, 30.0], ""angles"": [0, 0, 0], ""params"": [10.0, 1.0, 1.0, 111, 0, 0], ""unused_pointer"": 1613688704}"
shops-ep2/q44-bb-j,5,75,"{""base_type"": 34, ""set_flags"": 0, ""runtime_index"": 30472, ""file_offset"": 11184, ""floor_field"": 5, ""entity_id_field"": 45896, ""group"": 0, ""room"": 8, ""unknown_a3"": 0, ""position"": [0.0, 0.0, -30.0], ""angles"": [0, 0, 0], ""params"": [10.0, 1.0, 1.0, 111, 0, 0], ""unused_pointer"": 811593600}"
shops-ep2/q44-bb-j,5,114,"{""base_type"": 34, ""set_flags"": 0, ""runtime_index"": 38152, ""file_offset"": 13836, ""floor_field"": 5, ""entity_id_field"": 51528, ""group"": 0, ""room"": 9, ""unknown_a3"": 0, ""position"": [174.77003479003906, 0.0, -11.057373046875], ""angles"": [0, 0, 0], ""params"": [15.0, 1.0, 1.0, 111, 0, 0], ""unused_pointer"": 1090383744}"
shops-ep2/q219-bb-e,5,73,"{""base_type"": 34, ""set_flags"": 0, ""runtime_index"": 161, ""file_offset"": 10980, ""floor_field"": 5, ""entity_id_field"": 16545, ""group"": 0, ""room"": 8, ""unknown_a3"": 0, ""position"": [0.0, 0.0, 0.0], ""angles"": [0, 0, 0], ""params"": [10.0, 1.0, 1.0, 111, 0, 0], ""unused_pointer"": 1613623168}"
shops-ep2/q219-bb-e,5,74,"{""base_type"": 34, ""set_flags"": 0, ""runtime_index"": 162, ""file_offset"": 11048, ""floor_field"": 5, ""entity_id_field"": 16546, ""group"": 0, ""room"": 8, ""unknown_a3"": 0, ""position"": [0.0, 0.0, 30.0], ""angles"": [0, 0, 0], ""params"": [10.0, 1.0, 1.0, 111, 0, 0], ""unused_pointer"": 1613688704}"
shops-ep2/q219-bb-e,5,75,"{""base_type"": 34, ""set_flags"": 0, ""runtime_index"": 163, ""file_offset"": 11116, ""floor_field"": 5, ""entity_id_field"": 16547, ""group"": 0, ""room"": 8, ""unknown_a3"": 0, ""position"": [0.0, 0.0, -30.0], ""angles"": [0, 0, 0], ""params"": [10.0, 1.0, 1.0, 111, 0, 0], ""unused_pointer"": 811593600}"
shops-ep2/q219-bb-e,5,114,"{""base_type"": 34, ""set_flags"": 0, ""runtime_index"": 202, ""file_offset"": 13768, ""floor_field"": 5, ""entity_id_field"": 16586, ""group"": 0, ""room"": 9, ""unknown_a3"": 0, ""position"": [174.77003479003906, 0.0, -11.057373046875], ""angles"": [0, 0, 0], ""params"": [15.0, 1.0, 1.0, 111, 0, 0], ""unused_pointer"": 1090383744}"
shops-ep2/q219-bb-j,5,73,"{""base_type"": 34, ""set_flags"": 0, ""runtime_index"": 161, ""file_offset"": 10980, ""floor_field"": 5, ""entity_id_field"": 16545, ""group"": 0, ""room"": 8, ""unknown_a3"": 0, ""position"": [0.0, 0.0, 0.0], ""angles"": [0, 0, 0], ""params"": [10.0, 1.0, 1.0, 111, 0, 0], ""unused_pointer"": 1613623168}"
shops-ep2/q219-bb-j,5,74,"{""base_type"": 34, ""set_flags"": 0, ""runtime_index"": 162, ""file_offset"": 11048, ""floor_field"": 5, ""entity_id_field"": 16546, ""group"": 0, ""room"": 8, ""unknown_a3"": 0, ""position"": [0.0, 0.0, 30.0], ""angles"": [0, 0, 0], ""params"": [10.0, 1.0, 1.0, 111, 0, 0], ""unused_pointer"": 1613688704}"
shops-ep2/q219-bb-j,5,75,"{""base_type"": 34, ""set_flags"": 0, ""runtime_index"": 163, ""file_offset"": 11116, ""floor_field"": 5, ""entity_id_field"": 16547, ""group"": 0, ""room"": 8, ""unknown_a3"": 0, ""position"": [0.0, 0.0, -30.0], ""angles"": [0, 0, 0], ""params"": [10.0, 1.0, 1.0, 111, 0, 0], ""unused_pointer"": 811593600}"
shops-ep2/q219-bb-j,5,114,"{""base_type"": 34, ""set_flags"": 0, ""runtime_index"": 202, ""file_offset"": 13768, ""floor_field"": 5, ""entity_id_field"": 16586, ""group"": 0, ""room"": 9, ""unknown_a3"": 0, ""position"": [174.77003479003906, 0.0, -11.057373046875], ""angles"": [0, 0, 0], ""params"": [15.0, 1.0, 1.0, 111, 0, 0], ""unused_pointer"": 1090383744}"
solo-extra-ep1/q143-bb-e,1,127,"{""base_type"": 34, ""set_flags"": 0, ""runtime_index"": 1798, ""file_offset"": 12340, ""floor_field"": 1, ""entity_id_field"": 18404, ""group"": 0, ""room"": 16, ""unknown_a3"": 0, ""position"": [-133.51748657226562, 20.65319061279297, 73.5689697265625], ""angles"": [0, 0, 0], ""params"": [15.000000953674316, 1.0, 1.0, 1, 0, 0], ""unused_pointer"": 2365315424}"
solo-extra-ep1/q143-bb-e,2,19,"{""base_type"": 34, ""set_flags"": 0, ""runtime_index"": 1970, ""file_offset"": 14940, ""floor_field"": 2, ""entity_id_field"": 18584, ""group"": 0, ""room"": 1, ""unknown_a3"": 0, ""position"": [-52.1103515625, 75.67119598388672, -85.2425537109375], ""angles"": [0, 0, 0], ""params"": [40.00001907348633, 1.0, 1.0, 101, 0, 0], ""unused_pointer"": 2365251920}"
solo-extra-ep1/q143-bb-e,2,45,"{""base_type"": 34, ""set_flags"": 0, ""runtime_index"": 1960, ""file_offset"": 16708, ""floor_field"": 2, ""entity_id_field"": 18755, ""group"": 0, ""room"": 2, ""unknown_a3"": 0, ""position"": [44.99725341796875, 34.99942398071289, 89.9962158203125], ""angles"": [0, 0, 0], ""params"": [35.0000114440918, 1.0, 1.0, 103, -1, 0], ""unused_pointer"": 2365343184}"
solo-extra-ep1/q143-bb-e,2,54,"{""base_type"": 34, ""set_flags"": 0, ""runtime_index"": 1961, ""file_offset"": 17320, ""floor_field"": 2, ""entity_id_field"": 18756, ""group"": 0, ""room"": 2, ""unknown_a3"": 0, ""position"": [44.99725341796875, 34.99942398071289, 159.9962158203125], ""angles"": [0, 0, 0], ""params"": [35.0000114440918, 1.0, 1.0, 103, -1, 0], ""unused_pointer"": 2365345296}"
solo-extra-ep1/q143-bb-e,2,55,"{""base_type"": 34, ""set_flags"": 0, ""runtime_index"": 1962, ""file_offset"": 17388, ""floor_field"": 2, ""entity_id_field"": 18757, ""group"": 0, ""room"": 2, ""unknown_a3"": 0, ""position"": [44.99725341796875, 34.99942398071289, 229.9962158203125], ""angles"": [0, 0, 0], ""params"": [35.0000114440918, 1.0, 1.0, 103, -1, 0], ""unused_pointer"": 2365346688}"
solo-extra-ep1/q143-bb-j,1,127,"{""base_type"": 34, ""set_flags"": 0, ""runtime_index"": 1798, ""file_offset"": 12340, ""floor_field"": 1, ""entity_id_field"": 18404, ""group"": 0, ""room"": 16, ""unknown_a3"": 0, ""position"": [-133.51748657226562, 20.65319061279297, 73.5689697265625], ""angles"": [0, 0, 0], ""params"": [15.000000953674316, 1.0, 1.0, 1, 0, 0], ""unused_pointer"": 2365315424}"
solo-extra-ep1/q143-bb-j,2,19,"{""base_type"": 34, ""set_flags"": 0, ""runtime_index"": 1970, ""file_offset"": 14940, ""floor_field"": 2, ""entity_id_field"": 18584, ""group"": 0, ""room"": 1, ""unknown_a3"": 0, ""position"": [-52.1103515625, 75.67119598388672, -85.2425537109375], ""angles"": [0, 0, 0], ""params"": [40.00001907348633, 1.0, 1.0, 101, 0, 0], ""unused_pointer"": 2365251920}"
solo-extra-ep1/q143-bb-j,2,45,"{""base_type"": 34, ""set_flags"": 0, ""runtime_index"": 1960, ""file_offset"": 16708, ""floor_field"": 2, ""entity_id_field"": 18755, ""group"": 0, ""room"": 2, ""unknown_a3"": 0, ""position"": [44.99725341796875, 34.99942398071289, 89.9962158203125], ""angles"": [0, 0, 0], ""params"": [35.0000114440918, 1.0, 1.0, 103, -1, 0], ""unused_pointer"": 2365343184}"
solo-extra-ep1/q143-bb-j,2,54,"{""base_type"": 34, ""set_flags"": 0, ""runtime_index"": 1961, ""file_offset"": 17320, ""floor_field"": 2, ""entity_id_field"": 18756, ""group"": 0, ""room"": 2, ""unknown_a3"": 0, ""position"": [44.99725341796875, 34.99942398071289, 159.9962158203125], ""angles"": [0, 0, 0], ""params"": [35.0000114440918, 1.0, 1.0, 103, -1, 0], ""unused_pointer"": 2365345296}"
solo-extra-ep1/q143-bb-j,2,55,"{""base_type"": 34, ""set_flags"": 0, ""runtime_index"": 1962, ""file_offset"": 17388, ""floor_field"": 2, ""entity_id_field"": 18757, ""group"": 0, ""room"": 2, ""unknown_a3"": 0, ""position"": [44.99725341796875, 34.99942398071289, 229.9962158203125], ""angles"": [0, 0, 0], ""params"": [35.0000114440918, 1.0, 1.0, 103, -1, 0], ""unused_pointer"": 2365346688}"
solo-story-ep1/q022-bb-e,7,193,"{""base_type"": 34, ""set_flags"": 0, ""runtime_index"": 39687, ""file_offset"": 26908, ""floor_field"": 7, ""entity_id_field"": 23624, ""group"": 0, ""room"": 70, ""unknown_a3"": 0, ""position"": [-260.01153564453125, 2.0, -119.9749755859375], ""angles"": [0, -16383, 0], ""params"": [10.0, 1.0, 1.0, 7, 0, 0], ""unused_pointer"": 3226530432}"
solo-story-ep1/q022-bb-e,7,194,"{""base_type"": 34, ""set_flags"": 0, ""runtime_index"": 41991, ""file_offset"": 26976, ""floor_field"": 7, ""entity_id_field"": 23880, ""group"": 0, ""room"": 70, ""unknown_a3"": 0, ""position"": [-260.01153564453125, 0.0, -119.9749755859375], ""angles"": [0, -16383, 0], ""params"": [10.0, 1.0, 1.0, 5, 0, 0], ""unused_pointer"": 4031902336}"
solo-story-ep1/q022-bb-e,7,195,"{""base_type"": 34, ""set_flags"": 0, ""runtime_index"": 42247, ""file_offset"": 27044, ""floor_field"": 7, ""entity_id_field"": 24136, ""group"": 0, ""room"": 70, ""unknown_a3"": 0, ""position"": [-260.01153564453125, 1.0, -119.9749755859375], ""angles"": [0, -16383, 0], ""params"": [10.0, 1.0, 1.0, 6, 0, 0], ""unused_pointer"": 542372480}"
solo-story-ep1/q022-bb-e,1,95,"{""base_type"": 34, ""set_flags"": 0, ""runtime_index"": 38663, ""file_offset"": 35696, ""floor_field"": 1, ""entity_id_field"": 33600, ""group"": 0, ""room"": 16, ""unknown_a3"": 0, ""position"": [-76.82174682617188, 14.39305305480957, 62.84130859375], ""angles"": [0, 0, 0], ""params"": [30.0, 1.0, 1.0, 5, 0, 0], ""unused_pointer"": 551417216}"
solo-story-ep1/q022-bb-j,7,193,"{""base_type"": 34, ""set_flags"": 0, ""runtime_index"": 39687, ""file_offset"": 26908, ""floor_field"": 7, ""entity_id_field"": 23624, ""group"": 0, ""room"": 70, ""unknown_a3"": 0, ""position"": [-260.01153564453125, 2.0, -119.9749755859375], ""angles"": [0, -16383, 0], ""params"": [10.0, 1.0, 1.0, 7, 0, 0], ""unused_pointer"": 3226530432}"
solo-story-ep1/q022-bb-j,7,194,"{""base_type"": 34, ""set_flags"": 0, ""runtime_index"": 41991, ""file_offset"": 26976, ""floor_field"": 7, ""entity_id_field"": 23880, ""group"": 0, ""room"": 70, ""unknown_a3"": 0, ""position"": [-260.01153564453125, 0.0, -119.9749755859375], ""angles"": [0, -16383, 0], ""params"": [10.0, 1.0, 1.0, 5, 0, 0], ""unused_pointer"": 4031902336}"
solo-story-ep1/q022-bb-j,7,195,"{""base_type"": 34, ""set_flags"": 0, ""runtime_index"": 42247, ""file_offset"": 27044, ""floor_field"": 7, ""entity_id_field"": 24136, ""group"": 0, ""room"": 70, ""unknown_a3"": 0, ""position"": [-260.01153564453125, 1.0, -119.9749755859375], ""angles"": [0, -16383, 0], ""params"": [10.0, 1.0, 1.0, 6, 0, 0], ""unused_pointer"": 542372480}"
solo-story-ep1/q022-bb-j,1,95,"{""base_type"": 34, ""set_flags"": 0, ""runtime_index"": 38663, ""file_offset"": 35696, ""floor_field"": 1, ""entity_id_field"": 33600, ""group"": 0, ""room"": 16, ""unknown_a3"": 0, ""position"": [-76.82174682617188, 14.39305305480957, 62.84130859375], ""angles"": [0, 0, 0], ""params"": [30.0, 1.0, 1.0, 5, 0, 0], ""unused_pointer"": 551417216}"
solo-story-ep1/q026-bb-e,2,4,"{""base_type"": 34, ""set_flags"": 0, ""runtime_index"": 2020, ""file_offset"": 2072, ""floor_field"": 2, ""entity_id_field"": 18473, ""group"": 0, ""room"": 1, ""unknown_a3"": 0, ""position"": [4.237884521484375, 48.310054779052734, 66.1439208984375], ""angles"": [0, 0, 0], ""params"": [30.000015258789062, 1.0, 1.0, 0, 0, 0], ""unused_pointer"": 2365245728}"
solo-story-ep1/q026-bb-e,2,19,"{""base_type"": 34, ""set_flags"": 0, ""runtime_index"": 2099, ""file_offset"": 3092, ""floor_field"": 2, ""entity_id_field"": 18490, ""group"": 0, ""room"": 1, ""unknown_a3"": 0, ""position"": [97.94256591796875, 71.42900085449219, -107.89422607421875], ""angles"": [0, 0, 0], ""params"": [26.000015258789062, 1.0, 1.0, 41, -1, 0], ""unused_pointer"": 2365248416}"
solo-story-ep1/q026-bb-e,2,23,"{""base_type"": 34, ""set_flags"": 0, ""runtime_index"": 2044, ""file_offset"": 3364, ""floor_field"": 2, ""entity_id_field"": 18494, ""group"": 0, ""room"": 1, ""unknown_a3"": 0, ""position"": [-30.1187744140625, 47.67587661743164, 139.00323486328125], ""angles"": [0, 0, 0], ""params"": [36.00001907348633, 1.0, 1.0, 43, -1, 0], ""unused_pointer"": 2365249392}"
solo-story-ep1/q026-bb-e,2,38,"{""base_type"": 34, ""set_flags"": 0, ""runtime_index"": 2103, ""file_offset"": 4384, ""floor_field"": 2, ""entity_id_field"": 18509, ""group"": 0, ""room"": 1, ""unknown_a3"": 0, ""position"": [65.15191650390625, 72.41555786132812, -45.33929443359375], ""angles"": [0, 0, 0], ""params"": [16.000011444091797, 1.0, 1.0, 152, -1, 0], ""unused_pointer"": 2365255296}"
solo-story-ep1/q026-bb-e,2,46,"{""base_type"": 34, ""set_flags"": 0, ""runtime_index"": 2111, ""file_offset"": 4928, ""floor_field"": 2, ""entity_id_field"": 18460, ""group"": 0, ""room"": 2, ""unknown_a3"": 0, ""position"": [49.08184051513672, 26.809497833251953, 107.03439331054688], ""angles"": [0, 0, 0], ""params"": [27.000011444091797, 1.0, 1.0, 47, -1, 0], ""unused_pointer"": 2365272800}"
solo-story-ep1/q026-bb-e,2,49,"{""base_type"": 34, ""set_flags"": 0, ""runtime_index"": 2110, ""file_offset"": 5132, ""floor_field"": 2, ""entity_id_field"": 18463, ""group"": 0, ""room"": 2, ""unknown_a3"": 0, ""position"": [-64.52787780761719, 30.57528305053711, 158.60244750976562], ""angles"": [0, 0, 0], ""params"": [27.000011444091797, 1.0, 1.0, 49, -1, 0], ""unused_pointer"": 2365274192}"
solo-story-ep1/q026-bb-e,2,51,"{""base_type"": 34, ""set_flags"": 0, ""runtime_index"": 2112, ""file_offset"": 5268, ""floor_field"": 2, ""entity_id_field"": 18465, ""group"": 0, ""room"": 2, ""unknown_a3"": 0, ""position"": [27.965164184570312, 27.2852783203125, 214.03598022460938], ""angles"": [0, 0, 0], ""params"": [27.000011444091797, 1.0, 1.0, 51, -1, 0], ""unused_pointer"": 2365274688}"
solo-story-ep1/q026-bb-e,2,66,"{""base_type"": 34, ""set_flags"": 0, ""runtime_index"": 2084, ""file_offset"": 6288, ""floor_field"": 2, ""entity_id_field"": 20652, ""group"": 0, ""room"": 3, ""unknown_a3"": 0, ""position"": [149.77105712890625, 6.127176284790039, 165.51190185546875], ""angles"": [0, 0, 0], ""params"": [40.00001907348633, 1.0, 1.0, 88, 0, 0], ""unused_pointer"": 2365247216}"
solo-story-ep1/q026-bb-e,2,68,"{""base_type"": 34, ""set_flags"": 0, ""runtime_index"": 2018, ""file_offset"": 6424, ""floor_field"": 2, ""entity_id_field"": 20688, ""group"": 0, ""room"": 3, ""unknown_a3"": 0, ""position"": [44.162933349609375, 9.765973091125488, 112.84524536132812], ""angles"": [0, 0, 0], ""params"": [22.000009536743164, 1.0, 1.0, 199, -1, 0], ""unused_pointer"": 2365248416}"
solo-story-ep1/q026-bb-e,2,81,"{""base_type"": 34, ""set_flags"": 0, ""runtime_index"": 2009, ""file_offset"": 7308, ""floor_field"": 2, ""entity_id_field"": 20630, ""group"": 0, ""room"": 4, ""unknown_a3"": 0, ""position"": [-21.5333251953125, 52.448646545410156, 102.24411010742188], ""angles"": [0, 0, 0], ""params"": [20.000009536743164, 1.0, 1.0, 195, -1, 0], ""unused_pointer"": 2365248880}"
solo-story-ep1/q026-bb-e,2,82,"{""base_type"": 34, ""set_flags"": 0, ""runtime_index"": 2010, ""file_offset"": 7376, ""floor_field"": 2, ""entity_id_field"": 20631, ""group"": 0, ""room"": 4, ""unknown_a3"": 0, ""position"": [4.391693115234375, 52.448646545410156, 112.640380859375], ""angles"": [0, 0, 0], ""params"": [15.000004768371582, 1.0, 1.0, 196, -1, 0], ""unused_pointer"": 2365249184}"
solo-story-ep1/q026-bb-e,2,83,"{""base_type"": 34, ""set_flags"": 0, ""runtime_index"": 2011, ""file_offset"": 7444, ""floor_field"": 2, ""entity_id_field"": 20632, ""group"": 0, ""room"": 4, ""unknown_a3"": 0, ""position"": [-42.671875, 52.448646545410156, 79.54946899414062], ""angles"": [0, 0, 0], ""params"": [15.000004768371582, 1.0, 1.0, 197, -1, 0], ""unused_pointer"": 2365249488}"
solo-story-ep1/q026-bb-e,2,106,"{""base_type"": 34, ""set_flags"": 0, ""runtime_index"": 2139, ""file_offset"": 9008, ""floor_field"": 2, ""entity_id_field"": 18764, ""group"": 0, ""room"": 6, ""unknown_a3"": 0, ""position"": [-332.65997314453125, 35.86678695678711, 151.2322235107422], ""angles"": [0, 0, 0], ""params"": [12.000004768371582, 1.0, 1.0, 156, -1, 0], ""unused_pointer"": 2365253216}"
solo-story-ep1/q026-bb-e,2,108,"{""base_type"": 34, ""set_flags"": 0, ""runtime_index"": 1836, ""file_offset"": 9144, ""floor_field"": 2, ""entity_id_field"": 18816, ""group"": 0, ""room"": 6, ""unknown_a3"": 0, ""position"": [-202.29000854492188, 36.73845672607422, -12.750457763671875], ""angles"": [0, 0, 0], ""params"": [20.0000057220459, 1.0, 1.0, 157, -1, 0], ""unused_pointer"": 2365248560}"
solo-story-ep1/q026-bb-e,2,110,"{""base_type"": 34, ""set_flags"": 0, ""runtime_index"": 1839, ""file_offset"": 9280, ""floor_field"": 2, ""entity_id_field"": 18825, ""group"": 0, ""room"": 6, ""unknown_a3"": 0, ""position"": [-211.93270874023438, 36.73845672607422, 79.3691177368164], ""angles"": [0, 0, 0], ""params"": [20.000001907348633, 1.0, 1.0, 158, -1, 0], ""unused_pointer"": 2365245184}"
solo-story-ep1/q026-bb-e,2,111,"{""base_type"": 34, ""set_flags"": 0, ""runtime_index"": 1840, ""file_offset"": 9348, ""floor_field"": 2, ""entity_id_field"": 18826, ""group"": 0, ""room"": 6, ""unknown_a3"": 0, ""position"": [-120.11978149414062, 36.73845672607422, 28.382781982421875], ""angles"": [0, 0, 0], ""params"": [20.000001907348633, 1.0, 1.0, 159, -1, 0], ""unused_pointer"": 2365254480}"
solo-story-ep1/q026-bb-e,2,120,"{""base_type"": 34, ""set_flags"": 0, ""runtime_index"": 2144, ""file_offset"": 9960, ""floor_field"": 2, ""entity_id_field"": 19344, ""group"": 0, ""room"": 10, ""unknown_a3"": 0, ""position"": [174.34451293945312, 18.192537307739258, -306.46142578125], ""angles"": [0, 0, 0], ""params"": [30.000015258789062, 1.0, 1.0, 58, 0, 0], ""unused_pointer"": 2365248032}"
solo-story-ep1/q026-bb-e,2,123,"{""base_type"": 34, ""set_flags"": 0, ""runtime_index"": 1851, ""file_offset"": 10164, ""floor_field"": 2, ""entity_id_field"": 19347, ""group"": 0, ""room"": 10, ""unknown_a3"": 0, ""position"": [-68.34150695800781, 28.131675720214844, -213.30538940429688], ""angles"": [0, 0, 0], ""params"": [20.000009536743164, 1.0, 1.0, 162, -1, 0], ""unused_pointer"": 2365248720}"
solo-story-ep1/q026-bb-e,2,126,"{""base_type"": 34, ""set_flags"": 0, ""runtime_index"": 1865, ""file_offset"": 10368, ""floor_field"": 2, ""entity_id_field"": 19389, ""group"": 0, ""room"": 10, ""unknown_a3"": 0, ""position"": [12.903533935546875, 23.165143966674805, -170.90589904785156], ""angles"": [0, 0, 0], ""params"": [28.000011444091797, 1.0, 1.0, 164, -1, 0], ""unused_pointer"": 2365250448}"
solo-story-ep1/q026-bb-e,2,130,"{""base_type"": 34, ""set_flags"": 0, ""runtime_index"": 1875, ""file_offset"": 10640, ""floor_field"": 2, ""entity_id_field"": 19528, ""group"": 0, ""room"": 11, ""unknown_a3"": 0, ""position"": [-195.960205078125, 18.41615104675293, -93.3135986328125], ""angles"": [0, 0, 0], ""params"": [18.000009536743164, 1.0, 1.0, 171, -1, 0], ""unused_pointer"": 2365247120}"
solo-story-ep1/q026-bb-e,2,142,"{""base_type"": 34, ""set_flags"": 0, ""runtime_index"": 1880, ""file_offset"": 11456, ""floor_field"": 2, ""entity_id_field"": 19547, ""group"": 0, ""room"": 11, ""unknown_a3"": 0, ""position"": [-146.45620727539062, 17.256336212158203, -18.099807739257812], ""angles"": [0, 0, 0], ""params"": [17.000009536743164, 1.0, 1.0, 173, -1, 0], ""unused_pointer"": 2365246336}"
solo-story-ep1/q026-bb-e,2,146,"{""base_type"": 34, ""set_flags"": 0, ""runtime_index"": 1886, ""file_offset"": 11728, ""floor_field"": 2, ""entity_id_field"": 19574, ""group"": 0, ""room"": 11, ""unknown_a3"": 0, ""position"": [-273.77197265625, 18.044158935546875, 162.20794677734375], ""angles"": [0, 0, 0], ""params"": [18.000009536743164, 1.0, 1.0, 175, -1, 0], ""unused_pointer"": 2365249984}"
solo-story-ep1/q026-bb-e,2,149,"{""base_type"": 34, ""set_flags"": 0, ""runtime_index"": 2094, ""file_offset"": 11932, ""floor_field"": 2, ""entity_id_field"": 21336, ""group"": 1, ""room"": 12, ""unknown_a3"": 0, ""position"": [-93.49093627929688, 54.85158157348633, -150.12887573242188], ""angles"": [0, 0, 0], ""params"": [19.000009536743164, 1.0, 1.0, 210, -1, 0], ""unused_pointer"": 2365248608}"
solo-story-ep1/q026-bb-e,2,152,"{""base_type"": 34, ""set_flags"": 0, ""runtime_index"": 2098, ""file_offset"": 12136, ""floor_field"": 2, ""entity_id_field"": 21345, ""group"": 1, ""room"": 12, ""unknown_a3"": 0, ""position"": [-93.70343017578125, 55.888607025146484, -70.58097839355469], ""angles"": [0, 0, 0], ""params"": [19.000009536743164, 1.0, 1.0, 211, -1, 0], ""unused_pointer"": 2365248912}"
solo-story-ep1/q026-bb-e,2,153,"{""base_type"": 34, ""set_flags"": 0, ""runtime_index"": 2091, ""file_offset"": 12204, ""floor_field"": 2, ""entity_id_field"": 21330, ""group"": 1, ""room"": 12, ""unknown_a3"": 0, ""position"": [-8.92816162109375, 53.42951583862305, -101.2926025390625], ""angles"": [0, 0, 0], ""params"": [19.000009536743164, 1.0, 1.0, 212, -1, 0], ""unused_pointer"": 2365247648}"
solo-story-ep1/q026-bb-e,2,169,"{""base_type"": 34, ""set_flags"": 0, ""runtime_index"": 1993, ""file_offset"": 13292, ""floor_field"": 2, ""entity_id_field"": 18671, ""group"": 0, ""room"": 12, ""unknown_a3"": 0, ""position"": [-157.91452026367188, 4.6721906661987305, -314.83392333984375], ""angles"": [0, 0, 0], ""params"": [31.000015258789062, 1.0, 1.0, 101, 0, 0], ""unused_pointer"": 2365248032}"
solo-story-ep1/q026-bb-e,2,172,"{""base_type"": 34, ""set_flags"": 0, ""runtime_index"": 2063, ""file_offset"": 13496, ""floor_field"": 2, ""entity_id_field"": 18674, ""group"": 0, ""room"": 12, ""unknown_a3"": 0, ""position"": [-152.41165161132812, 57.719303131103516, -20.751739501953125], ""angles"": [0, 0, 0], ""params"": [35.0000114440918, 1.0, 1.0, 120, 0, 0], ""unused_pointer"": 2365249424}"
solo-story-ep1/q026-bb-e,2,179,"{""base_type"": 34, ""set_flags"": 0, ""runtime_index"": 2046, ""file_offset"": 13972, ""floor_field"": 2, ""entity_id_field"": 18681, ""group"": 0, ""room"": 12, ""unknown_a3"": 0, ""position"": [-109.38424682617188, 55.37582778930664, -104.67913818359375], ""angles"": [0, 0, 0], ""params"": [19.000009536743164, 1.0, 1.0, 205, -1, 0], ""unused_pointer"": 2365252992}"
solo-story-ep1/q026-bb-e,2,180,"{""base_type"": 34, ""set_flags"": 0, ""runtime_index"": 2047, ""file_offset"": 14040, ""floor_field"": 2, ""entity_id_field"": 18682, ""group"": 0, ""room"": 12, ""unknown_a3"": 0, ""position"": [-43.5277099609375, 55.69679641723633, -69.14208221435547], ""angles"": [0, 0, 0], ""params"": [19.000009536743164, 1.0, 1.0, 206, -1, 0], ""unused_pointer"": 2365253296}"
solo-story-ep1/q026-bb-e,2,181,"{""base_type"": 34, ""set_flags"": 0, ""runtime_index"": 2048, ""file_offset"": 14108, ""floor_field"": 2, ""entity_id_field"": 18683, ""group"": 0, ""room"": 12, ""unknown_a3"": 0, ""position"": [-24.47021484375, 53.91427993774414, -140.77987670898438], ""angles"": [0, 0, 0], ""params"": [19.000009536743164, 1.0, 1.0, 207, -1, 0], ""unused_pointer"": 2365253600}"
solo-story-ep1/q026-bb-e,2,182,"{""base_type"": 34, ""set_flags"": 0, ""runtime_index"": 2049, ""file_offset"": 14176, ""floor_field"": 2, ""entity_id_field"": 18684, ""group"": 0, ""room"": 12, ""unknown_a3"": 0, ""position"": [31.19976806640625, 53.891475677490234, -84.8331069946289], ""angles"": [0, 0, 0], ""params"": [19.000009536743164, 1.0, 1.0, 208, -1, 0], ""unused_pointer"": 2365253904}"
solo-story-ep1/q026-bb-e,2,187,"{""base_type"": 34, ""set_flags"": 0, ""runtime_index"": 2030, ""file_offset"": 14516, ""floor_field"": 2, ""entity_id_field"": 18694, ""group"": 0, ""room"": 12, ""unknown_a3"": 0, ""position"": [-152.03506469726562, 4.153202533721924, -260.0267333984375], ""angles"": [0, 0, 0], ""params"": [19.000009536743164, 1.0, 1.0, 215, -1, 0], ""unused_pointer"": 2365245184}"
solo-story-ep1/q026-bb-e,2,189,"{""base_type"": 34, ""set_flags"": 0, ""runtime_index"": 1927, ""file_offset"": 14652, ""floor_field"": 2, ""entity_id_field"": 19818, ""group"": 1, ""room"": 13, ""unknown_a3"": 0, ""position"": [44.040771484375, 21.637516021728516, -98.37725830078125], ""angles"": [0, 0, 0], ""params"": [17.000009536743164, 1.0, 1.0, 135, -1, 0], ""unused_pointer"": 2365248608}"
solo-story-ep1/q026-bb-e,2,190,"{""base_type"": 34, ""set_flags"": 0, ""runtime_index"": 2091, ""file_offset"": 14720, ""floor_field"": 2, ""entity_id_field"": 19748, ""group"": 1, ""room"": 13, ""unknown_a3"": 0, ""position"": [27.741119384765625, 24.153501510620117, -195.73489379882812], ""angles"": [0, 0, 0], ""params"": [20.000009536743164, 1.0, 1.0, 136, -1, 0], ""unused_pointer"": 2365247232}"
solo-story-ep1/q026-bb-e,2,191,"{""base_type"": 34, ""set_flags"": 0, ""runtime_index"": 2092, ""file_offset"": 14788, ""floor_field"": 2, ""entity_id_field"": 19749, ""group"": 1, ""room"": 13, ""unknown_a3"": 0, ""position"": [-87.06451416015625, 24.80632781982422, -160.84414672851562], ""angles"": [0, 0, 0], ""params"": [20.000009536743164, 1.0, 1.0, 137, -1, 0], ""unused_pointer"": 2365247536}"
solo-story-ep1/q026-bb-e,2,192,"{""base_type"": 34, ""set_flags"": 0, ""runtime_index"": 1929, ""file_offset"": 14856, ""floor_field"": 2, ""entity_id_field"": 19823, ""group"": 1, ""room"": 13, ""unknown_a3"": 0, ""position"": [-56.20892333984375, 22.281784057617188, -69.29510498046875], ""angles"": [0, 0, 0], ""params"": [17.000009536743164, 1.0, 1.0, 138, -1, 0], ""unused_pointer"": 2365247840}"
solo-story-ep1/q026-bb-e,2,204,"{""base_type"": 34, ""set_flags"": 0, ""runtime_index"": 1961, ""file_offset"": 15672, ""floor_field"": 2, ""entity_id_field"": 19628, ""group"": 0, ""room"": 13, ""unknown_a3"": 0, ""position"": [83.7640380859375, 19.622180938720703, 17.895416259765625], ""angles"": [0, 0, 0], ""params"": [30.000015258789062, 1.0, 1.0, 61, 0, 0], ""unused_pointer"": 2365246656}"
solo-story-ep1/q026-bb-e,2,212,"{""base_type"": 34, ""set_flags"": 0, ""runtime_index"": 1901, ""file_offset"": 16216, ""floor_field"": 2, ""entity_id_field"": 19688, ""group"": 0, ""room"": 13, ""unknown_a3"": 0, ""position"": [51.8253173828125, 21.70518684387207, -107.38601684570312], ""angles"": [0, 0, 0], ""params"": [18.0000057220459, 1.0, 1.0, 63, -1, 0], ""unused_pointer"": 2365248384}"
solo-story-ep1/q026-bb-e,2,213,"{""base_type"": 34, ""set_flags"": 0, ""runtime_index"": 1906, ""file_offset"": 16284, ""floor_field"": 2, ""entity_id_field"": 19718, ""group"": 0, ""room"": 13, ""unknown_a3"": 0, ""position"": [-63.0177001953125, 21.099576950073242, -83.28616333007812], ""angles"": [0, 0, 0], ""params"": [18.0000057220459, 1.0, 1.0, 65, -1, 0], ""unused_pointer"": 2365248080}"
solo-story-ep1/q026-bb-e,2,214,"{""base_type"": 34, ""set_flags"": 0, ""runtime_index"": 1907, ""file_offset"": 16352, ""floor_field"": 2, ""entity_id_field"": 19728, ""group"": 0, ""room"": 13, ""unknown_a3"": 0, ""position"": [-36.67401123046875, 21.099576950073242, -179.34698486328125], ""angles"": [0, 0, 0], ""params"": [18.0000057220459, 1.0, 1.0, 67, -1, 0], ""unused_pointer"": 2365249952}"
solo-story-ep1/q026-bb-e,2,239,"{""base_type"": 34, ""set_flags"": 0, ""runtime_index"": 1959, ""file_offset"": 18052, ""floor_field"": 2, ""entity_id_field"": 18840, ""group"": 0, ""room"": 15, ""unknown_a3"": 0, ""position"": [80.54341125488281, 15.670852661132812, -171.5616455078125], ""angles"": [0, 0, 0], ""params"": [20.000009536743164, 1.0, 1.0, 180, -1, 0], ""unused_pointer"": 2365255264}"
solo-story-ep1/q026-bb-e,2,245,"{""base_type"": 34, ""set_flags"": 0, ""runtime_index"": 1963, ""file_offset"": 18460, ""floor_field"": 2, ""entity_id_field"": 18846, ""group"": 0, ""room"": 15, ""unknown_a3"": 0, ""position"": [110.70321655273438, 15.670852661132812, -181.06103515625], ""angles"": [0, 0, 0], ""params"": [10.000004768371582, 1.0, 1.0, 181, -1, 0], ""unused_pointer"": 2365256720}"
solo-story-ep1/q026-bb-e,2,246,"{""base_type"": 34, ""set_flags"": 0, ""runtime_index"": 1967, ""file_offset"": 18528, ""floor_field"": 2, ""entity_id_field"": 18847, ""group"": 0, ""room"": 15, ""unknown_a3"": 0, ""position"": [74.02433776855469, 15.670852661132812, -201.36935424804688], ""angles"": [0, 0, 0], ""params"": [10.000004768371582, 1.0, 1.0, 182, -1, 0], ""unused_pointer"": 2365257024}"
solo-story-ep1/q026-bb-e,2,247,"{""base_type"": 34, ""set_flags"": 0, ""runtime_index"": 1970, ""file_offset"": 18596, ""floor_field"": 2, ""entity_id_field"": 18848, ""group"": 0, ""room"": 15, ""unknown_a3"": 0, ""position"": [328.9640197753906, 19.56496810913086, 56.6898193359375], ""angles"": [0, 0, 0], ""params"": [20.0000057220459, 1.0, 1.0, 184, -1, 0], ""unused_pointer"": 2365257328}"
solo-story-ep1/q026-bb-e,2,248,"{""base_type"": 34, ""set_flags"": 0, ""runtime_index"": 1971, ""file_offset"": 18664, ""floor_field"": 2, ""entity_id_field"": 18849, ""group"": 0, ""room"": 15, ""unknown_a3"": 0, ""position"": [325.77899169921875, 19.56496810913086, 85.68389892578125], ""angles"": [0, 0, 0], ""params"": [10.000005722045898, 1.0, 1.0, 185, -1, 0], ""unused_pointer"": 2365257632}"
solo-story-ep1/q026-bb-e,2,249,"{""base_type"": 34, ""set_flags"": 0, ""runtime_index"": 1972, ""file_offset"": 18732, ""floor_field"": 2, ""entity_id_field"": 18850, ""group"": 0, ""room"": 15, ""unknown_a3"": 0, ""position"": [357.1495361328125, 19.56496810913086, 45.0203857421875], ""angles"": [0, 0, 0], ""params"": [10.000005722045898, 1.0, 1.0, 186, -1, 0], ""unused_pointer"": 2365257936}"
solo-story-ep1/q026-bb-e,2,253,"{""base_type"": 34, ""set_flags"": 0, ""runtime_index"": 1980, ""file_offset"": 19004, ""floor_field"": 2, ""entity_id_field"": 18854, ""group"": 0, ""room"": 15, ""unknown_a3"": 0, ""position"": [169.39373779296875, 21.270936965942383, 62.85491943359375], ""angles"": [0, 0, 0], ""params"": [20.000009536743164, 1.0, 1.0, 189, -1, 0], ""unused_pointer"": 2365258816}"
solo-story-ep1/q026-bb-j,2,4,"{""base_type"": 34, ""set_flags"": 0, ""runtime_index"": 2020, ""file_offset"": 2072, ""floor_field"": 2, ""entity_id_field"": 18473, ""group"": 0, ""room"": 1, ""unknown_a3"": 0, ""position"": [4.237884521484375, 48.310054779052734, 66.1439208984375], ""angles"": [0, 0, 0], ""params"": [30.000015258789062, 1.0, 1.0, 0, 0, 0], ""unused_pointer"": 2365245728}"
solo-story-ep1/q026-bb-j,2,19,"{""base_type"": 34, ""set_flags"": 0, ""runtime_index"": 2099, ""file_offset"": 3092, ""floor_field"": 2, ""entity_id_field"": 18490, ""group"": 0, ""room"": 1, ""unknown_a3"": 0, ""position"": [97.94256591796875, 71.42900085449219, -107.89422607421875], ""angles"": [0, 0, 0], ""params"": [26.000015258789062, 1.0, 1.0, 41, -1, 0], ""unused_pointer"": 2365248416}"
solo-story-ep1/q026-bb-j,2,23,"{""base_type"": 34, ""set_flags"": 0, ""runtime_index"": 2044, ""file_offset"": 3364, ""floor_field"": 2, ""entity_id_field"": 18494, ""group"": 0, ""room"": 1, ""unknown_a3"": 0, ""position"": [-30.1187744140625, 47.67587661743164, 139.00323486328125], ""angles"": [0, 0, 0], ""params"": [36.00001907348633, 1.0, 1.0, 43, -1, 0], ""unused_pointer"": 2365249392}"
solo-story-ep1/q026-bb-j,2,38,"{""base_type"": 34, ""set_flags"": 0, ""runtime_index"": 2103, ""file_offset"": 4384, ""floor_field"": 2, ""entity_id_field"": 18509, ""group"": 0, ""room"": 1, ""unknown_a3"": 0, ""position"": [65.15191650390625, 72.41555786132812, -45.33929443359375], ""angles"": [0, 0, 0], ""params"": [16.000011444091797, 1.0, 1.0, 152, -1, 0], ""unused_pointer"": 2365255296}"
solo-story-ep1/q026-bb-j,2,46,"{""base_type"": 34, ""set_flags"": 0, ""runtime_index"": 2111, ""file_offset"": 4928, ""floor_field"": 2, ""entity_id_field"": 18460, ""group"": 0, ""room"": 2, ""unknown_a3"": 0, ""position"": [49.08184051513672, 26.809497833251953, 107.03439331054688], ""angles"": [0, 0, 0], ""params"": [27.000011444091797, 1.0, 1.0, 47, -1, 0], ""unused_pointer"": 2365272800}"
solo-story-ep1/q026-bb-j,2,49,"{""base_type"": 34, ""set_flags"": 0, ""runtime_index"": 2110, ""file_offset"": 5132, ""floor_field"": 2, ""entity_id_field"": 18463, ""group"": 0, ""room"": 2, ""unknown_a3"": 0, ""position"": [-64.52787780761719, 30.57528305053711, 158.60244750976562], ""angles"": [0, 0, 0], ""params"": [27.000011444091797, 1.0, 1.0, 49, -1, 0], ""unused_pointer"": 2365274192}"
solo-story-ep1/q026-bb-j,2,51,"{""base_type"": 34, ""set_flags"": 0, ""runtime_index"": 2112, ""file_offset"": 5268, ""floor_field"": 2, ""entity_id_field"": 18465, ""group"": 0, ""room"": 2, ""unknown_a3"": 0, ""position"": [27.965164184570312, 27.2852783203125, 214.03598022460938], ""angles"": [0, 0, 0], ""params"": [27.000011444091797, 1.0, 1.0, 51, -1, 0], ""unused_pointer"": 2365274688}"
solo-story-ep1/q026-bb-j,2,66,"{""base_type"": 34, ""set_flags"": 0, ""runtime_index"": 2084, ""file_offset"": 6288, ""floor_field"": 2, ""entity_id_field"": 20652, ""group"": 0, ""room"": 3, ""unknown_a3"": 0, ""position"": [149.77105712890625, 6.127176284790039, 165.51190185546875], ""angles"": [0, 0, 0], ""params"": [40.00001907348633, 1.0, 1.0, 88, 0, 0], ""unused_pointer"": 2365247216}"
solo-story-ep1/q026-bb-j,2,68,"{""base_type"": 34, ""set_flags"": 0, ""runtime_index"": 2018, ""file_offset"": 6424, ""floor_field"": 2, ""entity_id_field"": 20688, ""group"": 0, ""room"": 3, ""unknown_a3"": 0, ""position"": [44.162933349609375, 9.765973091125488, 112.84524536132812], ""angles"": [0, 0, 0], ""params"": [22.000009536743164, 1.0, 1.0, 199, -1, 0], ""unused_pointer"": 2365248416}"
solo-story-ep1/q026-bb-j,2,81,"{""base_type"": 34, ""set_flags"": 0, ""runtime_index"": 2009, ""file_offset"": 7308, ""floor_field"": 2, ""entity_id_field"": 20630, ""group"": 0, ""room"": 4, ""unknown_a3"": 0, ""position"": [-21.5333251953125, 52.448646545410156, 102.24411010742188], ""angles"": [0, 0, 0], ""params"": [20.000009536743164, 1.0, 1.0, 195, -1, 0], ""unused_pointer"": 2365248880}"
solo-story-ep1/q026-bb-j,2,82,"{""base_type"": 34, ""set_flags"": 0, ""runtime_index"": 2010, ""file_offset"": 7376, ""floor_field"": 2, ""entity_id_field"": 20631, ""group"": 0, ""room"": 4, ""unknown_a3"": 0, ""position"": [4.391693115234375, 52.448646545410156, 112.640380859375], ""angles"": [0, 0, 0], ""params"": [15.000004768371582, 1.0, 1.0, 196, -1, 0], ""unused_pointer"": 2365249184}"
solo-story-ep1/q026-bb-j,2,83,"{""base_type"": 34, ""set_flags"": 0, ""runtime_index"": 2011, ""file_offset"": 7444, ""floor_field"": 2, ""entity_id_field"": 20632, ""group"": 0, ""room"": 4, ""unknown_a3"": 0, ""position"": [-42.671875, 52.448646545410156, 79.54946899414062], ""angles"": [0, 0, 0], ""params"": [15.000004768371582, 1.0, 1.0, 197, -1, 0], ""unused_pointer"": 2365249488}"
solo-story-ep1/q026-bb-j,2,106,"{""base_type"": 34, ""set_flags"": 0, ""runtime_index"": 2139, ""file_offset"": 9008, ""floor_field"": 2, ""entity_id_field"": 18764, ""group"": 0, ""room"": 6, ""unknown_a3"": 0, ""position"": [-332.65997314453125, 35.86678695678711, 151.2322235107422], ""angles"": [0, 0, 0], ""params"": [12.000004768371582, 1.0, 1.0, 156, -1, 0], ""unused_pointer"": 2365253216}"
solo-story-ep1/q026-bb-j,2,108,"{""base_type"": 34, ""set_flags"": 0, ""runtime_index"": 1836, ""file_offset"": 9144, ""floor_field"": 2, ""entity_id_field"": 18816, ""group"": 0, ""room"": 6, ""unknown_a3"": 0, ""position"": [-202.29000854492188, 36.73845672607422, -12.750457763671875], ""angles"": [0, 0, 0], ""params"": [20.0000057220459, 1.0, 1.0, 157, -1, 0], ""unused_pointer"": 2365248560}"
solo-story-ep1/q026-bb-j,2,110,"{""base_type"": 34, ""set_flags"": 0, ""runtime_index"": 1839, ""file_offset"": 9280, ""floor_field"": 2, ""entity_id_field"": 18825, ""group"": 0, ""room"": 6, ""unknown_a3"": 0, ""position"": [-211.93270874023438, 36.73845672607422, 79.3691177368164], ""angles"": [0, 0, 0], ""params"": [20.000001907348633, 1.0, 1.0, 158, -1, 0], ""unused_pointer"": 2365245184}"
solo-story-ep1/q026-bb-j,2,111,"{""base_type"": 34, ""set_flags"": 0, ""runtime_index"": 1840, ""file_offset"": 9348, ""floor_field"": 2, ""entity_id_field"": 18826, ""group"": 0, ""room"": 6, ""unknown_a3"": 0, ""position"": [-120.11978149414062, 36.73845672607422, 28.382781982421875], ""angles"": [0, 0, 0], ""params"": [20.000001907348633, 1.0, 1.0, 159, -1, 0], ""unused_pointer"": 2365254480}"
solo-story-ep1/q026-bb-j,2,120,"{""base_type"": 34, ""set_flags"": 0, ""runtime_index"": 2144, ""file_offset"": 9960, ""floor_field"": 2, ""entity_id_field"": 19344, ""group"": 0, ""room"": 10, ""unknown_a3"": 0, ""position"": [174.34451293945312, 18.192537307739258, -306.46142578125], ""angles"": [0, 0, 0], ""params"": [30.000015258789062, 1.0, 1.0, 58, 0, 0], ""unused_pointer"": 2365248032}"
solo-story-ep1/q026-bb-j,2,123,"{""base_type"": 34, ""set_flags"": 0, ""runtime_index"": 1851, ""file_offset"": 10164, ""floor_field"": 2, ""entity_id_field"": 19347, ""group"": 0, ""room"": 10, ""unknown_a3"": 0, ""position"": [-68.34150695800781, 28.131675720214844, -213.30538940429688], ""angles"": [0, 0, 0], ""params"": [20.000009536743164, 1.0, 1.0, 162, -1, 0], ""unused_pointer"": 2365248720}"
solo-story-ep1/q026-bb-j,2,126,"{""base_type"": 34, ""set_flags"": 0, ""runtime_index"": 1865, ""file_offset"": 10368, ""floor_field"": 2, ""entity_id_field"": 19389, ""group"": 0, ""room"": 10, ""unknown_a3"": 0, ""position"": [12.903533935546875, 23.165143966674805, -170.90589904785156], ""angles"": [0, 0, 0], ""params"": [28.000011444091797, 1.0, 1.0, 164, -1, 0], ""unused_pointer"": 2365250448}"
solo-story-ep1/q026-bb-j,2,130,"{""base_type"": 34, ""set_flags"": 0, ""runtime_index"": 1875, ""file_offset"": 10640, ""floor_field"": 2, ""entity_id_field"": 19528, ""group"": 0, ""room"": 11, ""unknown_a3"": 0, ""position"": [-195.960205078125, 18.41615104675293, -93.3135986328125], ""angles"": [0, 0, 0], ""params"": [18.000009536743164, 1.0, 1.0, 171, -1, 0], ""unused_pointer"": 2365247120}"
solo-story-ep1/q026-bb-j,2,142,"{""base_type"": 34, ""set_flags"": 0, ""runtime_index"": 1880, ""file_offset"": 11456, ""floor_field"": 2, ""entity_id_field"": 19547, ""group"": 0, ""room"": 11, ""unknown_a3"": 0, ""position"": [-146.45620727539062, 17.256336212158203, -18.099807739257812], ""angles"": [0, 0, 0], ""params"": [17.000009536743164, 1.0, 1.0, 173, -1, 0], ""unused_pointer"": 2365246336}"
solo-story-ep1/q026-bb-j,2,146,"{""base_type"": 34, ""set_flags"": 0, ""runtime_index"": 1886, ""file_offset"": 11728, ""floor_field"": 2, ""entity_id_field"": 19574, ""group"": 0, ""room"": 11, ""unknown_a3"": 0, ""position"": [-273.77197265625, 18.044158935546875, 162.20794677734375], ""angles"": [0, 0, 0], ""params"": [18.000009536743164, 1.0, 1.0, 175, -1, 0], ""unused_pointer"": 2365249984}"
solo-story-ep1/q026-bb-j,2,149,"{""base_type"": 34, ""set_flags"": 0, ""runtime_index"": 2094, ""file_offset"": 11932, ""floor_field"": 2, ""entity_id_field"": 21336, ""group"": 1, ""room"": 12, ""unknown_a3"": 0, ""position"": [-93.49093627929688, 54.85158157348633, -150.12887573242188], ""angles"": [0, 0, 0], ""params"": [19.000009536743164, 1.0, 1.0, 210, -1, 0], ""unused_pointer"": 2365248608}"
solo-story-ep1/q026-bb-j,2,152,"{""base_type"": 34, ""set_flags"": 0, ""runtime_index"": 2098, ""file_offset"": 12136, ""floor_field"": 2, ""entity_id_field"": 21345, ""group"": 1, ""room"": 12, ""unknown_a3"": 0, ""position"": [-93.70343017578125, 55.888607025146484, -70.58097839355469], ""angles"": [0, 0, 0], ""params"": [19.000009536743164, 1.0, 1.0, 211, -1, 0], ""unused_pointer"": 2365248912}"
solo-story-ep1/q026-bb-j,2,153,"{""base_type"": 34, ""set_flags"": 0, ""runtime_index"": 2091, ""file_offset"": 12204, ""floor_field"": 2, ""entity_id_field"": 21330, ""group"": 1, ""room"": 12, ""unknown_a3"": 0, ""position"": [-8.92816162109375, 53.42951583862305, -101.2926025390625], ""angles"": [0, 0, 0], ""params"": [19.000009536743164, 1.0, 1.0, 212, -1, 0], ""unused_pointer"": 2365247648}"
solo-story-ep1/q026-bb-j,2,169,"{""base_type"": 34, ""set_flags"": 0, ""runtime_index"": 1993, ""file_offset"": 13292, ""floor_field"": 2, ""entity_id_field"": 18671, ""group"": 0, ""room"": 12, ""unknown_a3"": 0, ""position"": [-157.91452026367188, 4.6721906661987305, -314.83392333984375], ""angles"": [0, 0, 0], ""params"": [31.000015258789062, 1.0, 1.0, 101, 0, 0], ""unused_pointer"": 2365248032}"
solo-story-ep1/q026-bb-j,2,172,"{""base_type"": 34, ""set_flags"": 0, ""runtime_index"": 2063, ""file_offset"": 13496, ""floor_field"": 2, ""entity_id_field"": 18674, ""group"": 0, ""room"": 12, ""unknown_a3"": 0, ""position"": [-152.41165161132812, 57.719303131103516, -20.751739501953125], ""angles"": [0, 0, 0], ""params"": [35.0000114440918, 1.0, 1.0, 120, 0, 0], ""unused_pointer"": 2365249424}"
solo-story-ep1/q026-bb-j,2,179,"{""base_type"": 34, ""set_flags"": 0, ""runtime_index"": 2046, ""file_offset"": 13972, ""floor_field"": 2, ""entity_id_field"": 18681, ""group"": 0, ""room"": 12, ""unknown_a3"": 0, ""position"": [-109.38424682617188, 55.37582778930664, -104.67913818359375], ""angles"": [0, 0, 0], ""params"": [19.000009536743164, 1.0, 1.0, 205, -1, 0], ""unused_pointer"": 2365252992}"
solo-story-ep1/q026-bb-j,2,180,"{""base_type"": 34, ""set_flags"": 0, ""runtime_index"": 2047, ""file_offset"": 14040, ""floor_field"": 2, ""entity_id_field"": 18682, ""group"": 0, ""room"": 12, ""unknown_a3"": 0, ""position"": [-43.5277099609375, 55.69679641723633, -69.14208221435547], ""angles"": [0, 0, 0], ""params"": [19.000009536743164, 1.0, 1.0, 206, -1, 0], ""unused_pointer"": 2365253296}"
solo-story-ep1/q026-bb-j,2,181,"{""base_type"": 34, ""set_flags"": 0, ""runtime_index"": 2048, ""file_offset"": 14108, ""floor_field"": 2, ""entity_id_field"": 18683, ""group"": 0, ""room"": 12, ""unknown_a3"": 0, ""position"": [-24.47021484375, 53.91427993774414, -140.77987670898438], ""angles"": [0, 0, 0], ""params"": [19.000009536743164, 1.0, 1.0, 207, -1, 0], ""unused_pointer"": 2365253600}"
solo-story-ep1/q026-bb-j,2,182,"{""base_type"": 34, ""set_flags"": 0, ""runtime_index"": 2049, ""file_offset"": 14176, ""floor_field"": 2, ""entity_id_field"": 18684, ""group"": 0, ""room"": 12, ""unknown_a3"": 0, ""position"": [31.19976806640625, 53.891475677490234, -84.8331069946289], ""angles"": [0, 0, 0], ""params"": [19.000009536743164, 1.0, 1.0, 208, -1, 0], ""unused_pointer"": 2365253904}"
solo-story-ep1/q026-bb-j,2,187,"{""base_type"": 34, ""set_flags"": 0, ""runtime_index"": 2030, ""file_offset"": 14516, ""floor_field"": 2, ""entity_id_field"": 18694, ""group"": 0, ""room"": 12, ""unknown_a3"": 0, ""position"": [-152.03506469726562, 4.153202533721924, -260.0267333984375], ""angles"": [0, 0, 0], ""params"": [19.000009536743164, 1.0, 1.0, 215, -1, 0], ""unused_pointer"": 2365245184}"
solo-story-ep1/q026-bb-j,2,189,"{""base_type"": 34, ""set_flags"": 0, ""runtime_index"": 1927, ""file_offset"": 14652, ""floor_field"": 2, ""entity_id_field"": 19818, ""group"": 1, ""room"": 13, ""unknown_a3"": 0, ""position"": [44.040771484375, 21.637516021728516, -98.37725830078125], ""angles"": [0, 0, 0], ""params"": [17.000009536743164, 1.0, 1.0, 135, -1, 0], ""unused_pointer"": 2365248608}"
solo-story-ep1/q026-bb-j,2,190,"{""base_type"": 34, ""set_flags"": 0, ""runtime_index"": 2091, ""file_offset"": 14720, ""floor_field"": 2, ""entity_id_field"": 19748, ""group"": 1, ""room"": 13, ""unknown_a3"": 0, ""position"": [27.741119384765625, 24.153501510620117, -195.73489379882812], ""angles"": [0, 0, 0], ""params"": [20.000009536743164, 1.0, 1.0, 136, -1, 0], ""unused_pointer"": 2365247232}"
solo-story-ep1/q026-bb-j,2,191,"{""base_type"": 34, ""set_flags"": 0, ""runtime_index"": 2092, ""file_offset"": 14788, ""floor_field"": 2, ""entity_id_field"": 19749, ""group"": 1, ""room"": 13, ""unknown_a3"": 0, ""position"": [-87.06451416015625, 24.80632781982422, -160.84414672851562], ""angles"": [0, 0, 0], ""params"": [20.000009536743164, 1.0, 1.0, 137, -1, 0], ""unused_pointer"": 2365247536}"
solo-story-ep1/q026-bb-j,2,192,"{""base_type"": 34, ""set_flags"": 0, ""runtime_index"": 1929, ""file_offset"": 14856, ""floor_field"": 2, ""entity_id_field"": 19823, ""group"": 1, ""room"": 13, ""unknown_a3"": 0, ""position"": [-56.20892333984375, 22.281784057617188, -69.29510498046875], ""angles"": [0, 0, 0], ""params"": [17.000009536743164, 1.0, 1.0, 138, -1, 0], ""unused_pointer"": 2365247840}"
solo-story-ep1/q026-bb-j,2,204,"{""base_type"": 34, ""set_flags"": 0, ""runtime_index"": 1961, ""file_offset"": 15672, ""floor_field"": 2, ""entity_id_field"": 19628, ""group"": 0, ""room"": 13, ""unknown_a3"": 0, ""position"": [83.7640380859375, 19.622180938720703, 17.895416259765625], ""angles"": [0, 0, 0], ""params"": [30.000015258789062, 1.0, 1.0, 61, 0, 0], ""unused_pointer"": 2365246656}"
solo-story-ep1/q026-bb-j,2,212,"{""base_type"": 34, ""set_flags"": 0, ""runtime_index"": 1901, ""file_offset"": 16216, ""floor_field"": 2, ""entity_id_field"": 19688, ""group"": 0, ""room"": 13, ""unknown_a3"": 0, ""position"": [51.8253173828125, 21.70518684387207, -107.38601684570312], ""angles"": [0, 0, 0], ""params"": [18.0000057220459, 1.0, 1.0, 63, -1, 0], ""unused_pointer"": 2365248384}"
solo-story-ep1/q026-bb-j,2,213,"{""base_type"": 34, ""set_flags"": 0, ""runtime_index"": 1906, ""file_offset"": 16284, ""floor_field"": 2, ""entity_id_field"": 19718, ""group"": 0, ""room"": 13, ""unknown_a3"": 0, ""position"": [-63.0177001953125, 21.099576950073242, -83.28616333007812], ""angles"": [0, 0, 0], ""params"": [18.0000057220459, 1.0, 1.0, 65, -1, 0], ""unused_pointer"": 2365248080}"
solo-story-ep1/q026-bb-j,2,214,"{""base_type"": 34, ""set_flags"": 0, ""runtime_index"": 1907, ""file_offset"": 16352, ""floor_field"": 2, ""entity_id_field"": 19728, ""group"": 0, ""room"": 13, ""unknown_a3"": 0, ""position"": [-36.67401123046875, 21.099576950073242, -179.34698486328125], ""angles"": [0, 0, 0], ""params"": [18.0000057220459, 1.0, 1.0, 67, -1, 0], ""unused_pointer"": 2365249952}"
solo-story-ep1/q026-bb-j,2,239,"{""base_type"": 34, ""set_flags"": 0, ""runtime_index"": 1959, ""file_offset"": 18052, ""floor_field"": 2, ""entity_id_field"": 18840, ""group"": 0, ""room"": 15, ""unknown_a3"": 0, ""position"": [80.54341125488281, 15.670852661132812, -171.5616455078125], ""angles"": [0, 0, 0], ""params"": [20.000009536743164, 1.0, 1.0, 180, -1, 0], ""unused_pointer"": 2365255264}"
solo-story-ep1/q026-bb-j,2,245,"{""base_type"": 34, ""set_flags"": 0, ""runtime_index"": 1963, ""file_offset"": 18460, ""floor_field"": 2, ""entity_id_field"": 18846, ""group"": 0, ""room"": 15, ""unknown_a3"": 0, ""position"": [110.70321655273438, 15.670852661132812, -181.06103515625], ""angles"": [0, 0, 0], ""params"": [10.000004768371582, 1.0, 1.0, 181, -1, 0], ""unused_pointer"": 2365256720}"
solo-story-ep1/q026-bb-j,2,246,"{""base_type"": 34, ""set_flags"": 0, ""runtime_index"": 1967, ""file_offset"": 18528, ""floor_field"": 2, ""entity_id_field"": 18847, ""group"": 0, ""room"": 15, ""unknown_a3"": 0, ""position"": [74.02433776855469, 15.670852661132812, -201.36935424804688], ""angles"": [0, 0, 0], ""params"": [10.000004768371582, 1.0, 1.0, 182, -1, 0], ""unused_pointer"": 2365257024}"
solo-story-ep1/q026-bb-j,2,247,"{""base_type"": 34, ""set_flags"": 0, ""runtime_index"": 1970, ""file_offset"": 18596, ""floor_field"": 2, ""entity_id_field"": 18848, ""group"": 0, ""room"": 15, ""unknown_a3"": 0, ""position"": [328.9640197753906, 19.56496810913086, 56.6898193359375], ""angles"": [0, 0, 0], ""params"": [20.0000057220459, 1.0, 1.0, 184, -1, 0], ""unused_pointer"": 2365257328}"
solo-story-ep1/q026-bb-j,2,248,"{""base_type"": 34, ""set_flags"": 0, ""runtime_index"": 1971, ""file_offset"": 18664, ""floor_field"": 2, ""entity_id_field"": 18849, ""group"": 0, ""room"": 15, ""unknown_a3"": 0, ""position"": [325.77899169921875, 19.56496810913086, 85.68389892578125], ""angles"": [0, 0, 0], ""params"": [10.000005722045898, 1.0, 1.0, 185, -1, 0], ""unused_pointer"": 2365257632}"
solo-story-ep1/q026-bb-j,2,249,"{""base_type"": 34, ""set_flags"": 0, ""runtime_index"": 1972, ""file_offset"": 18732, ""floor_field"": 2, ""entity_id_field"": 18850, ""group"": 0, ""room"": 15, ""unknown_a3"": 0, ""position"": [357.1495361328125, 19.56496810913086, 45.0203857421875], ""angles"": [0, 0, 0], ""params"": [10.000005722045898, 1.0, 1.0, 186, -1, 0], ""unused_pointer"": 2365257936}"
solo-story-ep1/q026-bb-j,2,253,"{""base_type"": 34, ""set_flags"": 0, ""runtime_index"": 1980, ""file_offset"": 19004, ""floor_field"": 2, ""entity_id_field"": 18854, ""group"": 0, ""room"": 15, ""unknown_a3"": 0, ""position"": [169.39373779296875, 21.270936965942383, 62.85491943359375], ""angles"": [0, 0, 0], ""params"": [20.000009536743164, 1.0, 1.0, 189, -1, 0], ""unused_pointer"": 2365258816}"
solo-story-ep1/q027-bb-e,2,32,"{""base_type"": 34, ""set_flags"": 0, ""runtime_index"": 62720, ""file_offset"": 6764, ""floor_field"": 2, ""entity_id_field"": 12100, ""group"": 0, ""room"": 10, ""unknown_a3"": 0, ""position"": [0.0, 0.0, 90.0], ""angles"": [0, 0, 0], ""params"": [20.0, 1.0, 1.0, 105, 0, 0], ""unused_pointer"": 2153964160}"
solo-story-ep1/q027-bb-e,2,41,"{""base_type"": 34, ""set_flags"": 0, ""runtime_index"": 3585, ""file_offset"": 7376, ""floor_field"": 2, ""entity_id_field"": 585, ""group"": 0, ""room"": 11, ""unknown_a3"": 0, ""position"": [-90.0, 0.0, 0.0], ""angles"": [0, 0, 0], ""params"": [21.0, 1.0, 1.0, 108, 0, 0], ""unused_pointer"": 2419388288}"
solo-story-ep1/q027-bb-e,2,55,"{""base_type"": 34, ""set_flags"": 0, ""runtime_index"": 7937, ""file_offset"": 8328, ""floor_field"": 2, ""entity_id_field"": 47940, ""group"": 0, ""room"": 30, ""unknown_a3"": 0, ""position"": [0.0, 1.0, 0.0], ""angles"": [0, 0, 0], ""params"": [20.0, 1.0, 1.0, 112, 0, 0], ""unused_pointer"": 2957373568}"
solo-story-ep1/q027-bb-e,2,126,"{""base_type"": 34, ""set_flags"": 512, ""runtime_index"": 47872, ""file_offset"": 13156, ""floor_field"": 2, ""entity_id_field"": 53832, ""group"": 0, ""room"": 70, ""unknown_a3"": 0, ""position"": [-140.0, 0.0, -120.0], ""angles"": [0, 0, 0], ""params"": [15.0, 1.0, 1.0, 114, 0, 0], ""unused_pointer"": 2149576576}"
solo-story-ep1/q027-bb-e,4,32,"{""base_type"": 34, ""set_flags"": 0, ""runtime_index"": 64512, ""file_offset"": 17388, ""floor_field"": 4, ""entity_id_field"": 12874, ""group"": 0, ""room"": 10, ""unknown_a3"": 0, ""position"": [0.0, 0.0, 75.0], ""angles"": [0, 0, 0], ""params"": [15.0, 1.0, 1.0, 107, 0, 0], ""unused_pointer"": 3494371968}"
solo-story-ep1/q027-bb-e,4,35,"{""base_type"": 34, ""set_flags"": 512, ""runtime_index"": 2305, ""file_offset"": 17592, ""floor_field"": 4, ""entity_id_field"": 2369, ""group"": 0, ""room"": 11, ""unknown_a3"": 0, ""position"": [0.0, 1.0, -90.0], ""angles"": [0, 0, 0], ""params"": [15.0, 1.0, 1.0, 108, 0, 0], ""unused_pointer"": 2691166080}"
solo-story-ep1/q027-bb-e,4,81,"{""base_type"": 34, ""set_flags"": 0, ""runtime_index"": 38408, ""file_offset"": 20720, ""floor_field"": 4, ""entity_id_field"": 26441, ""group"": 0, ""room"": 40, ""unknown_a3"": 0, ""position"": [120.86175537109375, 0.0, -121.14996337890625], ""angles"": [0, -16383, 0], ""params"": [13.0, 1.0, 1.0, 119, 0, 0], ""unused_pointer"": 3766018688}"
solo-story-ep1/q027-bb-e,5,85,"{""base_type"": 34, ""set_flags"": 512, ""runtime_index"": 53507, ""file_offset"": 31156, ""floor_field"": 5, ""entity_id_field"": 64584, ""group"": 0, ""room"": 9, ""unknown_a3"": 0, ""position"": [174.77003479003906, 0.0, -11.057373046875], ""angles"": [0, 0, 0], ""params"": [15.0, 1.0, 1.0, 111, 0, 0], ""unused_pointer"": 2696474496}"
solo-story-ep1/q027-bb-j,2,32,"{""base_type"": 34, ""set_flags"": 0, ""runtime_index"": 62720, ""file_offset"": 6764, ""floor_field"": 2, ""entity_id_field"": 12100, ""group"": 0, ""room"": 10, ""unknown_a3"": 0, ""position"": [0.0, 0.0, 90.0], ""angles"": [0, 0, 0], ""params"": [20.0, 1.0, 1.0, 105, 0, 0], ""unused_pointer"": 2153964160}"
solo-story-ep1/q027-bb-j,2,41,"{""base_type"": 34, ""set_flags"": 0, ""runtime_index"": 3585, ""file_offset"": 7376, ""floor_field"": 2, ""entity_id_field"": 585, ""group"": 0, ""room"": 11, ""unknown_a3"": 0, ""position"": [-90.0, 0.0, 0.0], ""angles"": [0, 0, 0], ""params"": [21.0, 1.0, 1.0, 108, 0, 0], ""unused_pointer"": 2419388288}"
solo-story-ep1/q027-bb-j,2,55,"{""base_type"": 34, ""set_flags"": 0, ""runtime_index"": 7937, ""file_offset"": 8328, ""floor_field"": 2, ""entity_id_field"": 47940, ""group"": 0, ""room"": 30, ""unknown_a3"": 0, ""position"": [0.0, 1.0, 0.0], ""angles"": [0, 0, 0], ""params"": [20.0, 1.0, 1.0, 112, 0, 0], ""unused_pointer"": 2957373568}"
solo-story-ep1/q027-bb-j,2,126,"{""base_type"": 34, ""set_flags"": 512, ""runtime_index"": 47872, ""file_offset"": 13156, ""floor_field"": 2, ""entity_id_field"": 53832, ""group"": 0, ""room"": 70, ""unknown_a3"": 0, ""position"": [-140.0, 0.0, -120.0], ""angles"": [0, 0, 0], ""params"": [15.0, 1.0, 1.0, 114, 0, 0], ""unused_pointer"": 2149576576}"
solo-story-ep1/q027-bb-j,4,32,"{""base_type"": 34, ""set_flags"": 0, ""runtime_index"": 64512, ""file_offset"": 17388, ""floor_field"": 4, ""entity_id_field"": 12874, ""group"": 0, ""room"": 10, ""unknown_a3"": 0, ""position"": [0.0, 0.0, 75.0], ""angles"": [0, 0, 0], ""params"": [15.0, 1.0, 1.0, 107, 0, 0], ""unused_pointer"": 3494371968}"
solo-story-ep1/q027-bb-j,4,35,"{""base_type"": 34, ""set_flags"": 512, ""runtime_index"": 2305, ""file_offset"": 17592, ""floor_field"": 4, ""entity_id_field"": 2369, ""group"": 0, ""room"": 11, ""unknown_a3"": 0, ""position"": [0.0, 1.0, -90.0], ""angles"": [0, 0, 0], ""params"": [15.0, 1.0, 1.0, 108, 0, 0], ""unused_pointer"": 2691166080}"
solo-story-ep1/q027-bb-j,4,81,"{""base_type"": 34, ""set_flags"": 0, ""runtime_index"": 38408, ""file_offset"": 20720, ""floor_field"": 4, ""entity_id_field"": 26441, ""group"": 0, ""room"": 40, ""unknown_a3"": 0, ""position"": [120.86175537109375, 0.0, -121.14996337890625], ""angles"": [0, -16383, 0], ""params"": [13.0, 1.0, 1.0, 119, 0, 0], ""unused_pointer"": 3766018688}"
solo-story-ep1/q027-bb-j,5,85,"{""base_type"": 34, ""set_flags"": 512, ""runtime_index"": 53507, ""file_offset"": 31156, ""floor_field"": 5, ""entity_id_field"": 64584, ""group"": 0, ""room"": 9, ""unknown_a3"": 0, ""position"": [174.77003479003906, 0.0, -11.057373046875], ""angles"": [0, 0, 0], ""params"": [15.0, 1.0, 1.0, 111, 0, 0], ""unused_pointer"": 2696474496}"
tower-ep2/q67-bb-e,16,90,"{""base_type"": 34, ""set_flags"": 0, ""runtime_index"": 2147, ""file_offset"": 26364, ""floor_field"": 17, ""entity_id_field"": 18515, ""group"": 0, ""room"": 3, ""unknown_a3"": 0, ""position"": [243.0, -9.893397331237793, -244.0], ""angles"": [0, 0, 0], ""params"": [-1.0, 1.0, 1.0, 113, -1, 0], ""unused_pointer"": 206222416}"
tower-ep2/q67-bb-j,16,90,"{""base_type"": 34, ""set_flags"": 0, ""runtime_index"": 2147, ""file_offset"": 26364, ""floor_field"": 17, ""entity_id_field"": 18515, ""group"": 0, ""room"": 3, ""unknown_a3"": 0, ""position"": [243.0, -9.893397331237793, -244.0], ""angles"": [0, 0, 0], ""params"": [-1.0, 1.0, 1.0, 113, -1, 0], ""unused_pointer"": 206222416}"
tower-ep2/q75-bb-e,9,2,"{""base_type"": 34, ""set_flags"": 2, ""runtime_index"": 87, ""file_offset"": 4076, ""floor_field"": 9, ""entity_id_field"": 18898, ""group"": 0, ""room"": 1, ""unknown_a3"": 0, ""position"": [0.0, 9.999999046325684, 0.0], ""angles"": [0, 0, 0], ""params"": [40.0, 1.0, 1.0, 1, 0, 0], ""unused_pointer"": 77511600}"
tower-ep2/q75-bb-e,11,62,"{""base_type"": 34, ""set_flags"": 0, ""runtime_index"": 26119, ""file_offset"": 8716, ""floor_field"": 11, ""entity_id_field"": 41543, ""group"": 0, ""room"": 50, ""unknown_a3"": 0, ""position"": [6.103515625e-05, 0.0, 112.0], ""angles"": [0, -32768, 0], ""params"": [8.0, 1.0, 1.0, 100, -1, 0], ""unused_pointer"": 4035702656}"
tower-ep2/q75-bb-e,11,78,"{""base_type"": 34, ""set_flags"": 0, ""runtime_index"": 27143, ""file_offset"": 9804, ""floor_field"": 11, ""entity_id_field"": 9289, ""group"": 0, ""room"": 95, ""unknown_a3"": 0, ""position"": [0.0, 0.0, 352.0], ""angles"": [0, 0, 0], ""params"": [8.0, 1.0, 1.0, 101, -1, 0], ""unused_pointer"": 1621290880}"
tower-ep2/q75-bb-j,9,2,"{""base_type"": 34, ""set_flags"": 2, ""runtime_index"": 87, ""file_offset"": 4076, ""floor_field"": 9, ""entity_id_field"": 18898, ""group"": 0, ""room"": 1, ""unknown_a3"": 0, ""position"": [0.0, 9.999999046325684, 0.0], ""angles"": [0, 0, 0], ""params"": [40.0, 1.0, 1.0, 1, 0, 0], ""unused_pointer"": 77511600}"
tower-ep2/q75-bb-j,11,62,"{""base_type"": 34, ""set_flags"": 0, ""runtime_index"": 26119, ""file_offset"": 8716, ""floor_field"": 11, ""entity_id_field"": 41543, ""group"": 0, ""room"": 50, ""unknown_a3"": 0, ""position"": [6.103515625e-05, 0.0, 112.0], ""angles"": [0, -32768, 0], ""params"": [8.0, 1.0, 1.0, 100, -1, 0], ""unused_pointer"": 4035702656}"
tower-ep2/q75-bb-j,11,78,"{""base_type"": 34, ""set_flags"": 0, ""runtime_index"": 27143, ""file_offset"": 9804, ""floor_field"": 11, ""entity_id_field"": 9289, ""group"": 0, ""room"": 95, ""unknown_a3"": 0, ""position"": [0.0, 0.0, 352.0], ""angles"": [0, 0, 0], ""params"": [8.0, 1.0, 1.0, 101, -1, 0], ""unused_pointer"": 1621290880}"
tower-ep2/q77-bb-e,17,49,"{""base_type"": 34, ""set_flags"": 0, ""runtime_index"": 31497, ""file_offset"": 14940, ""floor_field"": 17, ""entity_id_field"": 47947, ""group"": 0, ""room"": 2, ""unknown_a3"": 0, ""position"": [-90.0, 0.0, -385.0], ""angles"": [0, 0, 0], ""params"": [20.0, 1.0, 1.0, 2, 0, 0], ""unused_pointer"": 3225740416}"
tower-ep2/q77-bb-e,17,78,"{""base_type"": 34, ""set_flags"": 0, ""runtime_index"": 31753, ""file_offset"": 16912, ""floor_field"": 17, ""entity_id_field"": 51275, ""group"": 0, ""room"": 3, ""unknown_a3"": 0, ""position"": [-95.0, -1.0, -385.0], ""angles"": [0, 0, 0], ""params"": [20.0, 1.0, 1.0, 5, 0, 0], ""unused_pointer"": 1078518912}"
tower-ep2/q77-bb-e,17,98,"{""base_type"": 34, ""set_flags"": 0, ""runtime_index"": 32009, ""file_offset"": 18272, ""floor_field"": 17, ""entity_id_field"": 54603, ""group"": 0, ""room"": 4, ""unknown_a3"": 0, ""position"": [-90.0, 0.0, -385.0], ""angles"": [0, 0, 0], ""params"": [20.0, 1.0, 1.0, 6, 0, 0], ""unused_pointer"": 4318336}"
tower-ep2/q77-bb-e,17,127,"{""base_type"": 34, ""set_flags"": 0, ""runtime_index"": 32265, ""file_offset"": 20244, ""floor_field"": 17, ""entity_id_field"": 57931, ""group"": 0, ""room"": 5, ""unknown_a3"": 0, ""position"": [-95.0, -1.0, -385.0], ""angles"": [0, 0, 0], ""params"": [20.0, 1.0, 1.0, 8, 0, 0], ""unused_pointer"": 1347413120}"
tower-ep2/q77-bb-e,17,145,"{""base_type"": 34, ""set_flags"": 0, ""runtime_index"": 32777, ""file_offset"": 21468, ""floor_field"": 17, ""entity_id_field"": 62027, ""group"": 0, ""room"": 10, ""unknown_a3"": 0, ""position"": [-90.0, 0.0, -385.0], ""angles"": [0, 0, 0], ""params"": [20.0, 1.0, 1.0, 4, 0, 0], ""unused_pointer"": 273933440}"
tower-ep2/q77-bb-e,17,169,"{""base_type"": 34, ""set_flags"": 0, ""runtime_index"": 33033, ""file_offset"": 23100, ""floor_field"": 17, ""entity_id_field"": 65355, ""group"": 0, ""room"": 20, ""unknown_a3"": 0, ""position"": [-95.0, 0.0, -385.0], ""angles"": [0, 0, 0], ""params"": [20.0, 1.0, 1.0, 3, 0, 0], ""unused_pointer"": 2421613696}"
tower-ep2/q77-bb-e,17,190,"{""base_type"": 34, ""set_flags"": 0, ""runtime_index"": 33289, ""file_offset"": 24528, ""floor_field"": 17, ""entity_id_field"": 3148, ""group"": 0, ""room"": 21, ""unknown_a3"": 0, ""position"": [-90.0, -1.0, -385.0], ""angles"": [0, 0, 0], ""params"": [20.0, 1.0, 1.0, 7, 0, 0], ""unused_pointer"": 274392192}"
tower-ep2/q77-bb-e,17,221,"{""base_type"": 34, ""set_flags"": 0, ""runtime_index"": 33545, ""file_offset"": 26636, ""floor_field"": 17, ""entity_id_field"": 6476, ""group"": 0, ""room"": 22, ""unknown_a3"": 0, ""position"": [-95.0, -1.0, -385.0], ""angles"": [0, 0, 0], ""params"": [20.0, 1.0, 1.0, 9, 0, 0], ""unused_pointer"": 2422072448}"
tower-ep2/q77-bb-j,17,49,"{""base_type"": 34, ""set_flags"": 0, ""runtime_index"": 31497, ""file_offset"": 14940, ""floor_field"": 17, ""entity_id_field"": 47947, ""group"": 0, ""room"": 2, ""unknown_a3"": 0, ""position"": [-90.0, 0.0, -385.0], ""angles"": [0, 0, 0], ""params"": [20.0, 1.0, 1.0, 2, 0, 0], ""unused_pointer"": 3225740416}"
tower-ep2/q77-bb-j,17,78,"{""base_type"": 34, ""set_flags"": 0, ""runtime_index"": 31753, ""file_offset"": 16912, ""floor_field"": 17, ""entity_id_field"": 51275, ""group"": 0, ""room"": 3, ""unknown_a3"": 0, ""position"": [-95.0, -1.0, -385.0], ""angles"": [0, 0, 0], ""params"": [20.0, 1.0, 1.0, 5, 0, 0], ""unused_pointer"": 1078518912}"
tower-ep2/q77-bb-j,17,98,"{""base_type"": 34, ""set_flags"": 0, ""runtime_index"": 32009, ""file_offset"": 18272, ""floor_field"": 17, ""entity_id_field"": 54603, ""group"": 0, ""room"": 4, ""unknown_a3"": 0, ""position"": [-90.0, 0.0, -385.0], ""angles"": [0, 0, 0], ""params"": [20.0, 1.0, 1.0, 6, 0, 0], ""unused_pointer"": 4318336}"
tower-ep2/q77-bb-j,17,127,"{""base_type"": 34, ""set_flags"": 0, ""runtime_index"": 32265, ""file_offset"": 20244, ""floor_field"": 17, ""entity_id_field"": 57931, ""group"": 0, ""room"": 5, ""unknown_a3"": 0, ""position"": [-95.0, -1.0, -385.0], ""angles"": [0, 0, 0], ""params"": [20.0, 1.0, 1.0, 8, 0, 0], ""unused_pointer"": 1347413120}"
tower-ep2/q77-bb-j,17,145,"{""base_type"": 34, ""set_flags"": 0, ""runtime_index"": 32777, ""file_offset"": 21468, ""floor_field"": 17, ""entity_id_field"": 62027, ""group"": 0, ""room"": 10, ""unknown_a3"": 0, ""position"": [-90.0, 0.0, -385.0], ""angles"": [0, 0, 0], ""params"": [20.0, 1.0, 1.0, 4, 0, 0], ""unused_pointer"": 273933440}"
tower-ep2/q77-bb-j,17,169,"{""base_type"": 34, ""set_flags"": 0, ""runtime_index"": 33033, ""file_offset"": 23100, ""floor_field"": 17, ""entity_id_field"": 65355, ""group"": 0, ""room"": 20, ""unknown_a3"": 0, ""position"": [-95.0, 0.0, -385.0], ""angles"": [0, 0, 0], ""params"": [20.0, 1.0, 1.0, 3, 0, 0], ""unused_pointer"": 2421613696}"
tower-ep2/q77-bb-j,17,190,"{""base_type"": 34, ""set_flags"": 0, ""runtime_index"": 33289, ""file_offset"": 24528, ""floor_field"": 17, ""entity_id_field"": 3148, ""group"": 0, ""room"": 21, ""unknown_a3"": 0, ""position"": [-90.0, -1.0, -385.0], ""angles"": [0, 0, 0], ""params"": [20.0, 1.0, 1.0, 7, 0, 0], ""unused_pointer"": 274392192}"
tower-ep2/q77-bb-j,17,221,"{""base_type"": 34, ""set_flags"": 0, ""runtime_index"": 33545, ""file_offset"": 26636, ""floor_field"": 17, ""entity_id_field"": 6476, ""group"": 0, ""room"": 22, ""unknown_a3"": 0, ""position"": [-95.0, -1.0, -385.0], ""angles"": [0, 0, 0], ""params"": [20.0, 1.0, 1.0, 9, 0, 0], ""unused_pointer"": 2422072448}"
tower-ep2/q79-bb-e,17,33,"{""base_type"": 34, ""set_flags"": 0, ""runtime_index"": 24328, ""file_offset"": 2260, ""floor_field"": 17, ""entity_id_field"": 18586, ""group"": 0, ""room"": 2, ""unknown_a3"": 0, ""position"": [-80.0, -1.0, -385.0], ""angles"": [0, 0, 0], ""params"": [5.0, 1.0, 1.0, 2, 0, 0], ""unused_pointer"": 77520688}"
tower-ep2/q79-bb-e,17,44,"{""base_type"": 34, ""set_flags"": 512, ""runtime_index"": 35592, ""file_offset"": 3008, ""floor_field"": 17, ""entity_id_field"": 18601, ""group"": 0, ""room"": 3, ""unknown_a3"": 0, ""position"": [-80.0, 0.0, -385.0], ""angles"": [0, 0, 0], ""params"": [5.0, 1.0, 1.0, 5, 0, 0], ""unused_pointer"": 77526992}"
tower-ep2/q79-bb-e,17,70,"{""base_type"": 34, ""set_flags"": 512, ""runtime_index"": 29696, ""file_offset"": 4776, ""floor_field"": 17, ""entity_id_field"": 18634, ""group"": 0, ""room"": 4, ""unknown_a3"": 0, ""position"": [-80.0, -1.0, -385.0], ""angles"": [0, 0, 0], ""params"": [5.0, 1.0, 1.0, 6, 0, 0], ""unused_pointer"": 77544448}"
tower-ep2/q79-bb-e,17,95,"{""base_type"": 34, ""set_flags"": 512, ""runtime_index"": 48904, ""file_offset"": 6476, ""floor_field"": 17, ""entity_id_field"": 18663, ""group"": 0, ""room"": 5, ""unknown_a3"": 0, ""position"": [-80.0, -1.0, -385.0], ""angles"": [0, 0, 0], ""params"": [5.0, 1.0, 1.0, 8, 0, 0], ""unused_pointer"": 77555680}"
tower-ep2/q79-bb-e,17,104,"{""base_type"": 34, ""set_flags"": 0, ""runtime_index"": 24840, ""file_offset"": 7088, ""floor_field"": 17, ""entity_id_field"": 18676, ""group"": 0, ""room"": 10, ""unknown_a3"": 0, ""position"": [-80.0, 0.0, -385.0], ""angles"": [0, 0, 0], ""params"": [5.0, 1.0, 1.0, 4, 0, 0], ""unused_pointer"": 77559200}"
tower-ep2/q79-bb-e,17,117,"{""base_type"": 34, ""set_flags"": 0, ""runtime_index"": 24584, ""file_offset"": 7972, ""floor_field"": 17, ""entity_id_field"": 18695, ""group"": 0, ""room"": 20, ""unknown_a3"": 0, ""position"": [-80.0, 0.0, -385.0], ""angles"": [0, 0, 0], ""params"": [5.0, 1.0, 1.0, 3, 0, 0], ""unused_pointer"": 77566528}"
tower-ep2/q79-bb-e,17,134,"{""base_type"": 34, ""set_flags"": 512, ""runtime_index"": 48136, ""file_offset"": 9128, ""floor_field"": 17, ""entity_id_field"": 18716, ""group"": 0, ""room"": 21, ""unknown_a3"": 0, ""position"": [-80.0, -1.0, -385.0], ""angles"": [0, 0, 0], ""params"": [5.0, 1.0, 1.0, 7, 0, 0], ""unused_pointer"": 77575616}"
tower-ep2/q79-bb-e,17,143,"{""base_type"": 34, ""set_flags"": 512, ""runtime_index"": 49928, ""file_offset"": 9740, ""floor_field"": 17, ""entity_id_field"": 18729, ""group"": 0, ""room"": 22, ""unknown_a3"": 0, ""position"": [-80.0, -1.0, -385.0], ""angles"": [0, 0, 0], ""params"": [5.0, 1.0, 1.0, 9, 0, 0], ""unused_pointer"": 77580096}"
tower-ep2/q79-bb-j,17,33,"{""base_type"": 34, ""set_flags"": 0, ""runtime_index"": 24328, ""file_offset"": 2260, ""floor_field"": 17, ""entity_id_field"": 18586, ""group"": 0, ""room"": 2, ""unknown_a3"": 0, ""position"": [-80.0, -1.0, -385.0], ""angles"": [0, 0, 0], ""params"": [5.0, 1.0, 1.0, 2, 0, 0], ""unused_pointer"": 77520688}"
tower-ep2/q79-bb-j,17,44,"{""base_type"": 34, ""set_flags"": 512, ""runtime_index"": 35592, ""file_offset"": 3008, ""floor_field"": 17, ""entity_id_field"": 18601, ""group"": 0, ""room"": 3, ""unknown_a3"": 0, ""position"": [-80.0, 0.0, -385.0], ""angles"": [0, 0, 0], ""params"": [5.0, 1.0, 1.0, 5, 0, 0], ""unused_pointer"": 77526992}"
tower-ep2/q79-bb-j,17,70,"{""base_type"": 34, ""set_flags"": 512, ""runtime_index"": 29696, ""file_offset"": 4776, ""floor_field"": 17, ""entity_id_field"": 18634, ""group"": 0, ""room"": 4, ""unknown_a3"": 0, ""position"": [-80.0, -1.0, -385.0], ""angles"": [0, 0, 0], ""params"": [5.0, 1.0, 1.0, 6, 0, 0], ""unused_pointer"": 77544448}"
tower-ep2/q79-bb-j,17,95,"{""base_type"": 34, ""set_flags"": 512, ""runtime_index"": 48904, ""file_offset"": 6476, ""floor_field"": 17, ""entity_id_field"": 18663, ""group"": 0, ""room"": 5, ""unknown_a3"": 0, ""position"": [-80.0, -1.0, -385.0], ""angles"": [0, 0, 0], ""params"": [5.0, 1.0, 1.0, 8, 0, 0], ""unused_pointer"": 77555680}"
tower-ep2/q79-bb-j,17,104,"{""base_type"": 34, ""set_flags"": 0, ""runtime_index"": 24840, ""file_offset"": 7088, ""floor_field"": 17, ""entity_id_field"": 18676, ""group"": 0, ""room"": 10, ""unknown_a3"": 0, ""position"": [-80.0, 0.0, -385.0], ""angles"": [0, 0, 0], ""params"": [5.0, 1.0, 1.0, 4, 0, 0], ""unused_pointer"": 77559200}"
tower-ep2/q79-bb-j,17,117,"{""base_type"": 34, ""set_flags"": 0, ""runtime_index"": 24584, ""file_offset"": 7972, ""floor_field"": 17, ""entity_id_field"": 18695, ""group"": 0, ""room"": 20, ""unknown_a3"": 0, ""position"": [-80.0, 0.0, -385.0], ""angles"": [0, 0, 0], ""params"": [5.0, 1.0, 1.0, 3, 0, 0], ""unused_pointer"": 77566528}"
tower-ep2/q79-bb-j,17,134,"{""base_type"": 34, ""set_flags"": 512, ""runtime_index"": 48136, ""file_offset"": 9128, ""floor_field"": 17, ""entity_id_field"": 18716, ""group"": 0, ""room"": 21, ""unknown_a3"": 0, ""position"": [-80.0, -1.0, -385.0], ""angles"": [0, 0, 0], ""params"": [5.0, 1.0, 1.0, 7, 0, 0], ""unused_pointer"": 77575616}"
tower-ep2/q79-bb-j,17,143,"{""base_type"": 34, ""set_flags"": 512, ""runtime_index"": 49928, ""file_offset"": 9740, ""floor_field"": 17, ""entity_id_field"": 18729, ""group"": 0, ""room"": 22, ""unknown_a3"": 0, ""position"": [-80.0, -1.0, -385.0], ""angles"": [0, 0, 0], ""params"": [5.0, 1.0, 1.0, 9, 0, 0], ""unused_pointer"": 77580096}"
tower-ep2/q116-bb-e,16,90,"{""base_type"": 34, ""set_flags"": 0, ""runtime_index"": 2147, ""file_offset"": 9144, ""floor_field"": 17, ""entity_id_field"": 18515, ""group"": 0, ""room"": 3, ""unknown_a3"": 0, ""position"": [243.0, -9.893397331237793, -244.0], ""angles"": [0, 0, 0], ""params"": [-1.0, 1.0, 1.0, 113, -1, 0], ""unused_pointer"": 206222416}"
tower-ep2/q116-bb-j,16,90,"{""base_type"": 34, ""set_flags"": 0, ""runtime_index"": 2147, ""file_offset"": 26364, ""floor_field"": 17, ""entity_id_field"": 18515, ""group"": 0, ""room"": 3, ""unknown_a3"": 0, ""position"": [243.0, -9.893397331237793, -244.0], ""angles"": [0, 0, 0], ""params"": [-1.0, 1.0, 1.0, 113, -1, 0], ""unused_pointer"": 206222416}"
tower-ep2/q223-bb-e,17,49,"{""base_type"": 34, ""set_flags"": 0, ""runtime_index"": 31497, ""file_offset"": 14940, ""floor_field"": 17, ""entity_id_field"": 47947, ""group"": 0, ""room"": 2, ""unknown_a3"": 0, ""position"": [-90.0, 0.0, -385.0], ""angles"": [0, 0, 0], ""params"": [20.0, 1.0, 1.0, 2, 0, 0], ""unused_pointer"": 3225740416}"
tower-ep2/q223-bb-e,17,78,"{""base_type"": 34, ""set_flags"": 0, ""runtime_index"": 31753, ""file_offset"": 16912, ""floor_field"": 17, ""entity_id_field"": 51275, ""group"": 0, ""room"": 3, ""unknown_a3"": 0, ""position"": [-95.0, -1.0, -385.0], ""angles"": [0, 0, 0], ""params"": [20.0, 1.0, 1.0, 5, 0, 0], ""unused_pointer"": 1078518912}"
tower-ep2/q223-bb-e,17,98,"{""base_type"": 34, ""set_flags"": 0, ""runtime_index"": 32009, ""file_offset"": 18272, ""floor_field"": 17, ""entity_id_field"": 54603, ""group"": 0, ""room"": 4, ""unknown_a3"": 0, ""position"": [-90.0, 0.0, -385.0], ""angles"": [0, 0, 0], ""params"": [20.0, 1.0, 1.0, 6, 0, 0], ""unused_pointer"": 4318336}"
tower-ep2/q223-bb-e,17,127,"{""base_type"": 34, ""set_flags"": 0, ""runtime_index"": 32265, ""file_offset"": 20244, ""floor_field"": 17, ""entity_id_field"": 57931, ""group"": 0, ""room"": 5, ""unknown_a3"": 0, ""position"": [-95.0, -1.0, -385.0], ""angles"": [0, 0, 0], ""params"": [20.0, 1.0, 1.0, 8, 0, 0], ""unused_pointer"": 1347413120}"
tower-ep2/q223-bb-e,17,145,"{""base_type"": 34, ""set_flags"": 0, ""runtime_index"": 32777, ""file_offset"": 21468, ""floor_field"": 17, ""entity_id_field"": 62027, ""group"": 0, ""room"": 10, ""unknown_a3"": 0, ""position"": [-90.0, 0.0, -385.0], ""angles"": [0, 0, 0], ""params"": [20.0, 1.0, 1.0, 4, 0, 0], ""unused_pointer"": 273933440}"
tower-ep2/q223-bb-e,17,169,"{""base_type"": 34, ""set_flags"": 0, ""runtime_index"": 33033, ""file_offset"": 23100, ""floor_field"": 17, ""entity_id_field"": 65355, ""group"": 0, ""room"": 20, ""unknown_a3"": 0, ""position"": [-95.0, 0.0, -385.0], ""angles"": [0, 0, 0], ""params"": [20.0, 1.0, 1.0, 3, 0, 0], ""unused_pointer"": 2421613696}"
tower-ep2/q223-bb-e,17,190,"{""base_type"": 34, ""set_flags"": 0, ""runtime_index"": 33289, ""file_offset"": 24528, ""floor_field"": 17, ""entity_id_field"": 3148, ""group"": 0, ""room"": 21, ""unknown_a3"": 0, ""position"": [-90.0, -1.0, -385.0], ""angles"": [0, 0, 0], ""params"": [20.0, 1.0, 1.0, 7, 0, 0], ""unused_pointer"": 274392192}"
tower-ep2/q223-bb-e,17,221,"{""base_type"": 34, ""set_flags"": 0, ""runtime_index"": 33545, ""file_offset"": 26636, ""floor_field"": 17, ""entity_id_field"": 6476, ""group"": 0, ""room"": 22, ""unknown_a3"": 0, ""position"": [-95.0, -1.0, -385.0], ""angles"": [0, 0, 0], ""params"": [20.0, 1.0, 1.0, 9, 0, 0], ""unused_pointer"": 2422072448}"
tower-ep2/q223-bb-j,17,49,"{""base_type"": 34, ""set_flags"": 0, ""runtime_index"": 31497, ""file_offset"": 14940, ""floor_field"": 17, ""entity_id_field"": 47947, ""group"": 0, ""room"": 2, ""unknown_a3"": 0, ""position"": [-90.0, 0.0, -385.0], ""angles"": [0, 0, 0], ""params"": [20.0, 1.0, 1.0, 2, 0, 0], ""unused_pointer"": 3225740416}"
tower-ep2/q223-bb-j,17,78,"{""base_type"": 34, ""set_flags"": 0, ""runtime_index"": 31753, ""file_offset"": 16912, ""floor_field"": 17, ""entity_id_field"": 51275, ""group"": 0, ""room"": 3, ""unknown_a3"": 0, ""position"": [-95.0, -1.0, -385.0], ""angles"": [0, 0, 0], ""params"": [20.0, 1.0, 1.0, 5, 0, 0], ""unused_pointer"": 1078518912}"
tower-ep2/q223-bb-j,17,98,"{""base_type"": 34, ""set_flags"": 0, ""runtime_index"": 32009, ""file_offset"": 18272, ""floor_field"": 17, ""entity_id_field"": 54603, ""group"": 0, ""room"": 4, ""unknown_a3"": 0, ""position"": [-90.0, 0.0, -385.0], ""angles"": [0, 0, 0], ""params"": [20.0, 1.0, 1.0, 6, 0, 0], ""unused_pointer"": 4318336}"
tower-ep2/q223-bb-j,17,127,"{""base_type"": 34, ""set_flags"": 0, ""runtime_index"": 32265, ""file_offset"": 20244, ""floor_field"": 17, ""entity_id_field"": 57931, ""group"": 0, ""room"": 5, ""unknown_a3"": 0, ""position"": [-95.0, -1.0, -385.0], ""angles"": [0, 0, 0], ""params"": [20.0, 1.0, 1.0, 8, 0, 0], ""unused_pointer"": 1347413120}"
tower-ep2/q223-bb-j,17,145,"{""base_type"": 34, ""set_flags"": 0, ""runtime_index"": 32777, ""file_offset"": 21468, ""floor_field"": 17, ""entity_id_field"": 62027, ""group"": 0, ""room"": 10, ""unknown_a3"": 0, ""position"": [-90.0, 0.0, -385.0], ""angles"": [0, 0, 0], ""params"": [20.0, 1.0, 1.0, 4, 0, 0], ""unused_pointer"": 273933440}"
tower-ep2/q223-bb-j,17,169,"{""base_type"": 34, ""set_flags"": 0, ""runtime_index"": 33033, ""file_offset"": 23100, ""floor_field"": 17, ""entity_id_field"": 65355, ""group"": 0, ""room"": 20, ""unknown_a3"": 0, ""position"": [-95.0, 0.0, -385.0], ""angles"": [0, 0, 0], ""params"": [20.0, 1.0, 1.0, 3, 0, 0], ""unused_pointer"": 2421613696}"
tower-ep2/q223-bb-j,17,190,"{""base_type"": 34, ""set_flags"": 0, ""runtime_index"": 33289, ""file_offset"": 24528, ""floor_field"": 17, ""entity_id_field"": 3148, ""group"": 0, ""room"": 21, ""unknown_a3"": 0, ""position"": [-90.0, -1.0, -385.0], ""angles"": [0, 0, 0], ""params"": [20.0, 1.0, 1.0, 7, 0, 0], ""unused_pointer"": 274392192}"
tower-ep2/q223-bb-j,17,221,"{""base_type"": 34, ""set_flags"": 0, ""runtime_index"": 33545, ""file_offset"": 26636, ""floor_field"": 17, ""entity_id_field"": 6476, ""group"": 0, ""room"": 22, ""unknown_a3"": 0, ""position"": [-95.0, -1.0, -385.0], ""angles"": [0, 0, 0], ""params"": [20.0, 1.0, 1.0, 9, 0, 0], ""unused_pointer"": 2422072448}"
tower-ep2/q224-bb-e,17,50,"{""base_type"": 34, ""set_flags"": 0, ""runtime_index"": 28425, ""file_offset"": 17388, ""floor_field"": 17, ""entity_id_field"": 59721, ""group"": 0, ""room"": 1, ""unknown_a3"": 0, ""position"": [-95.0, -1.0, -385.0], ""angles"": [0, 0, 0], ""params"": [20.0, 1.0, 1.0, 1, 0, 0], ""unused_pointer"": 546169472}"
tower-ep2/q224-bb-e,17,77,"{""base_type"": 34, ""set_flags"": 512, ""runtime_index"": 6913, ""file_offset"": 19224, ""floor_field"": 17, ""entity_id_field"": 6977, ""group"": 0, ""room"": 2, ""unknown_a3"": 0, ""position"": [-90.0, 0.0, -385.0], ""angles"": [0, 0, 0], ""params"": [20.0, 1.0, 1.0, 2, 0, 0], ""unused_pointer"": 11920256}"
tower-ep2/q224-bb-e,17,100,"{""base_type"": 34, ""set_flags"": 512, ""runtime_index"": 13057, ""file_offset"": 20788, ""floor_field"": 17, ""entity_id_field"": 13121, ""group"": 0, ""room"": 3, ""unknown_a3"": 0, ""position"": [-95.0, -1.0, -385.0], ""angles"": [0, 0, 0], ""params"": [20.0, 1.0, 1.0, 5, 0, 0], ""unused_pointer"": 1090052992}"
tower-ep2/q224-bb-e,17,129,"{""base_type"": 34, ""set_flags"": 0, ""runtime_index"": 29705, ""file_offset"": 22760, ""floor_field"": 17, ""entity_id_field"": 19274, ""group"": 0, ""room"": 4, ""unknown_a3"": 0, ""position"": [-90.0, 0.0, -385.0], ""angles"": [0, 0, 0], ""params"": [20.0, 1.0, 1.0, 6, 0, 0], ""unused_pointer"": 1356915840}"
tower-ep2/q224-bb-e,17,155,"{""base_type"": 34, ""set_flags"": 0, ""runtime_index"": 29449, ""file_offset"": 24528, ""floor_field"": 17, ""entity_id_field"": 17738, ""group"": 0, ""room"": 5, ""unknown_a3"": 0, ""position"": [-95.0, -1.0, -385.0], ""angles"": [0, 0, 0], ""params"": [20.0, 1.0, 1.0, 8, 0, 0], ""unused_pointer"": 3505382528}"
tower-ep2/q224-bb-e,17,187,"{""base_type"": 34, ""set_flags"": 0, ""runtime_index"": 30217, ""file_offset"": 26704, ""floor_field"": 17, ""entity_id_field"": 24138, ""group"": 0, ""room"": 10, ""unknown_a3"": 0, ""position"": [-90.0, 0.0, -385.0], ""angles"": [0, 0, 0], ""params"": [20.0, 1.0, 1.0, 4, 0, 0], ""unused_pointer"": 821617792}"
tower-ep2/q224-bb-e,17,207,"{""base_type"": 34, ""set_flags"": 512, ""runtime_index"": 40705, ""file_offset"": 28064, ""floor_field"": 17, ""entity_id_field"": 40769, ""group"": 0, ""room"": 20, ""unknown_a3"": 0, ""position"": [-95.0, 0.0, -385.0], ""angles"": [0, 0, 0], ""params"": [20.0, 1.0, 1.0, 3, 0, 0], ""unused_pointer"": 1895359616}"
tower-ep2/q224-bb-e,17,208,"{""base_type"": 34, ""set_flags"": 0, ""runtime_index"": 60417, ""file_offset"": 28132, ""floor_field"": 17, ""entity_id_field"": 54091, ""group"": 0, ""room"": 21, ""unknown_a3"": 0, ""position"": [385.0, -21.0, 94.0], ""angles"": [0, 0, 0], ""params"": [20.0, 1.0, 1.0, 109, 0, 0], ""unused_pointer"": 1358094976}"
tower-ep2/q224-bb-e,17,209,"{""base_type"": 34, ""set_flags"": 0, ""runtime_index"": 61185, ""file_offset"": 28200, ""floor_field"": 17, ""entity_id_field"": 7500, ""group"": 0, ""room"": 21, ""unknown_a3"": 0, ""position"": [76.8984375, 0.0, -292.0009765625], ""angles"": [0, 0, 0], ""params"": [20.0, 1.0, 1.0, 108, 0, 0], ""unused_pointer"": 1342497664}"
tower-ep2/q224-bb-e,17,210,"{""base_type"": 34, ""set_flags"": 0, ""runtime_index"": 61441, ""file_offset"": 28268, ""floor_field"": 17, ""entity_id_field"": 7756, ""group"": 0, ""room"": 21, ""unknown_a3"": 0, ""position"": [87.4013671875, 0.0, -317.591796875], ""angles"": [0, 0, 0], ""params"": [20.0, 1.0, 1.0, 108, 0, 0], ""unused_pointer"": 1342563200}"
tower-ep2/q224-bb-e,17,211,"{""base_type"": 34, ""set_flags"": 0, ""runtime_index"": 61697, ""file_offset"": 28336, ""floor_field"": 17, ""entity_id_field"": 8012, ""group"": 0, ""room"": 21, ""unknown_a3"": 0, ""position"": [111.3125, 0.0, -353.2529296875], ""angles"": [0, 0, 0], ""params"": [20.0, 1.0, 1.0, 108, 0, 0], ""unused_pointer"": 1342628736}"
tower-ep2/q224-bb-e,17,241,"{""base_type"": 34, ""set_flags"": 512, ""runtime_index"": 48385, ""file_offset"": 30376, ""floor_field"": 17, ""entity_id_field"": 48449, ""group"": 0, ""room"": 21, ""unknown_a3"": 0, ""position"": [-90.0, -1.0, -385.0], ""angles"": [0, 0, 0], ""params"": [20.0, 1.0, 1.0, 7, 0, 0], ""unused_pointer"": 1346168192}"
tower-ep2/q224-bb-e,17,271,"{""base_type"": 34, ""set_flags"": 512, ""runtime_index"": 56321, ""file_offset"": 32416, ""floor_field"": 17, ""entity_id_field"": 56385, ""group"": 0, ""room"": 22, ""unknown_a3"": 0, ""position"": [-95.0, -1.0, -385.0], ""angles"": [0, 0, 0], ""params"": [20.0, 1.0, 1.0, 9, 0, 0], ""unused_pointer"": 3497977216}"
tower-ep2/q224-bb-j,17,50,"{""base_type"": 34, ""set_flags"": 0, ""runtime_index"": 28425, ""file_offset"": 17388, ""floor_field"": 17, ""entity_id_field"": 59721, ""group"": 0, ""room"": 1, ""unknown_a3"": 0, ""position"": [-95.0, -1.0, -385.0], ""angles"": [0, 0, 0], ""params"": [20.0, 1.0, 1.0, 1, 0, 0], ""unused_pointer"": 546169472}"
tower-ep2/q224-bb-j,17,77,"{""base_type"": 34, ""set_flags"": 512, ""runtime_index"": 6913, ""file_offset"": 19224, ""floor_field"": 17, ""entity_id_field"": 6977, ""group"": 0, ""room"": 2, ""unknown_a3"": 0, ""position"": [-90.0, 0.0, -385.0], ""angles"": [0, 0, 0], ""params"": [20.0, 1.0, 1.0, 2, 0, 0], ""unused_pointer"": 11920256}"
tower-ep2/q224-bb-j,17,100,"{""base_type"": 34, ""set_flags"": 512, ""runtime_index"": 13057, ""file_offset"": 20788, ""floor_field"": 17, ""entity_id_field"": 13121, ""group"": 0, ""room"": 3, ""unknown_a3"": 0, ""position"": [-95.0, -1.0, -385.0], ""angles"": [0, 0, 0], ""params"": [20.0, 1.0, 1.0, 5, 0, 0], ""unused_pointer"": 1090052992}"
tower-ep2/q224-bb-j,17,129,"{""base_type"": 34, ""set_flags"": 0, ""runtime_index"": 29705, ""file_offset"": 22760, ""floor_field"": 17, ""entity_id_field"": 19274, ""group"": 0, ""room"": 4, ""unknown_a3"": 0, ""position"": [-90.0, 0.0, -385.0], ""angles"": [0, 0, 0], ""params"": [20.0, 1.0, 1.0, 6, 0, 0], ""unused_pointer"": 1356915840}"
tower-ep2/q224-bb-j,17,155,"{""base_type"": 34, ""set_flags"": 0, ""runtime_index"": 29449, ""file_offset"": 24528, ""floor_field"": 17, ""entity_id_field"": 17738, ""group"": 0, ""room"": 5, ""unknown_a3"": 0, ""position"": [-95.0, -1.0, -385.0], ""angles"": [0, 0, 0], ""params"": [20.0, 1.0, 1.0, 8, 0, 0], ""unused_pointer"": 3505382528}"
tower-ep2/q224-bb-j,17,187,"{""base_type"": 34, ""set_flags"": 0, ""runtime_index"": 30217, ""file_offset"": 26704, ""floor_field"": 17, ""entity_id_field"": 24138, ""group"": 0, ""room"": 10, ""unknown_a3"": 0, ""position"": [-90.0, 0.0, -385.0], ""angles"": [0, 0, 0], ""params"": [20.0, 1.0, 1.0, 4, 0, 0], ""unused_pointer"": 821617792}"
tower-ep2/q224-bb-j,17,207,"{""base_type"": 34, ""set_flags"": 512, ""runtime_index"": 40705, ""file_offset"": 28064, ""floor_field"": 17, ""entity_id_field"": 40769, ""group"": 0, ""room"": 20, ""unknown_a3"": 0, ""position"": [-95.0, 0.0, -385.0], ""angles"": [0, 0, 0], ""params"": [20.0, 1.0, 1.0, 3, 0, 0], ""unused_pointer"": 1895359616}"
tower-ep2/q224-bb-j,17,208,"{""base_type"": 34, ""set_flags"": 0, ""runtime_index"": 60417, ""file_offset"": 28132, ""floor_field"": 17, ""entity_id_field"": 54091, ""group"": 0, ""room"": 21, ""unknown_a3"": 0, ""position"": [385.0, -21.0, 94.0], ""angles"": [0, 0, 0], ""params"": [20.0, 1.0, 1.0, 109, 0, 0], ""unused_pointer"": 1358094976}"
tower-ep2/q224-bb-j,17,209,"{""base_type"": 34, ""set_flags"": 0, ""runtime_index"": 61185, ""file_offset"": 28200, ""floor_field"": 17, ""entity_id_field"": 7500, ""group"": 0, ""room"": 21, ""unknown_a3"": 0, ""position"": [76.8984375, 0.0, -292.0009765625], ""angles"": [0, 0, 0], ""params"": [20.0, 1.0, 1.0, 108, 0, 0], ""unused_pointer"": 1342497664}"
tower-ep2/q224-bb-j,17,210,"{""base_type"": 34, ""set_flags"": 0, ""runtime_index"": 61441, ""file_offset"": 28268, ""floor_field"": 17, ""entity_id_field"": 7756, ""group"": 0, ""room"": 21, ""unknown_a3"": 0, ""position"": [87.4013671875, 0.0, -317.591796875], ""angles"": [0, 0, 0], ""params"": [20.0, 1.0, 1.0, 108, 0, 0], ""unused_pointer"": 1342563200}"
tower-ep2/q224-bb-j,17,211,"{""base_type"": 34, ""set_flags"": 0, ""runtime_index"": 61697, ""file_offset"": 28336, ""floor_field"": 17, ""entity_id_field"": 8012, ""group"": 0, ""room"": 21, ""unknown_a3"": 0, ""position"": [111.3125, 0.0, -353.2529296875], ""angles"": [0, 0, 0], ""params"": [20.0, 1.0, 1.0, 108, 0, 0], ""unused_pointer"": 1342628736}"
tower-ep2/q224-bb-j,17,241,"{""base_type"": 34, ""set_flags"": 512, ""runtime_index"": 48385, ""file_offset"": 30376, ""floor_field"": 17, ""entity_id_field"": 48449, ""group"": 0, ""room"": 21, ""unknown_a3"": 0, ""position"": [-90.0, -1.0, -385.0], ""angles"": [0, 0, 0], ""params"": [20.0, 1.0, 1.0, 7, 0, 0], ""unused_pointer"": 1346168192}"
tower-ep2/q224-bb-j,17,271,"{""base_type"": 34, ""set_flags"": 512, ""runtime_index"": 56321, ""file_offset"": 32416, ""floor_field"": 17, ""entity_id_field"": 56385, ""group"": 0, ""room"": 22, ""unknown_a3"": 0, ""position"": [-95.0, -1.0, -385.0], ""angles"": [0, 0, 0], ""params"": [20.0, 1.0, 1.0, 9, 0, 0], ""unused_pointer"": 3497977216}"
tower-ep2/q1002-bb-e,16,90,"{""base_type"": 34, ""set_flags"": 0, ""runtime_index"": 2147, ""file_offset"": 9144, ""floor_field"": 17, ""entity_id_field"": 18515, ""group"": 0, ""room"": 3, ""unknown_a3"": 0, ""position"": [243.0, -9.893397331237793, -244.0], ""angles"": [0, 0, 0], ""params"": [-1.0, 1.0, 1.0, 113, -1, 0], ""unused_pointer"": 206222416}"
vr-ep1/q81-bb-e,5,23,"{""base_type"": 34, ""set_flags"": 0, ""runtime_index"": 1502, ""file_offset"": 3568, ""floor_field"": 5, ""entity_id_field"": 18214, ""group"": 0, ""room"": 50, ""unknown_a3"": 0, ""position"": [-75.0, 0.0, -185.00006103515625], ""angles"": [0, 0, 0], ""params"": [11.000004768371582, 1.0, 1.0, 21, -1, 0], ""unused_pointer"": 2365269632}"
vr-ep1/q81-bb-e,5,41,"{""base_type"": 34, ""set_flags"": 2, ""runtime_index"": 693, ""file_offset"": 4792, ""floor_field"": 5, ""entity_id_field"": 17077, ""group"": 0, ""room"": 62, ""unknown_a3"": 0, ""position"": [60.00004577636719, 1.000000238418579, 0.0], ""angles"": [0, 0, 0], ""params"": [-1.5000001192092896, 1.0, 1.0, 41, -1, 0], ""unused_pointer"": 2365241024}"
vr-ep1/q81-bb-e,7,24,"{""base_type"": 34, ""set_flags"": 0, ""runtime_index"": 1808, ""file_offset"": 6508, ""floor_field"": 7, ""entity_id_field"": 18314, ""group"": 0, ""room"": 20, ""unknown_a3"": 0, ""position"": [0.0, 0.0, 120.0], ""angles"": [0, 0, 0], ""params"": [10.000004768371582, 1.0, 1.0, 21, -1, 0], ""unused_pointer"": 2365254736}"
vr-ep1/q81-bb-j,5,23,"{""base_type"": 34, ""set_flags"": 0, ""runtime_index"": 1502, ""file_offset"": 3568, ""floor_field"": 5, ""entity_id_field"": 18214, ""group"": 0, ""room"": 50, ""unknown_a3"": 0, ""position"": [-75.0, 0.0, -185.00006103515625], ""angles"": [0, 0, 0], ""params"": [11.000004768371582, 1.0, 1.0, 21, -1, 0], ""unused_pointer"": 2365269632}"
vr-ep1/q81-bb-j,5,41,"{""base_type"": 34, ""set_flags"": 2, ""runtime_index"": 693, ""file_offset"": 4792, ""floor_field"": 5, ""entity_id_field"": 17077, ""group"": 0, ""room"": 62, ""unknown_a3"": 0, ""position"": [60.00004577636719, 1.000000238418579, 0.0], ""angles"": [0, 0, 0], ""params"": [-1.5000001192092896, 1.0, 1.0, 41, -1, 0], ""unused_pointer"": 2365241024}"
vr-ep1/q81-bb-j,7,24,"{""base_type"": 34, ""set_flags"": 0, ""runtime_index"": 1808, ""file_offset"": 6508, ""floor_field"": 7, ""entity_id_field"": 18314, ""group"": 0, ""room"": 20, ""unknown_a3"": 0, ""position"": [0.0, 0.0, 120.0], ""angles"": [0, 0, 0], ""params"": [10.000004768371582, 1.0, 1.0, 21, -1, 0], ""unused_pointer"": 2365254736}"
vr-ep1/q94-bb-e,5,23,"{""base_type"": 34, ""set_flags"": 0, ""runtime_index"": 1502, ""file_offset"": 5352, ""floor_field"": 5, ""entity_id_field"": 18214, ""group"": 0, ""room"": 50, ""unknown_a3"": 0, ""position"": [-75.0, 0.0, -185.00006103515625], ""angles"": [0, 0, 0], ""params"": [11.000004768371582, 1.0, 1.0, 21, -1, 0], ""unused_pointer"": 2365269632}"
vr-ep1/q94-bb-e,5,41,"{""base_type"": 34, ""set_flags"": 2, ""runtime_index"": 693, ""file_offset"": 6576, ""floor_field"": 5, ""entity_id_field"": 17077, ""group"": 0, ""room"": 62, ""unknown_a3"": 0, ""position"": [60.00004577636719, 1.000000238418579, 0.0], ""angles"": [0, 0, 0], ""params"": [-1.5000001192092896, 1.0, 1.0, 41, -1, 0], ""unused_pointer"": 2365241024}"
vr-ep1/q94-bb-e,7,24,"{""base_type"": 34, ""set_flags"": 0, ""runtime_index"": 1808, ""file_offset"": 8292, ""floor_field"": 7, ""entity_id_field"": 18314, ""group"": 0, ""room"": 20, ""unknown_a3"": 0, ""position"": [0.0, 0.0, 120.0], ""angles"": [0, 0, 0], ""params"": [10.000004768371582, 1.0, 1.0, 21, -1, 0], ""unused_pointer"": 2365254736}"
vr-ep1/q94-bb-j,5,23,"{""base_type"": 34, ""set_flags"": 0, ""runtime_index"": 1502, ""file_offset"": 5352, ""floor_field"": 5, ""entity_id_field"": 18214, ""group"": 0, ""room"": 50, ""unknown_a3"": 0, ""position"": [-75.0, 0.0, -185.00006103515625], ""angles"": [0, 0, 0], ""params"": [11.000004768371582, 1.0, 1.0, 21, -1, 0], ""unused_pointer"": 2365269632}"
vr-ep1/q94-bb-j,5,41,"{""base_type"": 34, ""set_flags"": 2, ""runtime_index"": 693, ""file_offset"": 6576, ""floor_field"": 5, ""entity_id_field"": 17077, ""group"": 0, ""room"": 62, ""unknown_a3"": 0, ""position"": [60.00004577636719, 1.000000238418579, 0.0], ""angles"": [0, 0, 0], ""params"": [-1.5000001192092896, 1.0, 1.0, 41, -1, 0], ""unused_pointer"": 2365241024}"
vr-ep1/q94-bb-j,7,24,"{""base_type"": 34, ""set_flags"": 0, ""runtime_index"": 1808, ""file_offset"": 8292, ""floor_field"": 7, ""entity_id_field"": 18314, ""group"": 0, ""room"": 20, ""unknown_a3"": 0, ""position"": [0.0, 0.0, 120.0], ""angles"": [0, 0, 0], ""params"": [10.000004768371582, 1.0, 1.0, 21, -1, 0], ""unused_pointer"": 2365254736}"
vr-ep1/q118-bb-e,5,23,"{""base_type"": 34, ""set_flags"": 0, ""runtime_index"": 1502, ""file_offset"": 3568, ""floor_field"": 5, ""entity_id_field"": 18214, ""group"": 0, ""room"": 50, ""unknown_a3"": 0, ""position"": [-75.0, 0.0, -185.00006103515625], ""angles"": [0, 0, 0], ""params"": [11.000004768371582, 1.0, 1.0, 21, -1, 0], ""unused_pointer"": 2365269632}"
vr-ep1/q118-bb-e,5,41,"{""base_type"": 34, ""set_flags"": 2, ""runtime_index"": 693, ""file_offset"": 4792, ""floor_field"": 5, ""entity_id_field"": 17077, ""group"": 0, ""room"": 62, ""unknown_a3"": 0, ""position"": [60.00004577636719, 1.000000238418579, 0.0], ""angles"": [0, 0, 0], ""params"": [-1.5000001192092896, 1.0, 1.0, 41, -1, 0], ""unused_pointer"": 2365241024}"
vr-ep1/q118-bb-e,7,24,"{""base_type"": 34, ""set_flags"": 0, ""runtime_index"": 1808, ""file_offset"": 6508, ""floor_field"": 7, ""entity_id_field"": 18314, ""group"": 0, ""room"": 20, ""unknown_a3"": 0, ""position"": [0.0, 0.0, 120.0], ""angles"": [0, 0, 0], ""params"": [10.000004768371582, 1.0, 1.0, 21, -1, 0], ""unused_pointer"": 2365254736}"
vr-ep1/q118-bb-j,5,23,"{""base_type"": 34, ""set_flags"": 0, ""runtime_index"": 1502, ""file_offset"": 3568, ""floor_field"": 5, ""entity_id_field"": 18214, ""group"": 0, ""room"": 50, ""unknown_a3"": 0, ""position"": [-75.0, 0.0, -185.00006103515625], ""angles"": [0, 0, 0], ""params"": [11.000004768371582, 1.0, 1.0, 21, -1, 0], ""unused_pointer"": 2365269632}"
vr-ep1/q118-bb-j,5,41,"{""base_type"": 34, ""set_flags"": 2, ""runtime_index"": 693, ""file_offset"": 4792, ""floor_field"": 5, ""entity_id_field"": 17077, ""group"": 0, ""room"": 62, ""unknown_a3"": 0, ""position"": [60.00004577636719, 1.000000238418579, 0.0], ""angles"": [0, 0, 0], ""params"": [-1.5000001192092896, 1.0, 1.0, 41, -1, 0], ""unused_pointer"": 2365241024}"
vr-ep1/q118-bb-j,7,24,"{""base_type"": 34, ""set_flags"": 0, ""runtime_index"": 1808, ""file_offset"": 6508, ""floor_field"": 7, ""entity_id_field"": 18314, ""group"": 0, ""room"": 20, ""unknown_a3"": 0, ""position"": [0.0, 0.0, 120.0], ""angles"": [0, 0, 0], ""params"": [10.000004768371582, 1.0, 1.0, 21, -1, 0], ""unused_pointer"": 2365254736}"
vr-ep1/q136-bb-e,5,23,"{""base_type"": 34, ""set_flags"": 0, ""runtime_index"": 1502, ""file_offset"": 5352, ""floor_field"": 5, ""entity_id_field"": 18214, ""group"": 0, ""room"": 50, ""unknown_a3"": 0, ""position"": [-75.0, 0.0, -185.00006103515625], ""angles"": [0, 0, 0], ""params"": [11.000004768371582, 1.0, 1.0, 21, -1, 0], ""unused_pointer"": 2365269632}"
vr-ep1/q136-bb-e,5,41,"{""base_type"": 34, ""set_flags"": 2, ""runtime_index"": 693, ""file_offset"": 6576, ""floor_field"": 5, ""entity_id_field"": 17077, ""group"": 0, ""room"": 62, ""unknown_a3"": 0, ""position"": [60.00004577636719, 1.000000238418579, 0.0], ""angles"": [0, 0, 0], ""params"": [-1.5000001192092896, 1.0, 1.0, 41, -1, 0], ""unused_pointer"": 2365241024}"
vr-ep1/q136-bb-e,7,24,"{""base_type"": 34, ""set_flags"": 0, ""runtime_index"": 1808, ""file_offset"": 8292, ""floor_field"": 7, ""entity_id_field"": 18314, ""group"": 0, ""room"": 20, ""unknown_a3"": 0, ""position"": [0.0, 0.0, 120.0], ""angles"": [0, 0, 0], ""params"": [10.000004768371582, 1.0, 1.0, 21, -1, 0], ""unused_pointer"": 2365254736}"
vr-ep1/q136-bb-j,5,23,"{""base_type"": 34, ""set_flags"": 0, ""runtime_index"": 1502, ""file_offset"": 5352, ""floor_field"": 5, ""entity_id_field"": 18214, ""group"": 0, ""room"": 50, ""unknown_a3"": 0, ""position"": [-75.0, 0.0, -185.00006103515625], ""angles"": [0, 0, 0], ""params"": [11.000004768371582, 1.0, 1.0, 21, -1, 0], ""unused_pointer"": 2365269632}"
vr-ep1/q136-bb-j,5,41,"{""base_type"": 34, ""set_flags"": 2, ""runtime_index"": 693, ""file_offset"": 6576, ""floor_field"": 5, ""entity_id_field"": 17077, ""group"": 0, ""room"": 62, ""unknown_a3"": 0, ""position"": [60.00004577636719, 1.000000238418579, 0.0], ""angles"": [0, 0, 0], ""params"": [-1.5000001192092896, 1.0, 1.0, 41, -1, 0], ""unused_pointer"": 2365241024}"
vr-ep1/q136-bb-j,7,24,"{""base_type"": 34, ""set_flags"": 0, ""runtime_index"": 1808, ""file_offset"": 8292, ""floor_field"": 7, ""entity_id_field"": 18314, ""group"": 0, ""room"": 20, ""unknown_a3"": 0, ""position"": [0.0, 0.0, 120.0], ""angles"": [0, 0, 0], ""params"": [10.000004768371582, 1.0, 1.0, 21, -1, 0], ""unused_pointer"": 2365254736}"
vr-ep1/q141-bb-e,3,44,"{""base_type"": 34, ""set_flags"": 512, ""runtime_index"": 12033, ""file_offset"": 4860, ""floor_field"": 3, ""entity_id_field"": 12097, ""group"": 0, ""room"": 10, ""unknown_a3"": 0, ""position"": [0.0, 0.9999979138374329, 200.0], ""angles"": [0, 0, 0], ""params"": [8.0, 1.0, 1.0, 112, -1, 0], ""unused_pointer"": 3495486080}"
vr-ep1/q141-bb-e,3,50,"{""base_type"": 34, ""set_flags"": 512, ""runtime_index"": 13057, ""file_offset"": 5268, ""floor_field"": 3, ""entity_id_field"": 13121, ""group"": 0, ""room"": 11, ""unknown_a3"": 0, ""position"": [-200.0, 1.0000076293945312, 0.0], ""angles"": [0, 0, 0], ""params"": [8.0, 1.0, 1.0, 114, -1, 0], ""unused_pointer"": 3495748224}"
vr-ep1/q141-bb-e,3,85,"{""base_type"": 34, ""set_flags"": 512, ""runtime_index"": 26113, ""file_offset"": 7648, ""floor_field"": 3, ""entity_id_field"": 26177, ""group"": 0, ""room"": 14, ""unknown_a3"": 0, ""position"": [0.0, 1.0000075101852417, -200.0], ""angles"": [0, 0, 0], ""params"": [8.0, 1.0, 1.0, 117, -1, 0], ""unused_pointer"": 3501253248}"
vr-ep1/q141-bb-e,3,105,"{""base_type"": 34, ""set_flags"": 512, ""runtime_index"": 26113, ""file_offset"": 9008, ""floor_field"": 3, ""entity_id_field"": 26177, ""group"": 0, ""room"": 30, ""unknown_a3"": 0, ""position"": [430.0, 1.0, 0.0], ""angles"": [0, 0, 0], ""params"": [8.0, 1.0, 1.0, 113, -1, 0], ""unused_pointer"": 2159665792}"
vr-ep1/q141-bb-e,3,114,"{""base_type"": 34, ""set_flags"": 512, ""runtime_index"": 29441, ""file_offset"": 9620, ""floor_field"": 3, ""entity_id_field"": 29505, ""group"": 0, ""room"": 31, ""unknown_a3"": 0, ""position"": [0.0, 1.0, -200.0], ""angles"": [0, 0, 0], ""params"": [8.0, 1.0, 1.0, 115, -1, 0], ""unused_pointer"": 2429149824}"
vr-ep1/q141-bb-e,3,115,"{""base_type"": 34, ""set_flags"": 512, ""runtime_index"": 29697, ""file_offset"": 9688, ""floor_field"": 3, ""entity_id_field"": 29761, ""group"": 0, ""room"": 31, ""unknown_a3"": 0, ""position"": [200.0, 1.0, 0.0], ""angles"": [0, 0, 0], ""params"": [8.0, 1.0, 1.0, 116, -1, 0], ""unused_pointer"": 2429215360}"
vr-ep1/q141-bb-e,3,124,"{""base_type"": 34, ""set_flags"": 0, ""runtime_index"": 44295, ""file_offset"": 10300, ""floor_field"": 3, ""entity_id_field"": 51783, ""group"": 0, ""room"": 31, ""unknown_a3"": 0, ""position"": [250.0, 1.0, 0.0], ""angles"": [0, 0, 0], ""params"": [8.0, 1.0, 1.0, 133, -1, 0], ""unused_pointer"": 9626240}"
vr-ep1/q141-bb-j,3,44,"{""base_type"": 34, ""set_flags"": 512, ""runtime_index"": 12033, ""file_offset"": 4860, ""floor_field"": 3, ""entity_id_field"": 12097, ""group"": 0, ""room"": 10, ""unknown_a3"": 0, ""position"": [0.0, 0.9999979138374329, 200.0], ""angles"": [0, 0, 0], ""params"": [8.0, 1.0, 1.0, 112, -1, 0], ""unused_pointer"": 3495486080}"
vr-ep1/q141-bb-j,3,50,"{""base_type"": 34, ""set_flags"": 512, ""runtime_index"": 13057, ""file_offset"": 5268, ""floor_field"": 3, ""entity_id_field"": 13121, ""group"": 0, ""room"": 11, ""unknown_a3"": 0, ""position"": [-200.0, 1.0000076293945312, 0.0], ""angles"": [0, 0, 0], ""params"": [8.0, 1.0, 1.0, 114, -1, 0], ""unused_pointer"": 3495748224}"
vr-ep1/q141-bb-j,3,85,"{""base_type"": 34, ""set_flags"": 512, ""runtime_index"": 26113, ""file_offset"": 7648, ""floor_field"": 3, ""entity_id_field"": 26177, ""group"": 0, ""room"": 14, ""unknown_a3"": 0, ""position"": [0.0, 1.0000075101852417, -200.0], ""angles"": [0, 0, 0], ""params"": [8.0, 1.0, 1.0, 117, -1, 0], ""unused_pointer"": 3501253248}"
vr-ep1/q141-bb-j,3,105,"{""base_type"": 34, ""set_flags"": 512, ""runtime_index"": 26113, ""file_offset"": 9008, ""floor_field"": 3, ""entity_id_field"": 26177, ""group"": 0, ""room"": 30, ""unknown_a3"": 0, ""position"": [430.0, 1.0, 0.0], ""angles"": [0, 0, 0], ""params"": [8.0, 1.0, 1.0, 113, -1, 0], ""unused_pointer"": 2159665792}"
vr-ep1/q141-bb-j,3,114,"{""base_type"": 34, ""set_flags"": 512, ""runtime_index"": 29441, ""file_offset"": 9620, ""floor_field"": 3, ""entity_id_field"": 29505, ""group"": 0, ""room"": 31, ""unknown_a3"": 0, ""position"": [0.0, 1.0, -200.0], ""angles"": [0, 0, 0], ""params"": [8.0, 1.0, 1.0, 115, -1, 0], ""unused_pointer"": 2429149824}"
vr-ep1/q141-bb-j,3,115,"{""base_type"": 34, ""set_flags"": 512, ""runtime_index"": 29697, ""file_offset"": 9688, ""floor_field"": 3, ""entity_id_field"": 29761, ""group"": 0, ""room"": 31, ""unknown_a3"": 0, ""position"": [200.0, 1.0, 0.0], ""angles"": [0, 0, 0], ""params"": [8.0, 1.0, 1.0, 116, -1, 0], ""unused_pointer"": 2429215360}"
vr-ep1/q141-bb-j,3,124,"{""base_type"": 34, ""set_flags"": 0, ""runtime_index"": 44295, ""file_offset"": 10300, ""floor_field"": 3, ""entity_id_field"": 51783, ""group"": 0, ""room"": 31, ""unknown_a3"": 0, ""position"": [250.0, 1.0, 0.0], ""angles"": [0, 0, 0], ""params"": [8.0, 1.0, 1.0, 133, -1, 0], ""unused_pointer"": 9626240}"
vr-ep1/q990-bb-e,2,58,"{""base_type"": 34, ""set_flags"": 2, ""runtime_index"": 84, ""file_offset"": 6696, ""floor_field"": 2, ""entity_id_field"": 18447, ""group"": 0, ""room"": 3, ""unknown_a3"": 0, ""position"": [-16.446670532226562, 12.311989784240723, 137.04208374023438], ""angles"": [0, 0, 0], ""params"": [40.00001525878906, 1.0, 1.0, 5, 0, 0], ""unused_pointer"": 69926560}"
vr-ep1/q990-bb-e,2,81,"{""base_type"": 34, ""set_flags"": 2, ""runtime_index"": 107, ""file_offset"": 8260, ""floor_field"": 2, ""entity_id_field"": 18471, ""group"": 0, ""room"": 6, ""unknown_a3"": 0, ""position"": [-179.99771118164062, 28.009998321533203, 139.9989013671875], ""angles"": [0, 0, 0], ""params"": [-2.000000476837158, 1.0, 1.0, 104, -1, 0], ""unused_pointer"": 69937648}"
vr-ep1/q990-bb-e,5,15,"{""base_type"": 34, ""set_flags"": 0, ""runtime_index"": 587, ""file_offset"": 40536, ""floor_field"": 5, ""entity_id_field"": 19026, ""group"": 0, ""room"": 2, ""unknown_a3"": 0, ""position"": [10.0, 0.999997615814209, -195.0], ""angles"": [0, -32768, 0], ""params"": [-2.000000476837158, 1.0, 1.0, 110, -1, 0], ""unused_pointer"": 70027424}"
vr-ep1/q990-bb-e,5,17,"{""base_type"": 34, ""set_flags"": 0, ""runtime_index"": 584, ""file_offset"": 40672, ""floor_field"": 5, ""entity_id_field"": 19015, ""group"": 0, ""room"": 2, ""unknown_a3"": 0, ""position"": [-10.0, 1.0, -165.0], ""angles"": [0, -32768, 0], ""params"": [-2.000000476837158, 1.0, 1.0, 111, -1, 0], ""unused_pointer"": 70067568}"
vr-ep1/q990-bb-e,5,63,"{""base_type"": 34, ""set_flags"": 2, ""runtime_index"": 232, ""file_offset"": 43800, ""floor_field"": 5, ""entity_id_field"": 16616, ""group"": 0, ""room"": 10, ""unknown_a3"": 0, ""position"": [0.0008544921875, 0.0, 10.0], ""angles"": [0, -16383, 0], ""params"": [40.00001907348633, 1.0, 1.0, 100, 0, 0], ""unused_pointer"": 70070800}"
vr-ep1/q990-bb-e,5,69,"{""base_type"": 34, ""set_flags"": 2, ""runtime_index"": 238, ""file_offset"": 44208, ""floor_field"": 5, ""entity_id_field"": 16622, ""group"": 0, ""room"": 12, ""unknown_a3"": 0, ""position"": [0.0009765625, 0.0, 10.0], ""angles"": [0, -16383, 0], ""params"": [40.00001907348633, 1.0, 1.0, 100, 0, 0], ""unused_pointer"": 70072144}"
vr-ep1/q990-bb-e,5,75,"{""base_type"": 34, ""set_flags"": 2, ""runtime_index"": 244, ""file_offset"": 44616, ""floor_field"": 5, ""entity_id_field"": 16628, ""group"": 0, ""room"": 13, ""unknown_a3"": 0, ""position"": [0.0, 0.0, 10.0], ""angles"": [0, -32768, 0], ""params"": [30.000015258789062, 1.0, 1.0, 100, 0, 0], ""unused_pointer"": 70073488}"
vr-ep1/q990-bb-e,5,109,"{""base_type"": 34, ""set_flags"": 2, ""runtime_index"": 278, ""file_offset"": 46928, ""floor_field"": 5, ""entity_id_field"": 16662, ""group"": 0, ""room"": 40, ""unknown_a3"": 0, ""position"": [-75.0, 1.000000238418579, 83.0], ""angles"": [0, -49152, 0], ""params"": [-2.000000476837158, 1.0, 1.0, 104, -1, 0], ""unused_pointer"": 70094032}"
vr-ep1/q990-bb-e,7,35,"{""base_type"": 34, ""set_flags"": 2, ""runtime_index"": 430, ""file_offset"": 83824, ""floor_field"": 7, ""entity_id_field"": 16814, ""group"": 0, ""room"": 2, ""unknown_a3"": 0, ""position"": [0.0, 1.000000238418579, 0.0], ""angles"": [0, 0, 0], ""params"": [30.000011444091797, 1.0, 1.0, 108, 0, 0], ""unused_pointer"": 69963088}"
vr-ep1/q990-bb-e,7,71,"{""base_type"": 34, ""set_flags"": 2, ""runtime_index"": 470, ""file_offset"": 86272, ""floor_field"": 7, ""entity_id_field"": 16854, ""group"": 0, ""room"": 50, ""unknown_a3"": 0, ""position"": [120.01148986816406, 0.0, 119.98847961425781], ""angles"": [0, -16383, 0], ""params"": [1.0, 1.0, 1.0, 103, -1, 0], ""unused_pointer"": 70013472}"
vr-ep1/q990-bb-e,7,78,"{""base_type"": 34, ""set_flags"": 2, ""runtime_index"": 477, ""file_offset"": 86748, ""floor_field"": 7, ""entity_id_field"": 16861, ""group"": 0, ""room"": 50, ""unknown_a3"": 0, ""position"": [50.000030517578125, 1.000000238418579, -0.004791259765625], ""angles"": [0, -16383, 0], ""params"": [1.0, 1.0, 1.0, 107, -1, 0], ""unused_pointer"": 70014704}"
vr-ep1/q990-bb-e,7,93,"{""base_type"": 34, ""set_flags"": 2, ""runtime_index"": 492, ""file_offset"": 87768, ""floor_field"": 7, ""entity_id_field"": 16876, ""group"": 0, ""room"": 60, ""unknown_a3"": 0, ""position"": [-240.0, 0.0, -120.0], ""angles"": [0, 0, 0], ""params"": [2.000000238418579, 1.0, 1.0, 101, -1, 0], ""unused_pointer"": 70027008}"
vr-ep1/q990-bb-e,7,114,"{""base_type"": 34, ""set_flags"": 2, ""runtime_index"": 513, ""file_offset"": 89196, ""floor_field"": 7, ""entity_id_field"": 16897, ""group"": 0, ""room"": 61, ""unknown_a3"": 0, ""position"": [120.0, 0.0, 240.00006103515625], ""angles"": [0, 0, 0], ""params"": [1.0, 1.0, 1.0, 100, -1, 0], ""unused_pointer"": 70038960}"
vr-ep1/q990-bb-e,7,117,"{""base_type"": 34, ""set_flags"": 2, ""runtime_index"": 516, ""file_offset"": 89400, ""floor_field"": 7, ""entity_id_field"": 16900, ""group"": 0, ""room"": 61, ""unknown_a3"": 0, ""position"": [0.0, 1.000000238418579, 0.0], ""angles"": [0, 0, 0], ""params"": [10.000004768371582, 1.0, 1.0, 109, 0, 0], ""unused_pointer"": 70039600}"
vr-ep1/q990-bb-e,7,134,"{""base_type"": 34, ""set_flags"": 2, ""runtime_index"": 533, ""file_offset"": 90556, ""floor_field"": 7, ""entity_id_field"": 16917, ""group"": 0, ""room"": 70, ""unknown_a3"": 0, ""position"": [-64.0, 6.0, 64.0], ""angles"": [0, 0, 0], ""params"": [-2.000000476837158, 1.0, 1.0, 104, -1, 0], ""unused_pointer"": 70050208}"
vr-ep1/q990-bb-e,7,148,"{""base_type"": 34, ""set_flags"": 2, ""runtime_index"": 547, ""file_offset"": 91508, ""floor_field"": 7, ""entity_id_field"": 16931, ""group"": 0, ""room"": 90, ""unknown_a3"": 0, ""position"": [-120.0, 0.0, -240.0], ""angles"": [0, 0, 0], ""params"": [1.0, 1.0, 1.0, 102, -1, 0], ""unused_pointer"": 70056608}"
vr-ep1/q990-bb-e,7,164,"{""base_type"": 34, ""set_flags"": 2, ""runtime_index"": 563, ""file_offset"": 92596, ""floor_field"": 7, ""entity_id_field"": 16947, ""group"": 0, ""room"": 90, ""unknown_a3"": 0, ""position"": [10.0, 11.0, 50.0], ""angles"": [0, 0, 0], ""params"": [-1.000000238418579, 1.0, 1.0, 111, -1, 0], ""unused_pointer"": 70065680}"
vr-ep1/q990-bb-e,7,165,"{""base_type"": 34, ""set_flags"": 2, ""runtime_index"": 564, ""file_offset"": 92664, ""floor_field"": 7, ""entity_id_field"": 16948, ""group"": 0, ""room"": 90, ""unknown_a3"": 0, ""position"": [-20.0, 10.000004768371582, 90.0], ""angles"": [0, 0, 0], ""params"": [50.000022888183594, 1.0, 1.0, 108, 0, 0], ""unused_pointer"": 70065936}"
vr-ep1/q990-bb-e,7,176,"{""base_type"": 34, ""set_flags"": 2, ""runtime_index"": 575, ""file_offset"": 93412, ""floor_field"": 7, ""entity_id_field"": 16959, ""group"": 0, ""room"": 220, ""unknown_a3"": 0, ""position"": [-60.0, 0.0, 0.0], ""angles"": [0, -32768, 0], ""params"": [20.000009536743164, 1.0, 1.0, 112, 0, 0], ""unused_pointer"": 70074512}"
vr-ep2/q49-bb-e,16,20,"{""base_type"": 34, ""set_flags"": 0, ""runtime_index"": 45832, ""file_offset"": 1376, ""floor_field"": 16, ""entity_id_field"": 25928, ""group"": 0, ""room"": 1, ""unknown_a3"": 0, ""position"": [8.909996032714844, 10.0, 8.691865921020508], ""angles"": [0, 0, 0], ""params"": [35.0, 1.0, 1.0, 174, 0, 0], ""unused_pointer"": 3774541440}"
vr-ep2/q49-bb-e,16,21,"{""base_type"": 34, ""set_flags"": 0, ""runtime_index"": 46088, ""file_offset"": 1444, ""floor_field"": 16, ""entity_id_field"": 26184, ""group"": 0, ""room"": 1, ""unknown_a3"": 0, ""position"": [8.909996032714844, 10.0, 8.691865921020508], ""angles"": [0, 0, 0], ""params"": [35.0, 1.0, 1.0, 175, 0, 0], ""unused_pointer"": 3774606976}"
vr-ep2/q49-bb-e,16,22,"{""base_type"": 34, ""set_flags"": 0, ""runtime_index"": 46344, ""file_offset"": 1512, ""floor_field"": 16, ""entity_id_field"": 26440, ""group"": 0, ""room"": 1, ""unknown_a3"": 0, ""position"": [8.909996032714844, 10.0, 8.691865921020508], ""angles"": [0, 0, 0], ""params"": [35.0, 1.0, 1.0, 176, 0, 0], ""unused_pointer"": 3774672512}"
vr-ep2/q49-bb-e,16,23,"{""base_type"": 34, ""set_flags"": 0, ""runtime_index"": 46600, ""file_offset"": 1580, ""floor_field"": 16, ""entity_id_field"": 26696, ""group"": 0, ""room"": 1, ""unknown_a3"": 0, ""position"": [8.909996032714844, 10.0, 8.691865921020508], ""angles"": [0, 0, 0], ""params"": [35.0, 1.0, 1.0, 177, 0, 0], ""unused_pointer"": 3774738048}"
vr-ep2/q49-bb-j,16,20,"{""base_type"": 34, ""set_flags"": 0, ""runtime_index"": 45832, ""file_offset"": 1376, ""floor_field"": 16, ""entity_id_field"": 25928, ""group"": 0, ""room"": 1, ""unknown_a3"": 0, ""position"": [8.909996032714844, 10.0, 8.691865921020508], ""angles"": [0, 0, 0], ""params"": [35.0, 1.0, 1.0, 174, 0, 0], ""unused_pointer"": 3774541440}"
vr-ep2/q49-bb-j,16,21,"{""base_type"": 34, ""set_flags"": 0, ""runtime_index"": 46088, ""file_offset"": 1444, ""floor_field"": 16, ""entity_id_field"": 26184, ""group"": 0, ""room"": 1, ""unknown_a3"": 0, ""position"": [8.909996032714844, 10.0, 8.691865921020508], ""angles"": [0, 0, 0], ""params"": [35.0, 1.0, 1.0, 175, 0, 0], ""unused_pointer"": 3774606976}"
vr-ep2/q49-bb-j,16,22,"{""base_type"": 34, ""set_flags"": 0, ""runtime_index"": 46344, ""file_offset"": 1512, ""floor_field"": 16, ""entity_id_field"": 26440, ""group"": 0, ""room"": 1, ""unknown_a3"": 0, ""position"": [8.909996032714844, 10.0, 8.691865921020508], ""angles"": [0, 0, 0], ""params"": [35.0, 1.0, 1.0, 176, 0, 0], ""unused_pointer"": 3774672512}"
vr-ep2/q49-bb-j,16,23,"{""base_type"": 34, ""set_flags"": 0, ""runtime_index"": 46600, ""file_offset"": 1580, ""floor_field"": 16, ""entity_id_field"": 26696, ""group"": 0, ""room"": 1, ""unknown_a3"": 0, ""position"": [8.909996032714844, 10.0, 8.691865921020508], ""angles"": [0, 0, 0], ""params"": [35.0, 1.0, 1.0, 177, 0, 0], ""unused_pointer"": 3774738048}"
vr-ep2/q64-bb-e,17,52,"{""base_type"": 34, ""set_flags"": 0, ""runtime_index"": 31497, ""file_offset"": 47814, ""floor_field"": 17, ""entity_id_field"": 47947, ""group"": 0, ""room"": 2, ""unknown_a3"": 0, ""position"": [-90.0, 0.0, -385.0], ""angles"": [0, 0, 0], ""params"": [20.0, 1.0, 1.0, 2, 0, 0], ""unused_pointer"": 3225740416}"
vr-ep2/q64-bb-e,17,91,"{""base_type"": 34, ""set_flags"": 0, ""runtime_index"": 31753, ""file_offset"": 50466, ""floor_field"": 17, ""entity_id_field"": 51275, ""group"": 0, ""room"": 3, ""unknown_a3"": 0, ""position"": [-95.0, -1.0, -385.0], ""angles"": [0, 0, 0], ""params"": [20.0, 1.0, 1.0, 5, 0, 0], ""unused_pointer"": 1078518912}"
vr-ep2/q64-bb-e,17,130,"{""base_type"": 34, ""set_flags"": 0, ""runtime_index"": 32777, ""file_offset"": 53118, ""floor_field"": 17, ""entity_id_field"": 62027, ""group"": 0, ""room"": 10, ""unknown_a3"": 0, ""position"": [-90.0, 0.0, -385.0], ""angles"": [0, 0, 0], ""params"": [20.0, 1.0, 1.0, 4, 0, 0], ""unused_pointer"": 273933440}"
vr-ep2/q64-bb-e,17,133,"{""base_type"": 34, ""set_flags"": 0, ""runtime_index"": 33033, ""file_offset"": 53322, ""floor_field"": 17, ""entity_id_field"": 65355, ""group"": 0, ""room"": 20, ""unknown_a3"": 0, ""position"": [-95.0, 0.0, -385.0], ""angles"": [0, 0, 0], ""params"": [20.0, 1.0, 1.0, 3, 0, 0], ""unused_pointer"": 2421613696}"
vr-ep2/q64-bb-e,2,32,"{""base_type"": 34, ""set_flags"": 0, ""runtime_index"": 24584, ""file_offset"": 69792, ""floor_field"": 2, ""entity_id_field"": 36680, ""group"": 0, ""room"": 50, ""unknown_a3"": 0, ""position"": [0.0, 0.0, -350.0], ""angles"": [0, 0, 0], ""params"": [11.0, 1.0, 1.0, 13, 0, 0], ""unused_pointer"": 2423710336}"
vr-ep2/q64-bb-j,17,52,"{""base_type"": 34, ""set_flags"": 0, ""runtime_index"": 31497, ""file_offset"": 47814, ""floor_field"": 17, ""entity_id_field"": 47947, ""group"": 0, ""room"": 2, ""unknown_a3"": 0, ""position"": [-90.0, 0.0, -385.0], ""angles"": [0, 0, 0], ""params"": [20.0, 1.0, 1.0, 2, 0, 0], ""unused_pointer"": 3225740416}"
vr-ep2/q64-bb-j,17,91,"{""base_type"": 34, ""set_flags"": 0, ""runtime_index"": 31753, ""file_offset"": 50466, ""floor_field"": 17, ""entity_id_field"": 51275, ""group"": 0, ""room"": 3, ""unknown_a3"": 0, ""position"": [-95.0, -1.0, -385.0], ""angles"": [0, 0, 0], ""params"": [20.0, 1.0, 1.0, 5, 0, 0], ""unused_pointer"": 1078518912}"
vr-ep2/q64-bb-j,17,130,"{""base_type"": 34, ""set_flags"": 0, ""runtime_index"": 32777, ""file_offset"": 53118, ""floor_field"": 17, ""entity_id_field"": 62027, ""group"": 0, ""room"": 10, ""unknown_a3"": 0, ""position"": [-90.0, 0.0, -385.0], ""angles"": [0, 0, 0], ""params"": [20.0, 1.0, 1.0, 4, 0, 0], ""unused_pointer"": 273933440}"
vr-ep2/q64-bb-j,17,133,"{""base_type"": 34, ""set_flags"": 0, ""runtime_index"": 33033, ""file_offset"": 53322, ""floor_field"": 17, ""entity_id_field"": 65355, ""group"": 0, ""room"": 20, ""unknown_a3"": 0, ""position"": [-95.0, 0.0, -385.0], ""angles"": [0, 0, 0], ""params"": [20.0, 1.0, 1.0, 3, 0, 0], ""unused_pointer"": 2421613696}"
vr-ep2/q64-bb-j,2,32,"{""base_type"": 34, ""set_flags"": 0, ""runtime_index"": 24584, ""file_offset"": 69792, ""floor_field"": 2, ""entity_id_field"": 36680, ""group"": 0, ""room"": 50, ""unknown_a3"": 0, ""position"": [0.0, 0.0, -350.0], ""angles"": [0, 0, 0], ""params"": [11.0, 1.0, 1.0, 13, 0, 0], ""unused_pointer"": 2423710336}"
vr-ep2/q230-bb-e,3,117,"{""base_type"": 34, ""set_flags"": 0, ""runtime_index"": 32776, ""file_offset"": 18136, ""floor_field"": 1, ""entity_id_field"": 4169, ""group"": 0, ""room"": 40, ""unknown_a3"": 0, ""position"": [848.719970703125, -1.4062970876693726e-07, 53.489990234375], ""angles"": [0, 0, 0], ""params"": [40.0, 1.0, 1.0, 100, 0, 0], ""unused_pointer"": 2153312384}"
vr-ep2/q230-bb-e,4,29,"{""base_type"": 34, ""set_flags"": 0, ""runtime_index"": 29192, ""file_offset"": 24340, ""floor_field"": 2, ""entity_id_field"": 29512, ""group"": 0, ""room"": 6, ""unknown_a3"": 0, ""position"": [-1.433380126953125, -2.0, 19.284423828125], ""angles"": [0, -32768, 0], ""params"": [30.0, 1.0, 1.0, 100, 0, 0], ""unused_pointer"": 2158879360}"
vr-ep2/q230-bb-e,4,145,"{""base_type"": 34, ""set_flags"": 0, ""runtime_index"": 25608, ""file_offset"": 32228, ""floor_field"": 2, ""entity_id_field"": 4425, ""group"": 0, ""room"": 93, ""unknown_a3"": 0, ""position"": [-145.43661499023438, 1.862645149230957e-08, 17.95410919189453], ""angles"": [0, -16383, 0], ""params"": [21.0, 1.0, 1.0, 200, 0, 0], ""unused_pointer"": 4028818560}"
vr-ep2/q230-bb-e,5,29,"{""base_type"": 34, ""set_flags"": 0, ""runtime_index"": 23304, ""file_offset"": 37344, ""floor_field"": 4, ""entity_id_field"": 6985, ""group"": 0, ""room"": 12, ""unknown_a3"": 0, ""position"": [0.0, -5.0, 0.0], ""angles"": [0, 0, 0], ""params"": [2.0, 1.0, 1.0, 100, -1, 0], ""unused_pointer"": 818209408}"
vr-ep2/q230-bb-e,5,46,"{""base_type"": 34, ""set_flags"": 0, ""runtime_index"": 35336, ""file_offset"": 38500, ""floor_field"": 4, ""entity_id_field"": 37960, ""group"": 0, ""room"": 41, ""unknown_a3"": 0, ""position"": [0.0, -5.0, 170.0], ""angles"": [0, 0, 0], ""params"": [2.0, 1.0, 1.0, 107, -1, 0], ""unused_pointer"": 3773489792}"
vr-ep2/q230-bb-e,5,62,"{""base_type"": 34, ""set_flags"": 0, ""runtime_index"": 24584, ""file_offset"": 39588, ""floor_field"": 4, ""entity_id_field"": 15689, ""group"": 0, ""room"": 42, ""unknown_a3"": 0, ""position"": [0.0, -5.0, 0.0], ""angles"": [0, 0, 0], ""params"": [2.0, 1.0, 1.0, 104, -1, 0], ""unused_pointer"": 3490571136}"
vr-ep2/q230-bb-e,5,119,"{""base_type"": 34, ""set_flags"": 0, ""runtime_index"": 23816, ""file_offset"": 43464, ""floor_field"": 4, ""entity_id_field"": 30793, ""group"": 0, ""room"": 50, ""unknown_a3"": 0, ""position"": [0.0, -5.0, -135.0], ""angles"": [0, 0, 0], ""params"": [1.0, 1.0, 1.0, 102, -1, 0], ""unused_pointer"": 1356391296}"
vr-ep2/q230-bb-e,5,122,"{""base_type"": 34, ""set_flags"": 0, ""runtime_index"": 24328, ""file_offset"": 43668, ""floor_field"": 4, ""entity_id_field"": 31561, ""group"": 0, ""room"": 52, ""unknown_a3"": 0, ""position"": [0.0, -5.0, 0.0], ""angles"": [0, 0, 0], ""params"": [2.0, 1.0, 1.0, 101, -1, 0], ""unused_pointer"": 4040876928}"
vr-ep2/q231-bb-e,1,52,"{""base_type"": 34, ""set_flags"": 0, ""runtime_index"": 39943, ""file_offset"": 6560, ""floor_field"": 1, ""entity_id_field"": 18620, ""group"": 0, ""room"": 40, ""unknown_a3"": 0, ""position"": [-132.0, 1.0, 92.0], ""angles"": [0, 0, 0], ""params"": [-4.0, 1.0, 1.0, 100, -1, 0], ""unused_pointer"": 77530512}"
vr-ep2/q231-bb-e,9,29,"{""base_type"": 34, ""set_flags"": 2, ""runtime_index"": 87, ""file_offset"": 17268, ""floor_field"": 9, ""entity_id_field"": 18898, ""group"": 0, ""room"": 1, ""unknown_a3"": 0, ""position"": [0.0, 9.999999046325684, 0.0], ""angles"": [0, 0, 0], ""params"": [40.0, 1.0, 1.0, 1, 0, 0], ""unused_pointer"": 77511600}"
vr-ep2/q231-bb-e,9,100,"{""base_type"": 34, ""set_flags"": 0, ""runtime_index"": 158, ""file_offset"": 22096, ""floor_field"": 9, ""entity_id_field"": 18969, ""group"": 1, ""room"": 11, ""unknown_a3"": 0, ""position"": [0.0, 15.0, 0.0], ""angles"": [0, 0, 0], ""params"": [250.0, 1.0, 1.0, 100, 0, 0], ""unused_pointer"": 77569120}"
vr-ep2/q231-bb-e,11,62,"{""base_type"": 34, ""set_flags"": 0, ""runtime_index"": 26119, ""file_offset"": 27892, ""floor_field"": 11, ""entity_id_field"": 41543, ""group"": 0, ""room"": 50, ""unknown_a3"": 0, ""position"": [6.103515625e-05, 0.0, 112.0], ""angles"": [0, -32768, 0], ""params"": [8.0, 1.0, 1.0, 100, -1, 0], ""unused_pointer"": 4035702656}"
vr-ep2/q231-bb-e,11,78,"{""base_type"": 34, ""set_flags"": 0, ""runtime_index"": 27143, ""file_offset"": 28980, ""floor_field"": 11, ""entity_id_field"": 9289, ""group"": 0, ""room"": 95, ""unknown_a3"": 0, ""position"": [0.0, 0.0, 352.0], ""angles"": [0, 0, 0], ""params"": [8.0, 1.0, 1.0, 101, -1, 0], ""unused_pointer"": 1621290880}"
vr-ep2/q231-bb-e,17,33,"{""base_type"": 34, ""set_flags"": 0, ""runtime_index"": 24328, ""file_offset"": 39192, ""floor_field"": 17, ""entity_id_field"": 18586, ""group"": 0, ""room"": 2, ""unknown_a3"": 0, ""position"": [-80.0, -1.0, -385.0], ""angles"": [0, 0, 0], ""params"": [5.0, 1.0, 1.0, 2, 0, 0], ""unused_pointer"": 77520688}"
vr-ep2/q231-bb-e,17,44,"{""base_type"": 34, ""set_flags"": 512, ""runtime_index"": 35592, ""file_offset"": 39940, ""floor_field"": 17, ""entity_id_field"": 18601, ""group"": 0, ""room"": 3, ""unknown_a3"": 0, ""position"": [-80.0, 0.0, -385.0], ""angles"": [0, 0, 0], ""params"": [5.0, 1.0, 1.0, 5, 0, 0], ""unused_pointer"": 77526992}"
vr-ep2/q231-bb-e,17,70,"{""base_type"": 34, ""set_flags"": 512, ""runtime_index"": 29696, ""file_offset"": 41708, ""floor_field"": 17, ""entity_id_field"": 18634, ""group"": 0, ""room"": 4, ""unknown_a3"": 0, ""position"": [-80.0, -1.0, -385.0], ""angles"": [0, 0, 0], ""params"": [5.0, 1.0, 1.0, 6, 0, 0], ""unused_pointer"": 77544448}"
vr-ep2/q231-bb-e,17,95,"{""base_type"": 34, ""set_flags"": 512, ""runtime_index"": 48904, ""file_offset"": 43408, ""floor_field"": 17, ""entity_id_field"": 18663, ""group"": 0, ""room"": 5, ""unknown_a3"": 0, ""position"": [-80.0, -1.0, -385.0], ""angles"": [0, 0, 0], ""params"": [5.0, 1.0, 1.0, 8, 0, 0], ""unused_pointer"": 77555680}"
vr-ep2/q231-bb-e,17,104,"{""base_type"": 34, ""set_flags"": 0, ""runtime_index"": 24840, ""file_offset"": 44020, ""floor_field"": 17, ""entity_id_field"": 18676, ""group"": 0, ""room"": 10, ""unknown_a3"": 0, ""position"": [-80.0, 0.0, -385.0], ""angles"": [0, 0, 0], ""params"": [5.0, 1.0, 1.0, 4, 0, 0], ""unused_pointer"": 77559200}"
vr-ep2/q231-bb-e,17,117,"{""base_type"": 34, ""set_flags"": 0, ""runtime_index"": 24584, ""file_offset"": 44904, ""floor_field"": 17, ""entity_id_field"": 18695, ""group"": 0, ""room"": 20, ""unknown_a3"": 0, ""position"": [-80.0, 0.0, -385.0], ""angles"": [0, 0, 0], ""params"": [5.0, 1.0, 1.0, 3, 0, 0], ""unused_pointer"": 77566528}"
vr-ep2/q231-bb-e,17,134,"{""base_type"": 34, ""set_flags"": 512, ""runtime_index"": 48136, ""file_offset"": 46060, ""floor_field"": 17, ""entity_id_field"": 18716, ""group"": 0, ""room"": 21, ""unknown_a3"": 0, ""position"": [-80.0, -1.0, -385.0], ""angles"": [0, 0, 0], ""params"": [5.0, 1.0, 1.0, 7, 0, 0], ""unused_pointer"": 77575616}"
vr-ep2/q231-bb-e,17,143,"{""base_type"": 34, ""set_flags"": 512, ""runtime_index"": 49928, ""file_offset"": 46672, ""floor_field"": 17, ""entity_id_field"": 18729, ""group"": 0, ""room"": 22, ""unknown_a3"": 0, ""position"": [-80.0, -1.0, -385.0], ""angles"": [0, 0, 0], ""params"": [5.0, 1.0, 1.0, 9, 0, 0], ""unused_pointer"": 77580096}"
vr-ep2/q231-bb-j,1,52,"{""base_type"": 34, ""set_flags"": 0, ""runtime_index"": 39943, ""file_offset"": 6560, ""floor_field"": 1, ""entity_id_field"": 18620, ""group"": 0, ""room"": 40, ""unknown_a3"": 0, ""position"": [-132.0, 1.0, 92.0], ""angles"": [0, 0, 0], ""params"": [-4.0, 1.0, 1.0, 100, -1, 0], ""unused_pointer"": 77530512}"
vr-ep2/q231-bb-j,9,29,"{""base_type"": 34, ""set_flags"": 2, ""runtime_index"": 87, ""file_offset"": 17268, ""floor_field"": 9, ""entity_id_field"": 18898, ""group"": 0, ""room"": 1, ""unknown_a3"": 0, ""position"": [0.0, 9.999999046325684, 0.0], ""angles"": [0, 0, 0], ""params"": [40.0, 1.0, 1.0, 1, 0, 0], ""unused_pointer"": 77511600}"
vr-ep2/q231-bb-j,9,100,"{""base_type"": 34, ""set_flags"": 0, ""runtime_index"": 158, ""file_offset"": 22096, ""floor_field"": 9, ""entity_id_field"": 18969, ""group"": 1, ""room"": 11, ""unknown_a3"": 0, ""position"": [0.0, 15.0, 0.0], ""angles"": [0, 0, 0], ""params"": [250.0, 1.0, 1.0, 100, 0, 0], ""unused_pointer"": 77569120}"
vr-ep2/q231-bb-j,11,62,"{""base_type"": 34, ""set_flags"": 0, ""runtime_index"": 26119, ""file_offset"": 27892, ""floor_field"": 11, ""entity_id_field"": 41543, ""group"": 0, ""room"": 50, ""unknown_a3"": 0, ""position"": [6.103515625e-05, 0.0, 112.0], ""angles"": [0, -32768, 0], ""params"": [8.0, 1.0, 1.0, 100, -1, 0], ""unused_pointer"": 4035702656}"
vr-ep2/q231-bb-j,11,78,"{""base_type"": 34, ""set_flags"": 0, ""runtime_index"": 27143, ""file_offset"": 28980, ""floor_field"": 11, ""entity_id_field"": 9289, ""group"": 0, ""room"": 95, ""unknown_a3"": 0, ""position"": [0.0, 0.0, 352.0], ""angles"": [0, 0, 0], ""params"": [8.0, 1.0, 1.0, 101, -1, 0], ""unused_pointer"": 1621290880}"
vr-ep2/q231-bb-j,17,33,"{""base_type"": 34, ""set_flags"": 0, ""runtime_index"": 24328, ""file_offset"": 39192, ""floor_field"": 17, ""entity_id_field"": 18586, ""group"": 0, ""room"": 2, ""unknown_a3"": 0, ""position"": [-80.0, -1.0, -385.0], ""angles"": [0, 0, 0], ""params"": [5.0, 1.0, 1.0, 2, 0, 0], ""unused_pointer"": 77520688}"
vr-ep2/q231-bb-j,17,44,"{""base_type"": 34, ""set_flags"": 512, ""runtime_index"": 35592, ""file_offset"": 39940, ""floor_field"": 17, ""entity_id_field"": 18601, ""group"": 0, ""room"": 3, ""unknown_a3"": 0, ""position"": [-80.0, 0.0, -385.0], ""angles"": [0, 0, 0], ""params"": [5.0, 1.0, 1.0, 5, 0, 0], ""unused_pointer"": 77526992}"
vr-ep2/q231-bb-j,17,70,"{""base_type"": 34, ""set_flags"": 512, ""runtime_index"": 29696, ""file_offset"": 41708, ""floor_field"": 17, ""entity_id_field"": 18634, ""group"": 0, ""room"": 4, ""unknown_a3"": 0, ""position"": [-80.0, -1.0, -385.0], ""angles"": [0, 0, 0], ""params"": [5.0, 1.0, 1.0, 6, 0, 0], ""unused_pointer"": 77544448}"
vr-ep2/q231-bb-j,17,95,"{""base_type"": 34, ""set_flags"": 512, ""runtime_index"": 48904, ""file_offset"": 43408, ""floor_field"": 17, ""entity_id_field"": 18663, ""group"": 0, ""room"": 5, ""unknown_a3"": 0, ""position"": [-80.0, -1.0, -385.0], ""angles"": [0, 0, 0], ""params"": [5.0, 1.0, 1.0, 8, 0, 0], ""unused_pointer"": 77555680}"
vr-ep2/q231-bb-j,17,104,"{""base_type"": 34, ""set_flags"": 0, ""runtime_index"": 24840, ""file_offset"": 44020, ""floor_field"": 17, ""entity_id_field"": 18676, ""group"": 0, ""room"": 10, ""unknown_a3"": 0, ""position"": [-80.0, 0.0, -385.0], ""angles"": [0, 0, 0], ""params"": [5.0, 1.0, 1.0, 4, 0, 0], ""unused_pointer"": 77559200}"
vr-ep2/q231-bb-j,17,117,"{""base_type"": 34, ""set_flags"": 0, ""runtime_index"": 24584, ""file_offset"": 44904, ""floor_field"": 17, ""entity_id_field"": 18695, ""group"": 0, ""room"": 20, ""unknown_a3"": 0, ""position"": [-80.0, 0.0, -385.0], ""angles"": [0, 0, 0], ""params"": [5.0, 1.0, 1.0, 3, 0, 0], ""unused_pointer"": 77566528}"
vr-ep2/q231-bb-j,17,134,"{""base_type"": 34, ""set_flags"": 512, ""runtime_index"": 48136, ""file_offset"": 46060, ""floor_field"": 17, ""entity_id_field"": 18716, ""group"": 0, ""room"": 21, ""unknown_a3"": 0, ""position"": [-80.0, -1.0, -385.0], ""angles"": [0, 0, 0], ""params"": [5.0, 1.0, 1.0, 7, 0, 0], ""unused_pointer"": 77575616}"
vr-ep2/q231-bb-j,17,143,"{""base_type"": 34, ""set_flags"": 512, ""runtime_index"": 49928, ""file_offset"": 46672, ""floor_field"": 17, ""entity_id_field"": 18729, ""group"": 0, ""room"": 22, ""unknown_a3"": 0, ""position"": [-80.0, -1.0, -385.0], ""angles"": [0, 0, 0], ""params"": [5.0, 1.0, 1.0, 9, 0, 0], ""unused_pointer"": 77580096}"
