quest,floor,index,full_DAT_fields
battle/b88008-bb-e,16,191,"{""base_type"": 37, ""set_flags"": 0, ""runtime_index"": 2065, ""file_offset"": 13004, ""floor_field"": 16, ""entity_id_field"": 18713, ""group"": 0, ""room"": 52, ""unknown_a3"": 0, ""position"": [0.0, 70.00004577636719, 0.0], ""angles"": [0, 0, 7000], ""params"": [1.0, 1.0, 1.0, 125, 0, 0], ""unused_pointer"": 2365264480}"
battle/b88008-bb-e,16,192,"{""base_type"": 37, ""set_flags"": 0, ""runtime_index"": 2062, ""file_offset"": 13072, ""floor_field"": 16, ""entity_id_field"": 18714, ""group"": 0, ""room"": 52, ""unknown_a3"": 0, ""position"": [0.0, 50.000030517578125, 7.62939453125e-06], ""angles"": [1, 0, 1500], ""params"": [1.0, 1.0, 1.0, 6619236, 6750208, 8257536], ""unused_pointer"": 2365302880}"
battle/b88008-bb-e,16,193,"{""base_type"": 37, ""set_flags"": 0, ""runtime_index"": 2063, ""file_offset"": 13140, ""floor_field"": 16, ""entity_id_field"": 18715, ""group"": 0, ""room"": 52, ""unknown_a3"": 0, ""position"": [-10.0, 70.00004577636719, 0.0], ""angles"": [1, 0, 1], ""params"": [1.0, 1.0, 1.0, 8192126, 8192000, 8192000], ""unused_pointer"": 2365303072}"
battle/b88008-bb-e,16,212,"{""base_type"": 37, ""set_flags"": 0, ""runtime_index"": 1962, ""file_offset"": 14432, ""floor_field"": 16, ""entity_id_field"": 18734, ""group"": 0, ""room"": 52, ""unknown_a3"": 0, ""position"": [-10.0, 50.000030517578125, 0.0009613037109375], ""angles"": [1, 1, 300], ""params"": [1.0, 1.0, 1.0, 6684773, 6684672, 6684672], ""unused_pointer"": 2365310720}"
battle/b88008-bb-e,16,213,"{""base_type"": 37, ""set_flags"": 0, ""runtime_index"": 1964, ""file_offset"": 14500, ""floor_field"": 16, ""entity_id_field"": 18735, ""group"": 0, ""room"": 52, ""unknown_a3"": 0, ""position"": [10.0, 50.000030517578125, -0.00095367431640625], ""angles"": [1, 0, 1500], ""params"": [1.0, 1.0, 1.0, 6815847, 6946816, 6946816], ""unused_pointer"": 2365310912}"
battle/b88008-bb-e,16,214,"{""base_type"": 37, ""set_flags"": 0, ""runtime_index"": 1965, ""file_offset"": 14568, ""floor_field"": 16, ""entity_id_field"": 18736, ""group"": 0, ""room"": 52, ""unknown_a3"": 0, ""position"": [20.0, 50.000030517578125, -0.00191497802734375], ""angles"": [1, 1, 300], ""params"": [1.0, 1.0, 1.0, 6881384, 6881280, 6881280], ""unused_pointer"": 2365311104}"
battle/b88008-bb-e,16,215,"{""base_type"": 37, ""set_flags"": 0, ""runtime_index"": 1966, ""file_offset"": 14636, ""floor_field"": 16, ""entity_id_field"": 18737, ""group"": 0, ""room"": 52, ""unknown_a3"": 0, ""position"": [-20.0, 50.000030517578125, 0.001922607421875], ""angles"": [1, 0, 1500], ""params"": [1.0, 1.0, 1.0, 7012458, 7143424, 7143424], ""unused_pointer"": 2365311296}"
battle/b88008-bb-e,16,216,"{""base_type"": 37, ""set_flags"": 0, ""runtime_index"": 1967, ""file_offset"": 14704, ""floor_field"": 16, ""entity_id_field"": 18738, ""group"": 0, ""room"": 52, ""unknown_a3"": 0, ""position"": [-30.0, 50.000030517578125, 0.0028839111328125], ""angles"": [1, 1, 300], ""params"": [1.0, 1.0, 1.0, 7077995, 7077888, 7077888], ""unused_pointer"": 2365311488}"
battle/b88008-bb-e,16,217,"{""base_type"": 37, ""set_flags"": 0, ""runtime_index"": 1977, ""file_offset"": 14772, ""floor_field"": 16, ""entity_id_field"": 18739, ""group"": 0, ""room"": 52, ""unknown_a3"": 0, ""position"": [30.0, 50.000030517578125, -0.00286865234375], ""angles"": [1, 0, 1500], ""params"": [1.0, 1.0, 1.0, 7209069, 7340032, 7340032], ""unused_pointer"": 2365311680}"
battle/b88008-bb-e,16,218,"{""base_type"": 37, ""set_flags"": 0, ""runtime_index"": 1969, ""file_offset"": 14840, ""floor_field"": 16, ""entity_id_field"": 18740, ""group"": 0, ""room"": 52, ""unknown_a3"": 0, ""position"": [40.0, 50.000030517578125, -0.0038299560546875], ""angles"": [1, 1, 300], ""params"": [1.0, 1.0, 1.0, 7274606, 7274496, 7274496], ""unused_pointer"": 2365311872}"
battle/b88008-bb-e,16,227,"{""base_type"": 37, ""set_flags"": 0, ""runtime_index"": 1991, ""file_offset"": 15452, ""floor_field"": 16, ""entity_id_field"": 18749, ""group"": 0, ""room"": 52, ""unknown_a3"": 0, ""position"": [-40.0, 50.000030517578125, 0.00383758544921875], ""angles"": [1, 0, 1500], ""params"": [1.0, 1.0, 1.0, 7405680, 7536640, 7536640], ""unused_pointer"": 2365313600}"
battle/b88008-bb-e,16,228,"{""base_type"": 37, ""set_flags"": 0, ""runtime_index"": 1992, ""file_offset"": 15520, ""floor_field"": 16, ""entity_id_field"": 18750, ""group"": 0, ""room"": 52, ""unknown_a3"": 0, ""position"": [-50.0, 50.000030517578125, 0.00479888916015625], ""angles"": [1, 1, 300], ""params"": [1.0, 1.0, 1.0, 7471217, 7471104, 7471104], ""unused_pointer"": 2365313792}"
battle/b88008-bb-e,16,229,"{""base_type"": 37, ""set_flags"": 0, ""runtime_index"": 1993, ""file_offset"": 15588, ""floor_field"": 16, ""entity_id_field"": 18751, ""group"": 0, ""room"": 52, ""unknown_a3"": 0, ""position"": [50.0, 50.000030517578125, -0.004791259765625], ""angles"": [1, 0, 1500], ""params"": [1.0, 1.0, 1.0, 7602291, 7733248, 7733248], ""unused_pointer"": 2365313984}"
battle/b88008-bb-e,16,230,"{""base_type"": 37, ""set_flags"": 0, ""runtime_index"": 1994, ""file_offset"": 15656, ""floor_field"": 16, ""entity_id_field"": 18752, ""group"": 0, ""room"": 52, ""unknown_a3"": 0, ""position"": [60.0, 50.000030517578125, -0.00574493408203125], ""angles"": [1, 1, 300], ""params"": [1.0, 1.0, 1.0, 7667828, 7667712, 7667712], ""unused_pointer"": 2365314176}"
battle/b88008-bb-e,16,239,"{""base_type"": 37, ""set_flags"": 0, ""runtime_index"": 1989, ""file_offset"": 16268, ""floor_field"": 16, ""entity_id_field"": 18761, ""group"": 0, ""room"": 52, ""unknown_a3"": 0, ""position"": [10.0, 70.00004577636719, 0.0], ""angles"": [1, 0, 1], ""params"": [1.0, 1.0, 1.0, 6553727, 8257536, 8257536], ""unused_pointer"": 2365315904}"
battle/b88008-bb-e,16,240,"{""base_type"": 37, ""set_flags"": 0, ""runtime_index"": 1978, ""file_offset"": 16336, ""floor_field"": 16, ""entity_id_field"": 18762, ""group"": 0, ""room"": 52, ""unknown_a3"": 0, ""position"": [60.0, 50.000030517578125, -10.004806518554688], ""angles"": [1, 0, 1500], ""params"": [1.0, 1.0, 1.0, 7798902, 7929856, 7929856], ""unused_pointer"": 2365316096}"
battle/b88008-bb-e,16,241,"{""base_type"": 37, ""set_flags"": 0, ""runtime_index"": 1979, ""file_offset"": 16404, ""floor_field"": 16, ""entity_id_field"": 18763, ""group"": 0, ""room"": 52, ""unknown_a3"": 0, ""position"": [50.0, 50.000030517578125, -9.995750427246094], ""angles"": [1, 1, 300], ""params"": [1.0, 1.0, 1.0, 7864439, 7864320, 7864320], ""unused_pointer"": 2365316288}"
battle/b88008-bb-e,16,242,"{""base_type"": 37, ""set_flags"": 0, ""runtime_index"": 1980, ""file_offset"": 16472, ""floor_field"": 16, ""entity_id_field"": 18764, ""group"": 0, ""room"": 52, ""unknown_a3"": 0, ""position"": [40.0, 50.000030517578125, -10.004806518554688], ""angles"": [1, 0, 1500], ""params"": [1.0, 1.0, 1.0, 7995513, 8126464, 8126464], ""unused_pointer"": 2365316480}"
battle/b88008-bb-e,16,243,"{""base_type"": 37, ""set_flags"": 0, ""runtime_index"": 1981, ""file_offset"": 16540, ""floor_field"": 16, ""entity_id_field"": 18765, ""group"": 0, ""room"": 52, ""unknown_a3"": 0, ""position"": [30.0, 50.000030517578125, -9.995750427246094], ""angles"": [1, 1, 300], ""params"": [1.0, 1.0, 1.0, 8061050, 8060928, 8060928], ""unused_pointer"": 2365316672}"
battle/b88008-bb-e,16,252,"{""base_type"": 37, ""set_flags"": 0, ""runtime_index"": 1958, ""file_offset"": 17152, ""floor_field"": 16, ""entity_id_field"": 18774, ""group"": 0, ""room"": 52, ""unknown_a3"": 0, ""position"": [20.0, 50.000030517578125, -10.004806518554688], ""angles"": [1, 0, 1500], ""params"": [1.0, 1.0, 1.0, 8388732, 8519680, 8519680], ""unused_pointer"": 2365318400}"
battle/b88008-bb-e,16,253,"{""base_type"": 37, ""set_flags"": 0, ""runtime_index"": 1959, ""file_offset"": 17220, ""floor_field"": 16, ""entity_id_field"": 18775, ""group"": 0, ""room"": 52, ""unknown_a3"": 0, ""position"": [10.0, 50.000030517578125, -9.995750427246094], ""angles"": [1, 1, 300], ""params"": [1.0, 1.0, 1.0, 8454272, 8454144, 8454144], ""unused_pointer"": 2365318592}"
battle/b88008-bb-j,16,191,"{""base_type"": 37, ""set_flags"": 0, ""runtime_index"": 2065, ""file_offset"": 13004, ""floor_field"": 16, ""entity_id_field"": 18713, ""group"": 0, ""room"": 52, ""unknown_a3"": 0, ""position"": [0.0, 70.00004577636719, 0.0], ""angles"": [0, 0, 7000], ""params"": [1.0, 1.0, 1.0, 125, 0, 0], ""unused_pointer"": 2365264480}"
battle/b88008-bb-j,16,192,"{""base_type"": 37, ""set_flags"": 0, ""runtime_index"": 2062, ""file_offset"": 13072, ""floor_field"": 16, ""entity_id_field"": 18714, ""group"": 0, ""room"": 52, ""unknown_a3"": 0, ""position"": [0.0, 50.000030517578125, 7.62939453125e-06], ""angles"": [1, 0, 1500], ""params"": [1.0, 1.0, 1.0, 6619236, 6750208, 8257536], ""unused_pointer"": 2365302880}"
battle/b88008-bb-j,16,193,"{""base_type"": 37, ""set_flags"": 0, ""runtime_index"": 2063, ""file_offset"": 13140, ""floor_field"": 16, ""entity_id_field"": 18715, ""group"": 0, ""room"": 52, ""unknown_a3"": 0, ""position"": [-10.0, 70.00004577636719, 0.0], ""angles"": [1, 0, 1], ""params"": [1.0, 1.0, 1.0, 8192126, 8192000, 8192000], ""unused_pointer"": 2365303072}"
battle/b88008-bb-j,16,212,"{""base_type"": 37, ""set_flags"": 0, ""runtime_index"": 1962, ""file_offset"": 14432, ""floor_field"": 16, ""entity_id_field"": 18734, ""group"": 0, ""room"": 52, ""unknown_a3"": 0, ""position"": [-10.0, 50.000030517578125, 0.0009613037109375], ""angles"": [1, 1, 300], ""params"": [1.0, 1.0, 1.0, 6684773, 6684672, 6684672], ""unused_pointer"": 2365310720}"
battle/b88008-bb-j,16,213,"{""base_type"": 37, ""set_flags"": 0, ""runtime_index"": 1964, ""file_offset"": 14500, ""floor_field"": 16, ""entity_id_field"": 18735, ""group"": 0, ""room"": 52, ""unknown_a3"": 0, ""position"": [10.0, 50.000030517578125, -0.00095367431640625], ""angles"": [1, 0, 1500], ""params"": [1.0, 1.0, 1.0, 6815847, 6946816, 6946816], ""unused_pointer"": 2365310912}"
battle/b88008-bb-j,16,214,"{""base_type"": 37, ""set_flags"": 0, ""runtime_index"": 1965, ""file_offset"": 14568, ""floor_field"": 16, ""entity_id_field"": 18736, ""group"": 0, ""room"": 52, ""unknown_a3"": 0, ""position"": [20.0, 50.000030517578125, -0.00191497802734375], ""angles"": [1, 1, 300], ""params"": [1.0, 1.0, 1.0, 6881384, 6881280, 6881280], ""unused_pointer"": 2365311104}"
battle/b88008-bb-j,16,215,"{""base_type"": 37, ""set_flags"": 0, ""runtime_index"": 1966, ""file_offset"": 14636, ""floor_field"": 16, ""entity_id_field"": 18737, ""group"": 0, ""room"": 52, ""unknown_a3"": 0, ""position"": [-20.0, 50.000030517578125, 0.001922607421875], ""angles"": [1, 0, 1500], ""params"": [1.0, 1.0, 1.0, 7012458, 7143424, 7143424], ""unused_pointer"": 2365311296}"
battle/b88008-bb-j,16,216,"{""base_type"": 37, ""set_flags"": 0, ""runtime_index"": 1967, ""file_offset"": 14704, ""floor_field"": 16, ""entity_id_field"": 18738, ""group"": 0, ""room"": 52, ""unknown_a3"": 0, ""position"": [-30.0, 50.000030517578125, 0.0028839111328125], ""angles"": [1, 1, 300], ""params"": [1.0, 1.0, 1.0, 7077995, 7077888, 7077888], ""unused_pointer"": 2365311488}"
battle/b88008-bb-j,16,217,"{""base_type"": 37, ""set_flags"": 0, ""runtime_index"": 1977, ""file_offset"": 14772, ""floor_field"": 16, ""entity_id_field"": 18739, ""group"": 0, ""room"": 52, ""unknown_a3"": 0, ""position"": [30.0, 50.000030517578125, -0.00286865234375], ""angles"": [1, 0, 1500], ""params"": [1.0, 1.0, 1.0, 7209069, 7340032, 7340032], ""unused_pointer"": 2365311680}"
battle/b88008-bb-j,16,218,"{""base_type"": 37, ""set_flags"": 0, ""runtime_index"": 1969, ""file_offset"": 14840, ""floor_field"": 16, ""entity_id_field"": 18740, ""group"": 0, ""room"": 52, ""unknown_a3"": 0, ""position"": [40.0, 50.000030517578125, -0.0038299560546875], ""angles"": [1, 1, 300], ""params"": [1.0, 1.0, 1.0, 7274606, 7274496, 7274496], ""unused_pointer"": 2365311872}"
battle/b88008-bb-j,16,227,"{""base_type"": 37, ""set_flags"": 0, ""runtime_index"": 1991, ""file_offset"": 15452, ""floor_field"": 16, ""entity_id_field"": 18749, ""group"": 0, ""room"": 52, ""unknown_a3"": 0, ""position"": [-40.0, 50.000030517578125, 0.00383758544921875], ""angles"": [1, 0, 1500], ""params"": [1.0, 1.0, 1.0, 7405680, 7536640, 7536640], ""unused_pointer"": 2365313600}"
battle/b88008-bb-j,16,228,"{""base_type"": 37, ""set_flags"": 0, ""runtime_index"": 1992, ""file_offset"": 15520, ""floor_field"": 16, ""entity_id_field"": 18750, ""group"": 0, ""room"": 52, ""unknown_a3"": 0, ""position"": [-50.0, 50.000030517578125, 0.00479888916015625], ""angles"": [1, 1, 300], ""params"": [1.0, 1.0, 1.0, 7471217, 7471104, 7471104], ""unused_pointer"": 2365313792}"
battle/b88008-bb-j,16,229,"{""base_type"": 37, ""set_flags"": 0, ""runtime_index"": 1993, ""file_offset"": 15588, ""floor_field"": 16, ""entity_id_field"": 18751, ""group"": 0, ""room"": 52, ""unknown_a3"": 0, ""position"": [50.0, 50.000030517578125, -0.004791259765625], ""angles"": [1, 0, 1500], ""params"": [1.0, 1.0, 1.0, 7602291, 7733248, 7733248], ""unused_pointer"": 2365313984}"
battle/b88008-bb-j,16,230,"{""base_type"": 37, ""set_flags"": 0, ""runtime_index"": 1994, ""file_offset"": 15656, ""floor_field"": 16, ""entity_id_field"": 18752, ""group"": 0, ""room"": 52, ""unknown_a3"": 0, ""position"": [60.0, 50.000030517578125, -0.00574493408203125], ""angles"": [1, 1, 300], ""params"": [1.0, 1.0, 1.0, 7667828, 7667712, 7667712], ""unused_pointer"": 2365314176}"
battle/b88008-bb-j,16,239,"{""base_type"": 37, ""set_flags"": 0, ""runtime_index"": 1989, ""file_offset"": 16268, ""floor_field"": 16, ""entity_id_field"": 18761, ""group"": 0, ""room"": 52, ""unknown_a3"": 0, ""position"": [10.0, 70.00004577636719, 0.0], ""angles"": [1, 0, 1], ""params"": [1.0, 1.0, 1.0, 6553727, 8257536, 8257536], ""unused_pointer"": 2365315904}"
battle/b88008-bb-j,16,240,"{""base_type"": 37, ""set_flags"": 0, ""runtime_index"": 1978, ""file_offset"": 16336, ""floor_field"": 16, ""entity_id_field"": 18762, ""group"": 0, ""room"": 52, ""unknown_a3"": 0, ""position"": [60.0, 50.000030517578125, -10.004806518554688], ""angles"": [1, 0, 1500], ""params"": [1.0, 1.0, 1.0, 7798902, 7929856, 7929856], ""unused_pointer"": 2365316096}"
battle/b88008-bb-j,16,241,"{""base_type"": 37, ""set_flags"": 0, ""runtime_index"": 1979, ""file_offset"": 16404, ""floor_field"": 16, ""entity_id_field"": 18763, ""group"": 0, ""room"": 52, ""unknown_a3"": 0, ""position"": [50.0, 50.000030517578125, -9.995750427246094], ""angles"": [1, 1, 300], ""params"": [1.0, 1.0, 1.0, 7864439, 7864320, 7864320], ""unused_pointer"": 2365316288}"
battle/b88008-bb-j,16,242,"{""base_type"": 37, ""set_flags"": 0, ""runtime_index"": 1980, ""file_offset"": 16472, ""floor_field"": 16, ""entity_id_field"": 18764, ""group"": 0, ""room"": 52, ""unknown_a3"": 0, ""position"": [40.0, 50.000030517578125, -10.004806518554688], ""angles"": [1, 0, 1500], ""params"": [1.0, 1.0, 1.0, 7995513, 8126464, 8126464], ""unused_pointer"": 2365316480}"
battle/b88008-bb-j,16,243,"{""base_type"": 37, ""set_flags"": 0, ""runtime_index"": 1981, ""file_offset"": 16540, ""floor_field"": 16, ""entity_id_field"": 18765, ""group"": 0, ""room"": 52, ""unknown_a3"": 0, ""position"": [30.0, 50.000030517578125, -9.995750427246094], ""angles"": [1, 1, 300], ""params"": [1.0, 1.0, 1.0, 8061050, 8060928, 8060928], ""unused_pointer"": 2365316672}"
battle/b88008-bb-j,16,252,"{""base_type"": 37, ""set_flags"": 0, ""runtime_index"": 1958, ""file_offset"": 17152, ""floor_field"": 16, ""entity_id_field"": 18774, ""group"": 0, ""room"": 52, ""unknown_a3"": 0, ""position"": [20.0, 50.000030517578125, -10.004806518554688], ""angles"": [1, 0, 1500], ""params"": [1.0, 1.0, 1.0, 8388732, 8519680, 8519680], ""unused_pointer"": 2365318400}"
battle/b88008-bb-j,16,253,"{""base_type"": 37, ""set_flags"": 0, ""runtime_index"": 1959, ""file_offset"": 17220, ""floor_field"": 16, ""entity_id_field"": 18775, ""group"": 0, ""room"": 52, ""unknown_a3"": 0, ""position"": [10.0, 50.000030517578125, -9.995750427246094], ""angles"": [1, 1, 300], ""params"": [1.0, 1.0, 1.0, 8454272, 8454144, 8454144], ""unused_pointer"": 2365318592}"
challenge-ep1/c88101-bb-e,1,26,"{""base_type"": 37, ""set_flags"": 0, ""runtime_index"": 1953, ""file_offset"": 3228, ""floor_field"": 1, ""entity_id_field"": 18441, ""group"": 0, ""room"": 4, ""unknown_a3"": 0, ""position"": [-104.2713623046875, -45.07926559448242, 8.498931884765625], ""angles"": [1, 0, 15], ""params"": [1.0, 1.0, 1.0, 9895987, 9502720, 9502720], ""unused_pointer"": 2365143600}"
challenge-ep1/c88101-bb-e,1,108,"{""base_type"": 37, ""set_flags"": 0, ""runtime_index"": 1943, ""file_offset"": 8804, ""floor_field"": 1, ""entity_id_field"": 18366, ""group"": 0, ""room"": 16, ""unknown_a3"": 0, ""position"": [111.69500732421875, -43.23625183105469, 4.841278076171875], ""angles"": [1, 0, 15], ""params"": [1.0, 1.0, 1.0, 9961524, 9437184, 9437184], ""unused_pointer"": 2365142000}"
challenge-ep1/c88101-bb-e,2,127,"{""base_type"": 37, ""set_flags"": 0, ""runtime_index"": 1941, ""file_offset"": 18068, ""floor_field"": 2, ""entity_id_field"": 18376, ""group"": 0, ""room"": 15, ""unknown_a3"": 0, ""position"": [8.912246704101562, 61.45523452758789, 66.9573974609375], ""angles"": [0, 1, 100], ""params"": [1.0, 1.0, 1.0, 43, 0, 0], ""unused_pointer"": 2365148096}"
challenge-ep1/c88101-bb-j,1,26,"{""base_type"": 37, ""set_flags"": 0, ""runtime_index"": 1953, ""file_offset"": 3228, ""floor_field"": 1, ""entity_id_field"": 18441, ""group"": 0, ""room"": 4, ""unknown_a3"": 0, ""position"": [-104.2713623046875, -45.07926559448242, 8.498931884765625], ""angles"": [1, 0, 15], ""params"": [1.0, 1.0, 1.0, 9895987, 9502720, 9502720], ""unused_pointer"": 2365143600}"
challenge-ep1/c88101-bb-j,1,108,"{""base_type"": 37, ""set_flags"": 0, ""runtime_index"": 1943, ""file_offset"": 8804, ""floor_field"": 1, ""entity_id_field"": 18366, ""group"": 0, ""room"": 16, ""unknown_a3"": 0, ""position"": [111.69500732421875, -43.23625183105469, 4.841278076171875], ""angles"": [1, 0, 15], ""params"": [1.0, 1.0, 1.0, 9961524, 9437184, 9437184], ""unused_pointer"": 2365142000}"
challenge-ep1/c88101-bb-j,2,127,"{""base_type"": 37, ""set_flags"": 0, ""runtime_index"": 1941, ""file_offset"": 18068, ""floor_field"": 2, ""entity_id_field"": 18376, ""group"": 0, ""room"": 15, ""unknown_a3"": 0, ""position"": [8.912246704101562, 61.45523452758789, 66.9573974609375], ""angles"": [0, 1, 100], ""params"": [1.0, 1.0, 1.0, 43, 0, 0], ""unused_pointer"": 2365148096}"
challenge-ep1/c88102-bb-e,3,138,"{""base_type"": 37, ""set_flags"": 2, ""runtime_index"": 445, ""file_offset"": 10844, ""floor_field"": 3, ""entity_id_field"": 16829, ""group"": 0, ""room"": 50, ""unknown_a3"": 0, ""position"": [-41.026451110839844, 17.00605583190918, 248.04750061035156], ""angles"": [0, -16382, 750], ""params"": [10.000004768371582, 1.0, 1.0, 60, 0, 0], ""unused_pointer"": 2365306096}"
challenge-ep1/c88102-bb-e,6,102,"{""base_type"": 37, ""set_flags"": 0, ""runtime_index"": 1886, ""file_offset"": 33808, ""floor_field"": 3, ""entity_id_field"": 18492, ""group"": 0, ""room"": 12, ""unknown_a3"": 0, ""position"": [38.72645568847656, -60.00002670288086, 103.3779296875], ""angles"": [1, 0, 15], ""params"": [1.0, 1.0, 1.0, 7274557, 9437184, 9437184], ""unused_pointer"": 2365236304}"
challenge-ep1/c88102-bb-e,7,152,"{""base_type"": 37, ""set_flags"": 0, ""runtime_index"": 2109, ""file_offset"": 44500, ""floor_field"": 3, ""entity_id_field"": 18602, ""group"": 0, ""room"": 20, ""unknown_a3"": 0, ""position"": [25.497802734375, 18.168434143066406, -149.322265625], ""angles"": [-1, 0, 15], ""params"": [1.0, 1.0, 1.0, 10027160, 0, 0], ""unused_pointer"": 2365240464}"
challenge-ep1/c88102-bb-j,3,138,"{""base_type"": 37, ""set_flags"": 2, ""runtime_index"": 445, ""file_offset"": 10844, ""floor_field"": 3, ""entity_id_field"": 16829, ""group"": 0, ""room"": 50, ""unknown_a3"": 0, ""position"": [-41.026451110839844, 17.00605583190918, 248.04750061035156], ""angles"": [0, -16382, 750], ""params"": [10.000004768371582, 1.0, 1.0, 60, 0, 0], ""unused_pointer"": 2365306096}"
challenge-ep1/c88102-bb-j,6,102,"{""base_type"": 37, ""set_flags"": 0, ""runtime_index"": 1886, ""file_offset"": 33808, ""floor_field"": 3, ""entity_id_field"": 18492, ""group"": 0, ""room"": 12, ""unknown_a3"": 0, ""position"": [38.72645568847656, -60.00002670288086, 103.3779296875], ""angles"": [1, 0, 15], ""params"": [1.0, 1.0, 1.0, 7274557, 9437184, 9437184], ""unused_pointer"": 2365236304}"
challenge-ep1/c88102-bb-j,7,152,"{""base_type"": 37, ""set_flags"": 0, ""runtime_index"": 2109, ""file_offset"": 44500, ""floor_field"": 3, ""entity_id_field"": 18602, ""group"": 0, ""room"": 20, ""unknown_a3"": 0, ""position"": [25.497802734375, 18.168434143066406, -149.322265625], ""angles"": [-1, 0, 15], ""params"": [1.0, 1.0, 1.0, 10027160, 0, 0], ""unused_pointer"": 2365240464}"
challenge-ep1/c88103-bb-e,7,71,"{""base_type"": 37, ""set_flags"": 0, ""runtime_index"": 1637, ""file_offset"": 41220, ""floor_field"": 4, ""entity_id_field"": 18364, ""group"": 0, ""room"": 21, ""unknown_a3"": 0, ""position"": [100.0, 5.000000953674316, 150.0], ""angles"": [0, -16383, 450], ""params"": [1.0, 1.0, 1.0, 51, 0, 0], ""unused_pointer"": 2365108480}"
challenge-ep1/c88103-bb-j,7,71,"{""base_type"": 37, ""set_flags"": 0, ""runtime_index"": 1637, ""file_offset"": 41220, ""floor_field"": 4, ""entity_id_field"": 18364, ""group"": 0, ""room"": 21, ""unknown_a3"": 0, ""position"": [100.0, 5.000000953674316, 150.0], ""angles"": [0, -16383, 450], ""params"": [1.0, 1.0, 1.0, 51, 0, 0], ""unused_pointer"": 2365108480}"
challenge-ep1/c88104-bb-e,5,142,"{""base_type"": 37, ""set_flags"": 0, ""runtime_index"": 1970, ""file_offset"": 11116, ""floor_field"": 5, ""entity_id_field"": 18558, ""group"": 0, ""room"": 51, ""unknown_a3"": 0, ""position"": [0.0, 30.000015258789062, 147.0], ""angles"": [1, -32768, 30], ""params"": [1.0, 1.0, 1.0, 13566083, 13565952, 13565952], ""unused_pointer"": 2365127632}"
challenge-ep1/c88104-bb-e,5,194,"{""base_type"": 37, ""set_flags"": 0, ""runtime_index"": 1969, ""file_offset"": 14652, ""floor_field"": 5, ""entity_id_field"": 19076, ""group"": 0, ""room"": 71, ""unknown_a3"": 0, ""position"": [0.014404296875, 30.000015258789062, 169.99960327148438], ""angles"": [1, -16383, 30], ""params"": [1.0, 1.0, 1.0, 13631694, 13631488, 13631488], ""unused_pointer"": 2365300400}"
challenge-ep1/c88104-bb-e,6,23,"{""base_type"": 37, ""set_flags"": 0, ""runtime_index"": 1813, ""file_offset"": 16300, ""floor_field"": 5, ""entity_id_field"": 18677, ""group"": 0, ""room"": 20, ""unknown_a3"": 0, ""position"": [50.17987060546875, 47.0036735534668, -58.46746063232422], ""angles"": [1, -49152, 10], ""params"": [1.0, 1.0, 1.0, 1179665, 0, 0], ""unused_pointer"": 2365140080}"
challenge-ep1/c88104-bb-e,6,44,"{""base_type"": 37, ""set_flags"": 0, ""runtime_index"": 1514, ""file_offset"": 17728, ""floor_field"": 5, ""entity_id_field"": 18424, ""group"": 0, ""room"": 40, ""unknown_a3"": 0, ""position"": [-101.43057250976562, 29.031078338623047, 49.61181640625], ""angles"": [1, -32768, 30], ""params"": [1.0, 1.0, 1.0, 2621479, 0, 0], ""unused_pointer"": 2365142912}"
challenge-ep1/c88104-bb-e,7,10,"{""base_type"": 37, ""set_flags"": 0, ""runtime_index"": 1827, ""file_offset"": 19104, ""floor_field"": 5, ""entity_id_field"": 18970, ""group"": 0, ""room"": 2, ""unknown_a3"": 0, ""position"": [0.0, 30.000015258789062, 20.0], ""angles"": [0, -32767, 730], ""params"": [1.0, 1.0, 1.0, 131, 0, 0], ""unused_pointer"": 2365119856}"
challenge-ep1/c88104-bb-e,7,43,"{""base_type"": 37, ""set_flags"": 0, ""runtime_index"": 1949, ""file_offset"": 21348, ""floor_field"": 5, ""entity_id_field"": 18610, ""group"": 0, ""room"": 13, ""unknown_a3"": 0, ""position"": [0.0, 30.000015258789062, 20.0], ""angles"": [0, -49151, 480], ""params"": [1.0, 1.0, 1.0, 202, 0, 0], ""unused_pointer"": 2365139392}"
challenge-ep1/c88104-bb-e,8,16,"{""base_type"": 37, ""set_flags"": 2, ""runtime_index"": 625, ""file_offset"": 32312, ""floor_field"": 5, ""entity_id_field"": 17009, ""group"": 0, ""room"": 12, ""unknown_a3"": 0, ""position"": [0.0, 40.00001907348633, 0.0], ""angles"": [0, -32767, 350], ""params"": [1.0, 1.0, 1.0, 40, 0, 0], ""unused_pointer"": 2365218480}"
challenge-ep1/c88104-bb-j,5,142,"{""base_type"": 37, ""set_flags"": 0, ""runtime_index"": 1970, ""file_offset"": 11116, ""floor_field"": 5, ""entity_id_field"": 18558, ""group"": 0, ""room"": 51, ""unknown_a3"": 0, ""position"": [0.0, 30.000015258789062, 147.0], ""angles"": [1, -32768, 30], ""params"": [1.0, 1.0, 1.0, 13566083, 13565952, 13565952], ""unused_pointer"": 2365127632}"
challenge-ep1/c88104-bb-j,5,194,"{""base_type"": 37, ""set_flags"": 0, ""runtime_index"": 1969, ""file_offset"": 14652, ""floor_field"": 5, ""entity_id_field"": 19076, ""group"": 0, ""room"": 71, ""unknown_a3"": 0, ""position"": [0.014404296875, 30.000015258789062, 169.99960327148438], ""angles"": [1, -16383, 30], ""params"": [1.0, 1.0, 1.0, 13631694, 13631488, 13631488], ""unused_pointer"": 2365300400}"
challenge-ep1/c88104-bb-j,6,23,"{""base_type"": 37, ""set_flags"": 0, ""runtime_index"": 1813, ""file_offset"": 16300, ""floor_field"": 5, ""entity_id_field"": 18677, ""group"": 0, ""room"": 20, ""unknown_a3"": 0, ""position"": [50.17987060546875, 47.0036735534668, -58.46746063232422], ""angles"": [1, -49152, 10], ""params"": [1.0, 1.0, 1.0, 1179665, 0, 0], ""unused_pointer"": 2365140080}"
challenge-ep1/c88104-bb-j,6,44,"{""base_type"": 37, ""set_flags"": 0, ""runtime_index"": 1514, ""file_offset"": 17728, ""floor_field"": 5, ""entity_id_field"": 18424, ""group"": 0, ""room"": 40, ""unknown_a3"": 0, ""position"": [-101.43057250976562, 29.031078338623047, 49.61181640625], ""angles"": [1, -32768, 30], ""params"": [1.0, 1.0, 1.0, 2621479, 0, 0], ""unused_pointer"": 2365142912}"
challenge-ep1/c88104-bb-j,7,10,"{""base_type"": 37, ""set_flags"": 0, ""runtime_index"": 1827, ""file_offset"": 19104, ""floor_field"": 5, ""entity_id_field"": 18970, ""group"": 0, ""room"": 2, ""unknown_a3"": 0, ""position"": [0.0, 30.000015258789062, 20.0], ""angles"": [0, -32767, 730], ""params"": [1.0, 1.0, 1.0, 131, 0, 0], ""unused_pointer"": 2365119856}"
challenge-ep1/c88104-bb-j,7,43,"{""base_type"": 37, ""set_flags"": 0, ""runtime_index"": 1949, ""file_offset"": 21348, ""floor_field"": 5, ""entity_id_field"": 18610, ""group"": 0, ""room"": 13, ""unknown_a3"": 0, ""position"": [0.0, 30.000015258789062, 20.0], ""angles"": [0, -49151, 480], ""params"": [1.0, 1.0, 1.0, 202, 0, 0], ""unused_pointer"": 2365139392}"
challenge-ep1/c88104-bb-j,8,16,"{""base_type"": 37, ""set_flags"": 2, ""runtime_index"": 625, ""file_offset"": 32312, ""floor_field"": 5, ""entity_id_field"": 17009, ""group"": 0, ""room"": 12, ""unknown_a3"": 0, ""position"": [0.0, 40.00001907348633, 0.0], ""angles"": [0, -32767, 350], ""params"": [1.0, 1.0, 1.0, 40, 0, 0], ""unused_pointer"": 2365218480}"
challenge-ep1/c88105-bb-e,8,108,"{""base_type"": 37, ""set_flags"": 0, ""runtime_index"": 1974, ""file_offset"": 25156, ""floor_field"": 6, ""entity_id_field"": 18561, ""group"": 0, ""room"": 52, ""unknown_a3"": 0, ""position"": [50.0, 30.000015258789062, 70.0], ""angles"": [1, 0, 30], ""params"": [1.0, 1.0, 1.0, 13172937, 13238272, 13303808], ""unused_pointer"": 2365129392}"
challenge-ep1/c88105-bb-e,8,109,"{""base_type"": 37, ""set_flags"": 0, ""runtime_index"": 1972, ""file_offset"": 25224, ""floor_field"": 6, ""entity_id_field"": 18562, ""group"": 0, ""room"": 52, ""unknown_a3"": 0, ""position"": [50.0, 30.000015258789062, 170.0], ""angles"": [1, 0, 30], ""params"": [1.0, 1.0, 1.0, 13172938, 13238272, 13303808], ""unused_pointer"": 2365130928}"
challenge-ep1/c88105-bb-e,8,110,"{""base_type"": 37, ""set_flags"": 0, ""runtime_index"": 1973, ""file_offset"": 25292, ""floor_field"": 6, ""entity_id_field"": 18563, ""group"": 0, ""room"": 52, ""unknown_a3"": 0, ""position"": [-50.0, 30.000015258789062, 70.0], ""angles"": [1, 0, 30], ""params"": [1.0, 1.0, 1.0, 13172939, 13238272, 13303808], ""unused_pointer"": 2365131184}"
challenge-ep1/c88105-bb-e,10,125,"{""base_type"": 37, ""set_flags"": 2, ""runtime_index"": 936, ""file_offset"": 41644, ""floor_field"": 6, ""entity_id_field"": 17320, ""group"": 0, ""room"": 70, ""unknown_a3"": 0, ""position"": [109.989501953125, 40.00001907348633, -110.01046752929688], ""angles"": [0, -16382, 600], ""params"": [1.0, 1.0, 1.0, 204, 0, 0], ""unused_pointer"": 2365248240}"
challenge-ep1/c88105-bb-j,8,108,"{""base_type"": 37, ""set_flags"": 0, ""runtime_index"": 1974, ""file_offset"": 25156, ""floor_field"": 6, ""entity_id_field"": 18561, ""group"": 0, ""room"": 52, ""unknown_a3"": 0, ""position"": [50.0, 30.000015258789062, 70.0], ""angles"": [1, 0, 30], ""params"": [1.0, 1.0, 1.0, 13172937, 13238272, 13303808], ""unused_pointer"": 2365129392}"
challenge-ep1/c88105-bb-j,8,109,"{""base_type"": 37, ""set_flags"": 0, ""runtime_index"": 1972, ""file_offset"": 25224, ""floor_field"": 6, ""entity_id_field"": 18562, ""group"": 0, ""room"": 52, ""unknown_a3"": 0, ""position"": [50.0, 30.000015258789062, 170.0], ""angles"": [1, 0, 30], ""params"": [1.0, 1.0, 1.0, 13172938, 13238272, 13303808], ""unused_pointer"": 2365130928}"
challenge-ep1/c88105-bb-j,8,110,"{""base_type"": 37, ""set_flags"": 0, ""runtime_index"": 1973, ""file_offset"": 25292, ""floor_field"": 6, ""entity_id_field"": 18563, ""group"": 0, ""room"": 52, ""unknown_a3"": 0, ""position"": [-50.0, 30.000015258789062, 70.0], ""angles"": [1, 0, 30], ""params"": [1.0, 1.0, 1.0, 13172939, 13238272, 13303808], ""unused_pointer"": 2365131184}"
challenge-ep1/c88105-bb-j,10,125,"{""base_type"": 37, ""set_flags"": 2, ""runtime_index"": 936, ""file_offset"": 41644, ""floor_field"": 6, ""entity_id_field"": 17320, ""group"": 0, ""room"": 70, ""unknown_a3"": 0, ""position"": [109.989501953125, 40.00001907348633, -110.01046752929688], ""angles"": [0, -16382, 600], ""params"": [1.0, 1.0, 1.0, 204, 0, 0], ""unused_pointer"": 2365248240}"
challenge-ep1/c88106-bb-e,9,77,"{""base_type"": 37, ""set_flags"": 0, ""runtime_index"": 2004, ""file_offset"": 21688, ""floor_field"": 7, ""entity_id_field"": 19296, ""group"": 0, ""room"": 22, ""unknown_a3"": 0, ""position"": [-80.00003814697266, 40.00001907348633, 80.0], ""angles"": [1, 0, 60], ""params"": [1.0, 1.0, 1.0, 13566158, 13565952, 13565952], ""unused_pointer"": 2365119824}"
challenge-ep1/c88106-bb-e,10,98,"{""base_type"": 37, ""set_flags"": 0, ""runtime_index"": 1925, ""file_offset"": 33808, ""floor_field"": 7, ""entity_id_field"": 19292, ""group"": 0, ""room"": 61, ""unknown_a3"": 0, ""position"": [0.0, -30.000015258789062, 30.000022888183594], ""angles"": [1, 0, 15], ""params"": [1.0, 1.0, 1.0, 3342386, 0, 0], ""unused_pointer"": 2365146048}"
challenge-ep1/c88106-bb-e,10,99,"{""base_type"": 37, ""set_flags"": 0, ""runtime_index"": 1926, ""file_offset"": 33876, ""floor_field"": 7, ""entity_id_field"": 19293, ""group"": 0, ""room"": 61, ""unknown_a3"": 0, ""position"": [0.0, -30.000015258789062, 50.000038146972656], ""angles"": [1, 0, 15], ""params"": [1.0, 1.0, 1.0, 3407923, 0, 0], ""unused_pointer"": 2365147648}"
challenge-ep1/c88106-bb-e,11,168,"{""base_type"": 37, ""set_flags"": 0, ""runtime_index"": 1957, ""file_offset"": 45860, ""floor_field"": 7, ""entity_id_field"": 18398, ""group"": 0, ""room"": 90, ""unknown_a3"": 0, ""position"": [15.0, 45.0000114440918, 80.0], ""angles"": [0, 1, 1200], ""params"": [1.0, 1.0, 1.0, 201, 0, 0], ""unused_pointer"": 2365117504}"
challenge-ep1/c88106-bb-j,9,77,"{""base_type"": 37, ""set_flags"": 0, ""runtime_index"": 2004, ""file_offset"": 21688, ""floor_field"": 7, ""entity_id_field"": 19296, ""group"": 0, ""room"": 22, ""unknown_a3"": 0, ""position"": [-80.00003814697266, 40.00001907348633, 80.0], ""angles"": [1, 0, 60], ""params"": [1.0, 1.0, 1.0, 13566158, 13565952, 13565952], ""unused_pointer"": 2365119824}"
challenge-ep1/c88106-bb-j,10,98,"{""base_type"": 37, ""set_flags"": 0, ""runtime_index"": 1925, ""file_offset"": 33808, ""floor_field"": 7, ""entity_id_field"": 19292, ""group"": 0, ""room"": 61, ""unknown_a3"": 0, ""position"": [0.0, -30.000015258789062, 30.000022888183594], ""angles"": [1, 0, 15], ""params"": [1.0, 1.0, 1.0, 3342386, 0, 0], ""unused_pointer"": 2365146048}"
challenge-ep1/c88106-bb-j,10,99,"{""base_type"": 37, ""set_flags"": 0, ""runtime_index"": 1926, ""file_offset"": 33876, ""floor_field"": 7, ""entity_id_field"": 19293, ""group"": 0, ""room"": 61, ""unknown_a3"": 0, ""position"": [0.0, -30.000015258789062, 50.000038146972656], ""angles"": [1, 0, 15], ""params"": [1.0, 1.0, 1.0, 3407923, 0, 0], ""unused_pointer"": 2365147648}"
challenge-ep1/c88106-bb-j,11,168,"{""base_type"": 37, ""set_flags"": 0, ""runtime_index"": 1957, ""file_offset"": 45860, ""floor_field"": 7, ""entity_id_field"": 18398, ""group"": 0, ""room"": 90, ""unknown_a3"": 0, ""position"": [15.0, 45.0000114440918, 80.0], ""angles"": [0, 1, 1200], ""params"": [1.0, 1.0, 1.0, 201, 0, 0], ""unused_pointer"": 2365117504}"
challenge-ep1/c88107-bb-e,9,43,"{""base_type"": 37, ""set_flags"": 2, ""runtime_index"": 1215, ""file_offset"": 19564, ""floor_field"": 8, ""entity_id_field"": 17599, ""group"": 0, ""room"": 10, ""unknown_a3"": 0, ""position"": [75.0, 20.000011444091797, 90.0], ""angles"": [0, 1, 400], ""params"": [1.0, 1.0, 1.0, 54, 0, 0], ""unused_pointer"": 2365262496}"
challenge-ep1/c88107-bb-e,10,34,"{""base_type"": 37, ""set_flags"": 0, ""runtime_index"": 2060, ""file_offset"": 25972, ""floor_field"": 8, ""entity_id_field"": 21606, ""group"": 0, ""room"": 4, ""unknown_a3"": 0, ""position"": [0.0, 30.000015258789062, 0.0], ""angles"": [0, 1, 650], ""params"": [1.0, 1.0, 1.0, 94, 0, 0], ""unused_pointer"": 2365140864}"
challenge-ep1/c88107-bb-e,11,86,"{""base_type"": 37, ""set_flags"": 2, ""runtime_index"": 1258, ""file_offset"": 43464, ""floor_field"": 8, ""entity_id_field"": 17642, ""group"": 0, ""room"": 20, ""unknown_a3"": 0, ""position"": [95.0, 40.00001907348633, 0.0], ""angles"": [1, -32768, 30], ""params"": [1.0, 1.0, 1.0, 3670073, 3801088, 3866624], ""unused_pointer"": 2365250496}"
challenge-ep1/c88107-bb-e,11,87,"{""base_type"": 37, ""set_flags"": 2, ""runtime_index"": 1259, ""file_offset"": 43532, ""floor_field"": 8, ""entity_id_field"": 17643, ""group"": 0, ""room"": 20, ""unknown_a3"": 0, ""position"": [-95.0, 40.00001907348633, 60.00002670288086], ""angles"": [1, -32768, 30], ""params"": [1.0, 1.0, 1.0, 3670074, 3735552, 3866624], ""unused_pointer"": 2365250688}"
challenge-ep1/c88107-bb-e,11,88,"{""base_type"": 37, ""set_flags"": 2, ""runtime_index"": 1260, ""file_offset"": 43600, ""floor_field"": 8, ""entity_id_field"": 17644, ""group"": 0, ""room"": 20, ""unknown_a3"": 0, ""position"": [-95.0, 40.00001907348633, -60.00002670288086], ""angles"": [1, -32768, 30], ""params"": [1.0, 1.0, 1.0, 3735608, 3801088, 3866624], ""unused_pointer"": 2365250880}"
challenge-ep1/c88107-bb-e,11,89,"{""base_type"": 37, ""set_flags"": 2, ""runtime_index"": 1261, ""file_offset"": 43668, ""floor_field"": 8, ""entity_id_field"": 17645, ""group"": 0, ""room"": 20, ""unknown_a3"": 0, ""position"": [95.0, 40.00001907348633, 120.00006866455078], ""angles"": [1, -32768, 30], ""params"": [1.0, 1.0, 1.0, 3670075, 3735552, 3801088], ""unused_pointer"": 2365251072}"
challenge-ep1/c88107-bb-e,11,100,"{""base_type"": 37, ""set_flags"": 0, ""runtime_index"": 1837, ""file_offset"": 44416, ""floor_field"": 8, ""entity_id_field"": 18899, ""group"": 0, ""room"": 30, ""unknown_a3"": 0, ""position"": [0.0, 30.000015258789062, 0.0], ""angles"": [0, 0, 300], ""params"": [1.0, 1.0, 1.0, 51, 0, 0], ""unused_pointer"": 2365156544}"
challenge-ep1/c88107-bb-e,12,191,"{""base_type"": 37, ""set_flags"": 0, ""runtime_index"": 1959, ""file_offset"": 58032, ""floor_field"": 8, ""entity_id_field"": 18482, ""group"": 0, ""room"": 65, ""unknown_a3"": 0, ""position"": [45.65599060058594, -20.000011444091797, -40.84503173828125], ""angles"": [1, 0, 15], ""params"": [1.0, 1.0, 1.0, 7405671, 11927552, 11927552], ""unused_pointer"": 2365144384}"
challenge-ep1/c88107-bb-e,12,192,"{""base_type"": 37, ""set_flags"": 0, ""runtime_index"": 1958, ""file_offset"": 58100, ""floor_field"": 8, ""entity_id_field"": 18479, ""group"": 0, ""room"": 65, ""unknown_a3"": 0, ""position"": [-40.56313705444336, -20.000009536743164, 42.80902099609375], ""angles"": [1, 0, 15], ""params"": [1.0, 1.0, 1.0, 7340134, 11927552, 11927552], ""unused_pointer"": 2365142912}"
challenge-ep1/c88107-bb-j,9,43,"{""base_type"": 37, ""set_flags"": 2, ""runtime_index"": 1215, ""file_offset"": 19564, ""floor_field"": 8, ""entity_id_field"": 17599, ""group"": 0, ""room"": 10, ""unknown_a3"": 0, ""position"": [75.0, 20.000011444091797, 90.0], ""angles"": [0, 1, 400], ""params"": [1.0, 1.0, 1.0, 54, 0, 0], ""unused_pointer"": 2365262496}"
challenge-ep1/c88107-bb-j,10,34,"{""base_type"": 37, ""set_flags"": 0, ""runtime_index"": 2060, ""file_offset"": 25972, ""floor_field"": 8, ""entity_id_field"": 21606, ""group"": 0, ""room"": 4, ""unknown_a3"": 0, ""position"": [0.0, 30.000015258789062, 0.0], ""angles"": [0, 1, 650], ""params"": [1.0, 1.0, 1.0, 94, 0, 0], ""unused_pointer"": 2365140864}"
challenge-ep1/c88107-bb-j,11,86,"{""base_type"": 37, ""set_flags"": 2, ""runtime_index"": 1258, ""file_offset"": 43464, ""floor_field"": 8, ""entity_id_field"": 17642, ""group"": 0, ""room"": 20, ""unknown_a3"": 0, ""position"": [95.0, 40.00001907348633, 0.0], ""angles"": [1, -32768, 30], ""params"": [1.0, 1.0, 1.0, 3670073, 3801088, 3866624], ""unused_pointer"": 2365250496}"
challenge-ep1/c88107-bb-j,11,87,"{""base_type"": 37, ""set_flags"": 2, ""runtime_index"": 1259, ""file_offset"": 43532, ""floor_field"": 8, ""entity_id_field"": 17643, ""group"": 0, ""room"": 20, ""unknown_a3"": 0, ""position"": [-95.0, 40.00001907348633, 60.00002670288086], ""angles"": [1, -32768, 30], ""params"": [1.0, 1.0, 1.0, 3670074, 3735552, 3866624], ""unused_pointer"": 2365250688}"
challenge-ep1/c88107-bb-j,11,88,"{""base_type"": 37, ""set_flags"": 2, ""runtime_index"": 1260, ""file_offset"": 43600, ""floor_field"": 8, ""entity_id_field"": 17644, ""group"": 0, ""room"": 20, ""unknown_a3"": 0, ""position"": [-95.0, 40.00001907348633, -60.00002670288086], ""angles"": [1, -32768, 30], ""params"": [1.0, 1.0, 1.0, 3735608, 3801088, 3866624], ""unused_pointer"": 2365250880}"
challenge-ep1/c88107-bb-j,11,89,"{""base_type"": 37, ""set_flags"": 2, ""runtime_index"": 1261, ""file_offset"": 43668, ""floor_field"": 8, ""entity_id_field"": 17645, ""group"": 0, ""room"": 20, ""unknown_a3"": 0, ""position"": [95.0, 40.00001907348633, 120.00006866455078], ""angles"": [1, -32768, 30], ""params"": [1.0, 1.0, 1.0, 3670075, 3735552, 3801088], ""unused_pointer"": 2365251072}"
challenge-ep1/c88107-bb-j,11,100,"{""base_type"": 37, ""set_flags"": 0, ""runtime_index"": 1837, ""file_offset"": 44416, ""floor_field"": 8, ""entity_id_field"": 18899, ""group"": 0, ""room"": 30, ""unknown_a3"": 0, ""position"": [0.0, 30.000015258789062, 0.0], ""angles"": [0, 0, 300], ""params"": [1.0, 1.0, 1.0, 51, 0, 0], ""unused_pointer"": 2365156544}"
challenge-ep1/c88107-bb-j,12,191,"{""base_type"": 37, ""set_flags"": 0, ""runtime_index"": 1959, ""file_offset"": 58032, ""floor_field"": 8, ""entity_id_field"": 18482, ""group"": 0, ""room"": 65, ""unknown_a3"": 0, ""position"": [45.65599060058594, -20.000011444091797, -40.84503173828125], ""angles"": [1, 0, 15], ""params"": [1.0, 1.0, 1.0, 7405671, 11927552, 11927552], ""unused_pointer"": 2365144384}"
challenge-ep1/c88107-bb-j,12,192,"{""base_type"": 37, ""set_flags"": 0, ""runtime_index"": 1958, ""file_offset"": 58100, ""floor_field"": 8, ""entity_id_field"": 18479, ""group"": 0, ""room"": 65, ""unknown_a3"": 0, ""position"": [-40.56313705444336, -20.000009536743164, 42.80902099609375], ""angles"": [1, 0, 15], ""params"": [1.0, 1.0, 1.0, 7340134, 11927552, 11927552], ""unused_pointer"": 2365142912}"
challenge-ep1/c88108-bb-e,10,88,"{""base_type"": 37, ""set_flags"": 0, ""runtime_index"": 1848, ""file_offset"": 21332, ""floor_field"": 9, ""entity_id_field"": 18258, ""group"": 0, ""room"": 30, ""unknown_a3"": 0, ""position"": [0.00383758544921875, 20.000011444091797, 40.00001525878906], ""angles"": [0, -16382, 610], ""params"": [1.0, 1.0, 1.0, 55, 0, 0], ""unused_pointer"": 2365283744}"
challenge-ep1/c88108-bb-e,11,55,"{""base_type"": 37, ""set_flags"": 0, ""runtime_index"": 1922, ""file_offset"": 27536, ""floor_field"": 9, ""entity_id_field"": 18373, ""group"": 0, ""room"": 9, ""unknown_a3"": 0, ""position"": [0.0, 30.000015258789062, 30.0], ""angles"": [0, 1, 900], ""params"": [1.0, 1.0, 1.0, 150, 0, 0], ""unused_pointer"": 2365146960}"
challenge-ep1/c88108-bb-e,11,79,"{""base_type"": 37, ""set_flags"": 2, ""runtime_index"": 1485, ""file_offset"": 29168, ""floor_field"": 9, ""entity_id_field"": 17869, ""group"": 0, ""room"": 20, ""unknown_a3"": 0, ""position"": [0.0, 40.00001907348633, 0.0], ""angles"": [0, 1, 1200], ""params"": [1.0, 1.0, 1.0, 175, 0, 0], ""unused_pointer"": 2365257728}"
challenge-ep1/c88108-bb-e,13,39,"{""base_type"": 37, ""set_flags"": 0, ""runtime_index"": 1965, ""file_offset"": 48240, ""floor_field"": 9, ""entity_id_field"": 18617, ""group"": 0, ""room"": 6, ""unknown_a3"": 0, ""position"": [0.0, 30.000015258789062, 0.0], ""angles"": [1, 0, 15], ""params"": [1.0, 1.0, 1.0, 10551397, 9502720, 9502720], ""unused_pointer"": 2365146496}"
challenge-ep1/c88108-bb-e,13,80,"{""base_type"": 37, ""set_flags"": 0, ""runtime_index"": 1960, ""file_offset"": 51028, ""floor_field"": 9, ""entity_id_field"": 18610, ""group"": 0, ""room"": 13, ""unknown_a3"": 0, ""position"": [0.0, 30.000015258789062, 0.0], ""angles"": [1, 0, 15], ""params"": [1.0, 1.0, 1.0, 10682471, 9502720, 9502720], ""unused_pointer"": 2365147712}"
challenge-ep1/c88108-bb-e,13,195,"{""base_type"": 37, ""set_flags"": 0, ""runtime_index"": 1964, ""file_offset"": 58848, ""floor_field"": 9, ""entity_id_field"": 18616, ""group"": 0, ""room"": 50, ""unknown_a3"": 0, ""position"": [0.0, 30.000015258789062, 0.0], ""angles"": [1, 0, 15], ""params"": [1.0, 1.0, 1.0, 10485860, 9502720, 9502720], ""unused_pointer"": 2365158144}"
challenge-ep1/c88108-bb-e,13,215,"{""base_type"": 37, ""set_flags"": 0, ""runtime_index"": 1961, ""file_offset"": 60208, ""floor_field"": 9, ""entity_id_field"": 18611, ""group"": 0, ""room"": 65, ""unknown_a3"": 0, ""position"": [0.0, 30.000015258789062, 0.0], ""angles"": [1, 0, 15], ""params"": [1.0, 1.0, 1.0, 10616934, 9502720, 9502720], ""unused_pointer"": 2365160064}"
challenge-ep1/c88108-bb-j,10,88,"{""base_type"": 37, ""set_flags"": 0, ""runtime_index"": 1848, ""file_offset"": 21332, ""floor_field"": 9, ""entity_id_field"": 18258, ""group"": 0, ""room"": 30, ""unknown_a3"": 0, ""position"": [0.00383758544921875, 20.000011444091797, 40.00001525878906], ""angles"": [0, -16382, 610], ""params"": [1.0, 1.0, 1.0, 55, 0, 0], ""unused_pointer"": 2365283744}"
challenge-ep1/c88108-bb-j,11,55,"{""base_type"": 37, ""set_flags"": 0, ""runtime_index"": 1922, ""file_offset"": 27536, ""floor_field"": 9, ""entity_id_field"": 18373, ""group"": 0, ""room"": 9, ""unknown_a3"": 0, ""position"": [0.0, 30.000015258789062, 30.0], ""angles"": [0, 1, 900], ""params"": [1.0, 1.0, 1.0, 150, 0, 0], ""unused_pointer"": 2365146960}"
challenge-ep1/c88108-bb-j,11,79,"{""base_type"": 37, ""set_flags"": 2, ""runtime_index"": 1485, ""file_offset"": 29168, ""floor_field"": 9, ""entity_id_field"": 17869, ""group"": 0, ""room"": 20, ""unknown_a3"": 0, ""position"": [0.0, 40.00001907348633, 0.0], ""angles"": [0, 1, 1200], ""params"": [1.0, 1.0, 1.0, 175, 0, 0], ""unused_pointer"": 2365257728}"
challenge-ep1/c88108-bb-j,13,39,"{""base_type"": 37, ""set_flags"": 0, ""runtime_index"": 1965, ""file_offset"": 48240, ""floor_field"": 9, ""entity_id_field"": 18617, ""group"": 0, ""room"": 6, ""unknown_a3"": 0, ""position"": [0.0, 30.000015258789062, 0.0], ""angles"": [1, 0, 15], ""params"": [1.0, 1.0, 1.0, 10551397, 9502720, 9502720], ""unused_pointer"": 2365146496}"
challenge-ep1/c88108-bb-j,13,80,"{""base_type"": 37, ""set_flags"": 0, ""runtime_index"": 1960, ""file_offset"": 51028, ""floor_field"": 9, ""entity_id_field"": 18610, ""group"": 0, ""room"": 13, ""unknown_a3"": 0, ""position"": [0.0, 30.000015258789062, 0.0], ""angles"": [1, 0, 15], ""params"": [1.0, 1.0, 1.0, 10682471, 9502720, 9502720], ""unused_pointer"": 2365147712}"
challenge-ep1/c88108-bb-j,13,195,"{""base_type"": 37, ""set_flags"": 0, ""runtime_index"": 1964, ""file_offset"": 58848, ""floor_field"": 9, ""entity_id_field"": 18616, ""group"": 0, ""room"": 50, ""unknown_a3"": 0, ""position"": [0.0, 30.000015258789062, 0.0], ""angles"": [1, 0, 15], ""params"": [1.0, 1.0, 1.0, 10485860, 9502720, 9502720], ""unused_pointer"": 2365158144}"
challenge-ep1/c88108-bb-j,13,215,"{""base_type"": 37, ""set_flags"": 0, ""runtime_index"": 1961, ""file_offset"": 60208, ""floor_field"": 9, ""entity_id_field"": 18611, ""group"": 0, ""room"": 65, ""unknown_a3"": 0, ""position"": [0.0, 30.000015258789062, 0.0], ""angles"": [1, 0, 15], ""params"": [1.0, 1.0, 1.0, 10616934, 9502720, 9502720], ""unused_pointer"": 2365160064}"
challenge-ep1/c88109-bb-e,2,71,"{""base_type"": 37, ""set_flags"": 2, ""runtime_index"": 1598, ""file_offset"": 19972, ""floor_field"": 10, ""entity_id_field"": 18187, ""group"": 0, ""room"": 40, ""unknown_a3"": 0, ""position"": [-115.0, 20.000011444091797, -20.0], ""angles"": [0, 1, 530], ""params"": [1.0, 1.0, 1.0, 61, 0, 0], ""unused_pointer"": 2365276384}"
challenge-ep1/c88109-bb-e,4,121,"{""base_type"": 37, ""set_flags"": 0, ""runtime_index"": 1799, ""file_offset"": 48428, ""floor_field"": 10, ""entity_id_field"": 18278, ""group"": 0, ""room"": 85, ""unknown_a3"": 0, ""position"": [20.00000762939453, 20.000011444091797, 40.0], ""angles"": [-1, 0, 1], ""params"": [1.0, 1.0, 1.0, 3604536, 3604480, 3604480], ""unused_pointer"": 2365299808}"
challenge-ep1/c88109-bb-j,2,71,"{""base_type"": 37, ""set_flags"": 2, ""runtime_index"": 1598, ""file_offset"": 19972, ""floor_field"": 10, ""entity_id_field"": 18187, ""group"": 0, ""room"": 40, ""unknown_a3"": 0, ""position"": [-115.0, 20.000011444091797, -20.0], ""angles"": [0, 1, 530], ""params"": [1.0, 1.0, 1.0, 61, 0, 0], ""unused_pointer"": 2365276384}"
challenge-ep1/c88109-bb-j,4,121,"{""base_type"": 37, ""set_flags"": 0, ""runtime_index"": 1799, ""file_offset"": 48428, ""floor_field"": 10, ""entity_id_field"": 18278, ""group"": 0, ""room"": 85, ""unknown_a3"": 0, ""position"": [20.00000762939453, 20.000011444091797, 40.0], ""angles"": [-1, 0, 1], ""params"": [1.0, 1.0, 1.0, 3604536, 3604480, 3604480], ""unused_pointer"": 2365299808}"
challenge-ep2/d88201-bb-e,1,97,"{""base_type"": 37, ""set_flags"": 0, ""runtime_index"": 33544, ""file_offset"": 9348, ""floor_field"": 1, ""entity_id_field"": 49992, ""group"": 0, ""room"": 40, ""unknown_a3"": 0, ""position"": [0.0, 20.0, 0.0], ""angles"": [1, 0, 30], ""params"": [1.0, 1.0, 1.0, 6619242, 0, 0], ""unused_pointer"": 4042842752}"
challenge-ep2/d88201-bb-e,1,99,"{""base_type"": 37, ""set_flags"": 0, ""runtime_index"": 24584, ""file_offset"": 9484, ""floor_field"": 1, ""entity_id_field"": 50504, ""group"": 0, ""room"": 40, ""unknown_a3"": 0, ""position"": [0.0, 30.0, 0.0], ""angles"": [1, 0, 180], ""params"": [1.0, 1.0, 1.0, 6684773, 0, 0], ""unused_pointer"": 3237667456}"
challenge-ep2/d88201-bb-e,1,100,"{""base_type"": 37, ""set_flags"": 0, ""runtime_index"": 24840, ""file_offset"": 9552, ""floor_field"": 1, ""entity_id_field"": 50760, ""group"": 0, ""room"": 40, ""unknown_a3"": 0, ""position"": [0.0, 40.0, 0.0], ""angles"": [1, 0, 180], ""params"": [1.0, 1.0, 1.0, 6750310, 0, 0], ""unused_pointer"": 2432426624}"
challenge-ep2/d88201-bb-e,1,101,"{""base_type"": 37, ""set_flags"": 0, ""runtime_index"": 25096, ""file_offset"": 9620, ""floor_field"": 1, ""entity_id_field"": 51016, ""group"": 0, ""room"": 40, ""unknown_a3"": 0, ""position"": [0.0, 50.0, 0.0], ""angles"": [1, 0, 180], ""params"": [1.0, 1.0, 1.0, 6815847, 0, 0], ""unused_pointer"": 1627185792}"
challenge-ep2/d88201-bb-e,4,70,"{""base_type"": 37, ""set_flags"": 0, ""runtime_index"": 24840, ""file_offset"": 44620, ""floor_field"": 2, ""entity_id_field"": 44360, ""group"": 0, ""room"": 40, ""unknown_a3"": 0, ""position"": [0.0, 10.0, 0.0], ""angles"": [1, 0, 300], ""params"": [1.0, 1.0, 1.0, 7798902, 0, 0], ""unused_pointer"": 2700731008}"
challenge-ep2/d88201-bb-e,4,71,"{""base_type"": 37, ""set_flags"": 0, ""runtime_index"": 25096, ""file_offset"": 44688, ""floor_field"": 2, ""entity_id_field"": 44616, ""group"": 0, ""room"": 40, ""unknown_a3"": 0, ""position"": [0.0, 20.0, 0.0], ""angles"": [1, 0, 180], ""params"": [1.0, 1.0, 1.0, 7864439, 0, 0], ""unused_pointer"": 1895490176}"
challenge-ep2/d88201-bb-e,4,72,"{""base_type"": 37, ""set_flags"": 0, ""runtime_index"": 25352, ""file_offset"": 44756, ""floor_field"": 2, ""entity_id_field"": 44872, ""group"": 0, ""room"": 40, ""unknown_a3"": 0, ""position"": [0.0, 30.0, 0.0], ""angles"": [1, 0, 180], ""params"": [1.0, 1.0, 1.0, 7929976, 0, 0], ""unused_pointer"": 1090249344}"
challenge-ep2/d88201-bb-e,4,73,"{""base_type"": 37, ""set_flags"": 0, ""runtime_index"": 25608, ""file_offset"": 44824, ""floor_field"": 2, ""entity_id_field"": 45128, ""group"": 0, ""room"": 40, ""unknown_a3"": 0, ""position"": [0.0, 40.0, 0.0], ""angles"": [1, 0, 180], ""params"": [1.0, 1.0, 1.0, 7995513, 0, 0], ""unused_pointer"": 285008512}"
challenge-ep2/d88201-bb-e,6,61,"{""base_type"": 37, ""set_flags"": 0, ""runtime_index"": 64776, ""file_offset"": 65392, ""floor_field"": 2, ""entity_id_field"": 34120, ""group"": 0, ""room"": 30, ""unknown_a3"": 0, ""position"": [0.0, 31.099998474121094, 0.0], ""angles"": [1, 0, 450], ""params"": [1.0, 1.0, 1.0, 7929961, 7929856, 7929856], ""unused_pointer"": 281272960}"
challenge-ep2/d88201-bb-j,1,97,"{""base_type"": 37, ""set_flags"": 0, ""runtime_index"": 33544, ""file_offset"": 9348, ""floor_field"": 1, ""entity_id_field"": 49992, ""group"": 0, ""room"": 40, ""unknown_a3"": 0, ""position"": [0.0, 20.0, 0.0], ""angles"": [1, 0, 30], ""params"": [1.0, 1.0, 1.0, 6619242, 0, 0], ""unused_pointer"": 4042842752}"
challenge-ep2/d88201-bb-j,1,99,"{""base_type"": 37, ""set_flags"": 0, ""runtime_index"": 24584, ""file_offset"": 9484, ""floor_field"": 1, ""entity_id_field"": 50504, ""group"": 0, ""room"": 40, ""unknown_a3"": 0, ""position"": [0.0, 30.0, 0.0], ""angles"": [1, 0, 180], ""params"": [1.0, 1.0, 1.0, 6684773, 0, 0], ""unused_pointer"": 3237667456}"
challenge-ep2/d88201-bb-j,1,100,"{""base_type"": 37, ""set_flags"": 0, ""runtime_index"": 24840, ""file_offset"": 9552, ""floor_field"": 1, ""entity_id_field"": 50760, ""group"": 0, ""room"": 40, ""unknown_a3"": 0, ""position"": [0.0, 40.0, 0.0], ""angles"": [1, 0, 180], ""params"": [1.0, 1.0, 1.0, 6750310, 0, 0], ""unused_pointer"": 2432426624}"
challenge-ep2/d88201-bb-j,1,101,"{""base_type"": 37, ""set_flags"": 0, ""runtime_index"": 25096, ""file_offset"": 9620, ""floor_field"": 1, ""entity_id_field"": 51016, ""group"": 0, ""room"": 40, ""unknown_a3"": 0, ""position"": [0.0, 50.0, 0.0], ""angles"": [1, 0, 180], ""params"": [1.0, 1.0, 1.0, 6815847, 0, 0], ""unused_pointer"": 1627185792}"
challenge-ep2/d88201-bb-j,4,70,"{""base_type"": 37, ""set_flags"": 0, ""runtime_index"": 24840, ""file_offset"": 44620, ""floor_field"": 2, ""entity_id_field"": 44360, ""group"": 0, ""room"": 40, ""unknown_a3"": 0, ""position"": [0.0, 10.0, 0.0], ""angles"": [1, 0, 300], ""params"": [1.0, 1.0, 1.0, 7798902, 0, 0], ""unused_pointer"": 2700731008}"
challenge-ep2/d88201-bb-j,4,71,"{""base_type"": 37, ""set_flags"": 0, ""runtime_index"": 25096, ""file_offset"": 44688, ""floor_field"": 2, ""entity_id_field"": 44616, ""group"": 0, ""room"": 40, ""unknown_a3"": 0, ""position"": [0.0, 20.0, 0.0], ""angles"": [1, 0, 180], ""params"": [1.0, 1.0, 1.0, 7864439, 0, 0], ""unused_pointer"": 1895490176}"
challenge-ep2/d88201-bb-j,4,72,"{""base_type"": 37, ""set_flags"": 0, ""runtime_index"": 25352, ""file_offset"": 44756, ""floor_field"": 2, ""entity_id_field"": 44872, ""group"": 0, ""room"": 40, ""unknown_a3"": 0, ""position"": [0.0, 30.0, 0.0], ""angles"": [1, 0, 180], ""params"": [1.0, 1.0, 1.0, 7929976, 0, 0], ""unused_pointer"": 1090249344}"
challenge-ep2/d88201-bb-j,4,73,"{""base_type"": 37, ""set_flags"": 0, ""runtime_index"": 25608, ""file_offset"": 44824, ""floor_field"": 2, ""entity_id_field"": 45128, ""group"": 0, ""room"": 40, ""unknown_a3"": 0, ""position"": [0.0, 40.0, 0.0], ""angles"": [1, 0, 180], ""params"": [1.0, 1.0, 1.0, 7995513, 0, 0], ""unused_pointer"": 285008512}"
challenge-ep2/d88201-bb-j,6,61,"{""base_type"": 37, ""set_flags"": 0, ""runtime_index"": 64776, ""file_offset"": 65392, ""floor_field"": 2, ""entity_id_field"": 34120, ""group"": 0, ""room"": 30, ""unknown_a3"": 0, ""position"": [0.0, 31.099998474121094, 0.0], ""angles"": [1, 0, 450], ""params"": [1.0, 1.0, 1.0, 7929961, 7929856, 7929856], ""unused_pointer"": 281272960}"
challenge-ep2/d88202-bb-e,1,78,"{""base_type"": 37, ""set_flags"": 0, ""runtime_index"": 45064, ""file_offset"": 8056, ""floor_field"": 3, ""entity_id_field"": 37197, ""group"": 0, ""room"": 21, ""unknown_a3"": 0, ""position"": [0.0, 50.0, 0.0], ""angles"": [1, 0, 360], ""params"": [1.0, 1.0, 1.0, 7536753, 7536640, 7536640], ""unused_pointer"": 814604928}"
challenge-ep2/d88202-bb-e,1,79,"{""base_type"": 37, ""set_flags"": 0, ""runtime_index"": 45320, ""file_offset"": 8124, ""floor_field"": 3, ""entity_id_field"": 37453, ""group"": 0, ""room"": 21, ""unknown_a3"": 0, ""position"": [0.0, 60.0, 0.0], ""angles"": [1, 0, 360], ""params"": [1.0, 1.0, 1.0, 7602290, 7602176, 7602176], ""unused_pointer"": 9364096}"
challenge-ep2/d88202-bb-e,3,42,"{""base_type"": 37, ""set_flags"": 0, ""runtime_index"": 22280, ""file_offset"": 24476, ""floor_field"": 3, ""entity_id_field"": 11337, ""group"": 0, ""room"": 4, ""unknown_a3"": 0, ""position"": [0.0, 23.599990844726562, 0.0], ""angles"": [0, -32767, 465], ""params"": [1.0, 1.0, 1.0, 104, 0, 0], ""unused_pointer"": 2689000064}"
challenge-ep2/d88202-bb-e,3,53,"{""base_type"": 37, ""set_flags"": 0, ""runtime_index"": 21512, ""file_offset"": 25224, ""floor_field"": 3, ""entity_id_field"": 8521, ""group"": 0, ""room"": 8, ""unknown_a3"": 0, ""position"": [0.0, 30.0, 0.0], ""angles"": [0, 1, 330], ""params"": [1.0, 1.0, 1.0, 102, 0, 0], ""unused_pointer"": 7725696}"
challenge-ep2/d88202-bb-e,6,56,"{""base_type"": 37, ""set_flags"": 0, ""runtime_index"": 37640, ""file_offset"": 57368, ""floor_field"": 4, ""entity_id_field"": 14924, ""group"": 0, ""room"": 21, ""unknown_a3"": 0, ""position"": [0.0, 40.0, 0.0], ""angles"": [1, 0, 300], ""params"": [1.0, 1.0, 1.0, 6881384, 6881280, 6881280], ""unused_pointer"": 272360320}"
challenge-ep2/d88202-bb-j,1,78,"{""base_type"": 37, ""set_flags"": 0, ""runtime_index"": 45064, ""file_offset"": 8056, ""floor_field"": 3, ""entity_id_field"": 37197, ""group"": 0, ""room"": 21, ""unknown_a3"": 0, ""position"": [0.0, 50.0, 0.0], ""angles"": [1, 0, 360], ""params"": [1.0, 1.0, 1.0, 7536753, 7536640, 7536640], ""unused_pointer"": 814604928}"
challenge-ep2/d88202-bb-j,1,79,"{""base_type"": 37, ""set_flags"": 0, ""runtime_index"": 45320, ""file_offset"": 8124, ""floor_field"": 3, ""entity_id_field"": 37453, ""group"": 0, ""room"": 21, ""unknown_a3"": 0, ""position"": [0.0, 60.0, 0.0], ""angles"": [1, 0, 360], ""params"": [1.0, 1.0, 1.0, 7602290, 7602176, 7602176], ""unused_pointer"": 9364096}"
challenge-ep2/d88202-bb-j,3,42,"{""base_type"": 37, ""set_flags"": 0, ""runtime_index"": 22280, ""file_offset"": 24476, ""floor_field"": 3, ""entity_id_field"": 11337, ""group"": 0, ""room"": 4, ""unknown_a3"": 0, ""position"": [0.0, 23.599990844726562, 0.0], ""angles"": [0, -32767, 465], ""params"": [1.0, 1.0, 1.0, 104, 0, 0], ""unused_pointer"": 2689000064}"
challenge-ep2/d88202-bb-j,3,53,"{""base_type"": 37, ""set_flags"": 0, ""runtime_index"": 21512, ""file_offset"": 25224, ""floor_field"": 3, ""entity_id_field"": 8521, ""group"": 0, ""room"": 8, ""unknown_a3"": 0, ""position"": [0.0, 30.0, 0.0], ""angles"": [0, 1, 330], ""params"": [1.0, 1.0, 1.0, 102, 0, 0], ""unused_pointer"": 7725696}"
challenge-ep2/d88202-bb-j,6,56,"{""base_type"": 37, ""set_flags"": 0, ""runtime_index"": 37640, ""file_offset"": 57368, ""floor_field"": 4, ""entity_id_field"": 14924, ""group"": 0, ""room"": 21, ""unknown_a3"": 0, ""position"": [0.0, 40.0, 0.0], ""angles"": [1, 0, 300], ""params"": [1.0, 1.0, 1.0, 6881384, 6881280, 6881280], ""unused_pointer"": 272360320}"
challenge-ep2/d88203-bb-e,1,10,"{""base_type"": 37, ""set_flags"": 512, ""runtime_index"": 55043, ""file_offset"": 3432, ""floor_field"": 6, ""entity_id_field"": 55107, ""group"": 0, ""room"": 1, ""unknown_a3"": 0, ""position"": [0.0, 66.10626220703125, 0.0], ""angles"": [1, 0, 0], ""params"": [1.0, 1.0, 1.0, 6881382, 0, 0], ""unused_pointer"": 3764380288}"
challenge-ep2/d88203-bb-e,2,47,"{""base_type"": 37, ""set_flags"": 512, ""runtime_index"": 47876, ""file_offset"": 17864, ""floor_field"": 7, ""entity_id_field"": 43849, ""group"": 0, ""room"": 2, ""unknown_a3"": 0, ""position"": [-88.1300048828125, 8.319999694824219, 121.52999877929688], ""angles"": [0, 0, 450], ""params"": [1.0, 1.0, 1.0, 104, 0, 0], ""unused_pointer"": 3764314752}"
challenge-ep2/d88203-bb-e,2,83,"{""base_type"": 37, ""set_flags"": 512, ""runtime_index"": 56580, ""file_offset"": 20312, ""floor_field"": 7, ""entity_id_field"": 21834, ""group"": 0, ""room"": 4, ""unknown_a3"": 0, ""position"": [100.469970703125, -22.405000686645508, 53.04998779296875], ""angles"": [0, 1, 750], ""params"": [1.0, 1.0, 1.0, 100, 0, 0], ""unused_pointer"": 811524736}"
challenge-ep2/d88203-bb-e,2,114,"{""base_type"": 37, ""set_flags"": 512, ""runtime_index"": 9221, ""file_offset"": 22420, ""floor_field"": 7, ""entity_id_field"": 27210, ""group"": 0, ""room"": 6, ""unknown_a3"": 0, ""position"": [-96.90763092041016, 12.525812149047852, 61.23883056640625], ""angles"": [1, 0, 900], ""params"": [1.0, 1.0, 1.0, 7340143, 0, 0], ""unused_pointer"": 3498435200}"
challenge-ep2/d88203-bb-e,2,120,"{""base_type"": 37, ""set_flags"": 512, ""runtime_index"": 10757, ""file_offset"": 22828, ""floor_field"": 7, ""entity_id_field"": 28746, ""group"": 0, ""room"": 6, ""unknown_a3"": 0, ""position"": [-96.90763092041016, 24.599811553955078, 61.23883056640625], ""angles"": [1, 0, 900], ""params"": [1.0, 1.0, 1.0, 7405680, 0, 0], ""unused_pointer"": 2694505088}"
challenge-ep2/d88203-bb-e,3,24,"{""base_type"": 37, ""set_flags"": 0, ""runtime_index"": 21256, ""file_offset"": 26312, ""floor_field"": 8, ""entity_id_field"": 14924, ""group"": 0, ""room"": 1, ""unknown_a3"": 0, ""position"": [-79.29998779296875, -129.0800018310547, -77.52999877929688], ""angles"": [1, 1, 0], ""params"": [1.0, 1.0, 1.0, 7929976, 0, 0], ""unused_pointer"": 3504202624}"
challenge-ep2/d88203-bb-e,3,28,"{""base_type"": 37, ""set_flags"": 0, ""runtime_index"": 24583, ""file_offset"": 26584, ""floor_field"": 8, ""entity_id_field"": 15948, ""group"": 0, ""room"": 1, ""unknown_a3"": 0, ""position"": [-79.29998779296875, -144.88999938964844, -77.52999877929688], ""angles"": [0, 1, 750], ""params"": [1.0, 1.0, 1.0, 120, 0, 0], ""unused_pointer"": 15328128}"
challenge-ep2/d88203-bb-e,3,31,"{""base_type"": 37, ""set_flags"": 0, ""runtime_index"": 21512, ""file_offset"": 26788, ""floor_field"": 8, ""entity_id_field"": 16716, ""group"": 0, ""room"": 1, ""unknown_a3"": 0, ""position"": [-64.7713623046875, -144.88999938964844, -79.39810943603516], ""angles"": [0, 1, 600], ""params"": [1.0, 1.0, 1.0, 121, 0, 0], ""unused_pointer"": 1357833088}"
challenge-ep2/d88203-bb-e,3,223,"{""base_type"": 37, ""set_flags"": 0, ""runtime_index"": 10760, ""file_offset"": 39844, ""floor_field"": 8, ""entity_id_field"": 35399, ""group"": 0, ""room"": 9, ""unknown_a3"": 0, ""position"": [116.8934326171875, 80.886962890625, 76.4515380859375], ""angles"": [1, 1, 0], ""params"": [1.0, 1.0, 1.0, 6750314, 0, 0], ""unused_pointer"": 2163401344}"
challenge-ep2/d88203-bb-e,3,225,"{""base_type"": 37, ""set_flags"": 0, ""runtime_index"": 25863, ""file_offset"": 39980, ""floor_field"": 8, ""entity_id_field"": 41287, ""group"": 0, ""room"": 9, ""unknown_a3"": 0, ""position"": [116.8934326171875, 67.40570831298828, 76.4515380859375], ""angles"": [0, 1, 750], ""params"": [1.0, 1.0, 1.0, 106, 0, 0], ""unused_pointer"": 2967986816}"
challenge-ep2/d88203-bb-e,3,232,"{""base_type"": 37, ""set_flags"": 0, ""runtime_index"": 25096, ""file_offset"": 40456, ""floor_field"": 8, ""entity_id_field"": 37703, ""group"": 0, ""room"": 9, ""unknown_a3"": 0, ""position"": [110.8544921875, 67.40570831298828, 85.83203125], ""angles"": [0, 1, 600], ""params"": [1.0, 1.0, 1.0, 103, 0, 0], ""unused_pointer"": 1879761792}"
challenge-ep2/d88203-bb-e,4,131,"{""base_type"": 37, ""set_flags"": 512, ""runtime_index"": 57862, ""file_offset"": 49992, ""floor_field"": 9, ""entity_id_field"": 42058, ""group"": 0, ""room"": 6, ""unknown_a3"": 0, ""position"": [-4.6748046875, 38.79999923706055, -60.44000244140625], ""angles"": [0, 1, 750], ""params"": [1.0, 1.0, 1.0, 100, 0, 0], ""unused_pointer"": 1624236928}"
challenge-ep2/d88203-bb-j,1,10,"{""base_type"": 37, ""set_flags"": 512, ""runtime_index"": 55043, ""file_offset"": 3432, ""floor_field"": 6, ""entity_id_field"": 55107, ""group"": 0, ""room"": 1, ""unknown_a3"": 0, ""position"": [0.0, 66.10626220703125, 0.0], ""angles"": [1, 0, 0], ""params"": [1.0, 1.0, 1.0, 6881382, 0, 0], ""unused_pointer"": 3764380288}"
challenge-ep2/d88203-bb-j,2,47,"{""base_type"": 37, ""set_flags"": 512, ""runtime_index"": 47876, ""file_offset"": 17864, ""floor_field"": 7, ""entity_id_field"": 43849, ""group"": 0, ""room"": 2, ""unknown_a3"": 0, ""position"": [-88.1300048828125, 8.319999694824219, 121.52999877929688], ""angles"": [0, 0, 450], ""params"": [1.0, 1.0, 1.0, 104, 0, 0], ""unused_pointer"": 3764314752}"
challenge-ep2/d88203-bb-j,2,83,"{""base_type"": 37, ""set_flags"": 512, ""runtime_index"": 56580, ""file_offset"": 20312, ""floor_field"": 7, ""entity_id_field"": 21834, ""group"": 0, ""room"": 4, ""unknown_a3"": 0, ""position"": [100.469970703125, -22.405000686645508, 53.04998779296875], ""angles"": [0, 1, 750], ""params"": [1.0, 1.0, 1.0, 100, 0, 0], ""unused_pointer"": 811524736}"
challenge-ep2/d88203-bb-j,2,114,"{""base_type"": 37, ""set_flags"": 512, ""runtime_index"": 9221, ""file_offset"": 22420, ""floor_field"": 7, ""entity_id_field"": 27210, ""group"": 0, ""room"": 6, ""unknown_a3"": 0, ""position"": [-96.90763092041016, 12.525812149047852, 61.23883056640625], ""angles"": [1, 0, 900], ""params"": [1.0, 1.0, 1.0, 7340143, 0, 0], ""unused_pointer"": 3498435200}"
challenge-ep2/d88203-bb-j,2,120,"{""base_type"": 37, ""set_flags"": 512, ""runtime_index"": 10757, ""file_offset"": 22828, ""floor_field"": 7, ""entity_id_field"": 28746, ""group"": 0, ""room"": 6, ""unknown_a3"": 0, ""position"": [-96.90763092041016, 24.599811553955078, 61.23883056640625], ""angles"": [1, 0, 900], ""params"": [1.0, 1.0, 1.0, 7405680, 0, 0], ""unused_pointer"": 2694505088}"
challenge-ep2/d88203-bb-j,3,24,"{""base_type"": 37, ""set_flags"": 0, ""runtime_index"": 21256, ""file_offset"": 26312, ""floor_field"": 8, ""entity_id_field"": 14924, ""group"": 0, ""room"": 1, ""unknown_a3"": 0, ""position"": [-79.29998779296875, -129.0800018310547, -77.52999877929688], ""angles"": [1, 1, 0], ""params"": [1.0, 1.0, 1.0, 7929976, 0, 0], ""unused_pointer"": 3504202624}"
challenge-ep2/d88203-bb-j,3,28,"{""base_type"": 37, ""set_flags"": 0, ""runtime_index"": 24583, ""file_offset"": 26584, ""floor_field"": 8, ""entity_id_field"": 15948, ""group"": 0, ""room"": 1, ""unknown_a3"": 0, ""position"": [-79.29998779296875, -144.88999938964844, -77.52999877929688], ""angles"": [0, 1, 750], ""params"": [1.0, 1.0, 1.0, 120, 0, 0], ""unused_pointer"": 15328128}"
challenge-ep2/d88203-bb-j,3,31,"{""base_type"": 37, ""set_flags"": 0, ""runtime_index"": 21512, ""file_offset"": 26788, ""floor_field"": 8, ""entity_id_field"": 16716, ""group"": 0, ""room"": 1, ""unknown_a3"": 0, ""position"": [-64.7713623046875, -144.88999938964844, -79.39810943603516], ""angles"": [0, 1, 600], ""params"": [1.0, 1.0, 1.0, 121, 0, 0], ""unused_pointer"": 1357833088}"
challenge-ep2/d88203-bb-j,3,223,"{""base_type"": 37, ""set_flags"": 0, ""runtime_index"": 10760, ""file_offset"": 39844, ""floor_field"": 8, ""entity_id_field"": 35399, ""group"": 0, ""room"": 9, ""unknown_a3"": 0, ""position"": [116.8934326171875, 80.886962890625, 76.4515380859375], ""angles"": [1, 1, 0], ""params"": [1.0, 1.0, 1.0, 6750314, 0, 0], ""unused_pointer"": 2163401344}"
challenge-ep2/d88203-bb-j,3,225,"{""base_type"": 37, ""set_flags"": 0, ""runtime_index"": 25863, ""file_offset"": 39980, ""floor_field"": 8, ""entity_id_field"": 41287, ""group"": 0, ""room"": 9, ""unknown_a3"": 0, ""position"": [116.8934326171875, 67.40570831298828, 76.4515380859375], ""angles"": [0, 1, 750], ""params"": [1.0, 1.0, 1.0, 106, 0, 0], ""unused_pointer"": 2967986816}"
challenge-ep2/d88203-bb-j,3,232,"{""base_type"": 37, ""set_flags"": 0, ""runtime_index"": 25096, ""file_offset"": 40456, ""floor_field"": 8, ""entity_id_field"": 37703, ""group"": 0, ""room"": 9, ""unknown_a3"": 0, ""position"": [110.8544921875, 67.40570831298828, 85.83203125], ""angles"": [0, 1, 600], ""params"": [1.0, 1.0, 1.0, 103, 0, 0], ""unused_pointer"": 1879761792}"
challenge-ep2/d88203-bb-j,4,131,"{""base_type"": 37, ""set_flags"": 512, ""runtime_index"": 57862, ""file_offset"": 49992, ""floor_field"": 9, ""entity_id_field"": 42058, ""group"": 0, ""room"": 6, ""unknown_a3"": 0, ""position"": [-4.6748046875, 38.79999923706055, -60.44000244140625], ""angles"": [0, 1, 750], ""params"": [1.0, 1.0, 1.0, 100, 0, 0], ""unused_pointer"": 1624236928}"
challenge-ep2/d88204-bb-e,3,159,"{""base_type"": 37, ""set_flags"": 0, ""runtime_index"": 45577, ""file_offset"": 35288, ""floor_field"": 10, ""entity_id_field"": 40779, ""group"": 0, ""room"": 70, ""unknown_a3"": 0, ""position"": [135.79998779296875, 26.380001068115234, -57.6700439453125], ""angles"": [0, 0, 300], ""params"": [1.0, 1.0, 1.0, 108, 0, 0], ""unused_pointer"": 1884938880}"
challenge-ep2/d88204-bb-e,3,214,"{""base_type"": 37, ""set_flags"": 0, ""runtime_index"": 20233, ""file_offset"": 39028, ""floor_field"": 10, ""entity_id_field"": 62285, ""group"": 0, ""room"": 71, ""unknown_a3"": 0, ""position"": [-20.0, 24.286705017089844, 0.001922607421875], ""angles"": [0, -16383, 300], ""params"": [1.0, 1.0, 1.0, 107, 0, 0], ""unused_pointer"": 271377280}"
challenge-ep2/d88204-bb-e,6,6,"{""base_type"": 37, ""set_flags"": 0, ""runtime_index"": 38408, ""file_offset"": 63964, ""floor_field"": 11, ""entity_id_field"": 11337, ""group"": 0, ""room"": 2, ""unknown_a3"": 0, ""position"": [115.9996337890625, 30.780000686645508, -405.0001220703125], ""angles"": [0, -49152, 300], ""params"": [1.0, 1.0, 1.0, 100, 0, 0], ""unused_pointer"": 2151539328}"
challenge-ep2/d88204-bb-j,3,159,"{""base_type"": 37, ""set_flags"": 0, ""runtime_index"": 45577, ""file_offset"": 35288, ""floor_field"": 10, ""entity_id_field"": 40779, ""group"": 0, ""room"": 70, ""unknown_a3"": 0, ""position"": [135.79998779296875, 26.380001068115234, -57.6700439453125], ""angles"": [0, 0, 300], ""params"": [1.0, 1.0, 1.0, 108, 0, 0], ""unused_pointer"": 1884938880}"
challenge-ep2/d88204-bb-j,3,214,"{""base_type"": 37, ""set_flags"": 0, ""runtime_index"": 20233, ""file_offset"": 39028, ""floor_field"": 10, ""entity_id_field"": 62285, ""group"": 0, ""room"": 71, ""unknown_a3"": 0, ""position"": [-20.0, 24.286705017089844, 0.001922607421875], ""angles"": [0, -16383, 300], ""params"": [1.0, 1.0, 1.0, 107, 0, 0], ""unused_pointer"": 271377280}"
challenge-ep2/d88204-bb-j,6,6,"{""base_type"": 37, ""set_flags"": 0, ""runtime_index"": 38408, ""file_offset"": 63964, ""floor_field"": 11, ""entity_id_field"": 11337, ""group"": 0, ""room"": 2, ""unknown_a3"": 0, ""position"": [115.9996337890625, 30.780000686645508, -405.0001220703125], ""angles"": [0, -49152, 300], ""params"": [1.0, 1.0, 1.0, 100, 0, 0], ""unused_pointer"": 2151539328}"
challenge-ep2/d88205-bb-e,1,72,"{""base_type"": 37, ""set_flags"": 0, ""runtime_index"": 2569, ""file_offset"": 7648, ""floor_field"": 17, ""entity_id_field"": 33609, ""group"": 0, ""room"": 3, ""unknown_a3"": 0, ""position"": [91.55567932128906, 32.45000076293945, -298.82000732421875], ""angles"": [0, 0, 300], ""params"": [1.0, 1.0, 1.0, 105, 0, 0], ""unused_pointer"": 3491816576}"
challenge-ep2/d88205-bb-e,1,153,"{""base_type"": 37, ""set_flags"": 0, ""runtime_index"": 57096, ""file_offset"": 13156, ""floor_field"": 17, ""entity_id_field"": 5194, ""group"": 0, ""room"": 21, ""unknown_a3"": 0, ""position"": [329.53125, 21.114328384399414, -191.478515625], ""angles"": [0, 0, 300], ""params"": [1.0, 1.0, 1.0, 100, 0, 0], ""unused_pointer"": 2160977024}"
challenge-ep2/d88205-bb-e,1,154,"{""base_type"": 37, ""set_flags"": 0, ""runtime_index"": 57352, ""file_offset"": 13224, ""floor_field"": 17, ""entity_id_field"": 5706, ""group"": 0, ""room"": 21, ""unknown_a3"": 0, ""position"": [329.53125, 30.62057876586914, -191.478515625], ""angles"": [0, 0, 300], ""params"": [1.0, 1.0, 1.0, 101, 0, 0], ""unused_pointer"": 3771786368}"
challenge-ep2/d88205-bb-e,1,176,"{""base_type"": 37, ""set_flags"": 0, ""runtime_index"": 1801, ""file_offset"": 14720, ""floor_field"": 17, ""entity_id_field"": 12873, ""group"": 0, ""room"": 22, ""unknown_a3"": 0, ""position"": [238.5400390625, 39.959999084472656, -246.2705078125], ""angles"": [1, 0, 60], ""params"": [1.0, 1.0, 1.0, 6750310, 0, 0], ""unused_pointer"": 1345971328}"
challenge-ep2/d88205-bb-e,1,177,"{""base_type"": 37, ""set_flags"": 0, ""runtime_index"": 2057, ""file_offset"": 14788, ""floor_field"": 17, ""entity_id_field"": 13129, ""group"": 0, ""room"": 22, ""unknown_a3"": 0, ""position"": [238.5400390625, 49.74749755859375, -246.2705078125], ""angles"": [1, 0, 60], ""params"": [1.0, 1.0, 1.0, 6815847, 0, 0], ""unused_pointer"": 540730496}"
challenge-ep2/d88205-bb-e,1,178,"{""base_type"": 37, ""set_flags"": 0, ""runtime_index"": 2313, ""file_offset"": 14856, ""floor_field"": 17, ""entity_id_field"": 13385, ""group"": 0, ""room"": 22, ""unknown_a3"": 0, ""position"": [238.5400390625, 59.19999694824219, -246.2705078125], ""angles"": [1, 0, 60], ""params"": [1.0, 1.0, 1.0, 6684776, 0, 0], ""unused_pointer"": 4030391424}"
challenge-ep2/d88205-bb-e,1,179,"{""base_type"": 37, ""set_flags"": 0, ""runtime_index"": 2569, ""file_offset"": 14924, ""floor_field"": 17, ""entity_id_field"": 13641, ""group"": 0, ""room"": 22, ""unknown_a3"": 0, ""position"": [249.6826171875, 39.959999084472656, -254.21875], ""angles"": [0, 0, 60], ""params"": [1.0, 1.0, 1.0, 6750310, 0, 0], ""unused_pointer"": 3225150592}"
challenge-ep2/d88205-bb-e,1,180,"{""base_type"": 37, ""set_flags"": 0, ""runtime_index"": 2825, ""file_offset"": 14992, ""floor_field"": 17, ""entity_id_field"": 13897, ""group"": 0, ""room"": 22, ""unknown_a3"": 0, ""position"": [249.6796875, 50.27000045776367, -254.220703125], ""angles"": [0, 0, 60], ""params"": [1.0, 1.0, 1.0, 6750311, 0, 0], ""unused_pointer"": 2419909760}"
challenge-ep2/d88205-bb-e,1,181,"{""base_type"": 37, ""set_flags"": 0, ""runtime_index"": 3081, ""file_offset"": 15060, ""floor_field"": 17, ""entity_id_field"": 14153, ""group"": 0, ""room"": 22, ""unknown_a3"": 0, ""position"": [249.6796875, 58.782501220703125, -254.220703125], ""angles"": [0, 0, 60], ""params"": [1.0, 1.0, 1.0, 6750312, 0, 0], ""unused_pointer"": 1614668928}"
challenge-ep2/d88205-bb-e,2,1,"{""base_type"": 37, ""set_flags"": 0, ""runtime_index"": 11529, ""file_offset"": 16028, ""floor_field"": 17, ""entity_id_field"": 59978, ""group"": 0, ""room"": 1, ""unknown_a3"": 0, ""position"": [212.580078125, 55.47750473022461, -296.1435546875], ""angles"": [0, 0, 90], ""params"": [1.0, 1.0, 1.0, 105, 0, 0], ""unused_pointer"": 9691776}"
challenge-ep2/d88205-bb-e,2,11,"{""base_type"": 37, ""set_flags"": 512, ""runtime_index"": 25864, ""file_offset"": 16708, ""floor_field"": 17, ""entity_id_field"": 63050, ""group"": 0, ""room"": 1, ""unknown_a3"": 0, ""position"": [200.640625, 37.88999938964844, -283.58984375], ""angles"": [1, 0, 90], ""params"": [1.0, 1.0, 1.0, 6815847, 0, 0], ""unused_pointer"": 3500663424}"
challenge-ep2/d88205-bb-e,2,12,"{""base_type"": 37, ""set_flags"": 512, ""runtime_index"": 26120, ""file_offset"": 16776, ""floor_field"": 17, ""entity_id_field"": 63306, ""group"": 0, ""room"": 1, ""unknown_a3"": 0, ""position"": [200.640625, 46.9837532043457, -283.58984375], ""angles"": [1, 0, 90], ""params"": [1.0, 1.0, 1.0, 6881384, 0, 0], ""unused_pointer"": 2695422592}"
challenge-ep2/d88205-bb-e,2,13,"{""base_type"": 37, ""set_flags"": 512, ""runtime_index"": 26376, ""file_offset"": 16844, ""floor_field"": 17, ""entity_id_field"": 63562, ""group"": 0, ""room"": 1, ""unknown_a3"": 0, ""position"": [200.640625, 56.3962516784668, -283.58984375], ""angles"": [1, 0, 90], ""params"": [1.0, 1.0, 1.0, 6750313, 0, 0], ""unused_pointer"": 1890181760}"
challenge-ep2/d88205-bb-e,2,14,"{""base_type"": 37, ""set_flags"": 512, ""runtime_index"": 26632, ""file_offset"": 16912, ""floor_field"": 17, ""entity_id_field"": 63818, ""group"": 0, ""room"": 1, ""unknown_a3"": 0, ""position"": [212.5791015625, 37.571250915527344, -296.1435546875], ""angles"": [0, 0, 90], ""params"": [1.0, 1.0, 1.0, 103, 0, 0], ""unused_pointer"": 1084940928}"
challenge-ep2/d88205-bb-e,2,15,"{""base_type"": 37, ""set_flags"": 512, ""runtime_index"": 26888, ""file_offset"": 16980, ""floor_field"": 17, ""entity_id_field"": 64074, ""group"": 0, ""room"": 1, ""unknown_a3"": 0, ""position"": [212.5791015625, 46.871253967285156, -296.1435546875], ""angles"": [0, 0, 90], ""params"": [1.0, 1.0, 1.0, 104, 0, 0], ""unused_pointer"": 279700096}"
challenge-ep2/d88205-bb-e,2,35,"{""base_type"": 37, ""set_flags"": 0, ""runtime_index"": 10761, ""file_offset"": 18340, ""floor_field"": 17, ""entity_id_field"": 56650, ""group"": 0, ""room"": 2, ""unknown_a3"": 0, ""position"": [160.91200256347656, 32.199851989746094, -309.99609375], ""angles"": [0, 0, 300], ""params"": [1.0, 1.0, 1.0, 106, 0, 0], ""unused_pointer"": 12510848}"
challenge-ep2/d88205-bb-e,2,162,"{""base_type"": 37, ""set_flags"": 0, ""runtime_index"": 15625, ""file_offset"": 26976, ""floor_field"": 17, ""entity_id_field"": 63306, ""group"": 0, ""room"": 21, ""unknown_a3"": 0, ""position"": [238.5869140625, 21.14375114440918, -246.6298828125], ""angles"": [0, 0, 300], ""params"": [1.0, 1.0, 1.0, 101, 0, 0], ""unused_pointer"": 4030719360}"
challenge-ep2/d88205-bb-e,2,169,"{""base_type"": 37, ""set_flags"": 0, ""runtime_index"": 17417, ""file_offset"": 27452, ""floor_field"": 17, ""entity_id_field"": 47179, ""group"": 0, ""room"": 21, ""unknown_a3"": 0, ""position"": [238.5869140625, 34.625, -246.6298828125], ""angles"": [0, 0, 300], ""params"": [1.0, 1.0, 1.0, 102, 0, 0], ""unused_pointer"": 810411392}"
challenge-ep2/d88205-bb-j,1,72,"{""base_type"": 37, ""set_flags"": 0, ""runtime_index"": 2569, ""file_offset"": 7648, ""floor_field"": 17, ""entity_id_field"": 33609, ""group"": 0, ""room"": 3, ""unknown_a3"": 0, ""position"": [91.55567932128906, 32.45000076293945, -298.82000732421875], ""angles"": [0, 0, 300], ""params"": [1.0, 1.0, 1.0, 105, 0, 0], ""unused_pointer"": 3491816576}"
challenge-ep2/d88205-bb-j,1,153,"{""base_type"": 37, ""set_flags"": 0, ""runtime_index"": 57096, ""file_offset"": 13156, ""floor_field"": 17, ""entity_id_field"": 5194, ""group"": 0, ""room"": 21, ""unknown_a3"": 0, ""position"": [329.53125, 21.114328384399414, -191.478515625], ""angles"": [0, 0, 300], ""params"": [1.0, 1.0, 1.0, 100, 0, 0], ""unused_pointer"": 2160977024}"
challenge-ep2/d88205-bb-j,1,154,"{""base_type"": 37, ""set_flags"": 0, ""runtime_index"": 57352, ""file_offset"": 13224, ""floor_field"": 17, ""entity_id_field"": 5706, ""group"": 0, ""room"": 21, ""unknown_a3"": 0, ""position"": [329.53125, 30.62057876586914, -191.478515625], ""angles"": [0, 0, 300], ""params"": [1.0, 1.0, 1.0, 101, 0, 0], ""unused_pointer"": 3771786368}"
challenge-ep2/d88205-bb-j,1,176,"{""base_type"": 37, ""set_flags"": 0, ""runtime_index"": 1801, ""file_offset"": 14720, ""floor_field"": 17, ""entity_id_field"": 12873, ""group"": 0, ""room"": 22, ""unknown_a3"": 0, ""position"": [238.5400390625, 39.959999084472656, -246.2705078125], ""angles"": [1, 0, 60], ""params"": [1.0, 1.0, 1.0, 6750310, 0, 0], ""unused_pointer"": 1345971328}"
challenge-ep2/d88205-bb-j,1,177,"{""base_type"": 37, ""set_flags"": 0, ""runtime_index"": 2057, ""file_offset"": 14788, ""floor_field"": 17, ""entity_id_field"": 13129, ""group"": 0, ""room"": 22, ""unknown_a3"": 0, ""position"": [238.5400390625, 49.74749755859375, -246.2705078125], ""angles"": [1, 0, 60], ""params"": [1.0, 1.0, 1.0, 6815847, 0, 0], ""unused_pointer"": 540730496}"
challenge-ep2/d88205-bb-j,1,178,"{""base_type"": 37, ""set_flags"": 0, ""runtime_index"": 2313, ""file_offset"": 14856, ""floor_field"": 17, ""entity_id_field"": 13385, ""group"": 0, ""room"": 22, ""unknown_a3"": 0, ""position"": [238.5400390625, 59.19999694824219, -246.2705078125], ""angles"": [1, 0, 60], ""params"": [1.0, 1.0, 1.0, 6684776, 0, 0], ""unused_pointer"": 4030391424}"
challenge-ep2/d88205-bb-j,1,179,"{""base_type"": 37, ""set_flags"": 0, ""runtime_index"": 2569, ""file_offset"": 14924, ""floor_field"": 17, ""entity_id_field"": 13641, ""group"": 0, ""room"": 22, ""unknown_a3"": 0, ""position"": [249.6826171875, 39.959999084472656, -254.21875], ""angles"": [0, 0, 60], ""params"": [1.0, 1.0, 1.0, 6750310, 0, 0], ""unused_pointer"": 3225150592}"
challenge-ep2/d88205-bb-j,1,180,"{""base_type"": 37, ""set_flags"": 0, ""runtime_index"": 2825, ""file_offset"": 14992, ""floor_field"": 17, ""entity_id_field"": 13897, ""group"": 0, ""room"": 22, ""unknown_a3"": 0, ""position"": [249.6796875, 50.27000045776367, -254.220703125], ""angles"": [0, 0, 60], ""params"": [1.0, 1.0, 1.0, 6750311, 0, 0], ""unused_pointer"": 2419909760}"
challenge-ep2/d88205-bb-j,1,181,"{""base_type"": 37, ""set_flags"": 0, ""runtime_index"": 3081, ""file_offset"": 15060, ""floor_field"": 17, ""entity_id_field"": 14153, ""group"": 0, ""room"": 22, ""unknown_a3"": 0, ""position"": [249.6796875, 58.782501220703125, -254.220703125], ""angles"": [0, 0, 60], ""params"": [1.0, 1.0, 1.0, 6750312, 0, 0], ""unused_pointer"": 1614668928}"
challenge-ep2/d88205-bb-j,2,1,"{""base_type"": 37, ""set_flags"": 0, ""runtime_index"": 11529, ""file_offset"": 16028, ""floor_field"": 17, ""entity_id_field"": 59978, ""group"": 0, ""room"": 1, ""unknown_a3"": 0, ""position"": [212.580078125, 55.47750473022461, -296.1435546875], ""angles"": [0, 0, 90], ""params"": [1.0, 1.0, 1.0, 105, 0, 0], ""unused_pointer"": 9691776}"
challenge-ep2/d88205-bb-j,2,11,"{""base_type"": 37, ""set_flags"": 512, ""runtime_index"": 25864, ""file_offset"": 16708, ""floor_field"": 17, ""entity_id_field"": 63050, ""group"": 0, ""room"": 1, ""unknown_a3"": 0, ""position"": [200.640625, 37.88999938964844, -283.58984375], ""angles"": [1, 0, 90], ""params"": [1.0, 1.0, 1.0, 6815847, 0, 0], ""unused_pointer"": 3500663424}"
challenge-ep2/d88205-bb-j,2,12,"{""base_type"": 37, ""set_flags"": 512, ""runtime_index"": 26120, ""file_offset"": 16776, ""floor_field"": 17, ""entity_id_field"": 63306, ""group"": 0, ""room"": 1, ""unknown_a3"": 0, ""position"": [200.640625, 46.9837532043457, -283.58984375], ""angles"": [1, 0, 90], ""params"": [1.0, 1.0, 1.0, 6881384, 0, 0], ""unused_pointer"": 2695422592}"
challenge-ep2/d88205-bb-j,2,13,"{""base_type"": 37, ""set_flags"": 512, ""runtime_index"": 26376, ""file_offset"": 16844, ""floor_field"": 17, ""entity_id_field"": 63562, ""group"": 0, ""room"": 1, ""unknown_a3"": 0, ""position"": [200.640625, 56.3962516784668, -283.58984375], ""angles"": [1, 0, 90], ""params"": [1.0, 1.0, 1.0, 6750313, 0, 0], ""unused_pointer"": 1890181760}"
challenge-ep2/d88205-bb-j,2,14,"{""base_type"": 37, ""set_flags"": 512, ""runtime_index"": 26632, ""file_offset"": 16912, ""floor_field"": 17, ""entity_id_field"": 63818, ""group"": 0, ""room"": 1, ""unknown_a3"": 0, ""position"": [212.5791015625, 37.571250915527344, -296.1435546875], ""angles"": [0, 0, 90], ""params"": [1.0, 1.0, 1.0, 103, 0, 0], ""unused_pointer"": 1084940928}"
challenge-ep2/d88205-bb-j,2,15,"{""base_type"": 37, ""set_flags"": 512, ""runtime_index"": 26888, ""file_offset"": 16980, ""floor_field"": 17, ""entity_id_field"": 64074, ""group"": 0, ""room"": 1, ""unknown_a3"": 0, ""position"": [212.5791015625, 46.871253967285156, -296.1435546875], ""angles"": [0, 0, 90], ""params"": [1.0, 1.0, 1.0, 104, 0, 0], ""unused_pointer"": 279700096}"
challenge-ep2/d88205-bb-j,2,35,"{""base_type"": 37, ""set_flags"": 0, ""runtime_index"": 10761, ""file_offset"": 18340, ""floor_field"": 17, ""entity_id_field"": 56650, ""group"": 0, ""room"": 2, ""unknown_a3"": 0, ""position"": [160.91200256347656, 32.199851989746094, -309.99609375], ""angles"": [0, 0, 300], ""params"": [1.0, 1.0, 1.0, 106, 0, 0], ""unused_pointer"": 12510848}"
challenge-ep2/d88205-bb-j,2,162,"{""base_type"": 37, ""set_flags"": 0, ""runtime_index"": 15625, ""file_offset"": 26976, ""floor_field"": 17, ""entity_id_field"": 63306, ""group"": 0, ""room"": 21, ""unknown_a3"": 0, ""position"": [238.5869140625, 21.14375114440918, -246.6298828125], ""angles"": [0, 0, 300], ""params"": [1.0, 1.0, 1.0, 101, 0, 0], ""unused_pointer"": 4030719360}"
challenge-ep2/d88205-bb-j,2,169,"{""base_type"": 37, ""set_flags"": 0, ""runtime_index"": 17417, ""file_offset"": 27452, ""floor_field"": 17, ""entity_id_field"": 47179, ""group"": 0, ""room"": 21, ""unknown_a3"": 0, ""position"": [238.5869140625, 34.625, -246.6298828125], ""angles"": [0, 0, 300], ""params"": [1.0, 1.0, 1.0, 102, 0, 0], ""unused_pointer"": 810411392}"
events-ep1/q28-bb-e,1,4,"{""base_type"": 37, ""set_flags"": 0, ""runtime_index"": 1627, ""file_offset"": 3976, ""floor_field"": 1, ""entity_id_field"": 17948, ""group"": 0, ""room"": 2, ""unknown_a3"": 0, ""position"": [-148.9752197265625, 37.7068977355957, 55.339599609375], ""angles"": [1, 0, 100], ""params"": [1.0, 1.0, 1.0, 6619236, 0, 0], ""unused_pointer"": 2365247296}"
events-ep1/q28-bb-e,1,16,"{""base_type"": 37, ""set_flags"": 0, ""runtime_index"": 1609, ""file_offset"": 4792, ""floor_field"": 1, ""entity_id_field"": 17960, ""group"": 0, ""room"": 2, ""unknown_a3"": 0, ""position"": [-148.9752197265625, 57.706905364990234, 55.339599609375], ""angles"": [1, 0, 1], ""params"": [1.0, 1.0, 1.0, 6684773, 0, 0], ""unused_pointer"": 2365249504}"
events-ep1/q28-bb-e,1,17,"{""base_type"": 37, ""set_flags"": 0, ""runtime_index"": 1619, ""file_offset"": 4860, ""floor_field"": 1, ""entity_id_field"": 17961, ""group"": 0, ""room"": 2, ""unknown_a3"": 0, ""position"": [-148.9752197265625, 67.7069091796875, 55.339599609375], ""angles"": [1, 0, 210], ""params"": [1.0, 1.0, 1.0, 6750310, 0, 0], ""unused_pointer"": 2365249696}"
events-ep1/q28-bb-e,1,76,"{""base_type"": 37, ""set_flags"": 0, ""runtime_index"": 1880, ""file_offset"": 8872, ""floor_field"": 1, ""entity_id_field"": 18884, ""group"": 0, ""room"": 7, ""unknown_a3"": 0, ""position"": [-204.4322509765625, 25.001792907714844, -89.18975830078125], ""angles"": [0, 1, 750], ""params"": [1.0, 1.0, 1.0, 3, 0, 0], ""unused_pointer"": 2365263520}"
events-ep1/q28-bb-j,1,4,"{""base_type"": 37, ""set_flags"": 0, ""runtime_index"": 1627, ""file_offset"": 3976, ""floor_field"": 1, ""entity_id_field"": 17948, ""group"": 0, ""room"": 2, ""unknown_a3"": 0, ""position"": [-148.9752197265625, 37.7068977355957, 55.339599609375], ""angles"": [1, 0, 100], ""params"": [1.0, 1.0, 1.0, 6619236, 0, 0], ""unused_pointer"": 2365247296}"
events-ep1/q28-bb-j,1,16,"{""base_type"": 37, ""set_flags"": 0, ""runtime_index"": 1609, ""file_offset"": 4792, ""floor_field"": 1, ""entity_id_field"": 17960, ""group"": 0, ""room"": 2, ""unknown_a3"": 0, ""position"": [-148.9752197265625, 57.706905364990234, 55.339599609375], ""angles"": [1, 0, 1], ""params"": [1.0, 1.0, 1.0, 6684773, 0, 0], ""unused_pointer"": 2365249504}"
events-ep1/q28-bb-j,1,17,"{""base_type"": 37, ""set_flags"": 0, ""runtime_index"": 1619, ""file_offset"": 4860, ""floor_field"": 1, ""entity_id_field"": 17961, ""group"": 0, ""room"": 2, ""unknown_a3"": 0, ""position"": [-148.9752197265625, 67.7069091796875, 55.339599609375], ""angles"": [1, 0, 210], ""params"": [1.0, 1.0, 1.0, 6750310, 0, 0], ""unused_pointer"": 2365249696}"
events-ep1/q28-bb-j,1,76,"{""base_type"": 37, ""set_flags"": 0, ""runtime_index"": 1880, ""file_offset"": 8872, ""floor_field"": 1, ""entity_id_field"": 18884, ""group"": 0, ""room"": 7, ""unknown_a3"": 0, ""position"": [-204.4322509765625, 25.001792907714844, -89.18975830078125], ""angles"": [0, 1, 750], ""params"": [1.0, 1.0, 1.0, 3, 0, 0], ""unused_pointer"": 2365263520}"
events-ep1/q073-bb-e,1,27,"{""base_type"": 37, ""set_flags"": 0, ""runtime_index"": 2044, ""file_offset"": 3636, ""floor_field"": 1, ""entity_id_field"": 18376, ""group"": 0, ""room"": 5, ""unknown_a3"": 0, ""position"": [54.99609375, 21.39554214477539, 410.0006408691406], ""angles"": [0, 1, 300], ""params"": [1.0, 1.0, 1.0, 112, 0, 0], ""unused_pointer"": 2365256320}"
events-ep1/q073-bb-e,5,14,"{""base_type"": 37, ""set_flags"": 0, ""runtime_index"": 2007, ""file_offset"": 9024, ""floor_field"": 5, ""entity_id_field"": 18826, ""group"": 0, ""room"": 33, ""unknown_a3"": 0, ""position"": [70.00003051757812, 30.000015258789062, 0.0], ""angles"": [0, 1, 510], ""params"": [1.0, 1.0, 1.0, 100, 0, 0], ""unused_pointer"": 2365294224}"
events-ep1/q073-bb-j,1,27,"{""base_type"": 37, ""set_flags"": 0, ""runtime_index"": 2044, ""file_offset"": 3636, ""floor_field"": 1, ""entity_id_field"": 18376, ""group"": 0, ""room"": 5, ""unknown_a3"": 0, ""position"": [54.99609375, 21.39554214477539, 410.0006408691406], ""angles"": [0, 1, 300], ""params"": [1.0, 1.0, 1.0, 112, 0, 0], ""unused_pointer"": 2365256320}"
events-ep1/q073-bb-j,5,14,"{""base_type"": 37, ""set_flags"": 0, ""runtime_index"": 2007, ""file_offset"": 9024, ""floor_field"": 5, ""entity_id_field"": 18826, ""group"": 0, ""room"": 33, ""unknown_a3"": 0, ""position"": [70.00003051757812, 30.000015258789062, 0.0], ""angles"": [0, 1, 510], ""params"": [1.0, 1.0, 1.0, 100, 0, 0], ""unused_pointer"": 2365294224}"
events-ep2/q56-bb-e,17,65,"{""base_type"": 37, ""set_flags"": 0, ""runtime_index"": 2569, ""file_offset"": 41028, ""floor_field"": 17, ""entity_id_field"": 18626, ""group"": 0, ""room"": 3, ""unknown_a3"": 0, ""position"": [91.55567932128906, 32.45000076293945, -298.82000732421875], ""angles"": [0, 0, 300], ""params"": [1.0, 1.0, 1.0, 105, 0, 0], ""unused_pointer"": 77540944}"
events-ep2/q56-bb-e,17,130,"{""base_type"": 37, ""set_flags"": 0, ""runtime_index"": 57096, ""file_offset"": 45448, ""floor_field"": 17, ""entity_id_field"": 18712, ""group"": 0, ""room"": 21, ""unknown_a3"": 0, ""position"": [329.53125, 21.114328384399414, -191.478515625], ""angles"": [0, 0, 300], ""params"": [1.0, 1.0, 1.0, 100, 0, 0], ""unused_pointer"": 77573408}"
events-ep2/q56-bb-e,17,131,"{""base_type"": 37, ""set_flags"": 0, ""runtime_index"": 57352, ""file_offset"": 45516, ""floor_field"": 17, ""entity_id_field"": 18713, ""group"": 0, ""room"": 21, ""unknown_a3"": 0, ""position"": [329.53125, 30.62057876586914, -191.478515625], ""angles"": [0, 0, 300], ""params"": [1.0, 1.0, 1.0, 101, 0, 0], ""unused_pointer"": 77573616}"
events-ep2/q56-bb-e,17,153,"{""base_type"": 37, ""set_flags"": 0, ""runtime_index"": 1801, ""file_offset"": 47012, ""floor_field"": 17, ""entity_id_field"": 18743, ""group"": 0, ""room"": 22, ""unknown_a3"": 0, ""position"": [238.5400390625, 39.959999084472656, -246.2705078125], ""angles"": [1, 0, 60], ""params"": [1.0, 1.0, 1.0, 6750310, 0, 0], ""unused_pointer"": 77584752}"
events-ep2/q56-bb-e,17,154,"{""base_type"": 37, ""set_flags"": 0, ""runtime_index"": 2057, ""file_offset"": 47080, ""floor_field"": 17, ""entity_id_field"": 18744, ""group"": 0, ""room"": 22, ""unknown_a3"": 0, ""position"": [238.5400390625, 49.74749755859375, -246.2705078125], ""angles"": [1, 0, 60], ""params"": [1.0, 1.0, 1.0, 6815847, 0, 0], ""unused_pointer"": 77584960}"
events-ep2/q56-bb-e,17,155,"{""base_type"": 37, ""set_flags"": 0, ""runtime_index"": 2313, ""file_offset"": 47148, ""floor_field"": 17, ""entity_id_field"": 18745, ""group"": 0, ""room"": 22, ""unknown_a3"": 0, ""position"": [238.5400390625, 59.19999694824219, -246.2705078125], ""angles"": [1, 0, 60], ""params"": [1.0, 1.0, 1.0, 6684776, 0, 0], ""unused_pointer"": 77585168}"
events-ep2/q56-bb-e,17,156,"{""base_type"": 37, ""set_flags"": 0, ""runtime_index"": 2569, ""file_offset"": 47216, ""floor_field"": 17, ""entity_id_field"": 18746, ""group"": 0, ""room"": 22, ""unknown_a3"": 0, ""position"": [249.6826171875, 39.959999084472656, -254.21875], ""angles"": [0, 0, 60], ""params"": [1.0, 1.0, 1.0, 6750310, 0, 0], ""unused_pointer"": 77585376}"
events-ep2/q56-bb-e,17,157,"{""base_type"": 37, ""set_flags"": 0, ""runtime_index"": 2825, ""file_offset"": 47284, ""floor_field"": 17, ""entity_id_field"": 18747, ""group"": 0, ""room"": 22, ""unknown_a3"": 0, ""position"": [249.6796875, 50.27000045776367, -254.220703125], ""angles"": [0, 0, 60], ""params"": [1.0, 1.0, 1.0, 6750311, 0, 0], ""unused_pointer"": 77585584}"
events-ep2/q56-bb-e,17,158,"{""base_type"": 37, ""set_flags"": 0, ""runtime_index"": 3081, ""file_offset"": 47352, ""floor_field"": 17, ""entity_id_field"": 18748, ""group"": 0, ""room"": 22, ""unknown_a3"": 0, ""position"": [249.6796875, 58.782501220703125, -254.220703125], ""angles"": [0, 0, 60], ""params"": [1.0, 1.0, 1.0, 6750312, 0, 0], ""unused_pointer"": 77585792}"
events-ep2/q56-bb-j,17,65,"{""base_type"": 37, ""set_flags"": 0, ""runtime_index"": 2569, ""file_offset"": 41028, ""floor_field"": 17, ""entity_id_field"": 18626, ""group"": 0, ""room"": 3, ""unknown_a3"": 0, ""position"": [91.55567932128906, 32.45000076293945, -298.82000732421875], ""angles"": [0, 0, 300], ""params"": [1.0, 1.0, 1.0, 105, 0, 0], ""unused_pointer"": 77540944}"
events-ep2/q56-bb-j,17,130,"{""base_type"": 37, ""set_flags"": 0, ""runtime_index"": 57096, ""file_offset"": 45448, ""floor_field"": 17, ""entity_id_field"": 18712, ""group"": 0, ""room"": 21, ""unknown_a3"": 0, ""position"": [329.53125, 21.114328384399414, -191.478515625], ""angles"": [0, 0, 300], ""params"": [1.0, 1.0, 1.0, 100, 0, 0], ""unused_pointer"": 77573408}"
events-ep2/q56-bb-j,17,131,"{""base_type"": 37, ""set_flags"": 0, ""runtime_index"": 57352, ""file_offset"": 45516, ""floor_field"": 17, ""entity_id_field"": 18713, ""group"": 0, ""room"": 21, ""unknown_a3"": 0, ""position"": [329.53125, 30.62057876586914, -191.478515625], ""angles"": [0, 0, 300], ""params"": [1.0, 1.0, 1.0, 101, 0, 0], ""unused_pointer"": 77573616}"
events-ep2/q56-bb-j,17,153,"{""base_type"": 37, ""set_flags"": 0, ""runtime_index"": 1801, ""file_offset"": 47012, ""floor_field"": 17, ""entity_id_field"": 18743, ""group"": 0, ""room"": 22, ""unknown_a3"": 0, ""position"": [238.5400390625, 39.959999084472656, -246.2705078125], ""angles"": [1, 0, 60], ""params"": [1.0, 1.0, 1.0, 6750310, 0, 0], ""unused_pointer"": 77584752}"
events-ep2/q56-bb-j,17,154,"{""base_type"": 37, ""set_flags"": 0, ""runtime_index"": 2057, ""file_offset"": 47080, ""floor_field"": 17, ""entity_id_field"": 18744, ""group"": 0, ""room"": 22, ""unknown_a3"": 0, ""position"": [238.5400390625, 49.74749755859375, -246.2705078125], ""angles"": [1, 0, 60], ""params"": [1.0, 1.0, 1.0, 6815847, 0, 0], ""unused_pointer"": 77584960}"
events-ep2/q56-bb-j,17,155,"{""base_type"": 37, ""set_flags"": 0, ""runtime_index"": 2313, ""file_offset"": 47148, ""floor_field"": 17, ""entity_id_field"": 18745, ""group"": 0, ""room"": 22, ""unknown_a3"": 0, ""position"": [238.5400390625, 59.19999694824219, -246.2705078125], ""angles"": [1, 0, 60], ""params"": [1.0, 1.0, 1.0, 6684776, 0, 0], ""unused_pointer"": 77585168}"
events-ep2/q56-bb-j,17,156,"{""base_type"": 37, ""set_flags"": 0, ""runtime_index"": 2569, ""file_offset"": 47216, ""floor_field"": 17, ""entity_id_field"": 18746, ""group"": 0, ""room"": 22, ""unknown_a3"": 0, ""position"": [249.6826171875, 39.959999084472656, -254.21875], ""angles"": [0, 0, 60], ""params"": [1.0, 1.0, 1.0, 6750310, 0, 0], ""unused_pointer"": 77585376}"
events-ep2/q56-bb-j,17,157,"{""base_type"": 37, ""set_flags"": 0, ""runtime_index"": 2825, ""file_offset"": 47284, ""floor_field"": 17, ""entity_id_field"": 18747, ""group"": 0, ""room"": 22, ""unknown_a3"": 0, ""position"": [249.6796875, 50.27000045776367, -254.220703125], ""angles"": [0, 0, 60], ""params"": [1.0, 1.0, 1.0, 6750311, 0, 0], ""unused_pointer"": 77585584}"
events-ep2/q56-bb-j,17,158,"{""base_type"": 37, ""set_flags"": 0, ""runtime_index"": 3081, ""file_offset"": 47352, ""floor_field"": 17, ""entity_id_field"": 18748, ""group"": 0, ""room"": 22, ""unknown_a3"": 0, ""position"": [249.6796875, 58.782501220703125, -254.220703125], ""angles"": [0, 0, 60], ""params"": [1.0, 1.0, 1.0, 6750312, 0, 0], ""unused_pointer"": 77585792}"
events-ep2/q91-bb-e,4,81,"{""base_type"": 37, ""set_flags"": 512, ""runtime_index"": 32001, ""file_offset"": 27876, ""floor_field"": 1, ""entity_id_field"": 28233, ""group"": 0, ""room"": 60, ""unknown_a3"": 0, ""position"": [0.0, 30.0, -20.0], ""angles"": [-1, -49152, 300], ""params"": [1.0, 1.0, 1.0, 6946921, 6946816, 6946816], ""unused_pointer"": 3764970368}"
events-ep2/q91-bb-j,4,81,"{""base_type"": 37, ""set_flags"": 512, ""runtime_index"": 32001, ""file_offset"": 27876, ""floor_field"": 1, ""entity_id_field"": 28233, ""group"": 0, ""room"": 60, ""unknown_a3"": 0, ""position"": [0.0, 30.0, -20.0], ""angles"": [-1, -49152, 300], ""params"": [1.0, 1.0, 1.0, 6946921, 6946816, 6946816], ""unused_pointer"": 3764970368}"
events-ep2/q272-bb-e,5,60,"{""base_type"": 37, ""set_flags"": 512, ""runtime_index"": 43523, ""file_offset"": 8940, ""floor_field"": 5, ""entity_id_field"": 52040, ""group"": 0, ""room"": 8, ""unknown_a3"": 0, ""position"": [0.0, 80.0, 0.0], ""angles"": [0, 0, 300], ""params"": [1.0, 1.0, 1.0, 102, 0, 0], ""unused_pointer"": 1888219008}"
events-ep2/q272-bb-e,5,69,"{""base_type"": 37, ""set_flags"": 0, ""runtime_index"": 26888, ""file_offset"": 9552, ""floor_field"": 5, ""entity_id_field"": 27465, ""group"": 0, ""room"": 9, ""unknown_a3"": 0, ""position"": [0.0, 30.0, 0.0], ""angles"": [0, 0, 300], ""params"": [1.0, 1.0, 1.0, 101, 0, 0], ""unused_pointer"": 1615327104}"
events-ep2/q272-bb-e,5,75,"{""base_type"": 37, ""set_flags"": 0, ""runtime_index"": 24584, ""file_offset"": 9960, ""floor_field"": 5, ""entity_id_field"": 6217, ""group"": 0, ""room"": 10, ""unknown_a3"": 0, ""position"": [100.0, 30.0, -5.0], ""angles"": [0, 0, 300], ""params"": [1.0, 1.0, 1.0, 100, 0, 0], ""unused_pointer"": 269807488}"
events-ep2/q272-bb-e,17,70,"{""base_type"": 37, ""set_flags"": 0, ""runtime_index"": 24073, ""file_offset"": 14940, ""floor_field"": 17, ""entity_id_field"": 59210, ""group"": 0, ""room"": 3, ""unknown_a3"": 0, ""position"": [320.0421447753906, 11.572470664978027, -84.27944946289062], ""angles"": [0, 0, 300], ""params"": [1.0, 1.0, 1.0, 100, 0, 0], ""unused_pointer"": 2967003776}"
events-ep2/q272-bb-e,17,76,"{""base_type"": 37, ""set_flags"": 0, ""runtime_index"": 26121, ""file_offset"": 15348, ""floor_field"": 17, ""entity_id_field"": 60746, ""group"": 0, ""room"": 3, ""unknown_a3"": 0, ""position"": [148.51971435546875, 27.612483978271484, -267.17333984375], ""angles"": [0, 0, 300], ""params"": [1.0, 1.0, 1.0, 101, 0, 0], ""unused_pointer"": 2431181440}"
events-ep2/q272-bb-e,17,97,"{""base_type"": 37, ""set_flags"": 512, ""runtime_index"": 44040, ""file_offset"": 16776, ""floor_field"": 17, ""entity_id_field"": 2123, ""group"": 0, ""room"": 4, ""unknown_a3"": 0, ""position"": [333.08203125, 11.218750953674316, -84.91070556640625], ""angles"": [0, 0, 300], ""params"": [1.0, 1.0, 1.0, 102, 0, 0], ""unused_pointer"": 270066560}"
events-ep2/q486-bb-e,4,81,"{""base_type"": 37, ""set_flags"": 512, ""runtime_index"": 32001, ""file_offset"": 27876, ""floor_field"": 1, ""entity_id_field"": 28233, ""group"": 0, ""room"": 60, ""unknown_a3"": 0, ""position"": [0.0, 30.0, -20.0], ""angles"": [-1, -49152, 300], ""params"": [1.0, 1.0, 1.0, 6946921, 6946816, 6946816], ""unused_pointer"": 3764970368}"
extermination-ep1/q117-bb-e,6,13,"{""base_type"": 37, ""set_flags"": 512, ""runtime_index"": 7425, ""file_offset"": 19308, ""floor_field"": 6, ""entity_id_field"": 7489, ""group"": 0, ""room"": 2, ""unknown_a3"": 0, ""position"": [20.004791259765625, 35.00001525878906, 49.99810791015625], ""angles"": [1, -16383, 15], ""params"": [1.0, 1.0, 1.0, 9437311, 9437184, 9437184], ""unused_pointer"": 2958091136}"
extermination-ep1/q117-bb-e,6,14,"{""base_type"": 37, ""set_flags"": 512, ""runtime_index"": 7681, ""file_offset"": 19376, ""floor_field"": 6, ""entity_id_field"": 7745, ""group"": 0, ""room"": 2, ""unknown_a3"": 0, ""position"": [5.004791259765625, 35.00001525878906, 49.99951171875], ""angles"": [1, -16383, 15], ""params"": [1.0, 1.0, 1.0, 9502864, 9502720, 9502720], ""unused_pointer"": 2152850304}"
extermination-ep1/q117-bb-e,6,17,"{""base_type"": 37, ""set_flags"": 512, ""runtime_index"": 8449, ""file_offset"": 19580, ""floor_field"": 6, ""entity_id_field"": 8513, ""group"": 0, ""room"": 2, ""unknown_a3"": 0, ""position"": [-9.995208740234375, 35.00001525878906, 50.0009765625], ""angles"": [1, -16383, 15], ""params"": [1.0, 1.0, 1.0, 9568401, 9568256, 9568256], ""unused_pointer"": 3495158656}"
extermination-ep1/q117-bb-e,6,18,"{""base_type"": 37, ""set_flags"": 512, ""runtime_index"": 8705, ""file_offset"": 19648, ""floor_field"": 6, ""entity_id_field"": 8769, ""group"": 0, ""room"": 2, ""unknown_a3"": 0, ""position"": [-24.995208740234375, 35.00001525878906, 50.00244140625], ""angles"": [1, -16383, 15], ""params"": [1.0, 1.0, 1.0, 9633938, 9633792, 9633792], ""unused_pointer"": 2689917824}"
extermination-ep1/q117-bb-j,6,13,"{""base_type"": 37, ""set_flags"": 512, ""runtime_index"": 7425, ""file_offset"": 19308, ""floor_field"": 6, ""entity_id_field"": 7489, ""group"": 0, ""room"": 2, ""unknown_a3"": 0, ""position"": [20.004791259765625, 35.00001525878906, 49.99810791015625], ""angles"": [1, -16383, 15], ""params"": [1.0, 1.0, 1.0, 9437311, 9437184, 9437184], ""unused_pointer"": 2958091136}"
extermination-ep1/q117-bb-j,6,14,"{""base_type"": 37, ""set_flags"": 512, ""runtime_index"": 7681, ""file_offset"": 19376, ""floor_field"": 6, ""entity_id_field"": 7745, ""group"": 0, ""room"": 2, ""unknown_a3"": 0, ""position"": [5.004791259765625, 35.00001525878906, 49.99951171875], ""angles"": [1, -16383, 15], ""params"": [1.0, 1.0, 1.0, 9502864, 9502720, 9502720], ""unused_pointer"": 2152850304}"
extermination-ep1/q117-bb-j,6,17,"{""base_type"": 37, ""set_flags"": 512, ""runtime_index"": 8449, ""file_offset"": 19580, ""floor_field"": 6, ""entity_id_field"": 8513, ""group"": 0, ""room"": 2, ""unknown_a3"": 0, ""position"": [-9.995208740234375, 35.00001525878906, 50.0009765625], ""angles"": [1, -16383, 15], ""params"": [1.0, 1.0, 1.0, 9568401, 9568256, 9568256], ""unused_pointer"": 3495158656}"
extermination-ep1/q117-bb-j,6,18,"{""base_type"": 37, ""set_flags"": 512, ""runtime_index"": 8705, ""file_offset"": 19648, ""floor_field"": 6, ""entity_id_field"": 8769, ""group"": 0, ""room"": 2, ""unknown_a3"": 0, ""position"": [-24.995208740234375, 35.00001525878906, 50.00244140625], ""angles"": [1, -16383, 15], ""params"": [1.0, 1.0, 1.0, 9633938, 9633792, 9633792], ""unused_pointer"": 2689917824}"
extermination-ep2/q131-bb-e,1,184,"{""base_type"": 37, ""set_flags"": 2, ""runtime_index"": 249, ""file_offset"": 16148, ""floor_field"": 2, ""entity_id_field"": 16633, ""group"": 0, ""room"": 103, ""unknown_a3"": 0, ""position"": [15.995193481445312, 40.0, -50.0018310546875], ""angles"": [0, -16382, 150], ""params"": [1.0, 1.0, 1.0, 106, 0, 0], ""unused_pointer"": 118244656}"
extermination-ep2/q131-bb-j,1,184,"{""base_type"": 37, ""set_flags"": 2, ""runtime_index"": 249, ""file_offset"": 16148, ""floor_field"": 2, ""entity_id_field"": 16633, ""group"": 0, ""room"": 103, ""unknown_a3"": 0, ""position"": [15.995193481445312, 40.0, -50.0018310546875], ""angles"": [0, -16382, 150], ""params"": [1.0, 1.0, 1.0, 106, 0, 0], ""unused_pointer"": 118244656}"
extermination-ep2/q173-bb-e,6,82,"{""base_type"": 37, ""set_flags"": 0, ""runtime_index"": 0, ""file_offset"": 9212, ""floor_field"": 0, ""entity_id_field"": 0, ""group"": 0, ""room"": 4, ""unknown_a3"": 0, ""position"": [-16.148866653442383, 0.0, 13.017045021057129], ""angles"": [0, 0, 30], ""params"": [1.0, 1.0, 1.0, 90, 0, 0], ""unused_pointer"": 0}"
extermination-ep2/q173-bb-e,6,129,"{""base_type"": 37, ""set_flags"": 0, ""runtime_index"": 0, ""file_offset"": 12408, ""floor_field"": 0, ""entity_id_field"": 0, ""group"": 2, ""room"": 4, ""unknown_a3"": 0, ""position"": [53.23866653442383, 0.0, -17.616106033325195], ""angles"": [0, 0, 60], ""params"": [1.0, 1.0, 1.0, 90, 0, 0], ""unused_pointer"": 0}"
extermination-ep2/q173-bb-e,8,140,"{""base_type"": 37, ""set_flags"": 0, ""runtime_index"": 0, ""file_offset"": 22284, ""floor_field"": 0, ""entity_id_field"": 0, ""group"": 0, ""room"": 2, ""unknown_a3"": 0, ""position"": [-102.85722351074219, -112.30000305175781, 198.59584045410156], ""angles"": [0, 0, 60], ""params"": [1.0, 1.0, 1.0, 201, 0, 0], ""unused_pointer"": 0}"
extermination-ep2/q173-bb-e,8,226,"{""base_type"": 37, ""set_flags"": 0, ""runtime_index"": 0, ""file_offset"": 28132, ""floor_field"": 0, ""entity_id_field"": 0, ""group"": 0, ""room"": 3, ""unknown_a3"": 0, ""position"": [226.7108612060547, -12.600000381469727, -133.1385498046875], ""angles"": [0, 0, 75], ""params"": [1.0, 1.0, 1.0, 121, 0, 0], ""unused_pointer"": 0}"
extermination-ep2/q173-bb-e,9,100,"{""base_type"": 37, ""set_flags"": 0, ""runtime_index"": 0, ""file_offset"": 41000, ""floor_field"": 0, ""entity_id_field"": 0, ""group"": 0, ""room"": 3, ""unknown_a3"": 0, ""position"": [-243.6674041748047, 10.0, -240.1308135986328], ""angles"": [0, 0, 60], ""params"": [1.0, 1.0, 1.0, 200, 0, 0], ""unused_pointer"": 0}"
extermination-ep2/q174-bb-e,5,177,"{""base_type"": 37, ""set_flags"": 0, ""runtime_index"": 0, ""file_offset"": 15672, ""floor_field"": 0, ""entity_id_field"": 0, ""group"": 0, ""room"": 9, ""unknown_a3"": 0, ""position"": [113.02665710449219, 0.0, -14.41054916381836], ""angles"": [0, 0, 60], ""params"": [1.0, 1.0, 1.0, 120, 0, 0], ""unused_pointer"": 0}"
extermination-ep2/q174-bb-e,5,186,"{""base_type"": 37, ""set_flags"": 0, ""runtime_index"": 0, ""file_offset"": 16284, ""floor_field"": 0, ""entity_id_field"": 0, ""group"": 0, ""room"": 4, ""unknown_a3"": 0, ""position"": [51.072837829589844, 50.0, 18.593082427978516], ""angles"": [0, 0, 60], ""params"": [1.0, 1.0, 1.0, 92, 0, 0], ""unused_pointer"": 0}"
extermination-ep2/q174-bb-e,5,191,"{""base_type"": 37, ""set_flags"": 0, ""runtime_index"": 0, ""file_offset"": 16624, ""floor_field"": 0, ""entity_id_field"": 0, ""group"": 0, ""room"": 3, ""unknown_a3"": 0, ""position"": [-23.858325958251953, 50.0, 6.429397106170654], ""angles"": [0, 0, 120], ""params"": [1.0, 1.0, 1.0, 93, 0, 0], ""unused_pointer"": 0}"
extermination-ep2/q174-bb-e,5,230,"{""base_type"": 37, ""set_flags"": 0, ""runtime_index"": 0, ""file_offset"": 19276, ""floor_field"": 0, ""entity_id_field"": 0, ""group"": 2, ""room"": 10, ""unknown_a3"": 0, ""position"": [-76.91242980957031, 0.0, 2.110428810119629], ""angles"": [0, 0, 180], ""params"": [1.0, 1.0, 1.0, 94, 0, 0], ""unused_pointer"": 0}"
extermination-ep2/q175-bb-e,10,196,"{""base_type"": 37, ""set_flags"": 0, ""runtime_index"": 0, ""file_offset"": 16964, ""floor_field"": 0, ""entity_id_field"": 0, ""group"": 0, ""room"": 251, ""unknown_a3"": 0, ""position"": [-11.669778823852539, -30.0, -26.8043212890625], ""angles"": [0, 0, 60], ""params"": [1.0, 1.0, 1.0, 121, 0, 0], ""unused_pointer"": 0}"
extermination-ep2/q175-bb-e,10,199,"{""base_type"": 37, ""set_flags"": 0, ""runtime_index"": 0, ""file_offset"": 17168, ""floor_field"": 0, ""entity_id_field"": 0, ""group"": 0, ""room"": 252, ""unknown_a3"": 0, ""position"": [-10.527341842651367, 0.0, -17.157119750976562], ""angles"": [0, 0, 80], ""params"": [1.0, 1.0, 1.0, 119, 0, 0], ""unused_pointer"": 0}"
extermination-ep2/q175-bb-e,10,208,"{""base_type"": 37, ""set_flags"": 0, ""runtime_index"": 0, ""file_offset"": 17780, ""floor_field"": 0, ""entity_id_field"": 0, ""group"": 0, ""room"": 240, ""unknown_a3"": 0, ""position"": [16.89008331298828, 0.0, -14.846842765808105], ""angles"": [0, 0, 100], ""params"": [1.0, 1.0, 1.0, 118, 0, 0], ""unused_pointer"": 0}"
extermination-ep2/q175-bb-e,10,210,"{""base_type"": 37, ""set_flags"": 0, ""runtime_index"": 0, ""file_offset"": 17916, ""floor_field"": 0, ""entity_id_field"": 0, ""group"": 0, ""room"": 250, ""unknown_a3"": 0, ""position"": [-10.784101486206055, 0.0, -14.368650436401367], ""angles"": [0, 0, 80], ""params"": [1.0, 1.0, 1.0, 117, 0, 0], ""unused_pointer"": 0}"
extermination-ep2/q176-bb-e,16,299,"{""base_type"": 37, ""set_flags"": 0, ""runtime_index"": 0, ""file_offset"": 24596, ""floor_field"": 0, ""entity_id_field"": 0, ""group"": 0, ""room"": 21, ""unknown_a3"": 0, ""position"": [311.4569396972656, -11.0, -252.0526885986328], ""angles"": [0, 0, 120], ""params"": [1.0, 1.0, 1.0, 70, 0, 0], ""unused_pointer"": 0}"
extermination-ep2/q176-bb-e,17,206,"{""base_type"": 37, ""set_flags"": 0, ""runtime_index"": 0, ""file_offset"": 40728, ""floor_field"": 0, ""entity_id_field"": 0, ""group"": 0, ""room"": 4, ""unknown_a3"": 0, ""position"": [201.01846313476562, -11.600000381469727, -194.69923400878906], ""angles"": [0, 0, 60], ""params"": [1.0, 1.0, 1.0, 60, 0, 0], ""unused_pointer"": 0}"
extermination-ep2/q176-bb-e,17,275,"{""base_type"": 37, ""set_flags"": 0, ""runtime_index"": 0, ""file_offset"": 45420, ""floor_field"": 0, ""entity_id_field"": 0, ""group"": 0, ""room"": 5, ""unknown_a3"": 0, ""position"": [351.18841552734375, -21.0, -79.29283142089844], ""angles"": [0, 0, 90], ""params"": [1.0, 1.0, 1.0, 61, 0, 0], ""unused_pointer"": 0}"
extermination-ep2/q176-bb-e,17,276,"{""base_type"": 37, ""set_flags"": 0, ""runtime_index"": 0, ""file_offset"": 45488, ""floor_field"": 0, ""entity_id_field"": 0, ""group"": 0, ""room"": 5, ""unknown_a3"": 0, ""position"": [303.30999755859375, -21.0, -79.29283142089844], ""angles"": [0, 0, 90], ""params"": [90.0, 1.0, 1.0, 62, 0, 0], ""unused_pointer"": 0}"
extermination-ep2/q176-bb-e,17,301,"{""base_type"": 37, ""set_flags"": 0, ""runtime_index"": 0, ""file_offset"": 47188, ""floor_field"": 0, ""entity_id_field"": 0, ""group"": 0, ""room"": 5, ""unknown_a3"": 0, ""position"": [296.9327697753906, -16.399999618530273, -237.3848419189453], ""angles"": [0, 0, 150], ""params"": [1.0, 1.0, 1.0, 63, 0, 0], ""unused_pointer"": 0}"
government-ep2/q451-bb-e,1,182,"{""base_type"": 37, ""set_flags"": 2, ""runtime_index"": 235, ""file_offset"": 16012, ""floor_field"": 2, ""entity_id_field"": 16619, ""group"": 0, ""room"": 103, ""unknown_a3"": 0, ""position"": [15.995192527770996, 40.0, -50.001766204833984], ""angles"": [0, -16382, 150], ""params"": [1.0, 1.0, 1.0, 106, 0, 0], ""unused_pointer"": 124332304}"
government-ep2/q451-bb-j,1,182,"{""base_type"": 37, ""set_flags"": 2, ""runtime_index"": 235, ""file_offset"": 16012, ""floor_field"": 2, ""entity_id_field"": 16619, ""group"": 0, ""room"": 103, ""unknown_a3"": 0, ""position"": [15.995192527770996, 40.0, -50.001766204833984], ""angles"": [0, -16382, 150], ""params"": [1.0, 1.0, 1.0, 106, 0, 0], ""unused_pointer"": 124332304}"
government-ep2/q452-bb-e,2,104,"{""base_type"": 37, ""set_flags"": 2, ""runtime_index"": 338, ""file_offset"": 23032, ""floor_field"": 1, ""entity_id_field"": 16722, ""group"": 0, ""room"": 60, ""unknown_a3"": 0, ""position"": [0.0, 30.0, -20.0], ""angles"": [-1, -49152, 300], ""params"": [1.0, 1.0, 1.0, 6946921, 6946816, 6946816], ""unused_pointer"": 118389856}"
government-ep2/q452-bb-j,2,104,"{""base_type"": 37, ""set_flags"": 2, ""runtime_index"": 338, ""file_offset"": 23032, ""floor_field"": 1, ""entity_id_field"": 16722, ""group"": 0, ""room"": 60, ""unknown_a3"": 0, ""position"": [0.0, 30.0, -20.0], ""angles"": [-1, -49152, 300], ""params"": [1.0, 1.0, 1.0, 6946921, 6946816, 6946816], ""unused_pointer"": 118389856}"
government-ep2/q454-bb-e,1,196,"{""base_type"": 37, ""set_flags"": 2, ""runtime_index"": 249, ""file_offset"": 16964, ""floor_field"": 2, ""entity_id_field"": 16633, ""group"": 0, ""room"": 103, ""unknown_a3"": 0, ""position"": [15.995193481445312, 40.0, -50.0018310546875], ""angles"": [0, -16382, 150], ""params"": [1.0, 1.0, 1.0, 106, 0, 0], ""unused_pointer"": 118244656}"
government-ep2/q454-bb-e,2,120,"{""base_type"": 37, ""set_flags"": 2, ""runtime_index"": 383, ""file_offset"": 26092, ""floor_field"": 1, ""entity_id_field"": 16767, ""group"": 0, ""room"": 60, ""unknown_a3"": 0, ""position"": [0.0, 30.0, -20.0], ""angles"": [-1, -49152, 300], ""params"": [1.0, 1.0, 1.0, 6946921, 6946816, 6946816], ""unused_pointer"": 118193504}"
government-ep2/q454-bb-j,1,196,"{""base_type"": 37, ""set_flags"": 2, ""runtime_index"": 249, ""file_offset"": 16964, ""floor_field"": 2, ""entity_id_field"": 16633, ""group"": 0, ""room"": 103, ""unknown_a3"": 0, ""position"": [15.995193481445312, 40.0, -50.0018310546875], ""angles"": [0, -16382, 150], ""params"": [1.0, 1.0, 1.0, 106, 0, 0], ""unused_pointer"": 118244656}"
government-ep2/q454-bb-j,2,120,"{""base_type"": 37, ""set_flags"": 2, ""runtime_index"": 383, ""file_offset"": 26092, ""floor_field"": 1, ""entity_id_field"": 16767, ""group"": 0, ""room"": 60, ""unknown_a3"": 0, ""position"": [0.0, 30.0, -20.0], ""angles"": [-1, -49152, 300], ""params"": [1.0, 1.0, 1.0, 6946921, 6946816, 6946816], ""unused_pointer"": 118193504}"
government-ep2/q461-bb-e,5,45,"{""base_type"": 37, ""set_flags"": 512, ""runtime_index"": 23555, ""file_offset"": 6696, ""floor_field"": 5, ""entity_id_field"": 23619, ""group"": 0, ""room"": 3, ""unknown_a3"": 0, ""position"": [0.0, 80.0, -5.0], ""angles"": [0, 0, 300], ""params"": [1.0, 1.0, 1.0, 100, 0, 0], ""unused_pointer"": 1353511808}"
government-ep2/q461-bb-e,5,53,"{""base_type"": 37, ""set_flags"": 512, ""runtime_index"": 24835, ""file_offset"": 7240, ""floor_field"": 5, ""entity_id_field"": 24899, ""group"": 0, ""room"": 4, ""unknown_a3"": 0, ""position"": [0.0, 80.0, 0.0], ""angles"": [0, 0, 300], ""params"": [1.0, 1.0, 1.0, 101, 0, 0], ""unused_pointer"": 817034112}"
government-ep2/q461-bb-e,5,75,"{""base_type"": 37, ""set_flags"": 512, ""runtime_index"": 32259, ""file_offset"": 8736, ""floor_field"": 5, ""entity_id_field"": 32323, ""group"": 0, ""room"": 5, ""unknown_a3"": 0, ""position"": [0.0, 80.0, 0.0], ""angles"": [0, 0, 300], ""params"": [1.0, 1.0, 1.0, 102, 0, 0], ""unused_pointer"": 2416374912}"
government-ep2/q461-bb-e,5,80,"{""base_type"": 37, ""set_flags"": 0, ""runtime_index"": 13062, ""file_offset"": 9076, ""floor_field"": 5, ""entity_id_field"": 26950, ""group"": 0, ""room"": 6, ""unknown_a3"": 0, ""position"": [0.0, 80.0, 0.0], ""angles"": [0, 0, 300], ""params"": [1.0, 1.0, 1.0, 104, 0, 0], ""unused_pointer"": 2966287232}"
government-ep2/q461-bb-j,5,45,"{""base_type"": 37, ""set_flags"": 512, ""runtime_index"": 23555, ""file_offset"": 6696, ""floor_field"": 5, ""entity_id_field"": 23619, ""group"": 0, ""room"": 3, ""unknown_a3"": 0, ""position"": [0.0, 80.0, -5.0], ""angles"": [0, 0, 300], ""params"": [1.0, 1.0, 1.0, 100, 0, 0], ""unused_pointer"": 1353511808}"
government-ep2/q461-bb-j,5,53,"{""base_type"": 37, ""set_flags"": 512, ""runtime_index"": 24835, ""file_offset"": 7240, ""floor_field"": 5, ""entity_id_field"": 24899, ""group"": 0, ""room"": 4, ""unknown_a3"": 0, ""position"": [0.0, 80.0, 0.0], ""angles"": [0, 0, 300], ""params"": [1.0, 1.0, 1.0, 101, 0, 0], ""unused_pointer"": 817034112}"
government-ep2/q461-bb-j,5,75,"{""base_type"": 37, ""set_flags"": 512, ""runtime_index"": 32259, ""file_offset"": 8736, ""floor_field"": 5, ""entity_id_field"": 32323, ""group"": 0, ""room"": 5, ""unknown_a3"": 0, ""position"": [0.0, 80.0, 0.0], ""angles"": [0, 0, 300], ""params"": [1.0, 1.0, 1.0, 102, 0, 0], ""unused_pointer"": 2416374912}"
government-ep2/q461-bb-j,5,80,"{""base_type"": 37, ""set_flags"": 0, ""runtime_index"": 13062, ""file_offset"": 9076, ""floor_field"": 5, ""entity_id_field"": 26950, ""group"": 0, ""room"": 6, ""unknown_a3"": 0, ""position"": [0.0, 80.0, 0.0], ""angles"": [0, 0, 300], ""params"": [1.0, 1.0, 1.0, 104, 0, 0], ""unused_pointer"": 2966287232}"
government-ep2/q464-bb-e,5,44,"{""base_type"": 37, ""set_flags"": 512, ""runtime_index"": 23555, ""file_offset"": 6628, ""floor_field"": 5, ""entity_id_field"": 23619, ""group"": 0, ""room"": 3, ""unknown_a3"": 0, ""position"": [0.0, 80.0, -5.0], ""angles"": [0, 0, 300], ""params"": [1.0, 1.0, 1.0, 100, 0, 0], ""unused_pointer"": 1353511808}"
government-ep2/q464-bb-e,5,53,"{""base_type"": 37, ""set_flags"": 512, ""runtime_index"": 24835, ""file_offset"": 7240, ""floor_field"": 5, ""entity_id_field"": 46664, ""group"": 0, ""room"": 4, ""unknown_a3"": 0, ""position"": [0.0, 80.0, 0.0], ""angles"": [0, 0, 300], ""params"": [1.0, 1.0, 1.0, 101, 0, 0], ""unused_pointer"": 268952448}"
government-ep2/q464-bb-e,5,76,"{""base_type"": 37, ""set_flags"": 512, ""runtime_index"": 32259, ""file_offset"": 8804, ""floor_field"": 5, ""entity_id_field"": 52296, ""group"": 0, ""room"": 5, ""unknown_a3"": 0, ""position"": [0.0, 80.0, 0.0], ""angles"": [0, 0, 300], ""params"": [1.0, 1.0, 1.0, 102, 0, 0], ""unused_pointer"": 1884152704}"
government-ep2/q464-bb-e,5,81,"{""base_type"": 37, ""set_flags"": 0, ""runtime_index"": 13062, ""file_offset"": 9144, ""floor_field"": 5, ""entity_id_field"": 26950, ""group"": 0, ""room"": 6, ""unknown_a3"": 0, ""position"": [0.0, 80.0, 0.0], ""angles"": [0, 0, 300], ""params"": [1.0, 1.0, 1.0, 104, 0, 0], ""unused_pointer"": 2966287232}"
government-ep2/q464-bb-j,5,44,"{""base_type"": 37, ""set_flags"": 512, ""runtime_index"": 23555, ""file_offset"": 6628, ""floor_field"": 5, ""entity_id_field"": 23619, ""group"": 0, ""room"": 3, ""unknown_a3"": 0, ""position"": [0.0, 80.0, -5.0], ""angles"": [0, 0, 300], ""params"": [1.0, 1.0, 1.0, 100, 0, 0], ""unused_pointer"": 1353511808}"
government-ep2/q464-bb-j,5,53,"{""base_type"": 37, ""set_flags"": 512, ""runtime_index"": 24835, ""file_offset"": 7240, ""floor_field"": 5, ""entity_id_field"": 46664, ""group"": 0, ""room"": 4, ""unknown_a3"": 0, ""position"": [0.0, 80.0, 0.0], ""angles"": [0, 0, 300], ""params"": [1.0, 1.0, 1.0, 101, 0, 0], ""unused_pointer"": 268952448}"
government-ep2/q464-bb-j,5,76,"{""base_type"": 37, ""set_flags"": 512, ""runtime_index"": 32259, ""file_offset"": 8804, ""floor_field"": 5, ""entity_id_field"": 52296, ""group"": 0, ""room"": 5, ""unknown_a3"": 0, ""position"": [0.0, 80.0, 0.0], ""angles"": [0, 0, 300], ""params"": [1.0, 1.0, 1.0, 102, 0, 0], ""unused_pointer"": 1884152704}"
government-ep2/q464-bb-j,5,81,"{""base_type"": 37, ""set_flags"": 0, ""runtime_index"": 13062, ""file_offset"": 9144, ""floor_field"": 5, ""entity_id_field"": 26950, ""group"": 0, ""room"": 6, ""unknown_a3"": 0, ""position"": [0.0, 80.0, 0.0], ""angles"": [0, 0, 300], ""params"": [1.0, 1.0, 1.0, 104, 0, 0], ""unused_pointer"": 2966287232}"
government-ep2/q465-bb-e,5,71,"{""base_type"": 37, ""set_flags"": 512, ""runtime_index"": 34563, ""file_offset"": 8464, ""floor_field"": 5, ""entity_id_field"": 30792, ""group"": 0, ""room"": 4, ""unknown_a3"": 0, ""position"": [-10.0, 84.46250915527344, -0.239990234375], ""angles"": [0, 0, 300], ""params"": [1.0, 1.0, 1.0, 111, 0, 0], ""unused_pointer"": 2686581376}"
government-ep2/q465-bb-e,5,105,"{""base_type"": 37, ""set_flags"": 512, ""runtime_index"": 43523, ""file_offset"": 10776, ""floor_field"": 5, ""entity_id_field"": 43587, ""group"": 0, ""room"": 6, ""unknown_a3"": 0, ""position"": [0.0, 80.0, 0.0], ""angles"": [0, 0, 300], ""params"": [1.0, 1.0, 1.0, 113, 0, 0], ""unused_pointer"": 2162751104}"
government-ep2/q465-bb-e,8,117,"{""base_type"": 37, ""set_flags"": 0, ""runtime_index"": 64773, ""file_offset"": 41220, ""floor_field"": 8, ""entity_id_field"": 6470, ""group"": 0, ""room"": 3, ""unknown_a3"": 0, ""position"": [-196.47999572753906, -65.21247863769531, -35.4200439453125], ""angles"": [1, 0, 0], ""params"": [1.0, 1.0, 1.0, 1179758, 0, 0], ""unused_pointer"": 4192128}"
government-ep2/q465-bb-j,5,71,"{""base_type"": 37, ""set_flags"": 512, ""runtime_index"": 34563, ""file_offset"": 8464, ""floor_field"": 5, ""entity_id_field"": 30792, ""group"": 0, ""room"": 4, ""unknown_a3"": 0, ""position"": [-10.0, 84.46250915527344, -0.239990234375], ""angles"": [0, 0, 300], ""params"": [1.0, 1.0, 1.0, 111, 0, 0], ""unused_pointer"": 2686581376}"
government-ep2/q465-bb-j,5,105,"{""base_type"": 37, ""set_flags"": 512, ""runtime_index"": 43523, ""file_offset"": 10776, ""floor_field"": 5, ""entity_id_field"": 43587, ""group"": 0, ""room"": 6, ""unknown_a3"": 0, ""position"": [0.0, 80.0, 0.0], ""angles"": [0, 0, 300], ""params"": [1.0, 1.0, 1.0, 113, 0, 0], ""unused_pointer"": 2162751104}"
government-ep2/q465-bb-j,8,117,"{""base_type"": 37, ""set_flags"": 0, ""runtime_index"": 64773, ""file_offset"": 41220, ""floor_field"": 8, ""entity_id_field"": 6470, ""group"": 0, ""room"": 3, ""unknown_a3"": 0, ""position"": [-196.47999572753906, -65.21247863769531, -35.4200439453125], ""angles"": [1, 0, 0], ""params"": [1.0, 1.0, 1.0, 1179758, 0, 0], ""unused_pointer"": 4192128}"
government-ep2/q467-bb-e,11,193,"{""base_type"": 37, ""set_flags"": 2, ""runtime_index"": 246, ""file_offset"": 16760, ""floor_field"": 11, ""entity_id_field"": 16630, ""group"": 0, ""room"": 90, ""unknown_a3"": 0, ""position"": [-10.0, 40.0, -10.0], ""angles"": [0, 0, 600], ""params"": [1.0, 1.0, 1.0, 103, 0, 0], ""unused_pointer"": 118221056}"
government-ep2/q467-bb-j,11,193,"{""base_type"": 37, ""set_flags"": 2, ""runtime_index"": 246, ""file_offset"": 16760, ""floor_field"": 11, ""entity_id_field"": 16630, ""group"": 0, ""room"": 90, ""unknown_a3"": 0, ""position"": [-10.0, 40.0, -10.0], ""angles"": [0, 0, 600], ""params"": [1.0, 1.0, 1.0, 103, 0, 0], ""unused_pointer"": 118221056}"
government-ep4/q706-bb-e,7,24,"{""base_type"": 37, ""set_flags"": 0, ""runtime_index"": 1300, ""file_offset"": 3500, ""floor_field"": 7, ""entity_id_field"": 17719, ""group"": 0, ""room"": 10, ""unknown_a3"": 0, ""position"": [392.2527160644531, 0.0, -134.2345733642578], ""angles"": [0, 1, 608], ""params"": [1.0, 1.0, 1.0, 10, 0, 0], ""unused_pointer"": 76918112}"
government-ep4/q706-bb-e,7,27,"{""base_type"": 37, ""set_flags"": 0, ""runtime_index"": 1301, ""file_offset"": 3704, ""floor_field"": 7, ""entity_id_field"": 17722, ""group"": 0, ""room"": 10, ""unknown_a3"": 0, ""position"": [130.9243927001953, 0.0, 82.02867889404297], ""angles"": [0, 1, 608], ""params"": [1.0, 1.0, 1.0, 11, 0, 0], ""unused_pointer"": 76919312}"
government-ep4/q706-bb-e,7,30,"{""base_type"": 37, ""set_flags"": 0, ""runtime_index"": 1312, ""file_offset"": 3908, ""floor_field"": 7, ""entity_id_field"": 17725, ""group"": 0, ""room"": 10, ""unknown_a3"": 0, ""position"": [372.2171936035156, 0.0, -379.7768249511719], ""angles"": [0, 1, 608], ""params"": [1.0, 1.0, 1.0, 12, 0, 0], ""unused_pointer"": 76920512}"
government-ep4/q706-bb-e,7,34,"{""base_type"": 37, ""set_flags"": 0, ""runtime_index"": 1317, ""file_offset"": 4180, ""floor_field"": 7, ""entity_id_field"": 17729, ""group"": 0, ""room"": 10, ""unknown_a3"": 0, ""position"": [-387.1937561035156, 0.0, -355.40228271484375], ""angles"": [0, 1, 608], ""params"": [1.0, 1.0, 1.0, 13, 0, 0], ""unused_pointer"": 76922208}"
government-ep4/q706-bb-j,7,24,"{""base_type"": 37, ""set_flags"": 0, ""runtime_index"": 1300, ""file_offset"": 3500, ""floor_field"": 7, ""entity_id_field"": 17719, ""group"": 0, ""room"": 10, ""unknown_a3"": 0, ""position"": [392.2527160644531, 0.0, -134.2345733642578], ""angles"": [0, 1, 608], ""params"": [1.0, 1.0, 1.0, 10, 0, 0], ""unused_pointer"": 76918112}"
government-ep4/q706-bb-j,7,27,"{""base_type"": 37, ""set_flags"": 0, ""runtime_index"": 1301, ""file_offset"": 3704, ""floor_field"": 7, ""entity_id_field"": 17722, ""group"": 0, ""room"": 10, ""unknown_a3"": 0, ""position"": [130.9243927001953, 0.0, 82.02867889404297], ""angles"": [0, 1, 608], ""params"": [1.0, 1.0, 1.0, 11, 0, 0], ""unused_pointer"": 76919312}"
government-ep4/q706-bb-j,7,30,"{""base_type"": 37, ""set_flags"": 0, ""runtime_index"": 1312, ""file_offset"": 3908, ""floor_field"": 7, ""entity_id_field"": 17725, ""group"": 0, ""room"": 10, ""unknown_a3"": 0, ""position"": [372.2171936035156, 0.0, -379.7768249511719], ""angles"": [0, 1, 608], ""params"": [1.0, 1.0, 1.0, 12, 0, 0], ""unused_pointer"": 76920512}"
government-ep4/q706-bb-j,7,34,"{""base_type"": 37, ""set_flags"": 0, ""runtime_index"": 1317, ""file_offset"": 4180, ""floor_field"": 7, ""entity_id_field"": 17729, ""group"": 0, ""room"": 10, ""unknown_a3"": 0, ""position"": [-387.1937561035156, 0.0, -355.40228271484375], ""angles"": [0, 1, 608], ""params"": [1.0, 1.0, 1.0, 13, 0, 0], ""unused_pointer"": 76922208}"
government-ep4/q707-bb-e,8,36,"{""base_type"": 37, ""set_flags"": 0, ""runtime_index"": 1277, ""file_offset"": 4316, ""floor_field"": 8, ""entity_id_field"": 17794, ""group"": 0, ""room"": 30, ""unknown_a3"": 0, ""position"": [126.63580322265625, 0.3880012035369873, 89.43817138671875], ""angles"": [0, 1, 600], ""params"": [1.0, 1.0, 1.0, 200, 0, 0], ""unused_pointer"": 71252752}"
government-ep4/q707-bb-j,8,36,"{""base_type"": 37, ""set_flags"": 0, ""runtime_index"": 1277, ""file_offset"": 4316, ""floor_field"": 8, ""entity_id_field"": 17794, ""group"": 0, ""room"": 30, ""unknown_a3"": 0, ""position"": [126.63580322265625, 0.3880012035369873, 89.43817138671875], ""angles"": [0, 1, 600], ""params"": [1.0, 1.0, 1.0, 200, 0, 0], ""unused_pointer"": 71252752}"
maximum-attack-ep1/q142-bb-e,5,115,"{""base_type"": 37, ""set_flags"": 0, ""runtime_index"": 1790, ""file_offset"": 21264, ""floor_field"": 5, ""entity_id_field"": 18262, ""group"": 0, ""room"": 40, ""unknown_a3"": 0, ""position"": [-57.0, 40.00001525878906, 305.0], ""angles"": [0, -49151, 300], ""params"": [1.0, 1.0, 1.0, 105, 0, 0], ""unused_pointer"": 2365300000}"
maximum-attack-ep1/q142-bb-j,5,115,"{""base_type"": 37, ""set_flags"": 0, ""runtime_index"": 1790, ""file_offset"": 21264, ""floor_field"": 5, ""entity_id_field"": 18262, ""group"": 0, ""room"": 40, ""unknown_a3"": 0, ""position"": [-57.0, 40.00001525878906, 305.0], ""angles"": [0, -49151, 300], ""params"": [1.0, 1.0, 1.0, 105, 0, 0], ""unused_pointer"": 2365300000}"
maximum-attack-ep1/q237-bb-e,5,115,"{""base_type"": 37, ""set_flags"": 2, ""runtime_index"": 284, ""file_offset"": 19156, ""floor_field"": 5, ""entity_id_field"": 16668, ""group"": 0, ""room"": 40, ""unknown_a3"": 0, ""position"": [-57.0, 40.00001525878906, 305.0], ""angles"": [0, -49151, 300], ""params"": [1.0, 1.0, 1.0, 105, 0, 0], ""unused_pointer"": 70095552}"
maximum-attack-ep1/q237-bb-j,5,115,"{""base_type"": 37, ""set_flags"": 2, ""runtime_index"": 284, ""file_offset"": 19156, ""floor_field"": 5, ""entity_id_field"": 16668, ""group"": 0, ""room"": 40, ""unknown_a3"": 0, ""position"": [-57.0, 40.00001525878906, 305.0], ""angles"": [0, -49151, 300], ""params"": [1.0, 1.0, 1.0, 105, 0, 0], ""unused_pointer"": 70095552}"
maximum-attack-ep2/q211-bb-e,5,39,"{""base_type"": 37, ""set_flags"": 512, ""runtime_index"": 23555, ""file_offset"": 24680, ""floor_field"": 5, ""entity_id_field"": 36937, ""group"": 0, ""room"": 3, ""unknown_a3"": 0, ""position"": [0.0, 80.0, -5.0], ""angles"": [0, 0, 300], ""params"": [1.0, 1.0, 1.0, 100, 0, 0], ""unused_pointer"": 2422334080}"
maximum-attack-ep2/q211-bb-e,5,48,"{""base_type"": 37, ""set_flags"": 512, ""runtime_index"": 24835, ""file_offset"": 25292, ""floor_field"": 5, ""entity_id_field"": 37704, ""group"": 0, ""room"": 4, ""unknown_a3"": 0, ""position"": [0.0, 80.0, 0.0], ""angles"": [0, 0, 300], ""params"": [1.0, 1.0, 1.0, 101, 0, 0], ""unused_pointer"": 1890771584}"
maximum-attack-ep2/q211-bb-e,5,67,"{""base_type"": 37, ""set_flags"": 512, ""runtime_index"": 32259, ""file_offset"": 26584, ""floor_field"": 5, ""entity_id_field"": 42056, ""group"": 0, ""room"": 5, ""unknown_a3"": 0, ""position"": [0.0, 80.0, 0.0], ""angles"": [0, 0, 300], ""params"": [1.0, 1.0, 1.0, 102, 0, 0], ""unused_pointer"": 551740032}"
maximum-attack-ep2/q211-bb-e,5,72,"{""base_type"": 37, ""set_flags"": 0, ""runtime_index"": 13062, ""file_offset"": 26924, ""floor_field"": 5, ""entity_id_field"": 26950, ""group"": 0, ""room"": 6, ""unknown_a3"": 0, ""position"": [0.0, 80.0, 0.0], ""angles"": [0, 0, 300], ""params"": [1.0, 1.0, 1.0, 104, 0, 0], ""unused_pointer"": 2966287232}"
maximum-attack-ep2/q494-bb-e,5,39,"{""base_type"": 37, ""set_flags"": 512, ""runtime_index"": 23555, ""file_offset"": 24748, ""floor_field"": 5, ""entity_id_field"": 18538, ""group"": 0, ""room"": 3, ""unknown_a3"": 0, ""position"": [0.0, 80.0, -5.0], ""angles"": [0, 0, 300], ""params"": [1.0, 1.0, 1.0, 100, 0, 0], ""unused_pointer"": 69915424}"
maximum-attack-ep2/q494-bb-e,5,48,"{""base_type"": 37, ""set_flags"": 512, ""runtime_index"": 24835, ""file_offset"": 25360, ""floor_field"": 5, ""entity_id_field"": 18547, ""group"": 0, ""room"": 4, ""unknown_a3"": 0, ""position"": [0.0, 80.0, 0.0], ""angles"": [0, 0, 300], ""params"": [1.0, 1.0, 1.0, 101, 0, 0], ""unused_pointer"": 69920288}"
maximum-attack-ep2/q494-bb-e,5,67,"{""base_type"": 37, ""set_flags"": 512, ""runtime_index"": 32259, ""file_offset"": 26652, ""floor_field"": 5, ""entity_id_field"": 18566, ""group"": 0, ""room"": 5, ""unknown_a3"": 0, ""position"": [0.0, 80.0, 0.0], ""angles"": [0, 0, 300], ""params"": [1.0, 1.0, 1.0, 102, 0, 0], ""unused_pointer"": 69935200}"
maximum-attack-ep2/q494-bb-e,5,72,"{""base_type"": 37, ""set_flags"": 0, ""runtime_index"": 13062, ""file_offset"": 26992, ""floor_field"": 5, ""entity_id_field"": 18571, ""group"": 0, ""room"": 6, ""unknown_a3"": 0, ""position"": [0.0, 80.0, 0.0], ""angles"": [0, 0, 300], ""params"": [1.0, 1.0, 1.0, 104, 0, 0], ""unused_pointer"": 69938384}"
maximum-attack-ep2/q494-bb-j,5,39,"{""base_type"": 37, ""set_flags"": 512, ""runtime_index"": 23555, ""file_offset"": 24748, ""floor_field"": 5, ""entity_id_field"": 18538, ""group"": 0, ""room"": 3, ""unknown_a3"": 0, ""position"": [0.0, 80.0, -5.0], ""angles"": [0, 0, 300], ""params"": [1.0, 1.0, 1.0, 100, 0, 0], ""unused_pointer"": 69915424}"
maximum-attack-ep2/q494-bb-j,5,48,"{""base_type"": 37, ""set_flags"": 512, ""runtime_index"": 24835, ""file_offset"": 25360, ""floor_field"": 5, ""entity_id_field"": 18547, ""group"": 0, ""room"": 4, ""unknown_a3"": 0, ""position"": [0.0, 80.0, 0.0], ""angles"": [0, 0, 300], ""params"": [1.0, 1.0, 1.0, 101, 0, 0], ""unused_pointer"": 69920288}"
maximum-attack-ep2/q494-bb-j,5,67,"{""base_type"": 37, ""set_flags"": 512, ""runtime_index"": 32259, ""file_offset"": 26652, ""floor_field"": 5, ""entity_id_field"": 18566, ""group"": 0, ""room"": 5, ""unknown_a3"": 0, ""position"": [0.0, 80.0, 0.0], ""angles"": [0, 0, 300], ""params"": [1.0, 1.0, 1.0, 102, 0, 0], ""unused_pointer"": 69935200}"
maximum-attack-ep2/q494-bb-j,5,72,"{""base_type"": 37, ""set_flags"": 0, ""runtime_index"": 13062, ""file_offset"": 26992, ""floor_field"": 5, ""entity_id_field"": 18571, ""group"": 0, ""room"": 6, ""unknown_a3"": 0, ""position"": [0.0, 80.0, 0.0], ""angles"": [0, 0, 300], ""params"": [1.0, 1.0, 1.0, 104, 0, 0], ""unused_pointer"": 69938384}"
retrieval-ep1/q068-bb-e,1,7,"{""base_type"": 37, ""set_flags"": 0, ""runtime_index"": 1962, ""file_offset"": 2276, ""floor_field"": 1, ""entity_id_field"": 18355, ""group"": 0, ""room"": 2, ""unknown_a3"": 0, ""position"": [-394.99981689453125, 40.00001907348633, -50.00189208984375], ""angles"": [0, 1, 570], ""params"": [1.0, 1.0, 1.0, 105, 0, 0], ""unused_pointer"": 2365247568}"
retrieval-ep1/q068-bb-e,1,25,"{""base_type"": 37, ""set_flags"": 0, ""runtime_index"": 1959, ""file_offset"": 3500, ""floor_field"": 1, ""entity_id_field"": 18460, ""group"": 0, ""room"": 5, ""unknown_a3"": 0, ""position"": [85.99752807617188, 45.002647399902344, 55.000244140625], ""angles"": [0, 1, 450], ""params"": [1.0, 1.0, 1.0, 101, 0, 0], ""unused_pointer"": 2365270624}"
retrieval-ep1/q068-bb-e,1,62,"{""base_type"": 37, ""set_flags"": 0, ""runtime_index"": 1958, ""file_offset"": 6016, ""floor_field"": 1, ""entity_id_field"": 18458, ""group"": 0, ""room"": 10, ""unknown_a3"": 0, ""position"": [52.20176696777344, 62.99979019165039, -165.20437622070312], ""angles"": [0, 1, 450], ""params"": [1.0, 1.0, 1.0, 100, 0, 0], ""unused_pointer"": 2365297296}"
retrieval-ep1/q068-bb-e,3,191,"{""base_type"": 37, ""set_flags"": 0, ""runtime_index"": 1962, ""file_offset"": 22284, ""floor_field"": 3, ""entity_id_field"": 18596, ""group"": 0, ""room"": 51, ""unknown_a3"": 0, ""position"": [-60.0, 70.10002899169922, -186.00006103515625], ""angles"": [0, -32767, 540], ""params"": [1.0, 1.0, 1.0, 214, 0, 0], ""unused_pointer"": 2365324880}"
retrieval-ep1/q137-bb-e,2,106,"{""base_type"": 37, ""set_flags"": 0, ""runtime_index"": 343, ""file_offset"": 20040, ""floor_field"": 2, ""entity_id_field"": 18628, ""group"": 0, ""room"": 10, ""unknown_a3"": 0, ""position"": [-85.26679992675781, 46.34870529174805, -226.20127868652344], ""angles"": [1, 0, 1350], ""params"": [1.0, 1.0, 1.0, 2425032, 0, 0], ""unused_pointer"": 2365325600}"
retrieval-ep1/q137-bb-j,2,106,"{""base_type"": 37, ""set_flags"": 0, ""runtime_index"": 343, ""file_offset"": 20040, ""floor_field"": 2, ""entity_id_field"": 18628, ""group"": 0, ""room"": 10, ""unknown_a3"": 0, ""position"": [-85.26679992675781, 46.34870529174805, -226.20127868652344], ""angles"": [1, 0, 1350], ""params"": [1.0, 1.0, 1.0, 2425032, 0, 0], ""unused_pointer"": 2365325600}"
retrieval-ep2/q151-bb-e,16,30,"{""base_type"": 37, ""set_flags"": 0, ""runtime_index"": 0, ""file_offset"": 4588, ""floor_field"": 0, ""entity_id_field"": 0, ""group"": 0, ""room"": 20, ""unknown_a3"": 0, ""position"": [-7.258346080780029, 0.0, -111.5696029663086], ""angles"": [0, 0, 300], ""params"": [1.0, 1.0, 1.0, 121, 0, 0], ""unused_pointer"": 0}"
retrieval-ep2/q151-bb-e,17,204,"{""base_type"": 37, ""set_flags"": 0, ""runtime_index"": 0, ""file_offset"": 30104, ""floor_field"": 0, ""entity_id_field"": 0, ""group"": 0, ""room"": 3, ""unknown_a3"": 0, ""position"": [106.7829818725586, 0.0, -127.33258819580078], ""angles"": [0, 0, 180], ""params"": [1.0, 1.0, 1.0, 131, 0, 0], ""unused_pointer"": 0}"
retrieval-ep2/q152-bb-e,10,47,"{""base_type"": 37, ""set_flags"": 0, ""runtime_index"": 0, ""file_offset"": 5812, ""floor_field"": 0, ""entity_id_field"": 0, ""group"": 0, ""room"": 62, ""unknown_a3"": 0, ""position"": [210.19491577148438, 90.0, -1016.7094116210938], ""angles"": [0, 0, 240], ""params"": [1.0, 1.0, 1.0, 201, 0, 0], ""unused_pointer"": 0}"
retrieval-ep2/q152-bb-e,10,48,"{""base_type"": 37, ""set_flags"": 0, ""runtime_index"": 0, ""file_offset"": 5880, ""floor_field"": 0, ""entity_id_field"": 0, ""group"": 0, ""room"": 70, ""unknown_a3"": 0, ""position"": [6.785576820373535, 90.0, -115.30509948730469], ""angles"": [0, 0, 1800], ""params"": [1.0, 1.0, 1.0, 202, 0, 0], ""unused_pointer"": 0}"
retrieval-ep2/q152-bb-e,11,51,"{""base_type"": 37, ""set_flags"": 0, ""runtime_index"": 0, ""file_offset"": 17864, ""floor_field"": 0, ""entity_id_field"": 0, ""group"": 0, ""room"": 71, ""unknown_a3"": 0, ""position"": [-0.4215201735496521, 20.0, -120.18578338623047], ""angles"": [0, 0, 900], ""params"": [1.0, 1.0, 1.0, 100, 0, 0], ""unused_pointer"": 0}"
retrieval-ep2/q152-bb-e,11,52,"{""base_type"": 37, ""set_flags"": 0, ""runtime_index"": 0, ""file_offset"": 17932, ""floor_field"": 0, ""entity_id_field"": 0, ""group"": 0, ""room"": 251, ""unknown_a3"": 0, ""position"": [-18.170936584472656, -10.0, -75.3961410522461], ""angles"": [0, 0, 150], ""params"": [1.0, 1.0, 1.0, 200, 0, 0], ""unused_pointer"": 0}"
retrieval-ep2/q152-bb-e,11,53,"{""base_type"": 37, ""set_flags"": 0, ""runtime_index"": 0, ""file_offset"": 18000, ""floor_field"": 0, ""entity_id_field"": 0, ""group"": 0, ""room"": 291, ""unknown_a3"": 0, ""position"": [-115.77840423583984, 20.0, -99.1288070678711], ""angles"": [0, 0, 1800], ""params"": [1.0, 1.0, 1.0, 202, 0, 0], ""unused_pointer"": 0}"
retrieval-ep2/q153-bb-e,5,159,"{""base_type"": 37, ""set_flags"": 0, ""runtime_index"": 0, ""file_offset"": 13428, ""floor_field"": 0, ""entity_id_field"": 0, ""group"": 0, ""room"": 5, ""unknown_a3"": 0, ""position"": [5.740622043609619, 0.0, -136.0278778076172], ""angles"": [0, 0, 100], ""params"": [1.0, 1.0, 1.0, 105, 0, 0], ""unused_pointer"": 0}"
retrieval-ep2/q153-bb-e,7,147,"{""base_type"": 37, ""set_flags"": 0, ""runtime_index"": 0, ""file_offset"": 36784, ""floor_field"": 0, ""entity_id_field"": 0, ""group"": 0, ""room"": 3, ""unknown_a3"": 0, ""position"": [23.623184204101562, 0.0, 146.34857177734375], ""angles"": [0, 0, 300], ""params"": [1.0, 1.0, 1.0, 105, 0, 0], ""unused_pointer"": 0}"
retrieval-ep2/q153-bb-e,8,220,"{""base_type"": 37, ""set_flags"": 0, ""runtime_index"": 0, ""file_offset"": 51828, ""floor_field"": 0, ""entity_id_field"": 0, ""group"": 0, ""room"": 8, ""unknown_a3"": 0, ""position"": [126.67655944824219, 0.0, -75.12628936767578], ""angles"": [0, 0, 300], ""params"": [1.0, 1.0, 1.0, 106, 0, 0], ""unused_pointer"": 0}"
retrieval-ep2/q153-bb-e,8,224,"{""base_type"": 37, ""set_flags"": 0, ""runtime_index"": 0, ""file_offset"": 52100, ""floor_field"": 0, ""entity_id_field"": 0, ""group"": 0, ""room"": 8, ""unknown_a3"": 0, ""position"": [148.61795043945312, 0.0, -74.78548431396484], ""angles"": [0, 0, 300], ""params"": [1.0, 1.0, 1.0, 17, 0, 0], ""unused_pointer"": 0}"
seasonal-ep2/q207-bb-e,8,21,"{""base_type"": 37, ""set_flags"": 0, ""runtime_index"": 32776, ""file_offset"": 27808, ""floor_field"": 8, ""entity_id_field"": 22345, ""group"": 0, ""room"": 2, ""unknown_a3"": 0, ""position"": [-19.6300048828125, -83.00999450683594, 106.17999267578125], ""angles"": [0, 1, 330], ""params"": [1.0, 1.0, 1.0, 165, 0, 0], ""unused_pointer"": 818343296}"
seasonal-ep2/q207-bb-j,8,21,"{""base_type"": 37, ""set_flags"": 0, ""runtime_index"": 32776, ""file_offset"": 27808, ""floor_field"": 8, ""entity_id_field"": 22345, ""group"": 0, ""room"": 2, ""unknown_a3"": 0, ""position"": [-19.6300048828125, -83.00999450683594, 106.17999267578125], ""angles"": [0, 1, 330], ""params"": [1.0, 1.0, 1.0, 165, 0, 0], ""unused_pointer"": 818343296}"
seasonal-ep2/q65535-bb-e,5,22,"{""base_type"": 37, ""set_flags"": 512, ""runtime_index"": 23555, ""file_offset"": 6984, ""floor_field"": 5, ""entity_id_field"": 23619, ""group"": 0, ""room"": 3, ""unknown_a3"": 0, ""position"": [0.0, 80.0, -5.0], ""angles"": [0, 0, 300], ""params"": [1.0, 1.0, 1.0, 100, 0, 0], ""unused_pointer"": 1353511808}"
seasonal-ep2/q65535-bb-e,5,24,"{""base_type"": 37, ""set_flags"": 512, ""runtime_index"": 24835, ""file_offset"": 7120, ""floor_field"": 5, ""entity_id_field"": 24899, ""group"": 0, ""room"": 4, ""unknown_a3"": 0, ""position"": [0.0, 80.0, 0.0], ""angles"": [0, 0, 300], ""params"": [1.0, 1.0, 1.0, 101, 0, 0], ""unused_pointer"": 817034112}"
seasonal-ep2/q65535-bb-e,5,37,"{""base_type"": 37, ""set_flags"": 512, ""runtime_index"": 32259, ""file_offset"": 8004, ""floor_field"": 5, ""entity_id_field"": 32323, ""group"": 0, ""room"": 5, ""unknown_a3"": 0, ""position"": [0.0, 80.0, 0.0], ""angles"": [0, 0, 300], ""params"": [1.0, 1.0, 1.0, 102, 0, 0], ""unused_pointer"": 2416374912}"
seasonal-ep2/q65535-bb-e,5,38,"{""base_type"": 37, ""set_flags"": 0, ""runtime_index"": 13062, ""file_offset"": 8072, ""floor_field"": 5, ""entity_id_field"": 26950, ""group"": 0, ""room"": 6, ""unknown_a3"": 0, ""position"": [0.0, 80.0, 0.0], ""angles"": [0, 0, 300], ""params"": [1.0, 1.0, 1.0, 104, 0, 0], ""unused_pointer"": 2966287232}"
shops-ep2/q44-bb-e,5,60,"{""base_type"": 37, ""set_flags"": 512, ""runtime_index"": 40195, ""file_offset"": 10164, ""floor_field"": 5, ""entity_id_field"": 48200, ""group"": 0, ""room"": 5, ""unknown_a3"": 0, ""position"": [0.0, 80.0, 0.0], ""angles"": [0, 0, 300], ""params"": [1.0, 1.0, 1.0, 102, 0, 0], ""unused_pointer"": 3766546304}"
shops-ep2/q44-bb-j,5,60,"{""base_type"": 37, ""set_flags"": 512, ""runtime_index"": 40195, ""file_offset"": 10164, ""floor_field"": 5, ""entity_id_field"": 48200, ""group"": 0, ""room"": 5, ""unknown_a3"": 0, ""position"": [0.0, 80.0, 0.0], ""angles"": [0, 0, 300], ""params"": [1.0, 1.0, 1.0, 102, 0, 0], ""unused_pointer"": 3766546304}"
shops-ep2/q219-bb-e,5,60,"{""base_type"": 37, ""set_flags"": 0, ""runtime_index"": 148, ""file_offset"": 10096, ""floor_field"": 5, ""entity_id_field"": 16532, ""group"": 0, ""room"": 5, ""unknown_a3"": 0, ""position"": [0.0, 80.0, 0.0], ""angles"": [0, 0, 300], ""params"": [1.0, 1.0, 1.0, 102, 0, 0], ""unused_pointer"": 3766546304}"
shops-ep2/q219-bb-j,5,60,"{""base_type"": 37, ""set_flags"": 0, ""runtime_index"": 148, ""file_offset"": 10096, ""floor_field"": 5, ""entity_id_field"": 16532, ""group"": 0, ""room"": 5, ""unknown_a3"": 0, ""position"": [0.0, 80.0, 0.0], ""angles"": [0, 0, 300], ""params"": [1.0, 1.0, 1.0, 102, 0, 0], ""unused_pointer"": 3766546304}"
solo-extra-ep1/q143-bb-e,1,4,"{""base_type"": 37, ""set_flags"": 0, ""runtime_index"": 1627, ""file_offset"": 3976, ""floor_field"": 1, ""entity_id_field"": 17948, ""group"": 0, ""room"": 2, ""unknown_a3"": 0, ""position"": [-148.9752197265625, 37.7068977355957, 55.339599609375], ""angles"": [1, 0, 100], ""params"": [1.0, 1.0, 1.0, 6619236, 0, 0], ""unused_pointer"": 2365247296}"
solo-extra-ep1/q143-bb-e,1,16,"{""base_type"": 37, ""set_flags"": 0, ""runtime_index"": 1609, ""file_offset"": 4792, ""floor_field"": 1, ""entity_id_field"": 17960, ""group"": 0, ""room"": 2, ""unknown_a3"": 0, ""position"": [-148.9752197265625, 57.706905364990234, 55.339599609375], ""angles"": [1, 0, 1], ""params"": [1.0, 1.0, 1.0, 6684773, 0, 0], ""unused_pointer"": 2365249504}"
solo-extra-ep1/q143-bb-e,1,17,"{""base_type"": 37, ""set_flags"": 0, ""runtime_index"": 1619, ""file_offset"": 4860, ""floor_field"": 1, ""entity_id_field"": 17961, ""group"": 0, ""room"": 2, ""unknown_a3"": 0, ""position"": [-148.9752197265625, 67.7069091796875, 55.339599609375], ""angles"": [1, 0, 210], ""params"": [1.0, 1.0, 1.0, 6750310, 0, 0], ""unused_pointer"": 2365249696}"
solo-extra-ep1/q143-bb-e,1,76,"{""base_type"": 37, ""set_flags"": 0, ""runtime_index"": 1880, ""file_offset"": 8872, ""floor_field"": 1, ""entity_id_field"": 18884, ""group"": 0, ""room"": 7, ""unknown_a3"": 0, ""position"": [-204.4322509765625, 25.001792907714844, -89.18975830078125], ""angles"": [0, 1, 750], ""params"": [1.0, 1.0, 1.0, 3, 0, 0], ""unused_pointer"": 2365263520}"
solo-extra-ep1/q143-bb-j,1,4,"{""base_type"": 37, ""set_flags"": 0, ""runtime_index"": 1627, ""file_offset"": 3976, ""floor_field"": 1, ""entity_id_field"": 17948, ""group"": 0, ""room"": 2, ""unknown_a3"": 0, ""position"": [-148.9752197265625, 37.7068977355957, 55.339599609375], ""angles"": [1, 0, 100], ""params"": [1.0, 1.0, 1.0, 6619236, 0, 0], ""unused_pointer"": 2365247296}"
solo-extra-ep1/q143-bb-j,1,16,"{""base_type"": 37, ""set_flags"": 0, ""runtime_index"": 1609, ""file_offset"": 4792, ""floor_field"": 1, ""entity_id_field"": 17960, ""group"": 0, ""room"": 2, ""unknown_a3"": 0, ""position"": [-148.9752197265625, 57.706905364990234, 55.339599609375], ""angles"": [1, 0, 1], ""params"": [1.0, 1.0, 1.0, 6684773, 0, 0], ""unused_pointer"": 2365249504}"
solo-extra-ep1/q143-bb-j,1,17,"{""base_type"": 37, ""set_flags"": 0, ""runtime_index"": 1619, ""file_offset"": 4860, ""floor_field"": 1, ""entity_id_field"": 17961, ""group"": 0, ""room"": 2, ""unknown_a3"": 0, ""position"": [-148.9752197265625, 67.7069091796875, 55.339599609375], ""angles"": [1, 0, 210], ""params"": [1.0, 1.0, 1.0, 6750310, 0, 0], ""unused_pointer"": 2365249696}"
solo-extra-ep1/q143-bb-j,1,76,"{""base_type"": 37, ""set_flags"": 0, ""runtime_index"": 1880, ""file_offset"": 8872, ""floor_field"": 1, ""entity_id_field"": 18884, ""group"": 0, ""room"": 7, ""unknown_a3"": 0, ""position"": [-204.4322509765625, 25.001792907714844, -89.18975830078125], ""angles"": [0, 1, 750], ""params"": [1.0, 1.0, 1.0, 3, 0, 0], ""unused_pointer"": 2365263520}"
solo-story-ep1/q022-bb-e,10,48,"{""base_type"": 37, ""set_flags"": 0, ""runtime_index"": 45063, ""file_offset"": 5064, ""floor_field"": 10, ""entity_id_field"": 18403, ""group"": 0, ""room"": 20, ""unknown_a3"": 0, ""position"": [-50.0, 40.0, -20.0], ""angles"": [0, 1, 900], ""params"": [1.0, 1.0, 1.0, 210, 0, 0], ""unused_pointer"": 2365261200}"
solo-story-ep1/q022-bb-j,10,48,"{""base_type"": 37, ""set_flags"": 0, ""runtime_index"": 45063, ""file_offset"": 5064, ""floor_field"": 10, ""entity_id_field"": 18403, ""group"": 0, ""room"": 20, ""unknown_a3"": 0, ""position"": [-50.0, 40.0, -20.0], ""angles"": [0, 1, 900], ""params"": [1.0, 1.0, 1.0, 210, 0, 0], ""unused_pointer"": 2365261200}"
solo-story-ep1/q027-bb-e,2,46,"{""base_type"": 37, ""set_flags"": 0, ""runtime_index"": 3841, ""file_offset"": 7716, ""floor_field"": 2, ""entity_id_field"": 1865, ""group"": 0, ""room"": 11, ""unknown_a3"": 0, ""position"": [0.0, 40.0, 0.0], ""angles"": [1, 0, 300], ""params"": [1.0, 1.0, 1.0, 7143532, 0, 0], ""unused_pointer"": 2420502400}"
solo-story-ep1/q027-bb-e,2,47,"{""base_type"": 37, ""set_flags"": 0, ""runtime_index"": 4097, ""file_offset"": 7784, ""floor_field"": 2, ""entity_id_field"": 2121, ""group"": 0, ""room"": 11, ""unknown_a3"": 0, ""position"": [0.0, 50.0, 0.0], ""angles"": [1, 0, 300], ""params"": [1.0, 1.0, 1.0, 7209069, 0, 0], ""unused_pointer"": 1615261568}"
solo-story-ep1/q027-bb-e,2,48,"{""base_type"": 37, ""set_flags"": 0, ""runtime_index"": 4353, ""file_offset"": 7852, ""floor_field"": 2, ""entity_id_field"": 2377, ""group"": 0, ""room"": 11, ""unknown_a3"": 0, ""position"": [0.0, 60.0, 0.0], ""angles"": [1, 0, 300], ""params"": [1.0, 1.0, 1.0, 7274606, 0, 0], ""unused_pointer"": 810020736}"
solo-story-ep1/q027-bb-e,2,79,"{""base_type"": 37, ""set_flags"": 0, ""runtime_index"": 13321, ""file_offset"": 9960, ""floor_field"": 2, ""entity_id_field"": 3658, ""group"": 0, ""room"": 41, ""unknown_a3"": 0, ""position"": [20.064453125, 38.31063461303711, 669.998046875], ""angles"": [1, -16383, 0], ""params"": [1.0, 1.0, 1.0, 6750312, 0, 0], ""unused_pointer"": 1351148160}"
solo-story-ep1/q027-bb-e,4,54,"{""base_type"": 37, ""set_flags"": 0, ""runtime_index"": 32258, ""file_offset"": 18884, ""floor_field"": 4, ""entity_id_field"": 33353, ""group"": 0, ""room"": 12, ""unknown_a3"": 0, ""position"": [-40.0, 20.0, 0.0], ""angles"": [1, 0, 30], ""params"": [1.0, 1.0, 1.0, 7471217, 0, 0], ""unused_pointer"": 2423186048}"
solo-story-ep1/q027-bb-e,4,136,"{""base_type"": 37, ""set_flags"": 0, ""runtime_index"": 38408, ""file_offset"": 24460, ""floor_field"": 4, ""entity_id_field"": 31817, ""group"": 0, ""room"": 52, ""unknown_a3"": 0, ""position"": [0.0, 21.0, 220.0], ""angles"": [1, 2, 60], ""params"": [1.0, 1.0, 1.0, 7274606, 0, 0], ""unused_pointer"": 1076883328}"
solo-story-ep1/q027-bb-e,17,72,"{""base_type"": 37, ""set_flags"": 512, ""runtime_index"": 32002, ""file_offset"": 39196, ""floor_field"": 17, ""entity_id_field"": 32066, ""group"": 0, ""room"": 3, ""unknown_a3"": 0, ""position"": [300.05999755859375, 9.09000015258789, -71.1300048828125], ""angles"": [0, 0, 180], ""params"": [1.0, 1.0, 1.0, 111, 0, 0], ""unused_pointer"": 1085792896}"
solo-story-ep1/q027-bb-e,17,73,"{""base_type"": 37, ""set_flags"": 512, ""runtime_index"": 32258, ""file_offset"": 39264, ""floor_field"": 17, ""entity_id_field"": 32322, ""group"": 0, ""room"": 3, ""unknown_a3"": 0, ""position"": [274.1289978027344, 15.164999961853027, -204.2708282470703], ""angles"": [0, 0, 180], ""params"": [1.0, 1.0, 1.0, 112, 0, 0], ""unused_pointer"": 280552064}"
solo-story-ep1/q027-bb-e,17,74,"{""base_type"": 37, ""set_flags"": 512, ""runtime_index"": 32514, ""file_offset"": 39332, ""floor_field"": 17, ""entity_id_field"": 32578, ""group"": 0, ""room"": 3, ""unknown_a3"": 0, ""position"": [138.4101104736328, 28.027498245239258, -282.6170349121094], ""angles"": [0, 0, 180], ""params"": [1.0, 1.0, 1.0, 113, 0, 0], ""unused_pointer"": 3770212992}"
solo-story-ep1/q027-bb-e,17,75,"{""base_type"": 37, ""set_flags"": 512, ""runtime_index"": 32770, ""file_offset"": 39400, ""floor_field"": 17, ""entity_id_field"": 32834, ""group"": 0, ""room"": 3, ""unknown_a3"": 0, ""position"": [-15.7882080078125, 29.227497100830078, -282.1514587402344], ""angles"": [0, 0, 180], ""params"": [1.0, 1.0, 1.0, 114, 0, 0], ""unused_pointer"": 2964972160}"
solo-story-ep1/q027-bb-e,17,195,"{""base_type"": 37, ""set_flags"": 512, ""runtime_index"": 60674, ""file_offset"": 47560, ""floor_field"": 17, ""entity_id_field"": 14923, ""group"": 0, ""room"": 22, ""unknown_a3"": 0, ""position"": [255.4375, 9.15767765045166, -91.03125], ""angles"": [0, 0, 300], ""params"": [1.0, 1.0, 1.0, 125, 0, 0], ""unused_pointer"": 1622795136}"
solo-story-ep1/q027-bb-j,2,46,"{""base_type"": 37, ""set_flags"": 0, ""runtime_index"": 3841, ""file_offset"": 7716, ""floor_field"": 2, ""entity_id_field"": 1865, ""group"": 0, ""room"": 11, ""unknown_a3"": 0, ""position"": [0.0, 40.0, 0.0], ""angles"": [1, 0, 300], ""params"": [1.0, 1.0, 1.0, 7143532, 0, 0], ""unused_pointer"": 2420502400}"
solo-story-ep1/q027-bb-j,2,47,"{""base_type"": 37, ""set_flags"": 0, ""runtime_index"": 4097, ""file_offset"": 7784, ""floor_field"": 2, ""entity_id_field"": 2121, ""group"": 0, ""room"": 11, ""unknown_a3"": 0, ""position"": [0.0, 50.0, 0.0], ""angles"": [1, 0, 300], ""params"": [1.0, 1.0, 1.0, 7209069, 0, 0], ""unused_pointer"": 1615261568}"
solo-story-ep1/q027-bb-j,2,48,"{""base_type"": 37, ""set_flags"": 0, ""runtime_index"": 4353, ""file_offset"": 7852, ""floor_field"": 2, ""entity_id_field"": 2377, ""group"": 0, ""room"": 11, ""unknown_a3"": 0, ""position"": [0.0, 60.0, 0.0], ""angles"": [1, 0, 300], ""params"": [1.0, 1.0, 1.0, 7274606, 0, 0], ""unused_pointer"": 810020736}"
solo-story-ep1/q027-bb-j,2,79,"{""base_type"": 37, ""set_flags"": 0, ""runtime_index"": 13321, ""file_offset"": 9960, ""floor_field"": 2, ""entity_id_field"": 3658, ""group"": 0, ""room"": 41, ""unknown_a3"": 0, ""position"": [20.064453125, 38.31063461303711, 669.998046875], ""angles"": [1, -16383, 0], ""params"": [1.0, 1.0, 1.0, 6750312, 0, 0], ""unused_pointer"": 1351148160}"
solo-story-ep1/q027-bb-j,4,54,"{""base_type"": 37, ""set_flags"": 0, ""runtime_index"": 32258, ""file_offset"": 18884, ""floor_field"": 4, ""entity_id_field"": 33353, ""group"": 0, ""room"": 12, ""unknown_a3"": 0, ""position"": [-40.0, 20.0, 0.0], ""angles"": [1, 0, 30], ""params"": [1.0, 1.0, 1.0, 7471217, 0, 0], ""unused_pointer"": 2423186048}"
solo-story-ep1/q027-bb-j,4,136,"{""base_type"": 37, ""set_flags"": 0, ""runtime_index"": 38408, ""file_offset"": 24460, ""floor_field"": 4, ""entity_id_field"": 31817, ""group"": 0, ""room"": 52, ""unknown_a3"": 0, ""position"": [0.0, 21.0, 220.0], ""angles"": [1, 2, 60], ""params"": [1.0, 1.0, 1.0, 7274606, 0, 0], ""unused_pointer"": 1076883328}"
solo-story-ep1/q027-bb-j,17,72,"{""base_type"": 37, ""set_flags"": 512, ""runtime_index"": 32002, ""file_offset"": 39196, ""floor_field"": 17, ""entity_id_field"": 32066, ""group"": 0, ""room"": 3, ""unknown_a3"": 0, ""position"": [300.05999755859375, 9.09000015258789, -71.1300048828125], ""angles"": [0, 0, 180], ""params"": [1.0, 1.0, 1.0, 111, 0, 0], ""unused_pointer"": 1085792896}"
solo-story-ep1/q027-bb-j,17,73,"{""base_type"": 37, ""set_flags"": 512, ""runtime_index"": 32258, ""file_offset"": 39264, ""floor_field"": 17, ""entity_id_field"": 32322, ""group"": 0, ""room"": 3, ""unknown_a3"": 0, ""position"": [274.1289978027344, 15.164999961853027, -204.2708282470703], ""angles"": [0, 0, 180], ""params"": [1.0, 1.0, 1.0, 112, 0, 0], ""unused_pointer"": 280552064}"
solo-story-ep1/q027-bb-j,17,74,"{""base_type"": 37, ""set_flags"": 512, ""runtime_index"": 32514, ""file_offset"": 39332, ""floor_field"": 17, ""entity_id_field"": 32578, ""group"": 0, ""room"": 3, ""unknown_a3"": 0, ""position"": [138.4101104736328, 28.027498245239258, -282.6170349121094], ""angles"": [0, 0, 180], ""params"": [1.0, 1.0, 1.0, 113, 0, 0], ""unused_pointer"": 3770212992}"
solo-story-ep1/q027-bb-j,17,75,"{""base_type"": 37, ""set_flags"": 512, ""runtime_index"": 32770, ""file_offset"": 39400, ""floor_field"": 17, ""entity_id_field"": 32834, ""group"": 0, ""room"": 3, ""unknown_a3"": 0, ""position"": [-15.7882080078125, 29.227497100830078, -282.1514587402344], ""angles"": [0, 0, 180], ""params"": [1.0, 1.0, 1.0, 114, 0, 0], ""unused_pointer"": 2964972160}"
solo-story-ep1/q027-bb-j,17,195,"{""base_type"": 37, ""set_flags"": 512, ""runtime_index"": 60674, ""file_offset"": 47560, ""floor_field"": 17, ""entity_id_field"": 14923, ""group"": 0, ""room"": 22, ""unknown_a3"": 0, ""position"": [255.4375, 9.15767765045166, -91.03125], ""angles"": [0, 0, 300], ""params"": [1.0, 1.0, 1.0, 125, 0, 0], ""unused_pointer"": 1622795136}"
tower-ep2/q77-bb-e,5,63,"{""base_type"": 37, ""set_flags"": 512, ""runtime_index"": 43523, ""file_offset"": 10368, ""floor_field"": 5, ""entity_id_field"": 52040, ""group"": 0, ""room"": 8, ""unknown_a3"": 0, ""position"": [0.0, 80.0, 0.0], ""angles"": [0, 0, 300], ""params"": [1.0, 1.0, 1.0, 102, 0, 0], ""unused_pointer"": 1888219008}"
tower-ep2/q77-bb-e,5,72,"{""base_type"": 37, ""set_flags"": 0, ""runtime_index"": 26888, ""file_offset"": 10980, ""floor_field"": 5, ""entity_id_field"": 27465, ""group"": 0, ""room"": 9, ""unknown_a3"": 0, ""position"": [0.0, 30.0, 0.0], ""angles"": [0, 0, 300], ""params"": [1.0, 1.0, 1.0, 101, 0, 0], ""unused_pointer"": 1615327104}"
tower-ep2/q77-bb-e,5,78,"{""base_type"": 37, ""set_flags"": 0, ""runtime_index"": 24584, ""file_offset"": 11388, ""floor_field"": 5, ""entity_id_field"": 6217, ""group"": 0, ""room"": 10, ""unknown_a3"": 0, ""position"": [100.0, 30.0, -5.0], ""angles"": [0, 0, 300], ""params"": [1.0, 1.0, 1.0, 100, 0, 0], ""unused_pointer"": 269807488}"
tower-ep2/q77-bb-e,17,70,"{""base_type"": 37, ""set_flags"": 0, ""runtime_index"": 24073, ""file_offset"": 16368, ""floor_field"": 17, ""entity_id_field"": 59210, ""group"": 0, ""room"": 3, ""unknown_a3"": 0, ""position"": [320.0421447753906, 11.572470664978027, -84.27944946289062], ""angles"": [0, 0, 300], ""params"": [1.0, 1.0, 1.0, 100, 0, 0], ""unused_pointer"": 2967003776}"
tower-ep2/q77-bb-e,17,76,"{""base_type"": 37, ""set_flags"": 0, ""runtime_index"": 26121, ""file_offset"": 16776, ""floor_field"": 17, ""entity_id_field"": 60746, ""group"": 0, ""room"": 3, ""unknown_a3"": 0, ""position"": [148.51971435546875, 27.612483978271484, -267.17333984375], ""angles"": [0, 0, 300], ""params"": [1.0, 1.0, 1.0, 101, 0, 0], ""unused_pointer"": 2431181440}"
tower-ep2/q77-bb-e,17,97,"{""base_type"": 37, ""set_flags"": 512, ""runtime_index"": 44040, ""file_offset"": 18204, ""floor_field"": 17, ""entity_id_field"": 2123, ""group"": 0, ""room"": 4, ""unknown_a3"": 0, ""position"": [333.08203125, 11.218750953674316, -84.91070556640625], ""angles"": [0, 0, 300], ""params"": [1.0, 1.0, 1.0, 102, 0, 0], ""unused_pointer"": 270066560}"
tower-ep2/q77-bb-j,5,63,"{""base_type"": 37, ""set_flags"": 512, ""runtime_index"": 43523, ""file_offset"": 10368, ""floor_field"": 5, ""entity_id_field"": 52040, ""group"": 0, ""room"": 8, ""unknown_a3"": 0, ""position"": [0.0, 80.0, 0.0], ""angles"": [0, 0, 300], ""params"": [1.0, 1.0, 1.0, 102, 0, 0], ""unused_pointer"": 1888219008}"
tower-ep2/q77-bb-j,5,72,"{""base_type"": 37, ""set_flags"": 0, ""runtime_index"": 26888, ""file_offset"": 10980, ""floor_field"": 5, ""entity_id_field"": 27465, ""group"": 0, ""room"": 9, ""unknown_a3"": 0, ""position"": [0.0, 30.0, 0.0], ""angles"": [0, 0, 300], ""params"": [1.0, 1.0, 1.0, 101, 0, 0], ""unused_pointer"": 1615327104}"
tower-ep2/q77-bb-j,5,78,"{""base_type"": 37, ""set_flags"": 0, ""runtime_index"": 24584, ""file_offset"": 11388, ""floor_field"": 5, ""entity_id_field"": 6217, ""group"": 0, ""room"": 10, ""unknown_a3"": 0, ""position"": [100.0, 30.0, -5.0], ""angles"": [0, 0, 300], ""params"": [1.0, 1.0, 1.0, 100, 0, 0], ""unused_pointer"": 269807488}"
tower-ep2/q77-bb-j,17,70,"{""base_type"": 37, ""set_flags"": 0, ""runtime_index"": 24073, ""file_offset"": 16368, ""floor_field"": 17, ""entity_id_field"": 59210, ""group"": 0, ""room"": 3, ""unknown_a3"": 0, ""position"": [320.0421447753906, 11.572470664978027, -84.27944946289062], ""angles"": [0, 0, 300], ""params"": [1.0, 1.0, 1.0, 100, 0, 0], ""unused_pointer"": 2967003776}"
tower-ep2/q77-bb-j,17,76,"{""base_type"": 37, ""set_flags"": 0, ""runtime_index"": 26121, ""file_offset"": 16776, ""floor_field"": 17, ""entity_id_field"": 60746, ""group"": 0, ""room"": 3, ""unknown_a3"": 0, ""position"": [148.51971435546875, 27.612483978271484, -267.17333984375], ""angles"": [0, 0, 300], ""params"": [1.0, 1.0, 1.0, 101, 0, 0], ""unused_pointer"": 2431181440}"
tower-ep2/q77-bb-j,17,97,"{""base_type"": 37, ""set_flags"": 512, ""runtime_index"": 44040, ""file_offset"": 18204, ""floor_field"": 17, ""entity_id_field"": 2123, ""group"": 0, ""room"": 4, ""unknown_a3"": 0, ""position"": [333.08203125, 11.218750953674316, -84.91070556640625], ""angles"": [0, 0, 300], ""params"": [1.0, 1.0, 1.0, 102, 0, 0], ""unused_pointer"": 270066560}"
tower-ep2/q79-bb-e,17,65,"{""base_type"": 37, ""set_flags"": 0, ""runtime_index"": 2569, ""file_offset"": 4436, ""floor_field"": 17, ""entity_id_field"": 18626, ""group"": 0, ""room"": 3, ""unknown_a3"": 0, ""position"": [91.55567932128906, 32.45000076293945, -298.82000732421875], ""angles"": [0, 0, 300], ""params"": [1.0, 1.0, 1.0, 105, 0, 0], ""unused_pointer"": 77540944}"
tower-ep2/q79-bb-e,17,130,"{""base_type"": 37, ""set_flags"": 0, ""runtime_index"": 57096, ""file_offset"": 8856, ""floor_field"": 17, ""entity_id_field"": 18712, ""group"": 0, ""room"": 21, ""unknown_a3"": 0, ""position"": [329.53125, 21.114328384399414, -191.478515625], ""angles"": [0, 0, 300], ""params"": [1.0, 1.0, 1.0, 100, 0, 0], ""unused_pointer"": 77573408}"
tower-ep2/q79-bb-e,17,131,"{""base_type"": 37, ""set_flags"": 0, ""runtime_index"": 57352, ""file_offset"": 8924, ""floor_field"": 17, ""entity_id_field"": 18713, ""group"": 0, ""room"": 21, ""unknown_a3"": 0, ""position"": [329.53125, 30.62057876586914, -191.478515625], ""angles"": [0, 0, 300], ""params"": [1.0, 1.0, 1.0, 101, 0, 0], ""unused_pointer"": 77573616}"
tower-ep2/q79-bb-e,17,153,"{""base_type"": 37, ""set_flags"": 0, ""runtime_index"": 1801, ""file_offset"": 10420, ""floor_field"": 17, ""entity_id_field"": 18743, ""group"": 0, ""room"": 22, ""unknown_a3"": 0, ""position"": [238.5400390625, 39.959999084472656, -246.2705078125], ""angles"": [1, 0, 60], ""params"": [1.0, 1.0, 1.0, 6750310, 0, 0], ""unused_pointer"": 77584752}"
tower-ep2/q79-bb-e,17,154,"{""base_type"": 37, ""set_flags"": 0, ""runtime_index"": 2057, ""file_offset"": 10488, ""floor_field"": 17, ""entity_id_field"": 18744, ""group"": 0, ""room"": 22, ""unknown_a3"": 0, ""position"": [238.5400390625, 49.74749755859375, -246.2705078125], ""angles"": [1, 0, 60], ""params"": [1.0, 1.0, 1.0, 6815847, 0, 0], ""unused_pointer"": 77584960}"
tower-ep2/q79-bb-e,17,155,"{""base_type"": 37, ""set_flags"": 0, ""runtime_index"": 2313, ""file_offset"": 10556, ""floor_field"": 17, ""entity_id_field"": 18745, ""group"": 0, ""room"": 22, ""unknown_a3"": 0, ""position"": [238.5400390625, 59.19999694824219, -246.2705078125], ""angles"": [1, 0, 60], ""params"": [1.0, 1.0, 1.0, 6684776, 0, 0], ""unused_pointer"": 77585168}"
tower-ep2/q79-bb-e,17,156,"{""base_type"": 37, ""set_flags"": 0, ""runtime_index"": 2569, ""file_offset"": 10624, ""floor_field"": 17, ""entity_id_field"": 18746, ""group"": 0, ""room"": 22, ""unknown_a3"": 0, ""position"": [249.6826171875, 39.959999084472656, -254.21875], ""angles"": [0, 0, 60], ""params"": [1.0, 1.0, 1.0, 6750310, 0, 0], ""unused_pointer"": 77585376}"
tower-ep2/q79-bb-e,17,157,"{""base_type"": 37, ""set_flags"": 0, ""runtime_index"": 2825, ""file_offset"": 10692, ""floor_field"": 17, ""entity_id_field"": 18747, ""group"": 0, ""room"": 22, ""unknown_a3"": 0, ""position"": [249.6796875, 50.27000045776367, -254.220703125], ""angles"": [0, 0, 60], ""params"": [1.0, 1.0, 1.0, 6750311, 0, 0], ""unused_pointer"": 77585584}"
tower-ep2/q79-bb-e,17,158,"{""base_type"": 37, ""set_flags"": 0, ""runtime_index"": 3081, ""file_offset"": 10760, ""floor_field"": 17, ""entity_id_field"": 18748, ""group"": 0, ""room"": 22, ""unknown_a3"": 0, ""position"": [249.6796875, 58.782501220703125, -254.220703125], ""angles"": [0, 0, 60], ""params"": [1.0, 1.0, 1.0, 6750312, 0, 0], ""unused_pointer"": 77585792}"
tower-ep2/q79-bb-j,17,65,"{""base_type"": 37, ""set_flags"": 0, ""runtime_index"": 2569, ""file_offset"": 4436, ""floor_field"": 17, ""entity_id_field"": 18626, ""group"": 0, ""room"": 3, ""unknown_a3"": 0, ""position"": [91.55567932128906, 32.45000076293945, -298.82000732421875], ""angles"": [0, 0, 300], ""params"": [1.0, 1.0, 1.0, 105, 0, 0], ""unused_pointer"": 77540944}"
tower-ep2/q79-bb-j,17,130,"{""base_type"": 37, ""set_flags"": 0, ""runtime_index"": 57096, ""file_offset"": 8856, ""floor_field"": 17, ""entity_id_field"": 18712, ""group"": 0, ""room"": 21, ""unknown_a3"": 0, ""position"": [329.53125, 21.114328384399414, -191.478515625], ""angles"": [0, 0, 300], ""params"": [1.0, 1.0, 1.0, 100, 0, 0], ""unused_pointer"": 77573408}"
tower-ep2/q79-bb-j,17,131,"{""base_type"": 37, ""set_flags"": 0, ""runtime_index"": 57352, ""file_offset"": 8924, ""floor_field"": 17, ""entity_id_field"": 18713, ""group"": 0, ""room"": 21, ""unknown_a3"": 0, ""position"": [329.53125, 30.62057876586914, -191.478515625], ""angles"": [0, 0, 300], ""params"": [1.0, 1.0, 1.0, 101, 0, 0], ""unused_pointer"": 77573616}"
tower-ep2/q79-bb-j,17,153,"{""base_type"": 37, ""set_flags"": 0, ""runtime_index"": 1801, ""file_offset"": 10420, ""floor_field"": 17, ""entity_id_field"": 18743, ""group"": 0, ""room"": 22, ""unknown_a3"": 0, ""position"": [238.5400390625, 39.959999084472656, -246.2705078125], ""angles"": [1, 0, 60], ""params"": [1.0, 1.0, 1.0, 6750310, 0, 0], ""unused_pointer"": 77584752}"
tower-ep2/q79-bb-j,17,154,"{""base_type"": 37, ""set_flags"": 0, ""runtime_index"": 2057, ""file_offset"": 10488, ""floor_field"": 17, ""entity_id_field"": 18744, ""group"": 0, ""room"": 22, ""unknown_a3"": 0, ""position"": [238.5400390625, 49.74749755859375, -246.2705078125], ""angles"": [1, 0, 60], ""params"": [1.0, 1.0, 1.0, 6815847, 0, 0], ""unused_pointer"": 77584960}"
tower-ep2/q79-bb-j,17,155,"{""base_type"": 37, ""set_flags"": 0, ""runtime_index"": 2313, ""file_offset"": 10556, ""floor_field"": 17, ""entity_id_field"": 18745, ""group"": 0, ""room"": 22, ""unknown_a3"": 0, ""position"": [238.5400390625, 59.19999694824219, -246.2705078125], ""angles"": [1, 0, 60], ""params"": [1.0, 1.0, 1.0, 6684776, 0, 0], ""unused_pointer"": 77585168}"
tower-ep2/q79-bb-j,17,156,"{""base_type"": 37, ""set_flags"": 0, ""runtime_index"": 2569, ""file_offset"": 10624, ""floor_field"": 17, ""entity_id_field"": 18746, ""group"": 0, ""room"": 22, ""unknown_a3"": 0, ""position"": [249.6826171875, 39.959999084472656, -254.21875], ""angles"": [0, 0, 60], ""params"": [1.0, 1.0, 1.0, 6750310, 0, 0], ""unused_pointer"": 77585376}"
tower-ep2/q79-bb-j,17,157,"{""base_type"": 37, ""set_flags"": 0, ""runtime_index"": 2825, ""file_offset"": 10692, ""floor_field"": 17, ""entity_id_field"": 18747, ""group"": 0, ""room"": 22, ""unknown_a3"": 0, ""position"": [249.6796875, 50.27000045776367, -254.220703125], ""angles"": [0, 0, 60], ""params"": [1.0, 1.0, 1.0, 6750311, 0, 0], ""unused_pointer"": 77585584}"
tower-ep2/q79-bb-j,17,158,"{""base_type"": 37, ""set_flags"": 0, ""runtime_index"": 3081, ""file_offset"": 10760, ""floor_field"": 17, ""entity_id_field"": 18748, ""group"": 0, ""room"": 22, ""unknown_a3"": 0, ""position"": [249.6796875, 58.782501220703125, -254.220703125], ""angles"": [0, 0, 60], ""params"": [1.0, 1.0, 1.0, 6750312, 0, 0], ""unused_pointer"": 77585792}"
tower-ep2/q223-bb-e,5,63,"{""base_type"": 37, ""set_flags"": 512, ""runtime_index"": 43523, ""file_offset"": 10368, ""floor_field"": 5, ""entity_id_field"": 52040, ""group"": 0, ""room"": 8, ""unknown_a3"": 0, ""position"": [0.0, 80.0, 0.0], ""angles"": [0, 0, 300], ""params"": [1.0, 1.0, 1.0, 102, 0, 0], ""unused_pointer"": 1888219008}"
tower-ep2/q223-bb-e,5,72,"{""base_type"": 37, ""set_flags"": 0, ""runtime_index"": 26888, ""file_offset"": 10980, ""floor_field"": 5, ""entity_id_field"": 27465, ""group"": 0, ""room"": 9, ""unknown_a3"": 0, ""position"": [0.0, 30.0, 0.0], ""angles"": [0, 0, 300], ""params"": [1.0, 1.0, 1.0, 101, 0, 0], ""unused_pointer"": 1615327104}"
tower-ep2/q223-bb-e,5,78,"{""base_type"": 37, ""set_flags"": 0, ""runtime_index"": 24584, ""file_offset"": 11388, ""floor_field"": 5, ""entity_id_field"": 6217, ""group"": 0, ""room"": 10, ""unknown_a3"": 0, ""position"": [100.0, 30.0, -5.0], ""angles"": [0, 0, 300], ""params"": [1.0, 1.0, 1.0, 100, 0, 0], ""unused_pointer"": 269807488}"
tower-ep2/q223-bb-e,17,70,"{""base_type"": 37, ""set_flags"": 0, ""runtime_index"": 24073, ""file_offset"": 16368, ""floor_field"": 17, ""entity_id_field"": 59210, ""group"": 0, ""room"": 3, ""unknown_a3"": 0, ""position"": [320.0421447753906, 11.572470664978027, -84.27944946289062], ""angles"": [0, 0, 300], ""params"": [1.0, 1.0, 1.0, 100, 0, 0], ""unused_pointer"": 2967003776}"
tower-ep2/q223-bb-e,17,76,"{""base_type"": 37, ""set_flags"": 0, ""runtime_index"": 26121, ""file_offset"": 16776, ""floor_field"": 17, ""entity_id_field"": 60746, ""group"": 0, ""room"": 3, ""unknown_a3"": 0, ""position"": [148.51971435546875, 27.612483978271484, -267.17333984375], ""angles"": [0, 0, 300], ""params"": [1.0, 1.0, 1.0, 101, 0, 0], ""unused_pointer"": 2431181440}"
tower-ep2/q223-bb-e,17,97,"{""base_type"": 37, ""set_flags"": 512, ""runtime_index"": 44040, ""file_offset"": 18204, ""floor_field"": 17, ""entity_id_field"": 2123, ""group"": 0, ""room"": 4, ""unknown_a3"": 0, ""position"": [333.08203125, 11.218750953674316, -84.91070556640625], ""angles"": [0, 0, 300], ""params"": [1.0, 1.0, 1.0, 102, 0, 0], ""unused_pointer"": 270066560}"
tower-ep2/q223-bb-j,5,63,"{""base_type"": 37, ""set_flags"": 512, ""runtime_index"": 43523, ""file_offset"": 10368, ""floor_field"": 5, ""entity_id_field"": 52040, ""group"": 0, ""room"": 8, ""unknown_a3"": 0, ""position"": [0.0, 80.0, 0.0], ""angles"": [0, 0, 300], ""params"": [1.0, 1.0, 1.0, 102, 0, 0], ""unused_pointer"": 1888219008}"
tower-ep2/q223-bb-j,5,72,"{""base_type"": 37, ""set_flags"": 0, ""runtime_index"": 26888, ""file_offset"": 10980, ""floor_field"": 5, ""entity_id_field"": 27465, ""group"": 0, ""room"": 9, ""unknown_a3"": 0, ""position"": [0.0, 30.0, 0.0], ""angles"": [0, 0, 300], ""params"": [1.0, 1.0, 1.0, 101, 0, 0], ""unused_pointer"": 1615327104}"
tower-ep2/q223-bb-j,5,78,"{""base_type"": 37, ""set_flags"": 0, ""runtime_index"": 24584, ""file_offset"": 11388, ""floor_field"": 5, ""entity_id_field"": 6217, ""group"": 0, ""room"": 10, ""unknown_a3"": 0, ""position"": [100.0, 30.0, -5.0], ""angles"": [0, 0, 300], ""params"": [1.0, 1.0, 1.0, 100, 0, 0], ""unused_pointer"": 269807488}"
tower-ep2/q223-bb-j,17,70,"{""base_type"": 37, ""set_flags"": 0, ""runtime_index"": 24073, ""file_offset"": 16368, ""floor_field"": 17, ""entity_id_field"": 59210, ""group"": 0, ""room"": 3, ""unknown_a3"": 0, ""position"": [320.0421447753906, 11.572470664978027, -84.27944946289062], ""angles"": [0, 0, 300], ""params"": [1.0, 1.0, 1.0, 100, 0, 0], ""unused_pointer"": 2967003776}"
tower-ep2/q223-bb-j,17,76,"{""base_type"": 37, ""set_flags"": 0, ""runtime_index"": 26121, ""file_offset"": 16776, ""floor_field"": 17, ""entity_id_field"": 60746, ""group"": 0, ""room"": 3, ""unknown_a3"": 0, ""position"": [148.51971435546875, 27.612483978271484, -267.17333984375], ""angles"": [0, 0, 300], ""params"": [1.0, 1.0, 1.0, 101, 0, 0], ""unused_pointer"": 2431181440}"
tower-ep2/q223-bb-j,17,97,"{""base_type"": 37, ""set_flags"": 512, ""runtime_index"": 44040, ""file_offset"": 18204, ""floor_field"": 17, ""entity_id_field"": 2123, ""group"": 0, ""room"": 4, ""unknown_a3"": 0, ""position"": [333.08203125, 11.218750953674316, -84.91070556640625], ""angles"": [0, 0, 300], ""params"": [1.0, 1.0, 1.0, 102, 0, 0], ""unused_pointer"": 270066560}"
tower-ep2/q224-bb-e,17,105,"{""base_type"": 37, ""set_flags"": 512, ""runtime_index"": 49672, ""file_offset"": 21128, ""floor_field"": 17, ""entity_id_field"": 49736, ""group"": 0, ""room"": 4, ""unknown_a3"": 0, ""position"": [52.7578125, 31.52500343322754, -271.778076171875], ""angles"": [0, 0, 300], ""params"": [1.0, 1.0, 1.0, 101, 0, 0], ""unused_pointer"": 540992384}"
tower-ep2/q224-bb-e,17,120,"{""base_type"": 37, ""set_flags"": 512, ""runtime_index"": 53512, ""file_offset"": 22148, ""floor_field"": 17, ""entity_id_field"": 53576, ""group"": 0, ""room"": 4, ""unknown_a3"": 0, ""position"": [333.08203125, 11.218750953674316, -84.91070556640625], ""angles"": [0, 0, 300], ""params"": [1.0, 1.0, 1.0, 102, 0, 0], ""unused_pointer"": 1616831360}"
tower-ep2/q224-bb-e,17,169,"{""base_type"": 37, ""set_flags"": 512, ""runtime_index"": 9, ""file_offset"": 25480, ""floor_field"": 17, ""entity_id_field"": 73, ""group"": 0, ""room"": 10, ""unknown_a3"": 0, ""position"": [294.970703125, 14.489999771118164, -58.21999740600586], ""angles"": [0, 0, 450], ""params"": [1.0, 1.0, 1.0, 104, 0, 0], ""unused_pointer"": 4039697280}"
tower-ep2/q224-bb-e,17,185,"{""base_type"": 37, ""set_flags"": 512, ""runtime_index"": 4105, ""file_offset"": 26568, ""floor_field"": 17, ""entity_id_field"": 4169, ""group"": 0, ""room"": 10, ""unknown_a3"": 0, ""position"": [294.970703125, 27.146249771118164, -58.21999740600586], ""angles"": [0, 0, 450], ""params"": [1.0, 1.0, 1.0, 105, 0, 0], ""unused_pointer"": 3505316736}"
tower-ep2/q224-bb-e,17,239,"{""base_type"": 37, ""set_flags"": 512, ""runtime_index"": 47873, ""file_offset"": 30240, ""floor_field"": 17, ""entity_id_field"": 47937, ""group"": 0, ""room"": 21, ""unknown_a3"": 0, ""position"": [230.5400390625, 27.779998779296875, -208.490234375], ""angles"": [0, 0, 450], ""params"": [1.0, 1.0, 1.0, 106, 0, 0], ""unused_pointer"": 2956649856}"
tower-ep2/q224-bb-e,17,240,"{""base_type"": 37, ""set_flags"": 512, ""runtime_index"": 48129, ""file_offset"": 30308, ""floor_field"": 17, ""entity_id_field"": 48193, ""group"": 0, ""room"": 21, ""unknown_a3"": 0, ""position"": [230.5400390625, 40.886253356933594, -208.490234375], ""angles"": [0, 0, 450], ""params"": [1.0, 1.0, 1.0, 107, 0, 0], ""unused_pointer"": 2151409024}"
tower-ep2/q224-bb-e,17,279,"{""base_type"": 37, ""set_flags"": 0, ""runtime_index"": 19209, ""file_offset"": 32960, ""floor_field"": 17, ""entity_id_field"": 38474, ""group"": 0, ""room"": 30, ""unknown_a3"": 0, ""position"": [0.0, 28.387502670288086, -110.0], ""angles"": [0, 0, 210], ""params"": [1.0, 1.0, 1.0, 100, 0, 0], ""unused_pointer"": 3774145664}"
tower-ep2/q224-bb-j,17,105,"{""base_type"": 37, ""set_flags"": 512, ""runtime_index"": 49672, ""file_offset"": 21128, ""floor_field"": 17, ""entity_id_field"": 49736, ""group"": 0, ""room"": 4, ""unknown_a3"": 0, ""position"": [52.7578125, 31.52500343322754, -271.778076171875], ""angles"": [0, 0, 300], ""params"": [1.0, 1.0, 1.0, 101, 0, 0], ""unused_pointer"": 540992384}"
tower-ep2/q224-bb-j,17,120,"{""base_type"": 37, ""set_flags"": 512, ""runtime_index"": 53512, ""file_offset"": 22148, ""floor_field"": 17, ""entity_id_field"": 53576, ""group"": 0, ""room"": 4, ""unknown_a3"": 0, ""position"": [333.08203125, 11.218750953674316, -84.91070556640625], ""angles"": [0, 0, 300], ""params"": [1.0, 1.0, 1.0, 102, 0, 0], ""unused_pointer"": 1616831360}"
tower-ep2/q224-bb-j,17,169,"{""base_type"": 37, ""set_flags"": 512, ""runtime_index"": 9, ""file_offset"": 25480, ""floor_field"": 17, ""entity_id_field"": 73, ""group"": 0, ""room"": 10, ""unknown_a3"": 0, ""position"": [294.970703125, 14.489999771118164, -58.21999740600586], ""angles"": [0, 0, 450], ""params"": [1.0, 1.0, 1.0, 104, 0, 0], ""unused_pointer"": 4039697280}"
tower-ep2/q224-bb-j,17,185,"{""base_type"": 37, ""set_flags"": 512, ""runtime_index"": 4105, ""file_offset"": 26568, ""floor_field"": 17, ""entity_id_field"": 4169, ""group"": 0, ""room"": 10, ""unknown_a3"": 0, ""position"": [294.970703125, 27.146249771118164, -58.21999740600586], ""angles"": [0, 0, 450], ""params"": [1.0, 1.0, 1.0, 105, 0, 0], ""unused_pointer"": 3505316736}"
tower-ep2/q224-bb-j,17,239,"{""base_type"": 37, ""set_flags"": 512, ""runtime_index"": 47873, ""file_offset"": 30240, ""floor_field"": 17, ""entity_id_field"": 47937, ""group"": 0, ""room"": 21, ""unknown_a3"": 0, ""position"": [230.5400390625, 27.779998779296875, -208.490234375], ""angles"": [0, 0, 450], ""params"": [1.0, 1.0, 1.0, 106, 0, 0], ""unused_pointer"": 2956649856}"
tower-ep2/q224-bb-j,17,240,"{""base_type"": 37, ""set_flags"": 512, ""runtime_index"": 48129, ""file_offset"": 30308, ""floor_field"": 17, ""entity_id_field"": 48193, ""group"": 0, ""room"": 21, ""unknown_a3"": 0, ""position"": [230.5400390625, 40.886253356933594, -208.490234375], ""angles"": [0, 0, 450], ""params"": [1.0, 1.0, 1.0, 107, 0, 0], ""unused_pointer"": 2151409024}"
tower-ep2/q224-bb-j,17,279,"{""base_type"": 37, ""set_flags"": 0, ""runtime_index"": 19209, ""file_offset"": 32960, ""floor_field"": 17, ""entity_id_field"": 38474, ""group"": 0, ""room"": 30, ""unknown_a3"": 0, ""position"": [0.0, 28.387502670288086, -110.0], ""angles"": [0, 0, 210], ""params"": [1.0, 1.0, 1.0, 100, 0, 0], ""unused_pointer"": 3774145664}"
vr-ep1/q990-bb-e,5,115,"{""base_type"": 37, ""set_flags"": 2, ""runtime_index"": 284, ""file_offset"": 47336, ""floor_field"": 5, ""entity_id_field"": 16668, ""group"": 0, ""room"": 40, ""unknown_a3"": 0, ""position"": [-57.0, 40.00001525878906, 305.0], ""angles"": [0, -49151, 300], ""params"": [1.0, 1.0, 1.0, 105, 0, 0], ""unused_pointer"": 70095552}"
vr-ep2/q230-bb-e,4,81,"{""base_type"": 37, ""set_flags"": 512, ""runtime_index"": 32001, ""file_offset"": 27876, ""floor_field"": 1, ""entity_id_field"": 28233, ""group"": 0, ""room"": 60, ""unknown_a3"": 0, ""position"": [0.0, 30.0, -20.0], ""angles"": [-1, -49152, 300], ""params"": [1.0, 1.0, 1.0, 6946921, 6946816, 6946816], ""unused_pointer"": 3764970368}"
vr-ep2/q231-bb-e,17,65,"{""base_type"": 37, ""set_flags"": 0, ""runtime_index"": 2569, ""file_offset"": 41368, ""floor_field"": 17, ""entity_id_field"": 18626, ""group"": 0, ""room"": 3, ""unknown_a3"": 0, ""position"": [91.55567932128906, 32.45000076293945, -298.82000732421875], ""angles"": [0, 0, 300], ""params"": [1.0, 1.0, 1.0, 105, 0, 0], ""unused_pointer"": 77540944}"
vr-ep2/q231-bb-e,17,130,"{""base_type"": 37, ""set_flags"": 0, ""runtime_index"": 57096, ""file_offset"": 45788, ""floor_field"": 17, ""entity_id_field"": 18712, ""group"": 0, ""room"": 21, ""unknown_a3"": 0, ""position"": [329.53125, 21.114328384399414, -191.478515625], ""angles"": [0, 0, 300], ""params"": [1.0, 1.0, 1.0, 100, 0, 0], ""unused_pointer"": 77573408}"
vr-ep2/q231-bb-e,17,131,"{""base_type"": 37, ""set_flags"": 0, ""runtime_index"": 57352, ""file_offset"": 45856, ""floor_field"": 17, ""entity_id_field"": 18713, ""group"": 0, ""room"": 21, ""unknown_a3"": 0, ""position"": [329.53125, 30.62057876586914, -191.478515625], ""angles"": [0, 0, 300], ""params"": [1.0, 1.0, 1.0, 101, 0, 0], ""unused_pointer"": 77573616}"
vr-ep2/q231-bb-e,17,153,"{""base_type"": 37, ""set_flags"": 0, ""runtime_index"": 1801, ""file_offset"": 47352, ""floor_field"": 17, ""entity_id_field"": 18743, ""group"": 0, ""room"": 22, ""unknown_a3"": 0, ""position"": [238.5400390625, 39.959999084472656, -246.2705078125], ""angles"": [1, 0, 60], ""params"": [1.0, 1.0, 1.0, 6750310, 0, 0], ""unused_pointer"": 77584752}"
vr-ep2/q231-bb-e,17,154,"{""base_type"": 37, ""set_flags"": 0, ""runtime_index"": 2057, ""file_offset"": 47420, ""floor_field"": 17, ""entity_id_field"": 18744, ""group"": 0, ""room"": 22, ""unknown_a3"": 0, ""position"": [238.5400390625, 49.74749755859375, -246.2705078125], ""angles"": [1, 0, 60], ""params"": [1.0, 1.0, 1.0, 6815847, 0, 0], ""unused_pointer"": 77584960}"
vr-ep2/q231-bb-e,17,155,"{""base_type"": 37, ""set_flags"": 0, ""runtime_index"": 2313, ""file_offset"": 47488, ""floor_field"": 17, ""entity_id_field"": 18745, ""group"": 0, ""room"": 22, ""unknown_a3"": 0, ""position"": [238.5400390625, 59.19999694824219, -246.2705078125], ""angles"": [1, 0, 60], ""params"": [1.0, 1.0, 1.0, 6684776, 0, 0], ""unused_pointer"": 77585168}"
vr-ep2/q231-bb-e,17,156,"{""base_type"": 37, ""set_flags"": 0, ""runtime_index"": 2569, ""file_offset"": 47556, ""floor_field"": 17, ""entity_id_field"": 18746, ""group"": 0, ""room"": 22, ""unknown_a3"": 0, ""position"": [249.6826171875, 39.959999084472656, -254.21875], ""angles"": [0, 0, 60], ""params"": [1.0, 1.0, 1.0, 6750310, 0, 0], ""unused_pointer"": 77585376}"
vr-ep2/q231-bb-e,17,157,"{""base_type"": 37, ""set_flags"": 0, ""runtime_index"": 2825, ""file_offset"": 47624, ""floor_field"": 17, ""entity_id_field"": 18747, ""group"": 0, ""room"": 22, ""unknown_a3"": 0, ""position"": [249.6796875, 50.27000045776367, -254.220703125], ""angles"": [0, 0, 60], ""params"": [1.0, 1.0, 1.0, 6750311, 0, 0], ""unused_pointer"": 77585584}"
vr-ep2/q231-bb-e,17,158,"{""base_type"": 37, ""set_flags"": 0, ""runtime_index"": 3081, ""file_offset"": 47692, ""floor_field"": 17, ""entity_id_field"": 18748, ""group"": 0, ""room"": 22, ""unknown_a3"": 0, ""position"": [249.6796875, 58.782501220703125, -254.220703125], ""angles"": [0, 0, 60], ""params"": [1.0, 1.0, 1.0, 6750312, 0, 0], ""unused_pointer"": 77585792}"
vr-ep2/q231-bb-j,17,65,"{""base_type"": 37, ""set_flags"": 0, ""runtime_index"": 2569, ""file_offset"": 41368, ""floor_field"": 17, ""entity_id_field"": 18626, ""group"": 0, ""room"": 3, ""unknown_a3"": 0, ""position"": [91.55567932128906, 32.45000076293945, -298.82000732421875], ""angles"": [0, 0, 300], ""params"": [1.0, 1.0, 1.0, 105, 0, 0], ""unused_pointer"": 77540944}"
vr-ep2/q231-bb-j,17,130,"{""base_type"": 37, ""set_flags"": 0, ""runtime_index"": 57096, ""file_offset"": 45788, ""floor_field"": 17, ""entity_id_field"": 18712, ""group"": 0, ""room"": 21, ""unknown_a3"": 0, ""position"": [329.53125, 21.114328384399414, -191.478515625], ""angles"": [0, 0, 300], ""params"": [1.0, 1.0, 1.0, 100, 0, 0], ""unused_pointer"": 77573408}"
vr-ep2/q231-bb-j,17,131,"{""base_type"": 37, ""set_flags"": 0, ""runtime_index"": 57352, ""file_offset"": 45856, ""floor_field"": 17, ""entity_id_field"": 18713, ""group"": 0, ""room"": 21, ""unknown_a3"": 0, ""position"": [329.53125, 30.62057876586914, -191.478515625], ""angles"": [0, 0, 300], ""params"": [1.0, 1.0, 1.0, 101, 0, 0], ""unused_pointer"": 77573616}"
vr-ep2/q231-bb-j,17,153,"{""base_type"": 37, ""set_flags"": 0, ""runtime_index"": 1801, ""file_offset"": 47352, ""floor_field"": 17, ""entity_id_field"": 18743, ""group"": 0, ""room"": 22, ""unknown_a3"": 0, ""position"": [238.5400390625, 39.959999084472656, -246.2705078125], ""angles"": [1, 0, 60], ""params"": [1.0, 1.0, 1.0, 6750310, 0, 0], ""unused_pointer"": 77584752}"
vr-ep2/q231-bb-j,17,154,"{""base_type"": 37, ""set_flags"": 0, ""runtime_index"": 2057, ""file_offset"": 47420, ""floor_field"": 17, ""entity_id_field"": 18744, ""group"": 0, ""room"": 22, ""unknown_a3"": 0, ""position"": [238.5400390625, 49.74749755859375, -246.2705078125], ""angles"": [1, 0, 60], ""params"": [1.0, 1.0, 1.0, 6815847, 0, 0], ""unused_pointer"": 77584960}"
vr-ep2/q231-bb-j,17,155,"{""base_type"": 37, ""set_flags"": 0, ""runtime_index"": 2313, ""file_offset"": 47488, ""floor_field"": 17, ""entity_id_field"": 18745, ""group"": 0, ""room"": 22, ""unknown_a3"": 0, ""position"": [238.5400390625, 59.19999694824219, -246.2705078125], ""angles"": [1, 0, 60], ""params"": [1.0, 1.0, 1.0, 6684776, 0, 0], ""unused_pointer"": 77585168}"
vr-ep2/q231-bb-j,17,156,"{""base_type"": 37, ""set_flags"": 0, ""runtime_index"": 2569, ""file_offset"": 47556, ""floor_field"": 17, ""entity_id_field"": 18746, ""group"": 0, ""room"": 22, ""unknown_a3"": 0, ""position"": [249.6826171875, 39.959999084472656, -254.21875], ""angles"": [0, 0, 60], ""params"": [1.0, 1.0, 1.0, 6750310, 0, 0], ""unused_pointer"": 77585376}"
vr-ep2/q231-bb-j,17,157,"{""base_type"": 37, ""set_flags"": 0, ""runtime_index"": 2825, ""file_offset"": 47624, ""floor_field"": 17, ""entity_id_field"": 18747, ""group"": 0, ""room"": 22, ""unknown_a3"": 0, ""position"": [249.6796875, 50.27000045776367, -254.220703125], ""angles"": [0, 0, 60], ""params"": [1.0, 1.0, 1.0, 6750311, 0, 0], ""unused_pointer"": 77585584}"
vr-ep2/q231-bb-j,17,158,"{""base_type"": 37, ""set_flags"": 0, ""runtime_index"": 3081, ""file_offset"": 47692, ""floor_field"": 17, ""entity_id_field"": 18748, ""group"": 0, ""room"": 22, ""unknown_a3"": 0, ""position"": [249.6796875, 58.782501220703125, -254.220703125], ""angles"": [0, 0, 60], ""params"": [1.0, 1.0, 1.0, 6750312, 0, 0], ""unused_pointer"": 77585792}"
