quest,floor,index,full_DAT_fields
challenge-ep2/d88203-bb-e,1,2,"{""base_type"": 519, ""set_flags"": 512, ""runtime_index"": 52995, ""file_offset"": 2888, ""floor_field"": 6, ""entity_id_field"": 53059, ""group"": 0, ""room"": 1, ""unknown_a3"": 0, ""position"": [112.79998779296875, 22.329999923706055, -47.57208251953125], ""angles"": [0, 20480, 0], ""params"": [1.0, 1.0, 1.0, 99, 0, 0], ""unused_pointer"": 2420433536}"
challenge-ep2/d88203-bb-e,1,3,"{""base_type"": 519, ""set_flags"": 512, ""runtime_index"": 53251, ""file_offset"": 2956, ""floor_field"": 6, ""entity_id_field"": 53315, ""group"": 0, ""room"": 1, ""unknown_a3"": 0, ""position"": [-89.33203125, 22.325002670288086, 64.07391357421875], ""angles"": [0, 8192, 0], ""params"": [1.0, 1.0, 1.0, 99, 0, 0], ""unused_pointer"": 4031242880}"
challenge-ep2/d88203-bb-e,1,8,"{""base_type"": 519, ""set_flags"": 512, ""runtime_index"": 54531, ""file_offset"": 3296, ""floor_field"": 6, ""entity_id_field"": 54595, ""group"": 0, ""room"": 1, ""unknown_a3"": 0, ""position"": [30.47271728515625, 22.939998626708984, 98.08001708984375], ""angles"": [0, 8192, 0], ""params"": [1.0, 1.0, 1.0, 99, 0, 0], ""unused_pointer"": 1348199040}"
challenge-ep2/d88203-bb-e,1,16,"{""base_type"": 519, ""set_flags"": 512, ""runtime_index"": 56579, ""file_offset"": 3840, ""floor_field"": 6, ""entity_id_field"": 56643, ""group"": 0, ""room"": 1, ""unknown_a3"": 0, ""position"": [-16.41998291015625, 21.743749618530273, -42.00799560546875], ""angles"": [0, 0, 0], ""params"": [1.0, 1.0, 1.0, 99, 0, 0], ""unused_pointer"": 812049024}"
challenge-ep2/d88203-bb-e,1,30,"{""base_type"": 519, ""set_flags"": 2048, ""runtime_index"": 43528, ""file_offset"": 4792, ""floor_field"": 6, ""entity_id_field"": 33097, ""group"": 0, ""room"": 4, ""unknown_a3"": 0, ""position"": [179.04229736328125, -2.0, -43.80999755859375], ""angles"": [0, 36864, 0], ""params"": [1.0, 1.0, 1.0, 104, 0, 0], ""unused_pointer"": 4033208960}"
challenge-ep2/d88203-bb-e,1,34,"{""base_type"": 519, ""set_flags"": 2048, ""runtime_index"": 42248, ""file_offset"": 5064, ""floor_field"": 6, ""entity_id_field"": 34121, ""group"": 0, ""room"": 4, ""unknown_a3"": 0, ""position"": [-243.3800048828125, 0.0, 7.57000732421875], ""angles"": [0, 53248, 0], ""params"": [1.0, 1.0, 1.0, 108, 0, 0], ""unused_pointer"": 1886446208}"
challenge-ep2/d88203-bb-e,1,35,"{""base_type"": 519, ""set_flags"": 2048, ""runtime_index"": 42504, ""file_offset"": 5132, ""floor_field"": 6, ""entity_id_field"": 34377, ""group"": 0, ""room"": 4, ""unknown_a3"": 0, ""position"": [-249.91867065429688, 0.0, -5.75555419921875], ""angles"": [0, 20480, 0], ""params"": [1.0, 1.0, 1.0, 108, 0, 0], ""unused_pointer"": 1349837440}"
challenge-ep2/d88203-bb-e,1,72,"{""base_type"": 519, ""set_flags"": 512, ""runtime_index"": 3588, ""file_offset"": 7648, ""floor_field"": 6, ""entity_id_field"": 61257, ""group"": 0, ""room"": 9, ""unknown_a3"": 0, ""position"": [35.0, -6.359999656677246, -140.0], ""angles"": [0, 0, 0], ""params"": [1.0, 1.0, 1.0, 109, 0, 0], ""unused_pointer"": 4041335424}"
challenge-ep2/d88203-bb-e,1,76,"{""base_type"": 519, ""set_flags"": 512, ""runtime_index"": 4612, ""file_offset"": 7920, ""floor_field"": 6, ""entity_id_field"": 62281, ""group"": 0, ""room"": 9, ""unknown_a3"": 0, ""position"": [51.33753967285156, -6.359999656677246, -141.74667358398438], ""angles"": [0, 0, 0], ""params"": [1.0, 1.0, 1.0, 109, 0, 0], ""unused_pointer"": 3505054336}"
challenge-ep2/d88203-bb-e,1,77,"{""base_type"": 519, ""set_flags"": 512, ""runtime_index"": 4868, ""file_offset"": 7988, ""floor_field"": 6, ""entity_id_field"": 62537, ""group"": 0, ""room"": 9, ""unknown_a3"": 0, ""position"": [17.279998779296875, -6.359999656677246, -137.61000061035156], ""angles"": [0, 4096, 0], ""params"": [1.0, 1.0, 1.0, 109, 0, 0], ""unused_pointer"": 2968445568}"
challenge-ep2/d88203-bb-e,1,106,"{""base_type"": 519, ""set_flags"": 0, ""runtime_index"": 48136, ""file_offset"": 9960, ""floor_field"": 6, ""entity_id_field"": 2634, ""group"": 0, ""room"": 10, ""unknown_a3"": 0, ""position"": [-25.102935791015625, -58.65999984741211, -7.2904052734375], ""angles"": [0, 16384, 0], ""params"": [1.0, 1.0, 1.0, 99, 0, 0], ""unused_pointer"": 12575104}"
challenge-ep2/d88203-bb-e,1,130,"{""base_type"": 519, ""set_flags"": 512, ""runtime_index"": 15620, ""file_offset"": 11592, ""floor_field"": 6, ""entity_id_field"": 6730, ""group"": 0, ""room"": 12, ""unknown_a3"": 0, ""position"": [185.63575744628906, -10.853246688842773, -40.473052978515625], ""angles"": [0, 24576, 0], ""params"": [1.0, 1.0, 1.0, 99, 0, 0], ""unused_pointer"": 542827136}"
challenge-ep2/d88203-bb-e,1,134,"{""base_type"": 519, ""set_flags"": 512, ""runtime_index"": 17156, ""file_offset"": 11864, ""floor_field"": 6, ""entity_id_field"": 7754, ""group"": 0, ""room"": 12, ""unknown_a3"": 0, ""position"": [108.75, -8.519999504089355, -26.419998168945312], ""angles"": [0, 49152, 0], ""params"": [1.0, 1.0, 1.0, 99, 0, 0], ""unused_pointer"": 3229737600}"
challenge-ep2/d88203-bb-e,1,141,"{""base_type"": 519, ""set_flags"": 0, ""runtime_index"": 37128, ""file_offset"": 12340, ""floor_field"": 6, ""entity_id_field"": 34377, ""group"": 0, ""room"": 13, ""unknown_a3"": 0, ""position"": [-20.0, -88.45609283447266, -150.0], ""angles"": [0, 0, 0], ""params"": [1.0, 1.0, 1.0, 114, 0, 0], ""unused_pointer"": 273739648}"
challenge-ep2/d88203-bb-e,1,143,"{""base_type"": 519, ""set_flags"": 0, ""runtime_index"": 37640, ""file_offset"": 12476, ""floor_field"": 6, ""entity_id_field"": 37449, ""group"": 0, ""room"": 13, ""unknown_a3"": 0, ""position"": [-37.889984130859375, -88.45999908447266, -157.77999877929688], ""angles"": [0, 24576, 0], ""params"": [1.0, 1.0, 1.0, 114, 0, 0], ""unused_pointer"": 543092608}"
challenge-ep2/d88203-bb-e,1,144,"{""base_type"": 519, ""set_flags"": 0, ""runtime_index"": 37896, ""file_offset"": 12544, ""floor_field"": 6, ""entity_id_field"": 37961, ""group"": 0, ""room"": 13, ""unknown_a3"": 0, ""position"": [-51.27996826171875, -88.45999908447266, -170.11488342285156], ""angles"": [0, 57344, 0], ""params"": [1.0, 1.0, 1.0, 114, 0, 0], ""unused_pointer"": 1079635840}"
challenge-ep2/d88203-bb-e,2,54,"{""base_type"": 519, ""set_flags"": 512, ""runtime_index"": 49668, ""file_offset"": 18340, ""floor_field"": 7, ""entity_id_field"": 45641, ""group"": 0, ""room"": 2, ""unknown_a3"": 0, ""position"": [-229.4849853515625, -33.533748626708984, 43.023529052734375], ""angles"": [0, 40960, 0], ""params"": [1.0, 1.0, 1.0, 99, 0, 0], ""unused_pointer"": 2959729280}"
challenge-ep2/d88203-bb-e,2,60,"{""base_type"": 519, ""set_flags"": 2048, ""runtime_index"": 51204, ""file_offset"": 18748, ""floor_field"": 7, ""entity_id_field"": 47177, ""group"": 0, ""room"": 2, ""unknown_a3"": 0, ""position"": [-232.82000732421875, -38.689998626708984, 64.20001220703125], ""angles"": [0, 49152, 0], ""params"": [1.0, 1.0, 1.0, 105, 0, 0], ""unused_pointer"": 2155995776}"
challenge-ep2/d88203-bb-e,2,72,"{""base_type"": 519, ""set_flags"": 512, ""runtime_index"": 53764, ""file_offset"": 19564, ""floor_field"": 7, ""entity_id_field"": 19018, ""group"": 0, ""room"": 4, ""unknown_a3"": 0, ""position"": [-49.85540771484375, -15.906098365783691, -163.35040283203125], ""angles"": [0, 4096, 0], ""params"": [1.0, 1.0, 1.0, 5, 0, 0], ""unused_pointer"": 1078125184}"
challenge-ep2/d88203-bb-e,2,73,"{""base_type"": 519, ""set_flags"": 512, ""runtime_index"": 54020, ""file_offset"": 19632, ""floor_field"": 7, ""entity_id_field"": 19274, ""group"": 0, ""room"": 4, ""unknown_a3"": 0, ""position"": [-71.7760009765625, -15.906098365783691, -147.18060302734375], ""angles"": [0, 4096, 0], ""params"": [1.0, 1.0, 1.0, 5, 0, 0], ""unused_pointer"": 541516416}"
challenge-ep2/d88203-bb-e,2,74,"{""base_type"": 519, ""set_flags"": 512, ""runtime_index"": 54276, ""file_offset"": 19700, ""floor_field"": 7, ""entity_id_field"": 19530, ""group"": 0, ""room"": 4, ""unknown_a3"": 0, ""position"": [-62.51666259765625, -15.906098365783691, -154.3446044921875], ""angles"": [0, 36864, 0], ""params"": [1.0, 1.0, 1.0, 5, 0, 0], ""unused_pointer"": 4907648}"
challenge-ep2/d88203-bb-e,2,79,"{""base_type"": 519, ""set_flags"": 512, ""runtime_index"": 55556, ""file_offset"": 20040, ""floor_field"": 7, ""entity_id_field"": 20810, ""group"": 0, ""room"": 4, ""unknown_a3"": 0, ""position"": [-105.103271484375, 11.380000114440918, 116.24542236328125], ""angles"": [0, 57344, 0], ""params"": [1.0, 1.0, 1.0, 4, 0, 0], ""unused_pointer"": 5563008}"
challenge-ep2/d88203-bb-e,2,80,"{""base_type"": 519, ""set_flags"": 512, ""runtime_index"": 55812, ""file_offset"": 20108, ""floor_field"": 7, ""entity_id_field"": 21066, ""group"": 0, ""room"": 4, ""unknown_a3"": 0, ""position"": [-117.9400634765625, 8.361249923706055, 107.023193359375], ""angles"": [0, 57344, 0], ""params"": [1.0, 1.0, 1.0, 4, 0, 0], ""unused_pointer"": 3763856000}"
challenge-ep2/d88203-bb-e,2,101,"{""base_type"": 519, ""set_flags"": 512, ""runtime_index"": 5893, ""file_offset"": 21536, ""floor_field"": 7, ""entity_id_field"": 23882, ""group"": 0, ""room"": 6, ""unknown_a3"": 0, ""position"": [-92.10151672363281, -54.665260314941406, 106.38641357421875], ""angles"": [0, 0, 0], ""params"": [1.0, 1.0, 1.0, 7, 0, 0], ""unused_pointer"": 2959925888}"
challenge-ep2/d88203-bb-e,2,102,"{""base_type"": 519, ""set_flags"": 512, ""runtime_index"": 6149, ""file_offset"": 21604, ""floor_field"": 7, ""entity_id_field"": 24138, ""group"": 0, ""room"": 6, ""unknown_a3"": 0, ""position"": [-69.31810760498047, -59.259010314941406, 106.61688232421875], ""angles"": [0, 28672, 0], ""params"": [1.0, 1.0, 1.0, 7, 0, 0], ""unused_pointer"": 2423317120}"
challenge-ep2/d88203-bb-e,2,106,"{""base_type"": 519, ""set_flags"": 512, ""runtime_index"": 7173, ""file_offset"": 21876, ""floor_field"": 7, ""entity_id_field"": 25162, ""group"": 0, ""room"": 6, ""unknown_a3"": 0, ""position"": [198.87728881835938, -18.010000228881836, -9.3043212890625], ""angles"": [0, 16384, 0], ""params"": [1.0, 1.0, 1.0, 6, 0, 0], ""unused_pointer"": 3497648768}"
challenge-ep2/d88203-bb-e,2,107,"{""base_type"": 519, ""set_flags"": 512, ""runtime_index"": 7429, ""file_offset"": 21944, ""floor_field"": 7, ""entity_id_field"": 25418, ""group"": 0, ""room"": 6, ""unknown_a3"": 0, ""position"": [197.07192993164062, -18.010000228881836, 0.34332275390625], ""angles"": [0, 16384, 0], ""params"": [1.0, 1.0, 1.0, 6, 0, 0], ""unused_pointer"": 2961040000}"
challenge-ep2/d88203-bb-e,3,81,"{""base_type"": 519, ""set_flags"": 0, ""runtime_index"": 47623, ""file_offset"": 30188, ""floor_field"": 8, ""entity_id_field"": 9800, ""group"": 0, ""room"": 3, ""unknown_a3"": 0, ""position"": [-258.8253479003906, -98.72000122070312, -61.1043701171875], ""angles"": [0, 0, 0], ""params"": [1.0, 1.0, 1.0, 5, 0, 0], ""unused_pointer"": 2686837376}"
challenge-ep2/d88203-bb-e,3,82,"{""base_type"": 519, ""set_flags"": 0, ""runtime_index"": 47879, ""file_offset"": 30256, ""floor_field"": 8, ""entity_id_field"": 10056, ""group"": 0, ""room"": 3, ""unknown_a3"": 0, ""position"": [-240.31539916992188, -100.00028228759766, -61.54205322265625], ""angles"": [0, 28672, 0], ""params"": [1.0, 1.0, 1.0, 5, 0, 0], ""unused_pointer"": 1344922240}"
challenge-ep2/d88203-bb-e,3,101,"{""base_type"": 519, ""set_flags"": 0, ""runtime_index"": 19208, ""file_offset"": 31548, ""floor_field"": 8, ""entity_id_field"": 8009, ""group"": 0, ""room"": 4, ""unknown_a3"": 0, ""position"": [-171.94000244140625, -0.7338815331459045, -168.5667724609375], ""angles"": [0, 12288, 0], ""params"": [1.0, 1.0, 1.0, 121, 0, 0], ""unused_pointer"": 3760382592}"
challenge-ep2/d88203-bb-e,3,102,"{""base_type"": 519, ""set_flags"": 2048, ""runtime_index"": 49671, ""file_offset"": 31616, ""floor_field"": 8, ""entity_id_field"": 8265, ""group"": 0, ""room"": 4, ""unknown_a3"": 0, ""position"": [-96.93035888671875, -0.00023174285888671875, -128.044921875], ""angles"": [0, 24576, 0], ""params"": [1.0, 1.0, 1.0, 103, 0, 0], ""unused_pointer"": 1076290176}"
challenge-ep2/d88203-bb-e,3,103,"{""base_type"": 519, ""set_flags"": 2048, ""runtime_index"": 49159, ""file_offset"": 31684, ""floor_field"": 8, ""entity_id_field"": 8521, ""group"": 0, ""room"": 4, ""unknown_a3"": 0, ""position"": [-36.540008544921875, -0.00023174285888671875, -26.16534423828125], ""angles"": [0, -4096, 0], ""params"": [1.0, 1.0, 1.0, 103, 0, 0], ""unused_pointer"": 2687099520}"
challenge-ep2/d88203-bb-e,3,104,"{""base_type"": 519, ""set_flags"": 2048, ""runtime_index"": 50695, ""file_offset"": 31752, ""floor_field"": 8, ""entity_id_field"": 8777, ""group"": 0, ""room"": 4, ""unknown_a3"": 0, ""position"": [37.287322998046875, -0.00023174285888671875, 44.53167724609375], ""angles"": [0, -8192, 0], ""params"": [1.0, 1.0, 1.0, 103, 0, 0], ""unused_pointer"": 2150490752}"
challenge-ep2/d88203-bb-e,3,105,"{""base_type"": 519, ""set_flags"": 0, ""runtime_index"": 19464, ""file_offset"": 31820, ""floor_field"": 8, ""entity_id_field"": 9033, ""group"": 0, ""room"": 4, ""unknown_a3"": 0, ""position"": [-44.909515380859375, -0.00023174285888671875, 85.24407958984375], ""angles"": [0, -4096, 0], ""params"": [1.0, 1.0, 1.0, 121, 0, 0], ""unused_pointer"": 1613881984}"
challenge-ep2/d88203-bb-e,3,106,"{""base_type"": 519, ""set_flags"": 2048, ""runtime_index"": 26632, ""file_offset"": 31888, ""floor_field"": 8, ""entity_id_field"": 9289, ""group"": 0, ""room"": 4, ""unknown_a3"": 0, ""position"": [27.06781005859375, -0.00023174285888671875, 108.1768798828125], ""angles"": [0, 0, 0], ""params"": [1.0, 1.0, 1.0, 103, 0, 0], ""unused_pointer"": 1077273216}"
challenge-ep2/d88203-bb-e,3,107,"{""base_type"": 519, ""set_flags"": 0, ""runtime_index"": 19720, ""file_offset"": 31956, ""floor_field"": 8, ""entity_id_field"": 9545, ""group"": 0, ""room"": 4, ""unknown_a3"": 0, ""position"": [-35.59808349609375, -0.00023174285888671875, 165.35992431640625], ""angles"": [0, -12288, 0], ""params"": [1.0, 1.0, 1.0, 121, 0, 0], ""unused_pointer"": 540664448}"
challenge-ep2/d88203-bb-e,3,108,"{""base_type"": 519, ""set_flags"": 2048, ""runtime_index"": 51975, ""file_offset"": 32024, ""floor_field"": 8, ""entity_id_field"": 9801, ""group"": 0, ""room"": 4, ""unknown_a3"": 0, ""position"": [65.41064453125, -0.00023174285888671875, 183.3802490234375], ""angles"": [0, 12288, 0], ""params"": [1.0, 1.0, 1.0, 103, 0, 0], ""unused_pointer"": 4055680}"
challenge-ep2/d88203-bb-e,3,109,"{""base_type"": 519, ""set_flags"": 2048, ""runtime_index"": 51719, ""file_offset"": 32092, ""floor_field"": 8, ""entity_id_field"": 10057, ""group"": 0, ""room"": 4, ""unknown_a3"": 0, ""position"": [-45.119781494140625, -0.00023174285888671875, 257.06719970703125], ""angles"": [0, 24576, 0], ""params"": [1.0, 1.0, 1.0, 103, 0, 0], ""unused_pointer"": 3762348672}"
challenge-ep2/d88203-bb-e,3,110,"{""base_type"": 519, ""set_flags"": 2048, ""runtime_index"": 51207, ""file_offset"": 32160, ""floor_field"": 8, ""entity_id_field"": 10313, ""group"": 0, ""room"": 4, ""unknown_a3"": 0, ""position"": [-100.34512329101562, -0.00023174285888671875, 121.34674072265625], ""angles"": [0, 16384, 0], ""params"": [1.0, 1.0, 1.0, 103, 0, 0], ""unused_pointer"": 3225739904}"
challenge-ep2/d88203-bb-e,3,111,"{""base_type"": 519, ""set_flags"": 2048, ""runtime_index"": 49415, ""file_offset"": 32228, ""floor_field"": 8, ""entity_id_field"": 10569, ""group"": 0, ""room"": 4, ""unknown_a3"": 0, ""position"": [-2.552734375, -0.00023174285888671875, -170.39617919921875], ""angles"": [0, 20480, 0], ""params"": [1.0, 1.0, 1.0, 103, 0, 0], ""unused_pointer"": 2689131136}"
challenge-ep2/d88203-bb-e,3,112,"{""base_type"": 519, ""set_flags"": 2048, ""runtime_index"": 50183, ""file_offset"": 32296, ""floor_field"": 8, ""entity_id_field"": 10825, ""group"": 0, ""room"": 4, ""unknown_a3"": 0, ""position"": [63.72418212890625, -0.00023174285888671875, -212.1343994140625], ""angles"": [0, -4096, 0], ""params"": [1.0, 1.0, 1.0, 103, 0, 0], ""unused_pointer"": 2152522368}"
challenge-ep2/d88203-bb-e,3,113,"{""base_type"": 519, ""set_flags"": 0, ""runtime_index"": 18696, ""file_offset"": 32364, ""floor_field"": 8, ""entity_id_field"": 11081, ""group"": 0, ""room"": 4, ""unknown_a3"": 0, ""position"": [73.10626220703125, -0.00023174285888671875, -96.8922119140625], ""angles"": [0, 24576, 0], ""params"": [1.0, 1.0, 1.0, 121, 0, 0], ""unused_pointer"": 1615913600}"
challenge-ep2/d88203-bb-e,3,114,"{""base_type"": 519, ""set_flags"": 0, ""runtime_index"": 18440, ""file_offset"": 32432, ""floor_field"": 8, ""entity_id_field"": 11337, ""group"": 0, ""room"": 4, ""unknown_a3"": 0, ""position"": [3.470001220703125, 0.0, -95.58001708984375], ""angles"": [0, 8192, 0], ""params"": [1.0, 1.0, 1.0, 121, 0, 0], ""unused_pointer"": 1079304832}"
challenge-ep2/d88203-bb-e,3,131,"{""base_type"": 519, ""set_flags"": 0, ""runtime_index"": 19976, ""file_offset"": 33588, ""floor_field"": 8, ""entity_id_field"": 15689, ""group"": 0, ""room"": 4, ""unknown_a3"": 0, ""position"": [-173.9407958984375, -10.789999961853027, 93.62921142578125], ""angles"": [0, -4096, 0], ""params"": [1.0, 1.0, 1.0, 121, 0, 0], ""unused_pointer"": 545907328}"
challenge-ep2/d88203-bb-e,3,132,"{""base_type"": 519, ""set_flags"": 2048, ""runtime_index"": 8456, ""file_offset"": 33656, ""floor_field"": 8, ""entity_id_field"": 15945, ""group"": 0, ""room"": 4, ""unknown_a3"": 0, ""position"": [-166.53976440429688, -9.308318138122559, 204.260009765625], ""angles"": [0, 4096, 0], ""params"": [1.0, 1.0, 1.0, 103, 0, 0], ""unused_pointer"": 9298560}"
challenge-ep2/d88203-bb-e,3,133,"{""base_type"": 519, ""set_flags"": 2048, ""runtime_index"": 8712, ""file_offset"": 33724, ""floor_field"": 8, ""entity_id_field"": 16201, ""group"": 0, ""room"": 4, ""unknown_a3"": 0, ""position"": [-291.36474609375, -34.273319244384766, 212.3604736328125], ""angles"": [0, 12288, 0], ""params"": [1.0, 1.0, 1.0, 103, 0, 0], ""unused_pointer"": 3767591552}"
challenge-ep2/d88203-bb-e,3,134,"{""base_type"": 519, ""set_flags"": 0, ""runtime_index"": 18952, ""file_offset"": 33792, ""floor_field"": 8, ""entity_id_field"": 16457, ""group"": 0, ""room"": 4, ""unknown_a3"": 0, ""position"": [159.42193603515625, 15.884242057800293, -174.22293090820312], ""angles"": [0, 12288, 0], ""params"": [1.0, 1.0, 1.0, 121, 0, 0], ""unused_pointer"": 3230982784}"
challenge-ep2/d88203-bb-e,3,135,"{""base_type"": 519, ""set_flags"": 2048, ""runtime_index"": 9224, ""file_offset"": 33860, ""floor_field"": 8, ""entity_id_field"": 16713, ""group"": 0, ""room"": 4, ""unknown_a3"": 0, ""position"": [234.73382568359375, 30.946617126464844, -36.46630859375], ""angles"": [0, 20480, 0], ""params"": [1.0, 1.0, 1.0, 103, 0, 0], ""unused_pointer"": 2694374016}"
challenge-ep2/d88203-bb-e,3,136,"{""base_type"": 519, ""set_flags"": 2048, ""runtime_index"": 9480, ""file_offset"": 33928, ""floor_field"": 8, ""entity_id_field"": 16969, ""group"": 0, ""room"": 4, ""unknown_a3"": 0, ""position"": [225.29071044921875, 29.057994842529297, -244.95510864257812], ""angles"": [0, 20480, 0], ""params"": [1.0, 1.0, 1.0, 103, 0, 0], ""unused_pointer"": 2157765248}"
challenge-ep2/d88203-bb-e,3,137,"{""base_type"": 519, ""set_flags"": 2048, ""runtime_index"": 26376, ""file_offset"": 33996, ""floor_field"": 8, ""entity_id_field"": 17225, ""group"": 0, ""room"": 4, ""unknown_a3"": 0, ""position"": [301.989990234375, 44.397865295410156, -148.47003173828125], ""angles"": [0, 20480, 0], ""params"": [1.0, 1.0, 1.0, 103, 0, 0], ""unused_pointer"": 1621156480}"
challenge-ep2/d88203-bb-e,3,161,"{""base_type"": 519, ""set_flags"": 0, ""runtime_index"": 47111, ""file_offset"": 35628, ""floor_field"": 8, ""entity_id_field"": 26440, ""group"": 0, ""room"": 5, ""unknown_a3"": 0, ""position"": [216.5853271484375, 99.9998779296875, 95.05426025390625], ""angles"": [0, 0, 0], ""params"": [1.0, 1.0, 1.0, 15, 0, 0], ""unused_pointer"": 540402304}"
challenge-ep2/d88203-bb-e,3,162,"{""base_type"": 519, ""set_flags"": 0, ""runtime_index"": 47367, ""file_offset"": 35696, ""floor_field"": 8, ""entity_id_field"": 26696, ""group"": 0, ""room"": 5, ""unknown_a3"": 0, ""position"": [264.91357421875, 99.9998779296875, 92.51873779296875], ""angles"": [0, 0, 0], ""params"": [1.0, 1.0, 1.0, 15, 0, 0], ""unused_pointer"": 2151211648}"
challenge-ep2/d88203-bb-e,3,193,"{""base_type"": 519, ""set_flags"": 0, ""runtime_index"": 28167, ""file_offset"": 37804, ""floor_field"": 8, ""entity_id_field"": 23112, ""group"": 0, ""room"": 8, ""unknown_a3"": 0, ""position"": [-328.96832275390625, -0.00010663270950317383, -254.9798583984375], ""angles"": [0, 16384, 0], ""params"": [1.0, 1.0, 1.0, 106, 0, 0], ""unused_pointer"": 1884021376}"
challenge-ep2/d88203-bb-e,3,196,"{""base_type"": 519, ""set_flags"": 0, ""runtime_index"": 27655, ""file_offset"": 38008, ""floor_field"": 8, ""entity_id_field"": 23880, ""group"": 0, ""room"": 8, ""unknown_a3"": 0, ""position"": [-333.9000244140625, 0.0, -232.8900146484375], ""angles"": [0, 12288, 0], ""params"": [1.0, 1.0, 1.0, 106, 0, 0], ""unused_pointer"": 1884807808}"
challenge-ep2/d88203-bb-e,3,197,"{""base_type"": 519, ""set_flags"": 0, ""runtime_index"": 28423, ""file_offset"": 38076, ""floor_field"": 8, ""entity_id_field"": 24136, ""group"": 0, ""room"": 8, ""unknown_a3"": 0, ""position"": [-330.29010009765625, -0.00010663270950317383, -275.91839599609375], ""angles"": [0, 49152, 0], ""params"": [1.0, 1.0, 1.0, 106, 0, 0], ""unused_pointer"": 1348199040}"
challenge-ep2/d88203-bb-e,4,1,"{""base_type"": 519, ""set_flags"": 2048, ""runtime_index"": 59400, ""file_offset"": 41152, ""floor_field"": 9, ""entity_id_field"": 31305, ""group"": 0, ""room"": 1, ""unknown_a3"": 0, ""position"": [-95.75, 10.0, 157.54000854492188], ""angles"": [0, 16384, 0], ""params"": [1.0, 1.0, 1.0, 1, 0, 0], ""unused_pointer"": 2151473792}"
challenge-ep2/d88203-bb-e,4,2,"{""base_type"": 519, ""set_flags"": 2048, ""runtime_index"": 59656, ""file_offset"": 41220, ""floor_field"": 9, ""entity_id_field"": 31561, ""group"": 0, ""room"": 1, ""unknown_a3"": 0, ""position"": [-96.14751434326172, 10.0, 176.73312377929688], ""angles"": [0, 16384, 0], ""params"": [1.0, 1.0, 1.0, 1, 0, 0], ""unused_pointer"": 1883103872}"
challenge-ep2/d88203-bb-e,4,3,"{""base_type"": 519, ""set_flags"": 2048, ""runtime_index"": 59912, ""file_offset"": 41288, ""floor_field"": 9, ""entity_id_field"": 31817, ""group"": 0, ""room"": 1, ""unknown_a3"": 0, ""position"": [-97.27664184570312, 10.0, 197.85792541503906], ""angles"": [0, 16384, 0], ""params"": [1.0, 1.0, 1.0, 1, 0, 0], ""unused_pointer"": 2152325760}"
challenge-ep2/d88203-bb-e,4,6,"{""base_type"": 519, ""set_flags"": 0, ""runtime_index"": 10761, ""file_offset"": 41492, ""floor_field"": 9, ""entity_id_field"": 35148, ""group"": 1, ""room"": 3, ""unknown_a3"": 0, ""position"": [-1532.40380859375, 10.0, -710.970458984375], ""angles"": [0, 12288, 0], ""params"": [1.0, 1.0, 1.0, 120, 0, 0], ""unused_pointer"": 813490560}"
challenge-ep2/d88203-bb-e,4,7,"{""base_type"": 519, ""set_flags"": 0, ""runtime_index"": 10249, ""file_offset"": 41560, ""floor_field"": 9, ""entity_id_field"": 35404, ""group"": 1, ""room"": 3, ""unknown_a3"": 0, ""position"": [-1522.469970703125, 10.0, -745.0440063476562], ""angles"": [0, 16384, 0], ""params"": [1.0, 1.0, 1.0, 120, 0, 0], ""unused_pointer"": 2692604288}"
challenge-ep2/d88203-bb-e,4,8,"{""base_type"": 519, ""set_flags"": 0, ""runtime_index"": 10505, ""file_offset"": 41628, ""floor_field"": 9, ""entity_id_field"": 35660, ""group"": 1, ""room"": 3, ""unknown_a3"": 0, ""position"": [-1524.27001953125, 10.0, -726.1806030273438], ""angles"": [0, 12288, 0], ""params"": [1.0, 1.0, 1.0, 120, 0, 0], ""unused_pointer"": 276816256}"
challenge-ep2/d88203-bb-e,4,9,"{""base_type"": 519, ""set_flags"": 0, ""runtime_index"": 11529, ""file_offset"": 41696, ""floor_field"": 9, ""entity_id_field"": 35916, ""group"": 1, ""room"": 3, ""unknown_a3"": 0, ""position"": [-1472.437255859375, 10.0, -937.7599487304688], ""angles"": [0, 0, 0], ""params"": [1.0, 1.0, 1.0, 120, 0, 0], ""unused_pointer"": 281010560}"
challenge-ep2/d88203-bb-e,4,10,"{""base_type"": 519, ""set_flags"": 0, ""runtime_index"": 11017, ""file_offset"": 41764, ""floor_field"": 9, ""entity_id_field"": 36172, ""group"": 1, ""room"": 3, ""unknown_a3"": 0, ""position"": [-1434.5299072265625, 10.0, -932.3563232421875], ""angles"": [0, 0, 0], ""params"": [1.0, 1.0, 1.0, 120, 0, 0], ""unused_pointer"": 810148480}"
challenge-ep2/d88203-bb-e,4,11,"{""base_type"": 519, ""set_flags"": 0, ""runtime_index"": 11273, ""file_offset"": 41832, ""floor_field"": 9, ""entity_id_field"": 36428, ""group"": 1, ""room"": 3, ""unknown_a3"": 0, ""position"": [-1452.80517578125, 10.0, -937.250244140625], ""angles"": [0, 0, 0], ""params"": [1.0, 1.0, 1.0, 120, 0, 0], ""unused_pointer"": 273539712}"
challenge-ep2/d88203-bb-e,4,12,"{""base_type"": 519, ""set_flags"": 0, ""runtime_index"": 12041, ""file_offset"": 41900, ""floor_field"": 9, ""entity_id_field"": 36684, ""group"": 1, ""room"": 3, ""unknown_a3"": 0, ""position"": [-1219.8348388671875, 10.0, -631.44873046875], ""angles"": [0, 0, 0], ""params"": [1.0, 1.0, 1.0, 120, 0, 0], ""unused_pointer"": 4031832704}"
challenge-ep2/d88203-bb-e,4,13,"{""base_type"": 519, ""set_flags"": 0, ""runtime_index"": 12297, ""file_offset"": 41968, ""floor_field"": 9, ""entity_id_field"": 36940, ""group"": 1, ""room"": 3, ""unknown_a3"": 0, ""position"": [-1248.423095703125, 10.0, -630.4740600585938], ""angles"": [0, 32768, 0], ""params"": [1.0, 1.0, 1.0, 120, 0, 0], ""unused_pointer"": 3495223936}"
challenge-ep2/d88203-bb-e,4,14,"{""base_type"": 519, ""set_flags"": 0, ""runtime_index"": 11785, ""file_offset"": 42036, ""floor_field"": 9, ""entity_id_field"": 37196, ""group"": 1, ""room"": 3, ""unknown_a3"": 0, ""position"": [-1234.884521484375, 10.0, -643.259033203125], ""angles"": [0, 45056, 0], ""params"": [1.0, 1.0, 1.0, 120, 0, 0], ""unused_pointer"": 2958615168}"
challenge-ep2/d88203-bb-e,4,39,"{""base_type"": 519, ""set_flags"": 0, ""runtime_index"": 41480, ""file_offset"": 43736, ""floor_field"": 9, ""entity_id_field"": 62793, ""group"": 0, ""room"": 3, ""unknown_a3"": 0, ""position"": [-706.0, 9.099994659423828, -327.0], ""angles"": [0, 8192, 0], ""params"": [1.0, 1.0, 1.0, 99, 0, 0], ""unused_pointer"": 7725696}"
challenge-ep2/d88203-bb-e,4,40,"{""base_type"": 519, ""set_flags"": 0, ""runtime_index"": 41736, ""file_offset"": 43804, ""floor_field"": 9, ""entity_id_field"": 63049, ""group"": 0, ""room"": 3, ""unknown_a3"": 0, ""position"": [-689.0, 9.09000015258789, -345.0], ""angles"": [0, 40960, 0], ""params"": [1.0, 1.0, 1.0, 99, 0, 0], ""unused_pointer"": 3766018688}"
challenge-ep2/d88203-bb-e,4,44,"{""base_type"": 519, ""set_flags"": 0, ""runtime_index"": 41992, ""file_offset"": 44076, ""floor_field"": 9, ""entity_id_field"": 64073, ""group"": 0, ""room"": 3, ""unknown_a3"": 0, ""position"": [-686.0, 15.0, -350.0], ""angles"": [0, 8192, 0], ""params"": [1.0, 1.0, 1.0, 99, 0, 0], ""unused_pointer"": 4035306112}"
challenge-ep2/d88203-bb-e,4,139,"{""base_type"": 519, ""set_flags"": 2048, ""runtime_index"": 43782, ""file_offset"": 50536, ""floor_field"": 9, ""entity_id_field"": 43846, ""group"": 0, ""room"": 7, ""unknown_a3"": 0, ""position"": [314.5362548828125, 8.619999885559082, -212.33445739746094], ""angles"": [0, 24576, 0], ""params"": [1.0, 1.0, 1.0, 3, 0, 0], ""unused_pointer"": 11068288}"
challenge-ep2/d88203-bb-e,4,140,"{""base_type"": 519, ""set_flags"": 2048, ""runtime_index"": 44038, ""file_offset"": 50604, ""floor_field"": 9, ""entity_id_field"": 44102, ""group"": 0, ""room"": 7, ""unknown_a3"": 0, ""position"": [323.3658447265625, 8.619999885559082, -208.69192504882812], ""angles"": [0, 24576, 0], ""params"": [1.0, 1.0, 1.0, 3, 0, 0], ""unused_pointer"": 3769361280}"
challenge-ep2/d88203-bb-e,4,144,"{""base_type"": 519, ""set_flags"": 2048, ""runtime_index"": 45062, ""file_offset"": 50876, ""floor_field"": 9, ""entity_id_field"": 45126, ""group"": 0, ""room"": 7, ""unknown_a3"": 0, ""position"": [328.3624267578125, 8.619999885559082, -194.51699829101562], ""angles"": [0, 24576, 0], ""params"": [1.0, 1.0, 1.0, 3, 0, 0], ""unused_pointer"": 2428232576}"
challenge-ep2/d88203-bb-e,4,159,"{""base_type"": 519, ""set_flags"": 2048, ""runtime_index"": 25350, ""file_offset"": 51896, ""floor_field"": 9, ""entity_id_field"": 21579, ""group"": 0, ""room"": 9, ""unknown_a3"": 0, ""position"": [107.187744140625, 10.0, 171.533447265625], ""angles"": [0, 0, 0], ""params"": [1.0, 1.0, 1.0, 5, 0, 0], ""unused_pointer"": 1086382464}"
challenge-ep2/d88203-bb-e,4,160,"{""base_type"": 519, ""set_flags"": 2048, ""runtime_index"": 25606, ""file_offset"": 51964, ""floor_field"": 9, ""entity_id_field"": 21835, ""group"": 0, ""room"": 9, ""unknown_a3"": 0, ""position"": [133.778076171875, 10.0, 169.38580322265625], ""angles"": [0, 32768, 0], ""params"": [1.0, 1.0, 1.0, 5, 0, 0], ""unused_pointer"": 276226944}"
challenge-ep2/d88203-bb-e,4,161,"{""base_type"": 519, ""set_flags"": 2048, ""runtime_index"": 25862, ""file_offset"": 52032, ""floor_field"": 9, ""entity_id_field"": 22091, ""group"": 0, ""room"": 9, ""unknown_a3"": 0, ""position"": [122.8045654296875, 4.525000095367432, 172.07867431640625], ""angles"": [0, 32768, 0], ""params"": [1.0, 1.0, 1.0, 5, 0, 0], ""unused_pointer"": 1889657728}"
challenge-ep2/d88203-bb-j,1,2,"{""base_type"": 519, ""set_flags"": 512, ""runtime_index"": 52995, ""file_offset"": 2888, ""floor_field"": 6, ""entity_id_field"": 53059, ""group"": 0, ""room"": 1, ""unknown_a3"": 0, ""position"": [112.79998779296875, 22.329999923706055, -47.57208251953125], ""angles"": [0, 20480, 0], ""params"": [1.0, 1.0, 1.0, 99, 0, 0], ""unused_pointer"": 2420433536}"
challenge-ep2/d88203-bb-j,1,3,"{""base_type"": 519, ""set_flags"": 512, ""runtime_index"": 53251, ""file_offset"": 2956, ""floor_field"": 6, ""entity_id_field"": 53315, ""group"": 0, ""room"": 1, ""unknown_a3"": 0, ""position"": [-89.33203125, 22.325002670288086, 64.07391357421875], ""angles"": [0, 8192, 0], ""params"": [1.0, 1.0, 1.0, 99, 0, 0], ""unused_pointer"": 4031242880}"
challenge-ep2/d88203-bb-j,1,8,"{""base_type"": 519, ""set_flags"": 512, ""runtime_index"": 54531, ""file_offset"": 3296, ""floor_field"": 6, ""entity_id_field"": 54595, ""group"": 0, ""room"": 1, ""unknown_a3"": 0, ""position"": [30.47271728515625, 22.939998626708984, 98.08001708984375], ""angles"": [0, 8192, 0], ""params"": [1.0, 1.0, 1.0, 99, 0, 0], ""unused_pointer"": 1348199040}"
challenge-ep2/d88203-bb-j,1,16,"{""base_type"": 519, ""set_flags"": 512, ""runtime_index"": 56579, ""file_offset"": 3840, ""floor_field"": 6, ""entity_id_field"": 56643, ""group"": 0, ""room"": 1, ""unknown_a3"": 0, ""position"": [-16.41998291015625, 21.743749618530273, -42.00799560546875], ""angles"": [0, 0, 0], ""params"": [1.0, 1.0, 1.0, 99, 0, 0], ""unused_pointer"": 812049024}"
challenge-ep2/d88203-bb-j,1,30,"{""base_type"": 519, ""set_flags"": 2048, ""runtime_index"": 43528, ""file_offset"": 4792, ""floor_field"": 6, ""entity_id_field"": 33097, ""group"": 0, ""room"": 4, ""unknown_a3"": 0, ""position"": [179.04229736328125, -2.0, -43.80999755859375], ""angles"": [0, 36864, 0], ""params"": [1.0, 1.0, 1.0, 104, 0, 0], ""unused_pointer"": 4033208960}"
challenge-ep2/d88203-bb-j,1,34,"{""base_type"": 519, ""set_flags"": 2048, ""runtime_index"": 42248, ""file_offset"": 5064, ""floor_field"": 6, ""entity_id_field"": 34121, ""group"": 0, ""room"": 4, ""unknown_a3"": 0, ""position"": [-243.3800048828125, 0.0, 7.57000732421875], ""angles"": [0, 53248, 0], ""params"": [1.0, 1.0, 1.0, 108, 0, 0], ""unused_pointer"": 1886446208}"
challenge-ep2/d88203-bb-j,1,35,"{""base_type"": 519, ""set_flags"": 2048, ""runtime_index"": 42504, ""file_offset"": 5132, ""floor_field"": 6, ""entity_id_field"": 34377, ""group"": 0, ""room"": 4, ""unknown_a3"": 0, ""position"": [-249.91867065429688, 0.0, -5.75555419921875], ""angles"": [0, 20480, 0], ""params"": [1.0, 1.0, 1.0, 108, 0, 0], ""unused_pointer"": 1349837440}"
challenge-ep2/d88203-bb-j,1,72,"{""base_type"": 519, ""set_flags"": 512, ""runtime_index"": 3588, ""file_offset"": 7648, ""floor_field"": 6, ""entity_id_field"": 61257, ""group"": 0, ""room"": 9, ""unknown_a3"": 0, ""position"": [35.0, -6.359999656677246, -140.0], ""angles"": [0, 0, 0], ""params"": [1.0, 1.0, 1.0, 109, 0, 0], ""unused_pointer"": 4041335424}"
challenge-ep2/d88203-bb-j,1,76,"{""base_type"": 519, ""set_flags"": 512, ""runtime_index"": 4612, ""file_offset"": 7920, ""floor_field"": 6, ""entity_id_field"": 62281, ""group"": 0, ""room"": 9, ""unknown_a3"": 0, ""position"": [51.33753967285156, -6.359999656677246, -141.74667358398438], ""angles"": [0, 0, 0], ""params"": [1.0, 1.0, 1.0, 109, 0, 0], ""unused_pointer"": 3505054336}"
challenge-ep2/d88203-bb-j,1,77,"{""base_type"": 519, ""set_flags"": 512, ""runtime_index"": 4868, ""file_offset"": 7988, ""floor_field"": 6, ""entity_id_field"": 62537, ""group"": 0, ""room"": 9, ""unknown_a3"": 0, ""position"": [17.279998779296875, -6.359999656677246, -137.61000061035156], ""angles"": [0, 4096, 0], ""params"": [1.0, 1.0, 1.0, 109, 0, 0], ""unused_pointer"": 2968445568}"
challenge-ep2/d88203-bb-j,1,106,"{""base_type"": 519, ""set_flags"": 0, ""runtime_index"": 48136, ""file_offset"": 9960, ""floor_field"": 6, ""entity_id_field"": 2634, ""group"": 0, ""room"": 10, ""unknown_a3"": 0, ""position"": [-25.102935791015625, -58.65999984741211, -7.2904052734375], ""angles"": [0, 16384, 0], ""params"": [1.0, 1.0, 1.0, 99, 0, 0], ""unused_pointer"": 12575104}"
challenge-ep2/d88203-bb-j,1,130,"{""base_type"": 519, ""set_flags"": 512, ""runtime_index"": 15620, ""file_offset"": 11592, ""floor_field"": 6, ""entity_id_field"": 6730, ""group"": 0, ""room"": 12, ""unknown_a3"": 0, ""position"": [185.63575744628906, -10.853246688842773, -40.473052978515625], ""angles"": [0, 24576, 0], ""params"": [1.0, 1.0, 1.0, 99, 0, 0], ""unused_pointer"": 542827136}"
challenge-ep2/d88203-bb-j,1,134,"{""base_type"": 519, ""set_flags"": 512, ""runtime_index"": 17156, ""file_offset"": 11864, ""floor_field"": 6, ""entity_id_field"": 7754, ""group"": 0, ""room"": 12, ""unknown_a3"": 0, ""position"": [108.75, -8.519999504089355, -26.419998168945312], ""angles"": [0, 49152, 0], ""params"": [1.0, 1.0, 1.0, 99, 0, 0], ""unused_pointer"": 3229737600}"
challenge-ep2/d88203-bb-j,1,141,"{""base_type"": 519, ""set_flags"": 0, ""runtime_index"": 37128, ""file_offset"": 12340, ""floor_field"": 6, ""entity_id_field"": 34377, ""group"": 0, ""room"": 13, ""unknown_a3"": 0, ""position"": [-20.0, -88.45609283447266, -150.0], ""angles"": [0, 0, 0], ""params"": [1.0, 1.0, 1.0, 114, 0, 0], ""unused_pointer"": 273739648}"
challenge-ep2/d88203-bb-j,1,143,"{""base_type"": 519, ""set_flags"": 0, ""runtime_index"": 37640, ""file_offset"": 12476, ""floor_field"": 6, ""entity_id_field"": 37449, ""group"": 0, ""room"": 13, ""unknown_a3"": 0, ""position"": [-37.889984130859375, -88.45999908447266, -157.77999877929688], ""angles"": [0, 24576, 0], ""params"": [1.0, 1.0, 1.0, 114, 0, 0], ""unused_pointer"": 543092608}"
challenge-ep2/d88203-bb-j,1,144,"{""base_type"": 519, ""set_flags"": 0, ""runtime_index"": 37896, ""file_offset"": 12544, ""floor_field"": 6, ""entity_id_field"": 37961, ""group"": 0, ""room"": 13, ""unknown_a3"": 0, ""position"": [-51.27996826171875, -88.45999908447266, -170.11488342285156], ""angles"": [0, 57344, 0], ""params"": [1.0, 1.0, 1.0, 114, 0, 0], ""unused_pointer"": 1079635840}"
challenge-ep2/d88203-bb-j,2,54,"{""base_type"": 519, ""set_flags"": 512, ""runtime_index"": 49668, ""file_offset"": 18340, ""floor_field"": 7, ""entity_id_field"": 45641, ""group"": 0, ""room"": 2, ""unknown_a3"": 0, ""position"": [-229.4849853515625, -33.533748626708984, 43.023529052734375], ""angles"": [0, 40960, 0], ""params"": [1.0, 1.0, 1.0, 99, 0, 0], ""unused_pointer"": 2959729280}"
challenge-ep2/d88203-bb-j,2,60,"{""base_type"": 519, ""set_flags"": 2048, ""runtime_index"": 51204, ""file_offset"": 18748, ""floor_field"": 7, ""entity_id_field"": 47177, ""group"": 0, ""room"": 2, ""unknown_a3"": 0, ""position"": [-232.82000732421875, -38.689998626708984, 64.20001220703125], ""angles"": [0, 49152, 0], ""params"": [1.0, 1.0, 1.0, 105, 0, 0], ""unused_pointer"": 2155995776}"
challenge-ep2/d88203-bb-j,2,72,"{""base_type"": 519, ""set_flags"": 512, ""runtime_index"": 53764, ""file_offset"": 19564, ""floor_field"": 7, ""entity_id_field"": 19018, ""group"": 0, ""room"": 4, ""unknown_a3"": 0, ""position"": [-49.85540771484375, -15.906098365783691, -163.35040283203125], ""angles"": [0, 4096, 0], ""params"": [1.0, 1.0, 1.0, 5, 0, 0], ""unused_pointer"": 1078125184}"
challenge-ep2/d88203-bb-j,2,73,"{""base_type"": 519, ""set_flags"": 512, ""runtime_index"": 54020, ""file_offset"": 19632, ""floor_field"": 7, ""entity_id_field"": 19274, ""group"": 0, ""room"": 4, ""unknown_a3"": 0, ""position"": [-71.7760009765625, -15.906098365783691, -147.18060302734375], ""angles"": [0, 4096, 0], ""params"": [1.0, 1.0, 1.0, 5, 0, 0], ""unused_pointer"": 541516416}"
challenge-ep2/d88203-bb-j,2,74,"{""base_type"": 519, ""set_flags"": 512, ""runtime_index"": 54276, ""file_offset"": 19700, ""floor_field"": 7, ""entity_id_field"": 19530, ""group"": 0, ""room"": 4, ""unknown_a3"": 0, ""position"": [-62.51666259765625, -15.906098365783691, -154.3446044921875], ""angles"": [0, 36864, 0], ""params"": [1.0, 1.0, 1.0, 5, 0, 0], ""unused_pointer"": 4907648}"
challenge-ep2/d88203-bb-j,2,79,"{""base_type"": 519, ""set_flags"": 512, ""runtime_index"": 55556, ""file_offset"": 20040, ""floor_field"": 7, ""entity_id_field"": 20810, ""group"": 0, ""room"": 4, ""unknown_a3"": 0, ""position"": [-105.103271484375, 11.380000114440918, 116.24542236328125], ""angles"": [0, 57344, 0], ""params"": [1.0, 1.0, 1.0, 4, 0, 0], ""unused_pointer"": 5563008}"
challenge-ep2/d88203-bb-j,2,80,"{""base_type"": 519, ""set_flags"": 512, ""runtime_index"": 55812, ""file_offset"": 20108, ""floor_field"": 7, ""entity_id_field"": 21066, ""group"": 0, ""room"": 4, ""unknown_a3"": 0, ""position"": [-117.9400634765625, 8.361249923706055, 107.023193359375], ""angles"": [0, 57344, 0], ""params"": [1.0, 1.0, 1.0, 4, 0, 0], ""unused_pointer"": 3763856000}"
challenge-ep2/d88203-bb-j,2,101,"{""base_type"": 519, ""set_flags"": 512, ""runtime_index"": 5893, ""file_offset"": 21536, ""floor_field"": 7, ""entity_id_field"": 23882, ""group"": 0, ""room"": 6, ""unknown_a3"": 0, ""position"": [-92.10151672363281, -54.665260314941406, 106.38641357421875], ""angles"": [0, 0, 0], ""params"": [1.0, 1.0, 1.0, 7, 0, 0], ""unused_pointer"": 2959925888}"
challenge-ep2/d88203-bb-j,2,102,"{""base_type"": 519, ""set_flags"": 512, ""runtime_index"": 6149, ""file_offset"": 21604, ""floor_field"": 7, ""entity_id_field"": 24138, ""group"": 0, ""room"": 6, ""unknown_a3"": 0, ""position"": [-69.31810760498047, -59.259010314941406, 106.61688232421875], ""angles"": [0, 28672, 0], ""params"": [1.0, 1.0, 1.0, 7, 0, 0], ""unused_pointer"": 2423317120}"
challenge-ep2/d88203-bb-j,2,106,"{""base_type"": 519, ""set_flags"": 512, ""runtime_index"": 7173, ""file_offset"": 21876, ""floor_field"": 7, ""entity_id_field"": 25162, ""group"": 0, ""room"": 6, ""unknown_a3"": 0, ""position"": [198.87728881835938, -18.010000228881836, -9.3043212890625], ""angles"": [0, 16384, 0], ""params"": [1.0, 1.0, 1.0, 6, 0, 0], ""unused_pointer"": 3497648768}"
challenge-ep2/d88203-bb-j,2,107,"{""base_type"": 519, ""set_flags"": 512, ""runtime_index"": 7429, ""file_offset"": 21944, ""floor_field"": 7, ""entity_id_field"": 25418, ""group"": 0, ""room"": 6, ""unknown_a3"": 0, ""position"": [197.07192993164062, -18.010000228881836, 0.34332275390625], ""angles"": [0, 16384, 0], ""params"": [1.0, 1.0, 1.0, 6, 0, 0], ""unused_pointer"": 2961040000}"
challenge-ep2/d88203-bb-j,3,81,"{""base_type"": 519, ""set_flags"": 0, ""runtime_index"": 47623, ""file_offset"": 30188, ""floor_field"": 8, ""entity_id_field"": 9800, ""group"": 0, ""room"": 3, ""unknown_a3"": 0, ""position"": [-258.8253479003906, -98.72000122070312, -61.1043701171875], ""angles"": [0, 0, 0], ""params"": [1.0, 1.0, 1.0, 5, 0, 0], ""unused_pointer"": 2686837376}"
challenge-ep2/d88203-bb-j,3,82,"{""base_type"": 519, ""set_flags"": 0, ""runtime_index"": 47879, ""file_offset"": 30256, ""floor_field"": 8, ""entity_id_field"": 10056, ""group"": 0, ""room"": 3, ""unknown_a3"": 0, ""position"": [-240.31539916992188, -100.00028228759766, -61.54205322265625], ""angles"": [0, 28672, 0], ""params"": [1.0, 1.0, 1.0, 5, 0, 0], ""unused_pointer"": 1344922240}"
challenge-ep2/d88203-bb-j,3,101,"{""base_type"": 519, ""set_flags"": 0, ""runtime_index"": 19208, ""file_offset"": 31548, ""floor_field"": 8, ""entity_id_field"": 8009, ""group"": 0, ""room"": 4, ""unknown_a3"": 0, ""position"": [-171.94000244140625, -0.7338815331459045, -168.5667724609375], ""angles"": [0, 12288, 0], ""params"": [1.0, 1.0, 1.0, 121, 0, 0], ""unused_pointer"": 3760382592}"
challenge-ep2/d88203-bb-j,3,102,"{""base_type"": 519, ""set_flags"": 2048, ""runtime_index"": 49671, ""file_offset"": 31616, ""floor_field"": 8, ""entity_id_field"": 8265, ""group"": 0, ""room"": 4, ""unknown_a3"": 0, ""position"": [-96.93035888671875, -0.00023174285888671875, -128.044921875], ""angles"": [0, 24576, 0], ""params"": [1.0, 1.0, 1.0, 103, 0, 0], ""unused_pointer"": 1076290176}"
challenge-ep2/d88203-bb-j,3,103,"{""base_type"": 519, ""set_flags"": 2048, ""runtime_index"": 49159, ""file_offset"": 31684, ""floor_field"": 8, ""entity_id_field"": 8521, ""group"": 0, ""room"": 4, ""unknown_a3"": 0, ""position"": [-36.540008544921875, -0.00023174285888671875, -26.16534423828125], ""angles"": [0, -4096, 0], ""params"": [1.0, 1.0, 1.0, 103, 0, 0], ""unused_pointer"": 2687099520}"
challenge-ep2/d88203-bb-j,3,104,"{""base_type"": 519, ""set_flags"": 2048, ""runtime_index"": 50695, ""file_offset"": 31752, ""floor_field"": 8, ""entity_id_field"": 8777, ""group"": 0, ""room"": 4, ""unknown_a3"": 0, ""position"": [37.287322998046875, -0.00023174285888671875, 44.53167724609375], ""angles"": [0, -8192, 0], ""params"": [1.0, 1.0, 1.0, 103, 0, 0], ""unused_pointer"": 2150490752}"
challenge-ep2/d88203-bb-j,3,105,"{""base_type"": 519, ""set_flags"": 0, ""runtime_index"": 19464, ""file_offset"": 31820, ""floor_field"": 8, ""entity_id_field"": 9033, ""group"": 0, ""room"": 4, ""unknown_a3"": 0, ""position"": [-44.909515380859375, -0.00023174285888671875, 85.24407958984375], ""angles"": [0, -4096, 0], ""params"": [1.0, 1.0, 1.0, 121, 0, 0], ""unused_pointer"": 1613881984}"
challenge-ep2/d88203-bb-j,3,106,"{""base_type"": 519, ""set_flags"": 2048, ""runtime_index"": 26632, ""file_offset"": 31888, ""floor_field"": 8, ""entity_id_field"": 9289, ""group"": 0, ""room"": 4, ""unknown_a3"": 0, ""position"": [27.06781005859375, -0.00023174285888671875, 108.1768798828125], ""angles"": [0, 0, 0], ""params"": [1.0, 1.0, 1.0, 103, 0, 0], ""unused_pointer"": 1077273216}"
challenge-ep2/d88203-bb-j,3,107,"{""base_type"": 519, ""set_flags"": 0, ""runtime_index"": 19720, ""file_offset"": 31956, ""floor_field"": 8, ""entity_id_field"": 9545, ""group"": 0, ""room"": 4, ""unknown_a3"": 0, ""position"": [-35.59808349609375, -0.00023174285888671875, 165.35992431640625], ""angles"": [0, -12288, 0], ""params"": [1.0, 1.0, 1.0, 121, 0, 0], ""unused_pointer"": 540664448}"
challenge-ep2/d88203-bb-j,3,108,"{""base_type"": 519, ""set_flags"": 2048, ""runtime_index"": 51975, ""file_offset"": 32024, ""floor_field"": 8, ""entity_id_field"": 9801, ""group"": 0, ""room"": 4, ""unknown_a3"": 0, ""position"": [65.41064453125, -0.00023174285888671875, 183.3802490234375], ""angles"": [0, 12288, 0], ""params"": [1.0, 1.0, 1.0, 103, 0, 0], ""unused_pointer"": 4055680}"
challenge-ep2/d88203-bb-j,3,109,"{""base_type"": 519, ""set_flags"": 2048, ""runtime_index"": 51719, ""file_offset"": 32092, ""floor_field"": 8, ""entity_id_field"": 10057, ""group"": 0, ""room"": 4, ""unknown_a3"": 0, ""position"": [-45.119781494140625, -0.00023174285888671875, 257.06719970703125], ""angles"": [0, 24576, 0], ""params"": [1.0, 1.0, 1.0, 103, 0, 0], ""unused_pointer"": 3762348672}"
challenge-ep2/d88203-bb-j,3,110,"{""base_type"": 519, ""set_flags"": 2048, ""runtime_index"": 51207, ""file_offset"": 32160, ""floor_field"": 8, ""entity_id_field"": 10313, ""group"": 0, ""room"": 4, ""unknown_a3"": 0, ""position"": [-100.34512329101562, -0.00023174285888671875, 121.34674072265625], ""angles"": [0, 16384, 0], ""params"": [1.0, 1.0, 1.0, 103, 0, 0], ""unused_pointer"": 3225739904}"
challenge-ep2/d88203-bb-j,3,111,"{""base_type"": 519, ""set_flags"": 2048, ""runtime_index"": 49415, ""file_offset"": 32228, ""floor_field"": 8, ""entity_id_field"": 10569, ""group"": 0, ""room"": 4, ""unknown_a3"": 0, ""position"": [-2.552734375, -0.00023174285888671875, -170.39617919921875], ""angles"": [0, 20480, 0], ""params"": [1.0, 1.0, 1.0, 103, 0, 0], ""unused_pointer"": 2689131136}"
challenge-ep2/d88203-bb-j,3,112,"{""base_type"": 519, ""set_flags"": 2048, ""runtime_index"": 50183, ""file_offset"": 32296, ""floor_field"": 8, ""entity_id_field"": 10825, ""group"": 0, ""room"": 4, ""unknown_a3"": 0, ""position"": [63.72418212890625, -0.00023174285888671875, -212.1343994140625], ""angles"": [0, -4096, 0], ""params"": [1.0, 1.0, 1.0, 103, 0, 0], ""unused_pointer"": 2152522368}"
challenge-ep2/d88203-bb-j,3,113,"{""base_type"": 519, ""set_flags"": 0, ""runtime_index"": 18696, ""file_offset"": 32364, ""floor_field"": 8, ""entity_id_field"": 11081, ""group"": 0, ""room"": 4, ""unknown_a3"": 0, ""position"": [73.10626220703125, -0.00023174285888671875, -96.8922119140625], ""angles"": [0, 24576, 0], ""params"": [1.0, 1.0, 1.0, 121, 0, 0], ""unused_pointer"": 1615913600}"
challenge-ep2/d88203-bb-j,3,114,"{""base_type"": 519, ""set_flags"": 0, ""runtime_index"": 18440, ""file_offset"": 32432, ""floor_field"": 8, ""entity_id_field"": 11337, ""group"": 0, ""room"": 4, ""unknown_a3"": 0, ""position"": [3.470001220703125, 0.0, -95.58001708984375], ""angles"": [0, 8192, 0], ""params"": [1.0, 1.0, 1.0, 121, 0, 0], ""unused_pointer"": 1079304832}"
challenge-ep2/d88203-bb-j,3,131,"{""base_type"": 519, ""set_flags"": 0, ""runtime_index"": 19976, ""file_offset"": 33588, ""floor_field"": 8, ""entity_id_field"": 15689, ""group"": 0, ""room"": 4, ""unknown_a3"": 0, ""position"": [-173.9407958984375, -10.789999961853027, 93.62921142578125], ""angles"": [0, -4096, 0], ""params"": [1.0, 1.0, 1.0, 121, 0, 0], ""unused_pointer"": 545907328}"
challenge-ep2/d88203-bb-j,3,132,"{""base_type"": 519, ""set_flags"": 2048, ""runtime_index"": 8456, ""file_offset"": 33656, ""floor_field"": 8, ""entity_id_field"": 15945, ""group"": 0, ""room"": 4, ""unknown_a3"": 0, ""position"": [-166.53976440429688, -9.308318138122559, 204.260009765625], ""angles"": [0, 4096, 0], ""params"": [1.0, 1.0, 1.0, 103, 0, 0], ""unused_pointer"": 9298560}"
challenge-ep2/d88203-bb-j,3,133,"{""base_type"": 519, ""set_flags"": 2048, ""runtime_index"": 8712, ""file_offset"": 33724, ""floor_field"": 8, ""entity_id_field"": 16201, ""group"": 0, ""room"": 4, ""unknown_a3"": 0, ""position"": [-291.36474609375, -34.273319244384766, 212.3604736328125], ""angles"": [0, 12288, 0], ""params"": [1.0, 1.0, 1.0, 103, 0, 0], ""unused_pointer"": 3767591552}"
challenge-ep2/d88203-bb-j,3,134,"{""base_type"": 519, ""set_flags"": 0, ""runtime_index"": 18952, ""file_offset"": 33792, ""floor_field"": 8, ""entity_id_field"": 16457, ""group"": 0, ""room"": 4, ""unknown_a3"": 0, ""position"": [159.42193603515625, 15.884242057800293, -174.22293090820312], ""angles"": [0, 12288, 0], ""params"": [1.0, 1.0, 1.0, 121, 0, 0], ""unused_pointer"": 3230982784}"
challenge-ep2/d88203-bb-j,3,135,"{""base_type"": 519, ""set_flags"": 2048, ""runtime_index"": 9224, ""file_offset"": 33860, ""floor_field"": 8, ""entity_id_field"": 16713, ""group"": 0, ""room"": 4, ""unknown_a3"": 0, ""position"": [234.73382568359375, 30.946617126464844, -36.46630859375], ""angles"": [0, 20480, 0], ""params"": [1.0, 1.0, 1.0, 103, 0, 0], ""unused_pointer"": 2694374016}"
challenge-ep2/d88203-bb-j,3,136,"{""base_type"": 519, ""set_flags"": 2048, ""runtime_index"": 9480, ""file_offset"": 33928, ""floor_field"": 8, ""entity_id_field"": 16969, ""group"": 0, ""room"": 4, ""unknown_a3"": 0, ""position"": [225.29071044921875, 29.057994842529297, -244.95510864257812], ""angles"": [0, 20480, 0], ""params"": [1.0, 1.0, 1.0, 103, 0, 0], ""unused_pointer"": 2157765248}"
challenge-ep2/d88203-bb-j,3,137,"{""base_type"": 519, ""set_flags"": 2048, ""runtime_index"": 26376, ""file_offset"": 33996, ""floor_field"": 8, ""entity_id_field"": 17225, ""group"": 0, ""room"": 4, ""unknown_a3"": 0, ""position"": [301.989990234375, 44.397865295410156, -148.47003173828125], ""angles"": [0, 20480, 0], ""params"": [1.0, 1.0, 1.0, 103, 0, 0], ""unused_pointer"": 1621156480}"
challenge-ep2/d88203-bb-j,3,161,"{""base_type"": 519, ""set_flags"": 0, ""runtime_index"": 47111, ""file_offset"": 35628, ""floor_field"": 8, ""entity_id_field"": 26440, ""group"": 0, ""room"": 5, ""unknown_a3"": 0, ""position"": [216.5853271484375, 99.9998779296875, 95.05426025390625], ""angles"": [0, 0, 0], ""params"": [1.0, 1.0, 1.0, 15, 0, 0], ""unused_pointer"": 540402304}"
challenge-ep2/d88203-bb-j,3,162,"{""base_type"": 519, ""set_flags"": 0, ""runtime_index"": 47367, ""file_offset"": 35696, ""floor_field"": 8, ""entity_id_field"": 26696, ""group"": 0, ""room"": 5, ""unknown_a3"": 0, ""position"": [264.91357421875, 99.9998779296875, 92.51873779296875], ""angles"": [0, 0, 0], ""params"": [1.0, 1.0, 1.0, 15, 0, 0], ""unused_pointer"": 2151211648}"
challenge-ep2/d88203-bb-j,3,193,"{""base_type"": 519, ""set_flags"": 0, ""runtime_index"": 28167, ""file_offset"": 37804, ""floor_field"": 8, ""entity_id_field"": 23112, ""group"": 0, ""room"": 8, ""unknown_a3"": 0, ""position"": [-328.96832275390625, -0.00010663270950317383, -254.9798583984375], ""angles"": [0, 16384, 0], ""params"": [1.0, 1.0, 1.0, 106, 0, 0], ""unused_pointer"": 1884021376}"
challenge-ep2/d88203-bb-j,3,196,"{""base_type"": 519, ""set_flags"": 0, ""runtime_index"": 27655, ""file_offset"": 38008, ""floor_field"": 8, ""entity_id_field"": 23880, ""group"": 0, ""room"": 8, ""unknown_a3"": 0, ""position"": [-333.9000244140625, 0.0, -232.8900146484375], ""angles"": [0, 12288, 0], ""params"": [1.0, 1.0, 1.0, 106, 0, 0], ""unused_pointer"": 1884807808}"
challenge-ep2/d88203-bb-j,3,197,"{""base_type"": 519, ""set_flags"": 0, ""runtime_index"": 28423, ""file_offset"": 38076, ""floor_field"": 8, ""entity_id_field"": 24136, ""group"": 0, ""room"": 8, ""unknown_a3"": 0, ""position"": [-330.29010009765625, -0.00010663270950317383, -275.91839599609375], ""angles"": [0, 49152, 0], ""params"": [1.0, 1.0, 1.0, 106, 0, 0], ""unused_pointer"": 1348199040}"
challenge-ep2/d88203-bb-j,4,1,"{""base_type"": 519, ""set_flags"": 2048, ""runtime_index"": 59400, ""file_offset"": 41152, ""floor_field"": 9, ""entity_id_field"": 31305, ""group"": 0, ""room"": 1, ""unknown_a3"": 0, ""position"": [-95.75, 10.0, 157.54000854492188], ""angles"": [0, 16384, 0], ""params"": [1.0, 1.0, 1.0, 1, 0, 0], ""unused_pointer"": 2151473792}"
challenge-ep2/d88203-bb-j,4,2,"{""base_type"": 519, ""set_flags"": 2048, ""runtime_index"": 59656, ""file_offset"": 41220, ""floor_field"": 9, ""entity_id_field"": 31561, ""group"": 0, ""room"": 1, ""unknown_a3"": 0, ""position"": [-96.14751434326172, 10.0, 176.73312377929688], ""angles"": [0, 16384, 0], ""params"": [1.0, 1.0, 1.0, 1, 0, 0], ""unused_pointer"": 1883103872}"
challenge-ep2/d88203-bb-j,4,3,"{""base_type"": 519, ""set_flags"": 2048, ""runtime_index"": 59912, ""file_offset"": 41288, ""floor_field"": 9, ""entity_id_field"": 31817, ""group"": 0, ""room"": 1, ""unknown_a3"": 0, ""position"": [-97.27664184570312, 10.0, 197.85792541503906], ""angles"": [0, 16384, 0], ""params"": [1.0, 1.0, 1.0, 1, 0, 0], ""unused_pointer"": 2152325760}"
challenge-ep2/d88203-bb-j,4,6,"{""base_type"": 519, ""set_flags"": 0, ""runtime_index"": 10761, ""file_offset"": 41492, ""floor_field"": 9, ""entity_id_field"": 35148, ""group"": 1, ""room"": 3, ""unknown_a3"": 0, ""position"": [-1532.40380859375, 10.0, -710.970458984375], ""angles"": [0, 12288, 0], ""params"": [1.0, 1.0, 1.0, 120, 0, 0], ""unused_pointer"": 813490560}"
challenge-ep2/d88203-bb-j,4,7,"{""base_type"": 519, ""set_flags"": 0, ""runtime_index"": 10249, ""file_offset"": 41560, ""floor_field"": 9, ""entity_id_field"": 35404, ""group"": 1, ""room"": 3, ""unknown_a3"": 0, ""position"": [-1522.469970703125, 10.0, -745.0440063476562], ""angles"": [0, 16384, 0], ""params"": [1.0, 1.0, 1.0, 120, 0, 0], ""unused_pointer"": 2692604288}"
challenge-ep2/d88203-bb-j,4,8,"{""base_type"": 519, ""set_flags"": 0, ""runtime_index"": 10505, ""file_offset"": 41628, ""floor_field"": 9, ""entity_id_field"": 35660, ""group"": 1, ""room"": 3, ""unknown_a3"": 0, ""position"": [-1524.27001953125, 10.0, -726.1806030273438], ""angles"": [0, 12288, 0], ""params"": [1.0, 1.0, 1.0, 120, 0, 0], ""unused_pointer"": 276816256}"
challenge-ep2/d88203-bb-j,4,9,"{""base_type"": 519, ""set_flags"": 0, ""runtime_index"": 11529, ""file_offset"": 41696, ""floor_field"": 9, ""entity_id_field"": 35916, ""group"": 1, ""room"": 3, ""unknown_a3"": 0, ""position"": [-1472.437255859375, 10.0, -937.7599487304688], ""angles"": [0, 0, 0], ""params"": [1.0, 1.0, 1.0, 120, 0, 0], ""unused_pointer"": 281010560}"
challenge-ep2/d88203-bb-j,4,10,"{""base_type"": 519, ""set_flags"": 0, ""runtime_index"": 11017, ""file_offset"": 41764, ""floor_field"": 9, ""entity_id_field"": 36172, ""group"": 1, ""room"": 3, ""unknown_a3"": 0, ""position"": [-1434.5299072265625, 10.0, -932.3563232421875], ""angles"": [0, 0, 0], ""params"": [1.0, 1.0, 1.0, 120, 0, 0], ""unused_pointer"": 810148480}"
challenge-ep2/d88203-bb-j,4,11,"{""base_type"": 519, ""set_flags"": 0, ""runtime_index"": 11273, ""file_offset"": 41832, ""floor_field"": 9, ""entity_id_field"": 36428, ""group"": 1, ""room"": 3, ""unknown_a3"": 0, ""position"": [-1452.80517578125, 10.0, -937.250244140625], ""angles"": [0, 0, 0], ""params"": [1.0, 1.0, 1.0, 120, 0, 0], ""unused_pointer"": 273539712}"
challenge-ep2/d88203-bb-j,4,12,"{""base_type"": 519, ""set_flags"": 0, ""runtime_index"": 12041, ""file_offset"": 41900, ""floor_field"": 9, ""entity_id_field"": 36684, ""group"": 1, ""room"": 3, ""unknown_a3"": 0, ""position"": [-1219.8348388671875, 10.0, -631.44873046875], ""angles"": [0, 0, 0], ""params"": [1.0, 1.0, 1.0, 120, 0, 0], ""unused_pointer"": 4031832704}"
challenge-ep2/d88203-bb-j,4,13,"{""base_type"": 519, ""set_flags"": 0, ""runtime_index"": 12297, ""file_offset"": 41968, ""floor_field"": 9, ""entity_id_field"": 36940, ""group"": 1, ""room"": 3, ""unknown_a3"": 0, ""position"": [-1248.423095703125, 10.0, -630.4740600585938], ""angles"": [0, 32768, 0], ""params"": [1.0, 1.0, 1.0, 120, 0, 0], ""unused_pointer"": 3495223936}"
challenge-ep2/d88203-bb-j,4,14,"{""base_type"": 519, ""set_flags"": 0, ""runtime_index"": 11785, ""file_offset"": 42036, ""floor_field"": 9, ""entity_id_field"": 37196, ""group"": 1, ""room"": 3, ""unknown_a3"": 0, ""position"": [-1234.884521484375, 10.0, -643.259033203125], ""angles"": [0, 45056, 0], ""params"": [1.0, 1.0, 1.0, 120, 0, 0], ""unused_pointer"": 2958615168}"
challenge-ep2/d88203-bb-j,4,39,"{""base_type"": 519, ""set_flags"": 0, ""runtime_index"": 41480, ""file_offset"": 43736, ""floor_field"": 9, ""entity_id_field"": 62793, ""group"": 0, ""room"": 3, ""unknown_a3"": 0, ""position"": [-706.0, 9.099994659423828, -327.0], ""angles"": [0, 8192, 0], ""params"": [1.0, 1.0, 1.0, 99, 0, 0], ""unused_pointer"": 7725696}"
challenge-ep2/d88203-bb-j,4,40,"{""base_type"": 519, ""set_flags"": 0, ""runtime_index"": 41736, ""file_offset"": 43804, ""floor_field"": 9, ""entity_id_field"": 63049, ""group"": 0, ""room"": 3, ""unknown_a3"": 0, ""position"": [-689.0, 9.09000015258789, -345.0], ""angles"": [0, 40960, 0], ""params"": [1.0, 1.0, 1.0, 99, 0, 0], ""unused_pointer"": 3766018688}"
challenge-ep2/d88203-bb-j,4,44,"{""base_type"": 519, ""set_flags"": 0, ""runtime_index"": 41992, ""file_offset"": 44076, ""floor_field"": 9, ""entity_id_field"": 64073, ""group"": 0, ""room"": 3, ""unknown_a3"": 0, ""position"": [-686.0, 15.0, -350.0], ""angles"": [0, 8192, 0], ""params"": [1.0, 1.0, 1.0, 99, 0, 0], ""unused_pointer"": 4035306112}"
challenge-ep2/d88203-bb-j,4,139,"{""base_type"": 519, ""set_flags"": 2048, ""runtime_index"": 43782, ""file_offset"": 50536, ""floor_field"": 9, ""entity_id_field"": 43846, ""group"": 0, ""room"": 7, ""unknown_a3"": 0, ""position"": [314.5362548828125, 8.619999885559082, -212.33445739746094], ""angles"": [0, 24576, 0], ""params"": [1.0, 1.0, 1.0, 3, 0, 0], ""unused_pointer"": 11068288}"
challenge-ep2/d88203-bb-j,4,140,"{""base_type"": 519, ""set_flags"": 2048, ""runtime_index"": 44038, ""file_offset"": 50604, ""floor_field"": 9, ""entity_id_field"": 44102, ""group"": 0, ""room"": 7, ""unknown_a3"": 0, ""position"": [323.3658447265625, 8.619999885559082, -208.69192504882812], ""angles"": [0, 24576, 0], ""params"": [1.0, 1.0, 1.0, 3, 0, 0], ""unused_pointer"": 3769361280}"
challenge-ep2/d88203-bb-j,4,144,"{""base_type"": 519, ""set_flags"": 2048, ""runtime_index"": 45062, ""file_offset"": 50876, ""floor_field"": 9, ""entity_id_field"": 45126, ""group"": 0, ""room"": 7, ""unknown_a3"": 0, ""position"": [328.3624267578125, 8.619999885559082, -194.51699829101562], ""angles"": [0, 24576, 0], ""params"": [1.0, 1.0, 1.0, 3, 0, 0], ""unused_pointer"": 2428232576}"
challenge-ep2/d88203-bb-j,4,159,"{""base_type"": 519, ""set_flags"": 2048, ""runtime_index"": 25350, ""file_offset"": 51896, ""floor_field"": 9, ""entity_id_field"": 21579, ""group"": 0, ""room"": 9, ""unknown_a3"": 0, ""position"": [107.187744140625, 10.0, 171.533447265625], ""angles"": [0, 0, 0], ""params"": [1.0, 1.0, 1.0, 5, 0, 0], ""unused_pointer"": 1086382464}"
challenge-ep2/d88203-bb-j,4,160,"{""base_type"": 519, ""set_flags"": 2048, ""runtime_index"": 25606, ""file_offset"": 51964, ""floor_field"": 9, ""entity_id_field"": 21835, ""group"": 0, ""room"": 9, ""unknown_a3"": 0, ""position"": [133.778076171875, 10.0, 169.38580322265625], ""angles"": [0, 32768, 0], ""params"": [1.0, 1.0, 1.0, 5, 0, 0], ""unused_pointer"": 276226944}"
challenge-ep2/d88203-bb-j,4,161,"{""base_type"": 519, ""set_flags"": 2048, ""runtime_index"": 25862, ""file_offset"": 52032, ""floor_field"": 9, ""entity_id_field"": 22091, ""group"": 0, ""room"": 9, ""unknown_a3"": 0, ""position"": [122.8045654296875, 4.525000095367432, 172.07867431640625], ""angles"": [0, 32768, 0], ""params"": [1.0, 1.0, 1.0, 5, 0, 0], ""unused_pointer"": 1889657728}"
events-ep2/q42-bb-e,16,42,"{""base_type"": 519, ""set_flags"": 0, ""runtime_index"": 27912, ""file_offset"": 6016, ""floor_field"": 16, ""entity_id_field"": 53070, ""group"": 0, ""room"": 7, ""unknown_a3"": 0, ""position"": [-155.289306640625, 9.774999618530273, -317.03070068359375], ""angles"": [0, 0, 0], ""params"": [1.0, 1.0, 1.0, 99, 0, 0], ""unused_pointer"": 1076945792}"
events-ep2/q42-bb-j,16,42,"{""base_type"": 519, ""set_flags"": 0, ""runtime_index"": 27912, ""file_offset"": 6016, ""floor_field"": 16, ""entity_id_field"": 53070, ""group"": 0, ""room"": 7, ""unknown_a3"": 0, ""position"": [-155.289306640625, 9.774999618530273, -317.03070068359375], ""angles"": [0, 0, 0], ""params"": [1.0, 1.0, 1.0, 99, 0, 0], ""unused_pointer"": 1076945792}"
events-ep2/q56-bb-e,9,57,"{""base_type"": 519, ""set_flags"": 2, ""runtime_index"": 115, ""file_offset"": 23284, ""floor_field"": 9, ""entity_id_field"": 18926, ""group"": 0, ""room"": 3, ""unknown_a3"": 0, ""position"": [-706.0, 9.091863632202148, -327.0], ""angles"": [0, 8192, 0], ""params"": [1.0, 1.0, 1.0, 2, 0, 0], ""unused_pointer"": 77533808}"
events-ep2/q56-bb-e,9,58,"{""base_type"": 519, ""set_flags"": 2, ""runtime_index"": 116, ""file_offset"": 23352, ""floor_field"": 9, ""entity_id_field"": 18927, ""group"": 0, ""room"": 3, ""unknown_a3"": 0, ""position"": [-689.0, 9.09000015258789, -345.0], ""angles"": [0, 40960, 0], ""params"": [1.0, 1.0, 1.0, 2, 0, 0], ""unused_pointer"": 77534672}"
events-ep2/q56-bb-e,9,59,"{""base_type"": 519, ""set_flags"": 2, ""runtime_index"": 117, ""file_offset"": 23420, ""floor_field"": 9, ""entity_id_field"": 18928, ""group"": 0, ""room"": 3, ""unknown_a3"": 0, ""position"": [-686.0, 15.0, -350.0], ""angles"": [0, 8192, 0], ""params"": [1.0, 1.0, 1.0, 2, 0, 0], ""unused_pointer"": 77535536}"
events-ep2/q56-bb-e,9,64,"{""base_type"": 519, ""set_flags"": 2, ""runtime_index"": 122, ""file_offset"": 23760, ""floor_field"": 9, ""entity_id_field"": 18933, ""group"": 0, ""room"": 3, ""unknown_a3"": 0, ""position"": [-335.0, -11.0, 190.0], ""angles"": [0, 40960, 0], ""params"": [1.0, 1.0, 1.0, 0, 0, 0], ""unused_pointer"": 77537136}"
events-ep2/q56-bb-e,9,75,"{""base_type"": 519, ""set_flags"": 2, ""runtime_index"": 133, ""file_offset"": 24508, ""floor_field"": 9, ""entity_id_field"": 18944, ""group"": 0, ""room"": 6, ""unknown_a3"": 0, ""position"": [-30.0, 9.779999732971191, 100.0], ""angles"": [0, 28672, 0], ""params"": [1.0, 1.0, 1.0, 101, 0, 0], ""unused_pointer"": 77548176}"
events-ep2/q56-bb-e,9,76,"{""base_type"": 519, ""set_flags"": 2, ""runtime_index"": 134, ""file_offset"": 24576, ""floor_field"": 9, ""entity_id_field"": 18945, ""group"": 0, ""room"": 6, ""unknown_a3"": 0, ""position"": [-50.0, 9.779999732971191, 100.0], ""angles"": [0, 69632, 0], ""params"": [1.0, 1.0, 1.0, 101, 0, 0], ""unused_pointer"": 77549040}"
events-ep2/q56-bb-e,9,77,"{""base_type"": 519, ""set_flags"": 2, ""runtime_index"": 135, ""file_offset"": 24644, ""floor_field"": 9, ""entity_id_field"": 18946, ""group"": 0, ""room"": 6, ""unknown_a3"": 0, ""position"": [-40.0, 19.779998779296875, 100.0], ""angles"": [0, 65536, 0], ""params"": [1.0, 1.0, 1.0, 101, 0, 0], ""unused_pointer"": 77549904}"
events-ep2/q56-bb-j,9,57,"{""base_type"": 519, ""set_flags"": 2, ""runtime_index"": 115, ""file_offset"": 23284, ""floor_field"": 9, ""entity_id_field"": 18926, ""group"": 0, ""room"": 3, ""unknown_a3"": 0, ""position"": [-706.0, 9.091863632202148, -327.0], ""angles"": [0, 8192, 0], ""params"": [1.0, 1.0, 1.0, 2, 0, 0], ""unused_pointer"": 77533808}"
events-ep2/q56-bb-j,9,58,"{""base_type"": 519, ""set_flags"": 2, ""runtime_index"": 116, ""file_offset"": 23352, ""floor_field"": 9, ""entity_id_field"": 18927, ""group"": 0, ""room"": 3, ""unknown_a3"": 0, ""position"": [-689.0, 9.09000015258789, -345.0], ""angles"": [0, 40960, 0], ""params"": [1.0, 1.0, 1.0, 2, 0, 0], ""unused_pointer"": 77534672}"
events-ep2/q56-bb-j,9,59,"{""base_type"": 519, ""set_flags"": 2, ""runtime_index"": 117, ""file_offset"": 23420, ""floor_field"": 9, ""entity_id_field"": 18928, ""group"": 0, ""room"": 3, ""unknown_a3"": 0, ""position"": [-686.0, 15.0, -350.0], ""angles"": [0, 8192, 0], ""params"": [1.0, 1.0, 1.0, 2, 0, 0], ""unused_pointer"": 77535536}"
events-ep2/q56-bb-j,9,64,"{""base_type"": 519, ""set_flags"": 2, ""runtime_index"": 122, ""file_offset"": 23760, ""floor_field"": 9, ""entity_id_field"": 18933, ""group"": 0, ""room"": 3, ""unknown_a3"": 0, ""position"": [-335.0, -11.0, 190.0], ""angles"": [0, 40960, 0], ""params"": [1.0, 1.0, 1.0, 0, 0, 0], ""unused_pointer"": 77537136}"
events-ep2/q56-bb-j,9,75,"{""base_type"": 519, ""set_flags"": 2, ""runtime_index"": 133, ""file_offset"": 24508, ""floor_field"": 9, ""entity_id_field"": 18944, ""group"": 0, ""room"": 6, ""unknown_a3"": 0, ""position"": [-30.0, 9.779999732971191, 100.0], ""angles"": [0, 28672, 0], ""params"": [1.0, 1.0, 1.0, 101, 0, 0], ""unused_pointer"": 77548176}"
events-ep2/q56-bb-j,9,76,"{""base_type"": 519, ""set_flags"": 2, ""runtime_index"": 134, ""file_offset"": 24576, ""floor_field"": 9, ""entity_id_field"": 18945, ""group"": 0, ""room"": 6, ""unknown_a3"": 0, ""position"": [-50.0, 9.779999732971191, 100.0], ""angles"": [0, 69632, 0], ""params"": [1.0, 1.0, 1.0, 101, 0, 0], ""unused_pointer"": 77549040}"
events-ep2/q56-bb-j,9,77,"{""base_type"": 519, ""set_flags"": 2, ""runtime_index"": 135, ""file_offset"": 24644, ""floor_field"": 9, ""entity_id_field"": 18946, ""group"": 0, ""room"": 6, ""unknown_a3"": 0, ""position"": [-40.0, 19.779998779296875, 100.0], ""angles"": [0, 65536, 0], ""params"": [1.0, 1.0, 1.0, 101, 0, 0], ""unused_pointer"": 77549904}"
events-ep2/q83-bb-e,5,55,"{""base_type"": 519, ""set_flags"": 0, ""runtime_index"": 0, ""file_offset"": 7036, ""floor_field"": 0, ""entity_id_field"": 0, ""group"": 0, ""room"": 5, ""unknown_a3"": 0, ""position"": [-198.0, 50.0, -48.0], ""angles"": [0, 16384, 0], ""params"": [1.0, 1.0, 1.0, 0, 0, 0], ""unused_pointer"": 0}"
events-ep2/q83-bb-e,5,56,"{""base_type"": 519, ""set_flags"": 0, ""runtime_index"": 0, ""file_offset"": 7104, ""floor_field"": 0, ""entity_id_field"": 0, ""group"": 0, ""room"": 5, ""unknown_a3"": 0, ""position"": [-198.0, 50.0, -33.0], ""angles"": [0, -16384, 0], ""params"": [1.0, 1.0, 1.0, 0, 0, 0], ""unused_pointer"": 0}"
events-ep2/q83-bb-e,6,19,"{""base_type"": 519, ""set_flags"": 2, ""runtime_index"": 182, ""file_offset"": 10044, ""floor_field"": 6, ""entity_id_field"": 16566, ""group"": 0, ""room"": 8, ""unknown_a3"": 0, ""position"": [9.0, -5.0, 138.0], ""angles"": [0, 51944, 0], ""params"": [1.0, 1.0, 1.0, 2, 0, 0], ""unused_pointer"": 75218784}"
events-ep2/q83-bb-e,6,20,"{""base_type"": 519, ""set_flags"": 2, ""runtime_index"": 183, ""file_offset"": 10112, ""floor_field"": 6, ""entity_id_field"": 16567, ""group"": 0, ""room"": 8, ""unknown_a3"": 0, ""position"": [11.938946723937988, 1.0, 112.09847259521484], ""angles"": [0, 1762, 0], ""params"": [1.0, 1.0, 1.0, 4, 0, 0], ""unused_pointer"": 75219648}"
events-ep2/q83-bb-e,6,21,"{""base_type"": 519, ""set_flags"": 2, ""runtime_index"": 184, ""file_offset"": 10180, ""floor_field"": 6, ""entity_id_field"": 16568, ""group"": 0, ""room"": 8, ""unknown_a3"": 0, ""position"": [35.01294708251953, 1.0, 112.09847259521484], ""angles"": [0, 32470, 0], ""params"": [1.0, 1.0, 1.0, 4, 0, 0], ""unused_pointer"": 75220512}"
events-ep2/q83-bb-e,6,22,"{""base_type"": 519, ""set_flags"": 2, ""runtime_index"": 190, ""file_offset"": 10248, ""floor_field"": 6, ""entity_id_field"": 16574, ""group"": 0, ""room"": 10, ""unknown_a3"": 0, ""position"": [133.0, -5.0, -52.0], ""angles"": [0, 15876, 0], ""params"": [1.0, 1.0, 1.0, 2, 0, 0], ""unused_pointer"": 75246016}"
events-ep2/q83-bb-e,6,68,"{""base_type"": 519, ""set_flags"": 0, ""runtime_index"": 0, ""file_offset"": 13376, ""floor_field"": 0, ""entity_id_field"": 0, ""group"": 0, ""room"": 14, ""unknown_a3"": 0, ""position"": [71.0, -85.0, -32.0], ""angles"": [0, 14148, 0], ""params"": [1.0, 1.0, 1.0, 100, 0, 0], ""unused_pointer"": 0}"
events-ep2/q83-bb-e,6,69,"{""base_type"": 519, ""set_flags"": 0, ""runtime_index"": 0, ""file_offset"": 13444, ""floor_field"": 0, ""entity_id_field"": 0, ""group"": 0, ""room"": 14, ""unknown_a3"": 0, ""position"": [54.54063415527344, -100.0, -13.734782218933105], ""angles"": [0, 12174, 0], ""params"": [1.0, 1.0, 1.0, 100, 0, 0], ""unused_pointer"": 0}"
events-ep2/q83-bb-e,6,77,"{""base_type"": 519, ""set_flags"": 0, ""runtime_index"": 0, ""file_offset"": 13988, ""floor_field"": 0, ""entity_id_field"": 0, ""group"": 0, ""room"": 15, ""unknown_a3"": 0, ""position"": [65.0, -120.0, -73.0], ""angles"": [0, 53292, 0], ""params"": [1.0, 1.0, 1.0, 44, 0, 0], ""unused_pointer"": 0}"
events-ep2/q83-bb-e,6,78,"{""base_type"": 519, ""set_flags"": 0, ""runtime_index"": 0, ""file_offset"": 14056, ""floor_field"": 0, ""entity_id_field"": 0, ""group"": 0, ""room"": 15, ""unknown_a3"": 0, ""position"": [84.0, -120.0, -4.0], ""angles"": [0, 54112, 0], ""params"": [1.0, 1.0, 1.0, 45, 0, 0], ""unused_pointer"": 0}"
events-ep2/q83-bb-e,6,106,"{""base_type"": 519, ""set_flags"": 0, ""runtime_index"": 0, ""file_offset"": 15960, ""floor_field"": 0, ""entity_id_field"": 0, ""group"": 0, ""room"": 3, ""unknown_a3"": 0, ""position"": [-24.0, 0.0, -67.30000305175781], ""angles"": [0, 0, 0], ""params"": [1.0, 1.0, 1.0, 7, 0, 0], ""unused_pointer"": 0}"
events-ep2/q83-bb-e,6,107,"{""base_type"": 519, ""set_flags"": 0, ""runtime_index"": 0, ""file_offset"": 16028, ""floor_field"": 0, ""entity_id_field"": 0, ""group"": 0, ""room"": 3, ""unknown_a3"": 0, ""position"": [-48.0, 0.0, -67.30000305175781], ""angles"": [0, 64444, 0], ""params"": [1.0, 1.0, 1.0, 7, 0, 0], ""unused_pointer"": 0}"
events-ep2/q83-bb-e,6,108,"{""base_type"": 519, ""set_flags"": 0, ""runtime_index"": 0, ""file_offset"": 16096, ""floor_field"": 0, ""entity_id_field"": 0, ""group"": 0, ""room"": 3, ""unknown_a3"": 0, ""position"": [-34.0, 10.0, -67.30000305175781], ""angles"": [0, 32247, 0], ""params"": [1.0, 1.0, 1.0, 7, 0, 0], ""unused_pointer"": 0}"
events-ep2/q83-bb-e,6,109,"{""base_type"": 519, ""set_flags"": 0, ""runtime_index"": 0, ""file_offset"": 16164, ""floor_field"": 0, ""entity_id_field"": 0, ""group"": 0, ""room"": 9, ""unknown_a3"": 0, ""position"": [3.338804006576538, -98.0, 136.0], ""angles"": [0, 1866, 0], ""params"": [1.0, 1.0, 1.0, 0, 0, 0], ""unused_pointer"": 0}"
events-ep2/q83-bb-e,6,117,"{""base_type"": 519, ""set_flags"": 0, ""runtime_index"": 0, ""file_offset"": 16708, ""floor_field"": 0, ""entity_id_field"": 0, ""group"": 0, ""room"": 4, ""unknown_a3"": 0, ""position"": [158.0, 0.0, 24.0], ""angles"": [0, 51497, 0], ""params"": [1.0, 1.0, 1.0, 20, 0, 0], ""unused_pointer"": 0}"
events-ep2/q83-bb-e,6,118,"{""base_type"": 519, ""set_flags"": 0, ""runtime_index"": 0, ""file_offset"": 16776, ""floor_field"": 0, ""entity_id_field"": 0, ""group"": 0, ""room"": 4, ""unknown_a3"": 0, ""position"": [153.60000610351562, 0.0, 5.04610013961792], ""angles"": [0, 18729, 0], ""params"": [1.0, 1.0, 1.0, 20, 0, 0], ""unused_pointer"": 0}"
events-ep2/q83-bb-e,6,119,"{""base_type"": 519, ""set_flags"": 0, ""runtime_index"": 0, ""file_offset"": 16844, ""floor_field"": 0, ""entity_id_field"": 0, ""group"": 0, ""room"": 4, ""unknown_a3"": 0, ""position"": [156.8000030517578, 11.0, 12.0], ""angles"": [0, 51497, 0], ""params"": [1.0, 1.0, 1.0, 20, 0, 0], ""unused_pointer"": 0}"
events-ep2/q83-bb-e,6,147,"{""base_type"": 519, ""set_flags"": 0, ""runtime_index"": 0, ""file_offset"": 18748, ""floor_field"": 0, ""entity_id_field"": 0, ""group"": 0, ""room"": 5, ""unknown_a3"": 0, ""position"": [-21.055200576782227, 0.0, 45.433494567871094], ""angles"": [0, 64384, 0], ""params"": [1.0, 1.0, 1.0, 26, 0, 0], ""unused_pointer"": 0}"
events-ep2/q83-bb-e,6,148,"{""base_type"": 519, ""set_flags"": 0, ""runtime_index"": 0, ""file_offset"": 18816, ""floor_field"": 0, ""entity_id_field"": 0, ""group"": 0, ""room"": 5, ""unknown_a3"": 0, ""position"": [-1.5440962314605713, 0.0, 48.012596130371094], ""angles"": [0, 64384, 0], ""params"": [1.0, 1.0, 1.0, 26, 0, 0], ""unused_pointer"": 0}"
events-ep2/q83-bb-e,6,149,"{""base_type"": 519, ""set_flags"": 0, ""runtime_index"": 0, ""file_offset"": 18884, ""floor_field"": 0, ""entity_id_field"": 0, ""group"": 0, ""room"": 5, ""unknown_a3"": 0, ""position"": [-11.447199821472168, 8.0, 45.0], ""angles"": [0, 64272, 0], ""params"": [1.0, 1.0, 1.0, 26, 0, 0], ""unused_pointer"": 0}"
events-ep2/q83-bb-e,6,150,"{""base_type"": 519, ""set_flags"": 0, ""runtime_index"": 0, ""file_offset"": 18952, ""floor_field"": 0, ""entity_id_field"": 0, ""group"": 0, ""room"": 5, ""unknown_a3"": 0, ""position"": [-21.134923934936523, 12.0, 41.0], ""angles"": [0, 64275, 0], ""params"": [1.0, 1.0, 1.0, 25, 0, 0], ""unused_pointer"": 0}"
events-ep2/q83-bb-e,6,151,"{""base_type"": 519, ""set_flags"": 0, ""runtime_index"": 0, ""file_offset"": 19020, ""floor_field"": 0, ""entity_id_field"": 0, ""group"": 0, ""room"": 5, ""unknown_a3"": 0, ""position"": [-1.5440962314605713, 12.0, 44.3527717590332], ""angles"": [0, 64344, 0], ""params"": [1.0, 1.0, 1.0, 25, 0, 0], ""unused_pointer"": 0}"
events-ep2/q83-bb-e,6,152,"{""base_type"": 519, ""set_flags"": 0, ""runtime_index"": 0, ""file_offset"": 19088, ""floor_field"": 0, ""entity_id_field"": 0, ""group"": 0, ""room"": 5, ""unknown_a3"": 0, ""position"": [-20.0, 18.0, 39.0], ""angles"": [0, 64384, 0], ""params"": [1.0, 1.0, 1.0, 25, 0, 0], ""unused_pointer"": 0}"
events-ep2/q83-bb-e,6,153,"{""base_type"": 519, ""set_flags"": 0, ""runtime_index"": 0, ""file_offset"": 19156, ""floor_field"": 0, ""entity_id_field"": 0, ""group"": 0, ""room"": 5, ""unknown_a3"": 0, ""position"": [-1.3288124799728394, 18.0, 42.0], ""angles"": [0, 64246, 0], ""params"": [1.0, 1.0, 1.0, 25, 0, 0], ""unused_pointer"": 0}"
events-ep2/q83-bb-e,6,154,"{""base_type"": 519, ""set_flags"": 0, ""runtime_index"": 0, ""file_offset"": 19224, ""floor_field"": 0, ""entity_id_field"": 0, ""group"": 0, ""room"": 5, ""unknown_a3"": 0, ""position"": [-18.0, 25.0, 35.310848236083984], ""angles"": [0, 31730, 0], ""params"": [1.0, 1.0, 1.0, 24, 0, 0], ""unused_pointer"": 0}"
events-ep2/q83-bb-e,6,155,"{""base_type"": 519, ""set_flags"": 0, ""runtime_index"": 0, ""file_offset"": 19292, ""floor_field"": 0, ""entity_id_field"": 0, ""group"": 0, ""room"": 5, ""unknown_a3"": 0, ""position"": [2.0, 24.0, 38.0], ""angles"": [0, 31730, 0], ""params"": [1.0, 1.0, 1.0, 24, 0, 0], ""unused_pointer"": 0}"
events-ep2/q83-bb-e,7,11,"{""base_type"": 519, ""set_flags"": 2, ""runtime_index"": 279, ""file_offset"": 20940, ""floor_field"": 7, ""entity_id_field"": 16663, ""group"": 0, ""room"": 6, ""unknown_a3"": 0, ""position"": [-94.0, -54.0, 110.0], ""angles"": [0, 32768, 0], ""params"": [1.0, 1.0, 1.0, 101, 0, 0], ""unused_pointer"": 75210864}"
events-ep2/q83-bb-e,7,12,"{""base_type"": 519, ""set_flags"": 2, ""runtime_index"": 281, ""file_offset"": 21008, ""floor_field"": 7, ""entity_id_field"": 16665, ""group"": 0, ""room"": 6, ""unknown_a3"": 0, ""position"": [-94.0, -44.0, 110.0], ""angles"": [0, 4096, 0], ""params"": [1.0, 1.0, 1.0, 101, 0, 0], ""unused_pointer"": 75212160}"
events-ep2/q83-bb-e,7,13,"{""base_type"": 519, ""set_flags"": 2, ""runtime_index"": 282, ""file_offset"": 21076, ""floor_field"": 7, ""entity_id_field"": 16666, ""group"": 0, ""room"": 6, ""unknown_a3"": 0, ""position"": [-60.0, -44.0, 105.0], ""angles"": [0, 0, 0], ""params"": [1.0, 1.0, 1.0, 101, 0, 0], ""unused_pointer"": 75213024}"
events-ep2/q83-bb-e,7,36,"{""base_type"": 519, ""set_flags"": 0, ""runtime_index"": 0, ""file_offset"": 22640, ""floor_field"": 0, ""entity_id_field"": 0, ""group"": 0, ""room"": 6, ""unknown_a3"": 0, ""position"": [221.62542724609375, -16.960060119628906, 46.66484069824219], ""angles"": [0, 60299, 0], ""params"": [1.0, 1.0, 1.0, 0, 0, 0], ""unused_pointer"": 0}"
events-ep2/q83-bb-e,7,60,"{""base_type"": 519, ""set_flags"": 0, ""runtime_index"": 0, ""file_offset"": 24272, ""floor_field"": 0, ""entity_id_field"": 0, ""group"": 0, ""room"": 2, ""unknown_a3"": 0, ""position"": [104.0, -17.0, 91.0], ""angles"": [0, 58161, 0], ""params"": [1.0, 1.0, 1.0, 0, 0, 0], ""unused_pointer"": 0}"
events-ep2/q83-bb-e,7,64,"{""base_type"": 519, ""set_flags"": 0, ""runtime_index"": 0, ""file_offset"": 24544, ""floor_field"": 0, ""entity_id_field"": 0, ""group"": 0, ""room"": 2, ""unknown_a3"": 0, ""position"": [-241.0, -36.0, 38.600799560546875], ""angles"": [0, 2046, 0], ""params"": [1.0, 1.0, 1.0, 0, 0, 0], ""unused_pointer"": 0}"
events-ep2/q83-bb-e,7,89,"{""base_type"": 519, ""set_flags"": 0, ""runtime_index"": 0, ""file_offset"": 26244, ""floor_field"": 0, ""entity_id_field"": 0, ""group"": 0, ""room"": 6, ""unknown_a3"": 0, ""position"": [99.0, -19.0, 33.0], ""angles"": [0, 32768, 0], ""params"": [1.0, 1.0, 1.0, 0, 0, 0], ""unused_pointer"": 0}"
events-ep2/q83-bb-e,8,60,"{""base_type"": 519, ""set_flags"": 2, ""runtime_index"": 289, ""file_offset"": 31496, ""floor_field"": 8, ""entity_id_field"": 16673, ""group"": 0, ""room"": 4, ""unknown_a3"": 0, ""position"": [70.0, 1.0, -197.77001953125], ""angles"": [0, 47889, 0], ""params"": [1.0, 1.0, 1.0, 6, 0, 0], ""unused_pointer"": 118186832}"
events-ep2/q83-bb-e,8,61,"{""base_type"": 519, ""set_flags"": 2, ""runtime_index"": 290, ""file_offset"": 31564, ""floor_field"": 8, ""entity_id_field"": 16674, ""group"": 0, ""room"": 4, ""unknown_a3"": 0, ""position"": [72.0, 0.0, -219.07000732421875], ""angles"": [0, 81920, 0], ""params"": [1.0, 1.0, 1.0, 6, 0, 0], ""unused_pointer"": 118187696}"
events-ep2/q83-bb-e,8,62,"{""base_type"": 519, ""set_flags"": 2, ""runtime_index"": 291, ""file_offset"": 31632, ""floor_field"": 8, ""entity_id_field"": 16675, ""group"": 0, ""room"": 4, ""unknown_a3"": 0, ""position"": [73.0, -0.00014153867959976196, -235.77000427246094], ""angles"": [0, 16384, 0], ""params"": [1.0, 1.0, 1.0, 6, 0, 0], ""unused_pointer"": 118188560}"
events-ep2/q83-bb-e,8,120,"{""base_type"": 519, ""set_flags"": 0, ""runtime_index"": 0, ""file_offset"": 35576, ""floor_field"": 0, ""entity_id_field"": 0, ""group"": 0, ""room"": 7, ""unknown_a3"": 0, ""position"": [-75.0, 152.0, 115.0], ""angles"": [0, 20552, 0], ""params"": [1.0, 1.0, 1.0, 70, 0, 0], ""unused_pointer"": 0}"
events-ep2/q83-bb-e,8,135,"{""base_type"": 519, ""set_flags"": 0, ""runtime_index"": 0, ""file_offset"": 36596, ""floor_field"": 0, ""entity_id_field"": 0, ""group"": 0, ""room"": 4, ""unknown_a3"": 0, ""position"": [-75.46615600585938, 0.0, 275.45220947265625], ""angles"": [0, 5200, 0], ""params"": [1.0, 1.0, 1.0, 7, 0, 0], ""unused_pointer"": 0}"
events-ep2/q83-bb-e,8,136,"{""base_type"": 519, ""set_flags"": 0, ""runtime_index"": 0, ""file_offset"": 36664, ""floor_field"": 0, ""entity_id_field"": 0, ""group"": 0, ""room"": 4, ""unknown_a3"": 0, ""position"": [-96.75457763671875, 0.0, 288.0], ""angles"": [0, 5200, 0], ""params"": [1.0, 1.0, 1.0, 7, 0, 0], ""unused_pointer"": 0}"
events-ep2/q83-bb-e,8,139,"{""base_type"": 519, ""set_flags"": 0, ""runtime_index"": 0, ""file_offset"": 36868, ""floor_field"": 0, ""entity_id_field"": 0, ""group"": 0, ""room"": 10, ""unknown_a3"": 0, ""position"": [223.0, 0.0, -69.0], ""angles"": [0, 43982, 0], ""params"": [1.0, 1.0, 1.0, 15, 0, 0], ""unused_pointer"": 0}"
events-ep2/q83-bb-e,8,146,"{""base_type"": 519, ""set_flags"": 0, ""runtime_index"": 0, ""file_offset"": 37344, ""floor_field"": 0, ""entity_id_field"": 0, ""group"": 0, ""room"": 6, ""unknown_a3"": 0, ""position"": [-21.0, 67.0, 42.0], ""angles"": [0, 52305, 0], ""params"": [1.0, 1.0, 1.0, 70, 0, 0], ""unused_pointer"": 0}"
events-ep2/q83-bb-e,8,147,"{""base_type"": 519, ""set_flags"": 0, ""runtime_index"": 0, ""file_offset"": 37412, ""floor_field"": 0, ""entity_id_field"": 0, ""group"": 0, ""room"": 6, ""unknown_a3"": 0, ""position"": [-18.799999237060547, 68.0, 57.86579895019531], ""angles"": [0, 49413, 0], ""params"": [1.0, 1.0, 1.0, 70, 0, 0], ""unused_pointer"": 0}"
events-ep2/q83-bb-e,8,152,"{""base_type"": 519, ""set_flags"": 0, ""runtime_index"": 0, ""file_offset"": 37752, ""floor_field"": 0, ""entity_id_field"": 0, ""group"": 0, ""room"": 2, ""unknown_a3"": 0, ""position"": [-160.5597686767578, -127.61683654785156, 121.69999694824219], ""angles"": [0, 32768, 0], ""params"": [1.0, 1.0, 1.0, 11, 2, 0], ""unused_pointer"": 0}"
events-ep2/q83-bb-e,8,153,"{""base_type"": 519, ""set_flags"": 0, ""runtime_index"": 0, ""file_offset"": 37820, ""floor_field"": 0, ""entity_id_field"": 0, ""group"": 0, ""room"": 2, ""unknown_a3"": 0, ""position"": [-182.0, -128.0, 121.69999694824219], ""angles"": [0, 0, 0], ""params"": [-200.0, -100.0, 930.0, 11, 2, 0], ""unused_pointer"": 0}"
events-ep2/q83-bb-e,8,155,"{""base_type"": 519, ""set_flags"": 0, ""runtime_index"": 0, ""file_offset"": 37956, ""floor_field"": 0, ""entity_id_field"": 0, ""group"": 0, ""room"": 5, ""unknown_a3"": 0, ""position"": [75.0, 81.0, -138.0], ""angles"": [0, 16384, 0], ""params"": [1.0, 1.0, 1.0, 1, 0, 0], ""unused_pointer"": 0}"
events-ep2/q83-bb-e,8,156,"{""base_type"": 519, ""set_flags"": 0, ""runtime_index"": 0, ""file_offset"": 38024, ""floor_field"": 0, ""entity_id_field"": 0, ""group"": 0, ""room"": 5, ""unknown_a3"": 0, ""position"": [75.0, 81.3013687133789, -163.0], ""angles"": [0, 49152, 0], ""params"": [1.0, 1.0, 1.0, 1, 0, 0], ""unused_pointer"": 0}"
events-ep2/q83-bb-e,8,158,"{""base_type"": 519, ""set_flags"": 0, ""runtime_index"": 0, ""file_offset"": 38160, ""floor_field"": 0, ""entity_id_field"": 0, ""group"": 0, ""room"": 5, ""unknown_a3"": 0, ""position"": [-2.6678173542022705, 65.0, 140.61306762695312], ""angles"": [0, 19830, 0], ""params"": [1.0, 1.0, 1.0, 2, 0, 0], ""unused_pointer"": 0}"
events-ep2/q83-bb-e,8,159,"{""base_type"": 519, ""set_flags"": 0, ""runtime_index"": 0, ""file_offset"": 38228, ""floor_field"": 0, ""entity_id_field"": 0, ""group"": 0, ""room"": 5, ""unknown_a3"": 0, ""position"": [6.0, 65.0, 163.0], ""angles"": [0, 53523, 0], ""params"": [1.0, 1.0, 1.0, 2, 0, 0], ""unused_pointer"": 0}"
events-ep2/q83-bb-e,8,160,"{""base_type"": 519, ""set_flags"": 0, ""runtime_index"": 0, ""file_offset"": 38296, ""floor_field"": 0, ""entity_id_field"": 0, ""group"": 0, ""room"": 5, ""unknown_a3"": 0, ""position"": [14.0, 65.0, 176.0], ""angles"": [0, 55855, 0], ""params"": [1.0, 1.0, 1.0, 2, 0, 0], ""unused_pointer"": 0}"
events-ep2/q83-bb-e,8,162,"{""base_type"": 519, ""set_flags"": 0, ""runtime_index"": 0, ""file_offset"": 38432, ""floor_field"": 0, ""entity_id_field"": 0, ""group"": 0, ""room"": 5, ""unknown_a3"": 0, ""position"": [-32.75707244873047, 60.0, 202.13365173339844], ""angles"": [0, 19608, 0], ""params"": [1.0, 1.0, 1.0, 99, 0, 0], ""unused_pointer"": 0}"
events-ep2/q83-bb-e,8,171,"{""base_type"": 519, ""set_flags"": 0, ""runtime_index"": 0, ""file_offset"": 39044, ""floor_field"": 0, ""entity_id_field"": 0, ""group"": 0, ""room"": 6, ""unknown_a3"": 0, ""position"": [-10.399999618530273, 68.0, 54.400001525878906], ""angles"": [0, 51743, 0], ""params"": [1.0, 1.0, 1.0, 70, 0, 0], ""unused_pointer"": 0}"
events-ep2/q83-bb-e,8,173,"{""base_type"": 519, ""set_flags"": 0, ""runtime_index"": 0, ""file_offset"": 39180, ""floor_field"": 0, ""entity_id_field"": 0, ""group"": 0, ""room"": 3, ""unknown_a3"": 0, ""position"": [-126.0, -84.0, 157.02134704589844], ""angles"": [0, 20724, 0], ""params"": [1.0, 1.0, 1.0, 8, 0, 0], ""unused_pointer"": 0}"
events-ep2/q83-bb-e,8,174,"{""base_type"": 519, ""set_flags"": 0, ""runtime_index"": 0, ""file_offset"": 39248, ""floor_field"": 0, ""entity_id_field"": 0, ""group"": 0, ""room"": 3, ""unknown_a3"": 0, ""position"": [-118.0, -84.0, 175.80357360839844], ""angles"": [0, 53411, 0], ""params"": [1.0, 1.0, 1.0, 8, 0, 0], ""unused_pointer"": 0}"
events-ep2/q83-bb-e,8,177,"{""base_type"": 519, ""set_flags"": 0, ""runtime_index"": 0, ""file_offset"": 39452, ""floor_field"": 0, ""entity_id_field"": 0, ""group"": 0, ""room"": 10, ""unknown_a3"": 0, ""position"": [78.63925170898438, -66.0, -24.231704711914062], ""angles"": [0, 52376, 0], ""params"": [1.0, 1.0, 1.0, 15, 0, 0], ""unused_pointer"": 0}"
events-ep2/q83-bb-e,8,194,"{""base_type"": 519, ""set_flags"": 0, ""runtime_index"": 0, ""file_offset"": 40608, ""floor_field"": 0, ""entity_id_field"": 0, ""group"": 0, ""room"": 7, ""unknown_a3"": 0, ""position"": [-59.65947341918945, 17.0, 160.2552032470703], ""angles"": [0, 13799, 0], ""params"": [1.0, 1.0, 1.0, 70, 0, 0], ""unused_pointer"": 0}"
events-ep2/q83-bb-e,8,195,"{""base_type"": 519, ""set_flags"": 0, ""runtime_index"": 0, ""file_offset"": 40676, ""floor_field"": 0, ""entity_id_field"": 0, ""group"": 0, ""room"": 5, ""unknown_a3"": 0, ""position"": [-149.0438690185547, 36.23657989501953, 171.5203857421875], ""angles"": [0, 16384, 0], ""params"": [1.0, 1.0, 1.0, 2, 0, 0], ""unused_pointer"": 0}"
events-ep2/q83-bb-e,8,196,"{""base_type"": 519, ""set_flags"": 0, ""runtime_index"": 0, ""file_offset"": 40744, ""floor_field"": 0, ""entity_id_field"": 0, ""group"": 0, ""room"": 5, ""unknown_a3"": 0, ""position"": [-149.0, 36.12883758544922, 195.27210998535156], ""angles"": [0, -16384, 0], ""params"": [1.0, 1.0, 1.0, 2, 0, 0], ""unused_pointer"": 0}"
events-ep2/q83-bb-e,8,197,"{""base_type"": 519, ""set_flags"": 0, ""runtime_index"": 0, ""file_offset"": 40812, ""floor_field"": 0, ""entity_id_field"": 0, ""group"": 0, ""room"": 5, ""unknown_a3"": 0, ""position"": [-149.0, 36.30855178833008, 215.57723999023438], ""angles"": [0, 16384, 0], ""params"": [1.0, 1.0, 1.0, 2, 0, 0], ""unused_pointer"": 0}"
events-ep2/q83-bb-e,8,198,"{""base_type"": 519, ""set_flags"": 0, ""runtime_index"": 0, ""file_offset"": 40880, ""floor_field"": 0, ""entity_id_field"": 0, ""group"": 0, ""room"": 5, ""unknown_a3"": 0, ""position"": [-149.0, 44.0, 184.61192321777344], ""angles"": [0, -16384, 0], ""params"": [1.0, 1.0, 1.0, 2, 0, 0], ""unused_pointer"": 0}"
events-ep2/q83-bb-e,9,37,"{""base_type"": 519, ""set_flags"": 512, ""runtime_index"": 25349, ""file_offset"": 46336, ""floor_field"": 9, ""entity_id_field"": 38217, ""group"": 0, ""room"": 5, ""unknown_a3"": 0, ""position"": [-78.0, 8.0, 170.0], ""angles"": [0, 9534, 0], ""params"": [1.0, 1.0, 1.0, 20, 0, 0], ""unused_pointer"": 2162090368}"
events-ep2/q83-bb-e,9,38,"{""base_type"": 519, ""set_flags"": 512, ""runtime_index"": 25605, ""file_offset"": 46404, ""floor_field"": 9, ""entity_id_field"": 38473, ""group"": 0, ""room"": 5, ""unknown_a3"": 0, ""position"": [-99.0, 3.0, 194.1945037841797], ""angles"": [0, 40143, 0], ""params"": [1.0, 1.0, 1.0, 20, 0, 0], ""unused_pointer"": 1625481600}"
events-ep2/q83-bb-e,9,39,"{""base_type"": 519, ""set_flags"": 512, ""runtime_index"": 25861, ""file_offset"": 46472, ""floor_field"": 9, ""entity_id_field"": 38729, ""group"": 0, ""room"": 5, ""unknown_a3"": 0, ""position"": [-89.4000015258789, 6.0, 183.0], ""angles"": [0, 9149, 0], ""params"": [1.0, 1.0, 1.0, 20, 0, 0], ""unused_pointer"": 1088872832}"
events-ep2/q83-bb-e,9,44,"{""base_type"": 519, ""set_flags"": 512, ""runtime_index"": 27141, ""file_offset"": 46812, ""floor_field"": 9, ""entity_id_field"": 40009, ""group"": 0, ""room"": 3, ""unknown_a3"": 0, ""position"": [-335.0, -11.0, 190.0], ""angles"": [0, 40960, 0], ""params"": [1.0, 1.0, 1.0, 99, 0, 0], ""unused_pointer"": 2163073408}"
events-ep2/q83-bb-e,9,85,"{""base_type"": 519, ""set_flags"": 0, ""runtime_index"": 0, ""file_offset"": 49600, ""floor_field"": 0, ""entity_id_field"": 0, ""group"": 0, ""room"": 5, ""unknown_a3"": 0, ""position"": [-179.89999389648438, 7.0, 79.9000015258789], ""angles"": [0, 46150, 0], ""params"": [1.0, 1.0, 1.0, 2, 0, 0], ""unused_pointer"": 0}"
events-ep2/q83-bb-e,9,103,"{""base_type"": 519, ""set_flags"": 0, ""runtime_index"": 0, ""file_offset"": 50824, ""floor_field"": 0, ""entity_id_field"": 0, ""group"": 0, ""room"": 7, ""unknown_a3"": 0, ""position"": [204.91751098632812, -6.0, 211.49386596679688], ""angles"": [0, 9650, 0], ""params"": [1.0, 1.0, 1.0, 3, 0, 0], ""unused_pointer"": 0}"
events-ep2/q83-bb-e,9,104,"{""base_type"": 519, ""set_flags"": 0, ""runtime_index"": 0, ""file_offset"": 50892, ""floor_field"": 0, ""entity_id_field"": 0, ""group"": 0, ""room"": 7, ""unknown_a3"": 0, ""position"": [188.2169952392578, -6.0, 233.8948211669922], ""angles"": [0, 42550, 0], ""params"": [1.0, 1.0, 1.0, 3, 0, 0], ""unused_pointer"": 0}"
events-ep2/q83-bb-e,9,135,"{""base_type"": 519, ""set_flags"": 0, ""runtime_index"": 0, ""file_offset"": 53000, ""floor_field"": 0, ""entity_id_field"": 0, ""group"": 0, ""room"": 5, ""unknown_a3"": 0, ""position"": [-46.0, 10.0, 104.0], ""angles"": [0, 39468, 0], ""params"": [1.0, 1.0, 1.0, 77, 0, 0], ""unused_pointer"": 0}"
events-ep2/q83-bb-e,9,137,"{""base_type"": 519, ""set_flags"": 0, ""runtime_index"": 0, ""file_offset"": 53136, ""floor_field"": 0, ""entity_id_field"": 0, ""group"": 0, ""room"": 5, ""unknown_a3"": 0, ""position"": [-179.89999389648438, 14.0, 79.9000015258789], ""angles"": [0, 46150, 0], ""params"": [1.0, 1.0, 1.0, 2, 0, 0], ""unused_pointer"": 0}"
events-ep2/q83-bb-e,9,146,"{""base_type"": 519, ""set_flags"": 0, ""runtime_index"": 0, ""file_offset"": 53748, ""floor_field"": 0, ""entity_id_field"": 0, ""group"": 0, ""room"": 4, ""unknown_a3"": 0, ""position"": [-205.21994018554688, 1.710311770439148, -152.2194366455078], ""angles"": [0, 60766, 0], ""params"": [1.0, 1.0, 1.0, 0, 0, 0], ""unused_pointer"": 0}"
events-ep2/q83-bb-e,9,149,"{""base_type"": 519, ""set_flags"": 0, ""runtime_index"": 0, ""file_offset"": 53952, ""floor_field"": 0, ""entity_id_field"": 0, ""group"": 0, ""room"": 12, ""unknown_a3"": 0, ""position"": [48.0, 10.0, 60.45240020751953], ""angles"": [0, 32768, 0], ""params"": [1.0, 1.0, 1.0, 0, 0, 0], ""unused_pointer"": 0}"
events-ep2/q83-bb-e,9,151,"{""base_type"": 519, ""set_flags"": 0, ""runtime_index"": 0, ""file_offset"": 54088, ""floor_field"": 0, ""entity_id_field"": 0, ""group"": 0, ""room"": 12, ""unknown_a3"": 0, ""position"": [13.0, 10.0, 60.45240020751953], ""angles"": [0, 32768, 0], ""params"": [1.0, 1.0, 1.0, 8, 0, 0], ""unused_pointer"": 0}"
events-ep2/q83-bb-e,9,152,"{""base_type"": 519, ""set_flags"": 0, ""runtime_index"": 0, ""file_offset"": 54156, ""floor_field"": 0, ""entity_id_field"": 0, ""group"": 0, ""room"": 12, ""unknown_a3"": 0, ""position"": [27.0, 10.0, 60.45240020751953], ""angles"": [0, 0, 0], ""params"": [1.0, 1.0, 1.0, 8, 0, 0], ""unused_pointer"": 0}"
events-ep2/q83-bb-e,9,195,"{""base_type"": 519, ""set_flags"": 0, ""runtime_index"": 0, ""file_offset"": 57080, ""floor_field"": 0, ""entity_id_field"": 0, ""group"": 0, ""room"": 5, ""unknown_a3"": 0, ""position"": [-98.69999694824219, 207.0, 234.6999969482422], ""angles"": [0, 0, 0], ""params"": [1.0, 1.0, 1.0, 30, 0, 0], ""unused_pointer"": 0}"
events-ep2/q83-bb-e,9,196,"{""base_type"": 519, ""set_flags"": 0, ""runtime_index"": 0, ""file_offset"": 57148, ""floor_field"": 0, ""entity_id_field"": 0, ""group"": 0, ""room"": 5, ""unknown_a3"": 0, ""position"": [-178.95005798339844, 208.0, 180.39999389648438], ""angles"": [0, 32768, 0], ""params"": [1.0, 1.0, 1.0, 30, 0, 0], ""unused_pointer"": 0}"
events-ep2/q83-bb-e,9,197,"{""base_type"": 519, ""set_flags"": 0, ""runtime_index"": 0, ""file_offset"": 57216, ""floor_field"": 0, ""entity_id_field"": 0, ""group"": 0, ""room"": 5, ""unknown_a3"": 0, ""position"": [-95.69999694824219, 207.0, 239.6999969482422], ""angles"": [0, 32768, 0], ""params"": [1.0, 1.0, 1.0, 30, 0, 0], ""unused_pointer"": 0}"
events-ep2/q83-bb-e,9,269,"{""base_type"": 519, ""set_flags"": 0, ""runtime_index"": 0, ""file_offset"": 62112, ""floor_field"": 0, ""entity_id_field"": 0, ""group"": 0, ""room"": 3, ""unknown_a3"": 0, ""position"": [-91.26239776611328, 9.0, -235.0], ""angles"": [0, 16384, 0], ""params"": [1.0, 1.0, 1.0, 20, 0, 0], ""unused_pointer"": 0}"
events-ep2/q83-bb-e,9,270,"{""base_type"": 519, ""set_flags"": 0, ""runtime_index"": 0, ""file_offset"": 62180, ""floor_field"": 0, ""entity_id_field"": 0, ""group"": 0, ""room"": 3, ""unknown_a3"": 0, ""position"": [-91.0, 7.0, -208.0], ""angles"": [0, 49152, 0], ""params"": [1.0, 1.0, 1.0, 20, 0, 0], ""unused_pointer"": 0}"
events-ep2/q83-bb-e,9,315,"{""base_type"": 519, ""set_flags"": 0, ""runtime_index"": 0, ""file_offset"": 65240, ""floor_field"": 0, ""entity_id_field"": 0, ""group"": 0, ""room"": 3, ""unknown_a3"": 0, ""position"": [-91.0, 12.0, -219.74172973632812], ""angles"": [0, 16384, 0], ""params"": [1.0, 1.0, 1.0, 20, 0, 0], ""unused_pointer"": 0}"
events-ep2/q83-bb-e,9,337,"{""base_type"": 519, ""set_flags"": 0, ""runtime_index"": 0, ""file_offset"": 66736, ""floor_field"": 0, ""entity_id_field"": 0, ""group"": 0, ""room"": 14, ""unknown_a3"": 0, ""position"": [41.71553421020508, 10.0, -84.88240051269531], ""angles"": [0, 16384, 0], ""params"": [1.0, 1.0, 1.0, 20, 0, 0], ""unused_pointer"": 0}"
events-ep2/q83-bb-e,9,338,"{""base_type"": 519, ""set_flags"": 0, ""runtime_index"": 0, ""file_offset"": 66804, ""floor_field"": 0, ""entity_id_field"": 0, ""group"": 0, ""room"": 14, ""unknown_a3"": 0, ""position"": [38.0, 20.0, -84.93355560302734], ""angles"": [0, -16384, 0], ""params"": [1.0, 1.0, 1.0, 20, 0, 0], ""unused_pointer"": 0}"
events-ep2/q83-bb-j,5,55,"{""base_type"": 519, ""set_flags"": 0, ""runtime_index"": 0, ""file_offset"": 7036, ""floor_field"": 0, ""entity_id_field"": 0, ""group"": 0, ""room"": 5, ""unknown_a3"": 0, ""position"": [-198.0, 50.0, -48.0], ""angles"": [0, 16384, 0], ""params"": [1.0, 1.0, 1.0, 0, 0, 0], ""unused_pointer"": 0}"
events-ep2/q83-bb-j,5,56,"{""base_type"": 519, ""set_flags"": 0, ""runtime_index"": 0, ""file_offset"": 7104, ""floor_field"": 0, ""entity_id_field"": 0, ""group"": 0, ""room"": 5, ""unknown_a3"": 0, ""position"": [-198.0, 50.0, -33.0], ""angles"": [0, -16384, 0], ""params"": [1.0, 1.0, 1.0, 0, 0, 0], ""unused_pointer"": 0}"
events-ep2/q83-bb-j,6,19,"{""base_type"": 519, ""set_flags"": 2, ""runtime_index"": 182, ""file_offset"": 10044, ""floor_field"": 6, ""entity_id_field"": 16566, ""group"": 0, ""room"": 8, ""unknown_a3"": 0, ""position"": [9.0, -5.0, 138.0], ""angles"": [0, 51944, 0], ""params"": [1.0, 1.0, 1.0, 2, 0, 0], ""unused_pointer"": 75218784}"
events-ep2/q83-bb-j,6,20,"{""base_type"": 519, ""set_flags"": 2, ""runtime_index"": 183, ""file_offset"": 10112, ""floor_field"": 6, ""entity_id_field"": 16567, ""group"": 0, ""room"": 8, ""unknown_a3"": 0, ""position"": [11.938946723937988, 1.0, 112.09847259521484], ""angles"": [0, 1762, 0], ""params"": [1.0, 1.0, 1.0, 4, 0, 0], ""unused_pointer"": 75219648}"
events-ep2/q83-bb-j,6,21,"{""base_type"": 519, ""set_flags"": 2, ""runtime_index"": 184, ""file_offset"": 10180, ""floor_field"": 6, ""entity_id_field"": 16568, ""group"": 0, ""room"": 8, ""unknown_a3"": 0, ""position"": [35.01294708251953, 1.0, 112.09847259521484], ""angles"": [0, 32470, 0], ""params"": [1.0, 1.0, 1.0, 4, 0, 0], ""unused_pointer"": 75220512}"
events-ep2/q83-bb-j,6,22,"{""base_type"": 519, ""set_flags"": 2, ""runtime_index"": 190, ""file_offset"": 10248, ""floor_field"": 6, ""entity_id_field"": 16574, ""group"": 0, ""room"": 10, ""unknown_a3"": 0, ""position"": [133.0, -5.0, -52.0], ""angles"": [0, 15876, 0], ""params"": [1.0, 1.0, 1.0, 2, 0, 0], ""unused_pointer"": 75246016}"
events-ep2/q83-bb-j,6,68,"{""base_type"": 519, ""set_flags"": 0, ""runtime_index"": 0, ""file_offset"": 13376, ""floor_field"": 0, ""entity_id_field"": 0, ""group"": 0, ""room"": 14, ""unknown_a3"": 0, ""position"": [71.0, -85.0, -32.0], ""angles"": [0, 14148, 0], ""params"": [1.0, 1.0, 1.0, 100, 0, 0], ""unused_pointer"": 0}"
events-ep2/q83-bb-j,6,69,"{""base_type"": 519, ""set_flags"": 0, ""runtime_index"": 0, ""file_offset"": 13444, ""floor_field"": 0, ""entity_id_field"": 0, ""group"": 0, ""room"": 14, ""unknown_a3"": 0, ""position"": [54.54063415527344, -100.0, -13.734782218933105], ""angles"": [0, 12174, 0], ""params"": [1.0, 1.0, 1.0, 100, 0, 0], ""unused_pointer"": 0}"
events-ep2/q83-bb-j,6,77,"{""base_type"": 519, ""set_flags"": 0, ""runtime_index"": 0, ""file_offset"": 13988, ""floor_field"": 0, ""entity_id_field"": 0, ""group"": 0, ""room"": 15, ""unknown_a3"": 0, ""position"": [65.0, -120.0, -73.0], ""angles"": [0, 53292, 0], ""params"": [1.0, 1.0, 1.0, 44, 0, 0], ""unused_pointer"": 0}"
events-ep2/q83-bb-j,6,78,"{""base_type"": 519, ""set_flags"": 0, ""runtime_index"": 0, ""file_offset"": 14056, ""floor_field"": 0, ""entity_id_field"": 0, ""group"": 0, ""room"": 15, ""unknown_a3"": 0, ""position"": [84.0, -120.0, -4.0], ""angles"": [0, 54112, 0], ""params"": [1.0, 1.0, 1.0, 45, 0, 0], ""unused_pointer"": 0}"
events-ep2/q83-bb-j,6,106,"{""base_type"": 519, ""set_flags"": 0, ""runtime_index"": 0, ""file_offset"": 15960, ""floor_field"": 0, ""entity_id_field"": 0, ""group"": 0, ""room"": 3, ""unknown_a3"": 0, ""position"": [-24.0, 0.0, -67.30000305175781], ""angles"": [0, 0, 0], ""params"": [1.0, 1.0, 1.0, 7, 0, 0], ""unused_pointer"": 0}"
events-ep2/q83-bb-j,6,107,"{""base_type"": 519, ""set_flags"": 0, ""runtime_index"": 0, ""file_offset"": 16028, ""floor_field"": 0, ""entity_id_field"": 0, ""group"": 0, ""room"": 3, ""unknown_a3"": 0, ""position"": [-48.0, 0.0, -67.30000305175781], ""angles"": [0, 64444, 0], ""params"": [1.0, 1.0, 1.0, 7, 0, 0], ""unused_pointer"": 0}"
events-ep2/q83-bb-j,6,108,"{""base_type"": 519, ""set_flags"": 0, ""runtime_index"": 0, ""file_offset"": 16096, ""floor_field"": 0, ""entity_id_field"": 0, ""group"": 0, ""room"": 3, ""unknown_a3"": 0, ""position"": [-34.0, 10.0, -67.30000305175781], ""angles"": [0, 32247, 0], ""params"": [1.0, 1.0, 1.0, 7, 0, 0], ""unused_pointer"": 0}"
events-ep2/q83-bb-j,6,109,"{""base_type"": 519, ""set_flags"": 0, ""runtime_index"": 0, ""file_offset"": 16164, ""floor_field"": 0, ""entity_id_field"": 0, ""group"": 0, ""room"": 9, ""unknown_a3"": 0, ""position"": [3.338804006576538, -98.0, 136.0], ""angles"": [0, 1866, 0], ""params"": [1.0, 1.0, 1.0, 0, 0, 0], ""unused_pointer"": 0}"
events-ep2/q83-bb-j,6,117,"{""base_type"": 519, ""set_flags"": 0, ""runtime_index"": 0, ""file_offset"": 16708, ""floor_field"": 0, ""entity_id_field"": 0, ""group"": 0, ""room"": 4, ""unknown_a3"": 0, ""position"": [158.0, 0.0, 24.0], ""angles"": [0, 51497, 0], ""params"": [1.0, 1.0, 1.0, 20, 0, 0], ""unused_pointer"": 0}"
events-ep2/q83-bb-j,6,118,"{""base_type"": 519, ""set_flags"": 0, ""runtime_index"": 0, ""file_offset"": 16776, ""floor_field"": 0, ""entity_id_field"": 0, ""group"": 0, ""room"": 4, ""unknown_a3"": 0, ""position"": [153.60000610351562, 0.0, 5.04610013961792], ""angles"": [0, 18729, 0], ""params"": [1.0, 1.0, 1.0, 20, 0, 0], ""unused_pointer"": 0}"
events-ep2/q83-bb-j,6,119,"{""base_type"": 519, ""set_flags"": 0, ""runtime_index"": 0, ""file_offset"": 16844, ""floor_field"": 0, ""entity_id_field"": 0, ""group"": 0, ""room"": 4, ""unknown_a3"": 0, ""position"": [156.8000030517578, 11.0, 12.0], ""angles"": [0, 51497, 0], ""params"": [1.0, 1.0, 1.0, 20, 0, 0], ""unused_pointer"": 0}"
events-ep2/q83-bb-j,6,147,"{""base_type"": 519, ""set_flags"": 0, ""runtime_index"": 0, ""file_offset"": 18748, ""floor_field"": 0, ""entity_id_field"": 0, ""group"": 0, ""room"": 5, ""unknown_a3"": 0, ""position"": [-21.055200576782227, 0.0, 45.433494567871094], ""angles"": [0, 64384, 0], ""params"": [1.0, 1.0, 1.0, 26, 0, 0], ""unused_pointer"": 0}"
events-ep2/q83-bb-j,6,148,"{""base_type"": 519, ""set_flags"": 0, ""runtime_index"": 0, ""file_offset"": 18816, ""floor_field"": 0, ""entity_id_field"": 0, ""group"": 0, ""room"": 5, ""unknown_a3"": 0, ""position"": [-1.5440962314605713, 0.0, 48.012596130371094], ""angles"": [0, 64384, 0], ""params"": [1.0, 1.0, 1.0, 26, 0, 0], ""unused_pointer"": 0}"
events-ep2/q83-bb-j,6,149,"{""base_type"": 519, ""set_flags"": 0, ""runtime_index"": 0, ""file_offset"": 18884, ""floor_field"": 0, ""entity_id_field"": 0, ""group"": 0, ""room"": 5, ""unknown_a3"": 0, ""position"": [-11.447199821472168, 8.0, 45.0], ""angles"": [0, 64272, 0], ""params"": [1.0, 1.0, 1.0, 26, 0, 0], ""unused_pointer"": 0}"
events-ep2/q83-bb-j,6,150,"{""base_type"": 519, ""set_flags"": 0, ""runtime_index"": 0, ""file_offset"": 18952, ""floor_field"": 0, ""entity_id_field"": 0, ""group"": 0, ""room"": 5, ""unknown_a3"": 0, ""position"": [-21.134923934936523, 12.0, 41.0], ""angles"": [0, 64275, 0], ""params"": [1.0, 1.0, 1.0, 25, 0, 0], ""unused_pointer"": 0}"
events-ep2/q83-bb-j,6,151,"{""base_type"": 519, ""set_flags"": 0, ""runtime_index"": 0, ""file_offset"": 19020, ""floor_field"": 0, ""entity_id_field"": 0, ""group"": 0, ""room"": 5, ""unknown_a3"": 0, ""position"": [-1.5440962314605713, 12.0, 44.3527717590332], ""angles"": [0, 64344, 0], ""params"": [1.0, 1.0, 1.0, 25, 0, 0], ""unused_pointer"": 0}"
events-ep2/q83-bb-j,6,152,"{""base_type"": 519, ""set_flags"": 0, ""runtime_index"": 0, ""file_offset"": 19088, ""floor_field"": 0, ""entity_id_field"": 0, ""group"": 0, ""room"": 5, ""unknown_a3"": 0, ""position"": [-20.0, 18.0, 39.0], ""angles"": [0, 64384, 0], ""params"": [1.0, 1.0, 1.0, 25, 0, 0], ""unused_pointer"": 0}"
events-ep2/q83-bb-j,6,153,"{""base_type"": 519, ""set_flags"": 0, ""runtime_index"": 0, ""file_offset"": 19156, ""floor_field"": 0, ""entity_id_field"": 0, ""group"": 0, ""room"": 5, ""unknown_a3"": 0, ""position"": [-1.3288124799728394, 18.0, 42.0], ""angles"": [0, 64246, 0], ""params"": [1.0, 1.0, 1.0, 25, 0, 0], ""unused_pointer"": 0}"
events-ep2/q83-bb-j,6,154,"{""base_type"": 519, ""set_flags"": 0, ""runtime_index"": 0, ""file_offset"": 19224, ""floor_field"": 0, ""entity_id_field"": 0, ""group"": 0, ""room"": 5, ""unknown_a3"": 0, ""position"": [-18.0, 25.0, 35.310848236083984], ""angles"": [0, 31730, 0], ""params"": [1.0, 1.0, 1.0, 24, 0, 0], ""unused_pointer"": 0}"
events-ep2/q83-bb-j,6,155,"{""base_type"": 519, ""set_flags"": 0, ""runtime_index"": 0, ""file_offset"": 19292, ""floor_field"": 0, ""entity_id_field"": 0, ""group"": 0, ""room"": 5, ""unknown_a3"": 0, ""position"": [2.0, 24.0, 38.0], ""angles"": [0, 31730, 0], ""params"": [1.0, 1.0, 1.0, 24, 0, 0], ""unused_pointer"": 0}"
events-ep2/q83-bb-j,7,11,"{""base_type"": 519, ""set_flags"": 2, ""runtime_index"": 279, ""file_offset"": 20940, ""floor_field"": 7, ""entity_id_field"": 16663, ""group"": 0, ""room"": 6, ""unknown_a3"": 0, ""position"": [-94.0, -54.0, 110.0], ""angles"": [0, 32768, 0], ""params"": [1.0, 1.0, 1.0, 101, 0, 0], ""unused_pointer"": 75210864}"
events-ep2/q83-bb-j,7,12,"{""base_type"": 519, ""set_flags"": 2, ""runtime_index"": 281, ""file_offset"": 21008, ""floor_field"": 7, ""entity_id_field"": 16665, ""group"": 0, ""room"": 6, ""unknown_a3"": 0, ""position"": [-94.0, -44.0, 110.0], ""angles"": [0, 4096, 0], ""params"": [1.0, 1.0, 1.0, 101, 0, 0], ""unused_pointer"": 75212160}"
events-ep2/q83-bb-j,7,13,"{""base_type"": 519, ""set_flags"": 2, ""runtime_index"": 282, ""file_offset"": 21076, ""floor_field"": 7, ""entity_id_field"": 16666, ""group"": 0, ""room"": 6, ""unknown_a3"": 0, ""position"": [-60.0, -44.0, 105.0], ""angles"": [0, 0, 0], ""params"": [1.0, 1.0, 1.0, 101, 0, 0], ""unused_pointer"": 75213024}"
events-ep2/q83-bb-j,7,36,"{""base_type"": 519, ""set_flags"": 0, ""runtime_index"": 0, ""file_offset"": 22640, ""floor_field"": 0, ""entity_id_field"": 0, ""group"": 0, ""room"": 6, ""unknown_a3"": 0, ""position"": [221.62542724609375, -16.960060119628906, 46.66484069824219], ""angles"": [0, 60299, 0], ""params"": [1.0, 1.0, 1.0, 0, 0, 0], ""unused_pointer"": 0}"
events-ep2/q83-bb-j,7,60,"{""base_type"": 519, ""set_flags"": 0, ""runtime_index"": 0, ""file_offset"": 24272, ""floor_field"": 0, ""entity_id_field"": 0, ""group"": 0, ""room"": 2, ""unknown_a3"": 0, ""position"": [104.0, -17.0, 91.0], ""angles"": [0, 58161, 0], ""params"": [1.0, 1.0, 1.0, 0, 0, 0], ""unused_pointer"": 0}"
events-ep2/q83-bb-j,7,64,"{""base_type"": 519, ""set_flags"": 0, ""runtime_index"": 0, ""file_offset"": 24544, ""floor_field"": 0, ""entity_id_field"": 0, ""group"": 0, ""room"": 2, ""unknown_a3"": 0, ""position"": [-241.0, -36.0, 38.600799560546875], ""angles"": [0, 2046, 0], ""params"": [1.0, 1.0, 1.0, 0, 0, 0], ""unused_pointer"": 0}"
events-ep2/q83-bb-j,7,89,"{""base_type"": 519, ""set_flags"": 0, ""runtime_index"": 0, ""file_offset"": 26244, ""floor_field"": 0, ""entity_id_field"": 0, ""group"": 0, ""room"": 6, ""unknown_a3"": 0, ""position"": [99.0, -19.0, 33.0], ""angles"": [0, 32768, 0], ""params"": [1.0, 1.0, 1.0, 0, 0, 0], ""unused_pointer"": 0}"
events-ep2/q83-bb-j,8,60,"{""base_type"": 519, ""set_flags"": 2, ""runtime_index"": 289, ""file_offset"": 31496, ""floor_field"": 8, ""entity_id_field"": 16673, ""group"": 0, ""room"": 4, ""unknown_a3"": 0, ""position"": [70.0, 1.0, -197.77001953125], ""angles"": [0, 47889, 0], ""params"": [1.0, 1.0, 1.0, 6, 0, 0], ""unused_pointer"": 118186832}"
events-ep2/q83-bb-j,8,61,"{""base_type"": 519, ""set_flags"": 2, ""runtime_index"": 290, ""file_offset"": 31564, ""floor_field"": 8, ""entity_id_field"": 16674, ""group"": 0, ""room"": 4, ""unknown_a3"": 0, ""position"": [72.0, 0.0, -219.07000732421875], ""angles"": [0, 81920, 0], ""params"": [1.0, 1.0, 1.0, 6, 0, 0], ""unused_pointer"": 118187696}"
events-ep2/q83-bb-j,8,62,"{""base_type"": 519, ""set_flags"": 2, ""runtime_index"": 291, ""file_offset"": 31632, ""floor_field"": 8, ""entity_id_field"": 16675, ""group"": 0, ""room"": 4, ""unknown_a3"": 0, ""position"": [73.0, -0.00014153867959976196, -235.77000427246094], ""angles"": [0, 16384, 0], ""params"": [1.0, 1.0, 1.0, 6, 0, 0], ""unused_pointer"": 118188560}"
events-ep2/q83-bb-j,8,120,"{""base_type"": 519, ""set_flags"": 0, ""runtime_index"": 0, ""file_offset"": 35576, ""floor_field"": 0, ""entity_id_field"": 0, ""group"": 0, ""room"": 7, ""unknown_a3"": 0, ""position"": [-75.0, 152.0, 115.0], ""angles"": [0, 20552, 0], ""params"": [1.0, 1.0, 1.0, 70, 0, 0], ""unused_pointer"": 0}"
events-ep2/q83-bb-j,8,135,"{""base_type"": 519, ""set_flags"": 0, ""runtime_index"": 0, ""file_offset"": 36596, ""floor_field"": 0, ""entity_id_field"": 0, ""group"": 0, ""room"": 4, ""unknown_a3"": 0, ""position"": [-75.46615600585938, 0.0, 275.45220947265625], ""angles"": [0, 5200, 0], ""params"": [1.0, 1.0, 1.0, 7, 0, 0], ""unused_pointer"": 0}"
events-ep2/q83-bb-j,8,136,"{""base_type"": 519, ""set_flags"": 0, ""runtime_index"": 0, ""file_offset"": 36664, ""floor_field"": 0, ""entity_id_field"": 0, ""group"": 0, ""room"": 4, ""unknown_a3"": 0, ""position"": [-96.75457763671875, 0.0, 288.0], ""angles"": [0, 5200, 0], ""params"": [1.0, 1.0, 1.0, 7, 0, 0], ""unused_pointer"": 0}"
events-ep2/q83-bb-j,8,139,"{""base_type"": 519, ""set_flags"": 0, ""runtime_index"": 0, ""file_offset"": 36868, ""floor_field"": 0, ""entity_id_field"": 0, ""group"": 0, ""room"": 10, ""unknown_a3"": 0, ""position"": [223.0, 0.0, -69.0], ""angles"": [0, 43982, 0], ""params"": [1.0, 1.0, 1.0, 15, 0, 0], ""unused_pointer"": 0}"
events-ep2/q83-bb-j,8,146,"{""base_type"": 519, ""set_flags"": 0, ""runtime_index"": 0, ""file_offset"": 37344, ""floor_field"": 0, ""entity_id_field"": 0, ""group"": 0, ""room"": 6, ""unknown_a3"": 0, ""position"": [-21.0, 67.0, 42.0], ""angles"": [0, 52305, 0], ""params"": [1.0, 1.0, 1.0, 70, 0, 0], ""unused_pointer"": 0}"
events-ep2/q83-bb-j,8,147,"{""base_type"": 519, ""set_flags"": 0, ""runtime_index"": 0, ""file_offset"": 37412, ""floor_field"": 0, ""entity_id_field"": 0, ""group"": 0, ""room"": 6, ""unknown_a3"": 0, ""position"": [-18.799999237060547, 68.0, 57.86579895019531], ""angles"": [0, 49413, 0], ""params"": [1.0, 1.0, 1.0, 70, 0, 0], ""unused_pointer"": 0}"
events-ep2/q83-bb-j,8,152,"{""base_type"": 519, ""set_flags"": 0, ""runtime_index"": 0, ""file_offset"": 37752, ""floor_field"": 0, ""entity_id_field"": 0, ""group"": 0, ""room"": 2, ""unknown_a3"": 0, ""position"": [-160.5597686767578, -127.61683654785156, 121.69999694824219], ""angles"": [0, 32768, 0], ""params"": [1.0, 1.0, 1.0, 11, 2, 0], ""unused_pointer"": 0}"
events-ep2/q83-bb-j,8,153,"{""base_type"": 519, ""set_flags"": 0, ""runtime_index"": 0, ""file_offset"": 37820, ""floor_field"": 0, ""entity_id_field"": 0, ""group"": 0, ""room"": 2, ""unknown_a3"": 0, ""position"": [-182.0, -128.0, 121.69999694824219], ""angles"": [0, 0, 0], ""params"": [-200.0, -100.0, 930.0, 11, 2, 0], ""unused_pointer"": 0}"
events-ep2/q83-bb-j,8,155,"{""base_type"": 519, ""set_flags"": 0, ""runtime_index"": 0, ""file_offset"": 37956, ""floor_field"": 0, ""entity_id_field"": 0, ""group"": 0, ""room"": 5, ""unknown_a3"": 0, ""position"": [75.0, 81.0, -138.0], ""angles"": [0, 16384, 0], ""params"": [1.0, 1.0, 1.0, 1, 0, 0], ""unused_pointer"": 0}"
events-ep2/q83-bb-j,8,156,"{""base_type"": 519, ""set_flags"": 0, ""runtime_index"": 0, ""file_offset"": 38024, ""floor_field"": 0, ""entity_id_field"": 0, ""group"": 0, ""room"": 5, ""unknown_a3"": 0, ""position"": [75.0, 81.3013687133789, -163.0], ""angles"": [0, 49152, 0], ""params"": [1.0, 1.0, 1.0, 1, 0, 0], ""unused_pointer"": 0}"
events-ep2/q83-bb-j,8,158,"{""base_type"": 519, ""set_flags"": 0, ""runtime_index"": 0, ""file_offset"": 38160, ""floor_field"": 0, ""entity_id_field"": 0, ""group"": 0, ""room"": 5, ""unknown_a3"": 0, ""position"": [-2.6678173542022705, 65.0, 140.61306762695312], ""angles"": [0, 19830, 0], ""params"": [1.0, 1.0, 1.0, 2, 0, 0], ""unused_pointer"": 0}"
events-ep2/q83-bb-j,8,159,"{""base_type"": 519, ""set_flags"": 0, ""runtime_index"": 0, ""file_offset"": 38228, ""floor_field"": 0, ""entity_id_field"": 0, ""group"": 0, ""room"": 5, ""unknown_a3"": 0, ""position"": [6.0, 65.0, 163.0], ""angles"": [0, 53523, 0], ""params"": [1.0, 1.0, 1.0, 2, 0, 0], ""unused_pointer"": 0}"
events-ep2/q83-bb-j,8,160,"{""base_type"": 519, ""set_flags"": 0, ""runtime_index"": 0, ""file_offset"": 38296, ""floor_field"": 0, ""entity_id_field"": 0, ""group"": 0, ""room"": 5, ""unknown_a3"": 0, ""position"": [14.0, 65.0, 176.0], ""angles"": [0, 55855, 0], ""params"": [1.0, 1.0, 1.0, 2, 0, 0], ""unused_pointer"": 0}"
events-ep2/q83-bb-j,8,162,"{""base_type"": 519, ""set_flags"": 0, ""runtime_index"": 0, ""file_offset"": 38432, ""floor_field"": 0, ""entity_id_field"": 0, ""group"": 0, ""room"": 5, ""unknown_a3"": 0, ""position"": [-32.75707244873047, 60.0, 202.13365173339844], ""angles"": [0, 19608, 0], ""params"": [1.0, 1.0, 1.0, 99, 0, 0], ""unused_pointer"": 0}"
events-ep2/q83-bb-j,8,171,"{""base_type"": 519, ""set_flags"": 0, ""runtime_index"": 0, ""file_offset"": 39044, ""floor_field"": 0, ""entity_id_field"": 0, ""group"": 0, ""room"": 6, ""unknown_a3"": 0, ""position"": [-10.399999618530273, 68.0, 54.400001525878906], ""angles"": [0, 51743, 0], ""params"": [1.0, 1.0, 1.0, 70, 0, 0], ""unused_pointer"": 0}"
events-ep2/q83-bb-j,8,173,"{""base_type"": 519, ""set_flags"": 0, ""runtime_index"": 0, ""file_offset"": 39180, ""floor_field"": 0, ""entity_id_field"": 0, ""group"": 0, ""room"": 3, ""unknown_a3"": 0, ""position"": [-126.0, -84.0, 157.02134704589844], ""angles"": [0, 20724, 0], ""params"": [1.0, 1.0, 1.0, 8, 0, 0], ""unused_pointer"": 0}"
events-ep2/q83-bb-j,8,174,"{""base_type"": 519, ""set_flags"": 0, ""runtime_index"": 0, ""file_offset"": 39248, ""floor_field"": 0, ""entity_id_field"": 0, ""group"": 0, ""room"": 3, ""unknown_a3"": 0, ""position"": [-118.0, -84.0, 175.80357360839844], ""angles"": [0, 53411, 0], ""params"": [1.0, 1.0, 1.0, 8, 0, 0], ""unused_pointer"": 0}"
events-ep2/q83-bb-j,8,177,"{""base_type"": 519, ""set_flags"": 0, ""runtime_index"": 0, ""file_offset"": 39452, ""floor_field"": 0, ""entity_id_field"": 0, ""group"": 0, ""room"": 10, ""unknown_a3"": 0, ""position"": [78.63925170898438, -66.0, -24.231704711914062], ""angles"": [0, 52376, 0], ""params"": [1.0, 1.0, 1.0, 15, 0, 0], ""unused_pointer"": 0}"
events-ep2/q83-bb-j,8,194,"{""base_type"": 519, ""set_flags"": 0, ""runtime_index"": 0, ""file_offset"": 40608, ""floor_field"": 0, ""entity_id_field"": 0, ""group"": 0, ""room"": 7, ""unknown_a3"": 0, ""position"": [-59.65947341918945, 17.0, 160.2552032470703], ""angles"": [0, 13799, 0], ""params"": [1.0, 1.0, 1.0, 70, 0, 0], ""unused_pointer"": 0}"
events-ep2/q83-bb-j,8,195,"{""base_type"": 519, ""set_flags"": 0, ""runtime_index"": 0, ""file_offset"": 40676, ""floor_field"": 0, ""entity_id_field"": 0, ""group"": 0, ""room"": 5, ""unknown_a3"": 0, ""position"": [-149.0438690185547, 36.23657989501953, 171.5203857421875], ""angles"": [0, 16384, 0], ""params"": [1.0, 1.0, 1.0, 2, 0, 0], ""unused_pointer"": 0}"
events-ep2/q83-bb-j,8,196,"{""base_type"": 519, ""set_flags"": 0, ""runtime_index"": 0, ""file_offset"": 40744, ""floor_field"": 0, ""entity_id_field"": 0, ""group"": 0, ""room"": 5, ""unknown_a3"": 0, ""position"": [-149.0, 36.12883758544922, 195.27210998535156], ""angles"": [0, -16384, 0], ""params"": [1.0, 1.0, 1.0, 2, 0, 0], ""unused_pointer"": 0}"
events-ep2/q83-bb-j,8,197,"{""base_type"": 519, ""set_flags"": 0, ""runtime_index"": 0, ""file_offset"": 40812, ""floor_field"": 0, ""entity_id_field"": 0, ""group"": 0, ""room"": 5, ""unknown_a3"": 0, ""position"": [-149.0, 36.30855178833008, 215.57723999023438], ""angles"": [0, 16384, 0], ""params"": [1.0, 1.0, 1.0, 2, 0, 0], ""unused_pointer"": 0}"
events-ep2/q83-bb-j,8,198,"{""base_type"": 519, ""set_flags"": 0, ""runtime_index"": 0, ""file_offset"": 40880, ""floor_field"": 0, ""entity_id_field"": 0, ""group"": 0, ""room"": 5, ""unknown_a3"": 0, ""position"": [-149.0, 44.0, 184.61192321777344], ""angles"": [0, -16384, 0], ""params"": [1.0, 1.0, 1.0, 2, 0, 0], ""unused_pointer"": 0}"
events-ep2/q83-bb-j,9,37,"{""base_type"": 519, ""set_flags"": 512, ""runtime_index"": 25349, ""file_offset"": 46336, ""floor_field"": 9, ""entity_id_field"": 38217, ""group"": 0, ""room"": 5, ""unknown_a3"": 0, ""position"": [-78.0, 8.0, 170.0], ""angles"": [0, 9534, 0], ""params"": [1.0, 1.0, 1.0, 20, 0, 0], ""unused_pointer"": 2162090368}"
events-ep2/q83-bb-j,9,38,"{""base_type"": 519, ""set_flags"": 512, ""runtime_index"": 25605, ""file_offset"": 46404, ""floor_field"": 9, ""entity_id_field"": 38473, ""group"": 0, ""room"": 5, ""unknown_a3"": 0, ""position"": [-99.0, 3.0, 194.1945037841797], ""angles"": [0, 40143, 0], ""params"": [1.0, 1.0, 1.0, 20, 0, 0], ""unused_pointer"": 1625481600}"
events-ep2/q83-bb-j,9,39,"{""base_type"": 519, ""set_flags"": 512, ""runtime_index"": 25861, ""file_offset"": 46472, ""floor_field"": 9, ""entity_id_field"": 38729, ""group"": 0, ""room"": 5, ""unknown_a3"": 0, ""position"": [-89.4000015258789, 6.0, 183.0], ""angles"": [0, 9149, 0], ""params"": [1.0, 1.0, 1.0, 20, 0, 0], ""unused_pointer"": 1088872832}"
events-ep2/q83-bb-j,9,44,"{""base_type"": 519, ""set_flags"": 512, ""runtime_index"": 27141, ""file_offset"": 46812, ""floor_field"": 9, ""entity_id_field"": 40009, ""group"": 0, ""room"": 3, ""unknown_a3"": 0, ""position"": [-335.0, -11.0, 190.0], ""angles"": [0, 40960, 0], ""params"": [1.0, 1.0, 1.0, 99, 0, 0], ""unused_pointer"": 2163073408}"
events-ep2/q83-bb-j,9,85,"{""base_type"": 519, ""set_flags"": 0, ""runtime_index"": 0, ""file_offset"": 49600, ""floor_field"": 0, ""entity_id_field"": 0, ""group"": 0, ""room"": 5, ""unknown_a3"": 0, ""position"": [-179.89999389648438, 7.0, 79.9000015258789], ""angles"": [0, 46150, 0], ""params"": [1.0, 1.0, 1.0, 2, 0, 0], ""unused_pointer"": 0}"
events-ep2/q83-bb-j,9,103,"{""base_type"": 519, ""set_flags"": 0, ""runtime_index"": 0, ""file_offset"": 50824, ""floor_field"": 0, ""entity_id_field"": 0, ""group"": 0, ""room"": 7, ""unknown_a3"": 0, ""position"": [204.91751098632812, -6.0, 211.49386596679688], ""angles"": [0, 9650, 0], ""params"": [1.0, 1.0, 1.0, 3, 0, 0], ""unused_pointer"": 0}"
events-ep2/q83-bb-j,9,104,"{""base_type"": 519, ""set_flags"": 0, ""runtime_index"": 0, ""file_offset"": 50892, ""floor_field"": 0, ""entity_id_field"": 0, ""group"": 0, ""room"": 7, ""unknown_a3"": 0, ""position"": [188.2169952392578, -6.0, 233.8948211669922], ""angles"": [0, 42550, 0], ""params"": [1.0, 1.0, 1.0, 3, 0, 0], ""unused_pointer"": 0}"
events-ep2/q83-bb-j,9,135,"{""base_type"": 519, ""set_flags"": 0, ""runtime_index"": 0, ""file_offset"": 53000, ""floor_field"": 0, ""entity_id_field"": 0, ""group"": 0, ""room"": 5, ""unknown_a3"": 0, ""position"": [-46.0, 10.0, 104.0], ""angles"": [0, 39468, 0], ""params"": [1.0, 1.0, 1.0, 77, 0, 0], ""unused_pointer"": 0}"
events-ep2/q83-bb-j,9,137,"{""base_type"": 519, ""set_flags"": 0, ""runtime_index"": 0, ""file_offset"": 53136, ""floor_field"": 0, ""entity_id_field"": 0, ""group"": 0, ""room"": 5, ""unknown_a3"": 0, ""position"": [-179.89999389648438, 14.0, 79.9000015258789], ""angles"": [0, 46150, 0], ""params"": [1.0, 1.0, 1.0, 2, 0, 0], ""unused_pointer"": 0}"
events-ep2/q83-bb-j,9,146,"{""base_type"": 519, ""set_flags"": 0, ""runtime_index"": 0, ""file_offset"": 53748, ""floor_field"": 0, ""entity_id_field"": 0, ""group"": 0, ""room"": 4, ""unknown_a3"": 0, ""position"": [-205.21994018554688, 1.710311770439148, -152.2194366455078], ""angles"": [0, 60766, 0], ""params"": [1.0, 1.0, 1.0, 0, 0, 0], ""unused_pointer"": 0}"
events-ep2/q83-bb-j,9,149,"{""base_type"": 519, ""set_flags"": 0, ""runtime_index"": 0, ""file_offset"": 53952, ""floor_field"": 0, ""entity_id_field"": 0, ""group"": 0, ""room"": 12, ""unknown_a3"": 0, ""position"": [48.0, 10.0, 60.45240020751953], ""angles"": [0, 32768, 0], ""params"": [1.0, 1.0, 1.0, 0, 0, 0], ""unused_pointer"": 0}"
events-ep2/q83-bb-j,9,151,"{""base_type"": 519, ""set_flags"": 0, ""runtime_index"": 0, ""file_offset"": 54088, ""floor_field"": 0, ""entity_id_field"": 0, ""group"": 0, ""room"": 12, ""unknown_a3"": 0, ""position"": [13.0, 10.0, 60.45240020751953], ""angles"": [0, 32768, 0], ""params"": [1.0, 1.0, 1.0, 8, 0, 0], ""unused_pointer"": 0}"
events-ep2/q83-bb-j,9,152,"{""base_type"": 519, ""set_flags"": 0, ""runtime_index"": 0, ""file_offset"": 54156, ""floor_field"": 0, ""entity_id_field"": 0, ""group"": 0, ""room"": 12, ""unknown_a3"": 0, ""position"": [27.0, 10.0, 60.45240020751953], ""angles"": [0, 0, 0], ""params"": [1.0, 1.0, 1.0, 8, 0, 0], ""unused_pointer"": 0}"
events-ep2/q83-bb-j,9,195,"{""base_type"": 519, ""set_flags"": 0, ""runtime_index"": 0, ""file_offset"": 57080, ""floor_field"": 0, ""entity_id_field"": 0, ""group"": 0, ""room"": 5, ""unknown_a3"": 0, ""position"": [-98.69999694824219, 207.0, 234.6999969482422], ""angles"": [0, 0, 0], ""params"": [1.0, 1.0, 1.0, 30, 0, 0], ""unused_pointer"": 0}"
events-ep2/q83-bb-j,9,196,"{""base_type"": 519, ""set_flags"": 0, ""runtime_index"": 0, ""file_offset"": 57148, ""floor_field"": 0, ""entity_id_field"": 0, ""group"": 0, ""room"": 5, ""unknown_a3"": 0, ""position"": [-178.95005798339844, 208.0, 180.39999389648438], ""angles"": [0, 32768, 0], ""params"": [1.0, 1.0, 1.0, 30, 0, 0], ""unused_pointer"": 0}"
events-ep2/q83-bb-j,9,197,"{""base_type"": 519, ""set_flags"": 0, ""runtime_index"": 0, ""file_offset"": 57216, ""floor_field"": 0, ""entity_id_field"": 0, ""group"": 0, ""room"": 5, ""unknown_a3"": 0, ""position"": [-95.69999694824219, 207.0, 239.6999969482422], ""angles"": [0, 32768, 0], ""params"": [1.0, 1.0, 1.0, 30, 0, 0], ""unused_pointer"": 0}"
events-ep2/q83-bb-j,9,269,"{""base_type"": 519, ""set_flags"": 0, ""runtime_index"": 0, ""file_offset"": 62112, ""floor_field"": 0, ""entity_id_field"": 0, ""group"": 0, ""room"": 3, ""unknown_a3"": 0, ""position"": [-91.26239776611328, 9.0, -235.0], ""angles"": [0, 16384, 0], ""params"": [1.0, 1.0, 1.0, 20, 0, 0], ""unused_pointer"": 0}"
events-ep2/q83-bb-j,9,270,"{""base_type"": 519, ""set_flags"": 0, ""runtime_index"": 0, ""file_offset"": 62180, ""floor_field"": 0, ""entity_id_field"": 0, ""group"": 0, ""room"": 3, ""unknown_a3"": 0, ""position"": [-91.0, 7.0, -208.0], ""angles"": [0, 49152, 0], ""params"": [1.0, 1.0, 1.0, 20, 0, 0], ""unused_pointer"": 0}"
events-ep2/q83-bb-j,9,315,"{""base_type"": 519, ""set_flags"": 0, ""runtime_index"": 0, ""file_offset"": 65240, ""floor_field"": 0, ""entity_id_field"": 0, ""group"": 0, ""room"": 3, ""unknown_a3"": 0, ""position"": [-91.0, 12.0, -219.74172973632812], ""angles"": [0, 16384, 0], ""params"": [1.0, 1.0, 1.0, 20, 0, 0], ""unused_pointer"": 0}"
events-ep2/q83-bb-j,9,337,"{""base_type"": 519, ""set_flags"": 0, ""runtime_index"": 0, ""file_offset"": 66736, ""floor_field"": 0, ""entity_id_field"": 0, ""group"": 0, ""room"": 14, ""unknown_a3"": 0, ""position"": [41.71553421020508, 10.0, -84.88240051269531], ""angles"": [0, 16384, 0], ""params"": [1.0, 1.0, 1.0, 20, 0, 0], ""unused_pointer"": 0}"
events-ep2/q83-bb-j,9,338,"{""base_type"": 519, ""set_flags"": 0, ""runtime_index"": 0, ""file_offset"": 66804, ""floor_field"": 0, ""entity_id_field"": 0, ""group"": 0, ""room"": 14, ""unknown_a3"": 0, ""position"": [38.0, 20.0, -84.93355560302734], ""angles"": [0, -16384, 0], ""params"": [1.0, 1.0, 1.0, 20, 0, 0], ""unused_pointer"": 0}"
events-ep2/q216-bb-e,9,36,"{""base_type"": 519, ""set_flags"": 0, ""runtime_index"": 26120, ""file_offset"": 5540, ""floor_field"": 9, ""entity_id_field"": 18544, ""group"": 0, ""room"": 9, ""unknown_a3"": 0, ""position"": [-120.0, 10.0, -150.0], ""angles"": [0, 0, 0], ""params"": [1.0, 1.0, 1.0, 110, 0, 0], ""unused_pointer"": 73585168}"
events-ep2/q216-bb-e,9,37,"{""base_type"": 519, ""set_flags"": 0, ""runtime_index"": 26376, ""file_offset"": 5608, ""floor_field"": 9, ""entity_id_field"": 18545, ""group"": 0, ""room"": 9, ""unknown_a3"": 0, ""position"": [-100.0, 10.0, -150.0], ""angles"": [0, 32768, 0], ""params"": [1.0, 1.0, 1.0, 110, 0, 0], ""unused_pointer"": 73586032}"
events-ep2/q216-bb-e,9,38,"{""base_type"": 519, ""set_flags"": 0, ""runtime_index"": 26632, ""file_offset"": 5676, ""floor_field"": 9, ""entity_id_field"": 18546, ""group"": 0, ""room"": 9, ""unknown_a3"": 0, ""position"": [-100.0, 20.0, -150.0], ""angles"": [0, 32768, 0], ""params"": [1.0, 1.0, 1.0, 110, 0, 0], ""unused_pointer"": 73586896}"
events-ep2/q216-bb-e,9,46,"{""base_type"": 519, ""set_flags"": 0, ""runtime_index"": 36616, ""file_offset"": 6220, ""floor_field"": 9, ""entity_id_field"": 18555, ""group"": 0, ""room"": 9, ""unknown_a3"": 0, ""position"": [90.0, 10.0, -160.0], ""angles"": [0, 8192, 0], ""params"": [1.0, 1.0, 1.0, 99, 0, 0], ""unused_pointer"": 73590752}"
events-ep2/q216-bb-e,9,47,"{""base_type"": 519, ""set_flags"": 0, ""runtime_index"": 37128, ""file_offset"": 6288, ""floor_field"": 9, ""entity_id_field"": 18556, ""group"": 0, ""room"": 9, ""unknown_a3"": 0, ""position"": [90.0, 15.0, -160.0], ""angles"": [0, 8192, 0], ""params"": [1.0, 1.0, 1.0, 99, 0, 0], ""unused_pointer"": 73591616}"
events-ep2/q216-bb-e,9,49,"{""base_type"": 519, ""set_flags"": 0, ""runtime_index"": 42248, ""file_offset"": 6424, ""floor_field"": 9, ""entity_id_field"": 18558, ""group"": 0, ""room"": 9, ""unknown_a3"": 0, ""position"": [100.0, 0.0, -150.0], ""angles"": [0, 24576, 0], ""params"": [1.0, 1.0, 1.0, 99, 0, 0], ""unused_pointer"": 73592688}"
events-ep2/q216-bb-e,9,50,"{""base_type"": 519, ""set_flags"": 0, ""runtime_index"": 42504, ""file_offset"": 6492, ""floor_field"": 9, ""entity_id_field"": 18559, ""group"": 0, ""room"": 9, ""unknown_a3"": 0, ""position"": [115.0, 0.0, -135.0], ""angles"": [0, 24576, 0], ""params"": [1.0, 1.0, 1.0, 99, 0, 0], ""unused_pointer"": 73593552}"
events-ep2/q216-bb-e,9,51,"{""base_type"": 519, ""set_flags"": 0, ""runtime_index"": 42760, ""file_offset"": 6560, ""floor_field"": 9, ""entity_id_field"": 18560, ""group"": 0, ""room"": 9, ""unknown_a3"": 0, ""position"": [130.0, 0.0, -145.0], ""angles"": [0, 40960, 0], ""params"": [1.0, 1.0, 1.0, 99, 0, 0], ""unused_pointer"": 73594416}"
events-ep2/q216-bb-e,9,52,"{""base_type"": 519, ""set_flags"": 0, ""runtime_index"": 43016, ""file_offset"": 6628, ""floor_field"": 9, ""entity_id_field"": 18561, ""group"": 0, ""room"": 9, ""unknown_a3"": 0, ""position"": [140.0, 0.0, -155.0], ""angles"": [0, 40960, 0], ""params"": [1.0, 1.0, 1.0, 99, 0, 0], ""unused_pointer"": 73595280}"
events-ep2/q216-bb-e,16,55,"{""base_type"": 519, ""set_flags"": 0, ""runtime_index"": 26376, ""file_offset"": 12968, ""floor_field"": 16, ""entity_id_field"": 64328, ""group"": 0, ""room"": 4, ""unknown_a3"": 0, ""position"": [210.0, -4.029999732971191, -23.0], ""angles"": [0, 16384, 0], ""params"": [1.0, 1.0, 1.0, 0, 0, 0], ""unused_pointer"": 3504595584}"
events-ep2/q216-bb-e,16,56,"{""base_type"": 519, ""set_flags"": 0, ""runtime_index"": 28424, ""file_offset"": 13036, ""floor_field"": 16, ""entity_id_field"": 10313, ""group"": 0, ""room"": 4, ""unknown_a3"": 0, ""position"": [212.0, -4.029999732971191, -23.0], ""angles"": [0, 17408, 0], ""params"": [1.0, 1.0, 1.0, 0, 0, 0], ""unused_pointer"": 2967986816}"
events-ep2/q216-bb-e,16,57,"{""base_type"": 519, ""set_flags"": 0, ""runtime_index"": 27656, ""file_offset"": 13104, ""floor_field"": 16, ""entity_id_field"": 6473, ""group"": 0, ""room"": 4, ""unknown_a3"": 0, ""position"": [215.0, -4.029999732971191, -23.0], ""angles"": [0, 16384, 0], ""params"": [1.0, 1.0, 1.0, 0, 0, 0], ""unused_pointer"": 283894400}"
events-ep2/q216-bb-e,16,69,"{""base_type"": 519, ""set_flags"": 0, ""runtime_index"": 36616, ""file_offset"": 13920, ""floor_field"": 9, ""entity_id_field"": 47944, ""group"": 0, ""room"": 9, ""unknown_a3"": 0, ""position"": [90.0, 10.0, -160.0], ""angles"": [0, 8192, 0], ""params"": [1.0, 1.0, 1.0, 99, 0, 0], ""unused_pointer"": 2697323136}"
events-ep2/q216-bb-e,16,70,"{""base_type"": 519, ""set_flags"": 0, ""runtime_index"": 37128, ""file_offset"": 13988, ""floor_field"": 9, ""entity_id_field"": 48200, ""group"": 0, ""room"": 9, ""unknown_a3"": 0, ""position"": [90.0, 15.0, -160.0], ""angles"": [0, 8192, 0], ""params"": [1.0, 1.0, 1.0, 99, 0, 0], ""unused_pointer"": 2160714368}"
events-ep2/q216-bb-e,16,72,"{""base_type"": 519, ""set_flags"": 0, ""runtime_index"": 42248, ""file_offset"": 14124, ""floor_field"": 9, ""entity_id_field"": 48712, ""group"": 0, ""room"": 9, ""unknown_a3"": 0, ""position"": [100.0, 0.0, -150.0], ""angles"": [0, 24576, 0], ""params"": [1.0, 1.0, 1.0, 99, 0, 0], ""unused_pointer"": 2966348416}"
events-ep2/q216-bb-e,16,73,"{""base_type"": 519, ""set_flags"": 0, ""runtime_index"": 42504, ""file_offset"": 14192, ""floor_field"": 9, ""entity_id_field"": 48968, ""group"": 0, ""room"": 9, ""unknown_a3"": 0, ""position"": [115.0, 0.0, -135.0], ""angles"": [0, 24576, 0], ""params"": [1.0, 1.0, 1.0, 99, 0, 0], ""unused_pointer"": 2429739648}"
events-ep2/q216-bb-e,16,74,"{""base_type"": 519, ""set_flags"": 0, ""runtime_index"": 42760, ""file_offset"": 14260, ""floor_field"": 9, ""entity_id_field"": 49224, ""group"": 0, ""room"": 9, ""unknown_a3"": 0, ""position"": [130.0, 0.0, -145.0], ""angles"": [0, 40960, 0], ""params"": [1.0, 1.0, 1.0, 99, 0, 0], ""unused_pointer"": 1893130880}"
events-ep2/q216-bb-e,16,75,"{""base_type"": 519, ""set_flags"": 0, ""runtime_index"": 43016, ""file_offset"": 14328, ""floor_field"": 9, ""entity_id_field"": 49480, ""group"": 0, ""room"": 9, ""unknown_a3"": 0, ""position"": [140.0, 0.0, -155.0], ""angles"": [0, 40960, 0], ""params"": [1.0, 1.0, 1.0, 99, 0, 0], ""unused_pointer"": 3772244608}"
events-ep2/q232-bb-e,16,42,"{""base_type"": 519, ""set_flags"": 0, ""runtime_index"": 27912, ""file_offset"": 6016, ""floor_field"": 16, ""entity_id_field"": 53070, ""group"": 0, ""room"": 7, ""unknown_a3"": 0, ""position"": [-155.289306640625, 9.774999618530273, -317.03070068359375], ""angles"": [0, 0, 0], ""params"": [1.0, 1.0, 1.0, 99, 0, 0], ""unused_pointer"": 1076945792}"
events-ep2/q232-bb-j,16,42,"{""base_type"": 519, ""set_flags"": 0, ""runtime_index"": 27912, ""file_offset"": 6016, ""floor_field"": 16, ""entity_id_field"": 53070, ""group"": 0, ""room"": 7, ""unknown_a3"": 0, ""position"": [-155.289306640625, 9.774999618530273, -317.03070068359375], ""angles"": [0, 0, 0], ""params"": [1.0, 1.0, 1.0, 99, 0, 0], ""unused_pointer"": 1076945792}"
events-ep2/q239-bb-e,16,0,"{""base_type"": 519, ""set_flags"": 0, ""runtime_index"": 2129, ""file_offset"": 7576, ""floor_field"": 16, ""entity_id_field"": 18936, ""group"": 0, ""room"": 6, ""unknown_a3"": 0, ""position"": [-15.19000244140625, 10.0, -28.089996337890625], ""angles"": [0, 12288, 0], ""params"": [1.0, 1.0, 1.0, 0, 0, 0], ""unused_pointer"": 71227424}"
events-ep2/q239-bb-e,16,19,"{""base_type"": 519, ""set_flags"": 0, ""runtime_index"": 2128, ""file_offset"": 8868, ""floor_field"": 16, ""entity_id_field"": 18930, ""group"": 0, ""room"": 9, ""unknown_a3"": 0, ""position"": [94.7789306640625, 10.0, -112.08401489257812], ""angles"": [0, 20480, 0], ""params"": [1.0, 1.0, 1.0, 0, 0, 0], ""unused_pointer"": 71228144}"
events-ep2/q239-bb-j,16,0,"{""base_type"": 519, ""set_flags"": 0, ""runtime_index"": 2129, ""file_offset"": 7576, ""floor_field"": 16, ""entity_id_field"": 18936, ""group"": 0, ""room"": 6, ""unknown_a3"": 0, ""position"": [-15.19000244140625, 10.0, -28.089996337890625], ""angles"": [0, 12288, 0], ""params"": [1.0, 1.0, 1.0, 0, 0, 0], ""unused_pointer"": 71227424}"
events-ep2/q239-bb-j,16,19,"{""base_type"": 519, ""set_flags"": 0, ""runtime_index"": 2128, ""file_offset"": 8868, ""floor_field"": 16, ""entity_id_field"": 18930, ""group"": 0, ""room"": 9, ""unknown_a3"": 0, ""position"": [94.7789306640625, 10.0, -112.08401489257812], ""angles"": [0, 20480, 0], ""params"": [1.0, 1.0, 1.0, 0, 0, 0], ""unused_pointer"": 71228144}"
events-ep2/q513-bb-e,8,5,"{""base_type"": 519, ""set_flags"": 0, ""runtime_index"": 0, ""file_offset"": 4996, ""floor_field"": 0, ""entity_id_field"": 0, ""group"": 0, ""room"": 4, ""unknown_a3"": 0, ""position"": [-163.52371215820312, -0.00018060205911751837, -169.42364501953125], ""angles"": [0, 12600, 0], ""params"": [1.0, 1.0, 1.0, 0, 0, 0], ""unused_pointer"": 0}"
events-ep2/q513-bb-e,8,10,"{""base_type"": 519, ""set_flags"": 0, ""runtime_index"": 0, ""file_offset"": 5336, ""floor_field"": 0, ""entity_id_field"": 0, ""group"": 0, ""room"": 2, ""unknown_a3"": 0, ""position"": [197.0, -109.61616516113281, 220.0], ""angles"": [0, 9800, 0], ""params"": [1.0, 1.0, 1.0, 0, 0, 0], ""unused_pointer"": 0}"
events-ep2/q513-bb-e,8,24,"{""base_type"": 519, ""set_flags"": 0, ""runtime_index"": 0, ""file_offset"": 6288, ""floor_field"": 0, ""entity_id_field"": 26, ""group"": 0, ""room"": 2, ""unknown_a3"": 0, ""position"": [-35.481231689453125, -127.0, 120.53076171875], ""angles"": [0, -5400, 0], ""params"": [1.0, 1.0, 1.0, 26, 0, 0], ""unused_pointer"": 0}"
events-ep2/q513-bb-e,8,25,"{""base_type"": 519, ""set_flags"": 0, ""runtime_index"": 0, ""file_offset"": 6356, ""floor_field"": 0, ""entity_id_field"": 26, ""group"": 0, ""room"": 2, ""unknown_a3"": 0, ""position"": [5.45184326171875, -124.0, 125.726806640625], ""angles"": [0, 3800, 0], ""params"": [1.0, 1.0, 1.0, 26, 0, 0], ""unused_pointer"": 0}"
events-ep2/q513-bb-e,8,37,"{""base_type"": 519, ""set_flags"": 0, ""runtime_index"": 0, ""file_offset"": 7172, ""floor_field"": 0, ""entity_id_field"": 39, ""group"": 0, ""room"": 4, ""unknown_a3"": 0, ""position"": [-106.05023193359375, 0.0, 170.3511962890625], ""angles"": [0, -12800, 0], ""params"": [1.0, 1.0, 1.0, 39, 0, 0], ""unused_pointer"": 0}"
events-ep2/q513-bb-e,8,38,"{""base_type"": 519, ""set_flags"": 0, ""runtime_index"": 0, ""file_offset"": 7240, ""floor_field"": 0, ""entity_id_field"": 39, ""group"": 0, ""room"": 4, ""unknown_a3"": 0, ""position"": [-106.82479858398438, 0.0, 131.45703125], ""angles"": [0, 15200, 0], ""params"": [1.0, 1.0, 1.0, 39, 0, 0], ""unused_pointer"": 0}"
events-ep2/q513-bb-e,8,43,"{""base_type"": 519, ""set_flags"": 0, ""runtime_index"": 0, ""file_offset"": 7580, ""floor_field"": 0, ""entity_id_field"": 0, ""group"": 0, ""room"": 4, ""unknown_a3"": 0, ""position"": [-67.6806640625, 0.0, 61.6065673828125], ""angles"": [0, 37600, 0], ""params"": [1.0, 1.0, 1.0, 0, 0, 0], ""unused_pointer"": 0}"
events-ep2/q513-bb-e,8,44,"{""base_type"": 519, ""set_flags"": 0, ""runtime_index"": 0, ""file_offset"": 7648, ""floor_field"": 0, ""entity_id_field"": 0, ""group"": 0, ""room"": 4, ""unknown_a3"": 0, ""position"": [-6.7711181640625, -0.00010371206735726446, 63.33990478515625], ""angles"": [0, 35800, 0], ""params"": [1.0, 1.0, 1.0, 0, 0, 0], ""unused_pointer"": 0}"
events-ep2/q513-bb-e,8,49,"{""base_type"": 519, ""set_flags"": 0, ""runtime_index"": 0, ""file_offset"": 7988, ""floor_field"": 0, ""entity_id_field"": 0, ""group"": 0, ""room"": 4, ""unknown_a3"": 0, ""position"": [93.301025390625, 21.00994110107422, 56.65460205078125], ""angles"": [0, 2200, 0], ""params"": [1.0, 1.0, 1.0, 0, 0, 0], ""unused_pointer"": 0}"
events-ep2/q513-bb-e,8,64,"{""base_type"": 519, ""set_flags"": 0, ""runtime_index"": 0, ""file_offset"": 9008, ""floor_field"": 0, ""entity_id_field"": 64, ""group"": 0, ""room"": 4, ""unknown_a3"": 0, ""position"": [94.06329345703125, -0.00019714233349077404, 80.54974365234375], ""angles"": [0, 14000, 0], ""params"": [1.0, 1.0, 1.0, 64, 0, 0], ""unused_pointer"": 0}"
events-ep2/q513-bb-e,8,70,"{""base_type"": 519, ""set_flags"": 0, ""runtime_index"": 0, ""file_offset"": 9416, ""floor_field"": 0, ""entity_id_field"": 64, ""group"": 0, ""room"": 6, ""unknown_a3"": 0, ""position"": [-70.1163330078125, 0.0, -139.43438720703125], ""angles"": [0, 35600, 0], ""params"": [1.0, 1.0, 1.0, 64, 0, 0], ""unused_pointer"": 0}"
events-ep2/q513-bb-e,8,74,"{""base_type"": 519, ""set_flags"": 0, ""runtime_index"": 0, ""file_offset"": 9688, ""floor_field"": 0, ""entity_id_field"": 0, ""group"": 0, ""room"": 6, ""unknown_a3"": 0, ""position"": [-162.46090698242188, -0.00028610232402570546, 139.0504150390625], ""angles"": [0, -10800, 0], ""params"": [1.0, 1.0, 1.0, 0, 0, 0], ""unused_pointer"": 0}"
events-ep2/q513-bb-e,8,92,"{""base_type"": 519, ""set_flags"": 0, ""runtime_index"": 0, ""file_offset"": 10912, ""floor_field"": 0, ""entity_id_field"": 0, ""group"": 0, ""room"": 4, ""unknown_a3"": 0, ""position"": [168.3226318359375, 17.999919891357422, -67.720703125], ""angles"": [0, -20000, 0], ""params"": [1.0, 1.0, 1.0, 0, 0, 0], ""unused_pointer"": 0}"
events-ep2/q513-bb-e,8,102,"{""base_type"": 519, ""set_flags"": 0, ""runtime_index"": 0, ""file_offset"": 11592, ""floor_field"": 0, ""entity_id_field"": 0, ""group"": 0, ""room"": 6, ""unknown_a3"": 0, ""position"": [206.8447265625, -1.4805792488914449e-05, -20.15234375], ""angles"": [0, 1600, 0], ""params"": [1.0, 1.0, 1.0, 0, 0, 0], ""unused_pointer"": 0}"
events-ep2/q513-bb-e,8,103,"{""base_type"": 519, ""set_flags"": 0, ""runtime_index"": 0, ""file_offset"": 11660, ""floor_field"": 0, ""entity_id_field"": 0, ""group"": 0, ""room"": 6, ""unknown_a3"": 0, ""position"": [191.584716796875, -2.907514681282919e-05, -47.752685546875], ""angles"": [0, 31600, 0], ""params"": [1.0, 1.0, 1.0, 0, 0, 0], ""unused_pointer"": 0}"
events-ep2/q513-bb-e,8,104,"{""base_type"": 519, ""set_flags"": 0, ""runtime_index"": 0, ""file_offset"": 11728, ""floor_field"": 0, ""entity_id_field"": 0, ""group"": 0, ""room"": 6, ""unknown_a3"": 0, ""position"": [192.05413818359375, 0.0, -32.43475341796875], ""angles"": [0, 25800, 0], ""params"": [1.0, 1.0, 1.0, 0, 0, 0], ""unused_pointer"": 0}"
events-ep2/q513-bb-e,8,114,"{""base_type"": 519, ""set_flags"": 0, ""runtime_index"": 0, ""file_offset"": 12408, ""floor_field"": 0, ""entity_id_field"": 0, ""group"": 0, ""room"": 8, ""unknown_a3"": 0, ""position"": [43.8740234375, 34.58055114746094, 139.630126953125], ""angles"": [0, -8400, 0], ""params"": [1.0, 1.0, 1.0, 0, 0, 0], ""unused_pointer"": 0}"
events-ep2/q513-bb-e,8,115,"{""base_type"": 519, ""set_flags"": 0, ""runtime_index"": 0, ""file_offset"": 12476, ""floor_field"": 0, ""entity_id_field"": 0, ""group"": 0, ""room"": 8, ""unknown_a3"": 0, ""position"": [152.07666015625, 23.610469818115234, 47.30758285522461], ""angles"": [0, -7400, 0], ""params"": [1.0, 1.0, 1.0, 0, 0, 0], ""unused_pointer"": 0}"
events-ep2/q513-bb-e,8,185,"{""base_type"": 519, ""set_flags"": 0, ""runtime_index"": 0, ""file_offset"": 17236, ""floor_field"": 0, ""entity_id_field"": 0, ""group"": 0, ""room"": 5, ""unknown_a3"": 0, ""position"": [-197.61541748046875, 21.94416046142578, 24.273223876953125], ""angles"": [0, 13800, 0], ""params"": [1.0, 1.0, 1.0, 0, 0, 0], ""unused_pointer"": 0}"
events-ep2/q513-bb-e,8,200,"{""base_type"": 519, ""set_flags"": 0, ""runtime_index"": 0, ""file_offset"": 18256, ""floor_field"": 0, ""entity_id_field"": 219, ""group"": 0, ""room"": 8, ""unknown_a3"": 0, ""position"": [52.76275634765625, -0.00011176846601301804, -238.5162353515625], ""angles"": [0, -10800, 0], ""params"": [1.0, 1.0, 1.0, 219, 1, 0], ""unused_pointer"": 0}"
events-ep2/q513-bb-e,8,201,"{""base_type"": 519, ""set_flags"": 0, ""runtime_index"": 0, ""file_offset"": 18324, ""floor_field"": 0, ""entity_id_field"": 216, ""group"": 0, ""room"": 4, ""unknown_a3"": 0, ""position"": [184.02215576171875, 17.0, 20.5687255859375], ""angles"": [0, -60200, 0], ""params"": [1.0, 1.0, 1.0, 216, 1, 0], ""unused_pointer"": 0}"
events-ep2/q513-bb-e,8,202,"{""base_type"": 519, ""set_flags"": 0, ""runtime_index"": 0, ""file_offset"": 18392, ""floor_field"": 0, ""entity_id_field"": 26, ""group"": 0, ""room"": 2, ""unknown_a3"": 0, ""position"": [-15.0, -127.0, 125.0], ""angles"": [0, -24800, 0], ""params"": [1.0, 1.0, 1.0, 26, 0, 0], ""unused_pointer"": 0}"
events-ep2/q513-bb-e,8,203,"{""base_type"": 519, ""set_flags"": 0, ""runtime_index"": 0, ""file_offset"": 18460, ""floor_field"": 0, ""entity_id_field"": 26, ""group"": 0, ""room"": 2, ""unknown_a3"": 0, ""position"": [-37.651458740234375, -120.0, 124.47637939453125], ""angles"": [0, 32400, 0], ""params"": [1.0, 1.0, 1.0, 26, 0, 0], ""unused_pointer"": 0}"
events-ep2/q513-bb-e,8,204,"{""base_type"": 519, ""set_flags"": 0, ""runtime_index"": 0, ""file_offset"": 18528, ""floor_field"": 0, ""entity_id_field"": 39, ""group"": 0, ""room"": 4, ""unknown_a3"": 0, ""position"": [-100.73471069335938, 5.0, 179.806640625], ""angles"": [0, -10400, 0], ""params"": [1.0, 1.0, 1.0, 39, 0, 0], ""unused_pointer"": 0}"
events-ep2/q513-bb-e,8,205,"{""base_type"": 519, ""set_flags"": 0, ""runtime_index"": 0, ""file_offset"": 18596, ""floor_field"": 0, ""entity_id_field"": 39, ""group"": 0, ""room"": 4, ""unknown_a3"": 0, ""position"": [-107.26202392578125, -1.0, 150.03289794921875], ""angles"": [0, -25800, 0], ""params"": [1.0, 1.0, 1.0, 39, 0, 0], ""unused_pointer"": 0}"
events-ep2/q513-bb-e,8,206,"{""base_type"": 519, ""set_flags"": 0, ""runtime_index"": 0, ""file_offset"": 18664, ""floor_field"": 0, ""entity_id_field"": 64, ""group"": 0, ""room"": 6, ""unknown_a3"": 0, ""position"": [-60.663818359375, -0.00018334148626308888, -151.3466796875], ""angles"": [0, -9600, 0], ""params"": [1.0, 1.0, 1.0, 64, 0, 0], ""unused_pointer"": 0}"
events-ep2/q513-bb-e,8,207,"{""base_type"": 519, ""set_flags"": 0, ""runtime_index"": 0, ""file_offset"": 18732, ""floor_field"": 0, ""entity_id_field"": 64, ""group"": 0, ""room"": 6, ""unknown_a3"": 0, ""position"": [-69.86285400390625, 11.955801010131836, -144.98455810546875], ""angles"": [0, 6200, 0], ""params"": [1.0, 1.0, 1.0, 64, 0, 0], ""unused_pointer"": 0}"
events-ep2/q513-bb-e,8,208,"{""base_type"": 519, ""set_flags"": 0, ""runtime_index"": 0, ""file_offset"": 18800, ""floor_field"": 0, ""entity_id_field"": 64, ""group"": 0, ""room"": 6, ""unknown_a3"": 0, ""position"": [-74.59027099609375, 9.408992767333984, -151.42327880859375], ""angles"": [0, 10800, 0], ""params"": [1.0, 1.0, 1.0, 64, 0, 0], ""unused_pointer"": 0}"
events-ep2/q513-bb-e,8,209,"{""base_type"": 519, ""set_flags"": 0, ""runtime_index"": 0, ""file_offset"": 18868, ""floor_field"": 0, ""entity_id_field"": 64, ""group"": 0, ""room"": 6, ""unknown_a3"": 0, ""position"": [-62.88067626953125, 8.86819839477539, -142.816650390625], ""angles"": [0, 5200, 0], ""params"": [1.0, 1.0, 1.0, 64, 0, 0], ""unused_pointer"": 0}"
events-ep2/q513-bb-e,8,210,"{""base_type"": 519, ""set_flags"": 0, ""runtime_index"": 0, ""file_offset"": 18936, ""floor_field"": 0, ""entity_id_field"": 64, ""group"": 0, ""room"": 6, ""unknown_a3"": 0, ""position"": [-67.48602294921875, -6.622051239013672, -133.1068115234375], ""angles"": [0, 29200, 0], ""params"": [1.0, 1.0, 1.0, 64, 0, 0], ""unused_pointer"": 0}"
events-ep2/q513-bb-e,8,211,"{""base_type"": 519, ""set_flags"": 0, ""runtime_index"": 0, ""file_offset"": 19004, ""floor_field"": 0, ""entity_id_field"": 64, ""group"": 0, ""room"": 4, ""unknown_a3"": 0, ""position"": [88.90313720703125, -0.00021815297077409923, 71.2841796875], ""angles"": [0, -11800, 0], ""params"": [1.0, 1.0, 1.0, 64, 0, 0], ""unused_pointer"": 0}"
events-ep2/q513-bb-e,8,212,"{""base_type"": 519, ""set_flags"": 0, ""runtime_index"": 0, ""file_offset"": 19072, ""floor_field"": 0, ""entity_id_field"": 64, ""group"": 0, ""room"": 4, ""unknown_a3"": 0, ""position"": [99.41021728515625, 13.14311408996582, 82.678955078125], ""angles"": [0, -8400, 0], ""params"": [1.0, 1.0, 1.0, 64, 0, 0], ""unused_pointer"": 0}"
events-ep2/q513-bb-e,8,213,"{""base_type"": 519, ""set_flags"": 0, ""runtime_index"": 0, ""file_offset"": 19140, ""floor_field"": 0, ""entity_id_field"": 64, ""group"": 0, ""room"": 4, ""unknown_a3"": 0, ""position"": [87.0284423828125, -5.51744270324707, 81.61859130859375], ""angles"": [0, -47800, 0], ""params"": [1.0, 1.0, 1.0, 64, 0, 0], ""unused_pointer"": 0}"
events-ep2/q513-bb-e,8,214,"{""base_type"": 519, ""set_flags"": 0, ""runtime_index"": 0, ""file_offset"": 19208, ""floor_field"": 0, ""entity_id_field"": 219, ""group"": 0, ""room"": 8, ""unknown_a3"": 0, ""position"": [48.26458740234375, -3.0, -232.70086669921875], ""angles"": [0, -29400, 0], ""params"": [1.0, 1.0, 1.0, 219, 0, 0], ""unused_pointer"": 0}"
events-ep2/q513-bb-e,8,215,"{""base_type"": 519, ""set_flags"": 0, ""runtime_index"": 0, ""file_offset"": 19276, ""floor_field"": 0, ""entity_id_field"": 216, ""group"": 0, ""room"": 4, ""unknown_a3"": 0, ""position"": [188.79302978515625, 20.999845504760742, 19.35205078125], ""angles"": [0, -8600, 0], ""params"": [1.0, 1.0, 1.0, 216, 0, 0], ""unused_pointer"": 0}"
events-ep2/q513-bb-e,9,14,"{""base_type"": 519, ""set_flags"": 0, ""runtime_index"": 0, ""file_offset"": 21740, ""floor_field"": 0, ""entity_id_field"": 14, ""group"": 0, ""room"": 9, ""unknown_a3"": 0, ""position"": [-72.666015625, 26.0, -67.30130004882812], ""angles"": [0, 30000, 0], ""params"": [1.0, 1.0, 1.0, 14, 0, 0], ""unused_pointer"": 0}"
events-ep2/q513-bb-e,9,15,"{""base_type"": 519, ""set_flags"": 0, ""runtime_index"": 0, ""file_offset"": 21808, ""floor_field"": 0, ""entity_id_field"": 15, ""group"": 0, ""room"": 9, ""unknown_a3"": 0, ""position"": [40.6630859375, 9.0, -19.11669921875], ""angles"": [0, -19000, 0], ""params"": [1.0, 1.0, 1.0, 15, 0, 0], ""unused_pointer"": 0}"
events-ep2/q513-bb-e,9,16,"{""base_type"": 519, ""set_flags"": 0, ""runtime_index"": 0, ""file_offset"": 21876, ""floor_field"": 0, ""entity_id_field"": 16, ""group"": 0, ""room"": 9, ""unknown_a3"": 0, ""position"": [-19.374267578125, 10.0, -51.537139892578125], ""angles"": [0, 35400, 0], ""params"": [1.0, 1.0, 1.0, 16, 0, 0], ""unused_pointer"": 0}"
events-ep2/q513-bb-e,9,35,"{""base_type"": 519, ""set_flags"": 0, ""runtime_index"": 0, ""file_offset"": 23168, ""floor_field"": 0, ""entity_id_field"": 0, ""group"": 0, ""room"": 9, ""unknown_a3"": 0, ""position"": [-2.3836669921875, 10.0, -126.48406982421875], ""angles"": [0, -3000, 0], ""params"": [1.0, 1.0, 1.0, 0, 0, 0], ""unused_pointer"": 0}"
events-ep2/q513-bb-e,9,56,"{""base_type"": 519, ""set_flags"": 0, ""runtime_index"": 0, ""file_offset"": 24596, ""floor_field"": 0, ""entity_id_field"": 0, ""group"": 0, ""room"": 1, ""unknown_a3"": 0, ""position"": [-51.43206024169922, 10.0, -42.85011291503906], ""angles"": [0, -33600, 0], ""params"": [1.0, 1.0, 1.0, 0, 0, 0], ""unused_pointer"": 0}"
events-ep2/q513-bb-e,9,67,"{""base_type"": 519, ""set_flags"": 0, ""runtime_index"": 0, ""file_offset"": 25344, ""floor_field"": 0, ""entity_id_field"": 112, ""group"": 0, ""room"": 6, ""unknown_a3"": 0, ""position"": [-63.34170150756836, 10.0, 13.779500007629395], ""angles"": [0, 15800, 0], ""params"": [1.0, 1.0, 1.0, 112, 0, 0], ""unused_pointer"": 0}"
events-ep2/q513-bb-e,9,83,"{""base_type"": 519, ""set_flags"": 0, ""runtime_index"": 0, ""file_offset"": 26432, ""floor_field"": 0, ""entity_id_field"": 0, ""group"": 0, ""room"": 11, ""unknown_a3"": 0, ""position"": [24.330299377441406, 10.0, -55.84170150756836], ""angles"": [0, 0, 0], ""params"": [1.0, 1.0, 1.0, 0, 0, 0], ""unused_pointer"": 0}"
events-ep2/q513-bb-e,9,108,"{""base_type"": 519, ""set_flags"": 0, ""runtime_index"": 0, ""file_offset"": 28132, ""floor_field"": 0, ""entity_id_field"": 0, ""group"": 0, ""room"": 11, ""unknown_a3"": 0, ""position"": [-92.77909851074219, 10.0, -48.03219985961914], ""angles"": [0, -22400, 0], ""params"": [1.0, 1.0, 1.0, 0, 0, 0], ""unused_pointer"": 0}"
events-ep2/q513-bb-e,9,109,"{""base_type"": 519, ""set_flags"": 0, ""runtime_index"": 0, ""file_offset"": 28200, ""floor_field"": 0, ""entity_id_field"": 112, ""group"": 0, ""room"": 6, ""unknown_a3"": 0, ""position"": [-73.4529037475586, 10.0, -19.11039924621582], ""angles"": [0, -11200, 0], ""params"": [1.0, 1.0, 1.0, 112, 0, 0], ""unused_pointer"": 0}"
events-ep2/q513-bb-e,9,110,"{""base_type"": 519, ""set_flags"": 0, ""runtime_index"": 0, ""file_offset"": 28268, ""floor_field"": 0, ""entity_id_field"": 112, ""group"": 0, ""room"": 6, ""unknown_a3"": 0, ""position"": [-79.99849700927734, 35.0, 4.446700096130371], ""angles"": [0, 22000, 0], ""params"": [1.0, 1.0, 1.0, 112, 0, 0], ""unused_pointer"": 0}"
events-ep2/q513-bb-e,9,128,"{""base_type"": 519, ""set_flags"": 0, ""runtime_index"": 0, ""file_offset"": 29492, ""floor_field"": 0, ""entity_id_field"": 112, ""group"": 0, ""room"": 6, ""unknown_a3"": 0, ""position"": [-66.22750091552734, 10.0, -4.9359002113342285], ""angles"": [0, -8000, 0], ""params"": [1.0, 1.0, 1.0, 112, 0, 0], ""unused_pointer"": 0}"
events-ep2/q513-bb-e,9,129,"{""base_type"": 519, ""set_flags"": 0, ""runtime_index"": 0, ""file_offset"": 29560, ""floor_field"": 0, ""entity_id_field"": 112, ""group"": 0, ""room"": 6, ""unknown_a3"": 0, ""position"": [-70.74299621582031, 21.0, 12.646699905395508], ""angles"": [0, -17800, 0], ""params"": [1.0, 1.0, 1.0, 112, 0, 0], ""unused_pointer"": 0}"
events-ep2/q513-bb-e,9,130,"{""base_type"": 519, ""set_flags"": 0, ""runtime_index"": 0, ""file_offset"": 29628, ""floor_field"": 0, ""entity_id_field"": 112, ""group"": 0, ""room"": 6, ""unknown_a3"": 0, ""position"": [-76.79499816894531, 19.0, -4.916600227355957], ""angles"": [0, 23000, 0], ""params"": [1.0, 1.0, 1.0, 112, 0, 0], ""unused_pointer"": 0}"
events-ep2/q513-bb-e,9,131,"{""base_type"": 519, ""set_flags"": 0, ""runtime_index"": 0, ""file_offset"": 29696, ""floor_field"": 0, ""entity_id_field"": 112, ""group"": 0, ""room"": 6, ""unknown_a3"": 0, ""position"": [-71.59300231933594, 26.0, 3.9588000774383545], ""angles"": [0, 19400, 0], ""params"": [1.0, 1.0, 1.0, 112, 0, 0], ""unused_pointer"": 0}"
events-ep2/q513-bb-e,9,132,"{""base_type"": 519, ""set_flags"": 0, ""runtime_index"": 0, ""file_offset"": 29764, ""floor_field"": 0, ""entity_id_field"": 112, ""group"": 0, ""room"": 6, ""unknown_a3"": 0, ""position"": [-70.24240112304688, 12.0, 16.023799896240234], ""angles"": [0, -14400, 0], ""params"": [1.0, 1.0, 1.0, 112, 0, 0], ""unused_pointer"": 0}"
events-ep2/q513-bb-e,9,133,"{""base_type"": 519, ""set_flags"": 0, ""runtime_index"": 0, ""file_offset"": 29832, ""floor_field"": 0, ""entity_id_field"": 112, ""group"": 0, ""room"": 6, ""unknown_a3"": 0, ""position"": [-70.23249816894531, 28.0, 7.001999855041504], ""angles"": [0, -18200, 0], ""params"": [1.0, 1.0, 1.0, 112, 0, 0], ""unused_pointer"": 0}"
events-ep2/q513-bb-e,9,138,"{""base_type"": 519, ""set_flags"": 0, ""runtime_index"": 0, ""file_offset"": 30172, ""floor_field"": 0, ""entity_id_field"": 0, ""group"": 0, ""room"": 1, ""unknown_a3"": 0, ""position"": [-17.737388610839844, -10.0, -34.80021667480469], ""angles"": [0, 2000, 0], ""params"": [1.0, 1.0, 1.0, 0, 0, 0], ""unused_pointer"": 0}"
events-ep2/q513-bb-e,9,139,"{""base_type"": 519, ""set_flags"": 0, ""runtime_index"": 0, ""file_offset"": 30240, ""floor_field"": 0, ""entity_id_field"": 0, ""group"": 0, ""room"": 1, ""unknown_a3"": 0, ""position"": [-14.141883850097656, -10.0, -25.281532287597656], ""angles"": [0, 1200, 0], ""params"": [1.0, 1.0, 1.0, 0, 0, 0], ""unused_pointer"": 0}"
events-ep2/q513-bb-e,9,141,"{""base_type"": 519, ""set_flags"": 0, ""runtime_index"": 0, ""file_offset"": 30376, ""floor_field"": 0, ""entity_id_field"": 0, ""group"": 0, ""room"": 9, ""unknown_a3"": 0, ""position"": [82.671875, 10.0, 114.19682312011719], ""angles"": [0, -17400, 0], ""params"": [1.0, 1.0, 1.0, 169, 0, 0], ""unused_pointer"": 0}"
events-ep2/q513-bb-e,9,142,"{""base_type"": 519, ""set_flags"": 0, ""runtime_index"": 0, ""file_offset"": 30444, ""floor_field"": 0, ""entity_id_field"": 0, ""group"": 0, ""room"": 9, ""unknown_a3"": 0, ""position"": [78.05419921875, 6.0, 131.19578552246094], ""angles"": [0, 15400, 0], ""params"": [1.0, 1.0, 1.0, 169, 0, 0], ""unused_pointer"": 0}"
events-ep2/q513-bb-e,9,143,"{""base_type"": 519, ""set_flags"": 0, ""runtime_index"": 0, ""file_offset"": 30512, ""floor_field"": 0, ""entity_id_field"": 0, ""group"": 0, ""room"": 8, ""unknown_a3"": 0, ""position"": [-86.3782958984375, 10.0, -67.06475830078125], ""angles"": [0, 4200, 0], ""params"": [1.0, 1.0, 1.0, 169, 0, 0], ""unused_pointer"": 0}"
events-ep2/q513-bb-e,9,144,"{""base_type"": 519, ""set_flags"": 0, ""runtime_index"": 0, ""file_offset"": 30580, ""floor_field"": 0, ""entity_id_field"": 0, ""group"": 0, ""room"": 9, ""unknown_a3"": 0, ""position"": [69.2259521484375, 8.0, 156.5281524658203], ""angles"": [0, 16800, 0], ""params"": [1.0, 1.0, 1.0, 169, 0, 0], ""unused_pointer"": 0}"
events-ep2/q513-bb-e,9,145,"{""base_type"": 519, ""set_flags"": 0, ""runtime_index"": 0, ""file_offset"": 30648, ""floor_field"": 0, ""entity_id_field"": 0, ""group"": 0, ""room"": 9, ""unknown_a3"": 0, ""position"": [74.661376953125, 16.0, 134.90847778320312], ""angles"": [0, 8200, 0], ""params"": [1.0, 1.0, 1.0, 169, 0, 0], ""unused_pointer"": 0}"
events-ep2/q513-bb-e,16,21,"{""base_type"": 519, ""set_flags"": 0, ""runtime_index"": 0, ""file_offset"": 35372, ""floor_field"": 0, ""entity_id_field"": 21, ""group"": 0, ""room"": 9, ""unknown_a3"": 0, ""position"": [-12.023193359375, 34.0, -117.7626953125], ""angles"": [0, 20800, 0], ""params"": [1.0, 1.0, 1.0, 21, 0, 0], ""unused_pointer"": 0}"
events-ep2/q513-bb-e,16,22,"{""base_type"": 519, ""set_flags"": 0, ""runtime_index"": 0, ""file_offset"": 35440, ""floor_field"": 0, ""entity_id_field"": 22, ""group"": 0, ""room"": 9, ""unknown_a3"": 0, ""position"": [40.6630859375, 9.0, -19.11669921875], ""angles"": [0, -19000, 0], ""params"": [1.0, 1.0, 1.0, 22, 0, 0], ""unused_pointer"": 0}"
events-ep2/q513-bb-e,16,23,"{""base_type"": 519, ""set_flags"": 0, ""runtime_index"": 0, ""file_offset"": 35508, ""floor_field"": 0, ""entity_id_field"": 23, ""group"": 0, ""room"": 9, ""unknown_a3"": 0, ""position"": [10.3115234375, 10.0, -78.40557861328125], ""angles"": [0, 23400, 0], ""params"": [1.0, 1.0, 1.0, 23, 0, 0], ""unused_pointer"": 0}"
events-ep2/q513-bb-e,16,31,"{""base_type"": 519, ""set_flags"": 0, ""runtime_index"": 0, ""file_offset"": 36052, ""floor_field"": 0, ""entity_id_field"": 31, ""group"": 0, ""room"": 5, ""unknown_a3"": 0, ""position"": [-53.65301513671875, 10.0, 154.42184448242188], ""angles"": [0, 10600, 0], ""params"": [1.0, 1.0, 1.0, 31, 0, 0], ""unused_pointer"": 0}"
events-ep2/q513-bb-e,16,32,"{""base_type"": 519, ""set_flags"": 0, ""runtime_index"": 0, ""file_offset"": 36120, ""floor_field"": 0, ""entity_id_field"": 32, ""group"": 0, ""room"": 5, ""unknown_a3"": 0, ""position"": [-58.90325927734375, 8.0, 178.14346313476562], ""angles"": [0, -25400, 0], ""params"": [1.0, 1.0, 1.0, 32, 0, 0], ""unused_pointer"": 0}"
events-ep2/q513-bb-e,16,55,"{""base_type"": 519, ""set_flags"": 0, ""runtime_index"": 0, ""file_offset"": 37684, ""floor_field"": 0, ""entity_id_field"": 0, ""group"": 0, ""room"": 9, ""unknown_a3"": 0, ""position"": [-25.2293701171875, 10.0, -116.3900146484375], ""angles"": [0, -3000, 0], ""params"": [1.0, 1.0, 1.0, 0, 0, 0], ""unused_pointer"": 0}"
events-ep2/q513-bb-e,16,56,"{""base_type"": 519, ""set_flags"": 0, ""runtime_index"": 0, ""file_offset"": 37752, ""floor_field"": 0, ""entity_id_field"": 0, ""group"": 0, ""room"": 9, ""unknown_a3"": 0, ""position"": [50.501708984375, 10.0, 27.781341552734375], ""angles"": [0, 26200, 0], ""params"": [1.0, 1.0, 1.0, 105, 0, 0], ""unused_pointer"": 0}"
events-ep2/q513-bb-e,16,57,"{""base_type"": 519, ""set_flags"": 0, ""runtime_index"": 0, ""file_offset"": 37820, ""floor_field"": 0, ""entity_id_field"": 57, ""group"": 0, ""room"": 9, ""unknown_a3"": 0, ""position"": [71.82958984375, 5.0, 36.521942138671875], ""angles"": [0, 34400, 0], ""params"": [1.0, 1.0, 1.0, 57, 0, 0], ""unused_pointer"": 0}"
events-ep2/q513-bb-e,16,60,"{""base_type"": 519, ""set_flags"": 0, ""runtime_index"": 2131, ""file_offset"": 38024, ""floor_field"": 2, ""entity_id_field"": 65, ""group"": 0, ""room"": 9, ""unknown_a3"": 0, ""position"": [81.786376953125, 9.0, 153.60891723632812], ""angles"": [0, -13800, 0], ""params"": [1.0, 1.0, 1.0, 65, 0, 0], ""unused_pointer"": 0}"
events-ep2/q513-bb-e,16,61,"{""base_type"": 519, ""set_flags"": 0, ""runtime_index"": 0, ""file_offset"": 38092, ""floor_field"": 0, ""entity_id_field"": 57, ""group"": 0, ""room"": 9, ""unknown_a3"": 0, ""position"": [113.1572265625, 10.0, 41.001800537109375], ""angles"": [0, -3000, 0], ""params"": [1.0, 1.0, 1.0, 57, 0, 0], ""unused_pointer"": 0}"
events-ep2/q513-bb-e,16,64,"{""base_type"": 519, ""set_flags"": 0, ""runtime_index"": 2129, ""file_offset"": 38296, ""floor_field"": 2, ""entity_id_field"": 64, ""group"": 0, ""room"": 9, ""unknown_a3"": 0, ""position"": [61.45556640625, 9.0, 100.40414428710938], ""angles"": [0, -11800, 0], ""params"": [1.0, 1.0, 1.0, 64, 0, 0], ""unused_pointer"": 0}"
events-ep2/q513-bb-e,16,87,"{""base_type"": 519, ""set_flags"": 0, ""runtime_index"": 0, ""file_offset"": 39860, ""floor_field"": 0, ""entity_id_field"": 0, ""group"": 0, ""room"": 1, ""unknown_a3"": 0, ""position"": [-51.43206024169922, 10.0, -42.85011291503906], ""angles"": [0, -33600, 0], ""params"": [1.0, 1.0, 1.0, 0, 0, 0], ""unused_pointer"": 0}"
events-ep2/q513-bb-e,16,99,"{""base_type"": 519, ""set_flags"": 0, ""runtime_index"": 2150, ""file_offset"": 40676, ""floor_field"": 2, ""entity_id_field"": 99, ""group"": 0, ""room"": 6, ""unknown_a3"": 0, ""position"": [-63.3416748046875, 10.0, 13.779525756835938], ""angles"": [0, 15800, 0], ""params"": [1.0, 1.0, 1.0, 99, 0, 0], ""unused_pointer"": 0}"
events-ep2/q513-bb-e,16,142,"{""base_type"": 519, ""set_flags"": 0, ""runtime_index"": 0, ""file_offset"": 43600, ""floor_field"": 0, ""entity_id_field"": 99, ""group"": 0, ""room"": 11, ""unknown_a3"": 0, ""position"": [-92.779052734375, 10.0, -48.0322265625], ""angles"": [0, -22400, 0], ""params"": [1.0, 1.0, 1.0, 99, 0, 0], ""unused_pointer"": 0}"
events-ep2/q513-bb-e,16,143,"{""base_type"": 519, ""set_flags"": 0, ""runtime_index"": 2149, ""file_offset"": 43668, ""floor_field"": 2, ""entity_id_field"": 99, ""group"": 0, ""room"": 6, ""unknown_a3"": 0, ""position"": [-73.452880859375, 10.0, -19.11041259765625], ""angles"": [0, -11200, 0], ""params"": [1.0, 1.0, 1.0, 99, 0, 0], ""unused_pointer"": 0}"
events-ep2/q513-bb-e,16,144,"{""base_type"": 519, ""set_flags"": 0, ""runtime_index"": 2148, ""file_offset"": 43736, ""floor_field"": 2, ""entity_id_field"": 99, ""group"": 0, ""room"": 6, ""unknown_a3"": 0, ""position"": [-79.99847412109375, 35.0, 4.446746826171875], ""angles"": [0, 22000, 0], ""params"": [1.0, 1.0, 1.0, 99, 0, 0], ""unused_pointer"": 0}"
events-ep2/q513-bb-e,16,164,"{""base_type"": 519, ""set_flags"": 0, ""runtime_index"": 0, ""file_offset"": 45096, ""floor_field"": 0, ""entity_id_field"": 64, ""group"": 0, ""room"": 9, ""unknown_a3"": 0, ""position"": [48.5015869140625, 10.0, 91.65628051757812], ""angles"": [0, 16400, 0], ""params"": [1.0, 1.0, 1.0, 64, 0, 0], ""unused_pointer"": 0}"
events-ep2/q513-bb-e,16,165,"{""base_type"": 519, ""set_flags"": 0, ""runtime_index"": 0, ""file_offset"": 45164, ""floor_field"": 0, ""entity_id_field"": 64, ""group"": 0, ""room"": 9, ""unknown_a3"": 0, ""position"": [56.23291015625, 20.0, 94.8927001953125], ""angles"": [0, -13600, 0], ""params"": [1.0, 1.0, 1.0, 64, 0, 0], ""unused_pointer"": 0}"
events-ep2/q513-bb-e,16,166,"{""base_type"": 519, ""set_flags"": 0, ""runtime_index"": 0, ""file_offset"": 45232, ""floor_field"": 0, ""entity_id_field"": 65, ""group"": 0, ""room"": 8, ""unknown_a3"": 0, ""position"": [-86.5533447265625, 10.0, -74.36329650878906], ""angles"": [0, 13200, 0], ""params"": [1.0, 1.0, 1.0, 65, 0, 0], ""unused_pointer"": 0}"
events-ep2/q513-bb-e,16,167,"{""base_type"": 519, ""set_flags"": 0, ""runtime_index"": 0, ""file_offset"": 45300, ""floor_field"": 0, ""entity_id_field"": 65, ""group"": 0, ""room"": 8, ""unknown_a3"": 0, ""position"": [-76.069091796875, 13.0, -65.76022338867188], ""angles"": [0, 40400, 0], ""params"": [1.0, 1.0, 1.0, 65, 0, 0], ""unused_pointer"": 0}"
events-ep2/q513-bb-e,16,168,"{""base_type"": 519, ""set_flags"": 0, ""runtime_index"": 0, ""file_offset"": 45368, ""floor_field"": 0, ""entity_id_field"": 65, ""group"": 0, ""room"": 8, ""unknown_a3"": 0, ""position"": [-91.348876953125, 10.0, -81.05612182617188], ""angles"": [0, -19400, 0], ""params"": [1.0, 1.0, 1.0, 65, 0, 0], ""unused_pointer"": 0}"
events-ep2/q513-bb-e,16,169,"{""base_type"": 519, ""set_flags"": 0, ""runtime_index"": 0, ""file_offset"": 45436, ""floor_field"": 0, ""entity_id_field"": 64, ""group"": 0, ""room"": 8, ""unknown_a3"": 0, ""position"": [-97.6490478515625, 10.0, -96.32867431640625], ""angles"": [0, -4400, 0], ""params"": [1.0, 1.0, 1.0, 64, 0, 0], ""unused_pointer"": 0}"
events-ep2/q513-bb-e,16,170,"{""base_type"": 519, ""set_flags"": 0, ""runtime_index"": 0, ""file_offset"": 45504, ""floor_field"": 0, ""entity_id_field"": 57, ""group"": 0, ""room"": 9, ""unknown_a3"": 0, ""position"": [89.8551025390625, 10.0, 37.723968505859375], ""angles"": [0, -26800, 0], ""params"": [1.0, 1.0, 1.0, 57, 0, 0], ""unused_pointer"": 0}"
events-ep2/q513-bb-e,16,171,"{""base_type"": 519, ""set_flags"": 0, ""runtime_index"": 0, ""file_offset"": 45572, ""floor_field"": 0, ""entity_id_field"": 57, ""group"": 0, ""room"": 9, ""unknown_a3"": 0, ""position"": [102.2891845703125, 19.0, 38.399261474609375], ""angles"": [0, 24000, 0], ""params"": [1.0, 1.0, 1.0, 57, 0, 0], ""unused_pointer"": 0}"
events-ep2/q513-bb-e,16,172,"{""base_type"": 519, ""set_flags"": 0, ""runtime_index"": 0, ""file_offset"": 45640, ""floor_field"": 0, ""entity_id_field"": 99, ""group"": 0, ""room"": 6, ""unknown_a3"": 0, ""position"": [-66.22747802734375, 10.0, -4.935943603515625], ""angles"": [0, -8000, 0], ""params"": [1.0, 1.0, 1.0, 99, 0, 0], ""unused_pointer"": 0}"
events-ep2/q513-bb-e,16,173,"{""base_type"": 519, ""set_flags"": 0, ""runtime_index"": 0, ""file_offset"": 45708, ""floor_field"": 0, ""entity_id_field"": 99, ""group"": 0, ""room"": 6, ""unknown_a3"": 0, ""position"": [-70.7430419921875, 21.0, 12.64666748046875], ""angles"": [0, -17800, 0], ""params"": [1.0, 1.0, 1.0, 99, 0, 0], ""unused_pointer"": 0}"
events-ep2/q513-bb-e,16,174,"{""base_type"": 519, ""set_flags"": 0, ""runtime_index"": 0, ""file_offset"": 45776, ""floor_field"": 0, ""entity_id_field"": 99, ""group"": 0, ""room"": 6, ""unknown_a3"": 0, ""position"": [-76.79498291015625, 19.0, -4.9166259765625], ""angles"": [0, 23000, 0], ""params"": [1.0, 1.0, 1.0, 99, 0, 0], ""unused_pointer"": 0}"
events-ep2/q513-bb-e,16,175,"{""base_type"": 519, ""set_flags"": 0, ""runtime_index"": 0, ""file_offset"": 45844, ""floor_field"": 0, ""entity_id_field"": 99, ""group"": 0, ""room"": 6, ""unknown_a3"": 0, ""position"": [-71.593017578125, 26.0, 3.95880126953125], ""angles"": [0, 19400, 0], ""params"": [1.0, 1.0, 1.0, 99, 0, 0], ""unused_pointer"": 0}"
events-ep2/q513-bb-e,16,176,"{""base_type"": 519, ""set_flags"": 0, ""runtime_index"": 0, ""file_offset"": 45912, ""floor_field"": 0, ""entity_id_field"": 99, ""group"": 0, ""room"": 6, ""unknown_a3"": 0, ""position"": [-70.24237060546875, 12.0, 16.023834228515625], ""angles"": [0, -14400, 0], ""params"": [1.0, 1.0, 1.0, 99, 0, 0], ""unused_pointer"": 0}"
events-ep2/q513-bb-e,16,177,"{""base_type"": 519, ""set_flags"": 0, ""runtime_index"": 0, ""file_offset"": 45980, ""floor_field"": 0, ""entity_id_field"": 99, ""group"": 0, ""room"": 6, ""unknown_a3"": 0, ""position"": [-70.23248291015625, 28.0, 7.0020294189453125], ""angles"": [0, -18200, 0], ""params"": [1.0, 1.0, 1.0, 99, 0, 0], ""unused_pointer"": 0}"
events-ep2/q513-bb-e,16,178,"{""base_type"": 519, ""set_flags"": 0, ""runtime_index"": 0, ""file_offset"": 46048, ""floor_field"": 0, ""entity_id_field"": 0, ""group"": 0, ""room"": 2, ""unknown_a3"": 0, ""position"": [-193.71092224121094, -10.0, 11.670127868652344], ""angles"": [0, 0, 0], ""params"": [1.0, 1.0, 1.0, 0, 0, 0], ""unused_pointer"": 0}"
events-ep2/q513-bb-e,16,179,"{""base_type"": 519, ""set_flags"": 0, ""runtime_index"": 0, ""file_offset"": 46116, ""floor_field"": 0, ""entity_id_field"": 0, ""group"": 0, ""room"": 2, ""unknown_a3"": 0, ""position"": [-195.72518920898438, -10.0, 2.0883102416992188], ""angles"": [0, 0, 0], ""params"": [1.0, 1.0, 1.0, 0, 0, 0], ""unused_pointer"": 0}"
extermination-ep2/q98-bb-e,8,1,"{""base_type"": 519, ""set_flags"": 2, ""runtime_index"": 177, ""file_offset"": 3092, ""floor_field"": 8, ""entity_id_field"": 16561, ""group"": 0, ""room"": 2, ""unknown_a3"": 0, ""position"": [-17.1099853515625, -128.61000061035156, 116.969970703125], ""angles"": [0, 32768, 0], ""params"": [1.0, 1.0, 1.0, 103, 0, 0], ""unused_pointer"": 118104768}"
extermination-ep2/q98-bb-e,8,2,"{""base_type"": 519, ""set_flags"": 2, ""runtime_index"": 178, ""file_offset"": 3160, ""floor_field"": 8, ""entity_id_field"": 16562, ""group"": 0, ""room"": 2, ""unknown_a3"": 0, ""position"": [-40.0, -128.0, 120.0], ""angles"": [0, 0, 0], ""params"": [1.0, 1.0, 1.0, 103, 0, 0], ""unused_pointer"": 118120032}"
extermination-ep2/q98-bb-e,8,5,"{""base_type"": 519, ""set_flags"": 2, ""runtime_index"": 191, ""file_offset"": 3364, ""floor_field"": 8, ""entity_id_field"": 16575, ""group"": 0, ""room"": 2, ""unknown_a3"": 0, ""position"": [-27.1099853515625, -119.0, 116.969970703125], ""angles"": [0, 32768, 0], ""params"": [1.0, 1.0, 1.0, 103, 0, 0], ""unused_pointer"": 118127952}"
extermination-ep2/q98-bb-e,8,6,"{""base_type"": 519, ""set_flags"": 2, ""runtime_index"": 192, ""file_offset"": 3432, ""floor_field"": 8, ""entity_id_field"": 16576, ""group"": 0, ""room"": 2, ""unknown_a3"": 0, ""position"": [-20.0, -129.0, 125.0], ""angles"": [0, 32768, 0], ""params"": [1.0, 1.0, 1.0, 104, 0, 0], ""unused_pointer"": 118128816}"
extermination-ep2/q98-bb-e,8,7,"{""base_type"": 519, ""set_flags"": 2, ""runtime_index"": 193, ""file_offset"": 3500, ""floor_field"": 8, ""entity_id_field"": 16577, ""group"": 0, ""room"": 2, ""unknown_a3"": 0, ""position"": [-39.0, -129.0, 125.0], ""angles"": [0, 0, 0], ""params"": [1.0, 1.0, 1.0, 104, 0, 0], ""unused_pointer"": 118129680}"
extermination-ep2/q98-bb-e,8,8,"{""base_type"": 519, ""set_flags"": 2, ""runtime_index"": 194, ""file_offset"": 3568, ""floor_field"": 8, ""entity_id_field"": 16578, ""group"": 0, ""room"": 2, ""unknown_a3"": 0, ""position"": [-39.0, -128.61000061035156, 130.0], ""angles"": [0, 36864, 0], ""params"": [1.0, 1.0, 1.0, 105, 0, 0], ""unused_pointer"": 118130544}"
extermination-ep2/q98-bb-e,8,9,"{""base_type"": 519, ""set_flags"": 2, ""runtime_index"": 195, ""file_offset"": 3636, ""floor_field"": 8, ""entity_id_field"": 16579, ""group"": 0, ""room"": 2, ""unknown_a3"": 0, ""position"": [-20.0, -129.0, 122.0], ""angles"": [0, 32768, 0], ""params"": [1.0, 1.0, 1.0, 105, 0, 0], ""unused_pointer"": 118131408}"
extermination-ep2/q98-bb-e,8,22,"{""base_type"": 519, ""set_flags"": 2, ""runtime_index"": 291, ""file_offset"": 4520, ""floor_field"": 8, ""entity_id_field"": 16675, ""group"": 0, ""room"": 4, ""unknown_a3"": 0, ""position"": [76.3800048828125, -0.00014153867959976196, -240.77001953125], ""angles"": [0, 86016, 0], ""params"": [1.0, 1.0, 1.0, 11, 0, 0], ""unused_pointer"": 118188560}"
extermination-ep2/q98-bb-e,8,49,"{""base_type"": 519, ""set_flags"": 2, ""runtime_index"": 331, ""file_offset"": 6356, ""floor_field"": 8, ""entity_id_field"": 16715, ""group"": 0, ""room"": 8, ""unknown_a3"": 0, ""position"": [135.9805908203125, 7.0, -67.6173095703125], ""angles"": [0, 66344, 0], ""params"": [1.0, 1.0, 1.0, 14, 0, 0], ""unused_pointer"": 118215312}"
extermination-ep2/q98-bb-e,8,50,"{""base_type"": 519, ""set_flags"": 2, ""runtime_index"": 331, ""file_offset"": 6424, ""floor_field"": 8, ""entity_id_field"": 16715, ""group"": 0, ""room"": 8, ""unknown_a3"": 0, ""position"": [114.56595611572266, 7.0, -68.41584014892578], ""angles"": [0, 66344, 0], ""params"": [1.0, 1.0, 1.0, 14, 0, 0], ""unused_pointer"": 118215312}"
extermination-ep2/q98-bb-j,8,1,"{""base_type"": 519, ""set_flags"": 2, ""runtime_index"": 177, ""file_offset"": 3092, ""floor_field"": 8, ""entity_id_field"": 16561, ""group"": 0, ""room"": 2, ""unknown_a3"": 0, ""position"": [-17.1099853515625, -128.61000061035156, 116.969970703125], ""angles"": [0, 32768, 0], ""params"": [1.0, 1.0, 1.0, 103, 0, 0], ""unused_pointer"": 118104768}"
extermination-ep2/q98-bb-j,8,2,"{""base_type"": 519, ""set_flags"": 2, ""runtime_index"": 178, ""file_offset"": 3160, ""floor_field"": 8, ""entity_id_field"": 16562, ""group"": 0, ""room"": 2, ""unknown_a3"": 0, ""position"": [-40.0, -128.0, 120.0], ""angles"": [0, 0, 0], ""params"": [1.0, 1.0, 1.0, 103, 0, 0], ""unused_pointer"": 118120032}"
extermination-ep2/q98-bb-j,8,5,"{""base_type"": 519, ""set_flags"": 2, ""runtime_index"": 191, ""file_offset"": 3364, ""floor_field"": 8, ""entity_id_field"": 16575, ""group"": 0, ""room"": 2, ""unknown_a3"": 0, ""position"": [-27.1099853515625, -119.0, 116.969970703125], ""angles"": [0, 32768, 0], ""params"": [1.0, 1.0, 1.0, 103, 0, 0], ""unused_pointer"": 118127952}"
extermination-ep2/q98-bb-j,8,6,"{""base_type"": 519, ""set_flags"": 2, ""runtime_index"": 192, ""file_offset"": 3432, ""floor_field"": 8, ""entity_id_field"": 16576, ""group"": 0, ""room"": 2, ""unknown_a3"": 0, ""position"": [-20.0, -129.0, 125.0], ""angles"": [0, 32768, 0], ""params"": [1.0, 1.0, 1.0, 104, 0, 0], ""unused_pointer"": 118128816}"
extermination-ep2/q98-bb-j,8,7,"{""base_type"": 519, ""set_flags"": 2, ""runtime_index"": 193, ""file_offset"": 3500, ""floor_field"": 8, ""entity_id_field"": 16577, ""group"": 0, ""room"": 2, ""unknown_a3"": 0, ""position"": [-39.0, -129.0, 125.0], ""angles"": [0, 0, 0], ""params"": [1.0, 1.0, 1.0, 104, 0, 0], ""unused_pointer"": 118129680}"
extermination-ep2/q98-bb-j,8,8,"{""base_type"": 519, ""set_flags"": 2, ""runtime_index"": 194, ""file_offset"": 3568, ""floor_field"": 8, ""entity_id_field"": 16578, ""group"": 0, ""room"": 2, ""unknown_a3"": 0, ""position"": [-39.0, -128.61000061035156, 130.0], ""angles"": [0, 36864, 0], ""params"": [1.0, 1.0, 1.0, 105, 0, 0], ""unused_pointer"": 118130544}"
extermination-ep2/q98-bb-j,8,9,"{""base_type"": 519, ""set_flags"": 2, ""runtime_index"": 195, ""file_offset"": 3636, ""floor_field"": 8, ""entity_id_field"": 16579, ""group"": 0, ""room"": 2, ""unknown_a3"": 0, ""position"": [-20.0, -129.0, 122.0], ""angles"": [0, 32768, 0], ""params"": [1.0, 1.0, 1.0, 105, 0, 0], ""unused_pointer"": 118131408}"
extermination-ep2/q98-bb-j,8,22,"{""base_type"": 519, ""set_flags"": 2, ""runtime_index"": 291, ""file_offset"": 4520, ""floor_field"": 8, ""entity_id_field"": 16675, ""group"": 0, ""room"": 4, ""unknown_a3"": 0, ""position"": [76.3800048828125, -0.00014153867959976196, -240.77001953125], ""angles"": [0, 86016, 0], ""params"": [1.0, 1.0, 1.0, 11, 0, 0], ""unused_pointer"": 118188560}"
extermination-ep2/q98-bb-j,8,49,"{""base_type"": 519, ""set_flags"": 2, ""runtime_index"": 331, ""file_offset"": 6356, ""floor_field"": 8, ""entity_id_field"": 16715, ""group"": 0, ""room"": 8, ""unknown_a3"": 0, ""position"": [135.9805908203125, 7.0, -67.6173095703125], ""angles"": [0, 66344, 0], ""params"": [1.0, 1.0, 1.0, 14, 0, 0], ""unused_pointer"": 118215312}"
extermination-ep2/q98-bb-j,8,50,"{""base_type"": 519, ""set_flags"": 2, ""runtime_index"": 331, ""file_offset"": 6424, ""floor_field"": 8, ""entity_id_field"": 16715, ""group"": 0, ""room"": 8, ""unknown_a3"": 0, ""position"": [114.56595611572266, 7.0, -68.41584014892578], ""angles"": [0, 66344, 0], ""params"": [1.0, 1.0, 1.0, 14, 0, 0], ""unused_pointer"": 118215312}"
extermination-ep2/q165-bb-e,7,117,"{""base_type"": 519, ""set_flags"": 0, ""runtime_index"": 0, ""file_offset"": 11524, ""floor_field"": 0, ""entity_id_field"": 0, ""group"": 0, ""room"": 6, ""unknown_a3"": 0, ""position"": [-91.89737701416016, -56.70000076293945, 113.64662170410156], ""angles"": [0, 0, 0], ""params"": [1.0, 1.0, 1.0, 88, 0, 0], ""unused_pointer"": 0}"
extermination-ep2/q165-bb-e,7,118,"{""base_type"": 519, ""set_flags"": 0, ""runtime_index"": 0, ""file_offset"": 11592, ""floor_field"": 0, ""entity_id_field"": 0, ""group"": 0, ""room"": 6, ""unknown_a3"": 0, ""position"": [-84.58306884765625, -41.79999923706055, 112.43353271484375], ""angles"": [0, 0, 0], ""params"": [1.0, 1.0, 1.0, 88, 0, 0], ""unused_pointer"": 0}"
extermination-ep2/q165-bb-e,7,119,"{""base_type"": 519, ""set_flags"": 0, ""runtime_index"": 0, ""file_offset"": 11660, ""floor_field"": 0, ""entity_id_field"": 0, ""group"": 0, ""room"": 6, ""unknown_a3"": 0, ""position"": [-89.4931869506836, -51.0, 114.68402099609375], ""angles"": [0, 0, 0], ""params"": [1.0, 1.0, 1.0, 88, 0, 0], ""unused_pointer"": 0}"
extermination-ep2/q165-bb-e,7,120,"{""base_type"": 519, ""set_flags"": 0, ""runtime_index"": 0, ""file_offset"": 11728, ""floor_field"": 0, ""entity_id_field"": 0, ""group"": 0, ""room"": 6, ""unknown_a3"": 0, ""position"": [-84.70053100585938, -37.099998474121094, 113.80419921875], ""angles"": [0, 32768, 0], ""params"": [1.0, 1.0, 1.0, 88, 0, 0], ""unused_pointer"": 0}"
extermination-ep2/q168-bb-e,6,8,"{""base_type"": 519, ""set_flags"": 0, ""runtime_index"": 0, ""file_offset"": 3500, ""floor_field"": 0, ""entity_id_field"": 38723, ""group"": 0, ""room"": 3, ""unknown_a3"": 0, ""position"": [191.0, -8.0, -165.0], ""angles"": [0, 0, 0], ""params"": [1.0, 1.0, 1.0, 99, 0, 0], ""unused_pointer"": 0}"
extermination-ep2/q173-bb-e,6,2,"{""base_type"": 519, ""set_flags"": 512, ""runtime_index"": 38659, ""file_offset"": 3772, ""floor_field"": 6, ""entity_id_field"": 38723, ""group"": 0, ""room"": 3, ""unknown_a3"": 0, ""position"": [191.0, -8.0, -165.0], ""angles"": [0, 0, 0], ""params"": [1.0, 1.0, 1.0, 99, 0, 0], ""unused_pointer"": 2161701760}"
extermination-ep2/q173-bb-e,6,96,"{""base_type"": 519, ""set_flags"": 0, ""runtime_index"": 0, ""file_offset"": 10164, ""floor_field"": 0, ""entity_id_field"": 0, ""group"": 0, ""room"": 7, ""unknown_a3"": 0, ""position"": [35.35220718383789, 9.0, 102.0031967163086], ""angles"": [0, 1800, 0], ""params"": [1.0, 1.0, 1.0, 14, 0, 0], ""unused_pointer"": 0}"
extermination-ep2/q173-bb-e,6,97,"{""base_type"": 519, ""set_flags"": 0, ""runtime_index"": 0, ""file_offset"": 10232, ""floor_field"": 0, ""entity_id_field"": 0, ""group"": 0, ""room"": 7, ""unknown_a3"": 0, ""position"": [29.24999237060547, 9.0, 105.05430603027344], ""angles"": [0, 1800, 0], ""params"": [1.0, 1.0, 1.0, 14, 0, 0], ""unused_pointer"": 0}"
extermination-ep2/q173-bb-e,8,0,"{""base_type"": 519, ""set_flags"": 0, ""runtime_index"": 51462, ""file_offset"": 12764, ""floor_field"": 8, ""entity_id_field"": 41798, ""group"": 0, ""room"": 2, ""unknown_a3"": 0, ""position"": [-17.1099853515625, -128.61000061035156, 116.969970703125], ""angles"": [0, 32768, 0], ""params"": [1.0, 1.0, 1.0, 103, 0, 0], ""unused_pointer"": 3500799360}"
extermination-ep2/q173-bb-e,8,1,"{""base_type"": 519, ""set_flags"": 0, ""runtime_index"": 52486, ""file_offset"": 12832, ""floor_field"": 8, ""entity_id_field"": 42054, ""group"": 0, ""room"": 2, ""unknown_a3"": 0, ""position"": [-40.0, -128.0, 120.0], ""angles"": [0, 0, 0], ""params"": [1.0, 1.0, 1.0, 103, 0, 0], ""unused_pointer"": 548337024}"
extermination-ep2/q173-bb-e,8,4,"{""base_type"": 519, ""set_flags"": 0, ""runtime_index"": 51718, ""file_offset"": 13036, ""floor_field"": 8, ""entity_id_field"": 45382, ""group"": 0, ""room"": 2, ""unknown_a3"": 0, ""position"": [-27.1099853515625, -118.61000061035156, 116.969970703125], ""angles"": [0, 32768, 0], ""params"": [1.0, 1.0, 1.0, 103, 0, 0], ""unused_pointer"": 2698114432}"
extermination-ep2/q173-bb-e,8,5,"{""base_type"": 519, ""set_flags"": 0, ""runtime_index"": 52742, ""file_offset"": 13104, ""floor_field"": 8, ""entity_id_field"": 45638, ""group"": 0, ""room"": 2, ""unknown_a3"": 0, ""position"": [-20.0, -128.61000061035156, 125.0], ""angles"": [0, 32768, 0], ""params"": [1.0, 1.0, 1.0, 104, 0, 0], ""unused_pointer"": 4040553856}"
extermination-ep2/q173-bb-e,8,6,"{""base_type"": 519, ""set_flags"": 0, ""runtime_index"": 52998, ""file_offset"": 13172, ""floor_field"": 8, ""entity_id_field"": 45894, ""group"": 0, ""room"": 2, ""unknown_a3"": 0, ""position"": [-39.0, -128.61000061035156, 125.0], ""angles"": [0, 0, 0], ""params"": [1.0, 1.0, 1.0, 104, 0, 0], ""unused_pointer"": 1088091520}"
extermination-ep2/q173-bb-e,8,7,"{""base_type"": 519, ""set_flags"": 0, ""runtime_index"": 53766, ""file_offset"": 13240, ""floor_field"": 8, ""entity_id_field"": 46150, ""group"": 0, ""room"": 2, ""unknown_a3"": 0, ""position"": [-39.0, -128.61000061035156, 130.0], ""angles"": [0, 36864, 0], ""params"": [1.0, 1.0, 1.0, 105, 0, 0], ""unused_pointer"": 2430530944}"
extermination-ep2/q173-bb-e,8,8,"{""base_type"": 519, ""set_flags"": 0, ""runtime_index"": 54022, ""file_offset"": 13308, ""floor_field"": 8, ""entity_id_field"": 46406, ""group"": 0, ""room"": 2, ""unknown_a3"": 0, ""position"": [-20.0, -129.0, 122.0], ""angles"": [0, 32768, 0], ""params"": [1.0, 1.0, 1.0, 105, 0, 0], ""unused_pointer"": 3772970368}"
extermination-ep2/q173-bb-e,8,27,"{""base_type"": 519, ""set_flags"": 0, ""runtime_index"": 32518, ""file_offset"": 14600, ""floor_field"": 8, ""entity_id_field"": 9288, ""group"": 0, ""room"": 4, ""unknown_a3"": 0, ""position"": [-171.8800048828125, 0.0, -132.47003173828125], ""angles"": [0, 49152, 0], ""params"": [1.0, 1.0, 1.0, 99, 0, 0], ""unused_pointer"": 2152134272}"
extermination-ep2/q173-bb-e,8,88,"{""base_type"": 519, ""set_flags"": 0, ""runtime_index"": 0, ""file_offset"": 18748, ""floor_field"": 0, ""entity_id_field"": 0, ""group"": 0, ""room"": 10, ""unknown_a3"": 0, ""position"": [-2.835662841796875, -57.79999923706055, -60.90631103515625], ""angles"": [0, -20000, 0], ""params"": [1.0, 1.0, 1.0, 150, 0, 0], ""unused_pointer"": 0}"
extermination-ep2/q173-bb-e,8,89,"{""base_type"": 519, ""set_flags"": 0, ""runtime_index"": 0, ""file_offset"": 18816, ""floor_field"": 0, ""entity_id_field"": 0, ""group"": 0, ""room"": 10, ""unknown_a3"": 0, ""position"": [-3.1732635498046875, -57.840003967285156, -37.7559814453125], ""angles"": [0, -14600, 0], ""params"": [1.0, 1.0, 1.0, 150, 0, 0], ""unused_pointer"": 0}"
extermination-ep2/q173-bb-e,8,90,"{""base_type"": 519, ""set_flags"": 0, ""runtime_index"": 0, ""file_offset"": 18884, ""floor_field"": 0, ""entity_id_field"": 0, ""group"": 0, ""room"": 10, ""unknown_a3"": 0, ""position"": [0.7562103271484375, -57.840003967285156, -20.0977783203125], ""angles"": [0, -14800, 0], ""params"": [1.0, 1.0, 1.0, 150, 0, 0], ""unused_pointer"": 0}"
extermination-ep2/q173-bb-e,8,91,"{""base_type"": 519, ""set_flags"": 0, ""runtime_index"": 0, ""file_offset"": 18952, ""floor_field"": 0, ""entity_id_field"": 0, ""group"": 0, ""room"": 10, ""unknown_a3"": 0, ""position"": [6.42333984375, -57.840003967285156, -0.4827880859375], ""angles"": [0, -13200, 0], ""params"": [1.0, 1.0, 1.0, 150, 0, 0], ""unused_pointer"": 0}"
extermination-ep2/q173-bb-e,8,92,"{""base_type"": 519, ""set_flags"": 0, ""runtime_index"": 0, ""file_offset"": 19020, ""floor_field"": 0, ""entity_id_field"": 0, ""group"": 0, ""room"": 10, ""unknown_a3"": 0, ""position"": [13.369049072265625, -57.840003967285156, 16.39654541015625], ""angles"": [0, -12000, 0], ""params"": [1.0, 1.0, 1.0, 150, 0, 0], ""unused_pointer"": 0}"
extermination-ep2/q173-bb-e,8,93,"{""base_type"": 519, ""set_flags"": 0, ""runtime_index"": 0, ""file_offset"": 19088, ""floor_field"": 0, ""entity_id_field"": 0, ""group"": 0, ""room"": 10, ""unknown_a3"": 0, ""position"": [34.706764221191406, -58.186580657958984, 48.98626708984375], ""angles"": [0, -7600, 0], ""params"": [1.0, 1.0, 1.0, 150, 0, 0], ""unused_pointer"": 0}"
extermination-ep2/q173-bb-e,8,94,"{""base_type"": 519, ""set_flags"": 0, ""runtime_index"": 0, ""file_offset"": 19156, ""floor_field"": 0, ""entity_id_field"": 0, ""group"": 0, ""room"": 10, ""unknown_a3"": 0, ""position"": [22.139923095703125, -59.1583366394043, 31.5882568359375], ""angles"": [0, -11800, 0], ""params"": [1.0, 1.0, 1.0, 150, 0, 0], ""unused_pointer"": 0}"
extermination-ep2/q173-bb-e,8,101,"{""base_type"": 519, ""set_flags"": 0, ""runtime_index"": 0, ""file_offset"": 19632, ""floor_field"": 0, ""entity_id_field"": 0, ""group"": 0, ""room"": 2, ""unknown_a3"": 0, ""position"": [65.62860107421875, -119.0999984741211, 165.24530029296875], ""angles"": [0, 2200, 0], ""params"": [1.0, 1.0, 1.0, 2, 0, 0], ""unused_pointer"": 0}"
extermination-ep2/q173-bb-e,8,102,"{""base_type"": 519, ""set_flags"": 0, ""runtime_index"": 0, ""file_offset"": 19700, ""floor_field"": 0, ""entity_id_field"": 0, ""group"": 0, ""room"": 2, ""unknown_a3"": 0, ""position"": [38.533260345458984, -117.4245834350586, 173.17056274414062], ""angles"": [0, 2200, 0], ""params"": [1.0, 1.0, 1.0, 2, 0, 0], ""unused_pointer"": 0}"
extermination-ep2/q173-bb-e,8,147,"{""base_type"": 519, ""set_flags"": 0, ""runtime_index"": 0, ""file_offset"": 22760, ""floor_field"": 0, ""entity_id_field"": 0, ""group"": 0, ""room"": 2, ""unknown_a3"": 0, ""position"": [40.817047119140625, -102.69999694824219, 242.15618896484375], ""angles"": [0, 13600, 0], ""params"": [1.0, 1.0, 1.0, 6, 0, 0], ""unused_pointer"": 0}"
extermination-ep2/q173-bb-e,8,148,"{""base_type"": 519, ""set_flags"": 0, ""runtime_index"": 0, ""file_offset"": 22828, ""floor_field"": 0, ""entity_id_field"": 0, ""group"": 0, ""room"": 2, ""unknown_a3"": 0, ""position"": [39.16488265991211, -100.2507095336914, 258.88653564453125], ""angles"": [0, 13600, 0], ""params"": [1.0, 1.0, 1.0, 6, 0, 0], ""unused_pointer"": 0}"
extermination-ep2/q173-bb-e,8,149,"{""base_type"": 519, ""set_flags"": 0, ""runtime_index"": 0, ""file_offset"": 22896, ""floor_field"": 0, ""entity_id_field"": 0, ""group"": 0, ""room"": 2, ""unknown_a3"": 0, ""position"": [38.149627685546875, -100.00025939941406, 274.62298583984375], ""angles"": [0, 13600, 0], ""params"": [1.0, 1.0, 1.0, 6, 0, 0], ""unused_pointer"": 0}"
extermination-ep2/q173-bb-e,8,150,"{""base_type"": 519, ""set_flags"": 0, ""runtime_index"": 0, ""file_offset"": 22964, ""floor_field"": 0, ""entity_id_field"": 0, ""group"": 0, ""room"": 2, ""unknown_a3"": 0, ""position"": [37.134368896484375, -100.0002670288086, 293.9128723144531], ""angles"": [0, 13600, 0], ""params"": [1.0, 1.0, 1.0, 6, 0, 0], ""unused_pointer"": 0}"
extermination-ep2/q173-bb-e,8,151,"{""base_type"": 519, ""set_flags"": 0, ""runtime_index"": 0, ""file_offset"": 23032, ""floor_field"": 0, ""entity_id_field"": 0, ""group"": 0, ""room"": 2, ""unknown_a3"": 0, ""position"": [36.11911392211914, -100.0002670288086, 308.1264343261719], ""angles"": [0, 13600, 0], ""params"": [1.0, 1.0, 1.0, 6, 0, 0], ""unused_pointer"": 0}"
extermination-ep2/q173-bb-e,8,203,"{""base_type"": 519, ""set_flags"": 0, ""runtime_index"": 0, ""file_offset"": 26568, ""floor_field"": 0, ""entity_id_field"": 0, ""group"": 0, ""room"": 3, ""unknown_a3"": 0, ""position"": [-18.0, -62.400001525878906, -71.10130310058594], ""angles"": [0, 16200, 0], ""params"": [1.0, 1.0, 1.0, 8, 0, 0], ""unused_pointer"": 0}"
extermination-ep2/q173-bb-e,8,204,"{""base_type"": 519, ""set_flags"": 0, ""runtime_index"": 0, ""file_offset"": 26636, ""floor_field"": 0, ""entity_id_field"": 0, ""group"": 0, ""room"": 3, ""unknown_a3"": 0, ""position"": [-18.0, -62.70000076293945, -71.10133361816406], ""angles"": [0, 49152, 0], ""params"": [1.0, 1.0, 1.0, 8, 0, 0], ""unused_pointer"": 0}"
extermination-ep2/q173-bb-e,8,215,"{""base_type"": 519, ""set_flags"": 0, ""runtime_index"": 0, ""file_offset"": 27384, ""floor_field"": 0, ""entity_id_field"": 0, ""group"": 0, ""room"": 3, ""unknown_a3"": 0, ""position"": [128.0, -32.29999923706055, 116.68548583984375], ""angles"": [0, 16384, 0], ""params"": [1.0, 1.0, 1.0, 9, 0, 0], ""unused_pointer"": 0}"
extermination-ep2/q173-bb-e,8,216,"{""base_type"": 519, ""set_flags"": 0, ""runtime_index"": 0, ""file_offset"": 27452, ""floor_field"": 0, ""entity_id_field"": 0, ""group"": 0, ""room"": 3, ""unknown_a3"": 0, ""position"": [128.0, -31.399999618530273, 116.68550109863281], ""angles"": [0, 49152, 0], ""params"": [1.0, 1.0, 1.0, 9, 0, 0], ""unused_pointer"": 0}"
extermination-ep2/q173-bb-e,8,221,"{""base_type"": 519, ""set_flags"": 0, ""runtime_index"": 0, ""file_offset"": 27792, ""floor_field"": 0, ""entity_id_field"": 0, ""group"": 0, ""room"": 3, ""unknown_a3"": 0, ""position"": [259.4464416503906, -8.0, -60.0], ""angles"": [0, 32768, 0], ""params"": [1.0, 1.0, 1.0, 10, 0, 0], ""unused_pointer"": 0}"
extermination-ep2/q173-bb-e,9,18,"{""base_type"": 519, ""set_flags"": 2048, ""runtime_index"": 62214, ""file_offset"": 35424, ""floor_field"": 9, ""entity_id_field"": 34378, ""group"": 0, ""room"": 3, ""unknown_a3"": 0, ""position"": [-620.0, -5.527864933013916, 110.0], ""angles"": [0, 16384, 0], ""params"": [1.0, 1.0, 1.0, 101, 0, 0], ""unused_pointer"": 4037796224}"
extermination-ep2/q173-bb-e,9,20,"{""base_type"": 519, ""set_flags"": 2048, ""runtime_index"": 62470, ""file_offset"": 35560, ""floor_field"": 9, ""entity_id_field"": 35146, ""group"": 0, ""room"": 3, ""unknown_a3"": 0, ""position"": [-630.0, -5.355230331420898, 90.0], ""angles"": [0, 57344, 0], ""params"": [1.0, 1.0, 1.0, 101, 0, 0], ""unused_pointer"": 2159600000}"
extermination-ep2/q173-bb-e,9,21,"{""base_type"": 519, ""set_flags"": 2048, ""runtime_index"": 62726, ""file_offset"": 35628, ""floor_field"": 9, ""entity_id_field"": 35402, ""group"": 0, ""room"": 3, ""unknown_a3"": 0, ""position"": [-625.0, -5.359999656677246, 95.0], ""angles"": [0, 53248, 0], ""params"": [1.0, 1.0, 1.0, 101, 0, 0], ""unused_pointer"": 1622991232}"
extermination-ep2/q173-bb-e,9,52,"{""base_type"": 519, ""set_flags"": 0, ""runtime_index"": 0, ""file_offset"": 37736, ""floor_field"": 0, ""entity_id_field"": 0, ""group"": 0, ""room"": 2, ""unknown_a3"": 0, ""position"": [-235.0, 10.0, 38.0], ""angles"": [0, 18800, 0], ""params"": [1.0, 1.0, 1.0, 1, 0, 0], ""unused_pointer"": 0}"
extermination-ep2/q173-bb-e,9,53,"{""base_type"": 519, ""set_flags"": 0, ""runtime_index"": 0, ""file_offset"": 37804, ""floor_field"": 0, ""entity_id_field"": 0, ""group"": 0, ""room"": 3, ""unknown_a3"": 0, ""position"": [53.0, 2.5, -134.0], ""angles"": [0, 18800, 0], ""params"": [1.0, 1.0, 1.0, 1, 0, 0], ""unused_pointer"": 0}"
extermination-ep2/q173-bb-e,9,54,"{""base_type"": 519, ""set_flags"": 0, ""runtime_index"": 0, ""file_offset"": 37872, ""floor_field"": 0, ""entity_id_field"": 0, ""group"": 0, ""room"": 3, ""unknown_a3"": 0, ""position"": [55.0, 1.5, -124.0], ""angles"": [0, 18800, 0], ""params"": [1.0, 1.0, 1.0, 1, 0, 0], ""unused_pointer"": 0}"
extermination-ep2/q173-bb-e,9,55,"{""base_type"": 519, ""set_flags"": 0, ""runtime_index"": 0, ""file_offset"": 37940, ""floor_field"": 0, ""entity_id_field"": 0, ""group"": 0, ""room"": 3, ""unknown_a3"": 0, ""position"": [51.0, 1.0, -144.0], ""angles"": [0, 18800, 0], ""params"": [1.0, 1.0, 1.0, 1, 0, 0], ""unused_pointer"": 0}"
extermination-ep2/q173-bb-e,9,56,"{""base_type"": 519, ""set_flags"": 0, ""runtime_index"": 0, ""file_offset"": 38008, ""floor_field"": 0, ""entity_id_field"": 0, ""group"": 0, ""room"": 3, ""unknown_a3"": 0, ""position"": [49.0, 1.899999976158142, -154.0], ""angles"": [0, 18800, 0], ""params"": [1.0, 1.0, 1.0, 1, 0, 0], ""unused_pointer"": 0}"
extermination-ep2/q173-bb-e,9,57,"{""base_type"": 519, ""set_flags"": 0, ""runtime_index"": 0, ""file_offset"": 38076, ""floor_field"": 0, ""entity_id_field"": 0, ""group"": 0, ""room"": 3, ""unknown_a3"": 0, ""position"": [47.0, 4.099999904632568, -164.0], ""angles"": [0, 18800, 0], ""params"": [1.0, 1.0, 1.0, 1, 0, 0], ""unused_pointer"": 0}"
extermination-ep2/q173-bb-e,9,58,"{""base_type"": 519, ""set_flags"": 0, ""runtime_index"": 0, ""file_offset"": 38144, ""floor_field"": 0, ""entity_id_field"": 0, ""group"": 0, ""room"": 3, ""unknown_a3"": 0, ""position"": [45.0, 5.800000190734863, -174.0], ""angles"": [0, 18800, 0], ""params"": [1.0, 1.0, 1.0, 1, 0, 0], ""unused_pointer"": 0}"
extermination-ep2/q173-bb-e,9,59,"{""base_type"": 519, ""set_flags"": 0, ""runtime_index"": 0, ""file_offset"": 38212, ""floor_field"": 0, ""entity_id_field"": 0, ""group"": 0, ""room"": 3, ""unknown_a3"": 0, ""position"": [43.0, 7.400000095367432, -184.0], ""angles"": [0, 18800, 0], ""params"": [1.0, 1.0, 1.0, 1, 0, 0], ""unused_pointer"": 0}"
extermination-ep2/q173-bb-e,9,60,"{""base_type"": 519, ""set_flags"": 0, ""runtime_index"": 0, ""file_offset"": 38280, ""floor_field"": 0, ""entity_id_field"": 0, ""group"": 0, ""room"": 3, ""unknown_a3"": 0, ""position"": [41.0, 8.600000381469727, -194.0], ""angles"": [0, 18800, 0], ""params"": [1.0, 1.0, 1.0, 1, 0, 0], ""unused_pointer"": 0}"
extermination-ep2/q173-bb-e,9,61,"{""base_type"": 519, ""set_flags"": 0, ""runtime_index"": 0, ""file_offset"": 38348, ""floor_field"": 0, ""entity_id_field"": 0, ""group"": 0, ""room"": 3, ""unknown_a3"": 0, ""position"": [39.0, 9.5, -204.0], ""angles"": [0, 18800, 0], ""params"": [1.0, 1.0, 1.0, 1, 0, 0], ""unused_pointer"": 0}"
extermination-ep2/q173-bb-e,9,62,"{""base_type"": 519, ""set_flags"": 0, ""runtime_index"": 0, ""file_offset"": 38416, ""floor_field"": 0, ""entity_id_field"": 0, ""group"": 0, ""room"": 3, ""unknown_a3"": 0, ""position"": [37.0, 10.0, -214.0], ""angles"": [0, 18800, 0], ""params"": [1.0, 1.0, 1.0, 1, 0, 0], ""unused_pointer"": 0}"
extermination-ep2/q173-bb-e,9,63,"{""base_type"": 519, ""set_flags"": 0, ""runtime_index"": 0, ""file_offset"": 38484, ""floor_field"": 0, ""entity_id_field"": 0, ""group"": 0, ""room"": 3, ""unknown_a3"": 0, ""position"": [35.0, 10.0, -224.0], ""angles"": [0, 18800, 0], ""params"": [1.0, 1.0, 1.0, 1, 0, 0], ""unused_pointer"": 0}"
extermination-ep2/q173-bb-e,9,64,"{""base_type"": 519, ""set_flags"": 0, ""runtime_index"": 0, ""file_offset"": 38552, ""floor_field"": 0, ""entity_id_field"": 0, ""group"": 0, ""room"": 2, ""unknown_a3"": 0, ""position"": [-217.0, 10.0, 118.0], ""angles"": [0, 18800, 0], ""params"": [1.0, 1.0, 1.0, 1, 0, 0], ""unused_pointer"": 0}"
extermination-ep2/q173-bb-e,9,65,"{""base_type"": 519, ""set_flags"": 0, ""runtime_index"": 0, ""file_offset"": 38620, ""floor_field"": 0, ""entity_id_field"": 0, ""group"": 0, ""room"": 2, ""unknown_a3"": 0, ""position"": [-220.0, 10.0, 108.0], ""angles"": [0, 18800, 0], ""params"": [1.0, 1.0, 1.0, 1, 0, 0], ""unused_pointer"": 0}"
extermination-ep2/q173-bb-e,9,66,"{""base_type"": 519, ""set_flags"": 0, ""runtime_index"": 0, ""file_offset"": 38688, ""floor_field"": 0, ""entity_id_field"": 0, ""group"": 0, ""room"": 2, ""unknown_a3"": 0, ""position"": [-223.0, 10.0, 98.0], ""angles"": [0, 18800, 0], ""params"": [1.0, 1.0, 1.0, 1, 0, 0], ""unused_pointer"": 0}"
extermination-ep2/q173-bb-e,9,67,"{""base_type"": 519, ""set_flags"": 0, ""runtime_index"": 0, ""file_offset"": 38756, ""floor_field"": 0, ""entity_id_field"": 0, ""group"": 0, ""room"": 2, ""unknown_a3"": 0, ""position"": [-225.0, 10.0, 88.0], ""angles"": [0, 18800, 0], ""params"": [1.0, 1.0, 1.0, 1, 0, 0], ""unused_pointer"": 0}"
extermination-ep2/q173-bb-e,9,68,"{""base_type"": 519, ""set_flags"": 0, ""runtime_index"": 0, ""file_offset"": 38824, ""floor_field"": 0, ""entity_id_field"": 0, ""group"": 0, ""room"": 2, ""unknown_a3"": 0, ""position"": [-227.0, 10.0, 78.0], ""angles"": [0, 18800, 0], ""params"": [1.0, 1.0, 1.0, 1, 0, 0], ""unused_pointer"": 0}"
extermination-ep2/q173-bb-e,9,69,"{""base_type"": 519, ""set_flags"": 0, ""runtime_index"": 0, ""file_offset"": 38892, ""floor_field"": 0, ""entity_id_field"": 0, ""group"": 0, ""room"": 2, ""unknown_a3"": 0, ""position"": [-229.0, 10.0, 68.0], ""angles"": [0, 18800, 0], ""params"": [1.0, 1.0, 1.0, 1, 0, 0], ""unused_pointer"": 0}"
extermination-ep2/q173-bb-e,9,70,"{""base_type"": 519, ""set_flags"": 0, ""runtime_index"": 0, ""file_offset"": 38960, ""floor_field"": 0, ""entity_id_field"": 0, ""group"": 0, ""room"": 2, ""unknown_a3"": 0, ""position"": [-231.0, 10.0, 58.0], ""angles"": [0, 18800, 0], ""params"": [1.0, 1.0, 1.0, 1, 0, 0], ""unused_pointer"": 0}"
extermination-ep2/q173-bb-e,9,71,"{""base_type"": 519, ""set_flags"": 0, ""runtime_index"": 0, ""file_offset"": 39028, ""floor_field"": 0, ""entity_id_field"": 0, ""group"": 0, ""room"": 2, ""unknown_a3"": 0, ""position"": [-233.0, 10.0, 48.0], ""angles"": [0, 18800, 0], ""params"": [1.0, 1.0, 1.0, 1, 0, 0], ""unused_pointer"": 0}"
extermination-ep2/q173-bb-e,9,72,"{""base_type"": 519, ""set_flags"": 0, ""runtime_index"": 0, ""file_offset"": 39096, ""floor_field"": 0, ""entity_id_field"": 0, ""group"": 0, ""room"": 2, ""unknown_a3"": 0, ""position"": [-237.0, 10.0, 28.0], ""angles"": [0, 18800, 0], ""params"": [1.0, 1.0, 1.0, 1, 0, 0], ""unused_pointer"": 0}"
extermination-ep2/q173-bb-e,9,73,"{""base_type"": 519, ""set_flags"": 0, ""runtime_index"": 0, ""file_offset"": 39164, ""floor_field"": 0, ""entity_id_field"": 0, ""group"": 0, ""room"": 2, ""unknown_a3"": 0, ""position"": [-239.0, 10.0, 18.0], ""angles"": [0, 18800, 0], ""params"": [1.0, 1.0, 1.0, 1, 0, 0], ""unused_pointer"": 0}"
extermination-ep2/q173-bb-e,9,74,"{""base_type"": 519, ""set_flags"": 0, ""runtime_index"": 0, ""file_offset"": 39232, ""floor_field"": 0, ""entity_id_field"": 0, ""group"": 0, ""room"": 2, ""unknown_a3"": 0, ""position"": [-239.0, 10.0, 8.0], ""angles"": [0, 18800, 0], ""params"": [1.0, 1.0, 1.0, 1, 0, 0], ""unused_pointer"": 0}"
extermination-ep2/q173-bb-e,9,75,"{""base_type"": 519, ""set_flags"": 0, ""runtime_index"": 0, ""file_offset"": 39300, ""floor_field"": 0, ""entity_id_field"": 0, ""group"": 0, ""room"": 2, ""unknown_a3"": 0, ""position"": [-241.0, 10.0, -2.0], ""angles"": [0, 18800, 0], ""params"": [1.0, 1.0, 1.0, 1, 0, 0], ""unused_pointer"": 0}"
extermination-ep2/q173-bb-e,9,76,"{""base_type"": 519, ""set_flags"": 0, ""runtime_index"": 0, ""file_offset"": 39368, ""floor_field"": 0, ""entity_id_field"": 0, ""group"": 0, ""room"": 2, ""unknown_a3"": 0, ""position"": [-243.0, 10.0, -12.0], ""angles"": [0, 18800, 0], ""params"": [1.0, 1.0, 1.0, 1, 0, 0], ""unused_pointer"": 0}"
extermination-ep2/q173-bb-e,9,107,"{""base_type"": 519, ""set_flags"": 0, ""runtime_index"": 0, ""file_offset"": 41476, ""floor_field"": 0, ""entity_id_field"": 0, ""group"": 0, ""room"": 1, ""unknown_a3"": 0, ""position"": [19.5, 10.0, 73.0], ""angles"": [0, 2400, 0], ""params"": [1.0, 1.0, 1.0, 100, 0, 0], ""unused_pointer"": 0}"
extermination-ep2/q173-bb-e,9,108,"{""base_type"": 519, ""set_flags"": 0, ""runtime_index"": 0, ""file_offset"": 41544, ""floor_field"": 0, ""entity_id_field"": 0, ""group"": 0, ""room"": 1, ""unknown_a3"": 0, ""position"": [3.8903961181640625, 10.0, 76.37621307373047], ""angles"": [0, 2400, 0], ""params"": [1.0, 1.0, 1.0, 100, 0, 0], ""unused_pointer"": 0}"
extermination-ep2/q173-bb-e,9,109,"{""base_type"": 519, ""set_flags"": 0, ""runtime_index"": 0, ""file_offset"": 41612, ""floor_field"": 0, ""entity_id_field"": 0, ""group"": 0, ""room"": 2, ""unknown_a3"": 0, ""position"": [15.5, 20.0, -50.0], ""angles"": [0, 2400, 0], ""params"": [1.0, 1.0, 1.0, 100, 0, 0], ""unused_pointer"": 0}"
extermination-ep2/q173-bb-e,9,110,"{""base_type"": 519, ""set_flags"": 0, ""runtime_index"": 0, ""file_offset"": 41680, ""floor_field"": 0, ""entity_id_field"": 0, ""group"": 0, ""room"": 1, ""unknown_a3"": 0, ""position"": [-8.829452514648438, 10.0, 77.92676544189453], ""angles"": [0, 2400, 0], ""params"": [1.0, 1.0, 1.0, 100, 0, 0], ""unused_pointer"": 0}"
extermination-ep2/q173-bb-e,9,111,"{""base_type"": 519, ""set_flags"": 0, ""runtime_index"": 0, ""file_offset"": 41748, ""floor_field"": 0, ""entity_id_field"": 0, ""group"": 0, ""room"": 2, ""unknown_a3"": 0, ""position"": [30.48596954345703, 20.0, -52.426544189453125], ""angles"": [0, 2400, 0], ""params"": [1.0, 1.0, 1.0, 100, 0, 0], ""unused_pointer"": 0}"
extermination-ep2/q173-bb-e,9,112,"{""base_type"": 519, ""set_flags"": 0, ""runtime_index"": 0, ""file_offset"": 41816, ""floor_field"": 0, ""entity_id_field"": 0, ""group"": 0, ""room"": 1, ""unknown_a3"": 0, ""position"": [19.5, 20.0, 73.0], ""angles"": [0, 2400, 0], ""params"": [1.0, 1.0, 1.0, 100, 0, 0], ""unused_pointer"": 0}"
extermination-ep2/q173-bb-e,9,113,"{""base_type"": 519, ""set_flags"": 0, ""runtime_index"": 0, ""file_offset"": 41884, ""floor_field"": 0, ""entity_id_field"": 0, ""group"": 0, ""room"": 1, ""unknown_a3"": 0, ""position"": [-4.192375183105469, 30.0, 78.67143249511719], ""angles"": [0, 2400, 0], ""params"": [1.0, 1.0, 1.0, 100, 0, 0], ""unused_pointer"": 0}"
extermination-ep2/q173-bb-e,9,114,"{""base_type"": 519, ""set_flags"": 0, ""runtime_index"": 0, ""file_offset"": 41952, ""floor_field"": 0, ""entity_id_field"": 0, ""group"": 0, ""room"": 1, ""unknown_a3"": 0, ""position"": [10.287208557128906, 30.0, 77.72404479980469], ""angles"": [0, 2400, 0], ""params"": [1.0, 1.0, 1.0, 100, 0, 0], ""unused_pointer"": 0}"
extermination-ep2/q173-bb-e,9,115,"{""base_type"": 519, ""set_flags"": 0, ""runtime_index"": 0, ""file_offset"": 42020, ""floor_field"": 0, ""entity_id_field"": 0, ""group"": 0, ""room"": 1, ""unknown_a3"": 0, ""position"": [21.399063110351562, 30.0, 75.13107299804688], ""angles"": [0, 2400, 0], ""params"": [1.0, 1.0, 1.0, 100, 0, 0], ""unused_pointer"": 0}"
extermination-ep2/q173-bb-e,9,116,"{""base_type"": 519, ""set_flags"": 0, ""runtime_index"": 0, ""file_offset"": 42088, ""floor_field"": 0, ""entity_id_field"": 0, ""group"": 0, ""room"": 1, ""unknown_a3"": 0, ""position"": [8.590797424316406, 40.0, 77.26235961914062], ""angles"": [0, 2400, 0], ""params"": [1.0, 1.0, 1.0, 100, 0, 0], ""unused_pointer"": 0}"
extermination-ep2/q173-bb-e,9,117,"{""base_type"": 519, ""set_flags"": 0, ""runtime_index"": 0, ""file_offset"": 42156, ""floor_field"": 0, ""entity_id_field"": 0, ""group"": 0, ""room"": 1, ""unknown_a3"": 0, ""position"": [-5.1934967041015625, 40.0, 79.64230346679688], ""angles"": [0, 2400, 0], ""params"": [1.0, 1.0, 1.0, 100, 0, 0], ""unused_pointer"": 0}"
extermination-ep2/q173-bb-e,9,118,"{""base_type"": 519, ""set_flags"": 0, ""runtime_index"": 0, ""file_offset"": 42224, ""floor_field"": 0, ""entity_id_field"": 0, ""group"": 0, ""room"": 1, ""unknown_a3"": 0, ""position"": [24.02812957763672, 40.0, 78.48983764648438], ""angles"": [0, 2400, 0], ""params"": [1.0, 1.0, 1.0, 100, 0, 0], ""unused_pointer"": 0}"
extermination-ep2/q173-bb-e,9,119,"{""base_type"": 519, ""set_flags"": 0, ""runtime_index"": 0, ""file_offset"": 42292, ""floor_field"": 0, ""entity_id_field"": 0, ""group"": 0, ""room"": 1, ""unknown_a3"": 0, ""position"": [-1.1311569213867188, 50.0, 81.27422332763672], ""angles"": [0, 2400, 0], ""params"": [1.0, 1.0, 1.0, 100, 0, 0], ""unused_pointer"": 0}"
extermination-ep2/q173-bb-e,9,120,"{""base_type"": 519, ""set_flags"": 0, ""runtime_index"": 0, ""file_offset"": 42360, ""floor_field"": 0, ""entity_id_field"": 0, ""group"": 0, ""room"": 1, ""unknown_a3"": 0, ""position"": [6.015449523925781, 60.0, 83.59635925292969], ""angles"": [0, 2400, 0], ""params"": [1.0, 1.0, 1.0, 100, 0, 0], ""unused_pointer"": 0}"
extermination-ep2/q173-bb-e,9,121,"{""base_type"": 519, ""set_flags"": 0, ""runtime_index"": 0, ""file_offset"": 42428, ""floor_field"": 0, ""entity_id_field"": 0, ""group"": 0, ""room"": 1, ""unknown_a3"": 0, ""position"": [16.915054321289062, 60.0, 82.14265441894531], ""angles"": [0, 2400, 0], ""params"": [1.0, 1.0, 1.0, 100, 0, 0], ""unused_pointer"": 0}"
extermination-ep2/q173-bb-e,9,122,"{""base_type"": 519, ""set_flags"": 0, ""runtime_index"": 0, ""file_offset"": 42496, ""floor_field"": 0, ""entity_id_field"": 0, ""group"": 0, ""room"": 1, ""unknown_a3"": 0, ""position"": [30.03942108154297, 50.0, 80.53553771972656], ""angles"": [0, 2400, 0], ""params"": [1.0, 1.0, 1.0, 100, 0, 0], ""unused_pointer"": 0}"
extermination-ep2/q173-bb-e,9,123,"{""base_type"": 519, ""set_flags"": 0, ""runtime_index"": 0, ""file_offset"": 42564, ""floor_field"": 0, ""entity_id_field"": 0, ""group"": 0, ""room"": 1, ""unknown_a3"": 0, ""position"": [11.694198608398438, 50.0, 79.49566650390625], ""angles"": [0, 2400, 0], ""params"": [1.0, 1.0, 1.0, 100, 0, 0], ""unused_pointer"": 0}"
extermination-ep2/q173-bb-e,9,124,"{""base_type"": 519, ""set_flags"": 0, ""runtime_index"": 0, ""file_offset"": 42632, ""floor_field"": 0, ""entity_id_field"": 0, ""group"": 0, ""room"": 1, ""unknown_a3"": 0, ""position"": [19.08507537841797, 70.0, 84.28713989257812], ""angles"": [0, 2400, 0], ""params"": [1.0, 1.0, 1.0, 100, 0, 0], ""unused_pointer"": 0}"
extermination-ep2/q173-bb-e,9,126,"{""base_type"": 519, ""set_flags"": 0, ""runtime_index"": 0, ""file_offset"": 42768, ""floor_field"": 0, ""entity_id_field"": 0, ""group"": 0, ""room"": 7, ""unknown_a3"": 0, ""position"": [214.0, 5.0, -127.5], ""angles"": [0, 10000, 0], ""params"": [1.0, 1.0, 1.0, 4, 0, 0], ""unused_pointer"": 0}"
extermination-ep2/q173-bb-e,9,127,"{""base_type"": 519, ""set_flags"": 0, ""runtime_index"": 0, ""file_offset"": 42836, ""floor_field"": 0, ""entity_id_field"": 0, ""group"": 0, ""room"": 7, ""unknown_a3"": 0, ""position"": [218.52223205566406, 2.9379324913024902, -130.83761596679688], ""angles"": [0, 10000, 0], ""params"": [1.0, 1.0, 1.0, 4, 0, 0], ""unused_pointer"": 0}"
extermination-ep2/q173-bb-e,9,128,"{""base_type"": 519, ""set_flags"": 0, ""runtime_index"": 0, ""file_offset"": 42904, ""floor_field"": 0, ""entity_id_field"": 0, ""group"": 0, ""room"": 7, ""unknown_a3"": 0, ""position"": [224.5, 4.0, -137.0], ""angles"": [0, 10000, 0], ""params"": [1.0, 1.0, 1.0, 4, 0, 0], ""unused_pointer"": 0}"
extermination-ep2/q173-bb-e,9,129,"{""base_type"": 519, ""set_flags"": 0, ""runtime_index"": 0, ""file_offset"": 42972, ""floor_field"": 0, ""entity_id_field"": 0, ""group"": 0, ""room"": 7, ""unknown_a3"": 0, ""position"": [229.1824188232422, 5.084445476531982, -141.497802734375], ""angles"": [0, 10000, 0], ""params"": [1.0, 1.0, 1.0, 4, 0, 0], ""unused_pointer"": 0}"
extermination-ep2/q173-bb-e,9,130,"{""base_type"": 519, ""set_flags"": 0, ""runtime_index"": 0, ""file_offset"": 43040, ""floor_field"": 0, ""entity_id_field"": 0, ""group"": 0, ""room"": 7, ""unknown_a3"": 0, ""position"": [235.5, 6.0, -147.5], ""angles"": [0, 10000, 0], ""params"": [1.0, 1.0, 1.0, 4, 0, 0], ""unused_pointer"": 0}"
extermination-ep2/q173-bb-e,9,131,"{""base_type"": 519, ""set_flags"": 0, ""runtime_index"": 0, ""file_offset"": 43108, ""floor_field"": 0, ""entity_id_field"": 0, ""group"": 0, ""room"": 7, ""unknown_a3"": 0, ""position"": [239.33497619628906, 7.0641984939575195, -151.14273071289062], ""angles"": [0, 10000, 0], ""params"": [1.0, 1.0, 1.0, 4, 0, 0], ""unused_pointer"": 0}"
extermination-ep2/q173-bb-e,9,132,"{""base_type"": 519, ""set_flags"": 0, ""runtime_index"": 0, ""file_offset"": 43176, ""floor_field"": 0, ""entity_id_field"": 0, ""group"": 0, ""room"": 7, ""unknown_a3"": 0, ""position"": [244.4112548828125, 8.028691291809082, -155.7113800048828], ""angles"": [0, 10000, 0], ""params"": [1.0, 1.0, 1.0, 4, 0, 0], ""unused_pointer"": 0}"
extermination-ep2/q173-bb-e,9,133,"{""base_type"": 519, ""set_flags"": 0, ""runtime_index"": 0, ""file_offset"": 43244, ""floor_field"": 0, ""entity_id_field"": 0, ""group"": 0, ""room"": 7, ""unknown_a3"": 0, ""position"": [249.0, 9.0, -160.8000030517578], ""angles"": [0, 10000, 0], ""params"": [1.0, 1.0, 1.0, 4, 0, 0], ""unused_pointer"": 0}"
extermination-ep2/q173-bb-e,9,134,"{""base_type"": 519, ""set_flags"": 0, ""runtime_index"": 0, ""file_offset"": 43312, ""floor_field"": 0, ""entity_id_field"": 0, ""group"": 0, ""room"": 7, ""unknown_a3"": 0, ""position"": [254.05618286132812, 10.0, -166.37156677246094], ""angles"": [0, 10000, 0], ""params"": [1.0, 1.0, 1.0, 4, 0, 0], ""unused_pointer"": 0}"
extermination-ep2/q173-bb-e,9,135,"{""base_type"": 519, ""set_flags"": 0, ""runtime_index"": 0, ""file_offset"": 43380, ""floor_field"": 0, ""entity_id_field"": 0, ""group"": 0, ""room"": 7, ""unknown_a3"": 0, ""position"": [259.6401062011719, 10.0, -171.44784545898438], ""angles"": [0, 10000, 0], ""params"": [1.0, 1.0, 1.0, 4, 0, 0], ""unused_pointer"": 0}"
extermination-ep2/q173-bb-e,9,136,"{""base_type"": 519, ""set_flags"": 0, ""runtime_index"": 0, ""file_offset"": 43448, ""floor_field"": 0, ""entity_id_field"": 0, ""group"": 0, ""room"": 7, ""unknown_a3"": 0, ""position"": [265.20001220703125, 10.0, -176.5], ""angles"": [0, 10000, 0], ""params"": [1.0, 1.0, 1.0, 4, 0, 0], ""unused_pointer"": 0}"
extermination-ep2/q173-bb-e,9,137,"{""base_type"": 519, ""set_flags"": 0, ""runtime_index"": 0, ""file_offset"": 43516, ""floor_field"": 0, ""entity_id_field"": 0, ""group"": 0, ""room"": 7, ""unknown_a3"": 0, ""position"": [271.29998779296875, 10.0, -181.5], ""angles"": [0, 10000, 0], ""params"": [1.0, 1.0, 1.0, 4, 0, 0], ""unused_pointer"": 0}"
extermination-ep2/q173-bb-e,9,138,"{""base_type"": 519, ""set_flags"": 0, ""runtime_index"": 0, ""file_offset"": 43584, ""floor_field"": 0, ""entity_id_field"": 0, ""group"": 0, ""room"": 7, ""unknown_a3"": 0, ""position"": [277.4070739746094, 10.0, -186.67669677734375], ""angles"": [0, 10000, 0], ""params"": [1.0, 1.0, 1.0, 4, 0, 0], ""unused_pointer"": 0}"
extermination-ep2/q173-bb-e,9,139,"{""base_type"": 519, ""set_flags"": 0, ""runtime_index"": 0, ""file_offset"": 43652, ""floor_field"": 0, ""entity_id_field"": 0, ""group"": 0, ""room"": 7, ""unknown_a3"": 0, ""position"": [283.0, 10.0, -192.25999450683594], ""angles"": [0, 10000, 0], ""params"": [1.0, 1.0, 1.0, 4, 0, 0], ""unused_pointer"": 0}"
extermination-ep2/q173-bb-e,9,140,"{""base_type"": 519, ""set_flags"": 0, ""runtime_index"": 0, ""file_offset"": 43720, ""floor_field"": 0, ""entity_id_field"": 0, ""group"": 0, ""room"": 7, ""unknown_a3"": 0, ""position"": [288.0672607421875, 10.0, -197.33688354492188], ""angles"": [0, 10000, 0], ""params"": [1.0, 1.0, 1.0, 4, 0, 0], ""unused_pointer"": 0}"
extermination-ep2/q173-bb-e,9,141,"{""base_type"": 519, ""set_flags"": 0, ""runtime_index"": 0, ""file_offset"": 43788, ""floor_field"": 0, ""entity_id_field"": 0, ""group"": 0, ""room"": 7, ""unknown_a3"": 0, ""position"": [293.6499938964844, 10.0, -203.0], ""angles"": [0, 10000, 0], ""params"": [1.0, 1.0, 1.0, 4, 0, 0], ""unused_pointer"": 0}"
extermination-ep2/q173-bb-e,9,142,"{""base_type"": 519, ""set_flags"": 0, ""runtime_index"": 0, ""file_offset"": 43856, ""floor_field"": 0, ""entity_id_field"": 0, ""group"": 0, ""room"": 7, ""unknown_a3"": 0, ""position"": [298.70001220703125, 10.0, -208.0], ""angles"": [0, 10000, 0], ""params"": [1.0, 1.0, 1.0, 4, 0, 0], ""unused_pointer"": 0}"
extermination-ep2/q173-bb-e,9,143,"{""base_type"": 519, ""set_flags"": 0, ""runtime_index"": 0, ""file_offset"": 43924, ""floor_field"": 0, ""entity_id_field"": 0, ""group"": 0, ""room"": 7, ""unknown_a3"": 0, ""position"": [224.5, 14.0, -137.0], ""angles"": [0, 10000, 0], ""params"": [1.0, 1.0, 1.0, 4, 0, 0], ""unused_pointer"": 0}"
extermination-ep2/q173-bb-e,9,144,"{""base_type"": 519, ""set_flags"": 0, ""runtime_index"": 0, ""file_offset"": 43992, ""floor_field"": 0, ""entity_id_field"": 0, ""group"": 0, ""room"": 7, ""unknown_a3"": 0, ""position"": [214.0, 45.0, -127.5], ""angles"": [0, 10000, 0], ""params"": [1.0, 1.0, 1.0, 4, 0, 0], ""unused_pointer"": 0}"
extermination-ep2/q173-bb-e,9,145,"{""base_type"": 519, ""set_flags"": 0, ""runtime_index"": 0, ""file_offset"": 44060, ""floor_field"": 0, ""entity_id_field"": 0, ""group"": 0, ""room"": 7, ""unknown_a3"": 0, ""position"": [214.0, 35.0, -127.5], ""angles"": [0, 10000, 0], ""params"": [1.0, 1.0, 1.0, 4, 0, 0], ""unused_pointer"": 0}"
extermination-ep2/q173-bb-e,9,146,"{""base_type"": 519, ""set_flags"": 0, ""runtime_index"": 0, ""file_offset"": 44128, ""floor_field"": 0, ""entity_id_field"": 0, ""group"": 0, ""room"": 7, ""unknown_a3"": 0, ""position"": [214.0, 25.0, -127.5], ""angles"": [0, 10000, 0], ""params"": [1.0, 1.0, 1.0, 4, 0, 0], ""unused_pointer"": 0}"
extermination-ep2/q173-bb-e,9,147,"{""base_type"": 519, ""set_flags"": 0, ""runtime_index"": 0, ""file_offset"": 44196, ""floor_field"": 0, ""entity_id_field"": 0, ""group"": 0, ""room"": 7, ""unknown_a3"": 0, ""position"": [214.0, 15.0, -127.5], ""angles"": [0, 10000, 0], ""params"": [1.0, 1.0, 1.0, 4, 0, 0], ""unused_pointer"": 0}"
extermination-ep2/q173-bb-e,9,148,"{""base_type"": 519, ""set_flags"": 0, ""runtime_index"": 0, ""file_offset"": 44264, ""floor_field"": 0, ""entity_id_field"": 0, ""group"": 0, ""room"": 7, ""unknown_a3"": 0, ""position"": [235.5, 26.0, -147.5], ""angles"": [0, 10000, 0], ""params"": [1.0, 1.0, 1.0, 4, 0, 0], ""unused_pointer"": 0}"
extermination-ep2/q173-bb-e,9,149,"{""base_type"": 519, ""set_flags"": 0, ""runtime_index"": 0, ""file_offset"": 44332, ""floor_field"": 0, ""entity_id_field"": 0, ""group"": 0, ""room"": 7, ""unknown_a3"": 0, ""position"": [224.5, 44.0, -137.0], ""angles"": [0, 10000, 0], ""params"": [1.0, 1.0, 1.0, 4, 0, 0], ""unused_pointer"": 0}"
extermination-ep2/q173-bb-e,9,150,"{""base_type"": 519, ""set_flags"": 0, ""runtime_index"": 0, ""file_offset"": 44400, ""floor_field"": 0, ""entity_id_field"": 0, ""group"": 0, ""room"": 7, ""unknown_a3"": 0, ""position"": [224.5, 34.0, -137.0], ""angles"": [0, 10000, 0], ""params"": [1.0, 1.0, 1.0, 4, 0, 0], ""unused_pointer"": 0}"
extermination-ep2/q173-bb-e,9,151,"{""base_type"": 519, ""set_flags"": 0, ""runtime_index"": 0, ""file_offset"": 44468, ""floor_field"": 0, ""entity_id_field"": 0, ""group"": 0, ""room"": 7, ""unknown_a3"": 0, ""position"": [224.5, 24.0, -137.0], ""angles"": [0, 10000, 0], ""params"": [1.0, 1.0, 1.0, 4, 0, 0], ""unused_pointer"": 0}"
extermination-ep2/q173-bb-e,9,152,"{""base_type"": 519, ""set_flags"": 0, ""runtime_index"": 0, ""file_offset"": 44536, ""floor_field"": 0, ""entity_id_field"": 0, ""group"": 0, ""room"": 7, ""unknown_a3"": 0, ""position"": [235.5, 36.0, -147.5], ""angles"": [0, 10000, 0], ""params"": [1.0, 1.0, 1.0, 4, 0, 0], ""unused_pointer"": 0}"
extermination-ep2/q173-bb-e,9,153,"{""base_type"": 519, ""set_flags"": 0, ""runtime_index"": 0, ""file_offset"": 44604, ""floor_field"": 0, ""entity_id_field"": 0, ""group"": 0, ""room"": 7, ""unknown_a3"": 0, ""position"": [235.5, 46.0, -147.5], ""angles"": [0, 10000, 0], ""params"": [1.0, 1.0, 1.0, 4, 0, 0], ""unused_pointer"": 0}"
extermination-ep2/q173-bb-e,9,154,"{""base_type"": 519, ""set_flags"": 0, ""runtime_index"": 0, ""file_offset"": 44672, ""floor_field"": 0, ""entity_id_field"": 0, ""group"": 0, ""room"": 7, ""unknown_a3"": 0, ""position"": [235.5, 16.0, -147.5], ""angles"": [0, 10000, 0], ""params"": [1.0, 1.0, 1.0, 4, 0, 0], ""unused_pointer"": 0}"
extermination-ep2/q173-bb-e,9,155,"{""base_type"": 519, ""set_flags"": 0, ""runtime_index"": 0, ""file_offset"": 44740, ""floor_field"": 0, ""entity_id_field"": 0, ""group"": 0, ""room"": 7, ""unknown_a3"": 0, ""position"": [249.0, 49.0, -160.8000030517578], ""angles"": [0, 10000, 0], ""params"": [1.0, 1.0, 1.0, 4, 0, 0], ""unused_pointer"": 0}"
extermination-ep2/q173-bb-e,9,156,"{""base_type"": 519, ""set_flags"": 0, ""runtime_index"": 0, ""file_offset"": 44808, ""floor_field"": 0, ""entity_id_field"": 0, ""group"": 0, ""room"": 7, ""unknown_a3"": 0, ""position"": [249.0, 39.0, -160.8000030517578], ""angles"": [0, 10000, 0], ""params"": [1.0, 1.0, 1.0, 4, 0, 0], ""unused_pointer"": 0}"
extermination-ep2/q173-bb-e,9,157,"{""base_type"": 519, ""set_flags"": 0, ""runtime_index"": 0, ""file_offset"": 44876, ""floor_field"": 0, ""entity_id_field"": 0, ""group"": 0, ""room"": 7, ""unknown_a3"": 0, ""position"": [249.0, 19.0, -160.8000030517578], ""angles"": [0, 10000, 0], ""params"": [1.0, 1.0, 1.0, 4, 0, 0], ""unused_pointer"": 0}"
extermination-ep2/q173-bb-e,9,158,"{""base_type"": 519, ""set_flags"": 0, ""runtime_index"": 0, ""file_offset"": 44944, ""floor_field"": 0, ""entity_id_field"": 0, ""group"": 0, ""room"": 7, ""unknown_a3"": 0, ""position"": [249.0, 29.0, -160.8000030517578], ""angles"": [0, 10000, 0], ""params"": [1.0, 1.0, 1.0, 4, 0, 0], ""unused_pointer"": 0}"
extermination-ep2/q173-bb-e,9,159,"{""base_type"": 519, ""set_flags"": 0, ""runtime_index"": 0, ""file_offset"": 45012, ""floor_field"": 0, ""entity_id_field"": 0, ""group"": 0, ""room"": 7, ""unknown_a3"": 0, ""position"": [260.20001220703125, 40.0, -171.5], ""angles"": [0, 10000, 0], ""params"": [1.0, 1.0, 1.0, 4, 0, 0], ""unused_pointer"": 0}"
extermination-ep2/q173-bb-e,9,160,"{""base_type"": 519, ""set_flags"": 0, ""runtime_index"": 0, ""file_offset"": 45080, ""floor_field"": 0, ""entity_id_field"": 0, ""group"": 0, ""room"": 7, ""unknown_a3"": 0, ""position"": [260.20001220703125, 20.0, -171.5], ""angles"": [0, 10000, 0], ""params"": [1.0, 1.0, 1.0, 4, 0, 0], ""unused_pointer"": 0}"
extermination-ep2/q173-bb-e,9,161,"{""base_type"": 519, ""set_flags"": 0, ""runtime_index"": 0, ""file_offset"": 45148, ""floor_field"": 0, ""entity_id_field"": 0, ""group"": 0, ""room"": 7, ""unknown_a3"": 0, ""position"": [260.20001220703125, 30.0, -171.5], ""angles"": [0, 10000, 0], ""params"": [1.0, 1.0, 1.0, 4, 0, 0], ""unused_pointer"": 0}"
extermination-ep2/q173-bb-e,9,162,"{""base_type"": 519, ""set_flags"": 0, ""runtime_index"": 0, ""file_offset"": 45216, ""floor_field"": 0, ""entity_id_field"": 0, ""group"": 0, ""room"": 7, ""unknown_a3"": 0, ""position"": [260.20001220703125, 50.0, -171.5], ""angles"": [0, 10000, 0], ""params"": [1.0, 1.0, 1.0, 4, 0, 0], ""unused_pointer"": 0}"
extermination-ep2/q173-bb-e,9,163,"{""base_type"": 519, ""set_flags"": 0, ""runtime_index"": 0, ""file_offset"": 45284, ""floor_field"": 0, ""entity_id_field"": 0, ""group"": 0, ""room"": 7, ""unknown_a3"": 0, ""position"": [271.29998779296875, 50.0, -181.5], ""angles"": [0, 10000, 0], ""params"": [1.0, 1.0, 1.0, 4, 0, 0], ""unused_pointer"": 0}"
extermination-ep2/q173-bb-e,9,164,"{""base_type"": 519, ""set_flags"": 0, ""runtime_index"": 0, ""file_offset"": 45352, ""floor_field"": 0, ""entity_id_field"": 0, ""group"": 0, ""room"": 7, ""unknown_a3"": 0, ""position"": [271.29998779296875, 40.0, -181.5], ""angles"": [0, 10000, 0], ""params"": [1.0, 1.0, 1.0, 4, 0, 0], ""unused_pointer"": 0}"
extermination-ep2/q173-bb-e,9,165,"{""base_type"": 519, ""set_flags"": 0, ""runtime_index"": 0, ""file_offset"": 45420, ""floor_field"": 0, ""entity_id_field"": 0, ""group"": 0, ""room"": 7, ""unknown_a3"": 0, ""position"": [271.29998779296875, 20.0, -181.5], ""angles"": [0, 10000, 0], ""params"": [1.0, 1.0, 1.0, 4, 0, 0], ""unused_pointer"": 0}"
extermination-ep2/q173-bb-e,9,166,"{""base_type"": 519, ""set_flags"": 0, ""runtime_index"": 0, ""file_offset"": 45488, ""floor_field"": 0, ""entity_id_field"": 0, ""group"": 0, ""room"": 7, ""unknown_a3"": 0, ""position"": [271.29998779296875, 30.0, -181.5], ""angles"": [0, 10000, 0], ""params"": [1.0, 1.0, 1.0, 4, 0, 0], ""unused_pointer"": 0}"
extermination-ep2/q173-bb-e,9,167,"{""base_type"": 519, ""set_flags"": 0, ""runtime_index"": 0, ""file_offset"": 45556, ""floor_field"": 0, ""entity_id_field"": 0, ""group"": 0, ""room"": 7, ""unknown_a3"": 0, ""position"": [283.0, 50.0, -192.25999450683594], ""angles"": [0, 10000, 0], ""params"": [1.0, 1.0, 1.0, 4, 0, 0], ""unused_pointer"": 0}"
extermination-ep2/q173-bb-e,9,168,"{""base_type"": 519, ""set_flags"": 0, ""runtime_index"": 0, ""file_offset"": 45624, ""floor_field"": 0, ""entity_id_field"": 0, ""group"": 0, ""room"": 7, ""unknown_a3"": 0, ""position"": [283.0, 40.0, -192.25999450683594], ""angles"": [0, 10000, 0], ""params"": [1.0, 1.0, 1.0, 4, 0, 0], ""unused_pointer"": 0}"
extermination-ep2/q173-bb-e,9,169,"{""base_type"": 519, ""set_flags"": 0, ""runtime_index"": 0, ""file_offset"": 45692, ""floor_field"": 0, ""entity_id_field"": 0, ""group"": 0, ""room"": 7, ""unknown_a3"": 0, ""position"": [283.0, 20.0, -192.25999450683594], ""angles"": [0, 10000, 0], ""params"": [1.0, 1.0, 1.0, 4, 0, 0], ""unused_pointer"": 0}"
extermination-ep2/q173-bb-e,9,170,"{""base_type"": 519, ""set_flags"": 0, ""runtime_index"": 0, ""file_offset"": 45760, ""floor_field"": 0, ""entity_id_field"": 0, ""group"": 0, ""room"": 7, ""unknown_a3"": 0, ""position"": [283.0, 30.0, -192.25999450683594], ""angles"": [0, 10000, 0], ""params"": [1.0, 1.0, 1.0, 4, 0, 0], ""unused_pointer"": 0}"
extermination-ep2/q173-bb-e,9,171,"{""base_type"": 519, ""set_flags"": 0, ""runtime_index"": 0, ""file_offset"": 45828, ""floor_field"": 0, ""entity_id_field"": 0, ""group"": 0, ""room"": 7, ""unknown_a3"": 0, ""position"": [293.6499938964844, 50.0, -203.0], ""angles"": [0, 10000, 0], ""params"": [1.0, 1.0, 1.0, 4, 0, 0], ""unused_pointer"": 0}"
extermination-ep2/q173-bb-e,9,172,"{""base_type"": 519, ""set_flags"": 0, ""runtime_index"": 0, ""file_offset"": 45896, ""floor_field"": 0, ""entity_id_field"": 0, ""group"": 0, ""room"": 7, ""unknown_a3"": 0, ""position"": [293.6499938964844, 40.0, -203.0], ""angles"": [0, 10000, 0], ""params"": [1.0, 1.0, 1.0, 4, 0, 0], ""unused_pointer"": 0}"
extermination-ep2/q173-bb-e,9,173,"{""base_type"": 519, ""set_flags"": 0, ""runtime_index"": 0, ""file_offset"": 45964, ""floor_field"": 0, ""entity_id_field"": 0, ""group"": 0, ""room"": 7, ""unknown_a3"": 0, ""position"": [293.6499938964844, 30.0, -203.0], ""angles"": [0, 10000, 0], ""params"": [1.0, 1.0, 1.0, 4, 0, 0], ""unused_pointer"": 0}"
extermination-ep2/q173-bb-e,9,174,"{""base_type"": 519, ""set_flags"": 0, ""runtime_index"": 0, ""file_offset"": 46032, ""floor_field"": 0, ""entity_id_field"": 0, ""group"": 0, ""room"": 7, ""unknown_a3"": 0, ""position"": [293.6499938964844, 20.0, -203.0], ""angles"": [0, 10000, 0], ""params"": [1.0, 1.0, 1.0, 4, 0, 0], ""unused_pointer"": 0}"
extermination-ep2/q173-bb-e,9,175,"{""base_type"": 519, ""set_flags"": 0, ""runtime_index"": 0, ""file_offset"": 46100, ""floor_field"": 0, ""entity_id_field"": 0, ""group"": 0, ""room"": 7, ""unknown_a3"": 0, ""position"": [298.70001220703125, 40.0, -208.0], ""angles"": [0, 10000, 0], ""params"": [1.0, 1.0, 1.0, 4, 0, 0], ""unused_pointer"": 0}"
extermination-ep2/q173-bb-e,9,176,"{""base_type"": 519, ""set_flags"": 0, ""runtime_index"": 0, ""file_offset"": 46168, ""floor_field"": 0, ""entity_id_field"": 0, ""group"": 0, ""room"": 7, ""unknown_a3"": 0, ""position"": [298.70001220703125, 30.0, -208.0], ""angles"": [0, 10000, 0], ""params"": [1.0, 1.0, 1.0, 4, 0, 0], ""unused_pointer"": 0}"
extermination-ep2/q173-bb-e,9,177,"{""base_type"": 519, ""set_flags"": 0, ""runtime_index"": 0, ""file_offset"": 46236, ""floor_field"": 0, ""entity_id_field"": 0, ""group"": 0, ""room"": 7, ""unknown_a3"": 0, ""position"": [298.70001220703125, 20.0, -208.0], ""angles"": [0, 10000, 0], ""params"": [1.0, 1.0, 1.0, 4, 0, 0], ""unused_pointer"": 0}"
extermination-ep2/q173-bb-e,9,276,"{""base_type"": 519, ""set_flags"": 0, ""runtime_index"": 0, ""file_offset"": 52968, ""floor_field"": 0, ""entity_id_field"": 0, ""group"": 0, ""room"": 7, ""unknown_a3"": 0, ""position"": [248.8525390625, -5.600000381469727, 243.0611572265625], ""angles"": [0, -11400, 0], ""params"": [1.0, 1.0, 1.0, 51, 0, 0], ""unused_pointer"": 0}"
extermination-ep2/q173-bb-e,9,277,"{""base_type"": 519, ""set_flags"": 0, ""runtime_index"": 0, ""file_offset"": 53036, ""floor_field"": 0, ""entity_id_field"": 0, ""group"": 0, ""room"": 7, ""unknown_a3"": 0, ""position"": [258.589111328125, -5.575904369354248, 259.56201171875], ""angles"": [0, -11400, 0], ""params"": [1.0, 1.0, 1.0, 51, 0, 0], ""unused_pointer"": 0}"
extermination-ep2/q173-bb-e,9,278,"{""base_type"": 519, ""set_flags"": 0, ""runtime_index"": 0, ""file_offset"": 53104, ""floor_field"": 0, ""entity_id_field"": 0, ""group"": 0, ""room"": 7, ""unknown_a3"": 0, ""position"": [269.934814453125, -5.558758735656738, 273.70123291015625], ""angles"": [0, -8000, 0], ""params"": [1.0, 1.0, 1.0, 51, 0, 0], ""unused_pointer"": 0}"
extermination-ep2/q174-bb-e,5,15,"{""base_type"": 519, ""set_flags"": 0, ""runtime_index"": 0, ""file_offset"": 4656, ""floor_field"": 0, ""entity_id_field"": 0, ""group"": 0, ""room"": 8, ""unknown_a3"": 0, ""position"": [-198.0, 0.0, 0.24701811373233795], ""angles"": [0, 49152, 0], ""params"": [1.0, 1.0, 1.0, 2, 0, 0], ""unused_pointer"": 0}"
extermination-ep2/q174-bb-e,5,16,"{""base_type"": 519, ""set_flags"": 0, ""runtime_index"": 0, ""file_offset"": 4724, ""floor_field"": 0, ""entity_id_field"": 0, ""group"": 0, ""room"": 8, ""unknown_a3"": 0, ""position"": [-198.0, 0.0, -19.911376953125], ""angles"": [0, 16384, 0], ""params"": [1.0, 1.0, 1.0, 2, 0, 0], ""unused_pointer"": 0}"
extermination-ep2/q174-bb-e,5,17,"{""base_type"": 519, ""set_flags"": 0, ""runtime_index"": 0, ""file_offset"": 4792, ""floor_field"": 0, ""entity_id_field"": 0, ""group"": 0, ""room"": 8, ""unknown_a3"": 0, ""position"": [-198.0, 0.0, -6.602921485900879], ""angles"": [0, 16384, 0], ""params"": [1.0, 1.0, 1.0, 2, 0, 0], ""unused_pointer"": 0}"
extermination-ep2/q174-bb-e,5,19,"{""base_type"": 519, ""set_flags"": 0, ""runtime_index"": 0, ""file_offset"": 4928, ""floor_field"": 0, ""entity_id_field"": 0, ""group"": 0, ""room"": 9, ""unknown_a3"": 0, ""position"": [-201.5, 0.0, 7.382568359375], ""angles"": [0, 16384, 0], ""params"": [1.0, 1.0, 1.0, 3, 0, 0], ""unused_pointer"": 0}"
extermination-ep2/q174-bb-e,5,20,"{""base_type"": 519, ""set_flags"": 0, ""runtime_index"": 0, ""file_offset"": 4996, ""floor_field"": 0, ""entity_id_field"": 0, ""group"": 0, ""room"": 9, ""unknown_a3"": 0, ""position"": [-201.5, 0.0, -26.84375], ""angles"": [0, 49984, 0], ""params"": [1.0, 1.0, 1.0, 3, 0, 0], ""unused_pointer"": 0}"
extermination-ep2/q174-bb-e,5,21,"{""base_type"": 519, ""set_flags"": 0, ""runtime_index"": 0, ""file_offset"": 5064, ""floor_field"": 0, ""entity_id_field"": 0, ""group"": 0, ""room"": 9, ""unknown_a3"": 0, ""position"": [-201.5, 0.0, -7.43548583984375], ""angles"": [0, 16384, 0], ""params"": [1.0, 1.0, 1.0, 3, 0, 0], ""unused_pointer"": 0}"
extermination-ep2/q174-bb-e,5,25,"{""base_type"": 519, ""set_flags"": 0, ""runtime_index"": 0, ""file_offset"": 5336, ""floor_field"": 0, ""entity_id_field"": 0, ""group"": 0, ""room"": 6, ""unknown_a3"": 0, ""position"": [378.5, 50.0, -8.71429443359375], ""angles"": [0, 15600, 0], ""params"": [1.0, 1.0, 1.0, 5, 0, 0], ""unused_pointer"": 0}"
extermination-ep2/q174-bb-e,5,26,"{""base_type"": 519, ""set_flags"": 0, ""runtime_index"": 0, ""file_offset"": 5404, ""floor_field"": 0, ""entity_id_field"": 0, ""group"": 0, ""room"": 6, ""unknown_a3"": 0, ""position"": [378.5, 50.0, 7.52801513671875], ""angles"": [0, 49152, 0], ""params"": [1.0, 1.0, 1.0, 5, 0, 0], ""unused_pointer"": 0}"
extermination-ep2/q174-bb-e,5,27,"{""base_type"": 519, ""set_flags"": 0, ""runtime_index"": 0, ""file_offset"": 5472, ""floor_field"": 0, ""entity_id_field"": 0, ""group"": 0, ""room"": 5, ""unknown_a3"": 0, ""position"": [203.6999969482422, 50.0, 28.1802978515625], ""angles"": [0, 16384, 0], ""params"": [1.0, 1.0, 1.0, 6, 0, 0], ""unused_pointer"": 0}"
extermination-ep2/q174-bb-e,5,28,"{""base_type"": 519, ""set_flags"": 0, ""runtime_index"": 0, ""file_offset"": 5540, ""floor_field"": 0, ""entity_id_field"": 0, ""group"": 0, ""room"": 5, ""unknown_a3"": 0, ""position"": [203.6999969482422, 50.0, 49.2406005859375], ""angles"": [0, 49152, 0], ""params"": [1.0, 1.0, 1.0, 6, 0, 0], ""unused_pointer"": 0}"
extermination-ep2/q174-bb-e,5,29,"{""base_type"": 519, ""set_flags"": 0, ""runtime_index"": 0, ""file_offset"": 5608, ""floor_field"": 0, ""entity_id_field"": 0, ""group"": 0, ""room"": 4, ""unknown_a3"": 0, ""position"": [200.0, 50.0, -49.58111572265625], ""angles"": [0, 16384, 0], ""params"": [1.0, 1.0, 1.0, 7, 0, 0], ""unused_pointer"": 0}"
extermination-ep2/q174-bb-e,5,30,"{""base_type"": 519, ""set_flags"": 0, ""runtime_index"": 0, ""file_offset"": 5676, ""floor_field"": 0, ""entity_id_field"": 0, ""group"": 0, ""room"": 4, ""unknown_a3"": 0, ""position"": [200.0, 50.0, -28.5], ""angles"": [0, 49152, 0], ""params"": [1.0, 1.0, 1.0, 7, 0, 0], ""unused_pointer"": 0}"
extermination-ep2/q174-bb-e,5,31,"{""base_type"": 519, ""set_flags"": 0, ""runtime_index"": 0, ""file_offset"": 5744, ""floor_field"": 0, ""entity_id_field"": 0, ""group"": 0, ""room"": 3, ""unknown_a3"": 0, ""position"": [70.0, 50.0, -126.80000305175781], ""angles"": [0, 32768, 0], ""params"": [1.0, 1.0, 1.0, 8, 0, 0], ""unused_pointer"": 0}"
extermination-ep2/q174-bb-e,5,32,"{""base_type"": 519, ""set_flags"": 0, ""runtime_index"": 0, ""file_offset"": 5812, ""floor_field"": 0, ""entity_id_field"": 0, ""group"": 0, ""room"": 3, ""unknown_a3"": 0, ""position"": [80.0, 50.0, -126.80000305175781], ""angles"": [0, 0, 0], ""params"": [1.0, 1.0, 1.0, 8, 0, 0], ""unused_pointer"": 0}"
extermination-ep2/q174-bb-e,5,33,"{""base_type"": 519, ""set_flags"": 0, ""runtime_index"": 0, ""file_offset"": 5880, ""floor_field"": 0, ""entity_id_field"": 0, ""group"": 0, ""room"": 3, ""unknown_a3"": 0, ""position"": [70.0, 80.0, -126.80000305175781], ""angles"": [0, 0, 0], ""params"": [1.0, 1.0, 1.0, 8, 0, 0], ""unused_pointer"": 0}"
extermination-ep2/q174-bb-e,5,34,"{""base_type"": 519, ""set_flags"": 0, ""runtime_index"": 0, ""file_offset"": 5948, ""floor_field"": 0, ""entity_id_field"": 0, ""group"": 0, ""room"": 3, ""unknown_a3"": 0, ""position"": [70.0, 60.0, -126.80000305175781], ""angles"": [0, 32768, 0], ""params"": [1.0, 1.0, 1.0, 8, 0, 0], ""unused_pointer"": 0}"
extermination-ep2/q174-bb-e,5,35,"{""base_type"": 519, ""set_flags"": 0, ""runtime_index"": 0, ""file_offset"": 6016, ""floor_field"": 0, ""entity_id_field"": 0, ""group"": 0, ""room"": 3, ""unknown_a3"": 0, ""position"": [80.0, 60.0, -126.80000305175781], ""angles"": [0, 0, 0], ""params"": [1.0, 1.0, 1.0, 8, 0, 0], ""unused_pointer"": 0}"
extermination-ep2/q174-bb-e,5,36,"{""base_type"": 519, ""set_flags"": 0, ""runtime_index"": 0, ""file_offset"": 6084, ""floor_field"": 0, ""entity_id_field"": 0, ""group"": 0, ""room"": 3, ""unknown_a3"": 0, ""position"": [70.0, 70.0, -126.80000305175781], ""angles"": [0, 32768, 0], ""params"": [1.0, 1.0, 1.0, 8, 0, 0], ""unused_pointer"": 0}"
extermination-ep2/q174-bb-e,5,37,"{""base_type"": 519, ""set_flags"": 0, ""runtime_index"": 0, ""file_offset"": 6152, ""floor_field"": 0, ""entity_id_field"": 0, ""group"": 0, ""room"": 3, ""unknown_a3"": 0, ""position"": [80.0, 80.0, -126.80000305175781], ""angles"": [0, 0, 0], ""params"": [1.0, 1.0, 1.0, 8, 0, 0], ""unused_pointer"": 0}"
extermination-ep2/q174-bb-e,5,38,"{""base_type"": 519, ""set_flags"": 0, ""runtime_index"": 0, ""file_offset"": 6220, ""floor_field"": 0, ""entity_id_field"": 0, ""group"": 0, ""room"": 3, ""unknown_a3"": 0, ""position"": [80.0, 70.0, -126.80000305175781], ""angles"": [0, 0, 0], ""params"": [1.0, 1.0, 1.0, 8, 0, 0], ""unused_pointer"": 0}"
extermination-ep2/q233-bb-e,9,15,"{""base_type"": 519, ""set_flags"": 0, ""runtime_index"": 2098, ""file_offset"": 12628, ""floor_field"": 9, ""entity_id_field"": 18514, ""group"": 0, ""room"": 3, ""unknown_a3"": 0, ""position"": [-688.1290893554688, 10.0, -339.48114013671875], ""angles"": [0, 4096, 0], ""params"": [1.0, 1.0, 1.0, 0, 0, 0], ""unused_pointer"": 72660864}"
extermination-ep2/q233-bb-e,9,17,"{""base_type"": 519, ""set_flags"": 0, ""runtime_index"": 2099, ""file_offset"": 12764, ""floor_field"": 9, ""entity_id_field"": 18518, ""group"": 0, ""room"": 3, ""unknown_a3"": 0, ""position"": [-644.66064453125, 10.0, -369.9700927734375], ""angles"": [0, 36864, 0], ""params"": [1.0, 1.0, 1.0, 0, 0, 0], ""unused_pointer"": 72662320}"
extermination-ep2/q233-bb-e,9,18,"{""base_type"": 519, ""set_flags"": 0, ""runtime_index"": 2103, ""file_offset"": 12832, ""floor_field"": 9, ""entity_id_field"": 18519, ""group"": 0, ""room"": 3, ""unknown_a3"": 0, ""position"": [-696.2940673828125, 6.0, -327.69000244140625], ""angles"": [0, 40960, 0], ""params"": [1.0, 1.0, 1.0, 0, 0, 0], ""unused_pointer"": 72663184}"
extermination-ep2/q233-bb-e,9,59,"{""base_type"": 519, ""set_flags"": 0, ""runtime_index"": 2112, ""file_offset"": 15620, ""floor_field"": 9, ""entity_id_field"": 18491, ""group"": 0, ""room"": 6, ""unknown_a3"": 0, ""position"": [-23.16693115234375, 6.0, 92.38716125488281], ""angles"": [0, 0, 0], ""params"": [1.0, 1.0, 1.0, 0, 0, 0], ""unused_pointer"": 70892240}"
extermination-ep2/q233-bb-e,9,60,"{""base_type"": 519, ""set_flags"": 0, ""runtime_index"": 2117, ""file_offset"": 15688, ""floor_field"": 9, ""entity_id_field"": 18492, ""group"": 0, ""room"": 6, ""unknown_a3"": 0, ""position"": [-103.549072265625, 10.0, 270.7737121582031], ""angles"": [0, 24576, 0], ""params"": [1.0, 1.0, 1.0, 0, 0, 0], ""unused_pointer"": 70893104}"
extermination-ep2/q233-bb-e,9,98,"{""base_type"": 519, ""set_flags"": 0, ""runtime_index"": 2094, ""file_offset"": 18272, ""floor_field"": 9, ""entity_id_field"": 18924, ""group"": 0, ""room"": 7, ""unknown_a3"": 0, ""position"": [54.365234375, -7.037696838378906, 10.382553100585938], ""angles"": [0, 36864, 0], ""params"": [1.0, 1.0, 1.0, 0, 0, 0], ""unused_pointer"": 206382288}"
extermination-ep2/q233-bb-e,9,101,"{""base_type"": 519, ""set_flags"": 0, ""runtime_index"": 2104, ""file_offset"": 18476, ""floor_field"": 9, ""entity_id_field"": 18927, ""group"": 0, ""room"": 7, ""unknown_a3"": 0, ""position"": [18.85205078125, -5.600000381469727, 164.1502685546875], ""angles"": [0, 12288, 0], ""params"": [1.0, 1.0, 1.0, 0, 0, 0], ""unused_pointer"": 206384224}"
extermination-ep2/q233-bb-e,9,132,"{""base_type"": 519, ""set_flags"": 0, ""runtime_index"": 2142, ""file_offset"": 20584, ""floor_field"": 9, ""entity_id_field"": 18958, ""group"": 0, ""room"": 7, ""unknown_a3"": 0, ""position"": [40.5206298828125, -1.5471792221069336, -53.63026428222656], ""angles"": [0, 0, 0], ""params"": [1.0, 1.0, 1.0, 0, 0, 0], ""unused_pointer"": 206399424}"
extermination-ep2/q233-bb-e,9,172,"{""base_type"": 519, ""set_flags"": 0, ""runtime_index"": 2080, ""file_offset"": 23304, ""floor_field"": 9, ""entity_id_field"": 19400, ""group"": 0, ""room"": 9, ""unknown_a3"": 0, ""position"": [-79.106689453125, 10.0, 37.57427978515625], ""angles"": [0, 0, 0], ""params"": [1.0, 1.0, 1.0, 0, 0, 0], ""unused_pointer"": 70964528}"
extermination-ep2/q233-bb-j,9,15,"{""base_type"": 519, ""set_flags"": 0, ""runtime_index"": 2098, ""file_offset"": 12628, ""floor_field"": 9, ""entity_id_field"": 18514, ""group"": 0, ""room"": 3, ""unknown_a3"": 0, ""position"": [-688.1290893554688, 10.0, -339.48114013671875], ""angles"": [0, 4096, 0], ""params"": [1.0, 1.0, 1.0, 0, 0, 0], ""unused_pointer"": 72660864}"
extermination-ep2/q233-bb-j,9,17,"{""base_type"": 519, ""set_flags"": 0, ""runtime_index"": 2099, ""file_offset"": 12764, ""floor_field"": 9, ""entity_id_field"": 18518, ""group"": 0, ""room"": 3, ""unknown_a3"": 0, ""position"": [-644.66064453125, 10.0, -369.9700927734375], ""angles"": [0, 36864, 0], ""params"": [1.0, 1.0, 1.0, 0, 0, 0], ""unused_pointer"": 72662320}"
extermination-ep2/q233-bb-j,9,18,"{""base_type"": 519, ""set_flags"": 0, ""runtime_index"": 2103, ""file_offset"": 12832, ""floor_field"": 9, ""entity_id_field"": 18519, ""group"": 0, ""room"": 3, ""unknown_a3"": 0, ""position"": [-696.2940673828125, 6.0, -327.69000244140625], ""angles"": [0, 40960, 0], ""params"": [1.0, 1.0, 1.0, 0, 0, 0], ""unused_pointer"": 72663184}"
extermination-ep2/q233-bb-j,9,59,"{""base_type"": 519, ""set_flags"": 0, ""runtime_index"": 2112, ""file_offset"": 15620, ""floor_field"": 9, ""entity_id_field"": 18491, ""group"": 0, ""room"": 6, ""unknown_a3"": 0, ""position"": [-23.16693115234375, 6.0, 92.38716125488281], ""angles"": [0, 0, 0], ""params"": [1.0, 1.0, 1.0, 0, 0, 0], ""unused_pointer"": 70892240}"
extermination-ep2/q233-bb-j,9,60,"{""base_type"": 519, ""set_flags"": 0, ""runtime_index"": 2117, ""file_offset"": 15688, ""floor_field"": 9, ""entity_id_field"": 18492, ""group"": 0, ""room"": 6, ""unknown_a3"": 0, ""position"": [-103.549072265625, 10.0, 270.7737121582031], ""angles"": [0, 24576, 0], ""params"": [1.0, 1.0, 1.0, 0, 0, 0], ""unused_pointer"": 70893104}"
extermination-ep2/q233-bb-j,9,98,"{""base_type"": 519, ""set_flags"": 0, ""runtime_index"": 2094, ""file_offset"": 18272, ""floor_field"": 9, ""entity_id_field"": 18924, ""group"": 0, ""room"": 7, ""unknown_a3"": 0, ""position"": [54.365234375, -7.037696838378906, 10.382553100585938], ""angles"": [0, 36864, 0], ""params"": [1.0, 1.0, 1.0, 0, 0, 0], ""unused_pointer"": 206382288}"
extermination-ep2/q233-bb-j,9,101,"{""base_type"": 519, ""set_flags"": 0, ""runtime_index"": 2104, ""file_offset"": 18476, ""floor_field"": 9, ""entity_id_field"": 18927, ""group"": 0, ""room"": 7, ""unknown_a3"": 0, ""position"": [18.85205078125, -5.600000381469727, 164.1502685546875], ""angles"": [0, 12288, 0], ""params"": [1.0, 1.0, 1.0, 0, 0, 0], ""unused_pointer"": 206384224}"
extermination-ep2/q233-bb-j,9,132,"{""base_type"": 519, ""set_flags"": 0, ""runtime_index"": 2142, ""file_offset"": 20584, ""floor_field"": 9, ""entity_id_field"": 18958, ""group"": 0, ""room"": 7, ""unknown_a3"": 0, ""position"": [40.5206298828125, -1.5471792221069336, -53.63026428222656], ""angles"": [0, 0, 0], ""params"": [1.0, 1.0, 1.0, 0, 0, 0], ""unused_pointer"": 206399424}"
extermination-ep2/q233-bb-j,9,172,"{""base_type"": 519, ""set_flags"": 0, ""runtime_index"": 2080, ""file_offset"": 23304, ""floor_field"": 9, ""entity_id_field"": 19400, ""group"": 0, ""room"": 9, ""unknown_a3"": 0, ""position"": [-79.106689453125, 10.0, 37.57427978515625], ""angles"": [0, 0, 0], ""params"": [1.0, 1.0, 1.0, 0, 0, 0], ""unused_pointer"": 70964528}"
extermination-ep2/q234-bb-e,5,60,"{""base_type"": 519, ""set_flags"": 0, ""runtime_index"": 2068, ""file_offset"": 7104, ""floor_field"": 5, ""entity_id_field"": 18484, ""group"": 0, ""room"": 5, ""unknown_a3"": 0, ""position"": [-178.72998046875, 50.0, -38.85003662109375], ""angles"": [0, 8192, 0], ""params"": [1.0, 1.0, 1.0, 0, 0, 0], ""unused_pointer"": 70756752}"
extermination-ep2/q234-bb-e,5,76,"{""base_type"": 519, ""set_flags"": 0, ""runtime_index"": 2158, ""file_offset"": 8192, ""floor_field"": 5, ""entity_id_field"": 18612, ""group"": 0, ""room"": 6, ""unknown_a3"": 0, ""position"": [370.0, 50.0, 10.0], ""angles"": [0, 16384, 0], ""params"": [1.0, 1.0, 1.0, 0, 0, 0], ""unused_pointer"": 70882848}"
extermination-ep2/q234-bb-e,8,12,"{""base_type"": 519, ""set_flags"": 0, ""runtime_index"": 2125, ""file_offset"": 13308, ""floor_field"": 8, ""entity_id_field"": 18567, ""group"": 0, ""room"": 2, ""unknown_a3"": 0, ""position"": [-65.0, -174.0, -310.0], ""angles"": [0, 69632, 0], ""params"": [1.0, 1.0, 1.0, 150, 0, 0], ""unused_pointer"": 70756816}"
extermination-ep2/q234-bb-e,8,13,"{""base_type"": 519, ""set_flags"": 0, ""runtime_index"": 2120, ""file_offset"": 13376, ""floor_field"": 8, ""entity_id_field"": 18568, ""group"": 0, ""room"": 2, ""unknown_a3"": 0, ""position"": [-32.0, -172.0, -310.0], ""angles"": [0, 0, 0], ""params"": [1.0, 1.0, 1.0, 150, 0, 0], ""unused_pointer"": 70758096}"
extermination-ep2/q234-bb-e,8,14,"{""base_type"": 519, ""set_flags"": 0, ""runtime_index"": 2124, ""file_offset"": 13444, ""floor_field"": 8, ""entity_id_field"": 18569, ""group"": 0, ""room"": 2, ""unknown_a3"": 0, ""position"": [-50.0, -171.0, -315.0], ""angles"": [0, 45056, 0], ""params"": [1.0, 1.0, 1.0, 150, 0, 0], ""unused_pointer"": 70759232}"
extermination-ep2/q234-bb-e,8,24,"{""base_type"": 519, ""set_flags"": 0, ""runtime_index"": 2097, ""file_offset"": 14124, ""floor_field"": 8, ""entity_id_field"": 18579, ""group"": 0, ""room"": 2, ""unknown_a3"": 0, ""position"": [-214.11083984375, -107.22183990478516, 223.8919677734375], ""angles"": [0, 0, 0], ""params"": [1.0, 1.0, 1.0, 0, 0, 0], ""unused_pointer"": 70768128}"
extermination-ep2/q234-bb-e,8,61,"{""base_type"": 519, ""set_flags"": 2, ""runtime_index"": 1168, ""file_offset"": 16640, ""floor_field"": 8, ""entity_id_field"": 18501, ""group"": 0, ""room"": 3, ""unknown_a3"": 0, ""position"": [304.0, 0.0, -96.0], ""angles"": [0, 16384, 0], ""params"": [1.0, 1.0, 1.0, 7, 0, 0], ""unused_pointer"": 70761632}"
extermination-ep2/q234-bb-e,8,94,"{""base_type"": 519, ""set_flags"": 2, ""runtime_index"": 1203, ""file_offset"": 18884, ""floor_field"": 8, ""entity_id_field"": 18534, ""group"": 0, ""room"": 3, ""unknown_a3"": 0, ""position"": [-232.25830078125, -99.00025177001953, -56.8240966796875], ""angles"": [0, 40960, 0], ""params"": [1.0, 1.0, 1.0, 4, 0, 0], ""unused_pointer"": 70768128}"
extermination-ep2/q234-bb-e,8,95,"{""base_type"": 519, ""set_flags"": 2, ""runtime_index"": 1204, ""file_offset"": 18952, ""floor_field"": 8, ""entity_id_field"": 18535, ""group"": 0, ""room"": 3, ""unknown_a3"": 0, ""position"": [-251.32386779785156, -99.0, -45.429443359375], ""angles"": [0, 69632, 0], ""params"": [1.0, 1.0, 1.0, 4, 0, 0], ""unused_pointer"": 70768992}"
extermination-ep2/q234-bb-e,8,115,"{""base_type"": 519, ""set_flags"": 0, ""runtime_index"": 2085, ""file_offset"": 20312, ""floor_field"": 8, ""entity_id_field"": 18524, ""group"": 0, ""room"": 4, ""unknown_a3"": 0, ""position"": [-171.33999633789062, -1.5199999809265137, -165.80999755859375], ""angles"": [0, 81920, 0], ""params"": [1.0, 1.0, 1.0, 18, 0, 0], ""unused_pointer"": 70756080}"
extermination-ep2/q234-bb-e,8,118,"{""base_type"": 519, ""set_flags"": 0, ""runtime_index"": 2122, ""file_offset"": 20516, ""floor_field"": 8, ""entity_id_field"": 18527, ""group"": 0, ""room"": 4, ""unknown_a3"": 0, ""position"": [108.66845703125, 0.0, 206.3699951171875], ""angles"": [0, 0, 0], ""params"": [1.0, 1.0, 1.0, 151, 0, 0], ""unused_pointer"": 70758272}"
extermination-ep2/q234-bb-e,8,122,"{""base_type"": 519, ""set_flags"": 0, ""runtime_index"": 2126, ""file_offset"": 20788, ""floor_field"": 8, ""entity_id_field"": 18531, ""group"": 0, ""room"": 4, ""unknown_a3"": 0, ""position"": [105.483642578125, 2.0, 220.8604736328125], ""angles"": [0, 20480, 0], ""params"": [1.0, 1.0, 1.0, 151, 0, 0], ""unused_pointer"": 70760352}"
extermination-ep2/q234-bb-e,8,123,"{""base_type"": 519, ""set_flags"": 0, ""runtime_index"": 2042, ""file_offset"": 20856, ""floor_field"": 8, ""entity_id_field"": 18532, ""group"": 0, ""room"": 4, ""unknown_a3"": 0, ""position"": [92.739990234375, -2.0, 210.0899658203125], ""angles"": [0, 36864, 0], ""params"": [1.0, 1.0, 1.0, 151, 0, 0], ""unused_pointer"": 70761216}"
extermination-ep2/q234-bb-e,8,124,"{""base_type"": 519, ""set_flags"": 0, ""runtime_index"": 2110, ""file_offset"": 20924, ""floor_field"": 8, ""entity_id_field"": 18533, ""group"": 0, ""room"": 4, ""unknown_a3"": 0, ""position"": [92.73504638671875, -5.0, 216.0899658203125], ""angles"": [0, 36864, 0], ""params"": [1.0, 1.0, 1.0, 151, 0, 0], ""unused_pointer"": 70762080}"
extermination-ep2/q234-bb-e,8,127,"{""base_type"": 519, ""set_flags"": 0, ""runtime_index"": 2087, ""file_offset"": 21128, ""floor_field"": 8, ""entity_id_field"": 18536, ""group"": 0, ""room"": 4, ""unknown_a3"": 0, ""position"": [-162.43936157226562, -6.519999980926514, -149.58001708984375], ""angles"": [0, 53248, 0], ""params"": [1.0, 1.0, 1.0, 18, 0, 0], ""unused_pointer"": 70764720}"
extermination-ep2/q234-bb-e,8,133,"{""base_type"": 519, ""set_flags"": 0, ""runtime_index"": 2088, ""file_offset"": 21536, ""floor_field"": 8, ""entity_id_field"": 18542, ""group"": 0, ""room"": 4, ""unknown_a3"": 0, ""position"": [-157.1209716796875, 0.0, -127.30657958984375], ""angles"": [0, 53248, 0], ""params"": [1.0, 1.0, 1.0, 18, 0, 0], ""unused_pointer"": 70768624}"
extermination-ep2/q234-bb-e,8,134,"{""base_type"": 519, ""set_flags"": 0, ""runtime_index"": 2089, ""file_offset"": 21604, ""floor_field"": 8, ""entity_id_field"": 18543, ""group"": 0, ""room"": 4, ""unknown_a3"": 0, ""position"": [-154.52542114257812, -7.0, -174.18988037109375], ""angles"": [0, 40960, 0], ""params"": [1.0, 1.0, 1.0, 18, 0, 0], ""unused_pointer"": 70769488}"
extermination-ep2/q234-bb-e,8,151,"{""base_type"": 519, ""set_flags"": 0, ""runtime_index"": 2086, ""file_offset"": 22760, ""floor_field"": 8, ""entity_id_field"": 18459, ""group"": 0, ""room"": 5, ""unknown_a3"": 0, ""position"": [208.1131591796875, 100.0, 81.12646484375], ""angles"": [0, 0, 0], ""params"": [1.0, 1.0, 1.0, 0, 0, 0], ""unused_pointer"": 70886512}"
extermination-ep2/q234-bb-e,8,162,"{""base_type"": 519, ""set_flags"": 0, ""runtime_index"": 2081, ""file_offset"": 23508, ""floor_field"": 8, ""entity_id_field"": 18700, ""group"": 0, ""room"": 8, ""unknown_a3"": 0, ""position"": [-87.33001708984375, 0.0, -338.9200439453125], ""angles"": [0, 28672, 0], ""params"": [1.0, 1.0, 1.0, 13, 0, 0], ""unused_pointer"": 70882112}"
extermination-ep2/q234-bb-e,8,169,"{""base_type"": 519, ""set_flags"": 2, ""runtime_index"": 1271, ""file_offset"": 23984, ""floor_field"": 8, ""entity_id_field"": 18677, ""group"": 0, ""room"": 8, ""unknown_a3"": 0, ""position"": [-67.3311767578125, 0.0, -338.91839599609375], ""angles"": [0, 0, 0], ""params"": [1.0, 1.0, 1.0, 13, 0, 0], ""unused_pointer"": 70885632}"
extermination-ep2/q234-bb-e,8,172,"{""base_type"": 519, ""set_flags"": 2, ""runtime_index"": 1274, ""file_offset"": 24188, ""floor_field"": 8, ""entity_id_field"": 18680, ""group"": 0, ""room"": 8, ""unknown_a3"": 0, ""position"": [-91.92889404296875, -2.09808349609375e-05, -202.29449462890625], ""angles"": [0, 28672, 0], ""params"": [1.0, 1.0, 1.0, 14, 0, 0], ""unused_pointer"": 70887536}"
extermination-ep2/q234-bb-e,8,213,"{""base_type"": 519, ""set_flags"": 0, ""runtime_index"": 2047, ""file_offset"": 26976, ""floor_field"": 8, ""entity_id_field"": 18565, ""group"": 0, ""room"": 10, ""unknown_a3"": 0, ""position"": [-230.77044677734375, -121.76861572265625, 71.64727783203125], ""angles"": [0, 16384, 0], ""params"": [1.0, 1.0, 1.0, 3, 0, 0], ""unused_pointer"": 70727712}"
extermination-ep2/q234-bb-j,5,60,"{""base_type"": 519, ""set_flags"": 0, ""runtime_index"": 2068, ""file_offset"": 7104, ""floor_field"": 5, ""entity_id_field"": 18484, ""group"": 0, ""room"": 5, ""unknown_a3"": 0, ""position"": [-178.72998046875, 50.0, -38.85003662109375], ""angles"": [0, 8192, 0], ""params"": [1.0, 1.0, 1.0, 0, 0, 0], ""unused_pointer"": 70756752}"
extermination-ep2/q234-bb-j,5,76,"{""base_type"": 519, ""set_flags"": 0, ""runtime_index"": 2158, ""file_offset"": 8192, ""floor_field"": 5, ""entity_id_field"": 18612, ""group"": 0, ""room"": 6, ""unknown_a3"": 0, ""position"": [370.0, 50.0, 10.0], ""angles"": [0, 16384, 0], ""params"": [1.0, 1.0, 1.0, 0, 0, 0], ""unused_pointer"": 70882848}"
extermination-ep2/q234-bb-j,8,12,"{""base_type"": 519, ""set_flags"": 0, ""runtime_index"": 2125, ""file_offset"": 13308, ""floor_field"": 8, ""entity_id_field"": 18567, ""group"": 0, ""room"": 2, ""unknown_a3"": 0, ""position"": [-65.0, -174.0, -310.0], ""angles"": [0, 69632, 0], ""params"": [1.0, 1.0, 1.0, 150, 0, 0], ""unused_pointer"": 70756816}"
extermination-ep2/q234-bb-j,8,13,"{""base_type"": 519, ""set_flags"": 0, ""runtime_index"": 2120, ""file_offset"": 13376, ""floor_field"": 8, ""entity_id_field"": 18568, ""group"": 0, ""room"": 2, ""unknown_a3"": 0, ""position"": [-32.0, -172.0, -310.0], ""angles"": [0, 0, 0], ""params"": [1.0, 1.0, 1.0, 150, 0, 0], ""unused_pointer"": 70758096}"
extermination-ep2/q234-bb-j,8,14,"{""base_type"": 519, ""set_flags"": 0, ""runtime_index"": 2124, ""file_offset"": 13444, ""floor_field"": 8, ""entity_id_field"": 18569, ""group"": 0, ""room"": 2, ""unknown_a3"": 0, ""position"": [-50.0, -171.0, -315.0], ""angles"": [0, 45056, 0], ""params"": [1.0, 1.0, 1.0, 150, 0, 0], ""unused_pointer"": 70759232}"
extermination-ep2/q234-bb-j,8,24,"{""base_type"": 519, ""set_flags"": 0, ""runtime_index"": 2097, ""file_offset"": 14124, ""floor_field"": 8, ""entity_id_field"": 18579, ""group"": 0, ""room"": 2, ""unknown_a3"": 0, ""position"": [-214.11083984375, -107.22183990478516, 223.8919677734375], ""angles"": [0, 0, 0], ""params"": [1.0, 1.0, 1.0, 0, 0, 0], ""unused_pointer"": 70768128}"
extermination-ep2/q234-bb-j,8,61,"{""base_type"": 519, ""set_flags"": 2, ""runtime_index"": 1168, ""file_offset"": 16640, ""floor_field"": 8, ""entity_id_field"": 18501, ""group"": 0, ""room"": 3, ""unknown_a3"": 0, ""position"": [304.0, 0.0, -96.0], ""angles"": [0, 16384, 0], ""params"": [1.0, 1.0, 1.0, 7, 0, 0], ""unused_pointer"": 70761632}"
extermination-ep2/q234-bb-j,8,94,"{""base_type"": 519, ""set_flags"": 2, ""runtime_index"": 1203, ""file_offset"": 18884, ""floor_field"": 8, ""entity_id_field"": 18534, ""group"": 0, ""room"": 3, ""unknown_a3"": 0, ""position"": [-232.25830078125, -99.00025177001953, -56.8240966796875], ""angles"": [0, 40960, 0], ""params"": [1.0, 1.0, 1.0, 4, 0, 0], ""unused_pointer"": 70768128}"
extermination-ep2/q234-bb-j,8,95,"{""base_type"": 519, ""set_flags"": 2, ""runtime_index"": 1204, ""file_offset"": 18952, ""floor_field"": 8, ""entity_id_field"": 18535, ""group"": 0, ""room"": 3, ""unknown_a3"": 0, ""position"": [-251.32386779785156, -99.0, -45.429443359375], ""angles"": [0, 69632, 0], ""params"": [1.0, 1.0, 1.0, 4, 0, 0], ""unused_pointer"": 70768992}"
extermination-ep2/q234-bb-j,8,115,"{""base_type"": 519, ""set_flags"": 0, ""runtime_index"": 2085, ""file_offset"": 20312, ""floor_field"": 8, ""entity_id_field"": 18524, ""group"": 0, ""room"": 4, ""unknown_a3"": 0, ""position"": [-171.33999633789062, -1.5199999809265137, -165.80999755859375], ""angles"": [0, 81920, 0], ""params"": [1.0, 1.0, 1.0, 18, 0, 0], ""unused_pointer"": 70756080}"
extermination-ep2/q234-bb-j,8,118,"{""base_type"": 519, ""set_flags"": 0, ""runtime_index"": 2122, ""file_offset"": 20516, ""floor_field"": 8, ""entity_id_field"": 18527, ""group"": 0, ""room"": 4, ""unknown_a3"": 0, ""position"": [108.66845703125, 0.0, 206.3699951171875], ""angles"": [0, 0, 0], ""params"": [1.0, 1.0, 1.0, 151, 0, 0], ""unused_pointer"": 70758272}"
extermination-ep2/q234-bb-j,8,122,"{""base_type"": 519, ""set_flags"": 0, ""runtime_index"": 2126, ""file_offset"": 20788, ""floor_field"": 8, ""entity_id_field"": 18531, ""group"": 0, ""room"": 4, ""unknown_a3"": 0, ""position"": [105.483642578125, 2.0, 220.8604736328125], ""angles"": [0, 20480, 0], ""params"": [1.0, 1.0, 1.0, 151, 0, 0], ""unused_pointer"": 70760352}"
extermination-ep2/q234-bb-j,8,123,"{""base_type"": 519, ""set_flags"": 0, ""runtime_index"": 2042, ""file_offset"": 20856, ""floor_field"": 8, ""entity_id_field"": 18532, ""group"": 0, ""room"": 4, ""unknown_a3"": 0, ""position"": [92.739990234375, -2.0, 210.0899658203125], ""angles"": [0, 36864, 0], ""params"": [1.0, 1.0, 1.0, 151, 0, 0], ""unused_pointer"": 70761216}"
extermination-ep2/q234-bb-j,8,124,"{""base_type"": 519, ""set_flags"": 0, ""runtime_index"": 2110, ""file_offset"": 20924, ""floor_field"": 8, ""entity_id_field"": 18533, ""group"": 0, ""room"": 4, ""unknown_a3"": 0, ""position"": [92.73504638671875, -5.0, 216.0899658203125], ""angles"": [0, 36864, 0], ""params"": [1.0, 1.0, 1.0, 151, 0, 0], ""unused_pointer"": 70762080}"
extermination-ep2/q234-bb-j,8,127,"{""base_type"": 519, ""set_flags"": 0, ""runtime_index"": 2087, ""file_offset"": 21128, ""floor_field"": 8, ""entity_id_field"": 18536, ""group"": 0, ""room"": 4, ""unknown_a3"": 0, ""position"": [-162.43936157226562, -6.519999980926514, -149.58001708984375], ""angles"": [0, 53248, 0], ""params"": [1.0, 1.0, 1.0, 18, 0, 0], ""unused_pointer"": 70764720}"
extermination-ep2/q234-bb-j,8,133,"{""base_type"": 519, ""set_flags"": 0, ""runtime_index"": 2088, ""file_offset"": 21536, ""floor_field"": 8, ""entity_id_field"": 18542, ""group"": 0, ""room"": 4, ""unknown_a3"": 0, ""position"": [-157.1209716796875, 0.0, -127.30657958984375], ""angles"": [0, 53248, 0], ""params"": [1.0, 1.0, 1.0, 18, 0, 0], ""unused_pointer"": 70768624}"
extermination-ep2/q234-bb-j,8,134,"{""base_type"": 519, ""set_flags"": 0, ""runtime_index"": 2089, ""file_offset"": 21604, ""floor_field"": 8, ""entity_id_field"": 18543, ""group"": 0, ""room"": 4, ""unknown_a3"": 0, ""position"": [-154.52542114257812, -7.0, -174.18988037109375], ""angles"": [0, 40960, 0], ""params"": [1.0, 1.0, 1.0, 18, 0, 0], ""unused_pointer"": 70769488}"
extermination-ep2/q234-bb-j,8,151,"{""base_type"": 519, ""set_flags"": 0, ""runtime_index"": 2086, ""file_offset"": 22760, ""floor_field"": 8, ""entity_id_field"": 18459, ""group"": 0, ""room"": 5, ""unknown_a3"": 0, ""position"": [208.1131591796875, 100.0, 81.12646484375], ""angles"": [0, 0, 0], ""params"": [1.0, 1.0, 1.0, 0, 0, 0], ""unused_pointer"": 70886512}"
extermination-ep2/q234-bb-j,8,162,"{""base_type"": 519, ""set_flags"": 0, ""runtime_index"": 2081, ""file_offset"": 23508, ""floor_field"": 8, ""entity_id_field"": 18700, ""group"": 0, ""room"": 8, ""unknown_a3"": 0, ""position"": [-87.33001708984375, 0.0, -338.9200439453125], ""angles"": [0, 28672, 0], ""params"": [1.0, 1.0, 1.0, 13, 0, 0], ""unused_pointer"": 70882112}"
extermination-ep2/q234-bb-j,8,169,"{""base_type"": 519, ""set_flags"": 2, ""runtime_index"": 1271, ""file_offset"": 23984, ""floor_field"": 8, ""entity_id_field"": 18677, ""group"": 0, ""room"": 8, ""unknown_a3"": 0, ""position"": [-67.3311767578125, 0.0, -338.91839599609375], ""angles"": [0, 0, 0], ""params"": [1.0, 1.0, 1.0, 13, 0, 0], ""unused_pointer"": 70885632}"
extermination-ep2/q234-bb-j,8,172,"{""base_type"": 519, ""set_flags"": 2, ""runtime_index"": 1274, ""file_offset"": 24188, ""floor_field"": 8, ""entity_id_field"": 18680, ""group"": 0, ""room"": 8, ""unknown_a3"": 0, ""position"": [-91.92889404296875, -2.09808349609375e-05, -202.29449462890625], ""angles"": [0, 28672, 0], ""params"": [1.0, 1.0, 1.0, 14, 0, 0], ""unused_pointer"": 70887536}"
extermination-ep2/q234-bb-j,8,213,"{""base_type"": 519, ""set_flags"": 0, ""runtime_index"": 2047, ""file_offset"": 26976, ""floor_field"": 8, ""entity_id_field"": 18565, ""group"": 0, ""room"": 10, ""unknown_a3"": 0, ""position"": [-230.77044677734375, -121.76861572265625, 71.64727783203125], ""angles"": [0, 16384, 0], ""params"": [1.0, 1.0, 1.0, 3, 0, 0], ""unused_pointer"": 70727712}"
extermination-ep2/q280-bb-e,7,27,"{""base_type"": 519, ""set_flags"": 0, ""runtime_index"": 14084, ""file_offset"": 19580, ""floor_field"": 7, ""entity_id_field"": 57672, ""group"": 0, ""room"": 6, ""unknown_a3"": 0, ""position"": [-94.0, -54.195987701416016, 110.0], ""angles"": [0, 32768, 0], ""params"": [1.0, 1.0, 1.0, 101, 0, 0], ""unused_pointer"": 9757312}"
extermination-ep2/q280-bb-e,7,28,"{""base_type"": 519, ""set_flags"": 0, ""runtime_index"": 14596, ""file_offset"": 19648, ""floor_field"": 7, ""entity_id_field"": 57928, ""group"": 0, ""room"": 6, ""unknown_a3"": 0, ""position"": [-94.0, -44.20000076293945, 110.0], ""angles"": [0, 4096, 0], ""params"": [1.0, 1.0, 1.0, 101, 0, 0], ""unused_pointer"": 3768050304}"
extermination-ep2/q280-bb-e,7,68,"{""base_type"": 519, ""set_flags"": 512, ""runtime_index"": 20228, ""file_offset"": 22368, ""floor_field"": 7, ""entity_id_field"": 20292, ""group"": 0, ""room"": 8, ""unknown_a3"": 0, ""position"": [9.370010375976562, -66.9698486328125, -51.158935546875], ""angles"": [0, 12288, 0], ""params"": [1.0, 1.0, 1.0, 99, 0, 0], ""unused_pointer"": 2961241216}"
extermination-ep2/q280-bb-e,7,69,"{""base_type"": 519, ""set_flags"": 512, ""runtime_index"": 20484, ""file_offset"": 22436, ""floor_field"": 7, ""entity_id_field"": 20548, ""group"": 0, ""room"": 8, ""unknown_a3"": 0, ""position"": [-79.57000732421875, -66.9698486328125, 48.20343017578125], ""angles"": [0, 20480, 0], ""params"": [1.0, 1.0, 1.0, 99, 0, 0], ""unused_pointer"": 3766809728}"
extermination-ep2/q280-bb-e,9,43,"{""base_type"": 519, ""set_flags"": 2, ""runtime_index"": 115, ""file_offset"": 25852, ""floor_field"": 9, ""entity_id_field"": 18926, ""group"": 0, ""room"": 3, ""unknown_a3"": 0, ""position"": [-706.0, 9.091863632202148, -327.0], ""angles"": [0, 8192, 0], ""params"": [1.0, 1.0, 1.0, 0, 0, 0], ""unused_pointer"": 77533808}"
extermination-ep2/q280-bb-e,9,44,"{""base_type"": 519, ""set_flags"": 2, ""runtime_index"": 116, ""file_offset"": 25920, ""floor_field"": 9, ""entity_id_field"": 18927, ""group"": 0, ""room"": 3, ""unknown_a3"": 0, ""position"": [-689.0, 9.0, -345.0], ""angles"": [0, 40960, 0], ""params"": [1.0, 1.0, 1.0, 0, 0, 0], ""unused_pointer"": 77534672}"
extermination-ep2/q280-bb-e,9,45,"{""base_type"": 519, ""set_flags"": 2, ""runtime_index"": 117, ""file_offset"": 25988, ""floor_field"": 9, ""entity_id_field"": 18928, ""group"": 0, ""room"": 3, ""unknown_a3"": 0, ""position"": [-686.0, 15.0, -350.0], ""angles"": [0, 8192, 0], ""params"": [1.0, 1.0, 1.0, 0, 0, 0], ""unused_pointer"": 77535536}"
extermination-ep2/q280-bb-e,9,50,"{""base_type"": 519, ""set_flags"": 2, ""runtime_index"": 122, ""file_offset"": 26328, ""floor_field"": 9, ""entity_id_field"": 18933, ""group"": 0, ""room"": 3, ""unknown_a3"": 0, ""position"": [-335.0, -11.0, 190.0], ""angles"": [0, 40960, 0], ""params"": [1.0, 1.0, 1.0, 0, 0, 0], ""unused_pointer"": 77537136}"
government-ep2/q461-bb-e,6,14,"{""base_type"": 519, ""set_flags"": 2, ""runtime_index"": 151, ""file_offset"": 10316, ""floor_field"": 6, ""entity_id_field"": 16535, ""group"": 0, ""room"": 3, ""unknown_a3"": 0, ""position"": [191.0, -8.0, -165.0], ""angles"": [0, 0, 0], ""params"": [1.0, 1.0, 1.0, 99, 0, 0], ""unused_pointer"": 75201584}"
government-ep2/q461-bb-e,7,35,"{""base_type"": 519, ""set_flags"": 2, ""runtime_index"": 279, ""file_offset"": 19036, ""floor_field"": 7, ""entity_id_field"": 16663, ""group"": 0, ""room"": 6, ""unknown_a3"": 0, ""position"": [-94.0, -54.195987701416016, 110.0], ""angles"": [0, 32768, 0], ""params"": [1.0, 1.0, 1.0, 101, 0, 0], ""unused_pointer"": 75210864}"
government-ep2/q461-bb-e,7,37,"{""base_type"": 519, ""set_flags"": 2, ""runtime_index"": 281, ""file_offset"": 19172, ""floor_field"": 7, ""entity_id_field"": 16665, ""group"": 0, ""room"": 6, ""unknown_a3"": 0, ""position"": [-94.0, -44.20000076293945, 110.0], ""angles"": [0, 4096, 0], ""params"": [1.0, 1.0, 1.0, 101, 0, 0], ""unused_pointer"": 75212160}"
government-ep2/q461-bb-e,7,91,"{""base_type"": 519, ""set_flags"": 2, ""runtime_index"": 335, ""file_offset"": 22844, ""floor_field"": 7, ""entity_id_field"": 16719, ""group"": 0, ""room"": 8, ""unknown_a3"": 0, ""position"": [9.370010375976562, -66.9698486328125, -51.158935546875], ""angles"": [0, 12288, 0], ""params"": [1.0, 1.0, 1.0, 99, 0, 0], ""unused_pointer"": 75261248}"
government-ep2/q461-bb-e,7,92,"{""base_type"": 519, ""set_flags"": 2, ""runtime_index"": 336, ""file_offset"": 22912, ""floor_field"": 7, ""entity_id_field"": 16720, ""group"": 0, ""room"": 8, ""unknown_a3"": 0, ""position"": [-79.57000732421875, -66.9698486328125, 48.20343017578125], ""angles"": [0, 20480, 0], ""params"": [1.0, 1.0, 1.0, 99, 0, 0], ""unused_pointer"": 75262112}"
government-ep2/q461-bb-j,6,14,"{""base_type"": 519, ""set_flags"": 2, ""runtime_index"": 151, ""file_offset"": 10316, ""floor_field"": 6, ""entity_id_field"": 16535, ""group"": 0, ""room"": 3, ""unknown_a3"": 0, ""position"": [191.0, -8.0, -165.0], ""angles"": [0, 0, 0], ""params"": [1.0, 1.0, 1.0, 99, 0, 0], ""unused_pointer"": 75201584}"
government-ep2/q461-bb-j,7,35,"{""base_type"": 519, ""set_flags"": 2, ""runtime_index"": 279, ""file_offset"": 19036, ""floor_field"": 7, ""entity_id_field"": 16663, ""group"": 0, ""room"": 6, ""unknown_a3"": 0, ""position"": [-94.0, -54.195987701416016, 110.0], ""angles"": [0, 32768, 0], ""params"": [1.0, 1.0, 1.0, 101, 0, 0], ""unused_pointer"": 75210864}"
government-ep2/q461-bb-j,7,37,"{""base_type"": 519, ""set_flags"": 2, ""runtime_index"": 281, ""file_offset"": 19172, ""floor_field"": 7, ""entity_id_field"": 16665, ""group"": 0, ""room"": 6, ""unknown_a3"": 0, ""position"": [-94.0, -44.20000076293945, 110.0], ""angles"": [0, 4096, 0], ""params"": [1.0, 1.0, 1.0, 101, 0, 0], ""unused_pointer"": 75212160}"
government-ep2/q461-bb-j,7,91,"{""base_type"": 519, ""set_flags"": 2, ""runtime_index"": 335, ""file_offset"": 22844, ""floor_field"": 7, ""entity_id_field"": 16719, ""group"": 0, ""room"": 8, ""unknown_a3"": 0, ""position"": [9.370010375976562, -66.9698486328125, -51.158935546875], ""angles"": [0, 12288, 0], ""params"": [1.0, 1.0, 1.0, 99, 0, 0], ""unused_pointer"": 75261248}"
government-ep2/q461-bb-j,7,92,"{""base_type"": 519, ""set_flags"": 2, ""runtime_index"": 336, ""file_offset"": 22912, ""floor_field"": 7, ""entity_id_field"": 16720, ""group"": 0, ""room"": 8, ""unknown_a3"": 0, ""position"": [-79.57000732421875, -66.9698486328125, 48.20343017578125], ""angles"": [0, 20480, 0], ""params"": [1.0, 1.0, 1.0, 99, 0, 0], ""unused_pointer"": 75262112}"
government-ep2/q462-bb-e,7,56,"{""base_type"": 519, ""set_flags"": 2, ""runtime_index"": 109, ""file_offset"": 7444, ""floor_field"": 7, ""entity_id_field"": 16493, ""group"": 0, ""room"": 2, ""unknown_a3"": 0, ""position"": [53.0, -43.0, 25.0], ""angles"": [0, 16384, 0], ""params"": [1.0, 1.0, 1.0, 100, 0, 0], ""unused_pointer"": 118130192}"
government-ep2/q462-bb-e,7,57,"{""base_type"": 519, ""set_flags"": 2, ""runtime_index"": 110, ""file_offset"": 7512, ""floor_field"": 7, ""entity_id_field"": 16494, ""group"": 0, ""room"": 2, ""unknown_a3"": 0, ""position"": [53.0, -43.0, 15.0], ""angles"": [0, 49152, 0], ""params"": [1.0, 1.0, 1.0, 100, 0, 0], ""unused_pointer"": 118131056}"
government-ep2/q462-bb-e,7,114,"{""base_type"": 519, ""set_flags"": 2, ""runtime_index"": 167, ""file_offset"": 11388, ""floor_field"": 7, ""entity_id_field"": 16551, ""group"": 0, ""room"": 8, ""unknown_a3"": 0, ""position"": [9.370010375976562, -66.9698486328125, -51.158935546875], ""angles"": [0, 12288, 0], ""params"": [1.0, 1.0, 1.0, 99, 0, 0], ""unused_pointer"": 118182192}"
government-ep2/q462-bb-e,7,115,"{""base_type"": 519, ""set_flags"": 2, ""runtime_index"": 168, ""file_offset"": 11456, ""floor_field"": 7, ""entity_id_field"": 16552, ""group"": 0, ""room"": 8, ""unknown_a3"": 0, ""position"": [-79.57000732421875, -66.9698486328125, 48.20343017578125], ""angles"": [0, 20480, 0], ""params"": [1.0, 1.0, 1.0, 99, 0, 0], ""unused_pointer"": 118183056}"
government-ep2/q462-bb-e,8,7,"{""base_type"": 519, ""set_flags"": 2, ""runtime_index"": 177, ""file_offset"": 12356, ""floor_field"": 8, ""entity_id_field"": 16561, ""group"": 0, ""room"": 2, ""unknown_a3"": 0, ""position"": [-17.1099853515625, -128.61000061035156, 116.969970703125], ""angles"": [0, 32768, 0], ""params"": [1.0, 1.0, 1.0, 103, 0, 0], ""unused_pointer"": 118104768}"
government-ep2/q462-bb-e,8,8,"{""base_type"": 519, ""set_flags"": 2, ""runtime_index"": 178, ""file_offset"": 12424, ""floor_field"": 8, ""entity_id_field"": 16562, ""group"": 0, ""room"": 2, ""unknown_a3"": 0, ""position"": [-40.0, -128.0, 120.0], ""angles"": [0, 0, 0], ""params"": [1.0, 1.0, 1.0, 103, 0, 0], ""unused_pointer"": 118120032}"
government-ep2/q462-bb-e,8,21,"{""base_type"": 519, ""set_flags"": 2, ""runtime_index"": 191, ""file_offset"": 13308, ""floor_field"": 8, ""entity_id_field"": 16575, ""group"": 0, ""room"": 2, ""unknown_a3"": 0, ""position"": [-27.1099853515625, -118.61000061035156, 116.969970703125], ""angles"": [0, 32768, 0], ""params"": [1.0, 1.0, 1.0, 103, 0, 0], ""unused_pointer"": 118127952}"
government-ep2/q462-bb-e,8,22,"{""base_type"": 519, ""set_flags"": 2, ""runtime_index"": 192, ""file_offset"": 13376, ""floor_field"": 8, ""entity_id_field"": 16576, ""group"": 0, ""room"": 2, ""unknown_a3"": 0, ""position"": [-20.0, -128.61000061035156, 125.0], ""angles"": [0, 32768, 0], ""params"": [1.0, 1.0, 1.0, 104, 0, 0], ""unused_pointer"": 118128816}"
government-ep2/q462-bb-e,8,23,"{""base_type"": 519, ""set_flags"": 2, ""runtime_index"": 193, ""file_offset"": 13444, ""floor_field"": 8, ""entity_id_field"": 16577, ""group"": 0, ""room"": 2, ""unknown_a3"": 0, ""position"": [-39.0, -128.61000061035156, 125.0], ""angles"": [0, 0, 0], ""params"": [1.0, 1.0, 1.0, 104, 0, 0], ""unused_pointer"": 118129680}"
government-ep2/q462-bb-e,8,24,"{""base_type"": 519, ""set_flags"": 2, ""runtime_index"": 194, ""file_offset"": 13512, ""floor_field"": 8, ""entity_id_field"": 16578, ""group"": 0, ""room"": 2, ""unknown_a3"": 0, ""position"": [-39.0, -128.61000061035156, 130.0], ""angles"": [0, 36864, 0], ""params"": [1.0, 1.0, 1.0, 105, 0, 0], ""unused_pointer"": 118130544}"
government-ep2/q462-bb-e,8,25,"{""base_type"": 519, ""set_flags"": 2, ""runtime_index"": 195, ""file_offset"": 13580, ""floor_field"": 8, ""entity_id_field"": 16579, ""group"": 0, ""room"": 2, ""unknown_a3"": 0, ""position"": [-20.0, -129.0, 122.0], ""angles"": [0, 32768, 0], ""params"": [1.0, 1.0, 1.0, 105, 0, 0], ""unused_pointer"": 118131408}"
government-ep2/q462-bb-e,8,54,"{""base_type"": 519, ""set_flags"": 2, ""runtime_index"": 224, ""file_offset"": 15552, ""floor_field"": 8, ""entity_id_field"": 16608, ""group"": 0, ""room"": 3, ""unknown_a3"": 0, ""position"": [304.0, 0.0, -96.0], ""angles"": [0, 16384, 0], ""params"": [1.0, 1.0, 1.0, 7, 0, 0], ""unused_pointer"": 118144160}"
government-ep2/q462-bb-e,8,55,"{""base_type"": 519, ""set_flags"": 2, ""runtime_index"": 225, ""file_offset"": 15620, ""floor_field"": 8, ""entity_id_field"": 16609, ""group"": 0, ""room"": 3, ""unknown_a3"": 0, ""position"": [304.0, 0.0, -73.0], ""angles"": [0, 49152, 0], ""params"": [1.0, 1.0, 1.0, 7, 0, 0], ""unused_pointer"": 118145024}"
government-ep2/q462-bb-e,8,56,"{""base_type"": 519, ""set_flags"": 2, ""runtime_index"": 226, ""file_offset"": 15688, ""floor_field"": 8, ""entity_id_field"": 16610, ""group"": 0, ""room"": 3, ""unknown_a3"": 0, ""position"": [304.0, 0.0, -53.0], ""angles"": [0, 16384, 0], ""params"": [1.0, 1.0, 1.0, 7, 0, 0], ""unused_pointer"": 118145888}"
government-ep2/q462-bb-e,8,89,"{""base_type"": 519, ""set_flags"": 2, ""runtime_index"": 259, ""file_offset"": 17932, ""floor_field"": 8, ""entity_id_field"": 16643, ""group"": 0, ""room"": 3, ""unknown_a3"": 0, ""position"": [-232.25830078125, -99.00025177001953, -56.8240966796875], ""angles"": [0, 40960, 0], ""params"": [1.0, 1.0, 1.0, 4, 0, 0], ""unused_pointer"": 118170432}"
government-ep2/q462-bb-e,8,90,"{""base_type"": 519, ""set_flags"": 2, ""runtime_index"": 260, ""file_offset"": 18000, ""floor_field"": 8, ""entity_id_field"": 16644, ""group"": 0, ""room"": 3, ""unknown_a3"": 0, ""position"": [-251.32386779785156, -99.0, -45.429443359375], ""angles"": [0, 69632, 0], ""params"": [1.0, 1.0, 1.0, 4, 0, 0], ""unused_pointer"": 118171296}"
government-ep2/q462-bb-e,8,119,"{""base_type"": 519, ""set_flags"": 2, ""runtime_index"": 289, ""file_offset"": 19972, ""floor_field"": 8, ""entity_id_field"": 16673, ""group"": 0, ""room"": 4, ""unknown_a3"": 0, ""position"": [88.3800048828125, 0.8799999952316284, -197.77001953125], ""angles"": [0, 53248, 0], ""params"": [1.0, 1.0, 1.0, 11, 0, 0], ""unused_pointer"": 118186832}"
government-ep2/q462-bb-e,8,120,"{""base_type"": 519, ""set_flags"": 2, ""runtime_index"": 290, ""file_offset"": 20040, ""floor_field"": 8, ""entity_id_field"": 16674, ""group"": 0, ""room"": 4, ""unknown_a3"": 0, ""position"": [84.3800048828125, 0.07605868577957153, -219.77001953125], ""angles"": [0, 81920, 0], ""params"": [1.0, 1.0, 1.0, 11, 0, 0], ""unused_pointer"": 118187696}"
government-ep2/q462-bb-e,8,121,"{""base_type"": 519, ""set_flags"": 2, ""runtime_index"": 291, ""file_offset"": 20108, ""floor_field"": 8, ""entity_id_field"": 16675, ""group"": 0, ""room"": 4, ""unknown_a3"": 0, ""position"": [76.3800048828125, -0.00014153867959976196, -240.77001953125], ""angles"": [0, 86016, 0], ""params"": [1.0, 1.0, 1.0, 11, 0, 0], ""unused_pointer"": 118188560}"
government-ep2/q462-bb-e,8,124,"{""base_type"": 519, ""set_flags"": 2, ""runtime_index"": 294, ""file_offset"": 20312, ""floor_field"": 8, ""entity_id_field"": 16678, ""group"": 0, ""room"": 4, ""unknown_a3"": 0, ""position"": [-171.33999633789062, -1.5199999809265137, -165.80999755859375], ""angles"": [0, 81920, 0], ""params"": [1.0, 1.0, 1.0, 99, 0, 0], ""unused_pointer"": 118190432}"
government-ep2/q462-bb-e,8,157,"{""base_type"": 519, ""set_flags"": 2, ""runtime_index"": 327, ""file_offset"": 22556, ""floor_field"": 8, ""entity_id_field"": 16711, ""group"": 0, ""room"": 8, ""unknown_a3"": 0, ""position"": [-67.3311767578125, 0.0, -338.91839599609375], ""angles"": [0, 0, 0], ""params"": [1.0, 1.0, 1.0, 13, 0, 0], ""unused_pointer"": 118212544}"
government-ep2/q462-bb-e,8,158,"{""base_type"": 519, ""set_flags"": 2, ""runtime_index"": 328, ""file_offset"": 22624, ""floor_field"": 8, ""entity_id_field"": 16712, ""group"": 0, ""room"": 8, ""unknown_a3"": 0, ""position"": [-87.33001708984375, 0.0, -338.9200439453125], ""angles"": [0, 28672, 0], ""params"": [1.0, 1.0, 1.0, 13, 0, 0], ""unused_pointer"": 118213408}"
government-ep2/q462-bb-e,8,160,"{""base_type"": 519, ""set_flags"": 2, ""runtime_index"": 330, ""file_offset"": 22760, ""floor_field"": 8, ""entity_id_field"": 16714, ""group"": 0, ""room"": 8, ""unknown_a3"": 0, ""position"": [-91.92889404296875, -2.09808349609375e-05, -202.29449462890625], ""angles"": [0, 28672, 0], ""params"": [1.0, 1.0, 1.0, 14, 0, 0], ""unused_pointer"": 118214448}"
government-ep2/q462-bb-e,8,161,"{""base_type"": 519, ""set_flags"": 2, ""runtime_index"": 331, ""file_offset"": 22828, ""floor_field"": 8, ""entity_id_field"": 16715, ""group"": 0, ""room"": 8, ""unknown_a3"": 0, ""position"": [-113.48040771484375, 6.52309536235407e-05, -220.64776611328125], ""angles"": [0, 57344, 0], ""params"": [1.0, 1.0, 1.0, 14, 0, 0], ""unused_pointer"": 118215312}"
government-ep2/q462-bb-j,7,56,"{""base_type"": 519, ""set_flags"": 2, ""runtime_index"": 109, ""file_offset"": 7444, ""floor_field"": 7, ""entity_id_field"": 16493, ""group"": 0, ""room"": 2, ""unknown_a3"": 0, ""position"": [53.0, -43.0, 25.0], ""angles"": [0, 16384, 0], ""params"": [1.0, 1.0, 1.0, 100, 0, 0], ""unused_pointer"": 118130192}"
government-ep2/q462-bb-j,7,57,"{""base_type"": 519, ""set_flags"": 2, ""runtime_index"": 110, ""file_offset"": 7512, ""floor_field"": 7, ""entity_id_field"": 16494, ""group"": 0, ""room"": 2, ""unknown_a3"": 0, ""position"": [53.0, -43.0, 15.0], ""angles"": [0, 49152, 0], ""params"": [1.0, 1.0, 1.0, 100, 0, 0], ""unused_pointer"": 118131056}"
government-ep2/q462-bb-j,7,114,"{""base_type"": 519, ""set_flags"": 2, ""runtime_index"": 167, ""file_offset"": 11388, ""floor_field"": 7, ""entity_id_field"": 16551, ""group"": 0, ""room"": 8, ""unknown_a3"": 0, ""position"": [9.370010375976562, -66.9698486328125, -51.158935546875], ""angles"": [0, 12288, 0], ""params"": [1.0, 1.0, 1.0, 99, 0, 0], ""unused_pointer"": 118182192}"
government-ep2/q462-bb-j,7,115,"{""base_type"": 519, ""set_flags"": 2, ""runtime_index"": 168, ""file_offset"": 11456, ""floor_field"": 7, ""entity_id_field"": 16552, ""group"": 0, ""room"": 8, ""unknown_a3"": 0, ""position"": [-79.57000732421875, -66.9698486328125, 48.20343017578125], ""angles"": [0, 20480, 0], ""params"": [1.0, 1.0, 1.0, 99, 0, 0], ""unused_pointer"": 118183056}"
government-ep2/q462-bb-j,8,7,"{""base_type"": 519, ""set_flags"": 2, ""runtime_index"": 177, ""file_offset"": 12356, ""floor_field"": 8, ""entity_id_field"": 16561, ""group"": 0, ""room"": 2, ""unknown_a3"": 0, ""position"": [-17.1099853515625, -128.61000061035156, 116.969970703125], ""angles"": [0, 32768, 0], ""params"": [1.0, 1.0, 1.0, 103, 0, 0], ""unused_pointer"": 118104768}"
government-ep2/q462-bb-j,8,8,"{""base_type"": 519, ""set_flags"": 2, ""runtime_index"": 178, ""file_offset"": 12424, ""floor_field"": 8, ""entity_id_field"": 16562, ""group"": 0, ""room"": 2, ""unknown_a3"": 0, ""position"": [-40.0, -128.0, 120.0], ""angles"": [0, 0, 0], ""params"": [1.0, 1.0, 1.0, 103, 0, 0], ""unused_pointer"": 118120032}"
government-ep2/q462-bb-j,8,21,"{""base_type"": 519, ""set_flags"": 2, ""runtime_index"": 191, ""file_offset"": 13308, ""floor_field"": 8, ""entity_id_field"": 16575, ""group"": 0, ""room"": 2, ""unknown_a3"": 0, ""position"": [-27.1099853515625, -118.61000061035156, 116.969970703125], ""angles"": [0, 32768, 0], ""params"": [1.0, 1.0, 1.0, 103, 0, 0], ""unused_pointer"": 118127952}"
government-ep2/q462-bb-j,8,22,"{""base_type"": 519, ""set_flags"": 2, ""runtime_index"": 192, ""file_offset"": 13376, ""floor_field"": 8, ""entity_id_field"": 16576, ""group"": 0, ""room"": 2, ""unknown_a3"": 0, ""position"": [-20.0, -128.61000061035156, 125.0], ""angles"": [0, 32768, 0], ""params"": [1.0, 1.0, 1.0, 104, 0, 0], ""unused_pointer"": 118128816}"
government-ep2/q462-bb-j,8,23,"{""base_type"": 519, ""set_flags"": 2, ""runtime_index"": 193, ""file_offset"": 13444, ""floor_field"": 8, ""entity_id_field"": 16577, ""group"": 0, ""room"": 2, ""unknown_a3"": 0, ""position"": [-39.0, -128.61000061035156, 125.0], ""angles"": [0, 0, 0], ""params"": [1.0, 1.0, 1.0, 104, 0, 0], ""unused_pointer"": 118129680}"
government-ep2/q462-bb-j,8,24,"{""base_type"": 519, ""set_flags"": 2, ""runtime_index"": 194, ""file_offset"": 13512, ""floor_field"": 8, ""entity_id_field"": 16578, ""group"": 0, ""room"": 2, ""unknown_a3"": 0, ""position"": [-39.0, -128.61000061035156, 130.0], ""angles"": [0, 36864, 0], ""params"": [1.0, 1.0, 1.0, 105, 0, 0], ""unused_pointer"": 118130544}"
government-ep2/q462-bb-j,8,25,"{""base_type"": 519, ""set_flags"": 2, ""runtime_index"": 195, ""file_offset"": 13580, ""floor_field"": 8, ""entity_id_field"": 16579, ""group"": 0, ""room"": 2, ""unknown_a3"": 0, ""position"": [-20.0, -129.0, 122.0], ""angles"": [0, 32768, 0], ""params"": [1.0, 1.0, 1.0, 105, 0, 0], ""unused_pointer"": 118131408}"
government-ep2/q462-bb-j,8,54,"{""base_type"": 519, ""set_flags"": 2, ""runtime_index"": 224, ""file_offset"": 15552, ""floor_field"": 8, ""entity_id_field"": 16608, ""group"": 0, ""room"": 3, ""unknown_a3"": 0, ""position"": [304.0, 0.0, -96.0], ""angles"": [0, 16384, 0], ""params"": [1.0, 1.0, 1.0, 7, 0, 0], ""unused_pointer"": 118144160}"
government-ep2/q462-bb-j,8,55,"{""base_type"": 519, ""set_flags"": 2, ""runtime_index"": 225, ""file_offset"": 15620, ""floor_field"": 8, ""entity_id_field"": 16609, ""group"": 0, ""room"": 3, ""unknown_a3"": 0, ""position"": [304.0, 0.0, -73.0], ""angles"": [0, 49152, 0], ""params"": [1.0, 1.0, 1.0, 7, 0, 0], ""unused_pointer"": 118145024}"
government-ep2/q462-bb-j,8,56,"{""base_type"": 519, ""set_flags"": 2, ""runtime_index"": 226, ""file_offset"": 15688, ""floor_field"": 8, ""entity_id_field"": 16610, ""group"": 0, ""room"": 3, ""unknown_a3"": 0, ""position"": [304.0, 0.0, -53.0], ""angles"": [0, 16384, 0], ""params"": [1.0, 1.0, 1.0, 7, 0, 0], ""unused_pointer"": 118145888}"
government-ep2/q462-bb-j,8,89,"{""base_type"": 519, ""set_flags"": 2, ""runtime_index"": 259, ""file_offset"": 17932, ""floor_field"": 8, ""entity_id_field"": 16643, ""group"": 0, ""room"": 3, ""unknown_a3"": 0, ""position"": [-232.25830078125, -99.00025177001953, -56.8240966796875], ""angles"": [0, 40960, 0], ""params"": [1.0, 1.0, 1.0, 4, 0, 0], ""unused_pointer"": 118170432}"
government-ep2/q462-bb-j,8,90,"{""base_type"": 519, ""set_flags"": 2, ""runtime_index"": 260, ""file_offset"": 18000, ""floor_field"": 8, ""entity_id_field"": 16644, ""group"": 0, ""room"": 3, ""unknown_a3"": 0, ""position"": [-251.32386779785156, -99.0, -45.429443359375], ""angles"": [0, 69632, 0], ""params"": [1.0, 1.0, 1.0, 4, 0, 0], ""unused_pointer"": 118171296}"
government-ep2/q462-bb-j,8,119,"{""base_type"": 519, ""set_flags"": 2, ""runtime_index"": 289, ""file_offset"": 19972, ""floor_field"": 8, ""entity_id_field"": 16673, ""group"": 0, ""room"": 4, ""unknown_a3"": 0, ""position"": [88.3800048828125, 0.8799999952316284, -197.77001953125], ""angles"": [0, 53248, 0], ""params"": [1.0, 1.0, 1.0, 11, 0, 0], ""unused_pointer"": 118186832}"
government-ep2/q462-bb-j,8,120,"{""base_type"": 519, ""set_flags"": 2, ""runtime_index"": 290, ""file_offset"": 20040, ""floor_field"": 8, ""entity_id_field"": 16674, ""group"": 0, ""room"": 4, ""unknown_a3"": 0, ""position"": [84.3800048828125, 0.07605868577957153, -219.77001953125], ""angles"": [0, 81920, 0], ""params"": [1.0, 1.0, 1.0, 11, 0, 0], ""unused_pointer"": 118187696}"
government-ep2/q462-bb-j,8,121,"{""base_type"": 519, ""set_flags"": 2, ""runtime_index"": 291, ""file_offset"": 20108, ""floor_field"": 8, ""entity_id_field"": 16675, ""group"": 0, ""room"": 4, ""unknown_a3"": 0, ""position"": [76.3800048828125, -0.00014153867959976196, -240.77001953125], ""angles"": [0, 86016, 0], ""params"": [1.0, 1.0, 1.0, 11, 0, 0], ""unused_pointer"": 118188560}"
government-ep2/q462-bb-j,8,124,"{""base_type"": 519, ""set_flags"": 2, ""runtime_index"": 294, ""file_offset"": 20312, ""floor_field"": 8, ""entity_id_field"": 16678, ""group"": 0, ""room"": 4, ""unknown_a3"": 0, ""position"": [-171.33999633789062, -1.5199999809265137, -165.80999755859375], ""angles"": [0, 81920, 0], ""params"": [1.0, 1.0, 1.0, 99, 0, 0], ""unused_pointer"": 118190432}"
government-ep2/q462-bb-j,8,157,"{""base_type"": 519, ""set_flags"": 2, ""runtime_index"": 327, ""file_offset"": 22556, ""floor_field"": 8, ""entity_id_field"": 16711, ""group"": 0, ""room"": 8, ""unknown_a3"": 0, ""position"": [-67.3311767578125, 0.0, -338.91839599609375], ""angles"": [0, 0, 0], ""params"": [1.0, 1.0, 1.0, 13, 0, 0], ""unused_pointer"": 118212544}"
government-ep2/q462-bb-j,8,158,"{""base_type"": 519, ""set_flags"": 2, ""runtime_index"": 328, ""file_offset"": 22624, ""floor_field"": 8, ""entity_id_field"": 16712, ""group"": 0, ""room"": 8, ""unknown_a3"": 0, ""position"": [-87.33001708984375, 0.0, -338.9200439453125], ""angles"": [0, 28672, 0], ""params"": [1.0, 1.0, 1.0, 13, 0, 0], ""unused_pointer"": 118213408}"
government-ep2/q462-bb-j,8,160,"{""base_type"": 519, ""set_flags"": 2, ""runtime_index"": 330, ""file_offset"": 22760, ""floor_field"": 8, ""entity_id_field"": 16714, ""group"": 0, ""room"": 8, ""unknown_a3"": 0, ""position"": [-91.92889404296875, -2.09808349609375e-05, -202.29449462890625], ""angles"": [0, 28672, 0], ""params"": [1.0, 1.0, 1.0, 14, 0, 0], ""unused_pointer"": 118214448}"
government-ep2/q462-bb-j,8,161,"{""base_type"": 519, ""set_flags"": 2, ""runtime_index"": 331, ""file_offset"": 22828, ""floor_field"": 8, ""entity_id_field"": 16715, ""group"": 0, ""room"": 8, ""unknown_a3"": 0, ""position"": [-113.48040771484375, 6.52309536235407e-05, -220.64776611328125], ""angles"": [0, 57344, 0], ""params"": [1.0, 1.0, 1.0, 14, 0, 0], ""unused_pointer"": 118215312}"
government-ep2/q463-bb-e,8,42,"{""base_type"": 519, ""set_flags"": 2, ""runtime_index"": 95, ""file_offset"": 6492, ""floor_field"": 8, ""entity_id_field"": 16479, ""group"": 0, ""room"": 2, ""unknown_a3"": 0, ""position"": [130.0, -100.00028228759766, 335.0], ""angles"": [0, 0, 0], ""params"": [1.0, 1.0, 1.0, 5, 0, 0], ""unused_pointer"": 118126800}"
government-ep2/q463-bb-e,8,43,"{""base_type"": 519, ""set_flags"": 2, ""runtime_index"": 96, ""file_offset"": 6560, ""floor_field"": 8, ""entity_id_field"": 16480, ""group"": 0, ""room"": 2, ""unknown_a3"": 0, ""position"": [110.0, -99.98974609375, 335.0], ""angles"": [0, 32768, 0], ""params"": [1.0, 1.0, 1.0, 5, 0, 0], ""unused_pointer"": 118127664}"
government-ep2/q463-bb-e,8,44,"{""base_type"": 519, ""set_flags"": 2, ""runtime_index"": 97, ""file_offset"": 6628, ""floor_field"": 8, ""entity_id_field"": 16481, ""group"": 0, ""room"": 2, ""unknown_a3"": 0, ""position"": [115.0, -95.0, 335.0], ""angles"": [0, 32768, 0], ""params"": [1.0, 1.0, 1.0, 5, 0, 0], ""unused_pointer"": 118128528}"
government-ep2/q463-bb-e,8,46,"{""base_type"": 519, ""set_flags"": 2, ""runtime_index"": 99, ""file_offset"": 6764, ""floor_field"": 8, ""entity_id_field"": 16483, ""group"": 0, ""room"": 2, ""unknown_a3"": 0, ""position"": [154.0, -125.0, 155.0], ""angles"": [0, 16384, 0], ""params"": [1.0, 1.0, 1.0, 4, 0, 0], ""unused_pointer"": 118129584}"
government-ep2/q463-bb-e,8,47,"{""base_type"": 519, ""set_flags"": 2, ""runtime_index"": 100, ""file_offset"": 6832, ""floor_field"": 8, ""entity_id_field"": 16484, ""group"": 0, ""room"": 2, ""unknown_a3"": 0, ""position"": [160.0, -130.0, 145.0], ""angles"": [0, 12288, 0], ""params"": [1.0, 1.0, 1.0, 4, 0, 0], ""unused_pointer"": 118130448}"
government-ep2/q463-bb-e,8,48,"{""base_type"": 519, ""set_flags"": 2, ""runtime_index"": 101, ""file_offset"": 6900, ""floor_field"": 8, ""entity_id_field"": 16485, ""group"": 0, ""room"": 2, ""unknown_a3"": 0, ""position"": [155.0, -125.0, 160.0], ""angles"": [0, 57344, 0], ""params"": [1.0, 1.0, 1.0, 4, 0, 0], ""unused_pointer"": 118131312}"
government-ep2/q463-bb-e,8,69,"{""base_type"": 519, ""set_flags"": 2, ""runtime_index"": 122, ""file_offset"": 8328, ""floor_field"": 8, ""entity_id_field"": 16506, ""group"": 0, ""room"": 3, ""unknown_a3"": 0, ""position"": [270.0, -4.063844680786133, -155.0], ""angles"": [0, 16384, 0], ""params"": [1.0, 1.0, 1.0, 7, 0, 0], ""unused_pointer"": 118141984}"
government-ep2/q463-bb-e,8,70,"{""base_type"": 519, ""set_flags"": 2, ""runtime_index"": 123, ""file_offset"": 8396, ""floor_field"": 8, ""entity_id_field"": 16507, ""group"": 0, ""room"": 3, ""unknown_a3"": 0, ""position"": [270.0, -4.063895225524902, -170.0], ""angles"": [0, 49152, 0], ""params"": [1.0, 1.0, 1.0, 7, 0, 0], ""unused_pointer"": 118142848}"
government-ep2/q463-bb-e,8,124,"{""base_type"": 519, ""set_flags"": 2, ""runtime_index"": 177, ""file_offset"": 12068, ""floor_field"": 8, ""entity_id_field"": 16561, ""group"": 0, ""room"": 4, ""unknown_a3"": 0, ""position"": [-175.0, -5.0, -160.0], ""angles"": [0, 12288, 0], ""params"": [1.0, 1.0, 1.0, 100, 0, 0], ""unused_pointer"": 118179104}"
government-ep2/q463-bb-e,8,126,"{""base_type"": 519, ""set_flags"": 2, ""runtime_index"": 179, ""file_offset"": 12204, ""floor_field"": 8, ""entity_id_field"": 16563, ""group"": 0, ""room"": 4, ""unknown_a3"": 0, ""position"": [65.0, -1.0140938684344292e-05, -175.0], ""angles"": [0, 16384, 0], ""params"": [1.0, 1.0, 1.0, 11, 0, 0], ""unused_pointer"": 118180832}"
government-ep2/q463-bb-e,8,127,"{""base_type"": 519, ""set_flags"": 2, ""runtime_index"": 180, ""file_offset"": 12272, ""floor_field"": 8, ""entity_id_field"": 16564, ""group"": 0, ""room"": 4, ""unknown_a3"": 0, ""position"": [65.0, -4.053930751979351e-05, -190.0], ""angles"": [0, 49152, 0], ""params"": [1.0, 1.0, 1.0, 11, 0, 0], ""unused_pointer"": 118181696}"
government-ep2/q463-bb-e,8,128,"{""base_type"": 519, ""set_flags"": 2, ""runtime_index"": 181, ""file_offset"": 12340, ""floor_field"": 8, ""entity_id_field"": 16565, ""group"": 0, ""room"": 4, ""unknown_a3"": 0, ""position"": [65.0, -7.093767635524273e-05, -205.0], ""angles"": [0, 49152, 0], ""params"": [1.0, 1.0, 1.0, 11, 0, 0], ""unused_pointer"": 118182560}"
government-ep2/q463-bb-e,8,129,"{""base_type"": 519, ""set_flags"": 2, ""runtime_index"": 182, ""file_offset"": 12408, ""floor_field"": 8, ""entity_id_field"": 16566, ""group"": 0, ""room"": 4, ""unknown_a3"": 0, ""position"": [65.0, 5.0, -215.0], ""angles"": [0, 49152, 0], ""params"": [1.0, 1.0, 1.0, 11, 0, 0], ""unused_pointer"": 118183424}"
government-ep2/q463-bb-e,8,141,"{""base_type"": 519, ""set_flags"": 2, ""runtime_index"": 194, ""file_offset"": 13224, ""floor_field"": 8, ""entity_id_field"": 16578, ""group"": 0, ""room"": 5, ""unknown_a3"": 0, ""position"": [217.0, 98.79999542236328, 104.0], ""angles"": [0, 24576, 0], ""params"": [1.0, 1.0, 1.0, 15, 0, 0], ""unused_pointer"": 118191920}"
government-ep2/q463-bb-e,8,142,"{""base_type"": 519, ""set_flags"": 2, ""runtime_index"": 195, ""file_offset"": 13292, ""floor_field"": 8, ""entity_id_field"": 16579, ""group"": 0, ""room"": 5, ""unknown_a3"": 0, ""position"": [237.0, 100.0, 123.0], ""angles"": [0, 57344, 0], ""params"": [1.0, 1.0, 1.0, 15, 0, 0], ""unused_pointer"": 118192784}"
government-ep2/q463-bb-e,8,143,"{""base_type"": 519, ""set_flags"": 2, ""runtime_index"": 196, ""file_offset"": 13360, ""floor_field"": 8, ""entity_id_field"": 16580, ""group"": 0, ""room"": 5, ""unknown_a3"": 0, ""position"": [227.0, 105.0, 113.0], ""angles"": [0, 24576, 0], ""params"": [1.0, 1.0, 1.0, 15, 0, 0], ""unused_pointer"": 118193648}"
government-ep2/q463-bb-e,8,189,"{""base_type"": 519, ""set_flags"": 2, ""runtime_index"": 242, ""file_offset"": 16488, ""floor_field"": 8, ""entity_id_field"": 16626, ""group"": 0, ""room"": 8, ""unknown_a3"": 0, ""position"": [5.0, 8.207171440124512, -64.0], ""angles"": [0, 0, 0], ""params"": [1.0, 1.0, 1.0, 101, 0, 0], ""unused_pointer"": 118218160}"
government-ep2/q463-bb-e,8,190,"{""base_type"": 519, ""set_flags"": 2, ""runtime_index"": 243, ""file_offset"": 16556, ""floor_field"": 8, ""entity_id_field"": 16627, ""group"": 0, ""room"": 8, ""unknown_a3"": 0, ""position"": [-20.0, 5.996016025543213, -75.0], ""angles"": [0, 24576, 0], ""params"": [1.0, 1.0, 1.0, 101, 0, 0], ""unused_pointer"": 118219024}"
government-ep2/q463-bb-e,8,191,"{""base_type"": 519, ""set_flags"": 2, ""runtime_index"": 244, ""file_offset"": 16624, ""floor_field"": 8, ""entity_id_field"": 16628, ""group"": 0, ""room"": 8, ""unknown_a3"": 0, ""position"": [-7.0, 6.992031574249268, -70.0], ""angles"": [0, 28672, 0], ""params"": [1.0, 1.0, 1.0, 101, 0, 0], ""unused_pointer"": 118219888}"
government-ep2/q463-bb-e,9,65,"{""base_type"": 519, ""set_flags"": 512, ""runtime_index"": 25349, ""file_offset"": 22488, ""floor_field"": 9, ""entity_id_field"": 38217, ""group"": 0, ""room"": 3, ""unknown_a3"": 0, ""position"": [-706.0, 9.091863632202148, -327.0], ""angles"": [0, 8192, 0], ""params"": [1.0, 1.0, 1.0, 2, 0, 0], ""unused_pointer"": 2162090368}"
government-ep2/q463-bb-e,9,66,"{""base_type"": 519, ""set_flags"": 512, ""runtime_index"": 25605, ""file_offset"": 22556, ""floor_field"": 9, ""entity_id_field"": 38473, ""group"": 0, ""room"": 3, ""unknown_a3"": 0, ""position"": [-689.0, 9.09000015258789, -345.0], ""angles"": [0, 40960, 0], ""params"": [1.0, 1.0, 1.0, 2, 0, 0], ""unused_pointer"": 1625481600}"
government-ep2/q463-bb-e,9,67,"{""base_type"": 519, ""set_flags"": 512, ""runtime_index"": 25861, ""file_offset"": 22624, ""floor_field"": 9, ""entity_id_field"": 38729, ""group"": 0, ""room"": 3, ""unknown_a3"": 0, ""position"": [-686.0, 15.0, -350.0], ""angles"": [0, 8192, 0], ""params"": [1.0, 1.0, 1.0, 2, 0, 0], ""unused_pointer"": 1088872832}"
government-ep2/q463-bb-e,9,72,"{""base_type"": 519, ""set_flags"": 512, ""runtime_index"": 27141, ""file_offset"": 22964, ""floor_field"": 9, ""entity_id_field"": 40009, ""group"": 0, ""room"": 3, ""unknown_a3"": 0, ""position"": [-335.0, -11.0, 190.0], ""angles"": [0, 40960, 0], ""params"": [1.0, 1.0, 1.0, 0, 0, 0], ""unused_pointer"": 2163073408}"
government-ep2/q463-bb-e,9,83,"{""base_type"": 519, ""set_flags"": 512, ""runtime_index"": 31237, ""file_offset"": 23712, ""floor_field"": 9, ""entity_id_field"": 31301, ""group"": 0, ""room"": 6, ""unknown_a3"": 0, ""position"": [-30.0, 9.779999732971191, 100.0], ""angles"": [0, 28672, 0], ""params"": [1.0, 1.0, 1.0, 101, 0, 0], ""unused_pointer"": 2689266816}"
government-ep2/q463-bb-e,9,84,"{""base_type"": 519, ""set_flags"": 512, ""runtime_index"": 31493, ""file_offset"": 23780, ""floor_field"": 9, ""entity_id_field"": 31557, ""group"": 0, ""room"": 6, ""unknown_a3"": 0, ""position"": [-50.0, 9.779999732971191, 100.0], ""angles"": [0, 69632, 0], ""params"": [1.0, 1.0, 1.0, 101, 0, 0], ""unused_pointer"": 3494835328}"
government-ep2/q463-bb-e,9,85,"{""base_type"": 519, ""set_flags"": 512, ""runtime_index"": 31749, ""file_offset"": 23848, ""floor_field"": 9, ""entity_id_field"": 31813, ""group"": 0, ""room"": 6, ""unknown_a3"": 0, ""position"": [-40.0, 19.779998779296875, 100.0], ""angles"": [0, 65536, 0], ""params"": [1.0, 1.0, 1.0, 101, 0, 0], ""unused_pointer"": 5502080}"
government-ep2/q463-bb-j,8,42,"{""base_type"": 519, ""set_flags"": 2, ""runtime_index"": 95, ""file_offset"": 6492, ""floor_field"": 8, ""entity_id_field"": 16479, ""group"": 0, ""room"": 2, ""unknown_a3"": 0, ""position"": [130.0, -100.00028228759766, 335.0], ""angles"": [0, 0, 0], ""params"": [1.0, 1.0, 1.0, 5, 0, 0], ""unused_pointer"": 118126800}"
government-ep2/q463-bb-j,8,43,"{""base_type"": 519, ""set_flags"": 2, ""runtime_index"": 96, ""file_offset"": 6560, ""floor_field"": 8, ""entity_id_field"": 16480, ""group"": 0, ""room"": 2, ""unknown_a3"": 0, ""position"": [110.0, -99.98974609375, 335.0], ""angles"": [0, 32768, 0], ""params"": [1.0, 1.0, 1.0, 5, 0, 0], ""unused_pointer"": 118127664}"
government-ep2/q463-bb-j,8,44,"{""base_type"": 519, ""set_flags"": 2, ""runtime_index"": 97, ""file_offset"": 6628, ""floor_field"": 8, ""entity_id_field"": 16481, ""group"": 0, ""room"": 2, ""unknown_a3"": 0, ""position"": [115.0, -95.0, 335.0], ""angles"": [0, 32768, 0], ""params"": [1.0, 1.0, 1.0, 5, 0, 0], ""unused_pointer"": 118128528}"
government-ep2/q463-bb-j,8,46,"{""base_type"": 519, ""set_flags"": 2, ""runtime_index"": 99, ""file_offset"": 6764, ""floor_field"": 8, ""entity_id_field"": 16483, ""group"": 0, ""room"": 2, ""unknown_a3"": 0, ""position"": [154.0, -125.0, 155.0], ""angles"": [0, 16384, 0], ""params"": [1.0, 1.0, 1.0, 4, 0, 0], ""unused_pointer"": 118129584}"
government-ep2/q463-bb-j,8,47,"{""base_type"": 519, ""set_flags"": 2, ""runtime_index"": 100, ""file_offset"": 6832, ""floor_field"": 8, ""entity_id_field"": 16484, ""group"": 0, ""room"": 2, ""unknown_a3"": 0, ""position"": [160.0, -130.0, 145.0], ""angles"": [0, 12288, 0], ""params"": [1.0, 1.0, 1.0, 4, 0, 0], ""unused_pointer"": 118130448}"
government-ep2/q463-bb-j,8,48,"{""base_type"": 519, ""set_flags"": 2, ""runtime_index"": 101, ""file_offset"": 6900, ""floor_field"": 8, ""entity_id_field"": 16485, ""group"": 0, ""room"": 2, ""unknown_a3"": 0, ""position"": [155.0, -125.0, 160.0], ""angles"": [0, 57344, 0], ""params"": [1.0, 1.0, 1.0, 4, 0, 0], ""unused_pointer"": 118131312}"
government-ep2/q463-bb-j,8,69,"{""base_type"": 519, ""set_flags"": 2, ""runtime_index"": 122, ""file_offset"": 8328, ""floor_field"": 8, ""entity_id_field"": 16506, ""group"": 0, ""room"": 3, ""unknown_a3"": 0, ""position"": [270.0, -4.063844680786133, -155.0], ""angles"": [0, 16384, 0], ""params"": [1.0, 1.0, 1.0, 7, 0, 0], ""unused_pointer"": 118141984}"
government-ep2/q463-bb-j,8,70,"{""base_type"": 519, ""set_flags"": 2, ""runtime_index"": 123, ""file_offset"": 8396, ""floor_field"": 8, ""entity_id_field"": 16507, ""group"": 0, ""room"": 3, ""unknown_a3"": 0, ""position"": [270.0, -4.063895225524902, -170.0], ""angles"": [0, 49152, 0], ""params"": [1.0, 1.0, 1.0, 7, 0, 0], ""unused_pointer"": 118142848}"
government-ep2/q463-bb-j,8,124,"{""base_type"": 519, ""set_flags"": 2, ""runtime_index"": 177, ""file_offset"": 12068, ""floor_field"": 8, ""entity_id_field"": 16561, ""group"": 0, ""room"": 4, ""unknown_a3"": 0, ""position"": [-175.0, -5.0, -160.0], ""angles"": [0, 12288, 0], ""params"": [1.0, 1.0, 1.0, 100, 0, 0], ""unused_pointer"": 118179104}"
government-ep2/q463-bb-j,8,126,"{""base_type"": 519, ""set_flags"": 2, ""runtime_index"": 179, ""file_offset"": 12204, ""floor_field"": 8, ""entity_id_field"": 16563, ""group"": 0, ""room"": 4, ""unknown_a3"": 0, ""position"": [65.0, -1.0140938684344292e-05, -175.0], ""angles"": [0, 16384, 0], ""params"": [1.0, 1.0, 1.0, 11, 0, 0], ""unused_pointer"": 118180832}"
government-ep2/q463-bb-j,8,127,"{""base_type"": 519, ""set_flags"": 2, ""runtime_index"": 180, ""file_offset"": 12272, ""floor_field"": 8, ""entity_id_field"": 16564, ""group"": 0, ""room"": 4, ""unknown_a3"": 0, ""position"": [65.0, -4.053930751979351e-05, -190.0], ""angles"": [0, 49152, 0], ""params"": [1.0, 1.0, 1.0, 11, 0, 0], ""unused_pointer"": 118181696}"
government-ep2/q463-bb-j,8,128,"{""base_type"": 519, ""set_flags"": 2, ""runtime_index"": 181, ""file_offset"": 12340, ""floor_field"": 8, ""entity_id_field"": 16565, ""group"": 0, ""room"": 4, ""unknown_a3"": 0, ""position"": [65.0, -7.093767635524273e-05, -205.0], ""angles"": [0, 49152, 0], ""params"": [1.0, 1.0, 1.0, 11, 0, 0], ""unused_pointer"": 118182560}"
government-ep2/q463-bb-j,8,129,"{""base_type"": 519, ""set_flags"": 2, ""runtime_index"": 182, ""file_offset"": 12408, ""floor_field"": 8, ""entity_id_field"": 16566, ""group"": 0, ""room"": 4, ""unknown_a3"": 0, ""position"": [65.0, 5.0, -215.0], ""angles"": [0, 49152, 0], ""params"": [1.0, 1.0, 1.0, 11, 0, 0], ""unused_pointer"": 118183424}"
government-ep2/q463-bb-j,8,141,"{""base_type"": 519, ""set_flags"": 2, ""runtime_index"": 194, ""file_offset"": 13224, ""floor_field"": 8, ""entity_id_field"": 16578, ""group"": 0, ""room"": 5, ""unknown_a3"": 0, ""position"": [217.0, 98.79999542236328, 104.0], ""angles"": [0, 24576, 0], ""params"": [1.0, 1.0, 1.0, 15, 0, 0], ""unused_pointer"": 118191920}"
government-ep2/q463-bb-j,8,142,"{""base_type"": 519, ""set_flags"": 2, ""runtime_index"": 195, ""file_offset"": 13292, ""floor_field"": 8, ""entity_id_field"": 16579, ""group"": 0, ""room"": 5, ""unknown_a3"": 0, ""position"": [237.0, 100.0, 123.0], ""angles"": [0, 57344, 0], ""params"": [1.0, 1.0, 1.0, 15, 0, 0], ""unused_pointer"": 118192784}"
government-ep2/q463-bb-j,8,143,"{""base_type"": 519, ""set_flags"": 2, ""runtime_index"": 196, ""file_offset"": 13360, ""floor_field"": 8, ""entity_id_field"": 16580, ""group"": 0, ""room"": 5, ""unknown_a3"": 0, ""position"": [227.0, 105.0, 113.0], ""angles"": [0, 24576, 0], ""params"": [1.0, 1.0, 1.0, 15, 0, 0], ""unused_pointer"": 118193648}"
government-ep2/q463-bb-j,8,189,"{""base_type"": 519, ""set_flags"": 2, ""runtime_index"": 242, ""file_offset"": 16488, ""floor_field"": 8, ""entity_id_field"": 16626, ""group"": 0, ""room"": 8, ""unknown_a3"": 0, ""position"": [5.0, 8.207171440124512, -64.0], ""angles"": [0, 0, 0], ""params"": [1.0, 1.0, 1.0, 101, 0, 0], ""unused_pointer"": 118218160}"
government-ep2/q463-bb-j,8,190,"{""base_type"": 519, ""set_flags"": 2, ""runtime_index"": 243, ""file_offset"": 16556, ""floor_field"": 8, ""entity_id_field"": 16627, ""group"": 0, ""room"": 8, ""unknown_a3"": 0, ""position"": [-20.0, 5.996016025543213, -75.0], ""angles"": [0, 24576, 0], ""params"": [1.0, 1.0, 1.0, 101, 0, 0], ""unused_pointer"": 118219024}"
government-ep2/q463-bb-j,8,191,"{""base_type"": 519, ""set_flags"": 2, ""runtime_index"": 244, ""file_offset"": 16624, ""floor_field"": 8, ""entity_id_field"": 16628, ""group"": 0, ""room"": 8, ""unknown_a3"": 0, ""position"": [-7.0, 6.992031574249268, -70.0], ""angles"": [0, 28672, 0], ""params"": [1.0, 1.0, 1.0, 101, 0, 0], ""unused_pointer"": 118219888}"
government-ep2/q463-bb-j,9,65,"{""base_type"": 519, ""set_flags"": 512, ""runtime_index"": 25349, ""file_offset"": 22488, ""floor_field"": 9, ""entity_id_field"": 38217, ""group"": 0, ""room"": 3, ""unknown_a3"": 0, ""position"": [-706.0, 9.091863632202148, -327.0], ""angles"": [0, 8192, 0], ""params"": [1.0, 1.0, 1.0, 2, 0, 0], ""unused_pointer"": 2162090368}"
government-ep2/q463-bb-j,9,66,"{""base_type"": 519, ""set_flags"": 512, ""runtime_index"": 25605, ""file_offset"": 22556, ""floor_field"": 9, ""entity_id_field"": 38473, ""group"": 0, ""room"": 3, ""unknown_a3"": 0, ""position"": [-689.0, 9.09000015258789, -345.0], ""angles"": [0, 40960, 0], ""params"": [1.0, 1.0, 1.0, 2, 0, 0], ""unused_pointer"": 1625481600}"
government-ep2/q463-bb-j,9,67,"{""base_type"": 519, ""set_flags"": 512, ""runtime_index"": 25861, ""file_offset"": 22624, ""floor_field"": 9, ""entity_id_field"": 38729, ""group"": 0, ""room"": 3, ""unknown_a3"": 0, ""position"": [-686.0, 15.0, -350.0], ""angles"": [0, 8192, 0], ""params"": [1.0, 1.0, 1.0, 2, 0, 0], ""unused_pointer"": 1088872832}"
government-ep2/q463-bb-j,9,72,"{""base_type"": 519, ""set_flags"": 512, ""runtime_index"": 27141, ""file_offset"": 22964, ""floor_field"": 9, ""entity_id_field"": 40009, ""group"": 0, ""room"": 3, ""unknown_a3"": 0, ""position"": [-335.0, -11.0, 190.0], ""angles"": [0, 40960, 0], ""params"": [1.0, 1.0, 1.0, 0, 0, 0], ""unused_pointer"": 2163073408}"
government-ep2/q463-bb-j,9,83,"{""base_type"": 519, ""set_flags"": 512, ""runtime_index"": 31237, ""file_offset"": 23712, ""floor_field"": 9, ""entity_id_field"": 31301, ""group"": 0, ""room"": 6, ""unknown_a3"": 0, ""position"": [-30.0, 9.779999732971191, 100.0], ""angles"": [0, 28672, 0], ""params"": [1.0, 1.0, 1.0, 101, 0, 0], ""unused_pointer"": 2689266816}"
government-ep2/q463-bb-j,9,84,"{""base_type"": 519, ""set_flags"": 512, ""runtime_index"": 31493, ""file_offset"": 23780, ""floor_field"": 9, ""entity_id_field"": 31557, ""group"": 0, ""room"": 6, ""unknown_a3"": 0, ""position"": [-50.0, 9.779999732971191, 100.0], ""angles"": [0, 69632, 0], ""params"": [1.0, 1.0, 1.0, 101, 0, 0], ""unused_pointer"": 3494835328}"
government-ep2/q463-bb-j,9,85,"{""base_type"": 519, ""set_flags"": 512, ""runtime_index"": 31749, ""file_offset"": 23848, ""floor_field"": 9, ""entity_id_field"": 31813, ""group"": 0, ""room"": 6, ""unknown_a3"": 0, ""position"": [-40.0, 19.779998779296875, 100.0], ""angles"": [0, 65536, 0], ""params"": [1.0, 1.0, 1.0, 101, 0, 0], ""unused_pointer"": 5502080}"
government-ep2/q465-bb-e,6,22,"{""base_type"": 519, ""set_flags"": 2048, ""runtime_index"": 44806, ""file_offset"": 13308, ""floor_field"": 6, ""entity_id_field"": 8776, ""group"": 0, ""room"": 3, ""unknown_a3"": 0, ""position"": [83.98768615722656, -2.869999885559082, 134.32289123535156], ""angles"": [0, 4096, 0], ""params"": [1.0, 1.0, 1.0, 112, 0, 0], ""unused_pointer"": 2687825536}"
government-ep2/q465-bb-e,6,23,"{""base_type"": 519, ""set_flags"": 512, ""runtime_index"": 43523, ""file_offset"": 13376, ""floor_field"": 6, ""entity_id_field"": 43587, ""group"": 0, ""room"": 3, ""unknown_a3"": 0, ""position"": [-141.31997680664062, 1.717995047569275, -142.32025146484375], ""angles"": [0, 8192, 0], ""params"": [1.0, 1.0, 1.0, 13, 0, 0], ""unused_pointer"": 3772708224}"
government-ep2/q465-bb-e,6,24,"{""base_type"": 519, ""set_flags"": 512, ""runtime_index"": 43779, ""file_offset"": 13444, ""floor_field"": 6, ""entity_id_field"": 43843, ""group"": 0, ""room"": 3, ""unknown_a3"": 0, ""position"": [-149.31997680664062, 1.71999990940094, -134.31997680664062], ""angles"": [0, 8192, 0], ""params"": [1.0, 1.0, 1.0, 13, 0, 0], ""unused_pointer"": 820245888}"
government-ep2/q465-bb-e,6,25,"{""base_type"": 519, ""set_flags"": 512, ""runtime_index"": 44035, ""file_offset"": 13512, ""floor_field"": 6, ""entity_id_field"": 44099, ""group"": 0, ""room"": 3, ""unknown_a3"": 0, ""position"": [-165.31997680664062, 1.71999990940094, -118.31997680664062], ""angles"": [0, 40960, 0], ""params"": [1.0, 1.0, 1.0, 13, 0, 0], ""unused_pointer"": 2162685312}"
government-ep2/q465-bb-e,6,26,"{""base_type"": 519, ""set_flags"": 512, ""runtime_index"": 44291, ""file_offset"": 13580, ""floor_field"": 6, ""entity_id_field"": 44355, ""group"": 0, ""room"": 3, ""unknown_a3"": 0, ""position"": [-165.31484985351562, 7.649999618530273, -134.89376831054688], ""angles"": [0, 36864, 0], ""params"": [1.0, 1.0, 1.0, 13, 0, 0], ""unused_pointer"": 3505124736}"
government-ep2/q465-bb-e,6,58,"{""base_type"": 519, ""set_flags"": 0, ""runtime_index"": 40454, ""file_offset"": 15756, ""floor_field"": 6, ""entity_id_field"": 48966, ""group"": 0, ""room"": 3, ""unknown_a3"": 0, ""position"": [27.05999755859375, -2.1499998569488525, 153.49000549316406], ""angles"": [0, 4096, 0], ""params"": [1.0, 1.0, 1.0, 99, 0, 0], ""unused_pointer"": 1089664384}"
government-ep2/q465-bb-e,6,59,"{""base_type"": 519, ""set_flags"": 0, ""runtime_index"": 40710, ""file_offset"": 15824, ""floor_field"": 6, ""entity_id_field"": 49478, ""group"": 0, ""room"": 3, ""unknown_a3"": 0, ""position"": [103.95669555664062, 0.9899999499320984, 125.84001159667969], ""angles"": [0, 8192, 0], ""params"": [1.0, 1.0, 1.0, 99, 0, 0], ""unused_pointer"": 2968778112}"
government-ep2/q465-bb-e,6,60,"{""base_type"": 519, ""set_flags"": 2048, ""runtime_index"": 45062, ""file_offset"": 15892, ""floor_field"": 6, ""entity_id_field"": 9032, ""group"": 0, ""room"": 3, ""unknown_a3"": 0, ""position"": [43.69781494140625, -2.869999885559082, 148.2277069091797], ""angles"": [0, 36864, 0], ""params"": [1.0, 1.0, 1.0, 112, 0, 0], ""unused_pointer"": 2419455616}"
government-ep2/q465-bb-e,6,61,"{""base_type"": 519, ""set_flags"": 2048, ""runtime_index"": 45318, ""file_offset"": 15960, ""floor_field"": 6, ""entity_id_field"": 10568, ""group"": 0, ""room"": 3, ""unknown_a3"": 0, ""position"": [69.03012084960938, 4.142499923706055, 151.14154052734375], ""angles"": [0, 45056, 0], ""params"": [1.0, 1.0, 1.0, 112, 0, 0], ""unused_pointer"": 3762157184}"
government-ep2/q465-bb-e,6,62,"{""base_type"": 519, ""set_flags"": 2048, ""runtime_index"": 45574, ""file_offset"": 16028, ""floor_field"": 6, ""entity_id_field"": 10824, ""group"": 0, ""room"": 3, ""unknown_a3"": 0, ""position"": [62.86199951171875, -4.4076128005981445, 140.37501525878906], ""angles"": [0, 4096, 0], ""params"": [1.0, 1.0, 1.0, 112, 0, 0], ""unused_pointer"": 3493787264}"
government-ep2/q465-bb-e,6,63,"{""base_type"": 519, ""set_flags"": 2048, ""runtime_index"": 45830, ""file_offset"": 16096, ""floor_field"": 6, ""entity_id_field"": 11336, ""group"": 0, ""room"": 3, ""unknown_a3"": 0, ""position"": [56.892547607421875, -2.690300226211548, 151.8644256591797], ""angles"": [0, 0, 0], ""params"": [1.0, 1.0, 1.0, 112, 0, 0], ""unused_pointer"": 3495818880}"
government-ep2/q465-bb-e,6,87,"{""base_type"": 519, ""set_flags"": 0, ""runtime_index"": 42246, ""file_offset"": 17728, ""floor_field"": 6, ""entity_id_field"": 26183, ""group"": 0, ""room"": 4, ""unknown_a3"": 0, ""position"": [213.86260986328125, 0.3999999761581421, 20.496185302734375], ""angles"": [0, 28672, 0], ""params"": [1.0, 1.0, 1.0, 0, 0, 0], ""unused_pointer"": 1898112}"
government-ep2/q465-bb-e,6,126,"{""base_type"": 519, ""set_flags"": 2048, ""runtime_index"": 30464, ""file_offset"": 20380, ""floor_field"": 6, ""entity_id_field"": 30528, ""group"": 0, ""room"": 11, ""unknown_a3"": 0, ""position"": [-8.230010986328125, 8.210000038146973, -220.08999633789062], ""angles"": [0, 32768, 0], ""params"": [1.0, 1.0, 1.0, 9, 2, 0], ""unused_pointer"": 813758080}"
government-ep2/q465-bb-e,6,127,"{""base_type"": 519, ""set_flags"": 2048, ""runtime_index"": 30720, ""file_offset"": 20448, ""floor_field"": 6, ""entity_id_field"": 30784, ""group"": 0, ""room"": 11, ""unknown_a3"": 0, ""position"": [1.1099853515625, 11.9399995803833, -220.00999450683594], ""angles"": [0, 0, 0], ""params"": [1.0, 1.0, 1.0, 9, 2, 0], ""unused_pointer"": 2156197504}"
government-ep2/q465-bb-e,6,128,"{""base_type"": 519, ""set_flags"": 2048, ""runtime_index"": 30976, ""file_offset"": 20516, ""floor_field"": 6, ""entity_id_field"": 31040, ""group"": 0, ""room"": 11, ""unknown_a3"": 0, ""position"": [18.220001220703125, 6.37999963760376, -220.00999450683594], ""angles"": [0, 32768, 0], ""params"": [1.0, 1.0, 1.0, 9, 2, 0], ""unused_pointer"": 3498636928}"
government-ep2/q465-bb-e,7,49,"{""base_type"": 519, ""set_flags"": 512, ""runtime_index"": 39940, ""file_offset"": 27128, ""floor_field"": 7, ""entity_id_field"": 34888, ""group"": 0, ""room"": 3, ""unknown_a3"": 0, ""position"": [5.80999755859375, -8.40999984741211, 43.94000244140625], ""angles"": [0, 20480, 0], ""params"": [1.0, 1.0, 1.0, 99, 0, 0], ""unused_pointer"": 3490904704}"
government-ep2/q465-bb-e,8,93,"{""base_type"": 519, ""set_flags"": 512, ""runtime_index"": 48388, ""file_offset"": 39588, ""floor_field"": 8, ""entity_id_field"": 48452, ""group"": 0, ""room"": 3, ""unknown_a3"": 0, ""position"": [-104.76081085205078, -76.43999481201172, -76.46044921875], ""angles"": [0, 24576, 0], ""params"": [1.0, 1.0, 1.0, 99, 0, 0], ""unused_pointer"": 16184704}"
government-ep2/q465-bb-e,8,94,"{""base_type"": 519, ""set_flags"": 512, ""runtime_index"": 48644, ""file_offset"": 39656, ""floor_field"": 8, ""entity_id_field"": 48708, ""group"": 0, ""room"": 3, ""unknown_a3"": 0, ""position"": [-94.89393615722656, -76.43999481201172, -58.74835205078125], ""angles"": [0, -12288, 0], ""params"": [1.0, 1.0, 1.0, 99, 0, 0], ""unused_pointer"": 1358624128}"
government-ep2/q465-bb-e,8,95,"{""base_type"": 519, ""set_flags"": 512, ""runtime_index"": 48900, ""file_offset"": 39724, ""floor_field"": 8, ""entity_id_field"": 48964, ""group"": 0, ""room"": 3, ""unknown_a3"": 0, ""position"": [-135.830322265625, -85.16541290283203, -2.1142578125], ""angles"": [0, 4096, 0], ""params"": [1.0, 1.0, 1.0, 99, 0, 0], ""unused_pointer"": 2701063552}"
government-ep2/q465-bb-e,8,119,"{""base_type"": 519, ""set_flags"": 2048, ""runtime_index"": 55044, ""file_offset"": 41356, ""floor_field"": 8, ""entity_id_field"": 55108, ""group"": 0, ""room"": 4, ""unknown_a3"": 0, ""position"": [70.40289306640625, 1.8000003099441528, -208.1400146484375], ""angles"": [0, 16384, 0], ""params"": [1.0, 1.0, 1.0, 11, 0, 0], ""unused_pointer"": 2955540096}"
government-ep2/q465-bb-e,8,120,"{""base_type"": 519, ""set_flags"": 2048, ""runtime_index"": 55300, ""file_offset"": 41424, ""floor_field"": 8, ""entity_id_field"": 55364, ""group"": 0, ""room"": 4, ""unknown_a3"": 0, ""position"": [70.56683349609375, 4.799999713897705, -188.05999755859375], ""angles"": [0, 49152, 0], ""params"": [1.0, 1.0, 1.0, 11, 0, 0], ""unused_pointer"": 3077760}"
government-ep2/q465-bb-e,8,121,"{""base_type"": 519, ""set_flags"": 512, ""runtime_index"": 55556, ""file_offset"": 41492, ""floor_field"": 8, ""entity_id_field"": 55620, ""group"": 0, ""room"": 4, ""unknown_a3"": 0, ""position"": [62.72998046875, 0.0, -236.49002075195312], ""angles"": [0, 16384, 0], ""params"": [1.0, 1.0, 1.0, 99, 0, 0], ""unused_pointer"": 1345517184}"
government-ep2/q465-bb-e,8,122,"{""base_type"": 519, ""set_flags"": 512, ""runtime_index"": 55812, ""file_offset"": 41560, ""floor_field"": 8, ""entity_id_field"": 55876, ""group"": 0, ""room"": 4, ""unknown_a3"": 0, ""position"": [62.72998046875, 0.0, -166.49002075195312], ""angles"": [0, 49152, 0], ""params"": [1.0, 1.0, 1.0, 99, 0, 0], ""unused_pointer"": 2687956608}"
government-ep2/q465-bb-e,8,124,"{""base_type"": 519, ""set_flags"": 2048, ""runtime_index"": 56324, ""file_offset"": 41696, ""floor_field"": 8, ""entity_id_field"": 56388, ""group"": 0, ""room"": 4, ""unknown_a3"": 0, ""position"": [62.72998046875, 0.0, -199.49002075195312], ""angles"": [0, 16384, 0], ""params"": [1.0, 1.0, 1.0, 11, 0, 0], ""unused_pointer"": 3225351808}"
government-ep2/q465-bb-e,8,127,"{""base_type"": 519, ""set_flags"": 512, ""runtime_index"": 57092, ""file_offset"": 41900, ""floor_field"": 8, ""entity_id_field"": 57156, ""group"": 0, ""room"": 4, ""unknown_a3"": 0, ""position"": [-160.73031616210938, 1.2193598747253418, -167.2047119140625], ""angles"": [0, 12288, 0], ""params"": [1.0, 1.0, 1.0, 10, 0, 0], ""unused_pointer"": 1884026496}"
government-ep2/q465-bb-e,8,135,"{""base_type"": 519, ""set_flags"": 0, ""runtime_index"": 518, ""file_offset"": 42444, ""floor_field"": 8, ""entity_id_field"": 27974, ""group"": 0, ""room"": 4, ""unknown_a3"": 0, ""position"": [135.3065185546875, 0.0, 189.38104248046875], ""angles"": [0, 4096, 0], ""params"": [1.0, 1.0, 1.0, 99, 0, 0], ""unused_pointer"": 1111680}"
government-ep2/q465-bb-e,8,210,"{""base_type"": 519, ""set_flags"": 2048, ""runtime_index"": 20997, ""file_offset"": 47544, ""floor_field"": 8, ""entity_id_field"": 55623, ""group"": 0, ""room"": 8, ""unknown_a3"": 0, ""position"": [38.47998046875, 7.366535186767578, -68.1199951171875], ""angles"": [0, 0, 0], ""params"": [1.0, 1.0, 1.0, 0, 0, 0], ""unused_pointer"": 3765302912}"
government-ep2/q465-bb-e,8,211,"{""base_type"": 519, ""set_flags"": 2048, ""runtime_index"": 21253, ""file_offset"": 47612, ""floor_field"": 8, ""entity_id_field"": 55879, ""group"": 0, ""room"": 8, ""unknown_a3"": 0, ""position"": [-41.52001953125, 7.366535186767578, -68.1199951171875], ""angles"": [0, 0, 0], ""params"": [1.0, 1.0, 1.0, 0, 0, 0], ""unused_pointer"": 812840576}"
government-ep2/q465-bb-e,8,213,"{""base_type"": 519, ""set_flags"": 512, ""runtime_index"": 21765, ""file_offset"": 47748, ""floor_field"": 8, ""entity_id_field"": 56391, ""group"": 0, ""room"": 8, ""unknown_a3"": 0, ""position"": [5.0, 8.207171440124512, -64.0], ""angles"": [0, 0, 0], ""params"": [1.0, 1.0, 1.0, 101, 0, 0], ""unused_pointer"": 3497850496}"
government-ep2/q465-bb-e,8,214,"{""base_type"": 519, ""set_flags"": 512, ""runtime_index"": 22021, ""file_offset"": 47816, ""floor_field"": 8, ""entity_id_field"": 56647, ""group"": 0, ""room"": 8, ""unknown_a3"": 0, ""position"": [-20.0, 5.996016025543213, -75.0], ""angles"": [0, 24576, 0], ""params"": [1.0, 1.0, 1.0, 101, 0, 0], ""unused_pointer"": 1619195520}"
government-ep2/q465-bb-e,8,215,"{""base_type"": 519, ""set_flags"": 512, ""runtime_index"": 22277, ""file_offset"": 47884, ""floor_field"": 8, ""entity_id_field"": 56903, ""group"": 0, ""room"": 8, ""unknown_a3"": 0, ""position"": [-7.0, 6.992031574249268, -70.0], ""angles"": [0, 28672, 0], ""params"": [1.0, 1.0, 1.0, 101, 0, 0], ""unused_pointer"": 2961634944}"
government-ep2/q465-bb-e,8,220,"{""base_type"": 519, ""set_flags"": 2048, ""runtime_index"": 21510, ""file_offset"": 48224, ""floor_field"": 8, ""entity_id_field"": 21574, ""group"": 0, ""room"": 10, ""unknown_a3"": 0, ""position"": [-240.00999450683594, -121.58999633789062, 73.03997802734375], ""angles"": [0, 17408, 0], ""params"": [1.0, 1.0, 1.0, 4, 0, 0], ""unused_pointer"": 3762550656}"
government-ep2/q465-bb-e,9,97,"{""base_type"": 519, ""set_flags"": 512, ""runtime_index"": 8966, ""file_offset"": 55108, ""floor_field"": 9, ""entity_id_field"": 31560, ""group"": 0, ""room"": 7, ""unknown_a3"": 0, ""position"": [-140.0, 10.0, -320.0], ""angles"": [0, 0, 0], ""params"": [1.0, 1.0, 1.0, 102, 0, 0], ""unused_pointer"": 3236100480}"
government-ep2/q465-bb-e,9,98,"{""base_type"": 519, ""set_flags"": 512, ""runtime_index"": 9222, ""file_offset"": 55176, ""floor_field"": 9, ""entity_id_field"": 31816, ""group"": 0, ""room"": 7, ""unknown_a3"": 0, ""position"": [-130.0, 10.0, -320.0], ""angles"": [0, 0, 0], ""params"": [1.0, 1.0, 1.0, 102, 0, 0], ""unused_pointer"": 2431056256}"
government-ep2/q465-bb-e,9,99,"{""base_type"": 519, ""set_flags"": 512, ""runtime_index"": 9478, ""file_offset"": 55244, ""floor_field"": 9, ""entity_id_field"": 32072, ""group"": 0, ""room"": 7, ""unknown_a3"": 0, ""position"": [-160.0, 10.0, -320.0], ""angles"": [0, 32768, 0], ""params"": [1.0, 1.0, 1.0, 102, 0, 0], ""unused_pointer"": 1626012032}"
government-ep2/q465-bb-e,9,100,"{""base_type"": 519, ""set_flags"": 512, ""runtime_index"": 9734, ""file_offset"": 55312, ""floor_field"": 9, ""entity_id_field"": 32328, ""group"": 0, ""room"": 7, ""unknown_a3"": 0, ""position"": [193.27001953125, -5.599999904632568, 247.66998291015625], ""angles"": [0, 8192, 0], ""params"": [1.0, 1.0, 1.0, 105, 0, 0], ""unused_pointer"": 820967808}"
government-ep2/q465-bb-e,9,104,"{""base_type"": 519, ""set_flags"": 512, ""runtime_index"": 10758, ""file_offset"": 55584, ""floor_field"": 9, ""entity_id_field"": 33352, ""group"": 0, ""room"": 7, ""unknown_a3"": 0, ""position"": [217.650390625, -5.599999904632568, 222.79998779296875], ""angles"": [0, 45056, 0], ""params"": [1.0, 1.0, 1.0, 105, 0, 0], ""unused_pointer"": 285079936}"
government-ep2/q465-bb-e,9,105,"{""base_type"": 519, ""set_flags"": 512, ""runtime_index"": 11014, ""file_offset"": 55652, ""floor_field"": 9, ""entity_id_field"": 33608, ""group"": 0, ""room"": 7, ""unknown_a3"": 0, ""position"": [228.91583251953125, -2.88124942779541, 209.44708251953125], ""angles"": [0, 40960, 0], ""params"": [1.0, 1.0, 1.0, 105, 0, 0], ""unused_pointer"": 3758160512}"
government-ep2/q465-bb-e,9,118,"{""base_type"": 519, ""set_flags"": 0, ""runtime_index"": 45832, ""file_offset"": 56536, ""floor_field"": 9, ""entity_id_field"": 15437, ""group"": 0, ""room"": 8, ""unknown_a3"": 0, ""position"": [-116.162109375, 10.0, -372.14996337890625], ""angles"": [0, 20480, 0], ""params"": [1.0, 1.0, 1.0, 102, 0, 0], ""unused_pointer"": 820509056}"
government-ep2/q465-bb-e,9,119,"{""base_type"": 519, ""set_flags"": 0, ""runtime_index"": 46088, ""file_offset"": 56604, ""floor_field"": 9, ""entity_id_field"": 15949, ""group"": 0, ""room"": 8, ""unknown_a3"": 0, ""position"": [-100.1199951171875, 10.0, -374.39996337890625], ""angles"": [0, 45056, 0], ""params"": [1.0, 1.0, 1.0, 102, 0, 0], ""unused_pointer"": 2699950464}"
government-ep2/q465-bb-e,9,121,"{""base_type"": 519, ""set_flags"": 512, ""runtime_index"": 17158, ""file_offset"": 56740, ""floor_field"": 9, ""entity_id_field"": 2381, ""group"": 0, ""room"": 8, ""unknown_a3"": 0, ""position"": [-33.22998046875, 10.0, -35.839996337890625], ""angles"": [0, 0, 0], ""params"": [1.0, 1.0, 1.0, 102, 0, 0], ""unused_pointer"": 1894971776}"
government-ep2/q465-bb-e,9,162,"{""base_type"": 519, ""set_flags"": 0, ""runtime_index"": 50950, ""file_offset"": 59528, ""floor_field"": 9, ""entity_id_field"": 15431, ""group"": 0, ""room"": 10, ""unknown_a3"": 0, ""position"": [56.25, 10.0, -68.51995849609375], ""angles"": [0, 16384, 0], ""params"": [1.0, 1.0, 1.0, 99, 0, 0], ""unused_pointer"": 4042126976}"
government-ep2/q465-bb-e,9,163,"{""base_type"": 519, ""set_flags"": 0, ""runtime_index"": 51206, ""file_offset"": 59596, ""floor_field"": 9, ""entity_id_field"": 16199, ""group"": 0, ""room"": 10, ""unknown_a3"": 0, ""position"": [56.25, 10.0, -38.51995849609375], ""angles"": [0, 49152, 0], ""params"": [1.0, 1.0, 1.0, 99, 0, 0], ""unused_pointer"": 3773757056}"
government-ep2/q465-bb-j,6,22,"{""base_type"": 519, ""set_flags"": 2048, ""runtime_index"": 44806, ""file_offset"": 13308, ""floor_field"": 6, ""entity_id_field"": 8776, ""group"": 0, ""room"": 3, ""unknown_a3"": 0, ""position"": [83.98768615722656, -2.869999885559082, 134.32289123535156], ""angles"": [0, 4096, 0], ""params"": [1.0, 1.0, 1.0, 112, 0, 0], ""unused_pointer"": 2687825536}"
government-ep2/q465-bb-j,6,23,"{""base_type"": 519, ""set_flags"": 512, ""runtime_index"": 43523, ""file_offset"": 13376, ""floor_field"": 6, ""entity_id_field"": 43587, ""group"": 0, ""room"": 3, ""unknown_a3"": 0, ""position"": [-141.31997680664062, 1.717995047569275, -142.32025146484375], ""angles"": [0, 8192, 0], ""params"": [1.0, 1.0, 1.0, 13, 0, 0], ""unused_pointer"": 3772708224}"
government-ep2/q465-bb-j,6,24,"{""base_type"": 519, ""set_flags"": 512, ""runtime_index"": 43779, ""file_offset"": 13444, ""floor_field"": 6, ""entity_id_field"": 43843, ""group"": 0, ""room"": 3, ""unknown_a3"": 0, ""position"": [-149.31997680664062, 1.71999990940094, -134.31997680664062], ""angles"": [0, 8192, 0], ""params"": [1.0, 1.0, 1.0, 13, 0, 0], ""unused_pointer"": 820245888}"
government-ep2/q465-bb-j,6,25,"{""base_type"": 519, ""set_flags"": 512, ""runtime_index"": 44035, ""file_offset"": 13512, ""floor_field"": 6, ""entity_id_field"": 44099, ""group"": 0, ""room"": 3, ""unknown_a3"": 0, ""position"": [-165.31997680664062, 1.71999990940094, -118.31997680664062], ""angles"": [0, 40960, 0], ""params"": [1.0, 1.0, 1.0, 13, 0, 0], ""unused_pointer"": 2162685312}"
government-ep2/q465-bb-j,6,26,"{""base_type"": 519, ""set_flags"": 512, ""runtime_index"": 44291, ""file_offset"": 13580, ""floor_field"": 6, ""entity_id_field"": 44355, ""group"": 0, ""room"": 3, ""unknown_a3"": 0, ""position"": [-165.31484985351562, 7.649999618530273, -134.89376831054688], ""angles"": [0, 36864, 0], ""params"": [1.0, 1.0, 1.0, 13, 0, 0], ""unused_pointer"": 3505124736}"
government-ep2/q465-bb-j,6,58,"{""base_type"": 519, ""set_flags"": 0, ""runtime_index"": 40454, ""file_offset"": 15756, ""floor_field"": 6, ""entity_id_field"": 48966, ""group"": 0, ""room"": 3, ""unknown_a3"": 0, ""position"": [27.05999755859375, -2.1499998569488525, 153.49000549316406], ""angles"": [0, 4096, 0], ""params"": [1.0, 1.0, 1.0, 99, 0, 0], ""unused_pointer"": 1089664384}"
government-ep2/q465-bb-j,6,59,"{""base_type"": 519, ""set_flags"": 0, ""runtime_index"": 40710, ""file_offset"": 15824, ""floor_field"": 6, ""entity_id_field"": 49478, ""group"": 0, ""room"": 3, ""unknown_a3"": 0, ""position"": [103.95669555664062, 0.9899999499320984, 125.84001159667969], ""angles"": [0, 8192, 0], ""params"": [1.0, 1.0, 1.0, 99, 0, 0], ""unused_pointer"": 2968778112}"
government-ep2/q465-bb-j,6,60,"{""base_type"": 519, ""set_flags"": 2048, ""runtime_index"": 45062, ""file_offset"": 15892, ""floor_field"": 6, ""entity_id_field"": 9032, ""group"": 0, ""room"": 3, ""unknown_a3"": 0, ""position"": [43.69781494140625, -2.869999885559082, 148.2277069091797], ""angles"": [0, 36864, 0], ""params"": [1.0, 1.0, 1.0, 112, 0, 0], ""unused_pointer"": 2419455616}"
government-ep2/q465-bb-j,6,61,"{""base_type"": 519, ""set_flags"": 2048, ""runtime_index"": 45318, ""file_offset"": 15960, ""floor_field"": 6, ""entity_id_field"": 10568, ""group"": 0, ""room"": 3, ""unknown_a3"": 0, ""position"": [69.03012084960938, 4.142499923706055, 151.14154052734375], ""angles"": [0, 45056, 0], ""params"": [1.0, 1.0, 1.0, 112, 0, 0], ""unused_pointer"": 3762157184}"
government-ep2/q465-bb-j,6,62,"{""base_type"": 519, ""set_flags"": 2048, ""runtime_index"": 45574, ""file_offset"": 16028, ""floor_field"": 6, ""entity_id_field"": 10824, ""group"": 0, ""room"": 3, ""unknown_a3"": 0, ""position"": [62.86199951171875, -4.4076128005981445, 140.37501525878906], ""angles"": [0, 4096, 0], ""params"": [1.0, 1.0, 1.0, 112, 0, 0], ""unused_pointer"": 3493787264}"
government-ep2/q465-bb-j,6,63,"{""base_type"": 519, ""set_flags"": 2048, ""runtime_index"": 45830, ""file_offset"": 16096, ""floor_field"": 6, ""entity_id_field"": 11336, ""group"": 0, ""room"": 3, ""unknown_a3"": 0, ""position"": [56.892547607421875, -2.690300226211548, 151.8644256591797], ""angles"": [0, 0, 0], ""params"": [1.0, 1.0, 1.0, 112, 0, 0], ""unused_pointer"": 3495818880}"
government-ep2/q465-bb-j,6,87,"{""base_type"": 519, ""set_flags"": 0, ""runtime_index"": 42246, ""file_offset"": 17728, ""floor_field"": 6, ""entity_id_field"": 26183, ""group"": 0, ""room"": 4, ""unknown_a3"": 0, ""position"": [213.86260986328125, 0.3999999761581421, 20.496185302734375], ""angles"": [0, 28672, 0], ""params"": [1.0, 1.0, 1.0, 0, 0, 0], ""unused_pointer"": 1898112}"
government-ep2/q465-bb-j,6,126,"{""base_type"": 519, ""set_flags"": 2048, ""runtime_index"": 30464, ""file_offset"": 20380, ""floor_field"": 6, ""entity_id_field"": 30528, ""group"": 0, ""room"": 11, ""unknown_a3"": 0, ""position"": [-8.230010986328125, 8.210000038146973, -220.08999633789062], ""angles"": [0, 32768, 0], ""params"": [1.0, 1.0, 1.0, 9, 2, 0], ""unused_pointer"": 813758080}"
government-ep2/q465-bb-j,6,127,"{""base_type"": 519, ""set_flags"": 2048, ""runtime_index"": 30720, ""file_offset"": 20448, ""floor_field"": 6, ""entity_id_field"": 30784, ""group"": 0, ""room"": 11, ""unknown_a3"": 0, ""position"": [1.1099853515625, 11.9399995803833, -220.00999450683594], ""angles"": [0, 0, 0], ""params"": [1.0, 1.0, 1.0, 9, 2, 0], ""unused_pointer"": 2156197504}"
government-ep2/q465-bb-j,6,128,"{""base_type"": 519, ""set_flags"": 2048, ""runtime_index"": 30976, ""file_offset"": 20516, ""floor_field"": 6, ""entity_id_field"": 31040, ""group"": 0, ""room"": 11, ""unknown_a3"": 0, ""position"": [18.220001220703125, 6.37999963760376, -220.00999450683594], ""angles"": [0, 32768, 0], ""params"": [1.0, 1.0, 1.0, 9, 2, 0], ""unused_pointer"": 3498636928}"
government-ep2/q465-bb-j,7,49,"{""base_type"": 519, ""set_flags"": 512, ""runtime_index"": 39940, ""file_offset"": 27128, ""floor_field"": 7, ""entity_id_field"": 34888, ""group"": 0, ""room"": 3, ""unknown_a3"": 0, ""position"": [5.80999755859375, -8.40999984741211, 43.94000244140625], ""angles"": [0, 20480, 0], ""params"": [1.0, 1.0, 1.0, 99, 0, 0], ""unused_pointer"": 3490904704}"
government-ep2/q465-bb-j,8,93,"{""base_type"": 519, ""set_flags"": 512, ""runtime_index"": 48388, ""file_offset"": 39588, ""floor_field"": 8, ""entity_id_field"": 48452, ""group"": 0, ""room"": 3, ""unknown_a3"": 0, ""position"": [-104.76081085205078, -76.43999481201172, -76.46044921875], ""angles"": [0, 24576, 0], ""params"": [1.0, 1.0, 1.0, 99, 0, 0], ""unused_pointer"": 16184704}"
government-ep2/q465-bb-j,8,94,"{""base_type"": 519, ""set_flags"": 512, ""runtime_index"": 48644, ""file_offset"": 39656, ""floor_field"": 8, ""entity_id_field"": 48708, ""group"": 0, ""room"": 3, ""unknown_a3"": 0, ""position"": [-94.89393615722656, -76.43999481201172, -58.74835205078125], ""angles"": [0, -12288, 0], ""params"": [1.0, 1.0, 1.0, 99, 0, 0], ""unused_pointer"": 1358624128}"
government-ep2/q465-bb-j,8,95,"{""base_type"": 519, ""set_flags"": 512, ""runtime_index"": 48900, ""file_offset"": 39724, ""floor_field"": 8, ""entity_id_field"": 48964, ""group"": 0, ""room"": 3, ""unknown_a3"": 0, ""position"": [-135.830322265625, -85.16541290283203, -2.1142578125], ""angles"": [0, 4096, 0], ""params"": [1.0, 1.0, 1.0, 99, 0, 0], ""unused_pointer"": 2701063552}"
government-ep2/q465-bb-j,8,119,"{""base_type"": 519, ""set_flags"": 2048, ""runtime_index"": 55044, ""file_offset"": 41356, ""floor_field"": 8, ""entity_id_field"": 55108, ""group"": 0, ""room"": 4, ""unknown_a3"": 0, ""position"": [70.40289306640625, 1.8000003099441528, -208.1400146484375], ""angles"": [0, 16384, 0], ""params"": [1.0, 1.0, 1.0, 11, 0, 0], ""unused_pointer"": 2955540096}"
government-ep2/q465-bb-j,8,120,"{""base_type"": 519, ""set_flags"": 2048, ""runtime_index"": 55300, ""file_offset"": 41424, ""floor_field"": 8, ""entity_id_field"": 55364, ""group"": 0, ""room"": 4, ""unknown_a3"": 0, ""position"": [70.56683349609375, 4.799999713897705, -188.05999755859375], ""angles"": [0, 49152, 0], ""params"": [1.0, 1.0, 1.0, 11, 0, 0], ""unused_pointer"": 3077760}"
government-ep2/q465-bb-j,8,121,"{""base_type"": 519, ""set_flags"": 512, ""runtime_index"": 55556, ""file_offset"": 41492, ""floor_field"": 8, ""entity_id_field"": 55620, ""group"": 0, ""room"": 4, ""unknown_a3"": 0, ""position"": [62.72998046875, 0.0, -236.49002075195312], ""angles"": [0, 16384, 0], ""params"": [1.0, 1.0, 1.0, 99, 0, 0], ""unused_pointer"": 1345517184}"
government-ep2/q465-bb-j,8,122,"{""base_type"": 519, ""set_flags"": 512, ""runtime_index"": 55812, ""file_offset"": 41560, ""floor_field"": 8, ""entity_id_field"": 55876, ""group"": 0, ""room"": 4, ""unknown_a3"": 0, ""position"": [62.72998046875, 0.0, -166.49002075195312], ""angles"": [0, 49152, 0], ""params"": [1.0, 1.0, 1.0, 99, 0, 0], ""unused_pointer"": 2687956608}"
government-ep2/q465-bb-j,8,124,"{""base_type"": 519, ""set_flags"": 2048, ""runtime_index"": 56324, ""file_offset"": 41696, ""floor_field"": 8, ""entity_id_field"": 56388, ""group"": 0, ""room"": 4, ""unknown_a3"": 0, ""position"": [62.72998046875, 0.0, -199.49002075195312], ""angles"": [0, 16384, 0], ""params"": [1.0, 1.0, 1.0, 11, 0, 0], ""unused_pointer"": 3225351808}"
government-ep2/q465-bb-j,8,127,"{""base_type"": 519, ""set_flags"": 512, ""runtime_index"": 57092, ""file_offset"": 41900, ""floor_field"": 8, ""entity_id_field"": 57156, ""group"": 0, ""room"": 4, ""unknown_a3"": 0, ""position"": [-160.73031616210938, 1.2193598747253418, -167.2047119140625], ""angles"": [0, 12288, 0], ""params"": [1.0, 1.0, 1.0, 10, 0, 0], ""unused_pointer"": 1884026496}"
government-ep2/q465-bb-j,8,135,"{""base_type"": 519, ""set_flags"": 0, ""runtime_index"": 518, ""file_offset"": 42444, ""floor_field"": 8, ""entity_id_field"": 27974, ""group"": 0, ""room"": 4, ""unknown_a3"": 0, ""position"": [135.3065185546875, 0.0, 189.38104248046875], ""angles"": [0, 4096, 0], ""params"": [1.0, 1.0, 1.0, 99, 0, 0], ""unused_pointer"": 1111680}"
government-ep2/q465-bb-j,8,210,"{""base_type"": 519, ""set_flags"": 2048, ""runtime_index"": 20997, ""file_offset"": 47544, ""floor_field"": 8, ""entity_id_field"": 55623, ""group"": 0, ""room"": 8, ""unknown_a3"": 0, ""position"": [38.47998046875, 7.366535186767578, -68.1199951171875], ""angles"": [0, 0, 0], ""params"": [1.0, 1.0, 1.0, 0, 0, 0], ""unused_pointer"": 3765302912}"
government-ep2/q465-bb-j,8,211,"{""base_type"": 519, ""set_flags"": 2048, ""runtime_index"": 21253, ""file_offset"": 47612, ""floor_field"": 8, ""entity_id_field"": 55879, ""group"": 0, ""room"": 8, ""unknown_a3"": 0, ""position"": [-41.52001953125, 7.366535186767578, -68.1199951171875], ""angles"": [0, 0, 0], ""params"": [1.0, 1.0, 1.0, 0, 0, 0], ""unused_pointer"": 812840576}"
government-ep2/q465-bb-j,8,213,"{""base_type"": 519, ""set_flags"": 512, ""runtime_index"": 21765, ""file_offset"": 47748, ""floor_field"": 8, ""entity_id_field"": 56391, ""group"": 0, ""room"": 8, ""unknown_a3"": 0, ""position"": [5.0, 8.207171440124512, -64.0], ""angles"": [0, 0, 0], ""params"": [1.0, 1.0, 1.0, 101, 0, 0], ""unused_pointer"": 3497850496}"
government-ep2/q465-bb-j,8,214,"{""base_type"": 519, ""set_flags"": 512, ""runtime_index"": 22021, ""file_offset"": 47816, ""floor_field"": 8, ""entity_id_field"": 56647, ""group"": 0, ""room"": 8, ""unknown_a3"": 0, ""position"": [-20.0, 5.996016025543213, -75.0], ""angles"": [0, 24576, 0], ""params"": [1.0, 1.0, 1.0, 101, 0, 0], ""unused_pointer"": 1619195520}"
government-ep2/q465-bb-j,8,215,"{""base_type"": 519, ""set_flags"": 512, ""runtime_index"": 22277, ""file_offset"": 47884, ""floor_field"": 8, ""entity_id_field"": 56903, ""group"": 0, ""room"": 8, ""unknown_a3"": 0, ""position"": [-7.0, 6.992031574249268, -70.0], ""angles"": [0, 28672, 0], ""params"": [1.0, 1.0, 1.0, 101, 0, 0], ""unused_pointer"": 2961634944}"
government-ep2/q465-bb-j,8,220,"{""base_type"": 519, ""set_flags"": 2048, ""runtime_index"": 21510, ""file_offset"": 48224, ""floor_field"": 8, ""entity_id_field"": 21574, ""group"": 0, ""room"": 10, ""unknown_a3"": 0, ""position"": [-240.00999450683594, -121.58999633789062, 73.03997802734375], ""angles"": [0, 17408, 0], ""params"": [1.0, 1.0, 1.0, 4, 0, 0], ""unused_pointer"": 3762550656}"
government-ep2/q465-bb-j,9,97,"{""base_type"": 519, ""set_flags"": 512, ""runtime_index"": 8966, ""file_offset"": 55108, ""floor_field"": 9, ""entity_id_field"": 31560, ""group"": 0, ""room"": 7, ""unknown_a3"": 0, ""position"": [-140.0, 10.0, -320.0], ""angles"": [0, 0, 0], ""params"": [1.0, 1.0, 1.0, 102, 0, 0], ""unused_pointer"": 3236100480}"
government-ep2/q465-bb-j,9,98,"{""base_type"": 519, ""set_flags"": 512, ""runtime_index"": 9222, ""file_offset"": 55176, ""floor_field"": 9, ""entity_id_field"": 31816, ""group"": 0, ""room"": 7, ""unknown_a3"": 0, ""position"": [-130.0, 10.0, -320.0], ""angles"": [0, 0, 0], ""params"": [1.0, 1.0, 1.0, 102, 0, 0], ""unused_pointer"": 2431056256}"
government-ep2/q465-bb-j,9,99,"{""base_type"": 519, ""set_flags"": 512, ""runtime_index"": 9478, ""file_offset"": 55244, ""floor_field"": 9, ""entity_id_field"": 32072, ""group"": 0, ""room"": 7, ""unknown_a3"": 0, ""position"": [-160.0, 10.0, -320.0], ""angles"": [0, 32768, 0], ""params"": [1.0, 1.0, 1.0, 102, 0, 0], ""unused_pointer"": 1626012032}"
government-ep2/q465-bb-j,9,100,"{""base_type"": 519, ""set_flags"": 512, ""runtime_index"": 9734, ""file_offset"": 55312, ""floor_field"": 9, ""entity_id_field"": 32328, ""group"": 0, ""room"": 7, ""unknown_a3"": 0, ""position"": [193.27001953125, -5.599999904632568, 247.66998291015625], ""angles"": [0, 8192, 0], ""params"": [1.0, 1.0, 1.0, 105, 0, 0], ""unused_pointer"": 820967808}"
government-ep2/q465-bb-j,9,104,"{""base_type"": 519, ""set_flags"": 512, ""runtime_index"": 10758, ""file_offset"": 55584, ""floor_field"": 9, ""entity_id_field"": 33352, ""group"": 0, ""room"": 7, ""unknown_a3"": 0, ""position"": [217.650390625, -5.599999904632568, 222.79998779296875], ""angles"": [0, 45056, 0], ""params"": [1.0, 1.0, 1.0, 105, 0, 0], ""unused_pointer"": 285079936}"
government-ep2/q465-bb-j,9,105,"{""base_type"": 519, ""set_flags"": 512, ""runtime_index"": 11014, ""file_offset"": 55652, ""floor_field"": 9, ""entity_id_field"": 33608, ""group"": 0, ""room"": 7, ""unknown_a3"": 0, ""position"": [228.91583251953125, -2.88124942779541, 209.44708251953125], ""angles"": [0, 40960, 0], ""params"": [1.0, 1.0, 1.0, 105, 0, 0], ""unused_pointer"": 3758160512}"
government-ep2/q465-bb-j,9,118,"{""base_type"": 519, ""set_flags"": 0, ""runtime_index"": 45832, ""file_offset"": 56536, ""floor_field"": 9, ""entity_id_field"": 15437, ""group"": 0, ""room"": 8, ""unknown_a3"": 0, ""position"": [-116.162109375, 10.0, -372.14996337890625], ""angles"": [0, 20480, 0], ""params"": [1.0, 1.0, 1.0, 102, 0, 0], ""unused_pointer"": 820509056}"
government-ep2/q465-bb-j,9,119,"{""base_type"": 519, ""set_flags"": 0, ""runtime_index"": 46088, ""file_offset"": 56604, ""floor_field"": 9, ""entity_id_field"": 15949, ""group"": 0, ""room"": 8, ""unknown_a3"": 0, ""position"": [-100.1199951171875, 10.0, -374.39996337890625], ""angles"": [0, 45056, 0], ""params"": [1.0, 1.0, 1.0, 102, 0, 0], ""unused_pointer"": 2699950464}"
government-ep2/q465-bb-j,9,121,"{""base_type"": 519, ""set_flags"": 512, ""runtime_index"": 17158, ""file_offset"": 56740, ""floor_field"": 9, ""entity_id_field"": 2381, ""group"": 0, ""room"": 8, ""unknown_a3"": 0, ""position"": [-33.22998046875, 10.0, -35.839996337890625], ""angles"": [0, 0, 0], ""params"": [1.0, 1.0, 1.0, 102, 0, 0], ""unused_pointer"": 1894971776}"
government-ep2/q465-bb-j,9,162,"{""base_type"": 519, ""set_flags"": 0, ""runtime_index"": 50950, ""file_offset"": 59528, ""floor_field"": 9, ""entity_id_field"": 15431, ""group"": 0, ""room"": 10, ""unknown_a3"": 0, ""position"": [56.25, 10.0, -68.51995849609375], ""angles"": [0, 16384, 0], ""params"": [1.0, 1.0, 1.0, 99, 0, 0], ""unused_pointer"": 4042126976}"
government-ep2/q465-bb-j,9,163,"{""base_type"": 519, ""set_flags"": 0, ""runtime_index"": 51206, ""file_offset"": 59596, ""floor_field"": 9, ""entity_id_field"": 16199, ""group"": 0, ""room"": 10, ""unknown_a3"": 0, ""position"": [56.25, 10.0, -38.51995849609375], ""angles"": [0, 49152, 0], ""params"": [1.0, 1.0, 1.0, 99, 0, 0], ""unused_pointer"": 3773757056}"
maximum-attack-ep2/q211-bb-e,7,27,"{""base_type"": 519, ""set_flags"": 0, ""runtime_index"": 14084, ""file_offset"": 35184, ""floor_field"": 7, ""entity_id_field"": 57672, ""group"": 0, ""room"": 6, ""unknown_a3"": 0, ""position"": [-94.0, -54.195987701416016, 110.0], ""angles"": [0, 32768, 0], ""params"": [1.0, 1.0, 1.0, 101, 0, 0], ""unused_pointer"": 9757312}"
maximum-attack-ep2/q211-bb-e,7,28,"{""base_type"": 519, ""set_flags"": 0, ""runtime_index"": 14596, ""file_offset"": 35252, ""floor_field"": 7, ""entity_id_field"": 57928, ""group"": 0, ""room"": 6, ""unknown_a3"": 0, ""position"": [-94.0, -44.20000076293945, 110.0], ""angles"": [0, 4096, 0], ""params"": [1.0, 1.0, 1.0, 101, 0, 0], ""unused_pointer"": 3768050304}"
maximum-attack-ep2/q211-bb-e,7,68,"{""base_type"": 519, ""set_flags"": 512, ""runtime_index"": 20228, ""file_offset"": 37972, ""floor_field"": 7, ""entity_id_field"": 20292, ""group"": 0, ""room"": 8, ""unknown_a3"": 0, ""position"": [9.370010375976562, -66.9698486328125, -51.158935546875], ""angles"": [0, 12288, 0], ""params"": [1.0, 1.0, 1.0, 99, 0, 0], ""unused_pointer"": 2961241216}"
maximum-attack-ep2/q211-bb-e,7,69,"{""base_type"": 519, ""set_flags"": 512, ""runtime_index"": 20484, ""file_offset"": 38040, ""floor_field"": 7, ""entity_id_field"": 20548, ""group"": 0, ""room"": 8, ""unknown_a3"": 0, ""position"": [-79.57000732421875, -66.9698486328125, 48.20343017578125], ""angles"": [0, 20480, 0], ""params"": [1.0, 1.0, 1.0, 99, 0, 0], ""unused_pointer"": 3766809728}"
maximum-attack-ep2/q211-bb-e,8,5,"{""base_type"": 519, ""set_flags"": 0, ""runtime_index"": 51462, ""file_offset"": 38532, ""floor_field"": 8, ""entity_id_field"": 58184, ""group"": 0, ""room"": 2, ""unknown_a3"": 0, ""position"": [-17.1099853515625, -128.61000061035156, 116.969970703125], ""angles"": [0, 32768, 0], ""params"": [1.0, 1.0, 1.0, 103, 0, 0], ""unused_pointer"": 1881533568}"
maximum-attack-ep2/q211-bb-e,8,6,"{""base_type"": 519, ""set_flags"": 0, ""runtime_index"": 52486, ""file_offset"": 38600, ""floor_field"": 8, ""entity_id_field"": 58440, ""group"": 0, ""room"": 2, ""unknown_a3"": 0, ""position"": [-40.0, -128.0, 120.0], ""angles"": [0, 0, 0], ""params"": [1.0, 1.0, 1.0, 103, 0, 0], ""unused_pointer"": 4029344896}"
maximum-attack-ep2/q211-bb-e,8,19,"{""base_type"": 519, ""set_flags"": 0, ""runtime_index"": 51718, ""file_offset"": 39484, ""floor_field"": 8, ""entity_id_field"": 61768, ""group"": 0, ""room"": 2, ""unknown_a3"": 0, ""position"": [-27.1099853515625, -118.61000061035156, 116.969970703125], ""angles"": [0, 32768, 0], ""params"": [1.0, 1.0, 1.0, 103, 0, 0], ""unused_pointer"": 541846656}"
maximum-attack-ep2/q211-bb-e,8,20,"{""base_type"": 519, ""set_flags"": 0, ""runtime_index"": 52742, ""file_offset"": 39552, ""floor_field"": 8, ""entity_id_field"": 62024, ""group"": 0, ""room"": 2, ""unknown_a3"": 0, ""position"": [-20.0, -128.61000061035156, 125.0], ""angles"": [0, 32768, 0], ""params"": [1.0, 1.0, 1.0, 104, 0, 0], ""unused_pointer"": 1078848640}"
maximum-attack-ep2/q211-bb-e,8,21,"{""base_type"": 519, ""set_flags"": 0, ""runtime_index"": 52998, ""file_offset"": 39620, ""floor_field"": 8, ""entity_id_field"": 62280, ""group"": 0, ""room"": 2, ""unknown_a3"": 0, ""position"": [-39.0, -128.61000061035156, 125.0], ""angles"": [0, 0, 0], ""params"": [1.0, 1.0, 1.0, 104, 0, 0], ""unused_pointer"": 5237888}"
maximum-attack-ep2/q211-bb-e,8,22,"{""base_type"": 519, ""set_flags"": 0, ""runtime_index"": 53766, ""file_offset"": 39688, ""floor_field"": 8, ""entity_id_field"": 62536, ""group"": 0, ""room"": 2, ""unknown_a3"": 0, ""position"": [-39.0, -128.61000061035156, 130.0], ""angles"": [0, 36864, 0], ""params"": [1.0, 1.0, 1.0, 105, 0, 0], ""unused_pointer"": 2155080832}"
maximum-attack-ep2/q211-bb-e,8,23,"{""base_type"": 519, ""set_flags"": 0, ""runtime_index"": 54022, ""file_offset"": 39756, ""floor_field"": 8, ""entity_id_field"": 62792, ""group"": 0, ""room"": 2, ""unknown_a3"": 0, ""position"": [-20.0, -129.0, 122.0], ""angles"": [0, 32768, 0], ""params"": [1.0, 1.0, 1.0, 105, 0, 0], ""unused_pointer"": 1350036608}"
maximum-attack-ep2/q211-bb-e,8,52,"{""base_type"": 519, ""set_flags"": 512, ""runtime_index"": 38404, ""file_offset"": 41728, ""floor_field"": 8, ""entity_id_field"": 39496, ""group"": 0, ""room"": 3, ""unknown_a3"": 0, ""position"": [304.0, 0.0, -96.0], ""angles"": [0, 16384, 0], ""params"": [1.0, 1.0, 1.0, 7, 0, 0], ""unused_pointer"": 2428625536}"
maximum-attack-ep2/q211-bb-e,8,53,"{""base_type"": 519, ""set_flags"": 512, ""runtime_index"": 38660, ""file_offset"": 41796, ""floor_field"": 8, ""entity_id_field"": 39752, ""group"": 0, ""room"": 3, ""unknown_a3"": 0, ""position"": [304.0, 0.0, -73.0], ""angles"": [0, 49152, 0], ""params"": [1.0, 1.0, 1.0, 7, 0, 0], ""unused_pointer"": 1892016768}"
maximum-attack-ep2/q211-bb-e,8,54,"{""base_type"": 519, ""set_flags"": 512, ""runtime_index"": 38916, ""file_offset"": 41864, ""floor_field"": 8, ""entity_id_field"": 40008, ""group"": 0, ""room"": 3, ""unknown_a3"": 0, ""position"": [304.0, 0.0, -53.0], ""angles"": [0, 16384, 0], ""params"": [1.0, 1.0, 1.0, 7, 0, 0], ""unused_pointer"": 1355408000}"
maximum-attack-ep2/q211-bb-e,8,87,"{""base_type"": 519, ""set_flags"": 512, ""runtime_index"": 47364, ""file_offset"": 44108, ""floor_field"": 8, ""entity_id_field"": 48456, ""group"": 0, ""room"": 3, ""unknown_a3"": 0, ""position"": [-232.25830078125, -99.00025177001953, -56.8240966796875], ""angles"": [0, 40960, 0], ""params"": [1.0, 1.0, 1.0, 4, 0, 0], ""unused_pointer"": 820241024}"
maximum-attack-ep2/q211-bb-e,8,88,"{""base_type"": 519, ""set_flags"": 512, ""runtime_index"": 47620, ""file_offset"": 44176, ""floor_field"": 8, ""entity_id_field"": 48712, ""group"": 0, ""room"": 3, ""unknown_a3"": 0, ""position"": [-251.32386779785156, -99.0, -45.429443359375], ""angles"": [0, 69632, 0], ""params"": [1.0, 1.0, 1.0, 4, 0, 0], ""unused_pointer"": 283632256}"
maximum-attack-ep2/q211-bb-e,8,100,"{""base_type"": 519, ""set_flags"": 0, ""runtime_index"": 23304, ""file_offset"": 44992, ""floor_field"": 8, ""entity_id_field"": 12105, ""group"": 0, ""room"": 4, ""unknown_a3"": 0, ""position"": [185.0, 0.0, 180.0], ""angles"": [0, 32768, 0], ""params"": [1.0, 1.0, 1.0, 9, 0, 0], ""unused_pointer"": 806282112}"
maximum-attack-ep2/q211-bb-e,8,115,"{""base_type"": 519, ""set_flags"": 512, ""runtime_index"": 33028, ""file_offset"": 46012, ""floor_field"": 8, ""entity_id_field"": 15945, ""group"": 0, ""room"": 4, ""unknown_a3"": 0, ""position"": [88.3800048828125, 0.8799999952316284, -197.77001953125], ""angles"": [0, 53248, 0], ""params"": [1.0, 1.0, 1.0, 11, 0, 0], ""unused_pointer"": 2687689600}"
maximum-attack-ep2/q211-bb-e,8,116,"{""base_type"": 519, ""set_flags"": 512, ""runtime_index"": 33284, ""file_offset"": 46080, ""floor_field"": 8, ""entity_id_field"": 16201, ""group"": 0, ""room"": 4, ""unknown_a3"": 0, ""position"": [84.3800048828125, 0.07605868577957153, -219.77001953125], ""angles"": [0, 81920, 0], ""params"": [1.0, 1.0, 1.0, 11, 0, 0], ""unused_pointer"": 2151080832}"
maximum-attack-ep2/q211-bb-e,8,117,"{""base_type"": 519, ""set_flags"": 512, ""runtime_index"": 33540, ""file_offset"": 46148, ""floor_field"": 8, ""entity_id_field"": 16457, ""group"": 0, ""room"": 4, ""unknown_a3"": 0, ""position"": [76.3800048828125, -0.00014153867959976196, -240.77001953125], ""angles"": [0, 86016, 0], ""params"": [1.0, 1.0, 1.0, 11, 0, 0], ""unused_pointer"": 1614472064}"
maximum-attack-ep2/q211-bb-e,8,120,"{""base_type"": 519, ""set_flags"": 0, ""runtime_index"": 24328, ""file_offset"": 46352, ""floor_field"": 8, ""entity_id_field"": 17225, ""group"": 0, ""room"": 4, ""unknown_a3"": 0, ""position"": [-171.33999633789062, -1.5199999809265137, -165.80999755859375], ""angles"": [0, 81920, 0], ""params"": [1.0, 1.0, 1.0, 18, 0, 0], ""unused_pointer"": 2957173632}"
maximum-attack-ep2/q211-bb-e,8,123,"{""base_type"": 519, ""set_flags"": 0, ""runtime_index"": 23048, ""file_offset"": 46556, ""floor_field"": 8, ""entity_id_field"": 17993, ""group"": 0, ""room"": 4, ""unknown_a3"": 0, ""position"": [140.0, 0.0, 190.0], ""angles"": [0, 36864, 0], ""params"": [1.0, 1.0, 1.0, 9, 0, 0], ""unused_pointer"": 273212288}"
maximum-attack-ep2/q211-bb-e,8,124,"{""base_type"": 519, ""set_flags"": 0, ""runtime_index"": 23560, ""file_offset"": 46624, ""floor_field"": 8, ""entity_id_field"": 18249, ""group"": 0, ""room"": 4, ""unknown_a3"": 0, ""position"": [162.0, 0.0, 182.0], ""angles"": [0, 0, 0], ""params"": [1.0, 1.0, 1.0, 9, 0, 0], ""unused_pointer"": 4031505280}"
maximum-attack-ep2/q211-bb-e,8,146,"{""base_type"": 519, ""set_flags"": 512, ""runtime_index"": 40452, ""file_offset"": 48120, ""floor_field"": 8, ""entity_id_field"": 329, ""group"": 0, ""room"": 8, ""unknown_a3"": 0, ""position"": [-67.3311767578125, 0.0, -338.91839599609375], ""angles"": [0, 0, 0], ""params"": [1.0, 1.0, 1.0, 13, 0, 0], ""unused_pointer"": 815653760}"
maximum-attack-ep2/q211-bb-e,8,147,"{""base_type"": 519, ""set_flags"": 512, ""runtime_index"": 40708, ""file_offset"": 48188, ""floor_field"": 8, ""entity_id_field"": 585, ""group"": 0, ""room"": 8, ""unknown_a3"": 0, ""position"": [-87.33001708984375, 0.0, -338.9200439453125], ""angles"": [0, 28672, 0], ""params"": [1.0, 1.0, 1.0, 13, 0, 0], ""unused_pointer"": 279044992}"
maximum-attack-ep2/q211-bb-e,8,149,"{""base_type"": 519, ""set_flags"": 512, ""runtime_index"": 41220, ""file_offset"": 48324, ""floor_field"": 8, ""entity_id_field"": 1097, ""group"": 0, ""room"": 8, ""unknown_a3"": 0, ""position"": [-91.92889404296875, -2.09808349609375e-05, -202.29449462890625], ""angles"": [0, 28672, 0], ""params"": [1.0, 1.0, 1.0, 14, 0, 0], ""unused_pointer"": 2695226240}"
maximum-attack-ep2/q211-bb-e,8,150,"{""base_type"": 519, ""set_flags"": 512, ""runtime_index"": 41476, ""file_offset"": 48392, ""floor_field"": 8, ""entity_id_field"": 1353, ""group"": 0, ""room"": 8, ""unknown_a3"": 0, ""position"": [-113.48040771484375, 6.52309536235407e-05, -220.64776611328125], ""angles"": [0, 57344, 0], ""params"": [1.0, 1.0, 1.0, 14, 0, 0], ""unused_pointer"": 2158617472}"
maximum-attack-ep2/q211-bb-e,8,162,"{""base_type"": 519, ""set_flags"": 0, ""runtime_index"": 23048, ""file_offset"": 49208, ""floor_field"": 8, ""entity_id_field"": 34377, ""group"": 0, ""room"": 8, ""unknown_a3"": 0, ""position"": [-260.0, 1.2497427463531494, -120.0], ""angles"": [0, 8192, 0], ""params"": [1.0, 1.0, 1.0, 10, 0, 0], ""unused_pointer"": 3770868608}"
maximum-attack-ep2/q211-bb-e,8,166,"{""base_type"": 519, ""set_flags"": 0, ""runtime_index"": 23304, ""file_offset"": 49480, ""floor_field"": 8, ""entity_id_field"": 35401, ""group"": 0, ""room"": 8, ""unknown_a3"": 0, ""position"": [-250.0, 1.25, -135.0], ""angles"": [0, 45056, 0], ""params"": [1.0, 1.0, 1.0, 10, 0, 0], ""unused_pointer"": 3502498688}"
maximum-attack-ep2/q211-bb-e,8,167,"{""base_type"": 519, ""set_flags"": 0, ""runtime_index"": 23560, ""file_offset"": 49548, ""floor_field"": 8, ""entity_id_field"": 35657, ""group"": 0, ""room"": 8, ""unknown_a3"": 0, ""position"": [-240.0, 1.25, -156.0], ""angles"": [0, 12288, 0], ""params"": [1.0, 1.0, 1.0, 10, 0, 0], ""unused_pointer"": 13689728}"
maximum-attack-ep2/q211-bb-e,9,43,"{""base_type"": 519, ""set_flags"": 512, ""runtime_index"": 25349, ""file_offset"": 54664, ""floor_field"": 9, ""entity_id_field"": 38217, ""group"": 0, ""room"": 3, ""unknown_a3"": 0, ""position"": [-706.0, 9.091863632202148, -327.0], ""angles"": [0, 8192, 0], ""params"": [1.0, 1.0, 1.0, 2, 0, 0], ""unused_pointer"": 2162090368}"
maximum-attack-ep2/q211-bb-e,9,44,"{""base_type"": 519, ""set_flags"": 512, ""runtime_index"": 25605, ""file_offset"": 54732, ""floor_field"": 9, ""entity_id_field"": 38473, ""group"": 0, ""room"": 3, ""unknown_a3"": 0, ""position"": [-689.0, 9.09000015258789, -345.0], ""angles"": [0, 40960, 0], ""params"": [1.0, 1.0, 1.0, 2, 0, 0], ""unused_pointer"": 1625481600}"
maximum-attack-ep2/q211-bb-e,9,45,"{""base_type"": 519, ""set_flags"": 512, ""runtime_index"": 25861, ""file_offset"": 54800, ""floor_field"": 9, ""entity_id_field"": 38729, ""group"": 0, ""room"": 3, ""unknown_a3"": 0, ""position"": [-686.0, 15.0, -350.0], ""angles"": [0, 8192, 0], ""params"": [1.0, 1.0, 1.0, 2, 0, 0], ""unused_pointer"": 1088872832}"
maximum-attack-ep2/q211-bb-e,9,50,"{""base_type"": 519, ""set_flags"": 512, ""runtime_index"": 27141, ""file_offset"": 55140, ""floor_field"": 9, ""entity_id_field"": 40009, ""group"": 0, ""room"": 3, ""unknown_a3"": 0, ""position"": [-335.0, -11.0, 190.0], ""angles"": [0, 40960, 0], ""params"": [1.0, 1.0, 1.0, 0, 0, 0], ""unused_pointer"": 2163073408}"
maximum-attack-ep2/q211-bb-e,9,56,"{""base_type"": 519, ""set_flags"": 512, ""runtime_index"": 31237, ""file_offset"": 55548, ""floor_field"": 9, ""entity_id_field"": 64840, ""group"": 0, ""room"": 6, ""unknown_a3"": 0, ""position"": [-30.0, 9.779999732971191, 100.0], ""angles"": [0, 28672, 0], ""params"": [1.0, 1.0, 1.0, 101, 0, 0], ""unused_pointer"": 2954093440}"
maximum-attack-ep2/q211-bb-e,9,57,"{""base_type"": 519, ""set_flags"": 512, ""runtime_index"": 31493, ""file_offset"": 55616, ""floor_field"": 9, ""entity_id_field"": 65096, ""group"": 0, ""room"": 6, ""unknown_a3"": 0, ""position"": [-50.0, 9.779999732971191, 100.0], ""angles"": [0, 69632, 0], ""params"": [1.0, 1.0, 1.0, 101, 0, 0], ""unused_pointer"": 2417484672}"
maximum-attack-ep2/q211-bb-e,9,58,"{""base_type"": 519, ""set_flags"": 512, ""runtime_index"": 31749, ""file_offset"": 55684, ""floor_field"": 9, ""entity_id_field"": 65352, ""group"": 0, ""room"": 6, ""unknown_a3"": 0, ""position"": [-40.0, 19.779998779296875, 100.0], ""angles"": [0, 65536, 0], ""params"": [1.0, 1.0, 1.0, 101, 0, 0], ""unused_pointer"": 1880875904}"
maximum-attack-ep2/q494-bb-e,7,27,"{""base_type"": 519, ""set_flags"": 0, ""runtime_index"": 14084, ""file_offset"": 35048, ""floor_field"": 7, ""entity_id_field"": 57672, ""group"": 0, ""room"": 6, ""unknown_a3"": 0, ""position"": [-94.0, -54.195987701416016, 110.0], ""angles"": [0, 32768, 0], ""params"": [1.0, 1.0, 1.0, 101, 0, 0], ""unused_pointer"": 9757312}"
maximum-attack-ep2/q494-bb-e,7,28,"{""base_type"": 519, ""set_flags"": 0, ""runtime_index"": 14596, ""file_offset"": 35116, ""floor_field"": 7, ""entity_id_field"": 57928, ""group"": 0, ""room"": 6, ""unknown_a3"": 0, ""position"": [-94.0, -44.20000076293945, 110.0], ""angles"": [0, 4096, 0], ""params"": [1.0, 1.0, 1.0, 101, 0, 0], ""unused_pointer"": 3768050304}"
maximum-attack-ep2/q494-bb-e,7,68,"{""base_type"": 519, ""set_flags"": 512, ""runtime_index"": 20228, ""file_offset"": 37836, ""floor_field"": 7, ""entity_id_field"": 20292, ""group"": 0, ""room"": 8, ""unknown_a3"": 0, ""position"": [9.370010375976562, -66.9698486328125, -51.158935546875], ""angles"": [0, 12288, 0], ""params"": [1.0, 1.0, 1.0, 99, 0, 0], ""unused_pointer"": 2961241216}"
maximum-attack-ep2/q494-bb-e,7,69,"{""base_type"": 519, ""set_flags"": 512, ""runtime_index"": 20484, ""file_offset"": 37904, ""floor_field"": 7, ""entity_id_field"": 20548, ""group"": 0, ""room"": 8, ""unknown_a3"": 0, ""position"": [-79.57000732421875, -66.9698486328125, 48.20343017578125], ""angles"": [0, 20480, 0], ""params"": [1.0, 1.0, 1.0, 99, 0, 0], ""unused_pointer"": 3766809728}"
maximum-attack-ep2/q494-bb-e,8,5,"{""base_type"": 519, ""set_flags"": 0, ""runtime_index"": 51462, ""file_offset"": 38396, ""floor_field"": 8, ""entity_id_field"": 58184, ""group"": 0, ""room"": 2, ""unknown_a3"": 0, ""position"": [-17.1099853515625, -128.61000061035156, 116.969970703125], ""angles"": [0, 32768, 0], ""params"": [1.0, 1.0, 1.0, 103, 0, 0], ""unused_pointer"": 1881533568}"
maximum-attack-ep2/q494-bb-e,8,6,"{""base_type"": 519, ""set_flags"": 0, ""runtime_index"": 52486, ""file_offset"": 38464, ""floor_field"": 8, ""entity_id_field"": 58440, ""group"": 0, ""room"": 2, ""unknown_a3"": 0, ""position"": [-40.0, -128.0, 120.0], ""angles"": [0, 0, 0], ""params"": [1.0, 1.0, 1.0, 103, 0, 0], ""unused_pointer"": 4029344896}"
maximum-attack-ep2/q494-bb-e,8,19,"{""base_type"": 519, ""set_flags"": 0, ""runtime_index"": 51718, ""file_offset"": 39348, ""floor_field"": 8, ""entity_id_field"": 61768, ""group"": 0, ""room"": 2, ""unknown_a3"": 0, ""position"": [-27.1099853515625, -118.61000061035156, 116.969970703125], ""angles"": [0, 32768, 0], ""params"": [1.0, 1.0, 1.0, 103, 0, 0], ""unused_pointer"": 541846656}"
maximum-attack-ep2/q494-bb-e,8,20,"{""base_type"": 519, ""set_flags"": 0, ""runtime_index"": 52742, ""file_offset"": 39416, ""floor_field"": 8, ""entity_id_field"": 62024, ""group"": 0, ""room"": 2, ""unknown_a3"": 0, ""position"": [-20.0, -128.61000061035156, 125.0], ""angles"": [0, 32768, 0], ""params"": [1.0, 1.0, 1.0, 104, 0, 0], ""unused_pointer"": 1078848640}"
maximum-attack-ep2/q494-bb-e,8,21,"{""base_type"": 519, ""set_flags"": 0, ""runtime_index"": 52998, ""file_offset"": 39484, ""floor_field"": 8, ""entity_id_field"": 62280, ""group"": 0, ""room"": 2, ""unknown_a3"": 0, ""position"": [-39.0, -128.61000061035156, 125.0], ""angles"": [0, 0, 0], ""params"": [1.0, 1.0, 1.0, 104, 0, 0], ""unused_pointer"": 5237888}"
maximum-attack-ep2/q494-bb-e,8,22,"{""base_type"": 519, ""set_flags"": 0, ""runtime_index"": 53766, ""file_offset"": 39552, ""floor_field"": 8, ""entity_id_field"": 62536, ""group"": 0, ""room"": 2, ""unknown_a3"": 0, ""position"": [-39.0, -128.61000061035156, 130.0], ""angles"": [0, 36864, 0], ""params"": [1.0, 1.0, 1.0, 105, 0, 0], ""unused_pointer"": 2155080832}"
maximum-attack-ep2/q494-bb-e,8,23,"{""base_type"": 519, ""set_flags"": 0, ""runtime_index"": 54022, ""file_offset"": 39620, ""floor_field"": 8, ""entity_id_field"": 62792, ""group"": 0, ""room"": 2, ""unknown_a3"": 0, ""position"": [-20.0, -129.0, 122.0], ""angles"": [0, 32768, 0], ""params"": [1.0, 1.0, 1.0, 105, 0, 0], ""unused_pointer"": 1350036608}"
maximum-attack-ep2/q494-bb-e,8,52,"{""base_type"": 519, ""set_flags"": 512, ""runtime_index"": 38404, ""file_offset"": 41592, ""floor_field"": 8, ""entity_id_field"": 39496, ""group"": 0, ""room"": 3, ""unknown_a3"": 0, ""position"": [304.0, 0.0, -96.0], ""angles"": [0, 16384, 0], ""params"": [1.0, 1.0, 1.0, 7, 0, 0], ""unused_pointer"": 2428625536}"
maximum-attack-ep2/q494-bb-e,8,53,"{""base_type"": 519, ""set_flags"": 512, ""runtime_index"": 38660, ""file_offset"": 41660, ""floor_field"": 8, ""entity_id_field"": 39752, ""group"": 0, ""room"": 3, ""unknown_a3"": 0, ""position"": [304.0, 0.0, -73.0], ""angles"": [0, 49152, 0], ""params"": [1.0, 1.0, 1.0, 7, 0, 0], ""unused_pointer"": 1892016768}"
maximum-attack-ep2/q494-bb-e,8,54,"{""base_type"": 519, ""set_flags"": 512, ""runtime_index"": 38916, ""file_offset"": 41728, ""floor_field"": 8, ""entity_id_field"": 40008, ""group"": 0, ""room"": 3, ""unknown_a3"": 0, ""position"": [304.0, 0.0, -53.0], ""angles"": [0, 16384, 0], ""params"": [1.0, 1.0, 1.0, 7, 0, 0], ""unused_pointer"": 1355408000}"
maximum-attack-ep2/q494-bb-e,8,87,"{""base_type"": 519, ""set_flags"": 512, ""runtime_index"": 47364, ""file_offset"": 43972, ""floor_field"": 8, ""entity_id_field"": 48456, ""group"": 0, ""room"": 3, ""unknown_a3"": 0, ""position"": [-232.25830078125, -99.00025177001953, -56.8240966796875], ""angles"": [0, 40960, 0], ""params"": [1.0, 1.0, 1.0, 4, 0, 0], ""unused_pointer"": 820241024}"
maximum-attack-ep2/q494-bb-e,8,88,"{""base_type"": 519, ""set_flags"": 512, ""runtime_index"": 47620, ""file_offset"": 44040, ""floor_field"": 8, ""entity_id_field"": 48712, ""group"": 0, ""room"": 3, ""unknown_a3"": 0, ""position"": [-251.32386779785156, -99.0, -45.429443359375], ""angles"": [0, 69632, 0], ""params"": [1.0, 1.0, 1.0, 4, 0, 0], ""unused_pointer"": 283632256}"
maximum-attack-ep2/q494-bb-e,8,100,"{""base_type"": 519, ""set_flags"": 0, ""runtime_index"": 23304, ""file_offset"": 44856, ""floor_field"": 8, ""entity_id_field"": 12105, ""group"": 0, ""room"": 4, ""unknown_a3"": 0, ""position"": [185.0, 0.0, 180.0], ""angles"": [0, 32768, 0], ""params"": [1.0, 1.0, 1.0, 9, 0, 0], ""unused_pointer"": 806282112}"
maximum-attack-ep2/q494-bb-e,8,115,"{""base_type"": 519, ""set_flags"": 512, ""runtime_index"": 33028, ""file_offset"": 45876, ""floor_field"": 8, ""entity_id_field"": 15945, ""group"": 0, ""room"": 4, ""unknown_a3"": 0, ""position"": [88.3800048828125, 0.8799999952316284, -197.77001953125], ""angles"": [0, 53248, 0], ""params"": [1.0, 1.0, 1.0, 11, 0, 0], ""unused_pointer"": 2687689600}"
maximum-attack-ep2/q494-bb-e,8,116,"{""base_type"": 519, ""set_flags"": 512, ""runtime_index"": 33284, ""file_offset"": 45944, ""floor_field"": 8, ""entity_id_field"": 16201, ""group"": 0, ""room"": 4, ""unknown_a3"": 0, ""position"": [84.3800048828125, 0.07605868577957153, -219.77001953125], ""angles"": [0, 81920, 0], ""params"": [1.0, 1.0, 1.0, 11, 0, 0], ""unused_pointer"": 2151080832}"
maximum-attack-ep2/q494-bb-e,8,117,"{""base_type"": 519, ""set_flags"": 512, ""runtime_index"": 33540, ""file_offset"": 46012, ""floor_field"": 8, ""entity_id_field"": 16457, ""group"": 0, ""room"": 4, ""unknown_a3"": 0, ""position"": [76.3800048828125, -0.00014153867959976196, -240.77001953125], ""angles"": [0, 86016, 0], ""params"": [1.0, 1.0, 1.0, 11, 0, 0], ""unused_pointer"": 1614472064}"
maximum-attack-ep2/q494-bb-e,8,120,"{""base_type"": 519, ""set_flags"": 0, ""runtime_index"": 24328, ""file_offset"": 46216, ""floor_field"": 8, ""entity_id_field"": 17225, ""group"": 0, ""room"": 4, ""unknown_a3"": 0, ""position"": [-171.33999633789062, -1.5199999809265137, -165.80999755859375], ""angles"": [0, 81920, 0], ""params"": [1.0, 1.0, 1.0, 18, 0, 0], ""unused_pointer"": 2957173632}"
maximum-attack-ep2/q494-bb-e,8,123,"{""base_type"": 519, ""set_flags"": 0, ""runtime_index"": 23048, ""file_offset"": 46420, ""floor_field"": 8, ""entity_id_field"": 17993, ""group"": 0, ""room"": 4, ""unknown_a3"": 0, ""position"": [140.0, 0.0, 190.0], ""angles"": [0, 36864, 0], ""params"": [1.0, 1.0, 1.0, 9, 0, 0], ""unused_pointer"": 273212288}"
maximum-attack-ep2/q494-bb-e,8,124,"{""base_type"": 519, ""set_flags"": 0, ""runtime_index"": 23560, ""file_offset"": 46488, ""floor_field"": 8, ""entity_id_field"": 18249, ""group"": 0, ""room"": 4, ""unknown_a3"": 0, ""position"": [162.0, 0.0, 182.0], ""angles"": [0, 0, 0], ""params"": [1.0, 1.0, 1.0, 9, 0, 0], ""unused_pointer"": 4031505280}"
maximum-attack-ep2/q494-bb-e,8,146,"{""base_type"": 519, ""set_flags"": 512, ""runtime_index"": 40452, ""file_offset"": 47984, ""floor_field"": 8, ""entity_id_field"": 329, ""group"": 0, ""room"": 8, ""unknown_a3"": 0, ""position"": [-67.3311767578125, 0.0, -338.91839599609375], ""angles"": [0, 0, 0], ""params"": [1.0, 1.0, 1.0, 13, 0, 0], ""unused_pointer"": 815653760}"
maximum-attack-ep2/q494-bb-e,8,147,"{""base_type"": 519, ""set_flags"": 512, ""runtime_index"": 40708, ""file_offset"": 48052, ""floor_field"": 8, ""entity_id_field"": 585, ""group"": 0, ""room"": 8, ""unknown_a3"": 0, ""position"": [-87.33001708984375, 0.0, -338.9200439453125], ""angles"": [0, 28672, 0], ""params"": [1.0, 1.0, 1.0, 13, 0, 0], ""unused_pointer"": 279044992}"
maximum-attack-ep2/q494-bb-e,8,149,"{""base_type"": 519, ""set_flags"": 512, ""runtime_index"": 41220, ""file_offset"": 48188, ""floor_field"": 8, ""entity_id_field"": 1097, ""group"": 0, ""room"": 8, ""unknown_a3"": 0, ""position"": [-91.92889404296875, -2.09808349609375e-05, -202.29449462890625], ""angles"": [0, 28672, 0], ""params"": [1.0, 1.0, 1.0, 14, 0, 0], ""unused_pointer"": 2695226240}"
maximum-attack-ep2/q494-bb-e,8,150,"{""base_type"": 519, ""set_flags"": 512, ""runtime_index"": 41476, ""file_offset"": 48256, ""floor_field"": 8, ""entity_id_field"": 1353, ""group"": 0, ""room"": 8, ""unknown_a3"": 0, ""position"": [-113.48040771484375, 6.52309536235407e-05, -220.64776611328125], ""angles"": [0, 57344, 0], ""params"": [1.0, 1.0, 1.0, 14, 0, 0], ""unused_pointer"": 2158617472}"
maximum-attack-ep2/q494-bb-e,8,162,"{""base_type"": 519, ""set_flags"": 0, ""runtime_index"": 23048, ""file_offset"": 49072, ""floor_field"": 8, ""entity_id_field"": 34377, ""group"": 0, ""room"": 8, ""unknown_a3"": 0, ""position"": [-260.0, 1.2497427463531494, -120.0], ""angles"": [0, 8192, 0], ""params"": [1.0, 1.0, 1.0, 10, 0, 0], ""unused_pointer"": 3770868608}"
maximum-attack-ep2/q494-bb-e,8,166,"{""base_type"": 519, ""set_flags"": 0, ""runtime_index"": 23304, ""file_offset"": 49344, ""floor_field"": 8, ""entity_id_field"": 35401, ""group"": 0, ""room"": 8, ""unknown_a3"": 0, ""position"": [-250.0, 1.25, -135.0], ""angles"": [0, 45056, 0], ""params"": [1.0, 1.0, 1.0, 10, 0, 0], ""unused_pointer"": 3502498688}"
maximum-attack-ep2/q494-bb-e,8,167,"{""base_type"": 519, ""set_flags"": 0, ""runtime_index"": 23560, ""file_offset"": 49412, ""floor_field"": 8, ""entity_id_field"": 35657, ""group"": 0, ""room"": 8, ""unknown_a3"": 0, ""position"": [-240.0, 1.25, -156.0], ""angles"": [0, 12288, 0], ""params"": [1.0, 1.0, 1.0, 10, 0, 0], ""unused_pointer"": 13689728}"
maximum-attack-ep2/q494-bb-e,9,43,"{""base_type"": 519, ""set_flags"": 512, ""runtime_index"": 25349, ""file_offset"": 54528, ""floor_field"": 9, ""entity_id_field"": 38217, ""group"": 0, ""room"": 3, ""unknown_a3"": 0, ""position"": [-706.0, 9.091863632202148, -327.0], ""angles"": [0, 8192, 0], ""params"": [1.0, 1.0, 1.0, 2, 0, 0], ""unused_pointer"": 2162090368}"
maximum-attack-ep2/q494-bb-e,9,44,"{""base_type"": 519, ""set_flags"": 512, ""runtime_index"": 25605, ""file_offset"": 54596, ""floor_field"": 9, ""entity_id_field"": 38473, ""group"": 0, ""room"": 3, ""unknown_a3"": 0, ""position"": [-689.0, 9.09000015258789, -345.0], ""angles"": [0, 40960, 0], ""params"": [1.0, 1.0, 1.0, 2, 0, 0], ""unused_pointer"": 1625481600}"
maximum-attack-ep2/q494-bb-e,9,45,"{""base_type"": 519, ""set_flags"": 512, ""runtime_index"": 25861, ""file_offset"": 54664, ""floor_field"": 9, ""entity_id_field"": 38729, ""group"": 0, ""room"": 3, ""unknown_a3"": 0, ""position"": [-686.0, 15.0, -350.0], ""angles"": [0, 8192, 0], ""params"": [1.0, 1.0, 1.0, 2, 0, 0], ""unused_pointer"": 1088872832}"
maximum-attack-ep2/q494-bb-e,9,50,"{""base_type"": 519, ""set_flags"": 512, ""runtime_index"": 27141, ""file_offset"": 55004, ""floor_field"": 9, ""entity_id_field"": 40009, ""group"": 0, ""room"": 3, ""unknown_a3"": 0, ""position"": [-335.0, -11.0, 190.0], ""angles"": [0, 40960, 0], ""params"": [1.0, 1.0, 1.0, 0, 0, 0], ""unused_pointer"": 2163073408}"
maximum-attack-ep2/q494-bb-e,9,56,"{""base_type"": 519, ""set_flags"": 512, ""runtime_index"": 31237, ""file_offset"": 55412, ""floor_field"": 9, ""entity_id_field"": 64840, ""group"": 0, ""room"": 6, ""unknown_a3"": 0, ""position"": [-30.0, 9.779999732971191, 100.0], ""angles"": [0, 28672, 0], ""params"": [1.0, 1.0, 1.0, 101, 0, 0], ""unused_pointer"": 2954093440}"
maximum-attack-ep2/q494-bb-e,9,57,"{""base_type"": 519, ""set_flags"": 512, ""runtime_index"": 31493, ""file_offset"": 55480, ""floor_field"": 9, ""entity_id_field"": 65096, ""group"": 0, ""room"": 6, ""unknown_a3"": 0, ""position"": [-50.0, 9.779999732971191, 100.0], ""angles"": [0, 69632, 0], ""params"": [1.0, 1.0, 1.0, 101, 0, 0], ""unused_pointer"": 2417484672}"
maximum-attack-ep2/q494-bb-e,9,58,"{""base_type"": 519, ""set_flags"": 512, ""runtime_index"": 31749, ""file_offset"": 55548, ""floor_field"": 9, ""entity_id_field"": 65352, ""group"": 0, ""room"": 6, ""unknown_a3"": 0, ""position"": [-40.0, 19.779998779296875, 100.0], ""angles"": [0, 65536, 0], ""params"": [1.0, 1.0, 1.0, 101, 0, 0], ""unused_pointer"": 1880875904}"
maximum-attack-ep2/q494-bb-j,7,27,"{""base_type"": 519, ""set_flags"": 0, ""runtime_index"": 14084, ""file_offset"": 35048, ""floor_field"": 7, ""entity_id_field"": 57672, ""group"": 0, ""room"": 6, ""unknown_a3"": 0, ""position"": [-94.0, -54.195987701416016, 110.0], ""angles"": [0, 32768, 0], ""params"": [1.0, 1.0, 1.0, 101, 0, 0], ""unused_pointer"": 9757312}"
maximum-attack-ep2/q494-bb-j,7,28,"{""base_type"": 519, ""set_flags"": 0, ""runtime_index"": 14596, ""file_offset"": 35116, ""floor_field"": 7, ""entity_id_field"": 57928, ""group"": 0, ""room"": 6, ""unknown_a3"": 0, ""position"": [-94.0, -44.20000076293945, 110.0], ""angles"": [0, 4096, 0], ""params"": [1.0, 1.0, 1.0, 101, 0, 0], ""unused_pointer"": 3768050304}"
maximum-attack-ep2/q494-bb-j,7,68,"{""base_type"": 519, ""set_flags"": 512, ""runtime_index"": 20228, ""file_offset"": 37836, ""floor_field"": 7, ""entity_id_field"": 20292, ""group"": 0, ""room"": 8, ""unknown_a3"": 0, ""position"": [9.370010375976562, -66.9698486328125, -51.158935546875], ""angles"": [0, 12288, 0], ""params"": [1.0, 1.0, 1.0, 99, 0, 0], ""unused_pointer"": 2961241216}"
maximum-attack-ep2/q494-bb-j,7,69,"{""base_type"": 519, ""set_flags"": 512, ""runtime_index"": 20484, ""file_offset"": 37904, ""floor_field"": 7, ""entity_id_field"": 20548, ""group"": 0, ""room"": 8, ""unknown_a3"": 0, ""position"": [-79.57000732421875, -66.9698486328125, 48.20343017578125], ""angles"": [0, 20480, 0], ""params"": [1.0, 1.0, 1.0, 99, 0, 0], ""unused_pointer"": 3766809728}"
maximum-attack-ep2/q494-bb-j,8,5,"{""base_type"": 519, ""set_flags"": 0, ""runtime_index"": 51462, ""file_offset"": 38396, ""floor_field"": 8, ""entity_id_field"": 58184, ""group"": 0, ""room"": 2, ""unknown_a3"": 0, ""position"": [-17.1099853515625, -128.61000061035156, 116.969970703125], ""angles"": [0, 32768, 0], ""params"": [1.0, 1.0, 1.0, 103, 0, 0], ""unused_pointer"": 1881533568}"
maximum-attack-ep2/q494-bb-j,8,6,"{""base_type"": 519, ""set_flags"": 0, ""runtime_index"": 52486, ""file_offset"": 38464, ""floor_field"": 8, ""entity_id_field"": 58440, ""group"": 0, ""room"": 2, ""unknown_a3"": 0, ""position"": [-40.0, -128.0, 120.0], ""angles"": [0, 0, 0], ""params"": [1.0, 1.0, 1.0, 103, 0, 0], ""unused_pointer"": 4029344896}"
maximum-attack-ep2/q494-bb-j,8,19,"{""base_type"": 519, ""set_flags"": 0, ""runtime_index"": 51718, ""file_offset"": 39348, ""floor_field"": 8, ""entity_id_field"": 61768, ""group"": 0, ""room"": 2, ""unknown_a3"": 0, ""position"": [-27.1099853515625, -118.61000061035156, 116.969970703125], ""angles"": [0, 32768, 0], ""params"": [1.0, 1.0, 1.0, 103, 0, 0], ""unused_pointer"": 541846656}"
maximum-attack-ep2/q494-bb-j,8,20,"{""base_type"": 519, ""set_flags"": 0, ""runtime_index"": 52742, ""file_offset"": 39416, ""floor_field"": 8, ""entity_id_field"": 62024, ""group"": 0, ""room"": 2, ""unknown_a3"": 0, ""position"": [-20.0, -128.61000061035156, 125.0], ""angles"": [0, 32768, 0], ""params"": [1.0, 1.0, 1.0, 104, 0, 0], ""unused_pointer"": 1078848640}"
maximum-attack-ep2/q494-bb-j,8,21,"{""base_type"": 519, ""set_flags"": 0, ""runtime_index"": 52998, ""file_offset"": 39484, ""floor_field"": 8, ""entity_id_field"": 62280, ""group"": 0, ""room"": 2, ""unknown_a3"": 0, ""position"": [-39.0, -128.61000061035156, 125.0], ""angles"": [0, 0, 0], ""params"": [1.0, 1.0, 1.0, 104, 0, 0], ""unused_pointer"": 5237888}"
maximum-attack-ep2/q494-bb-j,8,22,"{""base_type"": 519, ""set_flags"": 0, ""runtime_index"": 53766, ""file_offset"": 39552, ""floor_field"": 8, ""entity_id_field"": 62536, ""group"": 0, ""room"": 2, ""unknown_a3"": 0, ""position"": [-39.0, -128.61000061035156, 130.0], ""angles"": [0, 36864, 0], ""params"": [1.0, 1.0, 1.0, 105, 0, 0], ""unused_pointer"": 2155080832}"
maximum-attack-ep2/q494-bb-j,8,23,"{""base_type"": 519, ""set_flags"": 0, ""runtime_index"": 54022, ""file_offset"": 39620, ""floor_field"": 8, ""entity_id_field"": 62792, ""group"": 0, ""room"": 2, ""unknown_a3"": 0, ""position"": [-20.0, -129.0, 122.0], ""angles"": [0, 32768, 0], ""params"": [1.0, 1.0, 1.0, 105, 0, 0], ""unused_pointer"": 1350036608}"
maximum-attack-ep2/q494-bb-j,8,52,"{""base_type"": 519, ""set_flags"": 512, ""runtime_index"": 38404, ""file_offset"": 41592, ""floor_field"": 8, ""entity_id_field"": 39496, ""group"": 0, ""room"": 3, ""unknown_a3"": 0, ""position"": [304.0, 0.0, -96.0], ""angles"": [0, 16384, 0], ""params"": [1.0, 1.0, 1.0, 7, 0, 0], ""unused_pointer"": 2428625536}"
maximum-attack-ep2/q494-bb-j,8,53,"{""base_type"": 519, ""set_flags"": 512, ""runtime_index"": 38660, ""file_offset"": 41660, ""floor_field"": 8, ""entity_id_field"": 39752, ""group"": 0, ""room"": 3, ""unknown_a3"": 0, ""position"": [304.0, 0.0, -73.0], ""angles"": [0, 49152, 0], ""params"": [1.0, 1.0, 1.0, 7, 0, 0], ""unused_pointer"": 1892016768}"
maximum-attack-ep2/q494-bb-j,8,54,"{""base_type"": 519, ""set_flags"": 512, ""runtime_index"": 38916, ""file_offset"": 41728, ""floor_field"": 8, ""entity_id_field"": 40008, ""group"": 0, ""room"": 3, ""unknown_a3"": 0, ""position"": [304.0, 0.0, -53.0], ""angles"": [0, 16384, 0], ""params"": [1.0, 1.0, 1.0, 7, 0, 0], ""unused_pointer"": 1355408000}"
maximum-attack-ep2/q494-bb-j,8,87,"{""base_type"": 519, ""set_flags"": 512, ""runtime_index"": 47364, ""file_offset"": 43972, ""floor_field"": 8, ""entity_id_field"": 48456, ""group"": 0, ""room"": 3, ""unknown_a3"": 0, ""position"": [-232.25830078125, -99.00025177001953, -56.8240966796875], ""angles"": [0, 40960, 0], ""params"": [1.0, 1.0, 1.0, 4, 0, 0], ""unused_pointer"": 820241024}"
maximum-attack-ep2/q494-bb-j,8,88,"{""base_type"": 519, ""set_flags"": 512, ""runtime_index"": 47620, ""file_offset"": 44040, ""floor_field"": 8, ""entity_id_field"": 48712, ""group"": 0, ""room"": 3, ""unknown_a3"": 0, ""position"": [-251.32386779785156, -99.0, -45.429443359375], ""angles"": [0, 69632, 0], ""params"": [1.0, 1.0, 1.0, 4, 0, 0], ""unused_pointer"": 283632256}"
maximum-attack-ep2/q494-bb-j,8,100,"{""base_type"": 519, ""set_flags"": 0, ""runtime_index"": 23304, ""file_offset"": 44856, ""floor_field"": 8, ""entity_id_field"": 12105, ""group"": 0, ""room"": 4, ""unknown_a3"": 0, ""position"": [185.0, 0.0, 180.0], ""angles"": [0, 32768, 0], ""params"": [1.0, 1.0, 1.0, 9, 0, 0], ""unused_pointer"": 806282112}"
maximum-attack-ep2/q494-bb-j,8,115,"{""base_type"": 519, ""set_flags"": 512, ""runtime_index"": 33028, ""file_offset"": 45876, ""floor_field"": 8, ""entity_id_field"": 15945, ""group"": 0, ""room"": 4, ""unknown_a3"": 0, ""position"": [88.3800048828125, 0.8799999952316284, -197.77001953125], ""angles"": [0, 53248, 0], ""params"": [1.0, 1.0, 1.0, 11, 0, 0], ""unused_pointer"": 2687689600}"
maximum-attack-ep2/q494-bb-j,8,116,"{""base_type"": 519, ""set_flags"": 512, ""runtime_index"": 33284, ""file_offset"": 45944, ""floor_field"": 8, ""entity_id_field"": 16201, ""group"": 0, ""room"": 4, ""unknown_a3"": 0, ""position"": [84.3800048828125, 0.07605868577957153, -219.77001953125], ""angles"": [0, 81920, 0], ""params"": [1.0, 1.0, 1.0, 11, 0, 0], ""unused_pointer"": 2151080832}"
maximum-attack-ep2/q494-bb-j,8,117,"{""base_type"": 519, ""set_flags"": 512, ""runtime_index"": 33540, ""file_offset"": 46012, ""floor_field"": 8, ""entity_id_field"": 16457, ""group"": 0, ""room"": 4, ""unknown_a3"": 0, ""position"": [76.3800048828125, -0.00014153867959976196, -240.77001953125], ""angles"": [0, 86016, 0], ""params"": [1.0, 1.0, 1.0, 11, 0, 0], ""unused_pointer"": 1614472064}"
maximum-attack-ep2/q494-bb-j,8,120,"{""base_type"": 519, ""set_flags"": 0, ""runtime_index"": 24328, ""file_offset"": 46216, ""floor_field"": 8, ""entity_id_field"": 17225, ""group"": 0, ""room"": 4, ""unknown_a3"": 0, ""position"": [-171.33999633789062, -1.5199999809265137, -165.80999755859375], ""angles"": [0, 81920, 0], ""params"": [1.0, 1.0, 1.0, 18, 0, 0], ""unused_pointer"": 2957173632}"
maximum-attack-ep2/q494-bb-j,8,123,"{""base_type"": 519, ""set_flags"": 0, ""runtime_index"": 23048, ""file_offset"": 46420, ""floor_field"": 8, ""entity_id_field"": 17993, ""group"": 0, ""room"": 4, ""unknown_a3"": 0, ""position"": [140.0, 0.0, 190.0], ""angles"": [0, 36864, 0], ""params"": [1.0, 1.0, 1.0, 9, 0, 0], ""unused_pointer"": 273212288}"
maximum-attack-ep2/q494-bb-j,8,124,"{""base_type"": 519, ""set_flags"": 0, ""runtime_index"": 23560, ""file_offset"": 46488, ""floor_field"": 8, ""entity_id_field"": 18249, ""group"": 0, ""room"": 4, ""unknown_a3"": 0, ""position"": [162.0, 0.0, 182.0], ""angles"": [0, 0, 0], ""params"": [1.0, 1.0, 1.0, 9, 0, 0], ""unused_pointer"": 4031505280}"
maximum-attack-ep2/q494-bb-j,8,146,"{""base_type"": 519, ""set_flags"": 512, ""runtime_index"": 40452, ""file_offset"": 47984, ""floor_field"": 8, ""entity_id_field"": 329, ""group"": 0, ""room"": 8, ""unknown_a3"": 0, ""position"": [-67.3311767578125, 0.0, -338.91839599609375], ""angles"": [0, 0, 0], ""params"": [1.0, 1.0, 1.0, 13, 0, 0], ""unused_pointer"": 815653760}"
maximum-attack-ep2/q494-bb-j,8,147,"{""base_type"": 519, ""set_flags"": 512, ""runtime_index"": 40708, ""file_offset"": 48052, ""floor_field"": 8, ""entity_id_field"": 585, ""group"": 0, ""room"": 8, ""unknown_a3"": 0, ""position"": [-87.33001708984375, 0.0, -338.9200439453125], ""angles"": [0, 28672, 0], ""params"": [1.0, 1.0, 1.0, 13, 0, 0], ""unused_pointer"": 279044992}"
maximum-attack-ep2/q494-bb-j,8,149,"{""base_type"": 519, ""set_flags"": 512, ""runtime_index"": 41220, ""file_offset"": 48188, ""floor_field"": 8, ""entity_id_field"": 1097, ""group"": 0, ""room"": 8, ""unknown_a3"": 0, ""position"": [-91.92889404296875, -2.09808349609375e-05, -202.29449462890625], ""angles"": [0, 28672, 0], ""params"": [1.0, 1.0, 1.0, 14, 0, 0], ""unused_pointer"": 2695226240}"
maximum-attack-ep2/q494-bb-j,8,150,"{""base_type"": 519, ""set_flags"": 512, ""runtime_index"": 41476, ""file_offset"": 48256, ""floor_field"": 8, ""entity_id_field"": 1353, ""group"": 0, ""room"": 8, ""unknown_a3"": 0, ""position"": [-113.48040771484375, 6.52309536235407e-05, -220.64776611328125], ""angles"": [0, 57344, 0], ""params"": [1.0, 1.0, 1.0, 14, 0, 0], ""unused_pointer"": 2158617472}"
maximum-attack-ep2/q494-bb-j,8,162,"{""base_type"": 519, ""set_flags"": 0, ""runtime_index"": 23048, ""file_offset"": 49072, ""floor_field"": 8, ""entity_id_field"": 34377, ""group"": 0, ""room"": 8, ""unknown_a3"": 0, ""position"": [-260.0, 1.2497427463531494, -120.0], ""angles"": [0, 8192, 0], ""params"": [1.0, 1.0, 1.0, 10, 0, 0], ""unused_pointer"": 3770868608}"
maximum-attack-ep2/q494-bb-j,8,166,"{""base_type"": 519, ""set_flags"": 0, ""runtime_index"": 23304, ""file_offset"": 49344, ""floor_field"": 8, ""entity_id_field"": 35401, ""group"": 0, ""room"": 8, ""unknown_a3"": 0, ""position"": [-250.0, 1.25, -135.0], ""angles"": [0, 45056, 0], ""params"": [1.0, 1.0, 1.0, 10, 0, 0], ""unused_pointer"": 3502498688}"
maximum-attack-ep2/q494-bb-j,8,167,"{""base_type"": 519, ""set_flags"": 0, ""runtime_index"": 23560, ""file_offset"": 49412, ""floor_field"": 8, ""entity_id_field"": 35657, ""group"": 0, ""room"": 8, ""unknown_a3"": 0, ""position"": [-240.0, 1.25, -156.0], ""angles"": [0, 12288, 0], ""params"": [1.0, 1.0, 1.0, 10, 0, 0], ""unused_pointer"": 13689728}"
maximum-attack-ep2/q494-bb-j,9,43,"{""base_type"": 519, ""set_flags"": 512, ""runtime_index"": 25349, ""file_offset"": 54528, ""floor_field"": 9, ""entity_id_field"": 38217, ""group"": 0, ""room"": 3, ""unknown_a3"": 0, ""position"": [-706.0, 9.091863632202148, -327.0], ""angles"": [0, 8192, 0], ""params"": [1.0, 1.0, 1.0, 2, 0, 0], ""unused_pointer"": 2162090368}"
maximum-attack-ep2/q494-bb-j,9,44,"{""base_type"": 519, ""set_flags"": 512, ""runtime_index"": 25605, ""file_offset"": 54596, ""floor_field"": 9, ""entity_id_field"": 38473, ""group"": 0, ""room"": 3, ""unknown_a3"": 0, ""position"": [-689.0, 9.09000015258789, -345.0], ""angles"": [0, 40960, 0], ""params"": [1.0, 1.0, 1.0, 2, 0, 0], ""unused_pointer"": 1625481600}"
maximum-attack-ep2/q494-bb-j,9,45,"{""base_type"": 519, ""set_flags"": 512, ""runtime_index"": 25861, ""file_offset"": 54664, ""floor_field"": 9, ""entity_id_field"": 38729, ""group"": 0, ""room"": 3, ""unknown_a3"": 0, ""position"": [-686.0, 15.0, -350.0], ""angles"": [0, 8192, 0], ""params"": [1.0, 1.0, 1.0, 2, 0, 0], ""unused_pointer"": 1088872832}"
maximum-attack-ep2/q494-bb-j,9,50,"{""base_type"": 519, ""set_flags"": 512, ""runtime_index"": 27141, ""file_offset"": 55004, ""floor_field"": 9, ""entity_id_field"": 40009, ""group"": 0, ""room"": 3, ""unknown_a3"": 0, ""position"": [-335.0, -11.0, 190.0], ""angles"": [0, 40960, 0], ""params"": [1.0, 1.0, 1.0, 0, 0, 0], ""unused_pointer"": 2163073408}"
maximum-attack-ep2/q494-bb-j,9,56,"{""base_type"": 519, ""set_flags"": 512, ""runtime_index"": 31237, ""file_offset"": 55412, ""floor_field"": 9, ""entity_id_field"": 64840, ""group"": 0, ""room"": 6, ""unknown_a3"": 0, ""position"": [-30.0, 9.779999732971191, 100.0], ""angles"": [0, 28672, 0], ""params"": [1.0, 1.0, 1.0, 101, 0, 0], ""unused_pointer"": 2954093440}"
maximum-attack-ep2/q494-bb-j,9,57,"{""base_type"": 519, ""set_flags"": 512, ""runtime_index"": 31493, ""file_offset"": 55480, ""floor_field"": 9, ""entity_id_field"": 65096, ""group"": 0, ""room"": 6, ""unknown_a3"": 0, ""position"": [-50.0, 9.779999732971191, 100.0], ""angles"": [0, 69632, 0], ""params"": [1.0, 1.0, 1.0, 101, 0, 0], ""unused_pointer"": 2417484672}"
maximum-attack-ep2/q494-bb-j,9,58,"{""base_type"": 519, ""set_flags"": 512, ""runtime_index"": 31749, ""file_offset"": 55548, ""floor_field"": 9, ""entity_id_field"": 65352, ""group"": 0, ""room"": 6, ""unknown_a3"": 0, ""position"": [-40.0, 19.779998779296875, 100.0], ""angles"": [0, 65536, 0], ""params"": [1.0, 1.0, 1.0, 101, 0, 0], ""unused_pointer"": 1880875904}"
retrieval-ep2/q54-bb-e,7,20,"{""base_type"": 519, ""set_flags"": 2, ""runtime_index"": 279, ""file_offset"": 17064, ""floor_field"": 7, ""entity_id_field"": 16663, ""group"": 0, ""room"": 6, ""unknown_a3"": 0, ""position"": [-94.0, -54.0, 110.0], ""angles"": [0, 32768, 0], ""params"": [1.0, 1.0, 1.0, 101, 0, 0], ""unused_pointer"": 75210864}"
retrieval-ep2/q54-bb-e,7,22,"{""base_type"": 519, ""set_flags"": 2, ""runtime_index"": 281, ""file_offset"": 17200, ""floor_field"": 7, ""entity_id_field"": 16665, ""group"": 0, ""room"": 6, ""unknown_a3"": 0, ""position"": [-94.0, -44.0, 110.0], ""angles"": [0, 4096, 0], ""params"": [1.0, 1.0, 1.0, 101, 0, 0], ""unused_pointer"": 75212160}"
retrieval-ep2/q54-bb-e,7,23,"{""base_type"": 519, ""set_flags"": 2, ""runtime_index"": 282, ""file_offset"": 17268, ""floor_field"": 7, ""entity_id_field"": 16666, ""group"": 0, ""room"": 6, ""unknown_a3"": 0, ""position"": [-60.0, -44.0, 105.0], ""angles"": [0, 0, 0], ""params"": [1.0, 1.0, 1.0, 101, 0, 0], ""unused_pointer"": 75213024}"
retrieval-ep2/q54-bb-e,7,66,"{""base_type"": 519, ""set_flags"": 2, ""runtime_index"": 335, ""file_offset"": 20192, ""floor_field"": 7, ""entity_id_field"": 16719, ""group"": 0, ""room"": 8, ""unknown_a3"": 0, ""position"": [9.370010375976562, -66.9698486328125, -51.158935546875], ""angles"": [0, 12288, 0], ""params"": [1.0, 1.0, 1.0, 99, 0, 0], ""unused_pointer"": 75261248}"
retrieval-ep2/q54-bb-e,7,67,"{""base_type"": 519, ""set_flags"": 2, ""runtime_index"": 336, ""file_offset"": 20260, ""floor_field"": 7, ""entity_id_field"": 16720, ""group"": 0, ""room"": 8, ""unknown_a3"": 0, ""position"": [-79.57000732421875, -66.9698486328125, 48.20343017578125], ""angles"": [0, 20480, 0], ""params"": [1.0, 1.0, 1.0, 99, 0, 0], ""unused_pointer"": 75262112}"
retrieval-ep2/q54-bb-e,8,5,"{""base_type"": 519, ""set_flags"": 2, ""runtime_index"": 177, ""file_offset"": 22656, ""floor_field"": 8, ""entity_id_field"": 16561, ""group"": 0, ""room"": 2, ""unknown_a3"": 0, ""position"": [-17.1099853515625, -128.61000061035156, 116.969970703125], ""angles"": [0, 32768, 0], ""params"": [1.0, 1.0, 1.0, 103, 0, 0], ""unused_pointer"": 118104768}"
retrieval-ep2/q54-bb-e,8,6,"{""base_type"": 519, ""set_flags"": 2, ""runtime_index"": 178, ""file_offset"": 22724, ""floor_field"": 8, ""entity_id_field"": 16562, ""group"": 0, ""room"": 2, ""unknown_a3"": 0, ""position"": [-40.0, -128.0, 120.0], ""angles"": [0, 0, 0], ""params"": [1.0, 1.0, 1.0, 103, 0, 0], ""unused_pointer"": 118120032}"
retrieval-ep2/q54-bb-e,8,14,"{""base_type"": 519, ""set_flags"": 2, ""runtime_index"": 191, ""file_offset"": 23268, ""floor_field"": 8, ""entity_id_field"": 16575, ""group"": 0, ""room"": 2, ""unknown_a3"": 0, ""position"": [-27.1099853515625, -119.0, 116.969970703125], ""angles"": [0, 32768, 0], ""params"": [1.0, 1.0, 1.0, 103, 0, 0], ""unused_pointer"": 118127952}"
retrieval-ep2/q54-bb-e,8,15,"{""base_type"": 519, ""set_flags"": 2, ""runtime_index"": 192, ""file_offset"": 23336, ""floor_field"": 8, ""entity_id_field"": 16576, ""group"": 0, ""room"": 2, ""unknown_a3"": 0, ""position"": [-20.0, -129.0, 125.0], ""angles"": [0, 32768, 0], ""params"": [1.0, 1.0, 1.0, 104, 0, 0], ""unused_pointer"": 118128816}"
retrieval-ep2/q54-bb-e,8,16,"{""base_type"": 519, ""set_flags"": 2, ""runtime_index"": 193, ""file_offset"": 23404, ""floor_field"": 8, ""entity_id_field"": 16577, ""group"": 0, ""room"": 2, ""unknown_a3"": 0, ""position"": [-39.0, -129.0, 125.0], ""angles"": [0, 0, 0], ""params"": [1.0, 1.0, 1.0, 104, 0, 0], ""unused_pointer"": 118129680}"
retrieval-ep2/q54-bb-e,8,17,"{""base_type"": 519, ""set_flags"": 2, ""runtime_index"": 194, ""file_offset"": 23472, ""floor_field"": 8, ""entity_id_field"": 16578, ""group"": 0, ""room"": 2, ""unknown_a3"": 0, ""position"": [-39.0, -128.61000061035156, 130.0], ""angles"": [0, 36864, 0], ""params"": [1.0, 1.0, 1.0, 105, 0, 0], ""unused_pointer"": 118130544}"
retrieval-ep2/q54-bb-e,8,18,"{""base_type"": 519, ""set_flags"": 2, ""runtime_index"": 195, ""file_offset"": 23540, ""floor_field"": 8, ""entity_id_field"": 16579, ""group"": 0, ""room"": 2, ""unknown_a3"": 0, ""position"": [-20.0, -129.0, 122.0], ""angles"": [0, 32768, 0], ""params"": [1.0, 1.0, 1.0, 105, 0, 0], ""unused_pointer"": 118131408}"
retrieval-ep2/q54-bb-e,8,75,"{""base_type"": 519, ""set_flags"": 2, ""runtime_index"": 259, ""file_offset"": 27416, ""floor_field"": 8, ""entity_id_field"": 16643, ""group"": 0, ""room"": 3, ""unknown_a3"": 0, ""position"": [-232.25830078125, -99.00025177001953, -56.8240966796875], ""angles"": [0, 40960, 0], ""params"": [1.0, 1.0, 1.0, 4, 0, 0], ""unused_pointer"": 118170432}"
retrieval-ep2/q54-bb-e,8,76,"{""base_type"": 519, ""set_flags"": 2, ""runtime_index"": 260, ""file_offset"": 27484, ""floor_field"": 8, ""entity_id_field"": 16644, ""group"": 0, ""room"": 3, ""unknown_a3"": 0, ""position"": [-251.32386779785156, -99.0, -45.429443359375], ""angles"": [0, 69632, 0], ""params"": [1.0, 1.0, 1.0, 4, 0, 0], ""unused_pointer"": 118171296}"
retrieval-ep2/q54-bb-e,8,103,"{""base_type"": 519, ""set_flags"": 2, ""runtime_index"": 289, ""file_offset"": 29320, ""floor_field"": 8, ""entity_id_field"": 16673, ""group"": 0, ""room"": 4, ""unknown_a3"": 0, ""position"": [88.3800048828125, 1.0, -197.77001953125], ""angles"": [0, 53248, 0], ""params"": [1.0, 1.0, 1.0, 11, 0, 0], ""unused_pointer"": 118186832}"
retrieval-ep2/q54-bb-e,8,104,"{""base_type"": 519, ""set_flags"": 2, ""runtime_index"": 290, ""file_offset"": 29388, ""floor_field"": 8, ""entity_id_field"": 16674, ""group"": 0, ""room"": 4, ""unknown_a3"": 0, ""position"": [84.3800048828125, 0.07605868577957153, -219.77001953125], ""angles"": [0, 81920, 0], ""params"": [1.0, 1.0, 1.0, 11, 0, 0], ""unused_pointer"": 118187696}"
retrieval-ep2/q54-bb-e,8,105,"{""base_type"": 519, ""set_flags"": 2, ""runtime_index"": 291, ""file_offset"": 29456, ""floor_field"": 8, ""entity_id_field"": 16675, ""group"": 0, ""room"": 4, ""unknown_a3"": 0, ""position"": [76.3800048828125, -0.00014153867959976196, -240.77001953125], ""angles"": [0, 86016, 0], ""params"": [1.0, 1.0, 1.0, 11, 0, 0], ""unused_pointer"": 118188560}"
retrieval-ep2/q54-bb-e,8,129,"{""base_type"": 519, ""set_flags"": 2, ""runtime_index"": 327, ""file_offset"": 31088, ""floor_field"": 8, ""entity_id_field"": 16711, ""group"": 0, ""room"": 8, ""unknown_a3"": 0, ""position"": [-67.3311767578125, 0.0, -338.91839599609375], ""angles"": [0, 0, 0], ""params"": [1.0, 1.0, 1.0, 13, 0, 0], ""unused_pointer"": 118212544}"
retrieval-ep2/q54-bb-e,8,130,"{""base_type"": 519, ""set_flags"": 2, ""runtime_index"": 328, ""file_offset"": 31156, ""floor_field"": 8, ""entity_id_field"": 16712, ""group"": 0, ""room"": 8, ""unknown_a3"": 0, ""position"": [-87.33001708984375, 0.0, -338.9200439453125], ""angles"": [0, 28672, 0], ""params"": [1.0, 1.0, 1.0, 13, 0, 0], ""unused_pointer"": 118213408}"
retrieval-ep2/q54-bb-e,8,132,"{""base_type"": 519, ""set_flags"": 2, ""runtime_index"": 330, ""file_offset"": 31292, ""floor_field"": 8, ""entity_id_field"": 16714, ""group"": 0, ""room"": 8, ""unknown_a3"": 0, ""position"": [-91.92889404296875, -2.09808349609375e-05, -202.29449462890625], ""angles"": [0, 28672, 0], ""params"": [1.0, 1.0, 1.0, 14, 0, 0], ""unused_pointer"": 118214448}"
retrieval-ep2/q54-bb-e,8,133,"{""base_type"": 519, ""set_flags"": 2, ""runtime_index"": 331, ""file_offset"": 31360, ""floor_field"": 8, ""entity_id_field"": 16715, ""group"": 0, ""room"": 8, ""unknown_a3"": 0, ""position"": [-113.48040771484375, 0.0, -220.64776611328125], ""angles"": [0, 57344, 0], ""params"": [1.0, 1.0, 1.0, 14, 0, 0], ""unused_pointer"": 118215312}"
retrieval-ep2/q54-bb-e,8,176,"{""base_type"": 519, ""set_flags"": 2, ""runtime_index"": 331, ""file_offset"": 34284, ""floor_field"": 8, ""entity_id_field"": 16715, ""group"": 0, ""room"": 8, ""unknown_a3"": 0, ""position"": [135.9805908203125, 7.0, -67.6173095703125], ""angles"": [0, 66344, 0], ""params"": [1.0, 1.0, 1.0, 14, 0, 0], ""unused_pointer"": 118215312}"
retrieval-ep2/q54-bb-e,8,177,"{""base_type"": 519, ""set_flags"": 2, ""runtime_index"": 331, ""file_offset"": 34352, ""floor_field"": 8, ""entity_id_field"": 16715, ""group"": 0, ""room"": 8, ""unknown_a3"": 0, ""position"": [114.56595611572266, 7.0, -68.41584014892578], ""angles"": [0, 66344, 0], ""params"": [1.0, 1.0, 1.0, 14, 0, 0], ""unused_pointer"": 118215312}"
retrieval-ep2/q54-bb-e,8,178,"{""base_type"": 519, ""set_flags"": 2, ""runtime_index"": 331, ""file_offset"": 34420, ""floor_field"": 8, ""entity_id_field"": 16715, ""group"": 0, ""room"": 8, ""unknown_a3"": 0, ""position"": [-120.13539123535156, 26.0, 77.57756805419922], ""angles"": [0, 65144, 0], ""params"": [1.0, 1.0, 1.0, 201, 0, 0], ""unused_pointer"": 118215312}"
retrieval-ep2/q54-bb-e,8,179,"{""base_type"": 519, ""set_flags"": 2, ""runtime_index"": 331, ""file_offset"": 34488, ""floor_field"": 8, ""entity_id_field"": 16715, ""group"": 0, ""room"": 8, ""unknown_a3"": 0, ""position"": [-96.92865753173828, 26.0, 77.13117218017578], ""angles"": [0, 66344, 0], ""params"": [1.0, 1.0, 1.0, 201, 0, 0], ""unused_pointer"": 118215312}"
retrieval-ep2/q54-bb-e,9,50,"{""base_type"": 519, ""set_flags"": 512, ""runtime_index"": 25349, ""file_offset"": 42256, ""floor_field"": 9, ""entity_id_field"": 38217, ""group"": 0, ""room"": 3, ""unknown_a3"": 0, ""position"": [-706.0, 9.0, -327.0], ""angles"": [0, 8192, 0], ""params"": [1.0, 1.0, 1.0, 2, 0, 0], ""unused_pointer"": 2162090368}"
retrieval-ep2/q54-bb-e,9,51,"{""base_type"": 519, ""set_flags"": 512, ""runtime_index"": 25605, ""file_offset"": 42324, ""floor_field"": 9, ""entity_id_field"": 38473, ""group"": 0, ""room"": 3, ""unknown_a3"": 0, ""position"": [-689.0, 9.0, -345.0], ""angles"": [0, 40960, 0], ""params"": [1.0, 1.0, 1.0, 2, 0, 0], ""unused_pointer"": 1625481600}"
retrieval-ep2/q54-bb-e,9,52,"{""base_type"": 519, ""set_flags"": 512, ""runtime_index"": 25861, ""file_offset"": 42392, ""floor_field"": 9, ""entity_id_field"": 38729, ""group"": 0, ""room"": 3, ""unknown_a3"": 0, ""position"": [-686.0, 15.0, -350.0], ""angles"": [0, 8192, 0], ""params"": [1.0, 1.0, 1.0, 2, 0, 0], ""unused_pointer"": 1088872832}"
retrieval-ep2/q54-bb-e,9,57,"{""base_type"": 519, ""set_flags"": 512, ""runtime_index"": 27141, ""file_offset"": 42732, ""floor_field"": 9, ""entity_id_field"": 40009, ""group"": 0, ""room"": 3, ""unknown_a3"": 0, ""position"": [-335.0, -11.0, 190.0], ""angles"": [0, 40960, 0], ""params"": [1.0, 1.0, 1.0, 0, 0, 0], ""unused_pointer"": 2163073408}"
retrieval-ep2/q54-bb-j,7,20,"{""base_type"": 519, ""set_flags"": 2, ""runtime_index"": 279, ""file_offset"": 17064, ""floor_field"": 7, ""entity_id_field"": 16663, ""group"": 0, ""room"": 6, ""unknown_a3"": 0, ""position"": [-94.0, -54.0, 110.0], ""angles"": [0, 32768, 0], ""params"": [1.0, 1.0, 1.0, 101, 0, 0], ""unused_pointer"": 75210864}"
retrieval-ep2/q54-bb-j,7,22,"{""base_type"": 519, ""set_flags"": 2, ""runtime_index"": 281, ""file_offset"": 17200, ""floor_field"": 7, ""entity_id_field"": 16665, ""group"": 0, ""room"": 6, ""unknown_a3"": 0, ""position"": [-94.0, -44.0, 110.0], ""angles"": [0, 4096, 0], ""params"": [1.0, 1.0, 1.0, 101, 0, 0], ""unused_pointer"": 75212160}"
retrieval-ep2/q54-bb-j,7,23,"{""base_type"": 519, ""set_flags"": 2, ""runtime_index"": 282, ""file_offset"": 17268, ""floor_field"": 7, ""entity_id_field"": 16666, ""group"": 0, ""room"": 6, ""unknown_a3"": 0, ""position"": [-60.0, -44.0, 105.0], ""angles"": [0, 0, 0], ""params"": [1.0, 1.0, 1.0, 101, 0, 0], ""unused_pointer"": 75213024}"
retrieval-ep2/q54-bb-j,7,66,"{""base_type"": 519, ""set_flags"": 2, ""runtime_index"": 335, ""file_offset"": 20192, ""floor_field"": 7, ""entity_id_field"": 16719, ""group"": 0, ""room"": 8, ""unknown_a3"": 0, ""position"": [9.370010375976562, -66.9698486328125, -51.158935546875], ""angles"": [0, 12288, 0], ""params"": [1.0, 1.0, 1.0, 99, 0, 0], ""unused_pointer"": 75261248}"
retrieval-ep2/q54-bb-j,7,67,"{""base_type"": 519, ""set_flags"": 2, ""runtime_index"": 336, ""file_offset"": 20260, ""floor_field"": 7, ""entity_id_field"": 16720, ""group"": 0, ""room"": 8, ""unknown_a3"": 0, ""position"": [-79.57000732421875, -66.9698486328125, 48.20343017578125], ""angles"": [0, 20480, 0], ""params"": [1.0, 1.0, 1.0, 99, 0, 0], ""unused_pointer"": 75262112}"
retrieval-ep2/q54-bb-j,8,5,"{""base_type"": 519, ""set_flags"": 2, ""runtime_index"": 177, ""file_offset"": 22656, ""floor_field"": 8, ""entity_id_field"": 16561, ""group"": 0, ""room"": 2, ""unknown_a3"": 0, ""position"": [-17.1099853515625, -128.61000061035156, 116.969970703125], ""angles"": [0, 32768, 0], ""params"": [1.0, 1.0, 1.0, 103, 0, 0], ""unused_pointer"": 118104768}"
retrieval-ep2/q54-bb-j,8,6,"{""base_type"": 519, ""set_flags"": 2, ""runtime_index"": 178, ""file_offset"": 22724, ""floor_field"": 8, ""entity_id_field"": 16562, ""group"": 0, ""room"": 2, ""unknown_a3"": 0, ""position"": [-40.0, -128.0, 120.0], ""angles"": [0, 0, 0], ""params"": [1.0, 1.0, 1.0, 103, 0, 0], ""unused_pointer"": 118120032}"
retrieval-ep2/q54-bb-j,8,14,"{""base_type"": 519, ""set_flags"": 2, ""runtime_index"": 191, ""file_offset"": 23268, ""floor_field"": 8, ""entity_id_field"": 16575, ""group"": 0, ""room"": 2, ""unknown_a3"": 0, ""position"": [-27.1099853515625, -119.0, 116.969970703125], ""angles"": [0, 32768, 0], ""params"": [1.0, 1.0, 1.0, 103, 0, 0], ""unused_pointer"": 118127952}"
retrieval-ep2/q54-bb-j,8,15,"{""base_type"": 519, ""set_flags"": 2, ""runtime_index"": 192, ""file_offset"": 23336, ""floor_field"": 8, ""entity_id_field"": 16576, ""group"": 0, ""room"": 2, ""unknown_a3"": 0, ""position"": [-20.0, -129.0, 125.0], ""angles"": [0, 32768, 0], ""params"": [1.0, 1.0, 1.0, 104, 0, 0], ""unused_pointer"": 118128816}"
retrieval-ep2/q54-bb-j,8,16,"{""base_type"": 519, ""set_flags"": 2, ""runtime_index"": 193, ""file_offset"": 23404, ""floor_field"": 8, ""entity_id_field"": 16577, ""group"": 0, ""room"": 2, ""unknown_a3"": 0, ""position"": [-39.0, -129.0, 125.0], ""angles"": [0, 0, 0], ""params"": [1.0, 1.0, 1.0, 104, 0, 0], ""unused_pointer"": 118129680}"
retrieval-ep2/q54-bb-j,8,17,"{""base_type"": 519, ""set_flags"": 2, ""runtime_index"": 194, ""file_offset"": 23472, ""floor_field"": 8, ""entity_id_field"": 16578, ""group"": 0, ""room"": 2, ""unknown_a3"": 0, ""position"": [-39.0, -128.61000061035156, 130.0], ""angles"": [0, 36864, 0], ""params"": [1.0, 1.0, 1.0, 105, 0, 0], ""unused_pointer"": 118130544}"
retrieval-ep2/q54-bb-j,8,18,"{""base_type"": 519, ""set_flags"": 2, ""runtime_index"": 195, ""file_offset"": 23540, ""floor_field"": 8, ""entity_id_field"": 16579, ""group"": 0, ""room"": 2, ""unknown_a3"": 0, ""position"": [-20.0, -129.0, 122.0], ""angles"": [0, 32768, 0], ""params"": [1.0, 1.0, 1.0, 105, 0, 0], ""unused_pointer"": 118131408}"
retrieval-ep2/q54-bb-j,8,75,"{""base_type"": 519, ""set_flags"": 2, ""runtime_index"": 259, ""file_offset"": 27416, ""floor_field"": 8, ""entity_id_field"": 16643, ""group"": 0, ""room"": 3, ""unknown_a3"": 0, ""position"": [-232.25830078125, -99.00025177001953, -56.8240966796875], ""angles"": [0, 40960, 0], ""params"": [1.0, 1.0, 1.0, 4, 0, 0], ""unused_pointer"": 118170432}"
retrieval-ep2/q54-bb-j,8,76,"{""base_type"": 519, ""set_flags"": 2, ""runtime_index"": 260, ""file_offset"": 27484, ""floor_field"": 8, ""entity_id_field"": 16644, ""group"": 0, ""room"": 3, ""unknown_a3"": 0, ""position"": [-251.32386779785156, -99.0, -45.429443359375], ""angles"": [0, 69632, 0], ""params"": [1.0, 1.0, 1.0, 4, 0, 0], ""unused_pointer"": 118171296}"
retrieval-ep2/q54-bb-j,8,103,"{""base_type"": 519, ""set_flags"": 2, ""runtime_index"": 289, ""file_offset"": 29320, ""floor_field"": 8, ""entity_id_field"": 16673, ""group"": 0, ""room"": 4, ""unknown_a3"": 0, ""position"": [88.3800048828125, 1.0, -197.77001953125], ""angles"": [0, 53248, 0], ""params"": [1.0, 1.0, 1.0, 11, 0, 0], ""unused_pointer"": 118186832}"
retrieval-ep2/q54-bb-j,8,104,"{""base_type"": 519, ""set_flags"": 2, ""runtime_index"": 290, ""file_offset"": 29388, ""floor_field"": 8, ""entity_id_field"": 16674, ""group"": 0, ""room"": 4, ""unknown_a3"": 0, ""position"": [84.3800048828125, 0.07605868577957153, -219.77001953125], ""angles"": [0, 81920, 0], ""params"": [1.0, 1.0, 1.0, 11, 0, 0], ""unused_pointer"": 118187696}"
retrieval-ep2/q54-bb-j,8,105,"{""base_type"": 519, ""set_flags"": 2, ""runtime_index"": 291, ""file_offset"": 29456, ""floor_field"": 8, ""entity_id_field"": 16675, ""group"": 0, ""room"": 4, ""unknown_a3"": 0, ""position"": [76.3800048828125, -0.00014153867959976196, -240.77001953125], ""angles"": [0, 86016, 0], ""params"": [1.0, 1.0, 1.0, 11, 0, 0], ""unused_pointer"": 118188560}"
retrieval-ep2/q54-bb-j,8,129,"{""base_type"": 519, ""set_flags"": 2, ""runtime_index"": 327, ""file_offset"": 31088, ""floor_field"": 8, ""entity_id_field"": 16711, ""group"": 0, ""room"": 8, ""unknown_a3"": 0, ""position"": [-67.3311767578125, 0.0, -338.91839599609375], ""angles"": [0, 0, 0], ""params"": [1.0, 1.0, 1.0, 13, 0, 0], ""unused_pointer"": 118212544}"
retrieval-ep2/q54-bb-j,8,130,"{""base_type"": 519, ""set_flags"": 2, ""runtime_index"": 328, ""file_offset"": 31156, ""floor_field"": 8, ""entity_id_field"": 16712, ""group"": 0, ""room"": 8, ""unknown_a3"": 0, ""position"": [-87.33001708984375, 0.0, -338.9200439453125], ""angles"": [0, 28672, 0], ""params"": [1.0, 1.0, 1.0, 13, 0, 0], ""unused_pointer"": 118213408}"
retrieval-ep2/q54-bb-j,8,132,"{""base_type"": 519, ""set_flags"": 2, ""runtime_index"": 330, ""file_offset"": 31292, ""floor_field"": 8, ""entity_id_field"": 16714, ""group"": 0, ""room"": 8, ""unknown_a3"": 0, ""position"": [-91.92889404296875, -2.09808349609375e-05, -202.29449462890625], ""angles"": [0, 28672, 0], ""params"": [1.0, 1.0, 1.0, 14, 0, 0], ""unused_pointer"": 118214448}"
retrieval-ep2/q54-bb-j,8,133,"{""base_type"": 519, ""set_flags"": 2, ""runtime_index"": 331, ""file_offset"": 31360, ""floor_field"": 8, ""entity_id_field"": 16715, ""group"": 0, ""room"": 8, ""unknown_a3"": 0, ""position"": [-113.48040771484375, 0.0, -220.64776611328125], ""angles"": [0, 57344, 0], ""params"": [1.0, 1.0, 1.0, 14, 0, 0], ""unused_pointer"": 118215312}"
retrieval-ep2/q54-bb-j,8,176,"{""base_type"": 519, ""set_flags"": 2, ""runtime_index"": 331, ""file_offset"": 34284, ""floor_field"": 8, ""entity_id_field"": 16715, ""group"": 0, ""room"": 8, ""unknown_a3"": 0, ""position"": [135.9805908203125, 7.0, -67.6173095703125], ""angles"": [0, 66344, 0], ""params"": [1.0, 1.0, 1.0, 14, 0, 0], ""unused_pointer"": 118215312}"
retrieval-ep2/q54-bb-j,8,177,"{""base_type"": 519, ""set_flags"": 2, ""runtime_index"": 331, ""file_offset"": 34352, ""floor_field"": 8, ""entity_id_field"": 16715, ""group"": 0, ""room"": 8, ""unknown_a3"": 0, ""position"": [114.56595611572266, 7.0, -68.41584014892578], ""angles"": [0, 66344, 0], ""params"": [1.0, 1.0, 1.0, 14, 0, 0], ""unused_pointer"": 118215312}"
retrieval-ep2/q54-bb-j,8,178,"{""base_type"": 519, ""set_flags"": 2, ""runtime_index"": 331, ""file_offset"": 34420, ""floor_field"": 8, ""entity_id_field"": 16715, ""group"": 0, ""room"": 8, ""unknown_a3"": 0, ""position"": [-120.13539123535156, 26.0, 77.57756805419922], ""angles"": [0, 65144, 0], ""params"": [1.0, 1.0, 1.0, 201, 0, 0], ""unused_pointer"": 118215312}"
retrieval-ep2/q54-bb-j,8,179,"{""base_type"": 519, ""set_flags"": 2, ""runtime_index"": 331, ""file_offset"": 34488, ""floor_field"": 8, ""entity_id_field"": 16715, ""group"": 0, ""room"": 8, ""unknown_a3"": 0, ""position"": [-96.92865753173828, 26.0, 77.13117218017578], ""angles"": [0, 66344, 0], ""params"": [1.0, 1.0, 1.0, 201, 0, 0], ""unused_pointer"": 118215312}"
retrieval-ep2/q54-bb-j,9,50,"{""base_type"": 519, ""set_flags"": 512, ""runtime_index"": 25349, ""file_offset"": 42256, ""floor_field"": 9, ""entity_id_field"": 38217, ""group"": 0, ""room"": 3, ""unknown_a3"": 0, ""position"": [-706.0, 9.0, -327.0], ""angles"": [0, 8192, 0], ""params"": [1.0, 1.0, 1.0, 2, 0, 0], ""unused_pointer"": 2162090368}"
retrieval-ep2/q54-bb-j,9,51,"{""base_type"": 519, ""set_flags"": 512, ""runtime_index"": 25605, ""file_offset"": 42324, ""floor_field"": 9, ""entity_id_field"": 38473, ""group"": 0, ""room"": 3, ""unknown_a3"": 0, ""position"": [-689.0, 9.0, -345.0], ""angles"": [0, 40960, 0], ""params"": [1.0, 1.0, 1.0, 2, 0, 0], ""unused_pointer"": 1625481600}"
retrieval-ep2/q54-bb-j,9,52,"{""base_type"": 519, ""set_flags"": 512, ""runtime_index"": 25861, ""file_offset"": 42392, ""floor_field"": 9, ""entity_id_field"": 38729, ""group"": 0, ""room"": 3, ""unknown_a3"": 0, ""position"": [-686.0, 15.0, -350.0], ""angles"": [0, 8192, 0], ""params"": [1.0, 1.0, 1.0, 2, 0, 0], ""unused_pointer"": 1088872832}"
retrieval-ep2/q54-bb-j,9,57,"{""base_type"": 519, ""set_flags"": 512, ""runtime_index"": 27141, ""file_offset"": 42732, ""floor_field"": 9, ""entity_id_field"": 40009, ""group"": 0, ""room"": 3, ""unknown_a3"": 0, ""position"": [-335.0, -11.0, 190.0], ""angles"": [0, 40960, 0], ""params"": [1.0, 1.0, 1.0, 0, 0, 0], ""unused_pointer"": 2163073408}"
retrieval-ep2/q153-bb-e,6,0,"{""base_type"": 519, ""set_flags"": 0, ""runtime_index"": 10246, ""file_offset"": 13920, ""floor_field"": 6, ""entity_id_field"": 1095, ""group"": 0, ""room"": 4, ""unknown_a3"": 0, ""position"": [195.0, 17.0, 75.0], ""angles"": [0, 8192, 0], ""params"": [1.0, 1.0, 1.0, 0, 0, 0], ""unused_pointer"": 1883172992}"
retrieval-ep2/q153-bb-e,6,2,"{""base_type"": 519, ""set_flags"": 0, ""runtime_index"": 10758, ""file_offset"": 14056, ""floor_field"": 6, ""entity_id_field"": 2887, ""group"": 0, ""room"": 4, ""unknown_a3"": 0, ""position"": [185.0, 8.0, 85.0], ""angles"": [0, 40960, 0], ""params"": [1.0, 1.0, 1.0, 0, 0, 0], ""unused_pointer"": 4714624}"
retrieval-ep2/q153-bb-e,6,3,"{""base_type"": 519, ""set_flags"": 0, ""runtime_index"": 11014, ""file_offset"": 14124, ""floor_field"": 6, ""entity_id_field"": 3655, ""group"": 0, ""room"": 4, ""unknown_a3"": 0, ""position"": [207.0, 11.0, 65.0], ""angles"": [0, 40960, 0], ""params"": [1.0, 1.0, 1.0, 0, 0, 0], ""unused_pointer"": 3762548864}"
retrieval-ep2/q153-bb-e,6,9,"{""base_type"": 519, ""set_flags"": 512, ""runtime_index"": 18438, ""file_offset"": 14532, ""floor_field"": 6, ""entity_id_field"": 5448, ""group"": 0, ""room"": 9, ""unknown_a3"": 0, ""position"": [0.0, -5.0, -140.0], ""angles"": [0, 4096, 0], ""params"": [1.0, 1.0, 1.0, 109, 0, 0], ""unused_pointer"": 3224432768}"
retrieval-ep2/q153-bb-e,6,10,"{""base_type"": 519, ""set_flags"": 512, ""runtime_index"": 18694, ""file_offset"": 14600, ""floor_field"": 6, ""entity_id_field"": 5704, ""group"": 0, ""room"": 9, ""unknown_a3"": 0, ""position"": [40.0, -5.0, -145.0], ""angles"": [0, 32768, 0], ""params"": [1.0, 1.0, 1.0, 109, 0, 0], ""unused_pointer"": 540471424}"
retrieval-ep2/q153-bb-e,6,108,"{""base_type"": 519, ""set_flags"": 512, ""runtime_index"": 12294, ""file_offset"": 21264, ""floor_field"": 6, ""entity_id_field"": 8519, ""group"": 0, ""room"": 3, ""unknown_a3"": 0, ""position"": [136.5163116455078, 0.0, -137.38162231445312], ""angles"": [0, 53248, 0], ""params"": [1.0, 1.0, 1.0, 109, 0, 0], ""unused_pointer"": 2958356608}"
retrieval-ep2/q153-bb-e,6,109,"{""base_type"": 519, ""set_flags"": 512, ""runtime_index"": 12294, ""file_offset"": 21332, ""floor_field"": 6, ""entity_id_field"": 8519, ""group"": 0, ""room"": 3, ""unknown_a3"": 0, ""position"": [142.1002197265625, 0.0, -114.48759460449219], ""angles"": [0, 53248, 0], ""params"": [1.0, 1.0, 1.0, 109, 0, 0], ""unused_pointer"": 2958356608}"
retrieval-ep2/q153-bb-e,6,160,"{""base_type"": 519, ""set_flags"": 512, ""runtime_index"": 18438, ""file_offset"": 24800, ""floor_field"": 6, ""entity_id_field"": 5448, ""group"": 0, ""room"": 3, ""unknown_a3"": 0, ""position"": [60.79010772705078, -3.4003520011901855, 143.37010192871094], ""angles"": [0, 4096, 0], ""params"": [1.0, 1.0, 1.0, 109, 0, 0], ""unused_pointer"": 3224432768}"
retrieval-ep2/q153-bb-e,7,7,"{""base_type"": 519, ""set_flags"": 2048, ""runtime_index"": 48646, ""file_offset"": 27264, ""floor_field"": 7, ""entity_id_field"": 20295, ""group"": 0, ""room"": 2, ""unknown_a3"": 0, ""position"": [53.0, -43.0, 25.0], ""angles"": [0, 16384, 0], ""params"": [1.0, 1.0, 1.0, 3, 0, 0], ""unused_pointer"": 808447104}"
retrieval-ep2/q153-bb-e,7,8,"{""base_type"": 519, ""set_flags"": 2048, ""runtime_index"": 48390, ""file_offset"": 27332, ""floor_field"": 7, ""entity_id_field"": 19271, ""group"": 0, ""room"": 2, ""unknown_a3"": 0, ""position"": [53.0, -43.0, 15.0], ""angles"": [0, 49152, 0], ""params"": [1.0, 1.0, 1.0, 3, 0, 0], ""unused_pointer"": 3224235136}"
retrieval-ep2/q153-bb-e,7,40,"{""base_type"": 519, ""set_flags"": 2048, ""runtime_index"": 48646, ""file_offset"": 29508, ""floor_field"": 7, ""entity_id_field"": 20295, ""group"": 0, ""room"": 2, ""unknown_a3"": 0, ""position"": [-223.7472381591797, -39.5800895690918, 63.657920837402344], ""angles"": [0, 16384, 0], ""params"": [1.0, 1.0, 1.0, 100, 0, 0], ""unused_pointer"": 808447104}"
retrieval-ep2/q153-bb-e,7,41,"{""base_type"": 519, ""set_flags"": 2048, ""runtime_index"": 48646, ""file_offset"": 29576, ""floor_field"": 7, ""entity_id_field"": 20295, ""group"": 0, ""room"": 2, ""unknown_a3"": 0, ""position"": [-223.28665161132812, -36.0, 52.98642349243164], ""angles"": [0, 16384, 0], ""params"": [1.0, 1.0, 1.0, 100, 0, 0], ""unused_pointer"": 808447104}"
retrieval-ep2/q153-bb-e,7,42,"{""base_type"": 519, ""set_flags"": 2048, ""runtime_index"": 48646, ""file_offset"": 29644, ""floor_field"": 7, ""entity_id_field"": 20295, ""group"": 0, ""room"": 2, ""unknown_a3"": 0, ""position"": [30.3431396484375, -32.0, -58.32550048828125], ""angles"": [0, 62120, 0], ""params"": [1.0, 1.0, 1.0, 101, 0, 0], ""unused_pointer"": 808447104}"
retrieval-ep2/q153-bb-e,7,43,"{""base_type"": 519, ""set_flags"": 2048, ""runtime_index"": 48646, ""file_offset"": 29712, ""floor_field"": 7, ""entity_id_field"": 20295, ""group"": 0, ""room"": 2, ""unknown_a3"": 0, ""position"": [50.79937744140625, -34.0, -54.294586181640625], ""angles"": [0, 384, 0], ""params"": [1.0, 1.0, 1.0, 101, 0, 0], ""unused_pointer"": 808447104}"
retrieval-ep2/q153-bb-e,7,91,"{""base_type"": 519, ""set_flags"": 2048, ""runtime_index"": 48646, ""file_offset"": 32976, ""floor_field"": 7, ""entity_id_field"": 20295, ""group"": 0, ""room"": 5, ""unknown_a3"": 0, ""position"": [203.1151885986328, -17.0, 114.79190826416016], ""angles"": [0, 51720, 0], ""params"": [1.0, 1.0, 1.0, 7, 0, 0], ""unused_pointer"": 808447104}"
retrieval-ep2/q153-bb-e,7,92,"{""base_type"": 519, ""set_flags"": 2048, ""runtime_index"": 48646, ""file_offset"": 33044, ""floor_field"": 7, ""entity_id_field"": 20295, ""group"": 0, ""room"": 5, ""unknown_a3"": 0, ""position"": [197.79229736328125, -18.0, 99.44207763671875], ""angles"": [0, 51720, 0], ""params"": [1.0, 1.0, 1.0, 7, 0, 0], ""unused_pointer"": 808447104}"
retrieval-ep2/q153-bb-e,7,134,"{""base_type"": 519, ""set_flags"": 2048, ""runtime_index"": 48646, ""file_offset"": 35900, ""floor_field"": 7, ""entity_id_field"": 20295, ""group"": 0, ""room"": 4, ""unknown_a3"": 0, ""position"": [57.24491500854492, -46.0, 90.1779556274414], ""angles"": [0, 384, 0], ""params"": [1.0, 1.0, 1.0, 102, 0, 0], ""unused_pointer"": 808447104}"
retrieval-ep2/q153-bb-e,7,145,"{""base_type"": 519, ""set_flags"": 2048, ""runtime_index"": 48646, ""file_offset"": 36648, ""floor_field"": 7, ""entity_id_field"": 20295, ""group"": 0, ""room"": 4, ""unknown_a3"": 0, ""position"": [70.46527099609375, -45.83624267578125, 90.4571533203125], ""angles"": [0, 59920, 0], ""params"": [1.0, 1.0, 1.0, 102, 0, 0], ""unused_pointer"": 808447104}"
retrieval-ep2/q153-bb-e,7,146,"{""base_type"": 519, ""set_flags"": 2048, ""runtime_index"": 48646, ""file_offset"": 36716, ""floor_field"": 7, ""entity_id_field"": 20295, ""group"": 0, ""room"": 4, ""unknown_a3"": 0, ""position"": [50.70530700683594, -45.9836540222168, 99.3280258178711], ""angles"": [0, 384, 0], ""params"": [1.0, 1.0, 1.0, 102, 0, 0], ""unused_pointer"": 808447104}"
retrieval-ep2/q153-bb-e,8,19,"{""base_type"": 519, ""set_flags"": 512, ""runtime_index"": 9984, ""file_offset"": 38160, ""floor_field"": 8, ""entity_id_field"": 10048, ""group"": 0, ""room"": 2, ""unknown_a3"": 0, ""position"": [112.12666320800781, -100.00027465820312, 334.6053161621094], ""angles"": [0, 0, 0], ""params"": [1.0, 1.0, 1.0, 2, 0, 0], ""unused_pointer"": 2160850304}"
retrieval-ep2/q153-bb-e,8,31,"{""base_type"": 519, ""set_flags"": 512, ""runtime_index"": 57092, ""file_offset"": 38976, ""floor_field"": 8, ""entity_id_field"": 57156, ""group"": 0, ""room"": 4, ""unknown_a3"": 0, ""position"": [-160.73031616210938, 1.0, -167.2047119140625], ""angles"": [0, 12288, 0], ""params"": [1.0, 1.0, 1.0, 5, 0, 0], ""unused_pointer"": 1884026496}"
retrieval-ep2/q153-bb-e,8,35,"{""base_type"": 519, ""set_flags"": 0, ""runtime_index"": 518, ""file_offset"": 39248, ""floor_field"": 8, ""entity_id_field"": 27974, ""group"": 0, ""room"": 6, ""unknown_a3"": 0, ""position"": [-22.97956657409668, 2.675222396850586, -44.429588317871094], ""angles"": [0, 4096, 0], ""params"": [1.0, 1.0, 1.0, 0, 0, 0], ""unused_pointer"": 1111680}"
retrieval-ep2/q153-bb-e,8,50,"{""base_type"": 519, ""set_flags"": 2048, ""runtime_index"": 21510, ""file_offset"": 40268, ""floor_field"": 8, ""entity_id_field"": 21574, ""group"": 0, ""room"": 10, ""unknown_a3"": 0, ""position"": [-240.00999450683594, -122.0, 73.03997802734375], ""angles"": [0, 17408, 0], ""params"": [1.0, 1.0, 1.0, 6, 0, 0], ""unused_pointer"": 3762550656}"
retrieval-ep2/q153-bb-e,8,68,"{""base_type"": 519, ""set_flags"": 0, ""runtime_index"": 0, ""file_offset"": 41492, ""floor_field"": 0, ""entity_id_field"": 0, ""group"": 0, ""room"": 2, ""unknown_a3"": 0, ""position"": [-138.67901611328125, -121.19758605957031, 149.75335693359375], ""angles"": [0, 12400, 0], ""params"": [1.0, 1.0, 1.0, 0, 0, 0], ""unused_pointer"": 0}"
retrieval-ep2/q153-bb-e,8,124,"{""base_type"": 519, ""set_flags"": 0, ""runtime_index"": 0, ""file_offset"": 45300, ""floor_field"": 0, ""entity_id_field"": 0, ""group"": 0, ""room"": 4, ""unknown_a3"": 0, ""position"": [65.58132934570312, -1.8079928167935577e-06, -171.13980102539062], ""angles"": [0, 15712, 0], ""params"": [1.0, 1.0, 1.0, 0, 0, 0], ""unused_pointer"": 0}"
retrieval-ep2/q153-bb-e,8,210,"{""base_type"": 519, ""set_flags"": 512, ""runtime_index"": 9984, ""file_offset"": 51148, ""floor_field"": 8, ""entity_id_field"": 10048, ""group"": 0, ""room"": 2, ""unknown_a3"": 0, ""position"": [132.82965087890625, -100.00027465820312, 334.88092041015625], ""angles"": [0, 0, 0], ""params"": [1.0, 1.0, 1.0, 2, 0, 0], ""unused_pointer"": 2160850304}"
retrieval-ep2/q153-bb-e,8,215,"{""base_type"": 519, ""set_flags"": 0, ""runtime_index"": 0, ""file_offset"": 51488, ""floor_field"": 0, ""entity_id_field"": 0, ""group"": 0, ""room"": 2, ""unknown_a3"": 0, ""position"": [-146.99343872070312, -128.0, 120.0], ""angles"": [0, 0, 0], ""params"": [1.0, 1.0, 1.0, 1, 0, 0], ""unused_pointer"": 0}"
retrieval-ep2/q153-bb-e,8,216,"{""base_type"": 519, ""set_flags"": 0, ""runtime_index"": 0, ""file_offset"": 51556, ""floor_field"": 0, ""entity_id_field"": 0, ""group"": 0, ""room"": 2, ""unknown_a3"": 0, ""position"": [-180.16184997558594, -127.64805603027344, 120.0], ""angles"": [0, 0, 0], ""params"": [1.0, 1.0, 1.0, 1, 0, 0], ""unused_pointer"": 0}"
retrieval-ep2/q153-bb-e,8,217,"{""base_type"": 519, ""set_flags"": 0, ""runtime_index"": 0, ""file_offset"": 51624, ""floor_field"": 0, ""entity_id_field"": 0, ""group"": 0, ""room"": 2, ""unknown_a3"": 0, ""position"": [-166.03456115722656, -128.13937377929688, 120.0], ""angles"": [0, 0, 0], ""params"": [1.0, 1.0, 1.0, 1, 0, 0], ""unused_pointer"": 0}"
retrieval-ep2/q153-bb-e,9,8,"{""base_type"": 519, ""set_flags"": 0, ""runtime_index"": 28416, ""file_offset"": 52728, ""floor_field"": 9, ""entity_id_field"": 58689, ""group"": 0, ""room"": 4, ""unknown_a3"": 0, ""position"": [-142.97998046875, -10.0, 190.0899658203125], ""angles"": [0, 53248, 0], ""params"": [1.0, 1.0, 1.0, 1, 0, 0], ""unused_pointer"": 552727936}"
retrieval-ep2/q153-bb-e,9,70,"{""base_type"": 519, ""set_flags"": 0, ""runtime_index"": 0, ""file_offset"": 56944, ""floor_field"": 0, ""entity_id_field"": 0, ""group"": 0, ""room"": 13, ""unknown_a3"": 0, ""position"": [65.161376953125, 10.0, -15.105522155761719], ""angles"": [0, 60936, 0], ""params"": [1.0, 1.0, 1.0, 0, 0, 0], ""unused_pointer"": 0}"
retrieval-ep2/q153-bb-e,9,71,"{""base_type"": 519, ""set_flags"": 0, ""runtime_index"": 0, ""file_offset"": 57012, ""floor_field"": 0, ""entity_id_field"": 0, ""group"": 0, ""room"": 13, ""unknown_a3"": 0, ""position"": [13.749267578125, 10.0, -62.10108947753906], ""angles"": [0, 50136, 0], ""params"": [1.0, 1.0, 1.0, 0, 0, 0], ""unused_pointer"": 0}"
retrieval-ep2/q153-bb-e,9,141,"{""base_type"": 519, ""set_flags"": 0, ""runtime_index"": 28416, ""file_offset"": 61772, ""floor_field"": 9, ""entity_id_field"": 58689, ""group"": 0, ""room"": 3, ""unknown_a3"": 0, ""position"": [-634.4888305664062, -6.0, 114.51165008544922], ""angles"": [0, 53248, 0], ""params"": [1.0, 1.0, 1.0, 1, 0, 0], ""unused_pointer"": 552727936}"
seasonal-ep2/q207-bb-e,6,25,"{""base_type"": 519, ""set_flags"": 512, ""runtime_index"": 49411, ""file_offset"": 4792, ""floor_field"": 6, ""entity_id_field"": 26952, ""group"": 0, ""room"": 3, ""unknown_a3"": 0, ""position"": [191.0, -8.0, -165.0], ""angles"": [0, 0, 0], ""params"": [1.0, 1.0, 1.0, 99, 0, 0], ""unused_pointer"": 3496537472}"
seasonal-ep2/q207-bb-e,7,18,"{""base_type"": 519, ""set_flags"": 0, ""runtime_index"": 23048, ""file_offset"": 15552, ""floor_field"": 7, ""entity_id_field"": 53064, ""group"": 0, ""room"": 2, ""unknown_a3"": 0, ""position"": [52.63529968261719, -37.68000030517578, -134.10882568359375], ""angles"": [0, 28672, 0], ""params"": [1.0, 1.0, 1.0, 0, 0, 0], ""unused_pointer"": 1888808320}"
seasonal-ep2/q207-bb-e,7,48,"{""base_type"": 519, ""set_flags"": 512, ""runtime_index"": 16644, ""file_offset"": 17592, ""floor_field"": 7, ""entity_id_field"": 53576, ""group"": 0, ""room"": 6, ""unknown_a3"": 0, ""position"": [-94.0, -54.195987701416016, 110.0], ""angles"": [0, 32768, 0], ""params"": [1.0, 1.0, 1.0, 101, 0, 0], ""unused_pointer"": 2423647616}"
seasonal-ep2/q207-bb-e,7,49,"{""base_type"": 519, ""set_flags"": 0, ""runtime_index"": 23048, ""file_offset"": 17660, ""floor_field"": 7, ""entity_id_field"": 53832, ""group"": 0, ""room"": 6, ""unknown_a3"": 0, ""position"": [-94.0, -44.20000076293945, 110.0], ""angles"": [0, 4096, 0], ""params"": [1.0, 1.0, 1.0, 7, 0, 0], ""unused_pointer"": 4034456960}"
seasonal-ep2/q207-bb-e,7,54,"{""base_type"": 519, ""set_flags"": 0, ""runtime_index"": 47624, ""file_offset"": 18000, ""floor_field"": 7, ""entity_id_field"": 4425, ""group"": 0, ""room"": 6, ""unknown_a3"": 0, ""position"": [-132.2347412109375, -55.279998779296875, -31.2479248046875], ""angles"": [0, 45056, 0], ""params"": [1.0, 1.0, 1.0, 99, 0, 0], ""unused_pointer"": 9235840}"
seasonal-ep2/q207-bb-e,7,55,"{""base_type"": 519, ""set_flags"": 0, ""runtime_index"": 47368, ""file_offset"": 18068, ""floor_field"": 7, ""entity_id_field"": 3657, ""group"": 0, ""room"": 6, ""unknown_a3"": 0, ""position"": [-107.02999877929688, -55.279998779296875, -59.669921875], ""angles"": [0, 36864, 0], ""params"": [1.0, 1.0, 1.0, 99, 0, 0], ""unused_pointer"": 1620045184}"
seasonal-ep2/q207-bb-e,7,59,"{""base_type"": 519, ""set_flags"": 0, ""runtime_index"": 49672, ""file_offset"": 18340, ""floor_field"": 7, ""entity_id_field"": 14921, ""group"": 0, ""room"": 6, ""unknown_a3"": 0, ""position"": [-124.11189270019531, -43.709999084472656, -49.9862060546875], ""angles"": [0, 9216, 0], ""params"": [1.0, 1.0, 1.0, 99, 0, 0], ""unused_pointer"": 548728448}"
seasonal-ep2/q207-bb-e,7,105,"{""base_type"": 519, ""set_flags"": 0, ""runtime_index"": 24328, ""file_offset"": 21468, ""floor_field"": 7, ""entity_id_field"": 53064, ""group"": 0, ""room"": 7, ""unknown_a3"": 0, ""position"": [855.635009765625, 29.011972427368164, -1296.972900390625], ""angles"": [0, 28672, 0], ""params"": [1.0, 1.0, 1.0, 99, 0, 0], ""unused_pointer"": 1352658304}"
seasonal-ep2/q207-bb-e,7,157,"{""base_type"": 519, ""set_flags"": 0, ""runtime_index"": 43784, ""file_offset"": 25004, ""floor_field"": 7, ""entity_id_field"": 3401, ""group"": 0, ""room"": 8, ""unknown_a3"": 0, ""position"": [-92.71450805664062, -66.9698486328125, -12.355224609375], ""angles"": [0, 45056, 0], ""params"": [1.0, 1.0, 1.0, 99, 0, 0], ""unused_pointer"": 1626140032}"
seasonal-ep2/q207-bb-e,7,162,"{""base_type"": 519, ""set_flags"": 0, ""runtime_index"": 46344, ""file_offset"": 25344, ""floor_field"": 7, ""entity_id_field"": 4681, ""group"": 0, ""room"": 8, ""unknown_a3"": 0, ""position"": [-202.77154541015625, -66.9698486328125, 46.33843994140625], ""angles"": [0, 53248, 0], ""params"": [1.0, 1.0, 1.0, 99, 0, 0], ""unused_pointer"": 1089924480}"
seasonal-ep2/q207-bb-e,7,176,"{""base_type"": 519, ""set_flags"": 0, ""runtime_index"": 23560, ""file_offset"": 26296, ""floor_field"": 7, ""entity_id_field"": 8521, ""group"": 0, ""room"": 8, ""unknown_a3"": 0, ""position"": [127.61618041992188, -66.9698486328125, -50.32745361328125], ""angles"": [0, 12288, 0], ""params"": [1.0, 1.0, 1.0, 99, 0, 0], ""unused_pointer"": 2953768576}"
seasonal-ep2/q207-bb-e,8,12,"{""base_type"": 519, ""set_flags"": 2048, ""runtime_index"": 35588, ""file_offset"": 27196, ""floor_field"": 8, ""entity_id_field"": 19785, ""group"": 0, ""room"": 2, ""unknown_a3"": 0, ""position"": [-17.1099853515625, -128.61000061035156, 116.969970703125], ""angles"": [0, 32768, 0], ""params"": [1.0, 1.0, 1.0, 103, 0, 0], ""unused_pointer"": 2694835584}"
seasonal-ep2/q207-bb-e,8,13,"{""base_type"": 519, ""set_flags"": 2048, ""runtime_index"": 35844, ""file_offset"": 27264, ""floor_field"": 8, ""entity_id_field"": 20041, ""group"": 0, ""room"": 2, ""unknown_a3"": 0, ""position"": [-40.0, -128.0, 120.0], ""angles"": [0, 0, 0], ""params"": [1.0, 1.0, 1.0, 103, 0, 0], ""unused_pointer"": 10743168}"
seasonal-ep2/q207-bb-e,8,24,"{""base_type"": 519, ""set_flags"": 2048, ""runtime_index"": 39172, ""file_offset"": 28012, ""floor_field"": 8, ""entity_id_field"": 23113, ""group"": 0, ""room"": 2, ""unknown_a3"": 0, ""position"": [-27.1099853515625, -118.61000061035156, 116.969970703125], ""angles"": [0, 32768, 0], ""params"": [1.0, 1.0, 1.0, 103, 0, 0], ""unused_pointer"": 2160979328}"
seasonal-ep2/q207-bb-e,8,25,"{""base_type"": 519, ""set_flags"": 2048, ""runtime_index"": 33032, ""file_offset"": 28080, ""floor_field"": 8, ""entity_id_field"": 23369, ""group"": 0, ""room"": 2, ""unknown_a3"": 0, ""position"": [-20.0, -128.61000061035156, 125.0], ""angles"": [0, 32768, 0], ""params"": [1.0, 1.0, 1.0, 103, 0, 0], ""unused_pointer"": 1624370560}"
seasonal-ep2/q207-bb-e,8,26,"{""base_type"": 519, ""set_flags"": 2048, ""runtime_index"": 33544, ""file_offset"": 28148, ""floor_field"": 8, ""entity_id_field"": 23625, ""group"": 0, ""room"": 2, ""unknown_a3"": 0, ""position"": [-39.0, -128.61000061035156, 125.0], ""angles"": [0, 0, 0], ""params"": [1.0, 1.0, 1.0, 103, 0, 0], ""unused_pointer"": 1087761792}"
seasonal-ep2/q207-bb-e,8,27,"{""base_type"": 519, ""set_flags"": 2048, ""runtime_index"": 33800, ""file_offset"": 28216, ""floor_field"": 8, ""entity_id_field"": 23881, ""group"": 0, ""room"": 2, ""unknown_a3"": 0, ""position"": [-39.0, -128.61000061035156, 130.0], ""angles"": [0, 36864, 0], ""params"": [1.0, 1.0, 1.0, 103, 0, 0], ""unused_pointer"": 551153024}"
seasonal-ep2/q207-bb-e,8,28,"{""base_type"": 519, ""set_flags"": 2048, ""runtime_index"": 33288, ""file_offset"": 28284, ""floor_field"": 8, ""entity_id_field"": 24137, ""group"": 0, ""room"": 2, ""unknown_a3"": 0, ""position"": [-20.0, -129.0, 122.0], ""angles"": [0, 32768, 0], ""params"": [1.0, 1.0, 1.0, 103, 0, 0], ""unused_pointer"": 14544256}"
seasonal-ep2/q207-bb-e,8,41,"{""base_type"": 519, ""set_flags"": 512, ""runtime_index"": 47620, ""file_offset"": 29168, ""floor_field"": 8, ""entity_id_field"": 22345, ""group"": 0, ""room"": 3, ""unknown_a3"": 0, ""position"": [304.0, 0.0, -96.0], ""angles"": [0, 16384, 0], ""params"": [1.0, 1.0, 1.0, 7, 0, 0], ""unused_pointer"": 3763924352}"
seasonal-ep2/q207-bb-e,8,42,"{""base_type"": 519, ""set_flags"": 512, ""runtime_index"": 47876, ""file_offset"": 29236, ""floor_field"": 8, ""entity_id_field"": 22601, ""group"": 0, ""room"": 3, ""unknown_a3"": 0, ""position"": [304.0, 0.0, -73.0], ""angles"": [0, 49152, 0], ""params"": [1.0, 1.0, 1.0, 7, 0, 0], ""unused_pointer"": 2153573760}"
seasonal-ep2/q207-bb-e,8,43,"{""base_type"": 519, ""set_flags"": 512, ""runtime_index"": 48132, ""file_offset"": 29304, ""floor_field"": 8, ""entity_id_field"": 22857, ""group"": 0, ""room"": 3, ""unknown_a3"": 0, ""position"": [304.0, 0.0, -53.0], ""angles"": [0, 16384, 0], ""params"": [1.0, 1.0, 1.0, 7, 0, 0], ""unused_pointer"": 1616964992}"
seasonal-ep2/q207-bb-e,8,62,"{""base_type"": 519, ""set_flags"": 512, ""runtime_index"": 64260, ""file_offset"": 30596, ""floor_field"": 8, ""entity_id_field"": 52296, ""group"": 0, ""room"": 4, ""unknown_a3"": 0, ""position"": [88.3800048828125, 0.8799999952316284, -197.77001953125], ""angles"": [0, 53248, 0], ""params"": [1.0, 1.0, 1.0, 11, 0, 0], ""unused_pointer"": 1082125696}"
seasonal-ep2/q207-bb-e,8,63,"{""base_type"": 519, ""set_flags"": 512, ""runtime_index"": 64516, ""file_offset"": 30664, ""floor_field"": 8, ""entity_id_field"": 52552, ""group"": 0, ""room"": 4, ""unknown_a3"": 0, ""position"": [84.3800048828125, 0.07605868577957153, -219.77001953125], ""angles"": [0, 81920, 0], ""params"": [1.0, 1.0, 1.0, 11, 0, 0], ""unused_pointer"": 545516928}"
seasonal-ep2/q207-bb-e,8,64,"{""base_type"": 519, ""set_flags"": 512, ""runtime_index"": 64772, ""file_offset"": 30732, ""floor_field"": 8, ""entity_id_field"": 52808, ""group"": 0, ""room"": 4, ""unknown_a3"": 0, ""position"": [76.3800048828125, -0.00014153867959976196, -240.77001953125], ""angles"": [0, 86016, 0], ""params"": [1.0, 1.0, 1.0, 11, 0, 0], ""unused_pointer"": 8908160}"
seasonal-ep2/q207-bb-e,8,67,"{""base_type"": 519, ""set_flags"": 0, ""runtime_index"": 23048, ""file_offset"": 30936, ""floor_field"": 8, ""entity_id_field"": 53576, ""group"": 0, ""room"": 4, ""unknown_a3"": 0, ""position"": [-171.33999633789062, -1.5199999809265137, -165.80999755859375], ""angles"": [0, 81920, 0], ""params"": [1.0, 1.0, 1.0, 99, 0, 0], ""unused_pointer"": 1351609728}"
seasonal-ep2/q207-bb-e,8,93,"{""base_type"": 519, ""set_flags"": 512, ""runtime_index"": 8453, ""file_offset"": 32704, ""floor_field"": 8, ""entity_id_field"": 8517, ""group"": 0, ""room"": 8, ""unknown_a3"": 0, ""position"": [-67.3311767578125, 0.0, -338.91839599609375], ""angles"": [0, 0, 0], ""params"": [1.0, 1.0, 1.0, 13, 0, 0], ""unused_pointer"": 1352003200}"
seasonal-ep2/q207-bb-e,8,94,"{""base_type"": 519, ""set_flags"": 512, ""runtime_index"": 8709, ""file_offset"": 32772, ""floor_field"": 8, ""entity_id_field"": 8773, ""group"": 0, ""room"": 8, ""unknown_a3"": 0, ""position"": [-87.33001708984375, 0.0, -338.9200439453125], ""angles"": [0, 28672, 0], ""params"": [1.0, 1.0, 1.0, 13, 0, 0], ""unused_pointer"": 815394432}"
seasonal-ep2/q207-bb-e,8,96,"{""base_type"": 519, ""set_flags"": 512, ""runtime_index"": 9221, ""file_offset"": 32908, ""floor_field"": 8, ""entity_id_field"": 9285, ""group"": 0, ""room"": 8, ""unknown_a3"": 0, ""position"": [-91.92889404296875, -2.09808349609375e-05, -202.29449462890625], ""angles"": [0, 28672, 0], ""params"": [1.0, 1.0, 1.0, 14, 0, 0], ""unused_pointer"": 3231575680}"
seasonal-ep2/q207-bb-e,8,97,"{""base_type"": 519, ""set_flags"": 512, ""runtime_index"": 9477, ""file_offset"": 32976, ""floor_field"": 8, ""entity_id_field"": 9541, ""group"": 0, ""room"": 8, ""unknown_a3"": 0, ""position"": [-113.48040771484375, 6.52309536235407e-05, -220.64776611328125], ""angles"": [0, 57344, 0], ""params"": [1.0, 1.0, 1.0, 14, 0, 0], ""unused_pointer"": 2694966912}"
seasonal-ep2/q207-bb-e,8,188,"{""base_type"": 519, ""set_flags"": 0, ""runtime_index"": 30216, ""file_offset"": 39164, ""floor_field"": 8, ""entity_id_field"": 46921, ""group"": 0, ""room"": 9, ""unknown_a3"": 0, ""position"": [-851.3641357421875, -8.272980690002441, -599.1362915039062], ""angles"": [0, 0, 0], ""params"": [1.0, 1.0, 1.0, 99, 0, 0], ""unused_pointer"": 3769101696}"
seasonal-ep2/q207-bb-e,8,189,"{""base_type"": 519, ""set_flags"": 0, ""runtime_index"": 24840, ""file_offset"": 39232, ""floor_field"": 8, ""entity_id_field"": 47177, ""group"": 0, ""room"": 9, ""unknown_a3"": 0, ""position"": [-1021.0934448242188, -42.21906280517578, -671.3104858398438], ""angles"": [0, -36864, 0], ""params"": [1.0, 1.0, 1.0, 99, 0, 0], ""unused_pointer"": 1353313664}"
seasonal-ep2/q207-bb-e,8,244,"{""base_type"": 519, ""set_flags"": 0, ""runtime_index"": 27656, ""file_offset"": 42972, ""floor_field"": 8, ""entity_id_field"": 28746, ""group"": 0, ""room"": 10, ""unknown_a3"": 0, ""position"": [-228.76438903808594, -120.93436431884766, 75.24688720703125], ""angles"": [0, 18688, 0], ""params"": [1.0, 1.0, 1.0, 103, 0, 0], ""unused_pointer"": 2958945664}"
seasonal-ep2/q207-bb-e,9,142,"{""base_type"": 519, ""set_flags"": 512, ""runtime_index"": 49925, ""file_offset"": 53392, ""floor_field"": 9, ""entity_id_field"": 62541, ""group"": 0, ""room"": 3, ""unknown_a3"": 0, ""position"": [-706.0, 9.091863632202148, -327.0], ""angles"": [0, 8192, 0], ""params"": [1.0, 1.0, 1.0, 2, 0, 0], ""unused_pointer"": 805432960}"
seasonal-ep2/q207-bb-e,9,143,"{""base_type"": 519, ""set_flags"": 512, ""runtime_index"": 50181, ""file_offset"": 53460, ""floor_field"": 9, ""entity_id_field"": 62797, ""group"": 0, ""room"": 3, ""unknown_a3"": 0, ""position"": [-689.0, 9.09000015258789, -345.0], ""angles"": [0, 40960, 0], ""params"": [1.0, 1.0, 1.0, 2, 0, 0], ""unused_pointer"": 268824192}"
seasonal-ep2/q207-bb-e,9,144,"{""base_type"": 519, ""set_flags"": 512, ""runtime_index"": 50437, ""file_offset"": 53528, ""floor_field"": 9, ""entity_id_field"": 63053, ""group"": 0, ""room"": 3, ""unknown_a3"": 0, ""position"": [-686.0, 15.0, -350.0], ""angles"": [0, 8192, 0], ""params"": [1.0, 1.0, 1.0, 2, 0, 0], ""unused_pointer"": 4027117184}"
seasonal-ep2/q207-bb-e,9,156,"{""base_type"": 519, ""set_flags"": 2048, ""runtime_index"": 23816, ""file_offset"": 54344, ""floor_field"": 9, ""entity_id_field"": 48712, ""group"": 0, ""room"": 6, ""unknown_a3"": 0, ""position"": [-37.0792236328125, 10.0, 244.218994140625], ""angles"": [0, -12288, 0], ""params"": [1.0, 1.0, 1.0, 101, 0, 0], ""unused_pointer"": 275705216}"
seasonal-ep2/q207-bb-e,9,157,"{""base_type"": 519, ""set_flags"": 2048, ""runtime_index"": 24328, ""file_offset"": 54412, ""floor_field"": 9, ""entity_id_field"": 48968, ""group"": 0, ""room"": 6, ""unknown_a3"": 0, ""position"": [-33.44189453125, 5.336250305175781, 231.3330841064453], ""angles"": [0, -12288, 0], ""params"": [1.0, 1.0, 1.0, 101, 0, 0], ""unused_pointer"": 2154818944}"
seasonal-ep2/q207-bb-e,9,159,"{""base_type"": 519, ""set_flags"": 2048, ""runtime_index"": 24584, ""file_offset"": 54548, ""floor_field"": 9, ""entity_id_field"": 49480, ""group"": 0, ""room"": 6, ""unknown_a3"": 0, ""position"": [-24.0177001953125, 9.779999732971191, 258.17803955078125], ""angles"": [0, 24576, 0], ""params"": [1.0, 1.0, 1.0, 101, 0, 0], ""unused_pointer"": 3766873472}"
seasonal-ep2/q207-bb-e,9,172,"{""base_type"": 519, ""set_flags"": 0, ""runtime_index"": 45064, ""file_offset"": 55432, ""floor_field"": 9, ""entity_id_field"": 53320, ""group"": 0, ""room"": 6, ""unknown_a3"": 0, ""position"": [-178.9361572265625, 171.0, 415.18292236328125], ""angles"": [0, 24576, 0], ""params"": [1.0, 1.0, 1.0, 0, 0, 0], ""unused_pointer"": 1889725824}"
seasonal-ep2/q207-bb-e,9,201,"{""base_type"": 519, ""set_flags"": 0, ""runtime_index"": 51720, ""file_offset"": 57404, ""floor_field"": 9, ""entity_id_field"": 47689, ""group"": 0, ""room"": 13, ""unknown_a3"": 0, ""position"": [-34.312744140625, 10.0, 36.24105453491211], ""angles"": [0, 28672, 0], ""params"": [1.0, 1.0, 1.0, 99, 0, 0], ""unused_pointer"": 1625550208}"
seasonal-ep2/q207-bb-e,9,207,"{""base_type"": 519, ""set_flags"": 0, ""runtime_index"": 51464, ""file_offset"": 57812, ""floor_field"": 9, ""entity_id_field"": 47177, ""group"": 0, ""room"": 13, ""unknown_a3"": 0, ""position"": [-56.760009765625, 10.0, 12.24383544921875], ""angles"": [0, -12288, 0], ""params"": [1.0, 1.0, 1.0, 99, 0, 0], ""unused_pointer"": 1625943424}"
seasonal-ep2/q207-bb-e,9,210,"{""base_type"": 519, ""set_flags"": 0, ""runtime_index"": 54280, ""file_offset"": 58016, ""floor_field"": 9, ""entity_id_field"": 55625, ""group"": 0, ""room"": 13, ""unknown_a3"": 0, ""position"": [-47.55908203125, 23.987224578857422, 23.858238220214844], ""angles"": [0, -8192, 0], ""params"": [1.0, 1.0, 1.0, 99, 0, 0], ""unused_pointer"": 3758485120}"
seasonal-ep2/q207-bb-j,6,25,"{""base_type"": 519, ""set_flags"": 512, ""runtime_index"": 49411, ""file_offset"": 4792, ""floor_field"": 6, ""entity_id_field"": 26952, ""group"": 0, ""room"": 3, ""unknown_a3"": 0, ""position"": [191.0, -8.0, -165.0], ""angles"": [0, 0, 0], ""params"": [1.0, 1.0, 1.0, 99, 0, 0], ""unused_pointer"": 3496537472}"
seasonal-ep2/q207-bb-j,7,18,"{""base_type"": 519, ""set_flags"": 0, ""runtime_index"": 23048, ""file_offset"": 15552, ""floor_field"": 7, ""entity_id_field"": 53064, ""group"": 0, ""room"": 2, ""unknown_a3"": 0, ""position"": [52.63529968261719, -37.68000030517578, -134.10882568359375], ""angles"": [0, 28672, 0], ""params"": [1.0, 1.0, 1.0, 0, 0, 0], ""unused_pointer"": 1888808320}"
seasonal-ep2/q207-bb-j,7,48,"{""base_type"": 519, ""set_flags"": 512, ""runtime_index"": 16644, ""file_offset"": 17592, ""floor_field"": 7, ""entity_id_field"": 53576, ""group"": 0, ""room"": 6, ""unknown_a3"": 0, ""position"": [-94.0, -54.195987701416016, 110.0], ""angles"": [0, 32768, 0], ""params"": [1.0, 1.0, 1.0, 101, 0, 0], ""unused_pointer"": 2423647616}"
seasonal-ep2/q207-bb-j,7,49,"{""base_type"": 519, ""set_flags"": 0, ""runtime_index"": 23048, ""file_offset"": 17660, ""floor_field"": 7, ""entity_id_field"": 53832, ""group"": 0, ""room"": 6, ""unknown_a3"": 0, ""position"": [-94.0, -44.20000076293945, 110.0], ""angles"": [0, 4096, 0], ""params"": [1.0, 1.0, 1.0, 7, 0, 0], ""unused_pointer"": 4034456960}"
seasonal-ep2/q207-bb-j,7,54,"{""base_type"": 519, ""set_flags"": 0, ""runtime_index"": 47624, ""file_offset"": 18000, ""floor_field"": 7, ""entity_id_field"": 4425, ""group"": 0, ""room"": 6, ""unknown_a3"": 0, ""position"": [-132.2347412109375, -55.279998779296875, -31.2479248046875], ""angles"": [0, 45056, 0], ""params"": [1.0, 1.0, 1.0, 99, 0, 0], ""unused_pointer"": 9235840}"
seasonal-ep2/q207-bb-j,7,55,"{""base_type"": 519, ""set_flags"": 0, ""runtime_index"": 47368, ""file_offset"": 18068, ""floor_field"": 7, ""entity_id_field"": 3657, ""group"": 0, ""room"": 6, ""unknown_a3"": 0, ""position"": [-107.02999877929688, -55.279998779296875, -59.669921875], ""angles"": [0, 36864, 0], ""params"": [1.0, 1.0, 1.0, 99, 0, 0], ""unused_pointer"": 1620045184}"
seasonal-ep2/q207-bb-j,7,59,"{""base_type"": 519, ""set_flags"": 0, ""runtime_index"": 49672, ""file_offset"": 18340, ""floor_field"": 7, ""entity_id_field"": 14921, ""group"": 0, ""room"": 6, ""unknown_a3"": 0, ""position"": [-124.11189270019531, -43.709999084472656, -49.9862060546875], ""angles"": [0, 9216, 0], ""params"": [1.0, 1.0, 1.0, 99, 0, 0], ""unused_pointer"": 548728448}"
seasonal-ep2/q207-bb-j,7,105,"{""base_type"": 519, ""set_flags"": 0, ""runtime_index"": 24328, ""file_offset"": 21468, ""floor_field"": 7, ""entity_id_field"": 53064, ""group"": 0, ""room"": 7, ""unknown_a3"": 0, ""position"": [855.635009765625, 29.011972427368164, -1296.972900390625], ""angles"": [0, 28672, 0], ""params"": [1.0, 1.0, 1.0, 99, 0, 0], ""unused_pointer"": 1352658304}"
seasonal-ep2/q207-bb-j,7,157,"{""base_type"": 519, ""set_flags"": 0, ""runtime_index"": 43784, ""file_offset"": 25004, ""floor_field"": 7, ""entity_id_field"": 3401, ""group"": 0, ""room"": 8, ""unknown_a3"": 0, ""position"": [-92.71450805664062, -66.9698486328125, -12.355224609375], ""angles"": [0, 45056, 0], ""params"": [1.0, 1.0, 1.0, 99, 0, 0], ""unused_pointer"": 1626140032}"
seasonal-ep2/q207-bb-j,7,162,"{""base_type"": 519, ""set_flags"": 0, ""runtime_index"": 46344, ""file_offset"": 25344, ""floor_field"": 7, ""entity_id_field"": 4681, ""group"": 0, ""room"": 8, ""unknown_a3"": 0, ""position"": [-202.77154541015625, -66.9698486328125, 46.33843994140625], ""angles"": [0, 53248, 0], ""params"": [1.0, 1.0, 1.0, 99, 0, 0], ""unused_pointer"": 1089924480}"
seasonal-ep2/q207-bb-j,7,176,"{""base_type"": 519, ""set_flags"": 0, ""runtime_index"": 23560, ""file_offset"": 26296, ""floor_field"": 7, ""entity_id_field"": 8521, ""group"": 0, ""room"": 8, ""unknown_a3"": 0, ""position"": [127.61618041992188, -66.9698486328125, -50.32745361328125], ""angles"": [0, 12288, 0], ""params"": [1.0, 1.0, 1.0, 99, 0, 0], ""unused_pointer"": 2953768576}"
seasonal-ep2/q207-bb-j,8,12,"{""base_type"": 519, ""set_flags"": 2048, ""runtime_index"": 35588, ""file_offset"": 27196, ""floor_field"": 8, ""entity_id_field"": 19785, ""group"": 0, ""room"": 2, ""unknown_a3"": 0, ""position"": [-17.1099853515625, -128.61000061035156, 116.969970703125], ""angles"": [0, 32768, 0], ""params"": [1.0, 1.0, 1.0, 103, 0, 0], ""unused_pointer"": 2694835584}"
seasonal-ep2/q207-bb-j,8,13,"{""base_type"": 519, ""set_flags"": 2048, ""runtime_index"": 35844, ""file_offset"": 27264, ""floor_field"": 8, ""entity_id_field"": 20041, ""group"": 0, ""room"": 2, ""unknown_a3"": 0, ""position"": [-40.0, -128.0, 120.0], ""angles"": [0, 0, 0], ""params"": [1.0, 1.0, 1.0, 103, 0, 0], ""unused_pointer"": 10743168}"
seasonal-ep2/q207-bb-j,8,24,"{""base_type"": 519, ""set_flags"": 2048, ""runtime_index"": 39172, ""file_offset"": 28012, ""floor_field"": 8, ""entity_id_field"": 23113, ""group"": 0, ""room"": 2, ""unknown_a3"": 0, ""position"": [-27.1099853515625, -118.61000061035156, 116.969970703125], ""angles"": [0, 32768, 0], ""params"": [1.0, 1.0, 1.0, 103, 0, 0], ""unused_pointer"": 2160979328}"
seasonal-ep2/q207-bb-j,8,25,"{""base_type"": 519, ""set_flags"": 2048, ""runtime_index"": 33032, ""file_offset"": 28080, ""floor_field"": 8, ""entity_id_field"": 23369, ""group"": 0, ""room"": 2, ""unknown_a3"": 0, ""position"": [-20.0, -128.61000061035156, 125.0], ""angles"": [0, 32768, 0], ""params"": [1.0, 1.0, 1.0, 103, 0, 0], ""unused_pointer"": 1624370560}"
seasonal-ep2/q207-bb-j,8,26,"{""base_type"": 519, ""set_flags"": 2048, ""runtime_index"": 33544, ""file_offset"": 28148, ""floor_field"": 8, ""entity_id_field"": 23625, ""group"": 0, ""room"": 2, ""unknown_a3"": 0, ""position"": [-39.0, -128.61000061035156, 125.0], ""angles"": [0, 0, 0], ""params"": [1.0, 1.0, 1.0, 103, 0, 0], ""unused_pointer"": 1087761792}"
seasonal-ep2/q207-bb-j,8,27,"{""base_type"": 519, ""set_flags"": 2048, ""runtime_index"": 33800, ""file_offset"": 28216, ""floor_field"": 8, ""entity_id_field"": 23881, ""group"": 0, ""room"": 2, ""unknown_a3"": 0, ""position"": [-39.0, -128.61000061035156, 130.0], ""angles"": [0, 36864, 0], ""params"": [1.0, 1.0, 1.0, 103, 0, 0], ""unused_pointer"": 551153024}"
seasonal-ep2/q207-bb-j,8,28,"{""base_type"": 519, ""set_flags"": 2048, ""runtime_index"": 33288, ""file_offset"": 28284, ""floor_field"": 8, ""entity_id_field"": 24137, ""group"": 0, ""room"": 2, ""unknown_a3"": 0, ""position"": [-20.0, -129.0, 122.0], ""angles"": [0, 32768, 0], ""params"": [1.0, 1.0, 1.0, 103, 0, 0], ""unused_pointer"": 14544256}"
seasonal-ep2/q207-bb-j,8,41,"{""base_type"": 519, ""set_flags"": 512, ""runtime_index"": 47620, ""file_offset"": 29168, ""floor_field"": 8, ""entity_id_field"": 22345, ""group"": 0, ""room"": 3, ""unknown_a3"": 0, ""position"": [304.0, 0.0, -96.0], ""angles"": [0, 16384, 0], ""params"": [1.0, 1.0, 1.0, 7, 0, 0], ""unused_pointer"": 3763924352}"
seasonal-ep2/q207-bb-j,8,42,"{""base_type"": 519, ""set_flags"": 512, ""runtime_index"": 47876, ""file_offset"": 29236, ""floor_field"": 8, ""entity_id_field"": 22601, ""group"": 0, ""room"": 3, ""unknown_a3"": 0, ""position"": [304.0, 0.0, -73.0], ""angles"": [0, 49152, 0], ""params"": [1.0, 1.0, 1.0, 7, 0, 0], ""unused_pointer"": 2153573760}"
seasonal-ep2/q207-bb-j,8,43,"{""base_type"": 519, ""set_flags"": 512, ""runtime_index"": 48132, ""file_offset"": 29304, ""floor_field"": 8, ""entity_id_field"": 22857, ""group"": 0, ""room"": 3, ""unknown_a3"": 0, ""position"": [304.0, 0.0, -53.0], ""angles"": [0, 16384, 0], ""params"": [1.0, 1.0, 1.0, 7, 0, 0], ""unused_pointer"": 1616964992}"
seasonal-ep2/q207-bb-j,8,62,"{""base_type"": 519, ""set_flags"": 512, ""runtime_index"": 64260, ""file_offset"": 30596, ""floor_field"": 8, ""entity_id_field"": 52296, ""group"": 0, ""room"": 4, ""unknown_a3"": 0, ""position"": [88.3800048828125, 0.8799999952316284, -197.77001953125], ""angles"": [0, 53248, 0], ""params"": [1.0, 1.0, 1.0, 11, 0, 0], ""unused_pointer"": 1082125696}"
seasonal-ep2/q207-bb-j,8,63,"{""base_type"": 519, ""set_flags"": 512, ""runtime_index"": 64516, ""file_offset"": 30664, ""floor_field"": 8, ""entity_id_field"": 52552, ""group"": 0, ""room"": 4, ""unknown_a3"": 0, ""position"": [84.3800048828125, 0.07605868577957153, -219.77001953125], ""angles"": [0, 81920, 0], ""params"": [1.0, 1.0, 1.0, 11, 0, 0], ""unused_pointer"": 545516928}"
seasonal-ep2/q207-bb-j,8,64,"{""base_type"": 519, ""set_flags"": 512, ""runtime_index"": 64772, ""file_offset"": 30732, ""floor_field"": 8, ""entity_id_field"": 52808, ""group"": 0, ""room"": 4, ""unknown_a3"": 0, ""position"": [76.3800048828125, -0.00014153867959976196, -240.77001953125], ""angles"": [0, 86016, 0], ""params"": [1.0, 1.0, 1.0, 11, 0, 0], ""unused_pointer"": 8908160}"
seasonal-ep2/q207-bb-j,8,67,"{""base_type"": 519, ""set_flags"": 0, ""runtime_index"": 23048, ""file_offset"": 30936, ""floor_field"": 8, ""entity_id_field"": 53576, ""group"": 0, ""room"": 4, ""unknown_a3"": 0, ""position"": [-171.33999633789062, -1.5199999809265137, -165.80999755859375], ""angles"": [0, 81920, 0], ""params"": [1.0, 1.0, 1.0, 99, 0, 0], ""unused_pointer"": 1351609728}"
seasonal-ep2/q207-bb-j,8,93,"{""base_type"": 519, ""set_flags"": 512, ""runtime_index"": 8453, ""file_offset"": 32704, ""floor_field"": 8, ""entity_id_field"": 8517, ""group"": 0, ""room"": 8, ""unknown_a3"": 0, ""position"": [-67.3311767578125, 0.0, -338.91839599609375], ""angles"": [0, 0, 0], ""params"": [1.0, 1.0, 1.0, 13, 0, 0], ""unused_pointer"": 1352003200}"
seasonal-ep2/q207-bb-j,8,94,"{""base_type"": 519, ""set_flags"": 512, ""runtime_index"": 8709, ""file_offset"": 32772, ""floor_field"": 8, ""entity_id_field"": 8773, ""group"": 0, ""room"": 8, ""unknown_a3"": 0, ""position"": [-87.33001708984375, 0.0, -338.9200439453125], ""angles"": [0, 28672, 0], ""params"": [1.0, 1.0, 1.0, 13, 0, 0], ""unused_pointer"": 815394432}"
seasonal-ep2/q207-bb-j,8,96,"{""base_type"": 519, ""set_flags"": 512, ""runtime_index"": 9221, ""file_offset"": 32908, ""floor_field"": 8, ""entity_id_field"": 9285, ""group"": 0, ""room"": 8, ""unknown_a3"": 0, ""position"": [-91.92889404296875, -2.09808349609375e-05, -202.29449462890625], ""angles"": [0, 28672, 0], ""params"": [1.0, 1.0, 1.0, 14, 0, 0], ""unused_pointer"": 3231575680}"
seasonal-ep2/q207-bb-j,8,97,"{""base_type"": 519, ""set_flags"": 512, ""runtime_index"": 9477, ""file_offset"": 32976, ""floor_field"": 8, ""entity_id_field"": 9541, ""group"": 0, ""room"": 8, ""unknown_a3"": 0, ""position"": [-113.48040771484375, 6.52309536235407e-05, -220.64776611328125], ""angles"": [0, 57344, 0], ""params"": [1.0, 1.0, 1.0, 14, 0, 0], ""unused_pointer"": 2694966912}"
seasonal-ep2/q207-bb-j,8,188,"{""base_type"": 519, ""set_flags"": 0, ""runtime_index"": 30216, ""file_offset"": 39164, ""floor_field"": 8, ""entity_id_field"": 46921, ""group"": 0, ""room"": 9, ""unknown_a3"": 0, ""position"": [-851.3641357421875, -8.272980690002441, -599.1362915039062], ""angles"": [0, 0, 0], ""params"": [1.0, 1.0, 1.0, 99, 0, 0], ""unused_pointer"": 3769101696}"
seasonal-ep2/q207-bb-j,8,189,"{""base_type"": 519, ""set_flags"": 0, ""runtime_index"": 24840, ""file_offset"": 39232, ""floor_field"": 8, ""entity_id_field"": 47177, ""group"": 0, ""room"": 9, ""unknown_a3"": 0, ""position"": [-1021.0934448242188, -42.21906280517578, -671.3104858398438], ""angles"": [0, -36864, 0], ""params"": [1.0, 1.0, 1.0, 99, 0, 0], ""unused_pointer"": 1353313664}"
seasonal-ep2/q207-bb-j,8,244,"{""base_type"": 519, ""set_flags"": 0, ""runtime_index"": 27656, ""file_offset"": 42972, ""floor_field"": 8, ""entity_id_field"": 28746, ""group"": 0, ""room"": 10, ""unknown_a3"": 0, ""position"": [-228.76438903808594, -120.93436431884766, 75.24688720703125], ""angles"": [0, 18688, 0], ""params"": [1.0, 1.0, 1.0, 103, 0, 0], ""unused_pointer"": 2958945664}"
seasonal-ep2/q207-bb-j,9,142,"{""base_type"": 519, ""set_flags"": 512, ""runtime_index"": 49925, ""file_offset"": 53392, ""floor_field"": 9, ""entity_id_field"": 62541, ""group"": 0, ""room"": 3, ""unknown_a3"": 0, ""position"": [-706.0, 9.091863632202148, -327.0], ""angles"": [0, 8192, 0], ""params"": [1.0, 1.0, 1.0, 2, 0, 0], ""unused_pointer"": 805432960}"
seasonal-ep2/q207-bb-j,9,143,"{""base_type"": 519, ""set_flags"": 512, ""runtime_index"": 50181, ""file_offset"": 53460, ""floor_field"": 9, ""entity_id_field"": 62797, ""group"": 0, ""room"": 3, ""unknown_a3"": 0, ""position"": [-689.0, 9.09000015258789, -345.0], ""angles"": [0, 40960, 0], ""params"": [1.0, 1.0, 1.0, 2, 0, 0], ""unused_pointer"": 268824192}"
seasonal-ep2/q207-bb-j,9,144,"{""base_type"": 519, ""set_flags"": 512, ""runtime_index"": 50437, ""file_offset"": 53528, ""floor_field"": 9, ""entity_id_field"": 63053, ""group"": 0, ""room"": 3, ""unknown_a3"": 0, ""position"": [-686.0, 15.0, -350.0], ""angles"": [0, 8192, 0], ""params"": [1.0, 1.0, 1.0, 2, 0, 0], ""unused_pointer"": 4027117184}"
seasonal-ep2/q207-bb-j,9,156,"{""base_type"": 519, ""set_flags"": 2048, ""runtime_index"": 23816, ""file_offset"": 54344, ""floor_field"": 9, ""entity_id_field"": 48712, ""group"": 0, ""room"": 6, ""unknown_a3"": 0, ""position"": [-37.0792236328125, 10.0, 244.218994140625], ""angles"": [0, -12288, 0], ""params"": [1.0, 1.0, 1.0, 101, 0, 0], ""unused_pointer"": 275705216}"
seasonal-ep2/q207-bb-j,9,157,"{""base_type"": 519, ""set_flags"": 2048, ""runtime_index"": 24328, ""file_offset"": 54412, ""floor_field"": 9, ""entity_id_field"": 48968, ""group"": 0, ""room"": 6, ""unknown_a3"": 0, ""position"": [-33.44189453125, 5.336250305175781, 231.3330841064453], ""angles"": [0, -12288, 0], ""params"": [1.0, 1.0, 1.0, 101, 0, 0], ""unused_pointer"": 2154818944}"
seasonal-ep2/q207-bb-j,9,159,"{""base_type"": 519, ""set_flags"": 2048, ""runtime_index"": 24584, ""file_offset"": 54548, ""floor_field"": 9, ""entity_id_field"": 49480, ""group"": 0, ""room"": 6, ""unknown_a3"": 0, ""position"": [-24.0177001953125, 9.779999732971191, 258.17803955078125], ""angles"": [0, 24576, 0], ""params"": [1.0, 1.0, 1.0, 101, 0, 0], ""unused_pointer"": 3766873472}"
seasonal-ep2/q207-bb-j,9,172,"{""base_type"": 519, ""set_flags"": 0, ""runtime_index"": 45064, ""file_offset"": 55432, ""floor_field"": 9, ""entity_id_field"": 53320, ""group"": 0, ""room"": 6, ""unknown_a3"": 0, ""position"": [-178.9361572265625, 171.0, 415.18292236328125], ""angles"": [0, 24576, 0], ""params"": [1.0, 1.0, 1.0, 0, 0, 0], ""unused_pointer"": 1889725824}"
seasonal-ep2/q207-bb-j,9,201,"{""base_type"": 519, ""set_flags"": 0, ""runtime_index"": 51720, ""file_offset"": 57404, ""floor_field"": 9, ""entity_id_field"": 47689, ""group"": 0, ""room"": 13, ""unknown_a3"": 0, ""position"": [-34.312744140625, 10.0, 36.24105453491211], ""angles"": [0, 28672, 0], ""params"": [1.0, 1.0, 1.0, 99, 0, 0], ""unused_pointer"": 1625550208}"
seasonal-ep2/q207-bb-j,9,207,"{""base_type"": 519, ""set_flags"": 0, ""runtime_index"": 51464, ""file_offset"": 57812, ""floor_field"": 9, ""entity_id_field"": 47177, ""group"": 0, ""room"": 13, ""unknown_a3"": 0, ""position"": [-56.760009765625, 10.0, 12.24383544921875], ""angles"": [0, -12288, 0], ""params"": [1.0, 1.0, 1.0, 99, 0, 0], ""unused_pointer"": 1625943424}"
seasonal-ep2/q207-bb-j,9,210,"{""base_type"": 519, ""set_flags"": 0, ""runtime_index"": 54280, ""file_offset"": 58016, ""floor_field"": 9, ""entity_id_field"": 55625, ""group"": 0, ""room"": 13, ""unknown_a3"": 0, ""position"": [-47.55908203125, 23.987224578857422, 23.858238220214844], ""angles"": [0, -8192, 0], ""params"": [1.0, 1.0, 1.0, 99, 0, 0], ""unused_pointer"": 3758485120}"
seasonal-ep2/q240-bb-e,8,13,"{""base_type"": 519, ""set_flags"": 8, ""runtime_index"": 2026, ""file_offset"": 4248, ""floor_field"": 8, ""entity_id_field"": 18531, ""group"": 0, ""room"": 2, ""unknown_a3"": 0, ""position"": [4.372344970703125, -127.88788604736328, 120.56048583984375], ""angles"": [0, 0, 0], ""params"": [1.0, 1.0, 1.0, 100, 0, 0], ""unused_pointer"": 209008608}"
seasonal-ep2/q240-bb-e,8,14,"{""base_type"": 519, ""set_flags"": 8, ""runtime_index"": 2027, ""file_offset"": 4316, ""floor_field"": 8, ""entity_id_field"": 18532, ""group"": 0, ""room"": 2, ""unknown_a3"": 0, ""position"": [-6.6929931640625, -134.9712677001953, 123.48736572265625], ""angles"": [0, 28672, 0], ""params"": [1.0, 1.0, 1.0, 100, 0, 0], ""unused_pointer"": 209033344}"
seasonal-ep2/q240-bb-e,8,15,"{""base_type"": 519, ""set_flags"": 8, ""runtime_index"": 2025, ""file_offset"": 4384, ""floor_field"": 8, ""entity_id_field"": 18533, ""group"": 0, ""room"": 2, ""unknown_a3"": 0, ""position"": [-40.025238037109375, -131.2025146484375, 125.9332275390625], ""angles"": [0, 32768, 0], ""params"": [1.0, 1.0, 1.0, 100, 0, 0], ""unused_pointer"": 209034208}"
seasonal-ep2/q240-bb-e,8,16,"{""base_type"": 519, ""set_flags"": 8, ""runtime_index"": 2029, ""file_offset"": 4452, ""floor_field"": 8, ""entity_id_field"": 18534, ""group"": 0, ""room"": 2, ""unknown_a3"": 0, ""position"": [-19.6424560546875, -131.61500549316406, 124.4388427734375], ""angles"": [0, 0, 0], ""params"": [1.0, 1.0, 1.0, 100, 0, 0], ""unused_pointer"": 209035072}"
seasonal-ep2/q240-bb-e,8,27,"{""base_type"": 519, ""set_flags"": 0, ""runtime_index"": 2278, ""file_offset"": 5200, ""floor_field"": 8, ""entity_id_field"": 18602, ""group"": 0, ""room"": 3, ""unknown_a3"": 0, ""position"": [27.62225341796875, -53.27952194213867, 101.8250732421875], ""angles"": [0, 53248, 0], ""params"": [1.0, 1.0, 1.0, 103, 0, 0], ""unused_pointer"": 74921952}"
seasonal-ep2/q240-bb-e,8,34,"{""base_type"": 519, ""set_flags"": 0, ""runtime_index"": 2277, ""file_offset"": 5676, ""floor_field"": 8, ""entity_id_field"": 18609, ""group"": 0, ""room"": 3, ""unknown_a3"": 0, ""position"": [29.01366424560547, -55.347259521484375, 50.90350341796875], ""angles"": [0, 81920, 0], ""params"": [1.0, 1.0, 1.0, 103, 0, 0], ""unused_pointer"": 74948160}"
seasonal-ep2/q240-bb-e,8,35,"{""base_type"": 519, ""set_flags"": 0, ""runtime_index"": 2281, ""file_offset"": 5744, ""floor_field"": 8, ""entity_id_field"": 18610, ""group"": 0, ""room"": 3, ""unknown_a3"": 0, ""position"": [28.10051727294922, -51.44881057739258, 82.557373046875], ""angles"": [0, 81920, 0], ""params"": [1.0, 1.0, 1.0, 103, 0, 0], ""unused_pointer"": 74949024}"
seasonal-ep2/q240-bb-e,8,47,"{""base_type"": 519, ""set_flags"": 0, ""runtime_index"": 2280, ""file_offset"": 6560, ""floor_field"": 8, ""entity_id_field"": 18622, ""group"": 0, ""room"": 3, ""unknown_a3"": 0, ""position"": [26.334190368652344, -61.89256286621094, 69.10394287109375], ""angles"": [0, 73728, 0], ""params"": [1.0, 1.0, 1.0, 103, 0, 0], ""unused_pointer"": 74955040}"
seasonal-ep2/q240-bb-e,8,90,"{""base_type"": 519, ""set_flags"": 0, ""runtime_index"": 2163, ""file_offset"": 9484, ""floor_field"": 8, ""entity_id_field"": 19031, ""group"": 0, ""room"": 4, ""unknown_a3"": 0, ""position"": [-102.2342529296875, 0.0, 152.78118896484375], ""angles"": [0, 16384, 0], ""params"": [1.0, 1.0, 1.0, 102, 0, 0], ""unused_pointer"": 73839312}"
seasonal-ep2/q240-bb-e,8,92,"{""base_type"": 519, ""set_flags"": 0, ""runtime_index"": 2162, ""file_offset"": 9620, ""floor_field"": 8, ""entity_id_field"": 19033, ""group"": 0, ""room"": 4, ""unknown_a3"": 0, ""position"": [-105.32424926757812, -8.274999618530273, 131.19586181640625], ""angles"": [0, 53248, 0], ""params"": [1.0, 1.0, 1.0, 102, 0, 0], ""unused_pointer"": 73840416}"
seasonal-ep2/q240-bb-e,8,93,"{""base_type"": 519, ""set_flags"": 0, ""runtime_index"": 2164, ""file_offset"": 9688, ""floor_field"": 8, ""entity_id_field"": 19034, ""group"": 0, ""room"": 4, ""unknown_a3"": 0, ""position"": [-103.27340698242188, -2.06874942779541, 173.98004150390625], ""angles"": [0, 77824, 0], ""params"": [1.0, 1.0, 1.0, 102, 0, 0], ""unused_pointer"": 73841280}"
seasonal-ep2/q240-bb-e,8,99,"{""base_type"": 519, ""set_flags"": 0, ""runtime_index"": 2156, ""file_offset"": 10096, ""floor_field"": 8, ""entity_id_field"": 19040, ""group"": 0, ""room"": 4, ""unknown_a3"": 0, ""position"": [80.82025146484375, 0.0, 133.0968017578125], ""angles"": [0, 8192, 0], ""params"": [1.0, 1.0, 1.0, 0, 0, 0], ""unused_pointer"": 73844400}"
seasonal-ep2/q240-bb-e,8,112,"{""base_type"": 519, ""set_flags"": 8, ""runtime_index"": 2123, ""file_offset"": 10980, ""floor_field"": 8, ""entity_id_field"": 18543, ""group"": 0, ""room"": 10, ""unknown_a3"": 0, ""position"": [76.76136779785156, -66.0525894165039, -26.22003173828125], ""angles"": [0, 20480, 0], ""params"": [1.0, 1.0, 1.0, 101, 0, 0], ""unused_pointer"": 74882112}"
seasonal-ep2/q240-bb-e,8,117,"{""base_type"": 519, ""set_flags"": 0, ""runtime_index"": 2200, ""file_offset"": 11320, ""floor_field"": 8, ""entity_id_field"": 18548, ""group"": 0, ""room"": 10, ""unknown_a3"": 0, ""position"": [70.17410278320312, -62.0099983215332, -23.7611083984375], ""angles"": [0, 20480, 0], ""params"": [1.0, 1.0, 1.0, 101, 0, 0], ""unused_pointer"": 74884000}"
seasonal-ep2/q240-bb-j,8,13,"{""base_type"": 519, ""set_flags"": 8, ""runtime_index"": 2026, ""file_offset"": 4248, ""floor_field"": 8, ""entity_id_field"": 18531, ""group"": 0, ""room"": 2, ""unknown_a3"": 0, ""position"": [4.372344970703125, -127.88788604736328, 120.56048583984375], ""angles"": [0, 0, 0], ""params"": [1.0, 1.0, 1.0, 100, 0, 0], ""unused_pointer"": 209008608}"
seasonal-ep2/q240-bb-j,8,14,"{""base_type"": 519, ""set_flags"": 8, ""runtime_index"": 2027, ""file_offset"": 4316, ""floor_field"": 8, ""entity_id_field"": 18532, ""group"": 0, ""room"": 2, ""unknown_a3"": 0, ""position"": [-6.6929931640625, -134.9712677001953, 123.48736572265625], ""angles"": [0, 28672, 0], ""params"": [1.0, 1.0, 1.0, 100, 0, 0], ""unused_pointer"": 209033344}"
seasonal-ep2/q240-bb-j,8,15,"{""base_type"": 519, ""set_flags"": 8, ""runtime_index"": 2025, ""file_offset"": 4384, ""floor_field"": 8, ""entity_id_field"": 18533, ""group"": 0, ""room"": 2, ""unknown_a3"": 0, ""position"": [-40.025238037109375, -131.2025146484375, 125.9332275390625], ""angles"": [0, 32768, 0], ""params"": [1.0, 1.0, 1.0, 100, 0, 0], ""unused_pointer"": 209034208}"
seasonal-ep2/q240-bb-j,8,16,"{""base_type"": 519, ""set_flags"": 8, ""runtime_index"": 2029, ""file_offset"": 4452, ""floor_field"": 8, ""entity_id_field"": 18534, ""group"": 0, ""room"": 2, ""unknown_a3"": 0, ""position"": [-19.6424560546875, -131.61500549316406, 124.4388427734375], ""angles"": [0, 0, 0], ""params"": [1.0, 1.0, 1.0, 100, 0, 0], ""unused_pointer"": 209035072}"
seasonal-ep2/q240-bb-j,8,27,"{""base_type"": 519, ""set_flags"": 0, ""runtime_index"": 2278, ""file_offset"": 5200, ""floor_field"": 8, ""entity_id_field"": 18602, ""group"": 0, ""room"": 3, ""unknown_a3"": 0, ""position"": [27.62225341796875, -53.27952194213867, 101.8250732421875], ""angles"": [0, 53248, 0], ""params"": [1.0, 1.0, 1.0, 103, 0, 0], ""unused_pointer"": 74921952}"
seasonal-ep2/q240-bb-j,8,34,"{""base_type"": 519, ""set_flags"": 0, ""runtime_index"": 2277, ""file_offset"": 5676, ""floor_field"": 8, ""entity_id_field"": 18609, ""group"": 0, ""room"": 3, ""unknown_a3"": 0, ""position"": [29.01366424560547, -55.347259521484375, 50.90350341796875], ""angles"": [0, 81920, 0], ""params"": [1.0, 1.0, 1.0, 103, 0, 0], ""unused_pointer"": 74948160}"
seasonal-ep2/q240-bb-j,8,35,"{""base_type"": 519, ""set_flags"": 0, ""runtime_index"": 2281, ""file_offset"": 5744, ""floor_field"": 8, ""entity_id_field"": 18610, ""group"": 0, ""room"": 3, ""unknown_a3"": 0, ""position"": [28.10051727294922, -51.44881057739258, 82.557373046875], ""angles"": [0, 81920, 0], ""params"": [1.0, 1.0, 1.0, 103, 0, 0], ""unused_pointer"": 74949024}"
seasonal-ep2/q240-bb-j,8,47,"{""base_type"": 519, ""set_flags"": 0, ""runtime_index"": 2280, ""file_offset"": 6560, ""floor_field"": 8, ""entity_id_field"": 18622, ""group"": 0, ""room"": 3, ""unknown_a3"": 0, ""position"": [26.334190368652344, -61.89256286621094, 69.10394287109375], ""angles"": [0, 73728, 0], ""params"": [1.0, 1.0, 1.0, 103, 0, 0], ""unused_pointer"": 74955040}"
seasonal-ep2/q240-bb-j,8,90,"{""base_type"": 519, ""set_flags"": 0, ""runtime_index"": 2163, ""file_offset"": 9484, ""floor_field"": 8, ""entity_id_field"": 19031, ""group"": 0, ""room"": 4, ""unknown_a3"": 0, ""position"": [-102.2342529296875, 0.0, 152.78118896484375], ""angles"": [0, 16384, 0], ""params"": [1.0, 1.0, 1.0, 102, 0, 0], ""unused_pointer"": 73839312}"
seasonal-ep2/q240-bb-j,8,92,"{""base_type"": 519, ""set_flags"": 0, ""runtime_index"": 2162, ""file_offset"": 9620, ""floor_field"": 8, ""entity_id_field"": 19033, ""group"": 0, ""room"": 4, ""unknown_a3"": 0, ""position"": [-105.32424926757812, -8.274999618530273, 131.19586181640625], ""angles"": [0, 53248, 0], ""params"": [1.0, 1.0, 1.0, 102, 0, 0], ""unused_pointer"": 73840416}"
seasonal-ep2/q240-bb-j,8,93,"{""base_type"": 519, ""set_flags"": 0, ""runtime_index"": 2164, ""file_offset"": 9688, ""floor_field"": 8, ""entity_id_field"": 19034, ""group"": 0, ""room"": 4, ""unknown_a3"": 0, ""position"": [-103.27340698242188, -2.06874942779541, 173.98004150390625], ""angles"": [0, 77824, 0], ""params"": [1.0, 1.0, 1.0, 102, 0, 0], ""unused_pointer"": 73841280}"
seasonal-ep2/q240-bb-j,8,99,"{""base_type"": 519, ""set_flags"": 0, ""runtime_index"": 2156, ""file_offset"": 10096, ""floor_field"": 8, ""entity_id_field"": 19040, ""group"": 0, ""room"": 4, ""unknown_a3"": 0, ""position"": [80.82025146484375, 0.0, 133.0968017578125], ""angles"": [0, 8192, 0], ""params"": [1.0, 1.0, 1.0, 0, 0, 0], ""unused_pointer"": 73844400}"
seasonal-ep2/q240-bb-j,8,112,"{""base_type"": 519, ""set_flags"": 8, ""runtime_index"": 2123, ""file_offset"": 10980, ""floor_field"": 8, ""entity_id_field"": 18543, ""group"": 0, ""room"": 10, ""unknown_a3"": 0, ""position"": [76.76136779785156, -66.0525894165039, -26.22003173828125], ""angles"": [0, 20480, 0], ""params"": [1.0, 1.0, 1.0, 101, 0, 0], ""unused_pointer"": 74882112}"
seasonal-ep2/q240-bb-j,8,117,"{""base_type"": 519, ""set_flags"": 0, ""runtime_index"": 2200, ""file_offset"": 11320, ""floor_field"": 8, ""entity_id_field"": 18548, ""group"": 0, ""room"": 10, ""unknown_a3"": 0, ""position"": [70.17410278320312, -62.0099983215332, -23.7611083984375], ""angles"": [0, 20480, 0], ""params"": [1.0, 1.0, 1.0, 101, 0, 0], ""unused_pointer"": 74884000}"
shops-ep2/q44-bb-e,5,49,"{""base_type"": 519, ""set_flags"": 2048, ""runtime_index"": 26376, ""file_offset"": 9416, ""floor_field"": 5, ""entity_id_field"": 45384, ""group"": 0, ""room"": 5, ""unknown_a3"": 0, ""position"": [-159.80999755859375, 50.0, -70.1500244140625], ""angles"": [0, 8192, 0], ""params"": [1.0, 1.0, 1.0, 5, 0, 0], ""unused_pointer"": 2153312128}"
shops-ep2/q44-bb-e,5,51,"{""base_type"": 519, ""set_flags"": 2048, ""runtime_index"": 26120, ""file_offset"": 9552, ""floor_field"": 5, ""entity_id_field"": 45896, ""group"": 0, ""room"": 5, ""unknown_a3"": 0, ""position"": [-155.78997802734375, 50.0, -81.199462890625], ""angles"": [0, 12288, 0], ""params"": [1.0, 1.0, 1.0, 5, 0, 0], ""unused_pointer"": 2422075264}"
shops-ep2/q44-bb-e,5,52,"{""base_type"": 519, ""set_flags"": 2048, ""runtime_index"": 26632, ""file_offset"": 9620, ""floor_field"": 5, ""entity_id_field"": 46152, ""group"": 0, ""room"": 5, ""unknown_a3"": 0, ""position"": [-169.35321044921875, 50.0, -70.64642333984375], ""angles"": [0, 8192, 0], ""params"": [1.0, 1.0, 1.0, 5, 0, 0], ""unused_pointer"": 1885466496}"
shops-ep2/q44-bb-e,5,80,"{""base_type"": 519, ""set_flags"": 0, ""runtime_index"": 31496, ""file_offset"": 11524, ""floor_field"": 5, ""entity_id_field"": 47176, ""group"": 0, ""room"": 8, ""unknown_a3"": 0, ""position"": [-140.97000122070312, 0.0, -27.280029296875], ""angles"": [0, 12288, 0], ""params"": [1.0, 1.0, 1.0, 99, 0, 0], ""unused_pointer"": 1617031040}"
shops-ep2/q44-bb-e,5,87,"{""base_type"": 519, ""set_flags"": 0, ""runtime_index"": 32264, ""file_offset"": 12000, ""floor_field"": 5, ""entity_id_field"": 48968, ""group"": 0, ""room"": 8, ""unknown_a3"": 0, ""position"": [-39.34698486328125, 0.0, -2.52130126953125], ""angles"": [0, 24576, 0], ""params"": [1.0, 1.0, 1.0, 99, 0, 0], ""unused_pointer"": 548269952}"
shops-ep2/q44-bb-e,5,124,"{""base_type"": 519, ""set_flags"": 0, ""runtime_index"": 44808, ""file_offset"": 14516, ""floor_field"": 5, ""entity_id_field"": 54088, ""group"": 0, ""room"": 9, ""unknown_a3"": 0, ""position"": [116.99163818359375, 0.0, -42.1571044921875], ""angles"": [0, 12288, 0], ""params"": [1.0, 1.0, 1.0, 99, 0, 0], ""unused_pointer"": 1879371904}"
shops-ep2/q44-bb-e,5,125,"{""base_type"": 519, ""set_flags"": 0, ""runtime_index"": 45064, ""file_offset"": 14584, ""floor_field"": 5, ""entity_id_field"": 54344, ""group"": 0, ""room"": 9, ""unknown_a3"": 0, ""position"": [-3.28631591796875, 0.0, 34.40753173828125], ""angles"": [0, 20480, 0], ""params"": [1.0, 1.0, 1.0, 99, 0, 0], ""unused_pointer"": 1342763136}"
shops-ep2/q44-bb-e,5,126,"{""base_type"": 519, ""set_flags"": 0, ""runtime_index"": 46344, ""file_offset"": 14652, ""floor_field"": 5, ""entity_id_field"": 54600, ""group"": 0, ""room"": 9, ""unknown_a3"": 0, ""position"": [-134.7213134765625, 0.0, 39.2601318359375], ""angles"": [0, 8192, 0], ""params"": [1.0, 1.0, 1.0, 99, 0, 0], ""unused_pointer"": 806154368}"
shops-ep2/q44-bb-e,5,127,"{""base_type"": 519, ""set_flags"": 0, ""runtime_index"": 46088, ""file_offset"": 14720, ""floor_field"": 5, ""entity_id_field"": 54856, ""group"": 0, ""room"": 9, ""unknown_a3"": 0, ""position"": [-107.17266845703125, 0.0, -47.4337158203125], ""angles"": [0, 0, 0], ""params"": [1.0, 1.0, 1.0, 99, 0, 0], ""unused_pointer"": 269545600}"
shops-ep2/q44-bb-j,5,49,"{""base_type"": 519, ""set_flags"": 2048, ""runtime_index"": 26376, ""file_offset"": 9416, ""floor_field"": 5, ""entity_id_field"": 45384, ""group"": 0, ""room"": 5, ""unknown_a3"": 0, ""position"": [-159.80999755859375, 50.0, -70.1500244140625], ""angles"": [0, 8192, 0], ""params"": [1.0, 1.0, 1.0, 5, 0, 0], ""unused_pointer"": 2153312128}"
shops-ep2/q44-bb-j,5,51,"{""base_type"": 519, ""set_flags"": 2048, ""runtime_index"": 26120, ""file_offset"": 9552, ""floor_field"": 5, ""entity_id_field"": 45896, ""group"": 0, ""room"": 5, ""unknown_a3"": 0, ""position"": [-155.78997802734375, 50.0, -81.199462890625], ""angles"": [0, 12288, 0], ""params"": [1.0, 1.0, 1.0, 5, 0, 0], ""unused_pointer"": 2422075264}"
shops-ep2/q44-bb-j,5,52,"{""base_type"": 519, ""set_flags"": 2048, ""runtime_index"": 26632, ""file_offset"": 9620, ""floor_field"": 5, ""entity_id_field"": 46152, ""group"": 0, ""room"": 5, ""unknown_a3"": 0, ""position"": [-169.35321044921875, 50.0, -70.64642333984375], ""angles"": [0, 8192, 0], ""params"": [1.0, 1.0, 1.0, 5, 0, 0], ""unused_pointer"": 1885466496}"
shops-ep2/q44-bb-j,5,80,"{""base_type"": 519, ""set_flags"": 0, ""runtime_index"": 31496, ""file_offset"": 11524, ""floor_field"": 5, ""entity_id_field"": 47176, ""group"": 0, ""room"": 8, ""unknown_a3"": 0, ""position"": [-140.97000122070312, 0.0, -27.280029296875], ""angles"": [0, 12288, 0], ""params"": [1.0, 1.0, 1.0, 99, 0, 0], ""unused_pointer"": 1617031040}"
shops-ep2/q44-bb-j,5,87,"{""base_type"": 519, ""set_flags"": 0, ""runtime_index"": 32264, ""file_offset"": 12000, ""floor_field"": 5, ""entity_id_field"": 48968, ""group"": 0, ""room"": 8, ""unknown_a3"": 0, ""position"": [-39.34698486328125, 0.0, -2.52130126953125], ""angles"": [0, 24576, 0], ""params"": [1.0, 1.0, 1.0, 99, 0, 0], ""unused_pointer"": 548269952}"
shops-ep2/q44-bb-j,5,124,"{""base_type"": 519, ""set_flags"": 0, ""runtime_index"": 44808, ""file_offset"": 14516, ""floor_field"": 5, ""entity_id_field"": 54088, ""group"": 0, ""room"": 9, ""unknown_a3"": 0, ""position"": [116.99163818359375, 0.0, -42.1571044921875], ""angles"": [0, 12288, 0], ""params"": [1.0, 1.0, 1.0, 99, 0, 0], ""unused_pointer"": 1879371904}"
shops-ep2/q44-bb-j,5,125,"{""base_type"": 519, ""set_flags"": 0, ""runtime_index"": 45064, ""file_offset"": 14584, ""floor_field"": 5, ""entity_id_field"": 54344, ""group"": 0, ""room"": 9, ""unknown_a3"": 0, ""position"": [-3.28631591796875, 0.0, 34.40753173828125], ""angles"": [0, 20480, 0], ""params"": [1.0, 1.0, 1.0, 99, 0, 0], ""unused_pointer"": 1342763136}"
shops-ep2/q44-bb-j,5,126,"{""base_type"": 519, ""set_flags"": 0, ""runtime_index"": 46344, ""file_offset"": 14652, ""floor_field"": 5, ""entity_id_field"": 54600, ""group"": 0, ""room"": 9, ""unknown_a3"": 0, ""position"": [-134.7213134765625, 0.0, 39.2601318359375], ""angles"": [0, 8192, 0], ""params"": [1.0, 1.0, 1.0, 99, 0, 0], ""unused_pointer"": 806154368}"
shops-ep2/q44-bb-j,5,127,"{""base_type"": 519, ""set_flags"": 0, ""runtime_index"": 46088, ""file_offset"": 14720, ""floor_field"": 5, ""entity_id_field"": 54856, ""group"": 0, ""room"": 9, ""unknown_a3"": 0, ""position"": [-107.17266845703125, 0.0, -47.4337158203125], ""angles"": [0, 0, 0], ""params"": [1.0, 1.0, 1.0, 99, 0, 0], ""unused_pointer"": 269545600}"
shops-ep2/q219-bb-e,5,49,"{""base_type"": 519, ""set_flags"": 0, ""runtime_index"": 137, ""file_offset"": 9348, ""floor_field"": 5, ""entity_id_field"": 16521, ""group"": 0, ""room"": 5, ""unknown_a3"": 0, ""position"": [-159.80999755859375, 50.0, -70.1500244140625], ""angles"": [0, 8192, 0], ""params"": [1.0, 1.0, 1.0, 5, 0, 0], ""unused_pointer"": 2153312128}"
shops-ep2/q219-bb-e,5,51,"{""base_type"": 519, ""set_flags"": 0, ""runtime_index"": 139, ""file_offset"": 9484, ""floor_field"": 5, ""entity_id_field"": 16523, ""group"": 0, ""room"": 5, ""unknown_a3"": 0, ""position"": [-155.78997802734375, 50.0, -81.199462890625], ""angles"": [0, 12288, 0], ""params"": [1.0, 1.0, 1.0, 5, 0, 0], ""unused_pointer"": 2422075264}"
shops-ep2/q219-bb-e,5,52,"{""base_type"": 519, ""set_flags"": 0, ""runtime_index"": 140, ""file_offset"": 9552, ""floor_field"": 5, ""entity_id_field"": 16524, ""group"": 0, ""room"": 5, ""unknown_a3"": 0, ""position"": [-169.35321044921875, 50.0, -70.64642333984375], ""angles"": [0, 8192, 0], ""params"": [1.0, 1.0, 1.0, 5, 0, 0], ""unused_pointer"": 1885466496}"
shops-ep2/q219-bb-e,5,80,"{""base_type"": 519, ""set_flags"": 0, ""runtime_index"": 168, ""file_offset"": 11456, ""floor_field"": 5, ""entity_id_field"": 16552, ""group"": 0, ""room"": 8, ""unknown_a3"": 0, ""position"": [-140.97000122070312, 0.0, -27.280029296875], ""angles"": [0, 12288, 0], ""params"": [1.0, 1.0, 1.0, 99, 0, 0], ""unused_pointer"": 1617031040}"
shops-ep2/q219-bb-e,5,87,"{""base_type"": 519, ""set_flags"": 0, ""runtime_index"": 175, ""file_offset"": 11932, ""floor_field"": 5, ""entity_id_field"": 16559, ""group"": 0, ""room"": 8, ""unknown_a3"": 0, ""position"": [-39.34698486328125, 0.0, -2.52130126953125], ""angles"": [0, 24576, 0], ""params"": [1.0, 1.0, 1.0, 99, 0, 0], ""unused_pointer"": 548269952}"
shops-ep2/q219-bb-e,5,124,"{""base_type"": 519, ""set_flags"": 0, ""runtime_index"": 212, ""file_offset"": 14448, ""floor_field"": 5, ""entity_id_field"": 16596, ""group"": 0, ""room"": 9, ""unknown_a3"": 0, ""position"": [116.99163818359375, 0.0, -42.1571044921875], ""angles"": [0, 12288, 0], ""params"": [1.0, 1.0, 1.0, 99, 0, 0], ""unused_pointer"": 1879371904}"
shops-ep2/q219-bb-e,5,125,"{""base_type"": 519, ""set_flags"": 0, ""runtime_index"": 213, ""file_offset"": 14516, ""floor_field"": 5, ""entity_id_field"": 16597, ""group"": 0, ""room"": 9, ""unknown_a3"": 0, ""position"": [-3.28631591796875, 0.0, 34.40753173828125], ""angles"": [0, 20480, 0], ""params"": [1.0, 1.0, 1.0, 99, 0, 0], ""unused_pointer"": 1342763136}"
shops-ep2/q219-bb-e,5,126,"{""base_type"": 519, ""set_flags"": 0, ""runtime_index"": 214, ""file_offset"": 14584, ""floor_field"": 5, ""entity_id_field"": 16598, ""group"": 0, ""room"": 9, ""unknown_a3"": 0, ""position"": [-134.7213134765625, 0.0, 39.2601318359375], ""angles"": [0, 8192, 0], ""params"": [1.0, 1.0, 1.0, 99, 0, 0], ""unused_pointer"": 806154368}"
shops-ep2/q219-bb-e,5,127,"{""base_type"": 519, ""set_flags"": 0, ""runtime_index"": 215, ""file_offset"": 14652, ""floor_field"": 5, ""entity_id_field"": 16599, ""group"": 0, ""room"": 9, ""unknown_a3"": 0, ""position"": [-107.17266845703125, 0.0, -47.4337158203125], ""angles"": [0, 0, 0], ""params"": [1.0, 1.0, 1.0, 99, 0, 0], ""unused_pointer"": 269545600}"
shops-ep2/q219-bb-j,5,49,"{""base_type"": 519, ""set_flags"": 0, ""runtime_index"": 137, ""file_offset"": 9348, ""floor_field"": 5, ""entity_id_field"": 16521, ""group"": 0, ""room"": 5, ""unknown_a3"": 0, ""position"": [-159.80999755859375, 50.0, -70.1500244140625], ""angles"": [0, 8192, 0], ""params"": [1.0, 1.0, 1.0, 5, 0, 0], ""unused_pointer"": 2153312128}"
shops-ep2/q219-bb-j,5,51,"{""base_type"": 519, ""set_flags"": 0, ""runtime_index"": 139, ""file_offset"": 9484, ""floor_field"": 5, ""entity_id_field"": 16523, ""group"": 0, ""room"": 5, ""unknown_a3"": 0, ""position"": [-155.78997802734375, 50.0, -81.199462890625], ""angles"": [0, 12288, 0], ""params"": [1.0, 1.0, 1.0, 5, 0, 0], ""unused_pointer"": 2422075264}"
shops-ep2/q219-bb-j,5,52,"{""base_type"": 519, ""set_flags"": 0, ""runtime_index"": 140, ""file_offset"": 9552, ""floor_field"": 5, ""entity_id_field"": 16524, ""group"": 0, ""room"": 5, ""unknown_a3"": 0, ""position"": [-169.35321044921875, 50.0, -70.64642333984375], ""angles"": [0, 8192, 0], ""params"": [1.0, 1.0, 1.0, 5, 0, 0], ""unused_pointer"": 1885466496}"
shops-ep2/q219-bb-j,5,80,"{""base_type"": 519, ""set_flags"": 0, ""runtime_index"": 168, ""file_offset"": 11456, ""floor_field"": 5, ""entity_id_field"": 16552, ""group"": 0, ""room"": 8, ""unknown_a3"": 0, ""position"": [-140.97000122070312, 0.0, -27.280029296875], ""angles"": [0, 12288, 0], ""params"": [1.0, 1.0, 1.0, 99, 0, 0], ""unused_pointer"": 1617031040}"
shops-ep2/q219-bb-j,5,87,"{""base_type"": 519, ""set_flags"": 0, ""runtime_index"": 175, ""file_offset"": 11932, ""floor_field"": 5, ""entity_id_field"": 16559, ""group"": 0, ""room"": 8, ""unknown_a3"": 0, ""position"": [-39.34698486328125, 0.0, -2.52130126953125], ""angles"": [0, 24576, 0], ""params"": [1.0, 1.0, 1.0, 99, 0, 0], ""unused_pointer"": 548269952}"
shops-ep2/q219-bb-j,5,124,"{""base_type"": 519, ""set_flags"": 0, ""runtime_index"": 212, ""file_offset"": 14448, ""floor_field"": 5, ""entity_id_field"": 16596, ""group"": 0, ""room"": 9, ""unknown_a3"": 0, ""position"": [116.99163818359375, 0.0, -42.1571044921875], ""angles"": [0, 12288, 0], ""params"": [1.0, 1.0, 1.0, 99, 0, 0], ""unused_pointer"": 1879371904}"
shops-ep2/q219-bb-j,5,125,"{""base_type"": 519, ""set_flags"": 0, ""runtime_index"": 213, ""file_offset"": 14516, ""floor_field"": 5, ""entity_id_field"": 16597, ""group"": 0, ""room"": 9, ""unknown_a3"": 0, ""position"": [-3.28631591796875, 0.0, 34.40753173828125], ""angles"": [0, 20480, 0], ""params"": [1.0, 1.0, 1.0, 99, 0, 0], ""unused_pointer"": 1342763136}"
shops-ep2/q219-bb-j,5,126,"{""base_type"": 519, ""set_flags"": 0, ""runtime_index"": 214, ""file_offset"": 14584, ""floor_field"": 5, ""entity_id_field"": 16598, ""group"": 0, ""room"": 9, ""unknown_a3"": 0, ""position"": [-134.7213134765625, 0.0, 39.2601318359375], ""angles"": [0, 8192, 0], ""params"": [1.0, 1.0, 1.0, 99, 0, 0], ""unused_pointer"": 806154368}"
shops-ep2/q219-bb-j,5,127,"{""base_type"": 519, ""set_flags"": 0, ""runtime_index"": 215, ""file_offset"": 14652, ""floor_field"": 5, ""entity_id_field"": 16599, ""group"": 0, ""room"": 9, ""unknown_a3"": 0, ""position"": [-107.17266845703125, 0.0, -47.4337158203125], ""angles"": [0, 0, 0], ""params"": [1.0, 1.0, 1.0, 99, 0, 0], ""unused_pointer"": 269545600}"
solo-story-ep1/q027-bb-e,5,65,"{""base_type"": 519, ""set_flags"": 512, ""runtime_index"": 44803, ""file_offset"": 29796, ""floor_field"": 5, ""entity_id_field"": 55113, ""group"": 0, ""room"": 8, ""unknown_a3"": 0, ""position"": [-140.97000122070312, 0.0, -27.280029296875], ""angles"": [0, 12288, 0], ""params"": [1.0, 1.0, 1.0, 99, 0, 0], ""unused_pointer"": 1346626176}"
solo-story-ep1/q027-bb-e,5,96,"{""base_type"": 519, ""set_flags"": 512, ""runtime_index"": 56067, ""file_offset"": 31904, ""floor_field"": 5, ""entity_id_field"": 1865, ""group"": 0, ""room"": 9, ""unknown_a3"": 0, ""position"": [116.99163818359375, 0.0, -42.1571044921875], ""angles"": [0, 12288, 0], ""params"": [1.0, 1.0, 1.0, 99, 0, 0], ""unused_pointer"": 2965630848}"
solo-story-ep1/q027-bb-e,5,97,"{""base_type"": 519, ""set_flags"": 512, ""runtime_index"": 56579, ""file_offset"": 31972, ""floor_field"": 5, ""entity_id_field"": 2121, ""group"": 0, ""room"": 9, ""unknown_a3"": 0, ""position"": [-134.7213134765625, 0.0, 39.2601318359375], ""angles"": [0, 8192, 0], ""params"": [1.0, 1.0, 1.0, 99, 0, 0], ""unused_pointer"": 2429022080}"
solo-story-ep1/q027-bb-e,5,98,"{""base_type"": 519, ""set_flags"": 512, ""runtime_index"": 56835, ""file_offset"": 32040, ""floor_field"": 5, ""entity_id_field"": 2377, ""group"": 0, ""room"": 9, ""unknown_a3"": 0, ""position"": [-107.17266845703125, 0.0, -47.4337158203125], ""angles"": [0, 0, 0], ""params"": [1.0, 1.0, 1.0, 99, 0, 0], ""unused_pointer"": 1892413312}"
solo-story-ep1/q027-bb-e,5,100,"{""base_type"": 519, ""set_flags"": 0, ""runtime_index"": 8713, ""file_offset"": 32176, ""floor_field"": 5, ""entity_id_field"": 63561, ""group"": 0, ""room"": 10, ""unknown_a3"": 0, ""position"": [981.280029296875, 0.0, -13.51690673828125], ""angles"": [0, 8192, 0], ""params"": [1.0, 1.0, 1.0, 8, 0, 0], ""unused_pointer"": 2687820416}"
solo-story-ep1/q027-bb-e,5,101,"{""base_type"": 519, ""set_flags"": 0, ""runtime_index"": 8969, ""file_offset"": 32244, ""floor_field"": 5, ""entity_id_field"": 64329, ""group"": 0, ""room"": 10, ""unknown_a3"": 0, ""position"": [980.9620361328125, 0.0, 10.85455322265625], ""angles"": [0, 61440, 0], ""params"": [1.0, 1.0, 1.0, 8, 0, 0], ""unused_pointer"": 4030259840}"
solo-story-ep1/q027-bb-e,5,102,"{""base_type"": 519, ""set_flags"": 0, ""runtime_index"": 9225, ""file_offset"": 32312, ""floor_field"": 5, ""entity_id_field"": 65097, ""group"": 0, ""room"": 10, ""unknown_a3"": 0, ""position"": [974.4656372070312, 0.0, -5.001953125], ""angles"": [0, 53248, 0], ""params"": [1.0, 1.0, 1.0, 8, 0, 0], ""unused_pointer"": 3728000}"
solo-story-ep1/q027-bb-e,5,108,"{""base_type"": 519, ""set_flags"": 0, ""runtime_index"": 44040, ""file_offset"": 32720, ""floor_field"": 5, ""entity_id_field"": 50761, ""group"": 0, ""room"": 10, ""unknown_a3"": 0, ""position"": [59.81756591796875, 0.0, -31.35150146484375], ""angles"": [0, 20480, 0], ""params"": [1.0, 1.0, 1.0, 99, 0, 0], ""unused_pointer"": 4711296}"
solo-story-ep1/q027-bb-e,5,126,"{""base_type"": 519, ""set_flags"": 0, ""runtime_index"": 42248, ""file_offset"": 33944, ""floor_field"": 5, ""entity_id_field"": 55625, ""group"": 0, ""room"": 10, ""unknown_a3"": 0, ""position"": [-176.15087890625, 0.0, 13.71331787109375], ""angles"": [0, 28672, 0], ""params"": [1.0, 1.0, 1.0, 130, 0, 0], ""unused_pointer"": 1348002688}"
solo-story-ep1/q027-bb-e,5,127,"{""base_type"": 519, ""set_flags"": 0, ""runtime_index"": 42504, ""file_offset"": 34012, ""floor_field"": 5, ""entity_id_field"": 55881, ""group"": 0, ""room"": 10, ""unknown_a3"": 0, ""position"": [-159.3746337890625, 0.0, 18.0106201171875], ""angles"": [0, 16384, 0], ""params"": [1.0, 1.0, 1.0, 130, 0, 0], ""unused_pointer"": 811393920}"
solo-story-ep1/q027-bb-e,5,128,"{""base_type"": 519, ""set_flags"": 0, ""runtime_index"": 42760, ""file_offset"": 34080, ""floor_field"": 5, ""entity_id_field"": 56137, ""group"": 0, ""room"": 10, ""unknown_a3"": 0, ""position"": [-163.4505615234375, 0.0, 30.0975341796875], ""angles"": [0, 45056, 0], ""params"": [1.0, 1.0, 1.0, 130, 0, 0], ""unused_pointer"": 274785152}"
solo-story-ep1/q027-bb-e,5,129,"{""base_type"": 519, ""set_flags"": 0, ""runtime_index"": 43016, ""file_offset"": 34148, ""floor_field"": 5, ""entity_id_field"": 56393, ""group"": 0, ""room"": 10, ""unknown_a3"": 0, ""position"": [-171.04205322265625, 0.618743896484375, 19.4539794921875], ""angles"": [0, 28672, 0], ""params"": [1.0, 1.0, 1.0, 130, 0, 0], ""unused_pointer"": 4033078144}"
solo-story-ep1/q027-bb-e,5,130,"{""base_type"": 519, ""set_flags"": 0, ""runtime_index"": 43272, ""file_offset"": 34216, ""floor_field"": 5, ""entity_id_field"": 56649, ""group"": 0, ""room"": 10, ""unknown_a3"": 0, ""position"": [-158.010986328125, 0.0, 27.036376953125], ""angles"": [0, 28672, 0], ""params"": [1.0, 1.0, 1.0, 130, 0, 0], ""unused_pointer"": 3496469376}"
solo-story-ep1/q027-bb-j,5,65,"{""base_type"": 519, ""set_flags"": 512, ""runtime_index"": 44803, ""file_offset"": 29796, ""floor_field"": 5, ""entity_id_field"": 55113, ""group"": 0, ""room"": 8, ""unknown_a3"": 0, ""position"": [-140.97000122070312, 0.0, -27.280029296875], ""angles"": [0, 12288, 0], ""params"": [1.0, 1.0, 1.0, 99, 0, 0], ""unused_pointer"": 1346626176}"
solo-story-ep1/q027-bb-j,5,96,"{""base_type"": 519, ""set_flags"": 512, ""runtime_index"": 56067, ""file_offset"": 31904, ""floor_field"": 5, ""entity_id_field"": 1865, ""group"": 0, ""room"": 9, ""unknown_a3"": 0, ""position"": [116.99163818359375, 0.0, -42.1571044921875], ""angles"": [0, 12288, 0], ""params"": [1.0, 1.0, 1.0, 99, 0, 0], ""unused_pointer"": 2965630848}"
solo-story-ep1/q027-bb-j,5,97,"{""base_type"": 519, ""set_flags"": 512, ""runtime_index"": 56579, ""file_offset"": 31972, ""floor_field"": 5, ""entity_id_field"": 2121, ""group"": 0, ""room"": 9, ""unknown_a3"": 0, ""position"": [-134.7213134765625, 0.0, 39.2601318359375], ""angles"": [0, 8192, 0], ""params"": [1.0, 1.0, 1.0, 99, 0, 0], ""unused_pointer"": 2429022080}"
solo-story-ep1/q027-bb-j,5,98,"{""base_type"": 519, ""set_flags"": 512, ""runtime_index"": 56835, ""file_offset"": 32040, ""floor_field"": 5, ""entity_id_field"": 2377, ""group"": 0, ""room"": 9, ""unknown_a3"": 0, ""position"": [-107.17266845703125, 0.0, -47.4337158203125], ""angles"": [0, 0, 0], ""params"": [1.0, 1.0, 1.0, 99, 0, 0], ""unused_pointer"": 1892413312}"
solo-story-ep1/q027-bb-j,5,100,"{""base_type"": 519, ""set_flags"": 0, ""runtime_index"": 8713, ""file_offset"": 32176, ""floor_field"": 5, ""entity_id_field"": 63561, ""group"": 0, ""room"": 10, ""unknown_a3"": 0, ""position"": [981.280029296875, 0.0, -13.51690673828125], ""angles"": [0, 8192, 0], ""params"": [1.0, 1.0, 1.0, 8, 0, 0], ""unused_pointer"": 2687820416}"
solo-story-ep1/q027-bb-j,5,101,"{""base_type"": 519, ""set_flags"": 0, ""runtime_index"": 8969, ""file_offset"": 32244, ""floor_field"": 5, ""entity_id_field"": 64329, ""group"": 0, ""room"": 10, ""unknown_a3"": 0, ""position"": [980.9620361328125, 0.0, 10.85455322265625], ""angles"": [0, 61440, 0], ""params"": [1.0, 1.0, 1.0, 8, 0, 0], ""unused_pointer"": 4030259840}"
solo-story-ep1/q027-bb-j,5,102,"{""base_type"": 519, ""set_flags"": 0, ""runtime_index"": 9225, ""file_offset"": 32312, ""floor_field"": 5, ""entity_id_field"": 65097, ""group"": 0, ""room"": 10, ""unknown_a3"": 0, ""position"": [974.4656372070312, 0.0, -5.001953125], ""angles"": [0, 53248, 0], ""params"": [1.0, 1.0, 1.0, 8, 0, 0], ""unused_pointer"": 3728000}"
solo-story-ep1/q027-bb-j,5,108,"{""base_type"": 519, ""set_flags"": 0, ""runtime_index"": 44040, ""file_offset"": 32720, ""floor_field"": 5, ""entity_id_field"": 50761, ""group"": 0, ""room"": 10, ""unknown_a3"": 0, ""position"": [59.81756591796875, 0.0, -31.35150146484375], ""angles"": [0, 20480, 0], ""params"": [1.0, 1.0, 1.0, 99, 0, 0], ""unused_pointer"": 4711296}"
solo-story-ep1/q027-bb-j,5,126,"{""base_type"": 519, ""set_flags"": 0, ""runtime_index"": 42248, ""file_offset"": 33944, ""floor_field"": 5, ""entity_id_field"": 55625, ""group"": 0, ""room"": 10, ""unknown_a3"": 0, ""position"": [-176.15087890625, 0.0, 13.71331787109375], ""angles"": [0, 28672, 0], ""params"": [1.0, 1.0, 1.0, 130, 0, 0], ""unused_pointer"": 1348002688}"
solo-story-ep1/q027-bb-j,5,127,"{""base_type"": 519, ""set_flags"": 0, ""runtime_index"": 42504, ""file_offset"": 34012, ""floor_field"": 5, ""entity_id_field"": 55881, ""group"": 0, ""room"": 10, ""unknown_a3"": 0, ""position"": [-159.3746337890625, 0.0, 18.0106201171875], ""angles"": [0, 16384, 0], ""params"": [1.0, 1.0, 1.0, 130, 0, 0], ""unused_pointer"": 811393920}"
solo-story-ep1/q027-bb-j,5,128,"{""base_type"": 519, ""set_flags"": 0, ""runtime_index"": 42760, ""file_offset"": 34080, ""floor_field"": 5, ""entity_id_field"": 56137, ""group"": 0, ""room"": 10, ""unknown_a3"": 0, ""position"": [-163.4505615234375, 0.0, 30.0975341796875], ""angles"": [0, 45056, 0], ""params"": [1.0, 1.0, 1.0, 130, 0, 0], ""unused_pointer"": 274785152}"
solo-story-ep1/q027-bb-j,5,129,"{""base_type"": 519, ""set_flags"": 0, ""runtime_index"": 43016, ""file_offset"": 34148, ""floor_field"": 5, ""entity_id_field"": 56393, ""group"": 0, ""room"": 10, ""unknown_a3"": 0, ""position"": [-171.04205322265625, 0.618743896484375, 19.4539794921875], ""angles"": [0, 28672, 0], ""params"": [1.0, 1.0, 1.0, 130, 0, 0], ""unused_pointer"": 4033078144}"
solo-story-ep1/q027-bb-j,5,130,"{""base_type"": 519, ""set_flags"": 0, ""runtime_index"": 43272, ""file_offset"": 34216, ""floor_field"": 5, ""entity_id_field"": 56649, ""group"": 0, ""room"": 10, ""unknown_a3"": 0, ""position"": [-158.010986328125, 0.0, 27.036376953125], ""angles"": [0, 28672, 0], ""params"": [1.0, 1.0, 1.0, 130, 0, 0], ""unused_pointer"": 3496469376}"
vr-ep2/q49-bb-e,16,24,"{""base_type"": 519, ""set_flags"": 0, ""runtime_index"": 55304, ""file_offset"": 1648, ""floor_field"": 16, ""entity_id_field"": 1611, ""group"": 0, ""room"": 3, ""unknown_a3"": 0, ""position"": [-625.9400024414062, 10.0, -592.1727294921875], ""angles"": [0, 32768, 0], ""params"": [1.0, 1.0, 1.0, 111, 0, 0], ""unused_pointer"": 2151280256}"
vr-ep2/q49-bb-e,16,28,"{""base_type"": 519, ""set_flags"": 2048, ""runtime_index"": 16904, ""file_offset"": 1920, ""floor_field"": 16, ""entity_id_field"": 2635, ""group"": 0, ""room"": 3, ""unknown_a3"": 0, ""position"": [-376.45001220703125, -4.953935623168945, 127.469970703125], ""angles"": [0, 32768, 0], ""params"": [1.0, 1.0, 1.0, 115, 0, 0], ""unused_pointer"": 1879437184}"
vr-ep2/q49-bb-e,16,29,"{""base_type"": 519, ""set_flags"": 2048, ""runtime_index"": 17160, ""file_offset"": 1988, ""floor_field"": 16, ""entity_id_field"": 2891, ""group"": 0, ""room"": 3, ""unknown_a3"": 0, ""position"": [-365.68426513671875, -5.385186672210693, 121.7525634765625], ""angles"": [0, -8192, 0], ""params"": [1.0, 1.0, 1.0, 115, 0, 0], ""unused_pointer"": 1342828416}"
vr-ep2/q49-bb-e,16,32,"{""base_type"": 519, ""set_flags"": 2048, ""runtime_index"": 17928, ""file_offset"": 2192, ""floor_field"": 16, ""entity_id_field"": 3659, ""group"": 0, ""room"": 3, ""unknown_a3"": 0, ""position"": [-368.28106689453125, -9.866589546203613, 138.83154296875], ""angles"": [0, 36864, 0], ""params"": [1.0, 1.0, 1.0, 115, 0, 0], ""unused_pointer"": 2954162048}"
vr-ep2/q49-bb-e,16,40,"{""base_type"": 519, ""set_flags"": 0, ""runtime_index"": 30216, ""file_offset"": 2736, ""floor_field"": 16, ""entity_id_field"": 5707, ""group"": 0, ""room"": 3, ""unknown_a3"": 0, ""position"": [-321.1099853515625, 7.4079999923706055, -214.0800018310547], ""angles"": [0, -8192, 0], ""params"": [1.0, 1.0, 1.0, 99, 2, 0], ""unused_pointer"": 3223580544}"
vr-ep2/q49-bb-e,16,47,"{""base_type"": 519, ""set_flags"": 0, ""runtime_index"": 30984, ""file_offset"": 3212, ""floor_field"": 16, ""entity_id_field"": 7499, ""group"": 0, ""room"": 3, ""unknown_a3"": 0, ""position"": [-285.4952697753906, 1.0, -141.39410400390625], ""angles"": [0, -12288, 0], ""params"": [1.0, 1.0, 1.0, 99, 2, 0], ""unused_pointer"": 3762220928}"
vr-ep2/q49-bb-e,16,54,"{""base_type"": 519, ""set_flags"": 2048, ""runtime_index"": 54276, ""file_offset"": 3688, ""floor_field"": 9, ""entity_id_field"": 9291, ""group"": 0, ""room"": 3, ""unknown_a3"": 0, ""position"": [-706.0, 9.091863632202148, -327.0], ""angles"": [0, 8192, 0], ""params"": [1.0, 1.0, 1.0, 2, 0, 0], ""unused_pointer"": 1079242624}"
vr-ep2/q49-bb-e,16,55,"{""base_type"": 519, ""set_flags"": 2048, ""runtime_index"": 54532, ""file_offset"": 3756, ""floor_field"": 9, ""entity_id_field"": 9547, ""group"": 0, ""room"": 3, ""unknown_a3"": 0, ""position"": [-689.0, 9.09000015258789, -345.0], ""angles"": [0, 40960, 0], ""params"": [1.0, 1.0, 1.0, 2, 0, 0], ""unused_pointer"": 542633856}"
vr-ep2/q49-bb-e,16,56,"{""base_type"": 519, ""set_flags"": 2048, ""runtime_index"": 54788, ""file_offset"": 3824, ""floor_field"": 9, ""entity_id_field"": 9803, ""group"": 0, ""room"": 3, ""unknown_a3"": 0, ""position"": [-686.0, 15.0, -350.0], ""angles"": [0, 8192, 0], ""params"": [1.0, 1.0, 1.0, 2, 0, 0], ""unused_pointer"": 6025088}"
vr-ep2/q49-bb-e,16,64,"{""base_type"": 519, ""set_flags"": 2048, ""runtime_index"": 18184, ""file_offset"": 4368, ""floor_field"": 16, ""entity_id_field"": 11851, ""group"": 0, ""room"": 3, ""unknown_a3"": 0, ""position"": [-385.95037841796875, -13.978703498840332, 136.4747314453125], ""angles"": [0, 20480, 0], ""params"": [1.0, 1.0, 1.0, 115, 0, 0], ""unused_pointer"": 2959339392}"
vr-ep2/q49-bb-e,16,105,"{""base_type"": 519, ""set_flags"": 0, ""runtime_index"": 41736, ""file_offset"": 7156, ""floor_field"": 16, ""entity_id_field"": 28489, ""group"": 0, ""room"": 7, ""unknown_a3"": 0, ""position"": [52.9990234375, -6.118294715881348, 47.334197998046875], ""angles"": [0, 36096, 0], ""params"": [1.0, 1.0, 1.0, 132, 0, 0], ""unused_pointer"": 2700144256}"
vr-ep2/q49-bb-e,16,126,"{""base_type"": 519, ""set_flags"": 0, ""runtime_index"": 55560, ""file_offset"": 8584, ""floor_field"": 16, ""entity_id_field"": 33865, ""group"": 0, ""room"": 7, ""unknown_a3"": 0, ""position"": [88.455078125, -4.9775004386901855, 51.095916748046875], ""angles"": [0, 28672, 0], ""params"": [1.0, 1.0, 1.0, 132, 0, 0], ""unused_pointer"": 1614344064}"
vr-ep2/q49-bb-e,16,128,"{""base_type"": 519, ""set_flags"": 0, ""runtime_index"": 59144, ""file_offset"": 8720, ""floor_field"": 16, ""entity_id_field"": 34377, ""group"": 0, ""room"": 7, ""unknown_a3"": 0, ""position"": [59.1539306640625, -7.406484603881836, 120.84765625], ""angles"": [0, -5120, 0], ""params"": [1.0, 1.0, 1.0, 132, 0, 0], ""unused_pointer"": 2956849024}"
vr-ep2/q49-bb-e,16,136,"{""base_type"": 519, ""set_flags"": 0, ""runtime_index"": 7177, ""file_offset"": 9264, ""floor_field"": 16, ""entity_id_field"": 19276, ""group"": 0, ""room"": 8, ""unknown_a3"": 0, ""position"": [56.52978515625, 10.0, 58.91455841064453], ""angles"": [0, 5376, 0], ""params"": [1.0, 1.0, 1.0, 130, 0, 0], ""unused_pointer"": 2430263680}"
vr-ep2/q49-bb-e,16,138,"{""base_type"": 519, ""set_flags"": 0, ""runtime_index"": 8457, ""file_offset"": 9400, ""floor_field"": 16, ""entity_id_field"": 23116, ""group"": 0, ""room"": 8, ""unknown_a3"": 0, ""position"": [40.7149658203125, 15.081250190734863, 48.139564514160156], ""angles"": [0, 38912, 0], ""params"": [1.0, 1.0, 1.0, 130, 0, 0], ""unused_pointer"": 1893982592}"
vr-ep2/q49-bb-e,16,141,"{""base_type"": 519, ""set_flags"": 0, ""runtime_index"": 8713, ""file_offset"": 9604, ""floor_field"": 16, ""entity_id_field"": 24396, ""group"": 0, ""room"": 8, ""unknown_a3"": 0, ""position"": [19.597900390625, 10.0, 62.490806579589844], ""angles"": [0, 26368, 0], ""params"": [1.0, 1.0, 1.0, 130, 0, 0], ""unused_pointer"": 1625612672}"
vr-ep2/q49-bb-e,16,142,"{""base_type"": 519, ""set_flags"": 0, ""runtime_index"": 7433, ""file_offset"": 9672, ""floor_field"": 16, ""entity_id_field"": 20044, ""group"": 0, ""room"": 8, ""unknown_a3"": 0, ""position"": [38.7542724609375, 10.0, 65.20793914794922], ""angles"": [0, 32768, 0], ""params"": [1.0, 1.0, 1.0, 130, 0, 0], ""unused_pointer"": 1894179200}"
vr-ep2/q49-bb-e,16,150,"{""base_type"": 519, ""set_flags"": 0, ""runtime_index"": 44040, ""file_offset"": 10216, ""floor_field"": 16, ""entity_id_field"": 52042, ""group"": 0, ""room"": 9, ""unknown_a3"": 0, ""position"": [-14.935302734375, 10.0, 4.902313232421875], ""angles"": [0, 24576, 0], ""params"": [1.0, 1.0, 1.0, 6, 0, 0], ""unused_pointer"": 3762745216}"
vr-ep2/q49-bb-e,16,151,"{""base_type"": 519, ""set_flags"": 0, ""runtime_index"": 44296, ""file_offset"": 10284, ""floor_field"": 16, ""entity_id_field"": 52298, ""group"": 0, ""room"": 9, ""unknown_a3"": 0, ""position"": [-2.6612548828125, 10.0, 4.24957275390625], ""angles"": [0, 12288, 0], ""params"": [1.0, 1.0, 1.0, 6, 0, 0], ""unused_pointer"": 3226070912}"
vr-ep2/q49-bb-e,16,152,"{""base_type"": 519, ""set_flags"": 0, ""runtime_index"": 44552, ""file_offset"": 10352, ""floor_field"": 16, ""entity_id_field"": 52554, ""group"": 0, ""room"": 9, ""unknown_a3"": 0, ""position"": [-9.9681396484375, 10.0, -9.22021484375], ""angles"": [0, 0, 0], ""params"": [1.0, 1.0, 1.0, 6, 0, 0], ""unused_pointer"": 6549376}"
vr-ep2/q49-bb-e,16,203,"{""base_type"": 519, ""set_flags"": 0, ""runtime_index"": 31496, ""file_offset"": 13820, ""floor_field"": 16, ""entity_id_field"": 21067, ""group"": 0, ""room"": 13, ""unknown_a3"": 0, ""position"": [-41.5263671875, 10.0, -0.5975112915039062], ""angles"": [0, 0, 0], ""params"": [1.0, 1.0, 1.0, 145, 0, 0], ""unused_pointer"": 1611263872}"
vr-ep2/q49-bb-e,16,204,"{""base_type"": 519, ""set_flags"": 0, ""runtime_index"": 31752, ""file_offset"": 13888, ""floor_field"": 16, ""entity_id_field"": 21323, ""group"": 0, ""room"": 13, ""unknown_a3"": 0, ""position"": [-28.745361328125, 9.006180763244629, 18.570831298828125], ""angles"": [0, 16384, 0], ""params"": [1.0, 1.0, 1.0, 145, 0, 0], ""unused_pointer"": 1074655104}"
vr-ep2/q49-bb-e,16,205,"{""base_type"": 519, ""set_flags"": 0, ""runtime_index"": 35336, ""file_offset"": 13956, ""floor_field"": 16, ""entity_id_field"": 21579, ""group"": 0, ""room"": 13, ""unknown_a3"": 0, ""position"": [-40.0, 10.975000381469727, 10.0], ""angles"": [0, 57344, 0], ""params"": [1.0, 1.0, 1.0, 145, 0, 0], ""unused_pointer"": 538046336}"
vr-ep2/q49-bb-e,16,210,"{""base_type"": 519, ""set_flags"": 0, ""runtime_index"": 34568, ""file_offset"": 14296, ""floor_field"": 16, ""entity_id_field"": 22859, ""group"": 0, ""room"": 13, ""unknown_a3"": 0, ""position"": [-54.7333984375, 10.0, 7.371673583984375], ""angles"": [0, 40960, 0], ""params"": [1.0, 1.0, 1.0, 145, 0, 0], ""unused_pointer"": 2420608}"
vr-ep2/q49-bb-j,16,24,"{""base_type"": 519, ""set_flags"": 0, ""runtime_index"": 55304, ""file_offset"": 1648, ""floor_field"": 16, ""entity_id_field"": 1611, ""group"": 0, ""room"": 3, ""unknown_a3"": 0, ""position"": [-625.9400024414062, 10.0, -592.1727294921875], ""angles"": [0, 32768, 0], ""params"": [1.0, 1.0, 1.0, 111, 0, 0], ""unused_pointer"": 2151280256}"
vr-ep2/q49-bb-j,16,28,"{""base_type"": 519, ""set_flags"": 2048, ""runtime_index"": 16904, ""file_offset"": 1920, ""floor_field"": 16, ""entity_id_field"": 2635, ""group"": 0, ""room"": 3, ""unknown_a3"": 0, ""position"": [-376.45001220703125, -4.953935623168945, 127.469970703125], ""angles"": [0, 32768, 0], ""params"": [1.0, 1.0, 1.0, 115, 0, 0], ""unused_pointer"": 1879437184}"
vr-ep2/q49-bb-j,16,29,"{""base_type"": 519, ""set_flags"": 2048, ""runtime_index"": 17160, ""file_offset"": 1988, ""floor_field"": 16, ""entity_id_field"": 2891, ""group"": 0, ""room"": 3, ""unknown_a3"": 0, ""position"": [-365.68426513671875, -5.385186672210693, 121.7525634765625], ""angles"": [0, -8192, 0], ""params"": [1.0, 1.0, 1.0, 115, 0, 0], ""unused_pointer"": 1342828416}"
vr-ep2/q49-bb-j,16,32,"{""base_type"": 519, ""set_flags"": 2048, ""runtime_index"": 17928, ""file_offset"": 2192, ""floor_field"": 16, ""entity_id_field"": 3659, ""group"": 0, ""room"": 3, ""unknown_a3"": 0, ""position"": [-368.28106689453125, -9.866589546203613, 138.83154296875], ""angles"": [0, 36864, 0], ""params"": [1.0, 1.0, 1.0, 115, 0, 0], ""unused_pointer"": 2954162048}"
vr-ep2/q49-bb-j,16,40,"{""base_type"": 519, ""set_flags"": 0, ""runtime_index"": 30216, ""file_offset"": 2736, ""floor_field"": 16, ""entity_id_field"": 5707, ""group"": 0, ""room"": 3, ""unknown_a3"": 0, ""position"": [-321.1099853515625, 7.4079999923706055, -214.0800018310547], ""angles"": [0, -8192, 0], ""params"": [1.0, 1.0, 1.0, 99, 2, 0], ""unused_pointer"": 3223580544}"
vr-ep2/q49-bb-j,16,47,"{""base_type"": 519, ""set_flags"": 0, ""runtime_index"": 30984, ""file_offset"": 3212, ""floor_field"": 16, ""entity_id_field"": 7499, ""group"": 0, ""room"": 3, ""unknown_a3"": 0, ""position"": [-285.4952697753906, 1.0, -141.39410400390625], ""angles"": [0, -12288, 0], ""params"": [1.0, 1.0, 1.0, 99, 2, 0], ""unused_pointer"": 3762220928}"
vr-ep2/q49-bb-j,16,54,"{""base_type"": 519, ""set_flags"": 2048, ""runtime_index"": 54276, ""file_offset"": 3688, ""floor_field"": 9, ""entity_id_field"": 9291, ""group"": 0, ""room"": 3, ""unknown_a3"": 0, ""position"": [-706.0, 9.091863632202148, -327.0], ""angles"": [0, 8192, 0], ""params"": [1.0, 1.0, 1.0, 2, 0, 0], ""unused_pointer"": 1079242624}"
vr-ep2/q49-bb-j,16,55,"{""base_type"": 519, ""set_flags"": 2048, ""runtime_index"": 54532, ""file_offset"": 3756, ""floor_field"": 9, ""entity_id_field"": 9547, ""group"": 0, ""room"": 3, ""unknown_a3"": 0, ""position"": [-689.0, 9.09000015258789, -345.0], ""angles"": [0, 40960, 0], ""params"": [1.0, 1.0, 1.0, 2, 0, 0], ""unused_pointer"": 542633856}"
vr-ep2/q49-bb-j,16,56,"{""base_type"": 519, ""set_flags"": 2048, ""runtime_index"": 54788, ""file_offset"": 3824, ""floor_field"": 9, ""entity_id_field"": 9803, ""group"": 0, ""room"": 3, ""unknown_a3"": 0, ""position"": [-686.0, 15.0, -350.0], ""angles"": [0, 8192, 0], ""params"": [1.0, 1.0, 1.0, 2, 0, 0], ""unused_pointer"": 6025088}"
vr-ep2/q49-bb-j,16,64,"{""base_type"": 519, ""set_flags"": 2048, ""runtime_index"": 18184, ""file_offset"": 4368, ""floor_field"": 16, ""entity_id_field"": 11851, ""group"": 0, ""room"": 3, ""unknown_a3"": 0, ""position"": [-385.95037841796875, -13.978703498840332, 136.4747314453125], ""angles"": [0, 20480, 0], ""params"": [1.0, 1.0, 1.0, 115, 0, 0], ""unused_pointer"": 2959339392}"
vr-ep2/q49-bb-j,16,105,"{""base_type"": 519, ""set_flags"": 0, ""runtime_index"": 41736, ""file_offset"": 7156, ""floor_field"": 16, ""entity_id_field"": 28489, ""group"": 0, ""room"": 7, ""unknown_a3"": 0, ""position"": [52.9990234375, -6.118294715881348, 47.334197998046875], ""angles"": [0, 36096, 0], ""params"": [1.0, 1.0, 1.0, 132, 0, 0], ""unused_pointer"": 2700144256}"
vr-ep2/q49-bb-j,16,126,"{""base_type"": 519, ""set_flags"": 0, ""runtime_index"": 55560, ""file_offset"": 8584, ""floor_field"": 16, ""entity_id_field"": 33865, ""group"": 0, ""room"": 7, ""unknown_a3"": 0, ""position"": [88.455078125, -4.9775004386901855, 51.095916748046875], ""angles"": [0, 28672, 0], ""params"": [1.0, 1.0, 1.0, 132, 0, 0], ""unused_pointer"": 1614344064}"
vr-ep2/q49-bb-j,16,128,"{""base_type"": 519, ""set_flags"": 0, ""runtime_index"": 59144, ""file_offset"": 8720, ""floor_field"": 16, ""entity_id_field"": 34377, ""group"": 0, ""room"": 7, ""unknown_a3"": 0, ""position"": [59.1539306640625, -7.406484603881836, 120.84765625], ""angles"": [0, -5120, 0], ""params"": [1.0, 1.0, 1.0, 132, 0, 0], ""unused_pointer"": 2956849024}"
vr-ep2/q49-bb-j,16,136,"{""base_type"": 519, ""set_flags"": 0, ""runtime_index"": 7177, ""file_offset"": 9264, ""floor_field"": 16, ""entity_id_field"": 19276, ""group"": 0, ""room"": 8, ""unknown_a3"": 0, ""position"": [56.52978515625, 10.0, 58.91455841064453], ""angles"": [0, 5376, 0], ""params"": [1.0, 1.0, 1.0, 130, 0, 0], ""unused_pointer"": 2430263680}"
vr-ep2/q49-bb-j,16,138,"{""base_type"": 519, ""set_flags"": 0, ""runtime_index"": 8457, ""file_offset"": 9400, ""floor_field"": 16, ""entity_id_field"": 23116, ""group"": 0, ""room"": 8, ""unknown_a3"": 0, ""position"": [40.7149658203125, 15.081250190734863, 48.139564514160156], ""angles"": [0, 38912, 0], ""params"": [1.0, 1.0, 1.0, 130, 0, 0], ""unused_pointer"": 1893982592}"
vr-ep2/q49-bb-j,16,141,"{""base_type"": 519, ""set_flags"": 0, ""runtime_index"": 8713, ""file_offset"": 9604, ""floor_field"": 16, ""entity_id_field"": 24396, ""group"": 0, ""room"": 8, ""unknown_a3"": 0, ""position"": [19.597900390625, 10.0, 62.490806579589844], ""angles"": [0, 26368, 0], ""params"": [1.0, 1.0, 1.0, 130, 0, 0], ""unused_pointer"": 1625612672}"
vr-ep2/q49-bb-j,16,142,"{""base_type"": 519, ""set_flags"": 0, ""runtime_index"": 7433, ""file_offset"": 9672, ""floor_field"": 16, ""entity_id_field"": 20044, ""group"": 0, ""room"": 8, ""unknown_a3"": 0, ""position"": [38.7542724609375, 10.0, 65.20793914794922], ""angles"": [0, 32768, 0], ""params"": [1.0, 1.0, 1.0, 130, 0, 0], ""unused_pointer"": 1894179200}"
vr-ep2/q49-bb-j,16,150,"{""base_type"": 519, ""set_flags"": 0, ""runtime_index"": 44040, ""file_offset"": 10216, ""floor_field"": 16, ""entity_id_field"": 52042, ""group"": 0, ""room"": 9, ""unknown_a3"": 0, ""position"": [-14.935302734375, 10.0, 4.902313232421875], ""angles"": [0, 24576, 0], ""params"": [1.0, 1.0, 1.0, 6, 0, 0], ""unused_pointer"": 3762745216}"
vr-ep2/q49-bb-j,16,151,"{""base_type"": 519, ""set_flags"": 0, ""runtime_index"": 44296, ""file_offset"": 10284, ""floor_field"": 16, ""entity_id_field"": 52298, ""group"": 0, ""room"": 9, ""unknown_a3"": 0, ""position"": [-2.6612548828125, 10.0, 4.24957275390625], ""angles"": [0, 12288, 0], ""params"": [1.0, 1.0, 1.0, 6, 0, 0], ""unused_pointer"": 3226070912}"
vr-ep2/q49-bb-j,16,152,"{""base_type"": 519, ""set_flags"": 0, ""runtime_index"": 44552, ""file_offset"": 10352, ""floor_field"": 16, ""entity_id_field"": 52554, ""group"": 0, ""room"": 9, ""unknown_a3"": 0, ""position"": [-9.9681396484375, 10.0, -9.22021484375], ""angles"": [0, 0, 0], ""params"": [1.0, 1.0, 1.0, 6, 0, 0], ""unused_pointer"": 6549376}"
vr-ep2/q49-bb-j,16,203,"{""base_type"": 519, ""set_flags"": 0, ""runtime_index"": 31496, ""file_offset"": 13820, ""floor_field"": 16, ""entity_id_field"": 21067, ""group"": 0, ""room"": 13, ""unknown_a3"": 0, ""position"": [-41.5263671875, 10.0, -0.5975112915039062], ""angles"": [0, 0, 0], ""params"": [1.0, 1.0, 1.0, 145, 0, 0], ""unused_pointer"": 1611263872}"
vr-ep2/q49-bb-j,16,204,"{""base_type"": 519, ""set_flags"": 0, ""runtime_index"": 31752, ""file_offset"": 13888, ""floor_field"": 16, ""entity_id_field"": 21323, ""group"": 0, ""room"": 13, ""unknown_a3"": 0, ""position"": [-28.745361328125, 9.006180763244629, 18.570831298828125], ""angles"": [0, 16384, 0], ""params"": [1.0, 1.0, 1.0, 145, 0, 0], ""unused_pointer"": 1074655104}"
vr-ep2/q49-bb-j,16,205,"{""base_type"": 519, ""set_flags"": 0, ""runtime_index"": 35336, ""file_offset"": 13956, ""floor_field"": 16, ""entity_id_field"": 21579, ""group"": 0, ""room"": 13, ""unknown_a3"": 0, ""position"": [-40.0, 10.975000381469727, 10.0], ""angles"": [0, 57344, 0], ""params"": [1.0, 1.0, 1.0, 145, 0, 0], ""unused_pointer"": 538046336}"
vr-ep2/q49-bb-j,16,210,"{""base_type"": 519, ""set_flags"": 0, ""runtime_index"": 34568, ""file_offset"": 14296, ""floor_field"": 16, ""entity_id_field"": 22859, ""group"": 0, ""room"": 13, ""unknown_a3"": 0, ""position"": [-54.7333984375, 10.0, 7.371673583984375], ""angles"": [0, 40960, 0], ""params"": [1.0, 1.0, 1.0, 145, 0, 0], ""unused_pointer"": 2420608}"
vr-ep2/q64-bb-e,9,33,"{""base_type"": 519, ""set_flags"": 512, ""runtime_index"": 25349, ""file_offset"": 7556, ""floor_field"": 9, ""entity_id_field"": 38217, ""group"": 0, ""room"": 3, ""unknown_a3"": 0, ""position"": [-706.0, 9.091863632202148, -327.0], ""angles"": [0, 8192, 0], ""params"": [1.0, 1.0, 1.0, 2, 0, 0], ""unused_pointer"": 2162090368}"
vr-ep2/q64-bb-e,9,34,"{""base_type"": 519, ""set_flags"": 512, ""runtime_index"": 25605, ""file_offset"": 7624, ""floor_field"": 9, ""entity_id_field"": 38473, ""group"": 0, ""room"": 3, ""unknown_a3"": 0, ""position"": [-689.0, 9.09000015258789, -345.0], ""angles"": [0, 40960, 0], ""params"": [1.0, 1.0, 1.0, 2, 0, 0], ""unused_pointer"": 1625481600}"
vr-ep2/q64-bb-e,9,35,"{""base_type"": 519, ""set_flags"": 512, ""runtime_index"": 25861, ""file_offset"": 7692, ""floor_field"": 9, ""entity_id_field"": 38729, ""group"": 0, ""room"": 3, ""unknown_a3"": 0, ""position"": [-686.0, 15.0, -350.0], ""angles"": [0, 8192, 0], ""params"": [1.0, 1.0, 1.0, 2, 0, 0], ""unused_pointer"": 1088872832}"
vr-ep2/q64-bb-e,9,40,"{""base_type"": 519, ""set_flags"": 512, ""runtime_index"": 27141, ""file_offset"": 8032, ""floor_field"": 9, ""entity_id_field"": 40009, ""group"": 0, ""room"": 3, ""unknown_a3"": 0, ""position"": [-335.0, -11.0, 190.0], ""angles"": [0, 40960, 0], ""params"": [1.0, 1.0, 1.0, 0, 0, 0], ""unused_pointer"": 2163073408}"
vr-ep2/q64-bb-e,7,31,"{""base_type"": 519, ""set_flags"": 0, ""runtime_index"": 14084, ""file_offset"": 25080, ""floor_field"": 7, ""entity_id_field"": 57672, ""group"": 0, ""room"": 6, ""unknown_a3"": 0, ""position"": [-94.0, -54.195987701416016, 110.0], ""angles"": [0, 32768, 0], ""params"": [1.0, 1.0, 1.0, 0, 0, 0], ""unused_pointer"": 9757312}"
vr-ep2/q64-bb-e,7,32,"{""base_type"": 519, ""set_flags"": 0, ""runtime_index"": 14596, ""file_offset"": 25148, ""floor_field"": 7, ""entity_id_field"": 57928, ""group"": 0, ""room"": 6, ""unknown_a3"": 0, ""position"": [-94.0, -44.20000076293945, 110.0], ""angles"": [0, 4096, 0], ""params"": [1.0, 1.0, 1.0, 0, 0, 0], ""unused_pointer"": 3768050304}"
vr-ep2/q64-bb-j,9,33,"{""base_type"": 519, ""set_flags"": 512, ""runtime_index"": 25349, ""file_offset"": 7556, ""floor_field"": 9, ""entity_id_field"": 38217, ""group"": 0, ""room"": 3, ""unknown_a3"": 0, ""position"": [-706.0, 9.091863632202148, -327.0], ""angles"": [0, 8192, 0], ""params"": [1.0, 1.0, 1.0, 2, 0, 0], ""unused_pointer"": 2162090368}"
vr-ep2/q64-bb-j,9,34,"{""base_type"": 519, ""set_flags"": 512, ""runtime_index"": 25605, ""file_offset"": 7624, ""floor_field"": 9, ""entity_id_field"": 38473, ""group"": 0, ""room"": 3, ""unknown_a3"": 0, ""position"": [-689.0, 9.09000015258789, -345.0], ""angles"": [0, 40960, 0], ""params"": [1.0, 1.0, 1.0, 2, 0, 0], ""unused_pointer"": 1625481600}"
vr-ep2/q64-bb-j,9,35,"{""base_type"": 519, ""set_flags"": 512, ""runtime_index"": 25861, ""file_offset"": 7692, ""floor_field"": 9, ""entity_id_field"": 38729, ""group"": 0, ""room"": 3, ""unknown_a3"": 0, ""position"": [-686.0, 15.0, -350.0], ""angles"": [0, 8192, 0], ""params"": [1.0, 1.0, 1.0, 2, 0, 0], ""unused_pointer"": 1088872832}"
vr-ep2/q64-bb-j,9,40,"{""base_type"": 519, ""set_flags"": 512, ""runtime_index"": 27141, ""file_offset"": 8032, ""floor_field"": 9, ""entity_id_field"": 40009, ""group"": 0, ""room"": 3, ""unknown_a3"": 0, ""position"": [-335.0, -11.0, 190.0], ""angles"": [0, 40960, 0], ""params"": [1.0, 1.0, 1.0, 0, 0, 0], ""unused_pointer"": 2163073408}"
vr-ep2/q64-bb-j,7,31,"{""base_type"": 519, ""set_flags"": 0, ""runtime_index"": 14084, ""file_offset"": 25080, ""floor_field"": 7, ""entity_id_field"": 57672, ""group"": 0, ""room"": 6, ""unknown_a3"": 0, ""position"": [-94.0, -54.195987701416016, 110.0], ""angles"": [0, 32768, 0], ""params"": [1.0, 1.0, 1.0, 0, 0, 0], ""unused_pointer"": 9757312}"
vr-ep2/q64-bb-j,7,32,"{""base_type"": 519, ""set_flags"": 0, ""runtime_index"": 14596, ""file_offset"": 25148, ""floor_field"": 7, ""entity_id_field"": 57928, ""group"": 0, ""room"": 6, ""unknown_a3"": 0, ""position"": [-94.0, -44.20000076293945, 110.0], ""angles"": [0, 4096, 0], ""params"": [1.0, 1.0, 1.0, 0, 0, 0], ""unused_pointer"": 3768050304}"
vr-ep2/q231-bb-e,9,57,"{""base_type"": 519, ""set_flags"": 2, ""runtime_index"": 115, ""file_offset"": 19172, ""floor_field"": 9, ""entity_id_field"": 18926, ""group"": 0, ""room"": 3, ""unknown_a3"": 0, ""position"": [-706.0, 9.091863632202148, -327.0], ""angles"": [0, 8192, 0], ""params"": [1.0, 1.0, 1.0, 2, 0, 0], ""unused_pointer"": 77533808}"
vr-ep2/q231-bb-e,9,58,"{""base_type"": 519, ""set_flags"": 2, ""runtime_index"": 116, ""file_offset"": 19240, ""floor_field"": 9, ""entity_id_field"": 18927, ""group"": 0, ""room"": 3, ""unknown_a3"": 0, ""position"": [-689.0, 9.09000015258789, -345.0], ""angles"": [0, 40960, 0], ""params"": [1.0, 1.0, 1.0, 2, 0, 0], ""unused_pointer"": 77534672}"
vr-ep2/q231-bb-e,9,59,"{""base_type"": 519, ""set_flags"": 2, ""runtime_index"": 117, ""file_offset"": 19308, ""floor_field"": 9, ""entity_id_field"": 18928, ""group"": 0, ""room"": 3, ""unknown_a3"": 0, ""position"": [-686.0, 15.0, -350.0], ""angles"": [0, 8192, 0], ""params"": [1.0, 1.0, 1.0, 2, 0, 0], ""unused_pointer"": 77535536}"
vr-ep2/q231-bb-e,9,64,"{""base_type"": 519, ""set_flags"": 2, ""runtime_index"": 122, ""file_offset"": 19648, ""floor_field"": 9, ""entity_id_field"": 18933, ""group"": 0, ""room"": 3, ""unknown_a3"": 0, ""position"": [-335.0, -11.0, 190.0], ""angles"": [0, 40960, 0], ""params"": [1.0, 1.0, 1.0, 0, 0, 0], ""unused_pointer"": 77537136}"
vr-ep2/q231-bb-e,9,75,"{""base_type"": 519, ""set_flags"": 2, ""runtime_index"": 133, ""file_offset"": 20396, ""floor_field"": 9, ""entity_id_field"": 18944, ""group"": 0, ""room"": 6, ""unknown_a3"": 0, ""position"": [-30.0, 9.779999732971191, 100.0], ""angles"": [0, 28672, 0], ""params"": [1.0, 1.0, 1.0, 101, 0, 0], ""unused_pointer"": 77548176}"
vr-ep2/q231-bb-e,9,76,"{""base_type"": 519, ""set_flags"": 2, ""runtime_index"": 134, ""file_offset"": 20464, ""floor_field"": 9, ""entity_id_field"": 18945, ""group"": 0, ""room"": 6, ""unknown_a3"": 0, ""position"": [-50.0, 9.779999732971191, 100.0], ""angles"": [0, 69632, 0], ""params"": [1.0, 1.0, 1.0, 101, 0, 0], ""unused_pointer"": 77549040}"
vr-ep2/q231-bb-e,9,77,"{""base_type"": 519, ""set_flags"": 2, ""runtime_index"": 135, ""file_offset"": 20532, ""floor_field"": 9, ""entity_id_field"": 18946, ""group"": 0, ""room"": 6, ""unknown_a3"": 0, ""position"": [-40.0, 19.779998779296875, 100.0], ""angles"": [0, 65536, 0], ""params"": [1.0, 1.0, 1.0, 101, 0, 0], ""unused_pointer"": 77549904}"
vr-ep2/q231-bb-j,9,57,"{""base_type"": 519, ""set_flags"": 2, ""runtime_index"": 115, ""file_offset"": 19172, ""floor_field"": 9, ""entity_id_field"": 18926, ""group"": 0, ""room"": 3, ""unknown_a3"": 0, ""position"": [-706.0, 9.091863632202148, -327.0], ""angles"": [0, 8192, 0], ""params"": [1.0, 1.0, 1.0, 2, 0, 0], ""unused_pointer"": 77533808}"
vr-ep2/q231-bb-j,9,58,"{""base_type"": 519, ""set_flags"": 2, ""runtime_index"": 116, ""file_offset"": 19240, ""floor_field"": 9, ""entity_id_field"": 18927, ""group"": 0, ""room"": 3, ""unknown_a3"": 0, ""position"": [-689.0, 9.09000015258789, -345.0], ""angles"": [0, 40960, 0], ""params"": [1.0, 1.0, 1.0, 2, 0, 0], ""unused_pointer"": 77534672}"
vr-ep2/q231-bb-j,9,59,"{""base_type"": 519, ""set_flags"": 2, ""runtime_index"": 117, ""file_offset"": 19308, ""floor_field"": 9, ""entity_id_field"": 18928, ""group"": 0, ""room"": 3, ""unknown_a3"": 0, ""position"": [-686.0, 15.0, -350.0], ""angles"": [0, 8192, 0], ""params"": [1.0, 1.0, 1.0, 2, 0, 0], ""unused_pointer"": 77535536}"
vr-ep2/q231-bb-j,9,64,"{""base_type"": 519, ""set_flags"": 2, ""runtime_index"": 122, ""file_offset"": 19648, ""floor_field"": 9, ""entity_id_field"": 18933, ""group"": 0, ""room"": 3, ""unknown_a3"": 0, ""position"": [-335.0, -11.0, 190.0], ""angles"": [0, 40960, 0], ""params"": [1.0, 1.0, 1.0, 0, 0, 0], ""unused_pointer"": 77537136}"
vr-ep2/q231-bb-j,9,75,"{""base_type"": 519, ""set_flags"": 2, ""runtime_index"": 133, ""file_offset"": 20396, ""floor_field"": 9, ""entity_id_field"": 18944, ""group"": 0, ""room"": 6, ""unknown_a3"": 0, ""position"": [-30.0, 9.779999732971191, 100.0], ""angles"": [0, 28672, 0], ""params"": [1.0, 1.0, 1.0, 101, 0, 0], ""unused_pointer"": 77548176}"
vr-ep2/q231-bb-j,9,76,"{""base_type"": 519, ""set_flags"": 2, ""runtime_index"": 134, ""file_offset"": 20464, ""floor_field"": 9, ""entity_id_field"": 18945, ""group"": 0, ""room"": 6, ""unknown_a3"": 0, ""position"": [-50.0, 9.779999732971191, 100.0], ""angles"": [0, 69632, 0], ""params"": [1.0, 1.0, 1.0, 101, 0, 0], ""unused_pointer"": 77549040}"
vr-ep2/q231-bb-j,9,77,"{""base_type"": 519, ""set_flags"": 2, ""runtime_index"": 135, ""file_offset"": 20532, ""floor_field"": 9, ""entity_id_field"": 18946, ""group"": 0, ""room"": 6, ""unknown_a3"": 0, ""position"": [-40.0, 19.779998779296875, 100.0], ""angles"": [0, 65536, 0], ""params"": [1.0, 1.0, 1.0, 101, 0, 0], ""unused_pointer"": 77549904}"
