quest,floor,index,full_DAT_fields
challenge-ep2/d88203-bb-e,1,73,"{""base_type"": 520, ""set_flags"": 512, ""runtime_index"": 3844, ""file_offset"": 7716, ""floor_field"": 6, ""entity_id_field"": 61513, ""group"": 0, ""room"": 9, ""unknown_a3"": 0, ""position"": [-9.0, -7.099999904632568, -130.0], ""angles"": [0, 4096, 0], ""params"": [1.0, 1.0, 1.0, 2, 0, 0], ""unused_pointer"": 2430984832}"
challenge-ep2/d88203-bb-e,1,105,"{""base_type"": 520, ""set_flags"": 0, ""runtime_index"": 47880, ""file_offset"": 9892, ""floor_field"": 6, ""entity_id_field"": 2378, ""group"": 0, ""room"": 10, ""unknown_a3"": 0, ""position"": [-13.438949584960938, -62.66999816894531, 15.739997863769531], ""angles"": [0, 57344, 0], ""params"": [1.0, 1.0, 1.0, 2, 0, 0], ""unused_pointer"": 1887363456}"
challenge-ep2/d88203-bb-e,1,142,"{""base_type"": 520, ""set_flags"": 0, ""runtime_index"": 37384, ""file_offset"": 12408, ""floor_field"": 6, ""entity_id_field"": 36681, ""group"": 0, ""room"": 13, ""unknown_a3"": 0, ""position"": [8.77001953125, -89.94999694824219, -162.07000732421875], ""angles"": [0, 4608, 0], ""params"": [1.0, 1.0, 1.0, 2, 0, 0], ""unused_pointer"": 1884548992}"
challenge-ep2/d88203-bb-e,1,146,"{""base_type"": 520, ""set_flags"": 512, ""runtime_index"": 6660, ""file_offset"": 12680, ""floor_field"": 6, ""entity_id_field"": 6724, ""group"": 0, ""room"": 13, ""unknown_a3"": 0, ""position"": [130.747314453125, -95.36408996582031, 67.90478515625], ""angles"": [0, 40960, 0], ""params"": [1.0, 1.0, 1.0, 2, 0, 0], ""unused_pointer"": 3235311488}"
challenge-ep2/d88203-bb-e,1,148,"{""base_type"": 520, ""set_flags"": 512, ""runtime_index"": 7428, ""file_offset"": 12816, ""floor_field"": 6, ""entity_id_field"": 7492, ""group"": 0, ""room"": 13, ""unknown_a3"": 0, ""position"": [123.87001037597656, -101.20999908447266, 101.64999389648438], ""angles"": [0, 53248, 0], ""params"": [1.0, 1.0, 1.0, 2, 0, 0], ""unused_pointer"": 4041207680}"
challenge-ep2/d88203-bb-e,2,38,"{""base_type"": 520, ""set_flags"": 512, ""runtime_index"": 45316, ""file_offset"": 17252, ""floor_field"": 7, ""entity_id_field"": 41545, ""group"": 0, ""room"": 2, ""unknown_a3"": 0, ""position"": [68.0, -45.0, -11.0], ""angles"": [0, 40960, 0], ""params"": [1.0, 1.0, 1.0, 2, 0, 0], ""unused_pointer"": 4711040}"
challenge-ep2/d88203-bb-e,2,53,"{""base_type"": 520, ""set_flags"": 512, ""runtime_index"": 49412, ""file_offset"": 18272, ""floor_field"": 7, ""entity_id_field"": 45385, ""group"": 0, ""room"": 2, ""unknown_a3"": 0, ""position"": [18.487564086914062, -48.48124694824219, -82.87945556640625], ""angles"": [0, 20480, 0], ""params"": [1.0, 1.0, 1.0, 2, 0, 0], ""unused_pointer"": 3496338048}"
challenge-ep2/d88203-bb-e,2,78,"{""base_type"": 520, ""set_flags"": 512, ""runtime_index"": 55300, ""file_offset"": 19972, ""floor_field"": 7, ""entity_id_field"": 20554, ""group"": 0, ""room"": 4, ""unknown_a3"": 0, ""position"": [-80.0108642578125, 11.380000114440918, 132.71835327148438], ""angles"": [0, 61440, 0], ""params"": [1.0, 1.0, 1.0, 2, 0, 0], ""unused_pointer"": 542171776}"
challenge-ep2/d88203-bb-e,2,105,"{""base_type"": 520, ""set_flags"": 512, ""runtime_index"": 6917, ""file_offset"": 21808, ""floor_field"": 7, ""entity_id_field"": 24906, ""group"": 0, ""room"": 6, ""unknown_a3"": 0, ""position"": [193.73138427734375, -18.00640296936035, 31.24871826171875], ""angles"": [0, 12288, 0], ""params"": [1.0, 1.0, 1.0, 2, 0, 0], ""unused_pointer"": 4034257536}"
challenge-ep2/d88203-bb-e,3,126,"{""base_type"": 520, ""set_flags"": 0, ""runtime_index"": 48391, ""file_offset"": 33248, ""floor_field"": 8, ""entity_id_field"": 14409, ""group"": 0, ""room"": 4, ""unknown_a3"": 0, ""position"": [106.22998046875, 5.25, -53.8599853515625], ""angles"": [0, 16384, 0], ""params"": [1.0, 1.0, 1.0, 2, 0, 0], ""unused_pointer"": 3228951168}"
challenge-ep2/d88203-bb-e,3,128,"{""base_type"": 520, ""set_flags"": 0, ""runtime_index"": 52231, ""file_offset"": 33384, ""floor_field"": 8, ""entity_id_field"": 14921, ""group"": 0, ""room"": 4, ""unknown_a3"": 0, ""position"": [64.06256103515625, -0.0002593994140625, 50.66943359375], ""angles"": [0, 4096, 0], ""params"": [1.0, 1.0, 1.0, 2, 0, 0], ""unused_pointer"": 2155733632}"
challenge-ep2/d88203-bb-e,3,129,"{""base_type"": 520, ""set_flags"": 0, ""runtime_index"": 52487, ""file_offset"": 33452, ""floor_field"": 8, ""entity_id_field"": 15177, ""group"": 0, ""room"": 4, ""unknown_a3"": 0, ""position"": [37.742462158203125, -0.0002593994140625, 202.50360107421875], ""angles"": [0, 4096, 0], ""params"": [1.0, 1.0, 1.0, 2, 0, 0], ""unused_pointer"": 1619124864}"
challenge-ep2/d88203-bb-e,3,130,"{""base_type"": 520, ""set_flags"": 0, ""runtime_index"": 52743, ""file_offset"": 33520, ""floor_field"": 8, ""entity_id_field"": 15433, ""group"": 0, ""room"": 4, ""unknown_a3"": 0, ""position"": [-97.33639526367188, -0.0002593994140625, -205.33953857421875], ""angles"": [0, 40960, 0], ""params"": [1.0, 1.0, 1.0, 2, 0, 0], ""unused_pointer"": 1082516096}"
challenge-ep2/d88203-bb-e,3,141,"{""base_type"": 520, ""set_flags"": 0, ""runtime_index"": 14345, ""file_offset"": 34268, ""floor_field"": 8, ""entity_id_field"": 18249, ""group"": 0, ""room"": 4, ""unknown_a3"": 0, ""position"": [47.79547119140625, -0.00025046756491065025, -238.15841674804688], ""angles"": [0, 53248, 0], ""params"": [1.0, 1.0, 1.0, 2, 0, 0], ""unused_pointer"": 1085334144}"
challenge-ep2/d88203-bb-e,3,198,"{""base_type"": 520, ""set_flags"": 0, ""runtime_index"": 41223, ""file_offset"": 38144, ""floor_field"": 8, ""entity_id_field"": 24392, ""group"": 0, ""room"": 8, ""unknown_a3"": 0, ""position"": [-337.34002685546875, 0.0, -308.1500244140625], ""angles"": [0, 53248, 0], ""params"": [1.0, 1.0, 1.0, 2, 0, 0], ""unused_pointer"": 811590272}"
challenge-ep2/d88203-bb-e,4,22,"{""base_type"": 520, ""set_flags"": 0, ""runtime_index"": 23048, ""file_offset"": 42580, ""floor_field"": 9, ""entity_id_field"": 58185, ""group"": 0, ""room"": 3, ""unknown_a3"": 0, ""position"": [-633.8238525390625, -5.529999732971191, 103.7830810546875], ""angles"": [0, 20480, 0], ""params"": [1.0, 1.0, 1.0, 2, 0, 0], ""unused_pointer"": 2956583552}"
challenge-ep2/d88203-bb-e,4,24,"{""base_type"": 520, ""set_flags"": 0, ""runtime_index"": 23560, ""file_offset"": 42716, ""floor_field"": 9, ""entity_id_field"": 58697, ""group"": 0, ""room"": 3, ""unknown_a3"": 0, ""position"": [-42.259246826171875, -5.599999904632568, 145.088623046875], ""angles"": [0, 0, 0], ""params"": [1.0, 1.0, 1.0, 2, 0, 0], ""unused_pointer"": 2688213632}"
challenge-ep2/d88203-bb-e,4,25,"{""base_type"": 520, ""set_flags"": 0, ""runtime_index"": 23816, ""file_offset"": 42784, ""floor_field"": 9, ""entity_id_field"": 58953, ""group"": 0, ""room"": 3, ""unknown_a3"": 0, ""position"": [-189.94125366210938, -5.599999904632568, 218.1336669921875], ""angles"": [0, 12288, 0], ""params"": [1.0, 1.0, 1.0, 2, 0, 0], ""unused_pointer"": 2420040320}"
challenge-ep2/d88203-bb-e,4,26,"{""base_type"": 520, ""set_flags"": 0, ""runtime_index"": 24072, ""file_offset"": 42852, ""floor_field"": 9, ""entity_id_field"": 59209, ""group"": 0, ""room"": 3, ""unknown_a3"": 0, ""position"": [-172.5703125, -12.049999237060547, 193.400634765625], ""angles"": [0, -24576, 0], ""params"": [1.0, 1.0, 1.0, 2, 0, 0], ""unused_pointer"": 1346560640}"
challenge-ep2/d88203-bb-e,4,27,"{""base_type"": 520, ""set_flags"": 0, ""runtime_index"": 24328, ""file_offset"": 42920, ""floor_field"": 9, ""entity_id_field"": 59465, ""group"": 0, ""room"": 3, ""unknown_a3"": 0, ""position"": [-72.34384155273438, -12.049999237060547, 159.78155517578125], ""angles"": [0, -24576, 0], ""params"": [1.0, 1.0, 1.0, 2, 0, 0], ""unused_pointer"": 3226460800}"
challenge-ep2/d88203-bb-e,4,30,"{""base_type"": 520, ""set_flags"": 0, ""runtime_index"": 25096, ""file_offset"": 43124, ""floor_field"": 9, ""entity_id_field"": 60233, ""group"": 0, ""room"": 3, ""unknown_a3"": 0, ""position"": [-227.53860473632812, -5.599999904632568, 220.6805419921875], ""angles"": [0, -4096, 0], ""params"": [1.0, 1.0, 1.0, 2, 0, 0], ""unused_pointer"": 5694080}"
challenge-ep2/d88203-bb-e,4,31,"{""base_type"": 520, ""set_flags"": 0, ""runtime_index"": 25352, ""file_offset"": 43192, ""floor_field"": 9, ""entity_id_field"": 60489, ""group"": 0, ""room"": 3, ""unknown_a3"": 0, ""position"": [-253.58172607421875, -15.51875114440918, 208.87542724609375], ""angles"": [0, -4096, 0], ""params"": [1.0, 1.0, 1.0, 2, 0, 0], ""unused_pointer"": 3763987072}"
challenge-ep2/d88203-bb-e,4,32,"{""base_type"": 520, ""set_flags"": 0, ""runtime_index"": 25608, ""file_offset"": 43260, ""floor_field"": 9, ""entity_id_field"": 60745, ""group"": 0, ""room"": 3, ""unknown_a3"": 0, ""position"": [-286.5950622558594, -9.46250057220459, 203.56756591796875], ""angles"": [0, 0, 0], ""params"": [1.0, 1.0, 1.0, 2, 0, 0], ""unused_pointer"": 3227378304}"
challenge-ep2/d88203-bb-e,4,34,"{""base_type"": 520, ""set_flags"": 0, ""runtime_index"": 26120, ""file_offset"": 43396, ""floor_field"": 9, ""entity_id_field"": 61513, ""group"": 0, ""room"": 3, ""unknown_a3"": 0, ""position"": [-390.64630126953125, -5.599999904632568, 230.25189208984375], ""angles"": [0, 4096, 0], ""params"": [1.0, 1.0, 1.0, 2, 0, 0], ""unused_pointer"": 275047040}"
challenge-ep2/d88203-bb-e,4,35,"{""base_type"": 520, ""set_flags"": 0, ""runtime_index"": 49158, ""file_offset"": 43464, ""floor_field"": 9, ""entity_id_field"": 61769, ""group"": 0, ""room"": 3, ""unknown_a3"": 0, ""position"": [-731.2408447265625, 4.748496055603027, -308.72088623046875], ""angles"": [0, 39680, 0], ""params"": [1.0, 1.0, 1.0, 2, 0, 0], ""unused_pointer"": 4033340032}"
challenge-ep2/d88203-bb-e,4,36,"{""base_type"": 520, ""set_flags"": 0, ""runtime_index"": 49414, ""file_offset"": 43532, ""floor_field"": 9, ""entity_id_field"": 62025, ""group"": 0, ""room"": 3, ""unknown_a3"": 0, ""position"": [-667.239990234375, 4.75, -368.7200012207031], ""angles"": [0, 39680, 0], ""params"": [1.0, 1.0, 1.0, 2, 0, 0], ""unused_pointer"": 3496731264}"
challenge-ep2/d88203-bb-e,4,37,"{""base_type"": 520, ""set_flags"": 0, ""runtime_index"": 50696, ""file_offset"": 43600, ""floor_field"": 9, ""entity_id_field"": 62281, ""group"": 0, ""room"": 3, ""unknown_a3"": 0, ""position"": [-787.9050903320312, -5.599999904632568, -7.2529296875], ""angles"": [0, 9728, 0], ""params"": [1.0, 1.0, 1.0, 2, 0, 0], ""unused_pointer"": 2960122496}"
challenge-ep2/d88203-bb-e,4,41,"{""base_type"": 520, ""set_flags"": 0, ""runtime_index"": 26376, ""file_offset"": 43872, ""floor_field"": 9, ""entity_id_field"": 63305, ""group"": 0, ""room"": 3, ""unknown_a3"": 0, ""position"": [-420.9661865234375, -11.03749942779541, 236.83685302734375], ""angles"": [0, 0, 0], ""params"": [1.0, 1.0, 1.0, 2, 0, 0], ""unused_pointer"": 3229409920}"
challenge-ep2/d88203-bb-e,4,42,"{""base_type"": 520, ""set_flags"": 0, ""runtime_index"": 26632, ""file_offset"": 43940, ""floor_field"": 9, ""entity_id_field"": 63561, ""group"": 0, ""room"": 3, ""unknown_a3"": 0, ""position"": [-457.73248291015625, -11.03749942779541, 246.93646240234375], ""angles"": [0, 4096, 0], ""params"": [1.0, 1.0, 1.0, 2, 0, 0], ""unused_pointer"": 2692801152}"
challenge-ep2/d88203-bb-e,4,45,"{""base_type"": 520, ""set_flags"": 0, ""runtime_index"": 27400, ""file_offset"": 44144, ""floor_field"": 9, ""entity_id_field"": 64329, ""group"": 0, ""room"": 3, ""unknown_a3"": 0, ""position"": [-483.61492919921875, -5.599999904632568, 158.2789306640625], ""angles"": [0, 20480, 0], ""params"": [1.0, 1.0, 1.0, 2, 0, 0], ""unused_pointer"": 3498697344}"
challenge-ep2/d88203-bb-e,4,47,"{""base_type"": 520, ""set_flags"": 0, ""runtime_index"": 27656, ""file_offset"": 44280, ""floor_field"": 9, ""entity_id_field"": 64841, ""group"": 0, ""room"": 3, ""unknown_a3"": 0, ""position"": [-481.7078857421875, -15.462496757507324, 189.95599365234375], ""angles"": [0, 45056, 0], ""params"": [1.0, 1.0, 1.0, 2, 0, 0], ""unused_pointer"": 1619976832}"
challenge-ep2/d88203-bb-e,4,48,"{""base_type"": 520, ""set_flags"": 0, ""runtime_index"": 27912, ""file_offset"": 44348, ""floor_field"": 9, ""entity_id_field"": 65097, ""group"": 0, ""room"": 3, ""unknown_a3"": 0, ""position"": [-487.26971435546875, -5.600000858306885, 209.1712646484375], ""angles"": [0, 45056, 0], ""params"": [1.0, 1.0, 1.0, 2, 0, 0], ""unused_pointer"": 1083368064}"
challenge-ep2/d88203-bb-e,4,49,"{""base_type"": 520, ""set_flags"": 0, ""runtime_index"": 28168, ""file_offset"": 44416, ""floor_field"": 9, ""entity_id_field"": 65353, ""group"": 0, ""room"": 3, ""unknown_a3"": 0, ""position"": [-554.3845825195312, -4.64304256439209, 71.64752197265625], ""angles"": [0, 57344, 0], ""params"": [1.0, 1.0, 1.0, 2, 0, 0], ""unused_pointer"": 546759296}"
challenge-ep2/d88203-bb-e,4,50,"{""base_type"": 520, ""set_flags"": 0, ""runtime_index"": 28424, ""file_offset"": 44484, ""floor_field"": 9, ""entity_id_field"": 74, ""group"": 0, ""room"": 3, ""unknown_a3"": 0, ""position"": [-582.2813720703125, -12.143043518066406, 53.255401611328125], ""angles"": [0, 61440, 0], ""params"": [1.0, 1.0, 1.0, 2, 0, 0], ""unused_pointer"": 10150528}"
challenge-ep2/d88203-bb-e,4,136,"{""base_type"": 520, ""set_flags"": 512, ""runtime_index"": 43014, ""file_offset"": 50332, ""floor_field"": 9, ""entity_id_field"": 43078, ""group"": 0, ""room"": 7, ""unknown_a3"": 0, ""position"": [-142.875, -4.739999771118164, 27.09136962890625], ""angles"": [0, 57344, 0], ""params"": [1.0, 1.0, 1.0, 2, 0, 0], ""unused_pointer"": 547152768}"
challenge-ep2/d88203-bb-e,4,146,"{""base_type"": 520, ""set_flags"": 512, ""runtime_index"": 45830, ""file_offset"": 51012, ""floor_field"": 9, ""entity_id_field"": 45894, ""group"": 0, ""room"": 7, ""unknown_a3"": 0, ""position"": [354.61004638671875, 8.619999885559082, -182.70999145507812], ""angles"": [0, 28672, 0], ""params"": [1.0, 1.0, 1.0, 2, 0, 0], ""unused_pointer"": 1355277184}"
challenge-ep2/d88203-bb-e,5,91,"{""base_type"": 520, ""set_flags"": 0, ""runtime_index"": 43272, ""file_offset"": 61364, ""floor_field"": 5, ""entity_id_field"": 43080, ""group"": 0, ""room"": 9, ""unknown_a3"": 0, ""position"": [200.0, 0.0, -10.0], ""angles"": [0, 16384, 0], ""params"": [1.0, 1.0, 1.0, 2, 0, 0], ""unused_pointer"": 272363136}"
challenge-ep2/d88203-bb-e,5,107,"{""base_type"": 520, ""set_flags"": 0, ""runtime_index"": 42760, ""file_offset"": 62452, ""floor_field"": 5, ""entity_id_field"": 47947, ""group"": 0, ""room"": 10, ""unknown_a3"": 0, ""position"": [200.0, -10.0, -10.0], ""angles"": [0, 16384, 0], ""params"": [1.0, 1.0, 1.0, 2, 0, 0], ""unused_pointer"": 1887363456}"
challenge-ep2/d88203-bb-j,1,73,"{""base_type"": 520, ""set_flags"": 512, ""runtime_index"": 3844, ""file_offset"": 7716, ""floor_field"": 6, ""entity_id_field"": 61513, ""group"": 0, ""room"": 9, ""unknown_a3"": 0, ""position"": [-9.0, -7.099999904632568, -130.0], ""angles"": [0, 4096, 0], ""params"": [1.0, 1.0, 1.0, 2, 0, 0], ""unused_pointer"": 2430984832}"
challenge-ep2/d88203-bb-j,1,105,"{""base_type"": 520, ""set_flags"": 0, ""runtime_index"": 47880, ""file_offset"": 9892, ""floor_field"": 6, ""entity_id_field"": 2378, ""group"": 0, ""room"": 10, ""unknown_a3"": 0, ""position"": [-13.438949584960938, -62.66999816894531, 15.739997863769531], ""angles"": [0, 57344, 0], ""params"": [1.0, 1.0, 1.0, 2, 0, 0], ""unused_pointer"": 1887363456}"
challenge-ep2/d88203-bb-j,1,142,"{""base_type"": 520, ""set_flags"": 0, ""runtime_index"": 37384, ""file_offset"": 12408, ""floor_field"": 6, ""entity_id_field"": 36681, ""group"": 0, ""room"": 13, ""unknown_a3"": 0, ""position"": [8.77001953125, -89.94999694824219, -162.07000732421875], ""angles"": [0, 4608, 0], ""params"": [1.0, 1.0, 1.0, 2, 0, 0], ""unused_pointer"": 1884548992}"
challenge-ep2/d88203-bb-j,1,146,"{""base_type"": 520, ""set_flags"": 512, ""runtime_index"": 6660, ""file_offset"": 12680, ""floor_field"": 6, ""entity_id_field"": 6724, ""group"": 0, ""room"": 13, ""unknown_a3"": 0, ""position"": [130.747314453125, -95.36408996582031, 67.90478515625], ""angles"": [0, 40960, 0], ""params"": [1.0, 1.0, 1.0, 2, 0, 0], ""unused_pointer"": 3235311488}"
challenge-ep2/d88203-bb-j,1,148,"{""base_type"": 520, ""set_flags"": 512, ""runtime_index"": 7428, ""file_offset"": 12816, ""floor_field"": 6, ""entity_id_field"": 7492, ""group"": 0, ""room"": 13, ""unknown_a3"": 0, ""position"": [123.87001037597656, -101.20999908447266, 101.64999389648438], ""angles"": [0, 53248, 0], ""params"": [1.0, 1.0, 1.0, 2, 0, 0], ""unused_pointer"": 4041207680}"
challenge-ep2/d88203-bb-j,2,38,"{""base_type"": 520, ""set_flags"": 512, ""runtime_index"": 45316, ""file_offset"": 17252, ""floor_field"": 7, ""entity_id_field"": 41545, ""group"": 0, ""room"": 2, ""unknown_a3"": 0, ""position"": [68.0, -45.0, -11.0], ""angles"": [0, 40960, 0], ""params"": [1.0, 1.0, 1.0, 2, 0, 0], ""unused_pointer"": 4711040}"
challenge-ep2/d88203-bb-j,2,53,"{""base_type"": 520, ""set_flags"": 512, ""runtime_index"": 49412, ""file_offset"": 18272, ""floor_field"": 7, ""entity_id_field"": 45385, ""group"": 0, ""room"": 2, ""unknown_a3"": 0, ""position"": [18.487564086914062, -48.48124694824219, -82.87945556640625], ""angles"": [0, 20480, 0], ""params"": [1.0, 1.0, 1.0, 2, 0, 0], ""unused_pointer"": 3496338048}"
challenge-ep2/d88203-bb-j,2,78,"{""base_type"": 520, ""set_flags"": 512, ""runtime_index"": 55300, ""file_offset"": 19972, ""floor_field"": 7, ""entity_id_field"": 20554, ""group"": 0, ""room"": 4, ""unknown_a3"": 0, ""position"": [-80.0108642578125, 11.380000114440918, 132.71835327148438], ""angles"": [0, 61440, 0], ""params"": [1.0, 1.0, 1.0, 2, 0, 0], ""unused_pointer"": 542171776}"
challenge-ep2/d88203-bb-j,2,105,"{""base_type"": 520, ""set_flags"": 512, ""runtime_index"": 6917, ""file_offset"": 21808, ""floor_field"": 7, ""entity_id_field"": 24906, ""group"": 0, ""room"": 6, ""unknown_a3"": 0, ""position"": [193.73138427734375, -18.00640296936035, 31.24871826171875], ""angles"": [0, 12288, 0], ""params"": [1.0, 1.0, 1.0, 2, 0, 0], ""unused_pointer"": 4034257536}"
challenge-ep2/d88203-bb-j,3,126,"{""base_type"": 520, ""set_flags"": 0, ""runtime_index"": 48391, ""file_offset"": 33248, ""floor_field"": 8, ""entity_id_field"": 14409, ""group"": 0, ""room"": 4, ""unknown_a3"": 0, ""position"": [106.22998046875, 5.25, -53.8599853515625], ""angles"": [0, 16384, 0], ""params"": [1.0, 1.0, 1.0, 2, 0, 0], ""unused_pointer"": 3228951168}"
challenge-ep2/d88203-bb-j,3,128,"{""base_type"": 520, ""set_flags"": 0, ""runtime_index"": 52231, ""file_offset"": 33384, ""floor_field"": 8, ""entity_id_field"": 14921, ""group"": 0, ""room"": 4, ""unknown_a3"": 0, ""position"": [64.06256103515625, -0.0002593994140625, 50.66943359375], ""angles"": [0, 4096, 0], ""params"": [1.0, 1.0, 1.0, 2, 0, 0], ""unused_pointer"": 2155733632}"
challenge-ep2/d88203-bb-j,3,129,"{""base_type"": 520, ""set_flags"": 0, ""runtime_index"": 52487, ""file_offset"": 33452, ""floor_field"": 8, ""entity_id_field"": 15177, ""group"": 0, ""room"": 4, ""unknown_a3"": 0, ""position"": [37.742462158203125, -0.0002593994140625, 202.50360107421875], ""angles"": [0, 4096, 0], ""params"": [1.0, 1.0, 1.0, 2, 0, 0], ""unused_pointer"": 1619124864}"
challenge-ep2/d88203-bb-j,3,130,"{""base_type"": 520, ""set_flags"": 0, ""runtime_index"": 52743, ""file_offset"": 33520, ""floor_field"": 8, ""entity_id_field"": 15433, ""group"": 0, ""room"": 4, ""unknown_a3"": 0, ""position"": [-97.33639526367188, -0.0002593994140625, -205.33953857421875], ""angles"": [0, 40960, 0], ""params"": [1.0, 1.0, 1.0, 2, 0, 0], ""unused_pointer"": 1082516096}"
challenge-ep2/d88203-bb-j,3,141,"{""base_type"": 520, ""set_flags"": 0, ""runtime_index"": 14345, ""file_offset"": 34268, ""floor_field"": 8, ""entity_id_field"": 18249, ""group"": 0, ""room"": 4, ""unknown_a3"": 0, ""position"": [47.79547119140625, -0.00025046756491065025, -238.15841674804688], ""angles"": [0, 53248, 0], ""params"": [1.0, 1.0, 1.0, 2, 0, 0], ""unused_pointer"": 1085334144}"
challenge-ep2/d88203-bb-j,3,198,"{""base_type"": 520, ""set_flags"": 0, ""runtime_index"": 41223, ""file_offset"": 38144, ""floor_field"": 8, ""entity_id_field"": 24392, ""group"": 0, ""room"": 8, ""unknown_a3"": 0, ""position"": [-337.34002685546875, 0.0, -308.1500244140625], ""angles"": [0, 53248, 0], ""params"": [1.0, 1.0, 1.0, 2, 0, 0], ""unused_pointer"": 811590272}"
challenge-ep2/d88203-bb-j,4,22,"{""base_type"": 520, ""set_flags"": 0, ""runtime_index"": 23048, ""file_offset"": 42580, ""floor_field"": 9, ""entity_id_field"": 58185, ""group"": 0, ""room"": 3, ""unknown_a3"": 0, ""position"": [-633.8238525390625, -5.529999732971191, 103.7830810546875], ""angles"": [0, 20480, 0], ""params"": [1.0, 1.0, 1.0, 2, 0, 0], ""unused_pointer"": 2956583552}"
challenge-ep2/d88203-bb-j,4,24,"{""base_type"": 520, ""set_flags"": 0, ""runtime_index"": 23560, ""file_offset"": 42716, ""floor_field"": 9, ""entity_id_field"": 58697, ""group"": 0, ""room"": 3, ""unknown_a3"": 0, ""position"": [-42.259246826171875, -5.599999904632568, 145.088623046875], ""angles"": [0, 0, 0], ""params"": [1.0, 1.0, 1.0, 2, 0, 0], ""unused_pointer"": 2688213632}"
challenge-ep2/d88203-bb-j,4,25,"{""base_type"": 520, ""set_flags"": 0, ""runtime_index"": 23816, ""file_offset"": 42784, ""floor_field"": 9, ""entity_id_field"": 58953, ""group"": 0, ""room"": 3, ""unknown_a3"": 0, ""position"": [-189.94125366210938, -5.599999904632568, 218.1336669921875], ""angles"": [0, 12288, 0], ""params"": [1.0, 1.0, 1.0, 2, 0, 0], ""unused_pointer"": 2420040320}"
challenge-ep2/d88203-bb-j,4,26,"{""base_type"": 520, ""set_flags"": 0, ""runtime_index"": 24072, ""file_offset"": 42852, ""floor_field"": 9, ""entity_id_field"": 59209, ""group"": 0, ""room"": 3, ""unknown_a3"": 0, ""position"": [-172.5703125, -12.049999237060547, 193.400634765625], ""angles"": [0, -24576, 0], ""params"": [1.0, 1.0, 1.0, 2, 0, 0], ""unused_pointer"": 1346560640}"
challenge-ep2/d88203-bb-j,4,27,"{""base_type"": 520, ""set_flags"": 0, ""runtime_index"": 24328, ""file_offset"": 42920, ""floor_field"": 9, ""entity_id_field"": 59465, ""group"": 0, ""room"": 3, ""unknown_a3"": 0, ""position"": [-72.34384155273438, -12.049999237060547, 159.78155517578125], ""angles"": [0, -24576, 0], ""params"": [1.0, 1.0, 1.0, 2, 0, 0], ""unused_pointer"": 3226460800}"
challenge-ep2/d88203-bb-j,4,30,"{""base_type"": 520, ""set_flags"": 0, ""runtime_index"": 25096, ""file_offset"": 43124, ""floor_field"": 9, ""entity_id_field"": 60233, ""group"": 0, ""room"": 3, ""unknown_a3"": 0, ""position"": [-227.53860473632812, -5.599999904632568, 220.6805419921875], ""angles"": [0, -4096, 0], ""params"": [1.0, 1.0, 1.0, 2, 0, 0], ""unused_pointer"": 5694080}"
challenge-ep2/d88203-bb-j,4,31,"{""base_type"": 520, ""set_flags"": 0, ""runtime_index"": 25352, ""file_offset"": 43192, ""floor_field"": 9, ""entity_id_field"": 60489, ""group"": 0, ""room"": 3, ""unknown_a3"": 0, ""position"": [-253.58172607421875, -15.51875114440918, 208.87542724609375], ""angles"": [0, -4096, 0], ""params"": [1.0, 1.0, 1.0, 2, 0, 0], ""unused_pointer"": 3763987072}"
challenge-ep2/d88203-bb-j,4,32,"{""base_type"": 520, ""set_flags"": 0, ""runtime_index"": 25608, ""file_offset"": 43260, ""floor_field"": 9, ""entity_id_field"": 60745, ""group"": 0, ""room"": 3, ""unknown_a3"": 0, ""position"": [-286.5950622558594, -9.46250057220459, 203.56756591796875], ""angles"": [0, 0, 0], ""params"": [1.0, 1.0, 1.0, 2, 0, 0], ""unused_pointer"": 3227378304}"
challenge-ep2/d88203-bb-j,4,34,"{""base_type"": 520, ""set_flags"": 0, ""runtime_index"": 26120, ""file_offset"": 43396, ""floor_field"": 9, ""entity_id_field"": 61513, ""group"": 0, ""room"": 3, ""unknown_a3"": 0, ""position"": [-390.64630126953125, -5.599999904632568, 230.25189208984375], ""angles"": [0, 4096, 0], ""params"": [1.0, 1.0, 1.0, 2, 0, 0], ""unused_pointer"": 275047040}"
challenge-ep2/d88203-bb-j,4,35,"{""base_type"": 520, ""set_flags"": 0, ""runtime_index"": 49158, ""file_offset"": 43464, ""floor_field"": 9, ""entity_id_field"": 61769, ""group"": 0, ""room"": 3, ""unknown_a3"": 0, ""position"": [-731.2408447265625, 4.748496055603027, -308.72088623046875], ""angles"": [0, 39680, 0], ""params"": [1.0, 1.0, 1.0, 2, 0, 0], ""unused_pointer"": 4033340032}"
challenge-ep2/d88203-bb-j,4,36,"{""base_type"": 520, ""set_flags"": 0, ""runtime_index"": 49414, ""file_offset"": 43532, ""floor_field"": 9, ""entity_id_field"": 62025, ""group"": 0, ""room"": 3, ""unknown_a3"": 0, ""position"": [-667.239990234375, 4.75, -368.7200012207031], ""angles"": [0, 39680, 0], ""params"": [1.0, 1.0, 1.0, 2, 0, 0], ""unused_pointer"": 3496731264}"
challenge-ep2/d88203-bb-j,4,37,"{""base_type"": 520, ""set_flags"": 0, ""runtime_index"": 50696, ""file_offset"": 43600, ""floor_field"": 9, ""entity_id_field"": 62281, ""group"": 0, ""room"": 3, ""unknown_a3"": 0, ""position"": [-787.9050903320312, -5.599999904632568, -7.2529296875], ""angles"": [0, 9728, 0], ""params"": [1.0, 1.0, 1.0, 2, 0, 0], ""unused_pointer"": 2960122496}"
challenge-ep2/d88203-bb-j,4,41,"{""base_type"": 520, ""set_flags"": 0, ""runtime_index"": 26376, ""file_offset"": 43872, ""floor_field"": 9, ""entity_id_field"": 63305, ""group"": 0, ""room"": 3, ""unknown_a3"": 0, ""position"": [-420.9661865234375, -11.03749942779541, 236.83685302734375], ""angles"": [0, 0, 0], ""params"": [1.0, 1.0, 1.0, 2, 0, 0], ""unused_pointer"": 3229409920}"
challenge-ep2/d88203-bb-j,4,42,"{""base_type"": 520, ""set_flags"": 0, ""runtime_index"": 26632, ""file_offset"": 43940, ""floor_field"": 9, ""entity_id_field"": 63561, ""group"": 0, ""room"": 3, ""unknown_a3"": 0, ""position"": [-457.73248291015625, -11.03749942779541, 246.93646240234375], ""angles"": [0, 4096, 0], ""params"": [1.0, 1.0, 1.0, 2, 0, 0], ""unused_pointer"": 2692801152}"
challenge-ep2/d88203-bb-j,4,45,"{""base_type"": 520, ""set_flags"": 0, ""runtime_index"": 27400, ""file_offset"": 44144, ""floor_field"": 9, ""entity_id_field"": 64329, ""group"": 0, ""room"": 3, ""unknown_a3"": 0, ""position"": [-483.61492919921875, -5.599999904632568, 158.2789306640625], ""angles"": [0, 20480, 0], ""params"": [1.0, 1.0, 1.0, 2, 0, 0], ""unused_pointer"": 3498697344}"
challenge-ep2/d88203-bb-j,4,47,"{""base_type"": 520, ""set_flags"": 0, ""runtime_index"": 27656, ""file_offset"": 44280, ""floor_field"": 9, ""entity_id_field"": 64841, ""group"": 0, ""room"": 3, ""unknown_a3"": 0, ""position"": [-481.7078857421875, -15.462496757507324, 189.95599365234375], ""angles"": [0, 45056, 0], ""params"": [1.0, 1.0, 1.0, 2, 0, 0], ""unused_pointer"": 1619976832}"
challenge-ep2/d88203-bb-j,4,48,"{""base_type"": 520, ""set_flags"": 0, ""runtime_index"": 27912, ""file_offset"": 44348, ""floor_field"": 9, ""entity_id_field"": 65097, ""group"": 0, ""room"": 3, ""unknown_a3"": 0, ""position"": [-487.26971435546875, -5.600000858306885, 209.1712646484375], ""angles"": [0, 45056, 0], ""params"": [1.0, 1.0, 1.0, 2, 0, 0], ""unused_pointer"": 1083368064}"
challenge-ep2/d88203-bb-j,4,49,"{""base_type"": 520, ""set_flags"": 0, ""runtime_index"": 28168, ""file_offset"": 44416, ""floor_field"": 9, ""entity_id_field"": 65353, ""group"": 0, ""room"": 3, ""unknown_a3"": 0, ""position"": [-554.3845825195312, -4.64304256439209, 71.64752197265625], ""angles"": [0, 57344, 0], ""params"": [1.0, 1.0, 1.0, 2, 0, 0], ""unused_pointer"": 546759296}"
challenge-ep2/d88203-bb-j,4,50,"{""base_type"": 520, ""set_flags"": 0, ""runtime_index"": 28424, ""file_offset"": 44484, ""floor_field"": 9, ""entity_id_field"": 74, ""group"": 0, ""room"": 3, ""unknown_a3"": 0, ""position"": [-582.2813720703125, -12.143043518066406, 53.255401611328125], ""angles"": [0, 61440, 0], ""params"": [1.0, 1.0, 1.0, 2, 0, 0], ""unused_pointer"": 10150528}"
challenge-ep2/d88203-bb-j,4,136,"{""base_type"": 520, ""set_flags"": 512, ""runtime_index"": 43014, ""file_offset"": 50332, ""floor_field"": 9, ""entity_id_field"": 43078, ""group"": 0, ""room"": 7, ""unknown_a3"": 0, ""position"": [-142.875, -4.739999771118164, 27.09136962890625], ""angles"": [0, 57344, 0], ""params"": [1.0, 1.0, 1.0, 2, 0, 0], ""unused_pointer"": 547152768}"
challenge-ep2/d88203-bb-j,4,146,"{""base_type"": 520, ""set_flags"": 512, ""runtime_index"": 45830, ""file_offset"": 51012, ""floor_field"": 9, ""entity_id_field"": 45894, ""group"": 0, ""room"": 7, ""unknown_a3"": 0, ""position"": [354.61004638671875, 8.619999885559082, -182.70999145507812], ""angles"": [0, 28672, 0], ""params"": [1.0, 1.0, 1.0, 2, 0, 0], ""unused_pointer"": 1355277184}"
challenge-ep2/d88203-bb-j,5,91,"{""base_type"": 520, ""set_flags"": 0, ""runtime_index"": 43272, ""file_offset"": 61364, ""floor_field"": 5, ""entity_id_field"": 43080, ""group"": 0, ""room"": 9, ""unknown_a3"": 0, ""position"": [200.0, 0.0, -10.0], ""angles"": [0, 16384, 0], ""params"": [1.0, 1.0, 1.0, 2, 0, 0], ""unused_pointer"": 272363136}"
challenge-ep2/d88203-bb-j,5,107,"{""base_type"": 520, ""set_flags"": 0, ""runtime_index"": 42760, ""file_offset"": 62452, ""floor_field"": 5, ""entity_id_field"": 47947, ""group"": 0, ""room"": 10, ""unknown_a3"": 0, ""position"": [200.0, -10.0, -10.0], ""angles"": [0, 16384, 0], ""params"": [1.0, 1.0, 1.0, 2, 0, 0], ""unused_pointer"": 1887363456}"
events-ep2/q42-bb-e,16,22,"{""base_type"": 520, ""set_flags"": 0, ""runtime_index"": 23304, ""file_offset"": 4656, ""floor_field"": 16, ""entity_id_field"": 24904, ""group"": 0, ""room"": 3, ""unknown_a3"": 0, ""position"": [-266.6745910644531, 9.281901359558105, -232.8190155029297], ""angles"": [0, 24576, 0], ""params"": [1.0, 1.0, 1.0, 2, 0, 0], ""unused_pointer"": 1891951232}"
events-ep2/q42-bb-e,16,23,"{""base_type"": 520, ""set_flags"": 0, ""runtime_index"": 23560, ""file_offset"": 4724, ""floor_field"": 16, ""entity_id_field"": 25160, ""group"": 0, ""room"": 3, ""unknown_a3"": 0, ""position"": [-360.1832275390625, 9.720992088317871, -237.2099151611328], ""angles"": [0, 4096, 0], ""params"": [1.0, 1.0, 1.0, 2, 0, 0], ""unused_pointer"": 1355342464}"
events-ep2/q42-bb-e,16,24,"{""base_type"": 520, ""set_flags"": 0, ""runtime_index"": 23816, ""file_offset"": 4792, ""floor_field"": 16, ""entity_id_field"": 25416, ""group"": 0, ""room"": 3, ""unknown_a3"": 0, ""position"": [-233.51739501953125, 0.2986432909965515, -139.59219360351562], ""angles"": [0, 49152, 0], ""params"": [1.0, 1.0, 1.0, 2, 0, 0], ""unused_pointer"": 818733696}"
events-ep2/q42-bb-e,16,25,"{""base_type"": 520, ""set_flags"": 0, ""runtime_index"": 24072, ""file_offset"": 4860, ""floor_field"": 16, ""entity_id_field"": 25672, ""group"": 0, ""room"": 3, ""unknown_a3"": 0, ""position"": [-422.7828369140625, 2.164201021194458, -165.38992309570312], ""angles"": [0, 77824, 0], ""params"": [1.0, 1.0, 1.0, 2, 0, 0], ""unused_pointer"": 282124928}"
events-ep2/q42-bb-e,16,41,"{""base_type"": 520, ""set_flags"": 0, ""runtime_index"": 31240, ""file_offset"": 5948, ""floor_field"": 16, ""entity_id_field"": 59982, ""group"": 0, ""room"": 7, ""unknown_a3"": 0, ""position"": [-129.873046875, 0.8114930391311646, -320.99517822265625], ""angles"": [0, 0, 0], ""params"": [1.0, 1.0, 1.0, 2, 0, 0], ""unused_pointer"": 3770147456}"
events-ep2/q42-bb-e,16,43,"{""base_type"": 520, ""set_flags"": 0, ""runtime_index"": 31496, ""file_offset"": 6084, ""floor_field"": 16, ""entity_id_field"": 60494, ""group"": 0, ""room"": 7, ""unknown_a3"": 0, ""position"": [-146.282958984375, 9.999999046325684, -325.62554931640625], ""angles"": [0, 0, 0], ""params"": [1.0, 1.0, 1.0, 2, 0, 0], ""unused_pointer"": 3769819776}"
events-ep2/q42-bb-j,16,22,"{""base_type"": 520, ""set_flags"": 0, ""runtime_index"": 23304, ""file_offset"": 4656, ""floor_field"": 16, ""entity_id_field"": 24904, ""group"": 0, ""room"": 3, ""unknown_a3"": 0, ""position"": [-266.6745910644531, 9.281901359558105, -232.8190155029297], ""angles"": [0, 24576, 0], ""params"": [1.0, 1.0, 1.0, 2, 0, 0], ""unused_pointer"": 1891951232}"
events-ep2/q42-bb-j,16,23,"{""base_type"": 520, ""set_flags"": 0, ""runtime_index"": 23560, ""file_offset"": 4724, ""floor_field"": 16, ""entity_id_field"": 25160, ""group"": 0, ""room"": 3, ""unknown_a3"": 0, ""position"": [-360.1832275390625, 9.720992088317871, -237.2099151611328], ""angles"": [0, 4096, 0], ""params"": [1.0, 1.0, 1.0, 2, 0, 0], ""unused_pointer"": 1355342464}"
events-ep2/q42-bb-j,16,24,"{""base_type"": 520, ""set_flags"": 0, ""runtime_index"": 23816, ""file_offset"": 4792, ""floor_field"": 16, ""entity_id_field"": 25416, ""group"": 0, ""room"": 3, ""unknown_a3"": 0, ""position"": [-233.51739501953125, 0.2986432909965515, -139.59219360351562], ""angles"": [0, 49152, 0], ""params"": [1.0, 1.0, 1.0, 2, 0, 0], ""unused_pointer"": 818733696}"
events-ep2/q42-bb-j,16,25,"{""base_type"": 520, ""set_flags"": 0, ""runtime_index"": 24072, ""file_offset"": 4860, ""floor_field"": 16, ""entity_id_field"": 25672, ""group"": 0, ""room"": 3, ""unknown_a3"": 0, ""position"": [-422.7828369140625, 2.164201021194458, -165.38992309570312], ""angles"": [0, 77824, 0], ""params"": [1.0, 1.0, 1.0, 2, 0, 0], ""unused_pointer"": 282124928}"
events-ep2/q42-bb-j,16,41,"{""base_type"": 520, ""set_flags"": 0, ""runtime_index"": 31240, ""file_offset"": 5948, ""floor_field"": 16, ""entity_id_field"": 59982, ""group"": 0, ""room"": 7, ""unknown_a3"": 0, ""position"": [-129.873046875, 0.8114930391311646, -320.99517822265625], ""angles"": [0, 0, 0], ""params"": [1.0, 1.0, 1.0, 2, 0, 0], ""unused_pointer"": 3770147456}"
events-ep2/q42-bb-j,16,43,"{""base_type"": 520, ""set_flags"": 0, ""runtime_index"": 31496, ""file_offset"": 6084, ""floor_field"": 16, ""entity_id_field"": 60494, ""group"": 0, ""room"": 7, ""unknown_a3"": 0, ""position"": [-146.282958984375, 9.999999046325684, -325.62554931640625], ""angles"": [0, 0, 0], ""params"": [1.0, 1.0, 1.0, 2, 0, 0], ""unused_pointer"": 3769819776}"
events-ep2/q56-bb-e,9,55,"{""base_type"": 520, ""set_flags"": 2, ""runtime_index"": 113, ""file_offset"": 23148, ""floor_field"": 9, ""entity_id_field"": 18924, ""group"": 0, ""room"": 3, ""unknown_a3"": 0, ""position"": [-731.2408447265625, 4.748496055603027, -308.72088623046875], ""angles"": [0, 39680, 0], ""params"": [1.0, 1.0, 1.0, 0, 0, 0], ""unused_pointer"": 77532080}"
events-ep2/q56-bb-e,9,56,"{""base_type"": 520, ""set_flags"": 2, ""runtime_index"": 114, ""file_offset"": 23216, ""floor_field"": 9, ""entity_id_field"": 18925, ""group"": 0, ""room"": 3, ""unknown_a3"": 0, ""position"": [-667.239990234375, 4.75, -368.7200012207031], ""angles"": [0, 39680, 0], ""params"": [1.0, 1.0, 1.0, 0, 0, 0], ""unused_pointer"": 77532944}"
events-ep2/q56-bb-e,9,65,"{""base_type"": 520, ""set_flags"": 2, ""runtime_index"": 123, ""file_offset"": 23828, ""floor_field"": 9, ""entity_id_field"": 18934, ""group"": 0, ""room"": 3, ""unknown_a3"": 0, ""position"": [-620.0, -5.599999904632568, 100.0], ""angles"": [0, 20480, 0], ""params"": [1.0, 1.0, 1.0, 0, 0, 0], ""unused_pointer"": 77538000}"
events-ep2/q56-bb-e,9,82,"{""base_type"": 520, ""set_flags"": 0, ""runtime_index"": 202, ""file_offset"": 24984, ""floor_field"": 9, ""entity_id_field"": 18951, ""group"": 0, ""room"": 7, ""unknown_a3"": 0, ""position"": [-140.0, 10.0, -320.0], ""angles"": [0, 0, 0], ""params"": [1.0, 1.0, 1.0, 0, 0, 0], ""unused_pointer"": 77554960}"
events-ep2/q56-bb-j,9,55,"{""base_type"": 520, ""set_flags"": 2, ""runtime_index"": 113, ""file_offset"": 23148, ""floor_field"": 9, ""entity_id_field"": 18924, ""group"": 0, ""room"": 3, ""unknown_a3"": 0, ""position"": [-731.2408447265625, 4.748496055603027, -308.72088623046875], ""angles"": [0, 39680, 0], ""params"": [1.0, 1.0, 1.0, 0, 0, 0], ""unused_pointer"": 77532080}"
events-ep2/q56-bb-j,9,56,"{""base_type"": 520, ""set_flags"": 2, ""runtime_index"": 114, ""file_offset"": 23216, ""floor_field"": 9, ""entity_id_field"": 18925, ""group"": 0, ""room"": 3, ""unknown_a3"": 0, ""position"": [-667.239990234375, 4.75, -368.7200012207031], ""angles"": [0, 39680, 0], ""params"": [1.0, 1.0, 1.0, 0, 0, 0], ""unused_pointer"": 77532944}"
events-ep2/q56-bb-j,9,65,"{""base_type"": 520, ""set_flags"": 2, ""runtime_index"": 123, ""file_offset"": 23828, ""floor_field"": 9, ""entity_id_field"": 18934, ""group"": 0, ""room"": 3, ""unknown_a3"": 0, ""position"": [-620.0, -5.599999904632568, 100.0], ""angles"": [0, 20480, 0], ""params"": [1.0, 1.0, 1.0, 0, 0, 0], ""unused_pointer"": 77538000}"
events-ep2/q56-bb-j,9,82,"{""base_type"": 520, ""set_flags"": 0, ""runtime_index"": 202, ""file_offset"": 24984, ""floor_field"": 9, ""entity_id_field"": 18951, ""group"": 0, ""room"": 7, ""unknown_a3"": 0, ""position"": [-140.0, 10.0, -320.0], ""angles"": [0, 0, 0], ""params"": [1.0, 1.0, 1.0, 0, 0, 0], ""unused_pointer"": 77554960}"
events-ep2/q83-bb-e,5,20,"{""base_type"": 520, ""set_flags"": 0, ""runtime_index"": 0, ""file_offset"": 4656, ""floor_field"": 0, ""entity_id_field"": 0, ""group"": 0, ""room"": 5, ""unknown_a3"": 0, ""position"": [-190.0, 50.0, -40.0], ""angles"": [0, 16384, 0], ""params"": [1.0, 1.0, 1.0, 2, 2, 0], ""unused_pointer"": 2427249280}"
events-ep2/q83-bb-e,5,39,"{""base_type"": 520, ""set_flags"": 0, ""runtime_index"": 0, ""file_offset"": 5948, ""floor_field"": 0, ""entity_id_field"": 0, ""group"": 0, ""room"": 2, ""unknown_a3"": 0, ""position"": [-93.0, 0.0, -75.0], ""angles"": [0, 0, 0], ""params"": [1.0, 1.0, 1.0, 0, 0, 0], ""unused_pointer"": 0}"
events-ep2/q83-bb-e,5,40,"{""base_type"": 520, ""set_flags"": 0, ""runtime_index"": 0, ""file_offset"": 6016, ""floor_field"": 0, ""entity_id_field"": 0, ""group"": 0, ""room"": 2, ""unknown_a3"": 0, ""position"": [-65.0, 0.0, -75.0], ""angles"": [0, 32768, 0], ""params"": [1.0, 1.0, 1.0, 0, 0, 0], ""unused_pointer"": 0}"
events-ep2/q83-bb-e,5,41,"{""base_type"": 520, ""set_flags"": 0, ""runtime_index"": 0, ""file_offset"": 6084, ""floor_field"": 0, ""entity_id_field"": 0, ""group"": 0, ""room"": 2, ""unknown_a3"": 0, ""position"": [-37.0, 0.49321651458740234, -75.0], ""angles"": [0, 0, 0], ""params"": [1.0, 1.0, 1.0, 0, 0, 0], ""unused_pointer"": 0}"
events-ep2/q83-bb-e,5,42,"{""base_type"": 520, ""set_flags"": 0, ""runtime_index"": 0, ""file_offset"": 6152, ""floor_field"": 0, ""entity_id_field"": 0, ""group"": 0, ""room"": 2, ""unknown_a3"": 0, ""position"": [-9.0, 0.3074184060096741, -75.0], ""angles"": [0, 32768, 0], ""params"": [1.0, 1.0, 1.0, 0, 0, 0], ""unused_pointer"": 0}"
events-ep2/q83-bb-e,5,43,"{""base_type"": 520, ""set_flags"": 0, ""runtime_index"": 0, ""file_offset"": 6220, ""floor_field"": 0, ""entity_id_field"": 0, ""group"": 0, ""room"": 2, ""unknown_a3"": 0, ""position"": [19.0, 0.0, -75.0], ""angles"": [0, 0, 0], ""params"": [1.0, 1.0, 1.0, 0, 0, 0], ""unused_pointer"": 0}"
events-ep2/q83-bb-e,5,44,"{""base_type"": 520, ""set_flags"": 0, ""runtime_index"": 0, ""file_offset"": 6288, ""floor_field"": 0, ""entity_id_field"": 0, ""group"": 0, ""room"": 2, ""unknown_a3"": 0, ""position"": [47.0, 0.0, -75.0], ""angles"": [0, 32768, 0], ""params"": [1.0, 1.0, 1.0, 0, 0, 0], ""unused_pointer"": 0}"
events-ep2/q83-bb-e,5,45,"{""base_type"": 520, ""set_flags"": 0, ""runtime_index"": 0, ""file_offset"": 6356, ""floor_field"": 0, ""entity_id_field"": 0, ""group"": 0, ""room"": 2, ""unknown_a3"": 0, ""position"": [75.0, 0.0, -75.0], ""angles"": [0, 0, 0], ""params"": [1.0, 1.0, 1.0, 0, 0, 0], ""unused_pointer"": 0}"
events-ep2/q83-bb-e,6,16,"{""base_type"": 520, ""set_flags"": 2, ""runtime_index"": 179, ""file_offset"": 9840, ""floor_field"": 6, ""entity_id_field"": 16563, ""group"": 0, ""room"": 9, ""unknown_a3"": 0, ""position"": [-9.0, -7.0, -130.0], ""angles"": [0, 4096, 0], ""params"": [1.0, 1.0, 1.0, 2, 0, 0], ""unused_pointer"": 75217568}"
events-ep2/q83-bb-e,6,67,"{""base_type"": 520, ""set_flags"": 0, ""runtime_index"": 0, ""file_offset"": 13308, ""floor_field"": 0, ""entity_id_field"": 0, ""group"": 0, ""room"": 14, ""unknown_a3"": 0, ""position"": [62.952545166015625, -100.0, -8.414400100708008], ""angles"": [0, 12300, 0], ""params"": [1.0, 1.0, 1.0, 2, 0, 0], ""unused_pointer"": 0}"
events-ep2/q83-bb-e,6,74,"{""base_type"": 520, ""set_flags"": 0, ""runtime_index"": 0, ""file_offset"": 13784, ""floor_field"": 0, ""entity_id_field"": 0, ""group"": 0, ""room"": 4, ""unknown_a3"": 0, ""position"": [164.78329467773438, 0.0, 50.55229949951172], ""angles"": [0, 18182, 0], ""params"": [1.0, 1.0, 1.0, 1, 0, 0], ""unused_pointer"": 0}"
events-ep2/q83-bb-e,6,75,"{""base_type"": 520, ""set_flags"": 0, ""runtime_index"": 0, ""file_offset"": 13852, ""floor_field"": 0, ""entity_id_field"": 0, ""group"": 0, ""room"": 4, ""unknown_a3"": 0, ""position"": [173.8399200439453, 0.9999731779098511, 76.0567855834961], ""angles"": [0, 52450, 0], ""params"": [1.0, 1.0, 1.0, 0, 0, 0], ""unused_pointer"": 0}"
events-ep2/q83-bb-e,6,76,"{""base_type"": 520, ""set_flags"": 0, ""runtime_index"": 0, ""file_offset"": 13920, ""floor_field"": 0, ""entity_id_field"": 0, ""group"": 0, ""room"": 13, ""unknown_a3"": 0, ""position"": [85.30000305175781, -96.0, 160.0], ""angles"": [0, 32768, 0], ""params"": [1.0, 1.0, 1.0, 2, 0, 0], ""unused_pointer"": 0}"
events-ep2/q83-bb-e,6,79,"{""base_type"": 520, ""set_flags"": 0, ""runtime_index"": 0, ""file_offset"": 14124, ""floor_field"": 0, ""entity_id_field"": 0, ""group"": 0, ""room"": 14, ""unknown_a3"": 0, ""position"": [80.0, -100.0, -51.0], ""angles"": [0, 45408, 0], ""params"": [1.0, 1.0, 1.0, 2, 0, 0], ""unused_pointer"": 0}"
events-ep2/q83-bb-e,6,83,"{""base_type"": 520, ""set_flags"": 0, ""runtime_index"": 0, ""file_offset"": 14396, ""floor_field"": 0, ""entity_id_field"": 0, ""group"": 0, ""room"": 10, ""unknown_a3"": 0, ""position"": [-102.0, -100.0, 98.0], ""angles"": [0, 29944, 0], ""params"": [1.0, 1.0, 1.0, 2, 0, 0], ""unused_pointer"": 0}"
events-ep2/q83-bb-e,6,85,"{""base_type"": 520, ""set_flags"": 0, ""runtime_index"": 0, ""file_offset"": 14532, ""floor_field"": 0, ""entity_id_field"": 0, ""group"": 0, ""room"": 3, ""unknown_a3"": 0, ""position"": [-163.50253295898438, 0.0, -81.50860595703125], ""angles"": [0, 59278, 0], ""params"": [1.0, 1.0, 1.0, 2, 0, 0], ""unused_pointer"": 0}"
events-ep2/q83-bb-e,6,86,"{""base_type"": 520, ""set_flags"": 0, ""runtime_index"": 0, ""file_offset"": 14600, ""floor_field"": 0, ""entity_id_field"": 0, ""group"": 0, ""room"": 3, ""unknown_a3"": 0, ""position"": [-135.0, 0.0, -69.0], ""angles"": [0, 63387, 0], ""params"": [1.0, 1.0, 1.0, 2, 0, 0], ""unused_pointer"": 0}"
events-ep2/q83-bb-e,6,87,"{""base_type"": 520, ""set_flags"": 0, ""runtime_index"": 0, ""file_offset"": 14668, ""floor_field"": 0, ""entity_id_field"": 0, ""group"": 0, ""room"": 3, ""unknown_a3"": 0, ""position"": [-105.0, 0.0, -65.5999984741211], ""angles"": [0, 33029, 0], ""params"": [1.0, 1.0, 1.0, 2, 0, 0], ""unused_pointer"": 0}"
events-ep2/q83-bb-e,6,88,"{""base_type"": 520, ""set_flags"": 0, ""runtime_index"": 0, ""file_offset"": 14736, ""floor_field"": 0, ""entity_id_field"": 0, ""group"": 0, ""room"": 3, ""unknown_a3"": 0, ""position"": [-73.0, 0.0, -66.0], ""angles"": [0, 0, 0], ""params"": [1.0, 1.0, 1.0, 2, 0, 0], ""unused_pointer"": 0}"
events-ep2/q83-bb-e,6,89,"{""base_type"": 520, ""set_flags"": 0, ""runtime_index"": 0, ""file_offset"": 14804, ""floor_field"": 0, ""entity_id_field"": 0, ""group"": 0, ""room"": 3, ""unknown_a3"": 0, ""position"": [2.238311529159546, 0.0, -67.42095184326172], ""angles"": [0, 32768, 0], ""params"": [1.0, 1.0, 1.0, 2, 0, 0], ""unused_pointer"": 0}"
events-ep2/q83-bb-e,6,90,"{""base_type"": 520, ""set_flags"": 0, ""runtime_index"": 0, ""file_offset"": 14872, ""floor_field"": 0, ""entity_id_field"": 0, ""group"": 0, ""room"": 3, ""unknown_a3"": 0, ""position"": [32.143001556396484, 0.0, -68.0], ""angles"": [0, 548, 0], ""params"": [1.0, 1.0, 1.0, 2, 0, 0], ""unused_pointer"": 0}"
events-ep2/q83-bb-e,6,91,"{""base_type"": 520, ""set_flags"": 0, ""runtime_index"": 0, ""file_offset"": 14940, ""floor_field"": 0, ""entity_id_field"": 0, ""group"": 0, ""room"": 3, ""unknown_a3"": 0, ""position"": [62.38059997558594, 0.0, -69.30000305175781], ""angles"": [0, 33316, 0], ""params"": [1.0, 1.0, 1.0, 2, 0, 0], ""unused_pointer"": 0}"
events-ep2/q83-bb-e,6,92,"{""base_type"": 520, ""set_flags"": 0, ""runtime_index"": 0, ""file_offset"": 15008, ""floor_field"": 0, ""entity_id_field"": 0, ""group"": 0, ""room"": 13, ""unknown_a3"": 0, ""position"": [51.0, -98.0, 160.0], ""angles"": [0, 160, 0], ""params"": [1.0, 1.0, 1.0, 2, 0, 0], ""unused_pointer"": 0}"
events-ep2/q83-bb-e,6,93,"{""base_type"": 520, ""set_flags"": 0, ""runtime_index"": 0, ""file_offset"": 15076, ""floor_field"": 0, ""entity_id_field"": 0, ""group"": 0, ""room"": 14, ""unknown_a3"": 0, ""position"": [204.0, -98.0, -31.299999237060547], ""angles"": [0, 12778, 0], ""params"": [1.0, 1.0, 1.0, 2, 0, 0], ""unused_pointer"": 0}"
events-ep2/q83-bb-e,6,101,"{""base_type"": 520, ""set_flags"": 0, ""runtime_index"": 0, ""file_offset"": 15620, ""floor_field"": 0, ""entity_id_field"": 0, ""group"": 0, ""room"": 3, ""unknown_a3"": 0, ""position"": [90.69999694824219, 0.0, -70.49600219726562], ""angles"": [0, 1326, 0], ""params"": [1.0, 1.0, 1.0, 2, 0, 0], ""unused_pointer"": 0}"
events-ep2/q83-bb-e,6,102,"{""base_type"": 520, ""set_flags"": 0, ""runtime_index"": 0, ""file_offset"": 15688, ""floor_field"": 0, ""entity_id_field"": 0, ""group"": 0, ""room"": 3, ""unknown_a3"": 0, ""position"": [116.50123596191406, 0.0, -74.0], ""angles"": [0, 36430, 0], ""params"": [1.0, 1.0, 1.0, 2, 0, 0], ""unused_pointer"": 0}"
events-ep2/q83-bb-e,6,103,"{""base_type"": 520, ""set_flags"": 0, ""runtime_index"": 0, ""file_offset"": 15756, ""floor_field"": 0, ""entity_id_field"": 0, ""group"": 0, ""room"": 3, ""unknown_a3"": 0, ""position"": [139.9082489013672, -1.0, -85.04598999023438], ""angles"": [0, 37233, 0], ""params"": [1.0, 1.0, 1.0, 2, 0, 0], ""unused_pointer"": 0}"
events-ep2/q83-bb-e,6,110,"{""base_type"": 520, ""set_flags"": 0, ""runtime_index"": 0, ""file_offset"": 16232, ""floor_field"": 0, ""entity_id_field"": 0, ""group"": 0, ""room"": 9, ""unknown_a3"": 0, ""position"": [-66.0, -98.0, 131.0], ""angles"": [0, 12693, 0], ""params"": [1.0, 1.0, 1.0, 1, 0, 0], ""unused_pointer"": 0}"
events-ep2/q83-bb-e,6,145,"{""base_type"": 520, ""set_flags"": 0, ""runtime_index"": 0, ""file_offset"": 18612, ""floor_field"": 0, ""entity_id_field"": 0, ""group"": 0, ""room"": 3, ""unknown_a3"": 0, ""position"": [-70.8086166381836, -5.0, -157.39129638671875], ""angles"": [0, 30478, 0], ""params"": [1.0, 1.0, 1.0, 1, 0, 0], ""unused_pointer"": 0}"
events-ep2/q83-bb-e,6,146,"{""base_type"": 520, ""set_flags"": 0, ""runtime_index"": 0, ""file_offset"": 18680, ""floor_field"": 0, ""entity_id_field"": 0, ""group"": 0, ""room"": 3, ""unknown_a3"": 0, ""position"": [-43.82979965209961, -5.0, -152.48606872558594], ""angles"": [0, 63781, 0], ""params"": [1.0, 1.0, 1.0, 1, 0, 0], ""unused_pointer"": 0}"
events-ep2/q83-bb-e,6,167,"{""base_type"": 520, ""set_flags"": 0, ""runtime_index"": 0, ""file_offset"": 20108, ""floor_field"": 0, ""entity_id_field"": 0, ""group"": 0, ""room"": 4, ""unknown_a3"": 0, ""position"": [17.0, 0.0, 107.0], ""angles"": [0, 62744, 0], ""params"": [1.0, 1.0, 1.0, 1, 0, 0], ""unused_pointer"": 0}"
events-ep2/q83-bb-e,7,10,"{""base_type"": 520, ""set_flags"": 2, ""runtime_index"": 278, ""file_offset"": 20872, ""floor_field"": 7, ""entity_id_field"": 16662, ""group"": 0, ""room"": 6, ""unknown_a3"": 0, ""position"": [-60.0, -54.0, 105.0], ""angles"": [0, 0, 0], ""params"": [1.0, 1.0, 1.0, 0, 0, 0], ""unused_pointer"": 75210000}"
events-ep2/q83-bb-e,7,31,"{""base_type"": 520, ""set_flags"": 0, ""runtime_index"": 0, ""file_offset"": 22300, ""floor_field"": 0, ""entity_id_field"": 0, ""group"": 0, ""room"": 6, ""unknown_a3"": 0, ""position"": [-22.600000381469727, -51.0, 58.0], ""angles"": [0, 49400, 0], ""params"": [1.0, 1.0, 1.0, 2, 0, 0], ""unused_pointer"": 0}"
events-ep2/q83-bb-e,7,33,"{""base_type"": 520, ""set_flags"": 0, ""runtime_index"": 0, ""file_offset"": 22436, ""floor_field"": 0, ""entity_id_field"": 0, ""group"": 0, ""room"": 8, ""unknown_a3"": 0, ""position"": [18.0, -67.0, 16.0], ""angles"": [0, 18711, 0], ""params"": [1.0, 1.0, 1.0, 2, 0, 0], ""unused_pointer"": 0}"
events-ep2/q83-bb-e,7,35,"{""base_type"": 520, ""set_flags"": 0, ""runtime_index"": 0, ""file_offset"": 22572, ""floor_field"": 0, ""entity_id_field"": 0, ""group"": 0, ""room"": 6, ""unknown_a3"": 0, ""position"": [-27.0, -50.0, -17.0], ""angles"": [0, 16892, 0], ""params"": [1.0, 1.0, 1.0, 2, 0, 0], ""unused_pointer"": 0}"
events-ep2/q83-bb-e,7,46,"{""base_type"": 520, ""set_flags"": 0, ""runtime_index"": 0, ""file_offset"": 23320, ""floor_field"": 0, ""entity_id_field"": 0, ""group"": 0, ""room"": 8, ""unknown_a3"": 0, ""position"": [18.0, -47.0, 16.0], ""angles"": [0, 18711, 0], ""params"": [1.0, 1.0, 1.0, 2, 0, 0], ""unused_pointer"": 0}"
events-ep2/q83-bb-e,7,47,"{""base_type"": 520, ""set_flags"": 0, ""runtime_index"": 0, ""file_offset"": 23388, ""floor_field"": 0, ""entity_id_field"": 0, ""group"": 0, ""room"": 8, ""unknown_a3"": 0, ""position"": [12.0, -67.0, -16.0], ""angles"": [0, 51356, 0], ""params"": [1.0, 1.0, 1.0, 2, 0, 0], ""unused_pointer"": 0}"
events-ep2/q83-bb-e,7,48,"{""base_type"": 520, ""set_flags"": 0, ""runtime_index"": 0, ""file_offset"": 23456, ""floor_field"": 0, ""entity_id_field"": 0, ""group"": 0, ""room"": 8, ""unknown_a3"": 0, ""position"": [12.0, -47.0, -16.0], ""angles"": [0, 51356, 0], ""params"": [1.0, 1.0, 1.0, 2, 0, 0], ""unused_pointer"": 0}"
events-ep2/q83-bb-e,7,55,"{""base_type"": 520, ""set_flags"": 0, ""runtime_index"": 0, ""file_offset"": 23932, ""floor_field"": 0, ""entity_id_field"": 0, ""group"": 0, ""room"": 4, ""unknown_a3"": 0, ""position"": [-13.0, -44.0, -6.6389360427856445], ""angles"": [0, 28938, 0], ""params"": [1.0, 1.0, 1.0, 0, 0, 0], ""unused_pointer"": 0}"
events-ep2/q83-bb-e,7,69,"{""base_type"": 520, ""set_flags"": 0, ""runtime_index"": 0, ""file_offset"": 24884, ""floor_field"": 0, ""entity_id_field"": 0, ""group"": 0, ""room"": 2, ""unknown_a3"": 0, ""position"": [46.31330108642578, -45.000003814697266, 16.0], ""angles"": [0, 52428, 0], ""params"": [1.0, 1.0, 1.0, 2, 0, 0], ""unused_pointer"": 0}"
events-ep2/q83-bb-e,7,70,"{""base_type"": 520, ""set_flags"": 0, ""runtime_index"": 0, ""file_offset"": 24952, ""floor_field"": 0, ""entity_id_field"": 0, ""group"": 0, ""room"": 2, ""unknown_a3"": 0, ""position"": [20.0, -45.0, -75.97630310058594], ""angles"": [0, 19682, 0], ""params"": [1.0, 1.0, 1.0, 1, 0, 0], ""unused_pointer"": 0}"
events-ep2/q83-bb-e,8,13,"{""base_type"": 520, ""set_flags"": 2, ""runtime_index"": 202, ""file_offset"": 28300, ""floor_field"": 8, ""entity_id_field"": 16586, ""group"": 0, ""room"": 3, ""unknown_a3"": 0, ""position"": [-138.0, -88.0, 129.0], ""angles"": [0, 20739, 0], ""params"": [1.0, 1.0, 1.0, 2, 0, 0], ""unused_pointer"": 118135840}"
events-ep2/q83-bb-e,8,59,"{""base_type"": 520, ""set_flags"": 2, ""runtime_index"": 288, ""file_offset"": 31428, ""floor_field"": 8, ""entity_id_field"": 16672, ""group"": 0, ""room"": 4, ""unknown_a3"": 0, ""position"": [67.0, 2.0, -167.77001953125], ""angles"": [0, 15371, 0], ""params"": [1.0, 1.0, 1.0, 2, 0, 0], ""unused_pointer"": 118185968}"
events-ep2/q83-bb-e,8,116,"{""base_type"": 520, ""set_flags"": 0, ""runtime_index"": 0, ""file_offset"": 35304, ""floor_field"": 0, ""entity_id_field"": 0, ""group"": 0, ""room"": 7, ""unknown_a3"": 0, ""position"": [-93.93822479248047, -0.00029287373763509095, 190.0], ""angles"": [0, 1798, 0], ""params"": [1.0, 1.0, 1.0, 2, 0, 0], ""unused_pointer"": 0}"
events-ep2/q83-bb-e,8,117,"{""base_type"": 520, ""set_flags"": 0, ""runtime_index"": 0, ""file_offset"": 35372, ""floor_field"": 0, ""entity_id_field"": 0, ""group"": 0, ""room"": 7, ""unknown_a3"": 0, ""position"": [-67.93820190429688, -0.0002871608012355864, 172.67550659179688], ""angles"": [0, 9836, 0], ""params"": [1.0, 1.0, 1.0, 2, 0, 0], ""unused_pointer"": 0}"
events-ep2/q83-bb-e,8,118,"{""base_type"": 520, ""set_flags"": 0, ""runtime_index"": 0, ""file_offset"": 35440, ""floor_field"": 0, ""entity_id_field"": 0, ""group"": 0, ""room"": 7, ""unknown_a3"": 0, ""position"": [-54.88930130004883, 0.0, 140.13839721679688], ""angles"": [0, 47642, 0], ""params"": [1.0, 1.0, 1.0, 2, 0, 0], ""unused_pointer"": 0}"
events-ep2/q83-bb-e,8,121,"{""base_type"": 520, ""set_flags"": 0, ""runtime_index"": 0, ""file_offset"": 35644, ""floor_field"": 0, ""entity_id_field"": 0, ""group"": 0, ""room"": 5, ""unknown_a3"": 0, ""position"": [77.0, 81.0, -109.0], ""angles"": [0, 49152, 0], ""params"": [1.0, 1.0, 1.0, 1, 0, 0], ""unused_pointer"": 0}"
events-ep2/q83-bb-e,8,125,"{""base_type"": 520, ""set_flags"": 0, ""runtime_index"": 0, ""file_offset"": 35916, ""floor_field"": 0, ""entity_id_field"": 0, ""group"": 0, ""room"": 5, ""unknown_a3"": 0, ""position"": [44.0, 72.0, -85.1703109741211], ""angles"": [0, 0, 0], ""params"": [1.0, 1.0, 1.0, 1, 0, 0], ""unused_pointer"": 0}"
events-ep2/q83-bb-e,8,126,"{""base_type"": 520, ""set_flags"": 0, ""runtime_index"": 0, ""file_offset"": 35984, ""floor_field"": 0, ""entity_id_field"": 0, ""group"": 0, ""room"": 5, ""unknown_a3"": 0, ""position"": [11.0, 66.0, -85.5570297241211], ""angles"": [0, 32768, 0], ""params"": [1.0, 1.0, 1.0, 1, 0, 0], ""unused_pointer"": 0}"
events-ep2/q83-bb-e,8,134,"{""base_type"": 520, ""set_flags"": 0, ""runtime_index"": 0, ""file_offset"": 36528, ""floor_field"": 0, ""entity_id_field"": 0, ""group"": 0, ""room"": 4, ""unknown_a3"": 0, ""position"": [-48.451026916503906, 0.0, 256.0], ""angles"": [0, 5142, 0], ""params"": [1.0, 1.0, 1.0, 1, 0, 0], ""unused_pointer"": 0}"
events-ep2/q83-bb-e,8,137,"{""base_type"": 520, ""set_flags"": 0, ""runtime_index"": 0, ""file_offset"": 36732, ""floor_field"": 0, ""entity_id_field"": 0, ""group"": 0, ""room"": 4, ""unknown_a3"": 0, ""position"": [-137.0, -3.9696359634399414, 104.0], ""angles"": [0, 15563, 0], ""params"": [1.0, 1.0, 1.0, 2, 0, 0], ""unused_pointer"": 0}"
events-ep2/q83-bb-e,8,138,"{""base_type"": 520, ""set_flags"": 0, ""runtime_index"": 0, ""file_offset"": 36800, ""floor_field"": 0, ""entity_id_field"": 0, ""group"": 0, ""room"": 4, ""unknown_a3"": 0, ""position"": [-137.0, -4.094976902008057, 83.0], ""angles"": [0, 49152, 0], ""params"": [1.0, 1.0, 1.0, 0, 0, 0], ""unused_pointer"": 0}"
events-ep2/q83-bb-e,8,140,"{""base_type"": 520, ""set_flags"": 0, ""runtime_index"": 0, ""file_offset"": 36936, ""floor_field"": 0, ""entity_id_field"": 0, ""group"": 0, ""room"": 2, ""unknown_a3"": 0, ""position"": [115.09395599365234, -137.0, 76.6649169921875], ""angles"": [0, 63132, 0], ""params"": [1.0, 1.0, 1.0, 2, 0, 0], ""unused_pointer"": 0}"
events-ep2/q83-bb-e,8,141,"{""base_type"": 520, ""set_flags"": 0, ""runtime_index"": 0, ""file_offset"": 37004, ""floor_field"": 0, ""entity_id_field"": 0, ""group"": 0, ""room"": 2, ""unknown_a3"": 0, ""position"": [139.2720947265625, -134.0, 93.0], ""angles"": [0, 27948, -1400], ""params"": [1.0, 1.0, 1.0, 2, 0, 0], ""unused_pointer"": 0}"
events-ep2/q83-bb-e,8,143,"{""base_type"": 520, ""set_flags"": 0, ""runtime_index"": 0, ""file_offset"": 37140, ""floor_field"": 0, ""entity_id_field"": 0, ""group"": 0, ""room"": 8, ""unknown_a3"": 0, ""position"": [-41.0, 7.0, -69.0], ""angles"": [0, 32768, 0], ""params"": [1.0, 1.0, 1.0, 2, 0, 0], ""unused_pointer"": 0}"
events-ep2/q83-bb-e,8,144,"{""base_type"": 520, ""set_flags"": 0, ""runtime_index"": 0, ""file_offset"": 37208, ""floor_field"": 0, ""entity_id_field"": 0, ""group"": 0, ""room"": 8, ""unknown_a3"": 0, ""position"": [34.0, 7.368546962738037, -69.0], ""angles"": [0, 32768, 0], ""params"": [1.0, 1.0, 1.0, 2, 0, 0], ""unused_pointer"": 0}"
events-ep2/q83-bb-e,8,150,"{""base_type"": 520, ""set_flags"": 0, ""runtime_index"": 0, ""file_offset"": 37616, ""floor_field"": 0, ""entity_id_field"": 0, ""group"": 0, ""room"": 2, ""unknown_a3"": 0, ""position"": [-134.0, -129.0, 121.0], ""angles"": [0, 32768, 0], ""params"": [1.0, 1.0, 1.0, 1, 0, 0], ""unused_pointer"": 0}"
events-ep2/q83-bb-e,8,151,"{""base_type"": 520, ""set_flags"": 0, ""runtime_index"": 0, ""file_offset"": 37684, ""floor_field"": 0, ""entity_id_field"": 0, ""group"": 0, ""room"": 2, ""unknown_a3"": 0, ""position"": [-210.0, -127.0, 121.0], ""angles"": [0, 0, 0], ""params"": [1.0, 1.0, 1.0, 1, 0, 0], ""unused_pointer"": 0}"
events-ep2/q83-bb-e,8,154,"{""base_type"": 520, ""set_flags"": 0, ""runtime_index"": 0, ""file_offset"": 37888, ""floor_field"": 0, ""entity_id_field"": 0, ""group"": 0, ""room"": 7, ""unknown_a3"": 0, ""position"": [-125.0, 0.0, 195.1999969482422], ""angles"": [0, 33264, 0], ""params"": [1.0, 1.0, 1.0, 2, 0, 0], ""unused_pointer"": 0}"
events-ep2/q83-bb-e,8,157,"{""base_type"": 520, ""set_flags"": 0, ""runtime_index"": 0, ""file_offset"": 38092, ""floor_field"": 0, ""entity_id_field"": 0, ""group"": 0, ""room"": 5, ""unknown_a3"": 0, ""position"": [-14.041400909423828, 63.0, 112.0], ""angles"": [0, 53411, 0], ""params"": [1.0, 1.0, 1.0, 1, 0, 0], ""unused_pointer"": 0}"
events-ep2/q83-bb-e,8,161,"{""base_type"": 520, ""set_flags"": 0, ""runtime_index"": 0, ""file_offset"": 38364, ""floor_field"": 0, ""entity_id_field"": 0, ""group"": 0, ""room"": 5, ""unknown_a3"": 0, ""position"": [-47.0, 57.0, 176.0], ""angles"": [0, 52932, 0], ""params"": [1.0, 1.0, 1.0, 1, 0, 0], ""unused_pointer"": 0}"
events-ep2/q83-bb-e,8,186,"{""base_type"": 520, ""set_flags"": 0, ""runtime_index"": 0, ""file_offset"": 40064, ""floor_field"": 0, ""entity_id_field"": 0, ""group"": 0, ""room"": 7, ""unknown_a3"": 0, ""position"": [-152.0, 0.0, 196.1999969482422], ""angles"": [0, 0, 0], ""params"": [1.0, 1.0, 1.0, 2, 0, 0], ""unused_pointer"": 0}"
events-ep2/q83-bb-e,9,35,"{""base_type"": 520, ""set_flags"": 512, ""runtime_index"": 24837, ""file_offset"": 46200, ""floor_field"": 9, ""entity_id_field"": 37705, ""group"": 0, ""room"": 5, ""unknown_a3"": 0, ""position"": [-61.0, 10.0, 140.59530639648438], ""angles"": [0, 11900, 0], ""params"": [1.0, 1.0, 1.0, 0, 0, 0], ""unused_pointer"": 3235307904}"
events-ep2/q83-bb-e,9,36,"{""base_type"": 520, ""set_flags"": 512, ""runtime_index"": 25093, ""file_offset"": 46268, ""floor_field"": 9, ""entity_id_field"": 37961, ""group"": 0, ""room"": 5, ""unknown_a3"": 0, ""position"": [-37.20000076293945, 10.0, 110.0], ""angles"": [0, 39856, 0], ""params"": [1.0, 1.0, 1.0, 0, 0, 0], ""unused_pointer"": 2698699136}"
events-ep2/q83-bb-e,9,67,"{""base_type"": 520, ""set_flags"": 0, ""runtime_index"": 0, ""file_offset"": 48376, ""floor_field"": 0, ""entity_id_field"": 0, ""group"": 0, ""room"": 10, ""unknown_a3"": 0, ""position"": [-125.80000305175781, 10.0, -44.24382019042969], ""angles"": [0, 49395, 0], ""params"": [1.0, 1.0, 1.0, 2, 0, 0], ""unused_pointer"": 0}"
events-ep2/q83-bb-e,9,68,"{""base_type"": 520, ""set_flags"": 0, ""runtime_index"": 0, ""file_offset"": 48444, ""floor_field"": 0, ""entity_id_field"": 0, ""group"": 0, ""room"": 10, ""unknown_a3"": 0, ""position"": [-128.76429748535156, 10.0, -65.27571868896484], ""angles"": [0, 49434, 0], ""params"": [1.0, 1.0, 1.0, 2, 0, 0], ""unused_pointer"": 0}"
events-ep2/q83-bb-e,9,69,"{""base_type"": 520, ""set_flags"": 0, ""runtime_index"": 0, ""file_offset"": 48512, ""floor_field"": 0, ""entity_id_field"": 0, ""group"": 0, ""room"": 3, ""unknown_a3"": 0, ""position"": [-39.01954650878906, -1.0, -98.77838134765625], ""angles"": [0, 32768, 0], ""params"": [1.0, 1.0, 1.0, 2, 0, 0], ""unused_pointer"": 0}"
events-ep2/q83-bb-e,9,71,"{""base_type"": 520, ""set_flags"": 0, ""runtime_index"": 0, ""file_offset"": 48648, ""floor_field"": 0, ""entity_id_field"": 0, ""group"": 0, ""room"": 9, ""unknown_a3"": 0, ""position"": [-46.94980239868164, 10.0, -85.30000305175781], ""angles"": [0, 64944, 0], ""params"": [1.0, 1.0, 1.0, 2, 0, 0], ""unused_pointer"": 0}"
events-ep2/q83-bb-e,9,72,"{""base_type"": 520, ""set_flags"": 0, ""runtime_index"": 0, ""file_offset"": 48716, ""floor_field"": 0, ""entity_id_field"": 0, ""group"": 0, ""room"": 9, ""unknown_a3"": 0, ""position"": [-76.50070190429688, 10.0, -76.0], ""angles"": [0, 36233, 0], ""params"": [1.0, 1.0, 1.0, 2, 0, 0], ""unused_pointer"": 0}"
events-ep2/q83-bb-e,9,73,"{""base_type"": 520, ""set_flags"": 0, ""runtime_index"": 0, ""file_offset"": 48784, ""floor_field"": 0, ""entity_id_field"": 0, ""group"": 0, ""room"": 9, ""unknown_a3"": 0, ""position"": [-101.8574447631836, 10.0, -58.6260986328125], ""angles"": [0, 8600, 0], ""params"": [1.0, 1.0, 1.0, 2, 0, 0], ""unused_pointer"": 0}"
events-ep2/q83-bb-e,9,74,"{""base_type"": 520, ""set_flags"": 0, ""runtime_index"": 0, ""file_offset"": 48852, ""floor_field"": 0, ""entity_id_field"": 0, ""group"": 0, ""room"": 9, ""unknown_a3"": 0, ""position"": [-113.73079681396484, 9.9390230178833, -29.75269889831543], ""angles"": [0, 47236, 0], ""params"": [1.0, 1.0, 1.0, 2, 0, 0], ""unused_pointer"": 0}"
events-ep2/q83-bb-e,9,75,"{""base_type"": 520, ""set_flags"": 0, ""runtime_index"": 0, ""file_offset"": 48920, ""floor_field"": 0, ""entity_id_field"": 0, ""group"": 0, ""room"": 9, ""unknown_a3"": 0, ""position"": [-116.69709777832031, 9.925800323486328, 3.2473018169403076], ""angles"": [0, 17088, 0], ""params"": [1.0, 1.0, 1.0, 2, 0, 0], ""unused_pointer"": 0}"
events-ep2/q83-bb-e,9,76,"{""base_type"": 520, ""set_flags"": 0, ""runtime_index"": 0, ""file_offset"": 48988, ""floor_field"": 0, ""entity_id_field"": 0, ""group"": 0, ""room"": 9, ""unknown_a3"": 0, ""position"": [-109.5999984741211, 10.0, 57.099998474121094], ""angles"": [0, 17370, 0], ""params"": [1.0, 1.0, 1.0, 2, 0, 0], ""unused_pointer"": 0}"
events-ep2/q83-bb-e,9,77,"{""base_type"": 520, ""set_flags"": 0, ""runtime_index"": 0, ""file_offset"": 49056, ""floor_field"": 0, ""entity_id_field"": 0, ""group"": 0, ""room"": 9, ""unknown_a3"": 0, ""position"": [-108.0, 10.0, 88.0], ""angles"": [0, 48015, 0], ""params"": [1.0, 1.0, 1.0, 2, 0, 0], ""unused_pointer"": 0}"
events-ep2/q83-bb-e,9,78,"{""base_type"": 520, ""set_flags"": 0, ""runtime_index"": 0, ""file_offset"": 49124, ""floor_field"": 0, ""entity_id_field"": 0, ""group"": 0, ""room"": 14, ""unknown_a3"": 0, ""position"": [161.58203125, 10.0, -39.45527648925781], ""angles"": [0, 2865, 0], ""params"": [1.0, 1.0, 1.0, 2, 0, 0], ""unused_pointer"": 0}"
events-ep2/q83-bb-e,9,79,"{""base_type"": 520, ""set_flags"": 0, ""runtime_index"": 0, ""file_offset"": 49192, ""floor_field"": 0, ""entity_id_field"": 0, ""group"": 0, ""room"": 14, ""unknown_a3"": 0, ""position"": [128.99087524414062, 10.0, -40.552913665771484], ""angles"": [0, 64444, 0], ""params"": [1.0, 1.0, 1.0, 2, 0, 0], ""unused_pointer"": 0}"
events-ep2/q83-bb-e,9,81,"{""base_type"": 520, ""set_flags"": 0, ""runtime_index"": 0, ""file_offset"": 49328, ""floor_field"": 0, ""entity_id_field"": 0, ""group"": 0, ""room"": 5, ""unknown_a3"": 0, ""position"": [-172.0, 8.0, 10.0], ""angles"": [0, 48114, 0], ""params"": [1.0, 1.0, 1.0, 2, 0, 0], ""unused_pointer"": 0}"
events-ep2/q83-bb-e,9,82,"{""base_type"": 520, ""set_flags"": 0, ""runtime_index"": 0, ""file_offset"": 49396, ""floor_field"": 0, ""entity_id_field"": 0, ""group"": 0, ""room"": 5, ""unknown_a3"": 0, ""position"": [-173.0, 8.0, 46.0], ""angles"": [0, 48163, 0], ""params"": [1.0, 1.0, 1.0, 2, 0, 0], ""unused_pointer"": 0}"
events-ep2/q83-bb-e,9,83,"{""base_type"": 520, ""set_flags"": 0, ""runtime_index"": 0, ""file_offset"": 49464, ""floor_field"": 0, ""entity_id_field"": 0, ""group"": 0, ""room"": 5, ""unknown_a3"": 0, ""position"": [-196.0, 3.0, 143.17469787597656], ""angles"": [0, 14837, 0], ""params"": [1.0, 1.0, 1.0, 2, 0, 0], ""unused_pointer"": 0}"
events-ep2/q83-bb-e,9,84,"{""base_type"": 520, ""set_flags"": 0, ""runtime_index"": 0, ""file_offset"": 49532, ""floor_field"": 0, ""entity_id_field"": 0, ""group"": 0, ""room"": 5, ""unknown_a3"": 0, ""position"": [-188.82569885253906, 6.0, 113.27040100097656], ""angles"": [0, 46622, 0], ""params"": [1.0, 1.0, 1.0, 2, 0, 0], ""unused_pointer"": 0}"
events-ep2/q83-bb-e,9,86,"{""base_type"": 520, ""set_flags"": 0, ""runtime_index"": 0, ""file_offset"": 49668, ""floor_field"": 0, ""entity_id_field"": 0, ""group"": 0, ""room"": 3, ""unknown_a3"": 0, ""position"": [-71.43254852294922, -1.1293717622756958, -98.0], ""angles"": [0, 0, 0], ""params"": [1.0, 1.0, 1.0, 2, 0, 0], ""unused_pointer"": 0}"
events-ep2/q83-bb-e,9,87,"{""base_type"": 520, ""set_flags"": 0, ""runtime_index"": 0, ""file_offset"": 49736, ""floor_field"": 0, ""entity_id_field"": 0, ""group"": 0, ""room"": 3, ""unknown_a3"": 0, ""position"": [-105.0, -1.2478407621383667, -98.0], ""angles"": [0, 32768, 0], ""params"": [1.0, 1.0, 1.0, 2, 0, 0], ""unused_pointer"": 0}"
events-ep2/q83-bb-e,9,88,"{""base_type"": 520, ""set_flags"": 0, ""runtime_index"": 0, ""file_offset"": 49804, ""floor_field"": 0, ""entity_id_field"": 0, ""group"": 0, ""room"": 3, ""unknown_a3"": 0, ""position"": [-139.0, -1.1309913396835327, -98.0], ""angles"": [0, 0, 0], ""params"": [1.0, 1.0, 1.0, 2, 0, 0], ""unused_pointer"": 0}"
events-ep2/q83-bb-e,9,89,"{""base_type"": 520, ""set_flags"": 0, ""runtime_index"": 0, ""file_offset"": 49872, ""floor_field"": 0, ""entity_id_field"": 0, ""group"": 0, ""room"": 3, ""unknown_a3"": 0, ""position"": [-173.0, -1.0409340858459473, -98.0], ""angles"": [0, 32768, 0], ""params"": [1.0, 1.0, 1.0, 2, 0, 0], ""unused_pointer"": 0}"
events-ep2/q83-bb-e,9,90,"{""base_type"": 520, ""set_flags"": 0, ""runtime_index"": 0, ""file_offset"": 49940, ""floor_field"": 0, ""entity_id_field"": 0, ""group"": 0, ""room"": 3, ""unknown_a3"": 0, ""position"": [-207.0, -0.9256698489189148, -98.0], ""angles"": [0, 0, 0], ""params"": [1.0, 1.0, 1.0, 2, 0, 0], ""unused_pointer"": 0}"
events-ep2/q83-bb-e,9,91,"{""base_type"": 520, ""set_flags"": 0, ""runtime_index"": 0, ""file_offset"": 50008, ""floor_field"": 0, ""entity_id_field"": 0, ""group"": 0, ""room"": 3, ""unknown_a3"": 0, ""position"": [-241.0, -1.058497667312622, -98.0], ""angles"": [0, 0, 0], ""params"": [1.0, 1.0, 1.0, 2, 0, 0], ""unused_pointer"": 0}"
events-ep2/q83-bb-e,9,92,"{""base_type"": 520, ""set_flags"": 0, ""runtime_index"": 0, ""file_offset"": 50076, ""floor_field"": 0, ""entity_id_field"": 0, ""group"": 0, ""room"": 3, ""unknown_a3"": 0, ""position"": [-275.0, -1.092273473739624, -98.0], ""angles"": [0, 32768, 0], ""params"": [1.0, 1.0, 1.0, 2, 0, 0], ""unused_pointer"": 0}"
events-ep2/q83-bb-e,9,93,"{""base_type"": 520, ""set_flags"": 0, ""runtime_index"": 0, ""file_offset"": 50144, ""floor_field"": 0, ""entity_id_field"": 0, ""group"": 0, ""room"": 3, ""unknown_a3"": 0, ""position"": [-309.0, -1.2597732543945312, -98.0], ""angles"": [0, 0, 0], ""params"": [1.0, 1.0, 1.0, 2, 0, 0], ""unused_pointer"": 0}"
events-ep2/q83-bb-e,9,94,"{""base_type"": 520, ""set_flags"": 0, ""runtime_index"": 0, ""file_offset"": 50212, ""floor_field"": 0, ""entity_id_field"": 0, ""group"": 0, ""room"": 3, ""unknown_a3"": 0, ""position"": [-343.0, -1.1449564695358276, -98.0], ""angles"": [0, 32768, 0], ""params"": [1.0, 1.0, 1.0, 2, 0, 0], ""unused_pointer"": 0}"
events-ep2/q83-bb-e,9,95,"{""base_type"": 520, ""set_flags"": 0, ""runtime_index"": 0, ""file_offset"": 50280, ""floor_field"": 0, ""entity_id_field"": 0, ""group"": 0, ""room"": 3, ""unknown_a3"": 0, ""position"": [-377.0, -1.0083502531051636, -98.0], ""angles"": [0, 0, 0], ""params"": [1.0, 1.0, 1.0, 2, 0, 0], ""unused_pointer"": 0}"
events-ep2/q83-bb-e,9,96,"{""base_type"": 520, ""set_flags"": 0, ""runtime_index"": 0, ""file_offset"": 50348, ""floor_field"": 0, ""entity_id_field"": 0, ""group"": 0, ""room"": 3, ""unknown_a3"": 0, ""position"": [-411.0, -0.9044367671012878, -98.0], ""angles"": [0, 32768, 0], ""params"": [1.0, 1.0, 1.0, 2, 0, 0], ""unused_pointer"": 0}"
events-ep2/q83-bb-e,9,97,"{""base_type"": 520, ""set_flags"": 0, ""runtime_index"": 0, ""file_offset"": 50416, ""floor_field"": 0, ""entity_id_field"": 0, ""group"": 0, ""room"": 3, ""unknown_a3"": 0, ""position"": [-445.0, -0.9919874668121338, -98.0], ""angles"": [0, 0, 0], ""params"": [1.0, 1.0, 1.0, 2, 0, 0], ""unused_pointer"": 0}"
events-ep2/q83-bb-e,9,98,"{""base_type"": 520, ""set_flags"": 0, ""runtime_index"": 0, ""file_offset"": 50484, ""floor_field"": 0, ""entity_id_field"": 0, ""group"": 0, ""room"": 3, ""unknown_a3"": 0, ""position"": [-479.0, -1.1216695308685303, -98.0], ""angles"": [0, 32768, 0], ""params"": [1.0, 1.0, 1.0, 2, 0, 0], ""unused_pointer"": 0}"
events-ep2/q83-bb-e,9,99,"{""base_type"": 520, ""set_flags"": 0, ""runtime_index"": 0, ""file_offset"": 50552, ""floor_field"": 0, ""entity_id_field"": 0, ""group"": 0, ""room"": 3, ""unknown_a3"": 0, ""position"": [-513.0, -1.0, -98.0], ""angles"": [0, 0, 0], ""params"": [1.0, 1.0, 1.0, 2, 0, 0], ""unused_pointer"": 0}"
events-ep2/q83-bb-e,9,100,"{""base_type"": 520, ""set_flags"": 0, ""runtime_index"": 0, ""file_offset"": 50620, ""floor_field"": 0, ""entity_id_field"": 0, ""group"": 0, ""room"": 3, ""unknown_a3"": 0, ""position"": [-547.0, -1.0, -98.0], ""angles"": [0, 32768, 0], ""params"": [1.0, 1.0, 1.0, 2, 0, 0], ""unused_pointer"": 0}"
events-ep2/q83-bb-e,9,101,"{""base_type"": 520, ""set_flags"": 0, ""runtime_index"": 0, ""file_offset"": 50688, ""floor_field"": 0, ""entity_id_field"": 0, ""group"": 0, ""room"": 3, ""unknown_a3"": 0, ""position"": [-581.0, -1.0106639862060547, -98.0], ""angles"": [0, 0, 0], ""params"": [1.0, 1.0, 1.0, 2, 0, 0], ""unused_pointer"": 0}"
events-ep2/q83-bb-e,9,102,"{""base_type"": 520, ""set_flags"": 0, ""runtime_index"": 0, ""file_offset"": 50756, ""floor_field"": 0, ""entity_id_field"": 0, ""group"": 0, ""room"": 3, ""unknown_a3"": 0, ""position"": [-611.8386840820312, -0.8805413842201233, -106.1822738647461], ""angles"": [0, 26859, 0], ""params"": [1.0, 1.0, 1.0, 2, 0, 0], ""unused_pointer"": 0}"
events-ep2/q83-bb-e,9,109,"{""base_type"": 520, ""set_flags"": 0, ""runtime_index"": 0, ""file_offset"": 51232, ""floor_field"": 0, ""entity_id_field"": 0, ""group"": 0, ""room"": 14, ""unknown_a3"": 0, ""position"": [37.07680130004883, 10.0, -56.0], ""angles"": [0, 47083, 0], ""params"": [1.0, 1.0, 1.0, 2, 0, 0], ""unused_pointer"": 0}"
events-ep2/q83-bb-e,9,110,"{""base_type"": 520, ""set_flags"": 0, ""runtime_index"": 0, ""file_offset"": 51300, ""floor_field"": 0, ""entity_id_field"": 0, ""group"": 0, ""room"": 14, ""unknown_a3"": 0, ""position"": [19.203899383544922, 10.0, -65.2343978881836], ""angles"": [0, 2712, 0], ""params"": [1.0, 1.0, 1.0, 2, 0, 0], ""unused_pointer"": 0}"
events-ep2/q83-bb-e,9,144,"{""base_type"": 520, ""set_flags"": 0, ""runtime_index"": 0, ""file_offset"": 53612, ""floor_field"": 0, ""entity_id_field"": 0, ""group"": 0, ""room"": 3, ""unknown_a3"": 0, ""position"": [-20.0, -14.0, -25.799999237060547], ""angles"": [0, 51497, 0], ""params"": [1.0, 1.0, 1.0, 2, 0, 0], ""unused_pointer"": 0}"
events-ep2/q83-bb-e,9,154,"{""base_type"": 520, ""set_flags"": 0, ""runtime_index"": 0, ""file_offset"": 54292, ""floor_field"": 0, ""entity_id_field"": 0, ""group"": 0, ""room"": 14, ""unknown_a3"": 0, ""position"": [-13.225799560546875, 10.0, -88.25700378417969], ""angles"": [0, 6088, 0], ""params"": [1.0, 1.0, 1.0, 0, 0, 0], ""unused_pointer"": 0}"
events-ep2/q83-bb-e,9,155,"{""base_type"": 520, ""set_flags"": 0, ""runtime_index"": 0, ""file_offset"": 54360, ""floor_field"": 0, ""entity_id_field"": 0, ""group"": 0, ""room"": 14, ""unknown_a3"": 0, ""position"": [39.77730941772461, 0.0, -25.552900314331055], ""angles"": [0, 50385, 0], ""params"": [1.0, 1.0, 1.0, 2, 0, 0], ""unused_pointer"": 0}"
events-ep2/q83-bb-e,9,156,"{""base_type"": 520, ""set_flags"": 0, ""runtime_index"": 0, ""file_offset"": 54428, ""floor_field"": 0, ""entity_id_field"": 0, ""group"": 0, ""room"": 9, ""unknown_a3"": 0, ""position"": [-108.83719635009766, 10.0, 28.994840621948242], ""angles"": [0, 50907, 0], ""params"": [1.0, 1.0, 1.0, 2, 0, 0], ""unused_pointer"": 0}"
events-ep2/q83-bb-e,9,166,"{""base_type"": 520, ""set_flags"": 0, ""runtime_index"": 0, ""file_offset"": 55108, ""floor_field"": 0, ""entity_id_field"": 0, ""group"": 0, ""room"": 9, ""unknown_a3"": 0, ""position"": [-10.126019477844238, 0.0, -145.4582061767578], ""angles"": [0, 45072, 0], ""params"": [1.0, 1.0, 1.0, 0, 0, 0], ""unused_pointer"": 0}"
events-ep2/q83-bb-e,9,245,"{""base_type"": 520, ""set_flags"": 0, ""runtime_index"": 0, ""file_offset"": 60480, ""floor_field"": 0, ""entity_id_field"": 0, ""group"": 0, ""room"": 3, ""unknown_a3"": 0, ""position"": [-53.0, -9.0, 150.0], ""angles"": [0, 0, 0], ""params"": [1.0, 1.0, 1.0, 2, 0, 0], ""unused_pointer"": 0}"
events-ep2/q83-bb-e,9,246,"{""base_type"": 520, ""set_flags"": 0, ""runtime_index"": 0, ""file_offset"": 60548, ""floor_field"": 0, ""entity_id_field"": 0, ""group"": 0, ""room"": 3, ""unknown_a3"": 0, ""position"": [-86.0, -9.0, 150.0], ""angles"": [0, 32768, 0], ""params"": [1.0, 1.0, 1.0, 2, 0, 0], ""unused_pointer"": 0}"
events-ep2/q83-bb-e,9,247,"{""base_type"": 520, ""set_flags"": 0, ""runtime_index"": 0, ""file_offset"": 60616, ""floor_field"": 0, ""entity_id_field"": 0, ""group"": 0, ""room"": 3, ""unknown_a3"": 0, ""position"": [-120.0, -9.0, 150.0], ""angles"": [0, 0, 0], ""params"": [1.0, 1.0, 1.0, 2, 0, 0], ""unused_pointer"": 0}"
events-ep2/q83-bb-e,9,248,"{""base_type"": 520, ""set_flags"": 0, ""runtime_index"": 0, ""file_offset"": 60684, ""floor_field"": 0, ""entity_id_field"": 0, ""group"": 0, ""room"": 3, ""unknown_a3"": 0, ""position"": [-154.0, -9.0, 150.0], ""angles"": [0, 32768, 0], ""params"": [1.0, 1.0, 1.0, 2, 0, 0], ""unused_pointer"": 0}"
events-ep2/q83-bb-e,9,249,"{""base_type"": 520, ""set_flags"": 0, ""runtime_index"": 0, ""file_offset"": 60752, ""floor_field"": 0, ""entity_id_field"": 0, ""group"": 0, ""room"": 3, ""unknown_a3"": 0, ""position"": [-188.0, -9.0, 150.0], ""angles"": [0, 0, 0], ""params"": [1.0, 1.0, 1.0, 2, 0, 0], ""unused_pointer"": 0}"
events-ep2/q83-bb-e,9,250,"{""base_type"": 520, ""set_flags"": 0, ""runtime_index"": 0, ""file_offset"": 60820, ""floor_field"": 0, ""entity_id_field"": 0, ""group"": 0, ""room"": 3, ""unknown_a3"": 0, ""position"": [-222.0, -9.0, 150.0], ""angles"": [0, 32768, 0], ""params"": [1.0, 1.0, 1.0, 2, 0, 0], ""unused_pointer"": 0}"
events-ep2/q83-bb-e,9,251,"{""base_type"": 520, ""set_flags"": 0, ""runtime_index"": 0, ""file_offset"": 60888, ""floor_field"": 0, ""entity_id_field"": 0, ""group"": 0, ""room"": 3, ""unknown_a3"": 0, ""position"": [-256.0, -9.0, 150.0], ""angles"": [0, 0, 0], ""params"": [1.0, 1.0, 1.0, 2, 0, 0], ""unused_pointer"": 0}"
events-ep2/q83-bb-e,9,252,"{""base_type"": 520, ""set_flags"": 0, ""runtime_index"": 0, ""file_offset"": 60956, ""floor_field"": 0, ""entity_id_field"": 0, ""group"": 0, ""room"": 3, ""unknown_a3"": 0, ""position"": [-290.0, -9.0, 150.0], ""angles"": [0, 32768, 0], ""params"": [1.0, 1.0, 1.0, 2, 0, 0], ""unused_pointer"": 0}"
events-ep2/q83-bb-e,9,253,"{""base_type"": 520, ""set_flags"": 0, ""runtime_index"": 0, ""file_offset"": 61024, ""floor_field"": 0, ""entity_id_field"": 0, ""group"": 0, ""room"": 3, ""unknown_a3"": 0, ""position"": [-324.0, -9.0, 150.0], ""angles"": [0, 0, 0], ""params"": [1.0, 1.0, 1.0, 2, 0, 0], ""unused_pointer"": 0}"
events-ep2/q83-bb-e,9,254,"{""base_type"": 520, ""set_flags"": 0, ""runtime_index"": 0, ""file_offset"": 61092, ""floor_field"": 0, ""entity_id_field"": 0, ""group"": 0, ""room"": 3, ""unknown_a3"": 0, ""position"": [-192.0, -19.0, 265.0], ""angles"": [0, 14757, 0], ""params"": [1.0, 1.0, 1.0, 2, 0, 0], ""unused_pointer"": 0}"
events-ep2/q83-bb-e,9,260,"{""base_type"": 520, ""set_flags"": 0, ""runtime_index"": 0, ""file_offset"": 61500, ""floor_field"": 0, ""entity_id_field"": 0, ""group"": 0, ""room"": 4, ""unknown_a3"": 0, ""position"": [34.16510009765625, -9.0, -84.9881820678711], ""angles"": [0, 16384, 0], ""params"": [1.0, 1.0, 1.0, 1, 0, 0], ""unused_pointer"": 0}"
events-ep2/q83-bb-e,9,261,"{""base_type"": 520, ""set_flags"": 0, ""runtime_index"": 0, ""file_offset"": 61568, ""floor_field"": 0, ""entity_id_field"": 0, ""group"": 0, ""room"": 3, ""unknown_a3"": 0, ""position"": [-94.55158996582031, 6.0, -320.0], ""angles"": [0, 18674, 0], ""params"": [1.0, 1.0, 1.0, 2, 0, 0], ""unused_pointer"": 0}"
events-ep2/q83-bb-e,9,262,"{""base_type"": 520, ""set_flags"": 0, ""runtime_index"": 0, ""file_offset"": 61636, ""floor_field"": 0, ""entity_id_field"": 0, ""group"": 0, ""room"": 3, ""unknown_a3"": 0, ""position"": [-93.23493194580078, 6.0, -290.0], ""angles"": [0, 48898, 0], ""params"": [1.0, 1.0, 1.0, 2, 0, 0], ""unused_pointer"": 0}"
events-ep2/q83-bb-e,9,267,"{""base_type"": 520, ""set_flags"": 0, ""runtime_index"": 0, ""file_offset"": 61976, ""floor_field"": 0, ""entity_id_field"": 0, ""group"": 0, ""room"": 3, ""unknown_a3"": 0, ""position"": [-91.2343978881836, -1.0, -122.30509948730469], ""angles"": [0, 47476, 0], ""params"": [1.0, 1.0, 1.0, 2, 0, 0], ""unused_pointer"": 0}"
events-ep2/q83-bb-e,9,268,"{""base_type"": 520, ""set_flags"": 0, ""runtime_index"": 0, ""file_offset"": 62044, ""floor_field"": 0, ""entity_id_field"": 0, ""group"": 0, ""room"": 3, ""unknown_a3"": 0, ""position"": [-91.0, 1.0, -151.0], ""angles"": [0, 49152, 0], ""params"": [1.0, 1.0, 1.0, 2, 0, 0], ""unused_pointer"": 0}"
events-ep2/q83-bb-e,9,286,"{""base_type"": 520, ""set_flags"": 0, ""runtime_index"": 0, ""file_offset"": 63268, ""floor_field"": 0, ""entity_id_field"": 0, ""group"": 0, ""room"": 3, ""unknown_a3"": 0, ""position"": [-196.2790985107422, -11.0, -155.74949645996094], ""angles"": [0, 42055, 0], ""params"": [1.0, 1.0, 1.0, 1, 0, 0], ""unused_pointer"": 0}"
events-ep2/q83-bb-e,9,294,"{""base_type"": 520, ""set_flags"": 0, ""runtime_index"": 0, ""file_offset"": 63812, ""floor_field"": 0, ""entity_id_field"": 0, ""group"": 0, ""room"": 4, ""unknown_a3"": 0, ""position"": [178.77496337890625, -3.0, -137.17930603027344], ""angles"": [0, 17350, 0], ""params"": [1.0, 1.0, 1.0, 1, 0, 0], ""unused_pointer"": 0}"
events-ep2/q83-bb-e,9,302,"{""base_type"": 520, ""set_flags"": 0, ""runtime_index"": 0, ""file_offset"": 64356, ""floor_field"": 0, ""entity_id_field"": 0, ""group"": 0, ""room"": 4, ""unknown_a3"": 0, ""position"": [139.51449584960938, -8.0, -95.87899780273438], ""angles"": [0, 2164, 0], ""params"": [1.0, 1.0, 1.0, 1, 0, 0], ""unused_pointer"": 0}"
events-ep2/q83-bb-e,9,313,"{""base_type"": 520, ""set_flags"": 0, ""runtime_index"": 0, ""file_offset"": 65104, ""floor_field"": 0, ""entity_id_field"": 0, ""group"": 0, ""room"": 4, ""unknown_a3"": 0, ""position"": [-56.04869842529297, -2.0, -194.79820251464844], ""angles"": [0, 16384, 0], ""params"": [1.0, 1.0, 1.0, 1, 0, 0], ""unused_pointer"": 0}"
events-ep2/q83-bb-j,5,20,"{""base_type"": 520, ""set_flags"": 0, ""runtime_index"": 0, ""file_offset"": 4656, ""floor_field"": 0, ""entity_id_field"": 0, ""group"": 0, ""room"": 5, ""unknown_a3"": 0, ""position"": [-190.0, 50.0, -40.0], ""angles"": [0, 16384, 0], ""params"": [1.0, 1.0, 1.0, 2, 2, 0], ""unused_pointer"": 2427249280}"
events-ep2/q83-bb-j,5,39,"{""base_type"": 520, ""set_flags"": 0, ""runtime_index"": 0, ""file_offset"": 5948, ""floor_field"": 0, ""entity_id_field"": 0, ""group"": 0, ""room"": 2, ""unknown_a3"": 0, ""position"": [-93.0, 0.0, -75.0], ""angles"": [0, 0, 0], ""params"": [1.0, 1.0, 1.0, 0, 0, 0], ""unused_pointer"": 0}"
events-ep2/q83-bb-j,5,40,"{""base_type"": 520, ""set_flags"": 0, ""runtime_index"": 0, ""file_offset"": 6016, ""floor_field"": 0, ""entity_id_field"": 0, ""group"": 0, ""room"": 2, ""unknown_a3"": 0, ""position"": [-65.0, 0.0, -75.0], ""angles"": [0, 32768, 0], ""params"": [1.0, 1.0, 1.0, 0, 0, 0], ""unused_pointer"": 0}"
events-ep2/q83-bb-j,5,41,"{""base_type"": 520, ""set_flags"": 0, ""runtime_index"": 0, ""file_offset"": 6084, ""floor_field"": 0, ""entity_id_field"": 0, ""group"": 0, ""room"": 2, ""unknown_a3"": 0, ""position"": [-37.0, 0.49321651458740234, -75.0], ""angles"": [0, 0, 0], ""params"": [1.0, 1.0, 1.0, 0, 0, 0], ""unused_pointer"": 0}"
events-ep2/q83-bb-j,5,42,"{""base_type"": 520, ""set_flags"": 0, ""runtime_index"": 0, ""file_offset"": 6152, ""floor_field"": 0, ""entity_id_field"": 0, ""group"": 0, ""room"": 2, ""unknown_a3"": 0, ""position"": [-9.0, 0.3074184060096741, -75.0], ""angles"": [0, 32768, 0], ""params"": [1.0, 1.0, 1.0, 0, 0, 0], ""unused_pointer"": 0}"
events-ep2/q83-bb-j,5,43,"{""base_type"": 520, ""set_flags"": 0, ""runtime_index"": 0, ""file_offset"": 6220, ""floor_field"": 0, ""entity_id_field"": 0, ""group"": 0, ""room"": 2, ""unknown_a3"": 0, ""position"": [19.0, 0.0, -75.0], ""angles"": [0, 0, 0], ""params"": [1.0, 1.0, 1.0, 0, 0, 0], ""unused_pointer"": 0}"
events-ep2/q83-bb-j,5,44,"{""base_type"": 520, ""set_flags"": 0, ""runtime_index"": 0, ""file_offset"": 6288, ""floor_field"": 0, ""entity_id_field"": 0, ""group"": 0, ""room"": 2, ""unknown_a3"": 0, ""position"": [47.0, 0.0, -75.0], ""angles"": [0, 32768, 0], ""params"": [1.0, 1.0, 1.0, 0, 0, 0], ""unused_pointer"": 0}"
events-ep2/q83-bb-j,5,45,"{""base_type"": 520, ""set_flags"": 0, ""runtime_index"": 0, ""file_offset"": 6356, ""floor_field"": 0, ""entity_id_field"": 0, ""group"": 0, ""room"": 2, ""unknown_a3"": 0, ""position"": [75.0, 0.0, -75.0], ""angles"": [0, 0, 0], ""params"": [1.0, 1.0, 1.0, 0, 0, 0], ""unused_pointer"": 0}"
events-ep2/q83-bb-j,6,16,"{""base_type"": 520, ""set_flags"": 2, ""runtime_index"": 179, ""file_offset"": 9840, ""floor_field"": 6, ""entity_id_field"": 16563, ""group"": 0, ""room"": 9, ""unknown_a3"": 0, ""position"": [-9.0, -7.0, -130.0], ""angles"": [0, 4096, 0], ""params"": [1.0, 1.0, 1.0, 2, 0, 0], ""unused_pointer"": 75217568}"
events-ep2/q83-bb-j,6,67,"{""base_type"": 520, ""set_flags"": 0, ""runtime_index"": 0, ""file_offset"": 13308, ""floor_field"": 0, ""entity_id_field"": 0, ""group"": 0, ""room"": 14, ""unknown_a3"": 0, ""position"": [62.952545166015625, -100.0, -8.414400100708008], ""angles"": [0, 12300, 0], ""params"": [1.0, 1.0, 1.0, 2, 0, 0], ""unused_pointer"": 0}"
events-ep2/q83-bb-j,6,74,"{""base_type"": 520, ""set_flags"": 0, ""runtime_index"": 0, ""file_offset"": 13784, ""floor_field"": 0, ""entity_id_field"": 0, ""group"": 0, ""room"": 4, ""unknown_a3"": 0, ""position"": [164.78329467773438, 0.0, 50.55229949951172], ""angles"": [0, 18182, 0], ""params"": [1.0, 1.0, 1.0, 1, 0, 0], ""unused_pointer"": 0}"
events-ep2/q83-bb-j,6,75,"{""base_type"": 520, ""set_flags"": 0, ""runtime_index"": 0, ""file_offset"": 13852, ""floor_field"": 0, ""entity_id_field"": 0, ""group"": 0, ""room"": 4, ""unknown_a3"": 0, ""position"": [173.8399200439453, 0.9999731779098511, 76.0567855834961], ""angles"": [0, 52450, 0], ""params"": [1.0, 1.0, 1.0, 0, 0, 0], ""unused_pointer"": 0}"
events-ep2/q83-bb-j,6,76,"{""base_type"": 520, ""set_flags"": 0, ""runtime_index"": 0, ""file_offset"": 13920, ""floor_field"": 0, ""entity_id_field"": 0, ""group"": 0, ""room"": 13, ""unknown_a3"": 0, ""position"": [85.30000305175781, -96.0, 160.0], ""angles"": [0, 32768, 0], ""params"": [1.0, 1.0, 1.0, 2, 0, 0], ""unused_pointer"": 0}"
events-ep2/q83-bb-j,6,79,"{""base_type"": 520, ""set_flags"": 0, ""runtime_index"": 0, ""file_offset"": 14124, ""floor_field"": 0, ""entity_id_field"": 0, ""group"": 0, ""room"": 14, ""unknown_a3"": 0, ""position"": [80.0, -100.0, -51.0], ""angles"": [0, 45408, 0], ""params"": [1.0, 1.0, 1.0, 2, 0, 0], ""unused_pointer"": 0}"
events-ep2/q83-bb-j,6,83,"{""base_type"": 520, ""set_flags"": 0, ""runtime_index"": 0, ""file_offset"": 14396, ""floor_field"": 0, ""entity_id_field"": 0, ""group"": 0, ""room"": 10, ""unknown_a3"": 0, ""position"": [-102.0, -100.0, 98.0], ""angles"": [0, 29944, 0], ""params"": [1.0, 1.0, 1.0, 2, 0, 0], ""unused_pointer"": 0}"
events-ep2/q83-bb-j,6,85,"{""base_type"": 520, ""set_flags"": 0, ""runtime_index"": 0, ""file_offset"": 14532, ""floor_field"": 0, ""entity_id_field"": 0, ""group"": 0, ""room"": 3, ""unknown_a3"": 0, ""position"": [-163.50253295898438, 0.0, -81.50860595703125], ""angles"": [0, 59278, 0], ""params"": [1.0, 1.0, 1.0, 2, 0, 0], ""unused_pointer"": 0}"
events-ep2/q83-bb-j,6,86,"{""base_type"": 520, ""set_flags"": 0, ""runtime_index"": 0, ""file_offset"": 14600, ""floor_field"": 0, ""entity_id_field"": 0, ""group"": 0, ""room"": 3, ""unknown_a3"": 0, ""position"": [-135.0, 0.0, -69.0], ""angles"": [0, 63387, 0], ""params"": [1.0, 1.0, 1.0, 2, 0, 0], ""unused_pointer"": 0}"
events-ep2/q83-bb-j,6,87,"{""base_type"": 520, ""set_flags"": 0, ""runtime_index"": 0, ""file_offset"": 14668, ""floor_field"": 0, ""entity_id_field"": 0, ""group"": 0, ""room"": 3, ""unknown_a3"": 0, ""position"": [-105.0, 0.0, -65.5999984741211], ""angles"": [0, 33029, 0], ""params"": [1.0, 1.0, 1.0, 2, 0, 0], ""unused_pointer"": 0}"
events-ep2/q83-bb-j,6,88,"{""base_type"": 520, ""set_flags"": 0, ""runtime_index"": 0, ""file_offset"": 14736, ""floor_field"": 0, ""entity_id_field"": 0, ""group"": 0, ""room"": 3, ""unknown_a3"": 0, ""position"": [-73.0, 0.0, -66.0], ""angles"": [0, 0, 0], ""params"": [1.0, 1.0, 1.0, 2, 0, 0], ""unused_pointer"": 0}"
events-ep2/q83-bb-j,6,89,"{""base_type"": 520, ""set_flags"": 0, ""runtime_index"": 0, ""file_offset"": 14804, ""floor_field"": 0, ""entity_id_field"": 0, ""group"": 0, ""room"": 3, ""unknown_a3"": 0, ""position"": [2.238311529159546, 0.0, -67.42095184326172], ""angles"": [0, 32768, 0], ""params"": [1.0, 1.0, 1.0, 2, 0, 0], ""unused_pointer"": 0}"
events-ep2/q83-bb-j,6,90,"{""base_type"": 520, ""set_flags"": 0, ""runtime_index"": 0, ""file_offset"": 14872, ""floor_field"": 0, ""entity_id_field"": 0, ""group"": 0, ""room"": 3, ""unknown_a3"": 0, ""position"": [32.143001556396484, 0.0, -68.0], ""angles"": [0, 548, 0], ""params"": [1.0, 1.0, 1.0, 2, 0, 0], ""unused_pointer"": 0}"
events-ep2/q83-bb-j,6,91,"{""base_type"": 520, ""set_flags"": 0, ""runtime_index"": 0, ""file_offset"": 14940, ""floor_field"": 0, ""entity_id_field"": 0, ""group"": 0, ""room"": 3, ""unknown_a3"": 0, ""position"": [62.38059997558594, 0.0, -69.30000305175781], ""angles"": [0, 33316, 0], ""params"": [1.0, 1.0, 1.0, 2, 0, 0], ""unused_pointer"": 0}"
events-ep2/q83-bb-j,6,92,"{""base_type"": 520, ""set_flags"": 0, ""runtime_index"": 0, ""file_offset"": 15008, ""floor_field"": 0, ""entity_id_field"": 0, ""group"": 0, ""room"": 13, ""unknown_a3"": 0, ""position"": [51.0, -98.0, 160.0], ""angles"": [0, 160, 0], ""params"": [1.0, 1.0, 1.0, 2, 0, 0], ""unused_pointer"": 0}"
events-ep2/q83-bb-j,6,93,"{""base_type"": 520, ""set_flags"": 0, ""runtime_index"": 0, ""file_offset"": 15076, ""floor_field"": 0, ""entity_id_field"": 0, ""group"": 0, ""room"": 14, ""unknown_a3"": 0, ""position"": [204.0, -98.0, -31.299999237060547], ""angles"": [0, 12778, 0], ""params"": [1.0, 1.0, 1.0, 2, 0, 0], ""unused_pointer"": 0}"
events-ep2/q83-bb-j,6,101,"{""base_type"": 520, ""set_flags"": 0, ""runtime_index"": 0, ""file_offset"": 15620, ""floor_field"": 0, ""entity_id_field"": 0, ""group"": 0, ""room"": 3, ""unknown_a3"": 0, ""position"": [90.69999694824219, 0.0, -70.49600219726562], ""angles"": [0, 1326, 0], ""params"": [1.0, 1.0, 1.0, 2, 0, 0], ""unused_pointer"": 0}"
events-ep2/q83-bb-j,6,102,"{""base_type"": 520, ""set_flags"": 0, ""runtime_index"": 0, ""file_offset"": 15688, ""floor_field"": 0, ""entity_id_field"": 0, ""group"": 0, ""room"": 3, ""unknown_a3"": 0, ""position"": [116.50123596191406, 0.0, -74.0], ""angles"": [0, 36430, 0], ""params"": [1.0, 1.0, 1.0, 2, 0, 0], ""unused_pointer"": 0}"
events-ep2/q83-bb-j,6,103,"{""base_type"": 520, ""set_flags"": 0, ""runtime_index"": 0, ""file_offset"": 15756, ""floor_field"": 0, ""entity_id_field"": 0, ""group"": 0, ""room"": 3, ""unknown_a3"": 0, ""position"": [139.9082489013672, -1.0, -85.04598999023438], ""angles"": [0, 37233, 0], ""params"": [1.0, 1.0, 1.0, 2, 0, 0], ""unused_pointer"": 0}"
events-ep2/q83-bb-j,6,110,"{""base_type"": 520, ""set_flags"": 0, ""runtime_index"": 0, ""file_offset"": 16232, ""floor_field"": 0, ""entity_id_field"": 0, ""group"": 0, ""room"": 9, ""unknown_a3"": 0, ""position"": [-66.0, -98.0, 131.0], ""angles"": [0, 12693, 0], ""params"": [1.0, 1.0, 1.0, 1, 0, 0], ""unused_pointer"": 0}"
events-ep2/q83-bb-j,6,145,"{""base_type"": 520, ""set_flags"": 0, ""runtime_index"": 0, ""file_offset"": 18612, ""floor_field"": 0, ""entity_id_field"": 0, ""group"": 0, ""room"": 3, ""unknown_a3"": 0, ""position"": [-70.8086166381836, -5.0, -157.39129638671875], ""angles"": [0, 30478, 0], ""params"": [1.0, 1.0, 1.0, 1, 0, 0], ""unused_pointer"": 0}"
events-ep2/q83-bb-j,6,146,"{""base_type"": 520, ""set_flags"": 0, ""runtime_index"": 0, ""file_offset"": 18680, ""floor_field"": 0, ""entity_id_field"": 0, ""group"": 0, ""room"": 3, ""unknown_a3"": 0, ""position"": [-43.82979965209961, -5.0, -152.48606872558594], ""angles"": [0, 63781, 0], ""params"": [1.0, 1.0, 1.0, 1, 0, 0], ""unused_pointer"": 0}"
events-ep2/q83-bb-j,6,167,"{""base_type"": 520, ""set_flags"": 0, ""runtime_index"": 0, ""file_offset"": 20108, ""floor_field"": 0, ""entity_id_field"": 0, ""group"": 0, ""room"": 4, ""unknown_a3"": 0, ""position"": [17.0, 0.0, 107.0], ""angles"": [0, 62744, 0], ""params"": [1.0, 1.0, 1.0, 1, 0, 0], ""unused_pointer"": 0}"
events-ep2/q83-bb-j,7,10,"{""base_type"": 520, ""set_flags"": 2, ""runtime_index"": 278, ""file_offset"": 20872, ""floor_field"": 7, ""entity_id_field"": 16662, ""group"": 0, ""room"": 6, ""unknown_a3"": 0, ""position"": [-60.0, -54.0, 105.0], ""angles"": [0, 0, 0], ""params"": [1.0, 1.0, 1.0, 0, 0, 0], ""unused_pointer"": 75210000}"
events-ep2/q83-bb-j,7,31,"{""base_type"": 520, ""set_flags"": 0, ""runtime_index"": 0, ""file_offset"": 22300, ""floor_field"": 0, ""entity_id_field"": 0, ""group"": 0, ""room"": 6, ""unknown_a3"": 0, ""position"": [-22.600000381469727, -51.0, 58.0], ""angles"": [0, 49400, 0], ""params"": [1.0, 1.0, 1.0, 2, 0, 0], ""unused_pointer"": 0}"
events-ep2/q83-bb-j,7,33,"{""base_type"": 520, ""set_flags"": 0, ""runtime_index"": 0, ""file_offset"": 22436, ""floor_field"": 0, ""entity_id_field"": 0, ""group"": 0, ""room"": 8, ""unknown_a3"": 0, ""position"": [18.0, -67.0, 16.0], ""angles"": [0, 18711, 0], ""params"": [1.0, 1.0, 1.0, 2, 0, 0], ""unused_pointer"": 0}"
events-ep2/q83-bb-j,7,35,"{""base_type"": 520, ""set_flags"": 0, ""runtime_index"": 0, ""file_offset"": 22572, ""floor_field"": 0, ""entity_id_field"": 0, ""group"": 0, ""room"": 6, ""unknown_a3"": 0, ""position"": [-27.0, -50.0, -17.0], ""angles"": [0, 16892, 0], ""params"": [1.0, 1.0, 1.0, 2, 0, 0], ""unused_pointer"": 0}"
events-ep2/q83-bb-j,7,46,"{""base_type"": 520, ""set_flags"": 0, ""runtime_index"": 0, ""file_offset"": 23320, ""floor_field"": 0, ""entity_id_field"": 0, ""group"": 0, ""room"": 8, ""unknown_a3"": 0, ""position"": [18.0, -47.0, 16.0], ""angles"": [0, 18711, 0], ""params"": [1.0, 1.0, 1.0, 2, 0, 0], ""unused_pointer"": 0}"
events-ep2/q83-bb-j,7,47,"{""base_type"": 520, ""set_flags"": 0, ""runtime_index"": 0, ""file_offset"": 23388, ""floor_field"": 0, ""entity_id_field"": 0, ""group"": 0, ""room"": 8, ""unknown_a3"": 0, ""position"": [12.0, -67.0, -16.0], ""angles"": [0, 51356, 0], ""params"": [1.0, 1.0, 1.0, 2, 0, 0], ""unused_pointer"": 0}"
events-ep2/q83-bb-j,7,48,"{""base_type"": 520, ""set_flags"": 0, ""runtime_index"": 0, ""file_offset"": 23456, ""floor_field"": 0, ""entity_id_field"": 0, ""group"": 0, ""room"": 8, ""unknown_a3"": 0, ""position"": [12.0, -47.0, -16.0], ""angles"": [0, 51356, 0], ""params"": [1.0, 1.0, 1.0, 2, 0, 0], ""unused_pointer"": 0}"
events-ep2/q83-bb-j,7,55,"{""base_type"": 520, ""set_flags"": 0, ""runtime_index"": 0, ""file_offset"": 23932, ""floor_field"": 0, ""entity_id_field"": 0, ""group"": 0, ""room"": 4, ""unknown_a3"": 0, ""position"": [-13.0, -44.0, -6.6389360427856445], ""angles"": [0, 28938, 0], ""params"": [1.0, 1.0, 1.0, 0, 0, 0], ""unused_pointer"": 0}"
events-ep2/q83-bb-j,7,69,"{""base_type"": 520, ""set_flags"": 0, ""runtime_index"": 0, ""file_offset"": 24884, ""floor_field"": 0, ""entity_id_field"": 0, ""group"": 0, ""room"": 2, ""unknown_a3"": 0, ""position"": [46.31330108642578, -45.000003814697266, 16.0], ""angles"": [0, 52428, 0], ""params"": [1.0, 1.0, 1.0, 2, 0, 0], ""unused_pointer"": 0}"
events-ep2/q83-bb-j,7,70,"{""base_type"": 520, ""set_flags"": 0, ""runtime_index"": 0, ""file_offset"": 24952, ""floor_field"": 0, ""entity_id_field"": 0, ""group"": 0, ""room"": 2, ""unknown_a3"": 0, ""position"": [20.0, -45.0, -75.97630310058594], ""angles"": [0, 19682, 0], ""params"": [1.0, 1.0, 1.0, 1, 0, 0], ""unused_pointer"": 0}"
events-ep2/q83-bb-j,8,13,"{""base_type"": 520, ""set_flags"": 2, ""runtime_index"": 202, ""file_offset"": 28300, ""floor_field"": 8, ""entity_id_field"": 16586, ""group"": 0, ""room"": 3, ""unknown_a3"": 0, ""position"": [-138.0, -88.0, 129.0], ""angles"": [0, 20739, 0], ""params"": [1.0, 1.0, 1.0, 2, 0, 0], ""unused_pointer"": 118135840}"
events-ep2/q83-bb-j,8,59,"{""base_type"": 520, ""set_flags"": 2, ""runtime_index"": 288, ""file_offset"": 31428, ""floor_field"": 8, ""entity_id_field"": 16672, ""group"": 0, ""room"": 4, ""unknown_a3"": 0, ""position"": [67.0, 2.0, -167.77001953125], ""angles"": [0, 15371, 0], ""params"": [1.0, 1.0, 1.0, 2, 0, 0], ""unused_pointer"": 118185968}"
events-ep2/q83-bb-j,8,116,"{""base_type"": 520, ""set_flags"": 0, ""runtime_index"": 0, ""file_offset"": 35304, ""floor_field"": 0, ""entity_id_field"": 0, ""group"": 0, ""room"": 7, ""unknown_a3"": 0, ""position"": [-93.93822479248047, -0.00029287373763509095, 190.0], ""angles"": [0, 1798, 0], ""params"": [1.0, 1.0, 1.0, 2, 0, 0], ""unused_pointer"": 0}"
events-ep2/q83-bb-j,8,117,"{""base_type"": 520, ""set_flags"": 0, ""runtime_index"": 0, ""file_offset"": 35372, ""floor_field"": 0, ""entity_id_field"": 0, ""group"": 0, ""room"": 7, ""unknown_a3"": 0, ""position"": [-67.93820190429688, -0.0002871608012355864, 172.67550659179688], ""angles"": [0, 9836, 0], ""params"": [1.0, 1.0, 1.0, 2, 0, 0], ""unused_pointer"": 0}"
events-ep2/q83-bb-j,8,118,"{""base_type"": 520, ""set_flags"": 0, ""runtime_index"": 0, ""file_offset"": 35440, ""floor_field"": 0, ""entity_id_field"": 0, ""group"": 0, ""room"": 7, ""unknown_a3"": 0, ""position"": [-54.88930130004883, 0.0, 140.13839721679688], ""angles"": [0, 47642, 0], ""params"": [1.0, 1.0, 1.0, 2, 0, 0], ""unused_pointer"": 0}"
events-ep2/q83-bb-j,8,121,"{""base_type"": 520, ""set_flags"": 0, ""runtime_index"": 0, ""file_offset"": 35644, ""floor_field"": 0, ""entity_id_field"": 0, ""group"": 0, ""room"": 5, ""unknown_a3"": 0, ""position"": [77.0, 81.0, -109.0], ""angles"": [0, 49152, 0], ""params"": [1.0, 1.0, 1.0, 1, 0, 0], ""unused_pointer"": 0}"
events-ep2/q83-bb-j,8,125,"{""base_type"": 520, ""set_flags"": 0, ""runtime_index"": 0, ""file_offset"": 35916, ""floor_field"": 0, ""entity_id_field"": 0, ""group"": 0, ""room"": 5, ""unknown_a3"": 0, ""position"": [44.0, 72.0, -85.1703109741211], ""angles"": [0, 0, 0], ""params"": [1.0, 1.0, 1.0, 1, 0, 0], ""unused_pointer"": 0}"
events-ep2/q83-bb-j,8,126,"{""base_type"": 520, ""set_flags"": 0, ""runtime_index"": 0, ""file_offset"": 35984, ""floor_field"": 0, ""entity_id_field"": 0, ""group"": 0, ""room"": 5, ""unknown_a3"": 0, ""position"": [11.0, 66.0, -85.5570297241211], ""angles"": [0, 32768, 0], ""params"": [1.0, 1.0, 1.0, 1, 0, 0], ""unused_pointer"": 0}"
events-ep2/q83-bb-j,8,134,"{""base_type"": 520, ""set_flags"": 0, ""runtime_index"": 0, ""file_offset"": 36528, ""floor_field"": 0, ""entity_id_field"": 0, ""group"": 0, ""room"": 4, ""unknown_a3"": 0, ""position"": [-48.451026916503906, 0.0, 256.0], ""angles"": [0, 5142, 0], ""params"": [1.0, 1.0, 1.0, 1, 0, 0], ""unused_pointer"": 0}"
events-ep2/q83-bb-j,8,137,"{""base_type"": 520, ""set_flags"": 0, ""runtime_index"": 0, ""file_offset"": 36732, ""floor_field"": 0, ""entity_id_field"": 0, ""group"": 0, ""room"": 4, ""unknown_a3"": 0, ""position"": [-137.0, -3.9696359634399414, 104.0], ""angles"": [0, 15563, 0], ""params"": [1.0, 1.0, 1.0, 2, 0, 0], ""unused_pointer"": 0}"
events-ep2/q83-bb-j,8,138,"{""base_type"": 520, ""set_flags"": 0, ""runtime_index"": 0, ""file_offset"": 36800, ""floor_field"": 0, ""entity_id_field"": 0, ""group"": 0, ""room"": 4, ""unknown_a3"": 0, ""position"": [-137.0, -4.094976902008057, 83.0], ""angles"": [0, 49152, 0], ""params"": [1.0, 1.0, 1.0, 0, 0, 0], ""unused_pointer"": 0}"
events-ep2/q83-bb-j,8,140,"{""base_type"": 520, ""set_flags"": 0, ""runtime_index"": 0, ""file_offset"": 36936, ""floor_field"": 0, ""entity_id_field"": 0, ""group"": 0, ""room"": 2, ""unknown_a3"": 0, ""position"": [115.09395599365234, -137.0, 76.6649169921875], ""angles"": [0, 63132, 0], ""params"": [1.0, 1.0, 1.0, 2, 0, 0], ""unused_pointer"": 0}"
events-ep2/q83-bb-j,8,141,"{""base_type"": 520, ""set_flags"": 0, ""runtime_index"": 0, ""file_offset"": 37004, ""floor_field"": 0, ""entity_id_field"": 0, ""group"": 0, ""room"": 2, ""unknown_a3"": 0, ""position"": [139.2720947265625, -134.0, 93.0], ""angles"": [0, 27948, -1400], ""params"": [1.0, 1.0, 1.0, 2, 0, 0], ""unused_pointer"": 0}"
events-ep2/q83-bb-j,8,143,"{""base_type"": 520, ""set_flags"": 0, ""runtime_index"": 0, ""file_offset"": 37140, ""floor_field"": 0, ""entity_id_field"": 0, ""group"": 0, ""room"": 8, ""unknown_a3"": 0, ""position"": [-41.0, 7.0, -69.0], ""angles"": [0, 32768, 0], ""params"": [1.0, 1.0, 1.0, 2, 0, 0], ""unused_pointer"": 0}"
events-ep2/q83-bb-j,8,144,"{""base_type"": 520, ""set_flags"": 0, ""runtime_index"": 0, ""file_offset"": 37208, ""floor_field"": 0, ""entity_id_field"": 0, ""group"": 0, ""room"": 8, ""unknown_a3"": 0, ""position"": [34.0, 7.368546962738037, -69.0], ""angles"": [0, 32768, 0], ""params"": [1.0, 1.0, 1.0, 2, 0, 0], ""unused_pointer"": 0}"
events-ep2/q83-bb-j,8,150,"{""base_type"": 520, ""set_flags"": 0, ""runtime_index"": 0, ""file_offset"": 37616, ""floor_field"": 0, ""entity_id_field"": 0, ""group"": 0, ""room"": 2, ""unknown_a3"": 0, ""position"": [-134.0, -129.0, 121.0], ""angles"": [0, 32768, 0], ""params"": [1.0, 1.0, 1.0, 1, 0, 0], ""unused_pointer"": 0}"
events-ep2/q83-bb-j,8,151,"{""base_type"": 520, ""set_flags"": 0, ""runtime_index"": 0, ""file_offset"": 37684, ""floor_field"": 0, ""entity_id_field"": 0, ""group"": 0, ""room"": 2, ""unknown_a3"": 0, ""position"": [-210.0, -127.0, 121.0], ""angles"": [0, 0, 0], ""params"": [1.0, 1.0, 1.0, 1, 0, 0], ""unused_pointer"": 0}"
events-ep2/q83-bb-j,8,154,"{""base_type"": 520, ""set_flags"": 0, ""runtime_index"": 0, ""file_offset"": 37888, ""floor_field"": 0, ""entity_id_field"": 0, ""group"": 0, ""room"": 7, ""unknown_a3"": 0, ""position"": [-125.0, 0.0, 195.1999969482422], ""angles"": [0, 33264, 0], ""params"": [1.0, 1.0, 1.0, 2, 0, 0], ""unused_pointer"": 0}"
events-ep2/q83-bb-j,8,157,"{""base_type"": 520, ""set_flags"": 0, ""runtime_index"": 0, ""file_offset"": 38092, ""floor_field"": 0, ""entity_id_field"": 0, ""group"": 0, ""room"": 5, ""unknown_a3"": 0, ""position"": [-14.041400909423828, 63.0, 112.0], ""angles"": [0, 53411, 0], ""params"": [1.0, 1.0, 1.0, 1, 0, 0], ""unused_pointer"": 0}"
events-ep2/q83-bb-j,8,161,"{""base_type"": 520, ""set_flags"": 0, ""runtime_index"": 0, ""file_offset"": 38364, ""floor_field"": 0, ""entity_id_field"": 0, ""group"": 0, ""room"": 5, ""unknown_a3"": 0, ""position"": [-47.0, 57.0, 176.0], ""angles"": [0, 52932, 0], ""params"": [1.0, 1.0, 1.0, 1, 0, 0], ""unused_pointer"": 0}"
events-ep2/q83-bb-j,8,186,"{""base_type"": 520, ""set_flags"": 0, ""runtime_index"": 0, ""file_offset"": 40064, ""floor_field"": 0, ""entity_id_field"": 0, ""group"": 0, ""room"": 7, ""unknown_a3"": 0, ""position"": [-152.0, 0.0, 196.1999969482422], ""angles"": [0, 0, 0], ""params"": [1.0, 1.0, 1.0, 2, 0, 0], ""unused_pointer"": 0}"
events-ep2/q83-bb-j,9,35,"{""base_type"": 520, ""set_flags"": 512, ""runtime_index"": 24837, ""file_offset"": 46200, ""floor_field"": 9, ""entity_id_field"": 37705, ""group"": 0, ""room"": 5, ""unknown_a3"": 0, ""position"": [-61.0, 10.0, 140.59530639648438], ""angles"": [0, 11900, 0], ""params"": [1.0, 1.0, 1.0, 0, 0, 0], ""unused_pointer"": 3235307904}"
events-ep2/q83-bb-j,9,36,"{""base_type"": 520, ""set_flags"": 512, ""runtime_index"": 25093, ""file_offset"": 46268, ""floor_field"": 9, ""entity_id_field"": 37961, ""group"": 0, ""room"": 5, ""unknown_a3"": 0, ""position"": [-37.20000076293945, 10.0, 110.0], ""angles"": [0, 39856, 0], ""params"": [1.0, 1.0, 1.0, 0, 0, 0], ""unused_pointer"": 2698699136}"
events-ep2/q83-bb-j,9,67,"{""base_type"": 520, ""set_flags"": 0, ""runtime_index"": 0, ""file_offset"": 48376, ""floor_field"": 0, ""entity_id_field"": 0, ""group"": 0, ""room"": 10, ""unknown_a3"": 0, ""position"": [-125.80000305175781, 10.0, -44.24382019042969], ""angles"": [0, 49395, 0], ""params"": [1.0, 1.0, 1.0, 2, 0, 0], ""unused_pointer"": 0}"
events-ep2/q83-bb-j,9,68,"{""base_type"": 520, ""set_flags"": 0, ""runtime_index"": 0, ""file_offset"": 48444, ""floor_field"": 0, ""entity_id_field"": 0, ""group"": 0, ""room"": 10, ""unknown_a3"": 0, ""position"": [-128.76429748535156, 10.0, -65.27571868896484], ""angles"": [0, 49434, 0], ""params"": [1.0, 1.0, 1.0, 2, 0, 0], ""unused_pointer"": 0}"
events-ep2/q83-bb-j,9,69,"{""base_type"": 520, ""set_flags"": 0, ""runtime_index"": 0, ""file_offset"": 48512, ""floor_field"": 0, ""entity_id_field"": 0, ""group"": 0, ""room"": 3, ""unknown_a3"": 0, ""position"": [-39.01954650878906, -1.0, -98.77838134765625], ""angles"": [0, 32768, 0], ""params"": [1.0, 1.0, 1.0, 2, 0, 0], ""unused_pointer"": 0}"
events-ep2/q83-bb-j,9,71,"{""base_type"": 520, ""set_flags"": 0, ""runtime_index"": 0, ""file_offset"": 48648, ""floor_field"": 0, ""entity_id_field"": 0, ""group"": 0, ""room"": 9, ""unknown_a3"": 0, ""position"": [-46.94980239868164, 10.0, -85.30000305175781], ""angles"": [0, 64944, 0], ""params"": [1.0, 1.0, 1.0, 2, 0, 0], ""unused_pointer"": 0}"
events-ep2/q83-bb-j,9,72,"{""base_type"": 520, ""set_flags"": 0, ""runtime_index"": 0, ""file_offset"": 48716, ""floor_field"": 0, ""entity_id_field"": 0, ""group"": 0, ""room"": 9, ""unknown_a3"": 0, ""position"": [-76.50070190429688, 10.0, -76.0], ""angles"": [0, 36233, 0], ""params"": [1.0, 1.0, 1.0, 2, 0, 0], ""unused_pointer"": 0}"
events-ep2/q83-bb-j,9,73,"{""base_type"": 520, ""set_flags"": 0, ""runtime_index"": 0, ""file_offset"": 48784, ""floor_field"": 0, ""entity_id_field"": 0, ""group"": 0, ""room"": 9, ""unknown_a3"": 0, ""position"": [-101.8574447631836, 10.0, -58.6260986328125], ""angles"": [0, 8600, 0], ""params"": [1.0, 1.0, 1.0, 2, 0, 0], ""unused_pointer"": 0}"
events-ep2/q83-bb-j,9,74,"{""base_type"": 520, ""set_flags"": 0, ""runtime_index"": 0, ""file_offset"": 48852, ""floor_field"": 0, ""entity_id_field"": 0, ""group"": 0, ""room"": 9, ""unknown_a3"": 0, ""position"": [-113.73079681396484, 9.9390230178833, -29.75269889831543], ""angles"": [0, 47236, 0], ""params"": [1.0, 1.0, 1.0, 2, 0, 0], ""unused_pointer"": 0}"
events-ep2/q83-bb-j,9,75,"{""base_type"": 520, ""set_flags"": 0, ""runtime_index"": 0, ""file_offset"": 48920, ""floor_field"": 0, ""entity_id_field"": 0, ""group"": 0, ""room"": 9, ""unknown_a3"": 0, ""position"": [-116.69709777832031, 9.925800323486328, 3.2473018169403076], ""angles"": [0, 17088, 0], ""params"": [1.0, 1.0, 1.0, 2, 0, 0], ""unused_pointer"": 0}"
events-ep2/q83-bb-j,9,76,"{""base_type"": 520, ""set_flags"": 0, ""runtime_index"": 0, ""file_offset"": 48988, ""floor_field"": 0, ""entity_id_field"": 0, ""group"": 0, ""room"": 9, ""unknown_a3"": 0, ""position"": [-109.5999984741211, 10.0, 57.099998474121094], ""angles"": [0, 17370, 0], ""params"": [1.0, 1.0, 1.0, 2, 0, 0], ""unused_pointer"": 0}"
events-ep2/q83-bb-j,9,77,"{""base_type"": 520, ""set_flags"": 0, ""runtime_index"": 0, ""file_offset"": 49056, ""floor_field"": 0, ""entity_id_field"": 0, ""group"": 0, ""room"": 9, ""unknown_a3"": 0, ""position"": [-108.0, 10.0, 88.0], ""angles"": [0, 48015, 0], ""params"": [1.0, 1.0, 1.0, 2, 0, 0], ""unused_pointer"": 0}"
events-ep2/q83-bb-j,9,78,"{""base_type"": 520, ""set_flags"": 0, ""runtime_index"": 0, ""file_offset"": 49124, ""floor_field"": 0, ""entity_id_field"": 0, ""group"": 0, ""room"": 14, ""unknown_a3"": 0, ""position"": [161.58203125, 10.0, -39.45527648925781], ""angles"": [0, 2865, 0], ""params"": [1.0, 1.0, 1.0, 2, 0, 0], ""unused_pointer"": 0}"
events-ep2/q83-bb-j,9,79,"{""base_type"": 520, ""set_flags"": 0, ""runtime_index"": 0, ""file_offset"": 49192, ""floor_field"": 0, ""entity_id_field"": 0, ""group"": 0, ""room"": 14, ""unknown_a3"": 0, ""position"": [128.99087524414062, 10.0, -40.552913665771484], ""angles"": [0, 64444, 0], ""params"": [1.0, 1.0, 1.0, 2, 0, 0], ""unused_pointer"": 0}"
events-ep2/q83-bb-j,9,81,"{""base_type"": 520, ""set_flags"": 0, ""runtime_index"": 0, ""file_offset"": 49328, ""floor_field"": 0, ""entity_id_field"": 0, ""group"": 0, ""room"": 5, ""unknown_a3"": 0, ""position"": [-172.0, 8.0, 10.0], ""angles"": [0, 48114, 0], ""params"": [1.0, 1.0, 1.0, 2, 0, 0], ""unused_pointer"": 0}"
events-ep2/q83-bb-j,9,82,"{""base_type"": 520, ""set_flags"": 0, ""runtime_index"": 0, ""file_offset"": 49396, ""floor_field"": 0, ""entity_id_field"": 0, ""group"": 0, ""room"": 5, ""unknown_a3"": 0, ""position"": [-173.0, 8.0, 46.0], ""angles"": [0, 48163, 0], ""params"": [1.0, 1.0, 1.0, 2, 0, 0], ""unused_pointer"": 0}"
events-ep2/q83-bb-j,9,83,"{""base_type"": 520, ""set_flags"": 0, ""runtime_index"": 0, ""file_offset"": 49464, ""floor_field"": 0, ""entity_id_field"": 0, ""group"": 0, ""room"": 5, ""unknown_a3"": 0, ""position"": [-196.0, 3.0, 143.17469787597656], ""angles"": [0, 14837, 0], ""params"": [1.0, 1.0, 1.0, 2, 0, 0], ""unused_pointer"": 0}"
events-ep2/q83-bb-j,9,84,"{""base_type"": 520, ""set_flags"": 0, ""runtime_index"": 0, ""file_offset"": 49532, ""floor_field"": 0, ""entity_id_field"": 0, ""group"": 0, ""room"": 5, ""unknown_a3"": 0, ""position"": [-188.82569885253906, 6.0, 113.27040100097656], ""angles"": [0, 46622, 0], ""params"": [1.0, 1.0, 1.0, 2, 0, 0], ""unused_pointer"": 0}"
events-ep2/q83-bb-j,9,86,"{""base_type"": 520, ""set_flags"": 0, ""runtime_index"": 0, ""file_offset"": 49668, ""floor_field"": 0, ""entity_id_field"": 0, ""group"": 0, ""room"": 3, ""unknown_a3"": 0, ""position"": [-71.43254852294922, -1.1293717622756958, -98.0], ""angles"": [0, 0, 0], ""params"": [1.0, 1.0, 1.0, 2, 0, 0], ""unused_pointer"": 0}"
events-ep2/q83-bb-j,9,87,"{""base_type"": 520, ""set_flags"": 0, ""runtime_index"": 0, ""file_offset"": 49736, ""floor_field"": 0, ""entity_id_field"": 0, ""group"": 0, ""room"": 3, ""unknown_a3"": 0, ""position"": [-105.0, -1.2478407621383667, -98.0], ""angles"": [0, 32768, 0], ""params"": [1.0, 1.0, 1.0, 2, 0, 0], ""unused_pointer"": 0}"
events-ep2/q83-bb-j,9,88,"{""base_type"": 520, ""set_flags"": 0, ""runtime_index"": 0, ""file_offset"": 49804, ""floor_field"": 0, ""entity_id_field"": 0, ""group"": 0, ""room"": 3, ""unknown_a3"": 0, ""position"": [-139.0, -1.1309913396835327, -98.0], ""angles"": [0, 0, 0], ""params"": [1.0, 1.0, 1.0, 2, 0, 0], ""unused_pointer"": 0}"
events-ep2/q83-bb-j,9,89,"{""base_type"": 520, ""set_flags"": 0, ""runtime_index"": 0, ""file_offset"": 49872, ""floor_field"": 0, ""entity_id_field"": 0, ""group"": 0, ""room"": 3, ""unknown_a3"": 0, ""position"": [-173.0, -1.0409340858459473, -98.0], ""angles"": [0, 32768, 0], ""params"": [1.0, 1.0, 1.0, 2, 0, 0], ""unused_pointer"": 0}"
events-ep2/q83-bb-j,9,90,"{""base_type"": 520, ""set_flags"": 0, ""runtime_index"": 0, ""file_offset"": 49940, ""floor_field"": 0, ""entity_id_field"": 0, ""group"": 0, ""room"": 3, ""unknown_a3"": 0, ""position"": [-207.0, -0.9256698489189148, -98.0], ""angles"": [0, 0, 0], ""params"": [1.0, 1.0, 1.0, 2, 0, 0], ""unused_pointer"": 0}"
events-ep2/q83-bb-j,9,91,"{""base_type"": 520, ""set_flags"": 0, ""runtime_index"": 0, ""file_offset"": 50008, ""floor_field"": 0, ""entity_id_field"": 0, ""group"": 0, ""room"": 3, ""unknown_a3"": 0, ""position"": [-241.0, -1.058497667312622, -98.0], ""angles"": [0, 0, 0], ""params"": [1.0, 1.0, 1.0, 2, 0, 0], ""unused_pointer"": 0}"
events-ep2/q83-bb-j,9,92,"{""base_type"": 520, ""set_flags"": 0, ""runtime_index"": 0, ""file_offset"": 50076, ""floor_field"": 0, ""entity_id_field"": 0, ""group"": 0, ""room"": 3, ""unknown_a3"": 0, ""position"": [-275.0, -1.092273473739624, -98.0], ""angles"": [0, 32768, 0], ""params"": [1.0, 1.0, 1.0, 2, 0, 0], ""unused_pointer"": 0}"
events-ep2/q83-bb-j,9,93,"{""base_type"": 520, ""set_flags"": 0, ""runtime_index"": 0, ""file_offset"": 50144, ""floor_field"": 0, ""entity_id_field"": 0, ""group"": 0, ""room"": 3, ""unknown_a3"": 0, ""position"": [-309.0, -1.2597732543945312, -98.0], ""angles"": [0, 0, 0], ""params"": [1.0, 1.0, 1.0, 2, 0, 0], ""unused_pointer"": 0}"
events-ep2/q83-bb-j,9,94,"{""base_type"": 520, ""set_flags"": 0, ""runtime_index"": 0, ""file_offset"": 50212, ""floor_field"": 0, ""entity_id_field"": 0, ""group"": 0, ""room"": 3, ""unknown_a3"": 0, ""position"": [-343.0, -1.1449564695358276, -98.0], ""angles"": [0, 32768, 0], ""params"": [1.0, 1.0, 1.0, 2, 0, 0], ""unused_pointer"": 0}"
events-ep2/q83-bb-j,9,95,"{""base_type"": 520, ""set_flags"": 0, ""runtime_index"": 0, ""file_offset"": 50280, ""floor_field"": 0, ""entity_id_field"": 0, ""group"": 0, ""room"": 3, ""unknown_a3"": 0, ""position"": [-377.0, -1.0083502531051636, -98.0], ""angles"": [0, 0, 0], ""params"": [1.0, 1.0, 1.0, 2, 0, 0], ""unused_pointer"": 0}"
events-ep2/q83-bb-j,9,96,"{""base_type"": 520, ""set_flags"": 0, ""runtime_index"": 0, ""file_offset"": 50348, ""floor_field"": 0, ""entity_id_field"": 0, ""group"": 0, ""room"": 3, ""unknown_a3"": 0, ""position"": [-411.0, -0.9044367671012878, -98.0], ""angles"": [0, 32768, 0], ""params"": [1.0, 1.0, 1.0, 2, 0, 0], ""unused_pointer"": 0}"
events-ep2/q83-bb-j,9,97,"{""base_type"": 520, ""set_flags"": 0, ""runtime_index"": 0, ""file_offset"": 50416, ""floor_field"": 0, ""entity_id_field"": 0, ""group"": 0, ""room"": 3, ""unknown_a3"": 0, ""position"": [-445.0, -0.9919874668121338, -98.0], ""angles"": [0, 0, 0], ""params"": [1.0, 1.0, 1.0, 2, 0, 0], ""unused_pointer"": 0}"
events-ep2/q83-bb-j,9,98,"{""base_type"": 520, ""set_flags"": 0, ""runtime_index"": 0, ""file_offset"": 50484, ""floor_field"": 0, ""entity_id_field"": 0, ""group"": 0, ""room"": 3, ""unknown_a3"": 0, ""position"": [-479.0, -1.1216695308685303, -98.0], ""angles"": [0, 32768, 0], ""params"": [1.0, 1.0, 1.0, 2, 0, 0], ""unused_pointer"": 0}"
events-ep2/q83-bb-j,9,99,"{""base_type"": 520, ""set_flags"": 0, ""runtime_index"": 0, ""file_offset"": 50552, ""floor_field"": 0, ""entity_id_field"": 0, ""group"": 0, ""room"": 3, ""unknown_a3"": 0, ""position"": [-513.0, -1.0, -98.0], ""angles"": [0, 0, 0], ""params"": [1.0, 1.0, 1.0, 2, 0, 0], ""unused_pointer"": 0}"
events-ep2/q83-bb-j,9,100,"{""base_type"": 520, ""set_flags"": 0, ""runtime_index"": 0, ""file_offset"": 50620, ""floor_field"": 0, ""entity_id_field"": 0, ""group"": 0, ""room"": 3, ""unknown_a3"": 0, ""position"": [-547.0, -1.0, -98.0], ""angles"": [0, 32768, 0], ""params"": [1.0, 1.0, 1.0, 2, 0, 0], ""unused_pointer"": 0}"
events-ep2/q83-bb-j,9,101,"{""base_type"": 520, ""set_flags"": 0, ""runtime_index"": 0, ""file_offset"": 50688, ""floor_field"": 0, ""entity_id_field"": 0, ""group"": 0, ""room"": 3, ""unknown_a3"": 0, ""position"": [-581.0, -1.0106639862060547, -98.0], ""angles"": [0, 0, 0], ""params"": [1.0, 1.0, 1.0, 2, 0, 0], ""unused_pointer"": 0}"
events-ep2/q83-bb-j,9,102,"{""base_type"": 520, ""set_flags"": 0, ""runtime_index"": 0, ""file_offset"": 50756, ""floor_field"": 0, ""entity_id_field"": 0, ""group"": 0, ""room"": 3, ""unknown_a3"": 0, ""position"": [-611.8386840820312, -0.8805413842201233, -106.1822738647461], ""angles"": [0, 26859, 0], ""params"": [1.0, 1.0, 1.0, 2, 0, 0], ""unused_pointer"": 0}"
events-ep2/q83-bb-j,9,109,"{""base_type"": 520, ""set_flags"": 0, ""runtime_index"": 0, ""file_offset"": 51232, ""floor_field"": 0, ""entity_id_field"": 0, ""group"": 0, ""room"": 14, ""unknown_a3"": 0, ""position"": [37.07680130004883, 10.0, -56.0], ""angles"": [0, 47083, 0], ""params"": [1.0, 1.0, 1.0, 2, 0, 0], ""unused_pointer"": 0}"
events-ep2/q83-bb-j,9,110,"{""base_type"": 520, ""set_flags"": 0, ""runtime_index"": 0, ""file_offset"": 51300, ""floor_field"": 0, ""entity_id_field"": 0, ""group"": 0, ""room"": 14, ""unknown_a3"": 0, ""position"": [19.203899383544922, 10.0, -65.2343978881836], ""angles"": [0, 2712, 0], ""params"": [1.0, 1.0, 1.0, 2, 0, 0], ""unused_pointer"": 0}"
events-ep2/q83-bb-j,9,144,"{""base_type"": 520, ""set_flags"": 0, ""runtime_index"": 0, ""file_offset"": 53612, ""floor_field"": 0, ""entity_id_field"": 0, ""group"": 0, ""room"": 3, ""unknown_a3"": 0, ""position"": [-20.0, -14.0, -25.799999237060547], ""angles"": [0, 51497, 0], ""params"": [1.0, 1.0, 1.0, 2, 0, 0], ""unused_pointer"": 0}"
events-ep2/q83-bb-j,9,154,"{""base_type"": 520, ""set_flags"": 0, ""runtime_index"": 0, ""file_offset"": 54292, ""floor_field"": 0, ""entity_id_field"": 0, ""group"": 0, ""room"": 14, ""unknown_a3"": 0, ""position"": [-13.225799560546875, 10.0, -88.25700378417969], ""angles"": [0, 6088, 0], ""params"": [1.0, 1.0, 1.0, 0, 0, 0], ""unused_pointer"": 0}"
events-ep2/q83-bb-j,9,155,"{""base_type"": 520, ""set_flags"": 0, ""runtime_index"": 0, ""file_offset"": 54360, ""floor_field"": 0, ""entity_id_field"": 0, ""group"": 0, ""room"": 14, ""unknown_a3"": 0, ""position"": [39.77730941772461, 0.0, -25.552900314331055], ""angles"": [0, 50385, 0], ""params"": [1.0, 1.0, 1.0, 2, 0, 0], ""unused_pointer"": 0}"
events-ep2/q83-bb-j,9,156,"{""base_type"": 520, ""set_flags"": 0, ""runtime_index"": 0, ""file_offset"": 54428, ""floor_field"": 0, ""entity_id_field"": 0, ""group"": 0, ""room"": 9, ""unknown_a3"": 0, ""position"": [-108.83719635009766, 10.0, 28.994840621948242], ""angles"": [0, 50907, 0], ""params"": [1.0, 1.0, 1.0, 2, 0, 0], ""unused_pointer"": 0}"
events-ep2/q83-bb-j,9,166,"{""base_type"": 520, ""set_flags"": 0, ""runtime_index"": 0, ""file_offset"": 55108, ""floor_field"": 0, ""entity_id_field"": 0, ""group"": 0, ""room"": 9, ""unknown_a3"": 0, ""position"": [-10.126019477844238, 0.0, -145.4582061767578], ""angles"": [0, 45072, 0], ""params"": [1.0, 1.0, 1.0, 0, 0, 0], ""unused_pointer"": 0}"
events-ep2/q83-bb-j,9,245,"{""base_type"": 520, ""set_flags"": 0, ""runtime_index"": 0, ""file_offset"": 60480, ""floor_field"": 0, ""entity_id_field"": 0, ""group"": 0, ""room"": 3, ""unknown_a3"": 0, ""position"": [-53.0, -9.0, 150.0], ""angles"": [0, 0, 0], ""params"": [1.0, 1.0, 1.0, 2, 0, 0], ""unused_pointer"": 0}"
events-ep2/q83-bb-j,9,246,"{""base_type"": 520, ""set_flags"": 0, ""runtime_index"": 0, ""file_offset"": 60548, ""floor_field"": 0, ""entity_id_field"": 0, ""group"": 0, ""room"": 3, ""unknown_a3"": 0, ""position"": [-86.0, -9.0, 150.0], ""angles"": [0, 32768, 0], ""params"": [1.0, 1.0, 1.0, 2, 0, 0], ""unused_pointer"": 0}"
events-ep2/q83-bb-j,9,247,"{""base_type"": 520, ""set_flags"": 0, ""runtime_index"": 0, ""file_offset"": 60616, ""floor_field"": 0, ""entity_id_field"": 0, ""group"": 0, ""room"": 3, ""unknown_a3"": 0, ""position"": [-120.0, -9.0, 150.0], ""angles"": [0, 0, 0], ""params"": [1.0, 1.0, 1.0, 2, 0, 0], ""unused_pointer"": 0}"
events-ep2/q83-bb-j,9,248,"{""base_type"": 520, ""set_flags"": 0, ""runtime_index"": 0, ""file_offset"": 60684, ""floor_field"": 0, ""entity_id_field"": 0, ""group"": 0, ""room"": 3, ""unknown_a3"": 0, ""position"": [-154.0, -9.0, 150.0], ""angles"": [0, 32768, 0], ""params"": [1.0, 1.0, 1.0, 2, 0, 0], ""unused_pointer"": 0}"
events-ep2/q83-bb-j,9,249,"{""base_type"": 520, ""set_flags"": 0, ""runtime_index"": 0, ""file_offset"": 60752, ""floor_field"": 0, ""entity_id_field"": 0, ""group"": 0, ""room"": 3, ""unknown_a3"": 0, ""position"": [-188.0, -9.0, 150.0], ""angles"": [0, 0, 0], ""params"": [1.0, 1.0, 1.0, 2, 0, 0], ""unused_pointer"": 0}"
events-ep2/q83-bb-j,9,250,"{""base_type"": 520, ""set_flags"": 0, ""runtime_index"": 0, ""file_offset"": 60820, ""floor_field"": 0, ""entity_id_field"": 0, ""group"": 0, ""room"": 3, ""unknown_a3"": 0, ""position"": [-222.0, -9.0, 150.0], ""angles"": [0, 32768, 0], ""params"": [1.0, 1.0, 1.0, 2, 0, 0], ""unused_pointer"": 0}"
events-ep2/q83-bb-j,9,251,"{""base_type"": 520, ""set_flags"": 0, ""runtime_index"": 0, ""file_offset"": 60888, ""floor_field"": 0, ""entity_id_field"": 0, ""group"": 0, ""room"": 3, ""unknown_a3"": 0, ""position"": [-256.0, -9.0, 150.0], ""angles"": [0, 0, 0], ""params"": [1.0, 1.0, 1.0, 2, 0, 0], ""unused_pointer"": 0}"
events-ep2/q83-bb-j,9,252,"{""base_type"": 520, ""set_flags"": 0, ""runtime_index"": 0, ""file_offset"": 60956, ""floor_field"": 0, ""entity_id_field"": 0, ""group"": 0, ""room"": 3, ""unknown_a3"": 0, ""position"": [-290.0, -9.0, 150.0], ""angles"": [0, 32768, 0], ""params"": [1.0, 1.0, 1.0, 2, 0, 0], ""unused_pointer"": 0}"
events-ep2/q83-bb-j,9,253,"{""base_type"": 520, ""set_flags"": 0, ""runtime_index"": 0, ""file_offset"": 61024, ""floor_field"": 0, ""entity_id_field"": 0, ""group"": 0, ""room"": 3, ""unknown_a3"": 0, ""position"": [-324.0, -9.0, 150.0], ""angles"": [0, 0, 0], ""params"": [1.0, 1.0, 1.0, 2, 0, 0], ""unused_pointer"": 0}"
events-ep2/q83-bb-j,9,254,"{""base_type"": 520, ""set_flags"": 0, ""runtime_index"": 0, ""file_offset"": 61092, ""floor_field"": 0, ""entity_id_field"": 0, ""group"": 0, ""room"": 3, ""unknown_a3"": 0, ""position"": [-192.0, -19.0, 265.0], ""angles"": [0, 14757, 0], ""params"": [1.0, 1.0, 1.0, 2, 0, 0], ""unused_pointer"": 0}"
events-ep2/q83-bb-j,9,260,"{""base_type"": 520, ""set_flags"": 0, ""runtime_index"": 0, ""file_offset"": 61500, ""floor_field"": 0, ""entity_id_field"": 0, ""group"": 0, ""room"": 4, ""unknown_a3"": 0, ""position"": [34.16510009765625, -9.0, -84.9881820678711], ""angles"": [0, 16384, 0], ""params"": [1.0, 1.0, 1.0, 1, 0, 0], ""unused_pointer"": 0}"
events-ep2/q83-bb-j,9,261,"{""base_type"": 520, ""set_flags"": 0, ""runtime_index"": 0, ""file_offset"": 61568, ""floor_field"": 0, ""entity_id_field"": 0, ""group"": 0, ""room"": 3, ""unknown_a3"": 0, ""position"": [-94.55158996582031, 6.0, -320.0], ""angles"": [0, 18674, 0], ""params"": [1.0, 1.0, 1.0, 2, 0, 0], ""unused_pointer"": 0}"
events-ep2/q83-bb-j,9,262,"{""base_type"": 520, ""set_flags"": 0, ""runtime_index"": 0, ""file_offset"": 61636, ""floor_field"": 0, ""entity_id_field"": 0, ""group"": 0, ""room"": 3, ""unknown_a3"": 0, ""position"": [-93.23493194580078, 6.0, -290.0], ""angles"": [0, 48898, 0], ""params"": [1.0, 1.0, 1.0, 2, 0, 0], ""unused_pointer"": 0}"
events-ep2/q83-bb-j,9,267,"{""base_type"": 520, ""set_flags"": 0, ""runtime_index"": 0, ""file_offset"": 61976, ""floor_field"": 0, ""entity_id_field"": 0, ""group"": 0, ""room"": 3, ""unknown_a3"": 0, ""position"": [-91.2343978881836, -1.0, -122.30509948730469], ""angles"": [0, 47476, 0], ""params"": [1.0, 1.0, 1.0, 2, 0, 0], ""unused_pointer"": 0}"
events-ep2/q83-bb-j,9,268,"{""base_type"": 520, ""set_flags"": 0, ""runtime_index"": 0, ""file_offset"": 62044, ""floor_field"": 0, ""entity_id_field"": 0, ""group"": 0, ""room"": 3, ""unknown_a3"": 0, ""position"": [-91.0, 1.0, -151.0], ""angles"": [0, 49152, 0], ""params"": [1.0, 1.0, 1.0, 2, 0, 0], ""unused_pointer"": 0}"
events-ep2/q83-bb-j,9,286,"{""base_type"": 520, ""set_flags"": 0, ""runtime_index"": 0, ""file_offset"": 63268, ""floor_field"": 0, ""entity_id_field"": 0, ""group"": 0, ""room"": 3, ""unknown_a3"": 0, ""position"": [-196.2790985107422, -11.0, -155.74949645996094], ""angles"": [0, 42055, 0], ""params"": [1.0, 1.0, 1.0, 1, 0, 0], ""unused_pointer"": 0}"
events-ep2/q83-bb-j,9,294,"{""base_type"": 520, ""set_flags"": 0, ""runtime_index"": 0, ""file_offset"": 63812, ""floor_field"": 0, ""entity_id_field"": 0, ""group"": 0, ""room"": 4, ""unknown_a3"": 0, ""position"": [178.77496337890625, -3.0, -137.17930603027344], ""angles"": [0, 17350, 0], ""params"": [1.0, 1.0, 1.0, 1, 0, 0], ""unused_pointer"": 0}"
events-ep2/q83-bb-j,9,302,"{""base_type"": 520, ""set_flags"": 0, ""runtime_index"": 0, ""file_offset"": 64356, ""floor_field"": 0, ""entity_id_field"": 0, ""group"": 0, ""room"": 4, ""unknown_a3"": 0, ""position"": [139.51449584960938, -8.0, -95.87899780273438], ""angles"": [0, 2164, 0], ""params"": [1.0, 1.0, 1.0, 1, 0, 0], ""unused_pointer"": 0}"
events-ep2/q83-bb-j,9,313,"{""base_type"": 520, ""set_flags"": 0, ""runtime_index"": 0, ""file_offset"": 65104, ""floor_field"": 0, ""entity_id_field"": 0, ""group"": 0, ""room"": 4, ""unknown_a3"": 0, ""position"": [-56.04869842529297, -2.0, -194.79820251464844], ""angles"": [0, 16384, 0], ""params"": [1.0, 1.0, 1.0, 1, 0, 0], ""unused_pointer"": 0}"
events-ep2/q216-bb-e,9,16,"{""base_type"": 520, ""set_flags"": 0, ""runtime_index"": 23816, ""file_offset"": 4180, ""floor_field"": 9, ""entity_id_field"": 18519, ""group"": 0, ""room"": 3, ""unknown_a3"": 0, ""position"": [-731.239990234375, 4.74798059463501, -308.7200012207031], ""angles"": [0, 39680, 0], ""params"": [1.0, 1.0, 1.0, 2, 0, 0], ""unused_pointer"": 73572864}"
events-ep2/q216-bb-e,9,17,"{""base_type"": 520, ""set_flags"": 0, ""runtime_index"": 24072, ""file_offset"": 4248, ""floor_field"": 9, ""entity_id_field"": 18520, ""group"": 0, ""room"": 3, ""unknown_a3"": 0, ""position"": [-667.239990234375, 4.75, -368.7200012207031], ""angles"": [0, 39680, 0], ""params"": [1.0, 1.0, 1.0, 2, 0, 0], ""unused_pointer"": 73573728}"
events-ep2/q216-bb-e,9,18,"{""base_type"": 520, ""set_flags"": 0, ""runtime_index"": 25608, ""file_offset"": 4316, ""floor_field"": 9, ""entity_id_field"": 18521, ""group"": 0, ""room"": 3, ""unknown_a3"": 0, ""position"": [-709.239990234375, 8.84999942779541, -325.7200012207031], ""angles"": [0, 72448, 0], ""params"": [1.0, 1.0, 1.0, 2, 0, 0], ""unused_pointer"": 73574592}"
events-ep2/q216-bb-e,9,19,"{""base_type"": 520, ""set_flags"": 0, ""runtime_index"": 25352, ""file_offset"": 4384, ""floor_field"": 9, ""entity_id_field"": 18522, ""group"": 0, ""room"": 3, ""unknown_a3"": 0, ""position"": [-690.239990234375, 8.75, -338.7200012207031], ""angles"": [0, 72448, 0], ""params"": [1.0, 1.0, 1.0, 2, 0, 0], ""unused_pointer"": 73575456}"
events-ep2/q216-bb-e,9,20,"{""base_type"": 520, ""set_flags"": 0, ""runtime_index"": 25864, ""file_offset"": 4452, ""floor_field"": 9, ""entity_id_field"": 18523, ""group"": 0, ""room"": 3, ""unknown_a3"": 0, ""position"": [-680.239990234375, 18.75, -348.7200012207031], ""angles"": [0, 109312, 0], ""params"": [1.0, 1.0, 1.0, 2, 0, 0], ""unused_pointer"": 73576320}"
events-ep2/q216-bb-e,9,28,"{""base_type"": 520, ""set_flags"": 512, ""runtime_index"": 27397, ""file_offset"": 4996, ""floor_field"": 9, ""entity_id_field"": 18531, ""group"": 0, ""room"": 3, ""unknown_a3"": 0, ""position"": [-620.0, -5.599999904632568, 100.0], ""angles"": [0, 20480, 0], ""params"": [1.0, 1.0, 1.0, 0, 0, 0], ""unused_pointer"": 73578480}"
events-ep2/q216-bb-e,9,39,"{""base_type"": 520, ""set_flags"": 0, ""runtime_index"": 24584, ""file_offset"": 5744, ""floor_field"": 9, ""entity_id_field"": 18547, ""group"": 0, ""room"": 9, ""unknown_a3"": 0, ""position"": [-320.0, 10.0, -290.0], ""angles"": [0, 16384, 0], ""params"": [1.0, 1.0, 1.0, 2, 0, 0], ""unused_pointer"": 73587760}"
events-ep2/q216-bb-e,9,40,"{""base_type"": 520, ""set_flags"": 0, ""runtime_index"": 24328, ""file_offset"": 5812, ""floor_field"": 9, ""entity_id_field"": 18548, ""group"": 0, ""room"": 9, ""unknown_a3"": 0, ""position"": [-320.0, 10.0, -260.0], ""angles"": [0, 16384, 0], ""params"": [1.0, 1.0, 1.0, 2, 0, 0], ""unused_pointer"": 73588624}"
events-ep2/q216-bb-e,9,86,"{""base_type"": 520, ""set_flags"": 0, ""runtime_index"": 23048, ""file_offset"": 8940, ""floor_field"": 9, ""entity_id_field"": 18596, ""group"": 0, ""room"": 13, ""unknown_a3"": 0, ""position"": [20.0, 10.0, -80.0], ""angles"": [0, 0, 0], ""params"": [1.0, 1.0, 1.0, 2, 0, 0], ""unused_pointer"": 73606096}"
events-ep2/q216-bb-e,9,87,"{""base_type"": 520, ""set_flags"": 0, ""runtime_index"": 23304, ""file_offset"": 9008, ""floor_field"": 9, ""entity_id_field"": 18597, ""group"": 0, ""room"": 13, ""unknown_a3"": 0, ""position"": [50.0, 10.0, -85.0], ""angles"": [0, 4096, 0], ""params"": [1.0, 1.0, 1.0, 2, 0, 0], ""unused_pointer"": 73606960}"
events-ep2/q216-bb-e,9,88,"{""base_type"": 520, ""set_flags"": 0, ""runtime_index"": 23560, ""file_offset"": 9076, ""floor_field"": 9, ""entity_id_field"": 18598, ""group"": 0, ""room"": 13, ""unknown_a3"": 0, ""position"": [35.0, 20.0, -84.0], ""angles"": [0, 32768, 0], ""params"": [1.0, 1.0, 1.0, 2, 0, 0], ""unused_pointer"": 73607824}"
events-ep2/q216-bb-e,16,14,"{""base_type"": 520, ""set_flags"": 0, ""runtime_index"": 33032, ""file_offset"": 10180, ""floor_field"": 16, ""entity_id_field"": 54601, ""group"": 0, ""room"": 1, ""unknown_a3"": 0, ""position"": [-80.0, 10.0, 170.0], ""angles"": [0, 16384, 0], ""params"": [1.0, 1.0, 1.0, 2, 0, 0], ""unused_pointer"": 1079960192}"
events-ep2/q216-bb-e,16,15,"{""base_type"": 520, ""set_flags"": 0, ""runtime_index"": 33288, ""file_offset"": 10248, ""floor_field"": 16, ""entity_id_field"": 54857, ""group"": 0, ""room"": 1, ""unknown_a3"": 0, ""position"": [-80.0, 10.0, 185.0], ""angles"": [0, 49152, 0], ""params"": [1.0, 1.0, 1.0, 2, 0, 0], ""unused_pointer"": 2690769536}"
events-ep2/q216-bb-e,16,20,"{""base_type"": 520, ""set_flags"": 0, ""runtime_index"": 23048, ""file_offset"": 10588, ""floor_field"": 16, ""entity_id_field"": 29768, ""group"": 0, ""room"": 3, ""unknown_a3"": 0, ""position"": [-731.239990234375, 4.748068809509277, -308.72088623046875], ""angles"": [0, 39680, 0], ""params"": [1.0, 1.0, 1.0, 0, 0, 0], ""unused_pointer"": 2960712320}"
events-ep2/q216-bb-e,16,30,"{""base_type"": 520, ""set_flags"": 512, ""runtime_index"": 25093, ""file_offset"": 11268, ""floor_field"": 9, ""entity_id_field"": 32328, ""group"": 0, ""room"": 3, ""unknown_a3"": 0, ""position"": [-667.239990234375, 4.75, -368.7200012207031], ""angles"": [0, 39680, 0], ""params"": [1.0, 1.0, 1.0, 0, 0, 0], ""unused_pointer"": 1351082624}"
events-ep2/q216-bb-e,16,34,"{""base_type"": 520, ""set_flags"": 512, ""runtime_index"": 27397, ""file_offset"": 11540, ""floor_field"": 9, ""entity_id_field"": 33352, ""group"": 0, ""room"": 3, ""unknown_a3"": 0, ""position"": [-620.0, -5.599999904632568, 100.0], ""angles"": [0, 20480, 0], ""params"": [1.0, 1.0, 1.0, 0, 0, 0], ""unused_pointer"": 1083040384}"
events-ep2/q216-bb-e,16,91,"{""base_type"": 520, ""set_flags"": 0, ""runtime_index"": 23048, ""file_offset"": 15416, ""floor_field"": 16, ""entity_id_field"": 54344, ""group"": 0, ""room"": 9, ""unknown_a3"": 0, ""position"": [-110.0, 10.0, -150.0], ""angles"": [0, 0, 0], ""params"": [1.0, 1.0, 1.0, 2, 0, 0], ""unused_pointer"": 811197312}"
events-ep2/q216-bb-e,16,103,"{""base_type"": 520, ""set_flags"": 0, ""runtime_index"": 23048, ""file_offset"": 16232, ""floor_field"": 9, ""entity_id_field"": 49480, ""group"": 0, ""room"": 13, ""unknown_a3"": 0, ""position"": [20.0, 10.0, -80.0], ""angles"": [0, 0, 0], ""params"": [1.0, 1.0, 1.0, 2, 0, 0], ""unused_pointer"": 1081074304}"
events-ep2/q216-bb-e,16,104,"{""base_type"": 520, ""set_flags"": 0, ""runtime_index"": 23304, ""file_offset"": 16300, ""floor_field"": 9, ""entity_id_field"": 49736, ""group"": 0, ""room"": 13, ""unknown_a3"": 0, ""position"": [50.0, 10.0, -85.0], ""angles"": [0, 4096, 0], ""params"": [1.0, 1.0, 1.0, 2, 0, 0], ""unused_pointer"": 544465536}"
events-ep2/q216-bb-e,16,105,"{""base_type"": 520, ""set_flags"": 0, ""runtime_index"": 23560, ""file_offset"": 16368, ""floor_field"": 9, ""entity_id_field"": 49992, ""group"": 0, ""room"": 13, ""unknown_a3"": 0, ""position"": [35.0, 20.0, -84.0], ""angles"": [0, 32768, 0], ""params"": [1.0, 1.0, 1.0, 2, 0, 0], ""unused_pointer"": 2953307008}"
events-ep2/q232-bb-e,16,22,"{""base_type"": 520, ""set_flags"": 0, ""runtime_index"": 23304, ""file_offset"": 4656, ""floor_field"": 16, ""entity_id_field"": 24904, ""group"": 0, ""room"": 3, ""unknown_a3"": 0, ""position"": [-266.6745910644531, 9.281901359558105, -232.8190155029297], ""angles"": [0, 24576, 0], ""params"": [1.0, 1.0, 1.0, 2, 0, 0], ""unused_pointer"": 1891951232}"
events-ep2/q232-bb-e,16,23,"{""base_type"": 520, ""set_flags"": 0, ""runtime_index"": 23560, ""file_offset"": 4724, ""floor_field"": 16, ""entity_id_field"": 25160, ""group"": 0, ""room"": 3, ""unknown_a3"": 0, ""position"": [-360.1832275390625, 9.720992088317871, -237.2099151611328], ""angles"": [0, 4096, 0], ""params"": [1.0, 1.0, 1.0, 2, 0, 0], ""unused_pointer"": 1355342464}"
events-ep2/q232-bb-e,16,24,"{""base_type"": 520, ""set_flags"": 0, ""runtime_index"": 23816, ""file_offset"": 4792, ""floor_field"": 16, ""entity_id_field"": 25416, ""group"": 0, ""room"": 3, ""unknown_a3"": 0, ""position"": [-233.51739501953125, 0.2986432909965515, -139.59219360351562], ""angles"": [0, 49152, 0], ""params"": [1.0, 1.0, 1.0, 2, 0, 0], ""unused_pointer"": 818733696}"
events-ep2/q232-bb-e,16,25,"{""base_type"": 520, ""set_flags"": 0, ""runtime_index"": 24072, ""file_offset"": 4860, ""floor_field"": 16, ""entity_id_field"": 25672, ""group"": 0, ""room"": 3, ""unknown_a3"": 0, ""position"": [-422.7828369140625, 2.164201021194458, -165.38992309570312], ""angles"": [0, 77824, 0], ""params"": [1.0, 1.0, 1.0, 2, 0, 0], ""unused_pointer"": 282124928}"
events-ep2/q232-bb-e,16,41,"{""base_type"": 520, ""set_flags"": 0, ""runtime_index"": 31240, ""file_offset"": 5948, ""floor_field"": 16, ""entity_id_field"": 59982, ""group"": 0, ""room"": 7, ""unknown_a3"": 0, ""position"": [-129.873046875, 0.8114930391311646, -320.99517822265625], ""angles"": [0, 0, 0], ""params"": [1.0, 1.0, 1.0, 2, 0, 0], ""unused_pointer"": 3770147456}"
events-ep2/q232-bb-e,16,43,"{""base_type"": 520, ""set_flags"": 0, ""runtime_index"": 31496, ""file_offset"": 6084, ""floor_field"": 16, ""entity_id_field"": 60494, ""group"": 0, ""room"": 7, ""unknown_a3"": 0, ""position"": [-146.282958984375, 9.999999046325684, -325.62554931640625], ""angles"": [0, 0, 0], ""params"": [1.0, 1.0, 1.0, 2, 0, 0], ""unused_pointer"": 3769819776}"
events-ep2/q232-bb-j,16,22,"{""base_type"": 520, ""set_flags"": 0, ""runtime_index"": 23304, ""file_offset"": 4656, ""floor_field"": 16, ""entity_id_field"": 24904, ""group"": 0, ""room"": 3, ""unknown_a3"": 0, ""position"": [-266.6745910644531, 9.281901359558105, -232.8190155029297], ""angles"": [0, 24576, 0], ""params"": [1.0, 1.0, 1.0, 2, 0, 0], ""unused_pointer"": 1891951232}"
events-ep2/q232-bb-j,16,23,"{""base_type"": 520, ""set_flags"": 0, ""runtime_index"": 23560, ""file_offset"": 4724, ""floor_field"": 16, ""entity_id_field"": 25160, ""group"": 0, ""room"": 3, ""unknown_a3"": 0, ""position"": [-360.1832275390625, 9.720992088317871, -237.2099151611328], ""angles"": [0, 4096, 0], ""params"": [1.0, 1.0, 1.0, 2, 0, 0], ""unused_pointer"": 1355342464}"
events-ep2/q232-bb-j,16,24,"{""base_type"": 520, ""set_flags"": 0, ""runtime_index"": 23816, ""file_offset"": 4792, ""floor_field"": 16, ""entity_id_field"": 25416, ""group"": 0, ""room"": 3, ""unknown_a3"": 0, ""position"": [-233.51739501953125, 0.2986432909965515, -139.59219360351562], ""angles"": [0, 49152, 0], ""params"": [1.0, 1.0, 1.0, 2, 0, 0], ""unused_pointer"": 818733696}"
events-ep2/q232-bb-j,16,25,"{""base_type"": 520, ""set_flags"": 0, ""runtime_index"": 24072, ""file_offset"": 4860, ""floor_field"": 16, ""entity_id_field"": 25672, ""group"": 0, ""room"": 3, ""unknown_a3"": 0, ""position"": [-422.7828369140625, 2.164201021194458, -165.38992309570312], ""angles"": [0, 77824, 0], ""params"": [1.0, 1.0, 1.0, 2, 0, 0], ""unused_pointer"": 282124928}"
events-ep2/q232-bb-j,16,41,"{""base_type"": 520, ""set_flags"": 0, ""runtime_index"": 31240, ""file_offset"": 5948, ""floor_field"": 16, ""entity_id_field"": 59982, ""group"": 0, ""room"": 7, ""unknown_a3"": 0, ""position"": [-129.873046875, 0.8114930391311646, -320.99517822265625], ""angles"": [0, 0, 0], ""params"": [1.0, 1.0, 1.0, 2, 0, 0], ""unused_pointer"": 3770147456}"
events-ep2/q232-bb-j,16,43,"{""base_type"": 520, ""set_flags"": 0, ""runtime_index"": 31496, ""file_offset"": 6084, ""floor_field"": 16, ""entity_id_field"": 60494, ""group"": 0, ""room"": 7, ""unknown_a3"": 0, ""position"": [-146.282958984375, 9.999999046325684, -325.62554931640625], ""angles"": [0, 0, 0], ""params"": [1.0, 1.0, 1.0, 2, 0, 0], ""unused_pointer"": 3769819776}"
events-ep2/q239-bb-e,5,13,"{""base_type"": 520, ""set_flags"": 0, ""runtime_index"": 2129, ""file_offset"": 4588, ""floor_field"": 8, ""entity_id_field"": 18723, ""group"": 0, ""room"": 4, ""unknown_a3"": 0, ""position"": [-60.709747314453125, -6.75, -63.59210205078125], ""angles"": [0, 0, 0], ""params"": [1.0, 1.0, 1.0, 0, 0, 0], ""unused_pointer"": 71259376}"
events-ep2/q239-bb-e,6,13,"{""base_type"": 520, ""set_flags"": 0, ""runtime_index"": 2129, ""file_offset"": 5556, ""floor_field"": 8, ""entity_id_field"": 18723, ""group"": 0, ""room"": 4, ""unknown_a3"": 0, ""position"": [-60.709747314453125, -6.75, -63.59210205078125], ""angles"": [0, 0, 0], ""params"": [1.0, 1.0, 1.0, 0, 0, 0], ""unused_pointer"": 71259376}"
events-ep2/q239-bb-e,7,13,"{""base_type"": 520, ""set_flags"": 0, ""runtime_index"": 2129, ""file_offset"": 6524, ""floor_field"": 8, ""entity_id_field"": 18723, ""group"": 0, ""room"": 4, ""unknown_a3"": 0, ""position"": [-60.709747314453125, -6.75, -63.59210205078125], ""angles"": [0, 0, 0], ""params"": [1.0, 1.0, 1.0, 0, 0, 0], ""unused_pointer"": 71259376}"
events-ep2/q239-bb-e,8,13,"{""base_type"": 520, ""set_flags"": 0, ""runtime_index"": 2129, ""file_offset"": 7492, ""floor_field"": 8, ""entity_id_field"": 18723, ""group"": 0, ""room"": 4, ""unknown_a3"": 0, ""position"": [-60.709747314453125, -6.75, -63.59210205078125], ""angles"": [0, 0, 0], ""params"": [1.0, 1.0, 1.0, 0, 0, 0], ""unused_pointer"": 71259376}"
events-ep2/q239-bb-e,16,4,"{""base_type"": 520, ""set_flags"": 0, ""runtime_index"": 2109, ""file_offset"": 7848, ""floor_field"": 16, ""entity_id_field"": 18510, ""group"": 0, ""room"": 7, ""unknown_a3"": 0, ""position"": [275.021484375, 5.805248260498047, -95.62194061279297], ""angles"": [0, 4096, 0], ""params"": [1.0, 1.0, 1.0, 0, 0, 0], ""unused_pointer"": 69966160}"
events-ep2/q239-bb-e,16,5,"{""base_type"": 520, ""set_flags"": 0, ""runtime_index"": 2110, ""file_offset"": 7916, ""floor_field"": 16, ""entity_id_field"": 18511, ""group"": 0, ""room"": 7, ""unknown_a3"": 0, ""position"": [304.50323486328125, 3.555248260498047, -102.09947204589844], ""angles"": [0, 40960, 0], ""params"": [1.0, 1.0, 1.0, 0, 0, 0], ""unused_pointer"": 69967024}"
events-ep2/q239-bb-e,16,6,"{""base_type"": 520, ""set_flags"": 0, ""runtime_index"": 2111, ""file_offset"": 7984, ""floor_field"": 16, ""entity_id_field"": 18512, ""group"": 0, ""room"": 7, ""unknown_a3"": 0, ""position"": [149.5242919921875, -10.387500762939453, 216.88540649414062], ""angles"": [0, 12288, 0], ""params"": [1.0, 1.0, 1.0, 0, 0, 0], ""unused_pointer"": 69967888}"
events-ep2/q239-bb-e,16,16,"{""base_type"": 520, ""set_flags"": 0, ""runtime_index"": 2121, ""file_offset"": 8664, ""floor_field"": 16, ""entity_id_field"": 18522, ""group"": 0, ""room"": 7, ""unknown_a3"": 0, ""position"": [224.18060302734375, -5.600000381469727, 219.45248413085938], ""angles"": [0, 40960, 0], ""params"": [1.0, 1.0, 1.0, 0, 0, 0], ""unused_pointer"": 69970624}"
events-ep2/q239-bb-e,16,24,"{""base_type"": 520, ""set_flags"": 0, ""runtime_index"": 2126, ""file_offset"": 9208, ""floor_field"": 16, ""entity_id_field"": 18695, ""group"": 0, ""room"": 11, ""unknown_a3"": 0, ""position"": [-35.142822265625, 10.0, 168.2353515625], ""angles"": [0, 24576, 0], ""params"": [1.0, 1.0, 1.0, 0, 0, 0], ""unused_pointer"": 71228144}"
events-ep2/q239-bb-e,16,25,"{""base_type"": 520, ""set_flags"": 0, ""runtime_index"": 2127, ""file_offset"": 9276, ""floor_field"": 16, ""entity_id_field"": 18696, ""group"": 0, ""room"": 11, ""unknown_a3"": 0, ""position"": [-73.308837890625, 10.0, 183.49392700195312], ""angles"": [0, 36864, 0], ""params"": [1.0, 1.0, 1.0, 0, 0, 0], ""unused_pointer"": 71228384}"
events-ep2/q239-bb-e,16,26,"{""base_type"": 520, ""set_flags"": 0, ""runtime_index"": 2128, ""file_offset"": 9344, ""floor_field"": 16, ""entity_id_field"": 18697, ""group"": 0, ""room"": 11, ""unknown_a3"": 0, ""position"": [-53.3883056640625, 10.0, 165.84344482421875], ""angles"": [0, 65536, 0], ""params"": [1.0, 1.0, 1.0, 0, 0, 0], ""unused_pointer"": 71229376}"
events-ep2/q239-bb-e,16,29,"{""base_type"": 520, ""set_flags"": 0, ""runtime_index"": 2122, ""file_offset"": 9548, ""floor_field"": 16, ""entity_id_field"": 18829, ""group"": 0, ""room"": 11, ""unknown_a3"": 0, ""position"": [21.590087890625, -6.71999979019165, 76.86001586914062], ""angles"": [0, 94208, 0], ""params"": [1.0, 1.0, 1.0, 0, 0, 0], ""unused_pointer"": 71233472}"
events-ep2/q239-bb-e,16,40,"{""base_type"": 520, ""set_flags"": 0, ""runtime_index"": 2106, ""file_offset"": 10296, ""floor_field"": 16, ""entity_id_field"": 18554, ""group"": 0, ""room"": 13, ""unknown_a3"": 0, ""position"": [24.6099853515625, 8.949999809265137, -83.239990234375], ""angles"": [0, 36864, 0], ""params"": [1.0, 1.0, 1.0, 0, 0, 0], ""unused_pointer"": 71227456}"
events-ep2/q239-bb-e,16,41,"{""base_type"": 520, ""set_flags"": 0, ""runtime_index"": 2107, ""file_offset"": 10364, ""floor_field"": 16, ""entity_id_field"": 18555, ""group"": 0, ""room"": 13, ""unknown_a3"": 0, ""position"": [48.3935546875, 7.0, -91.0], ""angles"": [0, -4096, 0], ""params"": [1.0, 1.0, 1.0, 0, 0, 0], ""unused_pointer"": 71228144}"
events-ep2/q239-bb-j,5,13,"{""base_type"": 520, ""set_flags"": 0, ""runtime_index"": 2129, ""file_offset"": 4588, ""floor_field"": 8, ""entity_id_field"": 18723, ""group"": 0, ""room"": 4, ""unknown_a3"": 0, ""position"": [-60.709747314453125, -6.75, -63.59210205078125], ""angles"": [0, 0, 0], ""params"": [1.0, 1.0, 1.0, 0, 0, 0], ""unused_pointer"": 71259376}"
events-ep2/q239-bb-j,6,13,"{""base_type"": 520, ""set_flags"": 0, ""runtime_index"": 2129, ""file_offset"": 5556, ""floor_field"": 8, ""entity_id_field"": 18723, ""group"": 0, ""room"": 4, ""unknown_a3"": 0, ""position"": [-60.709747314453125, -6.75, -63.59210205078125], ""angles"": [0, 0, 0], ""params"": [1.0, 1.0, 1.0, 0, 0, 0], ""unused_pointer"": 71259376}"
events-ep2/q239-bb-j,7,13,"{""base_type"": 520, ""set_flags"": 0, ""runtime_index"": 2129, ""file_offset"": 6524, ""floor_field"": 8, ""entity_id_field"": 18723, ""group"": 0, ""room"": 4, ""unknown_a3"": 0, ""position"": [-60.709747314453125, -6.75, -63.59210205078125], ""angles"": [0, 0, 0], ""params"": [1.0, 1.0, 1.0, 0, 0, 0], ""unused_pointer"": 71259376}"
events-ep2/q239-bb-j,8,13,"{""base_type"": 520, ""set_flags"": 0, ""runtime_index"": 2129, ""file_offset"": 7492, ""floor_field"": 8, ""entity_id_field"": 18723, ""group"": 0, ""room"": 4, ""unknown_a3"": 0, ""position"": [-60.709747314453125, -6.75, -63.59210205078125], ""angles"": [0, 0, 0], ""params"": [1.0, 1.0, 1.0, 0, 0, 0], ""unused_pointer"": 71259376}"
events-ep2/q239-bb-j,16,4,"{""base_type"": 520, ""set_flags"": 0, ""runtime_index"": 2109, ""file_offset"": 7848, ""floor_field"": 16, ""entity_id_field"": 18510, ""group"": 0, ""room"": 7, ""unknown_a3"": 0, ""position"": [275.021484375, 5.805248260498047, -95.62194061279297], ""angles"": [0, 4096, 0], ""params"": [1.0, 1.0, 1.0, 0, 0, 0], ""unused_pointer"": 69966160}"
events-ep2/q239-bb-j,16,5,"{""base_type"": 520, ""set_flags"": 0, ""runtime_index"": 2110, ""file_offset"": 7916, ""floor_field"": 16, ""entity_id_field"": 18511, ""group"": 0, ""room"": 7, ""unknown_a3"": 0, ""position"": [304.50323486328125, 3.555248260498047, -102.09947204589844], ""angles"": [0, 40960, 0], ""params"": [1.0, 1.0, 1.0, 0, 0, 0], ""unused_pointer"": 69967024}"
events-ep2/q239-bb-j,16,6,"{""base_type"": 520, ""set_flags"": 0, ""runtime_index"": 2111, ""file_offset"": 7984, ""floor_field"": 16, ""entity_id_field"": 18512, ""group"": 0, ""room"": 7, ""unknown_a3"": 0, ""position"": [149.5242919921875, -10.387500762939453, 216.88540649414062], ""angles"": [0, 12288, 0], ""params"": [1.0, 1.0, 1.0, 0, 0, 0], ""unused_pointer"": 69967888}"
events-ep2/q239-bb-j,16,16,"{""base_type"": 520, ""set_flags"": 0, ""runtime_index"": 2121, ""file_offset"": 8664, ""floor_field"": 16, ""entity_id_field"": 18522, ""group"": 0, ""room"": 7, ""unknown_a3"": 0, ""position"": [224.18060302734375, -5.600000381469727, 219.45248413085938], ""angles"": [0, 40960, 0], ""params"": [1.0, 1.0, 1.0, 0, 0, 0], ""unused_pointer"": 69970624}"
events-ep2/q239-bb-j,16,24,"{""base_type"": 520, ""set_flags"": 0, ""runtime_index"": 2126, ""file_offset"": 9208, ""floor_field"": 16, ""entity_id_field"": 18695, ""group"": 0, ""room"": 11, ""unknown_a3"": 0, ""position"": [-35.142822265625, 10.0, 168.2353515625], ""angles"": [0, 24576, 0], ""params"": [1.0, 1.0, 1.0, 0, 0, 0], ""unused_pointer"": 71228144}"
events-ep2/q239-bb-j,16,25,"{""base_type"": 520, ""set_flags"": 0, ""runtime_index"": 2127, ""file_offset"": 9276, ""floor_field"": 16, ""entity_id_field"": 18696, ""group"": 0, ""room"": 11, ""unknown_a3"": 0, ""position"": [-73.308837890625, 10.0, 183.49392700195312], ""angles"": [0, 36864, 0], ""params"": [1.0, 1.0, 1.0, 0, 0, 0], ""unused_pointer"": 71228384}"
events-ep2/q239-bb-j,16,26,"{""base_type"": 520, ""set_flags"": 0, ""runtime_index"": 2128, ""file_offset"": 9344, ""floor_field"": 16, ""entity_id_field"": 18697, ""group"": 0, ""room"": 11, ""unknown_a3"": 0, ""position"": [-53.3883056640625, 10.0, 165.84344482421875], ""angles"": [0, 65536, 0], ""params"": [1.0, 1.0, 1.0, 0, 0, 0], ""unused_pointer"": 71229376}"
events-ep2/q239-bb-j,16,29,"{""base_type"": 520, ""set_flags"": 0, ""runtime_index"": 2122, ""file_offset"": 9548, ""floor_field"": 16, ""entity_id_field"": 18829, ""group"": 0, ""room"": 11, ""unknown_a3"": 0, ""position"": [21.590087890625, -6.71999979019165, 76.86001586914062], ""angles"": [0, 94208, 0], ""params"": [1.0, 1.0, 1.0, 0, 0, 0], ""unused_pointer"": 71233472}"
events-ep2/q239-bb-j,16,40,"{""base_type"": 520, ""set_flags"": 0, ""runtime_index"": 2106, ""file_offset"": 10296, ""floor_field"": 16, ""entity_id_field"": 18554, ""group"": 0, ""room"": 13, ""unknown_a3"": 0, ""position"": [24.6099853515625, 8.949999809265137, -83.239990234375], ""angles"": [0, 36864, 0], ""params"": [1.0, 1.0, 1.0, 0, 0, 0], ""unused_pointer"": 71227456}"
events-ep2/q239-bb-j,16,41,"{""base_type"": 520, ""set_flags"": 0, ""runtime_index"": 2107, ""file_offset"": 10364, ""floor_field"": 16, ""entity_id_field"": 18555, ""group"": 0, ""room"": 13, ""unknown_a3"": 0, ""position"": [48.3935546875, 7.0, -91.0], ""angles"": [0, -4096, 0], ""params"": [1.0, 1.0, 1.0, 0, 0, 0], ""unused_pointer"": 71228144}"
events-ep2/q513-bb-e,8,12,"{""base_type"": 520, ""set_flags"": 0, ""runtime_index"": 0, ""file_offset"": 5472, ""floor_field"": 0, ""entity_id_field"": 0, ""group"": 0, ""room"": 3, ""unknown_a3"": 0, ""position"": [-169.28533935546875, -102.00025177001953, -141.743896484375], ""angles"": [0, 6400, 0], ""params"": [1.0, 1.0, 1.0, 0, 0, 0], ""unused_pointer"": 0}"
events-ep2/q513-bb-e,8,41,"{""base_type"": 520, ""set_flags"": 0, ""runtime_index"": 0, ""file_offset"": 7444, ""floor_field"": 0, ""entity_id_field"": 0, ""group"": 0, ""room"": 4, ""unknown_a3"": 0, ""position"": [80.0, 0.0, 55.0], ""angles"": [0, -600, 0], ""params"": [1.0, 1.0, 1.0, 0, 0, 0], ""unused_pointer"": 0}"
events-ep2/q513-bb-e,8,42,"{""base_type"": 520, ""set_flags"": 0, ""runtime_index"": 0, ""file_offset"": 7512, ""floor_field"": 0, ""entity_id_field"": 0, ""group"": 0, ""room"": 4, ""unknown_a3"": 0, ""position"": [-35.970489501953125, -9.077401161193848, 56.21136474609375], ""angles"": [0, 26600, 0], ""params"": [1.0, 1.0, 1.0, 0, 0, 0], ""unused_pointer"": 0}"
events-ep2/q513-bb-e,8,48,"{""base_type"": 520, ""set_flags"": 0, ""runtime_index"": 0, ""file_offset"": 7920, ""floor_field"": 0, ""entity_id_field"": 0, ""group"": 0, ""room"": 4, ""unknown_a3"": 0, ""position"": [27.594390869140625, -4.254632949829102, 51.5355224609375], ""angles"": [0, 29000, 0], ""params"": [1.0, 1.0, 1.0, 0, 0, 0], ""unused_pointer"": 0}"
events-ep2/q513-bb-e,8,59,"{""base_type"": 520, ""set_flags"": 0, ""runtime_index"": 0, ""file_offset"": 8668, ""floor_field"": 0, ""entity_id_field"": 0, ""group"": 0, ""room"": 8, ""unknown_a3"": 0, ""position"": [-261.0, 4.0, -110.0], ""angles"": [0, 0, 0], ""params"": [1.0, 1.0, 1.0, 0, 0, 0], ""unused_pointer"": 0}"
events-ep2/q513-bb-e,8,63,"{""base_type"": 520, ""set_flags"": 0, ""runtime_index"": 0, ""file_offset"": 8940, ""floor_field"": 0, ""entity_id_field"": 0, ""group"": 0, ""room"": 4, ""unknown_a3"": 0, ""position"": [114.001953125, 0.0, 70.3431396484375], ""angles"": [0, 24200, 0], ""params"": [1.0, 1.0, 1.0, 0, 0, 0], ""unused_pointer"": 0}"
events-ep2/q513-bb-e,8,84,"{""base_type"": 520, ""set_flags"": 0, ""runtime_index"": 0, ""file_offset"": 10368, ""floor_field"": 0, ""entity_id_field"": 0, ""group"": 0, ""room"": 5, ""unknown_a3"": 0, ""position"": [-214.6646728515625, 21.999839782714844, -12.263824462890625], ""angles"": [0, 16200, 0], ""params"": [1.0, 1.0, 1.0, 0, 0, 0], ""unused_pointer"": 0}"
events-ep2/q513-bb-e,8,85,"{""base_type"": 520, ""set_flags"": 0, ""runtime_index"": 0, ""file_offset"": 10436, ""floor_field"": 0, ""entity_id_field"": 0, ""group"": 0, ""room"": 4, ""unknown_a3"": 0, ""position"": [201.656982421875, 36.70246887207031, -197.6163330078125], ""angles"": [0, -80800, 0], ""params"": [1.0, 1.0, 1.0, 0, 0, 0], ""unused_pointer"": 0}"
events-ep2/q513-bb-e,8,86,"{""base_type"": 520, ""set_flags"": 0, ""runtime_index"": 0, ""file_offset"": 10504, ""floor_field"": 0, ""entity_id_field"": 0, ""group"": 0, ""room"": 4, ""unknown_a3"": 0, ""position"": [189.62615966796875, 9.823554992675781, -260.8582763671875], ""angles"": [0, -17200, 0], ""params"": [1.0, 1.0, 1.0, 0, 0, 0], ""unused_pointer"": 0}"
events-ep2/q513-bb-e,8,88,"{""base_type"": 520, ""set_flags"": 0, ""runtime_index"": 0, ""file_offset"": 10640, ""floor_field"": 0, ""entity_id_field"": 0, ""group"": 0, ""room"": 5, ""unknown_a3"": 0, ""position"": [-215.0, 22.99982261657715, 35.0], ""angles"": [0, 14800, 0], ""params"": [1.0, 1.0, 1.0, 0, 0, 0], ""unused_pointer"": 0}"
events-ep2/q513-bb-e,8,89,"{""base_type"": 520, ""set_flags"": 0, ""runtime_index"": 0, ""file_offset"": 10708, ""floor_field"": 0, ""entity_id_field"": 0, ""group"": 0, ""room"": 5, ""unknown_a3"": 0, ""position"": [-213.68804931640625, 22.99981117248535, 75.8433837890625], ""angles"": [0, 17400, 0], ""params"": [1.0, 1.0, 1.0, 0, 0, 0], ""unused_pointer"": 0}"
events-ep2/q513-bb-e,8,90,"{""base_type"": 520, ""set_flags"": 0, ""runtime_index"": 0, ""file_offset"": 10776, ""floor_field"": 0, ""entity_id_field"": 0, ""group"": 0, ""room"": 4, ""unknown_a3"": 0, ""position"": [140.0, 11.999980926513672, -50.0], ""angles"": [0, 0, 0], ""params"": [1.0, 1.0, 1.0, 0, 0, 0], ""unused_pointer"": 0}"
events-ep2/q513-bb-e,8,91,"{""base_type"": 520, ""set_flags"": 0, ""runtime_index"": 0, ""file_offset"": 10844, ""floor_field"": 0, ""entity_id_field"": 0, ""group"": 0, ""room"": 4, ""unknown_a3"": 0, ""position"": [190.23822021484375, 11.036417007446289, -91.64208984375], ""angles"": [0, -23800, 0], ""params"": [1.0, 1.0, 1.0, 0, 0, 0], ""unused_pointer"": 0}"
events-ep2/q513-bb-e,8,112,"{""base_type"": 520, ""set_flags"": 0, ""runtime_index"": 0, ""file_offset"": 12272, ""floor_field"": 0, ""entity_id_field"": 0, ""group"": 0, ""room"": 7, ""unknown_a3"": 0, ""position"": [-98.0, 7.0, 84.0], ""angles"": [0, -7800, 0], ""params"": [1.0, 1.0, 1.0, 0, 0, 0], ""unused_pointer"": 0}"
events-ep2/q513-bb-e,9,5,"{""base_type"": 520, ""set_flags"": 0, ""runtime_index"": 0, ""file_offset"": 21128, ""floor_field"": 0, ""entity_id_field"": 0, ""group"": 0, ""room"": 13, ""unknown_a3"": 0, ""position"": [43.1123046875, 10.0, -84.77011108398438], ""angles"": [0, -3000, 0], ""params"": [1.0, 1.0, 1.0, 0, 0, 0], ""unused_pointer"": 0}"
events-ep2/q513-bb-e,9,18,"{""base_type"": 520, ""set_flags"": 0, ""runtime_index"": 0, ""file_offset"": 22012, ""floor_field"": 0, ""entity_id_field"": 0, ""group"": 0, ""room"": 9, ""unknown_a3"": 0, ""position"": [-48.0, 8.444537162780762, -66.0], ""angles"": [0, -5800, 0], ""params"": [1.0, 1.0, 1.0, 0, 0, 0], ""unused_pointer"": 0}"
events-ep2/q513-bb-e,9,22,"{""base_type"": 520, ""set_flags"": 0, ""runtime_index"": 0, ""file_offset"": 22284, ""floor_field"": 0, ""entity_id_field"": 0, ""group"": 0, ""room"": 5, ""unknown_a3"": 0, ""position"": [-65.0, 4.999996662139893, 215.0], ""angles"": [0, 11400, 0], ""params"": [1.0, 1.0, 1.0, 0, 0, 0], ""unused_pointer"": 0}"
events-ep2/q513-bb-e,9,23,"{""base_type"": 520, ""set_flags"": 0, ""runtime_index"": 0, ""file_offset"": 22352, ""floor_field"": 0, ""entity_id_field"": 0, ""group"": 0, ""room"": 5, ""unknown_a3"": 0, ""position"": [-27.4837646484375, 10.0, 132.4940185546875], ""angles"": [0, 2200, 0], ""params"": [1.0, 1.0, 1.0, 0, 0, 0], ""unused_pointer"": 0}"
events-ep2/q513-bb-e,9,37,"{""base_type"": 520, ""set_flags"": 0, ""runtime_index"": 0, ""file_offset"": 23304, ""floor_field"": 0, ""entity_id_field"": 0, ""group"": 0, ""room"": 9, ""unknown_a3"": 0, ""position"": [38.8372802734375, 1.548166275024414, 13.851959228515625], ""angles"": [0, -21000, 0], ""params"": [1.0, 1.0, 1.0, 0, 0, 0], ""unused_pointer"": 0}"
events-ep2/q513-bb-e,9,38,"{""base_type"": 520, ""set_flags"": 0, ""runtime_index"": 0, ""file_offset"": 23372, ""floor_field"": 0, ""entity_id_field"": 0, ""group"": 0, ""room"": 9, ""unknown_a3"": 0, ""position"": [16.6221923828125, 8.722816467285156, -44.24749755859375], ""angles"": [0, 26200, 0], ""params"": [1.0, 1.0, 1.0, 0, 0, 0], ""unused_pointer"": 0}"
events-ep2/q513-bb-e,9,39,"{""base_type"": 520, ""set_flags"": 0, ""runtime_index"": 0, ""file_offset"": 23440, ""floor_field"": 0, ""entity_id_field"": 0, ""group"": 0, ""room"": 9, ""unknown_a3"": 0, ""position"": [45.908447265625, 9.84027099609375, 59.062225341796875], ""angles"": [0, 22600, 0], ""params"": [1.0, 1.0, 1.0, 0, 0, 0], ""unused_pointer"": 0}"
events-ep2/q513-bb-e,9,48,"{""base_type"": 520, ""set_flags"": 0, ""runtime_index"": 0, ""file_offset"": 24052, ""floor_field"": 0, ""entity_id_field"": 0, ""group"": 0, ""room"": 4, ""unknown_a3"": 0, ""position"": [-180.17140197753906, -10.0, 254.53280639648438], ""angles"": [0, 12400, 0], ""params"": [1.0, 1.0, 1.0, 0, 0, 0], ""unused_pointer"": 0}"
events-ep2/q513-bb-e,9,57,"{""base_type"": 520, ""set_flags"": 0, ""runtime_index"": 0, ""file_offset"": 24664, ""floor_field"": 0, ""entity_id_field"": 0, ""group"": 0, ""room"": 1, ""unknown_a3"": 0, ""position"": [-30.873008728027344, 10.0, -59.92771911621094], ""angles"": [0, -28000, 0], ""params"": [1.0, 1.0, 1.0, 0, 0, 0], ""unused_pointer"": 0}"
events-ep2/q513-bb-e,9,74,"{""base_type"": 520, ""set_flags"": 0, ""runtime_index"": 0, ""file_offset"": 25820, ""floor_field"": 0, ""entity_id_field"": 0, ""group"": 0, ""room"": 9, ""unknown_a3"": 0, ""position"": [-95.000244140625, 10.0, -69.05245971679688], ""angles"": [0, 0, 0], ""params"": [1.0, 1.0, 1.0, 0, 0, 0], ""unused_pointer"": 0}"
events-ep2/q513-bb-e,9,75,"{""base_type"": 520, ""set_flags"": 0, ""runtime_index"": 0, ""file_offset"": 25888, ""floor_field"": 0, ""entity_id_field"": 0, ""group"": 0, ""room"": 9, ""unknown_a3"": 0, ""position"": [-134.02197265625, 1.3309249877929688, -49.8388671875], ""angles"": [0, -26600, 0], ""params"": [1.0, 1.0, 1.0, 0, 0, 0], ""unused_pointer"": 0}"
events-ep2/q513-bb-e,9,80,"{""base_type"": 520, ""set_flags"": 0, ""runtime_index"": 0, ""file_offset"": 26228, ""floor_field"": 0, ""entity_id_field"": 0, ""group"": 0, ""room"": 9, ""unknown_a3"": 0, ""position"": [82.1956787109375, 5.574108123779297, 90.40646362304688], ""angles"": [0, -3800, 0], ""params"": [1.0, 1.0, 1.0, 0, 0, 0], ""unused_pointer"": 0}"
events-ep2/q513-bb-e,9,86,"{""base_type"": 520, ""set_flags"": 0, ""runtime_index"": 0, ""file_offset"": 26636, ""floor_field"": 0, ""entity_id_field"": 0, ""group"": 0, ""room"": 3, ""unknown_a3"": 0, ""position"": [-422.7828063964844, 2.0, -165.389892578125], ""angles"": [0, 77834, 0], ""params"": [1.0, 1.0, 1.0, 2, 0, 0], ""unused_pointer"": 0}"
events-ep2/q513-bb-e,9,87,"{""base_type"": 520, ""set_flags"": 0, ""runtime_index"": 0, ""file_offset"": 26704, ""floor_field"": 0, ""entity_id_field"": 0, ""group"": 0, ""room"": 3, ""unknown_a3"": 0, ""position"": [-360.1831970214844, 10.0, -237.20989990234375], ""angles"": [0, 4096, 0], ""params"": [1.0, 1.0, 1.0, 2, 0, 0], ""unused_pointer"": 0}"
events-ep2/q513-bb-e,9,89,"{""base_type"": 520, ""set_flags"": 0, ""runtime_index"": 0, ""file_offset"": 26840, ""floor_field"": 0, ""entity_id_field"": 0, ""group"": 0, ""room"": 3, ""unknown_a3"": 0, ""position"": [-233.51739501953125, 0.0, -139.59219360351562], ""angles"": [0, 49152, 0], ""params"": [1.0, 1.0, 1.0, 2, 0, 0], ""unused_pointer"": 0}"
events-ep2/q513-bb-e,9,95,"{""base_type"": 520, ""set_flags"": 0, ""runtime_index"": 0, ""file_offset"": 27248, ""floor_field"": 0, ""entity_id_field"": 0, ""group"": 0, ""room"": 13, ""unknown_a3"": 0, ""position"": [83.9681396484375, 10.0, -38.15733337402344], ""angles"": [0, 16800, 0], ""params"": [1.0, 1.0, 1.0, 345, 4, 0], ""unused_pointer"": 0}"
events-ep2/q513-bb-e,16,5,"{""base_type"": 520, ""set_flags"": 0, ""runtime_index"": 0, ""file_offset"": 34284, ""floor_field"": 0, ""entity_id_field"": 0, ""group"": 0, ""room"": 13, ""unknown_a3"": 0, ""position"": [43.1123046875, 10.0, -84.77011108398438], ""angles"": [0, -3000, 0], ""params"": [1.0, 1.0, 1.0, 0, 0, 0], ""unused_pointer"": 0}"
events-ep2/q513-bb-e,16,25,"{""base_type"": 520, ""set_flags"": 0, ""runtime_index"": 0, ""file_offset"": 35644, ""floor_field"": 0, ""entity_id_field"": 0, ""group"": 0, ""room"": 9, ""unknown_a3"": 0, ""position"": [-5.0, 10.0, -110.0], ""angles"": [0, -11400, 0], ""params"": [1.0, 1.0, 1.0, 0, 0, 0], ""unused_pointer"": 0}"
events-ep2/q513-bb-e,16,29,"{""base_type"": 520, ""set_flags"": 0, ""runtime_index"": 0, ""file_offset"": 35916, ""floor_field"": 0, ""entity_id_field"": 0, ""group"": 0, ""room"": 5, ""unknown_a3"": 0, ""position"": [-65.0, 4.999996662139893, 215.0], ""angles"": [0, 11400, 0], ""params"": [1.0, 1.0, 1.0, 0, 0, 0], ""unused_pointer"": 0}"
events-ep2/q513-bb-e,16,30,"{""base_type"": 520, ""set_flags"": 0, ""runtime_index"": 0, ""file_offset"": 35984, ""floor_field"": 0, ""entity_id_field"": 0, ""group"": 0, ""room"": 5, ""unknown_a3"": 0, ""position"": [-27.4837646484375, 10.0, 132.4940185546875], ""angles"": [0, 2200, 0], ""params"": [1.0, 1.0, 1.0, 0, 0, 0], ""unused_pointer"": 0}"
events-ep2/q513-bb-e,16,59,"{""base_type"": 520, ""set_flags"": 0, ""runtime_index"": 0, ""file_offset"": 37956, ""floor_field"": 0, ""entity_id_field"": 0, ""group"": 0, ""room"": 9, ""unknown_a3"": 0, ""position"": [38.8372802734375, 1.548166275024414, 13.851959228515625], ""angles"": [0, -21000, 0], ""params"": [1.0, 1.0, 1.0, 0, 0, 0], ""unused_pointer"": 0}"
events-ep2/q513-bb-e,16,62,"{""base_type"": 520, ""set_flags"": 0, ""runtime_index"": 0, ""file_offset"": 38160, ""floor_field"": 0, ""entity_id_field"": 0, ""group"": 0, ""room"": 9, ""unknown_a3"": 0, ""position"": [29.9786376953125, 8.722816467285156, -54.388580322265625], ""angles"": [0, 17800, 0], ""params"": [1.0, 1.0, 1.0, 0, 0, 0], ""unused_pointer"": 0}"
events-ep2/q513-bb-e,16,63,"{""base_type"": 520, ""set_flags"": 0, ""runtime_index"": 0, ""file_offset"": 38228, ""floor_field"": 0, ""entity_id_field"": 0, ""group"": 0, ""room"": 9, ""unknown_a3"": 0, ""position"": [40.5269775390625, 9.84027099609375, 59.700439453125], ""angles"": [0, 18000, 0], ""params"": [1.0, 1.0, 1.0, 0, 0, 0], ""unused_pointer"": 0}"
events-ep2/q513-bb-e,16,79,"{""base_type"": 520, ""set_flags"": 0, ""runtime_index"": 0, ""file_offset"": 39316, ""floor_field"": 0, ""entity_id_field"": 0, ""group"": 0, ""room"": 4, ""unknown_a3"": 0, ""position"": [-180.17140197753906, -10.0, 254.53280639648438], ""angles"": [0, 12400, 0], ""params"": [1.0, 1.0, 1.0, 0, 0, 0], ""unused_pointer"": 0}"
events-ep2/q513-bb-e,16,88,"{""base_type"": 520, ""set_flags"": 0, ""runtime_index"": 0, ""file_offset"": 39928, ""floor_field"": 0, ""entity_id_field"": 0, ""group"": 0, ""room"": 1, ""unknown_a3"": 0, ""position"": [-30.873008728027344, 10.0, -59.92771911621094], ""angles"": [0, -28000, 0], ""params"": [1.0, 1.0, 1.0, 0, 0, 0], ""unused_pointer"": 0}"
events-ep2/q513-bb-e,16,107,"{""base_type"": 520, ""set_flags"": 0, ""runtime_index"": 0, ""file_offset"": 41220, ""floor_field"": 0, ""entity_id_field"": 0, ""group"": 0, ""room"": 3, ""unknown_a3"": 0, ""position"": [-422.7828063964844, 2.0, -165.389892578125], ""angles"": [0, 77824, 0], ""params"": [1.0, 1.0, 1.0, 2, 0, 0], ""unused_pointer"": 0}"
events-ep2/q513-bb-e,16,108,"{""base_type"": 520, ""set_flags"": 0, ""runtime_index"": 0, ""file_offset"": 41288, ""floor_field"": 0, ""entity_id_field"": 0, ""group"": 0, ""room"": 3, ""unknown_a3"": 0, ""position"": [-360.1831970214844, 10.0, -237.20989990234375], ""angles"": [0, 4096, 0], ""params"": [1.0, 1.0, 1.0, 2, 0, 0], ""unused_pointer"": 0}"
events-ep2/q513-bb-e,16,110,"{""base_type"": 520, ""set_flags"": 0, ""runtime_index"": 0, ""file_offset"": 41424, ""floor_field"": 0, ""entity_id_field"": 0, ""group"": 0, ""room"": 3, ""unknown_a3"": 0, ""position"": [-233.51739501953125, 0.0, -139.59219360351562], ""angles"": [0, 49152, 0], ""params"": [1.0, 1.0, 1.0, 2, 0, 0], ""unused_pointer"": 0}"
events-ep2/q513-bb-e,16,145,"{""base_type"": 520, ""set_flags"": 0, ""runtime_index"": 0, ""file_offset"": 43804, ""floor_field"": 0, ""entity_id_field"": 0, ""group"": 0, ""room"": 11, ""unknown_a3"": 0, ""position"": [84.0179443359375, 37.0, 165.87701416015625], ""angles"": [0, -24600, 0], ""params"": [1.0, 1.0, 1.0, 0, 0, 0], ""unused_pointer"": 0}"
events-ep2/q513-bb-e,16,148,"{""base_type"": 520, ""set_flags"": 0, ""runtime_index"": 0, ""file_offset"": 44008, ""floor_field"": 0, ""entity_id_field"": 0, ""group"": 0, ""room"": 11, ""unknown_a3"": 0, ""position"": [-109.032470703125, 37.0, -123.08770751953125], ""angles"": [0, 7000, 0], ""params"": [1.0, 1.0, 1.0, 0, 0, 0], ""unused_pointer"": 0}"
events-ep2/q513-bb-e,16,150,"{""base_type"": 520, ""set_flags"": 0, ""runtime_index"": 0, ""file_offset"": 44144, ""floor_field"": 0, ""entity_id_field"": 0, ""group"": 0, ""room"": 11, ""unknown_a3"": 0, ""position"": [-98.76171875, 22.127288818359375, -117.9505615234375], ""angles"": [0, 9200, 0], ""params"": [1.0, 1.0, 1.0, 0, 0, 0], ""unused_pointer"": 0}"
events-ep2/q513-bb-e,16,151,"{""base_type"": 520, ""set_flags"": 0, ""runtime_index"": 0, ""file_offset"": 44212, ""floor_field"": 0, ""entity_id_field"": 0, ""group"": 0, ""room"": 11, ""unknown_a3"": 0, ""position"": [-86.44384765625, 40.955806732177734, -113.37884521484375], ""angles"": [0, -23000, -400], ""params"": [1.0, 1.0, 1.0, 0, 0, 0], ""unused_pointer"": 0}"
events-ep2/q513-bb-e,16,152,"{""base_type"": 520, ""set_flags"": 0, ""runtime_index"": 0, ""file_offset"": 44280, ""floor_field"": 0, ""entity_id_field"": 0, ""group"": 0, ""room"": 11, ""unknown_a3"": 0, ""position"": [-88.989990234375, 30.18989372253418, -144.44073486328125], ""angles"": [0, 17200, 0], ""params"": [1.0, 1.0, 1.0, 0, 0, 0], ""unused_pointer"": 0}"
events-ep2/q513-bb-e,16,154,"{""base_type"": 520, ""set_flags"": 0, ""runtime_index"": 0, ""file_offset"": 44416, ""floor_field"": 0, ""entity_id_field"": 0, ""group"": 0, ""room"": 11, ""unknown_a3"": 0, ""position"": [83.0787353515625, 20.37835693359375, 167.11355590820312], ""angles"": [0, -25800, 0], ""params"": [1.0, 1.0, 1.0, 0, 0, 0], ""unused_pointer"": 0}"
events-ep2/q513-bb-e,16,155,"{""base_type"": 520, ""set_flags"": 0, ""runtime_index"": 0, ""file_offset"": 44484, ""floor_field"": 0, ""entity_id_field"": 0, ""group"": 0, ""room"": 11, ""unknown_a3"": 0, ""position"": [72.1279296875, 32.52321243286133, 154.12081909179688], ""angles"": [0, 4600, 0], ""params"": [1.0, 1.0, 1.0, 0, 0, 0], ""unused_pointer"": 0}"
events-ep2/q513-bb-e,16,156,"{""base_type"": 520, ""set_flags"": 0, ""runtime_index"": 0, ""file_offset"": 44552, ""floor_field"": 0, ""entity_id_field"": 0, ""group"": 0, ""room"": 11, ""unknown_a3"": 0, ""position"": [51.1168212890625, 22.744384765625, 184.66482543945312], ""angles"": [0, 11200, 0], ""params"": [1.0, 1.0, 1.0, 0, 0, 0], ""unused_pointer"": 0}"
extermination-ep2/q98-bb-e,8,3,"{""base_type"": 520, ""set_flags"": 2, ""runtime_index"": 179, ""file_offset"": 3228, ""floor_field"": 8, ""entity_id_field"": 16563, ""group"": 0, ""room"": 2, ""unknown_a3"": 0, ""position"": [10.0, -128.59999084472656, 119.969970703125], ""angles"": [0, 0, 0], ""params"": [1.0, 1.0, 1.0, 2, 0, 0], ""unused_pointer"": 118120896}"
extermination-ep2/q98-bb-e,8,15,"{""base_type"": 520, ""set_flags"": 2, ""runtime_index"": 274, ""file_offset"": 4044, ""floor_field"": 8, ""entity_id_field"": 16658, ""group"": 0, ""room"": 4, ""unknown_a3"": 0, ""position"": [112.26416015625, 0.0, 210.28033447265625], ""angles"": [0, 35568, 0], ""params"": [1.0, 1.0, 1.0, 2, 0, 0], ""unused_pointer"": 118178784}"
extermination-ep2/q98-bb-e,8,21,"{""base_type"": 520, ""set_flags"": 2, ""runtime_index"": 288, ""file_offset"": 4452, ""floor_field"": 8, ""entity_id_field"": 16672, ""group"": 0, ""room"": 4, ""unknown_a3"": 0, ""position"": [93.38409423828125, 2.2699999809265137, -167.77001953125], ""angles"": [0, 16384, 0], ""params"": [1.0, 1.0, 1.0, 2, 0, 0], ""unused_pointer"": 118185968}"
extermination-ep2/q98-bb-e,8,23,"{""base_type"": 520, ""set_flags"": 2, ""runtime_index"": 319, ""file_offset"": 4588, ""floor_field"": 8, ""entity_id_field"": 16703, ""group"": 0, ""room"": 8, ""unknown_a3"": 0, ""position"": [-150.0, 30.0, 78.5499267578125], ""angles"": [0, -200, 0], ""params"": [1.0, 1.0, 1.0, 2, 0, 0], ""unused_pointer"": 118209744}"
extermination-ep2/q98-bb-e,8,24,"{""base_type"": 520, ""set_flags"": 2, ""runtime_index"": 321, ""file_offset"": 4656, ""floor_field"": 8, ""entity_id_field"": 16705, ""group"": 0, ""room"": 8, ""unknown_a3"": 0, ""position"": [90.0, 6.0, -70.0], ""angles"": [0, 0, 0], ""params"": [1.0, 1.0, 1.0, 2, 0, 0], ""unused_pointer"": 118210800}"
extermination-ep2/q98-bb-e,8,75,"{""base_type"": 520, ""set_flags"": 0, ""runtime_index"": 0, ""file_offset"": 8124, ""floor_field"": 0, ""entity_id_field"": 0, ""group"": 0, ""room"": 4, ""unknown_a3"": 0, ""position"": [-0.87603759765625, -4.2075669625774026e-05, 145.623291015625], ""angles"": [0, 7800, 0], ""params"": [1.0, 1.0, 1.0, 0, 0, 0], ""unused_pointer"": 0}"
extermination-ep2/q98-bb-e,8,76,"{""base_type"": 520, ""set_flags"": 0, ""runtime_index"": 0, ""file_offset"": 8192, ""floor_field"": 0, ""entity_id_field"": 0, ""group"": 0, ""room"": 4, ""unknown_a3"": 0, ""position"": [24.417888641357422, -0.00010952127922791988, 114.94361114501953], ""angles"": [0, 9000, 0], ""params"": [1.0, 1.0, 1.0, 0, 0, 0], ""unused_pointer"": 0}"
extermination-ep2/q98-bb-e,8,77,"{""base_type"": 520, ""set_flags"": 0, ""runtime_index"": 0, ""file_offset"": 8260, ""floor_field"": 0, ""entity_id_field"": 0, ""group"": 0, ""room"": 4, ""unknown_a3"": 0, ""position"": [52.79530715942383, -0.00018397417443338782, 85.89054107666016], ""angles"": [0, 8400, 0], ""params"": [1.0, 1.0, 1.0, 0, 0, 0], ""unused_pointer"": 0}"
extermination-ep2/q98-bb-e,8,78,"{""base_type"": 520, ""set_flags"": 0, ""runtime_index"": 0, ""file_offset"": 8328, ""floor_field"": 0, ""entity_id_field"": 0, ""group"": 0, ""room"": 4, ""unknown_a3"": 0, ""position"": [77.11881256103516, -0.00024529159418307245, 61.56703567504883], ""angles"": [0, 6800, 0], ""params"": [1.0, 1.0, 1.0, 0, 0, 0], ""unused_pointer"": 0}"
extermination-ep2/q98-bb-e,8,85,"{""base_type"": 520, ""set_flags"": 0, ""runtime_index"": 0, ""file_offset"": 8804, ""floor_field"": 0, ""entity_id_field"": 0, ""group"": 0, ""room"": 4, ""unknown_a3"": 0, ""position"": [-101.85516357421875, 0.0, 145.24884033203125], ""angles"": [0, -15600, 0], ""params"": [1.0, 1.0, 1.0, 0, 0, 0], ""unused_pointer"": 0}"
extermination-ep2/q98-bb-e,8,86,"{""base_type"": 520, ""set_flags"": 0, ""runtime_index"": 0, ""file_offset"": 8872, ""floor_field"": 0, ""entity_id_field"": 0, ""group"": 0, ""room"": 4, ""unknown_a3"": 0, ""position"": [-95.0709228515625, 0.0, 170.41253662109375], ""angles"": [0, -13600, 0], ""params"": [1.0, 1.0, 1.0, 0, 0, 0], ""unused_pointer"": 0}"
extermination-ep2/q98-bb-e,8,87,"{""base_type"": 520, ""set_flags"": 0, ""runtime_index"": 0, ""file_offset"": 8940, ""floor_field"": 0, ""entity_id_field"": 0, ""group"": 0, ""room"": 7, ""unknown_a3"": 0, ""position"": [-76.85552978515625, -0.00014188339991960675, 233.20941162109375], ""angles"": [0, 3600, 0], ""params"": [1.0, 1.0, 1.0, 0, 0, 0], ""unused_pointer"": 0}"
extermination-ep2/q98-bb-e,8,88,"{""base_type"": 520, ""set_flags"": 0, ""runtime_index"": 0, ""file_offset"": 9008, ""floor_field"": 0, ""entity_id_field"": 0, ""group"": 0, ""room"": 7, ""unknown_a3"": 0, ""position"": [-31.45159912109375, -0.0001007610626402311, 220.21234130859375], ""angles"": [0, 2400, 0], ""params"": [1.0, 1.0, 1.0, 0, 0, 0], ""unused_pointer"": 0}"
extermination-ep2/q98-bb-e,8,89,"{""base_type"": 520, ""set_flags"": 0, ""runtime_index"": 0, ""file_offset"": 9076, ""floor_field"": 0, ""entity_id_field"": 0, ""group"": 0, ""room"": 7, ""unknown_a3"": 0, ""position"": [10.85986328125, -0.00012302261893637478, 212.34698486328125], ""angles"": [0, 800, 0], ""params"": [1.0, 1.0, 1.0, 0, 0, 0], ""unused_pointer"": 0}"
extermination-ep2/q98-bb-e,8,90,"{""base_type"": 520, ""set_flags"": 0, ""runtime_index"": 0, ""file_offset"": 9144, ""floor_field"": 0, ""entity_id_field"": 0, ""group"": 0, ""room"": 7, ""unknown_a3"": 0, ""position"": [57.884765625, -0.000189287107787095, 211.96575927734375], ""angles"": [0, 400, 0], ""params"": [1.0, 1.0, 1.0, 0, 0, 0], ""unused_pointer"": 0}"
extermination-ep2/q98-bb-e,8,91,"{""base_type"": 520, ""set_flags"": 0, ""runtime_index"": 0, ""file_offset"": 9212, ""floor_field"": 0, ""entity_id_field"": 0, ""group"": 0, ""room"": 7, ""unknown_a3"": 0, ""position"": [103.2525634765625, -0.000273345154710114, 211.43389892578125], ""angles"": [0, -800, 0], ""params"": [1.0, 1.0, 1.0, 0, 0, 0], ""unused_pointer"": 0}"
extermination-ep2/q98-bb-e,8,92,"{""base_type"": 520, ""set_flags"": 0, ""runtime_index"": 0, ""file_offset"": 9280, ""floor_field"": 0, ""entity_id_field"": 0, ""group"": 0, ""room"": 7, ""unknown_a3"": 0, ""position"": [148.01416015625, -0.0002915059740189463, 213.39019775390625], ""angles"": [0, -800, 0], ""params"": [1.0, 1.0, 1.0, 0, 0, 0], ""unused_pointer"": 0}"
extermination-ep2/q98-bb-e,8,93,"{""base_type"": 520, ""set_flags"": 0, ""runtime_index"": 0, ""file_offset"": 9348, ""floor_field"": 0, ""entity_id_field"": 0, ""group"": 0, ""room"": 2, ""unknown_a3"": 0, ""position"": [-81.06045532226562, -122.62916564941406, 155.09765625], ""angles"": [0, -5000, 0], ""params"": [1.0, 1.0, 1.0, 0, 0, 0], ""unused_pointer"": 0}"
extermination-ep2/q98-bb-e,8,94,"{""base_type"": 520, ""set_flags"": 0, ""runtime_index"": 0, ""file_offset"": 9416, ""floor_field"": 0, ""entity_id_field"": 0, ""group"": 0, ""room"": 2, ""unknown_a3"": 0, ""position"": [126.68986511230469, -119.83209228515625, 145.376953125], ""angles"": [0, 1400, 0], ""params"": [1.0, 1.0, 1.0, 0, 0, 0], ""unused_pointer"": 0}"
extermination-ep2/q98-bb-e,8,95,"{""base_type"": 520, ""set_flags"": 0, ""runtime_index"": 0, ""file_offset"": 9484, ""floor_field"": 0, ""entity_id_field"": 0, ""group"": 0, ""room"": 2, ""unknown_a3"": 0, ""position"": [84.66078186035156, -119.62406158447266, 159.86614990234375], ""angles"": [0, 0, 0], ""params"": [1.0, 1.0, 1.0, 0, 0, 0], ""unused_pointer"": 0}"
extermination-ep2/q98-bb-e,8,96,"{""base_type"": 520, ""set_flags"": 0, ""runtime_index"": 0, ""file_offset"": 9552, ""floor_field"": 0, ""entity_id_field"": 0, ""group"": 0, ""room"": 2, ""unknown_a3"": 0, ""position"": [39.3291015625, -119.20803833007812, 163.90216064453125], ""angles"": [0, 0, 0], ""params"": [1.0, 1.0, 1.0, 0, 0, 0], ""unused_pointer"": 0}"
extermination-ep2/q98-bb-e,8,97,"{""base_type"": 520, ""set_flags"": 0, ""runtime_index"": 0, ""file_offset"": 9620, ""floor_field"": 0, ""entity_id_field"": 0, ""group"": 0, ""room"": 2, ""unknown_a3"": 0, ""position"": [-44.827880859375, -119.76277160644531, 164.18878173828125], ""angles"": [0, -1400, 0], ""params"": [1.0, 1.0, 1.0, 0, 0, 0], ""unused_pointer"": 0}"
extermination-ep2/q98-bb-e,8,98,"{""base_type"": 520, ""set_flags"": 0, ""runtime_index"": 0, ""file_offset"": 9688, ""floor_field"": 0, ""entity_id_field"": 0, ""group"": 0, ""room"": 2, ""unknown_a3"": 0, ""position"": [-0.339111328125, -119.00003051757812, 163.16131591796875], ""angles"": [0, 0, 0], ""params"": [1.0, 1.0, 1.0, 0, 0, 0], ""unused_pointer"": 0}"
extermination-ep2/q98-bb-j,8,3,"{""base_type"": 520, ""set_flags"": 2, ""runtime_index"": 179, ""file_offset"": 3228, ""floor_field"": 8, ""entity_id_field"": 16563, ""group"": 0, ""room"": 2, ""unknown_a3"": 0, ""position"": [10.0, -128.59999084472656, 119.969970703125], ""angles"": [0, 0, 0], ""params"": [1.0, 1.0, 1.0, 2, 0, 0], ""unused_pointer"": 118120896}"
extermination-ep2/q98-bb-j,8,15,"{""base_type"": 520, ""set_flags"": 2, ""runtime_index"": 274, ""file_offset"": 4044, ""floor_field"": 8, ""entity_id_field"": 16658, ""group"": 0, ""room"": 4, ""unknown_a3"": 0, ""position"": [112.26416015625, 0.0, 210.28033447265625], ""angles"": [0, 35568, 0], ""params"": [1.0, 1.0, 1.0, 2, 0, 0], ""unused_pointer"": 118178784}"
extermination-ep2/q98-bb-j,8,21,"{""base_type"": 520, ""set_flags"": 2, ""runtime_index"": 288, ""file_offset"": 4452, ""floor_field"": 8, ""entity_id_field"": 16672, ""group"": 0, ""room"": 4, ""unknown_a3"": 0, ""position"": [93.38409423828125, 2.2699999809265137, -167.77001953125], ""angles"": [0, 16384, 0], ""params"": [1.0, 1.0, 1.0, 2, 0, 0], ""unused_pointer"": 118185968}"
extermination-ep2/q98-bb-j,8,23,"{""base_type"": 520, ""set_flags"": 2, ""runtime_index"": 319, ""file_offset"": 4588, ""floor_field"": 8, ""entity_id_field"": 16703, ""group"": 0, ""room"": 8, ""unknown_a3"": 0, ""position"": [-150.0, 30.0, 78.5499267578125], ""angles"": [0, -200, 0], ""params"": [1.0, 1.0, 1.0, 2, 0, 0], ""unused_pointer"": 118209744}"
extermination-ep2/q98-bb-j,8,24,"{""base_type"": 520, ""set_flags"": 2, ""runtime_index"": 321, ""file_offset"": 4656, ""floor_field"": 8, ""entity_id_field"": 16705, ""group"": 0, ""room"": 8, ""unknown_a3"": 0, ""position"": [90.0, 6.0, -70.0], ""angles"": [0, 0, 0], ""params"": [1.0, 1.0, 1.0, 2, 0, 0], ""unused_pointer"": 118210800}"
extermination-ep2/q98-bb-j,8,75,"{""base_type"": 520, ""set_flags"": 0, ""runtime_index"": 0, ""file_offset"": 8124, ""floor_field"": 0, ""entity_id_field"": 0, ""group"": 0, ""room"": 4, ""unknown_a3"": 0, ""position"": [-0.87603759765625, -4.2075669625774026e-05, 145.623291015625], ""angles"": [0, 7800, 0], ""params"": [1.0, 1.0, 1.0, 0, 0, 0], ""unused_pointer"": 0}"
extermination-ep2/q98-bb-j,8,76,"{""base_type"": 520, ""set_flags"": 0, ""runtime_index"": 0, ""file_offset"": 8192, ""floor_field"": 0, ""entity_id_field"": 0, ""group"": 0, ""room"": 4, ""unknown_a3"": 0, ""position"": [24.417888641357422, -0.00010952127922791988, 114.94361114501953], ""angles"": [0, 9000, 0], ""params"": [1.0, 1.0, 1.0, 0, 0, 0], ""unused_pointer"": 0}"
extermination-ep2/q98-bb-j,8,77,"{""base_type"": 520, ""set_flags"": 0, ""runtime_index"": 0, ""file_offset"": 8260, ""floor_field"": 0, ""entity_id_field"": 0, ""group"": 0, ""room"": 4, ""unknown_a3"": 0, ""position"": [52.79530715942383, -0.00018397417443338782, 85.89054107666016], ""angles"": [0, 8400, 0], ""params"": [1.0, 1.0, 1.0, 0, 0, 0], ""unused_pointer"": 0}"
extermination-ep2/q98-bb-j,8,78,"{""base_type"": 520, ""set_flags"": 0, ""runtime_index"": 0, ""file_offset"": 8328, ""floor_field"": 0, ""entity_id_field"": 0, ""group"": 0, ""room"": 4, ""unknown_a3"": 0, ""position"": [77.11881256103516, -0.00024529159418307245, 61.56703567504883], ""angles"": [0, 6800, 0], ""params"": [1.0, 1.0, 1.0, 0, 0, 0], ""unused_pointer"": 0}"
extermination-ep2/q98-bb-j,8,85,"{""base_type"": 520, ""set_flags"": 0, ""runtime_index"": 0, ""file_offset"": 8804, ""floor_field"": 0, ""entity_id_field"": 0, ""group"": 0, ""room"": 4, ""unknown_a3"": 0, ""position"": [-101.85516357421875, 0.0, 145.24884033203125], ""angles"": [0, -15600, 0], ""params"": [1.0, 1.0, 1.0, 0, 0, 0], ""unused_pointer"": 0}"
extermination-ep2/q98-bb-j,8,86,"{""base_type"": 520, ""set_flags"": 0, ""runtime_index"": 0, ""file_offset"": 8872, ""floor_field"": 0, ""entity_id_field"": 0, ""group"": 0, ""room"": 4, ""unknown_a3"": 0, ""position"": [-95.0709228515625, 0.0, 170.41253662109375], ""angles"": [0, -13600, 0], ""params"": [1.0, 1.0, 1.0, 0, 0, 0], ""unused_pointer"": 0}"
extermination-ep2/q98-bb-j,8,87,"{""base_type"": 520, ""set_flags"": 0, ""runtime_index"": 0, ""file_offset"": 8940, ""floor_field"": 0, ""entity_id_field"": 0, ""group"": 0, ""room"": 7, ""unknown_a3"": 0, ""position"": [-76.85552978515625, -0.00014188339991960675, 233.20941162109375], ""angles"": [0, 3600, 0], ""params"": [1.0, 1.0, 1.0, 0, 0, 0], ""unused_pointer"": 0}"
extermination-ep2/q98-bb-j,8,88,"{""base_type"": 520, ""set_flags"": 0, ""runtime_index"": 0, ""file_offset"": 9008, ""floor_field"": 0, ""entity_id_field"": 0, ""group"": 0, ""room"": 7, ""unknown_a3"": 0, ""position"": [-31.45159912109375, -0.0001007610626402311, 220.21234130859375], ""angles"": [0, 2400, 0], ""params"": [1.0, 1.0, 1.0, 0, 0, 0], ""unused_pointer"": 0}"
extermination-ep2/q98-bb-j,8,89,"{""base_type"": 520, ""set_flags"": 0, ""runtime_index"": 0, ""file_offset"": 9076, ""floor_field"": 0, ""entity_id_field"": 0, ""group"": 0, ""room"": 7, ""unknown_a3"": 0, ""position"": [10.85986328125, -0.00012302261893637478, 212.34698486328125], ""angles"": [0, 800, 0], ""params"": [1.0, 1.0, 1.0, 0, 0, 0], ""unused_pointer"": 0}"
extermination-ep2/q98-bb-j,8,90,"{""base_type"": 520, ""set_flags"": 0, ""runtime_index"": 0, ""file_offset"": 9144, ""floor_field"": 0, ""entity_id_field"": 0, ""group"": 0, ""room"": 7, ""unknown_a3"": 0, ""position"": [57.884765625, -0.000189287107787095, 211.96575927734375], ""angles"": [0, 400, 0], ""params"": [1.0, 1.0, 1.0, 0, 0, 0], ""unused_pointer"": 0}"
extermination-ep2/q98-bb-j,8,91,"{""base_type"": 520, ""set_flags"": 0, ""runtime_index"": 0, ""file_offset"": 9212, ""floor_field"": 0, ""entity_id_field"": 0, ""group"": 0, ""room"": 7, ""unknown_a3"": 0, ""position"": [103.2525634765625, -0.000273345154710114, 211.43389892578125], ""angles"": [0, -800, 0], ""params"": [1.0, 1.0, 1.0, 0, 0, 0], ""unused_pointer"": 0}"
extermination-ep2/q98-bb-j,8,92,"{""base_type"": 520, ""set_flags"": 0, ""runtime_index"": 0, ""file_offset"": 9280, ""floor_field"": 0, ""entity_id_field"": 0, ""group"": 0, ""room"": 7, ""unknown_a3"": 0, ""position"": [148.01416015625, -0.0002915059740189463, 213.39019775390625], ""angles"": [0, -800, 0], ""params"": [1.0, 1.0, 1.0, 0, 0, 0], ""unused_pointer"": 0}"
extermination-ep2/q98-bb-j,8,93,"{""base_type"": 520, ""set_flags"": 0, ""runtime_index"": 0, ""file_offset"": 9348, ""floor_field"": 0, ""entity_id_field"": 0, ""group"": 0, ""room"": 2, ""unknown_a3"": 0, ""position"": [-81.06045532226562, -122.62916564941406, 155.09765625], ""angles"": [0, -5000, 0], ""params"": [1.0, 1.0, 1.0, 0, 0, 0], ""unused_pointer"": 0}"
extermination-ep2/q98-bb-j,8,94,"{""base_type"": 520, ""set_flags"": 0, ""runtime_index"": 0, ""file_offset"": 9416, ""floor_field"": 0, ""entity_id_field"": 0, ""group"": 0, ""room"": 2, ""unknown_a3"": 0, ""position"": [126.68986511230469, -119.83209228515625, 145.376953125], ""angles"": [0, 1400, 0], ""params"": [1.0, 1.0, 1.0, 0, 0, 0], ""unused_pointer"": 0}"
extermination-ep2/q98-bb-j,8,95,"{""base_type"": 520, ""set_flags"": 0, ""runtime_index"": 0, ""file_offset"": 9484, ""floor_field"": 0, ""entity_id_field"": 0, ""group"": 0, ""room"": 2, ""unknown_a3"": 0, ""position"": [84.66078186035156, -119.62406158447266, 159.86614990234375], ""angles"": [0, 0, 0], ""params"": [1.0, 1.0, 1.0, 0, 0, 0], ""unused_pointer"": 0}"
extermination-ep2/q98-bb-j,8,96,"{""base_type"": 520, ""set_flags"": 0, ""runtime_index"": 0, ""file_offset"": 9552, ""floor_field"": 0, ""entity_id_field"": 0, ""group"": 0, ""room"": 2, ""unknown_a3"": 0, ""position"": [39.3291015625, -119.20803833007812, 163.90216064453125], ""angles"": [0, 0, 0], ""params"": [1.0, 1.0, 1.0, 0, 0, 0], ""unused_pointer"": 0}"
extermination-ep2/q98-bb-j,8,97,"{""base_type"": 520, ""set_flags"": 0, ""runtime_index"": 0, ""file_offset"": 9620, ""floor_field"": 0, ""entity_id_field"": 0, ""group"": 0, ""room"": 2, ""unknown_a3"": 0, ""position"": [-44.827880859375, -119.76277160644531, 164.18878173828125], ""angles"": [0, -1400, 0], ""params"": [1.0, 1.0, 1.0, 0, 0, 0], ""unused_pointer"": 0}"
extermination-ep2/q98-bb-j,8,98,"{""base_type"": 520, ""set_flags"": 0, ""runtime_index"": 0, ""file_offset"": 9688, ""floor_field"": 0, ""entity_id_field"": 0, ""group"": 0, ""room"": 2, ""unknown_a3"": 0, ""position"": [-0.339111328125, -119.00003051757812, 163.16131591796875], ""angles"": [0, 0, 0], ""params"": [1.0, 1.0, 1.0, 0, 0, 0], ""unused_pointer"": 0}"
extermination-ep2/q165-bb-e,7,18,"{""base_type"": 520, ""set_flags"": 0, ""runtime_index"": 13828, ""file_offset"": 4792, ""floor_field"": 7, ""entity_id_field"": 10566, ""group"": 0, ""room"": 6, ""unknown_a3"": 0, ""position"": [-60.0, -54.189998626708984, 105.0], ""angles"": [0, 0, 0], ""params"": [1.0, 1.0, 1.0, 0, 0, 0], ""unused_pointer"": 818083200}"
extermination-ep2/q165-bb-e,7,20,"{""base_type"": 520, ""set_flags"": 0, ""runtime_index"": 15876, ""file_offset"": 4928, ""floor_field"": 7, ""entity_id_field"": 11846, ""group"": 0, ""room"": 6, ""unknown_a3"": 0, ""position"": [-60.0, -44.189998626708984, 105.0], ""angles"": [0, 0, 0], ""params"": [1.0, 1.0, 1.0, 0, 0, 0], ""unused_pointer"": 4040226176}"
extermination-ep2/q168-bb-e,6,31,"{""base_type"": 520, ""set_flags"": 0, ""runtime_index"": 0, ""file_offset"": 5064, ""floor_field"": 0, ""entity_id_field"": 19014, ""group"": 0, ""room"": 9, ""unknown_a3"": 0, ""position"": [-9.0, -7.099999904632568, -130.0], ""angles"": [0, 4096, 0], ""params"": [1.0, 1.0, 1.0, 2, 0, 0], ""unused_pointer"": 0}"
extermination-ep2/q168-bb-e,6,34,"{""base_type"": 520, ""set_flags"": 0, ""runtime_index"": 0, ""file_offset"": 5268, ""floor_field"": 0, ""entity_id_field"": 39235, ""group"": 0, ""room"": 10, ""unknown_a3"": 0, ""position"": [115.0, -5.0, -85.0], ""angles"": [0, 24576, 0], ""params"": [1.0, 1.0, 1.0, 2, 0, 0], ""unused_pointer"": 0}"
extermination-ep2/q168-bb-e,6,35,"{""base_type"": 520, ""set_flags"": 0, ""runtime_index"": 0, ""file_offset"": 5336, ""floor_field"": 0, ""entity_id_field"": 39491, ""group"": 0, ""room"": 10, ""unknown_a3"": 0, ""position"": [130.0, -13.0, -40.0], ""angles"": [0, 53248, 0], ""params"": [1.0, 1.0, 1.0, 2, 0, 0], ""unused_pointer"": 0}"
extermination-ep2/q168-bb-e,6,36,"{""base_type"": 520, ""set_flags"": 0, ""runtime_index"": 0, ""file_offset"": 5404, ""floor_field"": 0, ""entity_id_field"": 39747, ""group"": 0, ""room"": 10, ""unknown_a3"": 0, ""position"": [128.0, -3.0, -67.0], ""angles"": [0, 53248, 0], ""params"": [1.0, 1.0, 1.0, 2, 0, 0], ""unused_pointer"": 0}"
extermination-ep2/q173-bb-e,6,22,"{""base_type"": 520, ""set_flags"": 0, ""runtime_index"": 37637, ""file_offset"": 5132, ""floor_field"": 6, ""entity_id_field"": 19014, ""group"": 0, ""room"": 9, ""unknown_a3"": 0, ""position"": [-9.0, -7.099999904632568, -130.0], ""angles"": [0, 4096, 0], ""params"": [1.0, 1.0, 1.0, 2, 0, 0], ""unused_pointer"": 2688873856}"
extermination-ep2/q173-bb-e,6,25,"{""base_type"": 520, ""set_flags"": 512, ""runtime_index"": 39171, ""file_offset"": 5336, ""floor_field"": 6, ""entity_id_field"": 39235, ""group"": 0, ""room"": 10, ""unknown_a3"": 0, ""position"": [115.0, -5.0, -85.0], ""angles"": [0, 24576, 0], ""params"": [1.0, 1.0, 1.0, 2, 0, 0], ""unused_pointer"": 1889727360}"
extermination-ep2/q173-bb-e,6,26,"{""base_type"": 520, ""set_flags"": 512, ""runtime_index"": 39427, ""file_offset"": 5404, ""floor_field"": 6, ""entity_id_field"": 39491, ""group"": 0, ""room"": 10, ""unknown_a3"": 0, ""position"": [130.0, -13.0, -40.0], ""angles"": [0, 53248, 0], ""params"": [1.0, 1.0, 1.0, 2, 0, 0], ""unused_pointer"": 2695295872}"
extermination-ep2/q173-bb-e,6,27,"{""base_type"": 520, ""set_flags"": 512, ""runtime_index"": 39683, ""file_offset"": 5472, ""floor_field"": 6, ""entity_id_field"": 39747, ""group"": 0, ""room"": 10, ""unknown_a3"": 0, ""position"": [128.0, -3.0, -67.0], ""angles"": [0, 53248, 0], ""params"": [1.0, 1.0, 1.0, 2, 0, 0], ""unused_pointer"": 3500864384}"
extermination-ep2/q173-bb-e,6,54,"{""base_type"": 520, ""set_flags"": 0, ""runtime_index"": 0, ""file_offset"": 7308, ""floor_field"": 0, ""entity_id_field"": 0, ""group"": 0, ""room"": 15, ""unknown_a3"": 0, ""position"": [211.46115112304688, -100.0, 216.28192138671875], ""angles"": [0, 0, 0], ""params"": [1.0, 1.0, 1.0, 0, 0, 0], ""unused_pointer"": 0}"
extermination-ep2/q173-bb-e,6,55,"{""base_type"": 520, ""set_flags"": 0, ""runtime_index"": 0, ""file_offset"": 7376, ""floor_field"": 0, ""entity_id_field"": 0, ""group"": 0, ""room"": 15, ""unknown_a3"": 0, ""position"": [181.43478393554688, -100.0, 214.5581512451172], ""angles"": [0, 0, 0], ""params"": [1.0, 1.0, 1.0, 0, 0, 0], ""unused_pointer"": 0}"
extermination-ep2/q173-bb-e,6,56,"{""base_type"": 520, ""set_flags"": 0, ""runtime_index"": 0, ""file_offset"": 7444, ""floor_field"": 0, ""entity_id_field"": 0, ""group"": 0, ""room"": 15, ""unknown_a3"": 0, ""position"": [149.95950317382812, -100.0, 219.05462646484375], ""angles"": [0, 0, 0], ""params"": [1.0, 1.0, 1.0, 0, 0, 0], ""unused_pointer"": 0}"
extermination-ep2/q173-bb-e,6,57,"{""base_type"": 520, ""set_flags"": 0, ""runtime_index"": 0, ""file_offset"": 7512, ""floor_field"": 0, ""entity_id_field"": 0, ""group"": 0, ""room"": 15, ""unknown_a3"": 0, ""position"": [215.65469360351562, -100.0, 155.52264404296875], ""angles"": [0, 0, 0], ""params"": [1.0, 1.0, 1.0, 0, 0, 0], ""unused_pointer"": 0}"
extermination-ep2/q173-bb-e,6,58,"{""base_type"": 520, ""set_flags"": 0, ""runtime_index"": 0, ""file_offset"": 7580, ""floor_field"": 0, ""entity_id_field"": 0, ""group"": 0, ""room"": 15, ""unknown_a3"": 0, ""position"": [176.011962890625, -100.0, 153.09512329101562], ""angles"": [0, 0, 0], ""params"": [1.0, 1.0, 1.0, 0, 0, 0], ""unused_pointer"": 0}"
extermination-ep2/q173-bb-e,6,59,"{""base_type"": 520, ""set_flags"": 0, ""runtime_index"": 0, ""file_offset"": 7648, ""floor_field"": 0, ""entity_id_field"": 0, ""group"": 0, ""room"": 15, ""unknown_a3"": 0, ""position"": [139.30047607421875, -100.0, 152.22830200195312], ""angles"": [0, 0, 0], ""params"": [1.0, 1.0, 1.0, 0, 0, 0], ""unused_pointer"": 0}"
extermination-ep2/q173-bb-e,6,60,"{""base_type"": 520, ""set_flags"": 0, ""runtime_index"": 0, ""file_offset"": 7716, ""floor_field"": 0, ""entity_id_field"": 0, ""group"": 0, ""room"": 15, ""unknown_a3"": 0, ""position"": [212.19866943359375, -100.0, 210.0657958984375], ""angles"": [0, 32400, 0], ""params"": [1.0, 1.0, 1.0, 0, 0, 0], ""unused_pointer"": 0}"
extermination-ep2/q173-bb-e,6,61,"{""base_type"": 520, ""set_flags"": 0, ""runtime_index"": 0, ""file_offset"": 7784, ""floor_field"": 0, ""entity_id_field"": 0, ""group"": 0, ""room"": 15, ""unknown_a3"": 0, ""position"": [176.56057739257812, -100.0, 211.938232421875], ""angles"": [0, 32200, 0], ""params"": [1.0, 1.0, 1.0, 0, 0, 0], ""unused_pointer"": 0}"
extermination-ep2/q173-bb-e,6,62,"{""base_type"": 520, ""set_flags"": 0, ""runtime_index"": 0, ""file_offset"": 7852, ""floor_field"": 0, ""entity_id_field"": 0, ""group"": 0, ""room"": 15, ""unknown_a3"": 0, ""position"": [143.031494140625, -100.0, 213.3023681640625], ""angles"": [0, 33000, 0], ""params"": [1.0, 1.0, 1.0, 0, 0, 0], ""unused_pointer"": 0}"
extermination-ep2/q173-bb-e,6,63,"{""base_type"": 520, ""set_flags"": 0, ""runtime_index"": 0, ""file_offset"": 7920, ""floor_field"": 0, ""entity_id_field"": 0, ""group"": 0, ""room"": 15, ""unknown_a3"": 0, ""position"": [142.59133911132812, -100.0, 164.11251831054688], ""angles"": [0, 0, 0], ""params"": [1.0, 1.0, 1.0, 0, 0, 0], ""unused_pointer"": 0}"
extermination-ep2/q173-bb-e,6,64,"{""base_type"": 520, ""set_flags"": 0, ""runtime_index"": 0, ""file_offset"": 7988, ""floor_field"": 0, ""entity_id_field"": 0, ""group"": 0, ""room"": 15, ""unknown_a3"": 0, ""position"": [174.97476196289062, -100.0, 163.1591796875], ""angles"": [0, 0, 0], ""params"": [1.0, 1.0, 1.0, 0, 0, 0], ""unused_pointer"": 0}"
extermination-ep2/q173-bb-e,6,65,"{""base_type"": 520, ""set_flags"": 0, ""runtime_index"": 0, ""file_offset"": 8056, ""floor_field"": 0, ""entity_id_field"": 0, ""group"": 0, ""room"": 15, ""unknown_a3"": 0, ""position"": [215.6079559326172, -100.0, 163.29840087890625], ""angles"": [0, 0, 0], ""params"": [1.0, 1.0, 1.0, 0, 0, 0], ""unused_pointer"": 0}"
extermination-ep2/q173-bb-e,6,86,"{""base_type"": 520, ""set_flags"": 0, ""runtime_index"": 0, ""file_offset"": 9484, ""floor_field"": 0, ""entity_id_field"": 0, ""group"": 0, ""room"": 4, ""unknown_a3"": 0, ""position"": [195.0252685546875, 10.0, 71.6399154663086], ""angles"": [0, 10126, 0], ""params"": [1.0, 1.0, 1.0, 0, 0, 0], ""unused_pointer"": 0}"
extermination-ep2/q173-bb-e,6,110,"{""base_type"": 520, ""set_flags"": 0, ""runtime_index"": 0, ""file_offset"": 11116, ""floor_field"": 0, ""entity_id_field"": 0, ""group"": 0, ""room"": 3, ""unknown_a3"": 0, ""position"": [199.56761169433594, 0.0, -145.1514892578125], ""angles"": [0, -12800, 0], ""params"": [1.0, 1.0, 1.0, 0, 0, 0], ""unused_pointer"": 0}"
extermination-ep2/q173-bb-e,8,2,"{""base_type"": 520, ""set_flags"": 0, ""runtime_index"": 54534, ""file_offset"": 12900, ""floor_field"": 8, ""entity_id_field"": 42310, ""group"": 0, ""room"": 2, ""unknown_a3"": 0, ""position"": [4.3546142578125, -128.59999084472656, 110.444091796875], ""angles"": [0, 0, 0], ""params"": [1.0, 1.0, 1.0, 2, 0, 0], ""unused_pointer"": 1890776448}"
extermination-ep2/q173-bb-e,8,26,"{""base_type"": 520, ""set_flags"": 0, ""runtime_index"": 32262, ""file_offset"": 14532, ""floor_field"": 8, ""entity_id_field"": 8264, ""group"": 0, ""room"": 4, ""unknown_a3"": 0, ""position"": [-135.35000610351562, 0.0, -196.30999755859375], ""angles"": [0, 36864, 0], ""params"": [1.0, 1.0, 1.0, 0, 0, 0], ""unused_pointer"": 2153576064}"
extermination-ep2/q173-bb-e,8,29,"{""base_type"": 520, ""set_flags"": 512, ""runtime_index"": 54020, ""file_offset"": 14736, ""floor_field"": 8, ""entity_id_field"": 54084, ""group"": 0, ""room"": 4, ""unknown_a3"": 0, ""position"": [81.64996337890625, 0.0, -176.30999755859375], ""angles"": [0, -16384, 0], ""params"": [1.0, 1.0, 1.0, 2, 0, 0], ""unused_pointer"": 2693396096}"
extermination-ep2/q173-bb-e,8,99,"{""base_type"": 520, ""set_flags"": 0, ""runtime_index"": 0, ""file_offset"": 19496, ""floor_field"": 0, ""entity_id_field"": 0, ""group"": 0, ""room"": 2, ""unknown_a3"": 0, ""position"": [135.1121826171875, -124.29198455810547, 141.35443115234375], ""angles"": [0, 3000, 0], ""params"": [1.0, 1.0, 1.0, 0, 0, 0], ""unused_pointer"": 0}"
extermination-ep2/q173-bb-e,8,100,"{""base_type"": 520, ""set_flags"": 0, ""runtime_index"": 0, ""file_offset"": 19564, ""floor_field"": 0, ""entity_id_field"": 0, ""group"": 0, ""room"": 2, ""unknown_a3"": 0, ""position"": [97.24600219726562, -124.61898040771484, 154.7626953125], ""angles"": [0, 3000, 0], ""params"": [1.0, 1.0, 1.0, 0, 0, 0], ""unused_pointer"": 0}"
extermination-ep2/q173-bb-e,8,108,"{""base_type"": 520, ""set_flags"": 0, ""runtime_index"": 0, ""file_offset"": 20108, ""floor_field"": 0, ""entity_id_field"": 0, ""group"": 0, ""room"": 2, ""unknown_a3"": 0, ""position"": [-3.336700439453125, -134.86924743652344, 99.87567138671875], ""angles"": [0, -14800, 0], ""params"": [1.0, 1.0, 1.0, 0, 0, 0], ""unused_pointer"": 0}"
extermination-ep2/q173-bb-e,8,109,"{""base_type"": 520, ""set_flags"": 0, ""runtime_index"": 0, ""file_offset"": 20176, ""floor_field"": 0, ""entity_id_field"": 0, ""group"": 0, ""room"": 2, ""unknown_a3"": 0, ""position"": [-11.95452880859375, -140.00010681152344, 58.7724609375], ""angles"": [0, -14600, 0], ""params"": [1.0, 1.0, 1.0, 0, 0, 0], ""unused_pointer"": 0}"
extermination-ep2/q173-bb-e,8,110,"{""base_type"": 520, ""set_flags"": 0, ""runtime_index"": 0, ""file_offset"": 20244, ""floor_field"": 0, ""entity_id_field"": 0, ""group"": 0, ""room"": 2, ""unknown_a3"": 0, ""position"": [-18.104034423828125, -140.00013732910156, 15.79486083984375], ""angles"": [0, -15200, 0], ""params"": [1.0, 1.0, 1.0, 0, 0, 0], ""unused_pointer"": 0}"
extermination-ep2/q173-bb-e,8,111,"{""base_type"": 520, ""set_flags"": 0, ""runtime_index"": 0, ""file_offset"": 20312, ""floor_field"": 0, ""entity_id_field"": 0, ""group"": 0, ""room"": 2, ""unknown_a3"": 0, ""position"": [-26.352142333984375, -142.67713928222656, -24.683074951171875], ""angles"": [0, -15800, 0], ""params"": [1.0, 1.0, 1.0, 0, 0, 0], ""unused_pointer"": 0}"
extermination-ep2/q173-bb-e,8,112,"{""base_type"": 520, ""set_flags"": 0, ""runtime_index"": 0, ""file_offset"": 20380, ""floor_field"": 0, ""entity_id_field"": 0, ""group"": 0, ""room"": 2, ""unknown_a3"": 0, ""position"": [-38.0570068359375, -144.2425537109375, -64.02615356445312], ""angles"": [0, -15200, 0], ""params"": [1.0, 1.0, 1.0, 0, 0, 0], ""unused_pointer"": 0}"
extermination-ep2/q173-bb-e,8,113,"{""base_type"": 520, ""set_flags"": 0, ""runtime_index"": 0, ""file_offset"": 20448, ""floor_field"": 0, ""entity_id_field"": 0, ""group"": 0, ""room"": 2, ""unknown_a3"": 0, ""position"": [-47.366058349609375, -152.0801544189453, -105.062744140625], ""angles"": [0, -17000, 0], ""params"": [1.0, 1.0, 1.0, 0, 0, 0], ""unused_pointer"": 0}"
extermination-ep2/q173-bb-e,8,114,"{""base_type"": 520, ""set_flags"": 0, ""runtime_index"": 0, ""file_offset"": 20516, ""floor_field"": 0, ""entity_id_field"": 0, ""group"": 0, ""room"": 2, ""unknown_a3"": 0, ""position"": [-49.136016845703125, -161.1338348388672, -143.65847778320312], ""angles"": [0, -17600, 0], ""params"": [1.0, 1.0, 1.0, 0, 0, 0], ""unused_pointer"": 0}"
extermination-ep2/q173-bb-e,8,115,"{""base_type"": 520, ""set_flags"": 0, ""runtime_index"": 0, ""file_offset"": 20584, ""floor_field"": 0, ""entity_id_field"": 0, ""group"": 0, ""room"": 2, ""unknown_a3"": 0, ""position"": [-49.637969970703125, -170.00006103515625, -186.78610229492188], ""angles"": [0, -17600, 0], ""params"": [1.0, 1.0, 1.0, 0, 0, 0], ""unused_pointer"": 0}"
extermination-ep2/q173-bb-e,8,116,"{""base_type"": 520, ""set_flags"": 0, ""runtime_index"": 0, ""file_offset"": 20652, ""floor_field"": 0, ""entity_id_field"": 0, ""group"": 0, ""room"": 2, ""unknown_a3"": 0, ""position"": [-46.590179443359375, -170.0000457763672, -229.82632446289062], ""angles"": [0, -17600, 0], ""params"": [1.0, 1.0, 1.0, 0, 0, 0], ""unused_pointer"": 0}"
extermination-ep2/q173-bb-e,8,169,"{""base_type"": 520, ""set_flags"": 0, ""runtime_index"": 0, ""file_offset"": 24256, ""floor_field"": 0, ""entity_id_field"": 0, ""group"": 0, ""room"": 3, ""unknown_a3"": 0, ""position"": [-154.9798126220703, -84.9000015258789, 108.640625], ""angles"": [0, 57200, 0], ""params"": [1.0, 1.0, 1.0, 0, 0, 0], ""unused_pointer"": 0}"
extermination-ep2/q173-bb-e,8,192,"{""base_type"": 520, ""set_flags"": 0, ""runtime_index"": 0, ""file_offset"": 25820, ""floor_field"": 0, ""entity_id_field"": 0, ""group"": 0, ""room"": 3, ""unknown_a3"": 0, ""position"": [-103.24881744384766, -88.82695770263672, 181.1600341796875], ""angles"": [0, 40400, 0], ""params"": [1.0, 1.0, 1.0, 0, 0, 0], ""unused_pointer"": 0}"
extermination-ep2/q173-bb-e,8,195,"{""base_type"": 520, ""set_flags"": 0, ""runtime_index"": 0, ""file_offset"": 26024, ""floor_field"": 0, ""entity_id_field"": 0, ""group"": 0, ""room"": 3, ""unknown_a3"": 0, ""position"": [-18.0, -61.29999923706055, 109.48225402832031], ""angles"": [0, 49152, 0], ""params"": [1.0, 1.0, 1.0, 0, 0, 0], ""unused_pointer"": 0}"
extermination-ep2/q173-bb-e,8,196,"{""base_type"": 520, ""set_flags"": 0, ""runtime_index"": 0, ""file_offset"": 26092, ""floor_field"": 0, ""entity_id_field"": 0, ""group"": 0, ""room"": 3, ""unknown_a3"": 0, ""position"": [-18.0, -61.900001525878906, 87.98420715332031], ""angles"": [0, 49152, 0], ""params"": [1.0, 1.0, 1.0, 0, 0, 0], ""unused_pointer"": 0}"
extermination-ep2/q173-bb-e,8,197,"{""base_type"": 520, ""set_flags"": 0, ""runtime_index"": 0, ""file_offset"": 26160, ""floor_field"": 0, ""entity_id_field"": 0, ""group"": 0, ""room"": 3, ""unknown_a3"": 0, ""position"": [-18.0, -61.88041305541992, 57.27271270751953], ""angles"": [0, 49152, 0], ""params"": [1.0, 1.0, 1.0, 0, 0, 0], ""unused_pointer"": 0}"
extermination-ep2/q173-bb-e,8,198,"{""base_type"": 520, ""set_flags"": 0, ""runtime_index"": 0, ""file_offset"": 26228, ""floor_field"": 0, ""entity_id_field"": 0, ""group"": 0, ""room"": 3, ""unknown_a3"": 0, ""position"": [-18.0, -62.099998474121094, 27.17544937133789], ""angles"": [0, 49152, 0], ""params"": [1.0, 1.0, 1.0, 0, 0, 0], ""unused_pointer"": 0}"
extermination-ep2/q173-bb-e,8,199,"{""base_type"": 520, ""set_flags"": 0, ""runtime_index"": 0, ""file_offset"": 26296, ""floor_field"": 0, ""entity_id_field"": 0, ""group"": 0, ""room"": 3, ""unknown_a3"": 0, ""position"": [-18.0, -62.12616729736328, -1.6933553218841553], ""angles"": [0, 49152, 0], ""params"": [1.0, 1.0, 1.0, 0, 0, 0], ""unused_pointer"": 0}"
extermination-ep2/q173-bb-e,8,200,"{""base_type"": 520, ""set_flags"": 0, ""runtime_index"": 0, ""file_offset"": 26364, ""floor_field"": 0, ""entity_id_field"": 0, ""group"": 0, ""room"": 3, ""unknown_a3"": 0, ""position"": [-18.0, -62.5, -37.318687438964844], ""angles"": [0, 49152, 0], ""params"": [1.0, 1.0, 1.0, 0, 0, 0], ""unused_pointer"": 0}"
extermination-ep2/q173-bb-e,8,201,"{""base_type"": 520, ""set_flags"": 0, ""runtime_index"": 0, ""file_offset"": 26432, ""floor_field"": 0, ""entity_id_field"": 0, ""group"": 0, ""room"": 3, ""unknown_a3"": 0, ""position"": [-18.0, -62.617515563964844, -107.95512390136719], ""angles"": [0, 49152, 0], ""params"": [1.0, 1.0, 1.0, 0, 0, 0], ""unused_pointer"": 0}"
extermination-ep2/q173-bb-e,8,202,"{""base_type"": 520, ""set_flags"": 0, ""runtime_index"": 0, ""file_offset"": 26500, ""floor_field"": 0, ""entity_id_field"": 0, ""group"": 0, ""room"": 3, ""unknown_a3"": 0, ""position"": [-18.0, -62.70000076293945, -136.8239288330078], ""angles"": [0, 49152, 0], ""params"": [1.0, 1.0, 1.0, 0, 0, 0], ""unused_pointer"": 0}"
extermination-ep2/q173-bb-e,8,206,"{""base_type"": 520, ""set_flags"": 0, ""runtime_index"": 0, ""file_offset"": 26772, ""floor_field"": 0, ""entity_id_field"": 0, ""group"": 0, ""room"": 3, ""unknown_a3"": 0, ""position"": [128.0, -31.799999237060547, -137.529296875], ""angles"": [0, 49152, 0], ""params"": [1.0, 1.0, 1.0, 0, 0, 0], ""unused_pointer"": 0}"
extermination-ep2/q173-bb-e,8,207,"{""base_type"": 520, ""set_flags"": 0, ""runtime_index"": 0, ""file_offset"": 26840, ""floor_field"": 0, ""entity_id_field"": 0, ""group"": 0, ""room"": 3, ""unknown_a3"": 0, ""position"": [128.0, -31.783172607421875, -109.18357849121094], ""angles"": [0, 49152, 0], ""params"": [1.0, 1.0, 1.0, 0, 0, 0], ""unused_pointer"": 0}"
extermination-ep2/q173-bb-e,8,208,"{""base_type"": 520, ""set_flags"": 0, ""runtime_index"": 0, ""file_offset"": 26908, ""floor_field"": 0, ""entity_id_field"": 0, ""group"": 0, ""room"": 3, ""unknown_a3"": 0, ""position"": [128.0, -32.20000076293945, -80.31478118896484], ""angles"": [0, 49152, 0], ""params"": [1.0, 1.0, 1.0, 0, 0, 0], ""unused_pointer"": 0}"
extermination-ep2/q173-bb-e,8,209,"{""base_type"": 520, ""set_flags"": 0, ""runtime_index"": 0, ""file_offset"": 26976, ""floor_field"": 0, ""entity_id_field"": 0, ""group"": 0, ""room"": 3, ""unknown_a3"": 0, ""position"": [128.0, -31.399999618530273, -49.60328674316406], ""angles"": [0, 49152, 0], ""params"": [1.0, 1.0, 1.0, 0, 0, 0], ""unused_pointer"": 0}"
extermination-ep2/q173-bb-e,8,210,"{""base_type"": 520, ""set_flags"": 0, ""runtime_index"": 0, ""file_offset"": 27044, ""floor_field"": 0, ""entity_id_field"": 0, ""group"": 0, ""room"": 3, ""unknown_a3"": 0, ""position"": [128.0, -31.0, -17.663331985473633], ""angles"": [0, 49152, 0], ""params"": [1.0, 1.0, 1.0, 0, 0, 0], ""unused_pointer"": 0}"
extermination-ep2/q173-bb-e,8,211,"{""base_type"": 520, ""set_flags"": 0, ""runtime_index"": 0, ""file_offset"": 27112, ""floor_field"": 0, ""entity_id_field"": 0, ""group"": 0, ""room"": 3, ""unknown_a3"": 0, ""position"": [128.0, -30.700000762939453, 14.276620864868164], ""angles"": [0, 49152, 0], ""params"": [1.0, 1.0, 1.0, 0, 0, 0], ""unused_pointer"": 0}"
extermination-ep2/q173-bb-e,8,212,"{""base_type"": 520, ""set_flags"": 0, ""runtime_index"": 0, ""file_offset"": 27180, ""floor_field"": 0, ""entity_id_field"": 0, ""group"": 0, ""room"": 3, ""unknown_a3"": 0, ""position"": [128.0, -30.299999237060547, 48.05926513671875], ""angles"": [0, 49152, 0], ""params"": [1.0, 1.0, 1.0, 0, 0, 0], ""unused_pointer"": 0}"
extermination-ep2/q173-bb-e,8,213,"{""base_type"": 520, ""set_flags"": 0, ""runtime_index"": 0, ""file_offset"": 27248, ""floor_field"": 0, ""entity_id_field"": 0, ""group"": 0, ""room"": 3, ""unknown_a3"": 0, ""position"": [128.0, -30.100000381469727, 77.54229736328125], ""angles"": [0, 49152, 0], ""params"": [1.0, 1.0, 1.0, 0, 0, 0], ""unused_pointer"": 0}"
extermination-ep2/q173-bb-e,8,214,"{""base_type"": 520, ""set_flags"": 0, ""runtime_index"": 0, ""file_offset"": 27316, ""floor_field"": 0, ""entity_id_field"": 0, ""group"": 0, ""room"": 3, ""unknown_a3"": 0, ""position"": [128.0, -29.600000381469727, 154.6876220703125], ""angles"": [0, 49152, 0], ""params"": [1.0, 1.0, 1.0, 0, 0, 0], ""unused_pointer"": 0}"
extermination-ep2/q173-bb-e,8,218,"{""base_type"": 520, ""set_flags"": 0, ""runtime_index"": 0, ""file_offset"": 27588, ""floor_field"": 0, ""entity_id_field"": 0, ""group"": 0, ""room"": 3, ""unknown_a3"": 0, ""position"": [154.84597778320312, -27.0, -60.0], ""angles"": [0, 0, 0], ""params"": [1.0, 1.0, 1.0, 0, 0, 0], ""unused_pointer"": 0}"
extermination-ep2/q173-bb-e,8,219,"{""base_type"": 520, ""set_flags"": 0, ""runtime_index"": 0, ""file_offset"": 27656, ""floor_field"": 0, ""entity_id_field"": 0, ""group"": 0, ""room"": 3, ""unknown_a3"": 0, ""position"": [186.47691345214844, -19.5, -60.0], ""angles"": [0, 0, 0], ""params"": [1.0, 1.0, 1.0, 0, 0, 0], ""unused_pointer"": 0}"
extermination-ep2/q173-bb-e,8,220,"{""base_type"": 520, ""set_flags"": 0, ""runtime_index"": 0, ""file_offset"": 27724, ""floor_field"": 0, ""entity_id_field"": 0, ""group"": 0, ""room"": 3, ""unknown_a3"": 0, ""position"": [224.49276733398438, -12.0, -60.0], ""angles"": [0, 0, 0], ""params"": [1.0, 1.0, 1.0, 0, 0, 0], ""unused_pointer"": 0}"
extermination-ep2/q173-bb-e,8,239,"{""base_type"": 520, ""set_flags"": 0, ""runtime_index"": 0, ""file_offset"": 29016, ""floor_field"": 0, ""entity_id_field"": 0, ""group"": 0, ""room"": 8, ""unknown_a3"": 0, ""position"": [2.0, -0.00030764477560296655, -220.0], ""angles"": [0, 0, 0], ""params"": [1.0, 1.0, 1.0, 0, 0, 0], ""unused_pointer"": 0}"
extermination-ep2/q173-bb-e,8,240,"{""base_type"": 520, ""set_flags"": 0, ""runtime_index"": 0, ""file_offset"": 29084, ""floor_field"": 0, ""entity_id_field"": 0, ""group"": 0, ""room"": 8, ""unknown_a3"": 0, ""position"": [2.0, -0.0003094602143391967, -220.0], ""angles"": [0, 49152, 0], ""params"": [1.0, 1.0, 1.0, 0, 0, 0], ""unused_pointer"": 0}"
extermination-ep2/q173-bb-e,8,241,"{""base_type"": 520, ""set_flags"": 0, ""runtime_index"": 0, ""file_offset"": 29152, ""floor_field"": 0, ""entity_id_field"": 0, ""group"": 0, ""room"": 8, ""unknown_a3"": 0, ""position"": [100.0, -0.00028458895394578576, -284.0], ""angles"": [0, 49152, 0], ""params"": [1.0, 1.0, 1.0, 0, 0, 0], ""unused_pointer"": 0}"
extermination-ep2/q173-bb-e,8,242,"{""base_type"": 520, ""set_flags"": 0, ""runtime_index"": 0, ""file_offset"": 29220, ""floor_field"": 0, ""entity_id_field"": 0, ""group"": 0, ""room"": 8, ""unknown_a3"": 0, ""position"": [100.0, -0.0002918506506830454, -284.0], ""angles"": [0, 32768, 0], ""params"": [1.0, 1.0, 1.0, 0, 0, 0], ""unused_pointer"": 0}"
extermination-ep2/q173-bb-e,8,243,"{""base_type"": 520, ""set_flags"": 0, ""runtime_index"": 0, ""file_offset"": 29288, ""floor_field"": 0, ""entity_id_field"": 0, ""group"": 0, ""room"": 8, ""unknown_a3"": 0, ""position"": [90.0, -0.0003230758593417704, -175.0], ""angles"": [0, 0, 0], ""params"": [1.0, 1.0, 1.0, 0, 0, 0], ""unused_pointer"": 0}"
extermination-ep2/q173-bb-e,8,244,"{""base_type"": 520, ""set_flags"": 0, ""runtime_index"": 0, ""file_offset"": 29356, ""floor_field"": 0, ""entity_id_field"": 0, ""group"": 0, ""room"": 8, ""unknown_a3"": 0, ""position"": [90.0, -0.00032362047932110727, -175.0], ""angles"": [0, 49152, 0], ""params"": [1.0, 1.0, 1.0, 0, 0, 0], ""unused_pointer"": 0}"
extermination-ep2/q173-bb-e,8,245,"{""base_type"": 520, ""set_flags"": 0, ""runtime_index"": 0, ""file_offset"": 29424, ""floor_field"": 0, ""entity_id_field"": 0, ""group"": 0, ""room"": 8, ""unknown_a3"": 0, ""position"": [-124.0, 0.0, -145.0], ""angles"": [0, 0, 0], ""params"": [1.0, 1.0, 1.0, 0, 0, 0], ""unused_pointer"": 0}"
extermination-ep2/q173-bb-e,8,246,"{""base_type"": 520, ""set_flags"": 0, ""runtime_index"": 0, ""file_offset"": 29492, ""floor_field"": 0, ""entity_id_field"": 0, ""group"": 0, ""room"": 8, ""unknown_a3"": 0, ""position"": [-124.0, 0.0, -145.0], ""angles"": [0, 49152, 0], ""params"": [1.0, 1.0, 1.0, 0, 0, 0], ""unused_pointer"": 0}"
extermination-ep2/q173-bb-e,8,247,"{""base_type"": 520, ""set_flags"": 0, ""runtime_index"": 0, ""file_offset"": 29560, ""floor_field"": 0, ""entity_id_field"": 0, ""group"": 0, ""room"": 8, ""unknown_a3"": 0, ""position"": [-2.4000000953674316, 17.100000381469727, -22.0], ""angles"": [0, 0, 0], ""params"": [1.0, 1.0, 1.0, 0, 0, 0], ""unused_pointer"": 0}"
extermination-ep2/q173-bb-e,8,248,"{""base_type"": 520, ""set_flags"": 0, ""runtime_index"": 0, ""file_offset"": 29628, ""floor_field"": 0, ""entity_id_field"": 0, ""group"": 0, ""room"": 8, ""unknown_a3"": 0, ""position"": [-2.4000000953674316, 17.100000381469727, -22.0], ""angles"": [0, 49152, 0], ""params"": [1.0, 1.0, 1.0, 0, 0, 0], ""unused_pointer"": 0}"
extermination-ep2/q173-bb-e,8,249,"{""base_type"": 520, ""set_flags"": 0, ""runtime_index"": 0, ""file_offset"": 29696, ""floor_field"": 0, ""entity_id_field"": 0, ""group"": 0, ""room"": 8, ""unknown_a3"": 0, ""position"": [125.0, 24.899999618530273, 20.0], ""angles"": [0, 49152, 0], ""params"": [1.0, 1.0, 1.0, 0, 0, 0], ""unused_pointer"": 0}"
extermination-ep2/q173-bb-e,8,250,"{""base_type"": 520, ""set_flags"": 0, ""runtime_index"": 0, ""file_offset"": 29764, ""floor_field"": 0, ""entity_id_field"": 0, ""group"": 0, ""room"": 8, ""unknown_a3"": 0, ""position"": [65.0, 30.700000762939453, 100.0], ""angles"": [0, 49152, 0], ""params"": [1.0, 1.0, 1.0, 0, 0, 0], ""unused_pointer"": 0}"
extermination-ep2/q173-bb-e,8,251,"{""base_type"": 520, ""set_flags"": 0, ""runtime_index"": 0, ""file_offset"": 29832, ""floor_field"": 0, ""entity_id_field"": 0, ""group"": 0, ""room"": 8, ""unknown_a3"": 0, ""position"": [160.0, 42.29999923706055, 155.0], ""angles"": [0, 49152, 0], ""params"": [1.0, 1.0, 1.0, 0, 0, 0], ""unused_pointer"": 0}"
extermination-ep2/q173-bb-e,8,252,"{""base_type"": 520, ""set_flags"": 0, ""runtime_index"": 0, ""file_offset"": 29900, ""floor_field"": 0, ""entity_id_field"": 0, ""group"": 0, ""room"": 8, ""unknown_a3"": 0, ""position"": [-103.0, 32.599998474121094, 110.0], ""angles"": [0, 49152, 0], ""params"": [1.0, 1.0, 1.0, 0, 0, 0], ""unused_pointer"": 0}"
extermination-ep2/q173-bb-e,8,253,"{""base_type"": 520, ""set_flags"": 0, ""runtime_index"": 0, ""file_offset"": 29968, ""floor_field"": 0, ""entity_id_field"": 0, ""group"": 0, ""room"": 8, ""unknown_a3"": 0, ""position"": [-82.0, 24.999603271484375, 25.0], ""angles"": [0, 49152, 0], ""params"": [1.0, 1.0, 1.0, 0, 0, 0], ""unused_pointer"": 0}"
extermination-ep2/q173-bb-e,8,254,"{""base_type"": 520, ""set_flags"": 0, ""runtime_index"": 0, ""file_offset"": 30036, ""floor_field"": 0, ""entity_id_field"": 0, ""group"": 0, ""room"": 8, ""unknown_a3"": 0, ""position"": [35.0, 44.99954605102539, 185.0], ""angles"": [0, 49152, 0], ""params"": [1.0, 1.0, 1.0, 0, 0, 0], ""unused_pointer"": 0}"
extermination-ep2/q173-bb-e,8,255,"{""base_type"": 520, ""set_flags"": 0, ""runtime_index"": 0, ""file_offset"": 30104, ""floor_field"": 0, ""entity_id_field"": 0, ""group"": 0, ""room"": 8, ""unknown_a3"": 0, ""position"": [-102.0, 45.0, 202.0], ""angles"": [0, 49152, 0], ""params"": [1.0, 1.0, 1.0, 0, 0, 0], ""unused_pointer"": 0}"
extermination-ep2/q173-bb-e,8,256,"{""base_type"": 520, ""set_flags"": 0, ""runtime_index"": 0, ""file_offset"": 30172, ""floor_field"": 0, ""entity_id_field"": 0, ""group"": 0, ""room"": 8, ""unknown_a3"": 0, ""position"": [125.0, 25.0, 20.0], ""angles"": [0, 0, 0], ""params"": [1.0, 1.0, 1.0, 0, 0, 0], ""unused_pointer"": 0}"
extermination-ep2/q173-bb-e,8,257,"{""base_type"": 520, ""set_flags"": 0, ""runtime_index"": 0, ""file_offset"": 30240, ""floor_field"": 0, ""entity_id_field"": 0, ""group"": 0, ""room"": 8, ""unknown_a3"": 0, ""position"": [160.0, 43.20000076293945, 155.0], ""angles"": [0, 0, 0], ""params"": [1.0, 1.0, 1.0, 0, 0, 0], ""unused_pointer"": 0}"
extermination-ep2/q173-bb-e,8,258,"{""base_type"": 520, ""set_flags"": 0, ""runtime_index"": 0, ""file_offset"": 30308, ""floor_field"": 0, ""entity_id_field"": 0, ""group"": 0, ""room"": 8, ""unknown_a3"": 0, ""position"": [65.0, 33.599998474121094, 100.0], ""angles"": [0, 0, 0], ""params"": [1.0, 1.0, 1.0, 0, 0, 0], ""unused_pointer"": 0}"
extermination-ep2/q173-bb-e,8,259,"{""base_type"": 520, ""set_flags"": 0, ""runtime_index"": 0, ""file_offset"": 30376, ""floor_field"": 0, ""entity_id_field"": 0, ""group"": 0, ""room"": 8, ""unknown_a3"": 0, ""position"": [35.0, 43.70000076293945, 185.0], ""angles"": [0, 0, 0], ""params"": [1.0, 1.0, 1.0, 0, 0, 0], ""unused_pointer"": 0}"
extermination-ep2/q173-bb-e,8,260,"{""base_type"": 520, ""set_flags"": 0, ""runtime_index"": 0, ""file_offset"": 30444, ""floor_field"": 0, ""entity_id_field"": 0, ""group"": 0, ""room"": 8, ""unknown_a3"": 0, ""position"": [-82.0, 24.999603271484375, 25.0], ""angles"": [0, 0, 0], ""params"": [1.0, 1.0, 1.0, 0, 0, 0], ""unused_pointer"": 0}"
extermination-ep2/q173-bb-e,8,261,"{""base_type"": 520, ""set_flags"": 0, ""runtime_index"": 0, ""file_offset"": 30512, ""floor_field"": 0, ""entity_id_field"": 0, ""group"": 0, ""room"": 8, ""unknown_a3"": 0, ""position"": [-103.0, 32.099998474121094, 110.0], ""angles"": [0, 0, 0], ""params"": [1.0, 1.0, 1.0, 0, 0, 0], ""unused_pointer"": 0}"
extermination-ep2/q173-bb-e,8,262,"{""base_type"": 520, ""set_flags"": 0, ""runtime_index"": 0, ""file_offset"": 30580, ""floor_field"": 0, ""entity_id_field"": 0, ""group"": 0, ""room"": 8, ""unknown_a3"": 0, ""position"": [-102.0, 44.99953842163086, 202.0], ""angles"": [0, 32768, 0], ""params"": [1.0, 1.0, 1.0, 0, 0, 0], ""unused_pointer"": 0}"
extermination-ep2/q173-bb-e,8,276,"{""base_type"": 520, ""set_flags"": 0, ""runtime_index"": 0, ""file_offset"": 31532, ""floor_field"": 0, ""entity_id_field"": 0, ""group"": 0, ""room"": 5, ""unknown_a3"": 0, ""position"": [151.70790100097656, 96.30000305175781, -105.01932525634766], ""angles"": [0, 49152, 0], ""params"": [1.0, 1.0, 1.0, 0, 0, 0], ""unused_pointer"": 0}"
extermination-ep2/q173-bb-e,8,277,"{""base_type"": 520, ""set_flags"": 0, ""runtime_index"": 0, ""file_offset"": 31600, ""floor_field"": 0, ""entity_id_field"": 0, ""group"": 0, ""room"": 5, ""unknown_a3"": 0, ""position"": [151.5050048828125, 96.33560180664062, -146.255126953125], ""angles"": [0, 49152, 0], ""params"": [1.0, 1.0, 1.0, 0, 0, 0], ""unused_pointer"": 0}"
extermination-ep2/q173-bb-e,8,278,"{""base_type"": 520, ""set_flags"": 0, ""runtime_index"": 0, ""file_offset"": 31668, ""floor_field"": 0, ""entity_id_field"": 0, ""group"": 0, ""room"": 5, ""unknown_a3"": 0, ""position"": [152.730224609375, 96.63286590576172, -193.11273193359375], ""angles"": [0, 49152, 0], ""params"": [1.0, 1.0, 1.0, 0, 0, 0], ""unused_pointer"": 0}"
extermination-ep2/q173-bb-e,8,283,"{""base_type"": 520, ""set_flags"": 0, ""runtime_index"": 0, ""file_offset"": 32008, ""floor_field"": 0, ""entity_id_field"": 0, ""group"": 0, ""room"": 4, ""unknown_a3"": 0, ""position"": [-42.0, -0.00010598563676467165, -120.0], ""angles"": [0, 16384, 0], ""params"": [1.0, 1.0, 1.0, 0, 0, 0], ""unused_pointer"": 0}"
extermination-ep2/q173-bb-e,8,284,"{""base_type"": 520, ""set_flags"": 0, ""runtime_index"": 0, ""file_offset"": 32076, ""floor_field"": 0, ""entity_id_field"": 0, ""group"": 0, ""room"": 4, ""unknown_a3"": 0, ""position"": [-42.0, 0.0, -120.0], ""angles"": [0, 0, 0], ""params"": [1.0, 1.0, 1.0, 0, 0, 0], ""unused_pointer"": 0}"
extermination-ep2/q173-bb-e,9,50,"{""base_type"": 520, ""set_flags"": 0, ""runtime_index"": 12038, ""file_offset"": 37600, ""floor_field"": 9, ""entity_id_field"": 29256, ""group"": 0, ""room"": 13, ""unknown_a3"": 0, ""position"": [90.0, 10.0, -40.0], ""angles"": [0, 16384, 0], ""params"": [1.0, 1.0, 1.0, 2, 0, 0], ""unused_pointer"": 2428760192}"
extermination-ep2/q173-bb-e,9,179,"{""base_type"": 520, ""set_flags"": 0, ""runtime_index"": 0, ""file_offset"": 46372, ""floor_field"": 0, ""entity_id_field"": 0, ""group"": 0, ""room"": 13, ""unknown_a3"": 0, ""position"": [53.486083984375, 10.0, -83.53642272949219], ""angles"": [0, 0, 0], ""params"": [1.0, 1.0, 1.0, 0, 0, 0], ""unused_pointer"": 0}"
extermination-ep2/q173-bb-e,9,180,"{""base_type"": 520, ""set_flags"": 0, ""runtime_index"": 0, ""file_offset"": 46440, ""floor_field"": 0, ""entity_id_field"": 0, ""group"": 0, ""room"": 13, ""unknown_a3"": 0, ""position"": [30.725341796875, 10.0, -85.0670166015625], ""angles"": [0, 0, 0], ""params"": [1.0, 1.0, 1.0, 0, 0, 0], ""unused_pointer"": 0}"
extermination-ep2/q173-bb-e,9,197,"{""base_type"": 520, ""set_flags"": 0, ""runtime_index"": 0, ""file_offset"": 47596, ""floor_field"": 0, ""entity_id_field"": 0, ""group"": 0, ""room"": 9, ""unknown_a3"": 0, ""position"": [-107.635009765625, 10.0, -149.49789428710938], ""angles"": [0, 0, 0], ""params"": [1.0, 1.0, 1.0, 0, 0, 0], ""unused_pointer"": 0}"
extermination-ep2/q173-bb-e,9,198,"{""base_type"": 520, ""set_flags"": 0, ""runtime_index"": 0, ""file_offset"": 47664, ""floor_field"": 0, ""entity_id_field"": 0, ""group"": 0, ""room"": 9, ""unknown_a3"": 0, ""position"": [-189.821533203125, 10.0, 72.82403564453125], ""angles"": [0, 13800, 0], ""params"": [1.0, 1.0, 1.0, 0, 0, 0], ""unused_pointer"": 0}"
extermination-ep2/q173-bb-e,9,228,"{""base_type"": 520, ""set_flags"": 0, ""runtime_index"": 0, ""file_offset"": 49704, ""floor_field"": 0, ""entity_id_field"": 0, ""group"": 0, ""room"": 11, ""unknown_a3"": 0, ""position"": [-56.72705078125, 10.0, 196.08975219726562], ""angles"": [0, 0, 0], ""params"": [1.0, 1.0, 1.0, 0, 0, 0], ""unused_pointer"": 0}"
extermination-ep2/q173-bb-e,9,229,"{""base_type"": 520, ""set_flags"": 0, ""runtime_index"": 0, ""file_offset"": 49772, ""floor_field"": 0, ""entity_id_field"": 0, ""group"": 0, ""room"": 11, ""unknown_a3"": 0, ""position"": [119.8294677734375, 10.0, -129.97735595703125], ""angles"": [0, -15600, 0], ""params"": [1.0, 1.0, 1.0, 0, 0, 0], ""unused_pointer"": 0}"
extermination-ep2/q173-bb-e,9,274,"{""base_type"": 520, ""set_flags"": 0, ""runtime_index"": 0, ""file_offset"": 52832, ""floor_field"": 0, ""entity_id_field"": 0, ""group"": 0, ""room"": 7, ""unknown_a3"": 0, ""position"": [237.81982421875, -5.591014862060547, 213.29278564453125], ""angles"": [0, -11600, 0], ""params"": [1.0, 1.0, 1.0, 0, 0, 0], ""unused_pointer"": 0}"
extermination-ep2/q173-bb-e,9,275,"{""base_type"": 520, ""set_flags"": 0, ""runtime_index"": 0, ""file_offset"": 52900, ""floor_field"": 0, ""entity_id_field"": 0, ""group"": 0, ""room"": 7, ""unknown_a3"": 0, ""position"": [297.8890380859375, -5.538794994354248, 290.7724304199219], ""angles"": [0, -5800, 0], ""params"": [1.0, 1.0, 1.0, 0, 0, 0], ""unused_pointer"": 0}"
extermination-ep2/q174-bb-e,5,13,"{""base_type"": 520, ""set_flags"": 0, ""runtime_index"": 0, ""file_offset"": 4520, ""floor_field"": 0, ""entity_id_field"": 0, ""group"": 0, ""room"": 8, ""unknown_a3"": 0, ""position"": [90.0, 0.0, 25.0], ""angles"": [0, 16384, 0], ""params"": [1.0, 1.0, 1.0, 0, 0, 0], ""unused_pointer"": 0}"
extermination-ep2/q174-bb-e,5,89,"{""base_type"": 520, ""set_flags"": 0, ""runtime_index"": 0, ""file_offset"": 9688, ""floor_field"": 0, ""entity_id_field"": 0, ""group"": 2, ""room"": 5, ""unknown_a3"": 0, ""position"": [-160.0, 50.0, 0.0], ""angles"": [0, 0, 0], ""params"": [1.0, 1.0, 1.0, 0, 0, 0], ""unused_pointer"": 0}"
extermination-ep2/q174-bb-e,5,90,"{""base_type"": 520, ""set_flags"": 0, ""runtime_index"": 0, ""file_offset"": 9756, ""floor_field"": 0, ""entity_id_field"": 0, ""group"": 2, ""room"": 5, ""unknown_a3"": 0, ""position"": [-120.0, 50.0, 0.0], ""angles"": [0, 0, 0], ""params"": [1.0, 1.0, 1.0, 0, 0, 0], ""unused_pointer"": 0}"
extermination-ep2/q174-bb-e,5,91,"{""base_type"": 520, ""set_flags"": 0, ""runtime_index"": 0, ""file_offset"": 9824, ""floor_field"": 0, ""entity_id_field"": 0, ""group"": 2, ""room"": 5, ""unknown_a3"": 0, ""position"": [-80.0, 50.0, 0.0], ""angles"": [0, 0, 0], ""params"": [1.0, 1.0, 1.0, 0, 0, 0], ""unused_pointer"": 0}"
extermination-ep2/q174-bb-e,5,92,"{""base_type"": 520, ""set_flags"": 0, ""runtime_index"": 0, ""file_offset"": 9892, ""floor_field"": 0, ""entity_id_field"": 0, ""group"": 2, ""room"": 5, ""unknown_a3"": 0, ""position"": [-40.0, 49.999996185302734, 0.0], ""angles"": [0, 0, 0], ""params"": [1.0, 1.0, 1.0, 0, 0, 0], ""unused_pointer"": 0}"
extermination-ep2/q174-bb-e,5,93,"{""base_type"": 520, ""set_flags"": 0, ""runtime_index"": 0, ""file_offset"": 9960, ""floor_field"": 0, ""entity_id_field"": 0, ""group"": 2, ""room"": 5, ""unknown_a3"": 0, ""position"": [80.0, 50.0, 0.0], ""angles"": [0, 0, 0], ""params"": [1.0, 1.0, 1.0, 0, 0, 0], ""unused_pointer"": 0}"
extermination-ep2/q174-bb-e,5,94,"{""base_type"": 520, ""set_flags"": 0, ""runtime_index"": 0, ""file_offset"": 10028, ""floor_field"": 0, ""entity_id_field"": 0, ""group"": 2, ""room"": 5, ""unknown_a3"": 0, ""position"": [120.0, 50.000003814697266, 0.0], ""angles"": [0, 0, 0], ""params"": [1.0, 1.0, 1.0, 0, 0, 0], ""unused_pointer"": 0}"
extermination-ep2/q174-bb-e,5,95,"{""base_type"": 520, ""set_flags"": 0, ""runtime_index"": 0, ""file_offset"": 10096, ""floor_field"": 0, ""entity_id_field"": 0, ""group"": 2, ""room"": 5, ""unknown_a3"": 0, ""position"": [160.0, 50.000003814697266, 0.0], ""angles"": [0, 0, 0], ""params"": [1.0, 1.0, 1.0, 0, 0, 0], ""unused_pointer"": 0}"
extermination-ep2/q233-bb-e,6,16,"{""base_type"": 520, ""set_flags"": 0, ""runtime_index"": 2113, ""file_offset"": 4112, ""floor_field"": 6, ""entity_id_field"": 18556, ""group"": 0, ""room"": 3, ""unknown_a3"": 0, ""position"": [-6.5284423828125, 0.0, -132.37786865234375], ""angles"": [0, 16384, 0], ""params"": [1.0, 1.0, 1.0, 0, 0, 0], ""unused_pointer"": 71215264}"
extermination-ep2/q233-bb-e,6,17,"{""base_type"": 520, ""set_flags"": 0, ""runtime_index"": 2114, ""file_offset"": 4180, ""floor_field"": 6, ""entity_id_field"": 18557, ""group"": 0, ""room"": 3, ""unknown_a3"": 0, ""position"": [-3.77410888671875, 0.0, -122.72940063476562], ""angles"": [0, 57344, 0], ""params"": [1.0, 1.0, 1.0, 0, 0, 0], ""unused_pointer"": 71216032}"
extermination-ep2/q233-bb-e,6,26,"{""base_type"": 520, ""set_flags"": 0, ""runtime_index"": 2107, ""file_offset"": 4792, ""floor_field"": 6, ""entity_id_field"": 18567, ""group"": 0, ""room"": 3, ""unknown_a3"": 0, ""position"": [207.78561401367188, 0.0, -139.658935546875], ""angles"": [0, 12288, 0], ""params"": [1.0, 1.0, 1.0, 0, 0, 0], ""unused_pointer"": 71219696}"
extermination-ep2/q233-bb-e,6,32,"{""base_type"": 520, ""set_flags"": 0, ""runtime_index"": 2089, ""file_offset"": 5200, ""floor_field"": 6, ""entity_id_field"": 18653, ""group"": 0, ""room"": 4, ""unknown_a3"": 0, ""position"": [196.71511840820312, 10.946078300476074, 60.5303955078125], ""angles"": [0, 0, 0], ""params"": [1.0, 1.0, 1.0, 0, 0, 0], ""unused_pointer"": 71334288}"
extermination-ep2/q233-bb-e,6,33,"{""base_type"": 520, ""set_flags"": 0, ""runtime_index"": 2090, ""file_offset"": 5268, ""floor_field"": 6, ""entity_id_field"": 18654, ""group"": 0, ""room"": 4, ""unknown_a3"": 0, ""position"": [187.512451171875, 10.946078300476074, 71.41696166992188], ""angles"": [0, 40960, 0], ""params"": [1.0, 1.0, 1.0, 0, 0, 0], ""unused_pointer"": 71334528}"
extermination-ep2/q233-bb-e,6,43,"{""base_type"": 520, ""set_flags"": 0, ""runtime_index"": 2083, ""file_offset"": 5948, ""floor_field"": 6, ""entity_id_field"": 19379, ""group"": 0, ""room"": 10, ""unknown_a3"": 0, ""position"": [127.26642608642578, -12.846731185913086, -40.0561637878418], ""angles"": [0, 12288, 0], ""params"": [1.0, 1.0, 1.0, 0, 0, 0], ""unused_pointer"": 71230544}"
extermination-ep2/q233-bb-e,6,44,"{""base_type"": 520, ""set_flags"": 0, ""runtime_index"": 2084, ""file_offset"": 6016, ""floor_field"": 6, ""entity_id_field"": 19380, ""group"": 0, ""room"": 10, ""unknown_a3"": 0, ""position"": [119.44939422607422, -9.95923137664795, -89.86516571044922], ""angles"": [0, 20480, 0], ""params"": [1.0, 1.0, 1.0, 0, 0, 0], ""unused_pointer"": 71230784}"
extermination-ep2/q233-bb-e,6,45,"{""base_type"": 520, ""set_flags"": 0, ""runtime_index"": 2085, ""file_offset"": 6084, ""floor_field"": 6, ""entity_id_field"": 19381, ""group"": 0, ""room"": 10, ""unknown_a3"": 0, ""position"": [129.34573364257812, -5.346678733825684, -69.14173889160156], ""angles"": [0, 53248, 0], ""params"": [1.0, 1.0, 1.0, 0, 0, 0], ""unused_pointer"": 71231024}"
extermination-ep2/q233-bb-e,6,66,"{""base_type"": 520, ""set_flags"": 0, ""runtime_index"": 2124, ""file_offset"": 7512, ""floor_field"": 6, ""entity_id_field"": 19133, ""group"": 0, ""room"": 11, ""unknown_a3"": 0, ""position"": [-50.80645751953125, 9.995000839233398, -365.1325988769531], ""angles"": [0, -4096, 0], ""params"": [1.0, 1.0, 1.0, 0, 0, 0], ""unused_pointer"": 71385456}"
extermination-ep2/q233-bb-e,6,67,"{""base_type"": 520, ""set_flags"": 0, ""runtime_index"": 2125, ""file_offset"": 7580, ""floor_field"": 6, ""entity_id_field"": 19134, ""group"": 0, ""room"": 11, ""unknown_a3"": 0, ""position"": [-39.877044677734375, 5.832502365112305, -333.2143859863281], ""angles"": [0, 16384, 0], ""params"": [1.0, 1.0, 1.0, 0, 0, 0], ""unused_pointer"": 71386320}"
extermination-ep2/q233-bb-e,9,6,"{""base_type"": 520, ""set_flags"": 0, ""runtime_index"": 2097, ""file_offset"": 12016, ""floor_field"": 9, ""entity_id_field"": 18505, ""group"": 0, ""room"": 3, ""unknown_a3"": 0, ""position"": [-666.7815551757812, 2.237499713897705, -358.8675231933594], ""angles"": [0, 8192, 0], ""params"": [1.0, 1.0, 1.0, 0, 0, 0], ""unused_pointer"": 72653408}"
extermination-ep2/q233-bb-e,9,7,"{""base_type"": 520, ""set_flags"": 0, ""runtime_index"": 2090, ""file_offset"": 12084, ""floor_field"": 9, ""entity_id_field"": 18506, ""group"": 0, ""room"": 3, ""unknown_a3"": 0, ""position"": [-738.0591430664062, -1.0, -301.0648193359375], ""angles"": [0, 4096, 0], ""params"": [1.0, 1.0, 1.0, 0, 0, 0], ""unused_pointer"": 72654272}"
extermination-ep2/q233-bb-e,9,13,"{""base_type"": 520, ""set_flags"": 512, ""runtime_index"": 27397, ""file_offset"": 12492, ""floor_field"": 9, ""entity_id_field"": 18512, ""group"": 0, ""room"": 3, ""unknown_a3"": 0, ""position"": [-620.0, -5.599999904632568, 100.0], ""angles"": [0, 20480, 0], ""params"": [1.0, 1.0, 1.0, 0, 0, 0], ""unused_pointer"": 72659136}"
extermination-ep2/q233-bb-e,9,14,"{""base_type"": 520, ""set_flags"": 0, ""runtime_index"": 2101, ""file_offset"": 12560, ""floor_field"": 9, ""entity_id_field"": 18513, ""group"": 0, ""room"": 3, ""unknown_a3"": 0, ""position"": [-713.2914428710938, 4.369999885559082, -322.1700134277344], ""angles"": [0, 40960, 0], ""params"": [1.0, 1.0, 1.0, 0, 0, 0], ""unused_pointer"": 72660000}"
extermination-ep2/q233-bb-e,9,57,"{""base_type"": 520, ""set_flags"": 0, ""runtime_index"": 2113, ""file_offset"": 15484, ""floor_field"": 9, ""entity_id_field"": 18489, ""group"": 0, ""room"": 6, ""unknown_a3"": 0, ""position"": [-46.16192626953125, -2.0, 90.55000305175781], ""angles"": [0, 30208, 0], ""params"": [1.0, 1.0, 1.0, 0, 0, 0], ""unused_pointer"": 70890512}"
extermination-ep2/q233-bb-e,9,58,"{""base_type"": 520, ""set_flags"": 0, ""runtime_index"": 2116, ""file_offset"": 15552, ""floor_field"": 9, ""entity_id_field"": 18490, ""group"": 0, ""room"": 6, ""unknown_a3"": 0, ""position"": [-81.8599853515625, 1.0, 291.8299865722656], ""angles"": [0, 24576, 0], ""params"": [1.0, 1.0, 1.0, 0, 0, 0], ""unused_pointer"": 70891376}"
extermination-ep2/q233-bb-e,9,92,"{""base_type"": 520, ""set_flags"": 0, ""runtime_index"": 2095, ""file_offset"": 17864, ""floor_field"": 9, ""entity_id_field"": 18918, ""group"": 0, ""room"": 7, ""unknown_a3"": 0, ""position"": [96.7625732421875, -13.890483856201172, 94.29647827148438], ""angles"": [0, 4096, 0], ""params"": [1.0, 1.0, 1.0, 0, 0, 0], ""unused_pointer"": 206378416}"
extermination-ep2/q233-bb-e,9,93,"{""base_type"": 520, ""set_flags"": 0, ""runtime_index"": 2085, ""file_offset"": 17932, ""floor_field"": 9, ""entity_id_field"": 18919, ""group"": 0, ""room"": 7, ""unknown_a3"": 0, ""position"": [66.212646484375, -21.203746795654297, 95.44512939453125], ""angles"": [0, -4096, 0], ""params"": [1.0, 1.0, 1.0, 0, 0, 0], ""unused_pointer"": 206379280}"
extermination-ep2/q233-bb-e,9,94,"{""base_type"": 520, ""set_flags"": 0, ""runtime_index"": 2118, ""file_offset"": 18000, ""floor_field"": 9, ""entity_id_field"": 18920, ""group"": 0, ""room"": 7, ""unknown_a3"": 0, ""position"": [59.509765625, -1.5899999141693115, -12.741363525390625], ""angles"": [0, 4096, 0], ""params"": [1.0, 1.0, 1.0, 0, 0, 0], ""unused_pointer"": 206380144}"
extermination-ep2/q233-bb-e,9,96,"{""base_type"": 520, ""set_flags"": 0, ""runtime_index"": 2095, ""file_offset"": 18136, ""floor_field"": 9, ""entity_id_field"": 18922, ""group"": 0, ""room"": 7, ""unknown_a3"": 0, ""position"": [41.2840576171875, -10.74625015258789, 11.070541381835938], ""angles"": [0, 45056, 0], ""params"": [1.0, 1.0, 1.0, 0, 0, 0], ""unused_pointer"": 206381216}"
extermination-ep2/q233-bb-e,9,99,"{""base_type"": 520, ""set_flags"": 0, ""runtime_index"": 2108, ""file_offset"": 18340, ""floor_field"": 9, ""entity_id_field"": 18925, ""group"": 0, ""room"": 7, ""unknown_a3"": 0, ""position"": [2.0968017578125, -11.281245231628418, 183.13662719726562], ""angles"": [0, 8192, 0], ""params"": [1.0, 1.0, 1.0, 0, 0, 0], ""unused_pointer"": 206383152}"
extermination-ep2/q233-bb-e,9,102,"{""base_type"": 520, ""set_flags"": 0, ""runtime_index"": 2107, ""file_offset"": 18544, ""floor_field"": 9, ""entity_id_field"": 18928, ""group"": 0, ""room"": 7, ""unknown_a3"": 0, ""position"": [40.4735107421875, -23.13451385498047, 162.84524536132812], ""angles"": [0, 32768, 0], ""params"": [1.0, 1.0, 1.0, 0, 0, 0], ""unused_pointer"": 206385088}"
extermination-ep2/q233-bb-e,9,114,"{""base_type"": 520, ""set_flags"": 0, ""runtime_index"": 2119, ""file_offset"": 19360, ""floor_field"": 9, ""entity_id_field"": 18940, ""group"": 0, ""room"": 7, ""unknown_a3"": 0, ""position"": [61.8089599609375, -4.398750305175781, -45.70579528808594], ""angles"": [0, 16384, 0], ""params"": [1.0, 1.0, 1.0, 0, 0, 0], ""unused_pointer"": 206388464}"
extermination-ep2/q233-bb-e,9,115,"{""base_type"": 520, ""set_flags"": 0, ""runtime_index"": 2120, ""file_offset"": 19428, ""floor_field"": 9, ""entity_id_field"": 18941, ""group"": 0, ""room"": 7, ""unknown_a3"": 0, ""position"": [48.914794921875, -8.117856979370117, -32.79832458496094], ""angles"": [0, 49152, 0], ""params"": [1.0, 1.0, 1.0, 0, 0, 0], ""unused_pointer"": 206389328}"
extermination-ep2/q233-bb-e,9,116,"{""base_type"": 520, ""set_flags"": 0, ""runtime_index"": 2121, ""file_offset"": 19496, ""floor_field"": 9, ""entity_id_field"": 18942, ""group"": 0, ""room"": 7, ""unknown_a3"": 0, ""position"": [34.392822265625, -1.6643180847167969, -50.29808044433594], ""angles"": [0, 65536, 0], ""params"": [1.0, 1.0, 1.0, 0, 0, 0], ""unused_pointer"": 206390192}"
extermination-ep2/q233-bb-e,9,117,"{""base_type"": 520, ""set_flags"": 0, ""runtime_index"": 2087, ""file_offset"": 19564, ""floor_field"": 9, ""entity_id_field"": 18943, ""group"": 0, ""room"": 7, ""unknown_a3"": 0, ""position"": [-4.4150390625, -9.72890853881836, -49.0], ""angles"": [0, 69632, 0], ""params"": [1.0, 1.0, 1.0, 0, 0, 0], ""unused_pointer"": 206391056}"
extermination-ep2/q233-bb-e,9,118,"{""base_type"": 520, ""set_flags"": 0, ""runtime_index"": 2124, ""file_offset"": 19632, ""floor_field"": 9, ""entity_id_field"": 18944, ""group"": 0, ""room"": 7, ""unknown_a3"": 0, ""position"": [-22.0355224609375, -13.723748207092285, -33.95880126953125], ""angles"": [0, 98304, 0], ""params"": [1.0, 1.0, 1.0, 0, 0, 0], ""unused_pointer"": 206391920}"
extermination-ep2/q233-bb-e,9,119,"{""base_type"": 520, ""set_flags"": 0, ""runtime_index"": 2125, ""file_offset"": 19700, ""floor_field"": 9, ""entity_id_field"": 18945, ""group"": 0, ""room"": 7, ""unknown_a3"": 0, ""position"": [-6.0013427734375, -8.967381477355957, -34.72328186035156], ""angles"": [0, 135168, 0], ""params"": [1.0, 1.0, 1.0, 0, 0, 0], ""unused_pointer"": 206392784}"
extermination-ep2/q233-bb-e,9,120,"{""base_type"": 520, ""set_flags"": 0, ""runtime_index"": 2126, ""file_offset"": 19768, ""floor_field"": 9, ""entity_id_field"": 18946, ""group"": 0, ""room"": 7, ""unknown_a3"": 0, ""position"": [0.0633544921875, -9.41738224029541, -22.950332641601562], ""angles"": [0, 102400, 0], ""params"": [1.0, 1.0, 1.0, 0, 0, 0], ""unused_pointer"": 206393648}"
extermination-ep2/q233-bb-e,9,121,"{""base_type"": 520, ""set_flags"": 0, ""runtime_index"": 2127, ""file_offset"": 19836, ""floor_field"": 9, ""entity_id_field"": 18947, ""group"": 0, ""room"": 7, ""unknown_a3"": 0, ""position"": [33.9940185546875, -9.023632049560547, -22.236251831054688], ""angles"": [0, 143360, 0], ""params"": [1.0, 1.0, 1.0, 0, 0, 0], ""unused_pointer"": 206394512}"
extermination-ep2/q233-bb-e,9,122,"{""base_type"": 520, ""set_flags"": 0, ""runtime_index"": 2128, ""file_offset"": 19904, ""floor_field"": 9, ""entity_id_field"": 18948, ""group"": 0, ""room"": 7, ""unknown_a3"": 0, ""position"": [14.157958984375, -0.7267031669616699, -18.022964477539062], ""angles"": [0, 8192, 0], ""params"": [1.0, 1.0, 1.0, 0, 0, 0], ""unused_pointer"": 206395376}"
extermination-ep2/q233-bb-e,9,123,"{""base_type"": 520, ""set_flags"": 0, ""runtime_index"": 2131, ""file_offset"": 19972, ""floor_field"": 9, ""entity_id_field"": 18949, ""group"": 0, ""room"": 7, ""unknown_a3"": 0, ""position"": [12.8646240234375, -1.9808235168457031, -36.376861572265625], ""angles"": [0, 4096, 0], ""params"": [1.0, 1.0, 1.0, 0, 0, 0], ""unused_pointer"": 206396240}"
extermination-ep2/q233-bb-e,9,125,"{""base_type"": 520, ""set_flags"": 0, ""runtime_index"": 2132, ""file_offset"": 20108, ""floor_field"": 9, ""entity_id_field"": 18951, ""group"": 0, ""room"": 7, ""unknown_a3"": 0, ""position"": [14.4990234375, 7.793201923370361, -22.11566162109375], ""angles"": [0, 35328, 0], ""params"": [1.0, 1.0, 1.0, 0, 0, 0], ""unused_pointer"": 206397680}"
extermination-ep2/q233-bb-e,9,133,"{""base_type"": 520, ""set_flags"": 0, ""runtime_index"": 2085, ""file_offset"": 20652, ""floor_field"": 9, ""entity_id_field"": 18959, ""group"": 0, ""room"": 7, ""unknown_a3"": 0, ""position"": [47.8638916015625, -2.665133476257324, -12.94342041015625], ""angles"": [0, 36864, 0], ""params"": [1.0, 1.0, 1.0, 0, 0, 0], ""unused_pointer"": 206399664}"
extermination-ep2/q233-bb-e,9,134,"{""base_type"": 520, ""set_flags"": 0, ""runtime_index"": 2086, ""file_offset"": 20720, ""floor_field"": 9, ""entity_id_field"": 18960, ""group"": 0, ""room"": 7, ""unknown_a3"": 0, ""position"": [40.4720458984375, -1.0766679048538208, -33.650726318359375], ""angles"": [0, 53248, 0], ""params"": [1.0, 1.0, 1.0, 0, 0, 0], ""unused_pointer"": 206399904}"
extermination-ep2/q233-bb-e,9,136,"{""base_type"": 520, ""set_flags"": 0, ""runtime_index"": 2089, ""file_offset"": 20856, ""floor_field"": 9, ""entity_id_field"": 18962, ""group"": 0, ""room"": 7, ""unknown_a3"": 0, ""position"": [120.156982421875, -17.065481185913086, 86.87957763671875], ""angles"": [0, 36864, 0], ""params"": [1.0, 1.0, 1.0, 0, 0, 0], ""unused_pointer"": 206402560}"
extermination-ep2/q233-bb-e,9,138,"{""base_type"": 520, ""set_flags"": 0, ""runtime_index"": 2085, ""file_offset"": 20992, ""floor_field"": 9, ""entity_id_field"": 18964, ""group"": 0, ""room"": 7, ""unknown_a3"": 0, ""position"": [324.81024169921875, -5.600000381469727, 330.28546142578125], ""angles"": [0, 12288, 0], ""params"": [1.0, 1.0, 1.0, 0, 0, 0], ""unused_pointer"": 206403632}"
extermination-ep2/q233-bb-e,9,141,"{""base_type"": 520, ""set_flags"": 0, ""runtime_index"": 2059, ""file_offset"": 21196, ""floor_field"": 9, ""entity_id_field"": 19366, ""group"": 0, ""room"": 9, ""unknown_a3"": 0, ""position"": [-144.4517822265625, 10.0, 42.4185791015625], ""angles"": [0, 0, 0], ""params"": [1.0, 1.0, 1.0, 0, 0, 0], ""unused_pointer"": 70924176}"
extermination-ep2/q233-bb-e,9,144,"{""base_type"": 520, ""set_flags"": 0, ""runtime_index"": 2096, ""file_offset"": 21400, ""floor_field"": 9, ""entity_id_field"": 19370, ""group"": 0, ""room"": 9, ""unknown_a3"": 0, ""position"": [87.3609619140625, 0.0, 44.77001953125], ""angles"": [0, 8192, 0], ""params"": [1.0, 1.0, 1.0, 0, 0, 0], ""unused_pointer"": 70950416}"
extermination-ep2/q233-bb-e,9,145,"{""base_type"": 520, ""set_flags"": 0, ""runtime_index"": 2093, ""file_offset"": 21468, ""floor_field"": 9, ""entity_id_field"": 19371, ""group"": 0, ""room"": 9, ""unknown_a3"": 0, ""position"": [63.1494140625, 10.0, 50.294891357421875], ""angles"": [0, 0, 0], ""params"": [1.0, 1.0, 1.0, 0, 0, 0], ""unused_pointer"": 70951280}"
extermination-ep2/q233-bb-e,9,146,"{""base_type"": 520, ""set_flags"": 0, ""runtime_index"": 2082, ""file_offset"": 21536, ""floor_field"": 9, ""entity_id_field"": 19372, ""group"": 0, ""room"": 9, ""unknown_a3"": 0, ""position"": [-66.1658935546875, 10.0, 47.692138671875], ""angles"": [0, 19712, 0], ""params"": [1.0, 1.0, 1.0, 0, 0, 0], ""unused_pointer"": 70952144}"
extermination-ep2/q233-bb-e,9,147,"{""base_type"": 520, ""set_flags"": 0, ""runtime_index"": 2086, ""file_offset"": 21604, ""floor_field"": 9, ""entity_id_field"": 19373, ""group"": 0, ""room"": 9, ""unknown_a3"": 0, ""position"": [-46.5328369140625, 10.0, 39.88299560546875], ""angles"": [0, 36096, 0], ""params"": [1.0, 1.0, 1.0, 0, 0, 0], ""unused_pointer"": 70953008}"
extermination-ep2/q233-bb-e,9,148,"{""base_type"": 520, ""set_flags"": 0, ""runtime_index"": 2090, ""file_offset"": 21672, ""floor_field"": 9, ""entity_id_field"": 19374, ""group"": 0, ""room"": 9, ""unknown_a3"": 0, ""position"": [8.4947509765625, 5.0, 62.1400146484375], ""angles"": [0, 32768, 0], ""params"": [1.0, 1.0, 1.0, 0, 0, 0], ""unused_pointer"": 70953248}"
extermination-ep2/q233-bb-e,9,149,"{""base_type"": 520, ""set_flags"": 0, ""runtime_index"": 2088, ""file_offset"": 21740, ""floor_field"": 9, ""entity_id_field"": 19375, ""group"": 0, ""room"": 9, ""unknown_a3"": 0, ""position"": [-34.5633544921875, 3.0, 38.219879150390625], ""angles"": [0, 28672, 0], ""params"": [1.0, 1.0, 1.0, 0, 0, 0], ""unused_pointer"": 70953488}"
extermination-ep2/q233-bb-e,9,150,"{""base_type"": 520, ""set_flags"": 0, ""runtime_index"": 2087, ""file_offset"": 21808, ""floor_field"": 9, ""entity_id_field"": 19376, ""group"": 0, ""room"": 9, ""unknown_a3"": 0, ""position"": [-85.719970703125, 0.0, 48.880706787109375], ""angles"": [0, 60672, 0], ""params"": [1.0, 1.0, 1.0, 0, 0, 0], ""unused_pointer"": 70955824}"
extermination-ep2/q233-bb-e,9,151,"{""base_type"": 520, ""set_flags"": 0, ""runtime_index"": 2085, ""file_offset"": 21876, ""floor_field"": 9, ""entity_id_field"": 19377, ""group"": 0, ""room"": 9, ""unknown_a3"": 0, ""position"": [-110.546142578125, 0.0, 38.919677734375], ""angles"": [0, 64768, 0], ""params"": [1.0, 1.0, 1.0, 0, 0, 0], ""unused_pointer"": 70956688}"
extermination-ep2/q233-bb-e,9,152,"{""base_type"": 520, ""set_flags"": 0, ""runtime_index"": 2089, ""file_offset"": 21944, ""floor_field"": 9, ""entity_id_field"": 19378, ""group"": 0, ""room"": 9, ""unknown_a3"": 0, ""position"": [-9.15869140625, 9.466540336608887, 46.457275390625], ""angles"": [0, 49152, 0], ""params"": [1.0, 1.0, 1.0, 0, 0, 0], ""unused_pointer"": 70957552}"
extermination-ep2/q233-bb-e,9,153,"{""base_type"": 520, ""set_flags"": 0, ""runtime_index"": 2091, ""file_offset"": 22012, ""floor_field"": 9, ""entity_id_field"": 19379, ""group"": 0, ""room"": 9, ""unknown_a3"": 0, ""position"": [25.6923828125, 5.449999809265137, 51.110015869140625], ""angles"": [0, 8192, 0], ""params"": [1.0, 1.0, 1.0, 0, 0, 0], ""unused_pointer"": 70958416}"
extermination-ep2/q233-bb-e,9,154,"{""base_type"": 520, ""set_flags"": 0, ""runtime_index"": 2092, ""file_offset"": 22080, ""floor_field"": 9, ""entity_id_field"": 19380, ""group"": 0, ""room"": 9, ""unknown_a3"": 0, ""position"": [44.7401123046875, 5.449999809265137, 43.31884765625], ""angles"": [0, 24576, 0], ""params"": [1.0, 1.0, 1.0, 0, 0, 0], ""unused_pointer"": 70959280}"
extermination-ep2/q233-bb-e,9,155,"{""base_type"": 520, ""set_flags"": 0, ""runtime_index"": 2095, ""file_offset"": 22148, ""floor_field"": 9, ""entity_id_field"": 19381, ""group"": 0, ""room"": 9, ""unknown_a3"": 0, ""position"": [111.4503173828125, 7.0, 33.164459228515625], ""angles"": [0, 28672, 0], ""params"": [1.0, 1.0, 1.0, 0, 0, 0], ""unused_pointer"": 70960144}"
extermination-ep2/q233-bb-j,6,16,"{""base_type"": 520, ""set_flags"": 0, ""runtime_index"": 2113, ""file_offset"": 4112, ""floor_field"": 6, ""entity_id_field"": 18556, ""group"": 0, ""room"": 3, ""unknown_a3"": 0, ""position"": [-6.5284423828125, 0.0, -132.37786865234375], ""angles"": [0, 16384, 0], ""params"": [1.0, 1.0, 1.0, 0, 0, 0], ""unused_pointer"": 71215264}"
extermination-ep2/q233-bb-j,6,17,"{""base_type"": 520, ""set_flags"": 0, ""runtime_index"": 2114, ""file_offset"": 4180, ""floor_field"": 6, ""entity_id_field"": 18557, ""group"": 0, ""room"": 3, ""unknown_a3"": 0, ""position"": [-3.77410888671875, 0.0, -122.72940063476562], ""angles"": [0, 57344, 0], ""params"": [1.0, 1.0, 1.0, 0, 0, 0], ""unused_pointer"": 71216032}"
extermination-ep2/q233-bb-j,6,26,"{""base_type"": 520, ""set_flags"": 0, ""runtime_index"": 2107, ""file_offset"": 4792, ""floor_field"": 6, ""entity_id_field"": 18567, ""group"": 0, ""room"": 3, ""unknown_a3"": 0, ""position"": [207.78561401367188, 0.0, -139.658935546875], ""angles"": [0, 12288, 0], ""params"": [1.0, 1.0, 1.0, 0, 0, 0], ""unused_pointer"": 71219696}"
extermination-ep2/q233-bb-j,6,32,"{""base_type"": 520, ""set_flags"": 0, ""runtime_index"": 2089, ""file_offset"": 5200, ""floor_field"": 6, ""entity_id_field"": 18653, ""group"": 0, ""room"": 4, ""unknown_a3"": 0, ""position"": [196.71511840820312, 10.946078300476074, 60.5303955078125], ""angles"": [0, 0, 0], ""params"": [1.0, 1.0, 1.0, 0, 0, 0], ""unused_pointer"": 71334288}"
extermination-ep2/q233-bb-j,6,33,"{""base_type"": 520, ""set_flags"": 0, ""runtime_index"": 2090, ""file_offset"": 5268, ""floor_field"": 6, ""entity_id_field"": 18654, ""group"": 0, ""room"": 4, ""unknown_a3"": 0, ""position"": [187.512451171875, 10.946078300476074, 71.41696166992188], ""angles"": [0, 40960, 0], ""params"": [1.0, 1.0, 1.0, 0, 0, 0], ""unused_pointer"": 71334528}"
extermination-ep2/q233-bb-j,6,43,"{""base_type"": 520, ""set_flags"": 0, ""runtime_index"": 2083, ""file_offset"": 5948, ""floor_field"": 6, ""entity_id_field"": 19379, ""group"": 0, ""room"": 10, ""unknown_a3"": 0, ""position"": [127.26642608642578, -12.846731185913086, -40.0561637878418], ""angles"": [0, 12288, 0], ""params"": [1.0, 1.0, 1.0, 0, 0, 0], ""unused_pointer"": 71230544}"
extermination-ep2/q233-bb-j,6,44,"{""base_type"": 520, ""set_flags"": 0, ""runtime_index"": 2084, ""file_offset"": 6016, ""floor_field"": 6, ""entity_id_field"": 19380, ""group"": 0, ""room"": 10, ""unknown_a3"": 0, ""position"": [119.44939422607422, -9.95923137664795, -89.86516571044922], ""angles"": [0, 20480, 0], ""params"": [1.0, 1.0, 1.0, 0, 0, 0], ""unused_pointer"": 71230784}"
extermination-ep2/q233-bb-j,6,45,"{""base_type"": 520, ""set_flags"": 0, ""runtime_index"": 2085, ""file_offset"": 6084, ""floor_field"": 6, ""entity_id_field"": 19381, ""group"": 0, ""room"": 10, ""unknown_a3"": 0, ""position"": [129.34573364257812, -5.346678733825684, -69.14173889160156], ""angles"": [0, 53248, 0], ""params"": [1.0, 1.0, 1.0, 0, 0, 0], ""unused_pointer"": 71231024}"
extermination-ep2/q233-bb-j,6,66,"{""base_type"": 520, ""set_flags"": 0, ""runtime_index"": 2124, ""file_offset"": 7512, ""floor_field"": 6, ""entity_id_field"": 19133, ""group"": 0, ""room"": 11, ""unknown_a3"": 0, ""position"": [-50.80645751953125, 9.995000839233398, -365.1325988769531], ""angles"": [0, -4096, 0], ""params"": [1.0, 1.0, 1.0, 0, 0, 0], ""unused_pointer"": 71385456}"
extermination-ep2/q233-bb-j,6,67,"{""base_type"": 520, ""set_flags"": 0, ""runtime_index"": 2125, ""file_offset"": 7580, ""floor_field"": 6, ""entity_id_field"": 19134, ""group"": 0, ""room"": 11, ""unknown_a3"": 0, ""position"": [-39.877044677734375, 5.832502365112305, -333.2143859863281], ""angles"": [0, 16384, 0], ""params"": [1.0, 1.0, 1.0, 0, 0, 0], ""unused_pointer"": 71386320}"
extermination-ep2/q233-bb-j,9,6,"{""base_type"": 520, ""set_flags"": 0, ""runtime_index"": 2097, ""file_offset"": 12016, ""floor_field"": 9, ""entity_id_field"": 18505, ""group"": 0, ""room"": 3, ""unknown_a3"": 0, ""position"": [-666.7815551757812, 2.237499713897705, -358.8675231933594], ""angles"": [0, 8192, 0], ""params"": [1.0, 1.0, 1.0, 0, 0, 0], ""unused_pointer"": 72653408}"
extermination-ep2/q233-bb-j,9,7,"{""base_type"": 520, ""set_flags"": 0, ""runtime_index"": 2090, ""file_offset"": 12084, ""floor_field"": 9, ""entity_id_field"": 18506, ""group"": 0, ""room"": 3, ""unknown_a3"": 0, ""position"": [-738.0591430664062, -1.0, -301.0648193359375], ""angles"": [0, 4096, 0], ""params"": [1.0, 1.0, 1.0, 0, 0, 0], ""unused_pointer"": 72654272}"
extermination-ep2/q233-bb-j,9,13,"{""base_type"": 520, ""set_flags"": 512, ""runtime_index"": 27397, ""file_offset"": 12492, ""floor_field"": 9, ""entity_id_field"": 18512, ""group"": 0, ""room"": 3, ""unknown_a3"": 0, ""position"": [-620.0, -5.599999904632568, 100.0], ""angles"": [0, 20480, 0], ""params"": [1.0, 1.0, 1.0, 0, 0, 0], ""unused_pointer"": 72659136}"
extermination-ep2/q233-bb-j,9,14,"{""base_type"": 520, ""set_flags"": 0, ""runtime_index"": 2101, ""file_offset"": 12560, ""floor_field"": 9, ""entity_id_field"": 18513, ""group"": 0, ""room"": 3, ""unknown_a3"": 0, ""position"": [-713.2914428710938, 4.369999885559082, -322.1700134277344], ""angles"": [0, 40960, 0], ""params"": [1.0, 1.0, 1.0, 0, 0, 0], ""unused_pointer"": 72660000}"
extermination-ep2/q233-bb-j,9,57,"{""base_type"": 520, ""set_flags"": 0, ""runtime_index"": 2113, ""file_offset"": 15484, ""floor_field"": 9, ""entity_id_field"": 18489, ""group"": 0, ""room"": 6, ""unknown_a3"": 0, ""position"": [-46.16192626953125, -2.0, 90.55000305175781], ""angles"": [0, 30208, 0], ""params"": [1.0, 1.0, 1.0, 0, 0, 0], ""unused_pointer"": 70890512}"
extermination-ep2/q233-bb-j,9,58,"{""base_type"": 520, ""set_flags"": 0, ""runtime_index"": 2116, ""file_offset"": 15552, ""floor_field"": 9, ""entity_id_field"": 18490, ""group"": 0, ""room"": 6, ""unknown_a3"": 0, ""position"": [-81.8599853515625, 1.0, 291.8299865722656], ""angles"": [0, 24576, 0], ""params"": [1.0, 1.0, 1.0, 0, 0, 0], ""unused_pointer"": 70891376}"
extermination-ep2/q233-bb-j,9,92,"{""base_type"": 520, ""set_flags"": 0, ""runtime_index"": 2095, ""file_offset"": 17864, ""floor_field"": 9, ""entity_id_field"": 18918, ""group"": 0, ""room"": 7, ""unknown_a3"": 0, ""position"": [96.7625732421875, -13.890483856201172, 94.29647827148438], ""angles"": [0, 4096, 0], ""params"": [1.0, 1.0, 1.0, 0, 0, 0], ""unused_pointer"": 206378416}"
extermination-ep2/q233-bb-j,9,93,"{""base_type"": 520, ""set_flags"": 0, ""runtime_index"": 2085, ""file_offset"": 17932, ""floor_field"": 9, ""entity_id_field"": 18919, ""group"": 0, ""room"": 7, ""unknown_a3"": 0, ""position"": [66.212646484375, -21.203746795654297, 95.44512939453125], ""angles"": [0, -4096, 0], ""params"": [1.0, 1.0, 1.0, 0, 0, 0], ""unused_pointer"": 206379280}"
extermination-ep2/q233-bb-j,9,94,"{""base_type"": 520, ""set_flags"": 0, ""runtime_index"": 2118, ""file_offset"": 18000, ""floor_field"": 9, ""entity_id_field"": 18920, ""group"": 0, ""room"": 7, ""unknown_a3"": 0, ""position"": [59.509765625, -1.5899999141693115, -12.741363525390625], ""angles"": [0, 4096, 0], ""params"": [1.0, 1.0, 1.0, 0, 0, 0], ""unused_pointer"": 206380144}"
extermination-ep2/q233-bb-j,9,96,"{""base_type"": 520, ""set_flags"": 0, ""runtime_index"": 2095, ""file_offset"": 18136, ""floor_field"": 9, ""entity_id_field"": 18922, ""group"": 0, ""room"": 7, ""unknown_a3"": 0, ""position"": [41.2840576171875, -10.74625015258789, 11.070541381835938], ""angles"": [0, 45056, 0], ""params"": [1.0, 1.0, 1.0, 0, 0, 0], ""unused_pointer"": 206381216}"
extermination-ep2/q233-bb-j,9,99,"{""base_type"": 520, ""set_flags"": 0, ""runtime_index"": 2108, ""file_offset"": 18340, ""floor_field"": 9, ""entity_id_field"": 18925, ""group"": 0, ""room"": 7, ""unknown_a3"": 0, ""position"": [2.0968017578125, -11.281245231628418, 183.13662719726562], ""angles"": [0, 8192, 0], ""params"": [1.0, 1.0, 1.0, 0, 0, 0], ""unused_pointer"": 206383152}"
extermination-ep2/q233-bb-j,9,102,"{""base_type"": 520, ""set_flags"": 0, ""runtime_index"": 2107, ""file_offset"": 18544, ""floor_field"": 9, ""entity_id_field"": 18928, ""group"": 0, ""room"": 7, ""unknown_a3"": 0, ""position"": [40.4735107421875, -23.13451385498047, 162.84524536132812], ""angles"": [0, 32768, 0], ""params"": [1.0, 1.0, 1.0, 0, 0, 0], ""unused_pointer"": 206385088}"
extermination-ep2/q233-bb-j,9,114,"{""base_type"": 520, ""set_flags"": 0, ""runtime_index"": 2119, ""file_offset"": 19360, ""floor_field"": 9, ""entity_id_field"": 18940, ""group"": 0, ""room"": 7, ""unknown_a3"": 0, ""position"": [61.8089599609375, -4.398750305175781, -45.70579528808594], ""angles"": [0, 16384, 0], ""params"": [1.0, 1.0, 1.0, 0, 0, 0], ""unused_pointer"": 206388464}"
extermination-ep2/q233-bb-j,9,115,"{""base_type"": 520, ""set_flags"": 0, ""runtime_index"": 2120, ""file_offset"": 19428, ""floor_field"": 9, ""entity_id_field"": 18941, ""group"": 0, ""room"": 7, ""unknown_a3"": 0, ""position"": [48.914794921875, -8.117856979370117, -32.79832458496094], ""angles"": [0, 49152, 0], ""params"": [1.0, 1.0, 1.0, 0, 0, 0], ""unused_pointer"": 206389328}"
extermination-ep2/q233-bb-j,9,116,"{""base_type"": 520, ""set_flags"": 0, ""runtime_index"": 2121, ""file_offset"": 19496, ""floor_field"": 9, ""entity_id_field"": 18942, ""group"": 0, ""room"": 7, ""unknown_a3"": 0, ""position"": [34.392822265625, -1.6643180847167969, -50.29808044433594], ""angles"": [0, 65536, 0], ""params"": [1.0, 1.0, 1.0, 0, 0, 0], ""unused_pointer"": 206390192}"
extermination-ep2/q233-bb-j,9,117,"{""base_type"": 520, ""set_flags"": 0, ""runtime_index"": 2087, ""file_offset"": 19564, ""floor_field"": 9, ""entity_id_field"": 18943, ""group"": 0, ""room"": 7, ""unknown_a3"": 0, ""position"": [-4.4150390625, -9.72890853881836, -49.0], ""angles"": [0, 69632, 0], ""params"": [1.0, 1.0, 1.0, 0, 0, 0], ""unused_pointer"": 206391056}"
extermination-ep2/q233-bb-j,9,118,"{""base_type"": 520, ""set_flags"": 0, ""runtime_index"": 2124, ""file_offset"": 19632, ""floor_field"": 9, ""entity_id_field"": 18944, ""group"": 0, ""room"": 7, ""unknown_a3"": 0, ""position"": [-22.0355224609375, -13.723748207092285, -33.95880126953125], ""angles"": [0, 98304, 0], ""params"": [1.0, 1.0, 1.0, 0, 0, 0], ""unused_pointer"": 206391920}"
extermination-ep2/q233-bb-j,9,119,"{""base_type"": 520, ""set_flags"": 0, ""runtime_index"": 2125, ""file_offset"": 19700, ""floor_field"": 9, ""entity_id_field"": 18945, ""group"": 0, ""room"": 7, ""unknown_a3"": 0, ""position"": [-6.0013427734375, -8.967381477355957, -34.72328186035156], ""angles"": [0, 135168, 0], ""params"": [1.0, 1.0, 1.0, 0, 0, 0], ""unused_pointer"": 206392784}"
extermination-ep2/q233-bb-j,9,120,"{""base_type"": 520, ""set_flags"": 0, ""runtime_index"": 2126, ""file_offset"": 19768, ""floor_field"": 9, ""entity_id_field"": 18946, ""group"": 0, ""room"": 7, ""unknown_a3"": 0, ""position"": [0.0633544921875, -9.41738224029541, -22.950332641601562], ""angles"": [0, 102400, 0], ""params"": [1.0, 1.0, 1.0, 0, 0, 0], ""unused_pointer"": 206393648}"
extermination-ep2/q233-bb-j,9,121,"{""base_type"": 520, ""set_flags"": 0, ""runtime_index"": 2127, ""file_offset"": 19836, ""floor_field"": 9, ""entity_id_field"": 18947, ""group"": 0, ""room"": 7, ""unknown_a3"": 0, ""position"": [33.9940185546875, -9.023632049560547, -22.236251831054688], ""angles"": [0, 143360, 0], ""params"": [1.0, 1.0, 1.0, 0, 0, 0], ""unused_pointer"": 206394512}"
extermination-ep2/q233-bb-j,9,122,"{""base_type"": 520, ""set_flags"": 0, ""runtime_index"": 2128, ""file_offset"": 19904, ""floor_field"": 9, ""entity_id_field"": 18948, ""group"": 0, ""room"": 7, ""unknown_a3"": 0, ""position"": [14.157958984375, -0.7267031669616699, -18.022964477539062], ""angles"": [0, 8192, 0], ""params"": [1.0, 1.0, 1.0, 0, 0, 0], ""unused_pointer"": 206395376}"
extermination-ep2/q233-bb-j,9,123,"{""base_type"": 520, ""set_flags"": 0, ""runtime_index"": 2131, ""file_offset"": 19972, ""floor_field"": 9, ""entity_id_field"": 18949, ""group"": 0, ""room"": 7, ""unknown_a3"": 0, ""position"": [12.8646240234375, -1.9808235168457031, -36.376861572265625], ""angles"": [0, 4096, 0], ""params"": [1.0, 1.0, 1.0, 0, 0, 0], ""unused_pointer"": 206396240}"
extermination-ep2/q233-bb-j,9,125,"{""base_type"": 520, ""set_flags"": 0, ""runtime_index"": 2132, ""file_offset"": 20108, ""floor_field"": 9, ""entity_id_field"": 18951, ""group"": 0, ""room"": 7, ""unknown_a3"": 0, ""position"": [14.4990234375, 7.793201923370361, -22.11566162109375], ""angles"": [0, 35328, 0], ""params"": [1.0, 1.0, 1.0, 0, 0, 0], ""unused_pointer"": 206397680}"
extermination-ep2/q233-bb-j,9,133,"{""base_type"": 520, ""set_flags"": 0, ""runtime_index"": 2085, ""file_offset"": 20652, ""floor_field"": 9, ""entity_id_field"": 18959, ""group"": 0, ""room"": 7, ""unknown_a3"": 0, ""position"": [47.8638916015625, -2.665133476257324, -12.94342041015625], ""angles"": [0, 36864, 0], ""params"": [1.0, 1.0, 1.0, 0, 0, 0], ""unused_pointer"": 206399664}"
extermination-ep2/q233-bb-j,9,134,"{""base_type"": 520, ""set_flags"": 0, ""runtime_index"": 2086, ""file_offset"": 20720, ""floor_field"": 9, ""entity_id_field"": 18960, ""group"": 0, ""room"": 7, ""unknown_a3"": 0, ""position"": [40.4720458984375, -1.0766679048538208, -33.650726318359375], ""angles"": [0, 53248, 0], ""params"": [1.0, 1.0, 1.0, 0, 0, 0], ""unused_pointer"": 206399904}"
extermination-ep2/q233-bb-j,9,136,"{""base_type"": 520, ""set_flags"": 0, ""runtime_index"": 2089, ""file_offset"": 20856, ""floor_field"": 9, ""entity_id_field"": 18962, ""group"": 0, ""room"": 7, ""unknown_a3"": 0, ""position"": [120.156982421875, -17.065481185913086, 86.87957763671875], ""angles"": [0, 36864, 0], ""params"": [1.0, 1.0, 1.0, 0, 0, 0], ""unused_pointer"": 206402560}"
extermination-ep2/q233-bb-j,9,138,"{""base_type"": 520, ""set_flags"": 0, ""runtime_index"": 2085, ""file_offset"": 20992, ""floor_field"": 9, ""entity_id_field"": 18964, ""group"": 0, ""room"": 7, ""unknown_a3"": 0, ""position"": [324.81024169921875, -5.600000381469727, 330.28546142578125], ""angles"": [0, 12288, 0], ""params"": [1.0, 1.0, 1.0, 0, 0, 0], ""unused_pointer"": 206403632}"
extermination-ep2/q233-bb-j,9,141,"{""base_type"": 520, ""set_flags"": 0, ""runtime_index"": 2059, ""file_offset"": 21196, ""floor_field"": 9, ""entity_id_field"": 19366, ""group"": 0, ""room"": 9, ""unknown_a3"": 0, ""position"": [-144.4517822265625, 10.0, 42.4185791015625], ""angles"": [0, 0, 0], ""params"": [1.0, 1.0, 1.0, 0, 0, 0], ""unused_pointer"": 70924176}"
extermination-ep2/q233-bb-j,9,144,"{""base_type"": 520, ""set_flags"": 0, ""runtime_index"": 2096, ""file_offset"": 21400, ""floor_field"": 9, ""entity_id_field"": 19370, ""group"": 0, ""room"": 9, ""unknown_a3"": 0, ""position"": [87.3609619140625, 0.0, 44.77001953125], ""angles"": [0, 8192, 0], ""params"": [1.0, 1.0, 1.0, 0, 0, 0], ""unused_pointer"": 70950416}"
extermination-ep2/q233-bb-j,9,145,"{""base_type"": 520, ""set_flags"": 0, ""runtime_index"": 2093, ""file_offset"": 21468, ""floor_field"": 9, ""entity_id_field"": 19371, ""group"": 0, ""room"": 9, ""unknown_a3"": 0, ""position"": [63.1494140625, 10.0, 50.294891357421875], ""angles"": [0, 0, 0], ""params"": [1.0, 1.0, 1.0, 0, 0, 0], ""unused_pointer"": 70951280}"
extermination-ep2/q233-bb-j,9,146,"{""base_type"": 520, ""set_flags"": 0, ""runtime_index"": 2082, ""file_offset"": 21536, ""floor_field"": 9, ""entity_id_field"": 19372, ""group"": 0, ""room"": 9, ""unknown_a3"": 0, ""position"": [-66.1658935546875, 10.0, 47.692138671875], ""angles"": [0, 19712, 0], ""params"": [1.0, 1.0, 1.0, 0, 0, 0], ""unused_pointer"": 70952144}"
extermination-ep2/q233-bb-j,9,147,"{""base_type"": 520, ""set_flags"": 0, ""runtime_index"": 2086, ""file_offset"": 21604, ""floor_field"": 9, ""entity_id_field"": 19373, ""group"": 0, ""room"": 9, ""unknown_a3"": 0, ""position"": [-46.5328369140625, 10.0, 39.88299560546875], ""angles"": [0, 36096, 0], ""params"": [1.0, 1.0, 1.0, 0, 0, 0], ""unused_pointer"": 70953008}"
extermination-ep2/q233-bb-j,9,148,"{""base_type"": 520, ""set_flags"": 0, ""runtime_index"": 2090, ""file_offset"": 21672, ""floor_field"": 9, ""entity_id_field"": 19374, ""group"": 0, ""room"": 9, ""unknown_a3"": 0, ""position"": [8.4947509765625, 5.0, 62.1400146484375], ""angles"": [0, 32768, 0], ""params"": [1.0, 1.0, 1.0, 0, 0, 0], ""unused_pointer"": 70953248}"
extermination-ep2/q233-bb-j,9,149,"{""base_type"": 520, ""set_flags"": 0, ""runtime_index"": 2088, ""file_offset"": 21740, ""floor_field"": 9, ""entity_id_field"": 19375, ""group"": 0, ""room"": 9, ""unknown_a3"": 0, ""position"": [-34.5633544921875, 3.0, 38.219879150390625], ""angles"": [0, 28672, 0], ""params"": [1.0, 1.0, 1.0, 0, 0, 0], ""unused_pointer"": 70953488}"
extermination-ep2/q233-bb-j,9,150,"{""base_type"": 520, ""set_flags"": 0, ""runtime_index"": 2087, ""file_offset"": 21808, ""floor_field"": 9, ""entity_id_field"": 19376, ""group"": 0, ""room"": 9, ""unknown_a3"": 0, ""position"": [-85.719970703125, 0.0, 48.880706787109375], ""angles"": [0, 60672, 0], ""params"": [1.0, 1.0, 1.0, 0, 0, 0], ""unused_pointer"": 70955824}"
extermination-ep2/q233-bb-j,9,151,"{""base_type"": 520, ""set_flags"": 0, ""runtime_index"": 2085, ""file_offset"": 21876, ""floor_field"": 9, ""entity_id_field"": 19377, ""group"": 0, ""room"": 9, ""unknown_a3"": 0, ""position"": [-110.546142578125, 0.0, 38.919677734375], ""angles"": [0, 64768, 0], ""params"": [1.0, 1.0, 1.0, 0, 0, 0], ""unused_pointer"": 70956688}"
extermination-ep2/q233-bb-j,9,152,"{""base_type"": 520, ""set_flags"": 0, ""runtime_index"": 2089, ""file_offset"": 21944, ""floor_field"": 9, ""entity_id_field"": 19378, ""group"": 0, ""room"": 9, ""unknown_a3"": 0, ""position"": [-9.15869140625, 9.466540336608887, 46.457275390625], ""angles"": [0, 49152, 0], ""params"": [1.0, 1.0, 1.0, 0, 0, 0], ""unused_pointer"": 70957552}"
extermination-ep2/q233-bb-j,9,153,"{""base_type"": 520, ""set_flags"": 0, ""runtime_index"": 2091, ""file_offset"": 22012, ""floor_field"": 9, ""entity_id_field"": 19379, ""group"": 0, ""room"": 9, ""unknown_a3"": 0, ""position"": [25.6923828125, 5.449999809265137, 51.110015869140625], ""angles"": [0, 8192, 0], ""params"": [1.0, 1.0, 1.0, 0, 0, 0], ""unused_pointer"": 70958416}"
extermination-ep2/q233-bb-j,9,154,"{""base_type"": 520, ""set_flags"": 0, ""runtime_index"": 2092, ""file_offset"": 22080, ""floor_field"": 9, ""entity_id_field"": 19380, ""group"": 0, ""room"": 9, ""unknown_a3"": 0, ""position"": [44.7401123046875, 5.449999809265137, 43.31884765625], ""angles"": [0, 24576, 0], ""params"": [1.0, 1.0, 1.0, 0, 0, 0], ""unused_pointer"": 70959280}"
extermination-ep2/q233-bb-j,9,155,"{""base_type"": 520, ""set_flags"": 0, ""runtime_index"": 2095, ""file_offset"": 22148, ""floor_field"": 9, ""entity_id_field"": 19381, ""group"": 0, ""room"": 9, ""unknown_a3"": 0, ""position"": [111.4503173828125, 7.0, 33.164459228515625], ""angles"": [0, 28672, 0], ""params"": [1.0, 1.0, 1.0, 0, 0, 0], ""unused_pointer"": 70960144}"
extermination-ep2/q234-bb-e,5,56,"{""base_type"": 520, ""set_flags"": 0, ""runtime_index"": 2070, ""file_offset"": 6832, ""floor_field"": 5, ""entity_id_field"": 18480, ""group"": 0, ""room"": 5, ""unknown_a3"": 0, ""position"": [-185.0, 50.0, -55.0], ""angles"": [0, 16384, 0], ""params"": [1.0, 1.0, 1.0, 0, 0, 0], ""unused_pointer"": 70753872}"
extermination-ep2/q234-bb-e,5,58,"{""base_type"": 520, ""set_flags"": 0, ""runtime_index"": 2061, ""file_offset"": 6968, ""floor_field"": 5, ""entity_id_field"": 18482, ""group"": 0, ""room"": 5, ""unknown_a3"": 0, ""position"": [-180.0, 50.0, -25.0], ""angles"": [0, -12288, 0], ""params"": [1.0, 1.0, 1.0, 0, 0, 0], ""unused_pointer"": 70755024}"
extermination-ep2/q234-bb-e,5,59,"{""base_type"": 520, ""set_flags"": 0, ""runtime_index"": 2064, ""file_offset"": 7036, ""floor_field"": 5, ""entity_id_field"": 18483, ""group"": 0, ""room"": 5, ""unknown_a3"": 0, ""position"": [-193.0799560546875, 66.0, -42.989990234375], ""angles"": [0, -4096, 0], ""params"": [1.0, 1.0, 1.0, 0, 0, 0], ""unused_pointer"": 70755888}"
extermination-ep2/q234-bb-e,5,75,"{""base_type"": 520, ""set_flags"": 0, ""runtime_index"": 2047, ""file_offset"": 8124, ""floor_field"": 5, ""entity_id_field"": 18611, ""group"": 0, ""room"": 6, ""unknown_a3"": 0, ""position"": [367.70733642578125, 50.0, -16.342041015625], ""angles"": [0, 16384, 0], ""params"": [1.0, 1.0, 1.0, 0, 0, 0], ""unused_pointer"": 70882608}"
extermination-ep2/q234-bb-e,5,77,"{""base_type"": 520, ""set_flags"": 0, ""runtime_index"": 2045, ""file_offset"": 8260, ""floor_field"": 5, ""entity_id_field"": 18613, ""group"": 0, ""room"": 6, ""unknown_a3"": 0, ""position"": [312.1558837890625, 50.0, -19.69146728515625], ""angles"": [0, 53248, 0], ""params"": [1.0, 1.0, 1.0, 0, 0, 0], ""unused_pointer"": 70883088}"
extermination-ep2/q234-bb-e,5,78,"{""base_type"": 520, ""set_flags"": 0, ""runtime_index"": 2046, ""file_offset"": 8328, ""floor_field"": 5, ""entity_id_field"": 18614, ""group"": 0, ""room"": 6, ""unknown_a3"": 0, ""position"": [316.162109375, 50.0, 9.80712890625], ""angles"": [0, 81920, 0], ""params"": [1.0, 1.0, 1.0, 0, 0, 0], ""unused_pointer"": 70891504}"
extermination-ep2/q234-bb-e,8,8,"{""base_type"": 520, ""set_flags"": 0, ""runtime_index"": 2086, ""file_offset"": 13036, ""floor_field"": 8, ""entity_id_field"": 18561, ""group"": 0, ""room"": 2, ""unknown_a3"": 0, ""position"": [7.95587158203125, -126.91768646240234, 125.4114990234375], ""angles"": [0, 2048, 0], ""params"": [1.0, 1.0, 1.0, 0, 0, 0], ""unused_pointer"": 70752832}"
extermination-ep2/q234-bb-e,8,9,"{""base_type"": 520, ""set_flags"": 0, ""runtime_index"": 2087, ""file_offset"": 13104, ""floor_field"": 8, ""entity_id_field"": 18562, ""group"": 0, ""room"": 2, ""unknown_a3"": 0, ""position"": [-39.48583984375, -136.64894104003906, 124.81488037109375], ""angles"": [0, 34816, 0], ""params"": [1.0, 1.0, 1.0, 0, 0, 0], ""unused_pointer"": 70753696}"
extermination-ep2/q234-bb-e,8,10,"{""base_type"": 520, ""set_flags"": 0, ""runtime_index"": 2088, ""file_offset"": 13172, ""floor_field"": 8, ""entity_id_field"": 18563, ""group"": 0, ""room"": 2, ""unknown_a3"": 0, ""position"": [-17.097869873046875, -136.12393188476562, 123.90228271484375], ""angles"": [0, 2048, 0], ""params"": [1.0, 1.0, 1.0, 0, 0, 0], ""unused_pointer"": 70754560}"
extermination-ep2/q234-bb-e,8,23,"{""base_type"": 520, ""set_flags"": 0, ""runtime_index"": 2096, ""file_offset"": 14056, ""floor_field"": 8, ""entity_id_field"": 18578, ""group"": 0, ""room"": 2, ""unknown_a3"": 0, ""position"": [-124.62277221679688, -128.21112060546875, 154.12261962890625], ""angles"": [0, 12288, 0], ""params"": [1.0, 1.0, 1.0, 0, 0, 0], ""unused_pointer"": 70767264}"
extermination-ep2/q234-bb-e,8,40,"{""base_type"": 520, ""set_flags"": 2, ""runtime_index"": 1146, ""file_offset"": 15212, ""floor_field"": 8, ""entity_id_field"": 18480, ""group"": 0, ""room"": 3, ""unknown_a3"": 0, ""position"": [-139.0800018310547, -85.0199966430664, 143.0399169921875], ""angles"": [0, 18688, 0], ""params"": [1.0, 1.0, 1.0, 2, 0, 0], ""unused_pointer"": 70753552}"
extermination-ep2/q234-bb-e,8,59,"{""base_type"": 520, ""set_flags"": 2, ""runtime_index"": 1166, ""file_offset"": 16504, ""floor_field"": 8, ""entity_id_field"": 18499, ""group"": 0, ""room"": 3, ""unknown_a3"": 0, ""position"": [28.27069854736328, -51.34592056274414, 109.8499755859375], ""angles"": [0, 49152, 0], ""params"": [1.0, 1.0, 1.0, 2, 0, 0], ""unused_pointer"": 70757616}"
extermination-ep2/q234-bb-e,8,110,"{""base_type"": 520, ""set_flags"": 0, ""runtime_index"": 2032, ""file_offset"": 19972, ""floor_field"": 8, ""entity_id_field"": 18519, ""group"": 0, ""room"": 4, ""unknown_a3"": 0, ""position"": [-74.91290283203125, -5.0, 84.53997802734375], ""angles"": [0, 4096, 0], ""params"": [1.0, 1.0, 1.0, 0, 0, 0], ""unused_pointer"": 70727520}"
extermination-ep2/q234-bb-e,8,111,"{""base_type"": 520, ""set_flags"": 0, ""runtime_index"": 2067, ""file_offset"": 20040, ""floor_field"": 8, ""entity_id_field"": 18520, ""group"": 0, ""room"": 4, ""unknown_a3"": 0, ""position"": [-14.76910400390625, -15.0, 61.309326171875], ""angles"": [0, 0, 0], ""params"": [1.0, 1.0, 1.0, 0, 0, 0], ""unused_pointer"": 70727760}"
extermination-ep2/q234-bb-e,8,113,"{""base_type"": 520, ""set_flags"": 0, ""runtime_index"": 2038, ""file_offset"": 20176, ""floor_field"": 8, ""entity_id_field"": 18522, ""group"": 0, ""room"": 4, ""unknown_a3"": 0, ""position"": [-42.48858642578125, -0.00025928017566911876, 69.9296875], ""angles"": [0, 40960, 0], ""params"": [1.0, 1.0, 1.0, 0, 0, 0], ""unused_pointer"": 70754352}"
extermination-ep2/q234-bb-e,8,114,"{""base_type"": 520, ""set_flags"": 0, ""runtime_index"": 2064, ""file_offset"": 20244, ""floor_field"": 8, ""entity_id_field"": 18523, ""group"": 0, ""room"": 4, ""unknown_a3"": 0, ""position"": [76.0, -2.0, 50.0], ""angles"": [0, 32768, 0], ""params"": [1.0, 1.0, 1.0, 0, 0, 0], ""unused_pointer"": 70755216}"
extermination-ep2/q234-bb-e,8,120,"{""base_type"": 520, ""set_flags"": 0, ""runtime_index"": 2121, ""file_offset"": 20652, ""floor_field"": 8, ""entity_id_field"": 18529, ""group"": 0, ""room"": 4, ""unknown_a3"": 0, ""position"": [66.224365234375, -7.0, 215.33795166015625], ""angles"": [0, 64768, 0], ""params"": [1.0, 1.0, 1.0, 2, 0, 0], ""unused_pointer"": 70759312}"
extermination-ep2/q234-bb-e,8,147,"{""base_type"": 520, ""set_flags"": 0, ""runtime_index"": 2082, ""file_offset"": 22488, ""floor_field"": 8, ""entity_id_field"": 18455, ""group"": 0, ""room"": 5, ""unknown_a3"": 0, ""position"": [261.166015625, 100.0, 91.09039306640625], ""angles"": [0, 4096, 0], ""params"": [1.0, 1.0, 1.0, 0, 0, 0], ""unused_pointer"": 70883744}"
extermination-ep2/q234-bb-e,8,149,"{""base_type"": 520, ""set_flags"": 0, ""runtime_index"": 2084, ""file_offset"": 22624, ""floor_field"": 8, ""entity_id_field"": 18457, ""group"": 0, ""room"": 5, ""unknown_a3"": 0, ""position"": [231.7587890625, 120.0, 95.766357421875], ""angles"": [0, 32768, 0], ""params"": [1.0, 1.0, 1.0, 0, 0, 0], ""unused_pointer"": 70884784}"
extermination-ep2/q234-bb-e,8,150,"{""base_type"": 520, ""set_flags"": 0, ""runtime_index"": 2085, ""file_offset"": 22692, ""floor_field"": 8, ""entity_id_field"": 18458, ""group"": 0, ""room"": 5, ""unknown_a3"": 0, ""position"": [197.34326171875, 99.99980163574219, 98.60302734375], ""angles"": [0, 24576, 0], ""params"": [1.0, 1.0, 1.0, 0, 0, 0], ""unused_pointer"": 70885648}"
extermination-ep2/q234-bb-e,8,152,"{""base_type"": 520, ""set_flags"": 0, ""runtime_index"": 2087, ""file_offset"": 22828, ""floor_field"": 8, ""entity_id_field"": 18460, ""group"": 0, ""room"": 5, ""unknown_a3"": 0, ""position"": [236.6761474609375, 99.9998779296875, 92.169921875], ""angles"": [0, 0, 0], ""params"": [1.0, 1.0, 1.0, 0, 0, 0], ""unused_pointer"": 70887376}"
extermination-ep2/q234-bb-e,8,161,"{""base_type"": 520, ""set_flags"": 2, ""runtime_index"": 1263, ""file_offset"": 23440, ""floor_field"": 8, ""entity_id_field"": 18669, ""group"": 0, ""room"": 8, ""unknown_a3"": 0, ""position"": [-150.0, 30.0, 78.5499267578125], ""angles"": [0, 0, 0], ""params"": [1.0, 1.0, 1.0, 2, 0, 0], ""unused_pointer"": 70882832}"
extermination-ep2/q234-bb-e,8,163,"{""base_type"": 520, ""set_flags"": 2, ""runtime_index"": 1265, ""file_offset"": 23576, ""floor_field"": 8, ""entity_id_field"": 18671, ""group"": 0, ""room"": 8, ""unknown_a3"": 0, ""position"": [90.0, 6.000319480895996, -70.0], ""angles"": [0, 0, 0], ""params"": [1.0, 1.0, 1.0, 2, 0, 0], ""unused_pointer"": 70883888}"
extermination-ep2/q234-bb-e,8,170,"{""base_type"": 520, ""set_flags"": 0, ""runtime_index"": 2082, ""file_offset"": 24052, ""floor_field"": 8, ""entity_id_field"": 18722, ""group"": 0, ""room"": 8, ""unknown_a3"": 0, ""position"": [-77.83770751953125, 0.0, -361.33868408203125], ""angles"": [0, 0, 0], ""params"": [1.0, 1.0, 1.0, 0, 0, 0], ""unused_pointer"": 70882352}"
extermination-ep2/q234-bb-e,8,185,"{""base_type"": 520, ""set_flags"": 0, ""runtime_index"": 2095, ""file_offset"": 25072, ""floor_field"": 8, ""entity_id_field"": 18835, ""group"": 0, ""room"": 8, ""unknown_a3"": 0, ""position"": [-261.5, 3.879999876022339, -110.99517822265625], ""angles"": [0, 0, 0], ""params"": [1.0, 1.0, 1.0, 0, 0, 0], ""unused_pointer"": 70882592}"
extermination-ep2/q234-bb-j,5,56,"{""base_type"": 520, ""set_flags"": 0, ""runtime_index"": 2070, ""file_offset"": 6832, ""floor_field"": 5, ""entity_id_field"": 18480, ""group"": 0, ""room"": 5, ""unknown_a3"": 0, ""position"": [-185.0, 50.0, -55.0], ""angles"": [0, 16384, 0], ""params"": [1.0, 1.0, 1.0, 0, 0, 0], ""unused_pointer"": 70753872}"
extermination-ep2/q234-bb-j,5,58,"{""base_type"": 520, ""set_flags"": 0, ""runtime_index"": 2061, ""file_offset"": 6968, ""floor_field"": 5, ""entity_id_field"": 18482, ""group"": 0, ""room"": 5, ""unknown_a3"": 0, ""position"": [-180.0, 50.0, -25.0], ""angles"": [0, -12288, 0], ""params"": [1.0, 1.0, 1.0, 0, 0, 0], ""unused_pointer"": 70755024}"
extermination-ep2/q234-bb-j,5,59,"{""base_type"": 520, ""set_flags"": 0, ""runtime_index"": 2064, ""file_offset"": 7036, ""floor_field"": 5, ""entity_id_field"": 18483, ""group"": 0, ""room"": 5, ""unknown_a3"": 0, ""position"": [-193.0799560546875, 66.0, -42.989990234375], ""angles"": [0, -4096, 0], ""params"": [1.0, 1.0, 1.0, 0, 0, 0], ""unused_pointer"": 70755888}"
extermination-ep2/q234-bb-j,5,75,"{""base_type"": 520, ""set_flags"": 0, ""runtime_index"": 2047, ""file_offset"": 8124, ""floor_field"": 5, ""entity_id_field"": 18611, ""group"": 0, ""room"": 6, ""unknown_a3"": 0, ""position"": [367.70733642578125, 50.0, -16.342041015625], ""angles"": [0, 16384, 0], ""params"": [1.0, 1.0, 1.0, 0, 0, 0], ""unused_pointer"": 70882608}"
extermination-ep2/q234-bb-j,5,77,"{""base_type"": 520, ""set_flags"": 0, ""runtime_index"": 2045, ""file_offset"": 8260, ""floor_field"": 5, ""entity_id_field"": 18613, ""group"": 0, ""room"": 6, ""unknown_a3"": 0, ""position"": [312.1558837890625, 50.0, -19.69146728515625], ""angles"": [0, 53248, 0], ""params"": [1.0, 1.0, 1.0, 0, 0, 0], ""unused_pointer"": 70883088}"
extermination-ep2/q234-bb-j,5,78,"{""base_type"": 520, ""set_flags"": 0, ""runtime_index"": 2046, ""file_offset"": 8328, ""floor_field"": 5, ""entity_id_field"": 18614, ""group"": 0, ""room"": 6, ""unknown_a3"": 0, ""position"": [316.162109375, 50.0, 9.80712890625], ""angles"": [0, 81920, 0], ""params"": [1.0, 1.0, 1.0, 0, 0, 0], ""unused_pointer"": 70891504}"
extermination-ep2/q234-bb-j,8,8,"{""base_type"": 520, ""set_flags"": 0, ""runtime_index"": 2086, ""file_offset"": 13036, ""floor_field"": 8, ""entity_id_field"": 18561, ""group"": 0, ""room"": 2, ""unknown_a3"": 0, ""position"": [7.95587158203125, -126.91768646240234, 125.4114990234375], ""angles"": [0, 2048, 0], ""params"": [1.0, 1.0, 1.0, 0, 0, 0], ""unused_pointer"": 70752832}"
extermination-ep2/q234-bb-j,8,9,"{""base_type"": 520, ""set_flags"": 0, ""runtime_index"": 2087, ""file_offset"": 13104, ""floor_field"": 8, ""entity_id_field"": 18562, ""group"": 0, ""room"": 2, ""unknown_a3"": 0, ""position"": [-39.48583984375, -136.64894104003906, 124.81488037109375], ""angles"": [0, 34816, 0], ""params"": [1.0, 1.0, 1.0, 0, 0, 0], ""unused_pointer"": 70753696}"
extermination-ep2/q234-bb-j,8,10,"{""base_type"": 520, ""set_flags"": 0, ""runtime_index"": 2088, ""file_offset"": 13172, ""floor_field"": 8, ""entity_id_field"": 18563, ""group"": 0, ""room"": 2, ""unknown_a3"": 0, ""position"": [-17.097869873046875, -136.12393188476562, 123.90228271484375], ""angles"": [0, 2048, 0], ""params"": [1.0, 1.0, 1.0, 0, 0, 0], ""unused_pointer"": 70754560}"
extermination-ep2/q234-bb-j,8,23,"{""base_type"": 520, ""set_flags"": 0, ""runtime_index"": 2096, ""file_offset"": 14056, ""floor_field"": 8, ""entity_id_field"": 18578, ""group"": 0, ""room"": 2, ""unknown_a3"": 0, ""position"": [-124.62277221679688, -128.21112060546875, 154.12261962890625], ""angles"": [0, 12288, 0], ""params"": [1.0, 1.0, 1.0, 0, 0, 0], ""unused_pointer"": 70767264}"
extermination-ep2/q234-bb-j,8,40,"{""base_type"": 520, ""set_flags"": 2, ""runtime_index"": 1146, ""file_offset"": 15212, ""floor_field"": 8, ""entity_id_field"": 18480, ""group"": 0, ""room"": 3, ""unknown_a3"": 0, ""position"": [-139.0800018310547, -85.0199966430664, 143.0399169921875], ""angles"": [0, 18688, 0], ""params"": [1.0, 1.0, 1.0, 2, 0, 0], ""unused_pointer"": 70753552}"
extermination-ep2/q234-bb-j,8,59,"{""base_type"": 520, ""set_flags"": 2, ""runtime_index"": 1166, ""file_offset"": 16504, ""floor_field"": 8, ""entity_id_field"": 18499, ""group"": 0, ""room"": 3, ""unknown_a3"": 0, ""position"": [28.27069854736328, -51.34592056274414, 109.8499755859375], ""angles"": [0, 49152, 0], ""params"": [1.0, 1.0, 1.0, 2, 0, 0], ""unused_pointer"": 70757616}"
extermination-ep2/q234-bb-j,8,110,"{""base_type"": 520, ""set_flags"": 0, ""runtime_index"": 2032, ""file_offset"": 19972, ""floor_field"": 8, ""entity_id_field"": 18519, ""group"": 0, ""room"": 4, ""unknown_a3"": 0, ""position"": [-74.91290283203125, -5.0, 84.53997802734375], ""angles"": [0, 4096, 0], ""params"": [1.0, 1.0, 1.0, 0, 0, 0], ""unused_pointer"": 70727520}"
extermination-ep2/q234-bb-j,8,111,"{""base_type"": 520, ""set_flags"": 0, ""runtime_index"": 2067, ""file_offset"": 20040, ""floor_field"": 8, ""entity_id_field"": 18520, ""group"": 0, ""room"": 4, ""unknown_a3"": 0, ""position"": [-14.76910400390625, -15.0, 61.309326171875], ""angles"": [0, 0, 0], ""params"": [1.0, 1.0, 1.0, 0, 0, 0], ""unused_pointer"": 70727760}"
extermination-ep2/q234-bb-j,8,113,"{""base_type"": 520, ""set_flags"": 0, ""runtime_index"": 2038, ""file_offset"": 20176, ""floor_field"": 8, ""entity_id_field"": 18522, ""group"": 0, ""room"": 4, ""unknown_a3"": 0, ""position"": [-42.48858642578125, -0.00025928017566911876, 69.9296875], ""angles"": [0, 40960, 0], ""params"": [1.0, 1.0, 1.0, 0, 0, 0], ""unused_pointer"": 70754352}"
extermination-ep2/q234-bb-j,8,114,"{""base_type"": 520, ""set_flags"": 0, ""runtime_index"": 2064, ""file_offset"": 20244, ""floor_field"": 8, ""entity_id_field"": 18523, ""group"": 0, ""room"": 4, ""unknown_a3"": 0, ""position"": [76.0, -2.0, 50.0], ""angles"": [0, 32768, 0], ""params"": [1.0, 1.0, 1.0, 0, 0, 0], ""unused_pointer"": 70755216}"
extermination-ep2/q234-bb-j,8,120,"{""base_type"": 520, ""set_flags"": 0, ""runtime_index"": 2121, ""file_offset"": 20652, ""floor_field"": 8, ""entity_id_field"": 18529, ""group"": 0, ""room"": 4, ""unknown_a3"": 0, ""position"": [66.224365234375, -7.0, 215.33795166015625], ""angles"": [0, 64768, 0], ""params"": [1.0, 1.0, 1.0, 2, 0, 0], ""unused_pointer"": 70759312}"
extermination-ep2/q234-bb-j,8,147,"{""base_type"": 520, ""set_flags"": 0, ""runtime_index"": 2082, ""file_offset"": 22488, ""floor_field"": 8, ""entity_id_field"": 18455, ""group"": 0, ""room"": 5, ""unknown_a3"": 0, ""position"": [261.166015625, 100.0, 91.09039306640625], ""angles"": [0, 4096, 0], ""params"": [1.0, 1.0, 1.0, 0, 0, 0], ""unused_pointer"": 70883744}"
extermination-ep2/q234-bb-j,8,149,"{""base_type"": 520, ""set_flags"": 0, ""runtime_index"": 2084, ""file_offset"": 22624, ""floor_field"": 8, ""entity_id_field"": 18457, ""group"": 0, ""room"": 5, ""unknown_a3"": 0, ""position"": [231.7587890625, 120.0, 95.766357421875], ""angles"": [0, 32768, 0], ""params"": [1.0, 1.0, 1.0, 0, 0, 0], ""unused_pointer"": 70884784}"
extermination-ep2/q234-bb-j,8,150,"{""base_type"": 520, ""set_flags"": 0, ""runtime_index"": 2085, ""file_offset"": 22692, ""floor_field"": 8, ""entity_id_field"": 18458, ""group"": 0, ""room"": 5, ""unknown_a3"": 0, ""position"": [197.34326171875, 99.99980163574219, 98.60302734375], ""angles"": [0, 24576, 0], ""params"": [1.0, 1.0, 1.0, 0, 0, 0], ""unused_pointer"": 70885648}"
extermination-ep2/q234-bb-j,8,152,"{""base_type"": 520, ""set_flags"": 0, ""runtime_index"": 2087, ""file_offset"": 22828, ""floor_field"": 8, ""entity_id_field"": 18460, ""group"": 0, ""room"": 5, ""unknown_a3"": 0, ""position"": [236.6761474609375, 99.9998779296875, 92.169921875], ""angles"": [0, 0, 0], ""params"": [1.0, 1.0, 1.0, 0, 0, 0], ""unused_pointer"": 70887376}"
extermination-ep2/q234-bb-j,8,161,"{""base_type"": 520, ""set_flags"": 2, ""runtime_index"": 1263, ""file_offset"": 23440, ""floor_field"": 8, ""entity_id_field"": 18669, ""group"": 0, ""room"": 8, ""unknown_a3"": 0, ""position"": [-150.0, 30.0, 78.5499267578125], ""angles"": [0, 0, 0], ""params"": [1.0, 1.0, 1.0, 2, 0, 0], ""unused_pointer"": 70882832}"
extermination-ep2/q234-bb-j,8,163,"{""base_type"": 520, ""set_flags"": 2, ""runtime_index"": 1265, ""file_offset"": 23576, ""floor_field"": 8, ""entity_id_field"": 18671, ""group"": 0, ""room"": 8, ""unknown_a3"": 0, ""position"": [90.0, 6.000319480895996, -70.0], ""angles"": [0, 0, 0], ""params"": [1.0, 1.0, 1.0, 2, 0, 0], ""unused_pointer"": 70883888}"
extermination-ep2/q234-bb-j,8,170,"{""base_type"": 520, ""set_flags"": 0, ""runtime_index"": 2082, ""file_offset"": 24052, ""floor_field"": 8, ""entity_id_field"": 18722, ""group"": 0, ""room"": 8, ""unknown_a3"": 0, ""position"": [-77.83770751953125, 0.0, -361.33868408203125], ""angles"": [0, 0, 0], ""params"": [1.0, 1.0, 1.0, 0, 0, 0], ""unused_pointer"": 70882352}"
extermination-ep2/q234-bb-j,8,185,"{""base_type"": 520, ""set_flags"": 0, ""runtime_index"": 2095, ""file_offset"": 25072, ""floor_field"": 8, ""entity_id_field"": 18835, ""group"": 0, ""room"": 8, ""unknown_a3"": 0, ""position"": [-261.5, 3.879999876022339, -110.99517822265625], ""angles"": [0, 0, 0], ""params"": [1.0, 1.0, 1.0, 0, 0, 0], ""unused_pointer"": 70882592}"
extermination-ep2/q280-bb-e,7,26,"{""base_type"": 520, ""set_flags"": 0, ""runtime_index"": 13828, ""file_offset"": 19512, ""floor_field"": 7, ""entity_id_field"": 57416, ""group"": 0, ""room"": 6, ""unknown_a3"": 0, ""position"": [-60.0, -54.189998626708984, 105.0], ""angles"": [0, 0, 0], ""params"": [1.0, 1.0, 1.0, 0, 0, 0], ""unused_pointer"": 1620107904}"
extermination-ep2/q280-bb-e,7,29,"{""base_type"": 520, ""set_flags"": 0, ""runtime_index"": 15876, ""file_offset"": 19716, ""floor_field"": 7, ""entity_id_field"": 58184, ""group"": 0, ""room"": 6, ""unknown_a3"": 0, ""position"": [-60.0, -44.189998626708984, 105.0], ""angles"": [0, 0, 0], ""params"": [1.0, 1.0, 1.0, 0, 0, 0], ""unused_pointer"": 3231441536}"
extermination-ep2/q280-bb-e,7,70,"{""base_type"": 520, ""set_flags"": 512, ""runtime_index"": 20740, ""file_offset"": 22504, ""floor_field"": 7, ""entity_id_field"": 20804, ""group"": 0, ""room"": 8, ""unknown_a3"": 0, ""position"": [-42.40998840332031, -66.9698486328125, 94.62188720703125], ""angles"": [0, 12288, 0], ""params"": [1.0, 1.0, 1.0, 0, 0, 0], ""unused_pointer"": 277476480}"
extermination-ep2/q280-bb-e,9,41,"{""base_type"": 520, ""set_flags"": 2, ""runtime_index"": 113, ""file_offset"": 25716, ""floor_field"": 9, ""entity_id_field"": 18924, ""group"": 0, ""room"": 3, ""unknown_a3"": 0, ""position"": [-731.2408447265625, 4.748496055603027, -308.72088623046875], ""angles"": [0, 39680, 0], ""params"": [1.0, 1.0, 1.0, 0, 0, 0], ""unused_pointer"": 77532080}"
extermination-ep2/q280-bb-e,9,42,"{""base_type"": 520, ""set_flags"": 2, ""runtime_index"": 114, ""file_offset"": 25784, ""floor_field"": 9, ""entity_id_field"": 18925, ""group"": 0, ""room"": 3, ""unknown_a3"": 0, ""position"": [-667.239990234375, 4.75, -368.7200012207031], ""angles"": [0, 39680, 0], ""params"": [1.0, 1.0, 1.0, 0, 0, 0], ""unused_pointer"": 77532944}"
extermination-ep2/q280-bb-e,9,51,"{""base_type"": 520, ""set_flags"": 2, ""runtime_index"": 123, ""file_offset"": 26396, ""floor_field"": 9, ""entity_id_field"": 18934, ""group"": 0, ""room"": 3, ""unknown_a3"": 0, ""position"": [-620.0, -5.599999904632568, 100.0], ""angles"": [0, 20480, 0], ""params"": [1.0, 1.0, 1.0, 0, 0, 0], ""unused_pointer"": 77538000}"
government-ep2/q461-bb-e,6,42,"{""base_type"": 520, ""set_flags"": 2, ""runtime_index"": 179, ""file_offset"": 12220, ""floor_field"": 6, ""entity_id_field"": 16563, ""group"": 0, ""room"": 9, ""unknown_a3"": 0, ""position"": [-9.0, -7.099999904632568, -130.0], ""angles"": [0, 4096, 0], ""params"": [1.0, 1.0, 1.0, 2, 0, 0], ""unused_pointer"": 75217568}"
government-ep2/q461-bb-e,6,45,"{""base_type"": 520, ""set_flags"": 2, ""runtime_index"": 182, ""file_offset"": 12424, ""floor_field"": 6, ""entity_id_field"": 16566, ""group"": 0, ""room"": 10, ""unknown_a3"": 0, ""position"": [115.0, -5.0, -85.0], ""angles"": [0, 24576, 0], ""params"": [1.0, 1.0, 1.0, 2, 0, 0], ""unused_pointer"": 75218784}"
government-ep2/q461-bb-e,6,46,"{""base_type"": 520, ""set_flags"": 2, ""runtime_index"": 183, ""file_offset"": 12492, ""floor_field"": 6, ""entity_id_field"": 16567, ""group"": 0, ""room"": 10, ""unknown_a3"": 0, ""position"": [130.0, -13.0, -40.0], ""angles"": [0, 53248, 0], ""params"": [1.0, 1.0, 1.0, 2, 0, 0], ""unused_pointer"": 75219648}"
government-ep2/q461-bb-e,6,47,"{""base_type"": 520, ""set_flags"": 2, ""runtime_index"": 184, ""file_offset"": 12560, ""floor_field"": 6, ""entity_id_field"": 16568, ""group"": 0, ""room"": 10, ""unknown_a3"": 0, ""position"": [128.0, -3.0, -67.0], ""angles"": [0, 53248, 0], ""params"": [1.0, 1.0, 1.0, 2, 0, 0], ""unused_pointer"": 75220512}"
government-ep2/q461-bb-e,6,53,"{""base_type"": 520, ""set_flags"": 2, ""runtime_index"": 190, ""file_offset"": 12968, ""floor_field"": 6, ""entity_id_field"": 16574, ""group"": 0, ""room"": 12, ""unknown_a3"": 0, ""position"": [183.0, 0.15087366104125977, -90.0], ""angles"": [0, 28672, 0], ""params"": [1.0, 1.0, 1.0, 2, 0, 0], ""unused_pointer"": 75246016}"
government-ep2/q461-bb-e,6,54,"{""base_type"": 520, ""set_flags"": 2, ""runtime_index"": 191, ""file_offset"": 13036, ""floor_field"": 6, ""entity_id_field"": 16575, ""group"": 0, ""room"": 12, ""unknown_a3"": 0, ""position"": [205.0, 0.042664192616939545, -75.0], ""angles"": [0, 28672, 0], ""params"": [1.0, 1.0, 1.0, 2, 0, 0], ""unused_pointer"": 75246880}"
government-ep2/q461-bb-e,6,55,"{""base_type"": 520, ""set_flags"": 2, ""runtime_index"": 192, ""file_offset"": 13104, ""floor_field"": 6, ""entity_id_field"": 16576, ""group"": 0, ""room"": 12, ""unknown_a3"": 0, ""position"": [205.0, 10.039999961853027, -70.0], ""angles"": [0, 57344, 0], ""params"": [1.0, 1.0, 1.0, 2, 0, 0], ""unused_pointer"": 75247744}"
government-ep2/q461-bb-e,6,56,"{""base_type"": 520, ""set_flags"": 2, ""runtime_index"": 193, ""file_offset"": 13172, ""floor_field"": 6, ""entity_id_field"": 16577, ""group"": 0, ""room"": 12, ""unknown_a3"": 0, ""position"": [183.0, 10.139999389648438, -90.0], ""angles"": [0, 24576, 0], ""params"": [1.0, 1.0, 1.0, 2, 0, 0], ""unused_pointer"": 75249072}"
government-ep2/q461-bb-e,6,66,"{""base_type"": 520, ""set_flags"": 2, ""runtime_index"": 203, ""file_offset"": 13852, ""floor_field"": 6, ""entity_id_field"": 16587, ""group"": 0, ""room"": 14, ""unknown_a3"": 0, ""position"": [-120.0, -100.0, -45.0], ""angles"": [0, 0, 0], ""params"": [1.0, 1.0, 1.0, 2, 0, 0], ""unused_pointer"": 75253696}"
government-ep2/q461-bb-e,6,69,"{""base_type"": 520, ""set_flags"": 2, ""runtime_index"": 206, ""file_offset"": 14056, ""floor_field"": 6, ""entity_id_field"": 16590, ""group"": 0, ""room"": 14, ""unknown_a3"": 0, ""position"": [-120.0, -100.0, -45.0], ""angles"": [0, 0, 0], ""params"": [1.0, 1.0, 1.0, 2, 0, 0], ""unused_pointer"": 75254912}"
government-ep2/q461-bb-e,7,1,"{""base_type"": 520, ""set_flags"": 2, ""runtime_index"": 245, ""file_offset"": 16724, ""floor_field"": 7, ""entity_id_field"": 16629, ""group"": 0, ""room"": 2, ""unknown_a3"": 0, ""position"": [58.0, -47.0, 22.0], ""angles"": [0, 16384, 0], ""params"": [1.0, 1.0, 1.0, 2, 0, 0], ""unused_pointer"": 75178384}"
government-ep2/q461-bb-e,7,2,"{""base_type"": 520, ""set_flags"": 2, ""runtime_index"": 246, ""file_offset"": 16792, ""floor_field"": 7, ""entity_id_field"": 16630, ""group"": 0, ""room"": 2, ""unknown_a3"": 0, ""position"": [66.0, -47.0, -8.0], ""angles"": [0, 11008, 0], ""params"": [1.0, 1.0, 1.0, 2, 0, 0], ""unused_pointer"": 75178624}"
government-ep2/q461-bb-e,7,34,"{""base_type"": 520, ""set_flags"": 2, ""runtime_index"": 278, ""file_offset"": 18968, ""floor_field"": 7, ""entity_id_field"": 16662, ""group"": 0, ""room"": 6, ""unknown_a3"": 0, ""position"": [-60.0, -54.189998626708984, 105.0], ""angles"": [0, 0, 0], ""params"": [1.0, 1.0, 1.0, 0, 0, 0], ""unused_pointer"": 75210000}"
government-ep2/q461-bb-e,7,38,"{""base_type"": 520, ""set_flags"": 2, ""runtime_index"": 282, ""file_offset"": 19240, ""floor_field"": 7, ""entity_id_field"": 16666, ""group"": 0, ""room"": 6, ""unknown_a3"": 0, ""position"": [-60.0, -44.189998626708984, 105.0], ""angles"": [0, 0, 0], ""params"": [1.0, 1.0, 1.0, 0, 0, 0], ""unused_pointer"": 75213024}"
government-ep2/q461-bb-e,7,93,"{""base_type"": 520, ""set_flags"": 2, ""runtime_index"": 337, ""file_offset"": 22980, ""floor_field"": 7, ""entity_id_field"": 16721, ""group"": 0, ""room"": 8, ""unknown_a3"": 0, ""position"": [-42.40998840332031, -66.9698486328125, 94.62188720703125], ""angles"": [0, 12288, 0], ""params"": [1.0, 1.0, 1.0, 0, 0, 0], ""unused_pointer"": 75262976}"
government-ep2/q461-bb-j,6,42,"{""base_type"": 520, ""set_flags"": 2, ""runtime_index"": 179, ""file_offset"": 12220, ""floor_field"": 6, ""entity_id_field"": 16563, ""group"": 0, ""room"": 9, ""unknown_a3"": 0, ""position"": [-9.0, -7.099999904632568, -130.0], ""angles"": [0, 4096, 0], ""params"": [1.0, 1.0, 1.0, 2, 0, 0], ""unused_pointer"": 75217568}"
government-ep2/q461-bb-j,6,45,"{""base_type"": 520, ""set_flags"": 2, ""runtime_index"": 182, ""file_offset"": 12424, ""floor_field"": 6, ""entity_id_field"": 16566, ""group"": 0, ""room"": 10, ""unknown_a3"": 0, ""position"": [115.0, -5.0, -85.0], ""angles"": [0, 24576, 0], ""params"": [1.0, 1.0, 1.0, 2, 0, 0], ""unused_pointer"": 75218784}"
government-ep2/q461-bb-j,6,46,"{""base_type"": 520, ""set_flags"": 2, ""runtime_index"": 183, ""file_offset"": 12492, ""floor_field"": 6, ""entity_id_field"": 16567, ""group"": 0, ""room"": 10, ""unknown_a3"": 0, ""position"": [130.0, -13.0, -40.0], ""angles"": [0, 53248, 0], ""params"": [1.0, 1.0, 1.0, 2, 0, 0], ""unused_pointer"": 75219648}"
government-ep2/q461-bb-j,6,47,"{""base_type"": 520, ""set_flags"": 2, ""runtime_index"": 184, ""file_offset"": 12560, ""floor_field"": 6, ""entity_id_field"": 16568, ""group"": 0, ""room"": 10, ""unknown_a3"": 0, ""position"": [128.0, -3.0, -67.0], ""angles"": [0, 53248, 0], ""params"": [1.0, 1.0, 1.0, 2, 0, 0], ""unused_pointer"": 75220512}"
government-ep2/q461-bb-j,6,53,"{""base_type"": 520, ""set_flags"": 2, ""runtime_index"": 190, ""file_offset"": 12968, ""floor_field"": 6, ""entity_id_field"": 16574, ""group"": 0, ""room"": 12, ""unknown_a3"": 0, ""position"": [183.0, 0.15087366104125977, -90.0], ""angles"": [0, 28672, 0], ""params"": [1.0, 1.0, 1.0, 2, 0, 0], ""unused_pointer"": 75246016}"
government-ep2/q461-bb-j,6,54,"{""base_type"": 520, ""set_flags"": 2, ""runtime_index"": 191, ""file_offset"": 13036, ""floor_field"": 6, ""entity_id_field"": 16575, ""group"": 0, ""room"": 12, ""unknown_a3"": 0, ""position"": [205.0, 0.042664192616939545, -75.0], ""angles"": [0, 28672, 0], ""params"": [1.0, 1.0, 1.0, 2, 0, 0], ""unused_pointer"": 75246880}"
government-ep2/q461-bb-j,6,55,"{""base_type"": 520, ""set_flags"": 2, ""runtime_index"": 192, ""file_offset"": 13104, ""floor_field"": 6, ""entity_id_field"": 16576, ""group"": 0, ""room"": 12, ""unknown_a3"": 0, ""position"": [205.0, 10.039999961853027, -70.0], ""angles"": [0, 57344, 0], ""params"": [1.0, 1.0, 1.0, 2, 0, 0], ""unused_pointer"": 75247744}"
government-ep2/q461-bb-j,6,56,"{""base_type"": 520, ""set_flags"": 2, ""runtime_index"": 193, ""file_offset"": 13172, ""floor_field"": 6, ""entity_id_field"": 16577, ""group"": 0, ""room"": 12, ""unknown_a3"": 0, ""position"": [183.0, 10.139999389648438, -90.0], ""angles"": [0, 24576, 0], ""params"": [1.0, 1.0, 1.0, 2, 0, 0], ""unused_pointer"": 75249072}"
government-ep2/q461-bb-j,6,66,"{""base_type"": 520, ""set_flags"": 2, ""runtime_index"": 203, ""file_offset"": 13852, ""floor_field"": 6, ""entity_id_field"": 16587, ""group"": 0, ""room"": 14, ""unknown_a3"": 0, ""position"": [-120.0, -100.0, -45.0], ""angles"": [0, 0, 0], ""params"": [1.0, 1.0, 1.0, 2, 0, 0], ""unused_pointer"": 75253696}"
government-ep2/q461-bb-j,6,69,"{""base_type"": 520, ""set_flags"": 2, ""runtime_index"": 206, ""file_offset"": 14056, ""floor_field"": 6, ""entity_id_field"": 16590, ""group"": 0, ""room"": 14, ""unknown_a3"": 0, ""position"": [-120.0, -100.0, -45.0], ""angles"": [0, 0, 0], ""params"": [1.0, 1.0, 1.0, 2, 0, 0], ""unused_pointer"": 75254912}"
government-ep2/q461-bb-j,7,1,"{""base_type"": 520, ""set_flags"": 2, ""runtime_index"": 245, ""file_offset"": 16724, ""floor_field"": 7, ""entity_id_field"": 16629, ""group"": 0, ""room"": 2, ""unknown_a3"": 0, ""position"": [58.0, -47.0, 22.0], ""angles"": [0, 16384, 0], ""params"": [1.0, 1.0, 1.0, 2, 0, 0], ""unused_pointer"": 75178384}"
government-ep2/q461-bb-j,7,2,"{""base_type"": 520, ""set_flags"": 2, ""runtime_index"": 246, ""file_offset"": 16792, ""floor_field"": 7, ""entity_id_field"": 16630, ""group"": 0, ""room"": 2, ""unknown_a3"": 0, ""position"": [66.0, -47.0, -8.0], ""angles"": [0, 11008, 0], ""params"": [1.0, 1.0, 1.0, 2, 0, 0], ""unused_pointer"": 75178624}"
government-ep2/q461-bb-j,7,34,"{""base_type"": 520, ""set_flags"": 2, ""runtime_index"": 278, ""file_offset"": 18968, ""floor_field"": 7, ""entity_id_field"": 16662, ""group"": 0, ""room"": 6, ""unknown_a3"": 0, ""position"": [-60.0, -54.189998626708984, 105.0], ""angles"": [0, 0, 0], ""params"": [1.0, 1.0, 1.0, 0, 0, 0], ""unused_pointer"": 75210000}"
government-ep2/q461-bb-j,7,38,"{""base_type"": 520, ""set_flags"": 2, ""runtime_index"": 282, ""file_offset"": 19240, ""floor_field"": 7, ""entity_id_field"": 16666, ""group"": 0, ""room"": 6, ""unknown_a3"": 0, ""position"": [-60.0, -44.189998626708984, 105.0], ""angles"": [0, 0, 0], ""params"": [1.0, 1.0, 1.0, 0, 0, 0], ""unused_pointer"": 75213024}"
government-ep2/q461-bb-j,7,93,"{""base_type"": 520, ""set_flags"": 2, ""runtime_index"": 337, ""file_offset"": 22980, ""floor_field"": 7, ""entity_id_field"": 16721, ""group"": 0, ""room"": 8, ""unknown_a3"": 0, ""position"": [-42.40998840332031, -66.9698486328125, 94.62188720703125], ""angles"": [0, 12288, 0], ""params"": [1.0, 1.0, 1.0, 0, 0, 0], ""unused_pointer"": 75262976}"
government-ep2/q462-bb-e,7,51,"{""base_type"": 520, ""set_flags"": 2, ""runtime_index"": 104, ""file_offset"": 7104, ""floor_field"": 7, ""entity_id_field"": 16488, ""group"": 0, ""room"": 2, ""unknown_a3"": 0, ""position"": [68.0, -45.0, -11.0], ""angles"": [0, 40960, 0], ""params"": [1.0, 1.0, 1.0, 2, 0, 0], ""unused_pointer"": 118128352}"
government-ep2/q462-bb-e,7,70,"{""base_type"": 520, ""set_flags"": 2, ""runtime_index"": 123, ""file_offset"": 8396, ""floor_field"": 7, ""entity_id_field"": 16507, ""group"": 0, ""room"": 3, ""unknown_a3"": 0, ""position"": [180.0, 13.0, -40.0], ""angles"": [0, 28672, 0], ""params"": [1.0, 1.0, 1.0, 2, 0, 0], ""unused_pointer"": 118141168}"
government-ep2/q462-bb-e,7,71,"{""base_type"": 520, ""set_flags"": 2, ""runtime_index"": 124, ""file_offset"": 8464, ""floor_field"": 7, ""entity_id_field"": 16508, ""group"": 0, ""room"": 3, ""unknown_a3"": 0, ""position"": [150.0, 19.527130126953125, -60.0], ""angles"": [0, 57344, 0], ""params"": [1.0, 1.0, 1.0, 2, 0, 0], ""unused_pointer"": 118142032}"
government-ep2/q462-bb-e,7,72,"{""base_type"": 520, ""set_flags"": 2, ""runtime_index"": 125, ""file_offset"": 8532, ""floor_field"": 7, ""entity_id_field"": 16509, ""group"": 0, ""room"": 3, ""unknown_a3"": 0, ""position"": [170.0, 16.928022384643555, -50.0], ""angles"": [0, 24576, 0], ""params"": [1.0, 1.0, 1.0, 2, 0, 0], ""unused_pointer"": 118142896}"
government-ep2/q462-bb-e,7,116,"{""base_type"": 520, ""set_flags"": 2, ""runtime_index"": 169, ""file_offset"": 11524, ""floor_field"": 7, ""entity_id_field"": 16553, ""group"": 0, ""room"": 8, ""unknown_a3"": 0, ""position"": [-42.40998840332031, -66.9698486328125, 94.62188720703125], ""angles"": [0, 12288, 0], ""params"": [1.0, 1.0, 1.0, 0, 0, 0], ""unused_pointer"": 118183920}"
government-ep2/q462-bb-e,8,9,"{""base_type"": 520, ""set_flags"": 2, ""runtime_index"": 179, ""file_offset"": 12492, ""floor_field"": 8, ""entity_id_field"": 16563, ""group"": 0, ""room"": 2, ""unknown_a3"": 0, ""position"": [10.0, -128.59999084472656, 119.969970703125], ""angles"": [0, 0, 0], ""params"": [1.0, 1.0, 1.0, 2, 0, 0], ""unused_pointer"": 118120896}"
government-ep2/q462-bb-e,8,32,"{""base_type"": 520, ""set_flags"": 2, ""runtime_index"": 202, ""file_offset"": 14056, ""floor_field"": 8, ""entity_id_field"": 16586, ""group"": 0, ""room"": 3, ""unknown_a3"": 0, ""position"": [-139.0800018310547, -85.0199966430664, 143.0399169921875], ""angles"": [0, 18688, 0], ""params"": [1.0, 1.0, 1.0, 2, 0, 0], ""unused_pointer"": 118135840}"
government-ep2/q462-bb-e,8,52,"{""base_type"": 520, ""set_flags"": 2, ""runtime_index"": 222, ""file_offset"": 15416, ""floor_field"": 8, ""entity_id_field"": 16606, ""group"": 0, ""room"": 3, ""unknown_a3"": 0, ""position"": [28.27069854736328, -51.34592056274414, 109.8499755859375], ""angles"": [0, 49152, 0], ""params"": [1.0, 1.0, 1.0, 2, 0, 0], ""unused_pointer"": 118143120}"
government-ep2/q462-bb-e,8,104,"{""base_type"": 520, ""set_flags"": 2, ""runtime_index"": 274, ""file_offset"": 18952, ""floor_field"": 8, ""entity_id_field"": 16658, ""group"": 0, ""room"": 4, ""unknown_a3"": 0, ""position"": [107.19537353515625, 0.0, 214.14923095703125], ""angles"": [0, 32768, 0], ""params"": [1.0, 1.0, 1.0, 2, 0, 0], ""unused_pointer"": 118178784}"
government-ep2/q462-bb-e,8,118,"{""base_type"": 520, ""set_flags"": 2, ""runtime_index"": 288, ""file_offset"": 19904, ""floor_field"": 8, ""entity_id_field"": 16672, ""group"": 0, ""room"": 4, ""unknown_a3"": 0, ""position"": [93.38409423828125, 2.2699999809265137, -167.77001953125], ""angles"": [0, 16384, 0], ""params"": [1.0, 1.0, 1.0, 2, 0, 0], ""unused_pointer"": 118185968}"
government-ep2/q462-bb-e,8,149,"{""base_type"": 520, ""set_flags"": 2, ""runtime_index"": 319, ""file_offset"": 22012, ""floor_field"": 8, ""entity_id_field"": 16703, ""group"": 0, ""room"": 8, ""unknown_a3"": 0, ""position"": [-150.0, 30.0, 78.5499267578125], ""angles"": [0, 0, 0], ""params"": [1.0, 1.0, 1.0, 2, 0, 0], ""unused_pointer"": 118209744}"
government-ep2/q462-bb-e,8,151,"{""base_type"": 520, ""set_flags"": 2, ""runtime_index"": 321, ""file_offset"": 22148, ""floor_field"": 8, ""entity_id_field"": 16705, ""group"": 0, ""room"": 8, ""unknown_a3"": 0, ""position"": [90.0, 6.000319480895996, -70.0], ""angles"": [0, 0, 0], ""params"": [1.0, 1.0, 1.0, 2, 0, 0], ""unused_pointer"": 118210800}"
government-ep2/q462-bb-e,8,173,"{""base_type"": 520, ""set_flags"": 2, ""runtime_index"": 343, ""file_offset"": 23644, ""floor_field"": 8, ""entity_id_field"": 16727, ""group"": 0, ""room"": 8, ""unknown_a3"": 0, ""position"": [-255.0, -2.0, -125.0], ""angles"": [0, 8192, 0], ""params"": [1.0, 1.0, 1.0, 2, 0, 0], ""unused_pointer"": 118220928}"
government-ep2/q462-bb-e,8,177,"{""base_type"": 520, ""set_flags"": 2, ""runtime_index"": 347, ""file_offset"": 23916, ""floor_field"": 8, ""entity_id_field"": 16731, ""group"": 0, ""room"": 8, ""unknown_a3"": 0, ""position"": [-240.0, -3.0, -150.0], ""angles"": [0, 12288, 0], ""params"": [1.0, 1.0, 1.0, 2, 0, 0], ""unused_pointer"": 118223024}"
government-ep2/q462-bb-j,7,51,"{""base_type"": 520, ""set_flags"": 2, ""runtime_index"": 104, ""file_offset"": 7104, ""floor_field"": 7, ""entity_id_field"": 16488, ""group"": 0, ""room"": 2, ""unknown_a3"": 0, ""position"": [68.0, -45.0, -11.0], ""angles"": [0, 40960, 0], ""params"": [1.0, 1.0, 1.0, 2, 0, 0], ""unused_pointer"": 118128352}"
government-ep2/q462-bb-j,7,70,"{""base_type"": 520, ""set_flags"": 2, ""runtime_index"": 123, ""file_offset"": 8396, ""floor_field"": 7, ""entity_id_field"": 16507, ""group"": 0, ""room"": 3, ""unknown_a3"": 0, ""position"": [180.0, 13.0, -40.0], ""angles"": [0, 28672, 0], ""params"": [1.0, 1.0, 1.0, 2, 0, 0], ""unused_pointer"": 118141168}"
government-ep2/q462-bb-j,7,71,"{""base_type"": 520, ""set_flags"": 2, ""runtime_index"": 124, ""file_offset"": 8464, ""floor_field"": 7, ""entity_id_field"": 16508, ""group"": 0, ""room"": 3, ""unknown_a3"": 0, ""position"": [150.0, 19.527130126953125, -60.0], ""angles"": [0, 57344, 0], ""params"": [1.0, 1.0, 1.0, 2, 0, 0], ""unused_pointer"": 118142032}"
government-ep2/q462-bb-j,7,72,"{""base_type"": 520, ""set_flags"": 2, ""runtime_index"": 125, ""file_offset"": 8532, ""floor_field"": 7, ""entity_id_field"": 16509, ""group"": 0, ""room"": 3, ""unknown_a3"": 0, ""position"": [170.0, 16.928022384643555, -50.0], ""angles"": [0, 24576, 0], ""params"": [1.0, 1.0, 1.0, 2, 0, 0], ""unused_pointer"": 118142896}"
government-ep2/q462-bb-j,7,116,"{""base_type"": 520, ""set_flags"": 2, ""runtime_index"": 169, ""file_offset"": 11524, ""floor_field"": 7, ""entity_id_field"": 16553, ""group"": 0, ""room"": 8, ""unknown_a3"": 0, ""position"": [-42.40998840332031, -66.9698486328125, 94.62188720703125], ""angles"": [0, 12288, 0], ""params"": [1.0, 1.0, 1.0, 0, 0, 0], ""unused_pointer"": 118183920}"
government-ep2/q462-bb-j,8,9,"{""base_type"": 520, ""set_flags"": 2, ""runtime_index"": 179, ""file_offset"": 12492, ""floor_field"": 8, ""entity_id_field"": 16563, ""group"": 0, ""room"": 2, ""unknown_a3"": 0, ""position"": [10.0, -128.59999084472656, 119.969970703125], ""angles"": [0, 0, 0], ""params"": [1.0, 1.0, 1.0, 2, 0, 0], ""unused_pointer"": 118120896}"
government-ep2/q462-bb-j,8,32,"{""base_type"": 520, ""set_flags"": 2, ""runtime_index"": 202, ""file_offset"": 14056, ""floor_field"": 8, ""entity_id_field"": 16586, ""group"": 0, ""room"": 3, ""unknown_a3"": 0, ""position"": [-139.0800018310547, -85.0199966430664, 143.0399169921875], ""angles"": [0, 18688, 0], ""params"": [1.0, 1.0, 1.0, 2, 0, 0], ""unused_pointer"": 118135840}"
government-ep2/q462-bb-j,8,52,"{""base_type"": 520, ""set_flags"": 2, ""runtime_index"": 222, ""file_offset"": 15416, ""floor_field"": 8, ""entity_id_field"": 16606, ""group"": 0, ""room"": 3, ""unknown_a3"": 0, ""position"": [28.27069854736328, -51.34592056274414, 109.8499755859375], ""angles"": [0, 49152, 0], ""params"": [1.0, 1.0, 1.0, 2, 0, 0], ""unused_pointer"": 118143120}"
government-ep2/q462-bb-j,8,104,"{""base_type"": 520, ""set_flags"": 2, ""runtime_index"": 274, ""file_offset"": 18952, ""floor_field"": 8, ""entity_id_field"": 16658, ""group"": 0, ""room"": 4, ""unknown_a3"": 0, ""position"": [107.19537353515625, 0.0, 214.14923095703125], ""angles"": [0, 32768, 0], ""params"": [1.0, 1.0, 1.0, 2, 0, 0], ""unused_pointer"": 118178784}"
government-ep2/q462-bb-j,8,118,"{""base_type"": 520, ""set_flags"": 2, ""runtime_index"": 288, ""file_offset"": 19904, ""floor_field"": 8, ""entity_id_field"": 16672, ""group"": 0, ""room"": 4, ""unknown_a3"": 0, ""position"": [93.38409423828125, 2.2699999809265137, -167.77001953125], ""angles"": [0, 16384, 0], ""params"": [1.0, 1.0, 1.0, 2, 0, 0], ""unused_pointer"": 118185968}"
government-ep2/q462-bb-j,8,149,"{""base_type"": 520, ""set_flags"": 2, ""runtime_index"": 319, ""file_offset"": 22012, ""floor_field"": 8, ""entity_id_field"": 16703, ""group"": 0, ""room"": 8, ""unknown_a3"": 0, ""position"": [-150.0, 30.0, 78.5499267578125], ""angles"": [0, 0, 0], ""params"": [1.0, 1.0, 1.0, 2, 0, 0], ""unused_pointer"": 118209744}"
government-ep2/q462-bb-j,8,151,"{""base_type"": 520, ""set_flags"": 2, ""runtime_index"": 321, ""file_offset"": 22148, ""floor_field"": 8, ""entity_id_field"": 16705, ""group"": 0, ""room"": 8, ""unknown_a3"": 0, ""position"": [90.0, 6.000319480895996, -70.0], ""angles"": [0, 0, 0], ""params"": [1.0, 1.0, 1.0, 2, 0, 0], ""unused_pointer"": 118210800}"
government-ep2/q462-bb-j,8,173,"{""base_type"": 520, ""set_flags"": 2, ""runtime_index"": 343, ""file_offset"": 23644, ""floor_field"": 8, ""entity_id_field"": 16727, ""group"": 0, ""room"": 8, ""unknown_a3"": 0, ""position"": [-255.0, -2.0, -125.0], ""angles"": [0, 8192, 0], ""params"": [1.0, 1.0, 1.0, 2, 0, 0], ""unused_pointer"": 118220928}"
government-ep2/q462-bb-j,8,177,"{""base_type"": 520, ""set_flags"": 2, ""runtime_index"": 347, ""file_offset"": 23916, ""floor_field"": 8, ""entity_id_field"": 16731, ""group"": 0, ""room"": 8, ""unknown_a3"": 0, ""position"": [-240.0, -3.0, -150.0], ""angles"": [0, 12288, 0], ""params"": [1.0, 1.0, 1.0, 2, 0, 0], ""unused_pointer"": 118223024}"
government-ep2/q463-bb-e,8,68,"{""base_type"": 520, ""set_flags"": 2, ""runtime_index"": 121, ""file_offset"": 8260, ""floor_field"": 8, ""entity_id_field"": 16505, ""group"": 0, ""room"": 3, ""unknown_a3"": 0, ""position"": [270.0, -4.003983974456787, -125.0], ""angles"": [0, 16384, 0], ""params"": [1.0, 1.0, 1.0, 2, 0, 0], ""unused_pointer"": 118141120}"
government-ep2/q463-bb-e,8,71,"{""base_type"": 520, ""set_flags"": 2, ""runtime_index"": 124, ""file_offset"": 8464, ""floor_field"": 8, ""entity_id_field"": 16508, ""group"": 0, ""room"": 3, ""unknown_a3"": 0, ""position"": [275.0, -4.0, -205.0], ""angles"": [0, 49152, 0], ""params"": [1.0, 1.0, 1.0, 2, 0, 0], ""unused_pointer"": 118143712}"
government-ep2/q463-bb-e,8,125,"{""base_type"": 520, ""set_flags"": 2, ""runtime_index"": 178, ""file_offset"": 12136, ""floor_field"": 8, ""entity_id_field"": 16562, ""group"": 0, ""room"": 4, ""unknown_a3"": 0, ""position"": [65.0, -15.0, -240.0], ""angles"": [0, 49152, 0], ""params"": [1.0, 1.0, 1.0, 2, 0, 0], ""unused_pointer"": 118179968}"
government-ep2/q463-bb-e,8,130,"{""base_type"": 520, ""set_flags"": 2, ""runtime_index"": 183, ""file_offset"": 12476, ""floor_field"": 8, ""entity_id_field"": 16567, ""group"": 0, ""room"": 4, ""unknown_a3"": 0, ""position"": [65.0, -0.00014209747314453125, -240.0], ""angles"": [0, 49152, 0], ""params"": [1.0, 1.0, 1.0, 2, 0, 0], ""unused_pointer"": 118184288}"
government-ep2/q463-bb-e,8,179,"{""base_type"": 520, ""set_flags"": 2, ""runtime_index"": 232, ""file_offset"": 15808, ""floor_field"": 8, ""entity_id_field"": 16616, ""group"": 0, ""room"": 8, ""unknown_a3"": 0, ""position"": [35.0, 7.809999942779541, -64.0], ""angles"": [0, 0, 0], ""params"": [1.0, 1.0, 1.0, 2, 0, 0], ""unused_pointer"": 118214688}"
government-ep2/q463-bb-e,8,180,"{""base_type"": 520, ""set_flags"": 2, ""runtime_index"": 233, ""file_offset"": 15876, ""floor_field"": 8, ""entity_id_field"": 16617, ""group"": 0, ""room"": 8, ""unknown_a3"": 0, ""position"": [-45.0, 7.809999942779541, -80.0], ""angles"": [0, 0, 0], ""params"": [1.0, 1.0, 1.0, 2, 0, 0], ""unused_pointer"": 118215552}"
government-ep2/q463-bb-e,9,63,"{""base_type"": 520, ""set_flags"": 512, ""runtime_index"": 24837, ""file_offset"": 22352, ""floor_field"": 9, ""entity_id_field"": 37705, ""group"": 0, ""room"": 3, ""unknown_a3"": 0, ""position"": [-731.2408447265625, 4.748496055603027, -308.72088623046875], ""angles"": [0, 39680, 0], ""params"": [1.0, 1.0, 1.0, 0, 0, 0], ""unused_pointer"": 3235307904}"
government-ep2/q463-bb-e,9,64,"{""base_type"": 520, ""set_flags"": 512, ""runtime_index"": 25093, ""file_offset"": 22420, ""floor_field"": 9, ""entity_id_field"": 37961, ""group"": 0, ""room"": 3, ""unknown_a3"": 0, ""position"": [-667.239990234375, 4.75, -368.7200012207031], ""angles"": [0, 39680, 0], ""params"": [1.0, 1.0, 1.0, 0, 0, 0], ""unused_pointer"": 2698699136}"
government-ep2/q463-bb-e,9,73,"{""base_type"": 520, ""set_flags"": 512, ""runtime_index"": 27397, ""file_offset"": 23032, ""floor_field"": 9, ""entity_id_field"": 40265, ""group"": 0, ""room"": 3, ""unknown_a3"": 0, ""position"": [-620.0, -5.599999904632568, 100.0], ""angles"": [0, 20480, 0], ""params"": [1.0, 1.0, 1.0, 0, 0, 0], ""unused_pointer"": 1626464640}"
government-ep2/q463-bb-j,8,68,"{""base_type"": 520, ""set_flags"": 2, ""runtime_index"": 121, ""file_offset"": 8260, ""floor_field"": 8, ""entity_id_field"": 16505, ""group"": 0, ""room"": 3, ""unknown_a3"": 0, ""position"": [270.0, -4.003983974456787, -125.0], ""angles"": [0, 16384, 0], ""params"": [1.0, 1.0, 1.0, 2, 0, 0], ""unused_pointer"": 118141120}"
government-ep2/q463-bb-j,8,71,"{""base_type"": 520, ""set_flags"": 2, ""runtime_index"": 124, ""file_offset"": 8464, ""floor_field"": 8, ""entity_id_field"": 16508, ""group"": 0, ""room"": 3, ""unknown_a3"": 0, ""position"": [275.0, -4.0, -205.0], ""angles"": [0, 49152, 0], ""params"": [1.0, 1.0, 1.0, 2, 0, 0], ""unused_pointer"": 118143712}"
government-ep2/q463-bb-j,8,125,"{""base_type"": 520, ""set_flags"": 2, ""runtime_index"": 178, ""file_offset"": 12136, ""floor_field"": 8, ""entity_id_field"": 16562, ""group"": 0, ""room"": 4, ""unknown_a3"": 0, ""position"": [65.0, -15.0, -240.0], ""angles"": [0, 49152, 0], ""params"": [1.0, 1.0, 1.0, 2, 0, 0], ""unused_pointer"": 118179968}"
government-ep2/q463-bb-j,8,130,"{""base_type"": 520, ""set_flags"": 2, ""runtime_index"": 183, ""file_offset"": 12476, ""floor_field"": 8, ""entity_id_field"": 16567, ""group"": 0, ""room"": 4, ""unknown_a3"": 0, ""position"": [65.0, -0.00014209747314453125, -240.0], ""angles"": [0, 49152, 0], ""params"": [1.0, 1.0, 1.0, 2, 0, 0], ""unused_pointer"": 118184288}"
government-ep2/q463-bb-j,8,179,"{""base_type"": 520, ""set_flags"": 2, ""runtime_index"": 232, ""file_offset"": 15808, ""floor_field"": 8, ""entity_id_field"": 16616, ""group"": 0, ""room"": 8, ""unknown_a3"": 0, ""position"": [35.0, 7.809999942779541, -64.0], ""angles"": [0, 0, 0], ""params"": [1.0, 1.0, 1.0, 2, 0, 0], ""unused_pointer"": 118214688}"
government-ep2/q463-bb-j,8,180,"{""base_type"": 520, ""set_flags"": 2, ""runtime_index"": 233, ""file_offset"": 15876, ""floor_field"": 8, ""entity_id_field"": 16617, ""group"": 0, ""room"": 8, ""unknown_a3"": 0, ""position"": [-45.0, 7.809999942779541, -80.0], ""angles"": [0, 0, 0], ""params"": [1.0, 1.0, 1.0, 2, 0, 0], ""unused_pointer"": 118215552}"
government-ep2/q463-bb-j,9,63,"{""base_type"": 520, ""set_flags"": 512, ""runtime_index"": 24837, ""file_offset"": 22352, ""floor_field"": 9, ""entity_id_field"": 37705, ""group"": 0, ""room"": 3, ""unknown_a3"": 0, ""position"": [-731.2408447265625, 4.748496055603027, -308.72088623046875], ""angles"": [0, 39680, 0], ""params"": [1.0, 1.0, 1.0, 0, 0, 0], ""unused_pointer"": 3235307904}"
government-ep2/q463-bb-j,9,64,"{""base_type"": 520, ""set_flags"": 512, ""runtime_index"": 25093, ""file_offset"": 22420, ""floor_field"": 9, ""entity_id_field"": 37961, ""group"": 0, ""room"": 3, ""unknown_a3"": 0, ""position"": [-667.239990234375, 4.75, -368.7200012207031], ""angles"": [0, 39680, 0], ""params"": [1.0, 1.0, 1.0, 0, 0, 0], ""unused_pointer"": 2698699136}"
government-ep2/q463-bb-j,9,73,"{""base_type"": 520, ""set_flags"": 512, ""runtime_index"": 27397, ""file_offset"": 23032, ""floor_field"": 9, ""entity_id_field"": 40265, ""group"": 0, ""room"": 3, ""unknown_a3"": 0, ""position"": [-620.0, -5.599999904632568, 100.0], ""angles"": [0, 20480, 0], ""params"": [1.0, 1.0, 1.0, 0, 0, 0], ""unused_pointer"": 1626464640}"
government-ep2/q464-bb-e,5,46,"{""base_type"": 520, ""set_flags"": 0, ""runtime_index"": 23048, ""file_offset"": 6764, ""floor_field"": 5, ""entity_id_field"": 58952, ""group"": 0, ""room"": 4, ""unknown_a3"": 0, ""position"": [-200.0, 50.0, 40.0], ""angles"": [0, 16384, 0], ""params"": [1.0, 1.0, 1.0, 2, 2, 2], ""unused_pointer"": 816439936}"
government-ep2/q464-bb-e,5,66,"{""base_type"": 520, ""set_flags"": 0, ""runtime_index"": 23304, ""file_offset"": 8124, ""floor_field"": 5, ""entity_id_field"": 9289, ""group"": 0, ""room"": 5, ""unknown_a3"": 0, ""position"": [-190.0, 50.0, -40.0], ""angles"": [0, 49152, 0], ""params"": [1.0, 1.0, 1.0, 2, 2, 2], ""unused_pointer"": 2427249280}"
government-ep2/q464-bb-j,5,46,"{""base_type"": 520, ""set_flags"": 0, ""runtime_index"": 23048, ""file_offset"": 6764, ""floor_field"": 5, ""entity_id_field"": 58952, ""group"": 0, ""room"": 4, ""unknown_a3"": 0, ""position"": [-200.0, 50.0, 40.0], ""angles"": [0, 16384, 0], ""params"": [1.0, 1.0, 1.0, 2, 2, 2], ""unused_pointer"": 816439936}"
government-ep2/q464-bb-j,5,66,"{""base_type"": 520, ""set_flags"": 0, ""runtime_index"": 23304, ""file_offset"": 8124, ""floor_field"": 5, ""entity_id_field"": 9289, ""group"": 0, ""room"": 5, ""unknown_a3"": 0, ""position"": [-190.0, 50.0, -40.0], ""angles"": [0, 49152, 0], ""params"": [1.0, 1.0, 1.0, 2, 2, 2], ""unused_pointer"": 2427249280}"
government-ep2/q465-bb-e,6,88,"{""base_type"": 520, ""set_flags"": 0, ""runtime_index"": 42502, ""file_offset"": 17796, ""floor_field"": 6, ""entity_id_field"": 26695, ""group"": 0, ""room"": 4, ""unknown_a3"": 0, ""position"": [224.01998901367188, 0.3999999761581421, 2.04998779296875], ""angles"": [0, 32768, 0], ""params"": [1.0, 1.0, 1.0, 2, 0, 0], ""unused_pointer"": 4028429952}"
government-ep2/q465-bb-e,6,107,"{""base_type"": 520, ""set_flags"": 0, ""runtime_index"": 18944, ""file_offset"": 19088, ""floor_field"": 6, ""entity_id_field"": 11584, ""group"": 0, ""room"": 9, ""unknown_a3"": 0, ""position"": [-8.81842041015625, -100.0, 145.31643676757812], ""angles"": [0, 36864, 0], ""params"": [1.0, 1.0, 1.0, 2, 0, 0], ""unused_pointer"": 1627321728}"
government-ep2/q465-bb-e,6,108,"{""base_type"": 520, ""set_flags"": 0, ""runtime_index"": 19200, ""file_offset"": 19156, ""floor_field"": 6, ""entity_id_field"": 11840, ""group"": 0, ""room"": 9, ""unknown_a3"": 0, ""position"": [-53.76220703125, -100.0, 137.96994018554688], ""angles"": [0, -8192, 0], ""params"": [1.0, 1.0, 1.0, 2, 0, 0], ""unused_pointer"": 2952984192}"
government-ep2/q465-bb-e,6,109,"{""base_type"": 520, ""set_flags"": 0, ""runtime_index"": 19456, ""file_offset"": 19224, ""floor_field"": 6, ""entity_id_field"": 12096, ""group"": 0, ""room"": 9, ""unknown_a3"": 0, ""position"": [-32.792022705078125, -102.3442611694336, 156.51312255859375], ""angles"": [0, 40960, 0], ""params"": [1.0, 1.0, 1.0, 0, 0, 0], ""unused_pointer"": 521856}"
government-ep2/q465-bb-e,6,112,"{""base_type"": 520, ""set_flags"": 512, ""runtime_index"": 64771, ""file_offset"": 19428, ""floor_field"": 6, ""entity_id_field"": 38216, ""group"": 0, ""room"": 10, ""unknown_a3"": 0, ""position"": [-150.0, -98.0, 60.0], ""angles"": [0, 20480, 0], ""params"": [1.0, 1.0, 1.0, 2, 0, 0], ""unused_pointer"": 1357838720}"
government-ep2/q465-bb-e,6,113,"{""base_type"": 520, ""set_flags"": 512, ""runtime_index"": 65027, ""file_offset"": 19496, ""floor_field"": 6, ""entity_id_field"": 38472, ""group"": 0, ""room"": 10, ""unknown_a3"": 0, ""position"": [-140.0, -96.0, 80.0], ""angles"": [0, 24576, 0], ""params"": [1.0, 1.0, 1.0, 2, 0, 0], ""unused_pointer"": 552794496}"
government-ep2/q465-bb-e,6,114,"{""base_type"": 520, ""set_flags"": 512, ""runtime_index"": 65283, ""file_offset"": 19564, ""floor_field"": 6, ""entity_id_field"": 38728, ""group"": 0, ""room"": 10, ""unknown_a3"": 0, ""position"": [-120.0, -97.0, 95.0], ""angles"": [0, 28672, 0], ""params"": [1.0, 1.0, 1.0, 2, 0, 0], ""unused_pointer"": 4042652032}"
government-ep2/q465-bb-e,6,146,"{""base_type"": 520, ""set_flags"": 512, ""runtime_index"": 33792, ""file_offset"": 21740, ""floor_field"": 6, ""entity_id_field"": 12353, ""group"": 0, ""room"": 12, ""unknown_a3"": 0, ""position"": [-196.37998962402344, -98.63999938964844, 56.449981689453125], ""angles"": [0, 10496, 0], ""params"": [1.0, 1.0, 1.0, 0, 0, 0], ""unused_pointer"": 1087960192}"
government-ep2/q465-bb-e,6,147,"{""base_type"": 520, ""set_flags"": 512, ""runtime_index"": 34048, ""file_offset"": 21808, ""floor_field"": 6, ""entity_id_field"": 12609, ""group"": 0, ""room"": 12, ""unknown_a3"": 0, ""position"": [-203.37998962402344, -98.63999938964844, 91.44998168945312], ""angles"": [0, -14080, 0], ""params"": [1.0, 1.0, 1.0, 0, 0, 0], ""unused_pointer"": 4039570816}"
government-ep2/q465-bb-e,8,63,"{""base_type"": 520, ""set_flags"": 512, ""runtime_index"": 9984, ""file_offset"": 37548, ""floor_field"": 8, ""entity_id_field"": 10048, ""group"": 0, ""room"": 2, ""unknown_a3"": 0, ""position"": [120.15000915527344, -100.00027465820312, 333.7120361328125], ""angles"": [0, 0, 0], ""params"": [1.0, 1.0, 1.0, 2, 0, 0], ""unused_pointer"": 2160850304}"
government-ep2/q465-bb-e,8,96,"{""base_type"": 520, ""set_flags"": 512, ""runtime_index"": 49156, ""file_offset"": 39792, ""floor_field"": 8, ""entity_id_field"": 49220, ""group"": 0, ""room"": 3, ""unknown_a3"": 0, ""position"": [270.0, -4.003983974456787, -125.0], ""angles"": [0, 16384, 0], ""params"": [1.0, 1.0, 1.0, 2, 0, 0], ""unused_pointer"": 4026726016}"
government-ep2/q465-bb-e,8,97,"{""base_type"": 520, ""set_flags"": 512, ""runtime_index"": 49412, ""file_offset"": 39860, ""floor_field"": 8, ""entity_id_field"": 49476, ""group"": 0, ""room"": 3, ""unknown_a3"": 0, ""position"": [275.0, -4.0, -205.0], ""angles"": [0, 49152, 0], ""params"": [1.0, 1.0, 1.0, 2, 0, 0], ""unused_pointer"": 1074263680}"
government-ep2/q465-bb-e,8,129,"{""base_type"": 520, ""set_flags"": 512, ""runtime_index"": 57604, ""file_offset"": 42036, ""floor_field"": 8, ""entity_id_field"": 57668, ""group"": 0, ""room"": 4, ""unknown_a3"": 0, ""position"": [-140.25, -4.049999713897705, 107.2099609375], ""angles"": [0, 16384, 0], ""params"": [1.0, 1.0, 1.0, 0, 0, 0], ""unused_pointer"": 810677888}"
government-ep2/q465-bb-e,8,169,"{""base_type"": 520, ""set_flags"": 512, ""runtime_index"": 7685, ""file_offset"": 44756, ""floor_field"": 8, ""entity_id_field"": 19528, ""group"": 0, ""room"": 5, ""unknown_a3"": 0, ""position"": [228.9610595703125, 99.99977111816406, 110.12701416015625], ""angles"": [0, -4096, 0], ""params"": [1.0, 1.0, 1.0, 0, 0, 0], ""unused_pointer"": 1075378816}"
government-ep2/q465-bb-e,8,193,"{""base_type"": 520, ""set_flags"": 512, ""runtime_index"": 8197, ""file_offset"": 46388, ""floor_field"": 8, ""entity_id_field"": 8261, ""group"": 0, ""room"": 6, ""unknown_a3"": 0, ""position"": [220.79852294921875, -0.000263214111328125, -164.992431640625], ""angles"": [0, 32768, 0], ""params"": [1.0, 1.0, 1.0, 0, 0, 0], ""unused_pointer"": 2161309312}"
government-ep2/q465-bb-e,8,198,"{""base_type"": 520, ""set_flags"": 512, ""runtime_index"": 19205, ""file_offset"": 46728, ""floor_field"": 8, ""entity_id_field"": 53575, ""group"": 0, ""room"": 8, ""unknown_a3"": 0, ""position"": [35.0, 7.809999942779541, -64.0], ""angles"": [0, 0, 0], ""params"": [1.0, 1.0, 1.0, 2, 0, 0], ""unused_pointer"": 2152855168}"
government-ep2/q465-bb-e,8,199,"{""base_type"": 520, ""set_flags"": 512, ""runtime_index"": 19461, ""file_offset"": 46796, ""floor_field"": 8, ""entity_id_field"": 53831, ""group"": 0, ""room"": 8, ""unknown_a3"": 0, ""position"": [-45.0, 7.809999942779541, -80.0], ""angles"": [0, 0, 0], ""params"": [1.0, 1.0, 1.0, 2, 0, 0], ""unused_pointer"": 3495294592}"
government-ep2/q465-bb-e,9,38,"{""base_type"": 520, ""set_flags"": 0, ""runtime_index"": 28416, ""file_offset"": 51096, ""floor_field"": 9, ""entity_id_field"": 58689, ""group"": 0, ""room"": 4, ""unknown_a3"": 0, ""position"": [-142.97998046875, -10.479999542236328, 190.0899658203125], ""angles"": [0, 53248, 0], ""params"": [1.0, 1.0, 1.0, 0, 0, 0], ""unused_pointer"": 552727936}"
government-ep2/q465-bb-j,6,88,"{""base_type"": 520, ""set_flags"": 0, ""runtime_index"": 42502, ""file_offset"": 17796, ""floor_field"": 6, ""entity_id_field"": 26695, ""group"": 0, ""room"": 4, ""unknown_a3"": 0, ""position"": [224.01998901367188, 0.3999999761581421, 2.04998779296875], ""angles"": [0, 32768, 0], ""params"": [1.0, 1.0, 1.0, 2, 0, 0], ""unused_pointer"": 4028429952}"
government-ep2/q465-bb-j,6,107,"{""base_type"": 520, ""set_flags"": 0, ""runtime_index"": 18944, ""file_offset"": 19088, ""floor_field"": 6, ""entity_id_field"": 11584, ""group"": 0, ""room"": 9, ""unknown_a3"": 0, ""position"": [-8.81842041015625, -100.0, 145.31643676757812], ""angles"": [0, 36864, 0], ""params"": [1.0, 1.0, 1.0, 2, 0, 0], ""unused_pointer"": 1627321728}"
government-ep2/q465-bb-j,6,108,"{""base_type"": 520, ""set_flags"": 0, ""runtime_index"": 19200, ""file_offset"": 19156, ""floor_field"": 6, ""entity_id_field"": 11840, ""group"": 0, ""room"": 9, ""unknown_a3"": 0, ""position"": [-53.76220703125, -100.0, 137.96994018554688], ""angles"": [0, -8192, 0], ""params"": [1.0, 1.0, 1.0, 2, 0, 0], ""unused_pointer"": 2952984192}"
government-ep2/q465-bb-j,6,109,"{""base_type"": 520, ""set_flags"": 0, ""runtime_index"": 19456, ""file_offset"": 19224, ""floor_field"": 6, ""entity_id_field"": 12096, ""group"": 0, ""room"": 9, ""unknown_a3"": 0, ""position"": [-32.792022705078125, -102.3442611694336, 156.51312255859375], ""angles"": [0, 40960, 0], ""params"": [1.0, 1.0, 1.0, 0, 0, 0], ""unused_pointer"": 521856}"
government-ep2/q465-bb-j,6,112,"{""base_type"": 520, ""set_flags"": 512, ""runtime_index"": 64771, ""file_offset"": 19428, ""floor_field"": 6, ""entity_id_field"": 38216, ""group"": 0, ""room"": 10, ""unknown_a3"": 0, ""position"": [-150.0, -98.0, 60.0], ""angles"": [0, 20480, 0], ""params"": [1.0, 1.0, 1.0, 2, 0, 0], ""unused_pointer"": 1357838720}"
government-ep2/q465-bb-j,6,113,"{""base_type"": 520, ""set_flags"": 512, ""runtime_index"": 65027, ""file_offset"": 19496, ""floor_field"": 6, ""entity_id_field"": 38472, ""group"": 0, ""room"": 10, ""unknown_a3"": 0, ""position"": [-140.0, -96.0, 80.0], ""angles"": [0, 24576, 0], ""params"": [1.0, 1.0, 1.0, 2, 0, 0], ""unused_pointer"": 552794496}"
government-ep2/q465-bb-j,6,114,"{""base_type"": 520, ""set_flags"": 512, ""runtime_index"": 65283, ""file_offset"": 19564, ""floor_field"": 6, ""entity_id_field"": 38728, ""group"": 0, ""room"": 10, ""unknown_a3"": 0, ""position"": [-120.0, -97.0, 95.0], ""angles"": [0, 28672, 0], ""params"": [1.0, 1.0, 1.0, 2, 0, 0], ""unused_pointer"": 4042652032}"
government-ep2/q465-bb-j,6,146,"{""base_type"": 520, ""set_flags"": 512, ""runtime_index"": 33792, ""file_offset"": 21740, ""floor_field"": 6, ""entity_id_field"": 12353, ""group"": 0, ""room"": 12, ""unknown_a3"": 0, ""position"": [-196.37998962402344, -98.63999938964844, 56.449981689453125], ""angles"": [0, 10496, 0], ""params"": [1.0, 1.0, 1.0, 0, 0, 0], ""unused_pointer"": 1087960192}"
government-ep2/q465-bb-j,6,147,"{""base_type"": 520, ""set_flags"": 512, ""runtime_index"": 34048, ""file_offset"": 21808, ""floor_field"": 6, ""entity_id_field"": 12609, ""group"": 0, ""room"": 12, ""unknown_a3"": 0, ""position"": [-203.37998962402344, -98.63999938964844, 91.44998168945312], ""angles"": [0, -14080, 0], ""params"": [1.0, 1.0, 1.0, 0, 0, 0], ""unused_pointer"": 4039570816}"
government-ep2/q465-bb-j,8,63,"{""base_type"": 520, ""set_flags"": 512, ""runtime_index"": 9984, ""file_offset"": 37548, ""floor_field"": 8, ""entity_id_field"": 10048, ""group"": 0, ""room"": 2, ""unknown_a3"": 0, ""position"": [120.15000915527344, -100.00027465820312, 333.7120361328125], ""angles"": [0, 0, 0], ""params"": [1.0, 1.0, 1.0, 2, 0, 0], ""unused_pointer"": 2160850304}"
government-ep2/q465-bb-j,8,96,"{""base_type"": 520, ""set_flags"": 512, ""runtime_index"": 49156, ""file_offset"": 39792, ""floor_field"": 8, ""entity_id_field"": 49220, ""group"": 0, ""room"": 3, ""unknown_a3"": 0, ""position"": [270.0, -4.003983974456787, -125.0], ""angles"": [0, 16384, 0], ""params"": [1.0, 1.0, 1.0, 2, 0, 0], ""unused_pointer"": 4026726016}"
government-ep2/q465-bb-j,8,97,"{""base_type"": 520, ""set_flags"": 512, ""runtime_index"": 49412, ""file_offset"": 39860, ""floor_field"": 8, ""entity_id_field"": 49476, ""group"": 0, ""room"": 3, ""unknown_a3"": 0, ""position"": [275.0, -4.0, -205.0], ""angles"": [0, 49152, 0], ""params"": [1.0, 1.0, 1.0, 2, 0, 0], ""unused_pointer"": 1074263680}"
government-ep2/q465-bb-j,8,129,"{""base_type"": 520, ""set_flags"": 512, ""runtime_index"": 57604, ""file_offset"": 42036, ""floor_field"": 8, ""entity_id_field"": 57668, ""group"": 0, ""room"": 4, ""unknown_a3"": 0, ""position"": [-140.25, -4.049999713897705, 107.2099609375], ""angles"": [0, 16384, 0], ""params"": [1.0, 1.0, 1.0, 0, 0, 0], ""unused_pointer"": 810677888}"
government-ep2/q465-bb-j,8,169,"{""base_type"": 520, ""set_flags"": 512, ""runtime_index"": 7685, ""file_offset"": 44756, ""floor_field"": 8, ""entity_id_field"": 19528, ""group"": 0, ""room"": 5, ""unknown_a3"": 0, ""position"": [228.9610595703125, 99.99977111816406, 110.12701416015625], ""angles"": [0, -4096, 0], ""params"": [1.0, 1.0, 1.0, 0, 0, 0], ""unused_pointer"": 1075378816}"
government-ep2/q465-bb-j,8,193,"{""base_type"": 520, ""set_flags"": 512, ""runtime_index"": 8197, ""file_offset"": 46388, ""floor_field"": 8, ""entity_id_field"": 8261, ""group"": 0, ""room"": 6, ""unknown_a3"": 0, ""position"": [220.79852294921875, -0.000263214111328125, -164.992431640625], ""angles"": [0, 32768, 0], ""params"": [1.0, 1.0, 1.0, 0, 0, 0], ""unused_pointer"": 2161309312}"
government-ep2/q465-bb-j,8,198,"{""base_type"": 520, ""set_flags"": 512, ""runtime_index"": 19205, ""file_offset"": 46728, ""floor_field"": 8, ""entity_id_field"": 53575, ""group"": 0, ""room"": 8, ""unknown_a3"": 0, ""position"": [35.0, 7.809999942779541, -64.0], ""angles"": [0, 0, 0], ""params"": [1.0, 1.0, 1.0, 2, 0, 0], ""unused_pointer"": 2152855168}"
government-ep2/q465-bb-j,8,199,"{""base_type"": 520, ""set_flags"": 512, ""runtime_index"": 19461, ""file_offset"": 46796, ""floor_field"": 8, ""entity_id_field"": 53831, ""group"": 0, ""room"": 8, ""unknown_a3"": 0, ""position"": [-45.0, 7.809999942779541, -80.0], ""angles"": [0, 0, 0], ""params"": [1.0, 1.0, 1.0, 2, 0, 0], ""unused_pointer"": 3495294592}"
government-ep2/q465-bb-j,9,38,"{""base_type"": 520, ""set_flags"": 0, ""runtime_index"": 28416, ""file_offset"": 51096, ""floor_field"": 9, ""entity_id_field"": 58689, ""group"": 0, ""room"": 4, ""unknown_a3"": 0, ""position"": [-142.97998046875, -10.479999542236328, 190.0899658203125], ""angles"": [0, 53248, 0], ""params"": [1.0, 1.0, 1.0, 0, 0, 0], ""unused_pointer"": 552727936}"
maximum-attack-ep2/q40-bb-e,5,16,"{""base_type"": 520, ""set_flags"": 0, ""runtime_index"": 0, ""file_offset"": 3908, ""floor_field"": 0, ""entity_id_field"": 0, ""group"": 0, ""room"": 6, ""unknown_a3"": 0, ""position"": [160.0, 50.0, 0.0], ""angles"": [0, 16384, 0], ""params"": [1.0, 1.0, 1.0, 0, 0, 0], ""unused_pointer"": 0}"
maximum-attack-ep2/q40-bb-e,5,20,"{""base_type"": 520, ""set_flags"": 0, ""runtime_index"": 0, ""file_offset"": 4180, ""floor_field"": 0, ""entity_id_field"": 0, ""group"": 0, ""room"": 3, ""unknown_a3"": 0, ""position"": [-140.84341430664062, 50.0, -64.86935424804688], ""angles"": [0, 24576, 0], ""params"": [1.0, 1.0, 1.0, 0, 0, 0], ""unused_pointer"": 0}"
maximum-attack-ep2/q40-bb-e,5,21,"{""base_type"": 520, ""set_flags"": 0, ""runtime_index"": 0, ""file_offset"": 4248, ""floor_field"": 0, ""entity_id_field"": 0, ""group"": 0, ""room"": 3, ""unknown_a3"": 0, ""position"": [-136.60244750976562, 49.99999237060547, -28.82105827331543], ""angles"": [0, 16384, 0], ""params"": [1.0, 1.0, 1.0, 0, 0, 0], ""unused_pointer"": 0}"
maximum-attack-ep2/q40-bb-j,5,16,"{""base_type"": 520, ""set_flags"": 0, ""runtime_index"": 0, ""file_offset"": 3908, ""floor_field"": 0, ""entity_id_field"": 0, ""group"": 0, ""room"": 6, ""unknown_a3"": 0, ""position"": [160.0, 50.0, 0.0], ""angles"": [0, 16384, 0], ""params"": [1.0, 1.0, 1.0, 0, 0, 0], ""unused_pointer"": 0}"
maximum-attack-ep2/q40-bb-j,5,20,"{""base_type"": 520, ""set_flags"": 0, ""runtime_index"": 0, ""file_offset"": 4180, ""floor_field"": 0, ""entity_id_field"": 0, ""group"": 0, ""room"": 3, ""unknown_a3"": 0, ""position"": [-140.84341430664062, 50.0, -64.86935424804688], ""angles"": [0, 24576, 0], ""params"": [1.0, 1.0, 1.0, 0, 0, 0], ""unused_pointer"": 0}"
maximum-attack-ep2/q40-bb-j,5,21,"{""base_type"": 520, ""set_flags"": 0, ""runtime_index"": 0, ""file_offset"": 4248, ""floor_field"": 0, ""entity_id_field"": 0, ""group"": 0, ""room"": 3, ""unknown_a3"": 0, ""position"": [-136.60244750976562, 49.99999237060547, -28.82105827331543], ""angles"": [0, 16384, 0], ""params"": [1.0, 1.0, 1.0, 0, 0, 0], ""unused_pointer"": 0}"
maximum-attack-ep2/q211-bb-e,6,46,"{""base_type"": 520, ""set_flags"": 0, ""runtime_index"": 37637, ""file_offset"": 31156, ""floor_field"": 6, ""entity_id_field"": 19014, ""group"": 0, ""room"": 9, ""unknown_a3"": 0, ""position"": [-9.0, -7.099999904632568, -130.0], ""angles"": [0, 4096, 0], ""params"": [1.0, 1.0, 1.0, 2, 0, 0], ""unused_pointer"": 2688873856}"
maximum-attack-ep2/q211-bb-e,6,55,"{""base_type"": 520, ""set_flags"": 512, ""runtime_index"": 43267, ""file_offset"": 31768, ""floor_field"": 6, ""entity_id_field"": 42056, ""group"": 0, ""room"": 14, ""unknown_a3"": 0, ""position"": [-120.0, -100.0, -45.0], ""angles"": [0, 0, 0], ""params"": [1.0, 1.0, 1.0, 2, 0, 0], ""unused_pointer"": 1074586496}"
maximum-attack-ep2/q211-bb-e,6,58,"{""base_type"": 520, ""set_flags"": 0, ""runtime_index"": 28421, ""file_offset"": 31972, ""floor_field"": 6, ""entity_id_field"": 42824, ""group"": 0, ""room"": 14, ""unknown_a3"": 0, ""position"": [-120.0, -100.0, -45.0], ""angles"": [0, 0, 0], ""params"": [1.0, 1.0, 1.0, 2, 0, 0], ""unused_pointer"": 2148656000}"
maximum-attack-ep2/q211-bb-e,7,26,"{""base_type"": 520, ""set_flags"": 0, ""runtime_index"": 13828, ""file_offset"": 35116, ""floor_field"": 7, ""entity_id_field"": 57416, ""group"": 0, ""room"": 6, ""unknown_a3"": 0, ""position"": [-60.0, -54.189998626708984, 105.0], ""angles"": [0, 0, 0], ""params"": [1.0, 1.0, 1.0, 0, 0, 0], ""unused_pointer"": 1620107904}"
maximum-attack-ep2/q211-bb-e,7,29,"{""base_type"": 520, ""set_flags"": 0, ""runtime_index"": 15876, ""file_offset"": 35320, ""floor_field"": 7, ""entity_id_field"": 58184, ""group"": 0, ""room"": 6, ""unknown_a3"": 0, ""position"": [-60.0, -44.189998626708984, 105.0], ""angles"": [0, 0, 0], ""params"": [1.0, 1.0, 1.0, 0, 0, 0], ""unused_pointer"": 3231441536}"
maximum-attack-ep2/q211-bb-e,7,70,"{""base_type"": 520, ""set_flags"": 512, ""runtime_index"": 20740, ""file_offset"": 38108, ""floor_field"": 7, ""entity_id_field"": 20804, ""group"": 0, ""room"": 8, ""unknown_a3"": 0, ""position"": [-42.40998840332031, -66.9698486328125, 94.62188720703125], ""angles"": [0, 12288, 0], ""params"": [1.0, 1.0, 1.0, 0, 0, 0], ""unused_pointer"": 277476480}"
maximum-attack-ep2/q211-bb-e,8,7,"{""base_type"": 520, ""set_flags"": 0, ""runtime_index"": 54534, ""file_offset"": 38668, ""floor_field"": 8, ""entity_id_field"": 58696, ""group"": 0, ""room"": 2, ""unknown_a3"": 0, ""position"": [10.0, -128.59999084472656, 119.969970703125], ""angles"": [0, 0, 0], ""params"": [1.0, 1.0, 1.0, 2, 0, 0], ""unused_pointer"": 3760974976}"
maximum-attack-ep2/q211-bb-e,8,30,"{""base_type"": 520, ""set_flags"": 512, ""runtime_index"": 32772, ""file_offset"": 40232, ""floor_field"": 8, ""entity_id_field"": 33864, ""group"": 0, ""room"": 3, ""unknown_a3"": 0, ""position"": [-139.0800018310547, -85.0199966430664, 143.0399169921875], ""angles"": [0, 18688, 0], ""params"": [1.0, 1.0, 1.0, 2, 0, 0], ""unused_pointer"": 2426266240}"
maximum-attack-ep2/q211-bb-e,8,50,"{""base_type"": 520, ""set_flags"": 512, ""runtime_index"": 37892, ""file_offset"": 41592, ""floor_field"": 8, ""entity_id_field"": 38984, ""group"": 0, ""room"": 3, ""unknown_a3"": 0, ""position"": [28.27069854736328, -51.34592056274414, 109.8499755859375], ""angles"": [0, 49152, 0], ""params"": [1.0, 1.0, 1.0, 2, 0, 0], ""unused_pointer"": 12444288}"
maximum-attack-ep2/q211-bb-e,8,102,"{""base_type"": 520, ""set_flags"": 512, ""runtime_index"": 28164, ""file_offset"": 45128, ""floor_field"": 8, ""entity_id_field"": 12617, ""group"": 0, ""room"": 4, ""unknown_a3"": 0, ""position"": [107.19537353515625, 0.0, 214.14923095703125], ""angles"": [0, 32768, 0], ""params"": [1.0, 1.0, 1.0, 2, 0, 0], ""unused_pointer"": 3222463360}"
maximum-attack-ep2/q211-bb-e,8,114,"{""base_type"": 520, ""set_flags"": 512, ""runtime_index"": 32772, ""file_offset"": 45944, ""floor_field"": 8, ""entity_id_field"": 15689, ""group"": 0, ""room"": 4, ""unknown_a3"": 0, ""position"": [93.38409423828125, 2.2699999809265137, -167.77001953125], ""angles"": [0, 16384, 0], ""params"": [1.0, 1.0, 1.0, 2, 0, 0], ""unused_pointer"": 3224298368}"
maximum-attack-ep2/q211-bb-e,8,138,"{""base_type"": 520, ""set_flags"": 0, ""runtime_index"": 262, ""file_offset"": 47576, ""floor_field"": 8, ""entity_id_field"": 63816, ""group"": 0, ""room"": 8, ""unknown_a3"": 0, ""position"": [-150.0, 30.0, 78.5499267578125], ""angles"": [0, 0, 0], ""params"": [1.0, 1.0, 1.0, 2, 0, 0], ""unused_pointer"": 1083302784}"
maximum-attack-ep2/q211-bb-e,8,140,"{""base_type"": 520, ""set_flags"": 512, ""runtime_index"": 37892, ""file_offset"": 47712, ""floor_field"": 8, ""entity_id_field"": 64328, ""group"": 0, ""room"": 8, ""unknown_a3"": 0, ""position"": [90.0, 6.000319480895996, -70.0], ""angles"": [0, 0, 0], ""params"": [1.0, 1.0, 1.0, 2, 0, 0], ""unused_pointer"": 3767919488}"
maximum-attack-ep2/q211-bb-e,9,41,"{""base_type"": 520, ""set_flags"": 512, ""runtime_index"": 24837, ""file_offset"": 54528, ""floor_field"": 9, ""entity_id_field"": 37705, ""group"": 0, ""room"": 3, ""unknown_a3"": 0, ""position"": [-731.2408447265625, 4.748496055603027, -308.72088623046875], ""angles"": [0, 39680, 0], ""params"": [1.0, 1.0, 1.0, 0, 0, 0], ""unused_pointer"": 3235307904}"
maximum-attack-ep2/q211-bb-e,9,42,"{""base_type"": 520, ""set_flags"": 512, ""runtime_index"": 25093, ""file_offset"": 54596, ""floor_field"": 9, ""entity_id_field"": 37961, ""group"": 0, ""room"": 3, ""unknown_a3"": 0, ""position"": [-667.239990234375, 4.75, -368.7200012207031], ""angles"": [0, 39680, 0], ""params"": [1.0, 1.0, 1.0, 0, 0, 0], ""unused_pointer"": 2698699136}"
maximum-attack-ep2/q211-bb-e,9,51,"{""base_type"": 520, ""set_flags"": 512, ""runtime_index"": 27397, ""file_offset"": 55208, ""floor_field"": 9, ""entity_id_field"": 40265, ""group"": 0, ""room"": 3, ""unknown_a3"": 0, ""position"": [-620.0, -5.599999904632568, 100.0], ""angles"": [0, 20480, 0], ""params"": [1.0, 1.0, 1.0, 0, 0, 0], ""unused_pointer"": 1626464640}"
maximum-attack-ep2/q494-bb-e,6,46,"{""base_type"": 520, ""set_flags"": 0, ""runtime_index"": 37637, ""file_offset"": 31020, ""floor_field"": 6, ""entity_id_field"": 18543, ""group"": 0, ""room"": 9, ""unknown_a3"": 0, ""position"": [-9.0, -7.099999904632568, -130.0], ""angles"": [0, 4096, 0], ""params"": [1.0, 1.0, 1.0, 2, 0, 0], ""unused_pointer"": 69922912}"
maximum-attack-ep2/q494-bb-e,6,55,"{""base_type"": 520, ""set_flags"": 512, ""runtime_index"": 43267, ""file_offset"": 31632, ""floor_field"": 6, ""entity_id_field"": 18552, ""group"": 0, ""room"": 14, ""unknown_a3"": 0, ""position"": [-120.0, -100.0, -45.0], ""angles"": [0, 0, 0], ""params"": [1.0, 1.0, 1.0, 2, 0, 0], ""unused_pointer"": 69925696}"
maximum-attack-ep2/q494-bb-e,6,58,"{""base_type"": 520, ""set_flags"": 0, ""runtime_index"": 28421, ""file_offset"": 31836, ""floor_field"": 6, ""entity_id_field"": 18555, ""group"": 0, ""room"": 14, ""unknown_a3"": 0, ""position"": [-120.0, -100.0, -45.0], ""angles"": [0, 0, 0], ""params"": [1.0, 1.0, 1.0, 2, 0, 0], ""unused_pointer"": 69926912}"
maximum-attack-ep2/q494-bb-e,7,26,"{""base_type"": 520, ""set_flags"": 0, ""runtime_index"": 13828, ""file_offset"": 34980, ""floor_field"": 7, ""entity_id_field"": 57416, ""group"": 0, ""room"": 6, ""unknown_a3"": 0, ""position"": [-60.0, -54.189998626708984, 105.0], ""angles"": [0, 0, 0], ""params"": [1.0, 1.0, 1.0, 0, 0, 0], ""unused_pointer"": 1620107904}"
maximum-attack-ep2/q494-bb-e,7,29,"{""base_type"": 520, ""set_flags"": 0, ""runtime_index"": 15876, ""file_offset"": 35184, ""floor_field"": 7, ""entity_id_field"": 58184, ""group"": 0, ""room"": 6, ""unknown_a3"": 0, ""position"": [-60.0, -44.189998626708984, 105.0], ""angles"": [0, 0, 0], ""params"": [1.0, 1.0, 1.0, 0, 0, 0], ""unused_pointer"": 3231441536}"
maximum-attack-ep2/q494-bb-e,7,70,"{""base_type"": 520, ""set_flags"": 512, ""runtime_index"": 20740, ""file_offset"": 37972, ""floor_field"": 7, ""entity_id_field"": 20804, ""group"": 0, ""room"": 8, ""unknown_a3"": 0, ""position"": [-42.40998840332031, -66.9698486328125, 94.62188720703125], ""angles"": [0, 12288, 0], ""params"": [1.0, 1.0, 1.0, 0, 0, 0], ""unused_pointer"": 277476480}"
maximum-attack-ep2/q494-bb-e,8,7,"{""base_type"": 520, ""set_flags"": 0, ""runtime_index"": 54534, ""file_offset"": 38532, ""floor_field"": 8, ""entity_id_field"": 58696, ""group"": 0, ""room"": 2, ""unknown_a3"": 0, ""position"": [10.0, -128.59999084472656, 119.969970703125], ""angles"": [0, 0, 0], ""params"": [1.0, 1.0, 1.0, 2, 0, 0], ""unused_pointer"": 3760974976}"
maximum-attack-ep2/q494-bb-e,8,30,"{""base_type"": 520, ""set_flags"": 512, ""runtime_index"": 32772, ""file_offset"": 40096, ""floor_field"": 8, ""entity_id_field"": 33864, ""group"": 0, ""room"": 3, ""unknown_a3"": 0, ""position"": [-139.0800018310547, -85.0199966430664, 143.0399169921875], ""angles"": [0, 18688, 0], ""params"": [1.0, 1.0, 1.0, 2, 0, 0], ""unused_pointer"": 2426266240}"
maximum-attack-ep2/q494-bb-e,8,50,"{""base_type"": 520, ""set_flags"": 512, ""runtime_index"": 37892, ""file_offset"": 41456, ""floor_field"": 8, ""entity_id_field"": 38984, ""group"": 0, ""room"": 3, ""unknown_a3"": 0, ""position"": [28.27069854736328, -51.34592056274414, 109.8499755859375], ""angles"": [0, 49152, 0], ""params"": [1.0, 1.0, 1.0, 2, 0, 0], ""unused_pointer"": 12444288}"
maximum-attack-ep2/q494-bb-e,8,102,"{""base_type"": 520, ""set_flags"": 512, ""runtime_index"": 28164, ""file_offset"": 44992, ""floor_field"": 8, ""entity_id_field"": 12617, ""group"": 0, ""room"": 4, ""unknown_a3"": 0, ""position"": [107.19537353515625, 0.0, 214.14923095703125], ""angles"": [0, 32768, 0], ""params"": [1.0, 1.0, 1.0, 2, 0, 0], ""unused_pointer"": 3222463360}"
maximum-attack-ep2/q494-bb-e,8,114,"{""base_type"": 520, ""set_flags"": 512, ""runtime_index"": 32772, ""file_offset"": 45808, ""floor_field"": 8, ""entity_id_field"": 15689, ""group"": 0, ""room"": 4, ""unknown_a3"": 0, ""position"": [93.38409423828125, 2.2699999809265137, -167.77001953125], ""angles"": [0, 16384, 0], ""params"": [1.0, 1.0, 1.0, 2, 0, 0], ""unused_pointer"": 3224298368}"
maximum-attack-ep2/q494-bb-e,8,138,"{""base_type"": 520, ""set_flags"": 0, ""runtime_index"": 262, ""file_offset"": 47440, ""floor_field"": 8, ""entity_id_field"": 63816, ""group"": 0, ""room"": 8, ""unknown_a3"": 0, ""position"": [-150.0, 30.0, 78.5499267578125], ""angles"": [0, 0, 0], ""params"": [1.0, 1.0, 1.0, 2, 0, 0], ""unused_pointer"": 1083302784}"
maximum-attack-ep2/q494-bb-e,8,140,"{""base_type"": 520, ""set_flags"": 512, ""runtime_index"": 37892, ""file_offset"": 47576, ""floor_field"": 8, ""entity_id_field"": 64328, ""group"": 0, ""room"": 8, ""unknown_a3"": 0, ""position"": [90.0, 6.000319480895996, -70.0], ""angles"": [0, 0, 0], ""params"": [1.0, 1.0, 1.0, 2, 0, 0], ""unused_pointer"": 3767919488}"
maximum-attack-ep2/q494-bb-e,9,41,"{""base_type"": 520, ""set_flags"": 512, ""runtime_index"": 24837, ""file_offset"": 54392, ""floor_field"": 9, ""entity_id_field"": 37705, ""group"": 0, ""room"": 3, ""unknown_a3"": 0, ""position"": [-731.2408447265625, 4.748496055603027, -308.72088623046875], ""angles"": [0, 39680, 0], ""params"": [1.0, 1.0, 1.0, 0, 0, 0], ""unused_pointer"": 3235307904}"
maximum-attack-ep2/q494-bb-e,9,42,"{""base_type"": 520, ""set_flags"": 512, ""runtime_index"": 25093, ""file_offset"": 54460, ""floor_field"": 9, ""entity_id_field"": 37961, ""group"": 0, ""room"": 3, ""unknown_a3"": 0, ""position"": [-667.239990234375, 4.75, -368.7200012207031], ""angles"": [0, 39680, 0], ""params"": [1.0, 1.0, 1.0, 0, 0, 0], ""unused_pointer"": 2698699136}"
maximum-attack-ep2/q494-bb-e,9,51,"{""base_type"": 520, ""set_flags"": 512, ""runtime_index"": 27397, ""file_offset"": 55072, ""floor_field"": 9, ""entity_id_field"": 40265, ""group"": 0, ""room"": 3, ""unknown_a3"": 0, ""position"": [-620.0, -5.599999904632568, 100.0], ""angles"": [0, 20480, 0], ""params"": [1.0, 1.0, 1.0, 0, 0, 0], ""unused_pointer"": 1626464640}"
maximum-attack-ep2/q494-bb-j,6,46,"{""base_type"": 520, ""set_flags"": 0, ""runtime_index"": 37637, ""file_offset"": 31020, ""floor_field"": 6, ""entity_id_field"": 18543, ""group"": 0, ""room"": 9, ""unknown_a3"": 0, ""position"": [-9.0, -7.099999904632568, -130.0], ""angles"": [0, 4096, 0], ""params"": [1.0, 1.0, 1.0, 2, 0, 0], ""unused_pointer"": 69922912}"
maximum-attack-ep2/q494-bb-j,6,55,"{""base_type"": 520, ""set_flags"": 512, ""runtime_index"": 43267, ""file_offset"": 31632, ""floor_field"": 6, ""entity_id_field"": 18552, ""group"": 0, ""room"": 14, ""unknown_a3"": 0, ""position"": [-120.0, -100.0, -45.0], ""angles"": [0, 0, 0], ""params"": [1.0, 1.0, 1.0, 2, 0, 0], ""unused_pointer"": 69925696}"
maximum-attack-ep2/q494-bb-j,6,58,"{""base_type"": 520, ""set_flags"": 0, ""runtime_index"": 28421, ""file_offset"": 31836, ""floor_field"": 6, ""entity_id_field"": 18555, ""group"": 0, ""room"": 14, ""unknown_a3"": 0, ""position"": [-120.0, -100.0, -45.0], ""angles"": [0, 0, 0], ""params"": [1.0, 1.0, 1.0, 2, 0, 0], ""unused_pointer"": 69926912}"
maximum-attack-ep2/q494-bb-j,7,26,"{""base_type"": 520, ""set_flags"": 0, ""runtime_index"": 13828, ""file_offset"": 34980, ""floor_field"": 7, ""entity_id_field"": 57416, ""group"": 0, ""room"": 6, ""unknown_a3"": 0, ""position"": [-60.0, -54.189998626708984, 105.0], ""angles"": [0, 0, 0], ""params"": [1.0, 1.0, 1.0, 0, 0, 0], ""unused_pointer"": 1620107904}"
maximum-attack-ep2/q494-bb-j,7,29,"{""base_type"": 520, ""set_flags"": 0, ""runtime_index"": 15876, ""file_offset"": 35184, ""floor_field"": 7, ""entity_id_field"": 58184, ""group"": 0, ""room"": 6, ""unknown_a3"": 0, ""position"": [-60.0, -44.189998626708984, 105.0], ""angles"": [0, 0, 0], ""params"": [1.0, 1.0, 1.0, 0, 0, 0], ""unused_pointer"": 3231441536}"
maximum-attack-ep2/q494-bb-j,7,70,"{""base_type"": 520, ""set_flags"": 512, ""runtime_index"": 20740, ""file_offset"": 37972, ""floor_field"": 7, ""entity_id_field"": 20804, ""group"": 0, ""room"": 8, ""unknown_a3"": 0, ""position"": [-42.40998840332031, -66.9698486328125, 94.62188720703125], ""angles"": [0, 12288, 0], ""params"": [1.0, 1.0, 1.0, 0, 0, 0], ""unused_pointer"": 277476480}"
maximum-attack-ep2/q494-bb-j,8,7,"{""base_type"": 520, ""set_flags"": 0, ""runtime_index"": 54534, ""file_offset"": 38532, ""floor_field"": 8, ""entity_id_field"": 58696, ""group"": 0, ""room"": 2, ""unknown_a3"": 0, ""position"": [10.0, -128.59999084472656, 119.969970703125], ""angles"": [0, 0, 0], ""params"": [1.0, 1.0, 1.0, 2, 0, 0], ""unused_pointer"": 3760974976}"
maximum-attack-ep2/q494-bb-j,8,30,"{""base_type"": 520, ""set_flags"": 512, ""runtime_index"": 32772, ""file_offset"": 40096, ""floor_field"": 8, ""entity_id_field"": 33864, ""group"": 0, ""room"": 3, ""unknown_a3"": 0, ""position"": [-139.0800018310547, -85.0199966430664, 143.0399169921875], ""angles"": [0, 18688, 0], ""params"": [1.0, 1.0, 1.0, 2, 0, 0], ""unused_pointer"": 2426266240}"
maximum-attack-ep2/q494-bb-j,8,50,"{""base_type"": 520, ""set_flags"": 512, ""runtime_index"": 37892, ""file_offset"": 41456, ""floor_field"": 8, ""entity_id_field"": 38984, ""group"": 0, ""room"": 3, ""unknown_a3"": 0, ""position"": [28.27069854736328, -51.34592056274414, 109.8499755859375], ""angles"": [0, 49152, 0], ""params"": [1.0, 1.0, 1.0, 2, 0, 0], ""unused_pointer"": 12444288}"
maximum-attack-ep2/q494-bb-j,8,102,"{""base_type"": 520, ""set_flags"": 512, ""runtime_index"": 28164, ""file_offset"": 44992, ""floor_field"": 8, ""entity_id_field"": 12617, ""group"": 0, ""room"": 4, ""unknown_a3"": 0, ""position"": [107.19537353515625, 0.0, 214.14923095703125], ""angles"": [0, 32768, 0], ""params"": [1.0, 1.0, 1.0, 2, 0, 0], ""unused_pointer"": 3222463360}"
maximum-attack-ep2/q494-bb-j,8,114,"{""base_type"": 520, ""set_flags"": 512, ""runtime_index"": 32772, ""file_offset"": 45808, ""floor_field"": 8, ""entity_id_field"": 15689, ""group"": 0, ""room"": 4, ""unknown_a3"": 0, ""position"": [93.38409423828125, 2.2699999809265137, -167.77001953125], ""angles"": [0, 16384, 0], ""params"": [1.0, 1.0, 1.0, 2, 0, 0], ""unused_pointer"": 3224298368}"
maximum-attack-ep2/q494-bb-j,8,138,"{""base_type"": 520, ""set_flags"": 0, ""runtime_index"": 262, ""file_offset"": 47440, ""floor_field"": 8, ""entity_id_field"": 63816, ""group"": 0, ""room"": 8, ""unknown_a3"": 0, ""position"": [-150.0, 30.0, 78.5499267578125], ""angles"": [0, 0, 0], ""params"": [1.0, 1.0, 1.0, 2, 0, 0], ""unused_pointer"": 1083302784}"
maximum-attack-ep2/q494-bb-j,8,140,"{""base_type"": 520, ""set_flags"": 512, ""runtime_index"": 37892, ""file_offset"": 47576, ""floor_field"": 8, ""entity_id_field"": 64328, ""group"": 0, ""room"": 8, ""unknown_a3"": 0, ""position"": [90.0, 6.000319480895996, -70.0], ""angles"": [0, 0, 0], ""params"": [1.0, 1.0, 1.0, 2, 0, 0], ""unused_pointer"": 3767919488}"
maximum-attack-ep2/q494-bb-j,9,41,"{""base_type"": 520, ""set_flags"": 512, ""runtime_index"": 24837, ""file_offset"": 54392, ""floor_field"": 9, ""entity_id_field"": 37705, ""group"": 0, ""room"": 3, ""unknown_a3"": 0, ""position"": [-731.2408447265625, 4.748496055603027, -308.72088623046875], ""angles"": [0, 39680, 0], ""params"": [1.0, 1.0, 1.0, 0, 0, 0], ""unused_pointer"": 3235307904}"
maximum-attack-ep2/q494-bb-j,9,42,"{""base_type"": 520, ""set_flags"": 512, ""runtime_index"": 25093, ""file_offset"": 54460, ""floor_field"": 9, ""entity_id_field"": 37961, ""group"": 0, ""room"": 3, ""unknown_a3"": 0, ""position"": [-667.239990234375, 4.75, -368.7200012207031], ""angles"": [0, 39680, 0], ""params"": [1.0, 1.0, 1.0, 0, 0, 0], ""unused_pointer"": 2698699136}"
maximum-attack-ep2/q494-bb-j,9,51,"{""base_type"": 520, ""set_flags"": 512, ""runtime_index"": 27397, ""file_offset"": 55072, ""floor_field"": 9, ""entity_id_field"": 40265, ""group"": 0, ""room"": 3, ""unknown_a3"": 0, ""position"": [-620.0, -5.599999904632568, 100.0], ""angles"": [0, 20480, 0], ""params"": [1.0, 1.0, 1.0, 0, 0, 0], ""unused_pointer"": 1626464640}"
retrieval-ep2/q54-bb-e,5,34,"{""base_type"": 520, ""set_flags"": 0, ""runtime_index"": 0, ""file_offset"": 6016, ""floor_field"": 0, ""entity_id_field"": 0, ""group"": 0, ""room"": 5, ""unknown_a3"": 0, ""position"": [-190.0, 50.0, -40.0], ""angles"": [0, 16384, 0], ""params"": [1.0, 1.0, 1.0, 2, 2, 0], ""unused_pointer"": 2427249280}"
retrieval-ep2/q54-bb-e,5,66,"{""base_type"": 520, ""set_flags"": 0, ""runtime_index"": 0, ""file_offset"": 8192, ""floor_field"": 0, ""entity_id_field"": 0, ""group"": 0, ""room"": 10, ""unknown_a3"": 0, ""position"": [200.0, 0.0, -10.0], ""angles"": [0, 16384, 0], ""params"": [1.0, 1.0, 1.0, 0, 0, 0], ""unused_pointer"": 0}"
retrieval-ep2/q54-bb-e,6,31,"{""base_type"": 520, ""set_flags"": 2, ""runtime_index"": 179, ""file_offset"": 10724, ""floor_field"": 6, ""entity_id_field"": 16563, ""group"": 0, ""room"": 9, ""unknown_a3"": 0, ""position"": [-9.0, -7.099999904632568, -130.0], ""angles"": [0, 4096, 0], ""params"": [1.0, 1.0, 1.0, 2, 0, 0], ""unused_pointer"": 75217568}"
retrieval-ep2/q54-bb-e,6,34,"{""base_type"": 520, ""set_flags"": 2, ""runtime_index"": 182, ""file_offset"": 10928, ""floor_field"": 6, ""entity_id_field"": 16566, ""group"": 0, ""room"": 10, ""unknown_a3"": 0, ""position"": [115.0, -5.0, -85.0], ""angles"": [0, 24576, 0], ""params"": [1.0, 1.0, 1.0, 2, 0, 0], ""unused_pointer"": 75218784}"
retrieval-ep2/q54-bb-e,6,35,"{""base_type"": 520, ""set_flags"": 2, ""runtime_index"": 183, ""file_offset"": 10996, ""floor_field"": 6, ""entity_id_field"": 16567, ""group"": 0, ""room"": 10, ""unknown_a3"": 0, ""position"": [130.0, -13.0, -40.0], ""angles"": [0, 53248, 0], ""params"": [1.0, 1.0, 1.0, 2, 0, 0], ""unused_pointer"": 75219648}"
retrieval-ep2/q54-bb-e,6,36,"{""base_type"": 520, ""set_flags"": 2, ""runtime_index"": 184, ""file_offset"": 11064, ""floor_field"": 6, ""entity_id_field"": 16568, ""group"": 0, ""room"": 10, ""unknown_a3"": 0, ""position"": [128.0, -3.0, -67.0], ""angles"": [0, 53248, 0], ""params"": [1.0, 1.0, 1.0, 2, 0, 0], ""unused_pointer"": 75220512}"
retrieval-ep2/q54-bb-e,6,37,"{""base_type"": 520, ""set_flags"": 2, ""runtime_index"": 190, ""file_offset"": 11132, ""floor_field"": 6, ""entity_id_field"": 16574, ""group"": 0, ""room"": 12, ""unknown_a3"": 0, ""position"": [-192.5562286376953, -89.87619018554688, 67.0456314086914], ""angles"": [0, 12890, 0], ""params"": [1.0, 1.0, 1.0, 0, 0, 0], ""unused_pointer"": 75246016}"
retrieval-ep2/q54-bb-e,6,38,"{""base_type"": 520, ""set_flags"": 2, ""runtime_index"": 191, ""file_offset"": 11200, ""floor_field"": 6, ""entity_id_field"": 16575, ""group"": 0, ""room"": 12, ""unknown_a3"": 0, ""position"": [-195.70211791992188, -89.78276062011719, 86.63225555419922], ""angles"": [0, 14943, 0], ""params"": [1.0, 1.0, 1.0, 0, 0, 0], ""unused_pointer"": 75246880}"
retrieval-ep2/q54-bb-e,6,39,"{""base_type"": 520, ""set_flags"": 2, ""runtime_index"": 192, ""file_offset"": 11268, ""floor_field"": 6, ""entity_id_field"": 16576, ""group"": 0, ""room"": 12, ""unknown_a3"": 0, ""position"": [-193.6443634033203, -89.8893051147461, 72.48635864257812], ""angles"": [0, 13493, 0], ""params"": [1.0, 1.0, 1.0, 0, 0, 0], ""unused_pointer"": 75247744}"
retrieval-ep2/q54-bb-e,6,40,"{""base_type"": 520, ""set_flags"": 2, ""runtime_index"": 193, ""file_offset"": 11336, ""floor_field"": 6, ""entity_id_field"": 16577, ""group"": 0, ""room"": 12, ""unknown_a3"": 0, ""position"": [-188.6443634033203, -92.0, 55.07603073120117], ""angles"": [0, 13759, 0], ""params"": [1.0, 1.0, 1.0, 0, 0, 0], ""unused_pointer"": 75249072}"
retrieval-ep2/q54-bb-e,6,43,"{""base_type"": 520, ""set_flags"": 2, ""runtime_index"": 203, ""file_offset"": 11540, ""floor_field"": 6, ""entity_id_field"": 16587, ""group"": 0, ""room"": 14, ""unknown_a3"": 0, ""position"": [-120.0, -100.0, -45.0], ""angles"": [0, 0, 0], ""params"": [1.0, 1.0, 1.0, 2, 0, 0], ""unused_pointer"": 75253696}"
retrieval-ep2/q54-bb-e,6,46,"{""base_type"": 520, ""set_flags"": 2, ""runtime_index"": 206, ""file_offset"": 11744, ""floor_field"": 6, ""entity_id_field"": 16590, ""group"": 0, ""room"": 14, ""unknown_a3"": 0, ""position"": [-120.0, -100.0, -45.0], ""angles"": [0, 0, 0], ""params"": [1.0, 1.0, 1.0, 2, 0, 0], ""unused_pointer"": 75254912}"
retrieval-ep2/q54-bb-e,7,19,"{""base_type"": 520, ""set_flags"": 2, ""runtime_index"": 278, ""file_offset"": 16996, ""floor_field"": 7, ""entity_id_field"": 16662, ""group"": 0, ""room"": 6, ""unknown_a3"": 0, ""position"": [-60.0, -54.189998626708984, 105.0], ""angles"": [0, 0, 0], ""params"": [1.0, 1.0, 1.0, 0, 0, 0], ""unused_pointer"": 75210000}"
retrieval-ep2/q54-bb-e,7,68,"{""base_type"": 520, ""set_flags"": 2, ""runtime_index"": 337, ""file_offset"": 20328, ""floor_field"": 7, ""entity_id_field"": 16721, ""group"": 0, ""room"": 8, ""unknown_a3"": 0, ""position"": [-42.40998840332031, -66.9698486328125, 94.62188720703125], ""angles"": [0, 12288, 0], ""params"": [1.0, 1.0, 1.0, 0, 0, 0], ""unused_pointer"": 75262976}"
retrieval-ep2/q54-bb-e,8,7,"{""base_type"": 520, ""set_flags"": 2, ""runtime_index"": 179, ""file_offset"": 22792, ""floor_field"": 8, ""entity_id_field"": 16563, ""group"": 0, ""room"": 2, ""unknown_a3"": 0, ""position"": [10.0, -128.59999084472656, 119.969970703125], ""angles"": [0, 0, 0], ""params"": [1.0, 1.0, 1.0, 2, 0, 0], ""unused_pointer"": 118120896}"
retrieval-ep2/q54-bb-e,8,25,"{""base_type"": 520, ""set_flags"": 2, ""runtime_index"": 202, ""file_offset"": 24016, ""floor_field"": 8, ""entity_id_field"": 16586, ""group"": 0, ""room"": 3, ""unknown_a3"": 0, ""position"": [-139.0800018310547, -85.0199966430664, 143.0399169921875], ""angles"": [0, 18688, 0], ""params"": [1.0, 1.0, 1.0, 2, 0, 0], ""unused_pointer"": 118135840}"
retrieval-ep2/q54-bb-e,8,41,"{""base_type"": 520, ""set_flags"": 2, ""runtime_index"": 222, ""file_offset"": 25104, ""floor_field"": 8, ""entity_id_field"": 16606, ""group"": 0, ""room"": 3, ""unknown_a3"": 0, ""position"": [28.27069854736328, -51.34592056274414, 109.8499755859375], ""angles"": [0, 49152, 0], ""params"": [1.0, 1.0, 1.0, 2, 0, 0], ""unused_pointer"": 118143120}"
retrieval-ep2/q54-bb-e,8,90,"{""base_type"": 520, ""set_flags"": 2, ""runtime_index"": 274, ""file_offset"": 28436, ""floor_field"": 8, ""entity_id_field"": 16658, ""group"": 0, ""room"": 4, ""unknown_a3"": 0, ""position"": [112.26416015625, 0.0, 210.28033447265625], ""angles"": [0, 35568, 0], ""params"": [1.0, 1.0, 1.0, 2, 0, 0], ""unused_pointer"": 118178784}"
retrieval-ep2/q54-bb-e,8,102,"{""base_type"": 520, ""set_flags"": 2, ""runtime_index"": 288, ""file_offset"": 29252, ""floor_field"": 8, ""entity_id_field"": 16672, ""group"": 0, ""room"": 4, ""unknown_a3"": 0, ""position"": [93.38409423828125, 2.2699999809265137, -167.77001953125], ""angles"": [0, 16384, 0], ""params"": [1.0, 1.0, 1.0, 2, 0, 0], ""unused_pointer"": 118185968}"
retrieval-ep2/q54-bb-e,8,121,"{""base_type"": 520, ""set_flags"": 2, ""runtime_index"": 319, ""file_offset"": 30544, ""floor_field"": 8, ""entity_id_field"": 16703, ""group"": 0, ""room"": 8, ""unknown_a3"": 0, ""position"": [-150.0, 30.0, 78.5499267578125], ""angles"": [0, -200, 0], ""params"": [1.0, 1.0, 1.0, 2, 0, 0], ""unused_pointer"": 118209744}"
retrieval-ep2/q54-bb-e,8,123,"{""base_type"": 520, ""set_flags"": 2, ""runtime_index"": 321, ""file_offset"": 30680, ""floor_field"": 8, ""entity_id_field"": 16705, ""group"": 0, ""room"": 8, ""unknown_a3"": 0, ""position"": [90.0, 6.0, -70.0], ""angles"": [0, 0, 0], ""params"": [1.0, 1.0, 1.0, 2, 0, 0], ""unused_pointer"": 118210800}"
retrieval-ep2/q54-bb-e,8,175,"{""base_type"": 520, ""set_flags"": 2, ""runtime_index"": 321, ""file_offset"": 34216, ""floor_field"": 8, ""entity_id_field"": 16705, ""group"": 0, ""room"": 8, ""unknown_a3"": 0, ""position"": [170.310791015625, 10.271917343139648, -66.2889404296875], ""angles"": [0, 0, 0], ""params"": [1.0, 1.0, 1.0, 2, 0, 0], ""unused_pointer"": 118210800}"
retrieval-ep2/q54-bb-e,9,48,"{""base_type"": 520, ""set_flags"": 512, ""runtime_index"": 24837, ""file_offset"": 42120, ""floor_field"": 9, ""entity_id_field"": 37705, ""group"": 0, ""room"": 3, ""unknown_a3"": 0, ""position"": [-731.2408447265625, 5.0, -308.72088623046875], ""angles"": [0, 39680, 0], ""params"": [1.0, 1.0, 1.0, 0, 0, 0], ""unused_pointer"": 3235307904}"
retrieval-ep2/q54-bb-e,9,49,"{""base_type"": 520, ""set_flags"": 512, ""runtime_index"": 25093, ""file_offset"": 42188, ""floor_field"": 9, ""entity_id_field"": 37961, ""group"": 0, ""room"": 3, ""unknown_a3"": 0, ""position"": [-667.239990234375, 5.0, -368.7200012207031], ""angles"": [0, 39680, 0], ""params"": [1.0, 1.0, 1.0, 0, 0, 0], ""unused_pointer"": 2698699136}"
retrieval-ep2/q54-bb-e,9,58,"{""base_type"": 520, ""set_flags"": 512, ""runtime_index"": 27397, ""file_offset"": 42800, ""floor_field"": 9, ""entity_id_field"": 40265, ""group"": 0, ""room"": 3, ""unknown_a3"": 0, ""position"": [-620.0, -6.0, 100.0], ""angles"": [0, 20480, 0], ""params"": [1.0, 1.0, 1.0, 0, 0, 0], ""unused_pointer"": 1626464640}"
retrieval-ep2/q54-bb-j,5,34,"{""base_type"": 520, ""set_flags"": 0, ""runtime_index"": 0, ""file_offset"": 6016, ""floor_field"": 0, ""entity_id_field"": 0, ""group"": 0, ""room"": 5, ""unknown_a3"": 0, ""position"": [-190.0, 50.0, -40.0], ""angles"": [0, 16384, 0], ""params"": [1.0, 1.0, 1.0, 2, 2, 0], ""unused_pointer"": 2427249280}"
retrieval-ep2/q54-bb-j,5,66,"{""base_type"": 520, ""set_flags"": 0, ""runtime_index"": 0, ""file_offset"": 8192, ""floor_field"": 0, ""entity_id_field"": 0, ""group"": 0, ""room"": 10, ""unknown_a3"": 0, ""position"": [200.0, 0.0, -10.0], ""angles"": [0, 16384, 0], ""params"": [1.0, 1.0, 1.0, 0, 0, 0], ""unused_pointer"": 0}"
retrieval-ep2/q54-bb-j,6,31,"{""base_type"": 520, ""set_flags"": 2, ""runtime_index"": 179, ""file_offset"": 10724, ""floor_field"": 6, ""entity_id_field"": 16563, ""group"": 0, ""room"": 9, ""unknown_a3"": 0, ""position"": [-9.0, -7.099999904632568, -130.0], ""angles"": [0, 4096, 0], ""params"": [1.0, 1.0, 1.0, 2, 0, 0], ""unused_pointer"": 75217568}"
retrieval-ep2/q54-bb-j,6,34,"{""base_type"": 520, ""set_flags"": 2, ""runtime_index"": 182, ""file_offset"": 10928, ""floor_field"": 6, ""entity_id_field"": 16566, ""group"": 0, ""room"": 10, ""unknown_a3"": 0, ""position"": [115.0, -5.0, -85.0], ""angles"": [0, 24576, 0], ""params"": [1.0, 1.0, 1.0, 2, 0, 0], ""unused_pointer"": 75218784}"
retrieval-ep2/q54-bb-j,6,35,"{""base_type"": 520, ""set_flags"": 2, ""runtime_index"": 183, ""file_offset"": 10996, ""floor_field"": 6, ""entity_id_field"": 16567, ""group"": 0, ""room"": 10, ""unknown_a3"": 0, ""position"": [130.0, -13.0, -40.0], ""angles"": [0, 53248, 0], ""params"": [1.0, 1.0, 1.0, 2, 0, 0], ""unused_pointer"": 75219648}"
retrieval-ep2/q54-bb-j,6,36,"{""base_type"": 520, ""set_flags"": 2, ""runtime_index"": 184, ""file_offset"": 11064, ""floor_field"": 6, ""entity_id_field"": 16568, ""group"": 0, ""room"": 10, ""unknown_a3"": 0, ""position"": [128.0, -3.0, -67.0], ""angles"": [0, 53248, 0], ""params"": [1.0, 1.0, 1.0, 2, 0, 0], ""unused_pointer"": 75220512}"
retrieval-ep2/q54-bb-j,6,37,"{""base_type"": 520, ""set_flags"": 2, ""runtime_index"": 190, ""file_offset"": 11132, ""floor_field"": 6, ""entity_id_field"": 16574, ""group"": 0, ""room"": 12, ""unknown_a3"": 0, ""position"": [-192.5562286376953, -89.87619018554688, 67.0456314086914], ""angles"": [0, 12890, 0], ""params"": [1.0, 1.0, 1.0, 0, 0, 0], ""unused_pointer"": 75246016}"
retrieval-ep2/q54-bb-j,6,38,"{""base_type"": 520, ""set_flags"": 2, ""runtime_index"": 191, ""file_offset"": 11200, ""floor_field"": 6, ""entity_id_field"": 16575, ""group"": 0, ""room"": 12, ""unknown_a3"": 0, ""position"": [-195.70211791992188, -89.78276062011719, 86.63225555419922], ""angles"": [0, 14943, 0], ""params"": [1.0, 1.0, 1.0, 0, 0, 0], ""unused_pointer"": 75246880}"
retrieval-ep2/q54-bb-j,6,39,"{""base_type"": 520, ""set_flags"": 2, ""runtime_index"": 192, ""file_offset"": 11268, ""floor_field"": 6, ""entity_id_field"": 16576, ""group"": 0, ""room"": 12, ""unknown_a3"": 0, ""position"": [-193.6443634033203, -89.8893051147461, 72.48635864257812], ""angles"": [0, 13493, 0], ""params"": [1.0, 1.0, 1.0, 0, 0, 0], ""unused_pointer"": 75247744}"
retrieval-ep2/q54-bb-j,6,40,"{""base_type"": 520, ""set_flags"": 2, ""runtime_index"": 193, ""file_offset"": 11336, ""floor_field"": 6, ""entity_id_field"": 16577, ""group"": 0, ""room"": 12, ""unknown_a3"": 0, ""position"": [-188.6443634033203, -92.0, 55.07603073120117], ""angles"": [0, 13759, 0], ""params"": [1.0, 1.0, 1.0, 0, 0, 0], ""unused_pointer"": 75249072}"
retrieval-ep2/q54-bb-j,6,43,"{""base_type"": 520, ""set_flags"": 2, ""runtime_index"": 203, ""file_offset"": 11540, ""floor_field"": 6, ""entity_id_field"": 16587, ""group"": 0, ""room"": 14, ""unknown_a3"": 0, ""position"": [-120.0, -100.0, -45.0], ""angles"": [0, 0, 0], ""params"": [1.0, 1.0, 1.0, 2, 0, 0], ""unused_pointer"": 75253696}"
retrieval-ep2/q54-bb-j,6,46,"{""base_type"": 520, ""set_flags"": 2, ""runtime_index"": 206, ""file_offset"": 11744, ""floor_field"": 6, ""entity_id_field"": 16590, ""group"": 0, ""room"": 14, ""unknown_a3"": 0, ""position"": [-120.0, -100.0, -45.0], ""angles"": [0, 0, 0], ""params"": [1.0, 1.0, 1.0, 2, 0, 0], ""unused_pointer"": 75254912}"
retrieval-ep2/q54-bb-j,7,19,"{""base_type"": 520, ""set_flags"": 2, ""runtime_index"": 278, ""file_offset"": 16996, ""floor_field"": 7, ""entity_id_field"": 16662, ""group"": 0, ""room"": 6, ""unknown_a3"": 0, ""position"": [-60.0, -54.189998626708984, 105.0], ""angles"": [0, 0, 0], ""params"": [1.0, 1.0, 1.0, 0, 0, 0], ""unused_pointer"": 75210000}"
retrieval-ep2/q54-bb-j,7,68,"{""base_type"": 520, ""set_flags"": 2, ""runtime_index"": 337, ""file_offset"": 20328, ""floor_field"": 7, ""entity_id_field"": 16721, ""group"": 0, ""room"": 8, ""unknown_a3"": 0, ""position"": [-42.40998840332031, -66.9698486328125, 94.62188720703125], ""angles"": [0, 12288, 0], ""params"": [1.0, 1.0, 1.0, 0, 0, 0], ""unused_pointer"": 75262976}"
retrieval-ep2/q54-bb-j,8,7,"{""base_type"": 520, ""set_flags"": 2, ""runtime_index"": 179, ""file_offset"": 22792, ""floor_field"": 8, ""entity_id_field"": 16563, ""group"": 0, ""room"": 2, ""unknown_a3"": 0, ""position"": [10.0, -128.59999084472656, 119.969970703125], ""angles"": [0, 0, 0], ""params"": [1.0, 1.0, 1.0, 2, 0, 0], ""unused_pointer"": 118120896}"
retrieval-ep2/q54-bb-j,8,25,"{""base_type"": 520, ""set_flags"": 2, ""runtime_index"": 202, ""file_offset"": 24016, ""floor_field"": 8, ""entity_id_field"": 16586, ""group"": 0, ""room"": 3, ""unknown_a3"": 0, ""position"": [-139.0800018310547, -85.0199966430664, 143.0399169921875], ""angles"": [0, 18688, 0], ""params"": [1.0, 1.0, 1.0, 2, 0, 0], ""unused_pointer"": 118135840}"
retrieval-ep2/q54-bb-j,8,41,"{""base_type"": 520, ""set_flags"": 2, ""runtime_index"": 222, ""file_offset"": 25104, ""floor_field"": 8, ""entity_id_field"": 16606, ""group"": 0, ""room"": 3, ""unknown_a3"": 0, ""position"": [28.27069854736328, -51.34592056274414, 109.8499755859375], ""angles"": [0, 49152, 0], ""params"": [1.0, 1.0, 1.0, 2, 0, 0], ""unused_pointer"": 118143120}"
retrieval-ep2/q54-bb-j,8,90,"{""base_type"": 520, ""set_flags"": 2, ""runtime_index"": 274, ""file_offset"": 28436, ""floor_field"": 8, ""entity_id_field"": 16658, ""group"": 0, ""room"": 4, ""unknown_a3"": 0, ""position"": [112.26416015625, 0.0, 210.28033447265625], ""angles"": [0, 35568, 0], ""params"": [1.0, 1.0, 1.0, 2, 0, 0], ""unused_pointer"": 118178784}"
retrieval-ep2/q54-bb-j,8,102,"{""base_type"": 520, ""set_flags"": 2, ""runtime_index"": 288, ""file_offset"": 29252, ""floor_field"": 8, ""entity_id_field"": 16672, ""group"": 0, ""room"": 4, ""unknown_a3"": 0, ""position"": [93.38409423828125, 2.2699999809265137, -167.77001953125], ""angles"": [0, 16384, 0], ""params"": [1.0, 1.0, 1.0, 2, 0, 0], ""unused_pointer"": 118185968}"
retrieval-ep2/q54-bb-j,8,121,"{""base_type"": 520, ""set_flags"": 2, ""runtime_index"": 319, ""file_offset"": 30544, ""floor_field"": 8, ""entity_id_field"": 16703, ""group"": 0, ""room"": 8, ""unknown_a3"": 0, ""position"": [-150.0, 30.0, 78.5499267578125], ""angles"": [0, -200, 0], ""params"": [1.0, 1.0, 1.0, 2, 0, 0], ""unused_pointer"": 118209744}"
retrieval-ep2/q54-bb-j,8,123,"{""base_type"": 520, ""set_flags"": 2, ""runtime_index"": 321, ""file_offset"": 30680, ""floor_field"": 8, ""entity_id_field"": 16705, ""group"": 0, ""room"": 8, ""unknown_a3"": 0, ""position"": [90.0, 6.0, -70.0], ""angles"": [0, 0, 0], ""params"": [1.0, 1.0, 1.0, 2, 0, 0], ""unused_pointer"": 118210800}"
retrieval-ep2/q54-bb-j,8,175,"{""base_type"": 520, ""set_flags"": 2, ""runtime_index"": 321, ""file_offset"": 34216, ""floor_field"": 8, ""entity_id_field"": 16705, ""group"": 0, ""room"": 8, ""unknown_a3"": 0, ""position"": [170.310791015625, 10.271917343139648, -66.2889404296875], ""angles"": [0, 0, 0], ""params"": [1.0, 1.0, 1.0, 2, 0, 0], ""unused_pointer"": 118210800}"
retrieval-ep2/q54-bb-j,9,48,"{""base_type"": 520, ""set_flags"": 512, ""runtime_index"": 24837, ""file_offset"": 42120, ""floor_field"": 9, ""entity_id_field"": 37705, ""group"": 0, ""room"": 3, ""unknown_a3"": 0, ""position"": [-731.2408447265625, 5.0, -308.72088623046875], ""angles"": [0, 39680, 0], ""params"": [1.0, 1.0, 1.0, 0, 0, 0], ""unused_pointer"": 3235307904}"
retrieval-ep2/q54-bb-j,9,49,"{""base_type"": 520, ""set_flags"": 512, ""runtime_index"": 25093, ""file_offset"": 42188, ""floor_field"": 9, ""entity_id_field"": 37961, ""group"": 0, ""room"": 3, ""unknown_a3"": 0, ""position"": [-667.239990234375, 5.0, -368.7200012207031], ""angles"": [0, 39680, 0], ""params"": [1.0, 1.0, 1.0, 0, 0, 0], ""unused_pointer"": 2698699136}"
retrieval-ep2/q54-bb-j,9,58,"{""base_type"": 520, ""set_flags"": 512, ""runtime_index"": 27397, ""file_offset"": 42800, ""floor_field"": 9, ""entity_id_field"": 40265, ""group"": 0, ""room"": 3, ""unknown_a3"": 0, ""position"": [-620.0, -6.0, 100.0], ""angles"": [0, 20480, 0], ""params"": [1.0, 1.0, 1.0, 0, 0, 0], ""unused_pointer"": 1626464640}"
retrieval-ep2/q153-bb-e,5,102,"{""base_type"": 520, ""set_flags"": 0, ""runtime_index"": 0, ""file_offset"": 9552, ""floor_field"": 0, ""entity_id_field"": 0, ""group"": 0, ""room"": 8, ""unknown_a3"": 0, ""position"": [-200.0, 0.0, -10.0], ""angles"": [0, 49152, 0], ""params"": [1.0, 1.0, 1.0, 0, 0, 0], ""unused_pointer"": 0}"
retrieval-ep2/q153-bb-e,5,103,"{""base_type"": 520, ""set_flags"": 0, ""runtime_index"": 0, ""file_offset"": 9620, ""floor_field"": 0, ""entity_id_field"": 0, ""group"": 0, ""room"": 9, ""unknown_a3"": 0, ""position"": [-200.0, 0.0, -10.0], ""angles"": [0, 49152, 0], ""params"": [1.0, 1.0, 1.0, 0, 0, 0], ""unused_pointer"": 0}"
retrieval-ep2/q153-bb-e,6,12,"{""base_type"": 520, ""set_flags"": 0, ""runtime_index"": 16646, ""file_offset"": 14736, ""floor_field"": 6, ""entity_id_field"": 10055, ""group"": 0, ""room"": 10, ""unknown_a3"": 0, ""position"": [-150.0, -98.0, 60.0], ""angles"": [0, 20480, 0], ""params"": [1.0, 1.0, 1.0, 2, 0, 0], ""unused_pointer"": 1885138048}"
retrieval-ep2/q153-bb-e,6,13,"{""base_type"": 520, ""set_flags"": 0, ""runtime_index"": 16390, ""file_offset"": 14804, ""floor_field"": 6, ""entity_id_field"": 10311, ""group"": 0, ""room"": 10, ""unknown_a3"": 0, ""position"": [-140.0, -96.0, 80.0], ""angles"": [0, 24576, 0], ""params"": [1.0, 1.0, 1.0, 2, 0, 0], ""unused_pointer"": 3227577472}"
retrieval-ep2/q153-bb-e,6,14,"{""base_type"": 520, ""set_flags"": 0, ""runtime_index"": 16134, ""file_offset"": 14872, ""floor_field"": 6, ""entity_id_field"": 10567, ""group"": 0, ""room"": 10, ""unknown_a3"": 0, ""position"": [-120.0, -97.0, 95.0], ""angles"": [0, 28672, 0], ""params"": [1.0, 1.0, 1.0, 2, 0, 0], ""unused_pointer"": 275115136}"
retrieval-ep2/q153-bb-e,6,69,"{""base_type"": 520, ""set_flags"": 0, ""runtime_index"": 16646, ""file_offset"": 18612, ""floor_field"": 6, ""entity_id_field"": 10055, ""group"": 0, ""room"": 13, ""unknown_a3"": 0, ""position"": [-0.6032763123512268, -94.55933380126953, -140.36776733398438], ""angles"": [0, 64080, 0], ""params"": [1.0, 1.0, 1.0, 0, 0, 0], ""unused_pointer"": 1885138048}"
retrieval-ep2/q153-bb-e,6,70,"{""base_type"": 520, ""set_flags"": 0, ""runtime_index"": 16646, ""file_offset"": 18680, ""floor_field"": 6, ""entity_id_field"": 10055, ""group"": 0, ""room"": 15, ""unknown_a3"": 0, ""position"": [294.0296325683594, -93.0, -250.6586151123047], ""angles"": [0, 64080, 0], ""params"": [1.0, 1.0, 1.0, 0, 0, 0], ""unused_pointer"": 1885138048}"
retrieval-ep2/q153-bb-e,6,72,"{""base_type"": 520, ""set_flags"": 0, ""runtime_index"": 16646, ""file_offset"": 18816, ""floor_field"": 6, ""entity_id_field"": 10055, ""group"": 0, ""room"": 11, ""unknown_a3"": 0, ""position"": [-88.37631225585938, 0.0, 93.84683227539062], ""angles"": [0, 57080, 0], ""params"": [1.0, 1.0, 1.0, 2, 0, 0], ""unused_pointer"": 1885138048}"
retrieval-ep2/q153-bb-e,6,103,"{""base_type"": 520, ""set_flags"": 0, ""runtime_index"": 12294, ""file_offset"": 20924, ""floor_field"": 6, ""entity_id_field"": 8519, ""group"": 0, ""room"": 3, ""unknown_a3"": 0, ""position"": [185.82534790039062, 0.0, -150.0475616455078], ""angles"": [0, 53248, 0], ""params"": [1.0, 1.0, 1.0, 0, 0, 0], ""unused_pointer"": 2958356608}"
retrieval-ep2/q153-bb-e,6,104,"{""base_type"": 520, ""set_flags"": 0, ""runtime_index"": 12294, ""file_offset"": 20992, ""floor_field"": 6, ""entity_id_field"": 8519, ""group"": 0, ""room"": 3, ""unknown_a3"": 0, ""position"": [199.31475830078125, 0.0, -129.36380004882812], ""angles"": [0, 53248, 0], ""params"": [1.0, 1.0, 1.0, 0, 0, 0], ""unused_pointer"": 2958356608}"
retrieval-ep2/q153-bb-e,7,5,"{""base_type"": 520, ""set_flags"": 0, ""runtime_index"": 49926, ""file_offset"": 27128, ""floor_field"": 7, ""entity_id_field"": 42567, ""group"": 0, ""room"": 2, ""unknown_a3"": 0, ""position"": [68.0, -45.0, -11.0], ""angles"": [0, 42077, 0], ""params"": [1.0, 1.0, 1.0, 3, 0, 0], ""unused_pointer"": 2687560832}"
retrieval-ep2/q153-bb-e,8,22,"{""base_type"": 520, ""set_flags"": 512, ""runtime_index"": 49156, ""file_offset"": 38364, ""floor_field"": 8, ""entity_id_field"": 49220, ""group"": 0, ""room"": 3, ""unknown_a3"": 0, ""position"": [270.0, -4.003983974456787, -125.0], ""angles"": [0, 16384, 0], ""params"": [1.0, 1.0, 1.0, 2, 0, 0], ""unused_pointer"": 4026726016}"
retrieval-ep2/q153-bb-e,8,23,"{""base_type"": 520, ""set_flags"": 512, ""runtime_index"": 49412, ""file_offset"": 38432, ""floor_field"": 8, ""entity_id_field"": 49476, ""group"": 0, ""room"": 3, ""unknown_a3"": 0, ""position"": [275.0, -4.0, -205.0], ""angles"": [0, 49152, 0], ""params"": [1.0, 1.0, 1.0, 2, 0, 0], ""unused_pointer"": 1074263680}"
retrieval-ep2/q153-bb-e,8,33,"{""base_type"": 520, ""set_flags"": 512, ""runtime_index"": 57604, ""file_offset"": 39112, ""floor_field"": 8, ""entity_id_field"": 57668, ""group"": 0, ""room"": 4, ""unknown_a3"": 0, ""position"": [-140.25, -4.0, 107.2099609375], ""angles"": [0, 16384, 0], ""params"": [1.0, 1.0, 1.0, 0, 0, 0], ""unused_pointer"": 810677888}"
retrieval-ep2/q153-bb-e,8,55,"{""base_type"": 520, ""set_flags"": 0, ""runtime_index"": 0, ""file_offset"": 40608, ""floor_field"": 0, ""entity_id_field"": 0, ""group"": 0, ""room"": 2, ""unknown_a3"": 0, ""position"": [127.04421997070312, -136.87640380859375, 75.91155242919922], ""angles"": [0, 0, 0], ""params"": [1.0, 1.0, 1.0, 0, 0, 0], ""unused_pointer"": 0}"
retrieval-ep2/q153-bb-e,8,56,"{""base_type"": 520, ""set_flags"": 0, ""runtime_index"": 0, ""file_offset"": 40676, ""floor_field"": 0, ""entity_id_field"": 0, ""group"": 0, ""room"": 2, ""unknown_a3"": 0, ""position"": [163.97195434570312, -133.0, 88.32952880859375], ""angles"": [0, 54736, 0], ""params"": [1.0, 1.0, 1.0, 0, 0, 0], ""unused_pointer"": 0}"
retrieval-ep2/q153-bb-e,8,72,"{""base_type"": 520, ""set_flags"": 0, ""runtime_index"": 0, ""file_offset"": 41764, ""floor_field"": 0, ""entity_id_field"": 0, ""group"": 0, ""room"": 2, ""unknown_a3"": 0, ""position"": [-137.11680603027344, -114.91693115234375, 185.26036071777344], ""angles"": [0, 44536, 0], ""params"": [1.0, 1.0, 1.0, 0, 0, 0], ""unused_pointer"": 0}"
retrieval-ep2/q153-bb-e,8,146,"{""base_type"": 520, ""set_flags"": 0, ""runtime_index"": 0, ""file_offset"": 46796, ""floor_field"": 0, ""entity_id_field"": 0, ""group"": 0, ""room"": 6, ""unknown_a3"": 0, ""position"": [-4.80078125, -0.0002115375827997923, -41.00628662109375], ""angles"": [0, 2400, 0], ""params"": [1.0, 1.0, 1.0, 0, 0, 0], ""unused_pointer"": 0}"
retrieval-ep2/q153-bb-e,9,51,"{""base_type"": 520, ""set_flags"": 0, ""runtime_index"": 0, ""file_offset"": 55652, ""floor_field"": 0, ""entity_id_field"": 0, ""group"": 0, ""room"": 5, ""unknown_a3"": 0, ""position"": [-111.19085693359375, 10.0, 49.85304260253906], ""angles"": [0, 7800, 0], ""params"": [1.0, 1.0, 1.0, 0, 0, 0], ""unused_pointer"": 0}"
retrieval-ep2/q153-bb-e,9,52,"{""base_type"": 520, ""set_flags"": 0, ""runtime_index"": 0, ""file_offset"": 55720, ""floor_field"": 0, ""entity_id_field"": 0, ""group"": 0, ""room"": 5, ""unknown_a3"": 0, ""position"": [-127.0789794921875, 10.0, 81.96724700927734], ""angles"": [0, 14400, 0], ""params"": [1.0, 1.0, 1.0, 0, 0, 0], ""unused_pointer"": 0}"
retrieval-ep2/q153-bb-e,9,53,"{""base_type"": 520, ""set_flags"": 0, ""runtime_index"": 0, ""file_offset"": 55788, ""floor_field"": 0, ""entity_id_field"": 0, ""group"": 0, ""room"": 5, ""unknown_a3"": 0, ""position"": [-134.2341766357422, 7.541618347167969, 119.94225311279297], ""angles"": [0, 13600, 0], ""params"": [1.0, 1.0, 1.0, 0, 0, 0], ""unused_pointer"": 0}"
retrieval-ep2/q153-bb-e,9,54,"{""base_type"": 520, ""set_flags"": 0, ""runtime_index"": 0, ""file_offset"": 55856, ""floor_field"": 0, ""entity_id_field"": 0, ""group"": 0, ""room"": 5, ""unknown_a3"": 0, ""position"": [-143.76336669921875, 4.924872398376465, 154.8120574951172], ""angles"": [0, 13600, 0], ""params"": [1.0, 1.0, 1.0, 0, 0, 0], ""unused_pointer"": 0}"
retrieval-ep2/q153-bb-e,9,95,"{""base_type"": 520, ""set_flags"": 0, ""runtime_index"": 28416, ""file_offset"": 58644, ""floor_field"": 9, ""entity_id_field"": 58689, ""group"": 0, ""room"": 3, ""unknown_a3"": 0, ""position"": [-695.596435546875, -6.0, 103.85183715820312], ""angles"": [0, 45448, 0], ""params"": [1.0, 1.0, 1.0, 0, 0, 0], ""unused_pointer"": 552727936}"
retrieval-ep2/q153-bb-e,9,142,"{""base_type"": 520, ""set_flags"": 0, ""runtime_index"": 0, ""file_offset"": 61840, ""floor_field"": 0, ""entity_id_field"": 0, ""group"": 0, ""room"": 2, ""unknown_a3"": 0, ""position"": [-570.0, 10.0, 30.0], ""angles"": [0, 49152, 0], ""params"": [1.0, 1.0, 1.0, 0, 0, 0], ""unused_pointer"": 0}"
retrieval-ep2/q153-bb-e,9,143,"{""base_type"": 520, ""set_flags"": 0, ""runtime_index"": 0, ""file_offset"": 61908, ""floor_field"": 0, ""entity_id_field"": 0, ""group"": 0, ""room"": 2, ""unknown_a3"": 0, ""position"": [-570.0, 10.0, 70.0], ""angles"": [0, 16384, 0], ""params"": [1.0, 1.0, 1.0, 0, 0, 0], ""unused_pointer"": 0}"
retrieval-ep2/q153-bb-e,9,144,"{""base_type"": 520, ""set_flags"": 0, ""runtime_index"": 0, ""file_offset"": 61976, ""floor_field"": 0, ""entity_id_field"": 0, ""group"": 0, ""room"": 2, ""unknown_a3"": 0, ""position"": [-570.0, 9.0, 110.0], ""angles"": [0, 49152, 0], ""params"": [1.0, 1.0, 1.0, 0, 0, 0], ""unused_pointer"": 0}"
retrieval-ep2/q153-bb-e,9,145,"{""base_type"": 520, ""set_flags"": 0, ""runtime_index"": 0, ""file_offset"": 62044, ""floor_field"": 0, ""entity_id_field"": 0, ""group"": 0, ""room"": 2, ""unknown_a3"": 0, ""position"": [-570.0, 2.0, 150.0], ""angles"": [0, 16384, 0], ""params"": [1.0, 1.0, 1.0, 0, 0, 0], ""unused_pointer"": 0}"
retrieval-ep2/q153-bb-e,9,146,"{""base_type"": 520, ""set_flags"": 0, ""runtime_index"": 0, ""file_offset"": 62112, ""floor_field"": 0, ""entity_id_field"": 0, ""group"": 0, ""room"": 2, ""unknown_a3"": 0, ""position"": [-570.0, -1.0, 190.0], ""angles"": [0, 49152, 0], ""params"": [1.0, 1.0, 1.0, 0, 0, 0], ""unused_pointer"": 0}"
retrieval-ep2/q153-bb-e,9,147,"{""base_type"": 520, ""set_flags"": 0, ""runtime_index"": 0, ""file_offset"": 62180, ""floor_field"": 0, ""entity_id_field"": 0, ""group"": 0, ""room"": 2, ""unknown_a3"": 0, ""position"": [-570.0, -3.0, 350.0], ""angles"": [0, 49152, 0], ""params"": [1.0, 1.0, 1.0, 0, 0, 0], ""unused_pointer"": 0}"
retrieval-ep2/q153-bb-e,9,148,"{""base_type"": 520, ""set_flags"": 0, ""runtime_index"": 0, ""file_offset"": 62248, ""floor_field"": 0, ""entity_id_field"": 0, ""group"": 0, ""room"": 2, ""unknown_a3"": 0, ""position"": [-570.0, -0.5016569495201111, 230.0], ""angles"": [0, 16384, 0], ""params"": [1.0, 1.0, 1.0, 0, 0, 0], ""unused_pointer"": 0}"
retrieval-ep2/q153-bb-e,9,149,"{""base_type"": 520, ""set_flags"": 0, ""runtime_index"": 0, ""file_offset"": 62316, ""floor_field"": 0, ""entity_id_field"": 0, ""group"": 0, ""room"": 2, ""unknown_a3"": 0, ""position"": [-570.0, -2.0, 270.0], ""angles"": [0, 49152, 0], ""params"": [1.0, 1.0, 1.0, 0, 0, 0], ""unused_pointer"": 0}"
retrieval-ep2/q153-bb-e,9,150,"{""base_type"": 520, ""set_flags"": 0, ""runtime_index"": 0, ""file_offset"": 62384, ""floor_field"": 0, ""entity_id_field"": 0, ""group"": 0, ""room"": 2, ""unknown_a3"": 0, ""position"": [-570.0, -2.2808282375335693, 310.0], ""angles"": [0, 16384, 0], ""params"": [1.0, 1.0, 1.0, 0, 0, 0], ""unused_pointer"": 0}"
retrieval-ep2/q153-bb-e,9,152,"{""base_type"": 520, ""set_flags"": 0, ""runtime_index"": 0, ""file_offset"": 62520, ""floor_field"": 0, ""entity_id_field"": 0, ""group"": 0, ""room"": 2, ""unknown_a3"": 0, ""position"": [-570.0, -5.0, 465.0], ""angles"": [0, 16384, 0], ""params"": [1.0, 1.0, 1.0, 0, 0, 0], ""unused_pointer"": 0}"
retrieval-ep2/q153-bb-e,9,153,"{""base_type"": 520, ""set_flags"": 0, ""runtime_index"": 0, ""file_offset"": 62588, ""floor_field"": 0, ""entity_id_field"": 0, ""group"": 0, ""room"": 2, ""unknown_a3"": 0, ""position"": [-570.0, -5.491855144500732, 505.0], ""angles"": [0, 49152, 0], ""params"": [1.0, 1.0, 1.0, 0, 0, 0], ""unused_pointer"": 0}"
retrieval-ep2/q153-bb-e,9,154,"{""base_type"": 520, ""set_flags"": 0, ""runtime_index"": 0, ""file_offset"": 62656, ""floor_field"": 0, ""entity_id_field"": 0, ""group"": 0, ""room"": 2, ""unknown_a3"": 0, ""position"": [-570.0, -6.0, 585.0], ""angles"": [0, 49152, 0], ""params"": [1.0, 1.0, 1.0, 0, 0, 0], ""unused_pointer"": 0}"
retrieval-ep2/q153-bb-e,9,155,"{""base_type"": 520, ""set_flags"": 0, ""runtime_index"": 0, ""file_offset"": 62724, ""floor_field"": 0, ""entity_id_field"": 0, ""group"": 0, ""room"": 2, ""unknown_a3"": 0, ""position"": [-570.0, -5.600000381469727, 625.0], ""angles"": [0, 16384, 0], ""params"": [1.0, 1.0, 1.0, 0, 0, 0], ""unused_pointer"": 0}"
retrieval-ep2/q153-bb-e,9,156,"{""base_type"": 520, ""set_flags"": 0, ""runtime_index"": 0, ""file_offset"": 62792, ""floor_field"": 0, ""entity_id_field"": 0, ""group"": 0, ""room"": 2, ""unknown_a3"": 0, ""position"": [-570.0, -6.0, 545.0], ""angles"": [0, 16384, 0], ""params"": [1.0, 1.0, 1.0, 0, 0, 0], ""unused_pointer"": 0}"
seasonal-ep2/q207-bb-e,6,37,"{""base_type"": 520, ""set_flags"": 0, ""runtime_index"": 23048, ""file_offset"": 5608, ""floor_field"": 6, ""entity_id_field"": 32584, ""group"": 0, ""room"": 3, ""unknown_a3"": 0, ""position"": [97.61000061035156, -5.9437479972839355, 140.66433715820312], ""angles"": [0, 4096, 0], ""params"": [1.0, 1.0, 1.0, 2, 0, 0], ""unused_pointer"": 814607744}"
seasonal-ep2/q207-bb-e,6,38,"{""base_type"": 520, ""set_flags"": 0, ""runtime_index"": 24840, ""file_offset"": 5676, ""floor_field"": 6, ""entity_id_field"": 30280, ""group"": 0, ""room"": 3, ""unknown_a3"": 0, ""position"": [27.921295166015625, -5.940000057220459, 156.99172973632812], ""angles"": [0, 36864, 0], ""params"": [1.0, 1.0, 1.0, 2, 0, 0], ""unused_pointer"": 546368896}"
seasonal-ep2/q207-bb-e,6,39,"{""base_type"": 520, ""set_flags"": 0, ""runtime_index"": 25096, ""file_offset"": 5744, ""floor_field"": 6, ""entity_id_field"": 30536, ""group"": 0, ""room"": 3, ""unknown_a3"": 0, ""position"": [65.01852416992188, -5.940000057220459, 147.61814880371094], ""angles"": [0, 36864, 0], ""params"": [1.0, 1.0, 1.0, 2, 0, 0], ""unused_pointer"": 9760128}"
seasonal-ep2/q207-bb-e,6,95,"{""base_type"": 520, ""set_flags"": 512, ""runtime_index"": 56579, ""file_offset"": 9552, ""floor_field"": 6, ""entity_id_field"": 6985, ""group"": 0, ""room"": 9, ""unknown_a3"": 0, ""position"": [-9.0, -7.099999904632568, -130.0], ""angles"": [0, 4096, 0], ""params"": [1.0, 1.0, 1.0, 2, 0, 0], ""unused_pointer"": 4033277312}"
seasonal-ep2/q207-bb-e,6,101,"{""base_type"": 520, ""set_flags"": 512, ""runtime_index"": 59395, ""file_offset"": 9960, ""floor_field"": 6, ""entity_id_field"": 59459, ""group"": 0, ""room"": 12, ""unknown_a3"": 0, ""position"": [183.0, 0.15087366104125977, -90.0], ""angles"": [0, 28672, 0], ""params"": [1.0, 1.0, 1.0, 2, 0, 0], ""unused_pointer"": 3237080448}"
seasonal-ep2/q207-bb-e,6,102,"{""base_type"": 520, ""set_flags"": 512, ""runtime_index"": 59651, ""file_offset"": 10028, ""floor_field"": 6, ""entity_id_field"": 59715, ""group"": 0, ""room"": 12, ""unknown_a3"": 0, ""position"": [205.0, 0.042664192616939545, -75.0], ""angles"": [0, 28672, 0], ""params"": [1.0, 1.0, 1.0, 2, 0, 0], ""unused_pointer"": 2700471680}"
seasonal-ep2/q207-bb-e,6,103,"{""base_type"": 520, ""set_flags"": 512, ""runtime_index"": 59907, ""file_offset"": 10096, ""floor_field"": 6, ""entity_id_field"": 59971, ""group"": 0, ""room"": 12, ""unknown_a3"": 0, ""position"": [205.0, 10.039999961853027, -70.0], ""angles"": [0, 57344, 0], ""params"": [1.0, 1.0, 1.0, 2, 0, 0], ""unused_pointer"": 2163862912}"
seasonal-ep2/q207-bb-e,6,104,"{""base_type"": 520, ""set_flags"": 512, ""runtime_index"": 60163, ""file_offset"": 10164, ""floor_field"": 6, ""entity_id_field"": 60227, ""group"": 0, ""room"": 12, ""unknown_a3"": 0, ""position"": [183.0, 10.139999389648438, -90.0], ""angles"": [0, 24576, 0], ""params"": [1.0, 1.0, 1.0, 2, 0, 0], ""unused_pointer"": 1627254144}"
seasonal-ep2/q207-bb-e,6,116,"{""base_type"": 520, ""set_flags"": 512, ""runtime_index"": 62723, ""file_offset"": 10980, ""floor_field"": 6, ""entity_id_field"": 24904, ""group"": 0, ""room"": 14, ""unknown_a3"": 0, ""position"": [-120.0, -100.0, -45.0], ""angles"": [0, 0, 0], ""params"": [1.0, 1.0, 1.0, 2, 0, 0], ""unused_pointer"": 1886252416}"
seasonal-ep2/q207-bb-e,6,119,"{""base_type"": 520, ""set_flags"": 512, ""runtime_index"": 63491, ""file_offset"": 11184, ""floor_field"": 6, ""entity_id_field"": 25672, ""group"": 0, ""room"": 14, ""unknown_a3"": 0, ""position"": [-120.0, -100.0, -45.0], ""angles"": [0, 0, 0], ""params"": [1.0, 1.0, 1.0, 2, 0, 0], ""unused_pointer"": 812838272}"
seasonal-ep2/q207-bb-e,7,1,"{""base_type"": 520, ""set_flags"": 512, ""runtime_index"": 7940, ""file_offset"": 14396, ""floor_field"": 7, ""entity_id_field"": 48200, ""group"": 0, ""room"": 2, ""unknown_a3"": 0, ""position"": [58.0, -47.0, 22.0], ""angles"": [0, 16384, 0], ""params"": [1.0, 1.0, 1.0, 2, 0, 0], ""unused_pointer"": 3228298624}"
seasonal-ep2/q207-bb-e,7,2,"{""base_type"": 520, ""set_flags"": 512, ""runtime_index"": 8196, ""file_offset"": 14464, ""floor_field"": 7, ""entity_id_field"": 48456, ""group"": 0, ""room"": 2, ""unknown_a3"": 0, ""position"": [66.0, -47.0, -8.0], ""angles"": [0, 11008, 0], ""params"": [1.0, 1.0, 1.0, 2, 0, 0], ""unused_pointer"": 544206208}"
seasonal-ep2/q207-bb-e,7,47,"{""base_type"": 520, ""set_flags"": 512, ""runtime_index"": 16388, ""file_offset"": 17524, ""floor_field"": 7, ""entity_id_field"": 53320, ""group"": 0, ""room"": 6, ""unknown_a3"": 0, ""position"": [-60.0, -54.189998626708984, 105.0], ""angles"": [0, 0, 0], ""params"": [1.0, 1.0, 1.0, 0, 0, 0], ""unused_pointer"": 812838272}"
seasonal-ep2/q207-bb-e,7,50,"{""base_type"": 520, ""set_flags"": 512, ""runtime_index"": 17412, ""file_offset"": 17728, ""floor_field"": 7, ""entity_id_field"": 54088, ""group"": 0, ""room"": 6, ""unknown_a3"": 0, ""position"": [-60.0, -44.189998626708984, 105.0], ""angles"": [0, 0, 0], ""params"": [1.0, 1.0, 1.0, 0, 0, 0], ""unused_pointer"": 2424106368}"
seasonal-ep2/q207-bb-e,7,53,"{""base_type"": 520, ""set_flags"": 0, ""runtime_index"": 46600, ""file_offset"": 17932, ""floor_field"": 7, ""entity_id_field"": 329, ""group"": 0, ""room"": 6, ""unknown_a3"": 0, ""position"": [-129.42999267578125, -55.279998779296875, -55.280029296875], ""angles"": [0, 40960, 0], ""params"": [1.0, 1.0, 1.0, 2, 0, 0], ""unused_pointer"": 3229805952}"
seasonal-ep2/q207-bb-e,7,175,"{""base_type"": 520, ""set_flags"": 0, ""runtime_index"": 23304, ""file_offset"": 26228, ""floor_field"": 7, ""entity_id_field"": 8265, ""group"": 0, ""room"": 8, ""unknown_a3"": 0, ""position"": [121.59488677978516, -66.97000122070312, -17.208984375], ""angles"": [0, 49152, 0], ""params"": [1.0, 1.0, 1.0, 0, 0, 0], ""unused_pointer"": 3490377344}"
seasonal-ep2/q207-bb-e,8,14,"{""base_type"": 520, ""set_flags"": 512, ""runtime_index"": 36100, ""file_offset"": 27332, ""floor_field"": 8, ""entity_id_field"": 20297, ""group"": 0, ""room"": 2, ""unknown_a3"": 0, ""position"": [10.0, -128.59999084472656, 119.969970703125], ""angles"": [0, 0, 0], ""params"": [1.0, 1.0, 1.0, 2, 0, 0], ""unused_pointer"": 2695294336}"
seasonal-ep2/q207-bb-e,8,53,"{""base_type"": 520, ""set_flags"": 512, ""runtime_index"": 60420, ""file_offset"": 29984, ""floor_field"": 8, ""entity_id_field"": 49480, ""group"": 0, ""room"": 4, ""unknown_a3"": 0, ""position"": [107.19537353515625, 0.0, 214.14923095703125], ""angles"": [0, 32768, 0], ""params"": [1.0, 1.0, 1.0, 2, 0, 0], ""unused_pointer"": 1617423744}"
seasonal-ep2/q207-bb-e,8,61,"{""base_type"": 520, ""set_flags"": 512, ""runtime_index"": 64004, ""file_offset"": 30528, ""floor_field"": 8, ""entity_id_field"": 52040, ""group"": 0, ""room"": 4, ""unknown_a3"": 0, ""position"": [93.38409423828125, 2.2699999809265137, -167.77001953125], ""angles"": [0, 16384, 0], ""params"": [1.0, 1.0, 1.0, 2, 0, 0], ""unused_pointer"": 1618734464}"
seasonal-ep2/q207-bb-e,8,85,"{""base_type"": 520, ""set_flags"": 512, ""runtime_index"": 6405, ""file_offset"": 32160, ""floor_field"": 8, ""entity_id_field"": 6469, ""group"": 0, ""room"": 8, ""unknown_a3"": 0, ""position"": [-150.0, 30.0, 78.5499267578125], ""angles"": [0, 0, 0], ""params"": [1.0, 1.0, 1.0, 2, 0, 0], ""unused_pointer"": 1619652224}"
seasonal-ep2/q207-bb-e,8,87,"{""base_type"": 520, ""set_flags"": 512, ""runtime_index"": 6917, ""file_offset"": 32296, ""floor_field"": 8, ""entity_id_field"": 6981, ""group"": 0, ""room"": 8, ""unknown_a3"": 0, ""position"": [90.0, 6.000319480895996, -70.0], ""angles"": [0, 0, 0], ""params"": [1.0, 1.0, 1.0, 2, 0, 0], ""unused_pointer"": 9367168}"
seasonal-ep2/q207-bb-e,8,109,"{""base_type"": 520, ""set_flags"": 512, ""runtime_index"": 12549, ""file_offset"": 33792, ""floor_field"": 8, ""entity_id_field"": 12613, ""group"": 0, ""room"": 8, ""unknown_a3"": 0, ""position"": [-255.0, -2.0, -125.0], ""angles"": [0, 8192, 0], ""params"": [1.0, 1.0, 1.0, 2, 0, 0], ""unused_pointer"": 280686208}"
seasonal-ep2/q207-bb-e,8,113,"{""base_type"": 520, ""set_flags"": 512, ""runtime_index"": 13573, ""file_offset"": 34064, ""floor_field"": 8, ""entity_id_field"": 13637, ""group"": 0, ""room"": 8, ""unknown_a3"": 0, ""position"": [-240.0, -3.0, -150.0], ""angles"": [0, 12288, 0], ""params"": [1.0, 1.0, 1.0, 2, 0, 0], ""unused_pointer"": 1086582400}"
seasonal-ep2/q207-bb-e,8,186,"{""base_type"": 520, ""set_flags"": 0, ""runtime_index"": 24584, ""file_offset"": 39028, ""floor_field"": 8, ""entity_id_field"": 46409, ""group"": 0, ""room"": 9, ""unknown_a3"": 0, ""position"": [-950.3345336914062, -28.067272186279297, -657.5631103515625], ""angles"": [0, -16384, 0], ""params"": [1.0, 1.0, 1.0, 2, 0, 0], ""unused_pointer"": 547417472}"
seasonal-ep2/q207-bb-e,8,187,"{""base_type"": 520, ""set_flags"": 0, ""runtime_index"": 24328, ""file_offset"": 39096, ""floor_field"": 8, ""entity_id_field"": 46665, ""group"": 0, ""room"": 9, ""unknown_a3"": 0, ""position"": [-1008.5999755859375, -39.71999740600586, -542.9249877929688], ""angles"": [0, -24576, 0], ""params"": [1.0, 1.0, 1.0, 2, 0, 0], ""unused_pointer"": 10808704}"
seasonal-ep2/q207-bb-e,8,202,"{""base_type"": 520, ""set_flags"": 0, ""runtime_index"": 25352, ""file_offset"": 40116, ""floor_field"": 8, ""entity_id_field"": 50505, ""group"": 0, ""room"": 9, ""unknown_a3"": 0, ""position"": [-1232.793212890625, -84.55863952636719, -441.02294921875], ""angles"": [0, -12288, 0], ""params"": [1.0, 1.0, 1.0, 2, 0, 0], ""unused_pointer"": 1892937088}"
seasonal-ep2/q207-bb-e,9,140,"{""base_type"": 520, ""set_flags"": 512, ""runtime_index"": 49413, ""file_offset"": 53256, ""floor_field"": 9, ""entity_id_field"": 62029, ""group"": 0, ""room"": 3, ""unknown_a3"": 0, ""position"": [-731.2408447265625, 4.748496055603027, -308.72088623046875], ""angles"": [0, 39680, 0], ""params"": [1.0, 1.0, 1.0, 0, 0, 0], ""unused_pointer"": 1895427456}"
seasonal-ep2/q207-bb-e,9,141,"{""base_type"": 520, ""set_flags"": 512, ""runtime_index"": 49669, ""file_offset"": 53324, ""floor_field"": 9, ""entity_id_field"": 62285, ""group"": 0, ""room"": 3, ""unknown_a3"": 0, ""position"": [-667.239990234375, 4.75, -368.7200012207031], ""angles"": [0, 39680, 0], ""params"": [1.0, 1.0, 1.0, 0, 0, 0], ""unused_pointer"": 1358818688}"
seasonal-ep2/q207-bb-e,9,148,"{""base_type"": 520, ""set_flags"": 512, ""runtime_index"": 51973, ""file_offset"": 53800, ""floor_field"": 9, ""entity_id_field"": 64589, ""group"": 0, ""room"": 3, ""unknown_a3"": 0, ""position"": [-620.0, -5.599999904632568, 100.0], ""angles"": [0, 20480, 0], ""params"": [1.0, 1.0, 1.0, 0, 0, 0], ""unused_pointer"": 269807232}"
seasonal-ep2/q207-bb-e,9,171,"{""base_type"": 520, ""set_flags"": 0, ""runtime_index"": 44808, ""file_offset"": 55364, ""floor_field"": 9, ""entity_id_field"": 53064, ""group"": 0, ""room"": 6, ""unknown_a3"": 0, ""position"": [-203.14996337890625, 171.0, 495.1499938964844], ""angles"": [0, 4096, 0], ""params"": [1.0, 1.0, 1.0, 2, 0, 0], ""unused_pointer"": 2426334592}"
seasonal-ep2/q207-bb-e,9,200,"{""base_type"": 520, ""set_flags"": 0, ""runtime_index"": 50952, ""file_offset"": 57336, ""floor_field"": 9, ""entity_id_field"": 46153, ""group"": 0, ""room"": 13, ""unknown_a3"": 0, ""position"": [-53.386474609375, 10.0, 32.83720397949219], ""angles"": [0, 57344, 0], ""params"": [1.0, 1.0, 1.0, 2, 0, 0], ""unused_pointer"": 1894313344}"
seasonal-ep2/q207-bb-j,6,37,"{""base_type"": 520, ""set_flags"": 0, ""runtime_index"": 23048, ""file_offset"": 5608, ""floor_field"": 6, ""entity_id_field"": 32584, ""group"": 0, ""room"": 3, ""unknown_a3"": 0, ""position"": [97.61000061035156, -5.9437479972839355, 140.66433715820312], ""angles"": [0, 4096, 0], ""params"": [1.0, 1.0, 1.0, 2, 0, 0], ""unused_pointer"": 814607744}"
seasonal-ep2/q207-bb-j,6,38,"{""base_type"": 520, ""set_flags"": 0, ""runtime_index"": 24840, ""file_offset"": 5676, ""floor_field"": 6, ""entity_id_field"": 30280, ""group"": 0, ""room"": 3, ""unknown_a3"": 0, ""position"": [27.921295166015625, -5.940000057220459, 156.99172973632812], ""angles"": [0, 36864, 0], ""params"": [1.0, 1.0, 1.0, 2, 0, 0], ""unused_pointer"": 546368896}"
seasonal-ep2/q207-bb-j,6,39,"{""base_type"": 520, ""set_flags"": 0, ""runtime_index"": 25096, ""file_offset"": 5744, ""floor_field"": 6, ""entity_id_field"": 30536, ""group"": 0, ""room"": 3, ""unknown_a3"": 0, ""position"": [65.01852416992188, -5.940000057220459, 147.61814880371094], ""angles"": [0, 36864, 0], ""params"": [1.0, 1.0, 1.0, 2, 0, 0], ""unused_pointer"": 9760128}"
seasonal-ep2/q207-bb-j,6,95,"{""base_type"": 520, ""set_flags"": 512, ""runtime_index"": 56579, ""file_offset"": 9552, ""floor_field"": 6, ""entity_id_field"": 6985, ""group"": 0, ""room"": 9, ""unknown_a3"": 0, ""position"": [-9.0, -7.099999904632568, -130.0], ""angles"": [0, 4096, 0], ""params"": [1.0, 1.0, 1.0, 2, 0, 0], ""unused_pointer"": 4033277312}"
seasonal-ep2/q207-bb-j,6,101,"{""base_type"": 520, ""set_flags"": 512, ""runtime_index"": 59395, ""file_offset"": 9960, ""floor_field"": 6, ""entity_id_field"": 59459, ""group"": 0, ""room"": 12, ""unknown_a3"": 0, ""position"": [183.0, 0.15087366104125977, -90.0], ""angles"": [0, 28672, 0], ""params"": [1.0, 1.0, 1.0, 2, 0, 0], ""unused_pointer"": 3237080448}"
seasonal-ep2/q207-bb-j,6,102,"{""base_type"": 520, ""set_flags"": 512, ""runtime_index"": 59651, ""file_offset"": 10028, ""floor_field"": 6, ""entity_id_field"": 59715, ""group"": 0, ""room"": 12, ""unknown_a3"": 0, ""position"": [205.0, 0.042664192616939545, -75.0], ""angles"": [0, 28672, 0], ""params"": [1.0, 1.0, 1.0, 2, 0, 0], ""unused_pointer"": 2700471680}"
seasonal-ep2/q207-bb-j,6,103,"{""base_type"": 520, ""set_flags"": 512, ""runtime_index"": 59907, ""file_offset"": 10096, ""floor_field"": 6, ""entity_id_field"": 59971, ""group"": 0, ""room"": 12, ""unknown_a3"": 0, ""position"": [205.0, 10.039999961853027, -70.0], ""angles"": [0, 57344, 0], ""params"": [1.0, 1.0, 1.0, 2, 0, 0], ""unused_pointer"": 2163862912}"
seasonal-ep2/q207-bb-j,6,104,"{""base_type"": 520, ""set_flags"": 512, ""runtime_index"": 60163, ""file_offset"": 10164, ""floor_field"": 6, ""entity_id_field"": 60227, ""group"": 0, ""room"": 12, ""unknown_a3"": 0, ""position"": [183.0, 10.139999389648438, -90.0], ""angles"": [0, 24576, 0], ""params"": [1.0, 1.0, 1.0, 2, 0, 0], ""unused_pointer"": 1627254144}"
seasonal-ep2/q207-bb-j,6,116,"{""base_type"": 520, ""set_flags"": 512, ""runtime_index"": 62723, ""file_offset"": 10980, ""floor_field"": 6, ""entity_id_field"": 24904, ""group"": 0, ""room"": 14, ""unknown_a3"": 0, ""position"": [-120.0, -100.0, -45.0], ""angles"": [0, 0, 0], ""params"": [1.0, 1.0, 1.0, 2, 0, 0], ""unused_pointer"": 1886252416}"
seasonal-ep2/q207-bb-j,6,119,"{""base_type"": 520, ""set_flags"": 512, ""runtime_index"": 63491, ""file_offset"": 11184, ""floor_field"": 6, ""entity_id_field"": 25672, ""group"": 0, ""room"": 14, ""unknown_a3"": 0, ""position"": [-120.0, -100.0, -45.0], ""angles"": [0, 0, 0], ""params"": [1.0, 1.0, 1.0, 2, 0, 0], ""unused_pointer"": 812838272}"
seasonal-ep2/q207-bb-j,7,1,"{""base_type"": 520, ""set_flags"": 512, ""runtime_index"": 7940, ""file_offset"": 14396, ""floor_field"": 7, ""entity_id_field"": 48200, ""group"": 0, ""room"": 2, ""unknown_a3"": 0, ""position"": [58.0, -47.0, 22.0], ""angles"": [0, 16384, 0], ""params"": [1.0, 1.0, 1.0, 2, 0, 0], ""unused_pointer"": 3228298624}"
seasonal-ep2/q207-bb-j,7,2,"{""base_type"": 520, ""set_flags"": 512, ""runtime_index"": 8196, ""file_offset"": 14464, ""floor_field"": 7, ""entity_id_field"": 48456, ""group"": 0, ""room"": 2, ""unknown_a3"": 0, ""position"": [66.0, -47.0, -8.0], ""angles"": [0, 11008, 0], ""params"": [1.0, 1.0, 1.0, 2, 0, 0], ""unused_pointer"": 544206208}"
seasonal-ep2/q207-bb-j,7,47,"{""base_type"": 520, ""set_flags"": 512, ""runtime_index"": 16388, ""file_offset"": 17524, ""floor_field"": 7, ""entity_id_field"": 53320, ""group"": 0, ""room"": 6, ""unknown_a3"": 0, ""position"": [-60.0, -54.189998626708984, 105.0], ""angles"": [0, 0, 0], ""params"": [1.0, 1.0, 1.0, 0, 0, 0], ""unused_pointer"": 812838272}"
seasonal-ep2/q207-bb-j,7,50,"{""base_type"": 520, ""set_flags"": 512, ""runtime_index"": 17412, ""file_offset"": 17728, ""floor_field"": 7, ""entity_id_field"": 54088, ""group"": 0, ""room"": 6, ""unknown_a3"": 0, ""position"": [-60.0, -44.189998626708984, 105.0], ""angles"": [0, 0, 0], ""params"": [1.0, 1.0, 1.0, 0, 0, 0], ""unused_pointer"": 2424106368}"
seasonal-ep2/q207-bb-j,7,53,"{""base_type"": 520, ""set_flags"": 0, ""runtime_index"": 46600, ""file_offset"": 17932, ""floor_field"": 7, ""entity_id_field"": 329, ""group"": 0, ""room"": 6, ""unknown_a3"": 0, ""position"": [-129.42999267578125, -55.279998779296875, -55.280029296875], ""angles"": [0, 40960, 0], ""params"": [1.0, 1.0, 1.0, 2, 0, 0], ""unused_pointer"": 3229805952}"
seasonal-ep2/q207-bb-j,7,175,"{""base_type"": 520, ""set_flags"": 0, ""runtime_index"": 23304, ""file_offset"": 26228, ""floor_field"": 7, ""entity_id_field"": 8265, ""group"": 0, ""room"": 8, ""unknown_a3"": 0, ""position"": [121.59488677978516, -66.97000122070312, -17.208984375], ""angles"": [0, 49152, 0], ""params"": [1.0, 1.0, 1.0, 0, 0, 0], ""unused_pointer"": 3490377344}"
seasonal-ep2/q207-bb-j,8,14,"{""base_type"": 520, ""set_flags"": 512, ""runtime_index"": 36100, ""file_offset"": 27332, ""floor_field"": 8, ""entity_id_field"": 20297, ""group"": 0, ""room"": 2, ""unknown_a3"": 0, ""position"": [10.0, -128.59999084472656, 119.969970703125], ""angles"": [0, 0, 0], ""params"": [1.0, 1.0, 1.0, 2, 0, 0], ""unused_pointer"": 2695294336}"
seasonal-ep2/q207-bb-j,8,53,"{""base_type"": 520, ""set_flags"": 512, ""runtime_index"": 60420, ""file_offset"": 29984, ""floor_field"": 8, ""entity_id_field"": 49480, ""group"": 0, ""room"": 4, ""unknown_a3"": 0, ""position"": [107.19537353515625, 0.0, 214.14923095703125], ""angles"": [0, 32768, 0], ""params"": [1.0, 1.0, 1.0, 2, 0, 0], ""unused_pointer"": 1617423744}"
seasonal-ep2/q207-bb-j,8,61,"{""base_type"": 520, ""set_flags"": 512, ""runtime_index"": 64004, ""file_offset"": 30528, ""floor_field"": 8, ""entity_id_field"": 52040, ""group"": 0, ""room"": 4, ""unknown_a3"": 0, ""position"": [93.38409423828125, 2.2699999809265137, -167.77001953125], ""angles"": [0, 16384, 0], ""params"": [1.0, 1.0, 1.0, 2, 0, 0], ""unused_pointer"": 1618734464}"
seasonal-ep2/q207-bb-j,8,85,"{""base_type"": 520, ""set_flags"": 512, ""runtime_index"": 6405, ""file_offset"": 32160, ""floor_field"": 8, ""entity_id_field"": 6469, ""group"": 0, ""room"": 8, ""unknown_a3"": 0, ""position"": [-150.0, 30.0, 78.5499267578125], ""angles"": [0, 0, 0], ""params"": [1.0, 1.0, 1.0, 2, 0, 0], ""unused_pointer"": 1619652224}"
seasonal-ep2/q207-bb-j,8,87,"{""base_type"": 520, ""set_flags"": 512, ""runtime_index"": 6917, ""file_offset"": 32296, ""floor_field"": 8, ""entity_id_field"": 6981, ""group"": 0, ""room"": 8, ""unknown_a3"": 0, ""position"": [90.0, 6.000319480895996, -70.0], ""angles"": [0, 0, 0], ""params"": [1.0, 1.0, 1.0, 2, 0, 0], ""unused_pointer"": 9367168}"
seasonal-ep2/q207-bb-j,8,109,"{""base_type"": 520, ""set_flags"": 512, ""runtime_index"": 12549, ""file_offset"": 33792, ""floor_field"": 8, ""entity_id_field"": 12613, ""group"": 0, ""room"": 8, ""unknown_a3"": 0, ""position"": [-255.0, -2.0, -125.0], ""angles"": [0, 8192, 0], ""params"": [1.0, 1.0, 1.0, 2, 0, 0], ""unused_pointer"": 280686208}"
seasonal-ep2/q207-bb-j,8,113,"{""base_type"": 520, ""set_flags"": 512, ""runtime_index"": 13573, ""file_offset"": 34064, ""floor_field"": 8, ""entity_id_field"": 13637, ""group"": 0, ""room"": 8, ""unknown_a3"": 0, ""position"": [-240.0, -3.0, -150.0], ""angles"": [0, 12288, 0], ""params"": [1.0, 1.0, 1.0, 2, 0, 0], ""unused_pointer"": 1086582400}"
seasonal-ep2/q207-bb-j,8,186,"{""base_type"": 520, ""set_flags"": 0, ""runtime_index"": 24584, ""file_offset"": 39028, ""floor_field"": 8, ""entity_id_field"": 46409, ""group"": 0, ""room"": 9, ""unknown_a3"": 0, ""position"": [-950.3345336914062, -28.067272186279297, -657.5631103515625], ""angles"": [0, -16384, 0], ""params"": [1.0, 1.0, 1.0, 2, 0, 0], ""unused_pointer"": 547417472}"
seasonal-ep2/q207-bb-j,8,187,"{""base_type"": 520, ""set_flags"": 0, ""runtime_index"": 24328, ""file_offset"": 39096, ""floor_field"": 8, ""entity_id_field"": 46665, ""group"": 0, ""room"": 9, ""unknown_a3"": 0, ""position"": [-1008.5999755859375, -39.71999740600586, -542.9249877929688], ""angles"": [0, -24576, 0], ""params"": [1.0, 1.0, 1.0, 2, 0, 0], ""unused_pointer"": 10808704}"
seasonal-ep2/q207-bb-j,8,202,"{""base_type"": 520, ""set_flags"": 0, ""runtime_index"": 25352, ""file_offset"": 40116, ""floor_field"": 8, ""entity_id_field"": 50505, ""group"": 0, ""room"": 9, ""unknown_a3"": 0, ""position"": [-1232.793212890625, -84.55863952636719, -441.02294921875], ""angles"": [0, -12288, 0], ""params"": [1.0, 1.0, 1.0, 2, 0, 0], ""unused_pointer"": 1892937088}"
seasonal-ep2/q207-bb-j,9,140,"{""base_type"": 520, ""set_flags"": 512, ""runtime_index"": 49413, ""file_offset"": 53256, ""floor_field"": 9, ""entity_id_field"": 62029, ""group"": 0, ""room"": 3, ""unknown_a3"": 0, ""position"": [-731.2408447265625, 4.748496055603027, -308.72088623046875], ""angles"": [0, 39680, 0], ""params"": [1.0, 1.0, 1.0, 0, 0, 0], ""unused_pointer"": 1895427456}"
seasonal-ep2/q207-bb-j,9,141,"{""base_type"": 520, ""set_flags"": 512, ""runtime_index"": 49669, ""file_offset"": 53324, ""floor_field"": 9, ""entity_id_field"": 62285, ""group"": 0, ""room"": 3, ""unknown_a3"": 0, ""position"": [-667.239990234375, 4.75, -368.7200012207031], ""angles"": [0, 39680, 0], ""params"": [1.0, 1.0, 1.0, 0, 0, 0], ""unused_pointer"": 1358818688}"
seasonal-ep2/q207-bb-j,9,148,"{""base_type"": 520, ""set_flags"": 512, ""runtime_index"": 51973, ""file_offset"": 53800, ""floor_field"": 9, ""entity_id_field"": 64589, ""group"": 0, ""room"": 3, ""unknown_a3"": 0, ""position"": [-620.0, -5.599999904632568, 100.0], ""angles"": [0, 20480, 0], ""params"": [1.0, 1.0, 1.0, 0, 0, 0], ""unused_pointer"": 269807232}"
seasonal-ep2/q207-bb-j,9,171,"{""base_type"": 520, ""set_flags"": 0, ""runtime_index"": 44808, ""file_offset"": 55364, ""floor_field"": 9, ""entity_id_field"": 53064, ""group"": 0, ""room"": 6, ""unknown_a3"": 0, ""position"": [-203.14996337890625, 171.0, 495.1499938964844], ""angles"": [0, 4096, 0], ""params"": [1.0, 1.0, 1.0, 2, 0, 0], ""unused_pointer"": 2426334592}"
seasonal-ep2/q207-bb-j,9,200,"{""base_type"": 520, ""set_flags"": 0, ""runtime_index"": 50952, ""file_offset"": 57336, ""floor_field"": 9, ""entity_id_field"": 46153, ""group"": 0, ""room"": 13, ""unknown_a3"": 0, ""position"": [-53.386474609375, 10.0, 32.83720397949219], ""angles"": [0, 57344, 0], ""params"": [1.0, 1.0, 1.0, 2, 0, 0], ""unused_pointer"": 1894313344}"
seasonal-ep2/q240-bb-e,8,22,"{""base_type"": 520, ""set_flags"": 0, ""runtime_index"": 2185, ""file_offset"": 4860, ""floor_field"": 8, ""entity_id_field"": 18541, ""group"": 0, ""room"": 2, ""unknown_a3"": 0, ""position"": [117.71797180175781, -100.00028228759766, 328.7139892578125], ""angles"": [0, 0, 0], ""params"": [1.0, 1.0, 1.0, 0, 0, 0], ""unused_pointer"": 209037424}"
seasonal-ep2/q240-bb-e,8,38,"{""base_type"": 520, ""set_flags"": 0, ""runtime_index"": 2336, ""file_offset"": 5948, ""floor_field"": 8, ""entity_id_field"": 18613, ""group"": 0, ""room"": 3, ""unknown_a3"": 0, ""position"": [-319.124755859375, -100.00032806396484, 42.06817626953125], ""angles"": [0, 61440, 0], ""params"": [1.0, 1.0, 1.0, 0, 0, 0], ""unused_pointer"": 74950336}"
seasonal-ep2/q240-bb-e,8,39,"{""base_type"": 520, ""set_flags"": 0, ""runtime_index"": 2211, ""file_offset"": 6016, ""floor_field"": 8, ""entity_id_field"": 18614, ""group"": 0, ""room"": 3, ""unknown_a3"": 0, ""position"": [-184.1536865234375, -93.53162384033203, -34.408447265625], ""angles"": [0, 12288, 0], ""params"": [1.0, 1.0, 1.0, 0, 0, 0], ""unused_pointer"": 74951200}"
seasonal-ep2/q240-bb-e,8,40,"{""base_type"": 520, ""set_flags"": 0, ""runtime_index"": 2282, ""file_offset"": 6084, ""floor_field"": 8, ""entity_id_field"": 18615, ""group"": 0, ""room"": 3, ""unknown_a3"": 0, ""position"": [-196.98797607421875, -97.39762878417969, -0.17266845703125], ""angles"": [0, 16384, 0], ""params"": [1.0, 1.0, 1.0, 0, 0, 0], ""unused_pointer"": 74952064}"
seasonal-ep2/q240-bb-e,8,46,"{""base_type"": 520, ""set_flags"": 0, ""runtime_index"": 2337, ""file_offset"": 6492, ""floor_field"": 8, ""entity_id_field"": 18621, ""group"": 0, ""room"": 3, ""unknown_a3"": 0, ""position"": [-343.96075439453125, -100.00032806396484, 87.94921875], ""angles"": [0, 225280, 0], ""params"": [1.0, 1.0, 1.0, 0, 0, 0], ""unused_pointer"": 74954176}"
seasonal-ep2/q240-bb-e,8,55,"{""base_type"": 520, ""set_flags"": 0, ""runtime_index"": 2377, ""file_offset"": 7104, ""floor_field"": 8, ""entity_id_field"": 18630, ""group"": 0, ""room"": 3, ""unknown_a3"": 0, ""position"": [-323.9131164550781, -81.9691390991211, 64.180908203125], ""angles"": [0, 12288, 0], ""params"": [1.0, 1.0, 1.0, 0, 0, 0], ""unused_pointer"": 74960448}"
seasonal-ep2/q240-bb-e,8,56,"{""base_type"": 520, ""set_flags"": 0, ""runtime_index"": 2089, ""file_offset"": 7172, ""floor_field"": 8, ""entity_id_field"": 18631, ""group"": 0, ""room"": 3, ""unknown_a3"": 0, ""position"": [-310.0695495605469, -100.00032806396484, 35.34375], ""angles"": [0, 12288, 0], ""params"": [1.0, 1.0, 1.0, 0, 0, 0], ""unused_pointer"": 74961312}"
seasonal-ep2/q240-bb-e,8,58,"{""base_type"": 520, ""set_flags"": 0, ""runtime_index"": 2090, ""file_offset"": 7308, ""floor_field"": 8, ""entity_id_field"": 18633, ""group"": 0, ""room"": 3, ""unknown_a3"": 0, ""position"": [-347.21923828125, -100.00032806396484, 104.009521484375], ""angles"": [0, 36864, 0], ""params"": [1.0, 1.0, 1.0, 0, 0, 0], ""unused_pointer"": 74962352}"
seasonal-ep2/q240-bb-e,8,66,"{""base_type"": 520, ""set_flags"": 0, ""runtime_index"": 2087, ""file_offset"": 7852, ""floor_field"": 8, ""entity_id_field"": 18641, ""group"": 0, ""room"": 3, ""unknown_a3"": 0, ""position"": [-354.0406188964844, -100.00032806396484, 66.14691162109375], ""angles"": [0, 45056, 0], ""params"": [1.0, 1.0, 1.0, 0, 0, 0], ""unused_pointer"": 74966448}"
seasonal-ep2/q240-bb-e,8,67,"{""base_type"": 520, ""set_flags"": 0, ""runtime_index"": 2088, ""file_offset"": 7920, ""floor_field"": 8, ""entity_id_field"": 18642, ""group"": 0, ""room"": 3, ""unknown_a3"": 0, ""position"": [-347.7511901855469, -100.00032806396484, 50.89263916015625], ""angles"": [0, 45056, 0], ""params"": [1.0, 1.0, 1.0, 0, 0, 0], ""unused_pointer"": 74967312}"
seasonal-ep2/q240-bb-e,8,76,"{""base_type"": 520, ""set_flags"": 0, ""runtime_index"": 2131, ""file_offset"": 8532, ""floor_field"": 8, ""entity_id_field"": 19017, ""group"": 0, ""room"": 4, ""unknown_a3"": 0, ""position"": [88.51568603515625, -9.059514999389648, -175.41766357421875], ""angles"": [0, 49152, 0], ""params"": [1.0, 1.0, 1.0, 0, 0, 0], ""unused_pointer"": 73831952}"
seasonal-ep2/q240-bb-e,8,77,"{""base_type"": 520, ""set_flags"": 0, ""runtime_index"": 2135, ""file_offset"": 8600, ""floor_field"": 8, ""entity_id_field"": 19018, ""group"": 0, ""room"": 4, ""unknown_a3"": 0, ""position"": [83.842529296875, -14.515763282775879, -231.51123046875], ""angles"": [0, 86016, 0], ""params"": [1.0, 1.0, 1.0, 0, 0, 0], ""unused_pointer"": 73832816}"
seasonal-ep2/q240-bb-e,8,78,"{""base_type"": 520, ""set_flags"": 0, ""runtime_index"": 2134, ""file_offset"": 8668, ""floor_field"": 8, ""entity_id_field"": 19019, ""group"": 0, ""room"": 4, ""unknown_a3"": 0, ""position"": [92.0579833984375, -13.297015190124512, -201.70138549804688], ""angles"": [0, -4096, 0], ""params"": [1.0, 1.0, 1.0, 0, 0, 0], ""unused_pointer"": 73833680}"
seasonal-ep2/q240-bb-e,8,82,"{""base_type"": 520, ""set_flags"": 0, ""runtime_index"": 2145, ""file_offset"": 8940, ""floor_field"": 8, ""entity_id_field"": 19023, ""group"": 0, ""room"": 4, ""unknown_a3"": 0, ""position"": [104.2137451171875, -5.2502593994140625, 72.3060302734375], ""angles"": [0, 45056, 0], ""params"": [1.0, 1.0, 1.0, 0, 0, 0], ""unused_pointer"": 73834896}"
seasonal-ep2/q240-bb-e,8,85,"{""base_type"": 520, ""set_flags"": 0, ""runtime_index"": 2146, ""file_offset"": 9144, ""floor_field"": 8, ""entity_id_field"": 19026, ""group"": 0, ""room"": 4, ""unknown_a3"": 0, ""position"": [61.63531494140625, -14.137760162353516, 162.9322509765625], ""angles"": [0, 69632, 0], ""params"": [1.0, 1.0, 1.0, 0, 0, 0], ""unused_pointer"": 73836240}"
seasonal-ep2/q240-bb-e,8,86,"{""base_type"": 520, ""set_flags"": 0, ""runtime_index"": 2144, ""file_offset"": 9212, ""floor_field"": 8, ""entity_id_field"": 19027, ""group"": 0, ""room"": 4, ""unknown_a3"": 0, ""position"": [41.382843017578125, -8.306509017944336, 186.543212890625], ""angles"": [0, 45056, 0], ""params"": [1.0, 1.0, 1.0, 0, 0, 0], ""unused_pointer"": 73837104}"
seasonal-ep2/q240-bb-e,8,87,"{""base_type"": 520, ""set_flags"": 0, ""runtime_index"": 2147, ""file_offset"": 9280, ""floor_field"": 8, ""entity_id_field"": 19028, ""group"": 0, ""room"": 4, ""unknown_a3"": 0, ""position"": [66.7335205078125, -18.169008255004883, 148.85345458984375], ""angles"": [0, 49152, 0], ""params"": [1.0, 1.0, 1.0, 0, 0, 0], ""unused_pointer"": 73837968}"
seasonal-ep2/q240-bb-e,8,95,"{""base_type"": 520, ""set_flags"": 0, ""runtime_index"": 2150, ""file_offset"": 9824, ""floor_field"": 8, ""entity_id_field"": 19036, ""group"": 0, ""room"": 4, ""unknown_a3"": 0, ""position"": [79.425537109375, -18.169008255004883, 126.57232666015625], ""angles"": [0, 32768, 0], ""params"": [1.0, 1.0, 1.0, 0, 0, 0], ""unused_pointer"": 73842320}"
seasonal-ep2/q240-bb-e,8,96,"{""base_type"": 520, ""set_flags"": 0, ""runtime_index"": 2149, ""file_offset"": 9892, ""floor_field"": 8, ""entity_id_field"": 19037, ""group"": 0, ""room"": 4, ""unknown_a3"": 0, ""position"": [91.606201171875, -13.200257301330566, 103.7115478515625], ""angles"": [0, 73728, 0], ""params"": [1.0, 1.0, 1.0, 0, 0, 0], ""unused_pointer"": 73843184}"
seasonal-ep2/q240-bb-j,8,22,"{""base_type"": 520, ""set_flags"": 0, ""runtime_index"": 2185, ""file_offset"": 4860, ""floor_field"": 8, ""entity_id_field"": 18541, ""group"": 0, ""room"": 2, ""unknown_a3"": 0, ""position"": [117.71797180175781, -100.00028228759766, 328.7139892578125], ""angles"": [0, 0, 0], ""params"": [1.0, 1.0, 1.0, 0, 0, 0], ""unused_pointer"": 209037424}"
seasonal-ep2/q240-bb-j,8,38,"{""base_type"": 520, ""set_flags"": 0, ""runtime_index"": 2336, ""file_offset"": 5948, ""floor_field"": 8, ""entity_id_field"": 18613, ""group"": 0, ""room"": 3, ""unknown_a3"": 0, ""position"": [-319.124755859375, -100.00032806396484, 42.06817626953125], ""angles"": [0, 61440, 0], ""params"": [1.0, 1.0, 1.0, 0, 0, 0], ""unused_pointer"": 74950336}"
seasonal-ep2/q240-bb-j,8,39,"{""base_type"": 520, ""set_flags"": 0, ""runtime_index"": 2211, ""file_offset"": 6016, ""floor_field"": 8, ""entity_id_field"": 18614, ""group"": 0, ""room"": 3, ""unknown_a3"": 0, ""position"": [-184.1536865234375, -93.53162384033203, -34.408447265625], ""angles"": [0, 12288, 0], ""params"": [1.0, 1.0, 1.0, 0, 0, 0], ""unused_pointer"": 74951200}"
seasonal-ep2/q240-bb-j,8,40,"{""base_type"": 520, ""set_flags"": 0, ""runtime_index"": 2282, ""file_offset"": 6084, ""floor_field"": 8, ""entity_id_field"": 18615, ""group"": 0, ""room"": 3, ""unknown_a3"": 0, ""position"": [-196.98797607421875, -97.39762878417969, -0.17266845703125], ""angles"": [0, 16384, 0], ""params"": [1.0, 1.0, 1.0, 0, 0, 0], ""unused_pointer"": 74952064}"
seasonal-ep2/q240-bb-j,8,46,"{""base_type"": 520, ""set_flags"": 0, ""runtime_index"": 2337, ""file_offset"": 6492, ""floor_field"": 8, ""entity_id_field"": 18621, ""group"": 0, ""room"": 3, ""unknown_a3"": 0, ""position"": [-343.96075439453125, -100.00032806396484, 87.94921875], ""angles"": [0, 225280, 0], ""params"": [1.0, 1.0, 1.0, 0, 0, 0], ""unused_pointer"": 74954176}"
seasonal-ep2/q240-bb-j,8,55,"{""base_type"": 520, ""set_flags"": 0, ""runtime_index"": 2377, ""file_offset"": 7104, ""floor_field"": 8, ""entity_id_field"": 18630, ""group"": 0, ""room"": 3, ""unknown_a3"": 0, ""position"": [-323.9131164550781, -81.9691390991211, 64.180908203125], ""angles"": [0, 12288, 0], ""params"": [1.0, 1.0, 1.0, 0, 0, 0], ""unused_pointer"": 74960448}"
seasonal-ep2/q240-bb-j,8,56,"{""base_type"": 520, ""set_flags"": 0, ""runtime_index"": 2089, ""file_offset"": 7172, ""floor_field"": 8, ""entity_id_field"": 18631, ""group"": 0, ""room"": 3, ""unknown_a3"": 0, ""position"": [-310.0695495605469, -100.00032806396484, 35.34375], ""angles"": [0, 12288, 0], ""params"": [1.0, 1.0, 1.0, 0, 0, 0], ""unused_pointer"": 74961312}"
seasonal-ep2/q240-bb-j,8,58,"{""base_type"": 520, ""set_flags"": 0, ""runtime_index"": 2090, ""file_offset"": 7308, ""floor_field"": 8, ""entity_id_field"": 18633, ""group"": 0, ""room"": 3, ""unknown_a3"": 0, ""position"": [-347.21923828125, -100.00032806396484, 104.009521484375], ""angles"": [0, 36864, 0], ""params"": [1.0, 1.0, 1.0, 0, 0, 0], ""unused_pointer"": 74962352}"
seasonal-ep2/q240-bb-j,8,66,"{""base_type"": 520, ""set_flags"": 0, ""runtime_index"": 2087, ""file_offset"": 7852, ""floor_field"": 8, ""entity_id_field"": 18641, ""group"": 0, ""room"": 3, ""unknown_a3"": 0, ""position"": [-354.0406188964844, -100.00032806396484, 66.14691162109375], ""angles"": [0, 45056, 0], ""params"": [1.0, 1.0, 1.0, 0, 0, 0], ""unused_pointer"": 74966448}"
seasonal-ep2/q240-bb-j,8,67,"{""base_type"": 520, ""set_flags"": 0, ""runtime_index"": 2088, ""file_offset"": 7920, ""floor_field"": 8, ""entity_id_field"": 18642, ""group"": 0, ""room"": 3, ""unknown_a3"": 0, ""position"": [-347.7511901855469, -100.00032806396484, 50.89263916015625], ""angles"": [0, 45056, 0], ""params"": [1.0, 1.0, 1.0, 0, 0, 0], ""unused_pointer"": 74967312}"
seasonal-ep2/q240-bb-j,8,76,"{""base_type"": 520, ""set_flags"": 0, ""runtime_index"": 2131, ""file_offset"": 8532, ""floor_field"": 8, ""entity_id_field"": 19017, ""group"": 0, ""room"": 4, ""unknown_a3"": 0, ""position"": [88.51568603515625, -9.059514999389648, -175.41766357421875], ""angles"": [0, 49152, 0], ""params"": [1.0, 1.0, 1.0, 0, 0, 0], ""unused_pointer"": 73831952}"
seasonal-ep2/q240-bb-j,8,77,"{""base_type"": 520, ""set_flags"": 0, ""runtime_index"": 2135, ""file_offset"": 8600, ""floor_field"": 8, ""entity_id_field"": 19018, ""group"": 0, ""room"": 4, ""unknown_a3"": 0, ""position"": [83.842529296875, -14.515763282775879, -231.51123046875], ""angles"": [0, 86016, 0], ""params"": [1.0, 1.0, 1.0, 0, 0, 0], ""unused_pointer"": 73832816}"
seasonal-ep2/q240-bb-j,8,78,"{""base_type"": 520, ""set_flags"": 0, ""runtime_index"": 2134, ""file_offset"": 8668, ""floor_field"": 8, ""entity_id_field"": 19019, ""group"": 0, ""room"": 4, ""unknown_a3"": 0, ""position"": [92.0579833984375, -13.297015190124512, -201.70138549804688], ""angles"": [0, -4096, 0], ""params"": [1.0, 1.0, 1.0, 0, 0, 0], ""unused_pointer"": 73833680}"
seasonal-ep2/q240-bb-j,8,82,"{""base_type"": 520, ""set_flags"": 0, ""runtime_index"": 2145, ""file_offset"": 8940, ""floor_field"": 8, ""entity_id_field"": 19023, ""group"": 0, ""room"": 4, ""unknown_a3"": 0, ""position"": [104.2137451171875, -5.2502593994140625, 72.3060302734375], ""angles"": [0, 45056, 0], ""params"": [1.0, 1.0, 1.0, 0, 0, 0], ""unused_pointer"": 73834896}"
seasonal-ep2/q240-bb-j,8,85,"{""base_type"": 520, ""set_flags"": 0, ""runtime_index"": 2146, ""file_offset"": 9144, ""floor_field"": 8, ""entity_id_field"": 19026, ""group"": 0, ""room"": 4, ""unknown_a3"": 0, ""position"": [61.63531494140625, -14.137760162353516, 162.9322509765625], ""angles"": [0, 69632, 0], ""params"": [1.0, 1.0, 1.0, 0, 0, 0], ""unused_pointer"": 73836240}"
seasonal-ep2/q240-bb-j,8,86,"{""base_type"": 520, ""set_flags"": 0, ""runtime_index"": 2144, ""file_offset"": 9212, ""floor_field"": 8, ""entity_id_field"": 19027, ""group"": 0, ""room"": 4, ""unknown_a3"": 0, ""position"": [41.382843017578125, -8.306509017944336, 186.543212890625], ""angles"": [0, 45056, 0], ""params"": [1.0, 1.0, 1.0, 0, 0, 0], ""unused_pointer"": 73837104}"
seasonal-ep2/q240-bb-j,8,87,"{""base_type"": 520, ""set_flags"": 0, ""runtime_index"": 2147, ""file_offset"": 9280, ""floor_field"": 8, ""entity_id_field"": 19028, ""group"": 0, ""room"": 4, ""unknown_a3"": 0, ""position"": [66.7335205078125, -18.169008255004883, 148.85345458984375], ""angles"": [0, 49152, 0], ""params"": [1.0, 1.0, 1.0, 0, 0, 0], ""unused_pointer"": 73837968}"
seasonal-ep2/q240-bb-j,8,95,"{""base_type"": 520, ""set_flags"": 0, ""runtime_index"": 2150, ""file_offset"": 9824, ""floor_field"": 8, ""entity_id_field"": 19036, ""group"": 0, ""room"": 4, ""unknown_a3"": 0, ""position"": [79.425537109375, -18.169008255004883, 126.57232666015625], ""angles"": [0, 32768, 0], ""params"": [1.0, 1.0, 1.0, 0, 0, 0], ""unused_pointer"": 73842320}"
seasonal-ep2/q240-bb-j,8,96,"{""base_type"": 520, ""set_flags"": 0, ""runtime_index"": 2149, ""file_offset"": 9892, ""floor_field"": 8, ""entity_id_field"": 19037, ""group"": 0, ""room"": 4, ""unknown_a3"": 0, ""position"": [91.606201171875, -13.200257301330566, 103.7115478515625], ""angles"": [0, 73728, 0], ""params"": [1.0, 1.0, 1.0, 0, 0, 0], ""unused_pointer"": 73843184}"
shops-ep2/q44-bb-e,5,79,"{""base_type"": 520, ""set_flags"": 0, ""runtime_index"": 31752, ""file_offset"": 11456, ""floor_field"": 5, ""entity_id_field"": 46920, ""group"": 0, ""room"": 8, ""unknown_a3"": 0, ""position"": [-93.18999481201172, 0.0, 25.0], ""angles"": [0, 53248, 0], ""params"": [1.0, 1.0, 1.0, 2, 2, 2], ""unused_pointer"": 811659136}"
shops-ep2/q44-bb-j,5,79,"{""base_type"": 520, ""set_flags"": 0, ""runtime_index"": 31752, ""file_offset"": 11456, ""floor_field"": 5, ""entity_id_field"": 46920, ""group"": 0, ""room"": 8, ""unknown_a3"": 0, ""position"": [-93.18999481201172, 0.0, 25.0], ""angles"": [0, 53248, 0], ""params"": [1.0, 1.0, 1.0, 2, 2, 2], ""unused_pointer"": 811659136}"
shops-ep2/q219-bb-e,5,79,"{""base_type"": 520, ""set_flags"": 0, ""runtime_index"": 167, ""file_offset"": 11388, ""floor_field"": 5, ""entity_id_field"": 16551, ""group"": 0, ""room"": 8, ""unknown_a3"": 0, ""position"": [-93.18999481201172, 0.0, 25.0], ""angles"": [0, 53248, 0], ""params"": [1.0, 1.0, 1.0, 2, 2, 2], ""unused_pointer"": 811659136}"
shops-ep2/q219-bb-j,5,79,"{""base_type"": 520, ""set_flags"": 0, ""runtime_index"": 167, ""file_offset"": 11388, ""floor_field"": 5, ""entity_id_field"": 16551, ""group"": 0, ""room"": 8, ""unknown_a3"": 0, ""position"": [-93.18999481201172, 0.0, 25.0], ""angles"": [0, 53248, 0], ""params"": [1.0, 1.0, 1.0, 2, 2, 2], ""unused_pointer"": 811659136}"
solo-story-ep1/q027-bb-e,5,88,"{""base_type"": 520, ""set_flags"": 0, ""runtime_index"": 45832, ""file_offset"": 31360, ""floor_field"": 5, ""entity_id_field"": 65352, ""group"": 0, ""room"": 9, ""unknown_a3"": 0, ""position"": [3.82501220703125, 0.0, 23.6810302734375], ""angles"": [0, 12288, 0], ""params"": [1.0, 1.0, 1.0, 0, 0, 0], ""unused_pointer"": 12316544}"
solo-story-ep1/q027-bb-e,5,103,"{""base_type"": 520, ""set_flags"": 0, ""runtime_index"": 44551, ""file_offset"": 32380, ""floor_field"": 5, ""entity_id_field"": 49225, ""group"": 0, ""room"": 10, ""unknown_a3"": 0, ""position"": [993.1814575195312, -7.61248779296875, 0.081787109375], ""angles"": [0, 16384, 0], ""params"": [1.0, 1.0, 1.0, 2, 0, 0], ""unused_pointer"": 4030653312}"
solo-story-ep1/q027-bb-e,16,1,"{""base_type"": 520, ""set_flags"": 0, ""runtime_index"": 40968, ""file_offset"": 49616, ""floor_field"": 16, ""entity_id_field"": 42056, ""group"": 0, ""room"": 1, ""unknown_a3"": 0, ""position"": [-902.7479248046875, -5.5738372802734375, 586.852294921875], ""angles"": [0, 20480, 0], ""params"": [1.0, 1.0, 1.0, 2, 0, 0], ""unused_pointer"": 2162945664}"
solo-story-ep1/q027-bb-j,5,88,"{""base_type"": 520, ""set_flags"": 0, ""runtime_index"": 45832, ""file_offset"": 31360, ""floor_field"": 5, ""entity_id_field"": 65352, ""group"": 0, ""room"": 9, ""unknown_a3"": 0, ""position"": [3.82501220703125, 0.0, 23.6810302734375], ""angles"": [0, 12288, 0], ""params"": [1.0, 1.0, 1.0, 0, 0, 0], ""unused_pointer"": 12316544}"
solo-story-ep1/q027-bb-j,5,103,"{""base_type"": 520, ""set_flags"": 0, ""runtime_index"": 44551, ""file_offset"": 32380, ""floor_field"": 5, ""entity_id_field"": 49225, ""group"": 0, ""room"": 10, ""unknown_a3"": 0, ""position"": [993.1814575195312, -7.61248779296875, 0.081787109375], ""angles"": [0, 16384, 0], ""params"": [1.0, 1.0, 1.0, 2, 0, 0], ""unused_pointer"": 4030653312}"
solo-story-ep1/q027-bb-j,16,1,"{""base_type"": 520, ""set_flags"": 0, ""runtime_index"": 40968, ""file_offset"": 49616, ""floor_field"": 16, ""entity_id_field"": 42056, ""group"": 0, ""room"": 1, ""unknown_a3"": 0, ""position"": [-902.7479248046875, -5.5738372802734375, 586.852294921875], ""angles"": [0, 20480, 0], ""params"": [1.0, 1.0, 1.0, 2, 0, 0], ""unused_pointer"": 2162945664}"
vr-ep2/q49-bb-e,16,33,"{""base_type"": 520, ""set_flags"": 0, ""runtime_index"": 29960, ""file_offset"": 2260, ""floor_field"": 16, ""entity_id_field"": 3915, ""group"": 0, ""room"": 3, ""unknown_a3"": 0, ""position"": [-331.57000732421875, 10.0, -243.90000915527344], ""angles"": [0, 16384, 0], ""params"": [1.0, 1.0, 1.0, 2, 0, 0], ""unused_pointer"": 2417553280}"
vr-ep2/q49-bb-e,16,39,"{""base_type"": 520, ""set_flags"": 0, ""runtime_index"": 29704, ""file_offset"": 2668, ""floor_field"": 16, ""entity_id_field"": 5451, ""group"": 0, ""room"": 3, ""unknown_a3"": 0, ""position"": [-326.5616455078125, 10.0, -264.80084228515625], ""angles"": [0, -12288, 0], ""params"": [1.0, 1.0, 1.0, 2, 0, 0], ""unused_pointer"": 3760189312}"
vr-ep2/q49-bb-e,16,41,"{""base_type"": 520, ""set_flags"": 0, ""runtime_index"": 29448, ""file_offset"": 2804, ""floor_field"": 16, ""entity_id_field"": 5963, ""group"": 0, ""room"": 3, ""unknown_a3"": 0, ""position"": [-347.90631103515625, 10.0, -295.9676818847656], ""angles"": [0, 20480, 0], ""params"": [1.0, 1.0, 1.0, 2, 0, 0], ""unused_pointer"": 2686971776}"
vr-ep2/q49-bb-e,16,42,"{""base_type"": 520, ""set_flags"": 0, ""runtime_index"": 28936, ""file_offset"": 2872, ""floor_field"": 16, ""entity_id_field"": 6219, ""group"": 0, ""room"": 3, ""unknown_a3"": 0, ""position"": [-731.2408447265625, 4.748496055603027, -308.72088623046875], ""angles"": [0, 39680, 0], ""params"": [1.0, 1.0, 1.0, 2, 0, 0], ""unused_pointer"": 2150363008}"
vr-ep2/q49-bb-e,16,43,"{""base_type"": 520, ""set_flags"": 0, ""runtime_index"": 49414, ""file_offset"": 2940, ""floor_field"": 9, ""entity_id_field"": 6475, ""group"": 0, ""room"": 3, ""unknown_a3"": 0, ""position"": [-667.239990234375, 4.75, -368.7200012207031], ""angles"": [0, 39680, 0], ""params"": [1.0, 1.0, 1.0, 2, 0, 0], ""unused_pointer"": 1613754240}"
vr-ep2/q49-bb-e,16,44,"{""base_type"": 520, ""set_flags"": 0, ""runtime_index"": 30472, ""file_offset"": 3008, ""floor_field"": 16, ""entity_id_field"": 6731, ""group"": 0, ""room"": 3, ""unknown_a3"": 0, ""position"": [-308.0943298339844, 6.000731945037842, -200.00732421875], ""angles"": [0, 16384, 0], ""params"": [1.0, 1.0, 1.0, 2, 0, 0], ""unused_pointer"": 1077145472}"
vr-ep2/q49-bb-e,16,45,"{""base_type"": 520, ""set_flags"": 0, ""runtime_index"": 29192, ""file_offset"": 3076, ""floor_field"": 16, ""entity_id_field"": 6987, ""group"": 0, ""room"": 3, ""unknown_a3"": 0, ""position"": [-336.59637451171875, 10.0, -323.811279296875], ""angles"": [0, 45056, 0], ""params"": [1.0, 1.0, 1.0, 2, 0, 0], ""unused_pointer"": 540536704}"
vr-ep2/q49-bb-e,16,46,"{""base_type"": 520, ""set_flags"": 0, ""runtime_index"": 30728, ""file_offset"": 3144, ""floor_field"": 16, ""entity_id_field"": 7243, ""group"": 0, ""room"": 3, ""unknown_a3"": 0, ""position"": [-297.96038818359375, 2.6304128170013428, -169.43585205078125], ""angles"": [0, 53248, 0], ""params"": [1.0, 1.0, 1.0, 2, 0, 0], ""unused_pointer"": 3927936}"
vr-ep2/q49-bb-e,16,78,"{""base_type"": 520, ""set_flags"": 0, ""runtime_index"": 55560, ""file_offset"": 5320, ""floor_field"": 16, ""entity_id_field"": 15435, ""group"": 0, ""room"": 3, ""unknown_a3"": 0, ""position"": [-630.5700073242188, -5.539999961853027, 103.6400146484375], ""angles"": [0, -12288, 0], ""params"": [1.0, 1.0, 1.0, 0, 0, 0], ""unused_pointer"": 278392704}"
vr-ep2/q49-bb-e,16,83,"{""base_type"": 520, ""set_flags"": 0, ""runtime_index"": 28416, ""file_offset"": 5660, ""floor_field"": 9, ""entity_id_field"": 58689, ""group"": 0, ""room"": 4, ""unknown_a3"": 0, ""position"": [-142.97998046875, -10.479999542236328, 190.0899658203125], ""angles"": [0, 53248, 0], ""params"": [1.0, 1.0, 1.0, 0, 0, 0], ""unused_pointer"": 552727936}"
vr-ep2/q49-bb-e,16,113,"{""base_type"": 520, ""set_flags"": 0, ""runtime_index"": 1545, ""file_offset"": 7700, ""floor_field"": 16, ""entity_id_field"": 30537, ""group"": 0, ""room"": 7, ""unknown_a3"": 0, ""position"": [82.45751953125, -9.806249618530273, 185.76226806640625], ""angles"": [0, 12288, 0], ""params"": [1.0, 1.0, 1.0, 0, 0, 0], ""unused_pointer"": 2417160064}"
vr-ep2/q49-bb-e,16,114,"{""base_type"": 520, ""set_flags"": 0, ""runtime_index"": 44296, ""file_offset"": 7768, ""floor_field"": 16, ""entity_id_field"": 30793, ""group"": 0, ""room"": 7, ""unknown_a3"": 0, ""position"": [105.2611083984375, -17.871726989746094, 115.67117309570312], ""angles"": [0, 39680, 0], ""params"": [1.0, 1.0, 1.0, 0, 0, 0], ""unused_pointer"": 1880551296}"
vr-ep2/q49-bb-e,16,116,"{""base_type"": 520, ""set_flags"": 0, ""runtime_index"": 44552, ""file_offset"": 7904, ""floor_field"": 16, ""entity_id_field"": 31305, ""group"": 0, ""room"": 7, ""unknown_a3"": 0, ""position"": [120.6400146484375, -18.787500381469727, 69.04000854492188], ""angles"": [0, 20480, 0], ""params"": [1.0, 1.0, 1.0, 0, 0, 0], ""unused_pointer"": 3223056256}"
vr-ep2/q49-bb-e,16,117,"{""base_type"": 520, ""set_flags"": 0, ""runtime_index"": 27912, ""file_offset"": 7972, ""floor_field"": 16, ""entity_id_field"": 31561, ""group"": 0, ""room"": 7, ""unknown_a3"": 0, ""position"": [80.0, -4.724749565124512, 90.0], ""angles"": [0, 0, 0], ""params"": [1.0, 1.0, 1.0, 2, 0, 0], ""unused_pointer"": 2686447488}"
vr-ep2/q49-bb-e,16,119,"{""base_type"": 520, ""set_flags"": 0, ""runtime_index"": 27656, ""file_offset"": 8108, ""floor_field"": 16, ""entity_id_field"": 32073, ""group"": 0, ""room"": 7, ""unknown_a3"": 0, ""position"": [-130.9566650390625, -3.460557460784912, 25.961624145507812], ""angles"": [0, -12288, 0], ""params"": [1.0, 1.0, 1.0, 2, 0, 0], ""unused_pointer"": 1076359040}"
vr-ep2/q49-bb-e,16,120,"{""base_type"": 520, ""set_flags"": 0, ""runtime_index"": 27400, ""file_offset"": 8176, ""floor_field"": 16, ""entity_id_field"": 32329, ""group"": 0, ""room"": 7, ""unknown_a3"": 0, ""position"": [-124.1063232421875, -13.398423194885254, 50.0123291015625], ""angles"": [0, 20480, 0], ""params"": [1.0, 1.0, 1.0, 2, 0, 0], ""unused_pointer"": 539750272}"
vr-ep2/q49-bb-e,16,121,"{""base_type"": 520, ""set_flags"": 0, ""runtime_index"": 27144, ""file_offset"": 8244, ""floor_field"": 16, ""entity_id_field"": 32585, ""group"": 0, ""room"": 7, ""unknown_a3"": 0, ""position"": [-101.8299560546875, -4.289999961853027, 66.64999389648438], ""angles"": [0, -4096, 0], ""params"": [1.0, 1.0, 1.0, 2, 0, 0], ""unused_pointer"": 3141504}"
vr-ep2/q49-bb-e,16,197,"{""base_type"": 520, ""set_flags"": 0, ""runtime_index"": 24584, ""file_offset"": 13412, ""floor_field"": 16, ""entity_id_field"": 19531, ""group"": 0, ""room"": 13, ""unknown_a3"": 0, ""position"": [92.5400390625, 10.0, -37.17999267578125], ""angles"": [0, 49152, 0], ""params"": [1.0, 1.0, 1.0, 2, 0, 0], ""unused_pointer"": 1342304128}"
vr-ep2/q49-bb-j,16,33,"{""base_type"": 520, ""set_flags"": 0, ""runtime_index"": 29960, ""file_offset"": 2260, ""floor_field"": 16, ""entity_id_field"": 3915, ""group"": 0, ""room"": 3, ""unknown_a3"": 0, ""position"": [-331.57000732421875, 10.0, -243.90000915527344], ""angles"": [0, 16384, 0], ""params"": [1.0, 1.0, 1.0, 2, 0, 0], ""unused_pointer"": 2417553280}"
vr-ep2/q49-bb-j,16,39,"{""base_type"": 520, ""set_flags"": 0, ""runtime_index"": 29704, ""file_offset"": 2668, ""floor_field"": 16, ""entity_id_field"": 5451, ""group"": 0, ""room"": 3, ""unknown_a3"": 0, ""position"": [-326.5616455078125, 10.0, -264.80084228515625], ""angles"": [0, -12288, 0], ""params"": [1.0, 1.0, 1.0, 2, 0, 0], ""unused_pointer"": 3760189312}"
vr-ep2/q49-bb-j,16,41,"{""base_type"": 520, ""set_flags"": 0, ""runtime_index"": 29448, ""file_offset"": 2804, ""floor_field"": 16, ""entity_id_field"": 5963, ""group"": 0, ""room"": 3, ""unknown_a3"": 0, ""position"": [-347.90631103515625, 10.0, -295.9676818847656], ""angles"": [0, 20480, 0], ""params"": [1.0, 1.0, 1.0, 2, 0, 0], ""unused_pointer"": 2686971776}"
vr-ep2/q49-bb-j,16,42,"{""base_type"": 520, ""set_flags"": 0, ""runtime_index"": 28936, ""file_offset"": 2872, ""floor_field"": 16, ""entity_id_field"": 6219, ""group"": 0, ""room"": 3, ""unknown_a3"": 0, ""position"": [-731.2408447265625, 4.748496055603027, -308.72088623046875], ""angles"": [0, 39680, 0], ""params"": [1.0, 1.0, 1.0, 2, 0, 0], ""unused_pointer"": 2150363008}"
vr-ep2/q49-bb-j,16,43,"{""base_type"": 520, ""set_flags"": 0, ""runtime_index"": 49414, ""file_offset"": 2940, ""floor_field"": 9, ""entity_id_field"": 6475, ""group"": 0, ""room"": 3, ""unknown_a3"": 0, ""position"": [-667.239990234375, 4.75, -368.7200012207031], ""angles"": [0, 39680, 0], ""params"": [1.0, 1.0, 1.0, 2, 0, 0], ""unused_pointer"": 1613754240}"
vr-ep2/q49-bb-j,16,44,"{""base_type"": 520, ""set_flags"": 0, ""runtime_index"": 30472, ""file_offset"": 3008, ""floor_field"": 16, ""entity_id_field"": 6731, ""group"": 0, ""room"": 3, ""unknown_a3"": 0, ""position"": [-308.0943298339844, 6.000731945037842, -200.00732421875], ""angles"": [0, 16384, 0], ""params"": [1.0, 1.0, 1.0, 2, 0, 0], ""unused_pointer"": 1077145472}"
vr-ep2/q49-bb-j,16,45,"{""base_type"": 520, ""set_flags"": 0, ""runtime_index"": 29192, ""file_offset"": 3076, ""floor_field"": 16, ""entity_id_field"": 6987, ""group"": 0, ""room"": 3, ""unknown_a3"": 0, ""position"": [-336.59637451171875, 10.0, -323.811279296875], ""angles"": [0, 45056, 0], ""params"": [1.0, 1.0, 1.0, 2, 0, 0], ""unused_pointer"": 540536704}"
vr-ep2/q49-bb-j,16,46,"{""base_type"": 520, ""set_flags"": 0, ""runtime_index"": 30728, ""file_offset"": 3144, ""floor_field"": 16, ""entity_id_field"": 7243, ""group"": 0, ""room"": 3, ""unknown_a3"": 0, ""position"": [-297.96038818359375, 2.6304128170013428, -169.43585205078125], ""angles"": [0, 53248, 0], ""params"": [1.0, 1.0, 1.0, 2, 0, 0], ""unused_pointer"": 3927936}"
vr-ep2/q49-bb-j,16,78,"{""base_type"": 520, ""set_flags"": 0, ""runtime_index"": 55560, ""file_offset"": 5320, ""floor_field"": 16, ""entity_id_field"": 15435, ""group"": 0, ""room"": 3, ""unknown_a3"": 0, ""position"": [-630.5700073242188, -5.539999961853027, 103.6400146484375], ""angles"": [0, -12288, 0], ""params"": [1.0, 1.0, 1.0, 0, 0, 0], ""unused_pointer"": 278392704}"
vr-ep2/q49-bb-j,16,83,"{""base_type"": 520, ""set_flags"": 0, ""runtime_index"": 28416, ""file_offset"": 5660, ""floor_field"": 9, ""entity_id_field"": 58689, ""group"": 0, ""room"": 4, ""unknown_a3"": 0, ""position"": [-142.97998046875, -10.479999542236328, 190.0899658203125], ""angles"": [0, 53248, 0], ""params"": [1.0, 1.0, 1.0, 0, 0, 0], ""unused_pointer"": 552727936}"
vr-ep2/q49-bb-j,16,113,"{""base_type"": 520, ""set_flags"": 0, ""runtime_index"": 1545, ""file_offset"": 7700, ""floor_field"": 16, ""entity_id_field"": 30537, ""group"": 0, ""room"": 7, ""unknown_a3"": 0, ""position"": [82.45751953125, -9.806249618530273, 185.76226806640625], ""angles"": [0, 12288, 0], ""params"": [1.0, 1.0, 1.0, 0, 0, 0], ""unused_pointer"": 2417160064}"
vr-ep2/q49-bb-j,16,114,"{""base_type"": 520, ""set_flags"": 0, ""runtime_index"": 44296, ""file_offset"": 7768, ""floor_field"": 16, ""entity_id_field"": 30793, ""group"": 0, ""room"": 7, ""unknown_a3"": 0, ""position"": [105.2611083984375, -17.871726989746094, 115.67117309570312], ""angles"": [0, 39680, 0], ""params"": [1.0, 1.0, 1.0, 0, 0, 0], ""unused_pointer"": 1880551296}"
vr-ep2/q49-bb-j,16,116,"{""base_type"": 520, ""set_flags"": 0, ""runtime_index"": 44552, ""file_offset"": 7904, ""floor_field"": 16, ""entity_id_field"": 31305, ""group"": 0, ""room"": 7, ""unknown_a3"": 0, ""position"": [120.6400146484375, -18.787500381469727, 69.04000854492188], ""angles"": [0, 20480, 0], ""params"": [1.0, 1.0, 1.0, 0, 0, 0], ""unused_pointer"": 3223056256}"
vr-ep2/q49-bb-j,16,117,"{""base_type"": 520, ""set_flags"": 0, ""runtime_index"": 27912, ""file_offset"": 7972, ""floor_field"": 16, ""entity_id_field"": 31561, ""group"": 0, ""room"": 7, ""unknown_a3"": 0, ""position"": [80.0, -4.724749565124512, 90.0], ""angles"": [0, 0, 0], ""params"": [1.0, 1.0, 1.0, 2, 0, 0], ""unused_pointer"": 2686447488}"
vr-ep2/q49-bb-j,16,119,"{""base_type"": 520, ""set_flags"": 0, ""runtime_index"": 27656, ""file_offset"": 8108, ""floor_field"": 16, ""entity_id_field"": 32073, ""group"": 0, ""room"": 7, ""unknown_a3"": 0, ""position"": [-130.9566650390625, -3.460557460784912, 25.961624145507812], ""angles"": [0, -12288, 0], ""params"": [1.0, 1.0, 1.0, 2, 0, 0], ""unused_pointer"": 1076359040}"
vr-ep2/q49-bb-j,16,120,"{""base_type"": 520, ""set_flags"": 0, ""runtime_index"": 27400, ""file_offset"": 8176, ""floor_field"": 16, ""entity_id_field"": 32329, ""group"": 0, ""room"": 7, ""unknown_a3"": 0, ""position"": [-124.1063232421875, -13.398423194885254, 50.0123291015625], ""angles"": [0, 20480, 0], ""params"": [1.0, 1.0, 1.0, 2, 0, 0], ""unused_pointer"": 539750272}"
vr-ep2/q49-bb-j,16,121,"{""base_type"": 520, ""set_flags"": 0, ""runtime_index"": 27144, ""file_offset"": 8244, ""floor_field"": 16, ""entity_id_field"": 32585, ""group"": 0, ""room"": 7, ""unknown_a3"": 0, ""position"": [-101.8299560546875, -4.289999961853027, 66.64999389648438], ""angles"": [0, -4096, 0], ""params"": [1.0, 1.0, 1.0, 2, 0, 0], ""unused_pointer"": 3141504}"
vr-ep2/q49-bb-j,16,197,"{""base_type"": 520, ""set_flags"": 0, ""runtime_index"": 24584, ""file_offset"": 13412, ""floor_field"": 16, ""entity_id_field"": 19531, ""group"": 0, ""room"": 13, ""unknown_a3"": 0, ""position"": [92.5400390625, 10.0, -37.17999267578125], ""angles"": [0, 49152, 0], ""params"": [1.0, 1.0, 1.0, 2, 0, 0], ""unused_pointer"": 1342304128}"
vr-ep2/q64-bb-e,9,21,"{""base_type"": 520, ""set_flags"": 512, ""runtime_index"": 22789, ""file_offset"": 6740, ""floor_field"": 9, ""entity_id_field"": 34889, ""group"": 0, ""room"": 3, ""unknown_a3"": 0, ""position"": [-696.0, 8.0, -337.0], ""angles"": [0, 8192, 0], ""params"": [1.0, 1.0, 1.0, 0, 0, 0], ""unused_pointer"": 2696798592}"
vr-ep2/q64-bb-e,9,31,"{""base_type"": 520, ""set_flags"": 512, ""runtime_index"": 24837, ""file_offset"": 7420, ""floor_field"": 9, ""entity_id_field"": 37705, ""group"": 0, ""room"": 3, ""unknown_a3"": 0, ""position"": [-731.2408447265625, 4.748496055603027, -308.72088623046875], ""angles"": [0, 39680, 0], ""params"": [1.0, 1.0, 1.0, 0, 0, 0], ""unused_pointer"": 3235307904}"
vr-ep2/q64-bb-e,9,32,"{""base_type"": 520, ""set_flags"": 512, ""runtime_index"": 25093, ""file_offset"": 7488, ""floor_field"": 9, ""entity_id_field"": 37961, ""group"": 0, ""room"": 3, ""unknown_a3"": 0, ""position"": [-667.239990234375, 4.75, -368.7200012207031], ""angles"": [0, 39680, 0], ""params"": [1.0, 1.0, 1.0, 0, 0, 0], ""unused_pointer"": 2698699136}"
vr-ep2/q64-bb-e,9,41,"{""base_type"": 520, ""set_flags"": 512, ""runtime_index"": 27397, ""file_offset"": 8100, ""floor_field"": 9, ""entity_id_field"": 40265, ""group"": 0, ""room"": 3, ""unknown_a3"": 0, ""position"": [-620.0, -5.599999904632568, 100.0], ""angles"": [0, 20480, 0], ""params"": [1.0, 1.0, 1.0, 0, 0, 0], ""unused_pointer"": 1626464640}"
vr-ep2/q64-bb-e,9,93,"{""base_type"": 520, ""set_flags"": 512, ""runtime_index"": 24837, ""file_offset"": 11636, ""floor_field"": 9, ""entity_id_field"": 37705, ""group"": 0, ""room"": 9, ""unknown_a3"": 0, ""position"": [-180.0, 10.0, 70.0], ""angles"": [0, 49152, 0], ""params"": [1.0, 1.0, 1.0, 0, 0, 0], ""unused_pointer"": 3235307904}"
vr-ep2/q64-bb-e,9,94,"{""base_type"": 520, ""set_flags"": 512, ""runtime_index"": 24837, ""file_offset"": 11704, ""floor_field"": 9, ""entity_id_field"": 37705, ""group"": 0, ""room"": 9, ""unknown_a3"": 0, ""position"": [-180.0, 25.0, 70.0], ""angles"": [0, 49152, 0], ""params"": [1.0, 1.0, 1.0, 0, 0, 0], ""unused_pointer"": 3235307904}"
vr-ep2/q64-bb-e,9,95,"{""base_type"": 520, ""set_flags"": 512, ""runtime_index"": 24837, ""file_offset"": 11772, ""floor_field"": 9, ""entity_id_field"": 37705, ""group"": 0, ""room"": 9, ""unknown_a3"": 0, ""position"": [-190.0, 40.0, 70.0], ""angles"": [0, 16384, 0], ""params"": [1.0, 1.0, 1.0, 0, 0, 0], ""unused_pointer"": 3235307904}"
vr-ep2/q64-bb-e,7,30,"{""base_type"": 520, ""set_flags"": 0, ""runtime_index"": 13828, ""file_offset"": 25012, ""floor_field"": 7, ""entity_id_field"": 57416, ""group"": 0, ""room"": 6, ""unknown_a3"": 0, ""position"": [-60.0, -54.189998626708984, 105.0], ""angles"": [0, 0, 0], ""params"": [1.0, 1.0, 1.0, 0, 0, 0], ""unused_pointer"": 1620107904}"
vr-ep2/q64-bb-e,7,33,"{""base_type"": 520, ""set_flags"": 0, ""runtime_index"": 15876, ""file_offset"": 25216, ""floor_field"": 7, ""entity_id_field"": 58184, ""group"": 0, ""room"": 6, ""unknown_a3"": 0, ""position"": [-60.0, -44.189998626708984, 105.0], ""angles"": [0, 0, 0], ""params"": [1.0, 1.0, 1.0, 0, 0, 0], ""unused_pointer"": 3231441536}"
vr-ep2/q64-bb-j,9,21,"{""base_type"": 520, ""set_flags"": 512, ""runtime_index"": 22789, ""file_offset"": 6740, ""floor_field"": 9, ""entity_id_field"": 34889, ""group"": 0, ""room"": 3, ""unknown_a3"": 0, ""position"": [-696.0, 8.0, -337.0], ""angles"": [0, 8192, 0], ""params"": [1.0, 1.0, 1.0, 0, 0, 0], ""unused_pointer"": 2696798592}"
vr-ep2/q64-bb-j,9,31,"{""base_type"": 520, ""set_flags"": 512, ""runtime_index"": 24837, ""file_offset"": 7420, ""floor_field"": 9, ""entity_id_field"": 37705, ""group"": 0, ""room"": 3, ""unknown_a3"": 0, ""position"": [-731.2408447265625, 4.748496055603027, -308.72088623046875], ""angles"": [0, 39680, 0], ""params"": [1.0, 1.0, 1.0, 0, 0, 0], ""unused_pointer"": 3235307904}"
vr-ep2/q64-bb-j,9,32,"{""base_type"": 520, ""set_flags"": 512, ""runtime_index"": 25093, ""file_offset"": 7488, ""floor_field"": 9, ""entity_id_field"": 37961, ""group"": 0, ""room"": 3, ""unknown_a3"": 0, ""position"": [-667.239990234375, 4.75, -368.7200012207031], ""angles"": [0, 39680, 0], ""params"": [1.0, 1.0, 1.0, 0, 0, 0], ""unused_pointer"": 2698699136}"
vr-ep2/q64-bb-j,9,41,"{""base_type"": 520, ""set_flags"": 512, ""runtime_index"": 27397, ""file_offset"": 8100, ""floor_field"": 9, ""entity_id_field"": 40265, ""group"": 0, ""room"": 3, ""unknown_a3"": 0, ""position"": [-620.0, -5.599999904632568, 100.0], ""angles"": [0, 20480, 0], ""params"": [1.0, 1.0, 1.0, 0, 0, 0], ""unused_pointer"": 1626464640}"
vr-ep2/q64-bb-j,9,93,"{""base_type"": 520, ""set_flags"": 512, ""runtime_index"": 24837, ""file_offset"": 11636, ""floor_field"": 9, ""entity_id_field"": 37705, ""group"": 0, ""room"": 9, ""unknown_a3"": 0, ""position"": [-180.0, 10.0, 70.0], ""angles"": [0, 49152, 0], ""params"": [1.0, 1.0, 1.0, 0, 0, 0], ""unused_pointer"": 3235307904}"
vr-ep2/q64-bb-j,9,94,"{""base_type"": 520, ""set_flags"": 512, ""runtime_index"": 24837, ""file_offset"": 11704, ""floor_field"": 9, ""entity_id_field"": 37705, ""group"": 0, ""room"": 9, ""unknown_a3"": 0, ""position"": [-180.0, 25.0, 70.0], ""angles"": [0, 49152, 0], ""params"": [1.0, 1.0, 1.0, 0, 0, 0], ""unused_pointer"": 3235307904}"
vr-ep2/q64-bb-j,9,95,"{""base_type"": 520, ""set_flags"": 512, ""runtime_index"": 24837, ""file_offset"": 11772, ""floor_field"": 9, ""entity_id_field"": 37705, ""group"": 0, ""room"": 9, ""unknown_a3"": 0, ""position"": [-190.0, 40.0, 70.0], ""angles"": [0, 16384, 0], ""params"": [1.0, 1.0, 1.0, 0, 0, 0], ""unused_pointer"": 3235307904}"
vr-ep2/q64-bb-j,7,30,"{""base_type"": 520, ""set_flags"": 0, ""runtime_index"": 13828, ""file_offset"": 25012, ""floor_field"": 7, ""entity_id_field"": 57416, ""group"": 0, ""room"": 6, ""unknown_a3"": 0, ""position"": [-60.0, -54.189998626708984, 105.0], ""angles"": [0, 0, 0], ""params"": [1.0, 1.0, 1.0, 0, 0, 0], ""unused_pointer"": 1620107904}"
vr-ep2/q64-bb-j,7,33,"{""base_type"": 520, ""set_flags"": 0, ""runtime_index"": 15876, ""file_offset"": 25216, ""floor_field"": 7, ""entity_id_field"": 58184, ""group"": 0, ""room"": 6, ""unknown_a3"": 0, ""position"": [-60.0, -44.189998626708984, 105.0], ""angles"": [0, 0, 0], ""params"": [1.0, 1.0, 1.0, 0, 0, 0], ""unused_pointer"": 3231441536}"
vr-ep2/q231-bb-e,9,55,"{""base_type"": 520, ""set_flags"": 2, ""runtime_index"": 113, ""file_offset"": 19036, ""floor_field"": 9, ""entity_id_field"": 18924, ""group"": 0, ""room"": 3, ""unknown_a3"": 0, ""position"": [-731.2408447265625, 4.748496055603027, -308.72088623046875], ""angles"": [0, 39680, 0], ""params"": [1.0, 1.0, 1.0, 0, 0, 0], ""unused_pointer"": 77532080}"
vr-ep2/q231-bb-e,9,56,"{""base_type"": 520, ""set_flags"": 2, ""runtime_index"": 114, ""file_offset"": 19104, ""floor_field"": 9, ""entity_id_field"": 18925, ""group"": 0, ""room"": 3, ""unknown_a3"": 0, ""position"": [-667.239990234375, 4.75, -368.7200012207031], ""angles"": [0, 39680, 0], ""params"": [1.0, 1.0, 1.0, 0, 0, 0], ""unused_pointer"": 77532944}"
vr-ep2/q231-bb-e,9,65,"{""base_type"": 520, ""set_flags"": 2, ""runtime_index"": 123, ""file_offset"": 19716, ""floor_field"": 9, ""entity_id_field"": 18934, ""group"": 0, ""room"": 3, ""unknown_a3"": 0, ""position"": [-620.0, -5.599999904632568, 100.0], ""angles"": [0, 20480, 0], ""params"": [1.0, 1.0, 1.0, 0, 0, 0], ""unused_pointer"": 77538000}"
vr-ep2/q231-bb-e,9,82,"{""base_type"": 520, ""set_flags"": 0, ""runtime_index"": 202, ""file_offset"": 20872, ""floor_field"": 9, ""entity_id_field"": 18951, ""group"": 0, ""room"": 7, ""unknown_a3"": 0, ""position"": [-140.0, 10.0, -320.0], ""angles"": [0, 0, 0], ""params"": [1.0, 1.0, 1.0, 0, 0, 0], ""unused_pointer"": 77554960}"
vr-ep2/q231-bb-j,9,55,"{""base_type"": 520, ""set_flags"": 2, ""runtime_index"": 113, ""file_offset"": 19036, ""floor_field"": 9, ""entity_id_field"": 18924, ""group"": 0, ""room"": 3, ""unknown_a3"": 0, ""position"": [-731.2408447265625, 4.748496055603027, -308.72088623046875], ""angles"": [0, 39680, 0], ""params"": [1.0, 1.0, 1.0, 0, 0, 0], ""unused_pointer"": 77532080}"
vr-ep2/q231-bb-j,9,56,"{""base_type"": 520, ""set_flags"": 2, ""runtime_index"": 114, ""file_offset"": 19104, ""floor_field"": 9, ""entity_id_field"": 18925, ""group"": 0, ""room"": 3, ""unknown_a3"": 0, ""position"": [-667.239990234375, 4.75, -368.7200012207031], ""angles"": [0, 39680, 0], ""params"": [1.0, 1.0, 1.0, 0, 0, 0], ""unused_pointer"": 77532944}"
vr-ep2/q231-bb-j,9,65,"{""base_type"": 520, ""set_flags"": 2, ""runtime_index"": 123, ""file_offset"": 19716, ""floor_field"": 9, ""entity_id_field"": 18934, ""group"": 0, ""room"": 3, ""unknown_a3"": 0, ""position"": [-620.0, -5.599999904632568, 100.0], ""angles"": [0, 20480, 0], ""params"": [1.0, 1.0, 1.0, 0, 0, 0], ""unused_pointer"": 77538000}"
vr-ep2/q231-bb-j,9,82,"{""base_type"": 520, ""set_flags"": 0, ""runtime_index"": 202, ""file_offset"": 20872, ""floor_field"": 9, ""entity_id_field"": 18951, ""group"": 0, ""room"": 7, ""unknown_a3"": 0, ""position"": [-140.0, 10.0, -320.0], ""angles"": [0, 0, 0], ""params"": [1.0, 1.0, 1.0, 0, 0, 0], ""unused_pointer"": 77554960}"
