quest,floor,index,full_DAT_fields
challenge-ep2/d88203-bb-e,1,31,"{""base_type"": 531, ""set_flags"": 0, ""runtime_index"": 43272, ""file_offset"": 4860, ""floor_field"": 6, ""entity_id_field"": 33353, ""group"": 0, ""room"": 4, ""unknown_a3"": 0, ""position"": [164.871826171875, -3.0, -27.55999755859375], ""angles"": [-8192, 57344, 0], ""params"": [1.0, 1.0, 1.0, 1, 0, 0], ""unused_pointer"": 3496600192}"
challenge-ep2/d88203-bb-e,1,127,"{""base_type"": 531, ""set_flags"": 0, ""runtime_index"": 28681, ""file_offset"": 11388, ""floor_field"": 6, ""entity_id_field"": 12618, ""group"": 0, ""room"": 12, ""unknown_a3"": 0, ""position"": [-175.50437927246094, -80.98141479492188, 56.899169921875], ""angles"": [8192, 16384, 0], ""params"": [1.0, 1.0, 1.0, 1, 0, 0], ""unused_pointer"": 2957566592}"
challenge-ep2/d88203-bb-j,1,31,"{""base_type"": 531, ""set_flags"": 0, ""runtime_index"": 43272, ""file_offset"": 4860, ""floor_field"": 6, ""entity_id_field"": 33353, ""group"": 0, ""room"": 4, ""unknown_a3"": 0, ""position"": [164.871826171875, -3.0, -27.55999755859375], ""angles"": [-8192, 57344, 0], ""params"": [1.0, 1.0, 1.0, 1, 0, 0], ""unused_pointer"": 3496600192}"
challenge-ep2/d88203-bb-j,1,127,"{""base_type"": 531, ""set_flags"": 0, ""runtime_index"": 28681, ""file_offset"": 11388, ""floor_field"": 6, ""entity_id_field"": 12618, ""group"": 0, ""room"": 12, ""unknown_a3"": 0, ""position"": [-175.50437927246094, -80.98141479492188, 56.899169921875], ""angles"": [8192, 16384, 0], ""params"": [1.0, 1.0, 1.0, 1, 0, 0], ""unused_pointer"": 2957566592}"
events-ep2/q42-bb-e,16,27,"{""base_type"": 531, ""set_flags"": 0, ""runtime_index"": 24072, ""file_offset"": 4996, ""floor_field"": 16, ""entity_id_field"": 3145, ""group"": 0, ""room"": 3, ""unknown_a3"": 0, ""position"": [-330.04827880859375, 6.268748760223389, -146.4447021484375], ""angles"": [45056, 61440, 0], ""params"": [1.0, 1.0, 1.0, 2, 0, 0], ""unused_pointer"": 2966741632}"
events-ep2/q42-bb-e,16,28,"{""base_type"": 531, ""set_flags"": 0, ""runtime_index"": 24584, ""file_offset"": 5064, ""floor_field"": 16, ""entity_id_field"": 4681, ""group"": 0, ""room"": 3, ""unknown_a3"": 0, ""position"": [-320.94000244140625, 8.050002098083496, -154.60000610351562], ""angles"": [45056, 18176, 0], ""params"": [1.0, 1.0, 1.0, 2, 0, 0], ""unused_pointer"": 2161500800}"
events-ep2/q42-bb-e,16,29,"{""base_type"": 531, ""set_flags"": 0, ""runtime_index"": 23816, ""file_offset"": 5132, ""floor_field"": 16, ""entity_id_field"": 2633, ""group"": 0, ""room"": 3, ""unknown_a3"": 0, ""position"": [-333.3800048828125, 6.269999980926514, -156.80001831054688], ""angles"": [45056, 45056, 0], ""params"": [1.0, 1.0, 1.0, 2, 0, 0], ""unused_pointer"": 3501253248}"
events-ep2/q42-bb-j,16,27,"{""base_type"": 531, ""set_flags"": 0, ""runtime_index"": 24072, ""file_offset"": 4996, ""floor_field"": 16, ""entity_id_field"": 3145, ""group"": 0, ""room"": 3, ""unknown_a3"": 0, ""position"": [-330.04827880859375, 6.268748760223389, -146.4447021484375], ""angles"": [45056, 61440, 0], ""params"": [1.0, 1.0, 1.0, 2, 0, 0], ""unused_pointer"": 2966741632}"
events-ep2/q42-bb-j,16,28,"{""base_type"": 531, ""set_flags"": 0, ""runtime_index"": 24584, ""file_offset"": 5064, ""floor_field"": 16, ""entity_id_field"": 4681, ""group"": 0, ""room"": 3, ""unknown_a3"": 0, ""position"": [-320.94000244140625, 8.050002098083496, -154.60000610351562], ""angles"": [45056, 18176, 0], ""params"": [1.0, 1.0, 1.0, 2, 0, 0], ""unused_pointer"": 2161500800}"
events-ep2/q42-bb-j,16,29,"{""base_type"": 531, ""set_flags"": 0, ""runtime_index"": 23816, ""file_offset"": 5132, ""floor_field"": 16, ""entity_id_field"": 2633, ""group"": 0, ""room"": 3, ""unknown_a3"": 0, ""position"": [-333.3800048828125, 6.269999980926514, -156.80001831054688], ""angles"": [45056, 45056, 0], ""params"": [1.0, 1.0, 1.0, 2, 0, 0], ""unused_pointer"": 3501253248}"
events-ep2/q56-bb-e,9,47,"{""base_type"": 531, ""set_flags"": 2, ""runtime_index"": 105, ""file_offset"": 22604, ""floor_field"": 9, ""entity_id_field"": 18916, ""group"": 0, ""room"": 3, ""unknown_a3"": 0, ""position"": [-160.0, 4.0, -55.0], ""angles"": [45056, 0, 0], ""params"": [1.0, 1.0, 1.0, 2, 0, 0], ""unused_pointer"": 77527040}"
events-ep2/q56-bb-e,9,49,"{""base_type"": 531, ""set_flags"": 2, ""runtime_index"": 107, ""file_offset"": 22740, ""floor_field"": 9, ""entity_id_field"": 18918, ""group"": 0, ""room"": 3, ""unknown_a3"": 0, ""position"": [-455.0, -7.0, -45.0], ""angles"": [24576, 0, 36864], ""params"": [1.0, 1.0, 1.0, 1, 0, 0], ""unused_pointer"": 77528080}"
events-ep2/q56-bb-e,9,50,"{""base_type"": 531, ""set_flags"": 2, ""runtime_index"": 108, ""file_offset"": 22808, ""floor_field"": 9, ""entity_id_field"": 18919, ""group"": 0, ""room"": 3, ""unknown_a3"": 0, ""position"": [-1060.0, -2.0, -210.0], ""angles"": [49152, 0, 8192], ""params"": [1.0, 1.0, 1.0, 2, 0, 0], ""unused_pointer"": 77528288}"
events-ep2/q56-bb-e,9,63,"{""base_type"": 531, ""set_flags"": 2, ""runtime_index"": 121, ""file_offset"": 23692, ""floor_field"": 9, ""entity_id_field"": 18932, ""group"": 0, ""room"": 3, ""unknown_a3"": 0, ""position"": [-155.0, -1.8499999046325684, -51.0], ""angles"": [32768, 45056, 36864], ""params"": [1.0, 1.0, 1.0, 2, 0, 0], ""unused_pointer"": 77536928}"
events-ep2/q56-bb-e,9,119,"{""base_type"": 531, ""set_flags"": 2, ""runtime_index"": 177, ""file_offset"": 27500, ""floor_field"": 9, ""entity_id_field"": 18988, ""group"": 0, ""room"": 13, ""unknown_a3"": 0, ""position"": [50.0, 10.0, 30.0], ""angles"": [12288, 1024, 0], ""params"": [1.0, 1.0, 1.0, 0, 0, 0], ""unused_pointer"": 77581712}"
events-ep2/q56-bb-j,9,47,"{""base_type"": 531, ""set_flags"": 2, ""runtime_index"": 105, ""file_offset"": 22604, ""floor_field"": 9, ""entity_id_field"": 18916, ""group"": 0, ""room"": 3, ""unknown_a3"": 0, ""position"": [-160.0, 4.0, -55.0], ""angles"": [45056, 0, 0], ""params"": [1.0, 1.0, 1.0, 2, 0, 0], ""unused_pointer"": 77527040}"
events-ep2/q56-bb-j,9,49,"{""base_type"": 531, ""set_flags"": 2, ""runtime_index"": 107, ""file_offset"": 22740, ""floor_field"": 9, ""entity_id_field"": 18918, ""group"": 0, ""room"": 3, ""unknown_a3"": 0, ""position"": [-455.0, -7.0, -45.0], ""angles"": [24576, 0, 36864], ""params"": [1.0, 1.0, 1.0, 1, 0, 0], ""unused_pointer"": 77528080}"
events-ep2/q56-bb-j,9,50,"{""base_type"": 531, ""set_flags"": 2, ""runtime_index"": 108, ""file_offset"": 22808, ""floor_field"": 9, ""entity_id_field"": 18919, ""group"": 0, ""room"": 3, ""unknown_a3"": 0, ""position"": [-1060.0, -2.0, -210.0], ""angles"": [49152, 0, 8192], ""params"": [1.0, 1.0, 1.0, 2, 0, 0], ""unused_pointer"": 77528288}"
events-ep2/q56-bb-j,9,63,"{""base_type"": 531, ""set_flags"": 2, ""runtime_index"": 121, ""file_offset"": 23692, ""floor_field"": 9, ""entity_id_field"": 18932, ""group"": 0, ""room"": 3, ""unknown_a3"": 0, ""position"": [-155.0, -1.8499999046325684, -51.0], ""angles"": [32768, 45056, 36864], ""params"": [1.0, 1.0, 1.0, 2, 0, 0], ""unused_pointer"": 77536928}"
events-ep2/q56-bb-j,9,119,"{""base_type"": 531, ""set_flags"": 2, ""runtime_index"": 177, ""file_offset"": 27500, ""floor_field"": 9, ""entity_id_field"": 18988, ""group"": 0, ""room"": 13, ""unknown_a3"": 0, ""position"": [50.0, 10.0, 30.0], ""angles"": [12288, 1024, 0], ""params"": [1.0, 1.0, 1.0, 0, 0, 0], ""unused_pointer"": 77581712}"
events-ep2/q83-bb-e,9,27,"{""base_type"": 531, ""set_flags"": 512, ""runtime_index"": 22533, ""file_offset"": 45656, ""floor_field"": 9, ""entity_id_field"": 35657, ""group"": 0, ""room"": 3, ""unknown_a3"": 0, ""position"": [-360.0, 4.0, -55.0], ""angles"": [45056, 0, 0], ""params"": [1.0, 1.0, 1.0, 2, 0, 0], ""unused_pointer"": 281010560}"
events-ep2/q83-bb-e,9,29,"{""base_type"": 531, ""set_flags"": 0, ""runtime_index"": 21768, ""file_offset"": 45792, ""floor_field"": 9, ""entity_id_field"": 36169, ""group"": 0, ""room"": 3, ""unknown_a3"": 0, ""position"": [-455.0, -7.0, -45.0], ""angles"": [24576, 0, 36864], ""params"": [1.0, 1.0, 1.0, 1, 0, 0], ""unused_pointer"": 549773696}"
events-ep2/q83-bb-e,9,30,"{""base_type"": 531, ""set_flags"": 512, ""runtime_index"": 23557, ""file_offset"": 45860, ""floor_field"": 9, ""entity_id_field"": 36425, ""group"": 0, ""room"": 3, ""unknown_a3"": 0, ""position"": [-1060.0, -2.0, -210.0], ""angles"": [49152, 0, 8192], ""params"": [1.0, 1.0, 1.0, 2, 0, 0], ""unused_pointer"": 1892016512}"
events-ep2/q83-bb-e,9,43,"{""base_type"": 531, ""set_flags"": 512, ""runtime_index"": 26885, ""file_offset"": 46744, ""floor_field"": 9, ""entity_id_field"": 39753, ""group"": 0, ""room"": 3, ""unknown_a3"": 0, ""position"": [-355.0, -2.0, -51.0], ""angles"": [32768, 45056, 36864], ""params"": [1.0, 1.0, 1.0, 2, 0, 0], ""unused_pointer"": 820830592}"
events-ep2/q83-bb-e,9,59,"{""base_type"": 531, ""set_flags"": 0, ""runtime_index"": 12296, ""file_offset"": 47832, ""floor_field"": 9, ""entity_id_field"": 25672, ""group"": 0, ""room"": 13, ""unknown_a3"": 0, ""position"": [71.966796875, 10.0, 14.007699966430664], ""angles"": [12288, 13312, 0], ""params"": [1.0, 1.0, 1.0, 0, 0, 0], ""unused_pointer"": 1624957568}"
events-ep2/q83-bb-e,9,140,"{""base_type"": 531, ""set_flags"": 0, ""runtime_index"": 0, ""file_offset"": 53340, ""floor_field"": 0, ""entity_id_field"": 0, ""group"": 0, ""room"": 5, ""unknown_a3"": 0, ""position"": [-47.71379852294922, 10.0, 147.71148681640625], ""angles"": [-300, 60826, 0], ""params"": [1.0, 1.0, 1.0, 0, 0, 0], ""unused_pointer"": 0}"
events-ep2/q83-bb-e,9,141,"{""base_type"": 531, ""set_flags"": 512, ""runtime_index"": 23557, ""file_offset"": 53408, ""floor_field"": 9, ""entity_id_field"": 36425, ""group"": 0, ""room"": 4, ""unknown_a3"": 0, ""position"": [-89.7218017578125, 13.0, -170.52679443359375], ""angles"": [49152, 0, 0], ""params"": [1.0, 1.0, 1.0, 2, 0, 0], ""unused_pointer"": 0}"
events-ep2/q83-bb-e,9,157,"{""base_type"": 531, ""set_flags"": 0, ""runtime_index"": 0, ""file_offset"": 54496, ""floor_field"": 0, ""entity_id_field"": 0, ""group"": 0, ""room"": 4, ""unknown_a3"": 0, ""position"": [65.3313980102539, 10.0, -131.3569793701172], ""angles"": [0, 5366, 0], ""params"": [1.0, 1.0, 1.0, 2, 0, 0], ""unused_pointer"": 0}"
events-ep2/q83-bb-e,9,158,"{""base_type"": 531, ""set_flags"": 0, ""runtime_index"": 0, ""file_offset"": 54564, ""floor_field"": 0, ""entity_id_field"": 0, ""group"": 0, ""room"": 4, ""unknown_a3"": 0, ""position"": [326.4012145996094, 12.0, -189.85159301757812], ""angles"": [0, 0, 0], ""params"": [1.0, 1.0, 1.0, 2, 0, 0], ""unused_pointer"": 0}"
events-ep2/q83-bb-e,9,202,"{""base_type"": 531, ""set_flags"": 0, ""runtime_index"": 0, ""file_offset"": 57556, ""floor_field"": 0, ""entity_id_field"": 0, ""group"": 0, ""room"": 4, ""unknown_a3"": 0, ""position"": [329.2430419921875, 9.0, -172.52879333496094], ""angles"": [-1900, 10169, 0], ""params"": [1.0, 1.0, 1.0, 1, 0, 1], ""unused_pointer"": 0}"
events-ep2/q83-bb-e,9,203,"{""base_type"": 531, ""set_flags"": 0, ""runtime_index"": 0, ""file_offset"": 57624, ""floor_field"": 0, ""entity_id_field"": 0, ""group"": 0, ""room"": 4, ""unknown_a3"": 0, ""position"": [255.5124969482422, 12.0, -220.0], ""angles"": [49152, 16384, 0], ""params"": [1.0, 1.0, 1.0, 2, 0, 0], ""unused_pointer"": 0}"
events-ep2/q83-bb-e,9,204,"{""base_type"": 531, ""set_flags"": 0, ""runtime_index"": 0, ""file_offset"": 57692, ""floor_field"": 0, ""entity_id_field"": 0, ""group"": 0, ""room"": 4, ""unknown_a3"": 0, ""position"": [264.0, 10.0, -205.0], ""angles"": [4156, 5325, 0], ""params"": [1.0, 1.0, 1.0, 0, 1, 0], ""unused_pointer"": 0}"
events-ep2/q83-bb-e,9,205,"{""base_type"": 531, ""set_flags"": 0, ""runtime_index"": 0, ""file_offset"": 57760, ""floor_field"": 0, ""entity_id_field"": 0, ""group"": 0, ""room"": 4, ""unknown_a3"": 0, ""position"": [94.43720245361328, 14.0, -197.0959930419922], ""angles"": [32768, 0, 0], ""params"": [1.0, 1.0, 1.0, 1, 0, 0], ""unused_pointer"": 0}"
events-ep2/q83-bb-e,9,256,"{""base_type"": 531, ""set_flags"": 0, ""runtime_index"": 0, ""file_offset"": 61228, ""floor_field"": 0, ""entity_id_field"": 0, ""group"": 0, ""room"": 4, ""unknown_a3"": 0, ""position"": [-155.4871063232422, 4.0, 222.75804138183594], ""angles"": [32768, 53411, 0], ""params"": [1.0, 1.0, 1.0, 0, 0, 0], ""unused_pointer"": 0}"
events-ep2/q83-bb-e,9,257,"{""base_type"": 531, ""set_flags"": 0, ""runtime_index"": 0, ""file_offset"": 61296, ""floor_field"": 0, ""entity_id_field"": 0, ""group"": 0, ""room"": 4, ""unknown_a3"": 0, ""position"": [172.18252563476562, 12.0, -168.30250549316406], ""angles"": [0, 0, 0], ""params"": [1.0, 1.0, 1.0, 0, 0, 0], ""unused_pointer"": 0}"
events-ep2/q83-bb-e,9,258,"{""base_type"": 531, ""set_flags"": 0, ""runtime_index"": 0, ""file_offset"": 61364, ""floor_field"": 0, ""entity_id_field"": 0, ""group"": 0, ""room"": 4, ""unknown_a3"": 0, ""position"": [184.1761016845703, 9.0, -112.26983642578125], ""angles"": [1900, 2824, 0], ""params"": [1.0, 1.0, 1.0, 1, 0, 0], ""unused_pointer"": 0}"
events-ep2/q83-bb-e,9,259,"{""base_type"": 531, ""set_flags"": 0, ""runtime_index"": 0, ""file_offset"": 61432, ""floor_field"": 0, ""entity_id_field"": 0, ""group"": 0, ""room"": 4, ""unknown_a3"": 0, ""position"": [44.22809982299805, 3.0, -44.28089904785156], ""angles"": [-1700, 38625, 0], ""params"": [1.0, 1.0, 1.0, 0, 0, 0], ""unused_pointer"": 0}"
events-ep2/q83-bb-e,9,263,"{""base_type"": 531, ""set_flags"": 0, ""runtime_index"": 0, ""file_offset"": 61704, ""floor_field"": 0, ""entity_id_field"": 0, ""group"": 0, ""room"": 3, ""unknown_a3"": 0, ""position"": [-91.0, 14.0, -258.0], ""angles"": [16384, 32768, 0], ""params"": [1.0, 1.0, 1.0, 0, 0, 0], ""unused_pointer"": 0}"
events-ep2/q83-bb-e,9,264,"{""base_type"": 531, ""set_flags"": 0, ""runtime_index"": 0, ""file_offset"": 61772, ""floor_field"": 0, ""entity_id_field"": 0, ""group"": 0, ""room"": 3, ""unknown_a3"": 0, ""position"": [-91.0, 14.0, -258.29998779296875], ""angles"": [17384, 0, 0], ""params"": [1.0, 1.0, 1.0, 0, 0, 0], ""unused_pointer"": 0}"
events-ep2/q83-bb-e,9,265,"{""base_type"": 531, ""set_flags"": 0, ""runtime_index"": 0, ""file_offset"": 61840, ""floor_field"": 0, ""entity_id_field"": 0, ""group"": 0, ""room"": 3, ""unknown_a3"": 0, ""position"": [-91.0, 14.0, -184.6999969482422], ""angles"": [17384, 32768, 0], ""params"": [1.0, 1.0, 1.0, 0, 0, 0], ""unused_pointer"": 0}"
events-ep2/q83-bb-e,9,266,"{""base_type"": 531, ""set_flags"": 0, ""runtime_index"": 0, ""file_offset"": 61908, ""floor_field"": 0, ""entity_id_field"": 0, ""group"": 0, ""room"": 3, ""unknown_a3"": 0, ""position"": [-91.0, 14.0, -185.0], ""angles"": [16384, 0, 0], ""params"": [1.0, 1.0, 1.0, 0, 0, 0], ""unused_pointer"": 0}"
events-ep2/q83-bb-e,9,285,"{""base_type"": 531, ""set_flags"": 0, ""runtime_index"": 0, ""file_offset"": 63200, ""floor_field"": 0, ""entity_id_field"": 0, ""group"": 0, ""room"": 3, ""unknown_a3"": 0, ""position"": [-176.668701171875, 3.0, -175.2886962890625], ""angles"": [-1900, 58726, 0], ""params"": [1.0, 1.0, 1.0, 1, 0, 0], ""unused_pointer"": 0}"
events-ep2/q83-bb-e,9,289,"{""base_type"": 531, ""set_flags"": 0, ""runtime_index"": 0, ""file_offset"": 63472, ""floor_field"": 0, ""entity_id_field"": 0, ""group"": 0, ""room"": 4, ""unknown_a3"": 0, ""position"": [250.1197052001953, 10.0, -221.8788604736328], ""angles"": [17384, 52219, 0], ""params"": [1.0, 1.0, 1.0, 0, 0, 0], ""unused_pointer"": 0}"
events-ep2/q83-bb-e,9,291,"{""base_type"": 531, ""set_flags"": 0, ""runtime_index"": 0, ""file_offset"": 63608, ""floor_field"": 0, ""entity_id_field"": 0, ""group"": 0, ""room"": 4, ""unknown_a3"": 0, ""position"": [73.96461486816406, 10.0, -217.08810424804688], ""angles"": [-1900, 15165, 0], ""params"": [1.0, 1.0, 1.0, 0, 0, 0], ""unused_pointer"": 0}"
events-ep2/q83-bb-e,9,292,"{""base_type"": 531, ""set_flags"": 0, ""runtime_index"": 0, ""file_offset"": 63676, ""floor_field"": 0, ""entity_id_field"": 0, ""group"": 0, ""room"": 4, ""unknown_a3"": 0, ""position"": [115.64640045166016, 4.0, -86.80970001220703], ""angles"": [16384, 0, 0], ""params"": [1.0, 1.0, 1.0, 2, 0, 0], ""unused_pointer"": 0}"
events-ep2/q83-bb-e,9,293,"{""base_type"": 531, ""set_flags"": 0, ""runtime_index"": 0, ""file_offset"": 63744, ""floor_field"": 0, ""entity_id_field"": 0, ""group"": 0, ""room"": 4, ""unknown_a3"": 0, ""position"": [229.3184051513672, 12.0, -216.14979553222656], ""angles"": [0, 58488, 0], ""params"": [1.0, 1.0, 1.0, 2, 0, 0], ""unused_pointer"": 0}"
events-ep2/q83-bb-e,9,296,"{""base_type"": 531, ""set_flags"": 0, ""runtime_index"": 0, ""file_offset"": 63948, ""floor_field"": 0, ""entity_id_field"": 0, ""group"": 0, ""room"": 4, ""unknown_a3"": 0, ""position"": [46.52873229980469, 10.0, -168.9999237060547], ""angles"": [-1900, 54020, 0], ""params"": [1.0, 1.0, 1.0, 1, 0, 0], ""unused_pointer"": 0}"
events-ep2/q83-bb-e,9,297,"{""base_type"": 531, ""set_flags"": 0, ""runtime_index"": 0, ""file_offset"": 64016, ""floor_field"": 0, ""entity_id_field"": 0, ""group"": 0, ""room"": 4, ""unknown_a3"": 0, ""position"": [168.06700134277344, 10.0, -104.11119842529297], ""angles"": [32768, 53200, 0], ""params"": [1.0, 1.0, 1.0, 1, 0, 0], ""unused_pointer"": 0}"
events-ep2/q83-bb-e,9,300,"{""base_type"": 531, ""set_flags"": 0, ""runtime_index"": 0, ""file_offset"": 64220, ""floor_field"": 0, ""entity_id_field"": 0, ""group"": 0, ""room"": 5, ""unknown_a3"": 0, ""position"": [77.31149291992188, 10.0, 159.53919982910156], ""angles"": [0, 1475, 0], ""params"": [1.0, 1.0, 1.0, 0, 0, 0], ""unused_pointer"": 0}"
events-ep2/q83-bb-e,9,301,"{""base_type"": 531, ""set_flags"": 0, ""runtime_index"": 0, ""file_offset"": 64288, ""floor_field"": 0, ""entity_id_field"": 0, ""group"": 0, ""room"": 4, ""unknown_a3"": 0, ""position"": [32.43230056762695, 14.0, -222.7104949951172], ""angles"": [32768, 14148, 0], ""params"": [1.0, 1.0, 1.0, 1, 0, 0], ""unused_pointer"": 0}"
events-ep2/q83-bb-e,9,303,"{""base_type"": 531, ""set_flags"": 0, ""runtime_index"": 0, ""file_offset"": 64424, ""floor_field"": 0, ""entity_id_field"": 0, ""group"": 0, ""room"": 4, ""unknown_a3"": 0, ""position"": [239.98219299316406, 1.0, -32.23469924926758], ""angles"": [-4200, 0, 0], ""params"": [1.0, 1.0, 1.0, 1, 0, 0], ""unused_pointer"": 0}"
events-ep2/q83-bb-e,9,304,"{""base_type"": 531, ""set_flags"": 0, ""runtime_index"": 0, ""file_offset"": 64492, ""floor_field"": 0, ""entity_id_field"": 0, ""group"": 0, ""room"": 3, ""unknown_a3"": 0, ""position"": [-227.92050170898438, 1.0, -137.32290649414062], ""angles"": [0, 54996, 0], ""params"": [1.0, 1.0, 1.0, 0, 0, 0], ""unused_pointer"": 0}"
events-ep2/q83-bb-e,9,305,"{""base_type"": 531, ""set_flags"": 0, ""runtime_index"": 0, ""file_offset"": 64560, ""floor_field"": 0, ""entity_id_field"": 0, ""group"": 0, ""room"": 4, ""unknown_a3"": 0, ""position"": [50.1159782409668, 14.0, -116.87591552734375], ""angles"": [32968, 56082, 0], ""params"": [1.0, 1.0, 1.0, 0, 0, 0], ""unused_pointer"": 0}"
events-ep2/q83-bb-e,9,308,"{""base_type"": 531, ""set_flags"": 0, ""runtime_index"": 0, ""file_offset"": 64764, ""floor_field"": 0, ""entity_id_field"": 0, ""group"": 0, ""room"": 5, ""unknown_a3"": 0, ""position"": [82.03936004638672, 10.0, 182.30270385742188], ""angles"": [16384, 34046, 0], ""params"": [1.0, 1.0, 1.0, 0, 0, 0], ""unused_pointer"": 0}"
events-ep2/q83-bb-e,9,310,"{""base_type"": 531, ""set_flags"": 0, ""runtime_index"": 0, ""file_offset"": 64900, ""floor_field"": 0, ""entity_id_field"": 0, ""group"": 0, ""room"": 4, ""unknown_a3"": 0, ""position"": [166.6250457763672, -1.0, -105.04209899902344], ""angles"": [16384, 18430, 0], ""params"": [1.0, 1.0, 1.0, 0, 0, 0], ""unused_pointer"": 0}"
events-ep2/q83-bb-e,9,311,"{""base_type"": 531, ""set_flags"": 0, ""runtime_index"": 0, ""file_offset"": 64968, ""floor_field"": 0, ""entity_id_field"": 0, ""group"": 0, ""room"": 5, ""unknown_a3"": 0, ""position"": [70.79859161376953, 12.0, 134.0261993408203], ""angles"": [-1500, 20947, 0], ""params"": [1.0, 1.0, 1.0, 1, 0, 0], ""unused_pointer"": 0}"
events-ep2/q83-bb-e,9,312,"{""base_type"": 531, ""set_flags"": 0, ""runtime_index"": 0, ""file_offset"": 65036, ""floor_field"": 0, ""entity_id_field"": 0, ""group"": 0, ""room"": 4, ""unknown_a3"": 0, ""position"": [169.3538055419922, 7.0, -98.09639739990234], ""angles"": [0, 51248, 0], ""params"": [1.0, 1.0, 1.0, 2, 0, 0], ""unused_pointer"": 0}"
events-ep2/q83-bb-e,9,314,"{""base_type"": 531, ""set_flags"": 0, ""runtime_index"": 0, ""file_offset"": 65172, ""floor_field"": 0, ""entity_id_field"": 0, ""group"": 0, ""room"": 4, ""unknown_a3"": 0, ""position"": [14.459799766540527, 10.0, -225.79820251464844], ""angles"": [16384, 48618, 0], ""params"": [1.0, 1.0, 1.0, 0, 0, 0], ""unused_pointer"": 0}"
events-ep2/q83-bb-e,9,317,"{""base_type"": 531, ""set_flags"": 0, ""runtime_index"": 0, ""file_offset"": 65376, ""floor_field"": 0, ""entity_id_field"": 0, ""group"": 0, ""room"": 4, ""unknown_a3"": 0, ""position"": [-1.2393110990524292, 10.0, -225.63619995117188], ""angles"": [16384, 49152, 0], ""params"": [1.0, 1.0, 1.0, 2, 0, 0], ""unused_pointer"": 0}"
events-ep2/q83-bb-e,9,322,"{""base_type"": 531, ""set_flags"": 0, ""runtime_index"": 0, ""file_offset"": 65716, ""floor_field"": 0, ""entity_id_field"": 0, ""group"": 0, ""room"": 3, ""unknown_a3"": 0, ""position"": [-223.49200439453125, 12.0, -306.6053466796875], ""angles"": [0, 4557, 0], ""params"": [1.0, 1.0, 1.0, 2, 0, 0], ""unused_pointer"": 0}"
events-ep2/q83-bb-e,9,327,"{""base_type"": 531, ""set_flags"": 0, ""runtime_index"": 0, ""file_offset"": 66056, ""floor_field"": 0, ""entity_id_field"": 0, ""group"": 0, ""room"": 4, ""unknown_a3"": 0, ""position"": [-57.42890167236328, 10.0, -172.17689514160156], ""angles"": [0, 49152, 0], ""params"": [1.0, 1.0, 1.0, 1, 0, 0], ""unused_pointer"": 0}"
events-ep2/q83-bb-e,9,328,"{""base_type"": 531, ""set_flags"": 0, ""runtime_index"": 0, ""file_offset"": 66124, ""floor_field"": 0, ""entity_id_field"": 0, ""group"": 0, ""room"": 4, ""unknown_a3"": 0, ""position"": [-52.996700286865234, 17.0, -139.96209716796875], ""angles"": [31768, 1939, 0], ""params"": [1.0, 1.0, 1.0, 0, 0, 0], ""unused_pointer"": 0}"
events-ep2/q83-bb-j,9,27,"{""base_type"": 531, ""set_flags"": 512, ""runtime_index"": 22533, ""file_offset"": 45656, ""floor_field"": 9, ""entity_id_field"": 35657, ""group"": 0, ""room"": 3, ""unknown_a3"": 0, ""position"": [-360.0, 4.0, -55.0], ""angles"": [45056, 0, 0], ""params"": [1.0, 1.0, 1.0, 2, 0, 0], ""unused_pointer"": 281010560}"
events-ep2/q83-bb-j,9,29,"{""base_type"": 531, ""set_flags"": 0, ""runtime_index"": 21768, ""file_offset"": 45792, ""floor_field"": 9, ""entity_id_field"": 36169, ""group"": 0, ""room"": 3, ""unknown_a3"": 0, ""position"": [-455.0, -7.0, -45.0], ""angles"": [24576, 0, 36864], ""params"": [1.0, 1.0, 1.0, 1, 0, 0], ""unused_pointer"": 549773696}"
events-ep2/q83-bb-j,9,30,"{""base_type"": 531, ""set_flags"": 512, ""runtime_index"": 23557, ""file_offset"": 45860, ""floor_field"": 9, ""entity_id_field"": 36425, ""group"": 0, ""room"": 3, ""unknown_a3"": 0, ""position"": [-1060.0, -2.0, -210.0], ""angles"": [49152, 0, 8192], ""params"": [1.0, 1.0, 1.0, 2, 0, 0], ""unused_pointer"": 1892016512}"
events-ep2/q83-bb-j,9,43,"{""base_type"": 531, ""set_flags"": 512, ""runtime_index"": 26885, ""file_offset"": 46744, ""floor_field"": 9, ""entity_id_field"": 39753, ""group"": 0, ""room"": 3, ""unknown_a3"": 0, ""position"": [-355.0, -2.0, -51.0], ""angles"": [32768, 45056, 36864], ""params"": [1.0, 1.0, 1.0, 2, 0, 0], ""unused_pointer"": 820830592}"
events-ep2/q83-bb-j,9,59,"{""base_type"": 531, ""set_flags"": 0, ""runtime_index"": 12296, ""file_offset"": 47832, ""floor_field"": 9, ""entity_id_field"": 25672, ""group"": 0, ""room"": 13, ""unknown_a3"": 0, ""position"": [71.966796875, 10.0, 14.007699966430664], ""angles"": [12288, 13312, 0], ""params"": [1.0, 1.0, 1.0, 0, 0, 0], ""unused_pointer"": 1624957568}"
events-ep2/q83-bb-j,9,140,"{""base_type"": 531, ""set_flags"": 0, ""runtime_index"": 0, ""file_offset"": 53340, ""floor_field"": 0, ""entity_id_field"": 0, ""group"": 0, ""room"": 5, ""unknown_a3"": 0, ""position"": [-47.71379852294922, 10.0, 147.71148681640625], ""angles"": [-300, 60826, 0], ""params"": [1.0, 1.0, 1.0, 0, 0, 0], ""unused_pointer"": 0}"
events-ep2/q83-bb-j,9,141,"{""base_type"": 531, ""set_flags"": 512, ""runtime_index"": 23557, ""file_offset"": 53408, ""floor_field"": 9, ""entity_id_field"": 36425, ""group"": 0, ""room"": 4, ""unknown_a3"": 0, ""position"": [-89.7218017578125, 13.0, -170.52679443359375], ""angles"": [49152, 0, 0], ""params"": [1.0, 1.0, 1.0, 2, 0, 0], ""unused_pointer"": 0}"
events-ep2/q83-bb-j,9,157,"{""base_type"": 531, ""set_flags"": 0, ""runtime_index"": 0, ""file_offset"": 54496, ""floor_field"": 0, ""entity_id_field"": 0, ""group"": 0, ""room"": 4, ""unknown_a3"": 0, ""position"": [65.3313980102539, 10.0, -131.3569793701172], ""angles"": [0, 5366, 0], ""params"": [1.0, 1.0, 1.0, 2, 0, 0], ""unused_pointer"": 0}"
events-ep2/q83-bb-j,9,158,"{""base_type"": 531, ""set_flags"": 0, ""runtime_index"": 0, ""file_offset"": 54564, ""floor_field"": 0, ""entity_id_field"": 0, ""group"": 0, ""room"": 4, ""unknown_a3"": 0, ""position"": [326.4012145996094, 12.0, -189.85159301757812], ""angles"": [0, 0, 0], ""params"": [1.0, 1.0, 1.0, 2, 0, 0], ""unused_pointer"": 0}"
events-ep2/q83-bb-j,9,202,"{""base_type"": 531, ""set_flags"": 0, ""runtime_index"": 0, ""file_offset"": 57556, ""floor_field"": 0, ""entity_id_field"": 0, ""group"": 0, ""room"": 4, ""unknown_a3"": 0, ""position"": [329.2430419921875, 9.0, -172.52879333496094], ""angles"": [-1900, 10169, 0], ""params"": [1.0, 1.0, 1.0, 1, 0, 1], ""unused_pointer"": 0}"
events-ep2/q83-bb-j,9,203,"{""base_type"": 531, ""set_flags"": 0, ""runtime_index"": 0, ""file_offset"": 57624, ""floor_field"": 0, ""entity_id_field"": 0, ""group"": 0, ""room"": 4, ""unknown_a3"": 0, ""position"": [255.5124969482422, 12.0, -220.0], ""angles"": [49152, 16384, 0], ""params"": [1.0, 1.0, 1.0, 2, 0, 0], ""unused_pointer"": 0}"
events-ep2/q83-bb-j,9,204,"{""base_type"": 531, ""set_flags"": 0, ""runtime_index"": 0, ""file_offset"": 57692, ""floor_field"": 0, ""entity_id_field"": 0, ""group"": 0, ""room"": 4, ""unknown_a3"": 0, ""position"": [264.0, 10.0, -205.0], ""angles"": [4156, 5325, 0], ""params"": [1.0, 1.0, 1.0, 0, 1, 0], ""unused_pointer"": 0}"
events-ep2/q83-bb-j,9,205,"{""base_type"": 531, ""set_flags"": 0, ""runtime_index"": 0, ""file_offset"": 57760, ""floor_field"": 0, ""entity_id_field"": 0, ""group"": 0, ""room"": 4, ""unknown_a3"": 0, ""position"": [94.43720245361328, 14.0, -197.0959930419922], ""angles"": [32768, 0, 0], ""params"": [1.0, 1.0, 1.0, 1, 0, 0], ""unused_pointer"": 0}"
events-ep2/q83-bb-j,9,256,"{""base_type"": 531, ""set_flags"": 0, ""runtime_index"": 0, ""file_offset"": 61228, ""floor_field"": 0, ""entity_id_field"": 0, ""group"": 0, ""room"": 4, ""unknown_a3"": 0, ""position"": [-155.4871063232422, 4.0, 222.75804138183594], ""angles"": [32768, 53411, 0], ""params"": [1.0, 1.0, 1.0, 0, 0, 0], ""unused_pointer"": 0}"
events-ep2/q83-bb-j,9,257,"{""base_type"": 531, ""set_flags"": 0, ""runtime_index"": 0, ""file_offset"": 61296, ""floor_field"": 0, ""entity_id_field"": 0, ""group"": 0, ""room"": 4, ""unknown_a3"": 0, ""position"": [172.18252563476562, 12.0, -168.30250549316406], ""angles"": [0, 0, 0], ""params"": [1.0, 1.0, 1.0, 0, 0, 0], ""unused_pointer"": 0}"
events-ep2/q83-bb-j,9,258,"{""base_type"": 531, ""set_flags"": 0, ""runtime_index"": 0, ""file_offset"": 61364, ""floor_field"": 0, ""entity_id_field"": 0, ""group"": 0, ""room"": 4, ""unknown_a3"": 0, ""position"": [184.1761016845703, 9.0, -112.26983642578125], ""angles"": [1900, 2824, 0], ""params"": [1.0, 1.0, 1.0, 1, 0, 0], ""unused_pointer"": 0}"
events-ep2/q83-bb-j,9,259,"{""base_type"": 531, ""set_flags"": 0, ""runtime_index"": 0, ""file_offset"": 61432, ""floor_field"": 0, ""entity_id_field"": 0, ""group"": 0, ""room"": 4, ""unknown_a3"": 0, ""position"": [44.22809982299805, 3.0, -44.28089904785156], ""angles"": [-1700, 38625, 0], ""params"": [1.0, 1.0, 1.0, 0, 0, 0], ""unused_pointer"": 0}"
events-ep2/q83-bb-j,9,263,"{""base_type"": 531, ""set_flags"": 0, ""runtime_index"": 0, ""file_offset"": 61704, ""floor_field"": 0, ""entity_id_field"": 0, ""group"": 0, ""room"": 3, ""unknown_a3"": 0, ""position"": [-91.0, 14.0, -258.0], ""angles"": [16384, 32768, 0], ""params"": [1.0, 1.0, 1.0, 0, 0, 0], ""unused_pointer"": 0}"
events-ep2/q83-bb-j,9,264,"{""base_type"": 531, ""set_flags"": 0, ""runtime_index"": 0, ""file_offset"": 61772, ""floor_field"": 0, ""entity_id_field"": 0, ""group"": 0, ""room"": 3, ""unknown_a3"": 0, ""position"": [-91.0, 14.0, -258.29998779296875], ""angles"": [17384, 0, 0], ""params"": [1.0, 1.0, 1.0, 0, 0, 0], ""unused_pointer"": 0}"
events-ep2/q83-bb-j,9,265,"{""base_type"": 531, ""set_flags"": 0, ""runtime_index"": 0, ""file_offset"": 61840, ""floor_field"": 0, ""entity_id_field"": 0, ""group"": 0, ""room"": 3, ""unknown_a3"": 0, ""position"": [-91.0, 14.0, -184.6999969482422], ""angles"": [17384, 32768, 0], ""params"": [1.0, 1.0, 1.0, 0, 0, 0], ""unused_pointer"": 0}"
events-ep2/q83-bb-j,9,266,"{""base_type"": 531, ""set_flags"": 0, ""runtime_index"": 0, ""file_offset"": 61908, ""floor_field"": 0, ""entity_id_field"": 0, ""group"": 0, ""room"": 3, ""unknown_a3"": 0, ""position"": [-91.0, 14.0, -185.0], ""angles"": [16384, 0, 0], ""params"": [1.0, 1.0, 1.0, 0, 0, 0], ""unused_pointer"": 0}"
events-ep2/q83-bb-j,9,285,"{""base_type"": 531, ""set_flags"": 0, ""runtime_index"": 0, ""file_offset"": 63200, ""floor_field"": 0, ""entity_id_field"": 0, ""group"": 0, ""room"": 3, ""unknown_a3"": 0, ""position"": [-176.668701171875, 3.0, -175.2886962890625], ""angles"": [-1900, 58726, 0], ""params"": [1.0, 1.0, 1.0, 1, 0, 0], ""unused_pointer"": 0}"
events-ep2/q83-bb-j,9,289,"{""base_type"": 531, ""set_flags"": 0, ""runtime_index"": 0, ""file_offset"": 63472, ""floor_field"": 0, ""entity_id_field"": 0, ""group"": 0, ""room"": 4, ""unknown_a3"": 0, ""position"": [250.1197052001953, 10.0, -221.8788604736328], ""angles"": [17384, 52219, 0], ""params"": [1.0, 1.0, 1.0, 0, 0, 0], ""unused_pointer"": 0}"
events-ep2/q83-bb-j,9,291,"{""base_type"": 531, ""set_flags"": 0, ""runtime_index"": 0, ""file_offset"": 63608, ""floor_field"": 0, ""entity_id_field"": 0, ""group"": 0, ""room"": 4, ""unknown_a3"": 0, ""position"": [73.96461486816406, 10.0, -217.08810424804688], ""angles"": [-1900, 15165, 0], ""params"": [1.0, 1.0, 1.0, 0, 0, 0], ""unused_pointer"": 0}"
events-ep2/q83-bb-j,9,292,"{""base_type"": 531, ""set_flags"": 0, ""runtime_index"": 0, ""file_offset"": 63676, ""floor_field"": 0, ""entity_id_field"": 0, ""group"": 0, ""room"": 4, ""unknown_a3"": 0, ""position"": [115.64640045166016, 4.0, -86.80970001220703], ""angles"": [16384, 0, 0], ""params"": [1.0, 1.0, 1.0, 2, 0, 0], ""unused_pointer"": 0}"
events-ep2/q83-bb-j,9,293,"{""base_type"": 531, ""set_flags"": 0, ""runtime_index"": 0, ""file_offset"": 63744, ""floor_field"": 0, ""entity_id_field"": 0, ""group"": 0, ""room"": 4, ""unknown_a3"": 0, ""position"": [229.3184051513672, 12.0, -216.14979553222656], ""angles"": [0, 58488, 0], ""params"": [1.0, 1.0, 1.0, 2, 0, 0], ""unused_pointer"": 0}"
events-ep2/q83-bb-j,9,296,"{""base_type"": 531, ""set_flags"": 0, ""runtime_index"": 0, ""file_offset"": 63948, ""floor_field"": 0, ""entity_id_field"": 0, ""group"": 0, ""room"": 4, ""unknown_a3"": 0, ""position"": [46.52873229980469, 10.0, -168.9999237060547], ""angles"": [-1900, 54020, 0], ""params"": [1.0, 1.0, 1.0, 1, 0, 0], ""unused_pointer"": 0}"
events-ep2/q83-bb-j,9,297,"{""base_type"": 531, ""set_flags"": 0, ""runtime_index"": 0, ""file_offset"": 64016, ""floor_field"": 0, ""entity_id_field"": 0, ""group"": 0, ""room"": 4, ""unknown_a3"": 0, ""position"": [168.06700134277344, 10.0, -104.11119842529297], ""angles"": [32768, 53200, 0], ""params"": [1.0, 1.0, 1.0, 1, 0, 0], ""unused_pointer"": 0}"
events-ep2/q83-bb-j,9,300,"{""base_type"": 531, ""set_flags"": 0, ""runtime_index"": 0, ""file_offset"": 64220, ""floor_field"": 0, ""entity_id_field"": 0, ""group"": 0, ""room"": 5, ""unknown_a3"": 0, ""position"": [77.31149291992188, 10.0, 159.53919982910156], ""angles"": [0, 1475, 0], ""params"": [1.0, 1.0, 1.0, 0, 0, 0], ""unused_pointer"": 0}"
events-ep2/q83-bb-j,9,301,"{""base_type"": 531, ""set_flags"": 0, ""runtime_index"": 0, ""file_offset"": 64288, ""floor_field"": 0, ""entity_id_field"": 0, ""group"": 0, ""room"": 4, ""unknown_a3"": 0, ""position"": [32.43230056762695, 14.0, -222.7104949951172], ""angles"": [32768, 14148, 0], ""params"": [1.0, 1.0, 1.0, 1, 0, 0], ""unused_pointer"": 0}"
events-ep2/q83-bb-j,9,303,"{""base_type"": 531, ""set_flags"": 0, ""runtime_index"": 0, ""file_offset"": 64424, ""floor_field"": 0, ""entity_id_field"": 0, ""group"": 0, ""room"": 4, ""unknown_a3"": 0, ""position"": [239.98219299316406, 1.0, -32.23469924926758], ""angles"": [-4200, 0, 0], ""params"": [1.0, 1.0, 1.0, 1, 0, 0], ""unused_pointer"": 0}"
events-ep2/q83-bb-j,9,304,"{""base_type"": 531, ""set_flags"": 0, ""runtime_index"": 0, ""file_offset"": 64492, ""floor_field"": 0, ""entity_id_field"": 0, ""group"": 0, ""room"": 3, ""unknown_a3"": 0, ""position"": [-227.92050170898438, 1.0, -137.32290649414062], ""angles"": [0, 54996, 0], ""params"": [1.0, 1.0, 1.0, 0, 0, 0], ""unused_pointer"": 0}"
events-ep2/q83-bb-j,9,305,"{""base_type"": 531, ""set_flags"": 0, ""runtime_index"": 0, ""file_offset"": 64560, ""floor_field"": 0, ""entity_id_field"": 0, ""group"": 0, ""room"": 4, ""unknown_a3"": 0, ""position"": [50.1159782409668, 14.0, -116.87591552734375], ""angles"": [32968, 56082, 0], ""params"": [1.0, 1.0, 1.0, 0, 0, 0], ""unused_pointer"": 0}"
events-ep2/q83-bb-j,9,308,"{""base_type"": 531, ""set_flags"": 0, ""runtime_index"": 0, ""file_offset"": 64764, ""floor_field"": 0, ""entity_id_field"": 0, ""group"": 0, ""room"": 5, ""unknown_a3"": 0, ""position"": [82.03936004638672, 10.0, 182.30270385742188], ""angles"": [16384, 34046, 0], ""params"": [1.0, 1.0, 1.0, 0, 0, 0], ""unused_pointer"": 0}"
events-ep2/q83-bb-j,9,310,"{""base_type"": 531, ""set_flags"": 0, ""runtime_index"": 0, ""file_offset"": 64900, ""floor_field"": 0, ""entity_id_field"": 0, ""group"": 0, ""room"": 4, ""unknown_a3"": 0, ""position"": [166.6250457763672, -1.0, -105.04209899902344], ""angles"": [16384, 18430, 0], ""params"": [1.0, 1.0, 1.0, 0, 0, 0], ""unused_pointer"": 0}"
events-ep2/q83-bb-j,9,311,"{""base_type"": 531, ""set_flags"": 0, ""runtime_index"": 0, ""file_offset"": 64968, ""floor_field"": 0, ""entity_id_field"": 0, ""group"": 0, ""room"": 5, ""unknown_a3"": 0, ""position"": [70.79859161376953, 12.0, 134.0261993408203], ""angles"": [-1500, 20947, 0], ""params"": [1.0, 1.0, 1.0, 1, 0, 0], ""unused_pointer"": 0}"
events-ep2/q83-bb-j,9,312,"{""base_type"": 531, ""set_flags"": 0, ""runtime_index"": 0, ""file_offset"": 65036, ""floor_field"": 0, ""entity_id_field"": 0, ""group"": 0, ""room"": 4, ""unknown_a3"": 0, ""position"": [169.3538055419922, 7.0, -98.09639739990234], ""angles"": [0, 51248, 0], ""params"": [1.0, 1.0, 1.0, 2, 0, 0], ""unused_pointer"": 0}"
events-ep2/q83-bb-j,9,314,"{""base_type"": 531, ""set_flags"": 0, ""runtime_index"": 0, ""file_offset"": 65172, ""floor_field"": 0, ""entity_id_field"": 0, ""group"": 0, ""room"": 4, ""unknown_a3"": 0, ""position"": [14.459799766540527, 10.0, -225.79820251464844], ""angles"": [16384, 48618, 0], ""params"": [1.0, 1.0, 1.0, 0, 0, 0], ""unused_pointer"": 0}"
events-ep2/q83-bb-j,9,317,"{""base_type"": 531, ""set_flags"": 0, ""runtime_index"": 0, ""file_offset"": 65376, ""floor_field"": 0, ""entity_id_field"": 0, ""group"": 0, ""room"": 4, ""unknown_a3"": 0, ""position"": [-1.2393110990524292, 10.0, -225.63619995117188], ""angles"": [16384, 49152, 0], ""params"": [1.0, 1.0, 1.0, 2, 0, 0], ""unused_pointer"": 0}"
events-ep2/q83-bb-j,9,322,"{""base_type"": 531, ""set_flags"": 0, ""runtime_index"": 0, ""file_offset"": 65716, ""floor_field"": 0, ""entity_id_field"": 0, ""group"": 0, ""room"": 3, ""unknown_a3"": 0, ""position"": [-223.49200439453125, 12.0, -306.6053466796875], ""angles"": [0, 4557, 0], ""params"": [1.0, 1.0, 1.0, 2, 0, 0], ""unused_pointer"": 0}"
events-ep2/q83-bb-j,9,327,"{""base_type"": 531, ""set_flags"": 0, ""runtime_index"": 0, ""file_offset"": 66056, ""floor_field"": 0, ""entity_id_field"": 0, ""group"": 0, ""room"": 4, ""unknown_a3"": 0, ""position"": [-57.42890167236328, 10.0, -172.17689514160156], ""angles"": [0, 49152, 0], ""params"": [1.0, 1.0, 1.0, 1, 0, 0], ""unused_pointer"": 0}"
events-ep2/q83-bb-j,9,328,"{""base_type"": 531, ""set_flags"": 0, ""runtime_index"": 0, ""file_offset"": 66124, ""floor_field"": 0, ""entity_id_field"": 0, ""group"": 0, ""room"": 4, ""unknown_a3"": 0, ""position"": [-52.996700286865234, 17.0, -139.96209716796875], ""angles"": [31768, 1939, 0], ""params"": [1.0, 1.0, 1.0, 0, 0, 0], ""unused_pointer"": 0}"
events-ep2/q216-bb-e,9,22,"{""base_type"": 531, ""set_flags"": 0, ""runtime_index"": 27656, ""file_offset"": 4588, ""floor_field"": 9, ""entity_id_field"": 18525, ""group"": 0, ""room"": 3, ""unknown_a3"": 0, ""position"": [-744.75, 17.18000030517578, -317.8500061035156], ""angles"": [20480, 16384, 0], ""params"": [1.0, 1.0, 1.0, 0, 0, 0], ""unused_pointer"": 73577360}"
events-ep2/q216-bb-e,9,25,"{""base_type"": 531, ""set_flags"": 0, ""runtime_index"": 28680, ""file_offset"": 4792, ""floor_field"": 9, ""entity_id_field"": 18528, ""group"": 0, ""room"": 3, ""unknown_a3"": 0, ""position"": [-1045.0, 2.0, -275.0], ""angles"": [49152, 0, 8192], ""params"": [1.0, 1.0, 1.0, 2, 0, 0], ""unused_pointer"": 73577920}"
events-ep2/q216-bb-e,9,48,"{""base_type"": 531, ""set_flags"": 0, ""runtime_index"": 40456, ""file_offset"": 6356, ""floor_field"": 9, ""entity_id_field"": 18557, ""group"": 0, ""room"": 9, ""unknown_a3"": 0, ""position"": [108.550048828125, 32.05999755859375, -159.42999267578125], ""angles"": [0, 36864, 0], ""params"": [1.0, 1.0, 1.0, 1, 0, 0], ""unused_pointer"": 73592480}"
events-ep2/q216-bb-e,16,25,"{""base_type"": 531, ""set_flags"": 512, ""runtime_index"": 23557, ""file_offset"": 10928, ""floor_field"": 9, ""entity_id_field"": 31048, ""group"": 0, ""room"": 3, ""unknown_a3"": 0, ""position"": [-1060.0, -2.0, -210.0], ""angles"": [49152, 0, 8192], ""params"": [1.0, 1.0, 1.0, 2, 0, 0], ""unused_pointer"": 8512128}"
events-ep2/q216-bb-e,16,36,"{""base_type"": 531, ""set_flags"": 0, ""runtime_index"": 34312, ""file_offset"": 11676, ""floor_field"": 16, ""entity_id_field"": 33352, ""group"": 0, ""room"": 4, ""unknown_a3"": 0, ""position"": [115.0, -1.2120087146759033, 0.0], ""angles"": [57344, 0, 0], ""params"": [1.0, 1.0, 1.0, 0, 0, 0], ""unused_pointer"": 2429477504}"
events-ep2/q216-bb-e,16,37,"{""base_type"": 531, ""set_flags"": 0, ""runtime_index"": 33800, ""file_offset"": 11744, ""floor_field"": 16, ""entity_id_field"": 33608, ""group"": 0, ""room"": 4, ""unknown_a3"": 0, ""position"": [105.0, -1.209999918937683, 10.0], ""angles"": [57344, 16384, 0], ""params"": [1.0, 1.0, 1.0, 0, 0, 0], ""unused_pointer"": 3771720320}"
events-ep2/q216-bb-e,16,38,"{""base_type"": 531, ""set_flags"": 0, ""runtime_index"": 34056, ""file_offset"": 11812, ""floor_field"": 16, ""entity_id_field"": 33864, ""group"": 0, ""room"": 4, ""unknown_a3"": 0, ""position"": [115.0, -1.209999918937683, 20.0], ""angles"": [57344, 32768, 0], ""params"": [1.0, 1.0, 1.0, 0, 0, 0], ""unused_pointer"": 819061376}"
events-ep2/q216-bb-e,16,39,"{""base_type"": 531, ""set_flags"": 0, ""runtime_index"": 34824, ""file_offset"": 11880, ""floor_field"": 16, ""entity_id_field"": 34120, ""group"": 0, ""room"": 4, ""unknown_a3"": 0, ""position"": [125.0, -1.209999918937683, 10.0], ""angles"": [57344, 49152, 0], ""params"": [1.0, 1.0, 1.0, 0, 0, 0], ""unused_pointer"": 2161304192}"
events-ep2/q216-bb-e,16,40,"{""base_type"": 531, ""set_flags"": 0, ""runtime_index"": 32520, ""file_offset"": 11948, ""floor_field"": 16, ""entity_id_field"": 34376, ""group"": 0, ""room"": 4, ""unknown_a3"": 0, ""position"": [315.0, -1.209999918937683, 10.0], ""angles"": [57344, 49152, 0], ""params"": [1.0, 1.0, 1.0, 0, 0, 0], ""unused_pointer"": 3503547008}"
events-ep2/q216-bb-e,16,41,"{""base_type"": 531, ""set_flags"": 0, ""runtime_index"": 32264, ""file_offset"": 12016, ""floor_field"": 16, ""entity_id_field"": 34632, ""group"": 0, ""room"": 4, ""unknown_a3"": 0, ""position"": [295.0, -1.209999918937683, 10.0], ""angles"": [57344, 16384, 0], ""params"": [1.0, 1.0, 1.0, 0, 0, 0], ""unused_pointer"": 550888064}"
events-ep2/q216-bb-e,16,42,"{""base_type"": 531, ""set_flags"": 0, ""runtime_index"": 32776, ""file_offset"": 12084, ""floor_field"": 16, ""entity_id_field"": 34888, ""group"": 0, ""room"": 4, ""unknown_a3"": 0, ""position"": [305.0, -1.209999918937683, 20.0], ""angles"": [57344, 32768, 0], ""params"": [1.0, 1.0, 1.0, 0, 0, 0], ""unused_pointer"": 1893130880}"
events-ep2/q216-bb-e,16,43,"{""base_type"": 531, ""set_flags"": 0, ""runtime_index"": 33032, ""file_offset"": 12152, ""floor_field"": 16, ""entity_id_field"": 35144, ""group"": 0, ""room"": 4, ""unknown_a3"": 0, ""position"": [305.0, -1.2120087146759033, 0.0], ""angles"": [57344, 0, 0], ""params"": [1.0, 1.0, 1.0, 0, 0, 0], ""unused_pointer"": 3235373696}"
events-ep2/q216-bb-e,16,44,"{""base_type"": 531, ""set_flags"": 0, ""runtime_index"": 23048, ""file_offset"": 12220, ""floor_field"": 16, ""entity_id_field"": 35400, ""group"": 0, ""room"": 4, ""unknown_a3"": 0, ""position"": [270.0, 1.5431371927261353, -70.0], ""angles"": [16384, 0, 0], ""params"": [1.0, 1.0, 1.0, 2, 0, 0], ""unused_pointer"": 282714752}"
events-ep2/q216-bb-e,16,45,"{""base_type"": 531, ""set_flags"": 0, ""runtime_index"": 25352, ""file_offset"": 12288, ""floor_field"": 16, ""entity_id_field"": 61000, ""group"": 0, ""room"": 4, ""unknown_a3"": 0, ""position"": [236.0, 0.9599999785423279, -55.0], ""angles"": [16384, 24576, 0], ""params"": [1.0, 1.0, 1.0, 2, 0, 0], ""unused_pointer"": 811459456}"
events-ep2/q216-bb-e,16,46,"{""base_type"": 531, ""set_flags"": 0, ""runtime_index"": 24840, ""file_offset"": 12356, ""floor_field"": 16, ""entity_id_field"": 59464, ""group"": 0, ""room"": 4, ""unknown_a3"": 0, ""position"": [189.0, 1.0, -55.0], ""angles"": [16384, 8192, 0], ""params"": [1.0, 1.0, 1.0, 2, 0, 0], ""unused_pointer"": 1616896896}"
events-ep2/q216-bb-e,16,47,"{""base_type"": 531, ""set_flags"": 0, ""runtime_index"": 29448, ""file_offset"": 12424, ""floor_field"": 16, ""entity_id_field"": 36168, ""group"": 0, ""room"": 4, ""unknown_a3"": 0, ""position"": [155.0, 1.5431371927261353, -70.0], ""angles"": [16384, 40960, 0], ""params"": [1.0, 1.0, 1.0, 2, 0, 0], ""unused_pointer"": 14541440}"
events-ep2/q216-bb-e,16,58,"{""base_type"": 531, ""set_flags"": 0, ""runtime_index"": 32520, ""file_offset"": 13172, ""floor_field"": 16, ""entity_id_field"": 38984, ""group"": 0, ""room"": 4, ""unknown_a3"": 0, ""position"": [200.0, 10.0, -5.0], ""angles"": [49152, 24576, 0], ""params"": [1.0, 1.0, 1.0, 1, 0, 0], ""unused_pointer"": 1894769280}"
events-ep2/q216-bb-e,16,59,"{""base_type"": 531, ""set_flags"": 0, ""runtime_index"": 32776, ""file_offset"": 13240, ""floor_field"": 16, ""entity_id_field"": 39240, ""group"": 0, ""room"": 4, ""unknown_a3"": 0, ""position"": [225.0, 10.0, -5.0], ""angles"": [49152, 40960, 0], ""params"": [1.0, 1.0, 1.0, 1, 0, 0], ""unused_pointer"": 3237012096}"
events-ep2/q216-bb-e,16,71,"{""base_type"": 531, ""set_flags"": 0, ""runtime_index"": 40456, ""file_offset"": 14056, ""floor_field"": 9, ""entity_id_field"": 48456, ""group"": 0, ""room"": 9, ""unknown_a3"": 0, ""position"": [108.550048828125, 32.05999755859375, -159.42999267578125], ""angles"": [0, 36864, 0], ""params"": [1.0, 1.0, 1.0, 1, 0, 0], ""unused_pointer"": 1624105600}"
events-ep2/q232-bb-e,16,27,"{""base_type"": 531, ""set_flags"": 0, ""runtime_index"": 24072, ""file_offset"": 4996, ""floor_field"": 16, ""entity_id_field"": 3145, ""group"": 0, ""room"": 3, ""unknown_a3"": 0, ""position"": [-330.04827880859375, 6.268748760223389, -146.4447021484375], ""angles"": [45056, 61440, 0], ""params"": [1.0, 1.0, 1.0, 2, 0, 0], ""unused_pointer"": 2966741632}"
events-ep2/q232-bb-e,16,28,"{""base_type"": 531, ""set_flags"": 0, ""runtime_index"": 24584, ""file_offset"": 5064, ""floor_field"": 16, ""entity_id_field"": 4681, ""group"": 0, ""room"": 3, ""unknown_a3"": 0, ""position"": [-320.94000244140625, 8.050002098083496, -154.60000610351562], ""angles"": [45056, 18176, 0], ""params"": [1.0, 1.0, 1.0, 2, 0, 0], ""unused_pointer"": 2161500800}"
events-ep2/q232-bb-e,16,29,"{""base_type"": 531, ""set_flags"": 0, ""runtime_index"": 23816, ""file_offset"": 5132, ""floor_field"": 16, ""entity_id_field"": 2633, ""group"": 0, ""room"": 3, ""unknown_a3"": 0, ""position"": [-333.3800048828125, 6.269999980926514, -156.80001831054688], ""angles"": [45056, 45056, 0], ""params"": [1.0, 1.0, 1.0, 2, 0, 0], ""unused_pointer"": 3501253248}"
events-ep2/q232-bb-j,16,27,"{""base_type"": 531, ""set_flags"": 0, ""runtime_index"": 24072, ""file_offset"": 4996, ""floor_field"": 16, ""entity_id_field"": 3145, ""group"": 0, ""room"": 3, ""unknown_a3"": 0, ""position"": [-330.04827880859375, 6.268748760223389, -146.4447021484375], ""angles"": [45056, 61440, 0], ""params"": [1.0, 1.0, 1.0, 2, 0, 0], ""unused_pointer"": 2966741632}"
events-ep2/q232-bb-j,16,28,"{""base_type"": 531, ""set_flags"": 0, ""runtime_index"": 24584, ""file_offset"": 5064, ""floor_field"": 16, ""entity_id_field"": 4681, ""group"": 0, ""room"": 3, ""unknown_a3"": 0, ""position"": [-320.94000244140625, 8.050002098083496, -154.60000610351562], ""angles"": [45056, 18176, 0], ""params"": [1.0, 1.0, 1.0, 2, 0, 0], ""unused_pointer"": 2161500800}"
events-ep2/q232-bb-j,16,29,"{""base_type"": 531, ""set_flags"": 0, ""runtime_index"": 23816, ""file_offset"": 5132, ""floor_field"": 16, ""entity_id_field"": 2633, ""group"": 0, ""room"": 3, ""unknown_a3"": 0, ""position"": [-333.3800048828125, 6.269999980926514, -156.80001831054688], ""angles"": [45056, 45056, 0], ""params"": [1.0, 1.0, 1.0, 2, 0, 0], ""unused_pointer"": 3501253248}"
events-ep2/q239-bb-e,5,4,"{""base_type"": 531, ""set_flags"": 0, ""runtime_index"": 2120, ""file_offset"": 3976, ""floor_field"": 8, ""entity_id_field"": 18683, ""group"": 0, ""room"": 4, ""unknown_a3"": 0, ""position"": [14.720001220703125, 8.0, -132.4100341796875], ""angles"": [0, 20480, 0], ""params"": [1.0, 1.0, 1.0, 0, 0, 0], ""unused_pointer"": 71256080}"
events-ep2/q239-bb-e,6,4,"{""base_type"": 531, ""set_flags"": 0, ""runtime_index"": 2120, ""file_offset"": 4944, ""floor_field"": 8, ""entity_id_field"": 18683, ""group"": 0, ""room"": 4, ""unknown_a3"": 0, ""position"": [14.720001220703125, 8.0, -132.4100341796875], ""angles"": [0, 20480, 0], ""params"": [1.0, 1.0, 1.0, 0, 0, 0], ""unused_pointer"": 71256080}"
events-ep2/q239-bb-e,7,4,"{""base_type"": 531, ""set_flags"": 0, ""runtime_index"": 2120, ""file_offset"": 5912, ""floor_field"": 8, ""entity_id_field"": 18683, ""group"": 0, ""room"": 4, ""unknown_a3"": 0, ""position"": [14.720001220703125, 8.0, -132.4100341796875], ""angles"": [0, 20480, 0], ""params"": [1.0, 1.0, 1.0, 0, 0, 0], ""unused_pointer"": 71256080}"
events-ep2/q239-bb-e,8,4,"{""base_type"": 531, ""set_flags"": 0, ""runtime_index"": 2120, ""file_offset"": 6880, ""floor_field"": 8, ""entity_id_field"": 18683, ""group"": 0, ""room"": 4, ""unknown_a3"": 0, ""position"": [14.720001220703125, 8.0, -132.4100341796875], ""angles"": [0, 20480, 0], ""params"": [1.0, 1.0, 1.0, 0, 0, 0], ""unused_pointer"": 71256080}"
events-ep2/q239-bb-e,16,1,"{""base_type"": 531, ""set_flags"": 0, ""runtime_index"": 2106, ""file_offset"": 7644, ""floor_field"": 16, ""entity_id_field"": 18507, ""group"": 0, ""room"": 7, ""unknown_a3"": 0, ""position"": [353.0556640625, 10.0, -142.37689208984375], ""angles"": [0, 20480, 0], ""params"": [1.0, 1.0, 1.0, 1, 0, 0], ""unused_pointer"": 69941392}"
events-ep2/q239-bb-e,16,2,"{""base_type"": 531, ""set_flags"": 0, ""runtime_index"": 2107, ""file_offset"": 7712, ""floor_field"": 16, ""entity_id_field"": 18508, ""group"": 0, ""room"": 7, ""unknown_a3"": 0, ""position"": [339.8182373046875, 10.0, -124.32518768310547], ""angles"": [0, 28672, 0], ""params"": [1.0, 1.0, 1.0, 0, 0, 0], ""unused_pointer"": 69965744}"
events-ep2/q239-bb-e,16,3,"{""base_type"": 531, ""set_flags"": 0, ""runtime_index"": 2108, ""file_offset"": 7780, ""floor_field"": 16, ""entity_id_field"": 18509, ""group"": 0, ""room"": 7, ""unknown_a3"": 0, ""position"": [335.9853515625, 10.0, -119.16553497314453], ""angles"": [0, 20480, 0], ""params"": [1.0, 1.0, 1.0, 0, 0, 0], ""unused_pointer"": 69965952}"
events-ep2/q239-bb-e,16,7,"{""base_type"": 531, ""set_flags"": 0, ""runtime_index"": 2112, ""file_offset"": 8052, ""floor_field"": 16, ""entity_id_field"": 18513, ""group"": 0, ""room"": 7, ""unknown_a3"": 0, ""position"": [170.8306884765625, -5.599998474121094, 211.20208740234375], ""angles"": [0, 20480, 0], ""params"": [1.0, 1.0, 1.0, 0, 0, 0], ""unused_pointer"": 69968752}"
events-ep2/q239-bb-e,16,8,"{""base_type"": 531, ""set_flags"": 0, ""runtime_index"": 2113, ""file_offset"": 8120, ""floor_field"": 16, ""entity_id_field"": 18514, ""group"": 0, ""room"": 7, ""unknown_a3"": 0, ""position"": [212.36798095703125, -5.599998474121094, 215.97369384765625], ""angles"": [0, 28672, 0], ""params"": [1.0, 1.0, 1.0, 0, 0, 0], ""unused_pointer"": 69968960}"
events-ep2/q239-bb-e,16,9,"{""base_type"": 531, ""set_flags"": 0, ""runtime_index"": 2114, ""file_offset"": 8188, ""floor_field"": 16, ""entity_id_field"": 18515, ""group"": 0, ""room"": 7, ""unknown_a3"": 0, ""position"": [195.54119873046875, -7.381250381469727, 212.18984985351562], ""angles"": [0, 12288, 0], ""params"": [1.0, 1.0, 1.0, 0, 0, 0], ""unused_pointer"": 69969168}"
events-ep2/q239-bb-e,16,10,"{""base_type"": 531, ""set_flags"": 0, ""runtime_index"": 2115, ""file_offset"": 8256, ""floor_field"": 16, ""entity_id_field"": 18516, ""group"": 0, ""room"": 7, ""unknown_a3"": 0, ""position"": [202.80206298828125, -5.600000381469727, 188.20834350585938], ""angles"": [0, 24576, 0], ""params"": [1.0, 1.0, 1.0, 1, 0, 0], ""unused_pointer"": 69969376}"
events-ep2/q239-bb-e,16,11,"{""base_type"": 531, ""set_flags"": 0, ""runtime_index"": 2116, ""file_offset"": 8324, ""floor_field"": 16, ""entity_id_field"": 18517, ""group"": 0, ""room"": 7, ""unknown_a3"": 0, ""position"": [196.7132568359375, -7.850000381469727, 224.26730346679688], ""angles"": [0, 24576, 0], ""params"": [1.0, 1.0, 1.0, 1, 0, 0], ""unused_pointer"": 69969584}"
events-ep2/q239-bb-e,16,12,"{""base_type"": 531, ""set_flags"": 0, ""runtime_index"": 2117, ""file_offset"": 8392, ""floor_field"": 16, ""entity_id_field"": 18518, ""group"": 0, ""room"": 7, ""unknown_a3"": 0, ""position"": [170.9281005859375, -5.600000381469727, 214.584228515625], ""angles"": [0, -4096, 0], ""params"": [1.0, 1.0, 1.0, 1, 0, 0], ""unused_pointer"": 69969792}"
events-ep2/q239-bb-e,16,13,"{""base_type"": 531, ""set_flags"": 0, ""runtime_index"": 2118, ""file_offset"": 8460, ""floor_field"": 16, ""entity_id_field"": 18519, ""group"": 0, ""room"": 7, ""unknown_a3"": 0, ""position"": [201.14849853515625, -10.100000381469727, 196.07476806640625], ""angles"": [0, -4096, 0], ""params"": [1.0, 1.0, 1.0, 1, 0, 0], ""unused_pointer"": 69970000}"
events-ep2/q239-bb-e,16,14,"{""base_type"": 531, ""set_flags"": 0, ""runtime_index"": 2119, ""file_offset"": 8528, ""floor_field"": 16, ""entity_id_field"": 18520, ""group"": 0, ""room"": 7, ""unknown_a3"": 0, ""position"": [222.78631591796875, -3.7996320724487305, 184.35617065429688], ""angles"": [0, -4096, 0], ""params"": [1.0, 1.0, 1.0, 1, 0, 0], ""unused_pointer"": 69970208}"
events-ep2/q239-bb-e,16,15,"{""base_type"": 531, ""set_flags"": 0, ""runtime_index"": 2120, ""file_offset"": 8596, ""floor_field"": 16, ""entity_id_field"": 18521, ""group"": 0, ""room"": 7, ""unknown_a3"": 0, ""position"": [225.654541015625, 2.631622791290283, 201.0985107421875], ""angles"": [0, 16384, 0], ""params"": [1.0, 1.0, 1.0, 0, 0, 0], ""unused_pointer"": 69970416}"
events-ep2/q239-bb-e,16,17,"{""base_type"": 531, ""set_flags"": 0, ""runtime_index"": 2107, ""file_offset"": 8732, ""floor_field"": 16, ""entity_id_field"": 18662, ""group"": 0, ""room"": 7, ""unknown_a3"": 0, ""position"": [193.61004638671875, -4.599999904632568, 199.97000122070312], ""angles"": [0, 22784, 0], ""params"": [1.0, 1.0, 1.0, 0, 0, 0], ""unused_pointer"": 69941168}"
events-ep2/q239-bb-e,16,23,"{""base_type"": 531, ""set_flags"": 0, ""runtime_index"": 2125, ""file_offset"": 9140, ""floor_field"": 16, ""entity_id_field"": 18694, ""group"": 0, ""room"": 11, ""unknown_a3"": 0, ""position"": [12.177490234375, 24.325000762939453, -161.65228271484375], ""angles"": [0, 24576, 0], ""params"": [1.0, 1.0, 1.0, 0, 0, 0], ""unused_pointer"": 71227456}"
events-ep2/q239-bb-e,16,42,"{""base_type"": 531, ""set_flags"": 0, ""runtime_index"": 2108, ""file_offset"": 10432, ""floor_field"": 16, ""entity_id_field"": 18578, ""group"": 0, ""room"": 13, ""unknown_a3"": 0, ""position"": [67.1041259765625, 40.03499984741211, -65.61531066894531], ""angles"": [0, 24576, 0], ""params"": [1.0, 1.0, 1.0, 0, 0, 0], ""unused_pointer"": 71216400}"
events-ep2/q239-bb-e,16,43,"{""base_type"": 531, ""set_flags"": 0, ""runtime_index"": 2109, ""file_offset"": 10500, ""floor_field"": 16, ""entity_id_field"": 18580, ""group"": 0, ""room"": 13, ""unknown_a3"": 0, ""position"": [5.9801025390625, 26.479999542236328, -60.31999206542969], ""angles"": [0, 40960, 0], ""params"": [1.0, 1.0, 1.0, 1, 0, 0], ""unused_pointer"": 71213856}"
events-ep2/q239-bb-j,5,4,"{""base_type"": 531, ""set_flags"": 0, ""runtime_index"": 2120, ""file_offset"": 3976, ""floor_field"": 8, ""entity_id_field"": 18683, ""group"": 0, ""room"": 4, ""unknown_a3"": 0, ""position"": [14.720001220703125, 8.0, -132.4100341796875], ""angles"": [0, 20480, 0], ""params"": [1.0, 1.0, 1.0, 0, 0, 0], ""unused_pointer"": 71256080}"
events-ep2/q239-bb-j,6,4,"{""base_type"": 531, ""set_flags"": 0, ""runtime_index"": 2120, ""file_offset"": 4944, ""floor_field"": 8, ""entity_id_field"": 18683, ""group"": 0, ""room"": 4, ""unknown_a3"": 0, ""position"": [14.720001220703125, 8.0, -132.4100341796875], ""angles"": [0, 20480, 0], ""params"": [1.0, 1.0, 1.0, 0, 0, 0], ""unused_pointer"": 71256080}"
events-ep2/q239-bb-j,7,4,"{""base_type"": 531, ""set_flags"": 0, ""runtime_index"": 2120, ""file_offset"": 5912, ""floor_field"": 8, ""entity_id_field"": 18683, ""group"": 0, ""room"": 4, ""unknown_a3"": 0, ""position"": [14.720001220703125, 8.0, -132.4100341796875], ""angles"": [0, 20480, 0], ""params"": [1.0, 1.0, 1.0, 0, 0, 0], ""unused_pointer"": 71256080}"
events-ep2/q239-bb-j,8,4,"{""base_type"": 531, ""set_flags"": 0, ""runtime_index"": 2120, ""file_offset"": 6880, ""floor_field"": 8, ""entity_id_field"": 18683, ""group"": 0, ""room"": 4, ""unknown_a3"": 0, ""position"": [14.720001220703125, 8.0, -132.4100341796875], ""angles"": [0, 20480, 0], ""params"": [1.0, 1.0, 1.0, 0, 0, 0], ""unused_pointer"": 71256080}"
events-ep2/q239-bb-j,16,1,"{""base_type"": 531, ""set_flags"": 0, ""runtime_index"": 2106, ""file_offset"": 7644, ""floor_field"": 16, ""entity_id_field"": 18507, ""group"": 0, ""room"": 7, ""unknown_a3"": 0, ""position"": [353.0556640625, 10.0, -142.37689208984375], ""angles"": [0, 20480, 0], ""params"": [1.0, 1.0, 1.0, 1, 0, 0], ""unused_pointer"": 69941392}"
events-ep2/q239-bb-j,16,2,"{""base_type"": 531, ""set_flags"": 0, ""runtime_index"": 2107, ""file_offset"": 7712, ""floor_field"": 16, ""entity_id_field"": 18508, ""group"": 0, ""room"": 7, ""unknown_a3"": 0, ""position"": [339.8182373046875, 10.0, -124.32518768310547], ""angles"": [0, 28672, 0], ""params"": [1.0, 1.0, 1.0, 0, 0, 0], ""unused_pointer"": 69965744}"
events-ep2/q239-bb-j,16,3,"{""base_type"": 531, ""set_flags"": 0, ""runtime_index"": 2108, ""file_offset"": 7780, ""floor_field"": 16, ""entity_id_field"": 18509, ""group"": 0, ""room"": 7, ""unknown_a3"": 0, ""position"": [335.9853515625, 10.0, -119.16553497314453], ""angles"": [0, 20480, 0], ""params"": [1.0, 1.0, 1.0, 0, 0, 0], ""unused_pointer"": 69965952}"
events-ep2/q239-bb-j,16,7,"{""base_type"": 531, ""set_flags"": 0, ""runtime_index"": 2112, ""file_offset"": 8052, ""floor_field"": 16, ""entity_id_field"": 18513, ""group"": 0, ""room"": 7, ""unknown_a3"": 0, ""position"": [170.8306884765625, -5.599998474121094, 211.20208740234375], ""angles"": [0, 20480, 0], ""params"": [1.0, 1.0, 1.0, 0, 0, 0], ""unused_pointer"": 69968752}"
events-ep2/q239-bb-j,16,8,"{""base_type"": 531, ""set_flags"": 0, ""runtime_index"": 2113, ""file_offset"": 8120, ""floor_field"": 16, ""entity_id_field"": 18514, ""group"": 0, ""room"": 7, ""unknown_a3"": 0, ""position"": [212.36798095703125, -5.599998474121094, 215.97369384765625], ""angles"": [0, 28672, 0], ""params"": [1.0, 1.0, 1.0, 0, 0, 0], ""unused_pointer"": 69968960}"
events-ep2/q239-bb-j,16,9,"{""base_type"": 531, ""set_flags"": 0, ""runtime_index"": 2114, ""file_offset"": 8188, ""floor_field"": 16, ""entity_id_field"": 18515, ""group"": 0, ""room"": 7, ""unknown_a3"": 0, ""position"": [195.54119873046875, -7.381250381469727, 212.18984985351562], ""angles"": [0, 12288, 0], ""params"": [1.0, 1.0, 1.0, 0, 0, 0], ""unused_pointer"": 69969168}"
events-ep2/q239-bb-j,16,10,"{""base_type"": 531, ""set_flags"": 0, ""runtime_index"": 2115, ""file_offset"": 8256, ""floor_field"": 16, ""entity_id_field"": 18516, ""group"": 0, ""room"": 7, ""unknown_a3"": 0, ""position"": [202.80206298828125, -5.600000381469727, 188.20834350585938], ""angles"": [0, 24576, 0], ""params"": [1.0, 1.0, 1.0, 1, 0, 0], ""unused_pointer"": 69969376}"
events-ep2/q239-bb-j,16,11,"{""base_type"": 531, ""set_flags"": 0, ""runtime_index"": 2116, ""file_offset"": 8324, ""floor_field"": 16, ""entity_id_field"": 18517, ""group"": 0, ""room"": 7, ""unknown_a3"": 0, ""position"": [196.7132568359375, -7.850000381469727, 224.26730346679688], ""angles"": [0, 24576, 0], ""params"": [1.0, 1.0, 1.0, 1, 0, 0], ""unused_pointer"": 69969584}"
events-ep2/q239-bb-j,16,12,"{""base_type"": 531, ""set_flags"": 0, ""runtime_index"": 2117, ""file_offset"": 8392, ""floor_field"": 16, ""entity_id_field"": 18518, ""group"": 0, ""room"": 7, ""unknown_a3"": 0, ""position"": [170.9281005859375, -5.600000381469727, 214.584228515625], ""angles"": [0, -4096, 0], ""params"": [1.0, 1.0, 1.0, 1, 0, 0], ""unused_pointer"": 69969792}"
events-ep2/q239-bb-j,16,13,"{""base_type"": 531, ""set_flags"": 0, ""runtime_index"": 2118, ""file_offset"": 8460, ""floor_field"": 16, ""entity_id_field"": 18519, ""group"": 0, ""room"": 7, ""unknown_a3"": 0, ""position"": [201.14849853515625, -10.100000381469727, 196.07476806640625], ""angles"": [0, -4096, 0], ""params"": [1.0, 1.0, 1.0, 1, 0, 0], ""unused_pointer"": 69970000}"
events-ep2/q239-bb-j,16,14,"{""base_type"": 531, ""set_flags"": 0, ""runtime_index"": 2119, ""file_offset"": 8528, ""floor_field"": 16, ""entity_id_field"": 18520, ""group"": 0, ""room"": 7, ""unknown_a3"": 0, ""position"": [222.78631591796875, -3.7996320724487305, 184.35617065429688], ""angles"": [0, -4096, 0], ""params"": [1.0, 1.0, 1.0, 1, 0, 0], ""unused_pointer"": 69970208}"
events-ep2/q239-bb-j,16,15,"{""base_type"": 531, ""set_flags"": 0, ""runtime_index"": 2120, ""file_offset"": 8596, ""floor_field"": 16, ""entity_id_field"": 18521, ""group"": 0, ""room"": 7, ""unknown_a3"": 0, ""position"": [225.654541015625, 2.631622791290283, 201.0985107421875], ""angles"": [0, 16384, 0], ""params"": [1.0, 1.0, 1.0, 0, 0, 0], ""unused_pointer"": 69970416}"
events-ep2/q239-bb-j,16,17,"{""base_type"": 531, ""set_flags"": 0, ""runtime_index"": 2107, ""file_offset"": 8732, ""floor_field"": 16, ""entity_id_field"": 18662, ""group"": 0, ""room"": 7, ""unknown_a3"": 0, ""position"": [193.61004638671875, -4.599999904632568, 199.97000122070312], ""angles"": [0, 22784, 0], ""params"": [1.0, 1.0, 1.0, 0, 0, 0], ""unused_pointer"": 69941168}"
events-ep2/q239-bb-j,16,23,"{""base_type"": 531, ""set_flags"": 0, ""runtime_index"": 2125, ""file_offset"": 9140, ""floor_field"": 16, ""entity_id_field"": 18694, ""group"": 0, ""room"": 11, ""unknown_a3"": 0, ""position"": [12.177490234375, 24.325000762939453, -161.65228271484375], ""angles"": [0, 24576, 0], ""params"": [1.0, 1.0, 1.0, 0, 0, 0], ""unused_pointer"": 71227456}"
events-ep2/q239-bb-j,16,42,"{""base_type"": 531, ""set_flags"": 0, ""runtime_index"": 2108, ""file_offset"": 10432, ""floor_field"": 16, ""entity_id_field"": 18578, ""group"": 0, ""room"": 13, ""unknown_a3"": 0, ""position"": [67.1041259765625, 40.03499984741211, -65.61531066894531], ""angles"": [0, 24576, 0], ""params"": [1.0, 1.0, 1.0, 0, 0, 0], ""unused_pointer"": 71216400}"
events-ep2/q239-bb-j,16,43,"{""base_type"": 531, ""set_flags"": 0, ""runtime_index"": 2109, ""file_offset"": 10500, ""floor_field"": 16, ""entity_id_field"": 18580, ""group"": 0, ""room"": 13, ""unknown_a3"": 0, ""position"": [5.9801025390625, 26.479999542236328, -60.31999206542969], ""angles"": [0, 40960, 0], ""params"": [1.0, 1.0, 1.0, 1, 0, 0], ""unused_pointer"": 71213856}"
events-ep2/q513-bb-e,9,88,"{""base_type"": 531, ""set_flags"": 531, ""runtime_index"": 531, ""file_offset"": 26772, ""floor_field"": 0, ""entity_id_field"": 0, ""group"": 0, ""room"": 3, ""unknown_a3"": 0, ""position"": [-266.0, 9.0, -232.81979370117188], ""angles"": [0, 24576, 0], ""params"": [1.0, 1.0, 1.0, 1, 0, 0], ""unused_pointer"": 0}"
events-ep2/q513-bb-e,9,103,"{""base_type"": 531, ""set_flags"": 531, ""runtime_index"": 531, ""file_offset"": 27792, ""floor_field"": 0, ""entity_id_field"": 0, ""group"": 0, ""room"": 4, ""unknown_a3"": 0, ""position"": [-180.42820739746094, -6.0, 208.60350036621094], ""angles"": [0, 0, 0], ""params"": [1.0, 1.0, 1.0, 1, 0, 0], ""unused_pointer"": 0}"
events-ep2/q513-bb-e,9,104,"{""base_type"": 531, ""set_flags"": 0, ""runtime_index"": 24072, ""file_offset"": 27860, ""floor_field"": 16, ""entity_id_field"": 0, ""group"": 0, ""room"": 3, ""unknown_a3"": 0, ""position"": [-330.0483093261719, 6.0, -146.4447021484375], ""angles"": [45056, 61440, 0], ""params"": [1.0, 1.0, 1.0, 2, 0, 0], ""unused_pointer"": 0}"
events-ep2/q513-bb-e,9,105,"{""base_type"": 531, ""set_flags"": 531, ""runtime_index"": 531, ""file_offset"": 27928, ""floor_field"": 0, ""entity_id_field"": 0, ""group"": 0, ""room"": 3, ""unknown_a3"": 0, ""position"": [-320.94000244140625, 8.0, -154.60000610351562], ""angles"": [0, 18176, 0], ""params"": [1.0, 1.0, 1.0, 1, 0, 0], ""unused_pointer"": 0}"
events-ep2/q513-bb-e,9,106,"{""base_type"": 531, ""set_flags"": 0, ""runtime_index"": 23816, ""file_offset"": 27996, ""floor_field"": 16, ""entity_id_field"": 0, ""group"": 0, ""room"": 3, ""unknown_a3"": 0, ""position"": [-333.3800048828125, 6.0, -156.8000030517578], ""angles"": [45056, 45056, 0], ""params"": [1.0, 1.0, 1.0, 2, 0, 0], ""unused_pointer"": 0}"
events-ep2/q513-bb-e,9,118,"{""base_type"": 531, ""set_flags"": 531, ""runtime_index"": 531, ""file_offset"": 28812, ""floor_field"": 0, ""entity_id_field"": 0, ""group"": 0, ""room"": 1, ""unknown_a3"": 0, ""position"": [-15.761055946350098, 10.0, -33.350799560546875], ""angles"": [0, 10216, 0], ""params"": [1.0, 1.0, 1.0, 1, 0, 0], ""unused_pointer"": 0}"
events-ep2/q513-bb-e,16,109,"{""base_type"": 531, ""set_flags"": 531, ""runtime_index"": 531, ""file_offset"": 41356, ""floor_field"": 0, ""entity_id_field"": 0, ""group"": 0, ""room"": 3, ""unknown_a3"": 0, ""position"": [-266.0, 9.0, -232.81979370117188], ""angles"": [0, 24576, 0], ""params"": [1.0, 1.0, 1.0, 1, 0, 0], ""unused_pointer"": 0}"
events-ep2/q513-bb-e,16,112,"{""base_type"": 531, ""set_flags"": 0, ""runtime_index"": 0, ""file_offset"": 41560, ""floor_field"": 0, ""entity_id_field"": 0, ""group"": 0, ""room"": 3, ""unknown_a3"": 0, ""position"": [-330.0483093261719, 6.0, -146.4447021484375], ""angles"": [45056, 61440, 0], ""params"": [1.0, 1.0, 1.0, 2, 0, 0], ""unused_pointer"": 0}"
events-ep2/q513-bb-e,16,113,"{""base_type"": 531, ""set_flags"": 531, ""runtime_index"": 531, ""file_offset"": 41628, ""floor_field"": 0, ""entity_id_field"": 0, ""group"": 0, ""room"": 3, ""unknown_a3"": 0, ""position"": [-320.94000244140625, 8.0, -154.60000610351562], ""angles"": [0, 18176, 0], ""params"": [1.0, 1.0, 1.0, 1, 0, 0], ""unused_pointer"": 0}"
events-ep2/q513-bb-e,16,114,"{""base_type"": 531, ""set_flags"": 0, ""runtime_index"": 0, ""file_offset"": 41696, ""floor_field"": 0, ""entity_id_field"": 0, ""group"": 0, ""room"": 3, ""unknown_a3"": 0, ""position"": [-333.3800048828125, 6.0, -156.8000030517578], ""angles"": [45056, 45056, 0], ""params"": [1.0, 1.0, 1.0, 0, 0, 0], ""unused_pointer"": 0}"
events-ep2/q513-bb-e,16,163,"{""base_type"": 531, ""set_flags"": 531, ""runtime_index"": 531, ""file_offset"": 45028, ""floor_field"": 0, ""entity_id_field"": 0, ""group"": 0, ""room"": 2, ""unknown_a3"": 0, ""position"": [-187.67822265625, 10.0, 12.987075805664062], ""angles"": [45056, 10216, 0], ""params"": [1.0, 1.0, 1.0, 1, 0, 0], ""unused_pointer"": 0}"
extermination-ep2/q233-bb-e,6,14,"{""base_type"": 531, ""set_flags"": 0, ""runtime_index"": 2110, ""file_offset"": 3976, ""floor_field"": 6, ""entity_id_field"": 18554, ""group"": 0, ""room"": 3, ""unknown_a3"": 0, ""position"": [107.09243774414062, 6.600000381469727, -86.84234619140625], ""angles"": [0, 0, 0], ""params"": [1.0, 1.0, 1.0, 1, 0, 0], ""unused_pointer"": 71214144}"
extermination-ep2/q233-bb-e,6,20,"{""base_type"": 531, ""set_flags"": 0, ""runtime_index"": 2120, ""file_offset"": 4384, ""floor_field"": 6, ""entity_id_field"": 18560, ""group"": 0, ""room"": 3, ""unknown_a3"": 0, ""position"": [-25.220001220703125, 0.0, 139.96466064453125], ""angles"": [0, 4096, 0], ""params"": [1.0, 1.0, 1.0, 0, 0, 0], ""unused_pointer"": 71218784}"
extermination-ep2/q233-bb-e,6,21,"{""base_type"": 531, ""set_flags"": 0, ""runtime_index"": 2121, ""file_offset"": 4452, ""floor_field"": 6, ""entity_id_field"": 18561, ""group"": 0, ""room"": 3, ""unknown_a3"": 0, ""position"": [-28.02191162109375, 5.325000286102295, 153.66551208496094], ""angles"": [0, 8192, 0], ""params"": [1.0, 1.0, 1.0, 1, 0, 0], ""unused_pointer"": 71219488}"
extermination-ep2/q233-bb-e,6,27,"{""base_type"": 531, ""set_flags"": 0, ""runtime_index"": 2109, ""file_offset"": 4860, ""floor_field"": 6, ""entity_id_field"": 18568, ""group"": 0, ""room"": 3, ""unknown_a3"": 0, ""position"": [202.96807861328125, 0.0, -152.06219482421875], ""angles"": [0, 8192, 0], ""params"": [1.0, 1.0, 1.0, 0, 0, 0], ""unused_pointer"": 71230496}"
extermination-ep2/q233-bb-e,6,28,"{""base_type"": 531, ""set_flags"": 0, ""runtime_index"": 2110, ""file_offset"": 4928, ""floor_field"": 6, ""entity_id_field"": 18569, ""group"": 0, ""room"": 3, ""unknown_a3"": 0, ""position"": [203.43511962890625, -4.5, -161.11175537109375], ""angles"": [0, 0, 0], ""params"": [1.0, 1.0, 1.0, 1, 0, 0], ""unused_pointer"": 71230704}"
extermination-ep2/q233-bb-e,6,64,"{""base_type"": 531, ""set_flags"": 0, ""runtime_index"": 2114, ""file_offset"": 7376, ""floor_field"": 6, ""entity_id_field"": 19131, ""group"": 0, ""room"": 11, ""unknown_a3"": 0, ""position"": [102.92044067382812, 0.0, 168.03831481933594], ""angles"": [0, 45056, 0], ""params"": [1.0, 1.0, 1.0, 0, 0, 0], ""unused_pointer"": 71379232}"
extermination-ep2/q233-bb-e,6,65,"{""base_type"": 531, ""set_flags"": 0, ""runtime_index"": 2116, ""file_offset"": 7444, ""floor_field"": 6, ""entity_id_field"": 19132, ""group"": 0, ""room"": 11, ""unknown_a3"": 0, ""position"": [136.067626953125, 16.662500381469727, 159.11000061035156], ""angles"": [0, 0, 0], ""params"": [1.0, 1.0, 1.0, 1, 0, 0], ""unused_pointer"": 71379440}"
extermination-ep2/q233-bb-e,6,76,"{""base_type"": 531, ""set_flags"": 0, ""runtime_index"": 2122, ""file_offset"": 8192, ""floor_field"": 6, ""entity_id_field"": 19370, ""group"": 0, ""room"": 12, ""unknown_a3"": 0, ""position"": [-49.308433532714844, -34.617332458496094, -3.380035400390625], ""angles"": [0, 28672, 0], ""params"": [1.0, 1.0, 1.0, 1, 0, 0], ""unused_pointer"": 71233424}"
extermination-ep2/q233-bb-e,9,97,"{""base_type"": 531, ""set_flags"": 0, ""runtime_index"": 2091, ""file_offset"": 18204, ""floor_field"": 9, ""entity_id_field"": 18923, ""group"": 0, ""room"": 7, ""unknown_a3"": 0, ""position"": [75.029541015625, -4.0519609451293945, -2.7576446533203125], ""angles"": [0, 49152, -16384], ""params"": [1.0, 1.0, 1.0, 1, 0, 0], ""unused_pointer"": 206382080}"
extermination-ep2/q233-bb-e,9,100,"{""base_type"": 531, ""set_flags"": 0, ""runtime_index"": 2110, ""file_offset"": 18408, ""floor_field"": 9, ""entity_id_field"": 18926, ""group"": 0, ""room"": 7, ""unknown_a3"": 0, ""position"": [37.67724609375, -12.537500381469727, 178.72113037109375], ""angles"": [69632, 49152, 36864], ""params"": [1.0, 1.0, 1.0, 1, 0, 0], ""unused_pointer"": 206384016}"
extermination-ep2/q233-bb-e,9,160,"{""base_type"": 531, ""set_flags"": 0, ""runtime_index"": 2105, ""file_offset"": 22488, ""floor_field"": 9, ""entity_id_field"": 19386, ""group"": 0, ""room"": 9, ""unknown_a3"": 0, ""position"": [60.1199951171875, 13.359999656677246, 61.0], ""angles"": [0, 20480, 24576], ""params"": [1.0, 1.0, 1.0, 1, 0, 0], ""unused_pointer"": 70961712}"
extermination-ep2/q233-bb-e,9,161,"{""base_type"": 531, ""set_flags"": 0, ""runtime_index"": 2108, ""file_offset"": 22556, ""floor_field"": 9, ""entity_id_field"": 19387, ""group"": 0, ""room"": 9, ""unknown_a3"": 0, ""position"": [-163.510009765625, 10.0, 53.230010986328125], ""angles"": [-31488, 12288, -45056], ""params"": [1.0, 1.0, 1.0, 1, 0, 0], ""unused_pointer"": 70961920}"
extermination-ep2/q233-bb-e,9,171,"{""base_type"": 531, ""set_flags"": 0, ""runtime_index"": 2077, ""file_offset"": 23236, ""floor_field"": 9, ""entity_id_field"": 19399, ""group"": 0, ""room"": 9, ""unknown_a3"": 0, ""position"": [-134.5545654296875, 15.575000762939453, 30.752899169921875], ""angles"": [32768, 20480, 57344], ""params"": [1.0, 1.0, 1.0, 0, 0, 0], ""unused_pointer"": 70964320}"
extermination-ep2/q233-bb-e,9,174,"{""base_type"": 531, ""set_flags"": 0, ""runtime_index"": 2087, ""file_offset"": 23440, ""floor_field"": 9, ""entity_id_field"": 19402, ""group"": 0, ""room"": 9, ""unknown_a3"": 0, ""position"": [77.3106689453125, 10.0, 29.288299560546875], ""angles"": [0, 20480, 16384], ""params"": [1.0, 1.0, 1.0, 1, 0, 0], ""unused_pointer"": 70965568}"
extermination-ep2/q233-bb-j,6,14,"{""base_type"": 531, ""set_flags"": 0, ""runtime_index"": 2110, ""file_offset"": 3976, ""floor_field"": 6, ""entity_id_field"": 18554, ""group"": 0, ""room"": 3, ""unknown_a3"": 0, ""position"": [107.09243774414062, 6.600000381469727, -86.84234619140625], ""angles"": [0, 0, 0], ""params"": [1.0, 1.0, 1.0, 1, 0, 0], ""unused_pointer"": 71214144}"
extermination-ep2/q233-bb-j,6,20,"{""base_type"": 531, ""set_flags"": 0, ""runtime_index"": 2120, ""file_offset"": 4384, ""floor_field"": 6, ""entity_id_field"": 18560, ""group"": 0, ""room"": 3, ""unknown_a3"": 0, ""position"": [-25.220001220703125, 0.0, 139.96466064453125], ""angles"": [0, 4096, 0], ""params"": [1.0, 1.0, 1.0, 0, 0, 0], ""unused_pointer"": 71218784}"
extermination-ep2/q233-bb-j,6,21,"{""base_type"": 531, ""set_flags"": 0, ""runtime_index"": 2121, ""file_offset"": 4452, ""floor_field"": 6, ""entity_id_field"": 18561, ""group"": 0, ""room"": 3, ""unknown_a3"": 0, ""position"": [-28.02191162109375, 5.325000286102295, 153.66551208496094], ""angles"": [0, 8192, 0], ""params"": [1.0, 1.0, 1.0, 1, 0, 0], ""unused_pointer"": 71219488}"
extermination-ep2/q233-bb-j,6,27,"{""base_type"": 531, ""set_flags"": 0, ""runtime_index"": 2109, ""file_offset"": 4860, ""floor_field"": 6, ""entity_id_field"": 18568, ""group"": 0, ""room"": 3, ""unknown_a3"": 0, ""position"": [202.96807861328125, 0.0, -152.06219482421875], ""angles"": [0, 8192, 0], ""params"": [1.0, 1.0, 1.0, 0, 0, 0], ""unused_pointer"": 71230496}"
extermination-ep2/q233-bb-j,6,28,"{""base_type"": 531, ""set_flags"": 0, ""runtime_index"": 2110, ""file_offset"": 4928, ""floor_field"": 6, ""entity_id_field"": 18569, ""group"": 0, ""room"": 3, ""unknown_a3"": 0, ""position"": [203.43511962890625, -4.5, -161.11175537109375], ""angles"": [0, 0, 0], ""params"": [1.0, 1.0, 1.0, 1, 0, 0], ""unused_pointer"": 71230704}"
extermination-ep2/q233-bb-j,6,64,"{""base_type"": 531, ""set_flags"": 0, ""runtime_index"": 2114, ""file_offset"": 7376, ""floor_field"": 6, ""entity_id_field"": 19131, ""group"": 0, ""room"": 11, ""unknown_a3"": 0, ""position"": [102.92044067382812, 0.0, 168.03831481933594], ""angles"": [0, 45056, 0], ""params"": [1.0, 1.0, 1.0, 0, 0, 0], ""unused_pointer"": 71379232}"
extermination-ep2/q233-bb-j,6,65,"{""base_type"": 531, ""set_flags"": 0, ""runtime_index"": 2116, ""file_offset"": 7444, ""floor_field"": 6, ""entity_id_field"": 19132, ""group"": 0, ""room"": 11, ""unknown_a3"": 0, ""position"": [136.067626953125, 16.662500381469727, 159.11000061035156], ""angles"": [0, 0, 0], ""params"": [1.0, 1.0, 1.0, 1, 0, 0], ""unused_pointer"": 71379440}"
extermination-ep2/q233-bb-j,6,76,"{""base_type"": 531, ""set_flags"": 0, ""runtime_index"": 2122, ""file_offset"": 8192, ""floor_field"": 6, ""entity_id_field"": 19370, ""group"": 0, ""room"": 12, ""unknown_a3"": 0, ""position"": [-49.308433532714844, -34.617332458496094, -3.380035400390625], ""angles"": [0, 28672, 0], ""params"": [1.0, 1.0, 1.0, 1, 0, 0], ""unused_pointer"": 71233424}"
extermination-ep2/q233-bb-j,9,97,"{""base_type"": 531, ""set_flags"": 0, ""runtime_index"": 2091, ""file_offset"": 18204, ""floor_field"": 9, ""entity_id_field"": 18923, ""group"": 0, ""room"": 7, ""unknown_a3"": 0, ""position"": [75.029541015625, -4.0519609451293945, -2.7576446533203125], ""angles"": [0, 49152, -16384], ""params"": [1.0, 1.0, 1.0, 1, 0, 0], ""unused_pointer"": 206382080}"
extermination-ep2/q233-bb-j,9,100,"{""base_type"": 531, ""set_flags"": 0, ""runtime_index"": 2110, ""file_offset"": 18408, ""floor_field"": 9, ""entity_id_field"": 18926, ""group"": 0, ""room"": 7, ""unknown_a3"": 0, ""position"": [37.67724609375, -12.537500381469727, 178.72113037109375], ""angles"": [69632, 49152, 36864], ""params"": [1.0, 1.0, 1.0, 1, 0, 0], ""unused_pointer"": 206384016}"
extermination-ep2/q233-bb-j,9,160,"{""base_type"": 531, ""set_flags"": 0, ""runtime_index"": 2105, ""file_offset"": 22488, ""floor_field"": 9, ""entity_id_field"": 19386, ""group"": 0, ""room"": 9, ""unknown_a3"": 0, ""position"": [60.1199951171875, 13.359999656677246, 61.0], ""angles"": [0, 20480, 24576], ""params"": [1.0, 1.0, 1.0, 1, 0, 0], ""unused_pointer"": 70961712}"
extermination-ep2/q233-bb-j,9,161,"{""base_type"": 531, ""set_flags"": 0, ""runtime_index"": 2108, ""file_offset"": 22556, ""floor_field"": 9, ""entity_id_field"": 19387, ""group"": 0, ""room"": 9, ""unknown_a3"": 0, ""position"": [-163.510009765625, 10.0, 53.230010986328125], ""angles"": [-31488, 12288, -45056], ""params"": [1.0, 1.0, 1.0, 1, 0, 0], ""unused_pointer"": 70961920}"
extermination-ep2/q233-bb-j,9,171,"{""base_type"": 531, ""set_flags"": 0, ""runtime_index"": 2077, ""file_offset"": 23236, ""floor_field"": 9, ""entity_id_field"": 19399, ""group"": 0, ""room"": 9, ""unknown_a3"": 0, ""position"": [-134.5545654296875, 15.575000762939453, 30.752899169921875], ""angles"": [32768, 20480, 57344], ""params"": [1.0, 1.0, 1.0, 0, 0, 0], ""unused_pointer"": 70964320}"
extermination-ep2/q233-bb-j,9,174,"{""base_type"": 531, ""set_flags"": 0, ""runtime_index"": 2087, ""file_offset"": 23440, ""floor_field"": 9, ""entity_id_field"": 19402, ""group"": 0, ""room"": 9, ""unknown_a3"": 0, ""position"": [77.3106689453125, 10.0, 29.288299560546875], ""angles"": [0, 20480, 16384], ""params"": [1.0, 1.0, 1.0, 1, 0, 0], ""unused_pointer"": 70965568}"
extermination-ep2/q280-bb-e,9,33,"{""base_type"": 531, ""set_flags"": 2, ""runtime_index"": 105, ""file_offset"": 25172, ""floor_field"": 9, ""entity_id_field"": 18916, ""group"": 0, ""room"": 3, ""unknown_a3"": 0, ""position"": [-160.0, 4.0, -55.0], ""angles"": [45056, 0, 0], ""params"": [1.0, 1.0, 1.0, 2, 0, 0], ""unused_pointer"": 77527040}"
extermination-ep2/q280-bb-e,9,35,"{""base_type"": 531, ""set_flags"": 2, ""runtime_index"": 107, ""file_offset"": 25308, ""floor_field"": 9, ""entity_id_field"": 18918, ""group"": 0, ""room"": 3, ""unknown_a3"": 0, ""position"": [-455.0, -7.0, -45.0], ""angles"": [24576, 0, 36864], ""params"": [1.0, 1.0, 1.0, 1, 0, 0], ""unused_pointer"": 77528080}"
extermination-ep2/q280-bb-e,9,36,"{""base_type"": 531, ""set_flags"": 2, ""runtime_index"": 108, ""file_offset"": 25376, ""floor_field"": 9, ""entity_id_field"": 18919, ""group"": 0, ""room"": 3, ""unknown_a3"": 0, ""position"": [-1060.0, -2.0, -210.0], ""angles"": [49152, 0, 8192], ""params"": [1.0, 1.0, 1.0, 2, 0, 0], ""unused_pointer"": 77528288}"
extermination-ep2/q280-bb-e,9,49,"{""base_type"": 531, ""set_flags"": 2, ""runtime_index"": 121, ""file_offset"": 26260, ""floor_field"": 9, ""entity_id_field"": 18932, ""group"": 0, ""room"": 3, ""unknown_a3"": 0, ""position"": [-155.0, -1.8499999046325684, -51.0], ""angles"": [32768, 45056, 36864], ""params"": [1.0, 1.0, 1.0, 2, 0, 0], ""unused_pointer"": 77536928}"
extermination-ep2/q280-bb-e,9,94,"{""base_type"": 531, ""set_flags"": 2, ""runtime_index"": 177, ""file_offset"": 29320, ""floor_field"": 9, ""entity_id_field"": 18988, ""group"": 0, ""room"": 13, ""unknown_a3"": 0, ""position"": [50.0, 10.0, 30.0], ""angles"": [12288, 1024, 0], ""params"": [1.0, 1.0, 1.0, 0, 0, 0], ""unused_pointer"": 77581712}"
government-ep2/q463-bb-e,9,55,"{""base_type"": 531, ""set_flags"": 512, ""runtime_index"": 22533, ""file_offset"": 21808, ""floor_field"": 9, ""entity_id_field"": 35657, ""group"": 0, ""room"": 3, ""unknown_a3"": 0, ""position"": [-160.0, 4.0, -55.0], ""angles"": [45056, 0, 0], ""params"": [1.0, 1.0, 1.0, 2, 0, 0], ""unused_pointer"": 281010560}"
government-ep2/q463-bb-e,9,57,"{""base_type"": 531, ""set_flags"": 0, ""runtime_index"": 21768, ""file_offset"": 21944, ""floor_field"": 9, ""entity_id_field"": 36169, ""group"": 0, ""room"": 3, ""unknown_a3"": 0, ""position"": [-455.0, -7.0, -45.0], ""angles"": [24576, 0, 36864], ""params"": [1.0, 1.0, 1.0, 1, 0, 0], ""unused_pointer"": 549773696}"
government-ep2/q463-bb-e,9,58,"{""base_type"": 531, ""set_flags"": 512, ""runtime_index"": 23557, ""file_offset"": 22012, ""floor_field"": 9, ""entity_id_field"": 36425, ""group"": 0, ""room"": 3, ""unknown_a3"": 0, ""position"": [-1060.0, -2.0, -210.0], ""angles"": [49152, 0, 8192], ""params"": [1.0, 1.0, 1.0, 2, 0, 0], ""unused_pointer"": 1892016512}"
government-ep2/q463-bb-e,9,71,"{""base_type"": 531, ""set_flags"": 512, ""runtime_index"": 26885, ""file_offset"": 22896, ""floor_field"": 9, ""entity_id_field"": 39753, ""group"": 0, ""room"": 3, ""unknown_a3"": 0, ""position"": [-155.0, -1.8499999046325684, -51.0], ""angles"": [32768, 45056, 36864], ""params"": [1.0, 1.0, 1.0, 2, 0, 0], ""unused_pointer"": 820830592}"
government-ep2/q463-bb-e,9,127,"{""base_type"": 531, ""set_flags"": 0, ""runtime_index"": 12296, ""file_offset"": 26704, ""floor_field"": 9, ""entity_id_field"": 25672, ""group"": 0, ""room"": 13, ""unknown_a3"": 0, ""position"": [71.966796875, 10.0, 13.007720947265625], ""angles"": [12288, 13312, 0], ""params"": [1.0, 1.0, 1.0, 0, 0, 0], ""unused_pointer"": 1624957568}"
government-ep2/q463-bb-j,9,55,"{""base_type"": 531, ""set_flags"": 512, ""runtime_index"": 22533, ""file_offset"": 21808, ""floor_field"": 9, ""entity_id_field"": 35657, ""group"": 0, ""room"": 3, ""unknown_a3"": 0, ""position"": [-160.0, 4.0, -55.0], ""angles"": [45056, 0, 0], ""params"": [1.0, 1.0, 1.0, 2, 0, 0], ""unused_pointer"": 281010560}"
government-ep2/q463-bb-j,9,57,"{""base_type"": 531, ""set_flags"": 0, ""runtime_index"": 21768, ""file_offset"": 21944, ""floor_field"": 9, ""entity_id_field"": 36169, ""group"": 0, ""room"": 3, ""unknown_a3"": 0, ""position"": [-455.0, -7.0, -45.0], ""angles"": [24576, 0, 36864], ""params"": [1.0, 1.0, 1.0, 1, 0, 0], ""unused_pointer"": 549773696}"
government-ep2/q463-bb-j,9,58,"{""base_type"": 531, ""set_flags"": 512, ""runtime_index"": 23557, ""file_offset"": 22012, ""floor_field"": 9, ""entity_id_field"": 36425, ""group"": 0, ""room"": 3, ""unknown_a3"": 0, ""position"": [-1060.0, -2.0, -210.0], ""angles"": [49152, 0, 8192], ""params"": [1.0, 1.0, 1.0, 2, 0, 0], ""unused_pointer"": 1892016512}"
government-ep2/q463-bb-j,9,71,"{""base_type"": 531, ""set_flags"": 512, ""runtime_index"": 26885, ""file_offset"": 22896, ""floor_field"": 9, ""entity_id_field"": 39753, ""group"": 0, ""room"": 3, ""unknown_a3"": 0, ""position"": [-155.0, -1.8499999046325684, -51.0], ""angles"": [32768, 45056, 36864], ""params"": [1.0, 1.0, 1.0, 2, 0, 0], ""unused_pointer"": 820830592}"
government-ep2/q463-bb-j,9,127,"{""base_type"": 531, ""set_flags"": 0, ""runtime_index"": 12296, ""file_offset"": 26704, ""floor_field"": 9, ""entity_id_field"": 25672, ""group"": 0, ""room"": 13, ""unknown_a3"": 0, ""position"": [71.966796875, 10.0, 13.007720947265625], ""angles"": [12288, 13312, 0], ""params"": [1.0, 1.0, 1.0, 0, 0, 0], ""unused_pointer"": 1624957568}"
government-ep2/q465-bb-e,9,131,"{""base_type"": 531, ""set_flags"": 0, ""runtime_index"": 64002, ""file_offset"": 57420, ""floor_field"": 9, ""entity_id_field"": 10051, ""group"": 0, ""room"": 9, ""unknown_a3"": 0, ""position"": [133.0, 10.0, 156.0], ""angles"": [11776, 0, 0], ""params"": [1.0, 1.0, 1.0, 0, 0, 0], ""unused_pointer"": 11597184}"
government-ep2/q465-bb-j,9,131,"{""base_type"": 531, ""set_flags"": 0, ""runtime_index"": 64002, ""file_offset"": 57420, ""floor_field"": 9, ""entity_id_field"": 10051, ""group"": 0, ""room"": 9, ""unknown_a3"": 0, ""position"": [133.0, 10.0, 156.0], ""angles"": [11776, 0, 0], ""params"": [1.0, 1.0, 1.0, 0, 0, 0], ""unused_pointer"": 11597184}"
maximum-attack-ep2/q211-bb-e,9,33,"{""base_type"": 531, ""set_flags"": 512, ""runtime_index"": 22533, ""file_offset"": 53984, ""floor_field"": 9, ""entity_id_field"": 35657, ""group"": 0, ""room"": 3, ""unknown_a3"": 0, ""position"": [-160.0, 4.0, -55.0], ""angles"": [45056, 0, 0], ""params"": [1.0, 1.0, 1.0, 2, 0, 0], ""unused_pointer"": 281010560}"
maximum-attack-ep2/q211-bb-e,9,35,"{""base_type"": 531, ""set_flags"": 0, ""runtime_index"": 21768, ""file_offset"": 54120, ""floor_field"": 9, ""entity_id_field"": 36169, ""group"": 0, ""room"": 3, ""unknown_a3"": 0, ""position"": [-455.0, -7.0, -45.0], ""angles"": [24576, 0, 36864], ""params"": [1.0, 1.0, 1.0, 1, 0, 0], ""unused_pointer"": 549773696}"
maximum-attack-ep2/q211-bb-e,9,36,"{""base_type"": 531, ""set_flags"": 512, ""runtime_index"": 23557, ""file_offset"": 54188, ""floor_field"": 9, ""entity_id_field"": 36425, ""group"": 0, ""room"": 3, ""unknown_a3"": 0, ""position"": [-1060.0, -2.0, -210.0], ""angles"": [49152, 0, 8192], ""params"": [1.0, 1.0, 1.0, 2, 0, 0], ""unused_pointer"": 1892016512}"
maximum-attack-ep2/q211-bb-e,9,49,"{""base_type"": 531, ""set_flags"": 512, ""runtime_index"": 26885, ""file_offset"": 55072, ""floor_field"": 9, ""entity_id_field"": 39753, ""group"": 0, ""room"": 3, ""unknown_a3"": 0, ""position"": [-155.0, -1.8499999046325684, -51.0], ""angles"": [32768, 45056, 36864], ""params"": [1.0, 1.0, 1.0, 2, 0, 0], ""unused_pointer"": 820830592}"
maximum-attack-ep2/q494-bb-e,9,33,"{""base_type"": 531, ""set_flags"": 512, ""runtime_index"": 22533, ""file_offset"": 53848, ""floor_field"": 9, ""entity_id_field"": 35657, ""group"": 0, ""room"": 3, ""unknown_a3"": 0, ""position"": [-160.0, 4.0, -55.0], ""angles"": [45056, 0, 0], ""params"": [1.0, 1.0, 1.0, 2, 0, 0], ""unused_pointer"": 281010560}"
maximum-attack-ep2/q494-bb-e,9,35,"{""base_type"": 531, ""set_flags"": 0, ""runtime_index"": 21768, ""file_offset"": 53984, ""floor_field"": 9, ""entity_id_field"": 36169, ""group"": 0, ""room"": 3, ""unknown_a3"": 0, ""position"": [-455.0, -7.0, -45.0], ""angles"": [24576, 0, 36864], ""params"": [1.0, 1.0, 1.0, 1, 0, 0], ""unused_pointer"": 549773696}"
maximum-attack-ep2/q494-bb-e,9,36,"{""base_type"": 531, ""set_flags"": 512, ""runtime_index"": 23557, ""file_offset"": 54052, ""floor_field"": 9, ""entity_id_field"": 36425, ""group"": 0, ""room"": 3, ""unknown_a3"": 0, ""position"": [-1060.0, -2.0, -210.0], ""angles"": [49152, 0, 8192], ""params"": [1.0, 1.0, 1.0, 2, 0, 0], ""unused_pointer"": 1892016512}"
maximum-attack-ep2/q494-bb-e,9,49,"{""base_type"": 531, ""set_flags"": 512, ""runtime_index"": 26885, ""file_offset"": 54936, ""floor_field"": 9, ""entity_id_field"": 39753, ""group"": 0, ""room"": 3, ""unknown_a3"": 0, ""position"": [-155.0, -1.8499999046325684, -51.0], ""angles"": [32768, 45056, 36864], ""params"": [1.0, 1.0, 1.0, 2, 0, 0], ""unused_pointer"": 820830592}"
maximum-attack-ep2/q494-bb-j,9,33,"{""base_type"": 531, ""set_flags"": 512, ""runtime_index"": 22533, ""file_offset"": 53848, ""floor_field"": 9, ""entity_id_field"": 35657, ""group"": 0, ""room"": 3, ""unknown_a3"": 0, ""position"": [-160.0, 4.0, -55.0], ""angles"": [45056, 0, 0], ""params"": [1.0, 1.0, 1.0, 2, 0, 0], ""unused_pointer"": 281010560}"
maximum-attack-ep2/q494-bb-j,9,35,"{""base_type"": 531, ""set_flags"": 0, ""runtime_index"": 21768, ""file_offset"": 53984, ""floor_field"": 9, ""entity_id_field"": 36169, ""group"": 0, ""room"": 3, ""unknown_a3"": 0, ""position"": [-455.0, -7.0, -45.0], ""angles"": [24576, 0, 36864], ""params"": [1.0, 1.0, 1.0, 1, 0, 0], ""unused_pointer"": 549773696}"
maximum-attack-ep2/q494-bb-j,9,36,"{""base_type"": 531, ""set_flags"": 512, ""runtime_index"": 23557, ""file_offset"": 54052, ""floor_field"": 9, ""entity_id_field"": 36425, ""group"": 0, ""room"": 3, ""unknown_a3"": 0, ""position"": [-1060.0, -2.0, -210.0], ""angles"": [49152, 0, 8192], ""params"": [1.0, 1.0, 1.0, 2, 0, 0], ""unused_pointer"": 1892016512}"
maximum-attack-ep2/q494-bb-j,9,49,"{""base_type"": 531, ""set_flags"": 512, ""runtime_index"": 26885, ""file_offset"": 54936, ""floor_field"": 9, ""entity_id_field"": 39753, ""group"": 0, ""room"": 3, ""unknown_a3"": 0, ""position"": [-155.0, -1.8499999046325684, -51.0], ""angles"": [32768, 45056, 36864], ""params"": [1.0, 1.0, 1.0, 2, 0, 0], ""unused_pointer"": 820830592}"
retrieval-ep2/q54-bb-e,9,40,"{""base_type"": 531, ""set_flags"": 512, ""runtime_index"": 22533, ""file_offset"": 41576, ""floor_field"": 9, ""entity_id_field"": 35657, ""group"": 0, ""room"": 3, ""unknown_a3"": 0, ""position"": [-160.0, 4.0, -55.0], ""angles"": [45056, 0, 0], ""params"": [1.0, 1.0, 1.0, 2, 0, 0], ""unused_pointer"": 281010560}"
retrieval-ep2/q54-bb-e,9,42,"{""base_type"": 531, ""set_flags"": 0, ""runtime_index"": 21768, ""file_offset"": 41712, ""floor_field"": 9, ""entity_id_field"": 36169, ""group"": 0, ""room"": 3, ""unknown_a3"": 0, ""position"": [-455.0, -7.0, -45.0], ""angles"": [24576, 0, 36864], ""params"": [1.0, 1.0, 1.0, 1, 0, 0], ""unused_pointer"": 549773696}"
retrieval-ep2/q54-bb-e,9,43,"{""base_type"": 531, ""set_flags"": 512, ""runtime_index"": 23557, ""file_offset"": 41780, ""floor_field"": 9, ""entity_id_field"": 36425, ""group"": 0, ""room"": 3, ""unknown_a3"": 0, ""position"": [-1060.0, -2.0, -210.0], ""angles"": [49152, 0, 8192], ""params"": [1.0, 1.0, 1.0, 2, 0, 0], ""unused_pointer"": 1892016512}"
retrieval-ep2/q54-bb-e,9,56,"{""base_type"": 531, ""set_flags"": 512, ""runtime_index"": 26885, ""file_offset"": 42664, ""floor_field"": 9, ""entity_id_field"": 39753, ""group"": 0, ""room"": 3, ""unknown_a3"": 0, ""position"": [-155.0, -1.8499999046325684, -51.0], ""angles"": [32768, 45056, 36864], ""params"": [1.0, 1.0, 1.0, 2, 0, 0], ""unused_pointer"": 820830592}"
retrieval-ep2/q54-bb-e,9,84,"{""base_type"": 531, ""set_flags"": 0, ""runtime_index"": 12296, ""file_offset"": 44568, ""floor_field"": 9, ""entity_id_field"": 25672, ""group"": 0, ""room"": 13, ""unknown_a3"": 0, ""position"": [71.966796875, 10.0, 13.007720947265625], ""angles"": [12288, 13312, 0], ""params"": [1.0, 1.0, 1.0, 0, 0, 0], ""unused_pointer"": 1624957568}"
retrieval-ep2/q54-bb-j,9,40,"{""base_type"": 531, ""set_flags"": 512, ""runtime_index"": 22533, ""file_offset"": 41576, ""floor_field"": 9, ""entity_id_field"": 35657, ""group"": 0, ""room"": 3, ""unknown_a3"": 0, ""position"": [-160.0, 4.0, -55.0], ""angles"": [45056, 0, 0], ""params"": [1.0, 1.0, 1.0, 2, 0, 0], ""unused_pointer"": 281010560}"
retrieval-ep2/q54-bb-j,9,42,"{""base_type"": 531, ""set_flags"": 0, ""runtime_index"": 21768, ""file_offset"": 41712, ""floor_field"": 9, ""entity_id_field"": 36169, ""group"": 0, ""room"": 3, ""unknown_a3"": 0, ""position"": [-455.0, -7.0, -45.0], ""angles"": [24576, 0, 36864], ""params"": [1.0, 1.0, 1.0, 1, 0, 0], ""unused_pointer"": 549773696}"
retrieval-ep2/q54-bb-j,9,43,"{""base_type"": 531, ""set_flags"": 512, ""runtime_index"": 23557, ""file_offset"": 41780, ""floor_field"": 9, ""entity_id_field"": 36425, ""group"": 0, ""room"": 3, ""unknown_a3"": 0, ""position"": [-1060.0, -2.0, -210.0], ""angles"": [49152, 0, 8192], ""params"": [1.0, 1.0, 1.0, 2, 0, 0], ""unused_pointer"": 1892016512}"
retrieval-ep2/q54-bb-j,9,56,"{""base_type"": 531, ""set_flags"": 512, ""runtime_index"": 26885, ""file_offset"": 42664, ""floor_field"": 9, ""entity_id_field"": 39753, ""group"": 0, ""room"": 3, ""unknown_a3"": 0, ""position"": [-155.0, -1.8499999046325684, -51.0], ""angles"": [32768, 45056, 36864], ""params"": [1.0, 1.0, 1.0, 2, 0, 0], ""unused_pointer"": 820830592}"
retrieval-ep2/q54-bb-j,9,84,"{""base_type"": 531, ""set_flags"": 0, ""runtime_index"": 12296, ""file_offset"": 44568, ""floor_field"": 9, ""entity_id_field"": 25672, ""group"": 0, ""room"": 13, ""unknown_a3"": 0, ""position"": [71.966796875, 10.0, 13.007720947265625], ""angles"": [12288, 13312, 0], ""params"": [1.0, 1.0, 1.0, 0, 0, 0], ""unused_pointer"": 1624957568}"
seasonal-ep2/q207-bb-e,6,50,"{""base_type"": 531, ""set_flags"": 0, ""runtime_index"": 30728, ""file_offset"": 6492, ""floor_field"": 6, ""entity_id_field"": 48456, ""group"": 0, ""room"": 4, ""unknown_a3"": 0, ""position"": [40.08000183105469, 5.0, -10.42999267578125], ""angles"": [-20480, 0, 0], ""params"": [1.0, 1.0, 1.0, 2, 0, 0], ""unused_pointer"": 8056192}"
seasonal-ep2/q207-bb-e,6,51,"{""base_type"": 531, ""set_flags"": 0, ""runtime_index"": 30984, ""file_offset"": 6560, ""floor_field"": 6, ""entity_id_field"": 48712, ""group"": 0, ""room"": 4, ""unknown_a3"": 0, ""position"": [-101.27000427246094, 5.0, 11.46002197265625], ""angles"": [-20480, 24576, 0], ""params"": [1.0, 1.0, 1.0, 2, 0, 0], ""unused_pointer"": 1350299008}"
seasonal-ep2/q207-bb-e,6,70,"{""base_type"": 531, ""set_flags"": 0, ""runtime_index"": 33288, ""file_offset"": 7852, ""floor_field"": 6, ""entity_id_field"": 49736, ""group"": 0, ""room"": 6, ""unknown_a3"": 0, ""position"": [51.94000244140625, 5.0, -15.949951171875], ""angles"": [-16384, 0, 0], ""params"": [1.0, 1.0, 1.0, 2, 0, 0], ""unused_pointer"": 2692410752}"
seasonal-ep2/q207-bb-e,6,71,"{""base_type"": 531, ""set_flags"": 0, ""runtime_index"": 33544, ""file_offset"": 7920, ""floor_field"": 6, ""entity_id_field"": 49992, ""group"": 0, ""room"": 6, ""unknown_a3"": 0, ""position"": [18.279998779296875, 5.0, -41.449951171875], ""angles"": [-16384, 16384, 0], ""params"": [1.0, 1.0, 1.0, 2, 0, 0], ""unused_pointer"": 4034653568}"
seasonal-ep2/q207-bb-e,6,72,"{""base_type"": 531, ""set_flags"": 0, ""runtime_index"": 33800, ""file_offset"": 7988, ""floor_field"": 6, ""entity_id_field"": 50248, ""group"": 0, ""room"": 6, ""unknown_a3"": 0, ""position"": [-15.209999084472656, 5.0, -17.44000244140625], ""angles"": [-16384, 8192, 0], ""params"": [1.0, 1.0, 1.0, 2, 0, 0], ""unused_pointer"": 1081994624}"
seasonal-ep2/q207-bb-e,6,73,"{""base_type"": 531, ""set_flags"": 0, ""runtime_index"": 34056, ""file_offset"": 8056, ""floor_field"": 6, ""entity_id_field"": 50504, ""group"": 0, ""room"": 6, ""unknown_a3"": 0, ""position"": [2.1299972534179688, 5.0, 29.36004638671875], ""angles"": [-16384, 8192, 0], ""params"": [1.0, 1.0, 1.0, 2, 0, 0], ""unused_pointer"": 2424237440}"
seasonal-ep2/q207-bb-e,6,74,"{""base_type"": 531, ""set_flags"": 0, ""runtime_index"": 34312, ""file_offset"": 8124, ""floor_field"": 6, ""entity_id_field"": 50760, ""group"": 0, ""room"": 6, ""unknown_a3"": 0, ""position"": [33.66999816894531, 5.0, 30.05999755859375], ""angles"": [-16384, 32768, 0], ""params"": [1.0, 1.0, 1.0, 2, 0, 0], ""unused_pointer"": 3766480256}"
seasonal-ep2/q207-bb-e,6,111,"{""base_type"": 531, ""set_flags"": 0, ""runtime_index"": 23048, ""file_offset"": 10640, ""floor_field"": 6, ""entity_id_field"": 48712, ""group"": 0, ""room"": 13, ""unknown_a3"": 0, ""position"": [-11.470001220703125, -96.0, -9.960006713867188], ""angles"": [-16384, 0, 0], ""params"": [1.0, 1.0, 1.0, 2, 0, 0], ""unused_pointer"": 275639680}"
seasonal-ep2/q207-bb-e,7,56,"{""base_type"": 531, ""set_flags"": 0, ""runtime_index"": 36616, ""file_offset"": 18136, ""floor_field"": 7, ""entity_id_field"": 55624, ""group"": 0, ""room"": 6, ""unknown_a3"": 0, ""position"": [-187.66134643554688, -46.89288330078125, 17.68499755859375], ""angles"": [0, 24576, 0], ""params"": [1.0, 1.0, 1.0, 0, 0, 0], ""unused_pointer"": 277343616}"
seasonal-ep2/q207-bb-e,7,57,"{""base_type"": 531, ""set_flags"": 0, ""runtime_index"": 36872, ""file_offset"": 18204, ""floor_field"": 7, ""entity_id_field"": 55880, ""group"": 0, ""room"": 6, ""unknown_a3"": 0, ""position"": [-167.96119689941406, -41.88999938964844, 37.6700439453125], ""angles"": [-16384, -24576, 0], ""params"": [1.0, 1.0, 1.0, 2, 0, 0], ""unused_pointer"": 1619586432}"
seasonal-ep2/q207-bb-e,7,58,"{""base_type"": 531, ""set_flags"": 0, ""runtime_index"": 50440, ""file_offset"": 18272, ""floor_field"": 7, ""entity_id_field"": 29513, ""group"": 0, ""room"": 6, ""unknown_a3"": 0, ""position"": [-133.09559631347656, -52.98668670654297, -10.41827392578125], ""angles"": [-32768, 12288, 0], ""params"": [1.0, 1.0, 1.0, 2, 0, 0], ""unused_pointer"": 4035571072}"
seasonal-ep2/q207-bb-e,7,62,"{""base_type"": 531, ""set_flags"": 0, ""runtime_index"": 49928, ""file_offset"": 18544, ""floor_field"": 7, ""entity_id_field"": 27721, ""group"": 0, ""room"": 6, ""unknown_a3"": 0, ""position"": [-118.7645263671875, -27.286792755126953, -71.5518798828125], ""angles"": [16384, 0, 0], ""params"": [1.0, 1.0, 1.0, 0, 0, 0], ""unused_pointer"": 3502108288}"
seasonal-ep2/q207-bb-e,7,63,"{""base_type"": 531, ""set_flags"": 0, ""runtime_index"": 50696, ""file_offset"": 18612, ""floor_field"": 7, ""entity_id_field"": 29769, ""group"": 0, ""room"": 6, ""unknown_a3"": 0, ""position"": [-135.2080535888672, -52.98668670654297, -4.45318603515625], ""angles"": [-32768, 12288, 32768], ""params"": [1.0, 1.0, 1.0, 2, 0, 0], ""unused_pointer"": 2696867456}"
seasonal-ep2/q207-bb-e,7,64,"{""base_type"": 531, ""set_flags"": 0, ""runtime_index"": 51464, ""file_offset"": 18680, ""floor_field"": 7, ""entity_id_field"": 32073, ""group"": 0, ""room"": 6, ""unknown_a3"": 0, ""position"": [-134.09706115722656, -48.580440521240234, -7.5904541015625], ""angles"": [-32768, 12288, -16384], ""params"": [1.0, 1.0, 1.0, 2, 0, 0], ""unused_pointer"": 4039110272}"
seasonal-ep2/q207-bb-e,7,98,"{""base_type"": 531, ""set_flags"": 0, ""runtime_index"": 27400, ""file_offset"": 20992, ""floor_field"": 7, ""entity_id_field"": 51272, ""group"": 0, ""room"": 7, ""unknown_a3"": 0, ""position"": [739.517333984375, 44.279998779296875, -1359.9088134765625], ""angles"": [16384, 16384, 0], ""params"": [1.0, 1.0, 1.0, 0, 0, 0], ""unused_pointer"": 546762112}"
seasonal-ep2/q207-bb-e,7,99,"{""base_type"": 531, ""set_flags"": 0, ""runtime_index"": 26632, ""file_offset"": 21060, ""floor_field"": 7, ""entity_id_field"": 51528, ""group"": 0, ""room"": 7, ""unknown_a3"": 0, ""position"": [974.2901611328125, 37.94873809814453, -1230.68896484375], ""angles"": [16384, 32768, 0], ""params"": [1.0, 1.0, 1.0, 0, 0, 0], ""unused_pointer"": 1889004928}"
seasonal-ep2/q207-bb-e,7,100,"{""base_type"": 531, ""set_flags"": 0, ""runtime_index"": 26888, ""file_offset"": 21128, ""floor_field"": 7, ""entity_id_field"": 51784, ""group"": 0, ""room"": 7, ""unknown_a3"": 0, ""position"": [935.8490600585938, 42.054988861083984, -1281.448486328125], ""angles"": [16384, 8192, 0], ""params"": [1.0, 1.0, 1.0, 0, 0, 0], ""unused_pointer"": 3231247744}"
seasonal-ep2/q207-bb-e,7,101,"{""base_type"": 531, ""set_flags"": 0, ""runtime_index"": 25352, ""file_offset"": 21196, ""floor_field"": 7, ""entity_id_field"": 52040, ""group"": 0, ""room"": 7, ""unknown_a3"": 0, ""position"": [574.3095703125, 30.51999855041504, -650.97998046875], ""angles"": [-16384, 0, 0], ""params"": [1.0, 1.0, 1.0, 2, 0, 0], ""unused_pointer"": 278588800}"
seasonal-ep2/q207-bb-e,7,102,"{""base_type"": 531, ""set_flags"": 0, ""runtime_index"": 23560, ""file_offset"": 21264, ""floor_field"": 7, ""entity_id_field"": 52296, ""group"": 0, ""room"": 7, ""unknown_a3"": 0, ""position"": [872.062255859375, 55.189998626708984, -1299.1400146484375], ""angles"": [16384, 12288, 0], ""params"": [1.0, 1.0, 1.0, 0, 0, 0], ""unused_pointer"": 1620831616}"
seasonal-ep2/q207-bb-e,7,103,"{""base_type"": 531, ""set_flags"": 0, ""runtime_index"": 27144, ""file_offset"": 21332, ""floor_field"": 7, ""entity_id_field"": 52552, ""group"": 0, ""room"": 7, ""unknown_a3"": 0, ""position"": [798.377197265625, 44.279998779296875, -1351.8226318359375], ""angles"": [16384, -20480, 0], ""params"": [1.0, 1.0, 1.0, 0, 0, 0], ""unused_pointer"": 2963074432}"
seasonal-ep2/q207-bb-e,7,104,"{""base_type"": 531, ""set_flags"": 0, ""runtime_index"": 23816, ""file_offset"": 21400, ""floor_field"": 7, ""entity_id_field"": 52808, ""group"": 0, ""room"": 7, ""unknown_a3"": 0, ""position"": [857.7378540039062, 45.189998626708984, -1296.9588623046875], ""angles"": [12288, 20480, 0], ""params"": [1.0, 1.0, 1.0, 1, 0, 0], ""unused_pointer"": 10415488}"
seasonal-ep2/q207-bb-e,8,240,"{""base_type"": 531, ""set_flags"": 0, ""runtime_index"": 34312, ""file_offset"": 42700, ""floor_field"": 8, ""entity_id_field"": 27466, ""group"": 0, ""room"": 10, ""unknown_a3"": 0, ""position"": [-27.950401306152344, -54.84000015258789, 54.66998291015625], ""angles"": [-16384, 0, 0], ""params"": [1.0, 1.0, 1.0, 2, 0, 0], ""unused_pointer"": 2153311616}"
seasonal-ep2/q207-bb-e,8,241,"{""base_type"": 531, ""set_flags"": 0, ""runtime_index"": 34568, ""file_offset"": 42768, ""floor_field"": 8, ""entity_id_field"": 27722, ""group"": 0, ""room"": 10, ""unknown_a3"": 0, ""position"": [-53.32554244995117, -54.84000015258789, -30.7900390625], ""angles"": [-16384, 0, 0], ""params"": [1.0, 1.0, 1.0, 2, 0, 0], ""unused_pointer"": 1348070784}"
seasonal-ep2/q207-bb-e,8,242,"{""base_type"": 531, ""set_flags"": 0, ""runtime_index"": 34824, ""file_offset"": 42836, ""floor_field"": 8, ""entity_id_field"": 27978, ""group"": 0, ""room"": 10, ""unknown_a3"": 0, ""position"": [59.23030090332031, -54.84000015258789, 27.0999755859375], ""angles"": [-16384, 0, 0], ""params"": [1.0, 1.0, 1.0, 2, 0, 0], ""unused_pointer"": 542829952}"
seasonal-ep2/q207-bb-e,8,243,"{""base_type"": 531, ""set_flags"": 0, ""runtime_index"": 35080, ""file_offset"": 42904, ""floor_field"": 8, ""entity_id_field"": 28234, ""group"": 0, ""room"": 10, ""unknown_a3"": 0, ""position"": [34.38292694091797, -54.84000015258789, -55.010009765625], ""angles"": [-16384, 0, 0], ""params"": [1.0, 1.0, 1.0, 2, 0, 0], ""unused_pointer"": 4032490880}"
seasonal-ep2/q207-bb-e,8,245,"{""base_type"": 531, ""set_flags"": 0, ""runtime_index"": 36616, ""file_offset"": 43040, ""floor_field"": 8, ""entity_id_field"": 29002, ""group"": 0, ""room"": 10, ""unknown_a3"": 0, ""position"": [3.4876251220703125, -54.84000015258789, -1.69000244140625], ""angles"": [-16384, 0, 0], ""params"": [1.0, 1.0, 1.0, 2, 0, 0], ""unused_pointer"": 2422336896}"
seasonal-ep2/q207-bb-e,9,41,"{""base_type"": 531, ""set_flags"": 0, ""runtime_index"": 53512, ""file_offset"": 46524, ""floor_field"": 9, ""entity_id_field"": 22857, ""group"": 0, ""room"": 1, ""unknown_a3"": 0, ""position"": [-1591.793701171875, 17.256240844726562, -318.8855285644531], ""angles"": [-16384, 0, 0], ""params"": [1.0, 1.0, 1.0, 2, 0, 0], ""unused_pointer"": 2695622016}"
seasonal-ep2/q207-bb-e,9,42,"{""base_type"": 531, ""set_flags"": 0, ""runtime_index"": 53768, ""file_offset"": 46592, ""floor_field"": 9, ""entity_id_field"": 23113, ""group"": 0, ""room"": 1, ""unknown_a3"": 0, ""position"": [-1591.793701171875, 23.57499885559082, -318.8855285644531], ""angles"": [-16384, 0, 32768], ""params"": [1.0, 1.0, 1.0, 2, 0, 0], ""unused_pointer"": 4037864832}"
seasonal-ep2/q207-bb-e,9,135,"{""base_type"": 531, ""set_flags"": 512, ""runtime_index"": 48133, ""file_offset"": 52916, ""floor_field"": 9, ""entity_id_field"": 60749, ""group"": 0, ""room"": 3, ""unknown_a3"": 0, ""position"": [-1060.0, -2.0, -210.0], ""angles"": [49152, 0, 8192], ""params"": [1.0, 1.0, 1.0, 2, 0, 0], ""unused_pointer"": 552136064}"
seasonal-ep2/q207-bb-e,9,173,"{""base_type"": 531, ""set_flags"": 0, ""runtime_index"": 46344, ""file_offset"": 55500, ""floor_field"": 9, ""entity_id_field"": 54600, ""group"": 0, ""room"": 6, ""unknown_a3"": 0, ""position"": [-173.67718505859375, 176.0, 436.5516357421875], ""angles"": [-16384, 0, 0], ""params"": [1.0, 1.0, 1.0, 2, 0, 0], ""unused_pointer"": 1353313664}"
seasonal-ep2/q207-bb-e,9,174,"{""base_type"": 531, ""set_flags"": 0, ""runtime_index"": 46600, ""file_offset"": 55568, ""floor_field"": 9, ""entity_id_field"": 54856, ""group"": 0, ""room"": 6, ""unknown_a3"": 0, ""position"": [-256.09521484375, 176.0, 451.24090576171875], ""angles"": [-16384, 0, 0], ""params"": [1.0, 1.0, 1.0, 2, 0, 0], ""unused_pointer"": 2695556480}"
seasonal-ep2/q207-bb-e,9,175,"{""base_type"": 531, ""set_flags"": 0, ""runtime_index"": 47368, ""file_offset"": 55636, ""floor_field"": 9, ""entity_id_field"": 55624, ""group"": 0, ""room"": 6, ""unknown_a3"": 0, ""position"": [-164.49041748046875, 181.27999877929688, 472.20587158203125], ""angles"": [12288, -8192, 0], ""params"": [1.0, 1.0, 1.0, 0, 0, 0], ""unused_pointer"": 1890446720}"
seasonal-ep2/q207-bb-e,9,176,"{""base_type"": 531, ""set_flags"": 0, ""runtime_index"": 47624, ""file_offset"": 55704, ""floor_field"": 9, ""entity_id_field"": 55880, ""group"": 0, ""room"": 6, ""unknown_a3"": 0, ""position"": [-156.027587890625, 175.93624877929688, 413.65692138671875], ""angles"": [12288, -8192, 0], ""params"": [1.0, 1.0, 1.0, 0, 0, 0], ""unused_pointer"": 3232689536}"
seasonal-ep2/q207-bb-e,9,177,"{""base_type"": 531, ""set_flags"": 0, ""runtime_index"": 47880, ""file_offset"": 55772, ""floor_field"": 9, ""entity_id_field"": 56136, ""group"": 0, ""room"": 6, ""unknown_a3"": 0, ""position"": [-269.2275390625, 175.93624877929688, 414.90606689453125], ""angles"": [12288, -4096, 0], ""params"": [1.0, 1.0, 1.0, 0, 0, 0], ""unused_pointer"": 280030592}"
seasonal-ep2/q207-bb-e,9,178,"{""base_type"": 531, ""set_flags"": 0, ""runtime_index"": 48136, ""file_offset"": 55840, ""floor_field"": 9, ""entity_id_field"": 56392, ""group"": 0, ""room"": 6, ""unknown_a3"": 0, ""position"": [-231.235107421875, 180.62374877929688, 506.3128662109375], ""angles"": [12288, 16384, 0], ""params"": [1.0, 1.0, 1.0, 0, 0, 0], ""unused_pointer"": 1622273408}"
seasonal-ep2/q207-bb-j,6,50,"{""base_type"": 531, ""set_flags"": 0, ""runtime_index"": 30728, ""file_offset"": 6492, ""floor_field"": 6, ""entity_id_field"": 48456, ""group"": 0, ""room"": 4, ""unknown_a3"": 0, ""position"": [40.08000183105469, 5.0, -10.42999267578125], ""angles"": [-20480, 0, 0], ""params"": [1.0, 1.0, 1.0, 2, 0, 0], ""unused_pointer"": 8056192}"
seasonal-ep2/q207-bb-j,6,51,"{""base_type"": 531, ""set_flags"": 0, ""runtime_index"": 30984, ""file_offset"": 6560, ""floor_field"": 6, ""entity_id_field"": 48712, ""group"": 0, ""room"": 4, ""unknown_a3"": 0, ""position"": [-101.27000427246094, 5.0, 11.46002197265625], ""angles"": [-20480, 24576, 0], ""params"": [1.0, 1.0, 1.0, 2, 0, 0], ""unused_pointer"": 1350299008}"
seasonal-ep2/q207-bb-j,6,70,"{""base_type"": 531, ""set_flags"": 0, ""runtime_index"": 33288, ""file_offset"": 7852, ""floor_field"": 6, ""entity_id_field"": 49736, ""group"": 0, ""room"": 6, ""unknown_a3"": 0, ""position"": [51.94000244140625, 5.0, -15.949951171875], ""angles"": [-16384, 0, 0], ""params"": [1.0, 1.0, 1.0, 2, 0, 0], ""unused_pointer"": 2692410752}"
seasonal-ep2/q207-bb-j,6,71,"{""base_type"": 531, ""set_flags"": 0, ""runtime_index"": 33544, ""file_offset"": 7920, ""floor_field"": 6, ""entity_id_field"": 49992, ""group"": 0, ""room"": 6, ""unknown_a3"": 0, ""position"": [18.279998779296875, 5.0, -41.449951171875], ""angles"": [-16384, 16384, 0], ""params"": [1.0, 1.0, 1.0, 2, 0, 0], ""unused_pointer"": 4034653568}"
seasonal-ep2/q207-bb-j,6,72,"{""base_type"": 531, ""set_flags"": 0, ""runtime_index"": 33800, ""file_offset"": 7988, ""floor_field"": 6, ""entity_id_field"": 50248, ""group"": 0, ""room"": 6, ""unknown_a3"": 0, ""position"": [-15.209999084472656, 5.0, -17.44000244140625], ""angles"": [-16384, 8192, 0], ""params"": [1.0, 1.0, 1.0, 2, 0, 0], ""unused_pointer"": 1081994624}"
seasonal-ep2/q207-bb-j,6,73,"{""base_type"": 531, ""set_flags"": 0, ""runtime_index"": 34056, ""file_offset"": 8056, ""floor_field"": 6, ""entity_id_field"": 50504, ""group"": 0, ""room"": 6, ""unknown_a3"": 0, ""position"": [2.1299972534179688, 5.0, 29.36004638671875], ""angles"": [-16384, 8192, 0], ""params"": [1.0, 1.0, 1.0, 2, 0, 0], ""unused_pointer"": 2424237440}"
seasonal-ep2/q207-bb-j,6,74,"{""base_type"": 531, ""set_flags"": 0, ""runtime_index"": 34312, ""file_offset"": 8124, ""floor_field"": 6, ""entity_id_field"": 50760, ""group"": 0, ""room"": 6, ""unknown_a3"": 0, ""position"": [33.66999816894531, 5.0, 30.05999755859375], ""angles"": [-16384, 32768, 0], ""params"": [1.0, 1.0, 1.0, 2, 0, 0], ""unused_pointer"": 3766480256}"
seasonal-ep2/q207-bb-j,6,111,"{""base_type"": 531, ""set_flags"": 0, ""runtime_index"": 23048, ""file_offset"": 10640, ""floor_field"": 6, ""entity_id_field"": 48712, ""group"": 0, ""room"": 13, ""unknown_a3"": 0, ""position"": [-11.470001220703125, -96.0, -9.960006713867188], ""angles"": [-16384, 0, 0], ""params"": [1.0, 1.0, 1.0, 2, 0, 0], ""unused_pointer"": 275639680}"
seasonal-ep2/q207-bb-j,7,56,"{""base_type"": 531, ""set_flags"": 0, ""runtime_index"": 36616, ""file_offset"": 18136, ""floor_field"": 7, ""entity_id_field"": 55624, ""group"": 0, ""room"": 6, ""unknown_a3"": 0, ""position"": [-187.66134643554688, -46.89288330078125, 17.68499755859375], ""angles"": [0, 24576, 0], ""params"": [1.0, 1.0, 1.0, 0, 0, 0], ""unused_pointer"": 277343616}"
seasonal-ep2/q207-bb-j,7,57,"{""base_type"": 531, ""set_flags"": 0, ""runtime_index"": 36872, ""file_offset"": 18204, ""floor_field"": 7, ""entity_id_field"": 55880, ""group"": 0, ""room"": 6, ""unknown_a3"": 0, ""position"": [-167.96119689941406, -41.88999938964844, 37.6700439453125], ""angles"": [-16384, -24576, 0], ""params"": [1.0, 1.0, 1.0, 2, 0, 0], ""unused_pointer"": 1619586432}"
seasonal-ep2/q207-bb-j,7,58,"{""base_type"": 531, ""set_flags"": 0, ""runtime_index"": 50440, ""file_offset"": 18272, ""floor_field"": 7, ""entity_id_field"": 29513, ""group"": 0, ""room"": 6, ""unknown_a3"": 0, ""position"": [-133.09559631347656, -52.98668670654297, -10.41827392578125], ""angles"": [-32768, 12288, 0], ""params"": [1.0, 1.0, 1.0, 2, 0, 0], ""unused_pointer"": 4035571072}"
seasonal-ep2/q207-bb-j,7,62,"{""base_type"": 531, ""set_flags"": 0, ""runtime_index"": 49928, ""file_offset"": 18544, ""floor_field"": 7, ""entity_id_field"": 27721, ""group"": 0, ""room"": 6, ""unknown_a3"": 0, ""position"": [-118.7645263671875, -27.286792755126953, -71.5518798828125], ""angles"": [16384, 0, 0], ""params"": [1.0, 1.0, 1.0, 0, 0, 0], ""unused_pointer"": 3502108288}"
seasonal-ep2/q207-bb-j,7,63,"{""base_type"": 531, ""set_flags"": 0, ""runtime_index"": 50696, ""file_offset"": 18612, ""floor_field"": 7, ""entity_id_field"": 29769, ""group"": 0, ""room"": 6, ""unknown_a3"": 0, ""position"": [-135.2080535888672, -52.98668670654297, -4.45318603515625], ""angles"": [-32768, 12288, 32768], ""params"": [1.0, 1.0, 1.0, 2, 0, 0], ""unused_pointer"": 2696867456}"
seasonal-ep2/q207-bb-j,7,64,"{""base_type"": 531, ""set_flags"": 0, ""runtime_index"": 51464, ""file_offset"": 18680, ""floor_field"": 7, ""entity_id_field"": 32073, ""group"": 0, ""room"": 6, ""unknown_a3"": 0, ""position"": [-134.09706115722656, -48.580440521240234, -7.5904541015625], ""angles"": [-32768, 12288, -16384], ""params"": [1.0, 1.0, 1.0, 2, 0, 0], ""unused_pointer"": 4039110272}"
seasonal-ep2/q207-bb-j,7,98,"{""base_type"": 531, ""set_flags"": 0, ""runtime_index"": 27400, ""file_offset"": 20992, ""floor_field"": 7, ""entity_id_field"": 51272, ""group"": 0, ""room"": 7, ""unknown_a3"": 0, ""position"": [739.517333984375, 44.279998779296875, -1359.9088134765625], ""angles"": [16384, 16384, 0], ""params"": [1.0, 1.0, 1.0, 0, 0, 0], ""unused_pointer"": 546762112}"
seasonal-ep2/q207-bb-j,7,99,"{""base_type"": 531, ""set_flags"": 0, ""runtime_index"": 26632, ""file_offset"": 21060, ""floor_field"": 7, ""entity_id_field"": 51528, ""group"": 0, ""room"": 7, ""unknown_a3"": 0, ""position"": [974.2901611328125, 37.94873809814453, -1230.68896484375], ""angles"": [16384, 32768, 0], ""params"": [1.0, 1.0, 1.0, 0, 0, 0], ""unused_pointer"": 1889004928}"
seasonal-ep2/q207-bb-j,7,100,"{""base_type"": 531, ""set_flags"": 0, ""runtime_index"": 26888, ""file_offset"": 21128, ""floor_field"": 7, ""entity_id_field"": 51784, ""group"": 0, ""room"": 7, ""unknown_a3"": 0, ""position"": [935.8490600585938, 42.054988861083984, -1281.448486328125], ""angles"": [16384, 8192, 0], ""params"": [1.0, 1.0, 1.0, 0, 0, 0], ""unused_pointer"": 3231247744}"
seasonal-ep2/q207-bb-j,7,101,"{""base_type"": 531, ""set_flags"": 0, ""runtime_index"": 25352, ""file_offset"": 21196, ""floor_field"": 7, ""entity_id_field"": 52040, ""group"": 0, ""room"": 7, ""unknown_a3"": 0, ""position"": [574.3095703125, 30.51999855041504, -650.97998046875], ""angles"": [-16384, 0, 0], ""params"": [1.0, 1.0, 1.0, 2, 0, 0], ""unused_pointer"": 278588800}"
seasonal-ep2/q207-bb-j,7,102,"{""base_type"": 531, ""set_flags"": 0, ""runtime_index"": 23560, ""file_offset"": 21264, ""floor_field"": 7, ""entity_id_field"": 52296, ""group"": 0, ""room"": 7, ""unknown_a3"": 0, ""position"": [872.062255859375, 55.189998626708984, -1299.1400146484375], ""angles"": [16384, 12288, 0], ""params"": [1.0, 1.0, 1.0, 0, 0, 0], ""unused_pointer"": 1620831616}"
seasonal-ep2/q207-bb-j,7,103,"{""base_type"": 531, ""set_flags"": 0, ""runtime_index"": 27144, ""file_offset"": 21332, ""floor_field"": 7, ""entity_id_field"": 52552, ""group"": 0, ""room"": 7, ""unknown_a3"": 0, ""position"": [798.377197265625, 44.279998779296875, -1351.8226318359375], ""angles"": [16384, -20480, 0], ""params"": [1.0, 1.0, 1.0, 0, 0, 0], ""unused_pointer"": 2963074432}"
seasonal-ep2/q207-bb-j,7,104,"{""base_type"": 531, ""set_flags"": 0, ""runtime_index"": 23816, ""file_offset"": 21400, ""floor_field"": 7, ""entity_id_field"": 52808, ""group"": 0, ""room"": 7, ""unknown_a3"": 0, ""position"": [857.7378540039062, 45.189998626708984, -1296.9588623046875], ""angles"": [12288, 20480, 0], ""params"": [1.0, 1.0, 1.0, 1, 0, 0], ""unused_pointer"": 10415488}"
seasonal-ep2/q207-bb-j,8,240,"{""base_type"": 531, ""set_flags"": 0, ""runtime_index"": 34312, ""file_offset"": 42700, ""floor_field"": 8, ""entity_id_field"": 27466, ""group"": 0, ""room"": 10, ""unknown_a3"": 0, ""position"": [-27.950401306152344, -54.84000015258789, 54.66998291015625], ""angles"": [-16384, 0, 0], ""params"": [1.0, 1.0, 1.0, 2, 0, 0], ""unused_pointer"": 2153311616}"
seasonal-ep2/q207-bb-j,8,241,"{""base_type"": 531, ""set_flags"": 0, ""runtime_index"": 34568, ""file_offset"": 42768, ""floor_field"": 8, ""entity_id_field"": 27722, ""group"": 0, ""room"": 10, ""unknown_a3"": 0, ""position"": [-53.32554244995117, -54.84000015258789, -30.7900390625], ""angles"": [-16384, 0, 0], ""params"": [1.0, 1.0, 1.0, 2, 0, 0], ""unused_pointer"": 1348070784}"
seasonal-ep2/q207-bb-j,8,242,"{""base_type"": 531, ""set_flags"": 0, ""runtime_index"": 34824, ""file_offset"": 42836, ""floor_field"": 8, ""entity_id_field"": 27978, ""group"": 0, ""room"": 10, ""unknown_a3"": 0, ""position"": [59.23030090332031, -54.84000015258789, 27.0999755859375], ""angles"": [-16384, 0, 0], ""params"": [1.0, 1.0, 1.0, 2, 0, 0], ""unused_pointer"": 542829952}"
seasonal-ep2/q207-bb-j,8,243,"{""base_type"": 531, ""set_flags"": 0, ""runtime_index"": 35080, ""file_offset"": 42904, ""floor_field"": 8, ""entity_id_field"": 28234, ""group"": 0, ""room"": 10, ""unknown_a3"": 0, ""position"": [34.38292694091797, -54.84000015258789, -55.010009765625], ""angles"": [-16384, 0, 0], ""params"": [1.0, 1.0, 1.0, 2, 0, 0], ""unused_pointer"": 4032490880}"
seasonal-ep2/q207-bb-j,8,245,"{""base_type"": 531, ""set_flags"": 0, ""runtime_index"": 36616, ""file_offset"": 43040, ""floor_field"": 8, ""entity_id_field"": 29002, ""group"": 0, ""room"": 10, ""unknown_a3"": 0, ""position"": [3.4876251220703125, -54.84000015258789, -1.69000244140625], ""angles"": [-16384, 0, 0], ""params"": [1.0, 1.0, 1.0, 2, 0, 0], ""unused_pointer"": 2422336896}"
seasonal-ep2/q207-bb-j,9,41,"{""base_type"": 531, ""set_flags"": 0, ""runtime_index"": 53512, ""file_offset"": 46524, ""floor_field"": 9, ""entity_id_field"": 22857, ""group"": 0, ""room"": 1, ""unknown_a3"": 0, ""position"": [-1591.793701171875, 17.256240844726562, -318.8855285644531], ""angles"": [-16384, 0, 0], ""params"": [1.0, 1.0, 1.0, 2, 0, 0], ""unused_pointer"": 2695622016}"
seasonal-ep2/q207-bb-j,9,42,"{""base_type"": 531, ""set_flags"": 0, ""runtime_index"": 53768, ""file_offset"": 46592, ""floor_field"": 9, ""entity_id_field"": 23113, ""group"": 0, ""room"": 1, ""unknown_a3"": 0, ""position"": [-1591.793701171875, 23.57499885559082, -318.8855285644531], ""angles"": [-16384, 0, 32768], ""params"": [1.0, 1.0, 1.0, 2, 0, 0], ""unused_pointer"": 4037864832}"
seasonal-ep2/q207-bb-j,9,135,"{""base_type"": 531, ""set_flags"": 512, ""runtime_index"": 48133, ""file_offset"": 52916, ""floor_field"": 9, ""entity_id_field"": 60749, ""group"": 0, ""room"": 3, ""unknown_a3"": 0, ""position"": [-1060.0, -2.0, -210.0], ""angles"": [49152, 0, 8192], ""params"": [1.0, 1.0, 1.0, 2, 0, 0], ""unused_pointer"": 552136064}"
seasonal-ep2/q207-bb-j,9,173,"{""base_type"": 531, ""set_flags"": 0, ""runtime_index"": 46344, ""file_offset"": 55500, ""floor_field"": 9, ""entity_id_field"": 54600, ""group"": 0, ""room"": 6, ""unknown_a3"": 0, ""position"": [-173.67718505859375, 176.0, 436.5516357421875], ""angles"": [-16384, 0, 0], ""params"": [1.0, 1.0, 1.0, 2, 0, 0], ""unused_pointer"": 1353313664}"
seasonal-ep2/q207-bb-j,9,174,"{""base_type"": 531, ""set_flags"": 0, ""runtime_index"": 46600, ""file_offset"": 55568, ""floor_field"": 9, ""entity_id_field"": 54856, ""group"": 0, ""room"": 6, ""unknown_a3"": 0, ""position"": [-256.09521484375, 176.0, 451.24090576171875], ""angles"": [-16384, 0, 0], ""params"": [1.0, 1.0, 1.0, 2, 0, 0], ""unused_pointer"": 2695556480}"
seasonal-ep2/q207-bb-j,9,175,"{""base_type"": 531, ""set_flags"": 0, ""runtime_index"": 47368, ""file_offset"": 55636, ""floor_field"": 9, ""entity_id_field"": 55624, ""group"": 0, ""room"": 6, ""unknown_a3"": 0, ""position"": [-164.49041748046875, 181.27999877929688, 472.20587158203125], ""angles"": [12288, -8192, 0], ""params"": [1.0, 1.0, 1.0, 0, 0, 0], ""unused_pointer"": 1890446720}"
seasonal-ep2/q207-bb-j,9,176,"{""base_type"": 531, ""set_flags"": 0, ""runtime_index"": 47624, ""file_offset"": 55704, ""floor_field"": 9, ""entity_id_field"": 55880, ""group"": 0, ""room"": 6, ""unknown_a3"": 0, ""position"": [-156.027587890625, 175.93624877929688, 413.65692138671875], ""angles"": [12288, -8192, 0], ""params"": [1.0, 1.0, 1.0, 0, 0, 0], ""unused_pointer"": 3232689536}"
seasonal-ep2/q207-bb-j,9,177,"{""base_type"": 531, ""set_flags"": 0, ""runtime_index"": 47880, ""file_offset"": 55772, ""floor_field"": 9, ""entity_id_field"": 56136, ""group"": 0, ""room"": 6, ""unknown_a3"": 0, ""position"": [-269.2275390625, 175.93624877929688, 414.90606689453125], ""angles"": [12288, -4096, 0], ""params"": [1.0, 1.0, 1.0, 0, 0, 0], ""unused_pointer"": 280030592}"
seasonal-ep2/q207-bb-j,9,178,"{""base_type"": 531, ""set_flags"": 0, ""runtime_index"": 48136, ""file_offset"": 55840, ""floor_field"": 9, ""entity_id_field"": 56392, ""group"": 0, ""room"": 6, ""unknown_a3"": 0, ""position"": [-231.235107421875, 180.62374877929688, 506.3128662109375], ""angles"": [12288, 16384, 0], ""params"": [1.0, 1.0, 1.0, 0, 0, 0], ""unused_pointer"": 1622273408}"
vr-ep2/q49-bb-e,16,122,"{""base_type"": 531, ""set_flags"": 0, ""runtime_index"": 25864, ""file_offset"": 8312, ""floor_field"": 16, ""entity_id_field"": 32841, ""group"": 0, ""room"": 7, ""unknown_a3"": 0, ""position"": [62.330078125, 4.539999961853027, 82.50997924804688], ""angles"": [28672, 20480, -8192], ""params"": [1.0, 1.0, 1.0, 1, 0, 0], ""unused_pointer"": 3761434496}"
vr-ep2/q49-bb-e,16,123,"{""base_type"": 531, ""set_flags"": 0, ""runtime_index"": 26888, ""file_offset"": 8380, ""floor_field"": 16, ""entity_id_field"": 33097, ""group"": 0, ""room"": 7, ""unknown_a3"": 0, ""position"": [-114.2191162109375, 13.162500381469727, 38.756683349609375], ""angles"": [8192, 28672, 4096], ""params"": [1.0, 1.0, 1.0, 0, 0, 0], ""unused_pointer"": 808775552}"
vr-ep2/q49-bb-e,16,147,"{""base_type"": 531, ""set_flags"": 0, ""runtime_index"": 12808, ""file_offset"": 10012, ""floor_field"": 16, ""entity_id_field"": 37194, ""group"": 0, ""room"": 9, ""unknown_a3"": 0, ""position"": [133.0, 10.0, 156.0], ""angles"": [11776, 0, 0], ""params"": [1.0, 1.0, 1.0, 0, 0, 0], ""unused_pointer"": 2149248896}"
vr-ep2/q49-bb-e,16,155,"{""base_type"": 531, ""set_flags"": 0, ""runtime_index"": 12808, ""file_offset"": 10556, ""floor_field"": 16, ""entity_id_field"": 40522, ""group"": 0, ""room"": 9, ""unknown_a3"": 0, ""position"": [133.0, 10.0, 156.0], ""angles"": [11776, 0, 0], ""params"": [1.0, 1.0, 1.0, 0, 0, 0], ""unused_pointer"": 2425220992}"
vr-ep2/q49-bb-j,16,122,"{""base_type"": 531, ""set_flags"": 0, ""runtime_index"": 25864, ""file_offset"": 8312, ""floor_field"": 16, ""entity_id_field"": 32841, ""group"": 0, ""room"": 7, ""unknown_a3"": 0, ""position"": [62.330078125, 4.539999961853027, 82.50997924804688], ""angles"": [28672, 20480, -8192], ""params"": [1.0, 1.0, 1.0, 1, 0, 0], ""unused_pointer"": 3761434496}"
vr-ep2/q49-bb-j,16,123,"{""base_type"": 531, ""set_flags"": 0, ""runtime_index"": 26888, ""file_offset"": 8380, ""floor_field"": 16, ""entity_id_field"": 33097, ""group"": 0, ""room"": 7, ""unknown_a3"": 0, ""position"": [-114.2191162109375, 13.162500381469727, 38.756683349609375], ""angles"": [8192, 28672, 4096], ""params"": [1.0, 1.0, 1.0, 0, 0, 0], ""unused_pointer"": 808775552}"
vr-ep2/q49-bb-j,16,147,"{""base_type"": 531, ""set_flags"": 0, ""runtime_index"": 12808, ""file_offset"": 10012, ""floor_field"": 16, ""entity_id_field"": 37194, ""group"": 0, ""room"": 9, ""unknown_a3"": 0, ""position"": [133.0, 10.0, 156.0], ""angles"": [11776, 0, 0], ""params"": [1.0, 1.0, 1.0, 0, 0, 0], ""unused_pointer"": 2149248896}"
vr-ep2/q49-bb-j,16,155,"{""base_type"": 531, ""set_flags"": 0, ""runtime_index"": 12808, ""file_offset"": 10556, ""floor_field"": 16, ""entity_id_field"": 40522, ""group"": 0, ""room"": 9, ""unknown_a3"": 0, ""position"": [133.0, 10.0, 156.0], ""angles"": [11776, 0, 0], ""params"": [1.0, 1.0, 1.0, 0, 0, 0], ""unused_pointer"": 2425220992}"
vr-ep2/q64-bb-e,9,23,"{""base_type"": 531, ""set_flags"": 512, ""runtime_index"": 22533, ""file_offset"": 6876, ""floor_field"": 9, ""entity_id_field"": 35657, ""group"": 0, ""room"": 3, ""unknown_a3"": 0, ""position"": [-160.0, 4.0, -55.0], ""angles"": [45056, 0, 0], ""params"": [1.0, 1.0, 1.0, 2, 0, 0], ""unused_pointer"": 281010560}"
vr-ep2/q64-bb-e,9,25,"{""base_type"": 531, ""set_flags"": 0, ""runtime_index"": 21768, ""file_offset"": 7012, ""floor_field"": 9, ""entity_id_field"": 36169, ""group"": 0, ""room"": 3, ""unknown_a3"": 0, ""position"": [-455.0, -7.0, -45.0], ""angles"": [24576, 0, 36864], ""params"": [1.0, 1.0, 1.0, 1, 0, 0], ""unused_pointer"": 549773696}"
vr-ep2/q64-bb-e,9,26,"{""base_type"": 531, ""set_flags"": 512, ""runtime_index"": 23557, ""file_offset"": 7080, ""floor_field"": 9, ""entity_id_field"": 36425, ""group"": 0, ""room"": 3, ""unknown_a3"": 0, ""position"": [-1060.0, -2.0, -210.0], ""angles"": [49152, 0, 8192], ""params"": [1.0, 1.0, 1.0, 2, 0, 0], ""unused_pointer"": 1892016512}"
vr-ep2/q64-bb-e,9,39,"{""base_type"": 531, ""set_flags"": 512, ""runtime_index"": 26885, ""file_offset"": 7964, ""floor_field"": 9, ""entity_id_field"": 39753, ""group"": 0, ""room"": 3, ""unknown_a3"": 0, ""position"": [-155.0, -1.8499999046325684, -51.0], ""angles"": [32768, 45056, 36864], ""params"": [1.0, 1.0, 1.0, 2, 0, 0], ""unused_pointer"": 820830592}"
vr-ep2/q64-bb-j,9,23,"{""base_type"": 531, ""set_flags"": 512, ""runtime_index"": 22533, ""file_offset"": 6876, ""floor_field"": 9, ""entity_id_field"": 35657, ""group"": 0, ""room"": 3, ""unknown_a3"": 0, ""position"": [-160.0, 4.0, -55.0], ""angles"": [45056, 0, 0], ""params"": [1.0, 1.0, 1.0, 2, 0, 0], ""unused_pointer"": 281010560}"
vr-ep2/q64-bb-j,9,25,"{""base_type"": 531, ""set_flags"": 0, ""runtime_index"": 21768, ""file_offset"": 7012, ""floor_field"": 9, ""entity_id_field"": 36169, ""group"": 0, ""room"": 3, ""unknown_a3"": 0, ""position"": [-455.0, -7.0, -45.0], ""angles"": [24576, 0, 36864], ""params"": [1.0, 1.0, 1.0, 1, 0, 0], ""unused_pointer"": 549773696}"
vr-ep2/q64-bb-j,9,26,"{""base_type"": 531, ""set_flags"": 512, ""runtime_index"": 23557, ""file_offset"": 7080, ""floor_field"": 9, ""entity_id_field"": 36425, ""group"": 0, ""room"": 3, ""unknown_a3"": 0, ""position"": [-1060.0, -2.0, -210.0], ""angles"": [49152, 0, 8192], ""params"": [1.0, 1.0, 1.0, 2, 0, 0], ""unused_pointer"": 1892016512}"
vr-ep2/q64-bb-j,9,39,"{""base_type"": 531, ""set_flags"": 512, ""runtime_index"": 26885, ""file_offset"": 7964, ""floor_field"": 9, ""entity_id_field"": 39753, ""group"": 0, ""room"": 3, ""unknown_a3"": 0, ""position"": [-155.0, -1.8499999046325684, -51.0], ""angles"": [32768, 45056, 36864], ""params"": [1.0, 1.0, 1.0, 2, 0, 0], ""unused_pointer"": 820830592}"
vr-ep2/q231-bb-e,9,47,"{""base_type"": 531, ""set_flags"": 2, ""runtime_index"": 105, ""file_offset"": 18492, ""floor_field"": 9, ""entity_id_field"": 18916, ""group"": 0, ""room"": 3, ""unknown_a3"": 0, ""position"": [-160.0, 4.0, -55.0], ""angles"": [45056, 0, 0], ""params"": [1.0, 1.0, 1.0, 2, 0, 0], ""unused_pointer"": 77527040}"
vr-ep2/q231-bb-e,9,49,"{""base_type"": 531, ""set_flags"": 2, ""runtime_index"": 107, ""file_offset"": 18628, ""floor_field"": 9, ""entity_id_field"": 18918, ""group"": 0, ""room"": 3, ""unknown_a3"": 0, ""position"": [-455.0, -7.0, -45.0], ""angles"": [24576, 0, 36864], ""params"": [1.0, 1.0, 1.0, 1, 0, 0], ""unused_pointer"": 77528080}"
vr-ep2/q231-bb-e,9,50,"{""base_type"": 531, ""set_flags"": 2, ""runtime_index"": 108, ""file_offset"": 18696, ""floor_field"": 9, ""entity_id_field"": 18919, ""group"": 0, ""room"": 3, ""unknown_a3"": 0, ""position"": [-1060.0, -2.0, -210.0], ""angles"": [49152, 0, 8192], ""params"": [1.0, 1.0, 1.0, 2, 0, 0], ""unused_pointer"": 77528288}"
vr-ep2/q231-bb-e,9,63,"{""base_type"": 531, ""set_flags"": 2, ""runtime_index"": 121, ""file_offset"": 19580, ""floor_field"": 9, ""entity_id_field"": 18932, ""group"": 0, ""room"": 3, ""unknown_a3"": 0, ""position"": [-155.0, -1.8499999046325684, -51.0], ""angles"": [32768, 45056, 36864], ""params"": [1.0, 1.0, 1.0, 2, 0, 0], ""unused_pointer"": 77536928}"
vr-ep2/q231-bb-e,9,119,"{""base_type"": 531, ""set_flags"": 2, ""runtime_index"": 177, ""file_offset"": 23388, ""floor_field"": 9, ""entity_id_field"": 18988, ""group"": 0, ""room"": 13, ""unknown_a3"": 0, ""position"": [50.0, 10.0, 30.0], ""angles"": [12288, 1024, 0], ""params"": [1.0, 1.0, 1.0, 0, 0, 0], ""unused_pointer"": 77581712}"
vr-ep2/q231-bb-j,9,47,"{""base_type"": 531, ""set_flags"": 2, ""runtime_index"": 105, ""file_offset"": 18492, ""floor_field"": 9, ""entity_id_field"": 18916, ""group"": 0, ""room"": 3, ""unknown_a3"": 0, ""position"": [-160.0, 4.0, -55.0], ""angles"": [45056, 0, 0], ""params"": [1.0, 1.0, 1.0, 2, 0, 0], ""unused_pointer"": 77527040}"
vr-ep2/q231-bb-j,9,49,"{""base_type"": 531, ""set_flags"": 2, ""runtime_index"": 107, ""file_offset"": 18628, ""floor_field"": 9, ""entity_id_field"": 18918, ""group"": 0, ""room"": 3, ""unknown_a3"": 0, ""position"": [-455.0, -7.0, -45.0], ""angles"": [24576, 0, 36864], ""params"": [1.0, 1.0, 1.0, 1, 0, 0], ""unused_pointer"": 77528080}"
vr-ep2/q231-bb-j,9,50,"{""base_type"": 531, ""set_flags"": 2, ""runtime_index"": 108, ""file_offset"": 18696, ""floor_field"": 9, ""entity_id_field"": 18919, ""group"": 0, ""room"": 3, ""unknown_a3"": 0, ""position"": [-1060.0, -2.0, -210.0], ""angles"": [49152, 0, 8192], ""params"": [1.0, 1.0, 1.0, 2, 0, 0], ""unused_pointer"": 77528288}"
vr-ep2/q231-bb-j,9,63,"{""base_type"": 531, ""set_flags"": 2, ""runtime_index"": 121, ""file_offset"": 19580, ""floor_field"": 9, ""entity_id_field"": 18932, ""group"": 0, ""room"": 3, ""unknown_a3"": 0, ""position"": [-155.0, -1.8499999046325684, -51.0], ""angles"": [32768, 45056, 36864], ""params"": [1.0, 1.0, 1.0, 2, 0, 0], ""unused_pointer"": 77536928}"
vr-ep2/q231-bb-j,9,119,"{""base_type"": 531, ""set_flags"": 2, ""runtime_index"": 177, ""file_offset"": 23388, ""floor_field"": 9, ""entity_id_field"": 18988, ""group"": 0, ""room"": 13, ""unknown_a3"": 0, ""position"": [50.0, 10.0, 30.0], ""angles"": [12288, 1024, 0], ""params"": [1.0, 1.0, 1.0, 0, 0, 0], ""unused_pointer"": 77581712}"
