quest,floor,index,full_DAT_fields
events-ep4/q302-bb-e,1,11,"{""base_type"": 769, ""set_flags"": 0, ""runtime_index"": 1495, ""file_offset"": 4452, ""floor_field"": 1, ""entity_id_field"": 17909, ""group"": 0, ""room"": 60, ""unknown_a3"": 0, ""position"": [-121.568603515625, 4.133841514587402, 211.060546875], ""angles"": [0, 49152, 0], ""params"": [2.0, 0.5, 1.0, 0, 0, 0], ""unused_pointer"": 75997776}"
events-ep4/q302-bb-e,1,14,"{""base_type"": 769, ""set_flags"": 0, ""runtime_index"": 1487, ""file_offset"": 4656, ""floor_field"": 1, ""entity_id_field"": 17912, ""group"": 0, ""room"": 60, ""unknown_a3"": 0, ""position"": [-161.175537109375, 2.0629405975341797, 192.6240234375], ""angles"": [0, 0, 0], ""params"": [1.0, 1.0, 1.0, 2, 0, 0], ""unused_pointer"": 75999072}"
events-ep4/q302-bb-e,1,15,"{""base_type"": 769, ""set_flags"": 0, ""runtime_index"": 1488, ""file_offset"": 4724, ""floor_field"": 1, ""entity_id_field"": 17913, ""group"": 0, ""room"": 60, ""unknown_a3"": 0, ""position"": [-125.4326171875, 3.67253041267395, 181.22900390625], ""angles"": [0, 8192, 0], ""params"": [1.0, 1.0, 1.0, 2, 0, 0], ""unused_pointer"": 75999920}"
events-ep4/q302-bb-e,1,16,"{""base_type"": 769, ""set_flags"": 0, ""runtime_index"": 1489, ""file_offset"": 4792, ""floor_field"": 1, ""entity_id_field"": 17914, ""group"": 0, ""room"": 60, ""unknown_a3"": 0, ""position"": [-84.551025390625, 4.133841514587402, 200.0634765625], ""angles"": [0, 24576, 0], ""params"": [1.0, 1.0, 1.0, 2, 0, 0], ""unused_pointer"": 76000768}"
events-ep4/q302-bb-e,1,17,"{""base_type"": 769, ""set_flags"": 0, ""runtime_index"": 1490, ""file_offset"": 4860, ""floor_field"": 1, ""entity_id_field"": 17915, ""group"": 0, ""room"": 60, ""unknown_a3"": 0, ""position"": [-67.7734375, 3.831697940826416, 229.9755859375], ""angles"": [0, 24576, 0], ""params"": [1.0, 1.0, 1.0, 2, 0, 0], ""unused_pointer"": 76001616}"
events-ep4/q302-bb-e,1,18,"{""base_type"": 769, ""set_flags"": 0, ""runtime_index"": 1491, ""file_offset"": 4928, ""floor_field"": 1, ""entity_id_field"": 17916, ""group"": 0, ""room"": 60, ""unknown_a3"": 0, ""position"": [-51.514404296875, 0.00431060791015625, 257.73291015625], ""angles"": [0, 32768, 0], ""params"": [1.0, 1.0, 1.0, 2, 0, 0], ""unused_pointer"": 76002464}"
events-ep4/q302-bb-j,1,11,"{""base_type"": 769, ""set_flags"": 0, ""runtime_index"": 1495, ""file_offset"": 4452, ""floor_field"": 1, ""entity_id_field"": 17909, ""group"": 0, ""room"": 60, ""unknown_a3"": 0, ""position"": [-121.568603515625, 4.133841514587402, 211.060546875], ""angles"": [0, 49152, 0], ""params"": [2.0, 0.5, 1.0, 0, 0, 0], ""unused_pointer"": 75997776}"
events-ep4/q302-bb-j,1,14,"{""base_type"": 769, ""set_flags"": 0, ""runtime_index"": 1487, ""file_offset"": 4656, ""floor_field"": 1, ""entity_id_field"": 17912, ""group"": 0, ""room"": 60, ""unknown_a3"": 0, ""position"": [-161.175537109375, 2.0629405975341797, 192.6240234375], ""angles"": [0, 0, 0], ""params"": [1.0, 1.0, 1.0, 2, 0, 0], ""unused_pointer"": 75999072}"
events-ep4/q302-bb-j,1,15,"{""base_type"": 769, ""set_flags"": 0, ""runtime_index"": 1488, ""file_offset"": 4724, ""floor_field"": 1, ""entity_id_field"": 17913, ""group"": 0, ""room"": 60, ""unknown_a3"": 0, ""position"": [-125.4326171875, 3.67253041267395, 181.22900390625], ""angles"": [0, 8192, 0], ""params"": [1.0, 1.0, 1.0, 2, 0, 0], ""unused_pointer"": 75999920}"
events-ep4/q302-bb-j,1,16,"{""base_type"": 769, ""set_flags"": 0, ""runtime_index"": 1489, ""file_offset"": 4792, ""floor_field"": 1, ""entity_id_field"": 17914, ""group"": 0, ""room"": 60, ""unknown_a3"": 0, ""position"": [-84.551025390625, 4.133841514587402, 200.0634765625], ""angles"": [0, 24576, 0], ""params"": [1.0, 1.0, 1.0, 2, 0, 0], ""unused_pointer"": 76000768}"
events-ep4/q302-bb-j,1,17,"{""base_type"": 769, ""set_flags"": 0, ""runtime_index"": 1490, ""file_offset"": 4860, ""floor_field"": 1, ""entity_id_field"": 17915, ""group"": 0, ""room"": 60, ""unknown_a3"": 0, ""position"": [-67.7734375, 3.831697940826416, 229.9755859375], ""angles"": [0, 24576, 0], ""params"": [1.0, 1.0, 1.0, 2, 0, 0], ""unused_pointer"": 76001616}"
events-ep4/q302-bb-j,1,18,"{""base_type"": 769, ""set_flags"": 0, ""runtime_index"": 1491, ""file_offset"": 4928, ""floor_field"": 1, ""entity_id_field"": 17916, ""group"": 0, ""room"": 60, ""unknown_a3"": 0, ""position"": [-51.514404296875, 0.00431060791015625, 257.73291015625], ""angles"": [0, 32768, 0], ""params"": [1.0, 1.0, 1.0, 2, 0, 0], ""unused_pointer"": 76002464}"
events-ep4/q315-bb-e,1,11,"{""base_type"": 769, ""set_flags"": 0, ""runtime_index"": 1495, ""file_offset"": 4452, ""floor_field"": 1, ""entity_id_field"": 17909, ""group"": 0, ""room"": 60, ""unknown_a3"": 0, ""position"": [-121.568603515625, 4.133841514587402, 211.060546875], ""angles"": [0, 49152, 0], ""params"": [2.0, 0.5, 1.0, 0, 0, 0], ""unused_pointer"": 75997776}"
events-ep4/q315-bb-e,1,14,"{""base_type"": 769, ""set_flags"": 0, ""runtime_index"": 1487, ""file_offset"": 4656, ""floor_field"": 1, ""entity_id_field"": 17912, ""group"": 0, ""room"": 60, ""unknown_a3"": 0, ""position"": [-161.175537109375, 2.0629405975341797, 192.6240234375], ""angles"": [0, 0, 0], ""params"": [1.0, 1.0, 1.0, 2, 0, 0], ""unused_pointer"": 75999072}"
events-ep4/q315-bb-e,1,15,"{""base_type"": 769, ""set_flags"": 0, ""runtime_index"": 1488, ""file_offset"": 4724, ""floor_field"": 1, ""entity_id_field"": 17913, ""group"": 0, ""room"": 60, ""unknown_a3"": 0, ""position"": [-125.4326171875, 3.67253041267395, 181.22900390625], ""angles"": [0, 8192, 0], ""params"": [1.0, 1.0, 1.0, 2, 0, 0], ""unused_pointer"": 75999920}"
events-ep4/q315-bb-e,1,16,"{""base_type"": 769, ""set_flags"": 0, ""runtime_index"": 1489, ""file_offset"": 4792, ""floor_field"": 1, ""entity_id_field"": 17914, ""group"": 0, ""room"": 60, ""unknown_a3"": 0, ""position"": [-84.551025390625, 4.133841514587402, 200.0634765625], ""angles"": [0, 24576, 0], ""params"": [1.0, 1.0, 1.0, 2, 0, 0], ""unused_pointer"": 76000768}"
events-ep4/q315-bb-e,1,17,"{""base_type"": 769, ""set_flags"": 0, ""runtime_index"": 1490, ""file_offset"": 4860, ""floor_field"": 1, ""entity_id_field"": 17915, ""group"": 0, ""room"": 60, ""unknown_a3"": 0, ""position"": [-67.7734375, 3.831697940826416, 229.9755859375], ""angles"": [0, 24576, 0], ""params"": [1.0, 1.0, 1.0, 2, 0, 0], ""unused_pointer"": 76001616}"
events-ep4/q315-bb-e,1,18,"{""base_type"": 769, ""set_flags"": 0, ""runtime_index"": 1491, ""file_offset"": 4928, ""floor_field"": 1, ""entity_id_field"": 17916, ""group"": 0, ""room"": 60, ""unknown_a3"": 0, ""position"": [-51.514404296875, 0.00431060791015625, 257.73291015625], ""angles"": [0, 32768, 0], ""params"": [1.0, 1.0, 1.0, 2, 0, 0], ""unused_pointer"": 76002464}"
events-ep4/q315-bb-j,1,11,"{""base_type"": 769, ""set_flags"": 0, ""runtime_index"": 1495, ""file_offset"": 4452, ""floor_field"": 1, ""entity_id_field"": 17909, ""group"": 0, ""room"": 60, ""unknown_a3"": 0, ""position"": [-121.568603515625, 4.133841514587402, 211.060546875], ""angles"": [0, 49152, 0], ""params"": [2.0, 0.5, 1.0, 0, 0, 0], ""unused_pointer"": 75997776}"
events-ep4/q315-bb-j,1,14,"{""base_type"": 769, ""set_flags"": 0, ""runtime_index"": 1487, ""file_offset"": 4656, ""floor_field"": 1, ""entity_id_field"": 17912, ""group"": 0, ""room"": 60, ""unknown_a3"": 0, ""position"": [-161.175537109375, 2.0629405975341797, 192.6240234375], ""angles"": [0, 0, 0], ""params"": [1.0, 1.0, 1.0, 2, 0, 0], ""unused_pointer"": 75999072}"
events-ep4/q315-bb-j,1,15,"{""base_type"": 769, ""set_flags"": 0, ""runtime_index"": 1488, ""file_offset"": 4724, ""floor_field"": 1, ""entity_id_field"": 17913, ""group"": 0, ""room"": 60, ""unknown_a3"": 0, ""position"": [-125.4326171875, 3.67253041267395, 181.22900390625], ""angles"": [0, 8192, 0], ""params"": [1.0, 1.0, 1.0, 2, 0, 0], ""unused_pointer"": 75999920}"
events-ep4/q315-bb-j,1,16,"{""base_type"": 769, ""set_flags"": 0, ""runtime_index"": 1489, ""file_offset"": 4792, ""floor_field"": 1, ""entity_id_field"": 17914, ""group"": 0, ""room"": 60, ""unknown_a3"": 0, ""position"": [-84.551025390625, 4.133841514587402, 200.0634765625], ""angles"": [0, 24576, 0], ""params"": [1.0, 1.0, 1.0, 2, 0, 0], ""unused_pointer"": 76000768}"
events-ep4/q315-bb-j,1,17,"{""base_type"": 769, ""set_flags"": 0, ""runtime_index"": 1490, ""file_offset"": 4860, ""floor_field"": 1, ""entity_id_field"": 17915, ""group"": 0, ""room"": 60, ""unknown_a3"": 0, ""position"": [-67.7734375, 3.831697940826416, 229.9755859375], ""angles"": [0, 24576, 0], ""params"": [1.0, 1.0, 1.0, 2, 0, 0], ""unused_pointer"": 76001616}"
events-ep4/q315-bb-j,1,18,"{""base_type"": 769, ""set_flags"": 0, ""runtime_index"": 1491, ""file_offset"": 4928, ""floor_field"": 1, ""entity_id_field"": 17916, ""group"": 0, ""room"": 60, ""unknown_a3"": 0, ""position"": [-51.514404296875, 0.00431060791015625, 257.73291015625], ""angles"": [0, 32768, 0], ""params"": [1.0, 1.0, 1.0, 2, 0, 0], ""unused_pointer"": 76002464}"
extermination-ep4/q816-bb-e,1,13,"{""base_type"": 769, ""set_flags"": 0, ""runtime_index"": 1582, ""file_offset"": 2684, ""floor_field"": 1, ""entity_id_field"": 17668, ""group"": 0, ""room"": 10, ""unknown_a3"": 0, ""position"": [-216.13134765625, 8.145916938781738, 126.31578063964844], ""angles"": [0, 0, 0], ""params"": [1.0, 1.0, 1.0, 0, 0, 0], ""unused_pointer"": 30841392}"
extermination-ep4/q816-bb-e,1,14,"{""base_type"": 769, ""set_flags"": 0, ""runtime_index"": 1583, ""file_offset"": 2752, ""floor_field"": 1, ""entity_id_field"": 17669, ""group"": 0, ""room"": 10, ""unknown_a3"": 0, ""position"": [-184.86416625976562, 5.4700212478637695, 120.30400848388672], ""angles"": [0, 8192, 0], ""params"": [1.0, 1.0, 1.0, 2, 0, 0], ""unused_pointer"": 30842240}"
extermination-ep4/q816-bb-e,1,15,"{""base_type"": 769, ""set_flags"": 0, ""runtime_index"": 1584, ""file_offset"": 2820, ""floor_field"": 1, ""entity_id_field"": 17670, ""group"": 0, ""room"": 10, ""unknown_a3"": 0, ""position"": [-135.64584350585938, 6.31297492980957, 130.08340454101562], ""angles"": [0, 8192, 0], ""params"": [1.0, 1.0, 1.0, 1, 0, 0], ""unused_pointer"": 30843088}"
extermination-ep4/q816-bb-e,1,44,"{""base_type"": 769, ""set_flags"": 0, ""runtime_index"": 1537, ""file_offset"": 4792, ""floor_field"": 1, ""entity_id_field"": 18736, ""group"": 0, ""room"": 11, ""unknown_a3"": 0, ""position"": [38.864501953125, 2.8748741149902344, 91.374267578125], ""angles"": [0, 0, 0], ""params"": [1.0, 1.0, 1.0, 0, 0, 0], ""unused_pointer"": 32158096}"
extermination-ep4/q816-bb-e,1,46,"{""base_type"": 769, ""set_flags"": 0, ""runtime_index"": 1542, ""file_offset"": 4928, ""floor_field"": 1, ""entity_id_field"": 18738, ""group"": 0, ""room"": 11, ""unknown_a3"": 0, ""position"": [13.74530029296875, 3.5402607917785645, 120.791259765625], ""angles"": [0, 0, 0], ""params"": [1.0, 1.0, 1.0, 2, 0, 0], ""unused_pointer"": 32159168}"
extermination-ep4/q816-bb-e,1,48,"{""base_type"": 769, ""set_flags"": 0, ""runtime_index"": 1543, ""file_offset"": 5064, ""floor_field"": 1, ""entity_id_field"": 18740, ""group"": 0, ""room"": 11, ""unknown_a3"": 0, ""position"": [53.65594482421875, 2.3755812644958496, 50.4619140625], ""angles"": [0, 0, 0], ""params"": [1.0, 1.0, 1.0, 1, 0, 0], ""unused_pointer"": 32160240}"
extermination-ep4/q816-bb-e,1,100,"{""base_type"": 769, ""set_flags"": 0, ""runtime_index"": 1488, ""file_offset"": 8600, ""floor_field"": 1, ""entity_id_field"": 17740, ""group"": 0, ""room"": 30, ""unknown_a3"": 0, ""position"": [-306.73828125, 5.3040080070495605, 381.2584228515625], ""angles"": [0, 8192, 0], ""params"": [1.0, 1.0, 1.0, 2, 0, 0], ""unused_pointer"": 30876912}"
extermination-ep4/q816-bb-e,1,108,"{""base_type"": 769, ""set_flags"": 0, ""runtime_index"": 1546, ""file_offset"": 9144, ""floor_field"": 1, ""entity_id_field"": 17708, ""group"": 0, ""room"": 40, ""unknown_a3"": 0, ""position"": [535.4087524414062, 0.12621545791625977, 243.417236328125], ""angles"": [0, 0, 0], ""params"": [1.0, 1.0, 1.0, 0, 0, 0], ""unused_pointer"": 30857760}"
extermination-ep4/q816-bb-e,1,110,"{""base_type"": 769, ""set_flags"": 0, ""runtime_index"": 1548, ""file_offset"": 9280, ""floor_field"": 1, ""entity_id_field"": 17710, ""group"": 0, ""room"": 40, ""unknown_a3"": 0, ""position"": [548.5193481445312, 0.8075876235961914, 198.939208984375], ""angles"": [0, -65536, 0], ""params"": [1.0, 1.0, 1.0, 2, 0, 0], ""unused_pointer"": 30858608}"
extermination-ep4/q816-bb-e,1,141,"{""base_type"": 769, ""set_flags"": 0, ""runtime_index"": 1490, ""file_offset"": 11388, ""floor_field"": 1, ""entity_id_field"": 17981, ""group"": 0, ""room"": 50, ""unknown_a3"": 0, ""position"": [-177.35369873046875, 3.224954843521118, 361.8681640625], ""angles"": [0, 0, 0], ""params"": [1.0, 1.0, 1.0, 2, 0, 0], ""unused_pointer"": 32152064}"
extermination-ep4/q816-bb-e,1,142,"{""base_type"": 769, ""set_flags"": 0, ""runtime_index"": 1491, ""file_offset"": 11456, ""floor_field"": 1, ""entity_id_field"": 17982, ""group"": 0, ""room"": 50, ""unknown_a3"": 0, ""position"": [-89.709228515625, 4.548666000366211, 322.9814453125], ""angles"": [0, 0, 0], ""params"": [1.0, 1.0, 1.0, 0, 0, 0], ""unused_pointer"": 32152912}"
extermination-ep4/q816-bb-e,1,146,"{""base_type"": 769, ""set_flags"": 0, ""runtime_index"": 1495, ""file_offset"": 11728, ""floor_field"": 1, ""entity_id_field"": 17998, ""group"": 0, ""room"": 50, ""unknown_a3"": 0, ""position"": [-175.20843505859375, 2.330472946166992, 273.650390625], ""angles"": [0, 0, 0], ""params"": [1.0, 1.0, 1.0, 2, 0, 0], ""unused_pointer"": 32154608}"
extermination-ep4/q816-bb-e,1,147,"{""base_type"": 769, ""set_flags"": 0, ""runtime_index"": 1496, ""file_offset"": 11796, ""floor_field"": 1, ""entity_id_field"": 17999, ""group"": 0, ""room"": 50, ""unknown_a3"": 0, ""position"": [-188.31634521484375, 1.1492230892181396, 263.76025390625], ""angles"": [0, 0, 0], ""params"": [1.0, 1.0, 1.0, 1, 0, 0], ""unused_pointer"": 32155456}"
extermination-ep4/q816-bb-e,1,148,"{""base_type"": 769, ""set_flags"": 0, ""runtime_index"": 1497, ""file_offset"": 11864, ""floor_field"": 1, ""entity_id_field"": 18000, ""group"": 0, ""room"": 50, ""unknown_a3"": 0, ""position"": [-194.38067626953125, -0.48202693462371826, 266.41650390625], ""angles"": [0, 0, 0], ""params"": [1.0, 1.0, 1.0, 0, 0, 0], ""unused_pointer"": 32156304}"
extermination-ep4/q816-bb-e,1,177,"{""base_type"": 769, ""set_flags"": 0, ""runtime_index"": 1530, ""file_offset"": 13836, ""floor_field"": 1, ""entity_id_field"": 17675, ""group"": 0, ""room"": 60, ""unknown_a3"": 0, ""position"": [-253.435791015625, 0.6277232766151428, -373.6533203125], ""angles"": [0, 0, 0], ""params"": [1.0, 1.0, 1.0, 2, 0, 0], ""unused_pointer"": 30843120}"
extermination-ep4/q816-bb-e,1,178,"{""base_type"": 769, ""set_flags"": 0, ""runtime_index"": 1531, ""file_offset"": 13904, ""floor_field"": 1, ""entity_id_field"": 17676, ""group"": 0, ""room"": 60, ""unknown_a3"": 0, ""position"": [-238.23095703125, 0.565875768661499, -424.1943359375], ""angles"": [0, 0, 0], ""params"": [1.0, 1.0, 1.0, 1, 0, 0], ""unused_pointer"": 30843968}"
extermination-ep4/q816-bb-e,1,179,"{""base_type"": 769, ""set_flags"": 0, ""runtime_index"": 1532, ""file_offset"": 13972, ""floor_field"": 1, ""entity_id_field"": 17677, ""group"": 0, ""room"": 60, ""unknown_a3"": 0, ""position"": [-224.200927734375, 0.31299304962158203, -446.40087890625], ""angles"": [0, 0, 0], ""params"": [1.0, 1.0, 1.0, 0, 0, 0], ""unused_pointer"": 30844816}"
extermination-ep4/q816-bb-e,1,188,"{""base_type"": 769, ""set_flags"": 0, ""runtime_index"": 1541, ""file_offset"": 14584, ""floor_field"": 1, ""entity_id_field"": 17686, ""group"": 0, ""room"": 60, ""unknown_a3"": 0, ""position"": [-62.639404296875, -9.5367431640625e-07, -7.45556640625], ""angles"": [0, -24576, 0], ""params"": [1.0, 1.0, 1.0, 2, 0, 0], ""unused_pointer"": 30847456}"
extermination-ep4/q816-bb-e,1,189,"{""base_type"": 769, ""set_flags"": 0, ""runtime_index"": 1543, ""file_offset"": 14652, ""floor_field"": 1, ""entity_id_field"": 17687, ""group"": 0, ""room"": 60, ""unknown_a3"": 0, ""position"": [-158.66455078125, -3.814697265625e-06, -49.44970703125], ""angles"": [0, 8192, 0], ""params"": [1.0, 1.0, 1.0, 2, 0, 0], ""unused_pointer"": 30848304}"
extermination-ep4/q816-bb-e,1,191,"{""base_type"": 769, ""set_flags"": 0, ""runtime_index"": 1545, ""file_offset"": 14788, ""floor_field"": 1, ""entity_id_field"": 17689, ""group"": 0, ""room"": 60, ""unknown_a3"": 0, ""position"": [-117.817626953125, -9.5367431640625e-07, -90.6826171875], ""angles"": [0, 0, 0], ""params"": [1.0, 1.0, 1.0, 0, 0, 0], ""unused_pointer"": 30849376}"
extermination-ep4/q816-bb-e,1,192,"{""base_type"": 769, ""set_flags"": 0, ""runtime_index"": 1546, ""file_offset"": 14856, ""floor_field"": 1, ""entity_id_field"": 17690, ""group"": 0, ""room"": 60, ""unknown_a3"": 0, ""position"": [-110.295654296875, -9.5367431640625e-07, -92.45068359375], ""angles"": [0, 0, 0], ""params"": [1.0, 1.0, 1.0, 1, 0, 0], ""unused_pointer"": 30850224}"
extermination-ep4/q816-bb-e,1,193,"{""base_type"": 769, ""set_flags"": 0, ""runtime_index"": 1547, ""file_offset"": 14924, ""floor_field"": 1, ""entity_id_field"": 17691, ""group"": 0, ""room"": 60, ""unknown_a3"": 0, ""position"": [-67.5791015625, -9.5367431640625e-07, -92.82568359375], ""angles"": [0, 0, 0], ""params"": [1.0, 1.0, 1.0, 2, 0, 0], ""unused_pointer"": 30851072}"
extermination-ep4/q816-bb-e,1,194,"{""base_type"": 769, ""set_flags"": 0, ""runtime_index"": 1548, ""file_offset"": 14992, ""floor_field"": 1, ""entity_id_field"": 17692, ""group"": 0, ""room"": 60, ""unknown_a3"": 0, ""position"": [-124.365234375, -1.9073486328125e-06, -53.21533203125], ""angles"": [0, 0, 0], ""params"": [1.0, 1.0, 1.0, 1, 0, 0], ""unused_pointer"": 30851920}"
extermination-ep4/q816-bb-e,1,195,"{""base_type"": 769, ""set_flags"": 0, ""runtime_index"": 1549, ""file_offset"": 15060, ""floor_field"": 1, ""entity_id_field"": 17693, ""group"": 0, ""room"": 60, ""unknown_a3"": 0, ""position"": [-79.865966796875, 0.0, -43.013671875], ""angles"": [0, 0, 0], ""params"": [1.0, 1.0, 1.0, 1, 0, 0], ""unused_pointer"": 30852768}"
extermination-ep4/q816-bb-e,1,196,"{""base_type"": 769, ""set_flags"": 0, ""runtime_index"": 1550, ""file_offset"": 15128, ""floor_field"": 1, ""entity_id_field"": 17694, ""group"": 0, ""room"": 60, ""unknown_a3"": 0, ""position"": [-100.22412109375, 0.0, -40.6845703125], ""angles"": [0, 0, 0], ""params"": [1.0, 1.0, 1.0, 0, 0, 0], ""unused_pointer"": 30853616}"
extermination-ep4/q816-bb-e,1,197,"{""base_type"": 769, ""set_flags"": 0, ""runtime_index"": 1551, ""file_offset"": 15196, ""floor_field"": 1, ""entity_id_field"": 17695, ""group"": 0, ""room"": 60, ""unknown_a3"": 0, ""position"": [-200.413330078125, -9.5367431640625e-07, -41.748046875], ""angles"": [0, 0, 0], ""params"": [1.0, 1.0, 1.0, 0, 0, 0], ""unused_pointer"": 30854464}"
extermination-ep4/q816-bb-e,1,198,"{""base_type"": 769, ""set_flags"": 0, ""runtime_index"": 1552, ""file_offset"": 15264, ""floor_field"": 1, ""entity_id_field"": 17696, ""group"": 0, ""room"": 60, ""unknown_a3"": 0, ""position"": [-170.42041015625, -1.9073486328125e-06, -87.61376953125], ""angles"": [0, 0, 0], ""params"": [1.0, 1.0, 1.0, 1, 0, 0], ""unused_pointer"": 30855312}"
extermination-ep4/q816-bb-j,1,13,"{""base_type"": 769, ""set_flags"": 0, ""runtime_index"": 1582, ""file_offset"": 2684, ""floor_field"": 1, ""entity_id_field"": 17668, ""group"": 0, ""room"": 10, ""unknown_a3"": 0, ""position"": [-216.13134765625, 8.145916938781738, 126.31578063964844], ""angles"": [0, 0, 0], ""params"": [1.0, 1.0, 1.0, 0, 0, 0], ""unused_pointer"": 30841392}"
extermination-ep4/q816-bb-j,1,14,"{""base_type"": 769, ""set_flags"": 0, ""runtime_index"": 1583, ""file_offset"": 2752, ""floor_field"": 1, ""entity_id_field"": 17669, ""group"": 0, ""room"": 10, ""unknown_a3"": 0, ""position"": [-184.86416625976562, 5.4700212478637695, 120.30400848388672], ""angles"": [0, 8192, 0], ""params"": [1.0, 1.0, 1.0, 2, 0, 0], ""unused_pointer"": 30842240}"
extermination-ep4/q816-bb-j,1,15,"{""base_type"": 769, ""set_flags"": 0, ""runtime_index"": 1584, ""file_offset"": 2820, ""floor_field"": 1, ""entity_id_field"": 17670, ""group"": 0, ""room"": 10, ""unknown_a3"": 0, ""position"": [-135.64584350585938, 6.31297492980957, 130.08340454101562], ""angles"": [0, 8192, 0], ""params"": [1.0, 1.0, 1.0, 1, 0, 0], ""unused_pointer"": 30843088}"
extermination-ep4/q816-bb-j,1,44,"{""base_type"": 769, ""set_flags"": 0, ""runtime_index"": 1537, ""file_offset"": 4792, ""floor_field"": 1, ""entity_id_field"": 18736, ""group"": 0, ""room"": 11, ""unknown_a3"": 0, ""position"": [38.864501953125, 2.8748741149902344, 91.374267578125], ""angles"": [0, 0, 0], ""params"": [1.0, 1.0, 1.0, 0, 0, 0], ""unused_pointer"": 32158096}"
extermination-ep4/q816-bb-j,1,46,"{""base_type"": 769, ""set_flags"": 0, ""runtime_index"": 1542, ""file_offset"": 4928, ""floor_field"": 1, ""entity_id_field"": 18738, ""group"": 0, ""room"": 11, ""unknown_a3"": 0, ""position"": [13.74530029296875, 3.5402607917785645, 120.791259765625], ""angles"": [0, 0, 0], ""params"": [1.0, 1.0, 1.0, 2, 0, 0], ""unused_pointer"": 32159168}"
extermination-ep4/q816-bb-j,1,48,"{""base_type"": 769, ""set_flags"": 0, ""runtime_index"": 1543, ""file_offset"": 5064, ""floor_field"": 1, ""entity_id_field"": 18740, ""group"": 0, ""room"": 11, ""unknown_a3"": 0, ""position"": [53.65594482421875, 2.3755812644958496, 50.4619140625], ""angles"": [0, 0, 0], ""params"": [1.0, 1.0, 1.0, 1, 0, 0], ""unused_pointer"": 32160240}"
extermination-ep4/q816-bb-j,1,100,"{""base_type"": 769, ""set_flags"": 0, ""runtime_index"": 1488, ""file_offset"": 8600, ""floor_field"": 1, ""entity_id_field"": 17740, ""group"": 0, ""room"": 30, ""unknown_a3"": 0, ""position"": [-306.73828125, 5.3040080070495605, 381.2584228515625], ""angles"": [0, 8192, 0], ""params"": [1.0, 1.0, 1.0, 2, 0, 0], ""unused_pointer"": 30876912}"
extermination-ep4/q816-bb-j,1,108,"{""base_type"": 769, ""set_flags"": 0, ""runtime_index"": 1546, ""file_offset"": 9144, ""floor_field"": 1, ""entity_id_field"": 17708, ""group"": 0, ""room"": 40, ""unknown_a3"": 0, ""position"": [535.4087524414062, 0.12621545791625977, 243.417236328125], ""angles"": [0, 0, 0], ""params"": [1.0, 1.0, 1.0, 0, 0, 0], ""unused_pointer"": 30857760}"
extermination-ep4/q816-bb-j,1,110,"{""base_type"": 769, ""set_flags"": 0, ""runtime_index"": 1548, ""file_offset"": 9280, ""floor_field"": 1, ""entity_id_field"": 17710, ""group"": 0, ""room"": 40, ""unknown_a3"": 0, ""position"": [548.5193481445312, 0.8075876235961914, 198.939208984375], ""angles"": [0, -65536, 0], ""params"": [1.0, 1.0, 1.0, 2, 0, 0], ""unused_pointer"": 30858608}"
extermination-ep4/q816-bb-j,1,141,"{""base_type"": 769, ""set_flags"": 0, ""runtime_index"": 1490, ""file_offset"": 11388, ""floor_field"": 1, ""entity_id_field"": 17981, ""group"": 0, ""room"": 50, ""unknown_a3"": 0, ""position"": [-177.35369873046875, 3.224954843521118, 361.8681640625], ""angles"": [0, 0, 0], ""params"": [1.0, 1.0, 1.0, 2, 0, 0], ""unused_pointer"": 32152064}"
extermination-ep4/q816-bb-j,1,142,"{""base_type"": 769, ""set_flags"": 0, ""runtime_index"": 1491, ""file_offset"": 11456, ""floor_field"": 1, ""entity_id_field"": 17982, ""group"": 0, ""room"": 50, ""unknown_a3"": 0, ""position"": [-89.709228515625, 4.548666000366211, 322.9814453125], ""angles"": [0, 0, 0], ""params"": [1.0, 1.0, 1.0, 0, 0, 0], ""unused_pointer"": 32152912}"
extermination-ep4/q816-bb-j,1,146,"{""base_type"": 769, ""set_flags"": 0, ""runtime_index"": 1495, ""file_offset"": 11728, ""floor_field"": 1, ""entity_id_field"": 17998, ""group"": 0, ""room"": 50, ""unknown_a3"": 0, ""position"": [-175.20843505859375, 2.330472946166992, 273.650390625], ""angles"": [0, 0, 0], ""params"": [1.0, 1.0, 1.0, 2, 0, 0], ""unused_pointer"": 32154608}"
extermination-ep4/q816-bb-j,1,147,"{""base_type"": 769, ""set_flags"": 0, ""runtime_index"": 1496, ""file_offset"": 11796, ""floor_field"": 1, ""entity_id_field"": 17999, ""group"": 0, ""room"": 50, ""unknown_a3"": 0, ""position"": [-188.31634521484375, 1.1492230892181396, 263.76025390625], ""angles"": [0, 0, 0], ""params"": [1.0, 1.0, 1.0, 1, 0, 0], ""unused_pointer"": 32155456}"
extermination-ep4/q816-bb-j,1,148,"{""base_type"": 769, ""set_flags"": 0, ""runtime_index"": 1497, ""file_offset"": 11864, ""floor_field"": 1, ""entity_id_field"": 18000, ""group"": 0, ""room"": 50, ""unknown_a3"": 0, ""position"": [-194.38067626953125, -0.48202693462371826, 266.41650390625], ""angles"": [0, 0, 0], ""params"": [1.0, 1.0, 1.0, 0, 0, 0], ""unused_pointer"": 32156304}"
extermination-ep4/q816-bb-j,1,177,"{""base_type"": 769, ""set_flags"": 0, ""runtime_index"": 1530, ""file_offset"": 13836, ""floor_field"": 1, ""entity_id_field"": 17675, ""group"": 0, ""room"": 60, ""unknown_a3"": 0, ""position"": [-253.435791015625, 0.6277232766151428, -373.6533203125], ""angles"": [0, 0, 0], ""params"": [1.0, 1.0, 1.0, 2, 0, 0], ""unused_pointer"": 30843120}"
extermination-ep4/q816-bb-j,1,178,"{""base_type"": 769, ""set_flags"": 0, ""runtime_index"": 1531, ""file_offset"": 13904, ""floor_field"": 1, ""entity_id_field"": 17676, ""group"": 0, ""room"": 60, ""unknown_a3"": 0, ""position"": [-238.23095703125, 0.565875768661499, -424.1943359375], ""angles"": [0, 0, 0], ""params"": [1.0, 1.0, 1.0, 1, 0, 0], ""unused_pointer"": 30843968}"
extermination-ep4/q816-bb-j,1,179,"{""base_type"": 769, ""set_flags"": 0, ""runtime_index"": 1532, ""file_offset"": 13972, ""floor_field"": 1, ""entity_id_field"": 17677, ""group"": 0, ""room"": 60, ""unknown_a3"": 0, ""position"": [-224.200927734375, 0.31299304962158203, -446.40087890625], ""angles"": [0, 0, 0], ""params"": [1.0, 1.0, 1.0, 0, 0, 0], ""unused_pointer"": 30844816}"
extermination-ep4/q816-bb-j,1,188,"{""base_type"": 769, ""set_flags"": 0, ""runtime_index"": 1541, ""file_offset"": 14584, ""floor_field"": 1, ""entity_id_field"": 17686, ""group"": 0, ""room"": 60, ""unknown_a3"": 0, ""position"": [-62.639404296875, -9.5367431640625e-07, -7.45556640625], ""angles"": [0, -24576, 0], ""params"": [1.0, 1.0, 1.0, 2, 0, 0], ""unused_pointer"": 30847456}"
extermination-ep4/q816-bb-j,1,189,"{""base_type"": 769, ""set_flags"": 0, ""runtime_index"": 1543, ""file_offset"": 14652, ""floor_field"": 1, ""entity_id_field"": 17687, ""group"": 0, ""room"": 60, ""unknown_a3"": 0, ""position"": [-158.66455078125, -3.814697265625e-06, -49.44970703125], ""angles"": [0, 8192, 0], ""params"": [1.0, 1.0, 1.0, 2, 0, 0], ""unused_pointer"": 30848304}"
extermination-ep4/q816-bb-j,1,191,"{""base_type"": 769, ""set_flags"": 0, ""runtime_index"": 1545, ""file_offset"": 14788, ""floor_field"": 1, ""entity_id_field"": 17689, ""group"": 0, ""room"": 60, ""unknown_a3"": 0, ""position"": [-117.817626953125, -9.5367431640625e-07, -90.6826171875], ""angles"": [0, 0, 0], ""params"": [1.0, 1.0, 1.0, 0, 0, 0], ""unused_pointer"": 30849376}"
extermination-ep4/q816-bb-j,1,192,"{""base_type"": 769, ""set_flags"": 0, ""runtime_index"": 1546, ""file_offset"": 14856, ""floor_field"": 1, ""entity_id_field"": 17690, ""group"": 0, ""room"": 60, ""unknown_a3"": 0, ""position"": [-110.295654296875, -9.5367431640625e-07, -92.45068359375], ""angles"": [0, 0, 0], ""params"": [1.0, 1.0, 1.0, 1, 0, 0], ""unused_pointer"": 30850224}"
extermination-ep4/q816-bb-j,1,193,"{""base_type"": 769, ""set_flags"": 0, ""runtime_index"": 1547, ""file_offset"": 14924, ""floor_field"": 1, ""entity_id_field"": 17691, ""group"": 0, ""room"": 60, ""unknown_a3"": 0, ""position"": [-67.5791015625, -9.5367431640625e-07, -92.82568359375], ""angles"": [0, 0, 0], ""params"": [1.0, 1.0, 1.0, 2, 0, 0], ""unused_pointer"": 30851072}"
extermination-ep4/q816-bb-j,1,194,"{""base_type"": 769, ""set_flags"": 0, ""runtime_index"": 1548, ""file_offset"": 14992, ""floor_field"": 1, ""entity_id_field"": 17692, ""group"": 0, ""room"": 60, ""unknown_a3"": 0, ""position"": [-124.365234375, -1.9073486328125e-06, -53.21533203125], ""angles"": [0, 0, 0], ""params"": [1.0, 1.0, 1.0, 1, 0, 0], ""unused_pointer"": 30851920}"
extermination-ep4/q816-bb-j,1,195,"{""base_type"": 769, ""set_flags"": 0, ""runtime_index"": 1549, ""file_offset"": 15060, ""floor_field"": 1, ""entity_id_field"": 17693, ""group"": 0, ""room"": 60, ""unknown_a3"": 0, ""position"": [-79.865966796875, 0.0, -43.013671875], ""angles"": [0, 0, 0], ""params"": [1.0, 1.0, 1.0, 1, 0, 0], ""unused_pointer"": 30852768}"
extermination-ep4/q816-bb-j,1,196,"{""base_type"": 769, ""set_flags"": 0, ""runtime_index"": 1550, ""file_offset"": 15128, ""floor_field"": 1, ""entity_id_field"": 17694, ""group"": 0, ""room"": 60, ""unknown_a3"": 0, ""position"": [-100.22412109375, 0.0, -40.6845703125], ""angles"": [0, 0, 0], ""params"": [1.0, 1.0, 1.0, 0, 0, 0], ""unused_pointer"": 30853616}"
extermination-ep4/q816-bb-j,1,197,"{""base_type"": 769, ""set_flags"": 0, ""runtime_index"": 1551, ""file_offset"": 15196, ""floor_field"": 1, ""entity_id_field"": 17695, ""group"": 0, ""room"": 60, ""unknown_a3"": 0, ""position"": [-200.413330078125, -9.5367431640625e-07, -41.748046875], ""angles"": [0, 0, 0], ""params"": [1.0, 1.0, 1.0, 0, 0, 0], ""unused_pointer"": 30854464}"
extermination-ep4/q816-bb-j,1,198,"{""base_type"": 769, ""set_flags"": 0, ""runtime_index"": 1552, ""file_offset"": 15264, ""floor_field"": 1, ""entity_id_field"": 17696, ""group"": 0, ""room"": 60, ""unknown_a3"": 0, ""position"": [-170.42041015625, -1.9073486328125e-06, -87.61376953125], ""angles"": [0, 0, 0], ""params"": [1.0, 1.0, 1.0, 1, 0, 0], ""unused_pointer"": 30855312}"
extermination-ep4/q818-bb-e,6,29,"{""base_type"": 769, ""set_flags"": 0, ""runtime_index"": 1415, ""file_offset"": 3772, ""floor_field"": 6, ""entity_id_field"": 18087, ""group"": 0, ""room"": 20, ""unknown_a3"": 0, ""position"": [-37.689998626708984, 0.17331917583942413, -214.28225708007812], ""angles"": [0, 0, 0], ""params"": [1.0, 1.0, 1.0, 0, 0, 0], ""unused_pointer"": 37201728}"
extermination-ep4/q818-bb-j,6,29,"{""base_type"": 769, ""set_flags"": 0, ""runtime_index"": 1415, ""file_offset"": 3772, ""floor_field"": 6, ""entity_id_field"": 18087, ""group"": 0, ""room"": 20, ""unknown_a3"": 0, ""position"": [-37.689998626708984, 0.17331917583942413, -214.28225708007812], ""angles"": [0, 0, 0], ""params"": [1.0, 1.0, 1.0, 0, 0, 0], ""unused_pointer"": 37201728}"
government-ep4/q701-bb-e,1,227,"{""base_type"": 769, ""set_flags"": 0, ""runtime_index"": 1575, ""file_offset"": 17304, ""floor_field"": 1, ""entity_id_field"": 18029, ""group"": 0, ""room"": 60, ""unknown_a3"": 0, ""position"": [48.6455078125, 1.9073486328125e-06, 67.09619140625], ""angles"": [0, 0, 0], ""params"": [2.0, 1.0, 1.0, 2, 0, 0], ""unused_pointer"": 70051072}"
government-ep4/q701-bb-j,1,227,"{""base_type"": 769, ""set_flags"": 0, ""runtime_index"": 1575, ""file_offset"": 17304, ""floor_field"": 1, ""entity_id_field"": 18029, ""group"": 0, ""room"": 60, ""unknown_a3"": 0, ""position"": [48.6455078125, 1.9073486328125e-06, 67.09619140625], ""angles"": [0, 0, 0], ""params"": [2.0, 1.0, 1.0, 2, 0, 0], ""unused_pointer"": 70051072}"
government-ep4/q702-bb-e,2,8,"{""base_type"": 769, ""set_flags"": 0, ""runtime_index"": 482, ""file_offset"": 2412, ""floor_field"": 1, ""entity_id_field"": 17773, ""group"": 0, ""room"": 10, ""unknown_a3"": 0, ""position"": [827.769775390625, 0.0, -3.926632881164551], ""angles"": [0, 0, 0], ""params"": [2.0, 1.0, 1.0, 2, 0, 0], ""unused_pointer"": 73506944}"
government-ep4/q702-bb-e,2,9,"{""base_type"": 769, ""set_flags"": 0, ""runtime_index"": 483, ""file_offset"": 2480, ""floor_field"": 1, ""entity_id_field"": 17774, ""group"": 0, ""room"": 10, ""unknown_a3"": 0, ""position"": [1012.9081420898438, 0.0, -10.348798751831055], ""angles"": [0, 28672, 0], ""params"": [2.0, 1.0, 1.0, 2, 0, 0], ""unused_pointer"": 73507792}"
government-ep4/q702-bb-e,2,10,"{""base_type"": 769, ""set_flags"": 0, ""runtime_index"": 1355, ""file_offset"": 2548, ""floor_field"": 2, ""entity_id_field"": 17775, ""group"": 0, ""room"": 10, ""unknown_a3"": 0, ""position"": [-130.33062744140625, -5.218048215738236e-15, 0.7102570533752441], ""angles"": [0, 28672, 0], ""params"": [2.5999999046325684, 1.5, 1.0, 1, 0, 0], ""unused_pointer"": 73508640}"
government-ep4/q702-bb-e,2,11,"{""base_type"": 769, ""set_flags"": 0, ""runtime_index"": 1357, ""file_offset"": 2616, ""floor_field"": 2, ""entity_id_field"": 17776, ""group"": 0, ""room"": 10, ""unknown_a3"": 0, ""position"": [-173.55393981933594, 1.1827796697616577e-07, 59.119998931884766], ""angles"": [0, 28672, 0], ""params"": [1.5, 1.6999999284744263, 1.0, 0, 0, 0], ""unused_pointer"": 73509488}"
government-ep4/q702-bb-e,2,12,"{""base_type"": 769, ""set_flags"": 0, ""runtime_index"": 486, ""file_offset"": 2684, ""floor_field"": 1, ""entity_id_field"": 17777, ""group"": 0, ""room"": 10, ""unknown_a3"": 0, ""position"": [-88.87165832519531, 0.0, -38.174560546875], ""angles"": [0, 28672, 0], ""params"": [2.0, 2.0, 1.0, 0, 0, 0], ""unused_pointer"": 73510336}"
government-ep4/q702-bb-e,2,13,"{""base_type"": 769, ""set_flags"": 0, ""runtime_index"": 1554, ""file_offset"": 2752, ""floor_field"": 2, ""entity_id_field"": 17778, ""group"": 0, ""room"": 10, ""unknown_a3"": 0, ""position"": [-96.6256332397461, 0.0, 37.930789947509766], ""angles"": [0, 28672, 0], ""params"": [1.0, 1.0, 1.0, 1, 0, 0], ""unused_pointer"": 73511184}"
government-ep4/q702-bb-e,2,14,"{""base_type"": 769, ""set_flags"": 0, ""runtime_index"": 1342, ""file_offset"": 2820, ""floor_field"": 2, ""entity_id_field"": 17779, ""group"": 0, ""room"": 10, ""unknown_a3"": 0, ""position"": [-189.27255249023438, 0.5232923030853271, 4.474283218383789], ""angles"": [0, 28672, 0], ""params"": [1.2999999523162842, 1.0, 1.0, 2, 0, 0], ""unused_pointer"": 73512032}"
government-ep4/q702-bb-e,2,15,"{""base_type"": 769, ""set_flags"": 0, ""runtime_index"": 1344, ""file_offset"": 2888, ""floor_field"": 2, ""entity_id_field"": 17780, ""group"": 0, ""room"": 10, ""unknown_a3"": 0, ""position"": [-91.4957504272461, 6.100162863731384e-08, -118.28512573242188], ""angles"": [0, 28672, 0], ""params"": [1.2999999523162842, 2.0, 1.0, 0, 0, 0], ""unused_pointer"": 73512880}"
government-ep4/q702-bb-e,2,16,"{""base_type"": 769, ""set_flags"": 0, ""runtime_index"": 1351, ""file_offset"": 2956, ""floor_field"": 2, ""entity_id_field"": 17781, ""group"": 0, ""room"": 10, ""unknown_a3"": 0, ""position"": [-107.41577911376953, -5.122274160385132e-09, -182.193603515625], ""angles"": [0, 28672, 0], ""params"": [2.0, 1.2999999523162842, 1.0, 0, 0, 0], ""unused_pointer"": 73513728}"
government-ep4/q702-bb-e,2,18,"{""base_type"": 769, ""set_flags"": 0, ""runtime_index"": 1346, ""file_offset"": 3092, ""floor_field"": 2, ""entity_id_field"": 17783, ""group"": 0, ""room"": 10, ""unknown_a3"": 0, ""position"": [-168.21578979492188, 8.288770914077759e-08, -95.39724731445312], ""angles"": [0, 32000, 0], ""params"": [1.2999999523162842, 1.2999999523162842, 1.0, 2, 0, 0], ""unused_pointer"": 73515696}"
government-ep4/q702-bb-e,2,19,"{""base_type"": 769, ""set_flags"": 0, ""runtime_index"": 1354, ""file_offset"": 3160, ""floor_field"": 2, ""entity_id_field"": 17784, ""group"": 0, ""room"": 10, ""unknown_a3"": 0, ""position"": [-56.23256301879883, 0.0, -77.48866271972656], ""angles"": [0, 28672, 0], ""params"": [2.299999952316284, 1.0, 1.0, 1, 0, 0], ""unused_pointer"": 73516544}"
government-ep4/q702-bb-e,2,20,"{""base_type"": 769, ""set_flags"": 0, ""runtime_index"": 1338, ""file_offset"": 3228, ""floor_field"": 2, ""entity_id_field"": 17785, ""group"": 0, ""room"": 10, ""unknown_a3"": 0, ""position"": [-53.68211364746094, -1.8905848264694214e-07, 0.1678915023803711], ""angles"": [0, 28672, 0], ""params"": [1.6999999284744263, 1.6999999284744263, 1.0, 1, 0, 0], ""unused_pointer"": 73517392}"
government-ep4/q702-bb-e,2,21,"{""base_type"": 769, ""set_flags"": 0, ""runtime_index"": 1356, ""file_offset"": 3296, ""floor_field"": 2, ""entity_id_field"": 17786, ""group"": 0, ""room"": 10, ""unknown_a3"": 0, ""position"": [-18.125057220458984, -0.01835542730987072, -161.7593994140625], ""angles"": [0, 28672, 0], ""params"": [1.2999999523162842, 1.5999999046325684, 1.0, 0, 0, 0], ""unused_pointer"": 73518240}"
government-ep4/q702-bb-e,2,22,"{""base_type"": 769, ""set_flags"": 0, ""runtime_index"": 1331, ""file_offset"": 3364, ""floor_field"": 2, ""entity_id_field"": 17787, ""group"": 0, ""room"": 10, ""unknown_a3"": 0, ""position"": [15.108471870422363, -0.06117336452007294, 65.30908966064453], ""angles"": [0, 28672, 0], ""params"": [0.5, 1.0, 1.0, 1, 0, 0], ""unused_pointer"": 73519088}"
government-ep4/q702-bb-e,2,23,"{""base_type"": 769, ""set_flags"": 0, ""runtime_index"": 1337, ""file_offset"": 3432, ""floor_field"": 2, ""entity_id_field"": 17788, ""group"": 0, ""room"": 10, ""unknown_a3"": 0, ""position"": [-67.77690124511719, 2.2709267139434814, 99.40509796142578], ""angles"": [0, 28672, 0], ""params"": [1.0, 1.5999999046325684, 1.0, 1, 0, 0], ""unused_pointer"": 73519936}"
government-ep4/q702-bb-e,2,24,"{""base_type"": 769, ""set_flags"": 0, ""runtime_index"": 1336, ""file_offset"": 3500, ""floor_field"": 2, ""entity_id_field"": 17789, ""group"": 0, ""room"": 10, ""unknown_a3"": 0, ""position"": [-33.295814514160156, -0.044711850583553314, 70.23445892333984], ""angles"": [0, 28672, 0], ""params"": [1.2999999523162842, 1.2999999523162842, 1.0, 2, 0, 0], ""unused_pointer"": 73520784}"
government-ep4/q702-bb-e,2,25,"{""base_type"": 769, ""set_flags"": 0, ""runtime_index"": 1348, ""file_offset"": 3568, ""floor_field"": 2, ""entity_id_field"": 17790, ""group"": 0, ""room"": 10, ""unknown_a3"": 0, ""position"": [-126.52622985839844, 1.7898248434066772, 103.25999450683594], ""angles"": [0, 28672, 0], ""params"": [3.0, 0.5999999642372131, 1.0, 1, 0, 0], ""unused_pointer"": 73521632}"
government-ep4/q702-bb-e,2,26,"{""base_type"": 769, ""set_flags"": 0, ""runtime_index"": 1564, ""file_offset"": 3636, ""floor_field"": 2, ""entity_id_field"": 17791, ""group"": 0, ""room"": 10, ""unknown_a3"": 0, ""position"": [-214.4099884033203, 0.0, -142.30999755859375], ""angles"": [0, 28672, 0], ""params"": [4.0, 1.0, 1.0, 1, 0, 0], ""unused_pointer"": 73522480}"
government-ep4/q702-bb-e,2,27,"{""base_type"": 769, ""set_flags"": 0, ""runtime_index"": 1345, ""file_offset"": 3704, ""floor_field"": 2, ""entity_id_field"": 17792, ""group"": 0, ""room"": 10, ""unknown_a3"": 0, ""position"": [-7.955475807189941, -1.5366822481155396e-07, -83.3733901977539], ""angles"": [0, 28672, 0], ""params"": [3.299999952316284, 1.2999999523162842, 1.0, 1, 0, 0], ""unused_pointer"": 73523328}"
government-ep4/q702-bb-e,2,34,"{""base_type"": 769, ""set_flags"": 0, ""runtime_index"": 1566, ""file_offset"": 4180, ""floor_field"": 2, ""entity_id_field"": 17800, ""group"": 0, ""room"": 10, ""unknown_a3"": 0, ""position"": [-210.6930694580078, -9.499490261077881e-07, -69.74662780761719], ""angles"": [0, 28672, 0], ""params"": [1.0, 1.0, 1.0, 1, 0, 0], ""unused_pointer"": 73529168}"
government-ep4/q702-bb-e,2,35,"{""base_type"": 769, ""set_flags"": 0, ""runtime_index"": 1567, ""file_offset"": 4248, ""floor_field"": 2, ""entity_id_field"": 17801, ""group"": 0, ""room"": 10, ""unknown_a3"": 0, ""position"": [-139.59201049804688, -9.499490261077881e-07, -184.97821044921875], ""angles"": [0, 28672, 0], ""params"": [1.0, 1.0, 1.0, 1, 0, 0], ""unused_pointer"": 73530016}"
government-ep4/q702-bb-e,2,43,"{""base_type"": 769, ""set_flags"": 0, ""runtime_index"": 1353, ""file_offset"": 4792, ""floor_field"": 2, ""entity_id_field"": 17809, ""group"": 0, ""room"": 10, ""unknown_a3"": 0, ""position"": [8.77689266204834, 0.059653390198946, -135.55848693847656], ""angles"": [0, 52480, 0], ""params"": [1.2999999523162842, 1.0, 1.0, 2, 0, 0], ""unused_pointer"": 73537600}"
government-ep4/q702-bb-e,2,79,"{""base_type"": 769, ""set_flags"": 0, ""runtime_index"": 1703, ""file_offset"": 7240, ""floor_field"": 2, ""entity_id_field"": 17914, ""group"": 0, ""room"": 20, ""unknown_a3"": 0, ""position"": [-190.850341796875, 13.74326229095459, 167.36599731445312], ""angles"": [0, 0, 0], ""params"": [2.0, 1.0, 1.0, 1, 0, 0], ""unused_pointer"": 73521984}"
government-ep4/q702-bb-e,2,80,"{""base_type"": 769, ""set_flags"": 0, ""runtime_index"": 1704, ""file_offset"": 7308, ""floor_field"": 2, ""entity_id_field"": 17915, ""group"": 0, ""room"": 20, ""unknown_a3"": 0, ""position"": [-309.02490234375, -2.306781530380249, -22.162109375], ""angles"": [0, 0, 0], ""params"": [2.0, 1.0, 1.0, 0, 0, 0], ""unused_pointer"": 73522832}"
government-ep4/q702-bb-e,2,92,"{""base_type"": 769, ""set_flags"": 0, ""runtime_index"": 1373, ""file_offset"": 8124, ""floor_field"": 2, ""entity_id_field"": 17934, ""group"": 0, ""room"": 30, ""unknown_a3"": 0, ""position"": [112.4404296875, -1.3131648302078247e-07, -515.0339965820312], ""angles"": [0, 0, 0], ""params"": [1.2999999523162842, 1.100000023841858, 1.0, 2, 0, 0], ""unused_pointer"": 73507552}"
government-ep4/q702-bb-e,2,93,"{""base_type"": 769, ""set_flags"": 0, ""runtime_index"": 1376, ""file_offset"": 8192, ""floor_field"": 2, ""entity_id_field"": 17935, ""group"": 0, ""room"": 30, ""unknown_a3"": 0, ""position"": [114.1669921875, -1.0244548320770264e-07, -177.16070556640625], ""angles"": [0, 0, 0], ""params"": [1.2999999523162842, 1.0, 1.0, 1, 0, 0], ""unused_pointer"": 73508400}"
government-ep4/q702-bb-e,2,94,"{""base_type"": 769, ""set_flags"": 0, ""runtime_index"": 1374, ""file_offset"": 8260, ""floor_field"": 2, ""entity_id_field"": 17936, ""group"": 0, ""room"": 30, ""unknown_a3"": 0, ""position"": [47.92236328125, -2.561137080192566e-07, -411.78057861328125], ""angles"": [0, 0, 0], ""params"": [1.2999999523162842, 0.699999988079071, 1.0, 0, 0, 0], ""unused_pointer"": 73509248}"
government-ep4/q702-bb-e,2,95,"{""base_type"": 769, ""set_flags"": 0, ""runtime_index"": 1375, ""file_offset"": 8328, ""floor_field"": 2, ""entity_id_field"": 17937, ""group"": 0, ""room"": 30, ""unknown_a3"": 0, ""position"": [63.88818359375, -1.2945383787155151e-07, -307.85626220703125], ""angles"": [0, 0, 0], ""params"": [1.2999999523162842, 1.0, 1.0, 0, 0, 0], ""unused_pointer"": 73510096}"
government-ep4/q702-bb-e,2,96,"{""base_type"": 769, ""set_flags"": 0, ""runtime_index"": 1372, ""file_offset"": 8396, ""floor_field"": 2, ""entity_id_field"": 17938, ""group"": 0, ""room"": 30, ""unknown_a3"": 0, ""position"": [313.94384765625, 0.051115989685058594, -448.56402587890625], ""angles"": [0, 0, 0], ""params"": [1.2999999523162842, 1.0, 1.0, 0, 0, 0], ""unused_pointer"": 73510944}"
government-ep4/q702-bb-e,2,97,"{""base_type"": 769, ""set_flags"": 0, ""runtime_index"": 1371, ""file_offset"": 8464, ""floor_field"": 2, ""entity_id_field"": 17939, ""group"": 0, ""room"": 30, ""unknown_a3"": 0, ""position"": [323.14306640625, -2.1513551473617554e-07, -211.0040283203125], ""angles"": [0, 0, 0], ""params"": [1.5999999046325684, 1.2999999523162842, 1.0, 0, 0, 0], ""unused_pointer"": 73511792}"
government-ep4/q702-bb-e,2,98,"{""base_type"": 769, ""set_flags"": 0, ""runtime_index"": 1370, ""file_offset"": 8532, ""floor_field"": 2, ""entity_id_field"": 17940, ""group"": 0, ""room"": 30, ""unknown_a3"": 0, ""position"": [362.02880859375, 4.6566128730773926e-08, -284.28399658203125], ""angles"": [0, 0, 0], ""params"": [1.2999999523162842, 1.2999999523162842, 1.0, 0, 0, 0], ""unused_pointer"": 73512640}"
government-ep4/q702-bb-e,2,100,"{""base_type"": 769, ""set_flags"": 0, ""runtime_index"": 1589, ""file_offset"": 8668, ""floor_field"": 2, ""entity_id_field"": 17942, ""group"": 0, ""room"": 30, ""unknown_a3"": 0, ""position"": [110.02197265625, 0.0, -78.33383178710938], ""angles"": [0, 0, 0], ""params"": [2.0, 1.0, 1.0, 2, 0, 0], ""unused_pointer"": 73514416}"
government-ep4/q702-bb-e,2,125,"{""base_type"": 769, ""set_flags"": 0, ""runtime_index"": 1587, ""file_offset"": 10368, ""floor_field"": 2, ""entity_id_field"": 17967, ""group"": 0, ""room"": 30, ""unknown_a3"": 0, ""position"": [-227.70849609375, 0.0, 253.3531494140625], ""angles"": [0, 0, 0], ""params"": [3.0, 1.0, 1.0, 1, 0, 0], ""unused_pointer"": 73533040}"
government-ep4/q702-bb-e,2,134,"{""base_type"": 769, ""set_flags"": 0, ""runtime_index"": 1630, ""file_offset"": 10980, ""floor_field"": 2, ""entity_id_field"": 17730, ""group"": 0, ""room"": 40, ""unknown_a3"": 0, ""position"": [461.8314208984375, 1.8970155715942383, 75.61048889160156], ""angles"": [0, 12288, 0], ""params"": [3.0, 3.0, 1.0, 2, 0, 0], ""unused_pointer"": 73480432}"
government-ep4/q702-bb-e,2,135,"{""base_type"": 769, ""set_flags"": 0, ""runtime_index"": 1282, ""file_offset"": 11048, ""floor_field"": 2, ""entity_id_field"": 17731, ""group"": 0, ""room"": 40, ""unknown_a3"": 0, ""position"": [370.41796875, 2.2450380325317383, -234.38339233398438], ""angles"": [0, 0, 0], ""params"": [1.2999999523162842, 1.2999999523162842, 1.0, 0, 0, 0], ""unused_pointer"": 73505776}"
government-ep4/q702-bb-e,2,139,"{""base_type"": 769, ""set_flags"": 0, ""runtime_index"": 1281, ""file_offset"": 11320, ""floor_field"": 2, ""entity_id_field"": 17735, ""group"": 0, ""room"": 40, ""unknown_a3"": 0, ""position"": [329.1387939453125, 0.5534955859184265, -195.5029296875], ""angles"": [0, 0, 0], ""params"": [1.2999999523162842, 1.2999999523162842, 1.0, 2, 0, 0], ""unused_pointer"": 73507296}"
government-ep4/q702-bb-e,2,140,"{""base_type"": 769, ""set_flags"": 0, ""runtime_index"": 1279, ""file_offset"": 11388, ""floor_field"": 2, ""entity_id_field"": 17736, ""group"": 0, ""room"": 40, ""unknown_a3"": 0, ""position"": [426.5838623046875, 1.188614010810852, -100.8633041381836], ""angles"": [0, 0, 0], ""params"": [1.2999999523162842, 1.2999999523162842, 1.0, 0, 0, 0], ""unused_pointer"": 73508144}"
government-ep4/q702-bb-e,2,158,"{""base_type"": 769, ""set_flags"": 0, ""runtime_index"": 1280, ""file_offset"": 12612, ""floor_field"": 2, ""entity_id_field"": 17755, ""group"": 0, ""room"": 40, ""unknown_a3"": 0, ""position"": [458.472900390625, 5.697788715362549, -286.9497375488281], ""angles"": [0, 0, 0], ""params"": [1.2999999523162842, 1.2999999523162842, 1.0, 0, 0, 0], ""unused_pointer"": 73520592}"
government-ep4/q702-bb-e,2,235,"{""base_type"": 769, ""set_flags"": 0, ""runtime_index"": 1676, ""file_offset"": 17848, ""floor_field"": 2, ""entity_id_field"": 18208, ""group"": 0, ""room"": 60, ""unknown_a3"": 0, ""position"": [-469.44091796875, 8.9399995803833, 199.76318359375], ""angles"": [0, 0, 0], ""params"": [1.0, 1.0, 1.0, 0, 0, 0], ""unused_pointer"": 83415584}"
government-ep4/q702-bb-e,2,243,"{""base_type"": 769, ""set_flags"": 0, ""runtime_index"": 1651, ""file_offset"": 18392, ""floor_field"": 2, ""entity_id_field"": 18216, ""group"": 0, ""room"": 60, ""unknown_a3"": 0, ""position"": [-443.874755859375, 8.9399995803833, 188.537109375], ""angles"": [0, 0, 0], ""params"": [1.0, 1.0, 1.0, 0, 0, 0], ""unused_pointer"": 83417872}"
government-ep4/q702-bb-e,2,244,"{""base_type"": 769, ""set_flags"": 0, ""runtime_index"": 1682, ""file_offset"": 18460, ""floor_field"": 2, ""entity_id_field"": 18217, ""group"": 0, ""room"": 60, ""unknown_a3"": 0, ""position"": [-456.230224609375, 8.9399995803833, 234.80126953125], ""angles"": [0, 0, 0], ""params"": [1.0, 1.0, 1.0, 0, 0, 0], ""unused_pointer"": 83418720}"
government-ep4/q702-bb-e,2,245,"{""base_type"": 769, ""set_flags"": 0, ""runtime_index"": 1654, ""file_offset"": 18528, ""floor_field"": 2, ""entity_id_field"": 18218, ""group"": 0, ""room"": 60, ""unknown_a3"": 0, ""position"": [-431.2470703125, 8.9399995803833, 223.6630859375], ""angles"": [0, 0, 0], ""params"": [1.0, 1.0, 1.0, 0, 0, 0], ""unused_pointer"": 83419568}"
government-ep4/q702-bb-e,2,246,"{""base_type"": 769, ""set_flags"": 0, ""runtime_index"": 1652, ""file_offset"": 18596, ""floor_field"": 2, ""entity_id_field"": 18219, ""group"": 0, ""room"": 60, ""unknown_a3"": 0, ""position"": [-403.435546875, 7.989999771118164, 169.9326171875], ""angles"": [0, 0, 0], ""params"": [1.0, 1.0, 1.0, 0, 0, 0], ""unused_pointer"": 83420416}"
government-ep4/q702-bb-e,2,247,"{""base_type"": 769, ""set_flags"": 0, ""runtime_index"": 1653, ""file_offset"": 18664, ""floor_field"": 2, ""entity_id_field"": 18220, ""group"": 0, ""room"": 60, ""unknown_a3"": 0, ""position"": [-390.342041015625, 6.779999732971191, 205.39111328125], ""angles"": [0, 0, 0], ""params"": [1.0, 1.0, 1.0, 0, 0, 0], ""unused_pointer"": 83421264}"
government-ep4/q702-bb-e,2,276,"{""base_type"": 769, ""set_flags"": 0, ""runtime_index"": 1665, ""file_offset"": 20636, ""floor_field"": 2, ""entity_id_field"": 18250, ""group"": 0, ""room"": 60, ""unknown_a3"": 0, ""position"": [-360.471435546875, 0.9586783647537231, 192.7412109375], ""angles"": [0, 0, 0], ""params"": [1.0, 1.0, 1.0, 0, 0, 0], ""unused_pointer"": 83441760}"
government-ep4/q702-bb-e,2,277,"{""base_type"": 769, ""set_flags"": 0, ""runtime_index"": 1666, ""file_offset"": 20704, ""floor_field"": 2, ""entity_id_field"": 18251, ""group"": 0, ""room"": 60, ""unknown_a3"": 0, ""position"": [-373.468017578125, 3.058966875076294, 155.62060546875], ""angles"": [0, 0, 0], ""params"": [1.0, 1.0, 1.0, 0, 0, 0], ""unused_pointer"": 83457936}"
government-ep4/q702-bb-e,2,278,"{""base_type"": 769, ""set_flags"": 0, ""runtime_index"": 1667, ""file_offset"": 20772, ""floor_field"": 2, ""entity_id_field"": 18252, ""group"": 0, ""room"": 60, ""unknown_a3"": 0, ""position"": [-336.393310546875, 4.377216100692749e-08, 25.02294921875], ""angles"": [0, 0, 0], ""params"": [1.0, 1.0, 1.0, 1, 0, 0], ""unused_pointer"": 83458784}"
government-ep4/q702-bb-j,2,8,"{""base_type"": 769, ""set_flags"": 0, ""runtime_index"": 482, ""file_offset"": 2412, ""floor_field"": 1, ""entity_id_field"": 17773, ""group"": 0, ""room"": 10, ""unknown_a3"": 0, ""position"": [827.769775390625, 0.0, -3.926632881164551], ""angles"": [0, 0, 0], ""params"": [2.0, 1.0, 1.0, 2, 0, 0], ""unused_pointer"": 73506944}"
government-ep4/q702-bb-j,2,9,"{""base_type"": 769, ""set_flags"": 0, ""runtime_index"": 483, ""file_offset"": 2480, ""floor_field"": 1, ""entity_id_field"": 17774, ""group"": 0, ""room"": 10, ""unknown_a3"": 0, ""position"": [1012.9081420898438, 0.0, -10.348798751831055], ""angles"": [0, 28672, 0], ""params"": [2.0, 1.0, 1.0, 2, 0, 0], ""unused_pointer"": 73507792}"
government-ep4/q702-bb-j,2,10,"{""base_type"": 769, ""set_flags"": 0, ""runtime_index"": 1355, ""file_offset"": 2548, ""floor_field"": 2, ""entity_id_field"": 17775, ""group"": 0, ""room"": 10, ""unknown_a3"": 0, ""position"": [-130.33062744140625, -5.218048215738236e-15, 0.7102570533752441], ""angles"": [0, 28672, 0], ""params"": [2.5999999046325684, 1.5, 1.0, 1, 0, 0], ""unused_pointer"": 73508640}"
government-ep4/q702-bb-j,2,11,"{""base_type"": 769, ""set_flags"": 0, ""runtime_index"": 1357, ""file_offset"": 2616, ""floor_field"": 2, ""entity_id_field"": 17776, ""group"": 0, ""room"": 10, ""unknown_a3"": 0, ""position"": [-173.55393981933594, 1.1827796697616577e-07, 59.119998931884766], ""angles"": [0, 28672, 0], ""params"": [1.5, 1.6999999284744263, 1.0, 0, 0, 0], ""unused_pointer"": 73509488}"
government-ep4/q702-bb-j,2,12,"{""base_type"": 769, ""set_flags"": 0, ""runtime_index"": 486, ""file_offset"": 2684, ""floor_field"": 1, ""entity_id_field"": 17777, ""group"": 0, ""room"": 10, ""unknown_a3"": 0, ""position"": [-88.87165832519531, 0.0, -38.174560546875], ""angles"": [0, 28672, 0], ""params"": [2.0, 2.0, 1.0, 0, 0, 0], ""unused_pointer"": 73510336}"
government-ep4/q702-bb-j,2,13,"{""base_type"": 769, ""set_flags"": 0, ""runtime_index"": 1554, ""file_offset"": 2752, ""floor_field"": 2, ""entity_id_field"": 17778, ""group"": 0, ""room"": 10, ""unknown_a3"": 0, ""position"": [-96.6256332397461, 0.0, 37.930789947509766], ""angles"": [0, 28672, 0], ""params"": [1.0, 1.0, 1.0, 1, 0, 0], ""unused_pointer"": 73511184}"
government-ep4/q702-bb-j,2,14,"{""base_type"": 769, ""set_flags"": 0, ""runtime_index"": 1342, ""file_offset"": 2820, ""floor_field"": 2, ""entity_id_field"": 17779, ""group"": 0, ""room"": 10, ""unknown_a3"": 0, ""position"": [-189.27255249023438, 0.5232923030853271, 4.474283218383789], ""angles"": [0, 28672, 0], ""params"": [1.2999999523162842, 1.0, 1.0, 2, 0, 0], ""unused_pointer"": 73512032}"
government-ep4/q702-bb-j,2,15,"{""base_type"": 769, ""set_flags"": 0, ""runtime_index"": 1344, ""file_offset"": 2888, ""floor_field"": 2, ""entity_id_field"": 17780, ""group"": 0, ""room"": 10, ""unknown_a3"": 0, ""position"": [-91.4957504272461, 6.100162863731384e-08, -118.28512573242188], ""angles"": [0, 28672, 0], ""params"": [1.2999999523162842, 2.0, 1.0, 0, 0, 0], ""unused_pointer"": 73512880}"
government-ep4/q702-bb-j,2,16,"{""base_type"": 769, ""set_flags"": 0, ""runtime_index"": 1351, ""file_offset"": 2956, ""floor_field"": 2, ""entity_id_field"": 17781, ""group"": 0, ""room"": 10, ""unknown_a3"": 0, ""position"": [-107.41577911376953, -5.122274160385132e-09, -182.193603515625], ""angles"": [0, 28672, 0], ""params"": [2.0, 1.2999999523162842, 1.0, 0, 0, 0], ""unused_pointer"": 73513728}"
government-ep4/q702-bb-j,2,18,"{""base_type"": 769, ""set_flags"": 0, ""runtime_index"": 1346, ""file_offset"": 3092, ""floor_field"": 2, ""entity_id_field"": 17783, ""group"": 0, ""room"": 10, ""unknown_a3"": 0, ""position"": [-168.21578979492188, 8.288770914077759e-08, -95.39724731445312], ""angles"": [0, 32000, 0], ""params"": [1.2999999523162842, 1.2999999523162842, 1.0, 2, 0, 0], ""unused_pointer"": 73515696}"
government-ep4/q702-bb-j,2,19,"{""base_type"": 769, ""set_flags"": 0, ""runtime_index"": 1354, ""file_offset"": 3160, ""floor_field"": 2, ""entity_id_field"": 17784, ""group"": 0, ""room"": 10, ""unknown_a3"": 0, ""position"": [-56.23256301879883, 0.0, -77.48866271972656], ""angles"": [0, 28672, 0], ""params"": [2.299999952316284, 1.0, 1.0, 1, 0, 0], ""unused_pointer"": 73516544}"
government-ep4/q702-bb-j,2,20,"{""base_type"": 769, ""set_flags"": 0, ""runtime_index"": 1338, ""file_offset"": 3228, ""floor_field"": 2, ""entity_id_field"": 17785, ""group"": 0, ""room"": 10, ""unknown_a3"": 0, ""position"": [-53.68211364746094, -1.8905848264694214e-07, 0.1678915023803711], ""angles"": [0, 28672, 0], ""params"": [1.6999999284744263, 1.6999999284744263, 1.0, 1, 0, 0], ""unused_pointer"": 73517392}"
government-ep4/q702-bb-j,2,21,"{""base_type"": 769, ""set_flags"": 0, ""runtime_index"": 1356, ""file_offset"": 3296, ""floor_field"": 2, ""entity_id_field"": 17786, ""group"": 0, ""room"": 10, ""unknown_a3"": 0, ""position"": [-18.125057220458984, -0.01835542730987072, -161.7593994140625], ""angles"": [0, 28672, 0], ""params"": [1.2999999523162842, 1.5999999046325684, 1.0, 0, 0, 0], ""unused_pointer"": 73518240}"
government-ep4/q702-bb-j,2,22,"{""base_type"": 769, ""set_flags"": 0, ""runtime_index"": 1331, ""file_offset"": 3364, ""floor_field"": 2, ""entity_id_field"": 17787, ""group"": 0, ""room"": 10, ""unknown_a3"": 0, ""position"": [15.108471870422363, -0.06117336452007294, 65.30908966064453], ""angles"": [0, 28672, 0], ""params"": [0.5, 1.0, 1.0, 1, 0, 0], ""unused_pointer"": 73519088}"
government-ep4/q702-bb-j,2,23,"{""base_type"": 769, ""set_flags"": 0, ""runtime_index"": 1337, ""file_offset"": 3432, ""floor_field"": 2, ""entity_id_field"": 17788, ""group"": 0, ""room"": 10, ""unknown_a3"": 0, ""position"": [-67.77690124511719, 2.2709267139434814, 99.40509796142578], ""angles"": [0, 28672, 0], ""params"": [1.0, 1.5999999046325684, 1.0, 1, 0, 0], ""unused_pointer"": 73519936}"
government-ep4/q702-bb-j,2,24,"{""base_type"": 769, ""set_flags"": 0, ""runtime_index"": 1336, ""file_offset"": 3500, ""floor_field"": 2, ""entity_id_field"": 17789, ""group"": 0, ""room"": 10, ""unknown_a3"": 0, ""position"": [-33.295814514160156, -0.044711850583553314, 70.23445892333984], ""angles"": [0, 28672, 0], ""params"": [1.2999999523162842, 1.2999999523162842, 1.0, 2, 0, 0], ""unused_pointer"": 73520784}"
government-ep4/q702-bb-j,2,25,"{""base_type"": 769, ""set_flags"": 0, ""runtime_index"": 1348, ""file_offset"": 3568, ""floor_field"": 2, ""entity_id_field"": 17790, ""group"": 0, ""room"": 10, ""unknown_a3"": 0, ""position"": [-126.52622985839844, 1.7898248434066772, 103.25999450683594], ""angles"": [0, 28672, 0], ""params"": [3.0, 0.5999999642372131, 1.0, 1, 0, 0], ""unused_pointer"": 73521632}"
government-ep4/q702-bb-j,2,26,"{""base_type"": 769, ""set_flags"": 0, ""runtime_index"": 1564, ""file_offset"": 3636, ""floor_field"": 2, ""entity_id_field"": 17791, ""group"": 0, ""room"": 10, ""unknown_a3"": 0, ""position"": [-214.4099884033203, 0.0, -142.30999755859375], ""angles"": [0, 28672, 0], ""params"": [4.0, 1.0, 1.0, 1, 0, 0], ""unused_pointer"": 73522480}"
government-ep4/q702-bb-j,2,27,"{""base_type"": 769, ""set_flags"": 0, ""runtime_index"": 1345, ""file_offset"": 3704, ""floor_field"": 2, ""entity_id_field"": 17792, ""group"": 0, ""room"": 10, ""unknown_a3"": 0, ""position"": [-7.955475807189941, -1.5366822481155396e-07, -83.3733901977539], ""angles"": [0, 28672, 0], ""params"": [3.299999952316284, 1.2999999523162842, 1.0, 1, 0, 0], ""unused_pointer"": 73523328}"
government-ep4/q702-bb-j,2,34,"{""base_type"": 769, ""set_flags"": 0, ""runtime_index"": 1566, ""file_offset"": 4180, ""floor_field"": 2, ""entity_id_field"": 17800, ""group"": 0, ""room"": 10, ""unknown_a3"": 0, ""position"": [-210.6930694580078, -9.499490261077881e-07, -69.74662780761719], ""angles"": [0, 28672, 0], ""params"": [1.0, 1.0, 1.0, 1, 0, 0], ""unused_pointer"": 73529168}"
government-ep4/q702-bb-j,2,35,"{""base_type"": 769, ""set_flags"": 0, ""runtime_index"": 1567, ""file_offset"": 4248, ""floor_field"": 2, ""entity_id_field"": 17801, ""group"": 0, ""room"": 10, ""unknown_a3"": 0, ""position"": [-139.59201049804688, -9.499490261077881e-07, -184.97821044921875], ""angles"": [0, 28672, 0], ""params"": [1.0, 1.0, 1.0, 1, 0, 0], ""unused_pointer"": 73530016}"
government-ep4/q702-bb-j,2,43,"{""base_type"": 769, ""set_flags"": 0, ""runtime_index"": 1353, ""file_offset"": 4792, ""floor_field"": 2, ""entity_id_field"": 17809, ""group"": 0, ""room"": 10, ""unknown_a3"": 0, ""position"": [8.77689266204834, 0.059653390198946, -135.55848693847656], ""angles"": [0, 52480, 0], ""params"": [1.2999999523162842, 1.0, 1.0, 2, 0, 0], ""unused_pointer"": 73537600}"
government-ep4/q702-bb-j,2,79,"{""base_type"": 769, ""set_flags"": 0, ""runtime_index"": 1703, ""file_offset"": 7240, ""floor_field"": 2, ""entity_id_field"": 17914, ""group"": 0, ""room"": 20, ""unknown_a3"": 0, ""position"": [-190.850341796875, 13.74326229095459, 167.36599731445312], ""angles"": [0, 0, 0], ""params"": [2.0, 1.0, 1.0, 1, 0, 0], ""unused_pointer"": 73521984}"
government-ep4/q702-bb-j,2,80,"{""base_type"": 769, ""set_flags"": 0, ""runtime_index"": 1704, ""file_offset"": 7308, ""floor_field"": 2, ""entity_id_field"": 17915, ""group"": 0, ""room"": 20, ""unknown_a3"": 0, ""position"": [-309.02490234375, -2.306781530380249, -22.162109375], ""angles"": [0, 0, 0], ""params"": [2.0, 1.0, 1.0, 0, 0, 0], ""unused_pointer"": 73522832}"
government-ep4/q702-bb-j,2,92,"{""base_type"": 769, ""set_flags"": 0, ""runtime_index"": 1373, ""file_offset"": 8124, ""floor_field"": 2, ""entity_id_field"": 17934, ""group"": 0, ""room"": 30, ""unknown_a3"": 0, ""position"": [112.4404296875, -1.3131648302078247e-07, -515.0339965820312], ""angles"": [0, 0, 0], ""params"": [1.2999999523162842, 1.100000023841858, 1.0, 2, 0, 0], ""unused_pointer"": 73507552}"
government-ep4/q702-bb-j,2,93,"{""base_type"": 769, ""set_flags"": 0, ""runtime_index"": 1376, ""file_offset"": 8192, ""floor_field"": 2, ""entity_id_field"": 17935, ""group"": 0, ""room"": 30, ""unknown_a3"": 0, ""position"": [114.1669921875, -1.0244548320770264e-07, -177.16070556640625], ""angles"": [0, 0, 0], ""params"": [1.2999999523162842, 1.0, 1.0, 1, 0, 0], ""unused_pointer"": 73508400}"
government-ep4/q702-bb-j,2,94,"{""base_type"": 769, ""set_flags"": 0, ""runtime_index"": 1374, ""file_offset"": 8260, ""floor_field"": 2, ""entity_id_field"": 17936, ""group"": 0, ""room"": 30, ""unknown_a3"": 0, ""position"": [47.92236328125, -2.561137080192566e-07, -411.78057861328125], ""angles"": [0, 0, 0], ""params"": [1.2999999523162842, 0.699999988079071, 1.0, 0, 0, 0], ""unused_pointer"": 73509248}"
government-ep4/q702-bb-j,2,95,"{""base_type"": 769, ""set_flags"": 0, ""runtime_index"": 1375, ""file_offset"": 8328, ""floor_field"": 2, ""entity_id_field"": 17937, ""group"": 0, ""room"": 30, ""unknown_a3"": 0, ""position"": [63.88818359375, -1.2945383787155151e-07, -307.85626220703125], ""angles"": [0, 0, 0], ""params"": [1.2999999523162842, 1.0, 1.0, 0, 0, 0], ""unused_pointer"": 73510096}"
government-ep4/q702-bb-j,2,96,"{""base_type"": 769, ""set_flags"": 0, ""runtime_index"": 1372, ""file_offset"": 8396, ""floor_field"": 2, ""entity_id_field"": 17938, ""group"": 0, ""room"": 30, ""unknown_a3"": 0, ""position"": [313.94384765625, 0.051115989685058594, -448.56402587890625], ""angles"": [0, 0, 0], ""params"": [1.2999999523162842, 1.0, 1.0, 0, 0, 0], ""unused_pointer"": 73510944}"
government-ep4/q702-bb-j,2,97,"{""base_type"": 769, ""set_flags"": 0, ""runtime_index"": 1371, ""file_offset"": 8464, ""floor_field"": 2, ""entity_id_field"": 17939, ""group"": 0, ""room"": 30, ""unknown_a3"": 0, ""position"": [323.14306640625, -2.1513551473617554e-07, -211.0040283203125], ""angles"": [0, 0, 0], ""params"": [1.5999999046325684, 1.2999999523162842, 1.0, 0, 0, 0], ""unused_pointer"": 73511792}"
government-ep4/q702-bb-j,2,98,"{""base_type"": 769, ""set_flags"": 0, ""runtime_index"": 1370, ""file_offset"": 8532, ""floor_field"": 2, ""entity_id_field"": 17940, ""group"": 0, ""room"": 30, ""unknown_a3"": 0, ""position"": [362.02880859375, 4.6566128730773926e-08, -284.28399658203125], ""angles"": [0, 0, 0], ""params"": [1.2999999523162842, 1.2999999523162842, 1.0, 0, 0, 0], ""unused_pointer"": 73512640}"
government-ep4/q702-bb-j,2,100,"{""base_type"": 769, ""set_flags"": 0, ""runtime_index"": 1589, ""file_offset"": 8668, ""floor_field"": 2, ""entity_id_field"": 17942, ""group"": 0, ""room"": 30, ""unknown_a3"": 0, ""position"": [110.02197265625, 0.0, -78.33383178710938], ""angles"": [0, 0, 0], ""params"": [2.0, 1.0, 1.0, 2, 0, 0], ""unused_pointer"": 73514416}"
government-ep4/q702-bb-j,2,125,"{""base_type"": 769, ""set_flags"": 0, ""runtime_index"": 1587, ""file_offset"": 10368, ""floor_field"": 2, ""entity_id_field"": 17967, ""group"": 0, ""room"": 30, ""unknown_a3"": 0, ""position"": [-227.70849609375, 0.0, 253.3531494140625], ""angles"": [0, 0, 0], ""params"": [3.0, 1.0, 1.0, 1, 0, 0], ""unused_pointer"": 73533040}"
government-ep4/q702-bb-j,2,134,"{""base_type"": 769, ""set_flags"": 0, ""runtime_index"": 1630, ""file_offset"": 10980, ""floor_field"": 2, ""entity_id_field"": 17730, ""group"": 0, ""room"": 40, ""unknown_a3"": 0, ""position"": [461.8314208984375, 1.8970155715942383, 75.61048889160156], ""angles"": [0, 12288, 0], ""params"": [3.0, 3.0, 1.0, 2, 0, 0], ""unused_pointer"": 73480432}"
government-ep4/q702-bb-j,2,135,"{""base_type"": 769, ""set_flags"": 0, ""runtime_index"": 1282, ""file_offset"": 11048, ""floor_field"": 2, ""entity_id_field"": 17731, ""group"": 0, ""room"": 40, ""unknown_a3"": 0, ""position"": [370.41796875, 2.2450380325317383, -234.38339233398438], ""angles"": [0, 0, 0], ""params"": [1.2999999523162842, 1.2999999523162842, 1.0, 0, 0, 0], ""unused_pointer"": 73505776}"
government-ep4/q702-bb-j,2,139,"{""base_type"": 769, ""set_flags"": 0, ""runtime_index"": 1281, ""file_offset"": 11320, ""floor_field"": 2, ""entity_id_field"": 17735, ""group"": 0, ""room"": 40, ""unknown_a3"": 0, ""position"": [329.1387939453125, 0.5534955859184265, -195.5029296875], ""angles"": [0, 0, 0], ""params"": [1.2999999523162842, 1.2999999523162842, 1.0, 2, 0, 0], ""unused_pointer"": 73507296}"
government-ep4/q702-bb-j,2,140,"{""base_type"": 769, ""set_flags"": 0, ""runtime_index"": 1279, ""file_offset"": 11388, ""floor_field"": 2, ""entity_id_field"": 17736, ""group"": 0, ""room"": 40, ""unknown_a3"": 0, ""position"": [426.5838623046875, 1.188614010810852, -100.8633041381836], ""angles"": [0, 0, 0], ""params"": [1.2999999523162842, 1.2999999523162842, 1.0, 0, 0, 0], ""unused_pointer"": 73508144}"
government-ep4/q702-bb-j,2,158,"{""base_type"": 769, ""set_flags"": 0, ""runtime_index"": 1280, ""file_offset"": 12612, ""floor_field"": 2, ""entity_id_field"": 17755, ""group"": 0, ""room"": 40, ""unknown_a3"": 0, ""position"": [458.472900390625, 5.697788715362549, -286.9497375488281], ""angles"": [0, 0, 0], ""params"": [1.2999999523162842, 1.2999999523162842, 1.0, 0, 0, 0], ""unused_pointer"": 73520592}"
government-ep4/q702-bb-j,2,235,"{""base_type"": 769, ""set_flags"": 0, ""runtime_index"": 1676, ""file_offset"": 17848, ""floor_field"": 2, ""entity_id_field"": 18208, ""group"": 0, ""room"": 60, ""unknown_a3"": 0, ""position"": [-469.44091796875, 8.9399995803833, 199.76318359375], ""angles"": [0, 0, 0], ""params"": [1.0, 1.0, 1.0, 0, 0, 0], ""unused_pointer"": 83415584}"
government-ep4/q702-bb-j,2,243,"{""base_type"": 769, ""set_flags"": 0, ""runtime_index"": 1651, ""file_offset"": 18392, ""floor_field"": 2, ""entity_id_field"": 18216, ""group"": 0, ""room"": 60, ""unknown_a3"": 0, ""position"": [-443.874755859375, 8.9399995803833, 188.537109375], ""angles"": [0, 0, 0], ""params"": [1.0, 1.0, 1.0, 0, 0, 0], ""unused_pointer"": 83417872}"
government-ep4/q702-bb-j,2,244,"{""base_type"": 769, ""set_flags"": 0, ""runtime_index"": 1682, ""file_offset"": 18460, ""floor_field"": 2, ""entity_id_field"": 18217, ""group"": 0, ""room"": 60, ""unknown_a3"": 0, ""position"": [-456.230224609375, 8.9399995803833, 234.80126953125], ""angles"": [0, 0, 0], ""params"": [1.0, 1.0, 1.0, 0, 0, 0], ""unused_pointer"": 83418720}"
government-ep4/q702-bb-j,2,245,"{""base_type"": 769, ""set_flags"": 0, ""runtime_index"": 1654, ""file_offset"": 18528, ""floor_field"": 2, ""entity_id_field"": 18218, ""group"": 0, ""room"": 60, ""unknown_a3"": 0, ""position"": [-431.2470703125, 8.9399995803833, 223.6630859375], ""angles"": [0, 0, 0], ""params"": [1.0, 1.0, 1.0, 0, 0, 0], ""unused_pointer"": 83419568}"
government-ep4/q702-bb-j,2,246,"{""base_type"": 769, ""set_flags"": 0, ""runtime_index"": 1652, ""file_offset"": 18596, ""floor_field"": 2, ""entity_id_field"": 18219, ""group"": 0, ""room"": 60, ""unknown_a3"": 0, ""position"": [-403.435546875, 7.989999771118164, 169.9326171875], ""angles"": [0, 0, 0], ""params"": [1.0, 1.0, 1.0, 0, 0, 0], ""unused_pointer"": 83420416}"
government-ep4/q702-bb-j,2,247,"{""base_type"": 769, ""set_flags"": 0, ""runtime_index"": 1653, ""file_offset"": 18664, ""floor_field"": 2, ""entity_id_field"": 18220, ""group"": 0, ""room"": 60, ""unknown_a3"": 0, ""position"": [-390.342041015625, 6.779999732971191, 205.39111328125], ""angles"": [0, 0, 0], ""params"": [1.0, 1.0, 1.0, 0, 0, 0], ""unused_pointer"": 83421264}"
government-ep4/q702-bb-j,2,276,"{""base_type"": 769, ""set_flags"": 0, ""runtime_index"": 1665, ""file_offset"": 20636, ""floor_field"": 2, ""entity_id_field"": 18250, ""group"": 0, ""room"": 60, ""unknown_a3"": 0, ""position"": [-360.471435546875, 0.9586783647537231, 192.7412109375], ""angles"": [0, 0, 0], ""params"": [1.0, 1.0, 1.0, 0, 0, 0], ""unused_pointer"": 83441760}"
government-ep4/q702-bb-j,2,277,"{""base_type"": 769, ""set_flags"": 0, ""runtime_index"": 1666, ""file_offset"": 20704, ""floor_field"": 2, ""entity_id_field"": 18251, ""group"": 0, ""room"": 60, ""unknown_a3"": 0, ""position"": [-373.468017578125, 3.058966875076294, 155.62060546875], ""angles"": [0, 0, 0], ""params"": [1.0, 1.0, 1.0, 0, 0, 0], ""unused_pointer"": 83457936}"
government-ep4/q702-bb-j,2,278,"{""base_type"": 769, ""set_flags"": 0, ""runtime_index"": 1667, ""file_offset"": 20772, ""floor_field"": 2, ""entity_id_field"": 18252, ""group"": 0, ""room"": 60, ""unknown_a3"": 0, ""position"": [-336.393310546875, 4.377216100692749e-08, 25.02294921875], ""angles"": [0, 0, 0], ""params"": [1.0, 1.0, 1.0, 1, 0, 0], ""unused_pointer"": 83458784}"
government-ep4/q703-bb-e,3,33,"{""base_type"": 769, ""set_flags"": 0, ""runtime_index"": 492, ""file_offset"": 4112, ""floor_field"": 1, ""entity_id_field"": 17224, ""group"": 0, ""room"": 20, ""unknown_a3"": 0, ""position"": [158.1724853515625, -11.609386444091797, -221.0847625732422], ""angles"": [0, 0, 0], ""params"": [1.0, 1.0, 1.0, 2, 0, 0], ""unused_pointer"": 69032032}"
government-ep4/q703-bb-e,3,34,"{""base_type"": 769, ""set_flags"": 0, ""runtime_index"": 512, ""file_offset"": 4180, ""floor_field"": 1, ""entity_id_field"": 17225, ""group"": 0, ""room"": 20, ""unknown_a3"": 0, ""position"": [220.458251953125, -8.492412567138672, -235.28369140625], ""angles"": [0, 0, 0], ""params"": [1.0, 1.0, 1.0, 2, 0, 0], ""unused_pointer"": 69032880}"
government-ep4/q703-bb-e,3,35,"{""base_type"": 769, ""set_flags"": 0, ""runtime_index"": 494, ""file_offset"": 4248, ""floor_field"": 1, ""entity_id_field"": 17226, ""group"": 0, ""room"": 20, ""unknown_a3"": 0, ""position"": [158.6661376953125, -11.900872230529785, -238.55194091796875], ""angles"": [0, 0, 0], ""params"": [1.0, 1.0, 1.0, 1, 0, 0], ""unused_pointer"": 69039616}"
government-ep4/q703-bb-e,3,36,"{""base_type"": 769, ""set_flags"": 0, ""runtime_index"": 511, ""file_offset"": 4316, ""floor_field"": 1, ""entity_id_field"": 17227, ""group"": 0, ""room"": 20, ""unknown_a3"": 0, ""position"": [359.078857421875, 0.21689844131469727, -124.40343475341797], ""angles"": [0, 0, 0], ""params"": [2.0, 2.0, 1.0, 1, 0, 0], ""unused_pointer"": 69040464}"
government-ep4/q703-bb-e,3,37,"{""base_type"": 769, ""set_flags"": 0, ""runtime_index"": 498, ""file_offset"": 4384, ""floor_field"": 1, ""entity_id_field"": 17228, ""group"": 0, ""room"": 20, ""unknown_a3"": 0, ""position"": [259.57177734375, -4.732828617095947, -121.86349487304688], ""angles"": [0, 0, 0], ""params"": [1.0, 1.0, 1.0, 2, 0, 0], ""unused_pointer"": 69041312}"
government-ep4/q703-bb-e,3,38,"{""base_type"": 769, ""set_flags"": 0, ""runtime_index"": 499, ""file_offset"": 4452, ""floor_field"": 1, ""entity_id_field"": 17229, ""group"": 0, ""room"": 20, ""unknown_a3"": 0, ""position"": [330.61669921875, 0.19391727447509766, -119.66956329345703], ""angles"": [0, 0, 0], ""params"": [1.0, 1.0, 1.0, 2, 0, 0], ""unused_pointer"": 69042160}"
government-ep4/q703-bb-e,3,39,"{""base_type"": 769, ""set_flags"": 0, ""runtime_index"": 500, ""file_offset"": 4520, ""floor_field"": 1, ""entity_id_field"": 17230, ""group"": 0, ""room"": 20, ""unknown_a3"": 0, ""position"": [696.768798828125, 0.12992000579833984, -38.53227233886719], ""angles"": [0, 0, 0], ""params"": [1.0, 1.0, 1.0, 2, 0, 0], ""unused_pointer"": 69043008}"
government-ep4/q703-bb-e,3,40,"{""base_type"": 769, ""set_flags"": 0, ""runtime_index"": 501, ""file_offset"": 4588, ""floor_field"": 1, ""entity_id_field"": 17231, ""group"": 0, ""room"": 20, ""unknown_a3"": 0, ""position"": [716.7698974609375, 0.112213134765625, -69.50735473632812], ""angles"": [0, 0, 0], ""params"": [1.0, 1.0, 1.0, 2, 0, 0], ""unused_pointer"": 69043856}"
government-ep4/q703-bb-e,3,41,"{""base_type"": 769, ""set_flags"": 0, ""runtime_index"": 502, ""file_offset"": 4656, ""floor_field"": 1, ""entity_id_field"": 17232, ""group"": 0, ""room"": 20, ""unknown_a3"": 0, ""position"": [680.348876953125, 0.12423992156982422, -61.9259033203125], ""angles"": [0, 0, 0], ""params"": [1.0, 1.0, 1.0, 1, 0, 0], ""unused_pointer"": 69044704}"
government-ep4/q703-bb-e,3,42,"{""base_type"": 769, ""set_flags"": 0, ""runtime_index"": 503, ""file_offset"": 4724, ""floor_field"": 1, ""entity_id_field"": 17233, ""group"": 0, ""room"": 20, ""unknown_a3"": 0, ""position"": [666.64306640625, 0.2384634017944336, -33.98335266113281], ""angles"": [0, 0, 0], ""params"": [1.0, 1.0, 1.0, 1, 0, 0], ""unused_pointer"": 69045552}"
government-ep4/q703-bb-e,3,43,"{""base_type"": 769, ""set_flags"": 0, ""runtime_index"": 504, ""file_offset"": 4792, ""floor_field"": 1, ""entity_id_field"": 17234, ""group"": 0, ""room"": 20, ""unknown_a3"": 0, ""position"": [697.314697265625, 0.1352677345275879, -61.32856750488281], ""angles"": [0, 0, 0], ""params"": [2.0, 2.0, 1.0, 1, 0, 0], ""unused_pointer"": 69046400}"
government-ep4/q703-bb-e,3,46,"{""base_type"": 769, ""set_flags"": 0, ""runtime_index"": 507, ""file_offset"": 4996, ""floor_field"": 1, ""entity_id_field"": 17237, ""group"": 0, ""room"": 20, ""unknown_a3"": 0, ""position"": [383.7882080078125, 0.13989925384521484, -230.54290771484375], ""angles"": [0, 0, 0], ""params"": [1.0, 1.0, 1.0, 2, 0, 0], ""unused_pointer"": 69047248}"
government-ep4/q703-bb-e,3,47,"{""base_type"": 769, ""set_flags"": 0, ""runtime_index"": 508, ""file_offset"": 5064, ""floor_field"": 1, ""entity_id_field"": 17238, ""group"": 0, ""room"": 20, ""unknown_a3"": 0, ""position"": [342.426025390625, -1.3463449478149414, -235.92015075683594], ""angles"": [0, 0, 0], ""params"": [1.0, 1.0, 1.0, 1, 0, 0], ""unused_pointer"": 69048096}"
government-ep4/q703-bb-e,3,48,"{""base_type"": 769, ""set_flags"": 0, ""runtime_index"": 509, ""file_offset"": 5132, ""floor_field"": 1, ""entity_id_field"": 17239, ""group"": 0, ""room"": 20, ""unknown_a3"": 0, ""position"": [247.110107421875, -8.54289722442627, -304.68536376953125], ""angles"": [0, 0, 0], ""params"": [1.0, 1.0, 1.0, 0, 0, 0], ""unused_pointer"": 69048944}"
government-ep4/q703-bb-e,3,49,"{""base_type"": 769, ""set_flags"": 0, ""runtime_index"": 510, ""file_offset"": 5200, ""floor_field"": 1, ""entity_id_field"": 17240, ""group"": 0, ""room"": 20, ""unknown_a3"": 0, ""position"": [341.8541259765625, 0.22293901443481445, -141.52236938476562], ""angles"": [0, 0, 0], ""params"": [1.0, 1.0, 1.0, 1, 0, 0], ""unused_pointer"": 69049792}"
government-ep4/q703-bb-e,3,127,"{""base_type"": 769, ""set_flags"": 0, ""runtime_index"": 445, ""file_offset"": 10504, ""floor_field"": 1, ""entity_id_field"": 17746, ""group"": 0, ""room"": 80, ""unknown_a3"": 0, ""position"": [215.67578125, 0.0, -187.95851135253906], ""angles"": [0, 0, 0], ""params"": [2.0, 2.0, 1.0, 1, 0, 0], ""unused_pointer"": 77360176}"
government-ep4/q703-bb-e,3,128,"{""base_type"": 769, ""set_flags"": 0, ""runtime_index"": 446, ""file_offset"": 10572, ""floor_field"": 1, ""entity_id_field"": 17747, ""group"": 0, ""room"": 80, ""unknown_a3"": 0, ""position"": [221.71142578125, 4.76837158203125e-07, -198.2748260498047], ""angles"": [0, 0, 0], ""params"": [1.0, 1.0, 1.0, 0, 0, 0], ""unused_pointer"": 77361024}"
government-ep4/q703-bb-e,3,150,"{""base_type"": 769, ""set_flags"": 0, ""runtime_index"": 616, ""file_offset"": 12068, ""floor_field"": 1, ""entity_id_field"": 17803, ""group"": 0, ""room"": 90, ""unknown_a3"": 0, ""position"": [-157.90283203125, 0.5028719902038574, 13.329734802246094], ""angles"": [0, 0, 0], ""params"": [1.1999999284744263, 1.1999999284744263, 1.0, 2, 0, 0], ""unused_pointer"": 77426560}"
government-ep4/q703-bb-e,3,151,"{""base_type"": 769, ""set_flags"": 0, ""runtime_index"": 615, ""file_offset"": 12136, ""floor_field"": 1, ""entity_id_field"": 17804, ""group"": 0, ""room"": 90, ""unknown_a3"": 0, ""position"": [-140.5405731201172, 0.0, -202.7165069580078], ""angles"": [0, 0, 0], ""params"": [1.1999999284744263, 1.1999999284744263, 1.0, 2, 0, 0], ""unused_pointer"": 77427408}"
government-ep4/q703-bb-e,3,152,"{""base_type"": 769, ""set_flags"": 0, ""runtime_index"": 613, ""file_offset"": 12204, ""floor_field"": 1, ""entity_id_field"": 17805, ""group"": 0, ""room"": 90, ""unknown_a3"": 0, ""position"": [-214.755126953125, 0.0, -309.81060791015625], ""angles"": [0, 16384, 0], ""params"": [1.1999999284744263, 1.1999999284744263, 1.0, 2, 0, 0], ""unused_pointer"": 77428256}"
government-ep4/q703-bb-e,3,153,"{""base_type"": 769, ""set_flags"": 0, ""runtime_index"": 611, ""file_offset"": 12272, ""floor_field"": 1, ""entity_id_field"": 17806, ""group"": 0, ""room"": 90, ""unknown_a3"": 0, ""position"": [-251.29998779296875, 0.0, -497.16998291015625], ""angles"": [0, 0, 0], ""params"": [1.1999999284744263, 1.1999999284744263, 1.0, 2, 0, 0], ""unused_pointer"": 77429104}"
government-ep4/q703-bb-e,3,154,"{""base_type"": 769, ""set_flags"": 0, ""runtime_index"": 614, ""file_offset"": 12340, ""floor_field"": 1, ""entity_id_field"": 17807, ""group"": 0, ""room"": 90, ""unknown_a3"": 0, ""position"": [-297.8470764160156, 0.0, -222.3808135986328], ""angles"": [0, 0, 0], ""params"": [1.1999999284744263, 1.1999999284744263, 1.0, 2, 0, 0], ""unused_pointer"": 77429952}"
government-ep4/q703-bb-e,3,155,"{""base_type"": 769, ""set_flags"": 0, ""runtime_index"": 612, ""file_offset"": 12408, ""floor_field"": 1, ""entity_id_field"": 17808, ""group"": 0, ""room"": 90, ""unknown_a3"": 0, ""position"": [-97.21768188476562, 0.0, -424.2779235839844], ""angles"": [0, 20480, 0], ""params"": [1.1999999284744263, 1.1999999284744263, 1.0, 2, 0, 0], ""unused_pointer"": 77430800}"
government-ep4/q703-bb-e,3,157,"{""base_type"": 769, ""set_flags"": 0, ""runtime_index"": 489, ""file_offset"": 12544, ""floor_field"": 1, ""entity_id_field"": 17810, ""group"": 0, ""room"": 90, ""unknown_a3"": 0, ""position"": [-197.06033325195312, 0.0, -414.1907958984375], ""angles"": [0, 8192, 0], ""params"": [1.0, 1.0, 1.0, 2, 0, 0], ""unused_pointer"": 77432544}"
government-ep4/q703-bb-e,3,158,"{""base_type"": 769, ""set_flags"": 0, ""runtime_index"": 492, ""file_offset"": 12612, ""floor_field"": 1, ""entity_id_field"": 17811, ""group"": 0, ""room"": 90, ""unknown_a3"": 0, ""position"": [-212.91111755371094, 0.0, -433.95904541015625], ""angles"": [0, 8192, 0], ""params"": [2.0, 2.0, 1.0, 1, 0, 0], ""unused_pointer"": 77433392}"
government-ep4/q703-bb-e,3,159,"{""base_type"": 769, ""set_flags"": 0, ""runtime_index"": 493, ""file_offset"": 12680, ""floor_field"": 1, ""entity_id_field"": 17812, ""group"": 0, ""room"": 90, ""unknown_a3"": 0, ""position"": [-219.85592651367188, 0.0, -419.2744140625], ""angles"": [0, 8192, 0], ""params"": [1.0, 1.0, 1.0, 1, 0, 0], ""unused_pointer"": 77434240}"
government-ep4/q703-bb-e,3,160,"{""base_type"": 769, ""set_flags"": 0, ""runtime_index"": 494, ""file_offset"": 12748, ""floor_field"": 1, ""entity_id_field"": 17813, ""group"": 0, ""room"": 90, ""unknown_a3"": 0, ""position"": [-250.75238037109375, 0.0, -428.35125732421875], ""angles"": [0, 8192, 0], ""params"": [1.0, 1.0, 1.0, 0, 0, 0], ""unused_pointer"": 77435088}"
government-ep4/q703-bb-e,3,161,"{""base_type"": 769, ""set_flags"": 0, ""runtime_index"": 495, ""file_offset"": 12816, ""floor_field"": 1, ""entity_id_field"": 17814, ""group"": 0, ""room"": 90, ""unknown_a3"": 0, ""position"": [-237.4916229248047, 0.0, -454.66180419921875], ""angles"": [0, 8192, 0], ""params"": [1.0, 1.0, 1.0, 0, 0, 0], ""unused_pointer"": 77435936}"
government-ep4/q703-bb-e,3,162,"{""base_type"": 769, ""set_flags"": 0, ""runtime_index"": 496, ""file_offset"": 12884, ""floor_field"": 1, ""entity_id_field"": 17815, ""group"": 0, ""room"": 90, ""unknown_a3"": 0, ""position"": [-55.00719451904297, 0.0, -414.9100646972656], ""angles"": [0, 8192, 0], ""params"": [1.0, 1.0, 1.0, 0, 0, 0], ""unused_pointer"": 77436784}"
government-ep4/q703-bb-e,3,163,"{""base_type"": 769, ""set_flags"": 0, ""runtime_index"": 497, ""file_offset"": 12952, ""floor_field"": 1, ""entity_id_field"": 17816, ""group"": 0, ""room"": 90, ""unknown_a3"": 0, ""position"": [-176.8418731689453, 0.0, -238.91323852539062], ""angles"": [0, 8192, 0], ""params"": [1.0, 1.0, 1.0, 0, 0, 0], ""unused_pointer"": 77437632}"
government-ep4/q703-bb-e,3,164,"{""base_type"": 769, ""set_flags"": 0, ""runtime_index"": 498, ""file_offset"": 13020, ""floor_field"": 1, ""entity_id_field"": 17817, ""group"": 0, ""room"": 90, ""unknown_a3"": 0, ""position"": [-171.95245361328125, 0.0, -281.4058837890625], ""angles"": [0, 8192, 0], ""params"": [1.0, 1.0, 1.0, 0, 0, 0], ""unused_pointer"": 77438480}"
government-ep4/q703-bb-e,3,165,"{""base_type"": 769, ""set_flags"": 0, ""runtime_index"": 499, ""file_offset"": 13088, ""floor_field"": 1, ""entity_id_field"": 17818, ""group"": 0, ""room"": 90, ""unknown_a3"": 0, ""position"": [-170.10379028320312, 0.0, -267.574951171875], ""angles"": [0, 8192, 0], ""params"": [2.0, 2.0, 1.0, 1, 0, 0], ""unused_pointer"": 77439328}"
government-ep4/q703-bb-e,3,166,"{""base_type"": 769, ""set_flags"": 0, ""runtime_index"": 500, ""file_offset"": 13156, ""floor_field"": 1, ""entity_id_field"": 17819, ""group"": 0, ""room"": 90, ""unknown_a3"": 0, ""position"": [-125.94864654541016, 0.032135963439941406, 6.054182529449463], ""angles"": [0, 8192, 0], ""params"": [2.0, 2.0, 1.0, 1, 0, 0], ""unused_pointer"": 77440176}"
government-ep4/q703-bb-e,3,167,"{""base_type"": 769, ""set_flags"": 0, ""runtime_index"": 501, ""file_offset"": 13224, ""floor_field"": 1, ""entity_id_field"": 17820, ""group"": 0, ""room"": 90, ""unknown_a3"": 0, ""position"": [-119.23896026611328, 0.007254123687744141, 27.45536231994629], ""angles"": [0, 8192, 0], ""params"": [1.0, 1.0, 0.0, 1, 0, 0], ""unused_pointer"": 77441024}"
government-ep4/q703-bb-e,3,168,"{""base_type"": 769, ""set_flags"": 0, ""runtime_index"": 502, ""file_offset"": 13292, ""floor_field"": 1, ""entity_id_field"": 17821, ""group"": 0, ""room"": 90, ""unknown_a3"": 0, ""position"": [-328.16265869140625, 0.0, -360.62982177734375], ""angles"": [0, 8192, 0], ""params"": [1.0, 1.0, 1.0, 2, 0, 0], ""unused_pointer"": 77441872}"
government-ep4/q703-bb-e,3,169,"{""base_type"": 769, ""set_flags"": 0, ""runtime_index"": 503, ""file_offset"": 13360, ""floor_field"": 1, ""entity_id_field"": 17822, ""group"": 0, ""room"": 90, ""unknown_a3"": 0, ""position"": [-33.338233947753906, 0.45946741104125977, -305.6785888671875], ""angles"": [0, 8192, 0], ""params"": [1.0, 1.0, 1.0, 2, 0, 0], ""unused_pointer"": 77442720}"
government-ep4/q703-bb-j,3,33,"{""base_type"": 769, ""set_flags"": 0, ""runtime_index"": 492, ""file_offset"": 4112, ""floor_field"": 1, ""entity_id_field"": 17224, ""group"": 0, ""room"": 20, ""unknown_a3"": 0, ""position"": [158.1724853515625, -11.609386444091797, -221.0847625732422], ""angles"": [0, 0, 0], ""params"": [1.0, 1.0, 1.0, 2, 0, 0], ""unused_pointer"": 69032032}"
government-ep4/q703-bb-j,3,34,"{""base_type"": 769, ""set_flags"": 0, ""runtime_index"": 512, ""file_offset"": 4180, ""floor_field"": 1, ""entity_id_field"": 17225, ""group"": 0, ""room"": 20, ""unknown_a3"": 0, ""position"": [220.458251953125, -8.492412567138672, -235.28369140625], ""angles"": [0, 0, 0], ""params"": [1.0, 1.0, 1.0, 2, 0, 0], ""unused_pointer"": 69032880}"
government-ep4/q703-bb-j,3,35,"{""base_type"": 769, ""set_flags"": 0, ""runtime_index"": 494, ""file_offset"": 4248, ""floor_field"": 1, ""entity_id_field"": 17226, ""group"": 0, ""room"": 20, ""unknown_a3"": 0, ""position"": [158.6661376953125, -11.900872230529785, -238.55194091796875], ""angles"": [0, 0, 0], ""params"": [1.0, 1.0, 1.0, 1, 0, 0], ""unused_pointer"": 69039616}"
government-ep4/q703-bb-j,3,36,"{""base_type"": 769, ""set_flags"": 0, ""runtime_index"": 511, ""file_offset"": 4316, ""floor_field"": 1, ""entity_id_field"": 17227, ""group"": 0, ""room"": 20, ""unknown_a3"": 0, ""position"": [359.078857421875, 0.21689844131469727, -124.40343475341797], ""angles"": [0, 0, 0], ""params"": [2.0, 2.0, 1.0, 1, 0, 0], ""unused_pointer"": 69040464}"
government-ep4/q703-bb-j,3,37,"{""base_type"": 769, ""set_flags"": 0, ""runtime_index"": 498, ""file_offset"": 4384, ""floor_field"": 1, ""entity_id_field"": 17228, ""group"": 0, ""room"": 20, ""unknown_a3"": 0, ""position"": [259.57177734375, -4.732828617095947, -121.86349487304688], ""angles"": [0, 0, 0], ""params"": [1.0, 1.0, 1.0, 2, 0, 0], ""unused_pointer"": 69041312}"
government-ep4/q703-bb-j,3,38,"{""base_type"": 769, ""set_flags"": 0, ""runtime_index"": 499, ""file_offset"": 4452, ""floor_field"": 1, ""entity_id_field"": 17229, ""group"": 0, ""room"": 20, ""unknown_a3"": 0, ""position"": [330.61669921875, 0.19391727447509766, -119.66956329345703], ""angles"": [0, 0, 0], ""params"": [1.0, 1.0, 1.0, 2, 0, 0], ""unused_pointer"": 69042160}"
government-ep4/q703-bb-j,3,39,"{""base_type"": 769, ""set_flags"": 0, ""runtime_index"": 500, ""file_offset"": 4520, ""floor_field"": 1, ""entity_id_field"": 17230, ""group"": 0, ""room"": 20, ""unknown_a3"": 0, ""position"": [696.768798828125, 0.12992000579833984, -38.53227233886719], ""angles"": [0, 0, 0], ""params"": [1.0, 1.0, 1.0, 2, 0, 0], ""unused_pointer"": 69043008}"
government-ep4/q703-bb-j,3,40,"{""base_type"": 769, ""set_flags"": 0, ""runtime_index"": 501, ""file_offset"": 4588, ""floor_field"": 1, ""entity_id_field"": 17231, ""group"": 0, ""room"": 20, ""unknown_a3"": 0, ""position"": [716.7698974609375, 0.112213134765625, -69.50735473632812], ""angles"": [0, 0, 0], ""params"": [1.0, 1.0, 1.0, 2, 0, 0], ""unused_pointer"": 69043856}"
government-ep4/q703-bb-j,3,41,"{""base_type"": 769, ""set_flags"": 0, ""runtime_index"": 502, ""file_offset"": 4656, ""floor_field"": 1, ""entity_id_field"": 17232, ""group"": 0, ""room"": 20, ""unknown_a3"": 0, ""position"": [680.348876953125, 0.12423992156982422, -61.9259033203125], ""angles"": [0, 0, 0], ""params"": [1.0, 1.0, 1.0, 1, 0, 0], ""unused_pointer"": 69044704}"
government-ep4/q703-bb-j,3,42,"{""base_type"": 769, ""set_flags"": 0, ""runtime_index"": 503, ""file_offset"": 4724, ""floor_field"": 1, ""entity_id_field"": 17233, ""group"": 0, ""room"": 20, ""unknown_a3"": 0, ""position"": [666.64306640625, 0.2384634017944336, -33.98335266113281], ""angles"": [0, 0, 0], ""params"": [1.0, 1.0, 1.0, 1, 0, 0], ""unused_pointer"": 69045552}"
government-ep4/q703-bb-j,3,43,"{""base_type"": 769, ""set_flags"": 0, ""runtime_index"": 504, ""file_offset"": 4792, ""floor_field"": 1, ""entity_id_field"": 17234, ""group"": 0, ""room"": 20, ""unknown_a3"": 0, ""position"": [697.314697265625, 0.1352677345275879, -61.32856750488281], ""angles"": [0, 0, 0], ""params"": [2.0, 2.0, 1.0, 1, 0, 0], ""unused_pointer"": 69046400}"
government-ep4/q703-bb-j,3,46,"{""base_type"": 769, ""set_flags"": 0, ""runtime_index"": 507, ""file_offset"": 4996, ""floor_field"": 1, ""entity_id_field"": 17237, ""group"": 0, ""room"": 20, ""unknown_a3"": 0, ""position"": [383.7882080078125, 0.13989925384521484, -230.54290771484375], ""angles"": [0, 0, 0], ""params"": [1.0, 1.0, 1.0, 2, 0, 0], ""unused_pointer"": 69047248}"
government-ep4/q703-bb-j,3,47,"{""base_type"": 769, ""set_flags"": 0, ""runtime_index"": 508, ""file_offset"": 5064, ""floor_field"": 1, ""entity_id_field"": 17238, ""group"": 0, ""room"": 20, ""unknown_a3"": 0, ""position"": [342.426025390625, -1.3463449478149414, -235.92015075683594], ""angles"": [0, 0, 0], ""params"": [1.0, 1.0, 1.0, 1, 0, 0], ""unused_pointer"": 69048096}"
government-ep4/q703-bb-j,3,48,"{""base_type"": 769, ""set_flags"": 0, ""runtime_index"": 509, ""file_offset"": 5132, ""floor_field"": 1, ""entity_id_field"": 17239, ""group"": 0, ""room"": 20, ""unknown_a3"": 0, ""position"": [247.110107421875, -8.54289722442627, -304.68536376953125], ""angles"": [0, 0, 0], ""params"": [1.0, 1.0, 1.0, 0, 0, 0], ""unused_pointer"": 69048944}"
government-ep4/q703-bb-j,3,49,"{""base_type"": 769, ""set_flags"": 0, ""runtime_index"": 510, ""file_offset"": 5200, ""floor_field"": 1, ""entity_id_field"": 17240, ""group"": 0, ""room"": 20, ""unknown_a3"": 0, ""position"": [341.8541259765625, 0.22293901443481445, -141.52236938476562], ""angles"": [0, 0, 0], ""params"": [1.0, 1.0, 1.0, 1, 0, 0], ""unused_pointer"": 69049792}"
government-ep4/q703-bb-j,3,127,"{""base_type"": 769, ""set_flags"": 0, ""runtime_index"": 445, ""file_offset"": 10504, ""floor_field"": 1, ""entity_id_field"": 17746, ""group"": 0, ""room"": 80, ""unknown_a3"": 0, ""position"": [215.67578125, 0.0, -187.95851135253906], ""angles"": [0, 0, 0], ""params"": [2.0, 2.0, 1.0, 1, 0, 0], ""unused_pointer"": 77360176}"
government-ep4/q703-bb-j,3,128,"{""base_type"": 769, ""set_flags"": 0, ""runtime_index"": 446, ""file_offset"": 10572, ""floor_field"": 1, ""entity_id_field"": 17747, ""group"": 0, ""room"": 80, ""unknown_a3"": 0, ""position"": [221.71142578125, 4.76837158203125e-07, -198.2748260498047], ""angles"": [0, 0, 0], ""params"": [1.0, 1.0, 1.0, 0, 0, 0], ""unused_pointer"": 77361024}"
government-ep4/q703-bb-j,3,150,"{""base_type"": 769, ""set_flags"": 0, ""runtime_index"": 616, ""file_offset"": 12068, ""floor_field"": 1, ""entity_id_field"": 17803, ""group"": 0, ""room"": 90, ""unknown_a3"": 0, ""position"": [-157.90283203125, 0.5028719902038574, 13.329734802246094], ""angles"": [0, 0, 0], ""params"": [1.1999999284744263, 1.1999999284744263, 1.0, 2, 0, 0], ""unused_pointer"": 77426560}"
government-ep4/q703-bb-j,3,151,"{""base_type"": 769, ""set_flags"": 0, ""runtime_index"": 615, ""file_offset"": 12136, ""floor_field"": 1, ""entity_id_field"": 17804, ""group"": 0, ""room"": 90, ""unknown_a3"": 0, ""position"": [-140.5405731201172, 0.0, -202.7165069580078], ""angles"": [0, 0, 0], ""params"": [1.1999999284744263, 1.1999999284744263, 1.0, 2, 0, 0], ""unused_pointer"": 77427408}"
government-ep4/q703-bb-j,3,152,"{""base_type"": 769, ""set_flags"": 0, ""runtime_index"": 613, ""file_offset"": 12204, ""floor_field"": 1, ""entity_id_field"": 17805, ""group"": 0, ""room"": 90, ""unknown_a3"": 0, ""position"": [-214.755126953125, 0.0, -309.81060791015625], ""angles"": [0, 16384, 0], ""params"": [1.1999999284744263, 1.1999999284744263, 1.0, 2, 0, 0], ""unused_pointer"": 77428256}"
government-ep4/q703-bb-j,3,153,"{""base_type"": 769, ""set_flags"": 0, ""runtime_index"": 611, ""file_offset"": 12272, ""floor_field"": 1, ""entity_id_field"": 17806, ""group"": 0, ""room"": 90, ""unknown_a3"": 0, ""position"": [-251.29998779296875, 0.0, -497.16998291015625], ""angles"": [0, 0, 0], ""params"": [1.1999999284744263, 1.1999999284744263, 1.0, 2, 0, 0], ""unused_pointer"": 77429104}"
government-ep4/q703-bb-j,3,154,"{""base_type"": 769, ""set_flags"": 0, ""runtime_index"": 614, ""file_offset"": 12340, ""floor_field"": 1, ""entity_id_field"": 17807, ""group"": 0, ""room"": 90, ""unknown_a3"": 0, ""position"": [-297.8470764160156, 0.0, -222.3808135986328], ""angles"": [0, 0, 0], ""params"": [1.1999999284744263, 1.1999999284744263, 1.0, 2, 0, 0], ""unused_pointer"": 77429952}"
government-ep4/q703-bb-j,3,155,"{""base_type"": 769, ""set_flags"": 0, ""runtime_index"": 612, ""file_offset"": 12408, ""floor_field"": 1, ""entity_id_field"": 17808, ""group"": 0, ""room"": 90, ""unknown_a3"": 0, ""position"": [-97.21768188476562, 0.0, -424.2779235839844], ""angles"": [0, 20480, 0], ""params"": [1.1999999284744263, 1.1999999284744263, 1.0, 2, 0, 0], ""unused_pointer"": 77430800}"
government-ep4/q703-bb-j,3,157,"{""base_type"": 769, ""set_flags"": 0, ""runtime_index"": 489, ""file_offset"": 12544, ""floor_field"": 1, ""entity_id_field"": 17810, ""group"": 0, ""room"": 90, ""unknown_a3"": 0, ""position"": [-197.06033325195312, 0.0, -414.1907958984375], ""angles"": [0, 8192, 0], ""params"": [1.0, 1.0, 1.0, 2, 0, 0], ""unused_pointer"": 77432544}"
government-ep4/q703-bb-j,3,158,"{""base_type"": 769, ""set_flags"": 0, ""runtime_index"": 492, ""file_offset"": 12612, ""floor_field"": 1, ""entity_id_field"": 17811, ""group"": 0, ""room"": 90, ""unknown_a3"": 0, ""position"": [-212.91111755371094, 0.0, -433.95904541015625], ""angles"": [0, 8192, 0], ""params"": [2.0, 2.0, 1.0, 1, 0, 0], ""unused_pointer"": 77433392}"
government-ep4/q703-bb-j,3,159,"{""base_type"": 769, ""set_flags"": 0, ""runtime_index"": 493, ""file_offset"": 12680, ""floor_field"": 1, ""entity_id_field"": 17812, ""group"": 0, ""room"": 90, ""unknown_a3"": 0, ""position"": [-219.85592651367188, 0.0, -419.2744140625], ""angles"": [0, 8192, 0], ""params"": [1.0, 1.0, 1.0, 1, 0, 0], ""unused_pointer"": 77434240}"
government-ep4/q703-bb-j,3,160,"{""base_type"": 769, ""set_flags"": 0, ""runtime_index"": 494, ""file_offset"": 12748, ""floor_field"": 1, ""entity_id_field"": 17813, ""group"": 0, ""room"": 90, ""unknown_a3"": 0, ""position"": [-250.75238037109375, 0.0, -428.35125732421875], ""angles"": [0, 8192, 0], ""params"": [1.0, 1.0, 1.0, 0, 0, 0], ""unused_pointer"": 77435088}"
government-ep4/q703-bb-j,3,161,"{""base_type"": 769, ""set_flags"": 0, ""runtime_index"": 495, ""file_offset"": 12816, ""floor_field"": 1, ""entity_id_field"": 17814, ""group"": 0, ""room"": 90, ""unknown_a3"": 0, ""position"": [-237.4916229248047, 0.0, -454.66180419921875], ""angles"": [0, 8192, 0], ""params"": [1.0, 1.0, 1.0, 0, 0, 0], ""unused_pointer"": 77435936}"
government-ep4/q703-bb-j,3,162,"{""base_type"": 769, ""set_flags"": 0, ""runtime_index"": 496, ""file_offset"": 12884, ""floor_field"": 1, ""entity_id_field"": 17815, ""group"": 0, ""room"": 90, ""unknown_a3"": 0, ""position"": [-55.00719451904297, 0.0, -414.9100646972656], ""angles"": [0, 8192, 0], ""params"": [1.0, 1.0, 1.0, 0, 0, 0], ""unused_pointer"": 77436784}"
government-ep4/q703-bb-j,3,163,"{""base_type"": 769, ""set_flags"": 0, ""runtime_index"": 497, ""file_offset"": 12952, ""floor_field"": 1, ""entity_id_field"": 17816, ""group"": 0, ""room"": 90, ""unknown_a3"": 0, ""position"": [-176.8418731689453, 0.0, -238.91323852539062], ""angles"": [0, 8192, 0], ""params"": [1.0, 1.0, 1.0, 0, 0, 0], ""unused_pointer"": 77437632}"
government-ep4/q703-bb-j,3,164,"{""base_type"": 769, ""set_flags"": 0, ""runtime_index"": 498, ""file_offset"": 13020, ""floor_field"": 1, ""entity_id_field"": 17817, ""group"": 0, ""room"": 90, ""unknown_a3"": 0, ""position"": [-171.95245361328125, 0.0, -281.4058837890625], ""angles"": [0, 8192, 0], ""params"": [1.0, 1.0, 1.0, 0, 0, 0], ""unused_pointer"": 77438480}"
government-ep4/q703-bb-j,3,165,"{""base_type"": 769, ""set_flags"": 0, ""runtime_index"": 499, ""file_offset"": 13088, ""floor_field"": 1, ""entity_id_field"": 17818, ""group"": 0, ""room"": 90, ""unknown_a3"": 0, ""position"": [-170.10379028320312, 0.0, -267.574951171875], ""angles"": [0, 8192, 0], ""params"": [2.0, 2.0, 1.0, 1, 0, 0], ""unused_pointer"": 77439328}"
government-ep4/q703-bb-j,3,166,"{""base_type"": 769, ""set_flags"": 0, ""runtime_index"": 500, ""file_offset"": 13156, ""floor_field"": 1, ""entity_id_field"": 17819, ""group"": 0, ""room"": 90, ""unknown_a3"": 0, ""position"": [-125.94864654541016, 0.032135963439941406, 6.054182529449463], ""angles"": [0, 8192, 0], ""params"": [2.0, 2.0, 1.0, 1, 0, 0], ""unused_pointer"": 77440176}"
government-ep4/q703-bb-j,3,167,"{""base_type"": 769, ""set_flags"": 0, ""runtime_index"": 501, ""file_offset"": 13224, ""floor_field"": 1, ""entity_id_field"": 17820, ""group"": 0, ""room"": 90, ""unknown_a3"": 0, ""position"": [-119.23896026611328, 0.007254123687744141, 27.45536231994629], ""angles"": [0, 8192, 0], ""params"": [1.0, 1.0, 0.0, 1, 0, 0], ""unused_pointer"": 77441024}"
government-ep4/q703-bb-j,3,168,"{""base_type"": 769, ""set_flags"": 0, ""runtime_index"": 502, ""file_offset"": 13292, ""floor_field"": 1, ""entity_id_field"": 17821, ""group"": 0, ""room"": 90, ""unknown_a3"": 0, ""position"": [-328.16265869140625, 0.0, -360.62982177734375], ""angles"": [0, 8192, 0], ""params"": [1.0, 1.0, 1.0, 2, 0, 0], ""unused_pointer"": 77441872}"
government-ep4/q703-bb-j,3,169,"{""base_type"": 769, ""set_flags"": 0, ""runtime_index"": 503, ""file_offset"": 13360, ""floor_field"": 1, ""entity_id_field"": 17822, ""group"": 0, ""room"": 90, ""unknown_a3"": 0, ""position"": [-33.338233947753906, 0.45946741104125977, -305.6785888671875], ""angles"": [0, 8192, 0], ""params"": [1.0, 1.0, 1.0, 2, 0, 0], ""unused_pointer"": 77442720}"
government-ep4/q704-bb-e,4,42,"{""base_type"": 769, ""set_flags"": 0, ""runtime_index"": 1186, ""file_offset"": 4724, ""floor_field"": 4, ""entity_id_field"": 17911, ""group"": 0, ""room"": 22, ""unknown_a3"": 0, ""position"": [-197.87493896484375, -7.998188018798828, -366.041015625], ""angles"": [0, 0, 0], ""params"": [1.0, 1.0, 1.0, 2, 0, 0], ""unused_pointer"": 69000880}"
government-ep4/q704-bb-e,4,43,"{""base_type"": 769, ""set_flags"": 0, ""runtime_index"": 1187, ""file_offset"": 4792, ""floor_field"": 4, ""entity_id_field"": 17912, ""group"": 0, ""room"": 22, ""unknown_a3"": 0, ""position"": [-231.83856201171875, -7.998188018798828, -332.75439453125], ""angles"": [0, 0, 0], ""params"": [1.0, 1.0, 1.0, 1, 0, 0], ""unused_pointer"": 69001728}"
government-ep4/q704-bb-e,4,44,"{""base_type"": 769, ""set_flags"": 0, ""runtime_index"": 1188, ""file_offset"": 4860, ""floor_field"": 4, ""entity_id_field"": 17913, ""group"": 0, ""room"": 22, ""unknown_a3"": 0, ""position"": [-238.95513916015625, -7.998188018798828, -338.20947265625], ""angles"": [0, 0, 0], ""params"": [1.0, 1.0, 1.0, 0, 0, 0], ""unused_pointer"": 69002576}"
government-ep4/q704-bb-e,4,85,"{""base_type"": 769, ""set_flags"": 0, ""runtime_index"": 1188, ""file_offset"": 7648, ""floor_field"": 4, ""entity_id_field"": 17809, ""group"": 0, ""room"": 60, ""unknown_a3"": 0, ""position"": [243.276611328125, 8.64565658569336, -392.59375], ""angles"": [0, 0, 0], ""params"": [1.0, 1.0, 1.0, 1, 0, 0], ""unused_pointer"": 77372624}"
government-ep4/q704-bb-e,4,86,"{""base_type"": 769, ""set_flags"": 0, ""runtime_index"": 1189, ""file_offset"": 7716, ""floor_field"": 4, ""entity_id_field"": 17810, ""group"": 0, ""room"": 60, ""unknown_a3"": 0, ""position"": [269.37548828125, 11.656917572021484, -442.01513671875], ""angles"": [0, 0, 0], ""params"": [1.0, 1.0, 1.0, 1, 0, 0], ""unused_pointer"": 77373472}"
government-ep4/q704-bb-e,4,87,"{""base_type"": 769, ""set_flags"": 0, ""runtime_index"": 1190, ""file_offset"": 7784, ""floor_field"": 4, ""entity_id_field"": 17811, ""group"": 0, ""room"": 60, ""unknown_a3"": 0, ""position"": [349.693115234375, 11.656917572021484, -450.60498046875], ""angles"": [0, 0, 0], ""params"": [1.0, 1.0, 1.0, 1, 0, 0], ""unused_pointer"": 77374320}"
government-ep4/q704-bb-e,4,88,"{""base_type"": 769, ""set_flags"": 0, ""runtime_index"": 1191, ""file_offset"": 7852, ""floor_field"": 4, ""entity_id_field"": 17812, ""group"": 0, ""room"": 60, ""unknown_a3"": 0, ""position"": [309.959716796875, 11.258010864257812, -374.67724609375], ""angles"": [0, 0, 0], ""params"": [1.0, 1.0, 1.0, 1, 0, 0], ""unused_pointer"": 77375168}"
government-ep4/q704-bb-e,4,89,"{""base_type"": 769, ""set_flags"": 0, ""runtime_index"": 1192, ""file_offset"": 7920, ""floor_field"": 4, ""entity_id_field"": 17813, ""group"": 0, ""room"": 60, ""unknown_a3"": 0, ""position"": [355.1357421875, 6.732906341552734, -328.908203125], ""angles"": [0, 0, 0], ""params"": [1.0, 1.0, 1.0, 1, 0, 0], ""unused_pointer"": 77376016}"
government-ep4/q704-bb-e,4,90,"{""base_type"": 769, ""set_flags"": 0, ""runtime_index"": 1193, ""file_offset"": 7988, ""floor_field"": 4, ""entity_id_field"": 17814, ""group"": 0, ""room"": 60, ""unknown_a3"": 0, ""position"": [308.420654296875, 11.656917572021484, -487.12158203125], ""angles"": [0, 0, 0], ""params"": [1.0, 1.0, 1.0, 1, 0, 0], ""unused_pointer"": 77376864}"
government-ep4/q704-bb-e,4,91,"{""base_type"": 769, ""set_flags"": 0, ""runtime_index"": 1194, ""file_offset"": 8056, ""floor_field"": 4, ""entity_id_field"": 17815, ""group"": 0, ""room"": 60, ""unknown_a3"": 0, ""position"": [321.38525390625, 0.25121307373046875, -272.5693359375], ""angles"": [0, 0, 0], ""params"": [1.0, 1.0, 1.0, 1, 0, 0], ""unused_pointer"": 77377712}"
government-ep4/q704-bb-e,4,92,"{""base_type"": 769, ""set_flags"": 0, ""runtime_index"": 1195, ""file_offset"": 8124, ""floor_field"": 4, ""entity_id_field"": 17816, ""group"": 0, ""room"": 60, ""unknown_a3"": 0, ""position"": [271.815673828125, 2.652524948120117, -321.603515625], ""angles"": [0, 0, 0], ""params"": [1.0, 1.0, 1.0, 1, 0, 0], ""unused_pointer"": 77378560}"
government-ep4/q704-bb-e,4,93,"{""base_type"": 769, ""set_flags"": 0, ""runtime_index"": 1196, ""file_offset"": 8192, ""floor_field"": 4, ""entity_id_field"": 17817, ""group"": 0, ""room"": 60, ""unknown_a3"": 0, ""position"": [231.023193359375, 0.0, -208.50244140625], ""angles"": [0, 0, 0], ""params"": [1.0, 1.0, 1.0, 1, 0, 0], ""unused_pointer"": 77379408}"
government-ep4/q704-bb-e,5,73,"{""base_type"": 769, ""set_flags"": 0, ""runtime_index"": 1230, ""file_offset"": 16504, ""floor_field"": 5, ""entity_id_field"": 17792, ""group"": 0, ""room"": 60, ""unknown_a3"": 0, ""position"": [-180.8238067626953, -44.10943603515625, 223.2340087890625], ""angles"": [0, 0, 0], ""params"": [1.0, 1.0, 1.0, 2, 0, 0], ""unused_pointer"": 77379904}"
government-ep4/q704-bb-e,5,74,"{""base_type"": 769, ""set_flags"": 0, ""runtime_index"": 1231, ""file_offset"": 16572, ""floor_field"": 5, ""entity_id_field"": 17793, ""group"": 0, ""room"": 60, ""unknown_a3"": 0, ""position"": [-103.4441146850586, -41.84698486328125, 282.94354248046875], ""angles"": [0, 0, 0], ""params"": [1.0, 1.0, 1.0, 2, 0, 0], ""unused_pointer"": 77380752}"
government-ep4/q704-bb-e,5,75,"{""base_type"": 769, ""set_flags"": 0, ""runtime_index"": 1232, ""file_offset"": 16640, ""floor_field"": 5, ""entity_id_field"": 17794, ""group"": 0, ""room"": 60, ""unknown_a3"": 0, ""position"": [-201.51153564453125, -43.294219970703125, 332.40216064453125], ""angles"": [0, 4096, 0], ""params"": [1.0, 1.0, 1.0, 2, 0, 0], ""unused_pointer"": 77381600}"
government-ep4/q704-bb-e,5,76,"{""base_type"": 769, ""set_flags"": 0, ""runtime_index"": 1233, ""file_offset"": 16708, ""floor_field"": 5, ""entity_id_field"": 17795, ""group"": 0, ""room"": 60, ""unknown_a3"": 0, ""position"": [-116.84270477294922, -45.869720458984375, 388.4761047363281], ""angles"": [0, 8192, 0], ""params"": [1.0, 1.0, 1.0, 2, 0, 0], ""unused_pointer"": 77382448}"
government-ep4/q704-bb-e,5,77,"{""base_type"": 769, ""set_flags"": 0, ""runtime_index"": 1234, ""file_offset"": 16776, ""floor_field"": 5, ""entity_id_field"": 17796, ""group"": 0, ""room"": 60, ""unknown_a3"": 0, ""position"": [-24.0931396484375, -43.610809326171875, 343.4170837402344], ""angles"": [0, 12288, 0], ""params"": [1.0, 1.0, 1.0, 2, 0, 0], ""unused_pointer"": 77383296}"
government-ep4/q704-bb-e,5,78,"{""base_type"": 769, ""set_flags"": 0, ""runtime_index"": 1235, ""file_offset"": 16844, ""floor_field"": 5, ""entity_id_field"": 17797, ""group"": 0, ""room"": 60, ""unknown_a3"": 0, ""position"": [88.37155151367188, -41.894195556640625, 293.2322998046875], ""angles"": [0, 16384, 0], ""params"": [1.0, 1.0, 1.0, 2, 0, 0], ""unused_pointer"": 77384144}"
government-ep4/q704-bb-e,5,79,"{""base_type"": 769, ""set_flags"": 0, ""runtime_index"": 1236, ""file_offset"": 16912, ""floor_field"": 5, ""entity_id_field"": 17798, ""group"": 0, ""room"": 60, ""unknown_a3"": 0, ""position"": [-16.808334350585938, -33.697967529296875, 210.3155517578125], ""angles"": [0, 20480, 0], ""params"": [1.0, 1.0, 1.0, 2, 0, 0], ""unused_pointer"": 77384992}"
government-ep4/q704-bb-e,5,80,"{""base_type"": 769, ""set_flags"": 0, ""runtime_index"": 1237, ""file_offset"": 16980, ""floor_field"": 5, ""entity_id_field"": 17799, ""group"": 0, ""room"": 60, ""unknown_a3"": 0, ""position"": [-111.02456665039062, -33.859130859375, 130.097900390625], ""angles"": [0, 24576, 0], ""params"": [1.0, 1.0, 1.0, 2, 0, 0], ""unused_pointer"": 77385840}"
government-ep4/q704-bb-e,5,81,"{""base_type"": 769, ""set_flags"": 0, ""runtime_index"": 1238, ""file_offset"": 17048, ""floor_field"": 5, ""entity_id_field"": 17800, ""group"": 0, ""room"": 60, ""unknown_a3"": 0, ""position"": [-109.69391632080078, -38.71734619140625, 201.81890869140625], ""angles"": [0, 24576, 0], ""params"": [1.0, 1.0, 1.0, 0, 0, 0], ""unused_pointer"": 77386688}"
government-ep4/q704-bb-e,5,82,"{""base_type"": 769, ""set_flags"": 0, ""runtime_index"": 1239, ""file_offset"": 17116, ""floor_field"": 5, ""entity_id_field"": 17801, ""group"": 0, ""room"": 60, ""unknown_a3"": 0, ""position"": [8.201934814453125, -41.322998046875, 278.56951904296875], ""angles"": [0, 24576, 0], ""params"": [1.0, 1.0, 1.0, 0, 0, 0], ""unused_pointer"": 77387536}"
government-ep4/q704-bb-e,5,83,"{""base_type"": 769, ""set_flags"": 0, ""runtime_index"": 1240, ""file_offset"": 17184, ""floor_field"": 5, ""entity_id_field"": 17802, ""group"": 0, ""room"": 60, ""unknown_a3"": 0, ""position"": [114.951171875, -33.949249267578125, 206.52227783203125], ""angles"": [0, 24576, 0], ""params"": [1.0, 1.0, 1.0, 0, 0, 0], ""unused_pointer"": 77388384}"
government-ep4/q704-bb-e,5,84,"{""base_type"": 769, ""set_flags"": 0, ""runtime_index"": 1241, ""file_offset"": 17252, ""floor_field"": 5, ""entity_id_field"": 17803, ""group"": 0, ""room"": 60, ""unknown_a3"": 0, ""position"": [46.093505859375, -44.4267578125, 349.6700439453125], ""angles"": [0, 24576, 0], ""params"": [1.0, 1.0, 1.0, 0, 0, 0], ""unused_pointer"": 77389232}"
government-ep4/q704-bb-e,5,85,"{""base_type"": 769, ""set_flags"": 0, ""runtime_index"": 1242, ""file_offset"": 17320, ""floor_field"": 5, ""entity_id_field"": 17804, ""group"": 0, ""room"": 60, ""unknown_a3"": 0, ""position"": [36.1529541015625, -44.339385986328125, 345.7161865234375], ""angles"": [0, 24576, 0], ""params"": [1.0, 1.0, 1.0, 1, 0, 0], ""unused_pointer"": 77390080}"
government-ep4/q704-bb-e,5,86,"{""base_type"": 769, ""set_flags"": 0, ""runtime_index"": 1243, ""file_offset"": 17388, ""floor_field"": 5, ""entity_id_field"": 17805, ""group"": 0, ""room"": 60, ""unknown_a3"": 0, ""position"": [-14.37060546875, -40.681915283203125, 273.2139892578125], ""angles"": [0, 24576, 0], ""params"": [1.0, 1.0, 1.0, 1, 0, 0], ""unused_pointer"": 77390928}"
government-ep4/q704-bb-e,5,87,"{""base_type"": 769, ""set_flags"": 0, ""runtime_index"": 1244, ""file_offset"": 17456, ""floor_field"": 5, ""entity_id_field"": 17806, ""group"": 0, ""room"": 60, ""unknown_a3"": 0, ""position"": [-66.49002075195312, -32.590118408203125, 131.6868896484375], ""angles"": [0, 24576, 0], ""params"": [1.0, 1.0, 1.0, 1, 0, 0], ""unused_pointer"": 77391776}"
government-ep4/q704-bb-e,5,88,"{""base_type"": 769, ""set_flags"": 0, ""runtime_index"": 1245, ""file_offset"": 17524, ""floor_field"": 5, ""entity_id_field"": 17807, ""group"": 0, ""room"": 60, ""unknown_a3"": 0, ""position"": [-187.68016052246094, -40.821533203125, 187.4254150390625], ""angles"": [0, 24576, 0], ""params"": [1.0, 1.0, 1.0, 1, 0, 0], ""unused_pointer"": 77392624}"
government-ep4/q704-bb-e,5,89,"{""base_type"": 769, ""set_flags"": 0, ""runtime_index"": 1246, ""file_offset"": 17592, ""floor_field"": 5, ""entity_id_field"": 17808, ""group"": 0, ""room"": 60, ""unknown_a3"": 0, ""position"": [102.3316650390625, -31.78662109375, 184.5408935546875], ""angles"": [0, 24576, 0], ""params"": [1.0, 1.0, 1.0, 1, 0, 0], ""unused_pointer"": 77393472}"
government-ep4/q704-bb-e,5,90,"{""base_type"": 769, ""set_flags"": 0, ""runtime_index"": 1247, ""file_offset"": 17660, ""floor_field"": 5, ""entity_id_field"": 17809, ""group"": 0, ""room"": 60, ""unknown_a3"": 0, ""position"": [-233.37583923339844, -29.217926025390625, 52.224853515625], ""angles"": [0, 24576, 0], ""params"": [1.0, 1.0, 1.0, 2, 0, 0], ""unused_pointer"": 77394320}"
government-ep4/q704-bb-e,5,91,"{""base_type"": 769, ""set_flags"": 0, ""runtime_index"": 1248, ""file_offset"": 17728, ""floor_field"": 5, ""entity_id_field"": 17810, ""group"": 0, ""room"": 60, ""unknown_a3"": 0, ""position"": [-66.44697570800781, -23.088287353515625, -35.58111572265625], ""angles"": [0, 24576, 0], ""params"": [1.0, 1.0, 1.0, 2, 0, 0], ""unused_pointer"": 77395168}"
government-ep4/q704-bb-e,5,92,"{""base_type"": 769, ""set_flags"": 0, ""runtime_index"": 1249, ""file_offset"": 17796, ""floor_field"": 5, ""entity_id_field"": 17811, ""group"": 0, ""room"": 60, ""unknown_a3"": 0, ""position"": [-197.7366485595703, -29.9815673828125, 64.218017578125], ""angles"": [0, 24576, 0], ""params"": [1.0, 1.0, 1.0, 1, 0, 0], ""unused_pointer"": 77396016}"
government-ep4/q704-bb-e,5,93,"{""base_type"": 769, ""set_flags"": 0, ""runtime_index"": 1250, ""file_offset"": 17864, ""floor_field"": 5, ""entity_id_field"": 17812, ""group"": 0, ""room"": 60, ""unknown_a3"": 0, ""position"": [-94.38825988769531, -24.35296630859375, -15.69378662109375], ""angles"": [0, 24576, 0], ""params"": [1.0, 1.0, 1.0, 1, 0, 0], ""unused_pointer"": 77396864}"
government-ep4/q704-bb-e,5,94,"{""base_type"": 769, ""set_flags"": 0, ""runtime_index"": 1251, ""file_offset"": 17932, ""floor_field"": 5, ""entity_id_field"": 17813, ""group"": 0, ""room"": 60, ""unknown_a3"": 0, ""position"": [-201.3058319091797, -27.003936767578125, 6.303466796875], ""angles"": [0, 24576, 0], ""params"": [1.0, 1.0, 1.0, 0, 0, 0], ""unused_pointer"": 77397712}"
government-ep4/q704-bb-e,5,95,"{""base_type"": 769, ""set_flags"": 0, ""runtime_index"": 1252, ""file_offset"": 18000, ""floor_field"": 5, ""entity_id_field"": 17814, ""group"": 0, ""room"": 60, ""unknown_a3"": 0, ""position"": [-9.5576171875, -23.53753662109375, -30.72509765625], ""angles"": [0, 24576, 0], ""params"": [1.0, 1.0, 1.0, 0, 0, 0], ""unused_pointer"": 77398560}"
government-ep4/q704-bb-j,4,42,"{""base_type"": 769, ""set_flags"": 0, ""runtime_index"": 1186, ""file_offset"": 4724, ""floor_field"": 4, ""entity_id_field"": 17911, ""group"": 0, ""room"": 22, ""unknown_a3"": 0, ""position"": [-197.87493896484375, -7.998188018798828, -366.041015625], ""angles"": [0, 0, 0], ""params"": [1.0, 1.0, 1.0, 2, 0, 0], ""unused_pointer"": 69000880}"
government-ep4/q704-bb-j,4,43,"{""base_type"": 769, ""set_flags"": 0, ""runtime_index"": 1187, ""file_offset"": 4792, ""floor_field"": 4, ""entity_id_field"": 17912, ""group"": 0, ""room"": 22, ""unknown_a3"": 0, ""position"": [-231.83856201171875, -7.998188018798828, -332.75439453125], ""angles"": [0, 0, 0], ""params"": [1.0, 1.0, 1.0, 1, 0, 0], ""unused_pointer"": 69001728}"
government-ep4/q704-bb-j,4,44,"{""base_type"": 769, ""set_flags"": 0, ""runtime_index"": 1188, ""file_offset"": 4860, ""floor_field"": 4, ""entity_id_field"": 17913, ""group"": 0, ""room"": 22, ""unknown_a3"": 0, ""position"": [-238.95513916015625, -7.998188018798828, -338.20947265625], ""angles"": [0, 0, 0], ""params"": [1.0, 1.0, 1.0, 0, 0, 0], ""unused_pointer"": 69002576}"
government-ep4/q704-bb-j,4,85,"{""base_type"": 769, ""set_flags"": 0, ""runtime_index"": 1188, ""file_offset"": 7648, ""floor_field"": 4, ""entity_id_field"": 17809, ""group"": 0, ""room"": 60, ""unknown_a3"": 0, ""position"": [243.276611328125, 8.64565658569336, -392.59375], ""angles"": [0, 0, 0], ""params"": [1.0, 1.0, 1.0, 1, 0, 0], ""unused_pointer"": 77372624}"
government-ep4/q704-bb-j,4,86,"{""base_type"": 769, ""set_flags"": 0, ""runtime_index"": 1189, ""file_offset"": 7716, ""floor_field"": 4, ""entity_id_field"": 17810, ""group"": 0, ""room"": 60, ""unknown_a3"": 0, ""position"": [269.37548828125, 11.656917572021484, -442.01513671875], ""angles"": [0, 0, 0], ""params"": [1.0, 1.0, 1.0, 1, 0, 0], ""unused_pointer"": 77373472}"
government-ep4/q704-bb-j,4,87,"{""base_type"": 769, ""set_flags"": 0, ""runtime_index"": 1190, ""file_offset"": 7784, ""floor_field"": 4, ""entity_id_field"": 17811, ""group"": 0, ""room"": 60, ""unknown_a3"": 0, ""position"": [349.693115234375, 11.656917572021484, -450.60498046875], ""angles"": [0, 0, 0], ""params"": [1.0, 1.0, 1.0, 1, 0, 0], ""unused_pointer"": 77374320}"
government-ep4/q704-bb-j,4,88,"{""base_type"": 769, ""set_flags"": 0, ""runtime_index"": 1191, ""file_offset"": 7852, ""floor_field"": 4, ""entity_id_field"": 17812, ""group"": 0, ""room"": 60, ""unknown_a3"": 0, ""position"": [309.959716796875, 11.258010864257812, -374.67724609375], ""angles"": [0, 0, 0], ""params"": [1.0, 1.0, 1.0, 1, 0, 0], ""unused_pointer"": 77375168}"
government-ep4/q704-bb-j,4,89,"{""base_type"": 769, ""set_flags"": 0, ""runtime_index"": 1192, ""file_offset"": 7920, ""floor_field"": 4, ""entity_id_field"": 17813, ""group"": 0, ""room"": 60, ""unknown_a3"": 0, ""position"": [355.1357421875, 6.732906341552734, -328.908203125], ""angles"": [0, 0, 0], ""params"": [1.0, 1.0, 1.0, 1, 0, 0], ""unused_pointer"": 77376016}"
government-ep4/q704-bb-j,4,90,"{""base_type"": 769, ""set_flags"": 0, ""runtime_index"": 1193, ""file_offset"": 7988, ""floor_field"": 4, ""entity_id_field"": 17814, ""group"": 0, ""room"": 60, ""unknown_a3"": 0, ""position"": [308.420654296875, 11.656917572021484, -487.12158203125], ""angles"": [0, 0, 0], ""params"": [1.0, 1.0, 1.0, 1, 0, 0], ""unused_pointer"": 77376864}"
government-ep4/q704-bb-j,4,91,"{""base_type"": 769, ""set_flags"": 0, ""runtime_index"": 1194, ""file_offset"": 8056, ""floor_field"": 4, ""entity_id_field"": 17815, ""group"": 0, ""room"": 60, ""unknown_a3"": 0, ""position"": [321.38525390625, 0.25121307373046875, -272.5693359375], ""angles"": [0, 0, 0], ""params"": [1.0, 1.0, 1.0, 1, 0, 0], ""unused_pointer"": 77377712}"
government-ep4/q704-bb-j,4,92,"{""base_type"": 769, ""set_flags"": 0, ""runtime_index"": 1195, ""file_offset"": 8124, ""floor_field"": 4, ""entity_id_field"": 17816, ""group"": 0, ""room"": 60, ""unknown_a3"": 0, ""position"": [271.815673828125, 2.652524948120117, -321.603515625], ""angles"": [0, 0, 0], ""params"": [1.0, 1.0, 1.0, 1, 0, 0], ""unused_pointer"": 77378560}"
government-ep4/q704-bb-j,4,93,"{""base_type"": 769, ""set_flags"": 0, ""runtime_index"": 1196, ""file_offset"": 8192, ""floor_field"": 4, ""entity_id_field"": 17817, ""group"": 0, ""room"": 60, ""unknown_a3"": 0, ""position"": [231.023193359375, 0.0, -208.50244140625], ""angles"": [0, 0, 0], ""params"": [1.0, 1.0, 1.0, 1, 0, 0], ""unused_pointer"": 77379408}"
government-ep4/q704-bb-j,5,73,"{""base_type"": 769, ""set_flags"": 0, ""runtime_index"": 1230, ""file_offset"": 16504, ""floor_field"": 5, ""entity_id_field"": 17792, ""group"": 0, ""room"": 60, ""unknown_a3"": 0, ""position"": [-180.8238067626953, -44.10943603515625, 223.2340087890625], ""angles"": [0, 0, 0], ""params"": [1.0, 1.0, 1.0, 2, 0, 0], ""unused_pointer"": 77379904}"
government-ep4/q704-bb-j,5,74,"{""base_type"": 769, ""set_flags"": 0, ""runtime_index"": 1231, ""file_offset"": 16572, ""floor_field"": 5, ""entity_id_field"": 17793, ""group"": 0, ""room"": 60, ""unknown_a3"": 0, ""position"": [-103.4441146850586, -41.84698486328125, 282.94354248046875], ""angles"": [0, 0, 0], ""params"": [1.0, 1.0, 1.0, 2, 0, 0], ""unused_pointer"": 77380752}"
government-ep4/q704-bb-j,5,75,"{""base_type"": 769, ""set_flags"": 0, ""runtime_index"": 1232, ""file_offset"": 16640, ""floor_field"": 5, ""entity_id_field"": 17794, ""group"": 0, ""room"": 60, ""unknown_a3"": 0, ""position"": [-201.51153564453125, -43.294219970703125, 332.40216064453125], ""angles"": [0, 4096, 0], ""params"": [1.0, 1.0, 1.0, 2, 0, 0], ""unused_pointer"": 77381600}"
government-ep4/q704-bb-j,5,76,"{""base_type"": 769, ""set_flags"": 0, ""runtime_index"": 1233, ""file_offset"": 16708, ""floor_field"": 5, ""entity_id_field"": 17795, ""group"": 0, ""room"": 60, ""unknown_a3"": 0, ""position"": [-116.84270477294922, -45.869720458984375, 388.4761047363281], ""angles"": [0, 8192, 0], ""params"": [1.0, 1.0, 1.0, 2, 0, 0], ""unused_pointer"": 77382448}"
government-ep4/q704-bb-j,5,77,"{""base_type"": 769, ""set_flags"": 0, ""runtime_index"": 1234, ""file_offset"": 16776, ""floor_field"": 5, ""entity_id_field"": 17796, ""group"": 0, ""room"": 60, ""unknown_a3"": 0, ""position"": [-24.0931396484375, -43.610809326171875, 343.4170837402344], ""angles"": [0, 12288, 0], ""params"": [1.0, 1.0, 1.0, 2, 0, 0], ""unused_pointer"": 77383296}"
government-ep4/q704-bb-j,5,78,"{""base_type"": 769, ""set_flags"": 0, ""runtime_index"": 1235, ""file_offset"": 16844, ""floor_field"": 5, ""entity_id_field"": 17797, ""group"": 0, ""room"": 60, ""unknown_a3"": 0, ""position"": [88.37155151367188, -41.894195556640625, 293.2322998046875], ""angles"": [0, 16384, 0], ""params"": [1.0, 1.0, 1.0, 2, 0, 0], ""unused_pointer"": 77384144}"
government-ep4/q704-bb-j,5,79,"{""base_type"": 769, ""set_flags"": 0, ""runtime_index"": 1236, ""file_offset"": 16912, ""floor_field"": 5, ""entity_id_field"": 17798, ""group"": 0, ""room"": 60, ""unknown_a3"": 0, ""position"": [-16.808334350585938, -33.697967529296875, 210.3155517578125], ""angles"": [0, 20480, 0], ""params"": [1.0, 1.0, 1.0, 2, 0, 0], ""unused_pointer"": 77384992}"
government-ep4/q704-bb-j,5,80,"{""base_type"": 769, ""set_flags"": 0, ""runtime_index"": 1237, ""file_offset"": 16980, ""floor_field"": 5, ""entity_id_field"": 17799, ""group"": 0, ""room"": 60, ""unknown_a3"": 0, ""position"": [-111.02456665039062, -33.859130859375, 130.097900390625], ""angles"": [0, 24576, 0], ""params"": [1.0, 1.0, 1.0, 2, 0, 0], ""unused_pointer"": 77385840}"
government-ep4/q704-bb-j,5,81,"{""base_type"": 769, ""set_flags"": 0, ""runtime_index"": 1238, ""file_offset"": 17048, ""floor_field"": 5, ""entity_id_field"": 17800, ""group"": 0, ""room"": 60, ""unknown_a3"": 0, ""position"": [-109.69391632080078, -38.71734619140625, 201.81890869140625], ""angles"": [0, 24576, 0], ""params"": [1.0, 1.0, 1.0, 0, 0, 0], ""unused_pointer"": 77386688}"
government-ep4/q704-bb-j,5,82,"{""base_type"": 769, ""set_flags"": 0, ""runtime_index"": 1239, ""file_offset"": 17116, ""floor_field"": 5, ""entity_id_field"": 17801, ""group"": 0, ""room"": 60, ""unknown_a3"": 0, ""position"": [8.201934814453125, -41.322998046875, 278.56951904296875], ""angles"": [0, 24576, 0], ""params"": [1.0, 1.0, 1.0, 0, 0, 0], ""unused_pointer"": 77387536}"
government-ep4/q704-bb-j,5,83,"{""base_type"": 769, ""set_flags"": 0, ""runtime_index"": 1240, ""file_offset"": 17184, ""floor_field"": 5, ""entity_id_field"": 17802, ""group"": 0, ""room"": 60, ""unknown_a3"": 0, ""position"": [114.951171875, -33.949249267578125, 206.52227783203125], ""angles"": [0, 24576, 0], ""params"": [1.0, 1.0, 1.0, 0, 0, 0], ""unused_pointer"": 77388384}"
government-ep4/q704-bb-j,5,84,"{""base_type"": 769, ""set_flags"": 0, ""runtime_index"": 1241, ""file_offset"": 17252, ""floor_field"": 5, ""entity_id_field"": 17803, ""group"": 0, ""room"": 60, ""unknown_a3"": 0, ""position"": [46.093505859375, -44.4267578125, 349.6700439453125], ""angles"": [0, 24576, 0], ""params"": [1.0, 1.0, 1.0, 0, 0, 0], ""unused_pointer"": 77389232}"
government-ep4/q704-bb-j,5,85,"{""base_type"": 769, ""set_flags"": 0, ""runtime_index"": 1242, ""file_offset"": 17320, ""floor_field"": 5, ""entity_id_field"": 17804, ""group"": 0, ""room"": 60, ""unknown_a3"": 0, ""position"": [36.1529541015625, -44.339385986328125, 345.7161865234375], ""angles"": [0, 24576, 0], ""params"": [1.0, 1.0, 1.0, 1, 0, 0], ""unused_pointer"": 77390080}"
government-ep4/q704-bb-j,5,86,"{""base_type"": 769, ""set_flags"": 0, ""runtime_index"": 1243, ""file_offset"": 17388, ""floor_field"": 5, ""entity_id_field"": 17805, ""group"": 0, ""room"": 60, ""unknown_a3"": 0, ""position"": [-14.37060546875, -40.681915283203125, 273.2139892578125], ""angles"": [0, 24576, 0], ""params"": [1.0, 1.0, 1.0, 1, 0, 0], ""unused_pointer"": 77390928}"
government-ep4/q704-bb-j,5,87,"{""base_type"": 769, ""set_flags"": 0, ""runtime_index"": 1244, ""file_offset"": 17456, ""floor_field"": 5, ""entity_id_field"": 17806, ""group"": 0, ""room"": 60, ""unknown_a3"": 0, ""position"": [-66.49002075195312, -32.590118408203125, 131.6868896484375], ""angles"": [0, 24576, 0], ""params"": [1.0, 1.0, 1.0, 1, 0, 0], ""unused_pointer"": 77391776}"
government-ep4/q704-bb-j,5,88,"{""base_type"": 769, ""set_flags"": 0, ""runtime_index"": 1245, ""file_offset"": 17524, ""floor_field"": 5, ""entity_id_field"": 17807, ""group"": 0, ""room"": 60, ""unknown_a3"": 0, ""position"": [-187.68016052246094, -40.821533203125, 187.4254150390625], ""angles"": [0, 24576, 0], ""params"": [1.0, 1.0, 1.0, 1, 0, 0], ""unused_pointer"": 77392624}"
government-ep4/q704-bb-j,5,89,"{""base_type"": 769, ""set_flags"": 0, ""runtime_index"": 1246, ""file_offset"": 17592, ""floor_field"": 5, ""entity_id_field"": 17808, ""group"": 0, ""room"": 60, ""unknown_a3"": 0, ""position"": [102.3316650390625, -31.78662109375, 184.5408935546875], ""angles"": [0, 24576, 0], ""params"": [1.0, 1.0, 1.0, 1, 0, 0], ""unused_pointer"": 77393472}"
government-ep4/q704-bb-j,5,90,"{""base_type"": 769, ""set_flags"": 0, ""runtime_index"": 1247, ""file_offset"": 17660, ""floor_field"": 5, ""entity_id_field"": 17809, ""group"": 0, ""room"": 60, ""unknown_a3"": 0, ""position"": [-233.37583923339844, -29.217926025390625, 52.224853515625], ""angles"": [0, 24576, 0], ""params"": [1.0, 1.0, 1.0, 2, 0, 0], ""unused_pointer"": 77394320}"
government-ep4/q704-bb-j,5,91,"{""base_type"": 769, ""set_flags"": 0, ""runtime_index"": 1248, ""file_offset"": 17728, ""floor_field"": 5, ""entity_id_field"": 17810, ""group"": 0, ""room"": 60, ""unknown_a3"": 0, ""position"": [-66.44697570800781, -23.088287353515625, -35.58111572265625], ""angles"": [0, 24576, 0], ""params"": [1.0, 1.0, 1.0, 2, 0, 0], ""unused_pointer"": 77395168}"
government-ep4/q704-bb-j,5,92,"{""base_type"": 769, ""set_flags"": 0, ""runtime_index"": 1249, ""file_offset"": 17796, ""floor_field"": 5, ""entity_id_field"": 17811, ""group"": 0, ""room"": 60, ""unknown_a3"": 0, ""position"": [-197.7366485595703, -29.9815673828125, 64.218017578125], ""angles"": [0, 24576, 0], ""params"": [1.0, 1.0, 1.0, 1, 0, 0], ""unused_pointer"": 77396016}"
government-ep4/q704-bb-j,5,93,"{""base_type"": 769, ""set_flags"": 0, ""runtime_index"": 1250, ""file_offset"": 17864, ""floor_field"": 5, ""entity_id_field"": 17812, ""group"": 0, ""room"": 60, ""unknown_a3"": 0, ""position"": [-94.38825988769531, -24.35296630859375, -15.69378662109375], ""angles"": [0, 24576, 0], ""params"": [1.0, 1.0, 1.0, 1, 0, 0], ""unused_pointer"": 77396864}"
government-ep4/q704-bb-j,5,94,"{""base_type"": 769, ""set_flags"": 0, ""runtime_index"": 1251, ""file_offset"": 17932, ""floor_field"": 5, ""entity_id_field"": 17813, ""group"": 0, ""room"": 60, ""unknown_a3"": 0, ""position"": [-201.3058319091797, -27.003936767578125, 6.303466796875], ""angles"": [0, 24576, 0], ""params"": [1.0, 1.0, 1.0, 0, 0, 0], ""unused_pointer"": 77397712}"
government-ep4/q704-bb-j,5,95,"{""base_type"": 769, ""set_flags"": 0, ""runtime_index"": 1252, ""file_offset"": 18000, ""floor_field"": 5, ""entity_id_field"": 17814, ""group"": 0, ""room"": 60, ""unknown_a3"": 0, ""position"": [-9.5576171875, -23.53753662109375, -30.72509765625], ""angles"": [0, 24576, 0], ""params"": [1.0, 1.0, 1.0, 0, 0, 0], ""unused_pointer"": 77398560}"
government-ep4/q705-bb-e,5,32,"{""base_type"": 769, ""set_flags"": 0, ""runtime_index"": 1307, ""file_offset"": 4044, ""floor_field"": 5, ""entity_id_field"": 17823, ""group"": 0, ""room"": 50, ""unknown_a3"": 0, ""position"": [-367.4348449707031, -44.852630615234375, 51.155487060546875], ""angles"": [0, 0, 0], ""params"": [1.0, 1.0, 1.0, 1, 0, 0], ""unused_pointer"": 71361360}"
government-ep4/q705-bb-e,5,33,"{""base_type"": 769, ""set_flags"": 0, ""runtime_index"": 1258, ""file_offset"": 4112, ""floor_field"": 5, ""entity_id_field"": 17824, ""group"": 0, ""room"": 50, ""unknown_a3"": 0, ""position"": [-329.71356201171875, -44.8443603515625, 23.632705688476562], ""angles"": [0, 0, 0], ""params"": [1.0, 1.0, 1.0, 2, 0, 0], ""unused_pointer"": 71362208}"
government-ep4/q705-bb-e,5,64,"{""base_type"": 769, ""set_flags"": 0, ""runtime_index"": 1340, ""file_offset"": 6220, ""floor_field"": 5, ""entity_id_field"": 17706, ""group"": 0, ""room"": 60, ""unknown_a3"": 0, ""position"": [-405.49761962890625, -28.040008544921875, 48.615966796875], ""angles"": [0, 0, 0], ""params"": [2.0, 2.0, 1.0, 2, 0, 0], ""unused_pointer"": 71289680}"
government-ep4/q705-bb-e,5,65,"{""base_type"": 769, ""set_flags"": 0, ""runtime_index"": 1342, ""file_offset"": 6288, ""floor_field"": 5, ""entity_id_field"": 17707, ""group"": 0, ""room"": 60, ""unknown_a3"": 0, ""position"": [89.4222412109375, -44.047393798828125, 392.16339111328125], ""angles"": [0, 0, 0], ""params"": [2.0, 3.0, 1.0, 2, 0, 0], ""unused_pointer"": 71290528}"
government-ep4/q705-bb-e,5,66,"{""base_type"": 769, ""set_flags"": 0, ""runtime_index"": 1343, ""file_offset"": 6356, ""floor_field"": 5, ""entity_id_field"": 17708, ""group"": 0, ""room"": 60, ""unknown_a3"": 0, ""position"": [110.28521728515625, -44.930938720703125, 360.1181640625], ""angles"": [0, 8192, 0], ""params"": [2.0, 2.0, 1.0, 2, 0, 0], ""unused_pointer"": 71291376}"
government-ep4/q705-bb-e,5,67,"{""base_type"": 769, ""set_flags"": 0, ""runtime_index"": 1346, ""file_offset"": 6424, ""floor_field"": 5, ""entity_id_field"": 17709, ""group"": 0, ""room"": 60, ""unknown_a3"": 0, ""position"": [174.4222412109375, -43.884552001953125, 349.2362976074219], ""angles"": [0, 16384, 0], ""params"": [2.0, 2.0, 1.0, 2, 0, 0], ""unused_pointer"": 71292224}"
government-ep4/q705-bb-e,5,70,"{""base_type"": 769, ""set_flags"": 0, ""runtime_index"": 1348, ""file_offset"": 6628, ""floor_field"": 5, ""entity_id_field"": 17712, ""group"": 0, ""room"": 60, ""unknown_a3"": 0, ""position"": [90.00921630859375, -37.28265380859375, 238.495849609375], ""angles"": [0, 4096, 0], ""params"": [2.0, 3.0, 1.0, 2, 0, 0], ""unused_pointer"": 71293520}"
government-ep4/q705-bb-e,5,71,"{""base_type"": 769, ""set_flags"": 0, ""runtime_index"": 1255, ""file_offset"": 6696, ""floor_field"": 5, ""entity_id_field"": 17713, ""group"": 0, ""room"": 60, ""unknown_a3"": 0, ""position"": [105.16928100585938, -33.40692138671875, 197.33203125], ""angles"": [0, 16384, 0], ""params"": [2.0, 2.0, 1.0, 2, 0, 0], ""unused_pointer"": 71294368}"
government-ep4/q705-bb-e,5,72,"{""base_type"": 769, ""set_flags"": 0, ""runtime_index"": 1350, ""file_offset"": 6764, ""floor_field"": 5, ""entity_id_field"": 17714, ""group"": 0, ""room"": 60, ""unknown_a3"": 0, ""position"": [147.268310546875, -30.203887939453125, 179.3895263671875], ""angles"": [0, 16384, 0], ""params"": [2.0, 3.0, 1.0, 2, 0, 0], ""unused_pointer"": 71295216}"
government-ep4/q705-bb-e,5,75,"{""base_type"": 769, ""set_flags"": 0, ""runtime_index"": 1368, ""file_offset"": 6968, ""floor_field"": 5, ""entity_id_field"": 17717, ""group"": 0, ""room"": 60, ""unknown_a3"": 0, ""position"": [0.1116485595703125, -31.95489501953125, 182.866455078125], ""angles"": [0, 8192, 0], ""params"": [2.0, 2.0, 1.0, 1, 0, 0], ""unused_pointer"": 71296512}"
government-ep4/q705-bb-e,5,76,"{""base_type"": 769, ""set_flags"": 0, ""runtime_index"": 1354, ""file_offset"": 7036, ""floor_field"": 5, ""entity_id_field"": 17718, ""group"": 0, ""room"": 60, ""unknown_a3"": 0, ""position"": [-63.69166564941406, -42.413482666015625, 318.52386474609375], ""angles"": [0, 4096, 0], ""params"": [2.0, 2.0, 1.0, 2, 0, 0], ""unused_pointer"": 71297360}"
government-ep4/q705-bb-e,5,77,"{""base_type"": 769, ""set_flags"": 0, ""runtime_index"": 1355, ""file_offset"": 7104, ""floor_field"": 5, ""entity_id_field"": 17719, ""group"": 0, ""room"": 60, ""unknown_a3"": 0, ""position"": [-82.78164672851562, -42.413482666015625, 281.18426513671875], ""angles"": [0, 12288, 0], ""params"": [2.0, 2.0, 1.0, 2, 0, 0], ""unused_pointer"": 71298208}"
government-ep4/q705-bb-e,5,78,"{""base_type"": 769, ""set_flags"": 0, ""runtime_index"": 1254, ""file_offset"": 7172, ""floor_field"": 5, ""entity_id_field"": 17720, ""group"": 0, ""room"": 60, ""unknown_a3"": 0, ""position"": [-90.92555236816406, -40.01129150390625, 243.68548583984375], ""angles"": [0, 16384, 0], ""params"": [2.0, 2.0, 1.0, 2, 0, 0], ""unused_pointer"": 71299056}"
government-ep4/q705-bb-e,5,82,"{""base_type"": 769, ""set_flags"": 0, ""runtime_index"": 1374, ""file_offset"": 7444, ""floor_field"": 5, ""entity_id_field"": 17724, ""group"": 0, ""room"": 60, ""unknown_a3"": 0, ""position"": [-16.985733032226562, -47.910369873046875, 442.4068603515625], ""angles"": [0, 8192, 0], ""params"": [2.0, 3.0, 1.0, 2, 0, 0], ""unused_pointer"": 71300576}"
government-ep4/q705-bb-e,5,83,"{""base_type"": 769, ""set_flags"": 0, ""runtime_index"": 1361, ""file_offset"": 7512, ""floor_field"": 5, ""entity_id_field"": 17725, ""group"": 0, ""room"": 60, ""unknown_a3"": 0, ""position"": [-145.24819946289062, -46.0902099609375, 400.2923889160156], ""angles"": [0, 20480, 0], ""params"": [2.0, 1.0, 1.0, 2, 0, 0], ""unused_pointer"": 71301424}"
government-ep4/q705-bb-e,5,85,"{""base_type"": 769, ""set_flags"": 0, ""runtime_index"": 1363, ""file_offset"": 7648, ""floor_field"": 5, ""entity_id_field"": 17727, ""group"": 0, ""room"": 60, ""unknown_a3"": 0, ""position"": [-160.80941772460938, -42.55023193359375, 324.9621276855469], ""angles"": [0, 20480, 0], ""params"": [2.0, 3.0, 1.0, 2, 0, 0], ""unused_pointer"": 71302496}"
government-ep4/q705-bb-e,5,86,"{""base_type"": 769, ""set_flags"": 0, ""runtime_index"": 1364, ""file_offset"": 7716, ""floor_field"": 5, ""entity_id_field"": 17728, ""group"": 0, ""room"": 60, ""unknown_a3"": 0, ""position"": [-220.8146514892578, -44.063018798828125, 347.9379577636719], ""angles"": [0, 8192, 0], ""params"": [2.0, 3.0, 1.0, 2, 0, 0], ""unused_pointer"": 71303344}"
government-ep4/q705-bb-e,5,87,"{""base_type"": 769, ""set_flags"": 0, ""runtime_index"": 1365, ""file_offset"": 7784, ""floor_field"": 5, ""entity_id_field"": 17729, ""group"": 0, ""room"": 60, ""unknown_a3"": 0, ""position"": [-187.34539794921875, -43.342071533203125, 341.742919921875], ""angles"": [0, 8192, 0], ""params"": [2.0, 3.0, 1.0, 1, 0, 0], ""unused_pointer"": 71304192}"
government-ep4/q705-bb-e,5,89,"{""base_type"": 769, ""set_flags"": 0, ""runtime_index"": 1367, ""file_offset"": 7920, ""floor_field"": 5, ""entity_id_field"": 17731, ""group"": 0, ""room"": 60, ""unknown_a3"": 0, ""position"": [-230.9194793701172, -48.154571533203125, 428.799560546875], ""angles"": [0, 20480, 0], ""params"": [2.0, 1.0, 1.0, 2, 0, 0], ""unused_pointer"": 71305264}"
government-ep4/q705-bb-e,5,91,"{""base_type"": 769, ""set_flags"": 0, ""runtime_index"": 1370, ""file_offset"": 8056, ""floor_field"": 5, ""entity_id_field"": 17733, ""group"": 0, ""room"": 60, ""unknown_a3"": 0, ""position"": [21.193649291992188, -31.21356201171875, 166.23809814453125], ""angles"": [0, 16384, 0], ""params"": [2.0, 1.0, 1.0, 2, 0, 0], ""unused_pointer"": 71306336}"
government-ep4/q705-bb-e,5,92,"{""base_type"": 769, ""set_flags"": 0, ""runtime_index"": 1254, ""file_offset"": 8124, ""floor_field"": 5, ""entity_id_field"": 17734, ""group"": 0, ""room"": 60, ""unknown_a3"": 0, ""position"": [58.5455322265625, -31.04931640625, 167.43865966796875], ""angles"": [0, 32768, 0], ""params"": [2.0, 2.0, 1.0, 2, 0, 0], ""unused_pointer"": 71307184}"
government-ep4/q705-bb-e,5,93,"{""base_type"": 769, ""set_flags"": 0, ""runtime_index"": 1395, ""file_offset"": 8192, ""floor_field"": 5, ""entity_id_field"": 17735, ""group"": 0, ""room"": 60, ""unknown_a3"": 0, ""position"": [-88.13999938964844, -50.482086181640625, 475.82000732421875], ""angles"": [0, 8192, 0], ""params"": [2.0, 3.0, 1.0, 1, 0, 0], ""unused_pointer"": 71308032}"
government-ep4/q705-bb-e,5,111,"{""base_type"": 769, ""set_flags"": 0, ""runtime_index"": 1394, ""file_offset"": 9416, ""floor_field"": 5, ""entity_id_field"": 17753, ""group"": 0, ""room"": 60, ""unknown_a3"": 0, ""position"": [-87.98362731933594, -51.839935302734375, 520.1992797851562], ""angles"": [0, 20480, 0], ""params"": [2.0, 1.0, 1.0, 2, 0, 0], ""unused_pointer"": 71327920}"
government-ep4/q705-bb-e,5,117,"{""base_type"": 769, ""set_flags"": 0, ""runtime_index"": 1256, ""file_offset"": 9824, ""floor_field"": 5, ""entity_id_field"": 17759, ""group"": 0, ""room"": 60, ""unknown_a3"": 0, ""position"": [174.22393798828125, -30.85455322265625, 181.63458251953125], ""angles"": [0, 16384, 0], ""params"": [3.0, 1.0, 1.0, 0, 0, 0], ""unused_pointer"": 71329424}"
government-ep4/q705-bb-e,5,119,"{""base_type"": 769, ""set_flags"": 0, ""runtime_index"": 1276, ""file_offset"": 9960, ""floor_field"": 5, ""entity_id_field"": 17764, ""group"": 0, ""room"": 60, ""unknown_a3"": 0, ""position"": [90.7261962890625, -41.583465576171875, 291.3121337890625], ""angles"": [0, 16384, 0], ""params"": [2.0, 1.0, 1.0, 0, 0, 0], ""unused_pointer"": 71308880}"
government-ep4/q705-bb-e,5,120,"{""base_type"": 769, ""set_flags"": 0, ""runtime_index"": 1277, ""file_offset"": 10028, ""floor_field"": 5, ""entity_id_field"": 17765, ""group"": 0, ""room"": 60, ""unknown_a3"": 0, ""position"": [126.25665283203125, -40.83404541015625, 297.7384033203125], ""angles"": [0, 16384, 0], ""params"": [1.0, 1.0, 1.0, 0, 0, 0], ""unused_pointer"": 71311120}"
government-ep4/q705-bb-e,5,121,"{""base_type"": 769, ""set_flags"": 0, ""runtime_index"": 1278, ""file_offset"": 10096, ""floor_field"": 5, ""entity_id_field"": 17767, ""group"": 0, ""room"": 60, ""unknown_a3"": 0, ""position"": [-8.3243408203125, -44.119903564453125, 364.206298828125], ""angles"": [0, 16384, 0], ""params"": [1.0, 1.0, 1.0, 0, 0, 0], ""unused_pointer"": 71314480}"
government-ep4/q705-bb-e,5,122,"{""base_type"": 769, ""set_flags"": 0, ""runtime_index"": 1279, ""file_offset"": 10164, ""floor_field"": 5, ""entity_id_field"": 17769, ""group"": 0, ""room"": 60, ""unknown_a3"": 0, ""position"": [6.185516357421875, -38.299346923828125, 259.52783203125], ""angles"": [0, 16384, 0], ""params"": [1.0, 2.0, 1.0, 0, 0, 0], ""unused_pointer"": 71317840}"
government-ep4/q705-bb-e,5,123,"{""base_type"": 769, ""set_flags"": 0, ""runtime_index"": 1280, ""file_offset"": 10232, ""floor_field"": 5, ""entity_id_field"": 17773, ""group"": 0, ""room"": 60, ""unknown_a3"": 0, ""position"": [6.223785400390625, -42.988067626953125, 330.0325622558594], ""angles"": [0, 16384, 0], ""params"": [1.0, 2.0, 1.0, 0, 0, 0], ""unused_pointer"": 71318688}"
government-ep4/q705-bb-j,5,32,"{""base_type"": 769, ""set_flags"": 0, ""runtime_index"": 1307, ""file_offset"": 4044, ""floor_field"": 5, ""entity_id_field"": 17823, ""group"": 0, ""room"": 50, ""unknown_a3"": 0, ""position"": [-367.4348449707031, -44.852630615234375, 51.155487060546875], ""angles"": [0, 0, 0], ""params"": [1.0, 1.0, 1.0, 1, 0, 0], ""unused_pointer"": 71361360}"
government-ep4/q705-bb-j,5,33,"{""base_type"": 769, ""set_flags"": 0, ""runtime_index"": 1258, ""file_offset"": 4112, ""floor_field"": 5, ""entity_id_field"": 17824, ""group"": 0, ""room"": 50, ""unknown_a3"": 0, ""position"": [-329.71356201171875, -44.8443603515625, 23.632705688476562], ""angles"": [0, 0, 0], ""params"": [1.0, 1.0, 1.0, 2, 0, 0], ""unused_pointer"": 71362208}"
government-ep4/q705-bb-j,5,64,"{""base_type"": 769, ""set_flags"": 0, ""runtime_index"": 1340, ""file_offset"": 6220, ""floor_field"": 5, ""entity_id_field"": 17706, ""group"": 0, ""room"": 60, ""unknown_a3"": 0, ""position"": [-405.49761962890625, -28.040008544921875, 48.615966796875], ""angles"": [0, 0, 0], ""params"": [2.0, 2.0, 1.0, 2, 0, 0], ""unused_pointer"": 71289680}"
government-ep4/q705-bb-j,5,65,"{""base_type"": 769, ""set_flags"": 0, ""runtime_index"": 1342, ""file_offset"": 6288, ""floor_field"": 5, ""entity_id_field"": 17707, ""group"": 0, ""room"": 60, ""unknown_a3"": 0, ""position"": [89.4222412109375, -44.047393798828125, 392.16339111328125], ""angles"": [0, 0, 0], ""params"": [2.0, 3.0, 1.0, 2, 0, 0], ""unused_pointer"": 71290528}"
government-ep4/q705-bb-j,5,66,"{""base_type"": 769, ""set_flags"": 0, ""runtime_index"": 1343, ""file_offset"": 6356, ""floor_field"": 5, ""entity_id_field"": 17708, ""group"": 0, ""room"": 60, ""unknown_a3"": 0, ""position"": [110.28521728515625, -44.930938720703125, 360.1181640625], ""angles"": [0, 8192, 0], ""params"": [2.0, 2.0, 1.0, 2, 0, 0], ""unused_pointer"": 71291376}"
government-ep4/q705-bb-j,5,67,"{""base_type"": 769, ""set_flags"": 0, ""runtime_index"": 1346, ""file_offset"": 6424, ""floor_field"": 5, ""entity_id_field"": 17709, ""group"": 0, ""room"": 60, ""unknown_a3"": 0, ""position"": [174.4222412109375, -43.884552001953125, 349.2362976074219], ""angles"": [0, 16384, 0], ""params"": [2.0, 2.0, 1.0, 2, 0, 0], ""unused_pointer"": 71292224}"
government-ep4/q705-bb-j,5,70,"{""base_type"": 769, ""set_flags"": 0, ""runtime_index"": 1348, ""file_offset"": 6628, ""floor_field"": 5, ""entity_id_field"": 17712, ""group"": 0, ""room"": 60, ""unknown_a3"": 0, ""position"": [90.00921630859375, -37.28265380859375, 238.495849609375], ""angles"": [0, 4096, 0], ""params"": [2.0, 3.0, 1.0, 2, 0, 0], ""unused_pointer"": 71293520}"
government-ep4/q705-bb-j,5,71,"{""base_type"": 769, ""set_flags"": 0, ""runtime_index"": 1255, ""file_offset"": 6696, ""floor_field"": 5, ""entity_id_field"": 17713, ""group"": 0, ""room"": 60, ""unknown_a3"": 0, ""position"": [105.16928100585938, -33.40692138671875, 197.33203125], ""angles"": [0, 16384, 0], ""params"": [2.0, 2.0, 1.0, 2, 0, 0], ""unused_pointer"": 71294368}"
government-ep4/q705-bb-j,5,72,"{""base_type"": 769, ""set_flags"": 0, ""runtime_index"": 1350, ""file_offset"": 6764, ""floor_field"": 5, ""entity_id_field"": 17714, ""group"": 0, ""room"": 60, ""unknown_a3"": 0, ""position"": [147.268310546875, -30.203887939453125, 179.3895263671875], ""angles"": [0, 16384, 0], ""params"": [2.0, 3.0, 1.0, 2, 0, 0], ""unused_pointer"": 71295216}"
government-ep4/q705-bb-j,5,75,"{""base_type"": 769, ""set_flags"": 0, ""runtime_index"": 1368, ""file_offset"": 6968, ""floor_field"": 5, ""entity_id_field"": 17717, ""group"": 0, ""room"": 60, ""unknown_a3"": 0, ""position"": [0.1116485595703125, -31.95489501953125, 182.866455078125], ""angles"": [0, 8192, 0], ""params"": [2.0, 2.0, 1.0, 1, 0, 0], ""unused_pointer"": 71296512}"
government-ep4/q705-bb-j,5,76,"{""base_type"": 769, ""set_flags"": 0, ""runtime_index"": 1354, ""file_offset"": 7036, ""floor_field"": 5, ""entity_id_field"": 17718, ""group"": 0, ""room"": 60, ""unknown_a3"": 0, ""position"": [-63.69166564941406, -42.413482666015625, 318.52386474609375], ""angles"": [0, 4096, 0], ""params"": [2.0, 2.0, 1.0, 2, 0, 0], ""unused_pointer"": 71297360}"
government-ep4/q705-bb-j,5,77,"{""base_type"": 769, ""set_flags"": 0, ""runtime_index"": 1355, ""file_offset"": 7104, ""floor_field"": 5, ""entity_id_field"": 17719, ""group"": 0, ""room"": 60, ""unknown_a3"": 0, ""position"": [-82.78164672851562, -42.413482666015625, 281.18426513671875], ""angles"": [0, 12288, 0], ""params"": [2.0, 2.0, 1.0, 2, 0, 0], ""unused_pointer"": 71298208}"
government-ep4/q705-bb-j,5,78,"{""base_type"": 769, ""set_flags"": 0, ""runtime_index"": 1254, ""file_offset"": 7172, ""floor_field"": 5, ""entity_id_field"": 17720, ""group"": 0, ""room"": 60, ""unknown_a3"": 0, ""position"": [-90.92555236816406, -40.01129150390625, 243.68548583984375], ""angles"": [0, 16384, 0], ""params"": [2.0, 2.0, 1.0, 2, 0, 0], ""unused_pointer"": 71299056}"
government-ep4/q705-bb-j,5,82,"{""base_type"": 769, ""set_flags"": 0, ""runtime_index"": 1374, ""file_offset"": 7444, ""floor_field"": 5, ""entity_id_field"": 17724, ""group"": 0, ""room"": 60, ""unknown_a3"": 0, ""position"": [-16.985733032226562, -47.910369873046875, 442.4068603515625], ""angles"": [0, 8192, 0], ""params"": [2.0, 3.0, 1.0, 2, 0, 0], ""unused_pointer"": 71300576}"
government-ep4/q705-bb-j,5,83,"{""base_type"": 769, ""set_flags"": 0, ""runtime_index"": 1361, ""file_offset"": 7512, ""floor_field"": 5, ""entity_id_field"": 17725, ""group"": 0, ""room"": 60, ""unknown_a3"": 0, ""position"": [-145.24819946289062, -46.0902099609375, 400.2923889160156], ""angles"": [0, 20480, 0], ""params"": [2.0, 1.0, 1.0, 2, 0, 0], ""unused_pointer"": 71301424}"
government-ep4/q705-bb-j,5,85,"{""base_type"": 769, ""set_flags"": 0, ""runtime_index"": 1363, ""file_offset"": 7648, ""floor_field"": 5, ""entity_id_field"": 17727, ""group"": 0, ""room"": 60, ""unknown_a3"": 0, ""position"": [-160.80941772460938, -42.55023193359375, 324.9621276855469], ""angles"": [0, 20480, 0], ""params"": [2.0, 3.0, 1.0, 2, 0, 0], ""unused_pointer"": 71302496}"
government-ep4/q705-bb-j,5,86,"{""base_type"": 769, ""set_flags"": 0, ""runtime_index"": 1364, ""file_offset"": 7716, ""floor_field"": 5, ""entity_id_field"": 17728, ""group"": 0, ""room"": 60, ""unknown_a3"": 0, ""position"": [-220.8146514892578, -44.063018798828125, 347.9379577636719], ""angles"": [0, 8192, 0], ""params"": [2.0, 3.0, 1.0, 2, 0, 0], ""unused_pointer"": 71303344}"
government-ep4/q705-bb-j,5,87,"{""base_type"": 769, ""set_flags"": 0, ""runtime_index"": 1365, ""file_offset"": 7784, ""floor_field"": 5, ""entity_id_field"": 17729, ""group"": 0, ""room"": 60, ""unknown_a3"": 0, ""position"": [-187.34539794921875, -43.342071533203125, 341.742919921875], ""angles"": [0, 8192, 0], ""params"": [2.0, 3.0, 1.0, 1, 0, 0], ""unused_pointer"": 71304192}"
government-ep4/q705-bb-j,5,89,"{""base_type"": 769, ""set_flags"": 0, ""runtime_index"": 1367, ""file_offset"": 7920, ""floor_field"": 5, ""entity_id_field"": 17731, ""group"": 0, ""room"": 60, ""unknown_a3"": 0, ""position"": [-230.9194793701172, -48.154571533203125, 428.799560546875], ""angles"": [0, 20480, 0], ""params"": [2.0, 1.0, 1.0, 2, 0, 0], ""unused_pointer"": 71305264}"
government-ep4/q705-bb-j,5,91,"{""base_type"": 769, ""set_flags"": 0, ""runtime_index"": 1370, ""file_offset"": 8056, ""floor_field"": 5, ""entity_id_field"": 17733, ""group"": 0, ""room"": 60, ""unknown_a3"": 0, ""position"": [21.193649291992188, -31.21356201171875, 166.23809814453125], ""angles"": [0, 16384, 0], ""params"": [2.0, 1.0, 1.0, 2, 0, 0], ""unused_pointer"": 71306336}"
government-ep4/q705-bb-j,5,92,"{""base_type"": 769, ""set_flags"": 0, ""runtime_index"": 1254, ""file_offset"": 8124, ""floor_field"": 5, ""entity_id_field"": 17734, ""group"": 0, ""room"": 60, ""unknown_a3"": 0, ""position"": [58.5455322265625, -31.04931640625, 167.43865966796875], ""angles"": [0, 32768, 0], ""params"": [2.0, 2.0, 1.0, 2, 0, 0], ""unused_pointer"": 71307184}"
government-ep4/q705-bb-j,5,93,"{""base_type"": 769, ""set_flags"": 0, ""runtime_index"": 1395, ""file_offset"": 8192, ""floor_field"": 5, ""entity_id_field"": 17735, ""group"": 0, ""room"": 60, ""unknown_a3"": 0, ""position"": [-88.13999938964844, -50.482086181640625, 475.82000732421875], ""angles"": [0, 8192, 0], ""params"": [2.0, 3.0, 1.0, 1, 0, 0], ""unused_pointer"": 71308032}"
government-ep4/q705-bb-j,5,111,"{""base_type"": 769, ""set_flags"": 0, ""runtime_index"": 1394, ""file_offset"": 9416, ""floor_field"": 5, ""entity_id_field"": 17753, ""group"": 0, ""room"": 60, ""unknown_a3"": 0, ""position"": [-87.98362731933594, -51.839935302734375, 520.1992797851562], ""angles"": [0, 20480, 0], ""params"": [2.0, 1.0, 1.0, 2, 0, 0], ""unused_pointer"": 71327920}"
government-ep4/q705-bb-j,5,117,"{""base_type"": 769, ""set_flags"": 0, ""runtime_index"": 1256, ""file_offset"": 9824, ""floor_field"": 5, ""entity_id_field"": 17759, ""group"": 0, ""room"": 60, ""unknown_a3"": 0, ""position"": [174.22393798828125, -30.85455322265625, 181.63458251953125], ""angles"": [0, 16384, 0], ""params"": [3.0, 1.0, 1.0, 0, 0, 0], ""unused_pointer"": 71329424}"
government-ep4/q705-bb-j,5,119,"{""base_type"": 769, ""set_flags"": 0, ""runtime_index"": 1276, ""file_offset"": 9960, ""floor_field"": 5, ""entity_id_field"": 17764, ""group"": 0, ""room"": 60, ""unknown_a3"": 0, ""position"": [90.7261962890625, -41.583465576171875, 291.3121337890625], ""angles"": [0, 16384, 0], ""params"": [2.0, 1.0, 1.0, 0, 0, 0], ""unused_pointer"": 71308880}"
government-ep4/q705-bb-j,5,120,"{""base_type"": 769, ""set_flags"": 0, ""runtime_index"": 1277, ""file_offset"": 10028, ""floor_field"": 5, ""entity_id_field"": 17765, ""group"": 0, ""room"": 60, ""unknown_a3"": 0, ""position"": [126.25665283203125, -40.83404541015625, 297.7384033203125], ""angles"": [0, 16384, 0], ""params"": [1.0, 1.0, 1.0, 0, 0, 0], ""unused_pointer"": 71311120}"
government-ep4/q705-bb-j,5,121,"{""base_type"": 769, ""set_flags"": 0, ""runtime_index"": 1278, ""file_offset"": 10096, ""floor_field"": 5, ""entity_id_field"": 17767, ""group"": 0, ""room"": 60, ""unknown_a3"": 0, ""position"": [-8.3243408203125, -44.119903564453125, 364.206298828125], ""angles"": [0, 16384, 0], ""params"": [1.0, 1.0, 1.0, 0, 0, 0], ""unused_pointer"": 71314480}"
government-ep4/q705-bb-j,5,122,"{""base_type"": 769, ""set_flags"": 0, ""runtime_index"": 1279, ""file_offset"": 10164, ""floor_field"": 5, ""entity_id_field"": 17769, ""group"": 0, ""room"": 60, ""unknown_a3"": 0, ""position"": [6.185516357421875, -38.299346923828125, 259.52783203125], ""angles"": [0, 16384, 0], ""params"": [1.0, 2.0, 1.0, 0, 0, 0], ""unused_pointer"": 71317840}"
government-ep4/q705-bb-j,5,123,"{""base_type"": 769, ""set_flags"": 0, ""runtime_index"": 1280, ""file_offset"": 10232, ""floor_field"": 5, ""entity_id_field"": 17773, ""group"": 0, ""room"": 60, ""unknown_a3"": 0, ""position"": [6.223785400390625, -42.988067626953125, 330.0325622558594], ""angles"": [0, 16384, 0], ""params"": [1.0, 2.0, 1.0, 0, 0, 0], ""unused_pointer"": 71318688}"
maximum-attack-ep4/q314-bb-e,2,61,"{""base_type"": 769, ""set_flags"": 0, ""runtime_index"": 1507, ""file_offset"": 7852, ""floor_field"": 2, ""entity_id_field"": 17963, ""group"": 0, ""room"": 20, ""unknown_a3"": 0, ""position"": [142.75146484375, -12.947456359863281, -245.3623046875], ""angles"": [0, 0, 0], ""params"": [1.0, 1.0, 1.0, 2, 0, 0], ""unused_pointer"": 77245360}"
maximum-attack-ep4/q314-bb-e,2,62,"{""base_type"": 769, ""set_flags"": 0, ""runtime_index"": 1508, ""file_offset"": 7920, ""floor_field"": 2, ""entity_id_field"": 17964, ""group"": 0, ""room"": 20, ""unknown_a3"": 0, ""position"": [175.922119140625, -12.395576477050781, -304.32537841796875], ""angles"": [0, 8192, 0], ""params"": [1.0, 1.0, 1.0, 2, 0, 0], ""unused_pointer"": 77246208}"
maximum-attack-ep4/q314-bb-e,2,63,"{""base_type"": 769, ""set_flags"": 0, ""runtime_index"": 1509, ""file_offset"": 7988, ""floor_field"": 2, ""entity_id_field"": 17965, ""group"": 0, ""room"": 20, ""unknown_a3"": 0, ""position"": [218.710205078125, -11.405937194824219, -344.38702392578125], ""angles"": [0, 24576, 0], ""params"": [1.0, 1.0, 1.0, 2, 0, 0], ""unused_pointer"": 77247056}"
maximum-attack-ep4/q314-bb-e,2,153,"{""base_type"": 769, ""set_flags"": 0, ""runtime_index"": 1614, ""file_offset"": 14108, ""floor_field"": 2, ""entity_id_field"": 17901, ""group"": 0, ""room"": 50, ""unknown_a3"": 0, ""position"": [-143.02490234375, 5.188531875610352, 337.334716796875], ""angles"": [0, 0, 0], ""params"": [1.0, 1.0, 1.0, 2, 0, 0], ""unused_pointer"": 77242624}"
maximum-attack-ep4/q314-bb-e,5,77,"{""base_type"": 769, ""set_flags"": 0, ""runtime_index"": 1587, ""file_offset"": 22080, ""floor_field"": 5, ""entity_id_field"": 17969, ""group"": 0, ""room"": 30, ""unknown_a3"": 0, ""position"": [461.36822509765625, -30.376495361328125, -12.99365234375], ""angles"": [0, 0, 0], ""params"": [1.0, 1.0, 1.0, 2, 0, 0], ""unused_pointer"": 77258656}"
maximum-attack-ep4/q314-bb-e,5,78,"{""base_type"": 769, ""set_flags"": 0, ""runtime_index"": 1588, ""file_offset"": 22148, ""floor_field"": 5, ""entity_id_field"": 17970, ""group"": 0, ""room"": 30, ""unknown_a3"": 0, ""position"": [400.6991882324219, -30.452545166015625, -1.8643798828125], ""angles"": [0, 0, 0], ""params"": [1.0, 1.0, 1.0, 2, 0, 0], ""unused_pointer"": 77259504}"
maximum-attack-ep4/q314-bb-e,5,79,"{""base_type"": 769, ""set_flags"": 0, ""runtime_index"": 1589, ""file_offset"": 22216, ""floor_field"": 5, ""entity_id_field"": 17971, ""group"": 0, ""room"": 30, ""unknown_a3"": 0, ""position"": [355.1603698730469, -29.48681640625, 27.05908203125], ""angles"": [0, 40960, 0], ""params"": [1.0, 1.0, 1.0, 2, 0, 0], ""unused_pointer"": 77260352}"
maximum-attack-ep4/q314-bb-e,5,80,"{""base_type"": 769, ""set_flags"": 0, ""runtime_index"": 1590, ""file_offset"": 22284, ""floor_field"": 5, ""entity_id_field"": 17972, ""group"": 0, ""room"": 30, ""unknown_a3"": 0, ""position"": [320.24591064453125, -25.285919189453125, 75.427734375], ""angles"": [0, 28672, 0], ""params"": [1.0, 1.0, 1.0, 2, 0, 0], ""unused_pointer"": 77261200}"
maximum-attack-ep4/q314-bb-e,5,81,"{""base_type"": 769, ""set_flags"": 0, ""runtime_index"": 1275, ""file_offset"": 22352, ""floor_field"": 5, ""entity_id_field"": 17973, ""group"": 0, ""room"": 30, ""unknown_a3"": 0, ""position"": [284.54180908203125, -20.18975830078125, 136.75115966796875], ""angles"": [0, 40960, 0], ""params"": [1.0, 1.0, 1.0, 2, 0, 0], ""unused_pointer"": 77262048}"
maximum-attack-ep4/q314-bb-e,5,82,"{""base_type"": 769, ""set_flags"": 0, ""runtime_index"": 1274, ""file_offset"": 22420, ""floor_field"": 5, ""entity_id_field"": 17974, ""group"": 0, ""room"": 30, ""unknown_a3"": 0, ""position"": [281.5433349609375, -21.52801513671875, 122.19146728515625], ""angles"": [0, 32768, 0], ""params"": [1.0, 1.0, 1.0, 1, 0, 0], ""unused_pointer"": 77262896}"
maximum-attack-ep4/q314-bb-e,5,83,"{""base_type"": 769, ""set_flags"": 0, ""runtime_index"": 1276, ""file_offset"": 22488, ""floor_field"": 5, ""entity_id_field"": 17975, ""group"": 0, ""room"": 30, ""unknown_a3"": 0, ""position"": [269.51165771484375, -14.837615966796875, 191.57806396484375], ""angles"": [0, 36864, 0], ""params"": [1.0, 1.0, 1.0, 2, 0, 0], ""unused_pointer"": 77263744}"
maximum-attack-ep4/q314-bb-e,5,84,"{""base_type"": 769, ""set_flags"": 0, ""runtime_index"": 1254, ""file_offset"": 22556, ""floor_field"": 5, ""entity_id_field"": 17976, ""group"": 0, ""room"": 30, ""unknown_a3"": 0, ""position"": [266.9800109863281, -9.24322509765625, 251.11883544921875], ""angles"": [0, 32768, 0], ""params"": [1.0, 1.0, 1.0, 2, 0, 0], ""unused_pointer"": 77264592}"
maximum-attack-ep4/q314-bb-e,5,85,"{""base_type"": 769, ""set_flags"": 0, ""runtime_index"": 1277, ""file_offset"": 22624, ""floor_field"": 5, ""entity_id_field"": 17977, ""group"": 0, ""room"": 30, ""unknown_a3"": 0, ""position"": [397.022705078125, -5.14520263671875, 307.8687744140625], ""angles"": [0, 40960, 0], ""params"": [1.0, 1.0, 1.0, 2, 0, 0], ""unused_pointer"": 77265440}"
maximum-attack-ep4/q314-bb-e,5,86,"{""base_type"": 769, ""set_flags"": 0, ""runtime_index"": 1255, ""file_offset"": 22692, ""floor_field"": 5, ""entity_id_field"": 17978, ""group"": 0, ""room"": 30, ""unknown_a3"": 0, ""position"": [331.4002685546875, -5.65264892578125, 289.611328125], ""angles"": [0, 40960, 0], ""params"": [1.0, 1.0, 1.0, 2, 0, 0], ""unused_pointer"": 77266288}"
maximum-attack-ep4/q314-bb-e,5,87,"{""base_type"": 769, ""set_flags"": 0, ""runtime_index"": 1256, ""file_offset"": 22760, ""floor_field"": 5, ""entity_id_field"": 17979, ""group"": 0, ""room"": 30, ""unknown_a3"": 0, ""position"": [519.8900146484375, 0.39532470703125, 344.3699951171875], ""angles"": [0, 57344, 0], ""params"": [1.0, 1.0, 1.0, 2, 0, 0], ""unused_pointer"": 77267136}"
maximum-attack-ep4/q314-bb-e,5,88,"{""base_type"": 769, ""set_flags"": 0, ""runtime_index"": 1257, ""file_offset"": 22828, ""floor_field"": 5, ""entity_id_field"": 17980, ""group"": 0, ""room"": 30, ""unknown_a3"": 0, ""position"": [242.27000427246094, 0.26275634765625, 348.8502197265625], ""angles"": [0, 94208, 0], ""params"": [1.0, 1.0, 1.0, 2, 0, 0], ""unused_pointer"": 77267984}"
maximum-attack-ep4/q314-bb-e,5,89,"{""base_type"": 769, ""set_flags"": 0, ""runtime_index"": 1258, ""file_offset"": 22896, ""floor_field"": 5, ""entity_id_field"": 17981, ""group"": 0, ""room"": 30, ""unknown_a3"": 0, ""position"": [209.20001220703125, 6.08270263671875, 411.77392578125], ""angles"": [0, 94208, 0], ""params"": [1.0, 1.0, 1.0, 2, 0, 0], ""unused_pointer"": 77268832}"
maximum-attack-ep4/q314-bb-e,5,90,"{""base_type"": 769, ""set_flags"": 0, ""runtime_index"": 1278, ""file_offset"": 22964, ""floor_field"": 5, ""entity_id_field"": 17982, ""group"": 0, ""room"": 30, ""unknown_a3"": 0, ""position"": [164.70211791992188, 22.360198974609375, 550.86376953125], ""angles"": [0, 90112, 0], ""params"": [1.0, 1.0, 1.0, 2, 0, 0], ""unused_pointer"": 77269680}"
maximum-attack-ep4/q314-bb-e,5,91,"{""base_type"": 769, ""set_flags"": 0, ""runtime_index"": 1279, ""file_offset"": 23032, ""floor_field"": 5, ""entity_id_field"": 17983, ""group"": 0, ""room"": 30, ""unknown_a3"": 0, ""position"": [13.19775390625, 10.77850341796875, 399.6702880859375], ""angles"": [0, 139264, 0], ""params"": [1.0, 1.0, 1.0, 2, 0, 0], ""unused_pointer"": 77270528}"
maximum-attack-ep4/q314-bb-e,5,92,"{""base_type"": 769, ""set_flags"": 0, ""runtime_index"": 1280, ""file_offset"": 23100, ""floor_field"": 5, ""entity_id_field"": 17984, ""group"": 0, ""room"": 30, ""unknown_a3"": 0, ""position"": [-101.72271728515625, -36.27685546875, -362.8930358886719], ""angles"": [0, 160256, 0], ""params"": [1.0, 1.0, 1.0, 2, 0, 0], ""unused_pointer"": 77271376}"
maximum-attack-ep4/q314-bb-e,5,93,"{""base_type"": 769, ""set_flags"": 0, ""runtime_index"": 1263, ""file_offset"": 23168, ""floor_field"": 5, ""entity_id_field"": 17985, ""group"": 0, ""room"": 30, ""unknown_a3"": 0, ""position"": [-58.0467529296875, 14.36138916015625, 402.440673828125], ""angles"": [0, 143360, 0], ""params"": [1.0, 1.0, 1.0, 2, 0, 0], ""unused_pointer"": 77272224}"
maximum-attack-ep4/q314-bb-e,5,94,"{""base_type"": 769, ""set_flags"": 0, ""runtime_index"": 1264, ""file_offset"": 23236, ""floor_field"": 5, ""entity_id_field"": 17986, ""group"": 0, ""room"": 30, ""unknown_a3"": 0, ""position"": [-72.81637573242188, 15.76580810546875, 408.9761962890625], ""angles"": [0, 143360, 0], ""params"": [1.0, 1.0, 1.0, 1, 0, 0], ""unused_pointer"": 77273072}"
maximum-attack-ep4/q314-bb-e,5,95,"{""base_type"": 769, ""set_flags"": 0, ""runtime_index"": 1610, ""file_offset"": 23304, ""floor_field"": 5, ""entity_id_field"": 17987, ""group"": 0, ""room"": 30, ""unknown_a3"": 0, ""position"": [454.66357421875, -1.680633544921875, 345.3035888671875], ""angles"": [0, 65536, 0], ""params"": [1.0, 1.0, 1.0, 2, 0, 0], ""unused_pointer"": 77273920}"
maximum-attack-ep4/q314-bb-e,5,96,"{""base_type"": 769, ""set_flags"": 0, ""runtime_index"": 1265, ""file_offset"": 23372, ""floor_field"": 5, ""entity_id_field"": 17988, ""group"": 0, ""room"": 30, ""unknown_a3"": 0, ""position"": [-118.573974609375, 18.15716552734375, 459.6556396484375], ""angles"": [0, 135168, 0], ""params"": [1.0, 1.0, 1.0, 2, 0, 0], ""unused_pointer"": 77274768}"
maximum-attack-ep4/q314-bb-e,5,97,"{""base_type"": 769, ""set_flags"": 0, ""runtime_index"": 1266, ""file_offset"": 23440, ""floor_field"": 5, ""entity_id_field"": 17989, ""group"": 0, ""room"": 30, ""unknown_a3"": 0, ""position"": [-477.8114013671875, 18.1719970703125, 128.4779052734375], ""angles"": [0, 180224, 0], ""params"": [1.0, 1.0, 1.0, 2, 0, 0], ""unused_pointer"": 77275616}"
maximum-attack-ep4/q314-bb-e,5,98,"{""base_type"": 769, ""set_flags"": 0, ""runtime_index"": 1267, ""file_offset"": 23508, ""floor_field"": 5, ""entity_id_field"": 17990, ""group"": 0, ""room"": 30, ""unknown_a3"": 0, ""position"": [1.128875732421875, -38.664581298828125, -299.7138366699219], ""angles"": [0, 155648, 0], ""params"": [1.0, 1.0, 1.0, 2, 0, 0], ""unused_pointer"": 77276464}"
maximum-attack-ep4/q314-bb-e,5,99,"{""base_type"": 769, ""set_flags"": 0, ""runtime_index"": 1268, ""file_offset"": 23576, ""floor_field"": 5, ""entity_id_field"": 17991, ""group"": 0, ""room"": 30, ""unknown_a3"": 0, ""position"": [65.75363159179688, -38.47467041015625, -299.054443359375], ""angles"": [0, 155648, 0], ""params"": [1.0, 1.0, 1.0, 2, 0, 0], ""unused_pointer"": 77277312}"
maximum-attack-ep4/q314-bb-e,5,100,"{""base_type"": 769, ""set_flags"": 0, ""runtime_index"": 1270, ""file_offset"": 23644, ""floor_field"": 5, ""entity_id_field"": 17992, ""group"": 0, ""room"": 30, ""unknown_a3"": 0, ""position"": [22.2071533203125, -35.9993896484375, -259.52978515625], ""angles"": [0, 153600, 0], ""params"": [1.0, 1.0, 1.0, 2, 0, 0], ""unused_pointer"": 77278160}"
maximum-attack-ep4/q314-bb-e,5,101,"{""base_type"": 769, ""set_flags"": 0, ""runtime_index"": 1616, ""file_offset"": 23712, ""floor_field"": 5, ""entity_id_field"": 17993, ""group"": 0, ""room"": 30, ""unknown_a3"": 0, ""position"": [271.73516845703125, -4.83514404296875, 296.544677734375], ""angles"": [0, 65536, 0], ""params"": [1.0, 1.0, 1.0, 2, 0, 0], ""unused_pointer"": 77279008}"
maximum-attack-ep4/q314-bb-e,5,102,"{""base_type"": 769, ""set_flags"": 0, ""runtime_index"": 1271, ""file_offset"": 23780, ""floor_field"": 5, ""entity_id_field"": 17994, ""group"": 0, ""room"": 30, ""unknown_a3"": 0, ""position"": [97.54513549804688, -26.598876953125, -20.63714599609375], ""angles"": [0, 192512, 0], ""params"": [1.0, 1.0, 1.0, 2, 0, 0], ""unused_pointer"": 77279856}"
maximum-attack-ep4/q314-bb-e,5,103,"{""base_type"": 769, ""set_flags"": 0, ""runtime_index"": 1272, ""file_offset"": 23848, ""floor_field"": 5, ""entity_id_field"": 17995, ""group"": 0, ""room"": 30, ""unknown_a3"": 0, ""position"": [147.33358764648438, -25.85577392578125, 15.60693359375], ""angles"": [0, 204800, 0], ""params"": [1.0, 1.0, 1.0, 2, 0, 0], ""unused_pointer"": 77280704}"
maximum-attack-ep4/q314-bb-e,5,104,"{""base_type"": 769, ""set_flags"": 0, ""runtime_index"": 1630, ""file_offset"": 23916, ""floor_field"": 5, ""entity_id_field"": 17996, ""group"": 0, ""room"": 30, ""unknown_a3"": 0, ""position"": [167.98287963867188, 29.252197265625, 609.175048828125], ""angles"": [0, 94208, 0], ""params"": [1.0, 1.0, 1.0, 2, 0, 0], ""unused_pointer"": 77281552}"
maximum-attack-ep4/q314-bb-e,5,105,"{""base_type"": 769, ""set_flags"": 0, ""runtime_index"": 1631, ""file_offset"": 23984, ""floor_field"": 5, ""entity_id_field"": 17997, ""group"": 0, ""room"": 30, ""unknown_a3"": 0, ""position"": [163.66555786132812, 31.872528076171875, 625.71484375], ""angles"": [0, 102400, 0], ""params"": [1.0, 1.0, 1.0, 2, 0, 0], ""unused_pointer"": 77282400}"
maximum-attack-ep4/q314-bb-e,5,106,"{""base_type"": 769, ""set_flags"": 0, ""runtime_index"": 1632, ""file_offset"": 24052, ""floor_field"": 5, ""entity_id_field"": 17998, ""group"": 0, ""room"": 30, ""unknown_a3"": 0, ""position"": [124.96267700195312, 12.12567138671875, 453.5382080078125], ""angles"": [0, 118784, 0], ""params"": [1.0, 1.0, 1.0, 2, 0, 0], ""unused_pointer"": 77283248}"
maximum-attack-ep4/q314-bb-e,5,107,"{""base_type"": 769, ""set_flags"": 0, ""runtime_index"": 1633, ""file_offset"": 24120, ""floor_field"": 5, ""entity_id_field"": 17999, ""group"": 0, ""room"": 30, ""unknown_a3"": 0, ""position"": [72.18014526367188, 10.2208251953125, 419.0780029296875], ""angles"": [0, 118784, 0], ""params"": [1.0, 1.0, 1.0, 2, 0, 0], ""unused_pointer"": 77284096}"
maximum-attack-ep4/q314-bb-e,5,108,"{""base_type"": 769, ""set_flags"": 0, ""runtime_index"": 1644, ""file_offset"": 24188, ""floor_field"": 5, ""entity_id_field"": 18000, ""group"": 0, ""room"": 30, ""unknown_a3"": 0, ""position"": [-196.83416748046875, 19.331939697265625, 482.989013671875], ""angles"": [0, 135168, 0], ""params"": [1.0, 1.0, 1.0, 2, 0, 0], ""unused_pointer"": 77284944}"
maximum-attack-ep4/q314-bb-e,5,109,"{""base_type"": 769, ""set_flags"": 0, ""runtime_index"": 1645, ""file_offset"": 24256, ""floor_field"": 5, ""entity_id_field"": 18001, ""group"": 0, ""room"": 30, ""unknown_a3"": 0, ""position"": [-241.3133544921875, 24.5450439453125, 455.5831298828125], ""angles"": [0, 172032, 0], ""params"": [1.0, 1.0, 1.0, 2, 0, 0], ""unused_pointer"": 77285792}"
maximum-attack-ep4/q314-bb-e,5,110,"{""base_type"": 769, ""set_flags"": 0, ""runtime_index"": 1646, ""file_offset"": 24324, ""floor_field"": 5, ""entity_id_field"": 18002, ""group"": 0, ""room"": 30, ""unknown_a3"": 0, ""position"": [-291.7283935546875, 26.237518310546875, 398.415771484375], ""angles"": [0, 176128, 0], ""params"": [1.0, 1.0, 1.0, 2, 0, 0], ""unused_pointer"": 77286640}"
maximum-attack-ep4/q314-bb-e,5,111,"{""base_type"": 769, ""set_flags"": 0, ""runtime_index"": 1648, ""file_offset"": 24392, ""floor_field"": 5, ""entity_id_field"": 18003, ""group"": 0, ""room"": 30, ""unknown_a3"": 0, ""position"": [-325.40557861328125, 24.5211181640625, 347.528564453125], ""angles"": [0, 172032, 0], ""params"": [1.0, 1.0, 1.0, 2, 0, 0], ""unused_pointer"": 77287488}"
maximum-attack-ep4/q314-bb-e,5,112,"{""base_type"": 769, ""set_flags"": 0, ""runtime_index"": 1649, ""file_offset"": 24460, ""floor_field"": 5, ""entity_id_field"": 18004, ""group"": 0, ""room"": 30, ""unknown_a3"": 0, ""position"": [-364.52734375, 23.450408935546875, 298.3359375], ""angles"": [0, 172032, 0], ""params"": [1.0, 1.0, 1.0, 2, 0, 0], ""unused_pointer"": 77288336}"
maximum-attack-ep4/q314-bb-e,5,113,"{""base_type"": 769, ""set_flags"": 0, ""runtime_index"": 1650, ""file_offset"": 24528, ""floor_field"": 5, ""entity_id_field"": 18005, ""group"": 0, ""room"": 30, ""unknown_a3"": 0, ""position"": [-397.201416015625, 21.103668212890625, 241.199951171875], ""angles"": [0, 172032, 0], ""params"": [1.0, 1.0, 1.0, 2, 0, 0], ""unused_pointer"": 77289184}"
maximum-attack-ep4/q314-bb-e,5,114,"{""base_type"": 769, ""set_flags"": 0, ""runtime_index"": 1651, ""file_offset"": 24596, ""floor_field"": 5, ""entity_id_field"": 18006, ""group"": 0, ""room"": 30, ""unknown_a3"": 0, ""position"": [-442.1942138671875, 19.8349609375, 185.5419921875], ""angles"": [0, 163840, 0], ""params"": [1.0, 1.0, 1.0, 2, 0, 0], ""unused_pointer"": 77290032}"
maximum-attack-ep4/q314-bb-e,5,115,"{""base_type"": 769, ""set_flags"": 0, ""runtime_index"": 1654, ""file_offset"": 24664, ""floor_field"": 5, ""entity_id_field"": 18007, ""group"": 0, ""room"": 30, ""unknown_a3"": 0, ""position"": [-532.5266723632812, 18.983795166015625, 75.69769287109375], ""angles"": [0, 167936, 0], ""params"": [1.0, 1.0, 1.0, 2, 0, 0], ""unused_pointer"": 77290880}"
maximum-attack-ep4/q314-bb-e,5,116,"{""base_type"": 769, ""set_flags"": 0, ""runtime_index"": 1655, ""file_offset"": 24732, ""floor_field"": 5, ""entity_id_field"": 18008, ""group"": 0, ""room"": 30, ""unknown_a3"": 0, ""position"": [-543.8633422851562, 15.66412353515625, 15.0943603515625], ""angles"": [0, 159744, 0], ""params"": [1.0, 1.0, 1.0, 2, 0, 0], ""unused_pointer"": 77291728}"
maximum-attack-ep4/q314-bb-e,5,117,"{""base_type"": 769, ""set_flags"": 0, ""runtime_index"": 1253, ""file_offset"": 24800, ""floor_field"": 5, ""entity_id_field"": 18009, ""group"": 0, ""room"": 30, ""unknown_a3"": 0, ""position"": [129.75, -41.301422119140625, -319.8695983886719], ""angles"": [0, 155648, 0], ""params"": [1.0, 1.0, 1.0, 2, 0, 0], ""unused_pointer"": 77292576}"
maximum-attack-ep4/q314-bb-e,5,118,"{""base_type"": 769, ""set_flags"": 0, ""runtime_index"": 1659, ""file_offset"": 24868, ""floor_field"": 5, ""entity_id_field"": 18010, ""group"": 0, ""room"": 30, ""unknown_a3"": 0, ""position"": [-46.98388671875, -37.817962646484375, -322.6037902832031], ""angles"": [0, 155648, 0], ""params"": [1.0, 1.0, 1.0, 2, 0, 0], ""unused_pointer"": 77293424}"
maximum-attack-ep4/q314-bb-e,5,119,"{""base_type"": 769, ""set_flags"": 0, ""runtime_index"": 1667, ""file_offset"": 24936, ""floor_field"": 5, ""entity_id_field"": 18011, ""group"": 0, ""room"": 30, ""unknown_a3"": 0, ""position"": [192.6138153076172, -45.557586669921875, -354.6485595703125], ""angles"": [0, 155648, 0], ""params"": [1.0, 1.0, 1.0, 2, 0, 0], ""unused_pointer"": 77294272}"
maximum-attack-ep4/q314-bb-e,5,120,"{""base_type"": 769, ""set_flags"": 0, ""runtime_index"": 1668, ""file_offset"": 25004, ""floor_field"": 5, ""entity_id_field"": 18012, ""group"": 0, ""room"": 30, ""unknown_a3"": 0, ""position"": [205.7098846435547, -46.136688232421875, -359.37420654296875], ""angles"": [0, 155648, 0], ""params"": [1.0, 1.0, 1.0, 1, 0, 0], ""unused_pointer"": 77295120}"
maximum-attack-ep4/q314-bb-e,5,121,"{""base_type"": 769, ""set_flags"": 0, ""runtime_index"": 1672, ""file_offset"": 25072, ""floor_field"": 5, ""entity_id_field"": 18013, ""group"": 0, ""room"": 30, ""unknown_a3"": 0, ""position"": [261.9125061035156, -48.082855224609375, -381.3895568847656], ""angles"": [0, 155648, 0], ""params"": [1.0, 1.0, 1.0, 2, 0, 0], ""unused_pointer"": 77295968}"
maximum-attack-ep4/q314-bb-e,5,122,"{""base_type"": 769, ""set_flags"": 0, ""runtime_index"": 1676, ""file_offset"": 25140, ""floor_field"": 5, ""entity_id_field"": 18014, ""group"": 0, ""room"": 30, ""unknown_a3"": 0, ""position"": [11.466217041015625, -31.834564208984375, -187.93267822265625], ""angles"": [0, 155648, 0], ""params"": [1.0, 1.0, 1.0, 2, 0, 0], ""unused_pointer"": 77296816}"
maximum-attack-ep4/q314-bb-e,5,123,"{""base_type"": 769, ""set_flags"": 0, ""runtime_index"": 1677, ""file_offset"": 25208, ""floor_field"": 5, ""entity_id_field"": 18015, ""group"": 0, ""room"": 30, ""unknown_a3"": 0, ""position"": [14.69830322265625, -31.3331298828125, -173.177490234375], ""angles"": [0, 155648, 0], ""params"": [1.0, 1.0, 1.0, 1, 0, 0], ""unused_pointer"": 77297664}"
maximum-attack-ep4/q314-bb-e,5,124,"{""base_type"": 769, ""set_flags"": 0, ""runtime_index"": 1679, ""file_offset"": 25276, ""floor_field"": 5, ""entity_id_field"": 18016, ""group"": 0, ""room"": 30, ""unknown_a3"": 0, ""position"": [18.4520263671875, -29.6405029296875, -128.8594970703125], ""angles"": [0, 155648, 0], ""params"": [1.0, 1.0, 1.0, 2, 0, 0], ""unused_pointer"": 77298512}"
maximum-attack-ep4/q314-bb-e,5,125,"{""base_type"": 769, ""set_flags"": 0, ""runtime_index"": 1680, ""file_offset"": 25344, ""floor_field"": 5, ""entity_id_field"": 18017, ""group"": 0, ""room"": 30, ""unknown_a3"": 0, ""position"": [46.918548583984375, -27.97747802734375, -70.59039306640625], ""angles"": [0, 180224, 0], ""params"": [1.0, 1.0, 1.0, 2, 0, 0], ""unused_pointer"": 77299360}"
maximum-attack-ep4/q314-bb-e,5,126,"{""base_type"": 769, ""set_flags"": 0, ""runtime_index"": 1687, ""file_offset"": 25412, ""floor_field"": 5, ""entity_id_field"": 18018, ""group"": 0, ""room"": 30, ""unknown_a3"": 0, ""position"": [211.14791870117188, -25.28350830078125, 54.0699462890625], ""angles"": [0, 192512, 0], ""params"": [1.0, 1.0, 1.0, 2, 0, 0], ""unused_pointer"": 77300208}"
maximum-attack-ep4/q314-bb-e,5,127,"{""base_type"": 769, ""set_flags"": 0, ""runtime_index"": 1689, ""file_offset"": 25480, ""floor_field"": 5, ""entity_id_field"": 18019, ""group"": 0, ""room"": 30, ""unknown_a3"": 0, ""position"": [270.03179931640625, -24.269805908203125, 81.83551025390625], ""angles"": [0, 192512, 0], ""params"": [1.0, 1.0, 1.0, 2, 0, 0], ""unused_pointer"": 77301056}"
maximum-attack-ep4/q314-bb-j,2,61,"{""base_type"": 769, ""set_flags"": 0, ""runtime_index"": 1507, ""file_offset"": 7852, ""floor_field"": 2, ""entity_id_field"": 17963, ""group"": 0, ""room"": 20, ""unknown_a3"": 0, ""position"": [142.75146484375, -12.947456359863281, -245.3623046875], ""angles"": [0, 0, 0], ""params"": [1.0, 1.0, 1.0, 2, 0, 0], ""unused_pointer"": 77245360}"
maximum-attack-ep4/q314-bb-j,2,62,"{""base_type"": 769, ""set_flags"": 0, ""runtime_index"": 1508, ""file_offset"": 7920, ""floor_field"": 2, ""entity_id_field"": 17964, ""group"": 0, ""room"": 20, ""unknown_a3"": 0, ""position"": [175.922119140625, -12.395576477050781, -304.32537841796875], ""angles"": [0, 8192, 0], ""params"": [1.0, 1.0, 1.0, 2, 0, 0], ""unused_pointer"": 77246208}"
maximum-attack-ep4/q314-bb-j,2,63,"{""base_type"": 769, ""set_flags"": 0, ""runtime_index"": 1509, ""file_offset"": 7988, ""floor_field"": 2, ""entity_id_field"": 17965, ""group"": 0, ""room"": 20, ""unknown_a3"": 0, ""position"": [218.710205078125, -11.405937194824219, -344.38702392578125], ""angles"": [0, 24576, 0], ""params"": [1.0, 1.0, 1.0, 2, 0, 0], ""unused_pointer"": 77247056}"
maximum-attack-ep4/q314-bb-j,2,153,"{""base_type"": 769, ""set_flags"": 0, ""runtime_index"": 1614, ""file_offset"": 14108, ""floor_field"": 2, ""entity_id_field"": 17901, ""group"": 0, ""room"": 50, ""unknown_a3"": 0, ""position"": [-143.02490234375, 5.188531875610352, 337.334716796875], ""angles"": [0, 0, 0], ""params"": [1.0, 1.0, 1.0, 2, 0, 0], ""unused_pointer"": 77242624}"
maximum-attack-ep4/q314-bb-j,5,77,"{""base_type"": 769, ""set_flags"": 0, ""runtime_index"": 1587, ""file_offset"": 22080, ""floor_field"": 5, ""entity_id_field"": 17969, ""group"": 0, ""room"": 30, ""unknown_a3"": 0, ""position"": [461.36822509765625, -30.376495361328125, -12.99365234375], ""angles"": [0, 0, 0], ""params"": [1.0, 1.0, 1.0, 2, 0, 0], ""unused_pointer"": 77258656}"
maximum-attack-ep4/q314-bb-j,5,78,"{""base_type"": 769, ""set_flags"": 0, ""runtime_index"": 1588, ""file_offset"": 22148, ""floor_field"": 5, ""entity_id_field"": 17970, ""group"": 0, ""room"": 30, ""unknown_a3"": 0, ""position"": [400.6991882324219, -30.452545166015625, -1.8643798828125], ""angles"": [0, 0, 0], ""params"": [1.0, 1.0, 1.0, 2, 0, 0], ""unused_pointer"": 77259504}"
maximum-attack-ep4/q314-bb-j,5,79,"{""base_type"": 769, ""set_flags"": 0, ""runtime_index"": 1589, ""file_offset"": 22216, ""floor_field"": 5, ""entity_id_field"": 17971, ""group"": 0, ""room"": 30, ""unknown_a3"": 0, ""position"": [355.1603698730469, -29.48681640625, 27.05908203125], ""angles"": [0, 40960, 0], ""params"": [1.0, 1.0, 1.0, 2, 0, 0], ""unused_pointer"": 77260352}"
maximum-attack-ep4/q314-bb-j,5,80,"{""base_type"": 769, ""set_flags"": 0, ""runtime_index"": 1590, ""file_offset"": 22284, ""floor_field"": 5, ""entity_id_field"": 17972, ""group"": 0, ""room"": 30, ""unknown_a3"": 0, ""position"": [320.24591064453125, -25.285919189453125, 75.427734375], ""angles"": [0, 28672, 0], ""params"": [1.0, 1.0, 1.0, 2, 0, 0], ""unused_pointer"": 77261200}"
maximum-attack-ep4/q314-bb-j,5,81,"{""base_type"": 769, ""set_flags"": 0, ""runtime_index"": 1275, ""file_offset"": 22352, ""floor_field"": 5, ""entity_id_field"": 17973, ""group"": 0, ""room"": 30, ""unknown_a3"": 0, ""position"": [284.54180908203125, -20.18975830078125, 136.75115966796875], ""angles"": [0, 40960, 0], ""params"": [1.0, 1.0, 1.0, 2, 0, 0], ""unused_pointer"": 77262048}"
maximum-attack-ep4/q314-bb-j,5,82,"{""base_type"": 769, ""set_flags"": 0, ""runtime_index"": 1274, ""file_offset"": 22420, ""floor_field"": 5, ""entity_id_field"": 17974, ""group"": 0, ""room"": 30, ""unknown_a3"": 0, ""position"": [281.5433349609375, -21.52801513671875, 122.19146728515625], ""angles"": [0, 32768, 0], ""params"": [1.0, 1.0, 1.0, 1, 0, 0], ""unused_pointer"": 77262896}"
maximum-attack-ep4/q314-bb-j,5,83,"{""base_type"": 769, ""set_flags"": 0, ""runtime_index"": 1276, ""file_offset"": 22488, ""floor_field"": 5, ""entity_id_field"": 17975, ""group"": 0, ""room"": 30, ""unknown_a3"": 0, ""position"": [269.51165771484375, -14.837615966796875, 191.57806396484375], ""angles"": [0, 36864, 0], ""params"": [1.0, 1.0, 1.0, 2, 0, 0], ""unused_pointer"": 77263744}"
maximum-attack-ep4/q314-bb-j,5,84,"{""base_type"": 769, ""set_flags"": 0, ""runtime_index"": 1254, ""file_offset"": 22556, ""floor_field"": 5, ""entity_id_field"": 17976, ""group"": 0, ""room"": 30, ""unknown_a3"": 0, ""position"": [266.9800109863281, -9.24322509765625, 251.11883544921875], ""angles"": [0, 32768, 0], ""params"": [1.0, 1.0, 1.0, 2, 0, 0], ""unused_pointer"": 77264592}"
maximum-attack-ep4/q314-bb-j,5,85,"{""base_type"": 769, ""set_flags"": 0, ""runtime_index"": 1277, ""file_offset"": 22624, ""floor_field"": 5, ""entity_id_field"": 17977, ""group"": 0, ""room"": 30, ""unknown_a3"": 0, ""position"": [397.022705078125, -5.14520263671875, 307.8687744140625], ""angles"": [0, 40960, 0], ""params"": [1.0, 1.0, 1.0, 2, 0, 0], ""unused_pointer"": 77265440}"
maximum-attack-ep4/q314-bb-j,5,86,"{""base_type"": 769, ""set_flags"": 0, ""runtime_index"": 1255, ""file_offset"": 22692, ""floor_field"": 5, ""entity_id_field"": 17978, ""group"": 0, ""room"": 30, ""unknown_a3"": 0, ""position"": [331.4002685546875, -5.65264892578125, 289.611328125], ""angles"": [0, 40960, 0], ""params"": [1.0, 1.0, 1.0, 2, 0, 0], ""unused_pointer"": 77266288}"
maximum-attack-ep4/q314-bb-j,5,87,"{""base_type"": 769, ""set_flags"": 0, ""runtime_index"": 1256, ""file_offset"": 22760, ""floor_field"": 5, ""entity_id_field"": 17979, ""group"": 0, ""room"": 30, ""unknown_a3"": 0, ""position"": [519.8900146484375, 0.39532470703125, 344.3699951171875], ""angles"": [0, 57344, 0], ""params"": [1.0, 1.0, 1.0, 2, 0, 0], ""unused_pointer"": 77267136}"
maximum-attack-ep4/q314-bb-j,5,88,"{""base_type"": 769, ""set_flags"": 0, ""runtime_index"": 1257, ""file_offset"": 22828, ""floor_field"": 5, ""entity_id_field"": 17980, ""group"": 0, ""room"": 30, ""unknown_a3"": 0, ""position"": [242.27000427246094, 0.26275634765625, 348.8502197265625], ""angles"": [0, 94208, 0], ""params"": [1.0, 1.0, 1.0, 2, 0, 0], ""unused_pointer"": 77267984}"
maximum-attack-ep4/q314-bb-j,5,89,"{""base_type"": 769, ""set_flags"": 0, ""runtime_index"": 1258, ""file_offset"": 22896, ""floor_field"": 5, ""entity_id_field"": 17981, ""group"": 0, ""room"": 30, ""unknown_a3"": 0, ""position"": [209.20001220703125, 6.08270263671875, 411.77392578125], ""angles"": [0, 94208, 0], ""params"": [1.0, 1.0, 1.0, 2, 0, 0], ""unused_pointer"": 77268832}"
maximum-attack-ep4/q314-bb-j,5,90,"{""base_type"": 769, ""set_flags"": 0, ""runtime_index"": 1278, ""file_offset"": 22964, ""floor_field"": 5, ""entity_id_field"": 17982, ""group"": 0, ""room"": 30, ""unknown_a3"": 0, ""position"": [164.70211791992188, 22.360198974609375, 550.86376953125], ""angles"": [0, 90112, 0], ""params"": [1.0, 1.0, 1.0, 2, 0, 0], ""unused_pointer"": 77269680}"
maximum-attack-ep4/q314-bb-j,5,91,"{""base_type"": 769, ""set_flags"": 0, ""runtime_index"": 1279, ""file_offset"": 23032, ""floor_field"": 5, ""entity_id_field"": 17983, ""group"": 0, ""room"": 30, ""unknown_a3"": 0, ""position"": [13.19775390625, 10.77850341796875, 399.6702880859375], ""angles"": [0, 139264, 0], ""params"": [1.0, 1.0, 1.0, 2, 0, 0], ""unused_pointer"": 77270528}"
maximum-attack-ep4/q314-bb-j,5,92,"{""base_type"": 769, ""set_flags"": 0, ""runtime_index"": 1280, ""file_offset"": 23100, ""floor_field"": 5, ""entity_id_field"": 17984, ""group"": 0, ""room"": 30, ""unknown_a3"": 0, ""position"": [-101.72271728515625, -36.27685546875, -362.8930358886719], ""angles"": [0, 160256, 0], ""params"": [1.0, 1.0, 1.0, 2, 0, 0], ""unused_pointer"": 77271376}"
maximum-attack-ep4/q314-bb-j,5,93,"{""base_type"": 769, ""set_flags"": 0, ""runtime_index"": 1263, ""file_offset"": 23168, ""floor_field"": 5, ""entity_id_field"": 17985, ""group"": 0, ""room"": 30, ""unknown_a3"": 0, ""position"": [-58.0467529296875, 14.36138916015625, 402.440673828125], ""angles"": [0, 143360, 0], ""params"": [1.0, 1.0, 1.0, 2, 0, 0], ""unused_pointer"": 77272224}"
maximum-attack-ep4/q314-bb-j,5,94,"{""base_type"": 769, ""set_flags"": 0, ""runtime_index"": 1264, ""file_offset"": 23236, ""floor_field"": 5, ""entity_id_field"": 17986, ""group"": 0, ""room"": 30, ""unknown_a3"": 0, ""position"": [-72.81637573242188, 15.76580810546875, 408.9761962890625], ""angles"": [0, 143360, 0], ""params"": [1.0, 1.0, 1.0, 1, 0, 0], ""unused_pointer"": 77273072}"
maximum-attack-ep4/q314-bb-j,5,95,"{""base_type"": 769, ""set_flags"": 0, ""runtime_index"": 1610, ""file_offset"": 23304, ""floor_field"": 5, ""entity_id_field"": 17987, ""group"": 0, ""room"": 30, ""unknown_a3"": 0, ""position"": [454.66357421875, -1.680633544921875, 345.3035888671875], ""angles"": [0, 65536, 0], ""params"": [1.0, 1.0, 1.0, 2, 0, 0], ""unused_pointer"": 77273920}"
maximum-attack-ep4/q314-bb-j,5,96,"{""base_type"": 769, ""set_flags"": 0, ""runtime_index"": 1265, ""file_offset"": 23372, ""floor_field"": 5, ""entity_id_field"": 17988, ""group"": 0, ""room"": 30, ""unknown_a3"": 0, ""position"": [-118.573974609375, 18.15716552734375, 459.6556396484375], ""angles"": [0, 135168, 0], ""params"": [1.0, 1.0, 1.0, 2, 0, 0], ""unused_pointer"": 77274768}"
maximum-attack-ep4/q314-bb-j,5,97,"{""base_type"": 769, ""set_flags"": 0, ""runtime_index"": 1266, ""file_offset"": 23440, ""floor_field"": 5, ""entity_id_field"": 17989, ""group"": 0, ""room"": 30, ""unknown_a3"": 0, ""position"": [-477.8114013671875, 18.1719970703125, 128.4779052734375], ""angles"": [0, 180224, 0], ""params"": [1.0, 1.0, 1.0, 2, 0, 0], ""unused_pointer"": 77275616}"
maximum-attack-ep4/q314-bb-j,5,98,"{""base_type"": 769, ""set_flags"": 0, ""runtime_index"": 1267, ""file_offset"": 23508, ""floor_field"": 5, ""entity_id_field"": 17990, ""group"": 0, ""room"": 30, ""unknown_a3"": 0, ""position"": [1.128875732421875, -38.664581298828125, -299.7138366699219], ""angles"": [0, 155648, 0], ""params"": [1.0, 1.0, 1.0, 2, 0, 0], ""unused_pointer"": 77276464}"
maximum-attack-ep4/q314-bb-j,5,99,"{""base_type"": 769, ""set_flags"": 0, ""runtime_index"": 1268, ""file_offset"": 23576, ""floor_field"": 5, ""entity_id_field"": 17991, ""group"": 0, ""room"": 30, ""unknown_a3"": 0, ""position"": [65.75363159179688, -38.47467041015625, -299.054443359375], ""angles"": [0, 155648, 0], ""params"": [1.0, 1.0, 1.0, 2, 0, 0], ""unused_pointer"": 77277312}"
maximum-attack-ep4/q314-bb-j,5,100,"{""base_type"": 769, ""set_flags"": 0, ""runtime_index"": 1270, ""file_offset"": 23644, ""floor_field"": 5, ""entity_id_field"": 17992, ""group"": 0, ""room"": 30, ""unknown_a3"": 0, ""position"": [22.2071533203125, -35.9993896484375, -259.52978515625], ""angles"": [0, 153600, 0], ""params"": [1.0, 1.0, 1.0, 2, 0, 0], ""unused_pointer"": 77278160}"
maximum-attack-ep4/q314-bb-j,5,101,"{""base_type"": 769, ""set_flags"": 0, ""runtime_index"": 1616, ""file_offset"": 23712, ""floor_field"": 5, ""entity_id_field"": 17993, ""group"": 0, ""room"": 30, ""unknown_a3"": 0, ""position"": [271.73516845703125, -4.83514404296875, 296.544677734375], ""angles"": [0, 65536, 0], ""params"": [1.0, 1.0, 1.0, 2, 0, 0], ""unused_pointer"": 77279008}"
maximum-attack-ep4/q314-bb-j,5,102,"{""base_type"": 769, ""set_flags"": 0, ""runtime_index"": 1271, ""file_offset"": 23780, ""floor_field"": 5, ""entity_id_field"": 17994, ""group"": 0, ""room"": 30, ""unknown_a3"": 0, ""position"": [97.54513549804688, -26.598876953125, -20.63714599609375], ""angles"": [0, 192512, 0], ""params"": [1.0, 1.0, 1.0, 2, 0, 0], ""unused_pointer"": 77279856}"
maximum-attack-ep4/q314-bb-j,5,103,"{""base_type"": 769, ""set_flags"": 0, ""runtime_index"": 1272, ""file_offset"": 23848, ""floor_field"": 5, ""entity_id_field"": 17995, ""group"": 0, ""room"": 30, ""unknown_a3"": 0, ""position"": [147.33358764648438, -25.85577392578125, 15.60693359375], ""angles"": [0, 204800, 0], ""params"": [1.0, 1.0, 1.0, 2, 0, 0], ""unused_pointer"": 77280704}"
maximum-attack-ep4/q314-bb-j,5,104,"{""base_type"": 769, ""set_flags"": 0, ""runtime_index"": 1630, ""file_offset"": 23916, ""floor_field"": 5, ""entity_id_field"": 17996, ""group"": 0, ""room"": 30, ""unknown_a3"": 0, ""position"": [167.98287963867188, 29.252197265625, 609.175048828125], ""angles"": [0, 94208, 0], ""params"": [1.0, 1.0, 1.0, 2, 0, 0], ""unused_pointer"": 77281552}"
maximum-attack-ep4/q314-bb-j,5,105,"{""base_type"": 769, ""set_flags"": 0, ""runtime_index"": 1631, ""file_offset"": 23984, ""floor_field"": 5, ""entity_id_field"": 17997, ""group"": 0, ""room"": 30, ""unknown_a3"": 0, ""position"": [163.66555786132812, 31.872528076171875, 625.71484375], ""angles"": [0, 102400, 0], ""params"": [1.0, 1.0, 1.0, 2, 0, 0], ""unused_pointer"": 77282400}"
maximum-attack-ep4/q314-bb-j,5,106,"{""base_type"": 769, ""set_flags"": 0, ""runtime_index"": 1632, ""file_offset"": 24052, ""floor_field"": 5, ""entity_id_field"": 17998, ""group"": 0, ""room"": 30, ""unknown_a3"": 0, ""position"": [124.96267700195312, 12.12567138671875, 453.5382080078125], ""angles"": [0, 118784, 0], ""params"": [1.0, 1.0, 1.0, 2, 0, 0], ""unused_pointer"": 77283248}"
maximum-attack-ep4/q314-bb-j,5,107,"{""base_type"": 769, ""set_flags"": 0, ""runtime_index"": 1633, ""file_offset"": 24120, ""floor_field"": 5, ""entity_id_field"": 17999, ""group"": 0, ""room"": 30, ""unknown_a3"": 0, ""position"": [72.18014526367188, 10.2208251953125, 419.0780029296875], ""angles"": [0, 118784, 0], ""params"": [1.0, 1.0, 1.0, 2, 0, 0], ""unused_pointer"": 77284096}"
maximum-attack-ep4/q314-bb-j,5,108,"{""base_type"": 769, ""set_flags"": 0, ""runtime_index"": 1644, ""file_offset"": 24188, ""floor_field"": 5, ""entity_id_field"": 18000, ""group"": 0, ""room"": 30, ""unknown_a3"": 0, ""position"": [-196.83416748046875, 19.331939697265625, 482.989013671875], ""angles"": [0, 135168, 0], ""params"": [1.0, 1.0, 1.0, 2, 0, 0], ""unused_pointer"": 77284944}"
maximum-attack-ep4/q314-bb-j,5,109,"{""base_type"": 769, ""set_flags"": 0, ""runtime_index"": 1645, ""file_offset"": 24256, ""floor_field"": 5, ""entity_id_field"": 18001, ""group"": 0, ""room"": 30, ""unknown_a3"": 0, ""position"": [-241.3133544921875, 24.5450439453125, 455.5831298828125], ""angles"": [0, 172032, 0], ""params"": [1.0, 1.0, 1.0, 2, 0, 0], ""unused_pointer"": 77285792}"
maximum-attack-ep4/q314-bb-j,5,110,"{""base_type"": 769, ""set_flags"": 0, ""runtime_index"": 1646, ""file_offset"": 24324, ""floor_field"": 5, ""entity_id_field"": 18002, ""group"": 0, ""room"": 30, ""unknown_a3"": 0, ""position"": [-291.7283935546875, 26.237518310546875, 398.415771484375], ""angles"": [0, 176128, 0], ""params"": [1.0, 1.0, 1.0, 2, 0, 0], ""unused_pointer"": 77286640}"
maximum-attack-ep4/q314-bb-j,5,111,"{""base_type"": 769, ""set_flags"": 0, ""runtime_index"": 1648, ""file_offset"": 24392, ""floor_field"": 5, ""entity_id_field"": 18003, ""group"": 0, ""room"": 30, ""unknown_a3"": 0, ""position"": [-325.40557861328125, 24.5211181640625, 347.528564453125], ""angles"": [0, 172032, 0], ""params"": [1.0, 1.0, 1.0, 2, 0, 0], ""unused_pointer"": 77287488}"
maximum-attack-ep4/q314-bb-j,5,112,"{""base_type"": 769, ""set_flags"": 0, ""runtime_index"": 1649, ""file_offset"": 24460, ""floor_field"": 5, ""entity_id_field"": 18004, ""group"": 0, ""room"": 30, ""unknown_a3"": 0, ""position"": [-364.52734375, 23.450408935546875, 298.3359375], ""angles"": [0, 172032, 0], ""params"": [1.0, 1.0, 1.0, 2, 0, 0], ""unused_pointer"": 77288336}"
maximum-attack-ep4/q314-bb-j,5,113,"{""base_type"": 769, ""set_flags"": 0, ""runtime_index"": 1650, ""file_offset"": 24528, ""floor_field"": 5, ""entity_id_field"": 18005, ""group"": 0, ""room"": 30, ""unknown_a3"": 0, ""position"": [-397.201416015625, 21.103668212890625, 241.199951171875], ""angles"": [0, 172032, 0], ""params"": [1.0, 1.0, 1.0, 2, 0, 0], ""unused_pointer"": 77289184}"
maximum-attack-ep4/q314-bb-j,5,114,"{""base_type"": 769, ""set_flags"": 0, ""runtime_index"": 1651, ""file_offset"": 24596, ""floor_field"": 5, ""entity_id_field"": 18006, ""group"": 0, ""room"": 30, ""unknown_a3"": 0, ""position"": [-442.1942138671875, 19.8349609375, 185.5419921875], ""angles"": [0, 163840, 0], ""params"": [1.0, 1.0, 1.0, 2, 0, 0], ""unused_pointer"": 77290032}"
maximum-attack-ep4/q314-bb-j,5,115,"{""base_type"": 769, ""set_flags"": 0, ""runtime_index"": 1654, ""file_offset"": 24664, ""floor_field"": 5, ""entity_id_field"": 18007, ""group"": 0, ""room"": 30, ""unknown_a3"": 0, ""position"": [-532.5266723632812, 18.983795166015625, 75.69769287109375], ""angles"": [0, 167936, 0], ""params"": [1.0, 1.0, 1.0, 2, 0, 0], ""unused_pointer"": 77290880}"
maximum-attack-ep4/q314-bb-j,5,116,"{""base_type"": 769, ""set_flags"": 0, ""runtime_index"": 1655, ""file_offset"": 24732, ""floor_field"": 5, ""entity_id_field"": 18008, ""group"": 0, ""room"": 30, ""unknown_a3"": 0, ""position"": [-543.8633422851562, 15.66412353515625, 15.0943603515625], ""angles"": [0, 159744, 0], ""params"": [1.0, 1.0, 1.0, 2, 0, 0], ""unused_pointer"": 77291728}"
maximum-attack-ep4/q314-bb-j,5,117,"{""base_type"": 769, ""set_flags"": 0, ""runtime_index"": 1253, ""file_offset"": 24800, ""floor_field"": 5, ""entity_id_field"": 18009, ""group"": 0, ""room"": 30, ""unknown_a3"": 0, ""position"": [129.75, -41.301422119140625, -319.8695983886719], ""angles"": [0, 155648, 0], ""params"": [1.0, 1.0, 1.0, 2, 0, 0], ""unused_pointer"": 77292576}"
maximum-attack-ep4/q314-bb-j,5,118,"{""base_type"": 769, ""set_flags"": 0, ""runtime_index"": 1659, ""file_offset"": 24868, ""floor_field"": 5, ""entity_id_field"": 18010, ""group"": 0, ""room"": 30, ""unknown_a3"": 0, ""position"": [-46.98388671875, -37.817962646484375, -322.6037902832031], ""angles"": [0, 155648, 0], ""params"": [1.0, 1.0, 1.0, 2, 0, 0], ""unused_pointer"": 77293424}"
maximum-attack-ep4/q314-bb-j,5,119,"{""base_type"": 769, ""set_flags"": 0, ""runtime_index"": 1667, ""file_offset"": 24936, ""floor_field"": 5, ""entity_id_field"": 18011, ""group"": 0, ""room"": 30, ""unknown_a3"": 0, ""position"": [192.6138153076172, -45.557586669921875, -354.6485595703125], ""angles"": [0, 155648, 0], ""params"": [1.0, 1.0, 1.0, 2, 0, 0], ""unused_pointer"": 77294272}"
maximum-attack-ep4/q314-bb-j,5,120,"{""base_type"": 769, ""set_flags"": 0, ""runtime_index"": 1668, ""file_offset"": 25004, ""floor_field"": 5, ""entity_id_field"": 18012, ""group"": 0, ""room"": 30, ""unknown_a3"": 0, ""position"": [205.7098846435547, -46.136688232421875, -359.37420654296875], ""angles"": [0, 155648, 0], ""params"": [1.0, 1.0, 1.0, 1, 0, 0], ""unused_pointer"": 77295120}"
maximum-attack-ep4/q314-bb-j,5,121,"{""base_type"": 769, ""set_flags"": 0, ""runtime_index"": 1672, ""file_offset"": 25072, ""floor_field"": 5, ""entity_id_field"": 18013, ""group"": 0, ""room"": 30, ""unknown_a3"": 0, ""position"": [261.9125061035156, -48.082855224609375, -381.3895568847656], ""angles"": [0, 155648, 0], ""params"": [1.0, 1.0, 1.0, 2, 0, 0], ""unused_pointer"": 77295968}"
maximum-attack-ep4/q314-bb-j,5,122,"{""base_type"": 769, ""set_flags"": 0, ""runtime_index"": 1676, ""file_offset"": 25140, ""floor_field"": 5, ""entity_id_field"": 18014, ""group"": 0, ""room"": 30, ""unknown_a3"": 0, ""position"": [11.466217041015625, -31.834564208984375, -187.93267822265625], ""angles"": [0, 155648, 0], ""params"": [1.0, 1.0, 1.0, 2, 0, 0], ""unused_pointer"": 77296816}"
maximum-attack-ep4/q314-bb-j,5,123,"{""base_type"": 769, ""set_flags"": 0, ""runtime_index"": 1677, ""file_offset"": 25208, ""floor_field"": 5, ""entity_id_field"": 18015, ""group"": 0, ""room"": 30, ""unknown_a3"": 0, ""position"": [14.69830322265625, -31.3331298828125, -173.177490234375], ""angles"": [0, 155648, 0], ""params"": [1.0, 1.0, 1.0, 1, 0, 0], ""unused_pointer"": 77297664}"
maximum-attack-ep4/q314-bb-j,5,124,"{""base_type"": 769, ""set_flags"": 0, ""runtime_index"": 1679, ""file_offset"": 25276, ""floor_field"": 5, ""entity_id_field"": 18016, ""group"": 0, ""room"": 30, ""unknown_a3"": 0, ""position"": [18.4520263671875, -29.6405029296875, -128.8594970703125], ""angles"": [0, 155648, 0], ""params"": [1.0, 1.0, 1.0, 2, 0, 0], ""unused_pointer"": 77298512}"
maximum-attack-ep4/q314-bb-j,5,125,"{""base_type"": 769, ""set_flags"": 0, ""runtime_index"": 1680, ""file_offset"": 25344, ""floor_field"": 5, ""entity_id_field"": 18017, ""group"": 0, ""room"": 30, ""unknown_a3"": 0, ""position"": [46.918548583984375, -27.97747802734375, -70.59039306640625], ""angles"": [0, 180224, 0], ""params"": [1.0, 1.0, 1.0, 2, 0, 0], ""unused_pointer"": 77299360}"
maximum-attack-ep4/q314-bb-j,5,126,"{""base_type"": 769, ""set_flags"": 0, ""runtime_index"": 1687, ""file_offset"": 25412, ""floor_field"": 5, ""entity_id_field"": 18018, ""group"": 0, ""room"": 30, ""unknown_a3"": 0, ""position"": [211.14791870117188, -25.28350830078125, 54.0699462890625], ""angles"": [0, 192512, 0], ""params"": [1.0, 1.0, 1.0, 2, 0, 0], ""unused_pointer"": 77300208}"
maximum-attack-ep4/q314-bb-j,5,127,"{""base_type"": 769, ""set_flags"": 0, ""runtime_index"": 1689, ""file_offset"": 25480, ""floor_field"": 5, ""entity_id_field"": 18019, ""group"": 0, ""room"": 30, ""unknown_a3"": 0, ""position"": [270.03179931640625, -24.269805908203125, 81.83551025390625], ""angles"": [0, 192512, 0], ""params"": [1.0, 1.0, 1.0, 2, 0, 0], ""unused_pointer"": 77301056}"
seasonal-ep4/q905-bb-e,1,14,"{""base_type"": 769, ""set_flags"": 0, ""runtime_index"": 0, ""file_offset"": 2752, ""floor_field"": 0, ""entity_id_field"": 0, ""group"": 0, ""room"": 10, ""unknown_a3"": 0, ""position"": [-108.84400939941406, 0.0, -40.691932678222656], ""angles"": [0, 0, 0], ""params"": [2.0, 2.0, 2.0, 2, 0, 0], ""unused_pointer"": 0}"
seasonal-ep4/q905-bb-e,1,15,"{""base_type"": 769, ""set_flags"": 0, ""runtime_index"": 0, ""file_offset"": 2820, ""floor_field"": 0, ""entity_id_field"": 0, ""group"": 0, ""room"": 10, ""unknown_a3"": 0, ""position"": [-8.47530460357666, 0.0, -56.62347412109375], ""angles"": [0, 0, 0], ""params"": [1.0, 1.0, 1.0, 0, 0, 0], ""unused_pointer"": 0}"
seasonal-ep4/q905-bb-e,1,16,"{""base_type"": 769, ""set_flags"": 0, ""runtime_index"": 0, ""file_offset"": 2888, ""floor_field"": 0, ""entity_id_field"": 0, ""group"": 0, ""room"": 10, ""unknown_a3"": 0, ""position"": [-249.04156494140625, 0.0, -50.250858306884766], ""angles"": [0, 0, 0], ""params"": [1.0, 1.0, 1.0, 2, 0, 0], ""unused_pointer"": 0}"
seasonal-ep4/q905-bb-e,1,17,"{""base_type"": 769, ""set_flags"": 0, ""runtime_index"": 0, ""file_offset"": 2956, ""floor_field"": 0, ""entity_id_field"": 0, ""group"": 0, ""room"": 10, ""unknown_a3"": 0, ""position"": [-92.91246795654297, 1.419198989868164, 99.50562286376953], ""angles"": [0, 0, 0], ""params"": [1.0, 1.0, 1.0, 1, 0, 0], ""unused_pointer"": 0}"
solo-extra-ep1/q030-bb-e,5,42,"{""base_type"": 769, ""set_flags"": 0, ""runtime_index"": 1483, ""file_offset"": 10316, ""floor_field"": 5, ""entity_id_field"": 17914, ""group"": 0, ""room"": 30, ""unknown_a3"": 0, ""position"": [-107.066650390625, 19.321075439453125, 428.504150390625], ""angles"": [0, 0, 0], ""params"": [1.0, 1.0, 1.0, 2, 0, 0], ""unused_pointer"": 82172368}"
solo-extra-ep1/q030-bb-e,5,43,"{""base_type"": 769, ""set_flags"": 0, ""runtime_index"": 1484, ""file_offset"": 10384, ""floor_field"": 5, ""entity_id_field"": 17915, ""group"": 0, ""room"": 30, ""unknown_a3"": 0, ""position"": [-201.34063720703125, 21.963134765625, 521.0198974609375], ""angles"": [0, 12288, 0], ""params"": [1.0, 1.0, 1.0, 2, 0, 0], ""unused_pointer"": 82173216}"
solo-extra-ep1/q030-bb-e,5,84,"{""base_type"": 769, ""set_flags"": 0, ""runtime_index"": 1481, ""file_offset"": 13172, ""floor_field"": 5, ""entity_id_field"": 17908, ""group"": 0, ""room"": 40, ""unknown_a3"": 0, ""position"": [-452.43597412109375, -34.503021240234375, -73.90496826171875], ""angles"": [0, 0, 0], ""params"": [1.0, 1.0, 1.0, 2, 0, 0], ""unused_pointer"": 82170384}"
solo-extra-ep1/q030-bb-e,5,85,"{""base_type"": 769, ""set_flags"": 0, ""runtime_index"": 1482, ""file_offset"": 13240, ""floor_field"": 5, ""entity_id_field"": 17909, ""group"": 0, ""room"": 40, ""unknown_a3"": 0, ""position"": [-540.6932373046875, -37.47869873046875, -73.6156005859375], ""angles"": [0, 0, 0], ""params"": [1.0, 1.0, 1.0, 1, 0, 0], ""unused_pointer"": 82171232}"
solo-extra-ep1/q030-bb-e,5,86,"{""base_type"": 769, ""set_flags"": 0, ""runtime_index"": 1483, ""file_offset"": 13308, ""floor_field"": 5, ""entity_id_field"": 17910, ""group"": 0, ""room"": 40, ""unknown_a3"": 0, ""position"": [-531.857421875, -37.1298828125, -74.4351806640625], ""angles"": [0, 0, 0], ""params"": [1.0, 1.0, 1.0, 0, 0, 0], ""unused_pointer"": 82172080}"
solo-extra-ep1/q030-bb-e,5,87,"{""base_type"": 769, ""set_flags"": 0, ""runtime_index"": 1484, ""file_offset"": 13376, ""floor_field"": 5, ""entity_id_field"": 17911, ""group"": 0, ""room"": 40, ""unknown_a3"": 0, ""position"": [-546.7213745117188, -38.51373291015625, -86.48974609375], ""angles"": [0, 0, 0], ""params"": [1.0, 1.0, 1.0, 2, 0, 0], ""unused_pointer"": 82172928}"
solo-extra-ep1/q030-bb-e,5,88,"{""base_type"": 769, ""set_flags"": 0, ""runtime_index"": 1485, ""file_offset"": 13444, ""floor_field"": 5, ""entity_id_field"": 17912, ""group"": 0, ""room"": 40, ""unknown_a3"": 0, ""position"": [-402.97259521484375, -33.1607666015625, -77.0274658203125], ""angles"": [0, 0, 0], ""params"": [1.0, 1.0, 1.0, 1, 0, 0], ""unused_pointer"": 82173776}"
solo-extra-ep1/q030-bb-e,5,90,"{""base_type"": 769, ""set_flags"": 0, ""runtime_index"": 1487, ""file_offset"": 13580, ""floor_field"": 5, ""entity_id_field"": 17914, ""group"": 0, ""room"": 40, ""unknown_a3"": 0, ""position"": [-348.1553039550781, -32.08819580078125, -78.5491943359375], ""angles"": [0, 0, 0], ""params"": [1.0, 1.0, 1.0, 0, 0, 0], ""unused_pointer"": 82174848}"
solo-extra-ep1/q030-bb-e,5,92,"{""base_type"": 769, ""set_flags"": 0, ""runtime_index"": 1489, ""file_offset"": 13716, ""floor_field"": 5, ""entity_id_field"": 17916, ""group"": 0, ""room"": 40, ""unknown_a3"": 0, ""position"": [-318.8936462402344, -32.6815185546875, -118.0264892578125], ""angles"": [0, 0, 0], ""params"": [1.0, 1.0, 1.0, 2, 0, 0], ""unused_pointer"": 82175920}"
solo-extra-ep1/q030-bb-e,5,94,"{""base_type"": 769, ""set_flags"": 0, ""runtime_index"": 1491, ""file_offset"": 13852, ""floor_field"": 5, ""entity_id_field"": 17918, ""group"": 0, ""room"": 40, ""unknown_a3"": 0, ""position"": [-328.90325927734375, -35.22064208984375, -172.4395751953125], ""angles"": [0, 0, 0], ""params"": [1.0, 1.0, 1.0, 2, 0, 0], ""unused_pointer"": 82176992}"
solo-extra-ep1/q030-bb-e,5,96,"{""base_type"": 769, ""set_flags"": 0, ""runtime_index"": 1493, ""file_offset"": 13988, ""floor_field"": 5, ""entity_id_field"": 17920, ""group"": 0, ""room"": 40, ""unknown_a3"": 0, ""position"": [-365.5279846191406, -38.117279052734375, -219.60769653320312], ""angles"": [0, 0, 0], ""params"": [1.0, 1.0, 1.0, 0, 0, 0], ""unused_pointer"": 82178064}"
solo-extra-ep1/q030-bb-e,5,99,"{""base_type"": 769, ""set_flags"": 0, ""runtime_index"": 1496, ""file_offset"": 14192, ""floor_field"": 5, ""entity_id_field"": 17923, ""group"": 0, ""room"": 40, ""unknown_a3"": 0, ""position"": [-372.0751647949219, -39.5758056640625, -243.017333984375], ""angles"": [0, 0, 0], ""params"": [1.0, 1.0, 1.0, 1, 0, 0], ""unused_pointer"": 82179360}"
solo-extra-ep1/q030-bb-e,5,100,"{""base_type"": 769, ""set_flags"": 0, ""runtime_index"": 1497, ""file_offset"": 14260, ""floor_field"": 5, ""entity_id_field"": 17924, ""group"": 0, ""room"": 40, ""unknown_a3"": 0, ""position"": [-391.5660095214844, -40.21240234375, -248.45669555664062], ""angles"": [0, 0, 0], ""params"": [1.0, 1.0, 1.0, 1, 0, 0], ""unused_pointer"": 82180208}"
solo-extra-ep1/q030-bb-e,5,101,"{""base_type"": 769, ""set_flags"": 0, ""runtime_index"": 1498, ""file_offset"": 14328, ""floor_field"": 5, ""entity_id_field"": 17925, ""group"": 0, ""room"": 40, ""unknown_a3"": 0, ""position"": [-373.5513000488281, -41.835906982421875, -297.02630615234375], ""angles"": [0, -8192, 0], ""params"": [1.0, 1.0, 1.0, 2, 0, 0], ""unused_pointer"": 82181056}"
solo-extra-ep1/q030-bb-e,5,102,"{""base_type"": 769, ""set_flags"": 0, ""runtime_index"": 1499, ""file_offset"": 14396, ""floor_field"": 5, ""entity_id_field"": 17926, ""group"": 0, ""room"": 40, ""unknown_a3"": 0, ""position"": [-457.142578125, -31.31085205078125, 50.66607666015625], ""angles"": [0, -8192, 0], ""params"": [1.0, 1.0, 1.0, 2, 0, 0], ""unused_pointer"": 82181904}"
solo-extra-ep1/q030-bb-e,5,104,"{""base_type"": 769, ""set_flags"": 0, ""runtime_index"": 1501, ""file_offset"": 14532, ""floor_field"": 5, ""entity_id_field"": 17928, ""group"": 0, ""room"": 40, ""unknown_a3"": 0, ""position"": [-397.8666076660156, -29.33795166015625, 47.26416015625], ""angles"": [0, 0, 0], ""params"": [1.0, 1.0, 1.0, 0, 0, 0], ""unused_pointer"": 82182976}"
solo-extra-ep1/q030-bb-e,5,106,"{""base_type"": 769, ""set_flags"": 0, ""runtime_index"": 1503, ""file_offset"": 14668, ""floor_field"": 5, ""entity_id_field"": 17930, ""group"": 0, ""room"": 40, ""unknown_a3"": 0, ""position"": [-402.6388854980469, -29.101806640625, 72.51446533203125], ""angles"": [0, 0, 0], ""params"": [1.0, 1.0, 1.0, 2, 0, 0], ""unused_pointer"": 82184048}"
solo-extra-ep1/q030-bb-e,5,107,"{""base_type"": 769, ""set_flags"": 0, ""runtime_index"": 1504, ""file_offset"": 14736, ""floor_field"": 5, ""entity_id_field"": 17931, ""group"": 0, ""room"": 40, ""unknown_a3"": 0, ""position"": [-361.3614196777344, -29.69317626953125, 38.26409912109375], ""angles"": [0, 0, 0], ""params"": [1.0, 1.0, 1.0, 1, 0, 0], ""unused_pointer"": 82184896}"
solo-extra-ep1/q030-bb-e,5,113,"{""base_type"": 769, ""set_flags"": 0, ""runtime_index"": 1486, ""file_offset"": 15144, ""floor_field"": 5, ""entity_id_field"": 17937, ""group"": 0, ""room"": 40, ""unknown_a3"": 0, ""position"": [-266.4615173339844, -26.91253662109375, 97.31011962890625], ""angles"": [0, 0, 0], ""params"": [1.0, 1.0, 1.0, 0, 0, 0], ""unused_pointer"": 82186864}"
solo-extra-ep1/q030-bb-e,5,114,"{""base_type"": 769, ""set_flags"": 0, ""runtime_index"": 1487, ""file_offset"": 15212, ""floor_field"": 5, ""entity_id_field"": 17938, ""group"": 0, ""room"": 40, ""unknown_a3"": 0, ""position"": [-242.55718994140625, -9.75518798828125, 219.61419677734375], ""angles"": [0, 0, 0], ""params"": [1.0, 1.0, 1.0, 0, 0, 0], ""unused_pointer"": 82187712}"
solo-extra-ep1/q030-bb-e,5,115,"{""base_type"": 769, ""set_flags"": 0, ""runtime_index"": 1488, ""file_offset"": 15280, ""floor_field"": 5, ""entity_id_field"": 17939, ""group"": 0, ""room"": 40, ""unknown_a3"": 0, ""position"": [-211.59063720703125, -12.645660400390625, 171.096923828125], ""angles"": [0, 0, 0], ""params"": [1.0, 1.0, 1.0, 0, 0, 0], ""unused_pointer"": 82188560}"
solo-extra-ep1/q030-bb-e,5,117,"{""base_type"": 769, ""set_flags"": 0, ""runtime_index"": 1514, ""file_offset"": 15416, ""floor_field"": 5, ""entity_id_field"": 17941, ""group"": 0, ""room"": 40, ""unknown_a3"": 0, ""position"": [-186.6163330078125, -27.953094482421875, -126.84130859375], ""angles"": [0, -8192, 0], ""params"": [1.0, 1.0, 1.0, 2, 0, 0], ""unused_pointer"": 82189632}"
solo-extra-ep1/q030-bb-e,5,124,"{""base_type"": 769, ""set_flags"": 0, ""runtime_index"": 1525, ""file_offset"": 15892, ""floor_field"": 5, ""entity_id_field"": 17948, ""group"": 0, ""room"": 40, ""unknown_a3"": 0, ""position"": [-374.62042236328125, -44.6365966796875, -353.46002197265625], ""angles"": [0, 0, 0], ""params"": [1.0, 1.0, 1.0, 2, 0, 0], ""unused_pointer"": 82191808}"
solo-extra-ep1/q030-bb-e,5,125,"{""base_type"": 769, ""set_flags"": 0, ""runtime_index"": 1522, ""file_offset"": 15960, ""floor_field"": 5, ""entity_id_field"": 17949, ""group"": 0, ""room"": 40, ""unknown_a3"": 0, ""position"": [-349.8593444824219, -45.896240234375, -408.55389404296875], ""angles"": [0, 0, 0], ""params"": [1.0, 1.0, 1.0, 1, 0, 0], ""unused_pointer"": 82192656}"
solo-extra-ep1/q030-bb-e,5,127,"{""base_type"": 769, ""set_flags"": 0, ""runtime_index"": 1526, ""file_offset"": 16096, ""floor_field"": 5, ""entity_id_field"": 17951, ""group"": 0, ""room"": 40, ""unknown_a3"": 0, ""position"": [-355.97760009765625, -47.713134765625, -461.12799072265625], ""angles"": [0, -8192, 0], ""params"": [1.0, 1.0, 1.0, 2, 0, 0], ""unused_pointer"": 82193728}"
solo-extra-ep1/q030-bb-e,5,131,"{""base_type"": 769, ""set_flags"": 0, ""runtime_index"": 1530, ""file_offset"": 16368, ""floor_field"": 5, ""entity_id_field"": 17955, ""group"": 0, ""room"": 40, ""unknown_a3"": 0, ""position"": [-334.90216064453125, -42.571014404296875, -334.7385559082031], ""angles"": [0, 0, 0], ""params"": [1.0, 1.0, 1.0, 1, 0, 0], ""unused_pointer"": 82195248}"
solo-extra-ep1/q030-bb-e,5,133,"{""base_type"": 769, ""set_flags"": 0, ""runtime_index"": 1489, ""file_offset"": 16504, ""floor_field"": 5, ""entity_id_field"": 17957, ""group"": 0, ""room"": 40, ""unknown_a3"": 0, ""position"": [-242.17388916015625, -14.843902587890625, 174.0745849609375], ""angles"": [0, 0, 0], ""params"": [1.0, 1.0, 1.0, 1, 0, 0], ""unused_pointer"": 82196320}"
solo-extra-ep1/q030-bb-e,5,134,"{""base_type"": 769, ""set_flags"": 0, ""runtime_index"": 1490, ""file_offset"": 16572, ""floor_field"": 5, ""entity_id_field"": 17958, ""group"": 0, ""room"": 40, ""unknown_a3"": 0, ""position"": [-249.35385131835938, -19.833465576171875, 140.0693359375], ""angles"": [0, 0, 0], ""params"": [1.0, 1.0, 1.0, 1, 0, 0], ""unused_pointer"": 82197168}"
solo-extra-ep1/q030-bb-e,5,135,"{""base_type"": 769, ""set_flags"": 0, ""runtime_index"": 1491, ""file_offset"": 16640, ""floor_field"": 5, ""entity_id_field"": 17959, ""group"": 0, ""room"": 40, ""unknown_a3"": 0, ""position"": [-215.161865234375, -15.825775146484375, 132.077880859375], ""angles"": [0, 57344, 0], ""params"": [1.0, 1.0, 1.0, 2, 0, 0], ""unused_pointer"": 82198016}"
solo-extra-ep1/q030-bb-e,5,136,"{""base_type"": 769, ""set_flags"": 0, ""runtime_index"": 1562, ""file_offset"": 16708, ""floor_field"": 5, ""entity_id_field"": 17960, ""group"": 0, ""room"": 40, ""unknown_a3"": 0, ""position"": [-230.33441162109375, -4.8582763671875, 257.422119140625], ""angles"": [0, -16384, 0], ""params"": [1.0, 1.0, 1.0, 1, 0, 0], ""unused_pointer"": 82198864}"
solo-extra-ep1/q030-bb-e,5,144,"{""base_type"": 769, ""set_flags"": 0, ""runtime_index"": 1504, ""file_offset"": 17252, ""floor_field"": 5, ""entity_id_field"": 17968, ""group"": 0, ""room"": 40, ""unknown_a3"": 0, ""position"": [53.88177490234375, -23.053802490234375, -291.94061279296875], ""angles"": [0, 0, 0], ""params"": [1.0, 1.0, 1.0, 0, 0, 0], ""unused_pointer"": 82201280}"
solo-extra-ep1/q030-bb-e,5,145,"{""base_type"": 769, ""set_flags"": 0, ""runtime_index"": 1505, ""file_offset"": 17320, ""floor_field"": 5, ""entity_id_field"": 17969, ""group"": 0, ""room"": 40, ""unknown_a3"": 0, ""position"": [17.55059814453125, -25.004425048828125, -275.3291015625], ""angles"": [0, 0, 0], ""params"": [1.0, 1.0, 1.0, 1, 0, 0], ""unused_pointer"": 82202128}"
solo-extra-ep1/q030-bb-e,5,146,"{""base_type"": 769, ""set_flags"": 0, ""runtime_index"": 1506, ""file_offset"": 17388, ""floor_field"": 5, ""entity_id_field"": 17970, ""group"": 0, ""room"": 40, ""unknown_a3"": 0, ""position"": [-4.8585205078125, -25.677886962890625, -267.3354797363281], ""angles"": [0, 0, 0], ""params"": [1.0, 1.0, 1.0, 2, 0, 0], ""unused_pointer"": 82202976}"
solo-extra-ep1/q030-bb-e,5,147,"{""base_type"": 769, ""set_flags"": 0, ""runtime_index"": 1507, ""file_offset"": 17456, ""floor_field"": 5, ""entity_id_field"": 17971, ""group"": 0, ""room"": 40, ""unknown_a3"": 0, ""position"": [-101.62005615234375, -29.333404541015625, -252.16653442382812], ""angles"": [0, 0, 0], ""params"": [1.0, 1.0, 1.0, 2, 0, 0], ""unused_pointer"": 82203824}"
solo-extra-ep1/q030-bb-e,5,148,"{""base_type"": 769, ""set_flags"": 0, ""runtime_index"": 1508, ""file_offset"": 17524, ""floor_field"": 5, ""entity_id_field"": 17972, ""group"": 0, ""room"": 40, ""unknown_a3"": 0, ""position"": [-75.39056396484375, -28.05743408203125, -235.89285278320312], ""angles"": [0, 0, 0], ""params"": [1.0, 1.0, 1.0, 1, 0, 0], ""unused_pointer"": 82204672}"
solo-extra-ep1/q030-bb-e,5,149,"{""base_type"": 769, ""set_flags"": 0, ""runtime_index"": 1509, ""file_offset"": 17592, ""floor_field"": 5, ""entity_id_field"": 17973, ""group"": 0, ""room"": 40, ""unknown_a3"": 0, ""position"": [-48.35272216796875, -27.2838134765625, -254.06301879882812], ""angles"": [0, 0, 0], ""params"": [1.0, 1.0, 1.0, 1, 0, 0], ""unused_pointer"": 82205520}"
solo-extra-ep1/q030-bb-e,5,150,"{""base_type"": 769, ""set_flags"": 0, ""runtime_index"": 1510, ""file_offset"": 17660, ""floor_field"": 5, ""entity_id_field"": 17974, ""group"": 0, ""room"": 40, ""unknown_a3"": 0, ""position"": [-98.0635986328125, -27.3553466796875, -199.39010620117188], ""angles"": [0, 0, 0], ""params"": [1.0, 1.0, 1.0, 2, 0, 0], ""unused_pointer"": 82206368}"
solo-extra-ep1/q030-bb-e,5,151,"{""base_type"": 769, ""set_flags"": 0, ""runtime_index"": 1511, ""file_offset"": 17728, ""floor_field"": 5, ""entity_id_field"": 17975, ""group"": 0, ""room"": 40, ""unknown_a3"": 0, ""position"": [-144.7841796875, -26.892181396484375, -152.174560546875], ""angles"": [0, 0, 0], ""params"": [1.0, 1.0, 1.0, 1, 0, 0], ""unused_pointer"": 82207216}"
solo-extra-ep1/q030-bb-e,5,152,"{""base_type"": 769, ""set_flags"": 0, ""runtime_index"": 1512, ""file_offset"": 17796, ""floor_field"": 5, ""entity_id_field"": 17976, ""group"": 0, ""room"": 40, ""unknown_a3"": 0, ""position"": [-149.42950439453125, -29.27520751953125, -200.72845458984375], ""angles"": [0, 0, 0], ""params"": [1.0, 1.0, 1.0, 1, 0, 0], ""unused_pointer"": 82208064}"
solo-extra-ep1/q030-bb-e,5,153,"{""base_type"": 769, ""set_flags"": 0, ""runtime_index"": 1513, ""file_offset"": 17864, ""floor_field"": 5, ""entity_id_field"": 17977, ""group"": 0, ""room"": 40, ""unknown_a3"": 0, ""position"": [-159.29766845703125, -28.299041748046875, -169.9639892578125], ""angles"": [0, 0, 0], ""params"": [1.0, 1.0, 1.0, 0, 0, 0], ""unused_pointer"": 82208912}"
solo-extra-ep1/q030-bb-e,5,154,"{""base_type"": 769, ""set_flags"": 0, ""runtime_index"": 1514, ""file_offset"": 17932, ""floor_field"": 5, ""entity_id_field"": 17978, ""group"": 0, ""room"": 40, ""unknown_a3"": 0, ""position"": [45.49652099609375, -23.26544189453125, -314.5770568847656], ""angles"": [0, 0, 0], ""params"": [1.0, 1.0, 1.0, 2, 0, 0], ""unused_pointer"": 82209760}"
solo-extra-ep1/q030-bb-e,5,166,"{""base_type"": 769, ""set_flags"": 0, ""runtime_index"": 1534, ""file_offset"": 18748, ""floor_field"": 5, ""entity_id_field"": 17990, ""group"": 0, ""room"": 40, ""unknown_a3"": 0, ""position"": [177.0386962890625, -20.663543701171875, -435.9161071777344], ""angles"": [0, 0, 0], ""params"": [1.0, 1.0, 1.0, 0, 0, 0], ""unused_pointer"": 82213072}"
solo-extra-ep1/q030-bb-e,5,167,"{""base_type"": 769, ""set_flags"": 0, ""runtime_index"": 1535, ""file_offset"": 18816, ""floor_field"": 5, ""entity_id_field"": 17991, ""group"": 0, ""room"": 40, ""unknown_a3"": 0, ""position"": [196.82659912109375, -21.92987060546875, -449.86065673828125], ""angles"": [0, 0, 0], ""params"": [1.0, 1.0, 1.0, 1, 0, 0], ""unused_pointer"": 82213920}"
solo-extra-ep1/q030-bb-e,5,168,"{""base_type"": 769, ""set_flags"": 0, ""runtime_index"": 1537, ""file_offset"": 18884, ""floor_field"": 5, ""entity_id_field"": 17992, ""group"": 0, ""room"": 40, ""unknown_a3"": 0, ""position"": [220.305908203125, -18.265045166015625, -400.48297119140625], ""angles"": [0, 0, 0], ""params"": [1.0, 1.0, 1.0, 1, 0, 0], ""unused_pointer"": 82214768}"
solo-extra-ep1/q030-bb-e,5,169,"{""base_type"": 769, ""set_flags"": 0, ""runtime_index"": 1538, ""file_offset"": 18952, ""floor_field"": 5, ""entity_id_field"": 17993, ""group"": 0, ""room"": 40, ""unknown_a3"": 0, ""position"": [189.67608642578125, -18.542633056640625, -390.1803894042969], ""angles"": [0, 0, 0], ""params"": [1.0, 1.0, 1.0, 2, 0, 0], ""unused_pointer"": 82215616}"
solo-extra-ep1/q030-bb-e,5,170,"{""base_type"": 769, ""set_flags"": 0, ""runtime_index"": 1539, ""file_offset"": 19020, ""floor_field"": 5, ""entity_id_field"": 17994, ""group"": 0, ""room"": 40, ""unknown_a3"": 0, ""position"": [212.53155517578125, -16.14459228515625, -344.7102355957031], ""angles"": [0, 0, 0], ""params"": [1.0, 1.0, 1.0, 1, 0, 0], ""unused_pointer"": 82216464}"
solo-extra-ep1/q030-bb-e,5,171,"{""base_type"": 769, ""set_flags"": 0, ""runtime_index"": 1540, ""file_offset"": 19088, ""floor_field"": 5, ""entity_id_field"": 17995, ""group"": 0, ""room"": 40, ""unknown_a3"": 0, ""position"": [238.369384765625, -15.598968505859375, -349.4012451171875], ""angles"": [0, 0, 0], ""params"": [1.0, 1.0, 1.0, 1, 0, 0], ""unused_pointer"": 82217312}"
solo-extra-ep1/q030-bb-e,5,172,"{""base_type"": 769, ""set_flags"": 0, ""runtime_index"": 1541, ""file_offset"": 19156, ""floor_field"": 5, ""entity_id_field"": 17996, ""group"": 0, ""room"": 40, ""unknown_a3"": 0, ""position"": [221.00323486328125, -13.24151611328125, -294.9741516113281], ""angles"": [0, 0, 0], ""params"": [1.0, 1.0, 1.0, 2, 0, 0], ""unused_pointer"": 82218160}"
solo-extra-ep1/q030-bb-e,5,173,"{""base_type"": 769, ""set_flags"": 0, ""runtime_index"": 1542, ""file_offset"": 19224, ""floor_field"": 5, ""entity_id_field"": 17997, ""group"": 0, ""room"": 40, ""unknown_a3"": 0, ""position"": [141.17352294921875, -15.23699951171875, -266.83807373046875], ""angles"": [0, 0, 0], ""params"": [1.0, 1.0, 1.0, 2, 0, 0], ""unused_pointer"": 82219008}"
solo-extra-ep1/q030-bb-e,5,175,"{""base_type"": 769, ""set_flags"": 0, ""runtime_index"": 1546, ""file_offset"": 19360, ""floor_field"": 5, ""entity_id_field"": 17999, ""group"": 0, ""room"": 40, ""unknown_a3"": 0, ""position"": [19.93829345703125, -12.3616943359375, -46.30560302734375], ""angles"": [0, 0, 0], ""params"": [1.0, 1.0, 1.0, 2, 0, 0], ""unused_pointer"": 82220080}"
solo-extra-ep1/q030-bb-e,5,176,"{""base_type"": 769, ""set_flags"": 0, ""runtime_index"": 1547, ""file_offset"": 19428, ""floor_field"": 5, ""entity_id_field"": 18000, ""group"": 0, ""room"": 40, ""unknown_a3"": 0, ""position"": [-43.205078125, -14.450347900390625, -5.91107177734375], ""angles"": [0, 0, 0], ""params"": [1.0, 1.0, 1.0, 2, 0, 0], ""unused_pointer"": 82220928}"
solo-extra-ep1/q030-bb-e,5,177,"{""base_type"": 769, ""set_flags"": 0, ""runtime_index"": 1548, ""file_offset"": 19496, ""floor_field"": 5, ""entity_id_field"": 18001, ""group"": 0, ""room"": 40, ""unknown_a3"": 0, ""position"": [-12.0025634765625, -13.964141845703125, -35.669677734375], ""angles"": [0, 0, 0], ""params"": [1.0, 1.0, 1.0, 1, 0, 0], ""unused_pointer"": 82221776}"
solo-extra-ep1/q030-bb-e,5,181,"{""base_type"": 769, ""set_flags"": 0, ""runtime_index"": 1554, ""file_offset"": 19768, ""floor_field"": 5, ""entity_id_field"": 18005, ""group"": 0, ""room"": 40, ""unknown_a3"": 0, ""position"": [189.6614990234375, 8.11944580078125, 69.53057861328125], ""angles"": [0, 0, 0], ""params"": [1.0, 1.0, 1.0, 0, 0, 0], ""unused_pointer"": 82223296}"
solo-extra-ep1/q030-bb-e,5,182,"{""base_type"": 769, ""set_flags"": 0, ""runtime_index"": 1555, ""file_offset"": 19836, ""floor_field"": 5, ""entity_id_field"": 18006, ""group"": 0, ""room"": 40, ""unknown_a3"": 0, ""position"": [181.56939697265625, 9.79864501953125, 102.427490234375], ""angles"": [0, 0, 0], ""params"": [1.0, 1.0, 1.0, 2, 0, 0], ""unused_pointer"": 82224144}"
solo-extra-ep1/q030-bb-e,5,183,"{""base_type"": 769, ""set_flags"": 0, ""runtime_index"": 1556, ""file_offset"": 19904, ""floor_field"": 5, ""entity_id_field"": 18007, ""group"": 0, ""room"": 40, ""unknown_a3"": 0, ""position"": [133.1689453125, 2.8504638671875, 69.95367431640625], ""angles"": [0, 0, 0], ""params"": [1.0, 1.0, 1.0, 1, 0, 0], ""unused_pointer"": 82224992}"
solo-extra-ep1/q030-bb-e,5,184,"{""base_type"": 769, ""set_flags"": 0, ""runtime_index"": 1557, ""file_offset"": 19972, ""floor_field"": 5, ""entity_id_field"": 18008, ""group"": 0, ""room"": 40, ""unknown_a3"": 0, ""position"": [87.04962158203125, -2.876617431640625, 39.4410400390625], ""angles"": [0, 0, 0], ""params"": [1.0, 1.0, 1.0, 0, 0, 0], ""unused_pointer"": 82225840}"
solo-extra-ep1/q030-bb-e,5,185,"{""base_type"": 769, ""set_flags"": 0, ""runtime_index"": 1558, ""file_offset"": 20040, ""floor_field"": 5, ""entity_id_field"": 18009, ""group"": 0, ""room"": 40, ""unknown_a3"": 0, ""position"": [146.46636962890625, 2.831878662109375, 48.28375244140625], ""angles"": [0, 0, 0], ""params"": [1.0, 1.0, 1.0, 0, 0, 0], ""unused_pointer"": 82226688}"
solo-extra-ep1/q030-bb-e,5,186,"{""base_type"": 769, ""set_flags"": 0, ""runtime_index"": 1559, ""file_offset"": 20108, ""floor_field"": 5, ""entity_id_field"": 18010, ""group"": 0, ""room"": 40, ""unknown_a3"": 0, ""position"": [104.1148681640625, -3.170654296875, 20.2093505859375], ""angles"": [0, 0, 0], ""params"": [1.0, 1.0, 1.0, 1, 0, 0], ""unused_pointer"": 82227536}"
solo-extra-ep1/q030-bb-e,5,187,"{""base_type"": 769, ""set_flags"": 0, ""runtime_index"": 1560, ""file_offset"": 20176, ""floor_field"": 5, ""entity_id_field"": 18011, ""group"": 0, ""room"": 40, ""unknown_a3"": 0, ""position"": [80.25042724609375, -6.84295654296875, -22.666748046875], ""angles"": [0, 0, 0], ""params"": [1.0, 1.0, 1.0, 2, 0, 0], ""unused_pointer"": 82228384}"
solo-extra-ep1/q030-bb-e,5,188,"{""base_type"": 769, ""set_flags"": 0, ""runtime_index"": 1561, ""file_offset"": 20244, ""floor_field"": 5, ""entity_id_field"": 18012, ""group"": 0, ""room"": 40, ""unknown_a3"": 0, ""position"": [54.0489501953125, -7.855316162109375, -5.24566650390625], ""angles"": [0, 0, 0], ""params"": [1.0, 1.0, 1.0, 1, 0, 0], ""unused_pointer"": 82229232}"
solo-extra-ep1/q030-bb-j,5,42,"{""base_type"": 769, ""set_flags"": 0, ""runtime_index"": 1483, ""file_offset"": 10316, ""floor_field"": 5, ""entity_id_field"": 17914, ""group"": 0, ""room"": 30, ""unknown_a3"": 0, ""position"": [-107.066650390625, 19.321075439453125, 428.504150390625], ""angles"": [0, 0, 0], ""params"": [1.0, 1.0, 1.0, 2, 0, 0], ""unused_pointer"": 82172368}"
solo-extra-ep1/q030-bb-j,5,43,"{""base_type"": 769, ""set_flags"": 0, ""runtime_index"": 1484, ""file_offset"": 10384, ""floor_field"": 5, ""entity_id_field"": 17915, ""group"": 0, ""room"": 30, ""unknown_a3"": 0, ""position"": [-201.34063720703125, 21.963134765625, 521.0198974609375], ""angles"": [0, 12288, 0], ""params"": [1.0, 1.0, 1.0, 2, 0, 0], ""unused_pointer"": 82173216}"
solo-extra-ep1/q030-bb-j,5,84,"{""base_type"": 769, ""set_flags"": 0, ""runtime_index"": 1481, ""file_offset"": 13172, ""floor_field"": 5, ""entity_id_field"": 17908, ""group"": 0, ""room"": 40, ""unknown_a3"": 0, ""position"": [-452.43597412109375, -34.503021240234375, -73.90496826171875], ""angles"": [0, 0, 0], ""params"": [1.0, 1.0, 1.0, 2, 0, 0], ""unused_pointer"": 82170384}"
solo-extra-ep1/q030-bb-j,5,85,"{""base_type"": 769, ""set_flags"": 0, ""runtime_index"": 1482, ""file_offset"": 13240, ""floor_field"": 5, ""entity_id_field"": 17909, ""group"": 0, ""room"": 40, ""unknown_a3"": 0, ""position"": [-540.6932373046875, -37.47869873046875, -73.6156005859375], ""angles"": [0, 0, 0], ""params"": [1.0, 1.0, 1.0, 1, 0, 0], ""unused_pointer"": 82171232}"
solo-extra-ep1/q030-bb-j,5,86,"{""base_type"": 769, ""set_flags"": 0, ""runtime_index"": 1483, ""file_offset"": 13308, ""floor_field"": 5, ""entity_id_field"": 17910, ""group"": 0, ""room"": 40, ""unknown_a3"": 0, ""position"": [-531.857421875, -37.1298828125, -74.4351806640625], ""angles"": [0, 0, 0], ""params"": [1.0, 1.0, 1.0, 0, 0, 0], ""unused_pointer"": 82172080}"
solo-extra-ep1/q030-bb-j,5,87,"{""base_type"": 769, ""set_flags"": 0, ""runtime_index"": 1484, ""file_offset"": 13376, ""floor_field"": 5, ""entity_id_field"": 17911, ""group"": 0, ""room"": 40, ""unknown_a3"": 0, ""position"": [-546.7213745117188, -38.51373291015625, -86.48974609375], ""angles"": [0, 0, 0], ""params"": [1.0, 1.0, 1.0, 2, 0, 0], ""unused_pointer"": 82172928}"
solo-extra-ep1/q030-bb-j,5,88,"{""base_type"": 769, ""set_flags"": 0, ""runtime_index"": 1485, ""file_offset"": 13444, ""floor_field"": 5, ""entity_id_field"": 17912, ""group"": 0, ""room"": 40, ""unknown_a3"": 0, ""position"": [-402.97259521484375, -33.1607666015625, -77.0274658203125], ""angles"": [0, 0, 0], ""params"": [1.0, 1.0, 1.0, 1, 0, 0], ""unused_pointer"": 82173776}"
solo-extra-ep1/q030-bb-j,5,90,"{""base_type"": 769, ""set_flags"": 0, ""runtime_index"": 1487, ""file_offset"": 13580, ""floor_field"": 5, ""entity_id_field"": 17914, ""group"": 0, ""room"": 40, ""unknown_a3"": 0, ""position"": [-348.1553039550781, -32.08819580078125, -78.5491943359375], ""angles"": [0, 0, 0], ""params"": [1.0, 1.0, 1.0, 0, 0, 0], ""unused_pointer"": 82174848}"
solo-extra-ep1/q030-bb-j,5,92,"{""base_type"": 769, ""set_flags"": 0, ""runtime_index"": 1489, ""file_offset"": 13716, ""floor_field"": 5, ""entity_id_field"": 17916, ""group"": 0, ""room"": 40, ""unknown_a3"": 0, ""position"": [-318.8936462402344, -32.6815185546875, -118.0264892578125], ""angles"": [0, 0, 0], ""params"": [1.0, 1.0, 1.0, 2, 0, 0], ""unused_pointer"": 82175920}"
solo-extra-ep1/q030-bb-j,5,94,"{""base_type"": 769, ""set_flags"": 0, ""runtime_index"": 1491, ""file_offset"": 13852, ""floor_field"": 5, ""entity_id_field"": 17918, ""group"": 0, ""room"": 40, ""unknown_a3"": 0, ""position"": [-328.90325927734375, -35.22064208984375, -172.4395751953125], ""angles"": [0, 0, 0], ""params"": [1.0, 1.0, 1.0, 2, 0, 0], ""unused_pointer"": 82176992}"
solo-extra-ep1/q030-bb-j,5,96,"{""base_type"": 769, ""set_flags"": 0, ""runtime_index"": 1493, ""file_offset"": 13988, ""floor_field"": 5, ""entity_id_field"": 17920, ""group"": 0, ""room"": 40, ""unknown_a3"": 0, ""position"": [-365.5279846191406, -38.117279052734375, -219.60769653320312], ""angles"": [0, 0, 0], ""params"": [1.0, 1.0, 1.0, 0, 0, 0], ""unused_pointer"": 82178064}"
solo-extra-ep1/q030-bb-j,5,99,"{""base_type"": 769, ""set_flags"": 0, ""runtime_index"": 1496, ""file_offset"": 14192, ""floor_field"": 5, ""entity_id_field"": 17923, ""group"": 0, ""room"": 40, ""unknown_a3"": 0, ""position"": [-372.0751647949219, -39.5758056640625, -243.017333984375], ""angles"": [0, 0, 0], ""params"": [1.0, 1.0, 1.0, 1, 0, 0], ""unused_pointer"": 82179360}"
solo-extra-ep1/q030-bb-j,5,100,"{""base_type"": 769, ""set_flags"": 0, ""runtime_index"": 1497, ""file_offset"": 14260, ""floor_field"": 5, ""entity_id_field"": 17924, ""group"": 0, ""room"": 40, ""unknown_a3"": 0, ""position"": [-391.5660095214844, -40.21240234375, -248.45669555664062], ""angles"": [0, 0, 0], ""params"": [1.0, 1.0, 1.0, 1, 0, 0], ""unused_pointer"": 82180208}"
solo-extra-ep1/q030-bb-j,5,101,"{""base_type"": 769, ""set_flags"": 0, ""runtime_index"": 1498, ""file_offset"": 14328, ""floor_field"": 5, ""entity_id_field"": 17925, ""group"": 0, ""room"": 40, ""unknown_a3"": 0, ""position"": [-373.5513000488281, -41.835906982421875, -297.02630615234375], ""angles"": [0, -8192, 0], ""params"": [1.0, 1.0, 1.0, 2, 0, 0], ""unused_pointer"": 82181056}"
solo-extra-ep1/q030-bb-j,5,102,"{""base_type"": 769, ""set_flags"": 0, ""runtime_index"": 1499, ""file_offset"": 14396, ""floor_field"": 5, ""entity_id_field"": 17926, ""group"": 0, ""room"": 40, ""unknown_a3"": 0, ""position"": [-457.142578125, -31.31085205078125, 50.66607666015625], ""angles"": [0, -8192, 0], ""params"": [1.0, 1.0, 1.0, 2, 0, 0], ""unused_pointer"": 82181904}"
solo-extra-ep1/q030-bb-j,5,104,"{""base_type"": 769, ""set_flags"": 0, ""runtime_index"": 1501, ""file_offset"": 14532, ""floor_field"": 5, ""entity_id_field"": 17928, ""group"": 0, ""room"": 40, ""unknown_a3"": 0, ""position"": [-397.8666076660156, -29.33795166015625, 47.26416015625], ""angles"": [0, 0, 0], ""params"": [1.0, 1.0, 1.0, 0, 0, 0], ""unused_pointer"": 82182976}"
solo-extra-ep1/q030-bb-j,5,106,"{""base_type"": 769, ""set_flags"": 0, ""runtime_index"": 1503, ""file_offset"": 14668, ""floor_field"": 5, ""entity_id_field"": 17930, ""group"": 0, ""room"": 40, ""unknown_a3"": 0, ""position"": [-402.6388854980469, -29.101806640625, 72.51446533203125], ""angles"": [0, 0, 0], ""params"": [1.0, 1.0, 1.0, 2, 0, 0], ""unused_pointer"": 82184048}"
solo-extra-ep1/q030-bb-j,5,107,"{""base_type"": 769, ""set_flags"": 0, ""runtime_index"": 1504, ""file_offset"": 14736, ""floor_field"": 5, ""entity_id_field"": 17931, ""group"": 0, ""room"": 40, ""unknown_a3"": 0, ""position"": [-361.3614196777344, -29.69317626953125, 38.26409912109375], ""angles"": [0, 0, 0], ""params"": [1.0, 1.0, 1.0, 1, 0, 0], ""unused_pointer"": 82184896}"
solo-extra-ep1/q030-bb-j,5,113,"{""base_type"": 769, ""set_flags"": 0, ""runtime_index"": 1486, ""file_offset"": 15144, ""floor_field"": 5, ""entity_id_field"": 17937, ""group"": 0, ""room"": 40, ""unknown_a3"": 0, ""position"": [-266.4615173339844, -26.91253662109375, 97.31011962890625], ""angles"": [0, 0, 0], ""params"": [1.0, 1.0, 1.0, 0, 0, 0], ""unused_pointer"": 82186864}"
solo-extra-ep1/q030-bb-j,5,114,"{""base_type"": 769, ""set_flags"": 0, ""runtime_index"": 1487, ""file_offset"": 15212, ""floor_field"": 5, ""entity_id_field"": 17938, ""group"": 0, ""room"": 40, ""unknown_a3"": 0, ""position"": [-242.55718994140625, -9.75518798828125, 219.61419677734375], ""angles"": [0, 0, 0], ""params"": [1.0, 1.0, 1.0, 0, 0, 0], ""unused_pointer"": 82187712}"
solo-extra-ep1/q030-bb-j,5,115,"{""base_type"": 769, ""set_flags"": 0, ""runtime_index"": 1488, ""file_offset"": 15280, ""floor_field"": 5, ""entity_id_field"": 17939, ""group"": 0, ""room"": 40, ""unknown_a3"": 0, ""position"": [-211.59063720703125, -12.645660400390625, 171.096923828125], ""angles"": [0, 0, 0], ""params"": [1.0, 1.0, 1.0, 0, 0, 0], ""unused_pointer"": 82188560}"
solo-extra-ep1/q030-bb-j,5,117,"{""base_type"": 769, ""set_flags"": 0, ""runtime_index"": 1514, ""file_offset"": 15416, ""floor_field"": 5, ""entity_id_field"": 17941, ""group"": 0, ""room"": 40, ""unknown_a3"": 0, ""position"": [-186.6163330078125, -27.953094482421875, -126.84130859375], ""angles"": [0, -8192, 0], ""params"": [1.0, 1.0, 1.0, 2, 0, 0], ""unused_pointer"": 82189632}"
solo-extra-ep1/q030-bb-j,5,124,"{""base_type"": 769, ""set_flags"": 0, ""runtime_index"": 1525, ""file_offset"": 15892, ""floor_field"": 5, ""entity_id_field"": 17948, ""group"": 0, ""room"": 40, ""unknown_a3"": 0, ""position"": [-374.62042236328125, -44.6365966796875, -353.46002197265625], ""angles"": [0, 0, 0], ""params"": [1.0, 1.0, 1.0, 2, 0, 0], ""unused_pointer"": 82191808}"
solo-extra-ep1/q030-bb-j,5,125,"{""base_type"": 769, ""set_flags"": 0, ""runtime_index"": 1522, ""file_offset"": 15960, ""floor_field"": 5, ""entity_id_field"": 17949, ""group"": 0, ""room"": 40, ""unknown_a3"": 0, ""position"": [-349.8593444824219, -45.896240234375, -408.55389404296875], ""angles"": [0, 0, 0], ""params"": [1.0, 1.0, 1.0, 1, 0, 0], ""unused_pointer"": 82192656}"
solo-extra-ep1/q030-bb-j,5,127,"{""base_type"": 769, ""set_flags"": 0, ""runtime_index"": 1526, ""file_offset"": 16096, ""floor_field"": 5, ""entity_id_field"": 17951, ""group"": 0, ""room"": 40, ""unknown_a3"": 0, ""position"": [-355.97760009765625, -47.713134765625, -461.12799072265625], ""angles"": [0, -8192, 0], ""params"": [1.0, 1.0, 1.0, 2, 0, 0], ""unused_pointer"": 82193728}"
solo-extra-ep1/q030-bb-j,5,131,"{""base_type"": 769, ""set_flags"": 0, ""runtime_index"": 1530, ""file_offset"": 16368, ""floor_field"": 5, ""entity_id_field"": 17955, ""group"": 0, ""room"": 40, ""unknown_a3"": 0, ""position"": [-334.90216064453125, -42.571014404296875, -334.7385559082031], ""angles"": [0, 0, 0], ""params"": [1.0, 1.0, 1.0, 1, 0, 0], ""unused_pointer"": 82195248}"
solo-extra-ep1/q030-bb-j,5,133,"{""base_type"": 769, ""set_flags"": 0, ""runtime_index"": 1489, ""file_offset"": 16504, ""floor_field"": 5, ""entity_id_field"": 17957, ""group"": 0, ""room"": 40, ""unknown_a3"": 0, ""position"": [-242.17388916015625, -14.843902587890625, 174.0745849609375], ""angles"": [0, 0, 0], ""params"": [1.0, 1.0, 1.0, 1, 0, 0], ""unused_pointer"": 82196320}"
solo-extra-ep1/q030-bb-j,5,134,"{""base_type"": 769, ""set_flags"": 0, ""runtime_index"": 1490, ""file_offset"": 16572, ""floor_field"": 5, ""entity_id_field"": 17958, ""group"": 0, ""room"": 40, ""unknown_a3"": 0, ""position"": [-249.35385131835938, -19.833465576171875, 140.0693359375], ""angles"": [0, 0, 0], ""params"": [1.0, 1.0, 1.0, 1, 0, 0], ""unused_pointer"": 82197168}"
solo-extra-ep1/q030-bb-j,5,135,"{""base_type"": 769, ""set_flags"": 0, ""runtime_index"": 1491, ""file_offset"": 16640, ""floor_field"": 5, ""entity_id_field"": 17959, ""group"": 0, ""room"": 40, ""unknown_a3"": 0, ""position"": [-215.161865234375, -15.825775146484375, 132.077880859375], ""angles"": [0, 57344, 0], ""params"": [1.0, 1.0, 1.0, 2, 0, 0], ""unused_pointer"": 82198016}"
solo-extra-ep1/q030-bb-j,5,136,"{""base_type"": 769, ""set_flags"": 0, ""runtime_index"": 1562, ""file_offset"": 16708, ""floor_field"": 5, ""entity_id_field"": 17960, ""group"": 0, ""room"": 40, ""unknown_a3"": 0, ""position"": [-230.33441162109375, -4.8582763671875, 257.422119140625], ""angles"": [0, -16384, 0], ""params"": [1.0, 1.0, 1.0, 1, 0, 0], ""unused_pointer"": 82198864}"
solo-extra-ep1/q030-bb-j,5,144,"{""base_type"": 769, ""set_flags"": 0, ""runtime_index"": 1504, ""file_offset"": 17252, ""floor_field"": 5, ""entity_id_field"": 17968, ""group"": 0, ""room"": 40, ""unknown_a3"": 0, ""position"": [53.88177490234375, -23.053802490234375, -291.94061279296875], ""angles"": [0, 0, 0], ""params"": [1.0, 1.0, 1.0, 0, 0, 0], ""unused_pointer"": 82201280}"
solo-extra-ep1/q030-bb-j,5,145,"{""base_type"": 769, ""set_flags"": 0, ""runtime_index"": 1505, ""file_offset"": 17320, ""floor_field"": 5, ""entity_id_field"": 17969, ""group"": 0, ""room"": 40, ""unknown_a3"": 0, ""position"": [17.55059814453125, -25.004425048828125, -275.3291015625], ""angles"": [0, 0, 0], ""params"": [1.0, 1.0, 1.0, 1, 0, 0], ""unused_pointer"": 82202128}"
solo-extra-ep1/q030-bb-j,5,146,"{""base_type"": 769, ""set_flags"": 0, ""runtime_index"": 1506, ""file_offset"": 17388, ""floor_field"": 5, ""entity_id_field"": 17970, ""group"": 0, ""room"": 40, ""unknown_a3"": 0, ""position"": [-4.8585205078125, -25.677886962890625, -267.3354797363281], ""angles"": [0, 0, 0], ""params"": [1.0, 1.0, 1.0, 2, 0, 0], ""unused_pointer"": 82202976}"
solo-extra-ep1/q030-bb-j,5,147,"{""base_type"": 769, ""set_flags"": 0, ""runtime_index"": 1507, ""file_offset"": 17456, ""floor_field"": 5, ""entity_id_field"": 17971, ""group"": 0, ""room"": 40, ""unknown_a3"": 0, ""position"": [-101.62005615234375, -29.333404541015625, -252.16653442382812], ""angles"": [0, 0, 0], ""params"": [1.0, 1.0, 1.0, 2, 0, 0], ""unused_pointer"": 82203824}"
solo-extra-ep1/q030-bb-j,5,148,"{""base_type"": 769, ""set_flags"": 0, ""runtime_index"": 1508, ""file_offset"": 17524, ""floor_field"": 5, ""entity_id_field"": 17972, ""group"": 0, ""room"": 40, ""unknown_a3"": 0, ""position"": [-75.39056396484375, -28.05743408203125, -235.89285278320312], ""angles"": [0, 0, 0], ""params"": [1.0, 1.0, 1.0, 1, 0, 0], ""unused_pointer"": 82204672}"
solo-extra-ep1/q030-bb-j,5,149,"{""base_type"": 769, ""set_flags"": 0, ""runtime_index"": 1509, ""file_offset"": 17592, ""floor_field"": 5, ""entity_id_field"": 17973, ""group"": 0, ""room"": 40, ""unknown_a3"": 0, ""position"": [-48.35272216796875, -27.2838134765625, -254.06301879882812], ""angles"": [0, 0, 0], ""params"": [1.0, 1.0, 1.0, 1, 0, 0], ""unused_pointer"": 82205520}"
solo-extra-ep1/q030-bb-j,5,150,"{""base_type"": 769, ""set_flags"": 0, ""runtime_index"": 1510, ""file_offset"": 17660, ""floor_field"": 5, ""entity_id_field"": 17974, ""group"": 0, ""room"": 40, ""unknown_a3"": 0, ""position"": [-98.0635986328125, -27.3553466796875, -199.39010620117188], ""angles"": [0, 0, 0], ""params"": [1.0, 1.0, 1.0, 2, 0, 0], ""unused_pointer"": 82206368}"
solo-extra-ep1/q030-bb-j,5,151,"{""base_type"": 769, ""set_flags"": 0, ""runtime_index"": 1511, ""file_offset"": 17728, ""floor_field"": 5, ""entity_id_field"": 17975, ""group"": 0, ""room"": 40, ""unknown_a3"": 0, ""position"": [-144.7841796875, -26.892181396484375, -152.174560546875], ""angles"": [0, 0, 0], ""params"": [1.0, 1.0, 1.0, 1, 0, 0], ""unused_pointer"": 82207216}"
solo-extra-ep1/q030-bb-j,5,152,"{""base_type"": 769, ""set_flags"": 0, ""runtime_index"": 1512, ""file_offset"": 17796, ""floor_field"": 5, ""entity_id_field"": 17976, ""group"": 0, ""room"": 40, ""unknown_a3"": 0, ""position"": [-149.42950439453125, -29.27520751953125, -200.72845458984375], ""angles"": [0, 0, 0], ""params"": [1.0, 1.0, 1.0, 1, 0, 0], ""unused_pointer"": 82208064}"
solo-extra-ep1/q030-bb-j,5,153,"{""base_type"": 769, ""set_flags"": 0, ""runtime_index"": 1513, ""file_offset"": 17864, ""floor_field"": 5, ""entity_id_field"": 17977, ""group"": 0, ""room"": 40, ""unknown_a3"": 0, ""position"": [-159.29766845703125, -28.299041748046875, -169.9639892578125], ""angles"": [0, 0, 0], ""params"": [1.0, 1.0, 1.0, 0, 0, 0], ""unused_pointer"": 82208912}"
solo-extra-ep1/q030-bb-j,5,154,"{""base_type"": 769, ""set_flags"": 0, ""runtime_index"": 1514, ""file_offset"": 17932, ""floor_field"": 5, ""entity_id_field"": 17978, ""group"": 0, ""room"": 40, ""unknown_a3"": 0, ""position"": [45.49652099609375, -23.26544189453125, -314.5770568847656], ""angles"": [0, 0, 0], ""params"": [1.0, 1.0, 1.0, 2, 0, 0], ""unused_pointer"": 82209760}"
solo-extra-ep1/q030-bb-j,5,166,"{""base_type"": 769, ""set_flags"": 0, ""runtime_index"": 1534, ""file_offset"": 18748, ""floor_field"": 5, ""entity_id_field"": 17990, ""group"": 0, ""room"": 40, ""unknown_a3"": 0, ""position"": [177.0386962890625, -20.663543701171875, -435.9161071777344], ""angles"": [0, 0, 0], ""params"": [1.0, 1.0, 1.0, 0, 0, 0], ""unused_pointer"": 82213072}"
solo-extra-ep1/q030-bb-j,5,167,"{""base_type"": 769, ""set_flags"": 0, ""runtime_index"": 1535, ""file_offset"": 18816, ""floor_field"": 5, ""entity_id_field"": 17991, ""group"": 0, ""room"": 40, ""unknown_a3"": 0, ""position"": [196.82659912109375, -21.92987060546875, -449.86065673828125], ""angles"": [0, 0, 0], ""params"": [1.0, 1.0, 1.0, 1, 0, 0], ""unused_pointer"": 82213920}"
solo-extra-ep1/q030-bb-j,5,168,"{""base_type"": 769, ""set_flags"": 0, ""runtime_index"": 1537, ""file_offset"": 18884, ""floor_field"": 5, ""entity_id_field"": 17992, ""group"": 0, ""room"": 40, ""unknown_a3"": 0, ""position"": [220.305908203125, -18.265045166015625, -400.48297119140625], ""angles"": [0, 0, 0], ""params"": [1.0, 1.0, 1.0, 1, 0, 0], ""unused_pointer"": 82214768}"
solo-extra-ep1/q030-bb-j,5,169,"{""base_type"": 769, ""set_flags"": 0, ""runtime_index"": 1538, ""file_offset"": 18952, ""floor_field"": 5, ""entity_id_field"": 17993, ""group"": 0, ""room"": 40, ""unknown_a3"": 0, ""position"": [189.67608642578125, -18.542633056640625, -390.1803894042969], ""angles"": [0, 0, 0], ""params"": [1.0, 1.0, 1.0, 2, 0, 0], ""unused_pointer"": 82215616}"
solo-extra-ep1/q030-bb-j,5,170,"{""base_type"": 769, ""set_flags"": 0, ""runtime_index"": 1539, ""file_offset"": 19020, ""floor_field"": 5, ""entity_id_field"": 17994, ""group"": 0, ""room"": 40, ""unknown_a3"": 0, ""position"": [212.53155517578125, -16.14459228515625, -344.7102355957031], ""angles"": [0, 0, 0], ""params"": [1.0, 1.0, 1.0, 1, 0, 0], ""unused_pointer"": 82216464}"
solo-extra-ep1/q030-bb-j,5,171,"{""base_type"": 769, ""set_flags"": 0, ""runtime_index"": 1540, ""file_offset"": 19088, ""floor_field"": 5, ""entity_id_field"": 17995, ""group"": 0, ""room"": 40, ""unknown_a3"": 0, ""position"": [238.369384765625, -15.598968505859375, -349.4012451171875], ""angles"": [0, 0, 0], ""params"": [1.0, 1.0, 1.0, 1, 0, 0], ""unused_pointer"": 82217312}"
solo-extra-ep1/q030-bb-j,5,172,"{""base_type"": 769, ""set_flags"": 0, ""runtime_index"": 1541, ""file_offset"": 19156, ""floor_field"": 5, ""entity_id_field"": 17996, ""group"": 0, ""room"": 40, ""unknown_a3"": 0, ""position"": [221.00323486328125, -13.24151611328125, -294.9741516113281], ""angles"": [0, 0, 0], ""params"": [1.0, 1.0, 1.0, 2, 0, 0], ""unused_pointer"": 82218160}"
solo-extra-ep1/q030-bb-j,5,173,"{""base_type"": 769, ""set_flags"": 0, ""runtime_index"": 1542, ""file_offset"": 19224, ""floor_field"": 5, ""entity_id_field"": 17997, ""group"": 0, ""room"": 40, ""unknown_a3"": 0, ""position"": [141.17352294921875, -15.23699951171875, -266.83807373046875], ""angles"": [0, 0, 0], ""params"": [1.0, 1.0, 1.0, 2, 0, 0], ""unused_pointer"": 82219008}"
solo-extra-ep1/q030-bb-j,5,175,"{""base_type"": 769, ""set_flags"": 0, ""runtime_index"": 1546, ""file_offset"": 19360, ""floor_field"": 5, ""entity_id_field"": 17999, ""group"": 0, ""room"": 40, ""unknown_a3"": 0, ""position"": [19.93829345703125, -12.3616943359375, -46.30560302734375], ""angles"": [0, 0, 0], ""params"": [1.0, 1.0, 1.0, 2, 0, 0], ""unused_pointer"": 82220080}"
solo-extra-ep1/q030-bb-j,5,176,"{""base_type"": 769, ""set_flags"": 0, ""runtime_index"": 1547, ""file_offset"": 19428, ""floor_field"": 5, ""entity_id_field"": 18000, ""group"": 0, ""room"": 40, ""unknown_a3"": 0, ""position"": [-43.205078125, -14.450347900390625, -5.91107177734375], ""angles"": [0, 0, 0], ""params"": [1.0, 1.0, 1.0, 2, 0, 0], ""unused_pointer"": 82220928}"
solo-extra-ep1/q030-bb-j,5,177,"{""base_type"": 769, ""set_flags"": 0, ""runtime_index"": 1548, ""file_offset"": 19496, ""floor_field"": 5, ""entity_id_field"": 18001, ""group"": 0, ""room"": 40, ""unknown_a3"": 0, ""position"": [-12.0025634765625, -13.964141845703125, -35.669677734375], ""angles"": [0, 0, 0], ""params"": [1.0, 1.0, 1.0, 1, 0, 0], ""unused_pointer"": 82221776}"
solo-extra-ep1/q030-bb-j,5,181,"{""base_type"": 769, ""set_flags"": 0, ""runtime_index"": 1554, ""file_offset"": 19768, ""floor_field"": 5, ""entity_id_field"": 18005, ""group"": 0, ""room"": 40, ""unknown_a3"": 0, ""position"": [189.6614990234375, 8.11944580078125, 69.53057861328125], ""angles"": [0, 0, 0], ""params"": [1.0, 1.0, 1.0, 0, 0, 0], ""unused_pointer"": 82223296}"
solo-extra-ep1/q030-bb-j,5,182,"{""base_type"": 769, ""set_flags"": 0, ""runtime_index"": 1555, ""file_offset"": 19836, ""floor_field"": 5, ""entity_id_field"": 18006, ""group"": 0, ""room"": 40, ""unknown_a3"": 0, ""position"": [181.56939697265625, 9.79864501953125, 102.427490234375], ""angles"": [0, 0, 0], ""params"": [1.0, 1.0, 1.0, 2, 0, 0], ""unused_pointer"": 82224144}"
solo-extra-ep1/q030-bb-j,5,183,"{""base_type"": 769, ""set_flags"": 0, ""runtime_index"": 1556, ""file_offset"": 19904, ""floor_field"": 5, ""entity_id_field"": 18007, ""group"": 0, ""room"": 40, ""unknown_a3"": 0, ""position"": [133.1689453125, 2.8504638671875, 69.95367431640625], ""angles"": [0, 0, 0], ""params"": [1.0, 1.0, 1.0, 1, 0, 0], ""unused_pointer"": 82224992}"
solo-extra-ep1/q030-bb-j,5,184,"{""base_type"": 769, ""set_flags"": 0, ""runtime_index"": 1557, ""file_offset"": 19972, ""floor_field"": 5, ""entity_id_field"": 18008, ""group"": 0, ""room"": 40, ""unknown_a3"": 0, ""position"": [87.04962158203125, -2.876617431640625, 39.4410400390625], ""angles"": [0, 0, 0], ""params"": [1.0, 1.0, 1.0, 0, 0, 0], ""unused_pointer"": 82225840}"
solo-extra-ep1/q030-bb-j,5,185,"{""base_type"": 769, ""set_flags"": 0, ""runtime_index"": 1558, ""file_offset"": 20040, ""floor_field"": 5, ""entity_id_field"": 18009, ""group"": 0, ""room"": 40, ""unknown_a3"": 0, ""position"": [146.46636962890625, 2.831878662109375, 48.28375244140625], ""angles"": [0, 0, 0], ""params"": [1.0, 1.0, 1.0, 0, 0, 0], ""unused_pointer"": 82226688}"
solo-extra-ep1/q030-bb-j,5,186,"{""base_type"": 769, ""set_flags"": 0, ""runtime_index"": 1559, ""file_offset"": 20108, ""floor_field"": 5, ""entity_id_field"": 18010, ""group"": 0, ""room"": 40, ""unknown_a3"": 0, ""position"": [104.1148681640625, -3.170654296875, 20.2093505859375], ""angles"": [0, 0, 0], ""params"": [1.0, 1.0, 1.0, 1, 0, 0], ""unused_pointer"": 82227536}"
solo-extra-ep1/q030-bb-j,5,187,"{""base_type"": 769, ""set_flags"": 0, ""runtime_index"": 1560, ""file_offset"": 20176, ""floor_field"": 5, ""entity_id_field"": 18011, ""group"": 0, ""room"": 40, ""unknown_a3"": 0, ""position"": [80.25042724609375, -6.84295654296875, -22.666748046875], ""angles"": [0, 0, 0], ""params"": [1.0, 1.0, 1.0, 2, 0, 0], ""unused_pointer"": 82228384}"
solo-extra-ep1/q030-bb-j,5,188,"{""base_type"": 769, ""set_flags"": 0, ""runtime_index"": 1561, ""file_offset"": 20244, ""floor_field"": 5, ""entity_id_field"": 18012, ""group"": 0, ""room"": 40, ""unknown_a3"": 0, ""position"": [54.0489501953125, -7.855316162109375, -5.24566650390625], ""angles"": [0, 0, 0], ""params"": [1.0, 1.0, 1.0, 1, 0, 0], ""unused_pointer"": 82229232}"
solo-extra-ep1/q031-bb-e,3,2,"{""base_type"": 769, ""set_flags"": 0, ""runtime_index"": 1253, ""file_offset"": 1936, ""floor_field"": 3, ""entity_id_field"": 18047, ""group"": 0, ""room"": 20, ""unknown_a3"": 0, ""position"": [312.6561279296875, 17.034780502319336, 244.74203491210938], ""angles"": [0, 0, 0], ""params"": [1.0, 1.0, 1.0, 2, 0, 0], ""unused_pointer"": 77043840}"
solo-extra-ep1/q031-bb-e,3,3,"{""base_type"": 769, ""set_flags"": 0, ""runtime_index"": 1252, ""file_offset"": 2004, ""floor_field"": 3, ""entity_id_field"": 18048, ""group"": 0, ""room"": 20, ""unknown_a3"": 0, ""position"": [332.595458984375, 18.93916893005371, 242.27243041992188], ""angles"": [0, 8192, 0], ""params"": [1.0, 1.0, 1.0, 2, 0, 0], ""unused_pointer"": 77044688}"
solo-extra-ep1/q031-bb-e,3,4,"{""base_type"": 769, ""set_flags"": 0, ""runtime_index"": 1254, ""file_offset"": 2072, ""floor_field"": 3, ""entity_id_field"": 18049, ""group"": 0, ""room"": 20, ""unknown_a3"": 0, ""position"": [350.104248046875, 21.231489181518555, 239.59878540039062], ""angles"": [0, 20480, 0], ""params"": [1.0, 1.0, 1.0, 2, 0, 0], ""unused_pointer"": 77045536}"
solo-extra-ep1/q031-bb-e,3,5,"{""base_type"": 769, ""set_flags"": 0, ""runtime_index"": 1255, ""file_offset"": 2140, ""floor_field"": 3, ""entity_id_field"": 18050, ""group"": 0, ""room"": 20, ""unknown_a3"": 0, ""position"": [370.174560546875, 24.174388885498047, 234.50088500976562], ""angles"": [0, 45056, 0], ""params"": [1.0, 1.0, 1.0, 2, 0, 0], ""unused_pointer"": 77046384}"
solo-extra-ep1/q031-bb-e,3,6,"{""base_type"": 769, ""set_flags"": 0, ""runtime_index"": 1256, ""file_offset"": 2208, ""floor_field"": 3, ""entity_id_field"": 18051, ""group"": 0, ""room"": 20, ""unknown_a3"": 0, ""position"": [377.03173828125, 24.20754623413086, 218.43817138671875], ""angles"": [0, 53248, 0], ""params"": [1.0, 1.0, 1.0, 2, 0, 0], ""unused_pointer"": 77047232}"
solo-extra-ep1/q031-bb-e,3,7,"{""base_type"": 769, ""set_flags"": 0, ""runtime_index"": 1257, ""file_offset"": 2276, ""floor_field"": 3, ""entity_id_field"": 18052, ""group"": 0, ""room"": 20, ""unknown_a3"": 0, ""position"": [395.7373046875, 24.44962501525879, 210.6973876953125], ""angles"": [0, 61440, 0], ""params"": [1.0, 1.0, 1.0, 2, 0, 0], ""unused_pointer"": 77048080}"
solo-extra-ep1/q031-bb-e,3,8,"{""base_type"": 769, ""set_flags"": 0, ""runtime_index"": 1260, ""file_offset"": 2344, ""floor_field"": 3, ""entity_id_field"": 18053, ""group"": 0, ""room"": 20, ""unknown_a3"": 0, ""position"": [412.930908203125, 24.63363265991211, 205.42837524414062], ""angles"": [0, 69632, 0], ""params"": [1.0, 1.0, 1.0, 2, 0, 0], ""unused_pointer"": 77048928}"
solo-extra-ep1/q031-bb-e,3,9,"{""base_type"": 769, ""set_flags"": 0, ""runtime_index"": 1261, ""file_offset"": 2412, ""floor_field"": 3, ""entity_id_field"": 18054, ""group"": 0, ""room"": 20, ""unknown_a3"": 0, ""position"": [432.4361572265625, 22.676477432250977, 198.09274291992188], ""angles"": [0, 98304, 0], ""params"": [1.0, 1.0, 1.0, 2, 0, 0], ""unused_pointer"": 77049776}"
solo-extra-ep1/q031-bb-e,3,10,"{""base_type"": 769, ""set_flags"": 0, ""runtime_index"": 1264, ""file_offset"": 2480, ""floor_field"": 3, ""entity_id_field"": 18055, ""group"": 0, ""room"": 20, ""unknown_a3"": 0, ""position"": [448.4210205078125, 18.837926864624023, 184.98410034179688], ""angles"": [0, 106496, 0], ""params"": [1.0, 1.0, 1.0, 2, 0, 0], ""unused_pointer"": 77050624}"
solo-extra-ep1/q031-bb-e,3,11,"{""base_type"": 769, ""set_flags"": 0, ""runtime_index"": 1263, ""file_offset"": 2548, ""floor_field"": 3, ""entity_id_field"": 18056, ""group"": 0, ""room"": 20, ""unknown_a3"": 0, ""position"": [461.9837646484375, 14.332540512084961, 169.0582275390625], ""angles"": [0, 114688, 0], ""params"": [1.0, 1.0, 1.0, 2, 0, 0], ""unused_pointer"": 77051472}"
solo-extra-ep1/q031-bb-e,3,12,"{""base_type"": 769, ""set_flags"": 0, ""runtime_index"": 1265, ""file_offset"": 2616, ""floor_field"": 3, ""entity_id_field"": 18057, ""group"": 0, ""room"": 20, ""unknown_a3"": 0, ""position"": [475.1883544921875, 10.239136695861816, 154.81094360351562], ""angles"": [0, 106496, 0], ""params"": [1.0, 1.0, 1.0, 2, 0, 0], ""unused_pointer"": 77052320}"
solo-extra-ep1/q031-bb-e,3,13,"{""base_type"": 769, ""set_flags"": 0, ""runtime_index"": 1266, ""file_offset"": 2684, ""floor_field"": 3, ""entity_id_field"": 18058, ""group"": 0, ""room"": 20, ""unknown_a3"": 0, ""position"": [486.916259765625, 6.26926326751709, 139.36380004882812], ""angles"": [0, 135168, 0], ""params"": [1.0, 1.0, 1.0, 2, 0, 0], ""unused_pointer"": 77053168}"
solo-extra-ep1/q031-bb-e,3,14,"{""base_type"": 769, ""set_flags"": 0, ""runtime_index"": 1267, ""file_offset"": 2752, ""floor_field"": 3, ""entity_id_field"": 18059, ""group"": 0, ""room"": 20, ""unknown_a3"": 0, ""position"": [493.2744140625, 2.6293280124664307, 124.57156372070312], ""angles"": [0, 143360, 0], ""params"": [1.0, 1.0, 1.0, 2, 0, 0], ""unused_pointer"": 77054016}"
solo-extra-ep1/q031-bb-e,3,15,"{""base_type"": 769, ""set_flags"": 0, ""runtime_index"": 1268, ""file_offset"": 2820, ""floor_field"": 3, ""entity_id_field"": 18060, ""group"": 0, ""room"": 20, ""unknown_a3"": 0, ""position"": [499.908203125, 1.9071522951126099, 109.31045532226562], ""angles"": [0, 167936, 0], ""params"": [1.0, 1.0, 1.0, 2, 0, 0], ""unused_pointer"": 77054864}"
solo-extra-ep1/q031-bb-e,3,16,"{""base_type"": 769, ""set_flags"": 0, ""runtime_index"": 1269, ""file_offset"": 2888, ""floor_field"": 3, ""entity_id_field"": 18061, ""group"": 0, ""room"": 20, ""unknown_a3"": 0, ""position"": [502.1964111328125, 0.9316319823265076, 90.35116577148438], ""angles"": [0, 196608, 0], ""params"": [1.0, 1.0, 1.0, 2, 0, 0], ""unused_pointer"": 77055712}"
solo-extra-ep1/q031-bb-e,3,17,"{""base_type"": 769, ""set_flags"": 0, ""runtime_index"": 1270, ""file_offset"": 2956, ""floor_field"": 3, ""entity_id_field"": 18062, ""group"": 0, ""room"": 20, ""unknown_a3"": 0, ""position"": [514.452392578125, 0.3560418486595154, 76.45877075195312], ""angles"": [0, 237568, 0], ""params"": [1.0, 1.0, 1.0, 2, 0, 0], ""unused_pointer"": 77056560}"
solo-extra-ep1/q031-bb-e,3,18,"{""base_type"": 769, ""set_flags"": 0, ""runtime_index"": 1271, ""file_offset"": 3024, ""floor_field"": 3, ""entity_id_field"": 18063, ""group"": 0, ""room"": 20, ""unknown_a3"": 0, ""position"": [518.0980224609375, 0.11135399341583252, 59.18878173828125], ""angles"": [0, 253952, 0], ""params"": [1.0, 1.0, 1.0, 2, 0, 0], ""unused_pointer"": 77057408}"
solo-extra-ep1/q031-bb-e,3,19,"{""base_type"": 769, ""set_flags"": 0, ""runtime_index"": 1272, ""file_offset"": 3092, ""floor_field"": 3, ""entity_id_field"": 18064, ""group"": 0, ""room"": 20, ""unknown_a3"": 0, ""position"": [508.011962890625, 0.11135396361351013, 46.731842041015625], ""angles"": [0, 262144, 0], ""params"": [1.0, 1.0, 1.0, 2, 0, 0], ""unused_pointer"": 77058256}"
solo-extra-ep1/q031-bb-e,3,20,"{""base_type"": 769, ""set_flags"": 0, ""runtime_index"": 1273, ""file_offset"": 3160, ""floor_field"": 3, ""entity_id_field"": 18065, ""group"": 0, ""room"": 20, ""unknown_a3"": 0, ""position"": [492.5443115234375, 0.11135398596525192, 35.025177001953125], ""angles"": [0, 270336, 0], ""params"": [1.0, 1.0, 1.0, 2, 0, 0], ""unused_pointer"": 77059104}"
solo-extra-ep1/q031-bb-e,3,21,"{""base_type"": 769, ""set_flags"": 0, ""runtime_index"": 1274, ""file_offset"": 3228, ""floor_field"": 3, ""entity_id_field"": 18066, ""group"": 0, ""room"": 20, ""unknown_a3"": 0, ""position"": [480.8563232421875, 0.11335226148366928, 22.98162841796875], ""angles"": [0, 262144, 0], ""params"": [1.0, 1.0, 1.0, 2, 0, 0], ""unused_pointer"": 77059952}"
solo-extra-ep1/q031-bb-e,3,22,"{""base_type"": 769, ""set_flags"": 0, ""runtime_index"": 1275, ""file_offset"": 3296, ""floor_field"": 3, ""entity_id_field"": 18067, ""group"": 0, ""room"": 20, ""unknown_a3"": 0, ""position"": [462.8988037109375, 0.11424843221902847, 22.329986572265625], ""angles"": [0, 270336, 0], ""params"": [1.0, 1.0, 1.0, 2, 0, 0], ""unused_pointer"": 77060800}"
solo-extra-ep1/q031-bb-e,3,23,"{""base_type"": 769, ""set_flags"": 0, ""runtime_index"": 1276, ""file_offset"": 3364, ""floor_field"": 3, ""entity_id_field"": 18068, ""group"": 0, ""room"": 20, ""unknown_a3"": 0, ""position"": [443.1644287109375, 0.11544524133205414, 20.474472045898438], ""angles"": [0, 278528, 0], ""params"": [1.0, 1.0, 1.0, 2, 0, 0], ""unused_pointer"": 77061648}"
solo-extra-ep1/q031-bb-e,3,24,"{""base_type"": 769, ""set_flags"": 0, ""runtime_index"": 1277, ""file_offset"": 3432, ""floor_field"": 3, ""entity_id_field"": 18069, ""group"": 0, ""room"": 20, ""unknown_a3"": 0, ""position"": [425.2572021484375, 0.503386914730072, 20.199691772460938], ""angles"": [0, 270336, 0], ""params"": [1.0, 1.0, 1.0, 2, 0, 0], ""unused_pointer"": 77062496}"
solo-extra-ep1/q031-bb-e,3,25,"{""base_type"": 769, ""set_flags"": 0, ""runtime_index"": 1278, ""file_offset"": 3500, ""floor_field"": 3, ""entity_id_field"": 18070, ""group"": 0, ""room"": 20, ""unknown_a3"": 0, ""position"": [407.8453369140625, 1.3759175539016724, 18.416015625], ""angles"": [0, 278528, 0], ""params"": [1.0, 1.0, 1.0, 2, 0, 0], ""unused_pointer"": 77063344}"
solo-extra-ep1/q031-bb-e,3,26,"{""base_type"": 769, ""set_flags"": 0, ""runtime_index"": 1279, ""file_offset"": 3568, ""floor_field"": 3, ""entity_id_field"": 18071, ""group"": 0, ""room"": 20, ""unknown_a3"": 0, ""position"": [387.837646484375, 2.500153064727783, 16.671890258789062], ""angles"": [0, 286720, 0], ""params"": [1.0, 1.0, 1.0, 2, 0, 0], ""unused_pointer"": 77064192}"
solo-extra-ep1/q031-bb-e,3,27,"{""base_type"": 769, ""set_flags"": 0, ""runtime_index"": 1280, ""file_offset"": 3636, ""floor_field"": 3, ""entity_id_field"": 18072, ""group"": 0, ""room"": 20, ""unknown_a3"": 0, ""position"": [369.3118896484375, 4.032583713531494, 15.290985107421875], ""angles"": [0, 278528, 0], ""params"": [1.0, 1.0, 1.0, 2, 0, 0], ""unused_pointer"": 77065040}"
solo-extra-ep1/q031-bb-e,3,28,"{""base_type"": 769, ""set_flags"": 0, ""runtime_index"": 1281, ""file_offset"": 3704, ""floor_field"": 3, ""entity_id_field"": 18073, ""group"": 0, ""room"": 20, ""unknown_a3"": 0, ""position"": [349.2728271484375, 5.903212070465088, 16.129608154296875], ""angles"": [0, 307200, 0], ""params"": [1.0, 1.0, 1.0, 2, 0, 0], ""unused_pointer"": 77065888}"
solo-extra-ep1/q031-bb-e,3,29,"{""base_type"": 769, ""set_flags"": 0, ""runtime_index"": 1282, ""file_offset"": 3772, ""floor_field"": 3, ""entity_id_field"": 18074, ""group"": 0, ""room"": 20, ""unknown_a3"": 0, ""position"": [333.1995849609375, 7.348341941833496, 22.736724853515625], ""angles"": [0, 315392, 0], ""params"": [1.0, 1.0, 1.0, 2, 0, 0], ""unused_pointer"": 77066736}"
solo-extra-ep1/q031-bb-e,3,30,"{""base_type"": 769, ""set_flags"": 0, ""runtime_index"": 1283, ""file_offset"": 3840, ""floor_field"": 3, ""entity_id_field"": 18075, ""group"": 0, ""room"": 20, ""unknown_a3"": 0, ""position"": [318.9215087890625, 9.052501678466797, 33.953033447265625], ""angles"": [0, 344064, 0], ""params"": [1.0, 1.0, 1.0, 2, 0, 0], ""unused_pointer"": 77067584}"
solo-extra-ep1/q031-bb-e,3,31,"{""base_type"": 769, ""set_flags"": 0, ""runtime_index"": 1284, ""file_offset"": 3908, ""floor_field"": 3, ""entity_id_field"": 18076, ""group"": 0, ""room"": 20, ""unknown_a3"": 0, ""position"": [305.6607666015625, 11.898759841918945, 47.455352783203125], ""angles"": [0, 372736, 0], ""params"": [1.0, 1.0, 1.0, 2, 0, 0], ""unused_pointer"": 77068432}"
solo-extra-ep1/q031-bb-e,3,32,"{""base_type"": 769, ""set_flags"": 0, ""runtime_index"": 1285, ""file_offset"": 3976, ""floor_field"": 3, ""entity_id_field"": 18077, ""group"": 0, ""room"": 20, ""unknown_a3"": 0, ""position"": [287.83544921875, 14.900116920471191, 58.412445068359375], ""angles"": [0, 409600, 0], ""params"": [1.0, 1.0, 1.0, 2, 0, 0], ""unused_pointer"": 77069280}"
solo-extra-ep1/q031-bb-e,3,33,"{""base_type"": 769, ""set_flags"": 0, ""runtime_index"": 1286, ""file_offset"": 4044, ""floor_field"": 3, ""entity_id_field"": 18078, ""group"": 0, ""room"": 20, ""unknown_a3"": 0, ""position"": [274.84423828125, 17.174999237060547, 69.31121826171875], ""angles"": [0, 413696, 0], ""params"": [1.0, 1.0, 1.0, 2, 0, 0], ""unused_pointer"": 77070128}"
solo-extra-ep1/q031-bb-e,3,34,"{""base_type"": 769, ""set_flags"": 0, ""runtime_index"": 1287, ""file_offset"": 4112, ""floor_field"": 3, ""entity_id_field"": 18079, ""group"": 0, ""room"": 20, ""unknown_a3"": 0, ""position"": [268.39990234375, 20.078306198120117, 85.727783203125], ""angles"": [0, 409600, 0], ""params"": [1.0, 1.0, 1.0, 2, 0, 0], ""unused_pointer"": 77070976}"
solo-extra-ep1/q031-bb-e,3,35,"{""base_type"": 769, ""set_flags"": 0, ""runtime_index"": 1288, ""file_offset"": 4180, ""floor_field"": 3, ""entity_id_field"": 18080, ""group"": 0, ""room"": 20, ""unknown_a3"": 0, ""position"": [269.36376953125, 23.170114517211914, 105.1461181640625], ""angles"": [0, 450560, 0], ""params"": [1.0, 1.0, 1.0, 2, 0, 0], ""unused_pointer"": 77071824}"
solo-extra-ep1/q031-bb-e,3,36,"{""base_type"": 769, ""set_flags"": 0, ""runtime_index"": 1289, ""file_offset"": 4248, ""floor_field"": 3, ""entity_id_field"": 18081, ""group"": 0, ""room"": 20, ""unknown_a3"": 0, ""position"": [270.4288330078125, 23.170114517211914, 123.88824462890625], ""angles"": [0, 446464, 0], ""params"": [1.0, 1.0, 1.0, 2, 0, 0], ""unused_pointer"": 77072672}"
solo-extra-ep1/q031-bb-e,3,37,"{""base_type"": 769, ""set_flags"": 0, ""runtime_index"": 1290, ""file_offset"": 4316, ""floor_field"": 3, ""entity_id_field"": 18082, ""group"": 0, ""room"": 20, ""unknown_a3"": 0, ""position"": [269.5594482421875, 25.043794631958008, 143.97189331054688], ""angles"": [0, 425984, 0], ""params"": [1.0, 1.0, 1.0, 2, 0, 0], ""unused_pointer"": 77073520}"
solo-extra-ep1/q031-bb-e,3,38,"{""base_type"": 769, ""set_flags"": 0, ""runtime_index"": 1291, ""file_offset"": 4384, ""floor_field"": 3, ""entity_id_field"": 18083, ""group"": 0, ""room"": 20, ""unknown_a3"": 0, ""position"": [265.589111328125, 24.748991012573242, 162.40182495117188], ""angles"": [0, 430080, 0], ""params"": [1.0, 1.0, 1.0, 2, 0, 0], ""unused_pointer"": 77074368}"
solo-extra-ep1/q031-bb-e,3,39,"{""base_type"": 769, ""set_flags"": 0, ""runtime_index"": 1292, ""file_offset"": 4452, ""floor_field"": 3, ""entity_id_field"": 18084, ""group"": 0, ""room"": 20, ""unknown_a3"": 0, ""position"": [266.3995361328125, 24.380556106567383, 179.39816284179688], ""angles"": [0, 466944, 0], ""params"": [1.0, 1.0, 1.0, 2, 0, 0], ""unused_pointer"": 77075216}"
solo-extra-ep1/q031-bb-e,3,40,"{""base_type"": 769, ""set_flags"": 0, ""runtime_index"": 1293, ""file_offset"": 4520, ""floor_field"": 3, ""entity_id_field"": 18085, ""group"": 0, ""room"": 20, ""unknown_a3"": 0, ""position"": [271.2509765625, 24.13023567199707, 196.06973266601562], ""angles"": [0, 483328, 0], ""params"": [1.0, 1.0, 1.0, 2, 0, 0], ""unused_pointer"": 77076064}"
solo-extra-ep1/q031-bb-e,3,41,"{""base_type"": 769, ""set_flags"": 0, ""runtime_index"": 1294, ""file_offset"": 4588, ""floor_field"": 3, ""entity_id_field"": 18086, ""group"": 0, ""room"": 20, ""unknown_a3"": 0, ""position"": [280.7230224609375, 21.688243865966797, 213.7066650390625], ""angles"": [0, 520192, 0], ""params"": [1.0, 1.0, 1.0, 2, 0, 0], ""unused_pointer"": 77076912}"
solo-extra-ep1/q031-bb-e,3,42,"{""base_type"": 769, ""set_flags"": 0, ""runtime_index"": 1295, ""file_offset"": 4656, ""floor_field"": 3, ""entity_id_field"": 18087, ""group"": 0, ""room"": 20, ""unknown_a3"": 0, ""position"": [294.6505126953125, 19.184810638427734, 229.32388305664062], ""angles"": [0, 528384, 0], ""params"": [1.0, 1.0, 1.0, 2, 0, 0], ""unused_pointer"": 77077760}"
solo-extra-ep1/q031-bb-e,3,45,"{""base_type"": 769, ""set_flags"": 0, ""runtime_index"": 1480, ""file_offset"": 4860, ""floor_field"": 3, ""entity_id_field"": 17918, ""group"": 0, ""room"": 30, ""unknown_a3"": 0, ""position"": [262.502685546875, 0.0, -144.18162536621094], ""angles"": [0, 16384, 0], ""params"": [1.0, 1.0, 1.0, 2, 0, 0], ""unused_pointer"": 77043632}"
solo-extra-ep1/q031-bb-e,3,46,"{""base_type"": 769, ""set_flags"": 0, ""runtime_index"": 1481, ""file_offset"": 4928, ""floor_field"": 3, ""entity_id_field"": 17919, ""group"": 0, ""room"": 30, ""unknown_a3"": 0, ""position"": [241.84521484375, 0.0, -142.06105041503906], ""angles"": [0, 8192, 0], ""params"": [1.0, 1.0, 1.0, 2, 0, 0], ""unused_pointer"": 77044480}"
solo-extra-ep1/q031-bb-e,3,47,"{""base_type"": 769, ""set_flags"": 0, ""runtime_index"": 1482, ""file_offset"": 4996, ""floor_field"": 3, ""entity_id_field"": 17920, ""group"": 0, ""room"": 30, ""unknown_a3"": 0, ""position"": [224.490478515625, 0.0, -139.04241943359375], ""angles"": [0, -12288, 0], ""params"": [1.0, 1.0, 1.0, 2, 0, 0], ""unused_pointer"": 77045328}"
solo-extra-ep1/q031-bb-e,3,48,"{""base_type"": 769, ""set_flags"": 0, ""runtime_index"": 1483, ""file_offset"": 5064, ""floor_field"": 3, ""entity_id_field"": 17921, ""group"": 0, ""room"": 30, ""unknown_a3"": 0, ""position"": [205.405517578125, 0.0, -141.1348876953125], ""angles"": [0, 0, 0], ""params"": [1.0, 1.0, 1.0, 2, 0, 0], ""unused_pointer"": 77046176}"
solo-extra-ep1/q031-bb-e,3,49,"{""base_type"": 769, ""set_flags"": 0, ""runtime_index"": 1484, ""file_offset"": 5132, ""floor_field"": 3, ""entity_id_field"": 17922, ""group"": 0, ""room"": 30, ""unknown_a3"": 0, ""position"": [189.386474609375, 0.0, -149.16900634765625], ""angles"": [0, 12288, 0], ""params"": [1.0, 1.0, 1.0, 2, 0, 0], ""unused_pointer"": 77047024}"
solo-extra-ep1/q031-bb-e,3,50,"{""base_type"": 769, ""set_flags"": 0, ""runtime_index"": 1485, ""file_offset"": 5200, ""floor_field"": 3, ""entity_id_field"": 17923, ""group"": 0, ""room"": 30, ""unknown_a3"": 0, ""position"": [172.51123046875, 0.0, -153.6741943359375], ""angles"": [0, 8192, 0], ""params"": [1.0, 1.0, 1.0, 2, 0, 0], ""unused_pointer"": 77047872}"
solo-extra-ep1/q031-bb-e,3,51,"{""base_type"": 769, ""set_flags"": 0, ""runtime_index"": 1486, ""file_offset"": 5268, ""floor_field"": 3, ""entity_id_field"": 17924, ""group"": 0, ""room"": 30, ""unknown_a3"": 0, ""position"": [159.311279296875, 0.0, -168.02880859375], ""angles"": [0, 32768, 0], ""params"": [1.0, 1.0, 1.0, 2, 0, 0], ""unused_pointer"": 77048720}"
solo-extra-ep1/q031-bb-e,3,52,"{""base_type"": 769, ""set_flags"": 0, ""runtime_index"": 1487, ""file_offset"": 5336, ""floor_field"": 3, ""entity_id_field"": 17925, ""group"": 0, ""room"": 30, ""unknown_a3"": 0, ""position"": [155.3525390625, 0.0, -186.89605712890625], ""angles"": [0, 61440, 0], ""params"": [1.0, 1.0, 1.0, 2, 0, 0], ""unused_pointer"": 77049568}"
solo-extra-ep1/q031-bb-e,3,53,"{""base_type"": 769, ""set_flags"": 0, ""runtime_index"": 1488, ""file_offset"": 5404, ""floor_field"": 3, ""entity_id_field"": 17926, ""group"": 0, ""room"": 30, ""unknown_a3"": 0, ""position"": [137.69873046875, 0.0, -196.12350463867188], ""angles"": [0, 53248, 0], ""params"": [1.0, 1.0, 1.0, 2, 0, 0], ""unused_pointer"": 77050416}"
solo-extra-ep1/q031-bb-e,3,54,"{""base_type"": 769, ""set_flags"": 0, ""runtime_index"": 1489, ""file_offset"": 5472, ""floor_field"": 3, ""entity_id_field"": 17927, ""group"": 0, ""room"": 30, ""unknown_a3"": 0, ""position"": [125.896484375, 0.0, -211.46600341796875], ""angles"": [0, 65536, 0], ""params"": [1.0, 1.0, 1.0, 2, 0, 0], ""unused_pointer"": 77051264}"
solo-extra-ep1/q031-bb-e,3,55,"{""base_type"": 769, ""set_flags"": 0, ""runtime_index"": 1490, ""file_offset"": 5540, ""floor_field"": 3, ""entity_id_field"": 17928, ""group"": 0, ""room"": 30, ""unknown_a3"": 0, ""position"": [108.62158203125, 0.0, -214.29183959960938], ""angles"": [0, 86016, 0], ""params"": [1.0, 1.0, 1.0, 2, 0, 0], ""unused_pointer"": 77052112}"
solo-extra-ep1/q031-bb-e,3,56,"{""base_type"": 769, ""set_flags"": 0, ""runtime_index"": 1491, ""file_offset"": 5608, ""floor_field"": 3, ""entity_id_field"": 17929, ""group"": 0, ""room"": 30, ""unknown_a3"": 0, ""position"": [99.77099609375, 0.0, -230.08200073242188], ""angles"": [0, 94208, 0], ""params"": [1.0, 1.0, 1.0, 2, 0, 0], ""unused_pointer"": 77052960}"
solo-extra-ep1/q031-bb-e,3,57,"{""base_type"": 769, ""set_flags"": 0, ""runtime_index"": 1492, ""file_offset"": 5676, ""floor_field"": 3, ""entity_id_field"": 17930, ""group"": 0, ""room"": 30, ""unknown_a3"": 0, ""position"": [93.17578125, 0.0, -248.11776733398438], ""angles"": [0, 86016, 0], ""params"": [1.0, 1.0, 1.0, 2, 0, 0], ""unused_pointer"": 77053808}"
solo-extra-ep1/q031-bb-e,3,58,"{""base_type"": 769, ""set_flags"": 0, ""runtime_index"": 1493, ""file_offset"": 5744, ""floor_field"": 3, ""entity_id_field"": 17931, ""group"": 0, ""room"": 30, ""unknown_a3"": 0, ""position"": [86.929931640625, 0.0, -266.2371826171875], ""angles"": [0, 110592, 0], ""params"": [1.0, 1.0, 1.0, 2, 0, 0], ""unused_pointer"": 77054656}"
solo-extra-ep1/q031-bb-e,3,59,"{""base_type"": 769, ""set_flags"": 0, ""runtime_index"": 1494, ""file_offset"": 5812, ""floor_field"": 3, ""entity_id_field"": 17932, ""group"": 0, ""room"": 30, ""unknown_a3"": 0, ""position"": [79.487548828125, 0.0, -284.7478332519531], ""angles"": [0, 118784, 0], ""params"": [1.0, 1.0, 1.0, 2, 0, 0], ""unused_pointer"": 77055504}"
solo-extra-ep1/q031-bb-e,3,60,"{""base_type"": 769, ""set_flags"": 0, ""runtime_index"": 1495, ""file_offset"": 5880, ""floor_field"": 3, ""entity_id_field"": 17933, ""group"": 0, ""room"": 30, ""unknown_a3"": 0, ""position"": [85.964111328125, 0.0, -303.2785339355469], ""angles"": [0, 126976, 0], ""params"": [1.0, 1.0, 1.0, 2, 0, 0], ""unused_pointer"": 77056352}"
solo-extra-ep1/q031-bb-e,3,61,"{""base_type"": 769, ""set_flags"": 0, ""runtime_index"": 1496, ""file_offset"": 5948, ""floor_field"": 3, ""entity_id_field"": 17934, ""group"": 0, ""room"": 30, ""unknown_a3"": 0, ""position"": [76.720703125, 0.0, -323.16461181640625], ""angles"": [0, 122880, 0], ""params"": [1.0, 1.0, 1.0, 2, 0, 0], ""unused_pointer"": 77057200}"
solo-extra-ep1/q031-bb-e,3,62,"{""base_type"": 769, ""set_flags"": 0, ""runtime_index"": 1497, ""file_offset"": 6016, ""floor_field"": 3, ""entity_id_field"": 17935, ""group"": 0, ""room"": 30, ""unknown_a3"": 0, ""position"": [74.837890625, 0.0, -343.1001892089844], ""angles"": [0, 98304, 0], ""params"": [1.0, 1.0, 1.0, 2, 0, 0], ""unused_pointer"": 77058048}"
solo-extra-ep1/q031-bb-e,3,63,"{""base_type"": 769, ""set_flags"": 0, ""runtime_index"": 1498, ""file_offset"": 6084, ""floor_field"": 3, ""entity_id_field"": 17936, ""group"": 0, ""room"": 30, ""unknown_a3"": 0, ""position"": [77.22607421875, 0.0, -360.323974609375], ""angles"": [0, 102400, 0], ""params"": [1.0, 1.0, 1.0, 2, 0, 0], ""unused_pointer"": 77058896}"
solo-extra-ep1/q031-bb-e,3,64,"{""base_type"": 769, ""set_flags"": 0, ""runtime_index"": 1499, ""file_offset"": 6152, ""floor_field"": 3, ""entity_id_field"": 17937, ""group"": 0, ""room"": 30, ""unknown_a3"": 0, ""position"": [73.6982421875, 0.0, -379.4218444824219], ""angles"": [0, 106496, 0], ""params"": [1.0, 1.0, 1.0, 2, 0, 0], ""unused_pointer"": 77059744}"
solo-extra-ep1/q031-bb-e,3,65,"{""base_type"": 769, ""set_flags"": 0, ""runtime_index"": 1500, ""file_offset"": 6220, ""floor_field"": 3, ""entity_id_field"": 17938, ""group"": 0, ""room"": 30, ""unknown_a3"": 0, ""position"": [75.6904296875, 0.0, -398.7987060546875], ""angles"": [0, 114688, 0], ""params"": [1.0, 1.0, 1.0, 2, 0, 0], ""unused_pointer"": 77060592}"
solo-extra-ep1/q031-bb-e,3,66,"{""base_type"": 769, ""set_flags"": 0, ""runtime_index"": 1501, ""file_offset"": 6288, ""floor_field"": 3, ""entity_id_field"": 17939, ""group"": 0, ""room"": 30, ""unknown_a3"": 0, ""position"": [75.120849609375, 0.0, -417.1310119628906], ""angles"": [0, 139264, 0], ""params"": [1.0, 1.0, 1.0, 2, 0, 0], ""unused_pointer"": 77061440}"
solo-extra-ep1/q031-bb-e,3,67,"{""base_type"": 769, ""set_flags"": 0, ""runtime_index"": 1502, ""file_offset"": 6356, ""floor_field"": 3, ""entity_id_field"": 17940, ""group"": 0, ""room"": 30, ""unknown_a3"": 0, ""position"": [78.389404296875, 0.0, -432.9463806152344], ""angles"": [0, 147456, 0], ""params"": [1.0, 1.0, 1.0, 2, 0, 0], ""unused_pointer"": 77062288}"
solo-extra-ep1/q031-bb-e,3,68,"{""base_type"": 769, ""set_flags"": 0, ""runtime_index"": 1503, ""file_offset"": 6424, ""floor_field"": 3, ""entity_id_field"": 17941, ""group"": 0, ""room"": 30, ""unknown_a3"": 0, ""position"": [80.198974609375, 0.0, -451.039794921875], ""angles"": [0, 155648, 0], ""params"": [1.0, 1.0, 1.0, 2, 0, 0], ""unused_pointer"": 77063136}"
solo-extra-ep1/q031-bb-e,3,69,"{""base_type"": 769, ""set_flags"": 0, ""runtime_index"": 1504, ""file_offset"": 6492, ""floor_field"": 3, ""entity_id_field"": 17942, ""group"": 0, ""room"": 30, ""unknown_a3"": 0, ""position"": [86.580810546875, 0.0, -467.11480712890625], ""angles"": [0, 172032, 0], ""params"": [1.0, 1.0, 1.0, 2, 0, 0], ""unused_pointer"": 77063984}"
solo-extra-ep1/q031-bb-e,3,70,"{""base_type"": 769, ""set_flags"": 0, ""runtime_index"": 1505, ""file_offset"": 6560, ""floor_field"": 3, ""entity_id_field"": 17943, ""group"": 0, ""room"": 30, ""unknown_a3"": 0, ""position"": [99.833251953125, 0.0, -479.64501953125], ""angles"": [0, 196608, 0], ""params"": [1.0, 1.0, 1.0, 2, 0, 0], ""unused_pointer"": 77064832}"
solo-extra-ep1/q031-bb-e,3,71,"{""base_type"": 769, ""set_flags"": 0, ""runtime_index"": 1506, ""file_offset"": 6628, ""floor_field"": 3, ""entity_id_field"": 17944, ""group"": 0, ""room"": 30, ""unknown_a3"": 0, ""position"": [101.5703125, 0.0, -496.89227294921875], ""angles"": [0, 200704, 0], ""params"": [1.0, 1.0, 1.0, 2, 0, 0], ""unused_pointer"": 77065680}"
solo-extra-ep1/q031-bb-e,3,72,"{""base_type"": 769, ""set_flags"": 0, ""runtime_index"": 1507, ""file_offset"": 6696, ""floor_field"": 3, ""entity_id_field"": 17945, ""group"": 0, ""room"": 30, ""unknown_a3"": 0, ""position"": [118.14990234375, 0.0, -503.8817443847656], ""angles"": [0, 192512, 0], ""params"": [1.0, 1.0, 1.0, 2, 0, 0], ""unused_pointer"": 77066528}"
solo-extra-ep1/q031-bb-e,3,73,"{""base_type"": 769, ""set_flags"": 0, ""runtime_index"": 1508, ""file_offset"": 6764, ""floor_field"": 3, ""entity_id_field"": 17946, ""group"": 0, ""room"": 30, ""unknown_a3"": 0, ""position"": [123.101806640625, 0.0, -518.940673828125], ""angles"": [0, 184320, 0], ""params"": [1.0, 1.0, 1.0, 2, 0, 0], ""unused_pointer"": 77067376}"
solo-extra-ep1/q031-bb-e,3,74,"{""base_type"": 769, ""set_flags"": 0, ""runtime_index"": 1509, ""file_offset"": 6832, ""floor_field"": 3, ""entity_id_field"": 17947, ""group"": 0, ""room"": 30, ""unknown_a3"": 0, ""position"": [139.36083984375, 0.0, -527.649169921875], ""angles"": [0, 176128, 0], ""params"": [1.0, 1.0, 1.0, 2, 0, 0], ""unused_pointer"": 77068224}"
solo-extra-ep1/q031-bb-e,3,75,"{""base_type"": 769, ""set_flags"": 0, ""runtime_index"": 1510, ""file_offset"": 6900, ""floor_field"": 3, ""entity_id_field"": 17948, ""group"": 0, ""room"": 30, ""unknown_a3"": 0, ""position"": [146.014404296875, 0.0, -544.4526977539062], ""angles"": [0, 167936, 0], ""params"": [1.0, 1.0, 1.0, 2, 0, 0], ""unused_pointer"": 77069072}"
solo-extra-ep1/q031-bb-e,3,76,"{""base_type"": 769, ""set_flags"": 0, ""runtime_index"": 1511, ""file_offset"": 6968, ""floor_field"": 3, ""entity_id_field"": 17949, ""group"": 0, ""room"": 30, ""unknown_a3"": 0, ""position"": [163.544677734375, 0.0, -532.008056640625], ""angles"": [0, 167936, 0], ""params"": [1.0, 1.0, 1.0, 2, 0, 0], ""unused_pointer"": 77069920}"
solo-extra-ep1/q031-bb-e,3,77,"{""base_type"": 769, ""set_flags"": 0, ""runtime_index"": 1512, ""file_offset"": 7036, ""floor_field"": 3, ""entity_id_field"": 17950, ""group"": 0, ""room"": 30, ""unknown_a3"": 0, ""position"": [178.810546875, 0.0, -535.10595703125], ""angles"": [0, 155648, 0], ""params"": [1.0, 1.0, 1.0, 2, 0, 0], ""unused_pointer"": 77070768}"
solo-extra-ep1/q031-bb-e,3,78,"{""base_type"": 769, ""set_flags"": 0, ""runtime_index"": 1513, ""file_offset"": 7104, ""floor_field"": 3, ""entity_id_field"": 17951, ""group"": 0, ""room"": 30, ""unknown_a3"": 0, ""position"": [194.007080078125, 0.0, -524.7113037109375], ""angles"": [0, 147456, 0], ""params"": [1.0, 1.0, 1.0, 2, 0, 0], ""unused_pointer"": 77071616}"
solo-extra-ep1/q031-bb-e,3,79,"{""base_type"": 769, ""set_flags"": 0, ""runtime_index"": 1514, ""file_offset"": 7172, ""floor_field"": 3, ""entity_id_field"": 17952, ""group"": 0, ""room"": 30, ""unknown_a3"": 0, ""position"": [205.155029296875, 0.0, -512.002685546875], ""angles"": [0, 155648, 0], ""params"": [1.0, 1.0, 1.0, 2, 0, 0], ""unused_pointer"": 77072464}"
solo-extra-ep1/q031-bb-e,3,80,"{""base_type"": 769, ""set_flags"": 0, ""runtime_index"": 1515, ""file_offset"": 7240, ""floor_field"": 3, ""entity_id_field"": 17953, ""group"": 0, ""room"": 30, ""unknown_a3"": 0, ""position"": [219.3779296875, 0.0, -498.7829895019531], ""angles"": [0, 163840, 0], ""params"": [1.0, 1.0, 1.0, 2, 0, 0], ""unused_pointer"": 77073312}"
solo-extra-ep1/q031-bb-e,3,81,"{""base_type"": 769, ""set_flags"": 0, ""runtime_index"": 1516, ""file_offset"": 7308, ""floor_field"": 3, ""entity_id_field"": 17954, ""group"": 0, ""room"": 30, ""unknown_a3"": 0, ""position"": [223.414794921875, 0.0, -482.6329650878906], ""angles"": [0, 176128, 0], ""params"": [1.0, 1.0, 1.0, 2, 0, 0], ""unused_pointer"": 77074160}"
solo-extra-ep1/q031-bb-e,3,82,"{""base_type"": 769, ""set_flags"": 0, ""runtime_index"": 1517, ""file_offset"": 7376, ""floor_field"": 3, ""entity_id_field"": 17955, ""group"": 0, ""room"": 30, ""unknown_a3"": 0, ""position"": [275.072265625, 0.0, -156.43251037597656], ""angles"": [0, 172032, 0], ""params"": [1.0, 1.0, 1.0, 2, 0, 0], ""unused_pointer"": 77075008}"
solo-extra-ep1/q031-bb-e,3,83,"{""base_type"": 769, ""set_flags"": 0, ""runtime_index"": 1518, ""file_offset"": 7444, ""floor_field"": 3, ""entity_id_field"": 17956, ""group"": 0, ""room"": 30, ""unknown_a3"": 0, ""position"": [288.738525390625, 0.0, -164.9105987548828], ""angles"": [0, 176128, 0], ""params"": [1.0, 1.0, 1.0, 2, 0, 0], ""unused_pointer"": 77075856}"
solo-extra-ep1/q031-bb-e,3,84,"{""base_type"": 769, ""set_flags"": 0, ""runtime_index"": 1519, ""file_offset"": 7512, ""floor_field"": 3, ""entity_id_field"": 17957, ""group"": 0, ""room"": 30, ""unknown_a3"": 0, ""position"": [295.8583984375, 0.0, -176.8814239501953], ""angles"": [0, 167936, 0], ""params"": [1.0, 1.0, 1.0, 2, 0, 0], ""unused_pointer"": 77076704}"
solo-extra-ep1/q031-bb-e,3,85,"{""base_type"": 769, ""set_flags"": 0, ""runtime_index"": 1520, ""file_offset"": 7580, ""floor_field"": 3, ""entity_id_field"": 17958, ""group"": 0, ""room"": 30, ""unknown_a3"": 0, ""position"": [302.09326171875, 0.0, -196.110107421875], ""angles"": [0, 208896, 0], ""params"": [1.0, 1.0, 1.0, 2, 0, 0], ""unused_pointer"": 77077552}"
solo-extra-ep1/q031-bb-e,3,86,"{""base_type"": 769, ""set_flags"": 0, ""runtime_index"": 1521, ""file_offset"": 7648, ""floor_field"": 3, ""entity_id_field"": 17959, ""group"": 0, ""room"": 30, ""unknown_a3"": 0, ""position"": [310.40478515625, 0.0, -215.08792114257812], ""angles"": [0, 200704, 0], ""params"": [1.0, 1.0, 1.0, 2, 0, 0], ""unused_pointer"": 77078400}"
solo-extra-ep1/q031-bb-e,3,87,"{""base_type"": 769, ""set_flags"": 0, ""runtime_index"": 1522, ""file_offset"": 7716, ""floor_field"": 3, ""entity_id_field"": 17960, ""group"": 0, ""room"": 30, ""unknown_a3"": 0, ""position"": [315.9326171875, 0.0, -234.34854125976562], ""angles"": [0, 241664, 0], ""params"": [1.0, 1.0, 1.0, 2, 0, 0], ""unused_pointer"": 77079248}"
solo-extra-ep1/q031-bb-e,3,88,"{""base_type"": 769, ""set_flags"": 0, ""runtime_index"": 1523, ""file_offset"": 7784, ""floor_field"": 3, ""entity_id_field"": 17961, ""group"": 0, ""room"": 30, ""unknown_a3"": 0, ""position"": [320.879150390625, 0.0, -250.4031219482422], ""angles"": [0, 233472, 0], ""params"": [1.0, 1.0, 1.0, 2, 0, 0], ""unused_pointer"": 77080096}"
solo-extra-ep1/q031-bb-e,3,89,"{""base_type"": 769, ""set_flags"": 0, ""runtime_index"": 1524, ""file_offset"": 7852, ""floor_field"": 3, ""entity_id_field"": 17962, ""group"": 0, ""room"": 30, ""unknown_a3"": 0, ""position"": [324.109619140625, 0.0, -269.8646240234375], ""angles"": [0, 212992, 0], ""params"": [1.0, 1.0, 1.0, 2, 0, 0], ""unused_pointer"": 77080944}"
solo-extra-ep1/q031-bb-e,3,90,"{""base_type"": 769, ""set_flags"": 0, ""runtime_index"": 1525, ""file_offset"": 7920, ""floor_field"": 3, ""entity_id_field"": 17963, ""group"": 0, ""room"": 30, ""unknown_a3"": 0, ""position"": [328.808837890625, 0.0, -285.30889892578125], ""angles"": [0, 204800, 0], ""params"": [1.0, 1.0, 1.0, 2, 0, 0], ""unused_pointer"": 77081792}"
solo-extra-ep1/q031-bb-e,3,91,"{""base_type"": 769, ""set_flags"": 0, ""runtime_index"": 1526, ""file_offset"": 7988, ""floor_field"": 3, ""entity_id_field"": 17964, ""group"": 0, ""room"": 30, ""unknown_a3"": 0, ""position"": [328.15869140625, 0.0, -305.68035888671875], ""angles"": [0, 245760, 0], ""params"": [1.0, 1.0, 1.0, 2, 0, 0], ""unused_pointer"": 77082640}"
solo-extra-ep1/q031-bb-e,3,92,"{""base_type"": 769, ""set_flags"": 0, ""runtime_index"": 1527, ""file_offset"": 8056, ""floor_field"": 3, ""entity_id_field"": 17965, ""group"": 0, ""room"": 30, ""unknown_a3"": 0, ""position"": [319.484619140625, 0.0, -321.9424133300781], ""angles"": [0, 262144, 0], ""params"": [1.0, 1.0, 1.0, 2, 0, 0], ""unused_pointer"": 77083488}"
solo-extra-ep1/q031-bb-e,3,93,"{""base_type"": 769, ""set_flags"": 0, ""runtime_index"": 1528, ""file_offset"": 8124, ""floor_field"": 3, ""entity_id_field"": 17966, ""group"": 0, ""room"": 30, ""unknown_a3"": 0, ""position"": [320.025390625, 0.0, -338.722412109375], ""angles"": [0, 253952, 0], ""params"": [1.0, 1.0, 1.0, 2, 0, 0], ""unused_pointer"": 77084336}"
solo-extra-ep1/q031-bb-e,3,94,"{""base_type"": 769, ""set_flags"": 0, ""runtime_index"": 1529, ""file_offset"": 8192, ""floor_field"": 3, ""entity_id_field"": 17967, ""group"": 0, ""room"": 30, ""unknown_a3"": 0, ""position"": [319.16064453125, 0.0, -355.9623718261719], ""angles"": [0, 229376, 0], ""params"": [1.0, 1.0, 1.0, 2, 0, 0], ""unused_pointer"": 77085184}"
solo-extra-ep1/q031-bb-e,3,95,"{""base_type"": 769, ""set_flags"": 0, ""runtime_index"": 1530, ""file_offset"": 8260, ""floor_field"": 3, ""entity_id_field"": 17968, ""group"": 0, ""room"": 30, ""unknown_a3"": 0, ""position"": [306.9765625, 0.0, -370.64642333984375], ""angles"": [0, 221184, 0], ""params"": [1.0, 1.0, 1.0, 2, 0, 0], ""unused_pointer"": 77086032}"
solo-extra-ep1/q031-bb-e,3,96,"{""base_type"": 769, ""set_flags"": 0, ""runtime_index"": 1531, ""file_offset"": 8328, ""floor_field"": 3, ""entity_id_field"": 17969, ""group"": 0, ""room"": 30, ""unknown_a3"": 0, ""position"": [300.696044921875, 0.0, -388.647216796875], ""angles"": [0, 217088, 0], ""params"": [1.0, 1.0, 1.0, 2, 0, 0], ""unused_pointer"": 77086880}"
solo-extra-ep1/q031-bb-e,3,97,"{""base_type"": 769, ""set_flags"": 0, ""runtime_index"": 1532, ""file_offset"": 8396, ""floor_field"": 3, ""entity_id_field"": 17970, ""group"": 0, ""room"": 30, ""unknown_a3"": 0, ""position"": [288.73291015625, 0.0, -404.1838073730469], ""angles"": [0, 229376, 0], ""params"": [1.0, 1.0, 1.0, 2, 0, 0], ""unused_pointer"": 77087728}"
solo-extra-ep1/q031-bb-e,3,98,"{""base_type"": 769, ""set_flags"": 0, ""runtime_index"": 1533, ""file_offset"": 8464, ""floor_field"": 3, ""entity_id_field"": 17971, ""group"": 0, ""room"": 30, ""unknown_a3"": 0, ""position"": [277.9365234375, 0.0, -417.0057067871094], ""angles"": [0, 249856, 0], ""params"": [1.0, 1.0, 1.0, 2, 0, 0], ""unused_pointer"": 77088576}"
solo-extra-ep1/q031-bb-e,3,99,"{""base_type"": 769, ""set_flags"": 0, ""runtime_index"": 1534, ""file_offset"": 8532, ""floor_field"": 3, ""entity_id_field"": 17972, ""group"": 0, ""room"": 30, ""unknown_a3"": 0, ""position"": [266.877685546875, 0.0, -431.6507873535156], ""angles"": [0, 262144, 0], ""params"": [1.0, 1.0, 1.0, 2, 0, 0], ""unused_pointer"": 77089424}"
solo-extra-ep1/q031-bb-e,3,100,"{""base_type"": 769, ""set_flags"": 0, ""runtime_index"": 1535, ""file_offset"": 8600, ""floor_field"": 3, ""entity_id_field"": 17973, ""group"": 0, ""room"": 30, ""unknown_a3"": 0, ""position"": [254.2275390625, 0.0, -443.62884521484375], ""angles"": [0, 253952, 0], ""params"": [1.0, 1.0, 1.0, 2, 0, 0], ""unused_pointer"": 77090272}"
solo-extra-ep1/q031-bb-e,3,101,"{""base_type"": 769, ""set_flags"": 0, ""runtime_index"": 1536, ""file_offset"": 8668, ""floor_field"": 3, ""entity_id_field"": 17974, ""group"": 0, ""room"": 30, ""unknown_a3"": 0, ""position"": [243.44384765625, 0.0, -455.2185974121094], ""angles"": [0, 262144, 0], ""params"": [1.0, 1.0, 1.0, 2, 0, 0], ""unused_pointer"": 77091120}"
solo-extra-ep1/q031-bb-e,3,102,"{""base_type"": 769, ""set_flags"": 0, ""runtime_index"": 1537, ""file_offset"": 8736, ""floor_field"": 3, ""entity_id_field"": 17975, ""group"": 0, ""room"": 30, ""unknown_a3"": 0, ""position"": [237.055419921875, 0.0, -470.3895568847656], ""angles"": [0, 266240, 0], ""params"": [1.0, 1.0, 1.0, 2, 0, 0], ""unused_pointer"": 77091968}"
solo-extra-ep1/q031-bb-e,3,125,"{""base_type"": 769, ""set_flags"": 0, ""runtime_index"": 1253, ""file_offset"": 10300, ""floor_field"": 3, ""entity_id_field"": 17920, ""group"": 0, ""room"": 90, ""unknown_a3"": 0, ""position"": [-282.04998779296875, 0.0, -189.86000061035156], ""angles"": [0, 0, 0], ""params"": [1.0, 1.0, 1.0, 2, 0, 0], ""unused_pointer"": 77044144}"
solo-extra-ep1/q031-bb-e,3,126,"{""base_type"": 769, ""set_flags"": 0, ""runtime_index"": 1252, ""file_offset"": 10368, ""floor_field"": 3, ""entity_id_field"": 17921, ""group"": 0, ""room"": 90, ""unknown_a3"": 0, ""position"": [-297.5858459472656, 0.0, -203.30987548828125], ""angles"": [0, 12288, 0], ""params"": [1.0, 1.0, 1.0, 2, 0, 0], ""unused_pointer"": 77044992}"
solo-extra-ep1/q031-bb-e,3,127,"{""base_type"": 769, ""set_flags"": 0, ""runtime_index"": 1253, ""file_offset"": 10436, ""floor_field"": 3, ""entity_id_field"": 17922, ""group"": 0, ""room"": 90, ""unknown_a3"": 0, ""position"": [-311.0921936035156, 0.0, -215.07275390625], ""angles"": [0, 0, 0], ""params"": [1.0, 1.0, 1.0, 2, 0, 0], ""unused_pointer"": 77045840}"
solo-extra-ep1/q031-bb-e,3,128,"{""base_type"": 769, ""set_flags"": 0, ""runtime_index"": 1254, ""file_offset"": 10504, ""floor_field"": 3, ""entity_id_field"": 17923, ""group"": 0, ""room"": 90, ""unknown_a3"": 0, ""position"": [-325.0364990234375, 0.0, -228.5503692626953], ""angles"": [0, 8192, 0], ""params"": [1.0, 1.0, 1.0, 2, 0, 0], ""unused_pointer"": 77046688}"
solo-extra-ep1/q031-bb-e,3,129,"{""base_type"": 769, ""set_flags"": 0, ""runtime_index"": 1255, ""file_offset"": 10572, ""floor_field"": 3, ""entity_id_field"": 17924, ""group"": 0, ""room"": 90, ""unknown_a3"": 0, ""position"": [-338.7327575683594, 0.0, -241.019775390625], ""angles"": [0, 16384, 0], ""params"": [1.0, 1.0, 1.0, 2, 0, 0], ""unused_pointer"": 77047536}"
solo-extra-ep1/q031-bb-e,3,130,"{""base_type"": 769, ""set_flags"": 0, ""runtime_index"": 1256, ""file_offset"": 10640, ""floor_field"": 3, ""entity_id_field"": 17925, ""group"": 0, ""room"": 90, ""unknown_a3"": 0, ""position"": [-352.1996765136719, 0.0, -255.66555786132812], ""angles"": [0, 24576, 0], ""params"": [1.0, 1.0, 1.0, 2, 0, 0], ""unused_pointer"": 77048384}"
solo-extra-ep1/q031-bb-e,3,131,"{""base_type"": 769, ""set_flags"": 0, ""runtime_index"": 1257, ""file_offset"": 10708, ""floor_field"": 3, ""entity_id_field"": 17926, ""group"": 0, ""room"": 90, ""unknown_a3"": 0, ""position"": [-359.7827453613281, 0.0, -273.3098449707031], ""angles"": [0, 45056, 0], ""params"": [1.0, 1.0, 1.0, 2, 0, 0], ""unused_pointer"": 77049232}"
solo-extra-ep1/q031-bb-e,3,132,"{""base_type"": 769, ""set_flags"": 0, ""runtime_index"": 1258, ""file_offset"": 10776, ""floor_field"": 3, ""entity_id_field"": 17927, ""group"": 0, ""room"": 90, ""unknown_a3"": 0, ""position"": [-373.4706115722656, 0.0, -285.401611328125], ""angles"": [0, 49152, 0], ""params"": [1.0, 1.0, 1.0, 2, 0, 0], ""unused_pointer"": 77050080}"
solo-extra-ep1/q031-bb-e,3,133,"{""base_type"": 769, ""set_flags"": 0, ""runtime_index"": 1259, ""file_offset"": 10844, ""floor_field"": 3, ""entity_id_field"": 17928, ""group"": 0, ""room"": 90, ""unknown_a3"": 0, ""position"": [-372.3179626464844, 0.0, -304.3091735839844], ""angles"": [0, 40960, 0], ""params"": [1.0, 1.0, 1.0, 2, 0, 0], ""unused_pointer"": 77050928}"
solo-extra-ep1/q031-bb-e,3,134,"{""base_type"": 769, ""set_flags"": 0, ""runtime_index"": 1260, ""file_offset"": 10912, ""floor_field"": 3, ""entity_id_field"": 17929, ""group"": 0, ""room"": 90, ""unknown_a3"": 0, ""position"": [-371.8423156738281, 0.0, -324.4744567871094], ""angles"": [0, 53248, 0], ""params"": [1.0, 1.0, 1.0, 2, 0, 0], ""unused_pointer"": 77051776}"
solo-extra-ep1/q031-bb-e,3,135,"{""base_type"": 769, ""set_flags"": 0, ""runtime_index"": 1261, ""file_offset"": 10980, ""floor_field"": 3, ""entity_id_field"": 17930, ""group"": 0, ""room"": 90, ""unknown_a3"": 0, ""position"": [-364.19439697265625, 0.0, -340.7170715332031], ""angles"": [0, 45056, 0], ""params"": [1.0, 1.0, 1.0, 2, 0, 0], ""unused_pointer"": 77052624}"
solo-extra-ep1/q031-bb-e,3,136,"{""base_type"": 769, ""set_flags"": 0, ""runtime_index"": 1262, ""file_offset"": 11048, ""floor_field"": 3, ""entity_id_field"": 17931, ""group"": 0, ""room"": 90, ""unknown_a3"": 0, ""position"": [-359.9619140625, 0.0, -358.8498229980469], ""angles"": [0, 57344, 0], ""params"": [1.0, 1.0, 1.0, 2, 0, 0], ""unused_pointer"": 77053472}"
solo-extra-ep1/q031-bb-e,3,137,"{""base_type"": 769, ""set_flags"": 0, ""runtime_index"": 1263, ""file_offset"": 11116, ""floor_field"": 3, ""entity_id_field"": 17932, ""group"": 0, ""room"": 90, ""unknown_a3"": 0, ""position"": [-359.1632385253906, 0.0, -376.2298583984375], ""angles"": [0, 65536, 0], ""params"": [1.0, 1.0, 1.0, 2, 0, 0], ""unused_pointer"": 77054320}"
solo-extra-ep1/q031-bb-e,3,138,"{""base_type"": 769, ""set_flags"": 0, ""runtime_index"": 1264, ""file_offset"": 11184, ""floor_field"": 3, ""entity_id_field"": 17933, ""group"": 0, ""room"": 90, ""unknown_a3"": 0, ""position"": [-356.16680908203125, 0.8035929203033447, -393.6978759765625], ""angles"": [0, 69632, 0], ""params"": [1.0, 1.0, 1.0, 2, 0, 0], ""unused_pointer"": 77055168}"
solo-extra-ep1/q031-bb-e,3,139,"{""base_type"": 769, ""set_flags"": 0, ""runtime_index"": 1265, ""file_offset"": 11252, ""floor_field"": 3, ""entity_id_field"": 17934, ""group"": 0, ""room"": 90, ""unknown_a3"": 0, ""position"": [-345.3814392089844, 0.8035929203033447, -405.5421142578125], ""angles"": [0, 81920, 0], ""params"": [1.0, 1.0, 1.0, 2, 0, 0], ""unused_pointer"": 77056016}"
solo-extra-ep1/q031-bb-e,3,140,"{""base_type"": 769, ""set_flags"": 0, ""runtime_index"": 1266, ""file_offset"": 11320, ""floor_field"": 3, ""entity_id_field"": 17935, ""group"": 0, ""room"": 90, ""unknown_a3"": 0, ""position"": [-335.0723571777344, 0.8035929203033447, -418.28643798828125], ""angles"": [0, 90112, 0], ""params"": [1.0, 1.0, 1.0, 2, 0, 0], ""unused_pointer"": 77056864}"
solo-extra-ep1/q031-bb-e,3,141,"{""base_type"": 769, ""set_flags"": 0, ""runtime_index"": 1267, ""file_offset"": 11388, ""floor_field"": 3, ""entity_id_field"": 17936, ""group"": 0, ""room"": 90, ""unknown_a3"": 0, ""position"": [-324.27105712890625, 0.8035929203033447, -430.3643493652344], ""angles"": [0, 98304, 0], ""params"": [1.0, 1.0, 1.0, 2, 0, 0], ""unused_pointer"": 77057712}"
solo-extra-ep1/q031-bb-e,3,142,"{""base_type"": 769, ""set_flags"": 0, ""runtime_index"": 1268, ""file_offset"": 11456, ""floor_field"": 3, ""entity_id_field"": 17937, ""group"": 0, ""room"": 90, ""unknown_a3"": 0, ""position"": [-309.71881103515625, 0.8035929203033447, -444.5965881347656], ""angles"": [0, 102400, 0], ""params"": [1.0, 1.0, 1.0, 2, 0, 0], ""unused_pointer"": 77058560}"
solo-extra-ep1/q031-bb-e,3,143,"{""base_type"": 769, ""set_flags"": 0, ""runtime_index"": 1269, ""file_offset"": 11524, ""floor_field"": 3, ""entity_id_field"": 17938, ""group"": 0, ""room"": 90, ""unknown_a3"": 0, ""position"": [-295.12890625, 0.8035929203033447, -456.0837097167969], ""angles"": [0, 114688, 0], ""params"": [1.0, 1.0, 1.0, 2, 0, 0], ""unused_pointer"": 77059408}"
solo-extra-ep1/q031-bb-e,3,144,"{""base_type"": 769, ""set_flags"": 0, ""runtime_index"": 1270, ""file_offset"": 11592, ""floor_field"": 3, ""entity_id_field"": 17939, ""group"": 0, ""room"": 90, ""unknown_a3"": 0, ""position"": [-281.3277893066406, 0.8035929203033447, -471.0985107421875], ""angles"": [0, 106496, 0], ""params"": [1.0, 1.0, 1.0, 2, 0, 0], ""unused_pointer"": 77060256}"
solo-extra-ep1/q031-bb-e,3,145,"{""base_type"": 769, ""set_flags"": 0, ""runtime_index"": 1271, ""file_offset"": 11660, ""floor_field"": 3, ""entity_id_field"": 17940, ""group"": 0, ""room"": 90, ""unknown_a3"": 0, ""position"": [-265.412353515625, 0.8035929203033447, -483.7681884765625], ""angles"": [0, 81920, 0], ""params"": [1.0, 1.0, 1.0, 2, 0, 0], ""unused_pointer"": 77061104}"
solo-extra-ep1/q031-bb-e,3,146,"{""base_type"": 769, ""set_flags"": 0, ""runtime_index"": 1272, ""file_offset"": 11728, ""floor_field"": 3, ""entity_id_field"": 17941, ""group"": 0, ""room"": 90, ""unknown_a3"": 0, ""position"": [-248.67027282714844, 0.8035929203033447, -495.2281494140625], ""angles"": [0, 106496, 0], ""params"": [1.0, 1.0, 1.0, 2, 0, 0], ""unused_pointer"": 77061952}"
solo-extra-ep1/q031-bb-e,3,147,"{""base_type"": 769, ""set_flags"": 0, ""runtime_index"": 1273, ""file_offset"": 11796, ""floor_field"": 3, ""entity_id_field"": 17942, ""group"": 0, ""room"": 90, ""unknown_a3"": 0, ""position"": [-229.11985778808594, 0.8035929203033447, -495.9178771972656], ""angles"": [0, 98304, 0], ""params"": [1.0, 1.0, 1.0, 2, 0, 0], ""unused_pointer"": 77062800}"
solo-extra-ep1/q031-bb-e,3,148,"{""base_type"": 769, ""set_flags"": 0, ""runtime_index"": 1274, ""file_offset"": 11864, ""floor_field"": 3, ""entity_id_field"": 17943, ""group"": 0, ""room"": 90, ""unknown_a3"": 0, ""position"": [-213.37203979492188, 0.8035929203033447, -495.6566162109375], ""angles"": [0, 86016, 0], ""params"": [1.0, 1.0, 1.0, 2, 0, 0], ""unused_pointer"": 77063648}"
solo-extra-ep1/q031-bb-e,3,149,"{""base_type"": 769, ""set_flags"": 0, ""runtime_index"": 1275, ""file_offset"": 11932, ""floor_field"": 3, ""entity_id_field"": 17944, ""group"": 0, ""room"": 90, ""unknown_a3"": 0, ""position"": [-196.275146484375, 0.8035929203033447, -491.9715576171875], ""angles"": [0, 94208, 0], ""params"": [1.0, 1.0, 1.0, 2, 0, 0], ""unused_pointer"": 77064496}"
solo-extra-ep1/q031-bb-e,3,150,"{""base_type"": 769, ""set_flags"": 0, ""runtime_index"": 1276, ""file_offset"": 12000, ""floor_field"": 3, ""entity_id_field"": 17945, ""group"": 0, ""room"": 90, ""unknown_a3"": 0, ""position"": [-177.47601318359375, 0.8035929203033447, -486.01593017578125], ""angles"": [0, 118784, 0], ""params"": [1.0, 1.0, 1.0, 2, 0, 0], ""unused_pointer"": 77065344}"
solo-extra-ep1/q031-bb-e,3,151,"{""base_type"": 769, ""set_flags"": 0, ""runtime_index"": 1277, ""file_offset"": 12068, ""floor_field"": 3, ""entity_id_field"": 17946, ""group"": 0, ""room"": 90, ""unknown_a3"": 0, ""position"": [-159.75933837890625, 0.0, -480.4662780761719], ""angles"": [0, 131072, 0], ""params"": [1.0, 1.0, 1.0, 2, 0, 0], ""unused_pointer"": 77066192}"
solo-extra-ep1/q031-bb-e,3,152,"{""base_type"": 769, ""set_flags"": 0, ""runtime_index"": 1278, ""file_offset"": 12136, ""floor_field"": 3, ""entity_id_field"": 17947, ""group"": 0, ""room"": 90, ""unknown_a3"": 0, ""position"": [-145.04864501953125, 0.0, -466.5939025878906], ""angles"": [0, 139264, 0], ""params"": [1.0, 1.0, 1.0, 2, 0, 0], ""unused_pointer"": 77067040}"
solo-extra-ep1/q031-bb-e,3,153,"{""base_type"": 769, ""set_flags"": 0, ""runtime_index"": 1279, ""file_offset"": 12204, ""floor_field"": 3, ""entity_id_field"": 17948, ""group"": 0, ""room"": 90, ""unknown_a3"": 0, ""position"": [-133.56016540527344, 0.0, -453.5282287597656], ""angles"": [0, 131072, 0], ""params"": [1.0, 1.0, 1.0, 2, 0, 0], ""unused_pointer"": 77067888}"
solo-extra-ep1/q031-bb-e,3,154,"{""base_type"": 769, ""set_flags"": 0, ""runtime_index"": 1280, ""file_offset"": 12272, ""floor_field"": 3, ""entity_id_field"": 17949, ""group"": 0, ""room"": 90, ""unknown_a3"": 0, ""position"": [-120.0154037475586, 0.0, -438.40704345703125], ""angles"": [0, 143360, 0], ""params"": [1.0, 1.0, 1.0, 2, 0, 0], ""unused_pointer"": 77068736}"
solo-extra-ep1/q031-bb-e,3,155,"{""base_type"": 769, ""set_flags"": 0, ""runtime_index"": 1281, ""file_offset"": 12340, ""floor_field"": 3, ""entity_id_field"": 17950, ""group"": 0, ""room"": 90, ""unknown_a3"": 0, ""position"": [-110.91991424560547, 0.0, -421.13751220703125], ""angles"": [0, 135168, 0], ""params"": [1.0, 1.0, 1.0, 2, 0, 0], ""unused_pointer"": 77069584}"
solo-extra-ep1/q031-bb-e,3,156,"{""base_type"": 769, ""set_flags"": 0, ""runtime_index"": 1282, ""file_offset"": 12408, ""floor_field"": 3, ""entity_id_field"": 17951, ""group"": 0, ""room"": 90, ""unknown_a3"": 0, ""position"": [-106.95207214355469, 0.0, -405.568115234375], ""angles"": [0, 106496, 0], ""params"": [1.0, 1.0, 1.0, 2, 0, 0], ""unused_pointer"": 77070432}"
solo-extra-ep1/q031-bb-e,3,157,"{""base_type"": 769, ""set_flags"": 0, ""runtime_index"": 1283, ""file_offset"": 12476, ""floor_field"": 3, ""entity_id_field"": 17952, ""group"": 0, ""room"": 90, ""unknown_a3"": 0, ""position"": [-104.83369445800781, 0.0, -385.10833740234375], ""angles"": [0, 98304, 0], ""params"": [1.0, 1.0, 1.0, 2, 0, 0], ""unused_pointer"": 77071280}"
solo-extra-ep1/q031-bb-e,3,158,"{""base_type"": 769, ""set_flags"": 0, ""runtime_index"": 1284, ""file_offset"": 12544, ""floor_field"": 3, ""entity_id_field"": 17953, ""group"": 0, ""room"": 90, ""unknown_a3"": 0, ""position"": [-105.34173583984375, 0.0, -369.7023010253906], ""angles"": [0, 106496, 0], ""params"": [1.0, 1.0, 1.0, 2, 0, 0], ""unused_pointer"": 77072128}"
solo-extra-ep1/q031-bb-e,3,159,"{""base_type"": 769, ""set_flags"": 0, ""runtime_index"": 1285, ""file_offset"": 12612, ""floor_field"": 3, ""entity_id_field"": 17954, ""group"": 0, ""room"": 90, ""unknown_a3"": 0, ""position"": [-106.09625244140625, 0.0, -349.7057800292969], ""angles"": [0, 131072, 0], ""params"": [1.0, 1.0, 1.0, 2, 0, 0], ""unused_pointer"": 77072976}"
solo-extra-ep1/q031-bb-e,3,160,"{""base_type"": 769, ""set_flags"": 0, ""runtime_index"": 1286, ""file_offset"": 12680, ""floor_field"": 3, ""entity_id_field"": 17955, ""group"": 0, ""room"": 90, ""unknown_a3"": 0, ""position"": [-106.1085433959961, 0.0, -330.5296325683594], ""angles"": [0, 139264, 0], ""params"": [1.0, 1.0, 1.0, 2, 0, 0], ""unused_pointer"": 77073824}"
solo-extra-ep1/q031-bb-e,3,161,"{""base_type"": 769, ""set_flags"": 0, ""runtime_index"": 1287, ""file_offset"": 12748, ""floor_field"": 3, ""entity_id_field"": 17956, ""group"": 0, ""room"": 90, ""unknown_a3"": 0, ""position"": [-106.25797271728516, 0.0, -311.6783142089844], ""angles"": [0, 143360, 0], ""params"": [1.0, 1.0, 1.0, 2, 0, 0], ""unused_pointer"": 77074672}"
solo-extra-ep1/q031-bb-e,3,162,"{""base_type"": 769, ""set_flags"": 0, ""runtime_index"": 1288, ""file_offset"": 12816, ""floor_field"": 3, ""entity_id_field"": 17957, ""group"": 0, ""room"": 90, ""unknown_a3"": 0, ""position"": [-111.68590545654297, 0.0, -293.26611328125], ""angles"": [0, 135168, 0], ""params"": [1.0, 1.0, 1.0, 2, 0, 0], ""unused_pointer"": 77075520}"
solo-extra-ep1/q031-bb-e,3,163,"{""base_type"": 769, ""set_flags"": 0, ""runtime_index"": 1289, ""file_offset"": 12884, ""floor_field"": 3, ""entity_id_field"": 17958, ""group"": 0, ""room"": 90, ""unknown_a3"": 0, ""position"": [-118.32711029052734, 0.0, -277.5491638183594], ""angles"": [0, 143360, 0], ""params"": [1.0, 1.0, 1.0, 2, 0, 0], ""unused_pointer"": 77076368}"
solo-extra-ep1/q031-bb-e,3,164,"{""base_type"": 769, ""set_flags"": 0, ""runtime_index"": 1290, ""file_offset"": 12952, ""floor_field"": 3, ""entity_id_field"": 17959, ""group"": 0, ""room"": 90, ""unknown_a3"": 0, ""position"": [-122.99601745605469, 0.0, -260.3367614746094], ""angles"": [0, 118784, 0], ""params"": [1.0, 1.0, 1.0, 2, 0, 0], ""unused_pointer"": 77077216}"
solo-extra-ep1/q031-bb-e,3,165,"{""base_type"": 769, ""set_flags"": 0, ""runtime_index"": 1291, ""file_offset"": 13020, ""floor_field"": 3, ""entity_id_field"": 17960, ""group"": 0, ""room"": 90, ""unknown_a3"": 0, ""position"": [-133.1471405029297, 0.0, -241.66665649414062], ""angles"": [0, 122880, 0], ""params"": [1.0, 1.0, 1.0, 2, 0, 0], ""unused_pointer"": 77078064}"
solo-extra-ep1/q031-bb-e,3,166,"{""base_type"": 769, ""set_flags"": 0, ""runtime_index"": 1292, ""file_offset"": 13088, ""floor_field"": 3, ""entity_id_field"": 17961, ""group"": 0, ""room"": 90, ""unknown_a3"": 0, ""position"": [-143.34889221191406, 0.0, -228.98793029785156], ""angles"": [0, 131072, 0], ""params"": [1.0, 1.0, 1.0, 2, 0, 0], ""unused_pointer"": 77078912}"
solo-extra-ep1/q031-bb-e,3,167,"{""base_type"": 769, ""set_flags"": 0, ""runtime_index"": 1293, ""file_offset"": 13156, ""floor_field"": 3, ""entity_id_field"": 17962, ""group"": 0, ""room"": 90, ""unknown_a3"": 0, ""position"": [-156.1389617919922, 0.0, -216.07424926757812], ""angles"": [0, 122880, 0], ""params"": [1.0, 1.0, 1.0, 2, 0, 0], ""unused_pointer"": 77079760}"
solo-extra-ep1/q031-bb-e,3,168,"{""base_type"": 769, ""set_flags"": 0, ""runtime_index"": 1294, ""file_offset"": 13224, ""floor_field"": 3, ""entity_id_field"": 17963, ""group"": 0, ""room"": 90, ""unknown_a3"": 0, ""position"": [-171.42874145507812, 0.0, -204.63702392578125], ""angles"": [0, 131072, 0], ""params"": [1.0, 1.0, 1.0, 2, 0, 0], ""unused_pointer"": 77080608}"
solo-extra-ep1/q031-bb-e,3,169,"{""base_type"": 769, ""set_flags"": 0, ""runtime_index"": 1295, ""file_offset"": 13292, ""floor_field"": 3, ""entity_id_field"": 17964, ""group"": 0, ""room"": 90, ""unknown_a3"": 0, ""position"": [-190.61346435546875, 0.0, -203.45399475097656], ""angles"": [0, 139264, 0], ""params"": [1.0, 1.0, 1.0, 2, 0, 0], ""unused_pointer"": 77081456}"
solo-extra-ep1/q031-bb-e,3,170,"{""base_type"": 769, ""set_flags"": 0, ""runtime_index"": 1296, ""file_offset"": 13360, ""floor_field"": 3, ""entity_id_field"": 17965, ""group"": 0, ""room"": 90, ""unknown_a3"": 0, ""position"": [-211.2745819091797, 0.0, -201.64801025390625], ""angles"": [0, 147456, 0], ""params"": [1.0, 1.0, 1.0, 2, 0, 0], ""unused_pointer"": 77082304}"
solo-extra-ep1/q031-bb-e,3,171,"{""base_type"": 769, ""set_flags"": 0, ""runtime_index"": 1297, ""file_offset"": 13428, ""floor_field"": 3, ""entity_id_field"": 17966, ""group"": 0, ""room"": 90, ""unknown_a3"": 0, ""position"": [-231.73118591308594, 0.0, -201.86373901367188], ""angles"": [0, 139264, 0], ""params"": [1.0, 1.0, 1.0, 2, 0, 0], ""unused_pointer"": 77083152}"
solo-extra-ep1/q031-bb-e,3,172,"{""base_type"": 769, ""set_flags"": 0, ""runtime_index"": 1298, ""file_offset"": 13496, ""floor_field"": 3, ""entity_id_field"": 17967, ""group"": 0, ""room"": 90, ""unknown_a3"": 0, ""position"": [-247.84494018554688, 0.0, -197.3935546875], ""angles"": [0, 151552, 0], ""params"": [1.0, 1.0, 1.0, 2, 0, 0], ""unused_pointer"": 77084000}"
solo-extra-ep1/q031-bb-e,3,173,"{""base_type"": 769, ""set_flags"": 0, ""runtime_index"": 1299, ""file_offset"": 13564, ""floor_field"": 3, ""entity_id_field"": 17968, ""group"": 0, ""room"": 90, ""unknown_a3"": 0, ""position"": [-263.83612060546875, 0.0, -193.88595581054688], ""angles"": [0, 155648, 0], ""params"": [1.0, 1.0, 1.0, 2, 0, 0], ""unused_pointer"": 77084848}"
solo-extra-ep1/q031-bb-j,3,2,"{""base_type"": 769, ""set_flags"": 0, ""runtime_index"": 1253, ""file_offset"": 1936, ""floor_field"": 3, ""entity_id_field"": 18047, ""group"": 0, ""room"": 20, ""unknown_a3"": 0, ""position"": [312.6561279296875, 17.034780502319336, 244.74203491210938], ""angles"": [0, 0, 0], ""params"": [1.0, 1.0, 1.0, 2, 0, 0], ""unused_pointer"": 77043840}"
solo-extra-ep1/q031-bb-j,3,3,"{""base_type"": 769, ""set_flags"": 0, ""runtime_index"": 1252, ""file_offset"": 2004, ""floor_field"": 3, ""entity_id_field"": 18048, ""group"": 0, ""room"": 20, ""unknown_a3"": 0, ""position"": [332.595458984375, 18.93916893005371, 242.27243041992188], ""angles"": [0, 8192, 0], ""params"": [1.0, 1.0, 1.0, 2, 0, 0], ""unused_pointer"": 77044688}"
solo-extra-ep1/q031-bb-j,3,4,"{""base_type"": 769, ""set_flags"": 0, ""runtime_index"": 1254, ""file_offset"": 2072, ""floor_field"": 3, ""entity_id_field"": 18049, ""group"": 0, ""room"": 20, ""unknown_a3"": 0, ""position"": [350.104248046875, 21.231489181518555, 239.59878540039062], ""angles"": [0, 20480, 0], ""params"": [1.0, 1.0, 1.0, 2, 0, 0], ""unused_pointer"": 77045536}"
solo-extra-ep1/q031-bb-j,3,5,"{""base_type"": 769, ""set_flags"": 0, ""runtime_index"": 1255, ""file_offset"": 2140, ""floor_field"": 3, ""entity_id_field"": 18050, ""group"": 0, ""room"": 20, ""unknown_a3"": 0, ""position"": [370.174560546875, 24.174388885498047, 234.50088500976562], ""angles"": [0, 45056, 0], ""params"": [1.0, 1.0, 1.0, 2, 0, 0], ""unused_pointer"": 77046384}"
solo-extra-ep1/q031-bb-j,3,6,"{""base_type"": 769, ""set_flags"": 0, ""runtime_index"": 1256, ""file_offset"": 2208, ""floor_field"": 3, ""entity_id_field"": 18051, ""group"": 0, ""room"": 20, ""unknown_a3"": 0, ""position"": [377.03173828125, 24.20754623413086, 218.43817138671875], ""angles"": [0, 53248, 0], ""params"": [1.0, 1.0, 1.0, 2, 0, 0], ""unused_pointer"": 77047232}"
solo-extra-ep1/q031-bb-j,3,7,"{""base_type"": 769, ""set_flags"": 0, ""runtime_index"": 1257, ""file_offset"": 2276, ""floor_field"": 3, ""entity_id_field"": 18052, ""group"": 0, ""room"": 20, ""unknown_a3"": 0, ""position"": [395.7373046875, 24.44962501525879, 210.6973876953125], ""angles"": [0, 61440, 0], ""params"": [1.0, 1.0, 1.0, 2, 0, 0], ""unused_pointer"": 77048080}"
solo-extra-ep1/q031-bb-j,3,8,"{""base_type"": 769, ""set_flags"": 0, ""runtime_index"": 1260, ""file_offset"": 2344, ""floor_field"": 3, ""entity_id_field"": 18053, ""group"": 0, ""room"": 20, ""unknown_a3"": 0, ""position"": [412.930908203125, 24.63363265991211, 205.42837524414062], ""angles"": [0, 69632, 0], ""params"": [1.0, 1.0, 1.0, 2, 0, 0], ""unused_pointer"": 77048928}"
solo-extra-ep1/q031-bb-j,3,9,"{""base_type"": 769, ""set_flags"": 0, ""runtime_index"": 1261, ""file_offset"": 2412, ""floor_field"": 3, ""entity_id_field"": 18054, ""group"": 0, ""room"": 20, ""unknown_a3"": 0, ""position"": [432.4361572265625, 22.676477432250977, 198.09274291992188], ""angles"": [0, 98304, 0], ""params"": [1.0, 1.0, 1.0, 2, 0, 0], ""unused_pointer"": 77049776}"
solo-extra-ep1/q031-bb-j,3,10,"{""base_type"": 769, ""set_flags"": 0, ""runtime_index"": 1264, ""file_offset"": 2480, ""floor_field"": 3, ""entity_id_field"": 18055, ""group"": 0, ""room"": 20, ""unknown_a3"": 0, ""position"": [448.4210205078125, 18.837926864624023, 184.98410034179688], ""angles"": [0, 106496, 0], ""params"": [1.0, 1.0, 1.0, 2, 0, 0], ""unused_pointer"": 77050624}"
solo-extra-ep1/q031-bb-j,3,11,"{""base_type"": 769, ""set_flags"": 0, ""runtime_index"": 1263, ""file_offset"": 2548, ""floor_field"": 3, ""entity_id_field"": 18056, ""group"": 0, ""room"": 20, ""unknown_a3"": 0, ""position"": [461.9837646484375, 14.332540512084961, 169.0582275390625], ""angles"": [0, 114688, 0], ""params"": [1.0, 1.0, 1.0, 2, 0, 0], ""unused_pointer"": 77051472}"
solo-extra-ep1/q031-bb-j,3,12,"{""base_type"": 769, ""set_flags"": 0, ""runtime_index"": 1265, ""file_offset"": 2616, ""floor_field"": 3, ""entity_id_field"": 18057, ""group"": 0, ""room"": 20, ""unknown_a3"": 0, ""position"": [475.1883544921875, 10.239136695861816, 154.81094360351562], ""angles"": [0, 106496, 0], ""params"": [1.0, 1.0, 1.0, 2, 0, 0], ""unused_pointer"": 77052320}"
solo-extra-ep1/q031-bb-j,3,13,"{""base_type"": 769, ""set_flags"": 0, ""runtime_index"": 1266, ""file_offset"": 2684, ""floor_field"": 3, ""entity_id_field"": 18058, ""group"": 0, ""room"": 20, ""unknown_a3"": 0, ""position"": [486.916259765625, 6.26926326751709, 139.36380004882812], ""angles"": [0, 135168, 0], ""params"": [1.0, 1.0, 1.0, 2, 0, 0], ""unused_pointer"": 77053168}"
solo-extra-ep1/q031-bb-j,3,14,"{""base_type"": 769, ""set_flags"": 0, ""runtime_index"": 1267, ""file_offset"": 2752, ""floor_field"": 3, ""entity_id_field"": 18059, ""group"": 0, ""room"": 20, ""unknown_a3"": 0, ""position"": [493.2744140625, 2.6293280124664307, 124.57156372070312], ""angles"": [0, 143360, 0], ""params"": [1.0, 1.0, 1.0, 2, 0, 0], ""unused_pointer"": 77054016}"
solo-extra-ep1/q031-bb-j,3,15,"{""base_type"": 769, ""set_flags"": 0, ""runtime_index"": 1268, ""file_offset"": 2820, ""floor_field"": 3, ""entity_id_field"": 18060, ""group"": 0, ""room"": 20, ""unknown_a3"": 0, ""position"": [499.908203125, 1.9071522951126099, 109.31045532226562], ""angles"": [0, 167936, 0], ""params"": [1.0, 1.0, 1.0, 2, 0, 0], ""unused_pointer"": 77054864}"
solo-extra-ep1/q031-bb-j,3,16,"{""base_type"": 769, ""set_flags"": 0, ""runtime_index"": 1269, ""file_offset"": 2888, ""floor_field"": 3, ""entity_id_field"": 18061, ""group"": 0, ""room"": 20, ""unknown_a3"": 0, ""position"": [502.1964111328125, 0.9316319823265076, 90.35116577148438], ""angles"": [0, 196608, 0], ""params"": [1.0, 1.0, 1.0, 2, 0, 0], ""unused_pointer"": 77055712}"
solo-extra-ep1/q031-bb-j,3,17,"{""base_type"": 769, ""set_flags"": 0, ""runtime_index"": 1270, ""file_offset"": 2956, ""floor_field"": 3, ""entity_id_field"": 18062, ""group"": 0, ""room"": 20, ""unknown_a3"": 0, ""position"": [514.452392578125, 0.3560418486595154, 76.45877075195312], ""angles"": [0, 237568, 0], ""params"": [1.0, 1.0, 1.0, 2, 0, 0], ""unused_pointer"": 77056560}"
solo-extra-ep1/q031-bb-j,3,18,"{""base_type"": 769, ""set_flags"": 0, ""runtime_index"": 1271, ""file_offset"": 3024, ""floor_field"": 3, ""entity_id_field"": 18063, ""group"": 0, ""room"": 20, ""unknown_a3"": 0, ""position"": [518.0980224609375, 0.11135399341583252, 59.18878173828125], ""angles"": [0, 253952, 0], ""params"": [1.0, 1.0, 1.0, 2, 0, 0], ""unused_pointer"": 77057408}"
solo-extra-ep1/q031-bb-j,3,19,"{""base_type"": 769, ""set_flags"": 0, ""runtime_index"": 1272, ""file_offset"": 3092, ""floor_field"": 3, ""entity_id_field"": 18064, ""group"": 0, ""room"": 20, ""unknown_a3"": 0, ""position"": [508.011962890625, 0.11135396361351013, 46.731842041015625], ""angles"": [0, 262144, 0], ""params"": [1.0, 1.0, 1.0, 2, 0, 0], ""unused_pointer"": 77058256}"
solo-extra-ep1/q031-bb-j,3,20,"{""base_type"": 769, ""set_flags"": 0, ""runtime_index"": 1273, ""file_offset"": 3160, ""floor_field"": 3, ""entity_id_field"": 18065, ""group"": 0, ""room"": 20, ""unknown_a3"": 0, ""position"": [492.5443115234375, 0.11135398596525192, 35.025177001953125], ""angles"": [0, 270336, 0], ""params"": [1.0, 1.0, 1.0, 2, 0, 0], ""unused_pointer"": 77059104}"
solo-extra-ep1/q031-bb-j,3,21,"{""base_type"": 769, ""set_flags"": 0, ""runtime_index"": 1274, ""file_offset"": 3228, ""floor_field"": 3, ""entity_id_field"": 18066, ""group"": 0, ""room"": 20, ""unknown_a3"": 0, ""position"": [480.8563232421875, 0.11335226148366928, 22.98162841796875], ""angles"": [0, 262144, 0], ""params"": [1.0, 1.0, 1.0, 2, 0, 0], ""unused_pointer"": 77059952}"
solo-extra-ep1/q031-bb-j,3,22,"{""base_type"": 769, ""set_flags"": 0, ""runtime_index"": 1275, ""file_offset"": 3296, ""floor_field"": 3, ""entity_id_field"": 18067, ""group"": 0, ""room"": 20, ""unknown_a3"": 0, ""position"": [462.8988037109375, 0.11424843221902847, 22.329986572265625], ""angles"": [0, 270336, 0], ""params"": [1.0, 1.0, 1.0, 2, 0, 0], ""unused_pointer"": 77060800}"
solo-extra-ep1/q031-bb-j,3,23,"{""base_type"": 769, ""set_flags"": 0, ""runtime_index"": 1276, ""file_offset"": 3364, ""floor_field"": 3, ""entity_id_field"": 18068, ""group"": 0, ""room"": 20, ""unknown_a3"": 0, ""position"": [443.1644287109375, 0.11544524133205414, 20.474472045898438], ""angles"": [0, 278528, 0], ""params"": [1.0, 1.0, 1.0, 2, 0, 0], ""unused_pointer"": 77061648}"
solo-extra-ep1/q031-bb-j,3,24,"{""base_type"": 769, ""set_flags"": 0, ""runtime_index"": 1277, ""file_offset"": 3432, ""floor_field"": 3, ""entity_id_field"": 18069, ""group"": 0, ""room"": 20, ""unknown_a3"": 0, ""position"": [425.2572021484375, 0.503386914730072, 20.199691772460938], ""angles"": [0, 270336, 0], ""params"": [1.0, 1.0, 1.0, 2, 0, 0], ""unused_pointer"": 77062496}"
solo-extra-ep1/q031-bb-j,3,25,"{""base_type"": 769, ""set_flags"": 0, ""runtime_index"": 1278, ""file_offset"": 3500, ""floor_field"": 3, ""entity_id_field"": 18070, ""group"": 0, ""room"": 20, ""unknown_a3"": 0, ""position"": [407.8453369140625, 1.3759175539016724, 18.416015625], ""angles"": [0, 278528, 0], ""params"": [1.0, 1.0, 1.0, 2, 0, 0], ""unused_pointer"": 77063344}"
solo-extra-ep1/q031-bb-j,3,26,"{""base_type"": 769, ""set_flags"": 0, ""runtime_index"": 1279, ""file_offset"": 3568, ""floor_field"": 3, ""entity_id_field"": 18071, ""group"": 0, ""room"": 20, ""unknown_a3"": 0, ""position"": [387.837646484375, 2.500153064727783, 16.671890258789062], ""angles"": [0, 286720, 0], ""params"": [1.0, 1.0, 1.0, 2, 0, 0], ""unused_pointer"": 77064192}"
solo-extra-ep1/q031-bb-j,3,27,"{""base_type"": 769, ""set_flags"": 0, ""runtime_index"": 1280, ""file_offset"": 3636, ""floor_field"": 3, ""entity_id_field"": 18072, ""group"": 0, ""room"": 20, ""unknown_a3"": 0, ""position"": [369.3118896484375, 4.032583713531494, 15.290985107421875], ""angles"": [0, 278528, 0], ""params"": [1.0, 1.0, 1.0, 2, 0, 0], ""unused_pointer"": 77065040}"
solo-extra-ep1/q031-bb-j,3,28,"{""base_type"": 769, ""set_flags"": 0, ""runtime_index"": 1281, ""file_offset"": 3704, ""floor_field"": 3, ""entity_id_field"": 18073, ""group"": 0, ""room"": 20, ""unknown_a3"": 0, ""position"": [349.2728271484375, 5.903212070465088, 16.129608154296875], ""angles"": [0, 307200, 0], ""params"": [1.0, 1.0, 1.0, 2, 0, 0], ""unused_pointer"": 77065888}"
solo-extra-ep1/q031-bb-j,3,29,"{""base_type"": 769, ""set_flags"": 0, ""runtime_index"": 1282, ""file_offset"": 3772, ""floor_field"": 3, ""entity_id_field"": 18074, ""group"": 0, ""room"": 20, ""unknown_a3"": 0, ""position"": [333.1995849609375, 7.348341941833496, 22.736724853515625], ""angles"": [0, 315392, 0], ""params"": [1.0, 1.0, 1.0, 2, 0, 0], ""unused_pointer"": 77066736}"
solo-extra-ep1/q031-bb-j,3,30,"{""base_type"": 769, ""set_flags"": 0, ""runtime_index"": 1283, ""file_offset"": 3840, ""floor_field"": 3, ""entity_id_field"": 18075, ""group"": 0, ""room"": 20, ""unknown_a3"": 0, ""position"": [318.9215087890625, 9.052501678466797, 33.953033447265625], ""angles"": [0, 344064, 0], ""params"": [1.0, 1.0, 1.0, 2, 0, 0], ""unused_pointer"": 77067584}"
solo-extra-ep1/q031-bb-j,3,31,"{""base_type"": 769, ""set_flags"": 0, ""runtime_index"": 1284, ""file_offset"": 3908, ""floor_field"": 3, ""entity_id_field"": 18076, ""group"": 0, ""room"": 20, ""unknown_a3"": 0, ""position"": [305.6607666015625, 11.898759841918945, 47.455352783203125], ""angles"": [0, 372736, 0], ""params"": [1.0, 1.0, 1.0, 2, 0, 0], ""unused_pointer"": 77068432}"
solo-extra-ep1/q031-bb-j,3,32,"{""base_type"": 769, ""set_flags"": 0, ""runtime_index"": 1285, ""file_offset"": 3976, ""floor_field"": 3, ""entity_id_field"": 18077, ""group"": 0, ""room"": 20, ""unknown_a3"": 0, ""position"": [287.83544921875, 14.900116920471191, 58.412445068359375], ""angles"": [0, 409600, 0], ""params"": [1.0, 1.0, 1.0, 2, 0, 0], ""unused_pointer"": 77069280}"
solo-extra-ep1/q031-bb-j,3,33,"{""base_type"": 769, ""set_flags"": 0, ""runtime_index"": 1286, ""file_offset"": 4044, ""floor_field"": 3, ""entity_id_field"": 18078, ""group"": 0, ""room"": 20, ""unknown_a3"": 0, ""position"": [274.84423828125, 17.174999237060547, 69.31121826171875], ""angles"": [0, 413696, 0], ""params"": [1.0, 1.0, 1.0, 2, 0, 0], ""unused_pointer"": 77070128}"
solo-extra-ep1/q031-bb-j,3,34,"{""base_type"": 769, ""set_flags"": 0, ""runtime_index"": 1287, ""file_offset"": 4112, ""floor_field"": 3, ""entity_id_field"": 18079, ""group"": 0, ""room"": 20, ""unknown_a3"": 0, ""position"": [268.39990234375, 20.078306198120117, 85.727783203125], ""angles"": [0, 409600, 0], ""params"": [1.0, 1.0, 1.0, 2, 0, 0], ""unused_pointer"": 77070976}"
solo-extra-ep1/q031-bb-j,3,35,"{""base_type"": 769, ""set_flags"": 0, ""runtime_index"": 1288, ""file_offset"": 4180, ""floor_field"": 3, ""entity_id_field"": 18080, ""group"": 0, ""room"": 20, ""unknown_a3"": 0, ""position"": [269.36376953125, 23.170114517211914, 105.1461181640625], ""angles"": [0, 450560, 0], ""params"": [1.0, 1.0, 1.0, 2, 0, 0], ""unused_pointer"": 77071824}"
solo-extra-ep1/q031-bb-j,3,36,"{""base_type"": 769, ""set_flags"": 0, ""runtime_index"": 1289, ""file_offset"": 4248, ""floor_field"": 3, ""entity_id_field"": 18081, ""group"": 0, ""room"": 20, ""unknown_a3"": 0, ""position"": [270.4288330078125, 23.170114517211914, 123.88824462890625], ""angles"": [0, 446464, 0], ""params"": [1.0, 1.0, 1.0, 2, 0, 0], ""unused_pointer"": 77072672}"
solo-extra-ep1/q031-bb-j,3,37,"{""base_type"": 769, ""set_flags"": 0, ""runtime_index"": 1290, ""file_offset"": 4316, ""floor_field"": 3, ""entity_id_field"": 18082, ""group"": 0, ""room"": 20, ""unknown_a3"": 0, ""position"": [269.5594482421875, 25.043794631958008, 143.97189331054688], ""angles"": [0, 425984, 0], ""params"": [1.0, 1.0, 1.0, 2, 0, 0], ""unused_pointer"": 77073520}"
solo-extra-ep1/q031-bb-j,3,38,"{""base_type"": 769, ""set_flags"": 0, ""runtime_index"": 1291, ""file_offset"": 4384, ""floor_field"": 3, ""entity_id_field"": 18083, ""group"": 0, ""room"": 20, ""unknown_a3"": 0, ""position"": [265.589111328125, 24.748991012573242, 162.40182495117188], ""angles"": [0, 430080, 0], ""params"": [1.0, 1.0, 1.0, 2, 0, 0], ""unused_pointer"": 77074368}"
solo-extra-ep1/q031-bb-j,3,39,"{""base_type"": 769, ""set_flags"": 0, ""runtime_index"": 1292, ""file_offset"": 4452, ""floor_field"": 3, ""entity_id_field"": 18084, ""group"": 0, ""room"": 20, ""unknown_a3"": 0, ""position"": [266.3995361328125, 24.380556106567383, 179.39816284179688], ""angles"": [0, 466944, 0], ""params"": [1.0, 1.0, 1.0, 2, 0, 0], ""unused_pointer"": 77075216}"
solo-extra-ep1/q031-bb-j,3,40,"{""base_type"": 769, ""set_flags"": 0, ""runtime_index"": 1293, ""file_offset"": 4520, ""floor_field"": 3, ""entity_id_field"": 18085, ""group"": 0, ""room"": 20, ""unknown_a3"": 0, ""position"": [271.2509765625, 24.13023567199707, 196.06973266601562], ""angles"": [0, 483328, 0], ""params"": [1.0, 1.0, 1.0, 2, 0, 0], ""unused_pointer"": 77076064}"
solo-extra-ep1/q031-bb-j,3,41,"{""base_type"": 769, ""set_flags"": 0, ""runtime_index"": 1294, ""file_offset"": 4588, ""floor_field"": 3, ""entity_id_field"": 18086, ""group"": 0, ""room"": 20, ""unknown_a3"": 0, ""position"": [280.7230224609375, 21.688243865966797, 213.7066650390625], ""angles"": [0, 520192, 0], ""params"": [1.0, 1.0, 1.0, 2, 0, 0], ""unused_pointer"": 77076912}"
solo-extra-ep1/q031-bb-j,3,42,"{""base_type"": 769, ""set_flags"": 0, ""runtime_index"": 1295, ""file_offset"": 4656, ""floor_field"": 3, ""entity_id_field"": 18087, ""group"": 0, ""room"": 20, ""unknown_a3"": 0, ""position"": [294.6505126953125, 19.184810638427734, 229.32388305664062], ""angles"": [0, 528384, 0], ""params"": [1.0, 1.0, 1.0, 2, 0, 0], ""unused_pointer"": 77077760}"
solo-extra-ep1/q031-bb-j,3,45,"{""base_type"": 769, ""set_flags"": 0, ""runtime_index"": 1480, ""file_offset"": 4860, ""floor_field"": 3, ""entity_id_field"": 17918, ""group"": 0, ""room"": 30, ""unknown_a3"": 0, ""position"": [262.502685546875, 0.0, -144.18162536621094], ""angles"": [0, 16384, 0], ""params"": [1.0, 1.0, 1.0, 2, 0, 0], ""unused_pointer"": 77043632}"
solo-extra-ep1/q031-bb-j,3,46,"{""base_type"": 769, ""set_flags"": 0, ""runtime_index"": 1481, ""file_offset"": 4928, ""floor_field"": 3, ""entity_id_field"": 17919, ""group"": 0, ""room"": 30, ""unknown_a3"": 0, ""position"": [241.84521484375, 0.0, -142.06105041503906], ""angles"": [0, 8192, 0], ""params"": [1.0, 1.0, 1.0, 2, 0, 0], ""unused_pointer"": 77044480}"
solo-extra-ep1/q031-bb-j,3,47,"{""base_type"": 769, ""set_flags"": 0, ""runtime_index"": 1482, ""file_offset"": 4996, ""floor_field"": 3, ""entity_id_field"": 17920, ""group"": 0, ""room"": 30, ""unknown_a3"": 0, ""position"": [224.490478515625, 0.0, -139.04241943359375], ""angles"": [0, -12288, 0], ""params"": [1.0, 1.0, 1.0, 2, 0, 0], ""unused_pointer"": 77045328}"
solo-extra-ep1/q031-bb-j,3,48,"{""base_type"": 769, ""set_flags"": 0, ""runtime_index"": 1483, ""file_offset"": 5064, ""floor_field"": 3, ""entity_id_field"": 17921, ""group"": 0, ""room"": 30, ""unknown_a3"": 0, ""position"": [205.405517578125, 0.0, -141.1348876953125], ""angles"": [0, 0, 0], ""params"": [1.0, 1.0, 1.0, 2, 0, 0], ""unused_pointer"": 77046176}"
solo-extra-ep1/q031-bb-j,3,49,"{""base_type"": 769, ""set_flags"": 0, ""runtime_index"": 1484, ""file_offset"": 5132, ""floor_field"": 3, ""entity_id_field"": 17922, ""group"": 0, ""room"": 30, ""unknown_a3"": 0, ""position"": [189.386474609375, 0.0, -149.16900634765625], ""angles"": [0, 12288, 0], ""params"": [1.0, 1.0, 1.0, 2, 0, 0], ""unused_pointer"": 77047024}"
solo-extra-ep1/q031-bb-j,3,50,"{""base_type"": 769, ""set_flags"": 0, ""runtime_index"": 1485, ""file_offset"": 5200, ""floor_field"": 3, ""entity_id_field"": 17923, ""group"": 0, ""room"": 30, ""unknown_a3"": 0, ""position"": [172.51123046875, 0.0, -153.6741943359375], ""angles"": [0, 8192, 0], ""params"": [1.0, 1.0, 1.0, 2, 0, 0], ""unused_pointer"": 77047872}"
solo-extra-ep1/q031-bb-j,3,51,"{""base_type"": 769, ""set_flags"": 0, ""runtime_index"": 1486, ""file_offset"": 5268, ""floor_field"": 3, ""entity_id_field"": 17924, ""group"": 0, ""room"": 30, ""unknown_a3"": 0, ""position"": [159.311279296875, 0.0, -168.02880859375], ""angles"": [0, 32768, 0], ""params"": [1.0, 1.0, 1.0, 2, 0, 0], ""unused_pointer"": 77048720}"
solo-extra-ep1/q031-bb-j,3,52,"{""base_type"": 769, ""set_flags"": 0, ""runtime_index"": 1487, ""file_offset"": 5336, ""floor_field"": 3, ""entity_id_field"": 17925, ""group"": 0, ""room"": 30, ""unknown_a3"": 0, ""position"": [155.3525390625, 0.0, -186.89605712890625], ""angles"": [0, 61440, 0], ""params"": [1.0, 1.0, 1.0, 2, 0, 0], ""unused_pointer"": 77049568}"
solo-extra-ep1/q031-bb-j,3,53,"{""base_type"": 769, ""set_flags"": 0, ""runtime_index"": 1488, ""file_offset"": 5404, ""floor_field"": 3, ""entity_id_field"": 17926, ""group"": 0, ""room"": 30, ""unknown_a3"": 0, ""position"": [137.69873046875, 0.0, -196.12350463867188], ""angles"": [0, 53248, 0], ""params"": [1.0, 1.0, 1.0, 2, 0, 0], ""unused_pointer"": 77050416}"
solo-extra-ep1/q031-bb-j,3,54,"{""base_type"": 769, ""set_flags"": 0, ""runtime_index"": 1489, ""file_offset"": 5472, ""floor_field"": 3, ""entity_id_field"": 17927, ""group"": 0, ""room"": 30, ""unknown_a3"": 0, ""position"": [125.896484375, 0.0, -211.46600341796875], ""angles"": [0, 65536, 0], ""params"": [1.0, 1.0, 1.0, 2, 0, 0], ""unused_pointer"": 77051264}"
solo-extra-ep1/q031-bb-j,3,55,"{""base_type"": 769, ""set_flags"": 0, ""runtime_index"": 1490, ""file_offset"": 5540, ""floor_field"": 3, ""entity_id_field"": 17928, ""group"": 0, ""room"": 30, ""unknown_a3"": 0, ""position"": [108.62158203125, 0.0, -214.29183959960938], ""angles"": [0, 86016, 0], ""params"": [1.0, 1.0, 1.0, 2, 0, 0], ""unused_pointer"": 77052112}"
solo-extra-ep1/q031-bb-j,3,56,"{""base_type"": 769, ""set_flags"": 0, ""runtime_index"": 1491, ""file_offset"": 5608, ""floor_field"": 3, ""entity_id_field"": 17929, ""group"": 0, ""room"": 30, ""unknown_a3"": 0, ""position"": [99.77099609375, 0.0, -230.08200073242188], ""angles"": [0, 94208, 0], ""params"": [1.0, 1.0, 1.0, 2, 0, 0], ""unused_pointer"": 77052960}"
solo-extra-ep1/q031-bb-j,3,57,"{""base_type"": 769, ""set_flags"": 0, ""runtime_index"": 1492, ""file_offset"": 5676, ""floor_field"": 3, ""entity_id_field"": 17930, ""group"": 0, ""room"": 30, ""unknown_a3"": 0, ""position"": [93.17578125, 0.0, -248.11776733398438], ""angles"": [0, 86016, 0], ""params"": [1.0, 1.0, 1.0, 2, 0, 0], ""unused_pointer"": 77053808}"
solo-extra-ep1/q031-bb-j,3,58,"{""base_type"": 769, ""set_flags"": 0, ""runtime_index"": 1493, ""file_offset"": 5744, ""floor_field"": 3, ""entity_id_field"": 17931, ""group"": 0, ""room"": 30, ""unknown_a3"": 0, ""position"": [86.929931640625, 0.0, -266.2371826171875], ""angles"": [0, 110592, 0], ""params"": [1.0, 1.0, 1.0, 2, 0, 0], ""unused_pointer"": 77054656}"
solo-extra-ep1/q031-bb-j,3,59,"{""base_type"": 769, ""set_flags"": 0, ""runtime_index"": 1494, ""file_offset"": 5812, ""floor_field"": 3, ""entity_id_field"": 17932, ""group"": 0, ""room"": 30, ""unknown_a3"": 0, ""position"": [79.487548828125, 0.0, -284.7478332519531], ""angles"": [0, 118784, 0], ""params"": [1.0, 1.0, 1.0, 2, 0, 0], ""unused_pointer"": 77055504}"
solo-extra-ep1/q031-bb-j,3,60,"{""base_type"": 769, ""set_flags"": 0, ""runtime_index"": 1495, ""file_offset"": 5880, ""floor_field"": 3, ""entity_id_field"": 17933, ""group"": 0, ""room"": 30, ""unknown_a3"": 0, ""position"": [85.964111328125, 0.0, -303.2785339355469], ""angles"": [0, 126976, 0], ""params"": [1.0, 1.0, 1.0, 2, 0, 0], ""unused_pointer"": 77056352}"
solo-extra-ep1/q031-bb-j,3,61,"{""base_type"": 769, ""set_flags"": 0, ""runtime_index"": 1496, ""file_offset"": 5948, ""floor_field"": 3, ""entity_id_field"": 17934, ""group"": 0, ""room"": 30, ""unknown_a3"": 0, ""position"": [76.720703125, 0.0, -323.16461181640625], ""angles"": [0, 122880, 0], ""params"": [1.0, 1.0, 1.0, 2, 0, 0], ""unused_pointer"": 77057200}"
solo-extra-ep1/q031-bb-j,3,62,"{""base_type"": 769, ""set_flags"": 0, ""runtime_index"": 1497, ""file_offset"": 6016, ""floor_field"": 3, ""entity_id_field"": 17935, ""group"": 0, ""room"": 30, ""unknown_a3"": 0, ""position"": [74.837890625, 0.0, -343.1001892089844], ""angles"": [0, 98304, 0], ""params"": [1.0, 1.0, 1.0, 2, 0, 0], ""unused_pointer"": 77058048}"
solo-extra-ep1/q031-bb-j,3,63,"{""base_type"": 769, ""set_flags"": 0, ""runtime_index"": 1498, ""file_offset"": 6084, ""floor_field"": 3, ""entity_id_field"": 17936, ""group"": 0, ""room"": 30, ""unknown_a3"": 0, ""position"": [77.22607421875, 0.0, -360.323974609375], ""angles"": [0, 102400, 0], ""params"": [1.0, 1.0, 1.0, 2, 0, 0], ""unused_pointer"": 77058896}"
solo-extra-ep1/q031-bb-j,3,64,"{""base_type"": 769, ""set_flags"": 0, ""runtime_index"": 1499, ""file_offset"": 6152, ""floor_field"": 3, ""entity_id_field"": 17937, ""group"": 0, ""room"": 30, ""unknown_a3"": 0, ""position"": [73.6982421875, 0.0, -379.4218444824219], ""angles"": [0, 106496, 0], ""params"": [1.0, 1.0, 1.0, 2, 0, 0], ""unused_pointer"": 77059744}"
solo-extra-ep1/q031-bb-j,3,65,"{""base_type"": 769, ""set_flags"": 0, ""runtime_index"": 1500, ""file_offset"": 6220, ""floor_field"": 3, ""entity_id_field"": 17938, ""group"": 0, ""room"": 30, ""unknown_a3"": 0, ""position"": [75.6904296875, 0.0, -398.7987060546875], ""angles"": [0, 114688, 0], ""params"": [1.0, 1.0, 1.0, 2, 0, 0], ""unused_pointer"": 77060592}"
solo-extra-ep1/q031-bb-j,3,66,"{""base_type"": 769, ""set_flags"": 0, ""runtime_index"": 1501, ""file_offset"": 6288, ""floor_field"": 3, ""entity_id_field"": 17939, ""group"": 0, ""room"": 30, ""unknown_a3"": 0, ""position"": [75.120849609375, 0.0, -417.1310119628906], ""angles"": [0, 139264, 0], ""params"": [1.0, 1.0, 1.0, 2, 0, 0], ""unused_pointer"": 77061440}"
solo-extra-ep1/q031-bb-j,3,67,"{""base_type"": 769, ""set_flags"": 0, ""runtime_index"": 1502, ""file_offset"": 6356, ""floor_field"": 3, ""entity_id_field"": 17940, ""group"": 0, ""room"": 30, ""unknown_a3"": 0, ""position"": [78.389404296875, 0.0, -432.9463806152344], ""angles"": [0, 147456, 0], ""params"": [1.0, 1.0, 1.0, 2, 0, 0], ""unused_pointer"": 77062288}"
solo-extra-ep1/q031-bb-j,3,68,"{""base_type"": 769, ""set_flags"": 0, ""runtime_index"": 1503, ""file_offset"": 6424, ""floor_field"": 3, ""entity_id_field"": 17941, ""group"": 0, ""room"": 30, ""unknown_a3"": 0, ""position"": [80.198974609375, 0.0, -451.039794921875], ""angles"": [0, 155648, 0], ""params"": [1.0, 1.0, 1.0, 2, 0, 0], ""unused_pointer"": 77063136}"
solo-extra-ep1/q031-bb-j,3,69,"{""base_type"": 769, ""set_flags"": 0, ""runtime_index"": 1504, ""file_offset"": 6492, ""floor_field"": 3, ""entity_id_field"": 17942, ""group"": 0, ""room"": 30, ""unknown_a3"": 0, ""position"": [86.580810546875, 0.0, -467.11480712890625], ""angles"": [0, 172032, 0], ""params"": [1.0, 1.0, 1.0, 2, 0, 0], ""unused_pointer"": 77063984}"
solo-extra-ep1/q031-bb-j,3,70,"{""base_type"": 769, ""set_flags"": 0, ""runtime_index"": 1505, ""file_offset"": 6560, ""floor_field"": 3, ""entity_id_field"": 17943, ""group"": 0, ""room"": 30, ""unknown_a3"": 0, ""position"": [99.833251953125, 0.0, -479.64501953125], ""angles"": [0, 196608, 0], ""params"": [1.0, 1.0, 1.0, 2, 0, 0], ""unused_pointer"": 77064832}"
solo-extra-ep1/q031-bb-j,3,71,"{""base_type"": 769, ""set_flags"": 0, ""runtime_index"": 1506, ""file_offset"": 6628, ""floor_field"": 3, ""entity_id_field"": 17944, ""group"": 0, ""room"": 30, ""unknown_a3"": 0, ""position"": [101.5703125, 0.0, -496.89227294921875], ""angles"": [0, 200704, 0], ""params"": [1.0, 1.0, 1.0, 2, 0, 0], ""unused_pointer"": 77065680}"
solo-extra-ep1/q031-bb-j,3,72,"{""base_type"": 769, ""set_flags"": 0, ""runtime_index"": 1507, ""file_offset"": 6696, ""floor_field"": 3, ""entity_id_field"": 17945, ""group"": 0, ""room"": 30, ""unknown_a3"": 0, ""position"": [118.14990234375, 0.0, -503.8817443847656], ""angles"": [0, 192512, 0], ""params"": [1.0, 1.0, 1.0, 2, 0, 0], ""unused_pointer"": 77066528}"
solo-extra-ep1/q031-bb-j,3,73,"{""base_type"": 769, ""set_flags"": 0, ""runtime_index"": 1508, ""file_offset"": 6764, ""floor_field"": 3, ""entity_id_field"": 17946, ""group"": 0, ""room"": 30, ""unknown_a3"": 0, ""position"": [123.101806640625, 0.0, -518.940673828125], ""angles"": [0, 184320, 0], ""params"": [1.0, 1.0, 1.0, 2, 0, 0], ""unused_pointer"": 77067376}"
solo-extra-ep1/q031-bb-j,3,74,"{""base_type"": 769, ""set_flags"": 0, ""runtime_index"": 1509, ""file_offset"": 6832, ""floor_field"": 3, ""entity_id_field"": 17947, ""group"": 0, ""room"": 30, ""unknown_a3"": 0, ""position"": [139.36083984375, 0.0, -527.649169921875], ""angles"": [0, 176128, 0], ""params"": [1.0, 1.0, 1.0, 2, 0, 0], ""unused_pointer"": 77068224}"
solo-extra-ep1/q031-bb-j,3,75,"{""base_type"": 769, ""set_flags"": 0, ""runtime_index"": 1510, ""file_offset"": 6900, ""floor_field"": 3, ""entity_id_field"": 17948, ""group"": 0, ""room"": 30, ""unknown_a3"": 0, ""position"": [146.014404296875, 0.0, -544.4526977539062], ""angles"": [0, 167936, 0], ""params"": [1.0, 1.0, 1.0, 2, 0, 0], ""unused_pointer"": 77069072}"
solo-extra-ep1/q031-bb-j,3,76,"{""base_type"": 769, ""set_flags"": 0, ""runtime_index"": 1511, ""file_offset"": 6968, ""floor_field"": 3, ""entity_id_field"": 17949, ""group"": 0, ""room"": 30, ""unknown_a3"": 0, ""position"": [163.544677734375, 0.0, -532.008056640625], ""angles"": [0, 167936, 0], ""params"": [1.0, 1.0, 1.0, 2, 0, 0], ""unused_pointer"": 77069920}"
solo-extra-ep1/q031-bb-j,3,77,"{""base_type"": 769, ""set_flags"": 0, ""runtime_index"": 1512, ""file_offset"": 7036, ""floor_field"": 3, ""entity_id_field"": 17950, ""group"": 0, ""room"": 30, ""unknown_a3"": 0, ""position"": [178.810546875, 0.0, -535.10595703125], ""angles"": [0, 155648, 0], ""params"": [1.0, 1.0, 1.0, 2, 0, 0], ""unused_pointer"": 77070768}"
solo-extra-ep1/q031-bb-j,3,78,"{""base_type"": 769, ""set_flags"": 0, ""runtime_index"": 1513, ""file_offset"": 7104, ""floor_field"": 3, ""entity_id_field"": 17951, ""group"": 0, ""room"": 30, ""unknown_a3"": 0, ""position"": [194.007080078125, 0.0, -524.7113037109375], ""angles"": [0, 147456, 0], ""params"": [1.0, 1.0, 1.0, 2, 0, 0], ""unused_pointer"": 77071616}"
solo-extra-ep1/q031-bb-j,3,79,"{""base_type"": 769, ""set_flags"": 0, ""runtime_index"": 1514, ""file_offset"": 7172, ""floor_field"": 3, ""entity_id_field"": 17952, ""group"": 0, ""room"": 30, ""unknown_a3"": 0, ""position"": [205.155029296875, 0.0, -512.002685546875], ""angles"": [0, 155648, 0], ""params"": [1.0, 1.0, 1.0, 2, 0, 0], ""unused_pointer"": 77072464}"
solo-extra-ep1/q031-bb-j,3,80,"{""base_type"": 769, ""set_flags"": 0, ""runtime_index"": 1515, ""file_offset"": 7240, ""floor_field"": 3, ""entity_id_field"": 17953, ""group"": 0, ""room"": 30, ""unknown_a3"": 0, ""position"": [219.3779296875, 0.0, -498.7829895019531], ""angles"": [0, 163840, 0], ""params"": [1.0, 1.0, 1.0, 2, 0, 0], ""unused_pointer"": 77073312}"
solo-extra-ep1/q031-bb-j,3,81,"{""base_type"": 769, ""set_flags"": 0, ""runtime_index"": 1516, ""file_offset"": 7308, ""floor_field"": 3, ""entity_id_field"": 17954, ""group"": 0, ""room"": 30, ""unknown_a3"": 0, ""position"": [223.414794921875, 0.0, -482.6329650878906], ""angles"": [0, 176128, 0], ""params"": [1.0, 1.0, 1.0, 2, 0, 0], ""unused_pointer"": 77074160}"
solo-extra-ep1/q031-bb-j,3,82,"{""base_type"": 769, ""set_flags"": 0, ""runtime_index"": 1517, ""file_offset"": 7376, ""floor_field"": 3, ""entity_id_field"": 17955, ""group"": 0, ""room"": 30, ""unknown_a3"": 0, ""position"": [275.072265625, 0.0, -156.43251037597656], ""angles"": [0, 172032, 0], ""params"": [1.0, 1.0, 1.0, 2, 0, 0], ""unused_pointer"": 77075008}"
solo-extra-ep1/q031-bb-j,3,83,"{""base_type"": 769, ""set_flags"": 0, ""runtime_index"": 1518, ""file_offset"": 7444, ""floor_field"": 3, ""entity_id_field"": 17956, ""group"": 0, ""room"": 30, ""unknown_a3"": 0, ""position"": [288.738525390625, 0.0, -164.9105987548828], ""angles"": [0, 176128, 0], ""params"": [1.0, 1.0, 1.0, 2, 0, 0], ""unused_pointer"": 77075856}"
solo-extra-ep1/q031-bb-j,3,84,"{""base_type"": 769, ""set_flags"": 0, ""runtime_index"": 1519, ""file_offset"": 7512, ""floor_field"": 3, ""entity_id_field"": 17957, ""group"": 0, ""room"": 30, ""unknown_a3"": 0, ""position"": [295.8583984375, 0.0, -176.8814239501953], ""angles"": [0, 167936, 0], ""params"": [1.0, 1.0, 1.0, 2, 0, 0], ""unused_pointer"": 77076704}"
solo-extra-ep1/q031-bb-j,3,85,"{""base_type"": 769, ""set_flags"": 0, ""runtime_index"": 1520, ""file_offset"": 7580, ""floor_field"": 3, ""entity_id_field"": 17958, ""group"": 0, ""room"": 30, ""unknown_a3"": 0, ""position"": [302.09326171875, 0.0, -196.110107421875], ""angles"": [0, 208896, 0], ""params"": [1.0, 1.0, 1.0, 2, 0, 0], ""unused_pointer"": 77077552}"
solo-extra-ep1/q031-bb-j,3,86,"{""base_type"": 769, ""set_flags"": 0, ""runtime_index"": 1521, ""file_offset"": 7648, ""floor_field"": 3, ""entity_id_field"": 17959, ""group"": 0, ""room"": 30, ""unknown_a3"": 0, ""position"": [310.40478515625, 0.0, -215.08792114257812], ""angles"": [0, 200704, 0], ""params"": [1.0, 1.0, 1.0, 2, 0, 0], ""unused_pointer"": 77078400}"
solo-extra-ep1/q031-bb-j,3,87,"{""base_type"": 769, ""set_flags"": 0, ""runtime_index"": 1522, ""file_offset"": 7716, ""floor_field"": 3, ""entity_id_field"": 17960, ""group"": 0, ""room"": 30, ""unknown_a3"": 0, ""position"": [315.9326171875, 0.0, -234.34854125976562], ""angles"": [0, 241664, 0], ""params"": [1.0, 1.0, 1.0, 2, 0, 0], ""unused_pointer"": 77079248}"
solo-extra-ep1/q031-bb-j,3,88,"{""base_type"": 769, ""set_flags"": 0, ""runtime_index"": 1523, ""file_offset"": 7784, ""floor_field"": 3, ""entity_id_field"": 17961, ""group"": 0, ""room"": 30, ""unknown_a3"": 0, ""position"": [320.879150390625, 0.0, -250.4031219482422], ""angles"": [0, 233472, 0], ""params"": [1.0, 1.0, 1.0, 2, 0, 0], ""unused_pointer"": 77080096}"
solo-extra-ep1/q031-bb-j,3,89,"{""base_type"": 769, ""set_flags"": 0, ""runtime_index"": 1524, ""file_offset"": 7852, ""floor_field"": 3, ""entity_id_field"": 17962, ""group"": 0, ""room"": 30, ""unknown_a3"": 0, ""position"": [324.109619140625, 0.0, -269.8646240234375], ""angles"": [0, 212992, 0], ""params"": [1.0, 1.0, 1.0, 2, 0, 0], ""unused_pointer"": 77080944}"
solo-extra-ep1/q031-bb-j,3,90,"{""base_type"": 769, ""set_flags"": 0, ""runtime_index"": 1525, ""file_offset"": 7920, ""floor_field"": 3, ""entity_id_field"": 17963, ""group"": 0, ""room"": 30, ""unknown_a3"": 0, ""position"": [328.808837890625, 0.0, -285.30889892578125], ""angles"": [0, 204800, 0], ""params"": [1.0, 1.0, 1.0, 2, 0, 0], ""unused_pointer"": 77081792}"
solo-extra-ep1/q031-bb-j,3,91,"{""base_type"": 769, ""set_flags"": 0, ""runtime_index"": 1526, ""file_offset"": 7988, ""floor_field"": 3, ""entity_id_field"": 17964, ""group"": 0, ""room"": 30, ""unknown_a3"": 0, ""position"": [328.15869140625, 0.0, -305.68035888671875], ""angles"": [0, 245760, 0], ""params"": [1.0, 1.0, 1.0, 2, 0, 0], ""unused_pointer"": 77082640}"
solo-extra-ep1/q031-bb-j,3,92,"{""base_type"": 769, ""set_flags"": 0, ""runtime_index"": 1527, ""file_offset"": 8056, ""floor_field"": 3, ""entity_id_field"": 17965, ""group"": 0, ""room"": 30, ""unknown_a3"": 0, ""position"": [319.484619140625, 0.0, -321.9424133300781], ""angles"": [0, 262144, 0], ""params"": [1.0, 1.0, 1.0, 2, 0, 0], ""unused_pointer"": 77083488}"
solo-extra-ep1/q031-bb-j,3,93,"{""base_type"": 769, ""set_flags"": 0, ""runtime_index"": 1528, ""file_offset"": 8124, ""floor_field"": 3, ""entity_id_field"": 17966, ""group"": 0, ""room"": 30, ""unknown_a3"": 0, ""position"": [320.025390625, 0.0, -338.722412109375], ""angles"": [0, 253952, 0], ""params"": [1.0, 1.0, 1.0, 2, 0, 0], ""unused_pointer"": 77084336}"
solo-extra-ep1/q031-bb-j,3,94,"{""base_type"": 769, ""set_flags"": 0, ""runtime_index"": 1529, ""file_offset"": 8192, ""floor_field"": 3, ""entity_id_field"": 17967, ""group"": 0, ""room"": 30, ""unknown_a3"": 0, ""position"": [319.16064453125, 0.0, -355.9623718261719], ""angles"": [0, 229376, 0], ""params"": [1.0, 1.0, 1.0, 2, 0, 0], ""unused_pointer"": 77085184}"
solo-extra-ep1/q031-bb-j,3,95,"{""base_type"": 769, ""set_flags"": 0, ""runtime_index"": 1530, ""file_offset"": 8260, ""floor_field"": 3, ""entity_id_field"": 17968, ""group"": 0, ""room"": 30, ""unknown_a3"": 0, ""position"": [306.9765625, 0.0, -370.64642333984375], ""angles"": [0, 221184, 0], ""params"": [1.0, 1.0, 1.0, 2, 0, 0], ""unused_pointer"": 77086032}"
solo-extra-ep1/q031-bb-j,3,96,"{""base_type"": 769, ""set_flags"": 0, ""runtime_index"": 1531, ""file_offset"": 8328, ""floor_field"": 3, ""entity_id_field"": 17969, ""group"": 0, ""room"": 30, ""unknown_a3"": 0, ""position"": [300.696044921875, 0.0, -388.647216796875], ""angles"": [0, 217088, 0], ""params"": [1.0, 1.0, 1.0, 2, 0, 0], ""unused_pointer"": 77086880}"
solo-extra-ep1/q031-bb-j,3,97,"{""base_type"": 769, ""set_flags"": 0, ""runtime_index"": 1532, ""file_offset"": 8396, ""floor_field"": 3, ""entity_id_field"": 17970, ""group"": 0, ""room"": 30, ""unknown_a3"": 0, ""position"": [288.73291015625, 0.0, -404.1838073730469], ""angles"": [0, 229376, 0], ""params"": [1.0, 1.0, 1.0, 2, 0, 0], ""unused_pointer"": 77087728}"
solo-extra-ep1/q031-bb-j,3,98,"{""base_type"": 769, ""set_flags"": 0, ""runtime_index"": 1533, ""file_offset"": 8464, ""floor_field"": 3, ""entity_id_field"": 17971, ""group"": 0, ""room"": 30, ""unknown_a3"": 0, ""position"": [277.9365234375, 0.0, -417.0057067871094], ""angles"": [0, 249856, 0], ""params"": [1.0, 1.0, 1.0, 2, 0, 0], ""unused_pointer"": 77088576}"
solo-extra-ep1/q031-bb-j,3,99,"{""base_type"": 769, ""set_flags"": 0, ""runtime_index"": 1534, ""file_offset"": 8532, ""floor_field"": 3, ""entity_id_field"": 17972, ""group"": 0, ""room"": 30, ""unknown_a3"": 0, ""position"": [266.877685546875, 0.0, -431.6507873535156], ""angles"": [0, 262144, 0], ""params"": [1.0, 1.0, 1.0, 2, 0, 0], ""unused_pointer"": 77089424}"
solo-extra-ep1/q031-bb-j,3,100,"{""base_type"": 769, ""set_flags"": 0, ""runtime_index"": 1535, ""file_offset"": 8600, ""floor_field"": 3, ""entity_id_field"": 17973, ""group"": 0, ""room"": 30, ""unknown_a3"": 0, ""position"": [254.2275390625, 0.0, -443.62884521484375], ""angles"": [0, 253952, 0], ""params"": [1.0, 1.0, 1.0, 2, 0, 0], ""unused_pointer"": 77090272}"
solo-extra-ep1/q031-bb-j,3,101,"{""base_type"": 769, ""set_flags"": 0, ""runtime_index"": 1536, ""file_offset"": 8668, ""floor_field"": 3, ""entity_id_field"": 17974, ""group"": 0, ""room"": 30, ""unknown_a3"": 0, ""position"": [243.44384765625, 0.0, -455.2185974121094], ""angles"": [0, 262144, 0], ""params"": [1.0, 1.0, 1.0, 2, 0, 0], ""unused_pointer"": 77091120}"
solo-extra-ep1/q031-bb-j,3,102,"{""base_type"": 769, ""set_flags"": 0, ""runtime_index"": 1537, ""file_offset"": 8736, ""floor_field"": 3, ""entity_id_field"": 17975, ""group"": 0, ""room"": 30, ""unknown_a3"": 0, ""position"": [237.055419921875, 0.0, -470.3895568847656], ""angles"": [0, 266240, 0], ""params"": [1.0, 1.0, 1.0, 2, 0, 0], ""unused_pointer"": 77091968}"
solo-extra-ep1/q031-bb-j,3,125,"{""base_type"": 769, ""set_flags"": 0, ""runtime_index"": 1253, ""file_offset"": 10300, ""floor_field"": 3, ""entity_id_field"": 17920, ""group"": 0, ""room"": 90, ""unknown_a3"": 0, ""position"": [-282.04998779296875, 0.0, -189.86000061035156], ""angles"": [0, 0, 0], ""params"": [1.0, 1.0, 1.0, 2, 0, 0], ""unused_pointer"": 77044144}"
solo-extra-ep1/q031-bb-j,3,126,"{""base_type"": 769, ""set_flags"": 0, ""runtime_index"": 1252, ""file_offset"": 10368, ""floor_field"": 3, ""entity_id_field"": 17921, ""group"": 0, ""room"": 90, ""unknown_a3"": 0, ""position"": [-297.5858459472656, 0.0, -203.30987548828125], ""angles"": [0, 12288, 0], ""params"": [1.0, 1.0, 1.0, 2, 0, 0], ""unused_pointer"": 77044992}"
solo-extra-ep1/q031-bb-j,3,127,"{""base_type"": 769, ""set_flags"": 0, ""runtime_index"": 1253, ""file_offset"": 10436, ""floor_field"": 3, ""entity_id_field"": 17922, ""group"": 0, ""room"": 90, ""unknown_a3"": 0, ""position"": [-311.0921936035156, 0.0, -215.07275390625], ""angles"": [0, 0, 0], ""params"": [1.0, 1.0, 1.0, 2, 0, 0], ""unused_pointer"": 77045840}"
solo-extra-ep1/q031-bb-j,3,128,"{""base_type"": 769, ""set_flags"": 0, ""runtime_index"": 1254, ""file_offset"": 10504, ""floor_field"": 3, ""entity_id_field"": 17923, ""group"": 0, ""room"": 90, ""unknown_a3"": 0, ""position"": [-325.0364990234375, 0.0, -228.5503692626953], ""angles"": [0, 8192, 0], ""params"": [1.0, 1.0, 1.0, 2, 0, 0], ""unused_pointer"": 77046688}"
solo-extra-ep1/q031-bb-j,3,129,"{""base_type"": 769, ""set_flags"": 0, ""runtime_index"": 1255, ""file_offset"": 10572, ""floor_field"": 3, ""entity_id_field"": 17924, ""group"": 0, ""room"": 90, ""unknown_a3"": 0, ""position"": [-338.7327575683594, 0.0, -241.019775390625], ""angles"": [0, 16384, 0], ""params"": [1.0, 1.0, 1.0, 2, 0, 0], ""unused_pointer"": 77047536}"
solo-extra-ep1/q031-bb-j,3,130,"{""base_type"": 769, ""set_flags"": 0, ""runtime_index"": 1256, ""file_offset"": 10640, ""floor_field"": 3, ""entity_id_field"": 17925, ""group"": 0, ""room"": 90, ""unknown_a3"": 0, ""position"": [-352.1996765136719, 0.0, -255.66555786132812], ""angles"": [0, 24576, 0], ""params"": [1.0, 1.0, 1.0, 2, 0, 0], ""unused_pointer"": 77048384}"
solo-extra-ep1/q031-bb-j,3,131,"{""base_type"": 769, ""set_flags"": 0, ""runtime_index"": 1257, ""file_offset"": 10708, ""floor_field"": 3, ""entity_id_field"": 17926, ""group"": 0, ""room"": 90, ""unknown_a3"": 0, ""position"": [-359.7827453613281, 0.0, -273.3098449707031], ""angles"": [0, 45056, 0], ""params"": [1.0, 1.0, 1.0, 2, 0, 0], ""unused_pointer"": 77049232}"
solo-extra-ep1/q031-bb-j,3,132,"{""base_type"": 769, ""set_flags"": 0, ""runtime_index"": 1258, ""file_offset"": 10776, ""floor_field"": 3, ""entity_id_field"": 17927, ""group"": 0, ""room"": 90, ""unknown_a3"": 0, ""position"": [-373.4706115722656, 0.0, -285.401611328125], ""angles"": [0, 49152, 0], ""params"": [1.0, 1.0, 1.0, 2, 0, 0], ""unused_pointer"": 77050080}"
solo-extra-ep1/q031-bb-j,3,133,"{""base_type"": 769, ""set_flags"": 0, ""runtime_index"": 1259, ""file_offset"": 10844, ""floor_field"": 3, ""entity_id_field"": 17928, ""group"": 0, ""room"": 90, ""unknown_a3"": 0, ""position"": [-372.3179626464844, 0.0, -304.3091735839844], ""angles"": [0, 40960, 0], ""params"": [1.0, 1.0, 1.0, 2, 0, 0], ""unused_pointer"": 77050928}"
solo-extra-ep1/q031-bb-j,3,134,"{""base_type"": 769, ""set_flags"": 0, ""runtime_index"": 1260, ""file_offset"": 10912, ""floor_field"": 3, ""entity_id_field"": 17929, ""group"": 0, ""room"": 90, ""unknown_a3"": 0, ""position"": [-371.8423156738281, 0.0, -324.4744567871094], ""angles"": [0, 53248, 0], ""params"": [1.0, 1.0, 1.0, 2, 0, 0], ""unused_pointer"": 77051776}"
solo-extra-ep1/q031-bb-j,3,135,"{""base_type"": 769, ""set_flags"": 0, ""runtime_index"": 1261, ""file_offset"": 10980, ""floor_field"": 3, ""entity_id_field"": 17930, ""group"": 0, ""room"": 90, ""unknown_a3"": 0, ""position"": [-364.19439697265625, 0.0, -340.7170715332031], ""angles"": [0, 45056, 0], ""params"": [1.0, 1.0, 1.0, 2, 0, 0], ""unused_pointer"": 77052624}"
solo-extra-ep1/q031-bb-j,3,136,"{""base_type"": 769, ""set_flags"": 0, ""runtime_index"": 1262, ""file_offset"": 11048, ""floor_field"": 3, ""entity_id_field"": 17931, ""group"": 0, ""room"": 90, ""unknown_a3"": 0, ""position"": [-359.9619140625, 0.0, -358.8498229980469], ""angles"": [0, 57344, 0], ""params"": [1.0, 1.0, 1.0, 2, 0, 0], ""unused_pointer"": 77053472}"
solo-extra-ep1/q031-bb-j,3,137,"{""base_type"": 769, ""set_flags"": 0, ""runtime_index"": 1263, ""file_offset"": 11116, ""floor_field"": 3, ""entity_id_field"": 17932, ""group"": 0, ""room"": 90, ""unknown_a3"": 0, ""position"": [-359.1632385253906, 0.0, -376.2298583984375], ""angles"": [0, 65536, 0], ""params"": [1.0, 1.0, 1.0, 2, 0, 0], ""unused_pointer"": 77054320}"
solo-extra-ep1/q031-bb-j,3,138,"{""base_type"": 769, ""set_flags"": 0, ""runtime_index"": 1264, ""file_offset"": 11184, ""floor_field"": 3, ""entity_id_field"": 17933, ""group"": 0, ""room"": 90, ""unknown_a3"": 0, ""position"": [-356.16680908203125, 0.8035929203033447, -393.6978759765625], ""angles"": [0, 69632, 0], ""params"": [1.0, 1.0, 1.0, 2, 0, 0], ""unused_pointer"": 77055168}"
solo-extra-ep1/q031-bb-j,3,139,"{""base_type"": 769, ""set_flags"": 0, ""runtime_index"": 1265, ""file_offset"": 11252, ""floor_field"": 3, ""entity_id_field"": 17934, ""group"": 0, ""room"": 90, ""unknown_a3"": 0, ""position"": [-345.3814392089844, 0.8035929203033447, -405.5421142578125], ""angles"": [0, 81920, 0], ""params"": [1.0, 1.0, 1.0, 2, 0, 0], ""unused_pointer"": 77056016}"
solo-extra-ep1/q031-bb-j,3,140,"{""base_type"": 769, ""set_flags"": 0, ""runtime_index"": 1266, ""file_offset"": 11320, ""floor_field"": 3, ""entity_id_field"": 17935, ""group"": 0, ""room"": 90, ""unknown_a3"": 0, ""position"": [-335.0723571777344, 0.8035929203033447, -418.28643798828125], ""angles"": [0, 90112, 0], ""params"": [1.0, 1.0, 1.0, 2, 0, 0], ""unused_pointer"": 77056864}"
solo-extra-ep1/q031-bb-j,3,141,"{""base_type"": 769, ""set_flags"": 0, ""runtime_index"": 1267, ""file_offset"": 11388, ""floor_field"": 3, ""entity_id_field"": 17936, ""group"": 0, ""room"": 90, ""unknown_a3"": 0, ""position"": [-324.27105712890625, 0.8035929203033447, -430.3643493652344], ""angles"": [0, 98304, 0], ""params"": [1.0, 1.0, 1.0, 2, 0, 0], ""unused_pointer"": 77057712}"
solo-extra-ep1/q031-bb-j,3,142,"{""base_type"": 769, ""set_flags"": 0, ""runtime_index"": 1268, ""file_offset"": 11456, ""floor_field"": 3, ""entity_id_field"": 17937, ""group"": 0, ""room"": 90, ""unknown_a3"": 0, ""position"": [-309.71881103515625, 0.8035929203033447, -444.5965881347656], ""angles"": [0, 102400, 0], ""params"": [1.0, 1.0, 1.0, 2, 0, 0], ""unused_pointer"": 77058560}"
solo-extra-ep1/q031-bb-j,3,143,"{""base_type"": 769, ""set_flags"": 0, ""runtime_index"": 1269, ""file_offset"": 11524, ""floor_field"": 3, ""entity_id_field"": 17938, ""group"": 0, ""room"": 90, ""unknown_a3"": 0, ""position"": [-295.12890625, 0.8035929203033447, -456.0837097167969], ""angles"": [0, 114688, 0], ""params"": [1.0, 1.0, 1.0, 2, 0, 0], ""unused_pointer"": 77059408}"
solo-extra-ep1/q031-bb-j,3,144,"{""base_type"": 769, ""set_flags"": 0, ""runtime_index"": 1270, ""file_offset"": 11592, ""floor_field"": 3, ""entity_id_field"": 17939, ""group"": 0, ""room"": 90, ""unknown_a3"": 0, ""position"": [-281.3277893066406, 0.8035929203033447, -471.0985107421875], ""angles"": [0, 106496, 0], ""params"": [1.0, 1.0, 1.0, 2, 0, 0], ""unused_pointer"": 77060256}"
solo-extra-ep1/q031-bb-j,3,145,"{""base_type"": 769, ""set_flags"": 0, ""runtime_index"": 1271, ""file_offset"": 11660, ""floor_field"": 3, ""entity_id_field"": 17940, ""group"": 0, ""room"": 90, ""unknown_a3"": 0, ""position"": [-265.412353515625, 0.8035929203033447, -483.7681884765625], ""angles"": [0, 81920, 0], ""params"": [1.0, 1.0, 1.0, 2, 0, 0], ""unused_pointer"": 77061104}"
solo-extra-ep1/q031-bb-j,3,146,"{""base_type"": 769, ""set_flags"": 0, ""runtime_index"": 1272, ""file_offset"": 11728, ""floor_field"": 3, ""entity_id_field"": 17941, ""group"": 0, ""room"": 90, ""unknown_a3"": 0, ""position"": [-248.67027282714844, 0.8035929203033447, -495.2281494140625], ""angles"": [0, 106496, 0], ""params"": [1.0, 1.0, 1.0, 2, 0, 0], ""unused_pointer"": 77061952}"
solo-extra-ep1/q031-bb-j,3,147,"{""base_type"": 769, ""set_flags"": 0, ""runtime_index"": 1273, ""file_offset"": 11796, ""floor_field"": 3, ""entity_id_field"": 17942, ""group"": 0, ""room"": 90, ""unknown_a3"": 0, ""position"": [-229.11985778808594, 0.8035929203033447, -495.9178771972656], ""angles"": [0, 98304, 0], ""params"": [1.0, 1.0, 1.0, 2, 0, 0], ""unused_pointer"": 77062800}"
solo-extra-ep1/q031-bb-j,3,148,"{""base_type"": 769, ""set_flags"": 0, ""runtime_index"": 1274, ""file_offset"": 11864, ""floor_field"": 3, ""entity_id_field"": 17943, ""group"": 0, ""room"": 90, ""unknown_a3"": 0, ""position"": [-213.37203979492188, 0.8035929203033447, -495.6566162109375], ""angles"": [0, 86016, 0], ""params"": [1.0, 1.0, 1.0, 2, 0, 0], ""unused_pointer"": 77063648}"
solo-extra-ep1/q031-bb-j,3,149,"{""base_type"": 769, ""set_flags"": 0, ""runtime_index"": 1275, ""file_offset"": 11932, ""floor_field"": 3, ""entity_id_field"": 17944, ""group"": 0, ""room"": 90, ""unknown_a3"": 0, ""position"": [-196.275146484375, 0.8035929203033447, -491.9715576171875], ""angles"": [0, 94208, 0], ""params"": [1.0, 1.0, 1.0, 2, 0, 0], ""unused_pointer"": 77064496}"
solo-extra-ep1/q031-bb-j,3,150,"{""base_type"": 769, ""set_flags"": 0, ""runtime_index"": 1276, ""file_offset"": 12000, ""floor_field"": 3, ""entity_id_field"": 17945, ""group"": 0, ""room"": 90, ""unknown_a3"": 0, ""position"": [-177.47601318359375, 0.8035929203033447, -486.01593017578125], ""angles"": [0, 118784, 0], ""params"": [1.0, 1.0, 1.0, 2, 0, 0], ""unused_pointer"": 77065344}"
solo-extra-ep1/q031-bb-j,3,151,"{""base_type"": 769, ""set_flags"": 0, ""runtime_index"": 1277, ""file_offset"": 12068, ""floor_field"": 3, ""entity_id_field"": 17946, ""group"": 0, ""room"": 90, ""unknown_a3"": 0, ""position"": [-159.75933837890625, 0.0, -480.4662780761719], ""angles"": [0, 131072, 0], ""params"": [1.0, 1.0, 1.0, 2, 0, 0], ""unused_pointer"": 77066192}"
solo-extra-ep1/q031-bb-j,3,152,"{""base_type"": 769, ""set_flags"": 0, ""runtime_index"": 1278, ""file_offset"": 12136, ""floor_field"": 3, ""entity_id_field"": 17947, ""group"": 0, ""room"": 90, ""unknown_a3"": 0, ""position"": [-145.04864501953125, 0.0, -466.5939025878906], ""angles"": [0, 139264, 0], ""params"": [1.0, 1.0, 1.0, 2, 0, 0], ""unused_pointer"": 77067040}"
solo-extra-ep1/q031-bb-j,3,153,"{""base_type"": 769, ""set_flags"": 0, ""runtime_index"": 1279, ""file_offset"": 12204, ""floor_field"": 3, ""entity_id_field"": 17948, ""group"": 0, ""room"": 90, ""unknown_a3"": 0, ""position"": [-133.56016540527344, 0.0, -453.5282287597656], ""angles"": [0, 131072, 0], ""params"": [1.0, 1.0, 1.0, 2, 0, 0], ""unused_pointer"": 77067888}"
solo-extra-ep1/q031-bb-j,3,154,"{""base_type"": 769, ""set_flags"": 0, ""runtime_index"": 1280, ""file_offset"": 12272, ""floor_field"": 3, ""entity_id_field"": 17949, ""group"": 0, ""room"": 90, ""unknown_a3"": 0, ""position"": [-120.0154037475586, 0.0, -438.40704345703125], ""angles"": [0, 143360, 0], ""params"": [1.0, 1.0, 1.0, 2, 0, 0], ""unused_pointer"": 77068736}"
solo-extra-ep1/q031-bb-j,3,155,"{""base_type"": 769, ""set_flags"": 0, ""runtime_index"": 1281, ""file_offset"": 12340, ""floor_field"": 3, ""entity_id_field"": 17950, ""group"": 0, ""room"": 90, ""unknown_a3"": 0, ""position"": [-110.91991424560547, 0.0, -421.13751220703125], ""angles"": [0, 135168, 0], ""params"": [1.0, 1.0, 1.0, 2, 0, 0], ""unused_pointer"": 77069584}"
solo-extra-ep1/q031-bb-j,3,156,"{""base_type"": 769, ""set_flags"": 0, ""runtime_index"": 1282, ""file_offset"": 12408, ""floor_field"": 3, ""entity_id_field"": 17951, ""group"": 0, ""room"": 90, ""unknown_a3"": 0, ""position"": [-106.95207214355469, 0.0, -405.568115234375], ""angles"": [0, 106496, 0], ""params"": [1.0, 1.0, 1.0, 2, 0, 0], ""unused_pointer"": 77070432}"
solo-extra-ep1/q031-bb-j,3,157,"{""base_type"": 769, ""set_flags"": 0, ""runtime_index"": 1283, ""file_offset"": 12476, ""floor_field"": 3, ""entity_id_field"": 17952, ""group"": 0, ""room"": 90, ""unknown_a3"": 0, ""position"": [-104.83369445800781, 0.0, -385.10833740234375], ""angles"": [0, 98304, 0], ""params"": [1.0, 1.0, 1.0, 2, 0, 0], ""unused_pointer"": 77071280}"
solo-extra-ep1/q031-bb-j,3,158,"{""base_type"": 769, ""set_flags"": 0, ""runtime_index"": 1284, ""file_offset"": 12544, ""floor_field"": 3, ""entity_id_field"": 17953, ""group"": 0, ""room"": 90, ""unknown_a3"": 0, ""position"": [-105.34173583984375, 0.0, -369.7023010253906], ""angles"": [0, 106496, 0], ""params"": [1.0, 1.0, 1.0, 2, 0, 0], ""unused_pointer"": 77072128}"
solo-extra-ep1/q031-bb-j,3,159,"{""base_type"": 769, ""set_flags"": 0, ""runtime_index"": 1285, ""file_offset"": 12612, ""floor_field"": 3, ""entity_id_field"": 17954, ""group"": 0, ""room"": 90, ""unknown_a3"": 0, ""position"": [-106.09625244140625, 0.0, -349.7057800292969], ""angles"": [0, 131072, 0], ""params"": [1.0, 1.0, 1.0, 2, 0, 0], ""unused_pointer"": 77072976}"
solo-extra-ep1/q031-bb-j,3,160,"{""base_type"": 769, ""set_flags"": 0, ""runtime_index"": 1286, ""file_offset"": 12680, ""floor_field"": 3, ""entity_id_field"": 17955, ""group"": 0, ""room"": 90, ""unknown_a3"": 0, ""position"": [-106.1085433959961, 0.0, -330.5296325683594], ""angles"": [0, 139264, 0], ""params"": [1.0, 1.0, 1.0, 2, 0, 0], ""unused_pointer"": 77073824}"
solo-extra-ep1/q031-bb-j,3,161,"{""base_type"": 769, ""set_flags"": 0, ""runtime_index"": 1287, ""file_offset"": 12748, ""floor_field"": 3, ""entity_id_field"": 17956, ""group"": 0, ""room"": 90, ""unknown_a3"": 0, ""position"": [-106.25797271728516, 0.0, -311.6783142089844], ""angles"": [0, 143360, 0], ""params"": [1.0, 1.0, 1.0, 2, 0, 0], ""unused_pointer"": 77074672}"
solo-extra-ep1/q031-bb-j,3,162,"{""base_type"": 769, ""set_flags"": 0, ""runtime_index"": 1288, ""file_offset"": 12816, ""floor_field"": 3, ""entity_id_field"": 17957, ""group"": 0, ""room"": 90, ""unknown_a3"": 0, ""position"": [-111.68590545654297, 0.0, -293.26611328125], ""angles"": [0, 135168, 0], ""params"": [1.0, 1.0, 1.0, 2, 0, 0], ""unused_pointer"": 77075520}"
solo-extra-ep1/q031-bb-j,3,163,"{""base_type"": 769, ""set_flags"": 0, ""runtime_index"": 1289, ""file_offset"": 12884, ""floor_field"": 3, ""entity_id_field"": 17958, ""group"": 0, ""room"": 90, ""unknown_a3"": 0, ""position"": [-118.32711029052734, 0.0, -277.5491638183594], ""angles"": [0, 143360, 0], ""params"": [1.0, 1.0, 1.0, 2, 0, 0], ""unused_pointer"": 77076368}"
solo-extra-ep1/q031-bb-j,3,164,"{""base_type"": 769, ""set_flags"": 0, ""runtime_index"": 1290, ""file_offset"": 12952, ""floor_field"": 3, ""entity_id_field"": 17959, ""group"": 0, ""room"": 90, ""unknown_a3"": 0, ""position"": [-122.99601745605469, 0.0, -260.3367614746094], ""angles"": [0, 118784, 0], ""params"": [1.0, 1.0, 1.0, 2, 0, 0], ""unused_pointer"": 77077216}"
solo-extra-ep1/q031-bb-j,3,165,"{""base_type"": 769, ""set_flags"": 0, ""runtime_index"": 1291, ""file_offset"": 13020, ""floor_field"": 3, ""entity_id_field"": 17960, ""group"": 0, ""room"": 90, ""unknown_a3"": 0, ""position"": [-133.1471405029297, 0.0, -241.66665649414062], ""angles"": [0, 122880, 0], ""params"": [1.0, 1.0, 1.0, 2, 0, 0], ""unused_pointer"": 77078064}"
solo-extra-ep1/q031-bb-j,3,166,"{""base_type"": 769, ""set_flags"": 0, ""runtime_index"": 1292, ""file_offset"": 13088, ""floor_field"": 3, ""entity_id_field"": 17961, ""group"": 0, ""room"": 90, ""unknown_a3"": 0, ""position"": [-143.34889221191406, 0.0, -228.98793029785156], ""angles"": [0, 131072, 0], ""params"": [1.0, 1.0, 1.0, 2, 0, 0], ""unused_pointer"": 77078912}"
solo-extra-ep1/q031-bb-j,3,167,"{""base_type"": 769, ""set_flags"": 0, ""runtime_index"": 1293, ""file_offset"": 13156, ""floor_field"": 3, ""entity_id_field"": 17962, ""group"": 0, ""room"": 90, ""unknown_a3"": 0, ""position"": [-156.1389617919922, 0.0, -216.07424926757812], ""angles"": [0, 122880, 0], ""params"": [1.0, 1.0, 1.0, 2, 0, 0], ""unused_pointer"": 77079760}"
solo-extra-ep1/q031-bb-j,3,168,"{""base_type"": 769, ""set_flags"": 0, ""runtime_index"": 1294, ""file_offset"": 13224, ""floor_field"": 3, ""entity_id_field"": 17963, ""group"": 0, ""room"": 90, ""unknown_a3"": 0, ""position"": [-171.42874145507812, 0.0, -204.63702392578125], ""angles"": [0, 131072, 0], ""params"": [1.0, 1.0, 1.0, 2, 0, 0], ""unused_pointer"": 77080608}"
solo-extra-ep1/q031-bb-j,3,169,"{""base_type"": 769, ""set_flags"": 0, ""runtime_index"": 1295, ""file_offset"": 13292, ""floor_field"": 3, ""entity_id_field"": 17964, ""group"": 0, ""room"": 90, ""unknown_a3"": 0, ""position"": [-190.61346435546875, 0.0, -203.45399475097656], ""angles"": [0, 139264, 0], ""params"": [1.0, 1.0, 1.0, 2, 0, 0], ""unused_pointer"": 77081456}"
solo-extra-ep1/q031-bb-j,3,170,"{""base_type"": 769, ""set_flags"": 0, ""runtime_index"": 1296, ""file_offset"": 13360, ""floor_field"": 3, ""entity_id_field"": 17965, ""group"": 0, ""room"": 90, ""unknown_a3"": 0, ""position"": [-211.2745819091797, 0.0, -201.64801025390625], ""angles"": [0, 147456, 0], ""params"": [1.0, 1.0, 1.0, 2, 0, 0], ""unused_pointer"": 77082304}"
solo-extra-ep1/q031-bb-j,3,171,"{""base_type"": 769, ""set_flags"": 0, ""runtime_index"": 1297, ""file_offset"": 13428, ""floor_field"": 3, ""entity_id_field"": 17966, ""group"": 0, ""room"": 90, ""unknown_a3"": 0, ""position"": [-231.73118591308594, 0.0, -201.86373901367188], ""angles"": [0, 139264, 0], ""params"": [1.0, 1.0, 1.0, 2, 0, 0], ""unused_pointer"": 77083152}"
solo-extra-ep1/q031-bb-j,3,172,"{""base_type"": 769, ""set_flags"": 0, ""runtime_index"": 1298, ""file_offset"": 13496, ""floor_field"": 3, ""entity_id_field"": 17967, ""group"": 0, ""room"": 90, ""unknown_a3"": 0, ""position"": [-247.84494018554688, 0.0, -197.3935546875], ""angles"": [0, 151552, 0], ""params"": [1.0, 1.0, 1.0, 2, 0, 0], ""unused_pointer"": 77084000}"
solo-extra-ep1/q031-bb-j,3,173,"{""base_type"": 769, ""set_flags"": 0, ""runtime_index"": 1299, ""file_offset"": 13564, ""floor_field"": 3, ""entity_id_field"": 17968, ""group"": 0, ""room"": 90, ""unknown_a3"": 0, ""position"": [-263.83612060546875, 0.0, -193.88595581054688], ""angles"": [0, 155648, 0], ""params"": [1.0, 1.0, 1.0, 2, 0, 0], ""unused_pointer"": 77084848}"
solo-extra-ep1/q033-bb-e,5,74,"{""base_type"": 769, ""set_flags"": 0, ""runtime_index"": 1524, ""file_offset"": 6832, ""floor_field"": 5, ""entity_id_field"": 17947, ""group"": 0, ""room"": 30, ""unknown_a3"": 0, ""position"": [60.99310302734375, 15.654754638671875, 463.4034423828125], ""angles"": [0, 0, 0], ""params"": [1.0, 1.0, 1.0, 2, 0, 0], ""unused_pointer"": 36223120}"
solo-extra-ep1/q033-bb-e,5,75,"{""base_type"": 769, ""set_flags"": 0, ""runtime_index"": 1525, ""file_offset"": 6900, ""floor_field"": 5, ""entity_id_field"": 17948, ""group"": 0, ""room"": 30, ""unknown_a3"": 0, ""position"": [77.57608032226562, 15.10760498046875, 465.3427734375], ""angles"": [0, 0, 0], ""params"": [1.0, 1.0, 1.0, 1, 0, 0], ""unused_pointer"": 36223968}"
solo-extra-ep1/q033-bb-e,5,76,"{""base_type"": 769, ""set_flags"": 0, ""runtime_index"": 1526, ""file_offset"": 6968, ""floor_field"": 5, ""entity_id_field"": 17949, ""group"": 0, ""room"": 30, ""unknown_a3"": 0, ""position"": [76.35336303710938, 16.992279052734375, 481.8172607421875], ""angles"": [0, 0, 0], ""params"": [1.0, 1.0, 1.0, 1, 0, 0], ""unused_pointer"": 36224816}"
solo-extra-ep1/q033-bb-e,5,77,"{""base_type"": 769, ""set_flags"": 0, ""runtime_index"": 1527, ""file_offset"": 7036, ""floor_field"": 5, ""entity_id_field"": 17950, ""group"": 0, ""room"": 30, ""unknown_a3"": 0, ""position"": [90.58682250976562, 15.647674560546875, 475.598388671875], ""angles"": [0, 0, 0], ""params"": [1.0, 1.0, 1.0, 1, 0, 0], ""unused_pointer"": 36225664}"
solo-extra-ep1/q033-bb-e,5,78,"{""base_type"": 769, ""set_flags"": 0, ""runtime_index"": 1528, ""file_offset"": 7104, ""floor_field"": 5, ""entity_id_field"": 17951, ""group"": 0, ""room"": 30, ""unknown_a3"": 0, ""position"": [62.26397705078125, 13.652557373046875, 445.8902587890625], ""angles"": [0, 0, 0], ""params"": [1.0, 1.0, 1.0, 1, 0, 0], ""unused_pointer"": 36226512}"
solo-extra-ep1/q033-bb-e,5,79,"{""base_type"": 769, ""set_flags"": 0, ""runtime_index"": 1669, ""file_offset"": 7172, ""floor_field"": 5, ""entity_id_field"": 18126, ""group"": 0, ""room"": 30, ""unknown_a3"": 0, ""position"": [32.441864013671875, 23.59844970703125, 523.1488037109375], ""angles"": [0, 0, 0], ""params"": [1.0, 1.0, 1.0, 1, 0, 0], ""unused_pointer"": 36341664}"
solo-extra-ep1/q033-bb-e,5,80,"{""base_type"": 769, ""set_flags"": 0, ""runtime_index"": 1530, ""file_offset"": 7240, ""floor_field"": 5, ""entity_id_field"": 17953, ""group"": 0, ""room"": 30, ""unknown_a3"": 0, ""position"": [26.865234375, 22.323333740234375, 509.349853515625], ""angles"": [0, 0, 0], ""params"": [1.0, 1.0, 1.0, 0, 0, 0], ""unused_pointer"": 36228208}"
solo-extra-ep1/q033-bb-e,5,81,"{""base_type"": 769, ""set_flags"": 0, ""runtime_index"": 1531, ""file_offset"": 7308, ""floor_field"": 5, ""entity_id_field"": 17954, ""group"": 0, ""room"": 30, ""unknown_a3"": 0, ""position"": [104.86843872070312, 7.829498291015625, 411.0731201171875], ""angles"": [0, 16384, 0], ""params"": [1.0, 1.0, 1.0, 2, 0, 0], ""unused_pointer"": 36229056}"
solo-extra-ep1/q033-bb-e,5,82,"{""base_type"": 769, ""set_flags"": 0, ""runtime_index"": 1532, ""file_offset"": 7376, ""floor_field"": 5, ""entity_id_field"": 17955, ""group"": 0, ""room"": 30, ""unknown_a3"": 0, ""position"": [89.7122802734375, 8.211517333984375, 408.23681640625], ""angles"": [0, 16384, 0], ""params"": [1.0, 1.0, 1.0, 1, 0, 0], ""unused_pointer"": 36229904}"
solo-extra-ep1/q033-bb-e,5,83,"{""base_type"": 769, ""set_flags"": 0, ""runtime_index"": 1533, ""file_offset"": 7444, ""floor_field"": 5, ""entity_id_field"": 17956, ""group"": 0, ""room"": 30, ""unknown_a3"": 0, ""position"": [121.80612182617188, 9.32818603515625, 428.71630859375], ""angles"": [0, 16384, 0], ""params"": [1.0, 1.0, 1.0, 0, 0, 0], ""unused_pointer"": 36230752}"
solo-extra-ep1/q033-bb-e,5,84,"{""base_type"": 769, ""set_flags"": 0, ""runtime_index"": 1534, ""file_offset"": 7512, ""floor_field"": 5, ""entity_id_field"": 17957, ""group"": 0, ""room"": 30, ""unknown_a3"": 0, ""position"": [131.18341064453125, 8.700775146484375, 425.4803466796875], ""angles"": [0, 16384, 0], ""params"": [1.0, 1.0, 1.0, 1, 0, 0], ""unused_pointer"": 36231600}"
solo-extra-ep1/q033-bb-e,5,85,"{""base_type"": 769, ""set_flags"": 0, ""runtime_index"": 1535, ""file_offset"": 7580, ""floor_field"": 5, ""entity_id_field"": 17958, ""group"": 0, ""room"": 30, ""unknown_a3"": 0, ""position"": [165.26300048828125, 2.4605712890625, 370.9788818359375], ""angles"": [0, 16384, 0], ""params"": [1.0, 1.0, 1.0, 1, 0, 0], ""unused_pointer"": 36232448}"
solo-extra-ep1/q033-bb-e,5,86,"{""base_type"": 769, ""set_flags"": 0, ""runtime_index"": 1536, ""file_offset"": 7648, ""floor_field"": 5, ""entity_id_field"": 17959, ""group"": 0, ""room"": 30, ""unknown_a3"": 0, ""position"": [159.34457397460938, 3.40484619140625, 381.7451171875], ""angles"": [0, 16384, 0], ""params"": [1.0, 1.0, 1.0, 0, 0, 0], ""unused_pointer"": 36233296}"
solo-extra-ep1/q033-bb-e,5,87,"{""base_type"": 769, ""set_flags"": 0, ""runtime_index"": 1537, ""file_offset"": 7716, ""floor_field"": 5, ""entity_id_field"": 17960, ""group"": 0, ""room"": 30, ""unknown_a3"": 0, ""position"": [144.5631103515625, 1.08270263671875, 356.654052734375], ""angles"": [0, 16384, 0], ""params"": [1.0, 1.0, 1.0, 2, 0, 0], ""unused_pointer"": 36234144}"
solo-extra-ep1/q033-bb-e,5,88,"{""base_type"": 769, ""set_flags"": 0, ""runtime_index"": 1538, ""file_offset"": 7784, ""floor_field"": 5, ""entity_id_field"": 17961, ""group"": 0, ""room"": 30, ""unknown_a3"": 0, ""position"": [125.86129760742188, 1.663543701171875, 362.5130615234375], ""angles"": [0, 40960, 0], ""params"": [1.0, 1.0, 1.0, 2, 0, 0], ""unused_pointer"": 36234992}"
solo-extra-ep1/q033-bb-e,5,89,"{""base_type"": 769, ""set_flags"": 0, ""runtime_index"": 1539, ""file_offset"": 7852, ""floor_field"": 5, ""entity_id_field"": 17962, ""group"": 0, ""room"": 30, ""unknown_a3"": 0, ""position"": [191.50294494628906, -3.04754638671875, 314.4281005859375], ""angles"": [0, 40960, 0], ""params"": [1.0, 1.0, 1.0, 2, 0, 0], ""unused_pointer"": 36235840}"
solo-extra-ep1/q033-bb-e,5,90,"{""base_type"": 769, ""set_flags"": 0, ""runtime_index"": 1540, ""file_offset"": 7920, ""floor_field"": 5, ""entity_id_field"": 17963, ""group"": 0, ""room"": 30, ""unknown_a3"": 0, ""position"": [171.51565551757812, -3.266021728515625, 311.109130859375], ""angles"": [0, 61440, 0], ""params"": [1.0, 1.0, 1.0, 2, 0, 0], ""unused_pointer"": 36236688}"
solo-extra-ep1/q033-bb-e,5,91,"{""base_type"": 769, ""set_flags"": 0, ""runtime_index"": 1541, ""file_offset"": 7988, ""floor_field"": 5, ""entity_id_field"": 17964, ""group"": 0, ""room"": 30, ""unknown_a3"": 0, ""position"": [209.54278564453125, -2.887542724609375, 316.1939697265625], ""angles"": [0, 49152, 0], ""params"": [1.0, 1.0, 1.0, 1, 0, 0], ""unused_pointer"": 36237536}"
solo-extra-ep1/q033-bb-e,5,92,"{""base_type"": 769, ""set_flags"": 0, ""runtime_index"": 1542, ""file_offset"": 8056, ""floor_field"": 5, ""entity_id_field"": 17965, ""group"": 0, ""room"": 30, ""unknown_a3"": 0, ""position"": [198.6074676513672, -1.6612548828125, 328.7506103515625], ""angles"": [0, 49152, 0], ""params"": [1.0, 1.0, 1.0, 0, 0, 0], ""unused_pointer"": 36238384}"
solo-extra-ep1/q033-bb-e,5,93,"{""base_type"": 769, ""set_flags"": 0, ""runtime_index"": 1543, ""file_offset"": 8124, ""floor_field"": 5, ""entity_id_field"": 17966, ""group"": 0, ""room"": 30, ""unknown_a3"": 0, ""position"": [237.41162109375, -6.47412109375, 284.2083740234375], ""angles"": [0, 49152, 0], ""params"": [1.0, 1.0, 1.0, 2, 0, 0], ""unused_pointer"": 36239232}"
solo-extra-ep1/q033-bb-e,5,94,"{""base_type"": 769, ""set_flags"": 0, ""runtime_index"": 1544, ""file_offset"": 8192, ""floor_field"": 5, ""entity_id_field"": 17967, ""group"": 0, ""room"": 30, ""unknown_a3"": 0, ""position"": [234.38778686523438, -7.88287353515625, 264.235595703125], ""angles"": [0, 49152, 0], ""params"": [1.0, 1.0, 1.0, 2, 0, 0], ""unused_pointer"": 36240080}"
solo-extra-ep1/q033-bb-e,5,95,"{""base_type"": 769, ""set_flags"": 0, ""runtime_index"": 1545, ""file_offset"": 8260, ""floor_field"": 5, ""entity_id_field"": 17968, ""group"": 0, ""room"": 30, ""unknown_a3"": 0, ""position"": [220.83160400390625, -6.980865478515625, 273.309326171875], ""angles"": [0, 49152, 0], ""params"": [1.0, 1.0, 1.0, 1, 0, 0], ""unused_pointer"": 36240928}"
solo-extra-ep1/q033-bb-e,5,96,"{""base_type"": 769, ""set_flags"": 0, ""runtime_index"": 1546, ""file_offset"": 8328, ""floor_field"": 5, ""entity_id_field"": 17969, ""group"": 0, ""room"": 30, ""unknown_a3"": 0, ""position"": [249.4049072265625, -6.550018310546875, 278.7384033203125], ""angles"": [0, 49152, 0], ""params"": [1.0, 1.0, 1.0, 1, 0, 0], ""unused_pointer"": 36241776}"
solo-extra-ep1/q033-bb-e,5,97,"{""base_type"": 769, ""set_flags"": 0, ""runtime_index"": 1547, ""file_offset"": 8396, ""floor_field"": 5, ""entity_id_field"": 17970, ""group"": 0, ""room"": 30, ""unknown_a3"": 0, ""position"": [272.10748291015625, -10.845001220703125, 233.98907470703125], ""angles"": [0, 49152, 0], ""params"": [1.0, 1.0, 1.0, 2, 0, 0], ""unused_pointer"": 36242624}"
solo-extra-ep1/q033-bb-e,5,98,"{""base_type"": 769, ""set_flags"": 0, ""runtime_index"": 1548, ""file_offset"": 8464, ""floor_field"": 5, ""entity_id_field"": 17971, ""group"": 0, ""room"": 30, ""unknown_a3"": 0, ""position"": [286.52435302734375, -11.44677734375, 228.28948974609375], ""angles"": [0, 49152, 0], ""params"": [1.0, 1.0, 1.0, 2, 0, 0], ""unused_pointer"": 36243472}"
solo-extra-ep1/q033-bb-e,5,99,"{""base_type"": 769, ""set_flags"": 0, ""runtime_index"": 1549, ""file_offset"": 8532, ""floor_field"": 5, ""entity_id_field"": 17972, ""group"": 0, ""room"": 30, ""unknown_a3"": 0, ""position"": [315.9573669433594, -17.0113525390625, 182.53155517578125], ""angles"": [0, 49152, 0], ""params"": [1.0, 1.0, 1.0, 1, 0, 0], ""unused_pointer"": 36244320}"
solo-extra-ep1/q033-bb-e,5,100,"{""base_type"": 769, ""set_flags"": 0, ""runtime_index"": 1550, ""file_offset"": 8600, ""floor_field"": 5, ""entity_id_field"": 17973, ""group"": 0, ""room"": 30, ""unknown_a3"": 0, ""position"": [302.4964599609375, -15.89678955078125, 184.3975830078125], ""angles"": [0, 49152, 0], ""params"": [1.0, 1.0, 1.0, 1, 0, 0], ""unused_pointer"": 36245168}"
solo-extra-ep1/q033-bb-e,5,101,"{""base_type"": 769, ""set_flags"": 0, ""runtime_index"": 1551, ""file_offset"": 8668, ""floor_field"": 5, ""entity_id_field"": 17974, ""group"": 0, ""room"": 30, ""unknown_a3"": 0, ""position"": [310.386962890625, -16.02935791015625, 189.2752685546875], ""angles"": [0, 49152, 0], ""params"": [1.0, 1.0, 1.0, 1, 0, 0], ""unused_pointer"": 36246016}"
solo-extra-ep1/q033-bb-e,5,102,"{""base_type"": 769, ""set_flags"": 0, ""runtime_index"": 1552, ""file_offset"": 8736, ""floor_field"": 5, ""entity_id_field"": 17975, ""group"": 0, ""room"": 30, ""unknown_a3"": 0, ""position"": [304.12786865234375, -16.486328125, 178.9600830078125], ""angles"": [0, 49152, 0], ""params"": [1.0, 1.0, 1.0, 0, 0, 0], ""unused_pointer"": 36246864}"
solo-extra-ep1/q033-bb-e,5,103,"{""base_type"": 769, ""set_flags"": 0, ""runtime_index"": 1553, ""file_offset"": 8804, ""floor_field"": 5, ""entity_id_field"": 17976, ""group"": 0, ""room"": 30, ""unknown_a3"": 0, ""position"": [323.353759765625, -23.0107421875, 119.73388671875], ""angles"": [0, 49152, 0], ""params"": [1.0, 1.0, 1.0, 2, 0, 0], ""unused_pointer"": 36247712}"
solo-extra-ep1/q033-bb-e,5,104,"{""base_type"": 769, ""set_flags"": 0, ""runtime_index"": 1554, ""file_offset"": 8872, ""floor_field"": 5, ""entity_id_field"": 17977, ""group"": 0, ""room"": 30, ""unknown_a3"": 0, ""position"": [338.00823974609375, -22.9246826171875, 132.60333251953125], ""angles"": [0, 49152, 0], ""params"": [1.0, 1.0, 1.0, 2, 0, 0], ""unused_pointer"": 36248560}"
solo-extra-ep1/q033-bb-e,5,105,"{""base_type"": 769, ""set_flags"": 0, ""runtime_index"": 1555, ""file_offset"": 8940, ""floor_field"": 5, ""entity_id_field"": 17978, ""group"": 0, ""room"": 30, ""unknown_a3"": 0, ""position"": [348.413330078125, -27.582275390625, 59.451904296875], ""angles"": [0, 49152, 0], ""params"": [1.0, 1.0, 1.0, 2, 0, 0], ""unused_pointer"": 36249408}"
solo-extra-ep1/q033-bb-e,5,106,"{""base_type"": 769, ""set_flags"": 0, ""runtime_index"": 1556, ""file_offset"": 9008, ""floor_field"": 5, ""entity_id_field"": 17979, ""group"": 0, ""room"": 30, ""unknown_a3"": 0, ""position"": [344.90386962890625, -28.104766845703125, 44.38909912109375], ""angles"": [0, 49152, 0], ""params"": [1.0, 1.0, 1.0, 0, 0, 0], ""unused_pointer"": 36250256}"
solo-extra-ep1/q033-bb-e,5,107,"{""base_type"": 769, ""set_flags"": 0, ""runtime_index"": 1557, ""file_offset"": 9076, ""floor_field"": 5, ""entity_id_field"": 17980, ""group"": 0, ""room"": 30, ""unknown_a3"": 0, ""position"": [349.3377380371094, -28.160308837890625, 48.326416015625], ""angles"": [0, 49152, 0], ""params"": [1.0, 1.0, 1.0, 0, 0, 0], ""unused_pointer"": 36251104}"
solo-extra-ep1/q033-bb-e,5,108,"{""base_type"": 769, ""set_flags"": 0, ""runtime_index"": 1558, ""file_offset"": 9144, ""floor_field"": 5, ""entity_id_field"": 17981, ""group"": 0, ""room"": 30, ""unknown_a3"": 0, ""position"": [357.4378662109375, -27.486114501953125, 71.8782958984375], ""angles"": [0, 49152, 0], ""params"": [1.0, 1.0, 1.0, 0, 0, 0], ""unused_pointer"": 36251952}"
solo-extra-ep1/q033-bb-e,5,109,"{""base_type"": 769, ""set_flags"": 0, ""runtime_index"": 1559, ""file_offset"": 9212, ""floor_field"": 5, ""entity_id_field"": 17982, ""group"": 0, ""room"": 30, ""unknown_a3"": 0, ""position"": [363.9943542480469, -28.838714599609375, 50.906005859375], ""angles"": [0, 49152, 0], ""params"": [1.0, 1.0, 1.0, 0, 0, 0], ""unused_pointer"": 36252800}"
solo-extra-ep1/q033-bb-e,5,110,"{""base_type"": 769, ""set_flags"": 0, ""runtime_index"": 1560, ""file_offset"": 9280, ""floor_field"": 5, ""entity_id_field"": 17983, ""group"": 0, ""room"": 30, ""unknown_a3"": 0, ""position"": [357.3945007324219, -30.66357421875, -13.50006103515625], ""angles"": [0, 49152, 0], ""params"": [1.0, 1.0, 1.0, 2, 0, 0], ""unused_pointer"": 36253648}"
solo-extra-ep1/q033-bb-e,5,111,"{""base_type"": 769, ""set_flags"": 0, ""runtime_index"": 1561, ""file_offset"": 9348, ""floor_field"": 5, ""entity_id_field"": 17984, ""group"": 0, ""room"": 30, ""unknown_a3"": 0, ""position"": [372.748046875, -30.592498779296875, -2.8182373046875], ""angles"": [0, 49152, 0], ""params"": [1.0, 1.0, 1.0, 1, 0, 0], ""unused_pointer"": 36254496}"
solo-extra-ep1/q033-bb-e,5,112,"{""base_type"": 769, ""set_flags"": 0, ""runtime_index"": 1562, ""file_offset"": 9416, ""floor_field"": 5, ""entity_id_field"": 17985, ""group"": 0, ""room"": 30, ""unknown_a3"": 0, ""position"": [340.74981689453125, -30.157470703125, -3.6885986328125], ""angles"": [0, 49152, 0], ""params"": [1.0, 1.0, 1.0, 1, 0, 0], ""unused_pointer"": 36255344}"
solo-extra-ep1/q033-bb-e,5,113,"{""base_type"": 769, ""set_flags"": 0, ""runtime_index"": 1563, ""file_offset"": 9484, ""floor_field"": 5, ""entity_id_field"": 17986, ""group"": 0, ""room"": 30, ""unknown_a3"": 0, ""position"": [328.7459716796875, -32.821624755859375, -75.47314453125], ""angles"": [0, 61440, 0], ""params"": [1.0, 1.0, 1.0, 2, 0, 0], ""unused_pointer"": 36256192}"
solo-extra-ep1/q033-bb-e,5,114,"{""base_type"": 769, ""set_flags"": 0, ""runtime_index"": 1564, ""file_offset"": 9552, ""floor_field"": 5, ""entity_id_field"": 17987, ""group"": 0, ""room"": 30, ""unknown_a3"": 0, ""position"": [341.23992919921875, -33.582672119140625, -86.29510498046875], ""angles"": [0, 45056, 0], ""params"": [1.0, 1.0, 1.0, 1, 0, 0], ""unused_pointer"": 36257040}"
solo-extra-ep1/q033-bb-e,5,115,"{""base_type"": 769, ""set_flags"": 0, ""runtime_index"": 1565, ""file_offset"": 9620, ""floor_field"": 5, ""entity_id_field"": 17988, ""group"": 0, ""room"": 30, ""unknown_a3"": 0, ""position"": [346.76959228515625, -33.110595703125, -76.92584228515625], ""angles"": [0, 45056, 0], ""params"": [1.0, 1.0, 1.0, 1, 0, 0], ""unused_pointer"": 36257888}"
solo-extra-ep1/q033-bb-e,5,116,"{""base_type"": 769, ""set_flags"": 0, ""runtime_index"": 1566, ""file_offset"": 9688, ""floor_field"": 5, ""entity_id_field"": 17989, ""group"": 0, ""room"": 30, ""unknown_a3"": 0, ""position"": [322.68170166015625, -31.737701416015625, -63.544921875], ""angles"": [0, 45056, 0], ""params"": [1.0, 1.0, 1.0, 1, 0, 0], ""unused_pointer"": 36258736}"
solo-extra-ep1/q033-bb-e,5,117,"{""base_type"": 769, ""set_flags"": 0, ""runtime_index"": 1567, ""file_offset"": 9756, ""floor_field"": 5, ""entity_id_field"": 17990, ""group"": 0, ""room"": 30, ""unknown_a3"": 0, ""position"": [163.62591552734375, -27.843505859375, -19.43310546875], ""angles"": [0, 45056, 0], ""params"": [1.0, 1.0, 1.0, 2, 0, 0], ""unused_pointer"": 36259584}"
solo-extra-ep1/q033-bb-e,5,118,"{""base_type"": 769, ""set_flags"": 0, ""runtime_index"": 1568, ""file_offset"": 9824, ""floor_field"": 5, ""entity_id_field"": 17991, ""group"": 0, ""room"": 30, ""unknown_a3"": 0, ""position"": [149.84674072265625, -27.983184814453125, -28.07720947265625], ""angles"": [0, 45056, 0], ""params"": [1.0, 1.0, 1.0, 1, 0, 0], ""unused_pointer"": 36260432}"
solo-extra-ep1/q033-bb-e,5,119,"{""base_type"": 769, ""set_flags"": 0, ""runtime_index"": 1569, ""file_offset"": 9892, ""floor_field"": 5, ""entity_id_field"": 17992, ""group"": 0, ""room"": 30, ""unknown_a3"": 0, ""position"": [155.29983520507812, -28.724884033203125, -41.41119384765625], ""angles"": [0, 45056, 0], ""params"": [1.0, 1.0, 1.0, 0, 0, 0], ""unused_pointer"": 36261280}"
solo-extra-ep1/q033-bb-e,5,120,"{""base_type"": 769, ""set_flags"": 0, ""runtime_index"": 1570, ""file_offset"": 9960, ""floor_field"": 5, ""entity_id_field"": 17993, ""group"": 0, ""room"": 30, ""unknown_a3"": 0, ""position"": [118.602783203125, -25.09283447265625, 19.74652099609375], ""angles"": [0, 45056, 0], ""params"": [1.0, 1.0, 1.0, 2, 0, 0], ""unused_pointer"": 36262128}"
solo-extra-ep1/q033-bb-e,5,121,"{""base_type"": 769, ""set_flags"": 0, ""runtime_index"": 1571, ""file_offset"": 10028, ""floor_field"": 5, ""entity_id_field"": 17994, ""group"": 0, ""room"": 30, ""unknown_a3"": 0, ""position"": [84.933349609375, -25.09283447265625, 51.23016357421875], ""angles"": [0, 45056, 0], ""params"": [1.0, 1.0, 1.0, 2, 0, 0], ""unused_pointer"": 36262976}"
solo-extra-ep1/q033-bb-e,5,122,"{""base_type"": 769, ""set_flags"": 0, ""runtime_index"": 1572, ""file_offset"": 10096, ""floor_field"": 5, ""entity_id_field"": 17995, ""group"": 0, ""room"": 30, ""unknown_a3"": 0, ""position"": [96.87979125976562, -25.09283447265625, 55.99273681640625], ""angles"": [0, 45056, 0], ""params"": [1.0, 1.0, 1.0, 1, 0, 0], ""unused_pointer"": 36263824}"
solo-extra-ep1/q033-bb-e,5,123,"{""base_type"": 769, ""set_flags"": 0, ""runtime_index"": 1573, ""file_offset"": 10164, ""floor_field"": 5, ""entity_id_field"": 17996, ""group"": 0, ""room"": 30, ""unknown_a3"": 0, ""position"": [73.68063354492188, -23.33905029296875, 38.00927734375], ""angles"": [0, 45056, 0], ""params"": [1.0, 1.0, 1.0, 0, 0, 0], ""unused_pointer"": 36264672}"
solo-extra-ep1/q033-bb-e,5,124,"{""base_type"": 769, ""set_flags"": 0, ""runtime_index"": 1574, ""file_offset"": 10232, ""floor_field"": 5, ""entity_id_field"": 17997, ""group"": 0, ""room"": 30, ""unknown_a3"": 0, ""position"": [30.47674560546875, -18.120147705078125, 78.889404296875], ""angles"": [0, 45056, 0], ""params"": [1.0, 1.0, 1.0, 2, 0, 0], ""unused_pointer"": 36265520}"
solo-extra-ep1/q033-bb-e,5,125,"{""base_type"": 769, ""set_flags"": 0, ""runtime_index"": 1575, ""file_offset"": 10300, ""floor_field"": 5, ""entity_id_field"": 17998, ""group"": 0, ""room"": 30, ""unknown_a3"": 0, ""position"": [30.47674560546875, -18.120147705078125, 78.889404296875], ""angles"": [0, 45056, 0], ""params"": [1.0, 1.0, 1.0, 2, 0, 0], ""unused_pointer"": 36266368}"
solo-extra-ep1/q033-bb-e,5,126,"{""base_type"": 769, ""set_flags"": 0, ""runtime_index"": 1576, ""file_offset"": 10368, ""floor_field"": 5, ""entity_id_field"": 17999, ""group"": 0, ""room"": 30, ""unknown_a3"": 0, ""position"": [31.031646728515625, -19.1387939453125, 66.2630615234375], ""angles"": [0, 45056, 0], ""params"": [1.0, 1.0, 1.0, 1, 0, 0], ""unused_pointer"": 36267216}"
solo-extra-ep1/q033-bb-e,5,127,"{""base_type"": 769, ""set_flags"": 0, ""runtime_index"": 1577, ""file_offset"": 10436, ""floor_field"": 5, ""entity_id_field"": 18000, ""group"": 0, ""room"": 30, ""unknown_a3"": 0, ""position"": [44.05462646484375, -17.927215576171875, 88.560791015625], ""angles"": [0, 45056, 0], ""params"": [1.0, 1.0, 1.0, 1, 0, 0], ""unused_pointer"": 36268064}"
solo-extra-ep1/q033-bb-e,5,128,"{""base_type"": 769, ""set_flags"": 0, ""runtime_index"": 1578, ""file_offset"": 10504, ""floor_field"": 5, ""entity_id_field"": 18001, ""group"": 0, ""room"": 30, ""unknown_a3"": 0, ""position"": [-12.711669921875, -13.778045654296875, 111.18780517578125], ""angles"": [0, 45056, 0], ""params"": [1.0, 1.0, 1.0, 2, 0, 0], ""unused_pointer"": 36268912}"
solo-extra-ep1/q033-bb-e,5,129,"{""base_type"": 769, ""set_flags"": 0, ""runtime_index"": 1579, ""file_offset"": 10572, ""floor_field"": 5, ""entity_id_field"": 18002, ""group"": 0, ""room"": 30, ""unknown_a3"": 0, ""position"": [-25.201263427734375, -13.59814453125, 107.3338623046875], ""angles"": [0, 45056, 0], ""params"": [1.0, 1.0, 1.0, 1, 0, 0], ""unused_pointer"": 36269760}"
solo-extra-ep1/q033-bb-e,5,130,"{""base_type"": 769, ""set_flags"": 0, ""runtime_index"": 1580, ""file_offset"": 10640, ""floor_field"": 5, ""entity_id_field"": 18003, ""group"": 0, ""room"": 30, ""unknown_a3"": 0, ""position"": [2.409393310546875, -14.042449951171875, 115.68292236328125], ""angles"": [0, 45056, 0], ""params"": [1.0, 1.0, 1.0, 0, 0, 0], ""unused_pointer"": 36270608}"
solo-extra-ep1/q033-bb-e,5,131,"{""base_type"": 769, ""set_flags"": 0, ""runtime_index"": 1581, ""file_offset"": 10708, ""floor_field"": 5, ""entity_id_field"": 18004, ""group"": 0, ""room"": 30, ""unknown_a3"": 0, ""position"": [-3.22430419921875, -13.52740478515625, 119.22998046875], ""angles"": [0, 45056, 0], ""params"": [1.0, 1.0, 1.0, 0, 0, 0], ""unused_pointer"": 36271456}"
solo-extra-ep1/q033-bb-e,5,132,"{""base_type"": 769, ""set_flags"": 0, ""runtime_index"": 1582, ""file_offset"": 10776, ""floor_field"": 5, ""entity_id_field"": 18005, ""group"": 0, ""room"": 30, ""unknown_a3"": 0, ""position"": [-68.95199584960938, -8.862060546875, 151.05535888671875], ""angles"": [0, 45056, 0], ""params"": [1.0, 1.0, 1.0, 2, 0, 0], ""unused_pointer"": 36272304}"
solo-extra-ep1/q033-bb-e,5,133,"{""base_type"": 769, ""set_flags"": 0, ""runtime_index"": 1583, ""file_offset"": 10844, ""floor_field"": 5, ""entity_id_field"": 18006, ""group"": 0, ""room"": 30, ""unknown_a3"": 0, ""position"": [-73.29739379882812, -7.677459716796875, 164.045654296875], ""angles"": [0, 45056, 0], ""params"": [1.0, 1.0, 1.0, 2, 0, 0], ""unused_pointer"": 36273152}"
solo-extra-ep1/q033-bb-e,5,134,"{""base_type"": 769, ""set_flags"": 0, ""runtime_index"": 1584, ""file_offset"": 10912, ""floor_field"": 5, ""entity_id_field"": 18007, ""group"": 0, ""room"": 30, ""unknown_a3"": 0, ""position"": [-81.54147338867188, -9.41119384765625, 144.7532958984375], ""angles"": [0, 45056, 0], ""params"": [1.0, 1.0, 1.0, 1, 0, 0], ""unused_pointer"": 36274000}"
solo-extra-ep1/q033-bb-e,5,135,"{""base_type"": 769, ""set_flags"": 0, ""runtime_index"": 1585, ""file_offset"": 10980, ""floor_field"": 5, ""entity_id_field"": 18008, ""group"": 0, ""room"": 30, ""unknown_a3"": 0, ""position"": [-127.01531982421875, -4.0035400390625, 192.1748046875], ""angles"": [0, 45056, 0], ""params"": [1.0, 1.0, 1.0, 2, 0, 0], ""unused_pointer"": 36274848}"
solo-extra-ep1/q033-bb-e,5,136,"{""base_type"": 769, ""set_flags"": 0, ""runtime_index"": 1586, ""file_offset"": 11048, ""floor_field"": 5, ""entity_id_field"": 18009, ""group"": 0, ""room"": 30, ""unknown_a3"": 0, ""position"": [-111.37432861328125, -4.503997802734375, 192.75909423828125], ""angles"": [0, 45056, 0], ""params"": [1.0, 1.0, 1.0, 1, 0, 0], ""unused_pointer"": 36275696}"
solo-extra-ep1/q033-bb-e,5,137,"{""base_type"": 769, ""set_flags"": 0, ""runtime_index"": 1587, ""file_offset"": 11116, ""floor_field"": 5, ""entity_id_field"": 18010, ""group"": 0, ""room"": 30, ""unknown_a3"": 0, ""position"": [-141.0985107421875, -3.79241943359375, 185.92364501953125], ""angles"": [0, 45056, 0], ""params"": [1.0, 1.0, 1.0, 0, 0, 0], ""unused_pointer"": 36276544}"
solo-extra-ep1/q033-bb-e,5,138,"{""base_type"": 769, ""set_flags"": 0, ""runtime_index"": 1588, ""file_offset"": 11184, ""floor_field"": 5, ""entity_id_field"": 18011, ""group"": 0, ""room"": 30, ""unknown_a3"": 0, ""position"": [-186.39715576171875, 1.785064697265625, 222.81597900390625], ""angles"": [0, 45056, 0], ""params"": [1.0, 1.0, 1.0, 2, 0, 0], ""unused_pointer"": 36277392}"
solo-extra-ep1/q033-bb-e,5,139,"{""base_type"": 769, ""set_flags"": 0, ""runtime_index"": 1589, ""file_offset"": 11252, ""floor_field"": 5, ""entity_id_field"": 18014, ""group"": 0, ""room"": 30, ""unknown_a3"": 0, ""position"": [-192.68389892578125, 3.31378173828125, 234.48553466796875], ""angles"": [0, 0, 0], ""params"": [1.0, 1.0, 1.0, 0, 0, 0], ""unused_pointer"": 36278240}"
solo-extra-ep1/q033-bb-e,5,140,"{""base_type"": 769, ""set_flags"": 0, ""runtime_index"": 1590, ""file_offset"": 11320, ""floor_field"": 5, ""entity_id_field"": 18015, ""group"": 0, ""room"": 30, ""unknown_a3"": 0, ""position"": [-170.80792236328125, 1.328643798828125, 231.64190673828125], ""angles"": [0, 0, 0], ""params"": [1.0, 1.0, 1.0, 0, 0, 0], ""unused_pointer"": 36279088}"
solo-extra-ep1/q033-bb-e,5,141,"{""base_type"": 769, ""set_flags"": 0, ""runtime_index"": 1591, ""file_offset"": 11388, ""floor_field"": 5, ""entity_id_field"": 18016, ""group"": 0, ""room"": 30, ""unknown_a3"": 0, ""position"": [-195.56597900390625, 1.075531005859375, 205.6268310546875], ""angles"": [0, 0, 0], ""params"": [1.0, 1.0, 1.0, 1, 0, 0], ""unused_pointer"": 36279936}"
solo-extra-ep1/q033-bb-e,5,142,"{""base_type"": 769, ""set_flags"": 0, ""runtime_index"": 1593, ""file_offset"": 11456, ""floor_field"": 5, ""entity_id_field"": 18019, ""group"": 0, ""room"": 30, ""unknown_a3"": 0, ""position"": [-253.536376953125, 9.42498779296875, 245.5980224609375], ""angles"": [0, 0, 0], ""params"": [1.0, 1.0, 1.0, 2, 0, 0], ""unused_pointer"": 36280784}"
solo-extra-ep1/q033-bb-e,5,143,"{""base_type"": 769, ""set_flags"": 0, ""runtime_index"": 1594, ""file_offset"": 11524, ""floor_field"": 5, ""entity_id_field"": 18020, ""group"": 0, ""room"": 30, ""unknown_a3"": 0, ""position"": [-237.281494140625, 8.220947265625, 247.2249755859375], ""angles"": [0, 0, 0], ""params"": [1.0, 1.0, 1.0, 1, 0, 0], ""unused_pointer"": 36281632}"
solo-extra-ep1/q033-bb-e,5,144,"{""base_type"": 769, ""set_flags"": 0, ""runtime_index"": 1595, ""file_offset"": 11592, ""floor_field"": 5, ""entity_id_field"": 18021, ""group"": 0, ""room"": 30, ""unknown_a3"": 0, ""position"": [-247.29986572265625, 7.856292724609375, 234.35064697265625], ""angles"": [0, 0, 0], ""params"": [1.0, 1.0, 1.0, 1, 0, 0], ""unused_pointer"": 36282480}"
solo-extra-ep1/q033-bb-e,5,145,"{""base_type"": 769, ""set_flags"": 0, ""runtime_index"": 1596, ""file_offset"": 11660, ""floor_field"": 5, ""entity_id_field"": 18022, ""group"": 0, ""room"": 30, ""unknown_a3"": 0, ""position"": [-320.3958740234375, 16.397491455078125, 260.57550048828125], ""angles"": [0, 0, 0], ""params"": [1.0, 1.0, 1.0, 2, 0, 0], ""unused_pointer"": 36283328}"
solo-extra-ep1/q033-bb-e,5,146,"{""base_type"": 769, ""set_flags"": 0, ""runtime_index"": 1597, ""file_offset"": 11728, ""floor_field"": 5, ""entity_id_field"": 18023, ""group"": 0, ""room"": 30, ""unknown_a3"": 0, ""position"": [-372.794677734375, 22.9718017578125, 285.057373046875], ""angles"": [0, 0, 0], ""params"": [1.0, 1.0, 1.0, 2, 0, 0], ""unused_pointer"": 36284176}"
solo-extra-ep1/q033-bb-e,5,147,"{""base_type"": 769, ""set_flags"": 0, ""runtime_index"": 1598, ""file_offset"": 11796, ""floor_field"": 5, ""entity_id_field"": 18024, ""group"": 0, ""room"": 30, ""unknown_a3"": 0, ""position"": [-358.33514404296875, 22.166900634765625, 289.5225830078125], ""angles"": [0, 0, 0], ""params"": [1.0, 1.0, 1.0, 1, 0, 0], ""unused_pointer"": 36285024}"
solo-extra-ep1/q033-bb-e,5,148,"{""base_type"": 769, ""set_flags"": 0, ""runtime_index"": 1599, ""file_offset"": 11864, ""floor_field"": 5, ""entity_id_field"": 18025, ""group"": 0, ""room"": 30, ""unknown_a3"": 0, ""position"": [-358.2237548828125, 21.087371826171875, 277.33544921875], ""angles"": [0, 0, 0], ""params"": [1.0, 1.0, 1.0, 0, 0, 0], ""unused_pointer"": 36285872}"
solo-extra-ep1/q033-bb-e,5,149,"{""base_type"": 769, ""set_flags"": 0, ""runtime_index"": 1600, ""file_offset"": 11932, ""floor_field"": 5, ""entity_id_field"": 18026, ""group"": 0, ""room"": 30, ""unknown_a3"": 0, ""position"": [-360.64599609375, 20.421966552734375, 267.73583984375], ""angles"": [0, 0, 0], ""params"": [1.0, 1.0, 1.0, 0, 0, 0], ""unused_pointer"": 36286720}"
solo-extra-ep1/q033-bb-e,5,150,"{""base_type"": 769, ""set_flags"": 0, ""runtime_index"": 1601, ""file_offset"": 12000, ""floor_field"": 5, ""entity_id_field"": 18027, ""group"": 0, ""room"": 30, ""unknown_a3"": 0, ""position"": [-421.144287109375, 27.984405517578125, 296.647705078125], ""angles"": [0, 0, 0], ""params"": [1.0, 1.0, 1.0, 2, 0, 0], ""unused_pointer"": 36287568}"
solo-extra-ep1/q033-bb-e,5,151,"{""base_type"": 769, ""set_flags"": 0, ""runtime_index"": 1602, ""file_offset"": 12068, ""floor_field"": 5, ""entity_id_field"": 18028, ""group"": 0, ""room"": 30, ""unknown_a3"": 0, ""position"": [-431.42535400390625, 29.714569091796875, 306.701171875], ""angles"": [0, 0, 0], ""params"": [1.0, 1.0, 1.0, 2, 0, 0], ""unused_pointer"": 36288416}"
solo-extra-ep1/q033-bb-e,5,152,"{""base_type"": 769, ""set_flags"": 0, ""runtime_index"": 1603, ""file_offset"": 12136, ""floor_field"": 5, ""entity_id_field"": 18029, ""group"": 0, ""room"": 30, ""unknown_a3"": 0, ""position"": [-492.9493408203125, 36.78314208984375, 329.924560546875], ""angles"": [0, 0, 0], ""params"": [1.0, 1.0, 1.0, 2, 0, 0], ""unused_pointer"": 36289264}"
solo-extra-ep1/q033-bb-e,5,153,"{""base_type"": 769, ""set_flags"": 0, ""runtime_index"": 1604, ""file_offset"": 12204, ""floor_field"": 5, ""entity_id_field"": 18030, ""group"": 0, ""room"": 30, ""unknown_a3"": 0, ""position"": [-491.74072265625, 35.339752197265625, 314.47216796875], ""angles"": [0, 0, 0], ""params"": [1.0, 1.0, 1.0, 1, 0, 0], ""unused_pointer"": 36290112}"
solo-extra-ep1/q033-bb-e,5,154,"{""base_type"": 769, ""set_flags"": 0, ""runtime_index"": 1605, ""file_offset"": 12272, ""floor_field"": 5, ""entity_id_field"": 18031, ""group"": 0, ""room"": 30, ""unknown_a3"": 0, ""position"": [-473.96685791015625, 35.7559814453125, 335.6640625], ""angles"": [0, 0, 0], ""params"": [1.0, 1.0, 1.0, 1, 0, 0], ""unused_pointer"": 36290960}"
solo-extra-ep1/q033-bb-e,5,155,"{""base_type"": 769, ""set_flags"": 0, ""runtime_index"": 1606, ""file_offset"": 12340, ""floor_field"": 5, ""entity_id_field"": 18032, ""group"": 0, ""room"": 30, ""unknown_a3"": 0, ""position"": [-479.545166015625, 35.831573486328125, 331.3800048828125], ""angles"": [0, 0, 0], ""params"": [1.0, 1.0, 1.0, 0, 0, 0], ""unused_pointer"": 36291808}"
solo-extra-ep1/q033-bb-e,5,156,"{""base_type"": 769, ""set_flags"": 0, ""runtime_index"": 1607, ""file_offset"": 12408, ""floor_field"": 5, ""entity_id_field"": 18033, ""group"": 0, ""room"": 30, ""unknown_a3"": 0, ""position"": [-499.72808837890625, 19.18060302734375, 116.8240966796875], ""angles"": [0, 0, 0], ""params"": [1.0, 1.0, 1.0, 2, 0, 0], ""unused_pointer"": 36292656}"
solo-extra-ep1/q033-bb-e,5,157,"{""base_type"": 769, ""set_flags"": 0, ""runtime_index"": 1608, ""file_offset"": 12476, ""floor_field"": 5, ""entity_id_field"": 18034, ""group"": 0, ""room"": 30, ""unknown_a3"": 0, ""position"": [-469.91015625, 12.629608154296875, 65.46661376953125], ""angles"": [0, 0, 0], ""params"": [1.0, 1.0, 1.0, 2, 0, 0], ""unused_pointer"": 36293504}"
solo-extra-ep1/q033-bb-e,5,158,"{""base_type"": 769, ""set_flags"": 0, ""runtime_index"": 1609, ""file_offset"": 12544, ""floor_field"": 5, ""entity_id_field"": 18035, ""group"": 0, ""room"": 30, ""unknown_a3"": 0, ""position"": [-435.2587890625, 6.08905029296875, 17.7354736328125], ""angles"": [0, 0, 0], ""params"": [1.0, 1.0, 1.0, 2, 0, 0], ""unused_pointer"": 36294352}"
solo-extra-ep1/q033-bb-e,5,159,"{""base_type"": 769, ""set_flags"": 0, ""runtime_index"": 1610, ""file_offset"": 12612, ""floor_field"": 5, ""entity_id_field"": 18036, ""group"": 0, ""room"": 30, ""unknown_a3"": 0, ""position"": [-435.8702392578125, 5.092193603515625, 3.7047119140625], ""angles"": [0, 0, 0], ""params"": [1.0, 1.0, 1.0, 1, 0, 0], ""unused_pointer"": 36295200}"
solo-extra-ep1/q033-bb-e,5,160,"{""base_type"": 769, ""set_flags"": 0, ""runtime_index"": 1612, ""file_offset"": 12680, ""floor_field"": 5, ""entity_id_field"": 18039, ""group"": 0, ""room"": 30, ""unknown_a3"": 0, ""position"": [-448.60711669921875, 7.458587646484375, 19.69342041015625], ""angles"": [0, 0, 0], ""params"": [1.0, 1.0, 1.0, 1, 0, 0], ""unused_pointer"": 36296048}"
solo-extra-ep1/q033-bb-e,5,161,"{""base_type"": 769, ""set_flags"": 0, ""runtime_index"": 1613, ""file_offset"": 12748, ""floor_field"": 5, ""entity_id_field"": 18040, ""group"": 0, ""room"": 30, ""unknown_a3"": 0, ""position"": [-484.4625244140625, 13.835113525390625, 64.0322265625], ""angles"": [0, 0, 0], ""params"": [1.0, 1.0, 1.0, 0, 0, 0], ""unused_pointer"": 36296896}"
solo-extra-ep1/q033-bb-e,5,162,"{""base_type"": 769, ""set_flags"": 0, ""runtime_index"": 1614, ""file_offset"": 12816, ""floor_field"": 5, ""entity_id_field"": 18041, ""group"": 0, ""room"": 30, ""unknown_a3"": 0, ""position"": [-420.4100341796875, 5.001495361328125, 22.0140380859375], ""angles"": [0, 0, 0], ""params"": [1.0, 1.0, 1.0, 0, 0, 0], ""unused_pointer"": 36297744}"
solo-extra-ep1/q033-bb-e,5,163,"{""base_type"": 769, ""set_flags"": 0, ""runtime_index"": 1615, ""file_offset"": 12884, ""floor_field"": 5, ""entity_id_field"": 18042, ""group"": 0, ""room"": 30, ""unknown_a3"": 0, ""position"": [-401.86920166015625, -1.005462646484375, -25.43316650390625], ""angles"": [0, 0, 0], ""params"": [1.0, 1.0, 1.0, 2, 0, 0], ""unused_pointer"": 36298592}"
solo-extra-ep1/q033-bb-e,5,164,"{""base_type"": 769, ""set_flags"": 0, ""runtime_index"": 1616, ""file_offset"": 12952, ""floor_field"": 5, ""entity_id_field"": 18043, ""group"": 0, ""room"": 30, ""unknown_a3"": 0, ""position"": [-416.779296875, 0.666534423828125, -23.705810546875], ""angles"": [0, 0, 0], ""params"": [1.0, 1.0, 1.0, 1, 0, 0], ""unused_pointer"": 36299440}"
solo-extra-ep1/q033-bb-e,5,165,"{""base_type"": 769, ""set_flags"": 0, ""runtime_index"": 1617, ""file_offset"": 13020, ""floor_field"": 5, ""entity_id_field"": 18044, ""group"": 0, ""room"": 30, ""unknown_a3"": 0, ""position"": [-403.98944091796875, -1.708770751953125, -37.3385009765625], ""angles"": [0, 0, 0], ""params"": [1.0, 1.0, 1.0, 0, 0, 0], ""unused_pointer"": 36300288}"
solo-extra-ep1/q033-bb-e,5,166,"{""base_type"": 769, ""set_flags"": 0, ""runtime_index"": 1618, ""file_offset"": 13088, ""floor_field"": 5, ""entity_id_field"": 18045, ""group"": 0, ""room"": 30, ""unknown_a3"": 0, ""position"": [-385.23431396484375, -1.4696044921875, -22.03399658203125], ""angles"": [0, 0, 0], ""params"": [1.0, 1.0, 1.0, 1, 0, 0], ""unused_pointer"": 36301136}"
solo-extra-ep1/q033-bb-e,5,167,"{""base_type"": 769, ""set_flags"": 0, ""runtime_index"": 1619, ""file_offset"": 13156, ""floor_field"": 5, ""entity_id_field"": 18046, ""group"": 0, ""room"": 30, ""unknown_a3"": 0, ""position"": [-349.52850341796875, -6.669403076171875, -67.81378173828125], ""angles"": [0, 0, 0], ""params"": [1.0, 1.0, 1.0, 2, 0, 0], ""unused_pointer"": 36301984}"
solo-extra-ep1/q033-bb-e,5,168,"{""base_type"": 769, ""set_flags"": 0, ""runtime_index"": 1620, ""file_offset"": 13224, ""floor_field"": 5, ""entity_id_field"": 18047, ""group"": 0, ""room"": 30, ""unknown_a3"": 0, ""position"": [-346.07940673828125, -7.84051513671875, -81.14453125], ""angles"": [0, 0, 0], ""params"": [1.0, 1.0, 1.0, 1, 0, 0], ""unused_pointer"": 36302832}"
solo-extra-ep1/q033-bb-e,5,169,"{""base_type"": 769, ""set_flags"": 0, ""runtime_index"": 1621, ""file_offset"": 13292, ""floor_field"": 5, ""entity_id_field"": 18048, ""group"": 0, ""room"": 30, ""unknown_a3"": 0, ""position"": [-293.49566650390625, -12.217620849609375, -99.22149658203125], ""angles"": [0, 0, 0], ""params"": [1.0, 1.0, 1.0, 2, 0, 0], ""unused_pointer"": 36303680}"
solo-extra-ep1/q033-bb-e,5,170,"{""base_type"": 769, ""set_flags"": 0, ""runtime_index"": 1622, ""file_offset"": 13360, ""floor_field"": 5, ""entity_id_field"": 18049, ""group"": 0, ""room"": 30, ""unknown_a3"": 0, ""position"": [-306.7928466796875, -12.217620849609375, -99.70599365234375], ""angles"": [0, 0, 0], ""params"": [1.0, 1.0, 1.0, 1, 0, 0], ""unused_pointer"": 36304528}"
solo-extra-ep1/q033-bb-e,5,171,"{""base_type"": 769, ""set_flags"": 0, ""runtime_index"": 1623, ""file_offset"": 13428, ""floor_field"": 5, ""entity_id_field"": 18050, ""group"": 0, ""room"": 30, ""unknown_a3"": 0, ""position"": [-277.38238525390625, -12.795196533203125, -92.6634521484375], ""angles"": [0, 0, 0], ""params"": [1.0, 1.0, 1.0, 1, 0, 0], ""unused_pointer"": 36305376}"
solo-extra-ep1/q033-bb-e,5,172,"{""base_type"": 769, ""set_flags"": 0, ""runtime_index"": 1624, ""file_offset"": 13496, ""floor_field"": 5, ""entity_id_field"": 18051, ""group"": 0, ""room"": 30, ""unknown_a3"": 0, ""position"": [-288.1905517578125, -11.03558349609375, -81.7471923828125], ""angles"": [0, 0, 0], ""params"": [1.0, 1.0, 1.0, 0, 0, 0], ""unused_pointer"": 36306224}"
solo-extra-ep1/q033-bb-e,5,173,"{""base_type"": 769, ""set_flags"": 0, ""runtime_index"": 1625, ""file_offset"": 13564, ""floor_field"": 5, ""entity_id_field"": 18052, ""group"": 0, ""room"": 30, ""unknown_a3"": 0, ""position"": [-238.3203125, -18.04388427734375, -121.70892333984375], ""angles"": [0, 0, 0], ""params"": [1.0, 1.0, 1.0, 2, 0, 0], ""unused_pointer"": 36307072}"
solo-extra-ep1/q033-bb-e,5,174,"{""base_type"": 769, ""set_flags"": 0, ""runtime_index"": 1626, ""file_offset"": 13632, ""floor_field"": 5, ""entity_id_field"": 18053, ""group"": 0, ""room"": 30, ""unknown_a3"": 0, ""position"": [-190.444091796875, -23.768524169921875, -147.1524658203125], ""angles"": [0, 0, 0], ""params"": [1.0, 1.0, 1.0, 1, 0, 0], ""unused_pointer"": 36307920}"
solo-extra-ep1/q033-bb-e,5,175,"{""base_type"": 769, ""set_flags"": 0, ""runtime_index"": 1627, ""file_offset"": 13700, ""floor_field"": 5, ""entity_id_field"": 18054, ""group"": 0, ""room"": 30, ""unknown_a3"": 0, ""position"": [-199.0054931640625, -23.341888427734375, -144.6981201171875], ""angles"": [0, 0, 0], ""params"": [1.0, 1.0, 1.0, 0, 0, 0], ""unused_pointer"": 36308768}"
solo-extra-ep1/q033-bb-e,5,176,"{""base_type"": 769, ""set_flags"": 0, ""runtime_index"": 1628, ""file_offset"": 13768, ""floor_field"": 5, ""entity_id_field"": 18055, ""group"": 0, ""room"": 30, ""unknown_a3"": 0, ""position"": [-190.20184326171875, -23.55908203125, -140.15496826171875], ""angles"": [0, 0, 0], ""params"": [1.0, 1.0, 1.0, 0, 0, 0], ""unused_pointer"": 36309616}"
solo-extra-ep1/q033-bb-e,5,177,"{""base_type"": 769, ""set_flags"": 0, ""runtime_index"": 1629, ""file_offset"": 13836, ""floor_field"": 5, ""entity_id_field"": 18056, ""group"": 0, ""room"": 30, ""unknown_a3"": 0, ""position"": [-192.7392578125, -22.623626708984375, -126.9466552734375], ""angles"": [0, 0, 0], ""params"": [1.0, 1.0, 1.0, 1, 0, 0], ""unused_pointer"": 36310464}"
solo-extra-ep1/q033-bb-e,5,178,"{""base_type"": 769, ""set_flags"": 0, ""runtime_index"": 1630, ""file_offset"": 13904, ""floor_field"": 5, ""entity_id_field"": 18057, ""group"": 0, ""room"": 30, ""unknown_a3"": 0, ""position"": [-183.16455078125, -23.32025146484375, -128.83831787109375], ""angles"": [0, 0, 0], ""params"": [1.0, 1.0, 1.0, 0, 0, 0], ""unused_pointer"": 36311312}"
solo-extra-ep1/q033-bb-e,5,179,"{""base_type"": 769, ""set_flags"": 0, ""runtime_index"": 1631, ""file_offset"": 13972, ""floor_field"": 5, ""entity_id_field"": 18058, ""group"": 0, ""room"": 30, ""unknown_a3"": 0, ""position"": [-130.04461669921875, -25.51776123046875, -141.87744140625], ""angles"": [0, 0, 0], ""params"": [1.0, 1.0, 1.0, 2, 0, 0], ""unused_pointer"": 36312160}"
solo-extra-ep1/q033-bb-e,5,180,"{""base_type"": 769, ""set_flags"": 0, ""runtime_index"": 1632, ""file_offset"": 14040, ""floor_field"": 5, ""entity_id_field"": 18059, ""group"": 0, ""room"": 30, ""unknown_a3"": 0, ""position"": [-131.510009765625, -26.33929443359375, -163.11376953125], ""angles"": [0, 0, 0], ""params"": [1.0, 1.0, 1.0, 1, 0, 0], ""unused_pointer"": 36313008}"
solo-extra-ep1/q033-bb-e,5,181,"{""base_type"": 769, ""set_flags"": 0, ""runtime_index"": 1633, ""file_offset"": 14108, ""floor_field"": 5, ""entity_id_field"": 18060, ""group"": 0, ""room"": 30, ""unknown_a3"": 0, ""position"": [-139.67730712890625, -26.0157470703125, -161.45965576171875], ""angles"": [0, 0, 0], ""params"": [1.0, 1.0, 1.0, 1, 0, 0], ""unused_pointer"": 36313856}"
solo-extra-ep1/q033-bb-e,5,182,"{""base_type"": 769, ""set_flags"": 0, ""runtime_index"": 1634, ""file_offset"": 14176, ""floor_field"": 5, ""entity_id_field"": 18061, ""group"": 0, ""room"": 30, ""unknown_a3"": 0, ""position"": [-75.440185546875, -28.436737060546875, -171.43792724609375], ""angles"": [0, 0, 0], ""params"": [1.0, 1.0, 1.0, 2, 0, 0], ""unused_pointer"": 36314704}"
solo-extra-ep1/q033-bb-e,5,183,"{""base_type"": 769, ""set_flags"": 0, ""runtime_index"": 1635, ""file_offset"": 14244, ""floor_field"": 5, ""entity_id_field"": 18062, ""group"": 0, ""room"": 30, ""unknown_a3"": 0, ""position"": [-71.06884765625, -29.183074951171875, -186.3548583984375], ""angles"": [0, 0, 0], ""params"": [1.0, 1.0, 1.0, 2, 0, 0], ""unused_pointer"": 36315552}"
solo-extra-ep1/q033-bb-e,5,184,"{""base_type"": 769, ""set_flags"": 0, ""runtime_index"": 1636, ""file_offset"": 14312, ""floor_field"": 5, ""entity_id_field"": 18063, ""group"": 0, ""room"": 30, ""unknown_a3"": 0, ""position"": [-40.175079345703125, -32.622161865234375, -232.2391357421875], ""angles"": [0, 0, 0], ""params"": [1.0, 1.0, 1.0, 2, 0, 0], ""unused_pointer"": 36316400}"
solo-extra-ep1/q033-bb-e,5,185,"{""base_type"": 769, ""set_flags"": 0, ""runtime_index"": 1637, ""file_offset"": 14380, ""floor_field"": 5, ""entity_id_field"": 18064, ""group"": 0, ""room"": 30, ""unknown_a3"": 0, ""position"": [-28.38037109375, -33.88336181640625, -243.8873291015625], ""angles"": [0, 0, 0], ""params"": [1.0, 1.0, 1.0, 0, 0, 0], ""unused_pointer"": 36317248}"
solo-extra-ep1/q033-bb-e,5,186,"{""base_type"": 769, ""set_flags"": 0, ""runtime_index"": 1638, ""file_offset"": 14448, ""floor_field"": 5, ""entity_id_field"": 18065, ""group"": 0, ""room"": 30, ""unknown_a3"": 0, ""position"": [-41.261260986328125, -33.587554931640625, -248.9171142578125], ""angles"": [0, 0, 0], ""params"": [1.0, 1.0, 1.0, 0, 0, 0], ""unused_pointer"": 36318096}"
solo-extra-ep1/q033-bb-e,5,187,"{""base_type"": 769, ""set_flags"": 0, ""runtime_index"": 1639, ""file_offset"": 14516, ""floor_field"": 5, ""entity_id_field"": 18066, ""group"": 0, ""room"": 30, ""unknown_a3"": 0, ""position"": [-25.90753173828125, -33.561248779296875, -236.70294189453125], ""angles"": [0, 0, 0], ""params"": [1.0, 1.0, 1.0, 1, 0, 0], ""unused_pointer"": 36318944}"
solo-extra-ep1/q033-bb-e,5,188,"{""base_type"": 769, ""set_flags"": 0, ""runtime_index"": 1640, ""file_offset"": 14584, ""floor_field"": 5, ""entity_id_field"": 18067, ""group"": 0, ""room"": 30, ""unknown_a3"": 0, ""position"": [-35.695709228515625, -33.574737548828125, -244.43585205078125], ""angles"": [0, 0, 0], ""params"": [1.0, 1.0, 1.0, 1, 0, 0], ""unused_pointer"": 36319792}"
solo-extra-ep1/q033-bb-e,5,189,"{""base_type"": 769, ""set_flags"": 0, ""runtime_index"": 1641, ""file_offset"": 14652, ""floor_field"": 5, ""entity_id_field"": 18068, ""group"": 0, ""room"": 30, ""unknown_a3"": 0, ""position"": [-38.536224365234375, -34.369659423828125, -259.6620178222656], ""angles"": [0, 0, 0], ""params"": [1.0, 1.0, 1.0, 1, 0, 0], ""unused_pointer"": 36320640}"
solo-extra-ep1/q033-bb-e,5,190,"{""base_type"": 769, ""set_flags"": 0, ""runtime_index"": 1642, ""file_offset"": 14720, ""floor_field"": 5, ""entity_id_field"": 18069, ""group"": 0, ""room"": 30, ""unknown_a3"": 0, ""position"": [-18.01483154296875, -34.142059326171875, -240.1788330078125], ""angles"": [0, 0, 0], ""params"": [1.0, 1.0, 1.0, 1, 0, 0], ""unused_pointer"": 36321488}"
solo-extra-ep1/q033-bb-e,5,191,"{""base_type"": 769, ""set_flags"": 0, ""runtime_index"": 1643, ""file_offset"": 14788, ""floor_field"": 5, ""entity_id_field"": 18070, ""group"": 0, ""room"": 30, ""unknown_a3"": 0, ""position"": [2.232696533203125, -38.457763671875, -295.47235107421875], ""angles"": [0, 0, 0], ""params"": [1.0, 1.0, 1.0, 2, 0, 0], ""unused_pointer"": 36322336}"
solo-extra-ep1/q033-bb-e,5,192,"{""base_type"": 769, ""set_flags"": 0, ""runtime_index"": 1644, ""file_offset"": 14856, ""floor_field"": 5, ""entity_id_field"": 18071, ""group"": 0, ""room"": 30, ""unknown_a3"": 0, ""position"": [4.213531494140625, -37.73785400390625, -282.58233642578125], ""angles"": [0, 0, 0], ""params"": [1.0, 1.0, 1.0, 1, 0, 0], ""unused_pointer"": 36323184}"
solo-extra-ep1/q033-bb-e,5,193,"{""base_type"": 769, ""set_flags"": 0, ""runtime_index"": 1645, ""file_offset"": 14924, ""floor_field"": 5, ""entity_id_field"": 18072, ""group"": 0, ""room"": 30, ""unknown_a3"": 0, ""position"": [-12.911224365234375, -37.5716552734375, -292.550537109375], ""angles"": [0, 0, 0], ""params"": [1.0, 1.0, 1.0, 1, 0, 0], ""unused_pointer"": 36324032}"
solo-extra-ep1/q033-bb-e,5,194,"{""base_type"": 769, ""set_flags"": 0, ""runtime_index"": 1646, ""file_offset"": 14992, ""floor_field"": 5, ""entity_id_field"": 18073, ""group"": 0, ""room"": 30, ""unknown_a3"": 0, ""position"": [-20.406219482421875, -37.1788330078125, -291.8550109863281], ""angles"": [0, 0, 0], ""params"": [1.0, 1.0, 1.0, 0, 0, 0], ""unused_pointer"": 36324880}"
solo-extra-ep1/q033-bb-e,5,195,"{""base_type"": 769, ""set_flags"": 0, ""runtime_index"": 1647, ""file_offset"": 15060, ""floor_field"": 5, ""entity_id_field"": 18074, ""group"": 0, ""room"": 30, ""unknown_a3"": 0, ""position"": [25.002960205078125, -41.79791259765625, -347.6352233886719], ""angles"": [0, 0, 0], ""params"": [1.0, 1.0, 1.0, 2, 0, 0], ""unused_pointer"": 36325728}"
solo-extra-ep1/q033-bb-e,5,196,"{""base_type"": 769, ""set_flags"": 0, ""runtime_index"": 1648, ""file_offset"": 15128, ""floor_field"": 5, ""entity_id_field"": 18075, ""group"": 0, ""room"": 30, ""unknown_a3"": 0, ""position"": [14.950469970703125, -42.26123046875, -360.470703125], ""angles"": [0, 0, 0], ""params"": [1.0, 1.0, 1.0, 1, 0, 0], ""unused_pointer"": 36326576}"
solo-extra-ep1/q033-bb-e,5,197,"{""base_type"": 769, ""set_flags"": 0, ""runtime_index"": 1649, ""file_offset"": 15196, ""floor_field"": 5, ""entity_id_field"": 18076, ""group"": 0, ""room"": 30, ""unknown_a3"": 0, ""position"": [9.3223876953125, -42.5408935546875, -372.71185302734375], ""angles"": [0, 0, 0], ""params"": [1.0, 1.0, 1.0, 0, 0, 0], ""unused_pointer"": 36327424}"
solo-extra-ep1/q033-bb-e,5,198,"{""base_type"": 769, ""set_flags"": 0, ""runtime_index"": 1650, ""file_offset"": 15264, ""floor_field"": 5, ""entity_id_field"": 18077, ""group"": 0, ""room"": 30, ""unknown_a3"": 0, ""position"": [36.893646240234375, -42.799652099609375, -415.230712890625], ""angles"": [0, 0, 0], ""params"": [1.0, 1.0, 1.0, 2, 0, 0], ""unused_pointer"": 36328272}"
solo-extra-ep1/q033-bb-e,5,199,"{""base_type"": 769, ""set_flags"": 0, ""runtime_index"": 1651, ""file_offset"": 15332, ""floor_field"": 5, ""entity_id_field"": 18078, ""group"": 0, ""room"": 30, ""unknown_a3"": 0, ""position"": [22.842193603515625, -42.894866943359375, -408.0990295410156], ""angles"": [0, 0, 0], ""params"": [1.0, 1.0, 1.0, 1, 0, 0], ""unused_pointer"": 36329120}"
solo-extra-ep1/q033-bb-e,5,200,"{""base_type"": 769, ""set_flags"": 0, ""runtime_index"": 1652, ""file_offset"": 15400, ""floor_field"": 5, ""entity_id_field"": 18079, ""group"": 0, ""room"": 30, ""unknown_a3"": 0, ""position"": [23.786346435546875, -43.02569580078125, -418.42230224609375], ""angles"": [0, 0, 0], ""params"": [1.0, 1.0, 1.0, 0, 0, 0], ""unused_pointer"": 36329968}"
solo-extra-ep1/q033-bb-e,5,201,"{""base_type"": 769, ""set_flags"": 0, ""runtime_index"": 1653, ""file_offset"": 15468, ""floor_field"": 5, ""entity_id_field"": 18080, ""group"": 0, ""room"": 30, ""unknown_a3"": 0, ""position"": [35.04425048828125, -44.3436279296875, -472.7450256347656], ""angles"": [0, 0, 0], ""params"": [1.0, 1.0, 1.0, 2, 0, 0], ""unused_pointer"": 36330816}"
solo-extra-ep1/q033-bb-e,5,202,"{""base_type"": 769, ""set_flags"": 0, ""runtime_index"": 1654, ""file_offset"": 15536, ""floor_field"": 5, ""entity_id_field"": 18081, ""group"": 0, ""room"": 30, ""unknown_a3"": 0, ""position"": [27.59521484375, -44.3436279296875, -459.4990539550781], ""angles"": [0, 0, 0], ""params"": [1.0, 1.0, 1.0, 1, 0, 0], ""unused_pointer"": 36331664}"
solo-extra-ep1/q033-bb-e,5,203,"{""base_type"": 769, ""set_flags"": 0, ""runtime_index"": 1655, ""file_offset"": 15604, ""floor_field"": 5, ""entity_id_field"": 18082, ""group"": 0, ""room"": 30, ""unknown_a3"": 0, ""position"": [33.312408447265625, -44.3436279296875, -464.1257629394531], ""angles"": [0, 0, 0], ""params"": [1.0, 1.0, 1.0, 0, 0, 0], ""unused_pointer"": 36332512}"
solo-extra-ep1/q033-bb-e,5,204,"{""base_type"": 769, ""set_flags"": 0, ""runtime_index"": 1656, ""file_offset"": 15672, ""floor_field"": 5, ""entity_id_field"": 18083, ""group"": 0, ""room"": 30, ""unknown_a3"": 0, ""position"": [38.23846435546875, -44.3436279296875, -459.4801330566406], ""angles"": [0, 0, 0], ""params"": [1.0, 1.0, 1.0, 0, 0, 0], ""unused_pointer"": 36333360}"
solo-extra-ep1/q033-bb-e,5,205,"{""base_type"": 769, ""set_flags"": 0, ""runtime_index"": 1657, ""file_offset"": 15740, ""floor_field"": 5, ""entity_id_field"": 18084, ""group"": 0, ""room"": 30, ""unknown_a3"": 0, ""position"": [45.83221435546875, -44.3436279296875, -461.9410095214844], ""angles"": [0, 0, 0], ""params"": [1.0, 1.0, 1.0, 0, 0, 0], ""unused_pointer"": 36334208}"
solo-extra-ep1/q033-bb-e,5,206,"{""base_type"": 769, ""set_flags"": 0, ""runtime_index"": 1658, ""file_offset"": 15808, ""floor_field"": 5, ""entity_id_field"": 18085, ""group"": 0, ""room"": 30, ""unknown_a3"": 0, ""position"": [49.88427734375, -44.3436279296875, -471.8305969238281], ""angles"": [0, 0, 0], ""params"": [1.0, 1.0, 1.0, 1, 0, 0], ""unused_pointer"": 36335056}"
solo-extra-ep1/q033-bb-j,5,74,"{""base_type"": 769, ""set_flags"": 0, ""runtime_index"": 1524, ""file_offset"": 6832, ""floor_field"": 5, ""entity_id_field"": 17947, ""group"": 0, ""room"": 30, ""unknown_a3"": 0, ""position"": [60.99310302734375, 15.654754638671875, 463.4034423828125], ""angles"": [0, 0, 0], ""params"": [1.0, 1.0, 1.0, 2, 0, 0], ""unused_pointer"": 36223120}"
solo-extra-ep1/q033-bb-j,5,75,"{""base_type"": 769, ""set_flags"": 0, ""runtime_index"": 1525, ""file_offset"": 6900, ""floor_field"": 5, ""entity_id_field"": 17948, ""group"": 0, ""room"": 30, ""unknown_a3"": 0, ""position"": [77.57608032226562, 15.10760498046875, 465.3427734375], ""angles"": [0, 0, 0], ""params"": [1.0, 1.0, 1.0, 1, 0, 0], ""unused_pointer"": 36223968}"
solo-extra-ep1/q033-bb-j,5,76,"{""base_type"": 769, ""set_flags"": 0, ""runtime_index"": 1526, ""file_offset"": 6968, ""floor_field"": 5, ""entity_id_field"": 17949, ""group"": 0, ""room"": 30, ""unknown_a3"": 0, ""position"": [76.35336303710938, 16.992279052734375, 481.8172607421875], ""angles"": [0, 0, 0], ""params"": [1.0, 1.0, 1.0, 1, 0, 0], ""unused_pointer"": 36224816}"
solo-extra-ep1/q033-bb-j,5,77,"{""base_type"": 769, ""set_flags"": 0, ""runtime_index"": 1527, ""file_offset"": 7036, ""floor_field"": 5, ""entity_id_field"": 17950, ""group"": 0, ""room"": 30, ""unknown_a3"": 0, ""position"": [90.58682250976562, 15.647674560546875, 475.598388671875], ""angles"": [0, 0, 0], ""params"": [1.0, 1.0, 1.0, 1, 0, 0], ""unused_pointer"": 36225664}"
solo-extra-ep1/q033-bb-j,5,78,"{""base_type"": 769, ""set_flags"": 0, ""runtime_index"": 1528, ""file_offset"": 7104, ""floor_field"": 5, ""entity_id_field"": 17951, ""group"": 0, ""room"": 30, ""unknown_a3"": 0, ""position"": [62.26397705078125, 13.652557373046875, 445.8902587890625], ""angles"": [0, 0, 0], ""params"": [1.0, 1.0, 1.0, 1, 0, 0], ""unused_pointer"": 36226512}"
solo-extra-ep1/q033-bb-j,5,79,"{""base_type"": 769, ""set_flags"": 0, ""runtime_index"": 1669, ""file_offset"": 7172, ""floor_field"": 5, ""entity_id_field"": 18126, ""group"": 0, ""room"": 30, ""unknown_a3"": 0, ""position"": [32.441864013671875, 23.59844970703125, 523.1488037109375], ""angles"": [0, 0, 0], ""params"": [1.0, 1.0, 1.0, 1, 0, 0], ""unused_pointer"": 36341664}"
solo-extra-ep1/q033-bb-j,5,80,"{""base_type"": 769, ""set_flags"": 0, ""runtime_index"": 1530, ""file_offset"": 7240, ""floor_field"": 5, ""entity_id_field"": 17953, ""group"": 0, ""room"": 30, ""unknown_a3"": 0, ""position"": [26.865234375, 22.323333740234375, 509.349853515625], ""angles"": [0, 0, 0], ""params"": [1.0, 1.0, 1.0, 0, 0, 0], ""unused_pointer"": 36228208}"
solo-extra-ep1/q033-bb-j,5,81,"{""base_type"": 769, ""set_flags"": 0, ""runtime_index"": 1531, ""file_offset"": 7308, ""floor_field"": 5, ""entity_id_field"": 17954, ""group"": 0, ""room"": 30, ""unknown_a3"": 0, ""position"": [104.86843872070312, 7.829498291015625, 411.0731201171875], ""angles"": [0, 16384, 0], ""params"": [1.0, 1.0, 1.0, 2, 0, 0], ""unused_pointer"": 36229056}"
solo-extra-ep1/q033-bb-j,5,82,"{""base_type"": 769, ""set_flags"": 0, ""runtime_index"": 1532, ""file_offset"": 7376, ""floor_field"": 5, ""entity_id_field"": 17955, ""group"": 0, ""room"": 30, ""unknown_a3"": 0, ""position"": [89.7122802734375, 8.211517333984375, 408.23681640625], ""angles"": [0, 16384, 0], ""params"": [1.0, 1.0, 1.0, 1, 0, 0], ""unused_pointer"": 36229904}"
solo-extra-ep1/q033-bb-j,5,83,"{""base_type"": 769, ""set_flags"": 0, ""runtime_index"": 1533, ""file_offset"": 7444, ""floor_field"": 5, ""entity_id_field"": 17956, ""group"": 0, ""room"": 30, ""unknown_a3"": 0, ""position"": [121.80612182617188, 9.32818603515625, 428.71630859375], ""angles"": [0, 16384, 0], ""params"": [1.0, 1.0, 1.0, 0, 0, 0], ""unused_pointer"": 36230752}"
solo-extra-ep1/q033-bb-j,5,84,"{""base_type"": 769, ""set_flags"": 0, ""runtime_index"": 1534, ""file_offset"": 7512, ""floor_field"": 5, ""entity_id_field"": 17957, ""group"": 0, ""room"": 30, ""unknown_a3"": 0, ""position"": [131.18341064453125, 8.700775146484375, 425.4803466796875], ""angles"": [0, 16384, 0], ""params"": [1.0, 1.0, 1.0, 1, 0, 0], ""unused_pointer"": 36231600}"
solo-extra-ep1/q033-bb-j,5,85,"{""base_type"": 769, ""set_flags"": 0, ""runtime_index"": 1535, ""file_offset"": 7580, ""floor_field"": 5, ""entity_id_field"": 17958, ""group"": 0, ""room"": 30, ""unknown_a3"": 0, ""position"": [165.26300048828125, 2.4605712890625, 370.9788818359375], ""angles"": [0, 16384, 0], ""params"": [1.0, 1.0, 1.0, 1, 0, 0], ""unused_pointer"": 36232448}"
solo-extra-ep1/q033-bb-j,5,86,"{""base_type"": 769, ""set_flags"": 0, ""runtime_index"": 1536, ""file_offset"": 7648, ""floor_field"": 5, ""entity_id_field"": 17959, ""group"": 0, ""room"": 30, ""unknown_a3"": 0, ""position"": [159.34457397460938, 3.40484619140625, 381.7451171875], ""angles"": [0, 16384, 0], ""params"": [1.0, 1.0, 1.0, 0, 0, 0], ""unused_pointer"": 36233296}"
solo-extra-ep1/q033-bb-j,5,87,"{""base_type"": 769, ""set_flags"": 0, ""runtime_index"": 1537, ""file_offset"": 7716, ""floor_field"": 5, ""entity_id_field"": 17960, ""group"": 0, ""room"": 30, ""unknown_a3"": 0, ""position"": [144.5631103515625, 1.08270263671875, 356.654052734375], ""angles"": [0, 16384, 0], ""params"": [1.0, 1.0, 1.0, 2, 0, 0], ""unused_pointer"": 36234144}"
solo-extra-ep1/q033-bb-j,5,88,"{""base_type"": 769, ""set_flags"": 0, ""runtime_index"": 1538, ""file_offset"": 7784, ""floor_field"": 5, ""entity_id_field"": 17961, ""group"": 0, ""room"": 30, ""unknown_a3"": 0, ""position"": [125.86129760742188, 1.663543701171875, 362.5130615234375], ""angles"": [0, 40960, 0], ""params"": [1.0, 1.0, 1.0, 2, 0, 0], ""unused_pointer"": 36234992}"
solo-extra-ep1/q033-bb-j,5,89,"{""base_type"": 769, ""set_flags"": 0, ""runtime_index"": 1539, ""file_offset"": 7852, ""floor_field"": 5, ""entity_id_field"": 17962, ""group"": 0, ""room"": 30, ""unknown_a3"": 0, ""position"": [191.50294494628906, -3.04754638671875, 314.4281005859375], ""angles"": [0, 40960, 0], ""params"": [1.0, 1.0, 1.0, 2, 0, 0], ""unused_pointer"": 36235840}"
solo-extra-ep1/q033-bb-j,5,90,"{""base_type"": 769, ""set_flags"": 0, ""runtime_index"": 1540, ""file_offset"": 7920, ""floor_field"": 5, ""entity_id_field"": 17963, ""group"": 0, ""room"": 30, ""unknown_a3"": 0, ""position"": [171.51565551757812, -3.266021728515625, 311.109130859375], ""angles"": [0, 61440, 0], ""params"": [1.0, 1.0, 1.0, 2, 0, 0], ""unused_pointer"": 36236688}"
solo-extra-ep1/q033-bb-j,5,91,"{""base_type"": 769, ""set_flags"": 0, ""runtime_index"": 1541, ""file_offset"": 7988, ""floor_field"": 5, ""entity_id_field"": 17964, ""group"": 0, ""room"": 30, ""unknown_a3"": 0, ""position"": [209.54278564453125, -2.887542724609375, 316.1939697265625], ""angles"": [0, 49152, 0], ""params"": [1.0, 1.0, 1.0, 1, 0, 0], ""unused_pointer"": 36237536}"
solo-extra-ep1/q033-bb-j,5,92,"{""base_type"": 769, ""set_flags"": 0, ""runtime_index"": 1542, ""file_offset"": 8056, ""floor_field"": 5, ""entity_id_field"": 17965, ""group"": 0, ""room"": 30, ""unknown_a3"": 0, ""position"": [198.6074676513672, -1.6612548828125, 328.7506103515625], ""angles"": [0, 49152, 0], ""params"": [1.0, 1.0, 1.0, 0, 0, 0], ""unused_pointer"": 36238384}"
solo-extra-ep1/q033-bb-j,5,93,"{""base_type"": 769, ""set_flags"": 0, ""runtime_index"": 1543, ""file_offset"": 8124, ""floor_field"": 5, ""entity_id_field"": 17966, ""group"": 0, ""room"": 30, ""unknown_a3"": 0, ""position"": [237.41162109375, -6.47412109375, 284.2083740234375], ""angles"": [0, 49152, 0], ""params"": [1.0, 1.0, 1.0, 2, 0, 0], ""unused_pointer"": 36239232}"
solo-extra-ep1/q033-bb-j,5,94,"{""base_type"": 769, ""set_flags"": 0, ""runtime_index"": 1544, ""file_offset"": 8192, ""floor_field"": 5, ""entity_id_field"": 17967, ""group"": 0, ""room"": 30, ""unknown_a3"": 0, ""position"": [234.38778686523438, -7.88287353515625, 264.235595703125], ""angles"": [0, 49152, 0], ""params"": [1.0, 1.0, 1.0, 2, 0, 0], ""unused_pointer"": 36240080}"
solo-extra-ep1/q033-bb-j,5,95,"{""base_type"": 769, ""set_flags"": 0, ""runtime_index"": 1545, ""file_offset"": 8260, ""floor_field"": 5, ""entity_id_field"": 17968, ""group"": 0, ""room"": 30, ""unknown_a3"": 0, ""position"": [220.83160400390625, -6.980865478515625, 273.309326171875], ""angles"": [0, 49152, 0], ""params"": [1.0, 1.0, 1.0, 1, 0, 0], ""unused_pointer"": 36240928}"
solo-extra-ep1/q033-bb-j,5,96,"{""base_type"": 769, ""set_flags"": 0, ""runtime_index"": 1546, ""file_offset"": 8328, ""floor_field"": 5, ""entity_id_field"": 17969, ""group"": 0, ""room"": 30, ""unknown_a3"": 0, ""position"": [249.4049072265625, -6.550018310546875, 278.7384033203125], ""angles"": [0, 49152, 0], ""params"": [1.0, 1.0, 1.0, 1, 0, 0], ""unused_pointer"": 36241776}"
solo-extra-ep1/q033-bb-j,5,97,"{""base_type"": 769, ""set_flags"": 0, ""runtime_index"": 1547, ""file_offset"": 8396, ""floor_field"": 5, ""entity_id_field"": 17970, ""group"": 0, ""room"": 30, ""unknown_a3"": 0, ""position"": [272.10748291015625, -10.845001220703125, 233.98907470703125], ""angles"": [0, 49152, 0], ""params"": [1.0, 1.0, 1.0, 2, 0, 0], ""unused_pointer"": 36242624}"
solo-extra-ep1/q033-bb-j,5,98,"{""base_type"": 769, ""set_flags"": 0, ""runtime_index"": 1548, ""file_offset"": 8464, ""floor_field"": 5, ""entity_id_field"": 17971, ""group"": 0, ""room"": 30, ""unknown_a3"": 0, ""position"": [286.52435302734375, -11.44677734375, 228.28948974609375], ""angles"": [0, 49152, 0], ""params"": [1.0, 1.0, 1.0, 2, 0, 0], ""unused_pointer"": 36243472}"
solo-extra-ep1/q033-bb-j,5,99,"{""base_type"": 769, ""set_flags"": 0, ""runtime_index"": 1549, ""file_offset"": 8532, ""floor_field"": 5, ""entity_id_field"": 17972, ""group"": 0, ""room"": 30, ""unknown_a3"": 0, ""position"": [315.9573669433594, -17.0113525390625, 182.53155517578125], ""angles"": [0, 49152, 0], ""params"": [1.0, 1.0, 1.0, 1, 0, 0], ""unused_pointer"": 36244320}"
solo-extra-ep1/q033-bb-j,5,100,"{""base_type"": 769, ""set_flags"": 0, ""runtime_index"": 1550, ""file_offset"": 8600, ""floor_field"": 5, ""entity_id_field"": 17973, ""group"": 0, ""room"": 30, ""unknown_a3"": 0, ""position"": [302.4964599609375, -15.89678955078125, 184.3975830078125], ""angles"": [0, 49152, 0], ""params"": [1.0, 1.0, 1.0, 1, 0, 0], ""unused_pointer"": 36245168}"
solo-extra-ep1/q033-bb-j,5,101,"{""base_type"": 769, ""set_flags"": 0, ""runtime_index"": 1551, ""file_offset"": 8668, ""floor_field"": 5, ""entity_id_field"": 17974, ""group"": 0, ""room"": 30, ""unknown_a3"": 0, ""position"": [310.386962890625, -16.02935791015625, 189.2752685546875], ""angles"": [0, 49152, 0], ""params"": [1.0, 1.0, 1.0, 1, 0, 0], ""unused_pointer"": 36246016}"
solo-extra-ep1/q033-bb-j,5,102,"{""base_type"": 769, ""set_flags"": 0, ""runtime_index"": 1552, ""file_offset"": 8736, ""floor_field"": 5, ""entity_id_field"": 17975, ""group"": 0, ""room"": 30, ""unknown_a3"": 0, ""position"": [304.12786865234375, -16.486328125, 178.9600830078125], ""angles"": [0, 49152, 0], ""params"": [1.0, 1.0, 1.0, 0, 0, 0], ""unused_pointer"": 36246864}"
solo-extra-ep1/q033-bb-j,5,103,"{""base_type"": 769, ""set_flags"": 0, ""runtime_index"": 1553, ""file_offset"": 8804, ""floor_field"": 5, ""entity_id_field"": 17976, ""group"": 0, ""room"": 30, ""unknown_a3"": 0, ""position"": [323.353759765625, -23.0107421875, 119.73388671875], ""angles"": [0, 49152, 0], ""params"": [1.0, 1.0, 1.0, 2, 0, 0], ""unused_pointer"": 36247712}"
solo-extra-ep1/q033-bb-j,5,104,"{""base_type"": 769, ""set_flags"": 0, ""runtime_index"": 1554, ""file_offset"": 8872, ""floor_field"": 5, ""entity_id_field"": 17977, ""group"": 0, ""room"": 30, ""unknown_a3"": 0, ""position"": [338.00823974609375, -22.9246826171875, 132.60333251953125], ""angles"": [0, 49152, 0], ""params"": [1.0, 1.0, 1.0, 2, 0, 0], ""unused_pointer"": 36248560}"
solo-extra-ep1/q033-bb-j,5,105,"{""base_type"": 769, ""set_flags"": 0, ""runtime_index"": 1555, ""file_offset"": 8940, ""floor_field"": 5, ""entity_id_field"": 17978, ""group"": 0, ""room"": 30, ""unknown_a3"": 0, ""position"": [348.413330078125, -27.582275390625, 59.451904296875], ""angles"": [0, 49152, 0], ""params"": [1.0, 1.0, 1.0, 2, 0, 0], ""unused_pointer"": 36249408}"
solo-extra-ep1/q033-bb-j,5,106,"{""base_type"": 769, ""set_flags"": 0, ""runtime_index"": 1556, ""file_offset"": 9008, ""floor_field"": 5, ""entity_id_field"": 17979, ""group"": 0, ""room"": 30, ""unknown_a3"": 0, ""position"": [344.90386962890625, -28.104766845703125, 44.38909912109375], ""angles"": [0, 49152, 0], ""params"": [1.0, 1.0, 1.0, 0, 0, 0], ""unused_pointer"": 36250256}"
solo-extra-ep1/q033-bb-j,5,107,"{""base_type"": 769, ""set_flags"": 0, ""runtime_index"": 1557, ""file_offset"": 9076, ""floor_field"": 5, ""entity_id_field"": 17980, ""group"": 0, ""room"": 30, ""unknown_a3"": 0, ""position"": [349.3377380371094, -28.160308837890625, 48.326416015625], ""angles"": [0, 49152, 0], ""params"": [1.0, 1.0, 1.0, 0, 0, 0], ""unused_pointer"": 36251104}"
solo-extra-ep1/q033-bb-j,5,108,"{""base_type"": 769, ""set_flags"": 0, ""runtime_index"": 1558, ""file_offset"": 9144, ""floor_field"": 5, ""entity_id_field"": 17981, ""group"": 0, ""room"": 30, ""unknown_a3"": 0, ""position"": [357.4378662109375, -27.486114501953125, 71.8782958984375], ""angles"": [0, 49152, 0], ""params"": [1.0, 1.0, 1.0, 0, 0, 0], ""unused_pointer"": 36251952}"
solo-extra-ep1/q033-bb-j,5,109,"{""base_type"": 769, ""set_flags"": 0, ""runtime_index"": 1559, ""file_offset"": 9212, ""floor_field"": 5, ""entity_id_field"": 17982, ""group"": 0, ""room"": 30, ""unknown_a3"": 0, ""position"": [363.9943542480469, -28.838714599609375, 50.906005859375], ""angles"": [0, 49152, 0], ""params"": [1.0, 1.0, 1.0, 0, 0, 0], ""unused_pointer"": 36252800}"
solo-extra-ep1/q033-bb-j,5,110,"{""base_type"": 769, ""set_flags"": 0, ""runtime_index"": 1560, ""file_offset"": 9280, ""floor_field"": 5, ""entity_id_field"": 17983, ""group"": 0, ""room"": 30, ""unknown_a3"": 0, ""position"": [357.3945007324219, -30.66357421875, -13.50006103515625], ""angles"": [0, 49152, 0], ""params"": [1.0, 1.0, 1.0, 2, 0, 0], ""unused_pointer"": 36253648}"
solo-extra-ep1/q033-bb-j,5,111,"{""base_type"": 769, ""set_flags"": 0, ""runtime_index"": 1561, ""file_offset"": 9348, ""floor_field"": 5, ""entity_id_field"": 17984, ""group"": 0, ""room"": 30, ""unknown_a3"": 0, ""position"": [372.748046875, -30.592498779296875, -2.8182373046875], ""angles"": [0, 49152, 0], ""params"": [1.0, 1.0, 1.0, 1, 0, 0], ""unused_pointer"": 36254496}"
solo-extra-ep1/q033-bb-j,5,112,"{""base_type"": 769, ""set_flags"": 0, ""runtime_index"": 1562, ""file_offset"": 9416, ""floor_field"": 5, ""entity_id_field"": 17985, ""group"": 0, ""room"": 30, ""unknown_a3"": 0, ""position"": [340.74981689453125, -30.157470703125, -3.6885986328125], ""angles"": [0, 49152, 0], ""params"": [1.0, 1.0, 1.0, 1, 0, 0], ""unused_pointer"": 36255344}"
solo-extra-ep1/q033-bb-j,5,113,"{""base_type"": 769, ""set_flags"": 0, ""runtime_index"": 1563, ""file_offset"": 9484, ""floor_field"": 5, ""entity_id_field"": 17986, ""group"": 0, ""room"": 30, ""unknown_a3"": 0, ""position"": [328.7459716796875, -32.821624755859375, -75.47314453125], ""angles"": [0, 61440, 0], ""params"": [1.0, 1.0, 1.0, 2, 0, 0], ""unused_pointer"": 36256192}"
solo-extra-ep1/q033-bb-j,5,114,"{""base_type"": 769, ""set_flags"": 0, ""runtime_index"": 1564, ""file_offset"": 9552, ""floor_field"": 5, ""entity_id_field"": 17987, ""group"": 0, ""room"": 30, ""unknown_a3"": 0, ""position"": [341.23992919921875, -33.582672119140625, -86.29510498046875], ""angles"": [0, 45056, 0], ""params"": [1.0, 1.0, 1.0, 1, 0, 0], ""unused_pointer"": 36257040}"
solo-extra-ep1/q033-bb-j,5,115,"{""base_type"": 769, ""set_flags"": 0, ""runtime_index"": 1565, ""file_offset"": 9620, ""floor_field"": 5, ""entity_id_field"": 17988, ""group"": 0, ""room"": 30, ""unknown_a3"": 0, ""position"": [346.76959228515625, -33.110595703125, -76.92584228515625], ""angles"": [0, 45056, 0], ""params"": [1.0, 1.0, 1.0, 1, 0, 0], ""unused_pointer"": 36257888}"
solo-extra-ep1/q033-bb-j,5,116,"{""base_type"": 769, ""set_flags"": 0, ""runtime_index"": 1566, ""file_offset"": 9688, ""floor_field"": 5, ""entity_id_field"": 17989, ""group"": 0, ""room"": 30, ""unknown_a3"": 0, ""position"": [322.68170166015625, -31.737701416015625, -63.544921875], ""angles"": [0, 45056, 0], ""params"": [1.0, 1.0, 1.0, 1, 0, 0], ""unused_pointer"": 36258736}"
solo-extra-ep1/q033-bb-j,5,117,"{""base_type"": 769, ""set_flags"": 0, ""runtime_index"": 1567, ""file_offset"": 9756, ""floor_field"": 5, ""entity_id_field"": 17990, ""group"": 0, ""room"": 30, ""unknown_a3"": 0, ""position"": [163.62591552734375, -27.843505859375, -19.43310546875], ""angles"": [0, 45056, 0], ""params"": [1.0, 1.0, 1.0, 2, 0, 0], ""unused_pointer"": 36259584}"
solo-extra-ep1/q033-bb-j,5,118,"{""base_type"": 769, ""set_flags"": 0, ""runtime_index"": 1568, ""file_offset"": 9824, ""floor_field"": 5, ""entity_id_field"": 17991, ""group"": 0, ""room"": 30, ""unknown_a3"": 0, ""position"": [149.84674072265625, -27.983184814453125, -28.07720947265625], ""angles"": [0, 45056, 0], ""params"": [1.0, 1.0, 1.0, 1, 0, 0], ""unused_pointer"": 36260432}"
solo-extra-ep1/q033-bb-j,5,119,"{""base_type"": 769, ""set_flags"": 0, ""runtime_index"": 1569, ""file_offset"": 9892, ""floor_field"": 5, ""entity_id_field"": 17992, ""group"": 0, ""room"": 30, ""unknown_a3"": 0, ""position"": [155.29983520507812, -28.724884033203125, -41.41119384765625], ""angles"": [0, 45056, 0], ""params"": [1.0, 1.0, 1.0, 0, 0, 0], ""unused_pointer"": 36261280}"
solo-extra-ep1/q033-bb-j,5,120,"{""base_type"": 769, ""set_flags"": 0, ""runtime_index"": 1570, ""file_offset"": 9960, ""floor_field"": 5, ""entity_id_field"": 17993, ""group"": 0, ""room"": 30, ""unknown_a3"": 0, ""position"": [118.602783203125, -25.09283447265625, 19.74652099609375], ""angles"": [0, 45056, 0], ""params"": [1.0, 1.0, 1.0, 2, 0, 0], ""unused_pointer"": 36262128}"
solo-extra-ep1/q033-bb-j,5,121,"{""base_type"": 769, ""set_flags"": 0, ""runtime_index"": 1571, ""file_offset"": 10028, ""floor_field"": 5, ""entity_id_field"": 17994, ""group"": 0, ""room"": 30, ""unknown_a3"": 0, ""position"": [84.933349609375, -25.09283447265625, 51.23016357421875], ""angles"": [0, 45056, 0], ""params"": [1.0, 1.0, 1.0, 2, 0, 0], ""unused_pointer"": 36262976}"
solo-extra-ep1/q033-bb-j,5,122,"{""base_type"": 769, ""set_flags"": 0, ""runtime_index"": 1572, ""file_offset"": 10096, ""floor_field"": 5, ""entity_id_field"": 17995, ""group"": 0, ""room"": 30, ""unknown_a3"": 0, ""position"": [96.87979125976562, -25.09283447265625, 55.99273681640625], ""angles"": [0, 45056, 0], ""params"": [1.0, 1.0, 1.0, 1, 0, 0], ""unused_pointer"": 36263824}"
solo-extra-ep1/q033-bb-j,5,123,"{""base_type"": 769, ""set_flags"": 0, ""runtime_index"": 1573, ""file_offset"": 10164, ""floor_field"": 5, ""entity_id_field"": 17996, ""group"": 0, ""room"": 30, ""unknown_a3"": 0, ""position"": [73.68063354492188, -23.33905029296875, 38.00927734375], ""angles"": [0, 45056, 0], ""params"": [1.0, 1.0, 1.0, 0, 0, 0], ""unused_pointer"": 36264672}"
solo-extra-ep1/q033-bb-j,5,124,"{""base_type"": 769, ""set_flags"": 0, ""runtime_index"": 1574, ""file_offset"": 10232, ""floor_field"": 5, ""entity_id_field"": 17997, ""group"": 0, ""room"": 30, ""unknown_a3"": 0, ""position"": [30.47674560546875, -18.120147705078125, 78.889404296875], ""angles"": [0, 45056, 0], ""params"": [1.0, 1.0, 1.0, 2, 0, 0], ""unused_pointer"": 36265520}"
solo-extra-ep1/q033-bb-j,5,125,"{""base_type"": 769, ""set_flags"": 0, ""runtime_index"": 1575, ""file_offset"": 10300, ""floor_field"": 5, ""entity_id_field"": 17998, ""group"": 0, ""room"": 30, ""unknown_a3"": 0, ""position"": [30.47674560546875, -18.120147705078125, 78.889404296875], ""angles"": [0, 45056, 0], ""params"": [1.0, 1.0, 1.0, 2, 0, 0], ""unused_pointer"": 36266368}"
solo-extra-ep1/q033-bb-j,5,126,"{""base_type"": 769, ""set_flags"": 0, ""runtime_index"": 1576, ""file_offset"": 10368, ""floor_field"": 5, ""entity_id_field"": 17999, ""group"": 0, ""room"": 30, ""unknown_a3"": 0, ""position"": [31.031646728515625, -19.1387939453125, 66.2630615234375], ""angles"": [0, 45056, 0], ""params"": [1.0, 1.0, 1.0, 1, 0, 0], ""unused_pointer"": 36267216}"
solo-extra-ep1/q033-bb-j,5,127,"{""base_type"": 769, ""set_flags"": 0, ""runtime_index"": 1577, ""file_offset"": 10436, ""floor_field"": 5, ""entity_id_field"": 18000, ""group"": 0, ""room"": 30, ""unknown_a3"": 0, ""position"": [44.05462646484375, -17.927215576171875, 88.560791015625], ""angles"": [0, 45056, 0], ""params"": [1.0, 1.0, 1.0, 1, 0, 0], ""unused_pointer"": 36268064}"
solo-extra-ep1/q033-bb-j,5,128,"{""base_type"": 769, ""set_flags"": 0, ""runtime_index"": 1578, ""file_offset"": 10504, ""floor_field"": 5, ""entity_id_field"": 18001, ""group"": 0, ""room"": 30, ""unknown_a3"": 0, ""position"": [-12.711669921875, -13.778045654296875, 111.18780517578125], ""angles"": [0, 45056, 0], ""params"": [1.0, 1.0, 1.0, 2, 0, 0], ""unused_pointer"": 36268912}"
solo-extra-ep1/q033-bb-j,5,129,"{""base_type"": 769, ""set_flags"": 0, ""runtime_index"": 1579, ""file_offset"": 10572, ""floor_field"": 5, ""entity_id_field"": 18002, ""group"": 0, ""room"": 30, ""unknown_a3"": 0, ""position"": [-25.201263427734375, -13.59814453125, 107.3338623046875], ""angles"": [0, 45056, 0], ""params"": [1.0, 1.0, 1.0, 1, 0, 0], ""unused_pointer"": 36269760}"
solo-extra-ep1/q033-bb-j,5,130,"{""base_type"": 769, ""set_flags"": 0, ""runtime_index"": 1580, ""file_offset"": 10640, ""floor_field"": 5, ""entity_id_field"": 18003, ""group"": 0, ""room"": 30, ""unknown_a3"": 0, ""position"": [2.409393310546875, -14.042449951171875, 115.68292236328125], ""angles"": [0, 45056, 0], ""params"": [1.0, 1.0, 1.0, 0, 0, 0], ""unused_pointer"": 36270608}"
solo-extra-ep1/q033-bb-j,5,131,"{""base_type"": 769, ""set_flags"": 0, ""runtime_index"": 1581, ""file_offset"": 10708, ""floor_field"": 5, ""entity_id_field"": 18004, ""group"": 0, ""room"": 30, ""unknown_a3"": 0, ""position"": [-3.22430419921875, -13.52740478515625, 119.22998046875], ""angles"": [0, 45056, 0], ""params"": [1.0, 1.0, 1.0, 0, 0, 0], ""unused_pointer"": 36271456}"
solo-extra-ep1/q033-bb-j,5,132,"{""base_type"": 769, ""set_flags"": 0, ""runtime_index"": 1582, ""file_offset"": 10776, ""floor_field"": 5, ""entity_id_field"": 18005, ""group"": 0, ""room"": 30, ""unknown_a3"": 0, ""position"": [-68.95199584960938, -8.862060546875, 151.05535888671875], ""angles"": [0, 45056, 0], ""params"": [1.0, 1.0, 1.0, 2, 0, 0], ""unused_pointer"": 36272304}"
solo-extra-ep1/q033-bb-j,5,133,"{""base_type"": 769, ""set_flags"": 0, ""runtime_index"": 1583, ""file_offset"": 10844, ""floor_field"": 5, ""entity_id_field"": 18006, ""group"": 0, ""room"": 30, ""unknown_a3"": 0, ""position"": [-73.29739379882812, -7.677459716796875, 164.045654296875], ""angles"": [0, 45056, 0], ""params"": [1.0, 1.0, 1.0, 2, 0, 0], ""unused_pointer"": 36273152}"
solo-extra-ep1/q033-bb-j,5,134,"{""base_type"": 769, ""set_flags"": 0, ""runtime_index"": 1584, ""file_offset"": 10912, ""floor_field"": 5, ""entity_id_field"": 18007, ""group"": 0, ""room"": 30, ""unknown_a3"": 0, ""position"": [-81.54147338867188, -9.41119384765625, 144.7532958984375], ""angles"": [0, 45056, 0], ""params"": [1.0, 1.0, 1.0, 1, 0, 0], ""unused_pointer"": 36274000}"
solo-extra-ep1/q033-bb-j,5,135,"{""base_type"": 769, ""set_flags"": 0, ""runtime_index"": 1585, ""file_offset"": 10980, ""floor_field"": 5, ""entity_id_field"": 18008, ""group"": 0, ""room"": 30, ""unknown_a3"": 0, ""position"": [-127.01531982421875, -4.0035400390625, 192.1748046875], ""angles"": [0, 45056, 0], ""params"": [1.0, 1.0, 1.0, 2, 0, 0], ""unused_pointer"": 36274848}"
solo-extra-ep1/q033-bb-j,5,136,"{""base_type"": 769, ""set_flags"": 0, ""runtime_index"": 1586, ""file_offset"": 11048, ""floor_field"": 5, ""entity_id_field"": 18009, ""group"": 0, ""room"": 30, ""unknown_a3"": 0, ""position"": [-111.37432861328125, -4.503997802734375, 192.75909423828125], ""angles"": [0, 45056, 0], ""params"": [1.0, 1.0, 1.0, 1, 0, 0], ""unused_pointer"": 36275696}"
solo-extra-ep1/q033-bb-j,5,137,"{""base_type"": 769, ""set_flags"": 0, ""runtime_index"": 1587, ""file_offset"": 11116, ""floor_field"": 5, ""entity_id_field"": 18010, ""group"": 0, ""room"": 30, ""unknown_a3"": 0, ""position"": [-141.0985107421875, -3.79241943359375, 185.92364501953125], ""angles"": [0, 45056, 0], ""params"": [1.0, 1.0, 1.0, 0, 0, 0], ""unused_pointer"": 36276544}"
solo-extra-ep1/q033-bb-j,5,138,"{""base_type"": 769, ""set_flags"": 0, ""runtime_index"": 1588, ""file_offset"": 11184, ""floor_field"": 5, ""entity_id_field"": 18011, ""group"": 0, ""room"": 30, ""unknown_a3"": 0, ""position"": [-186.39715576171875, 1.785064697265625, 222.81597900390625], ""angles"": [0, 45056, 0], ""params"": [1.0, 1.0, 1.0, 2, 0, 0], ""unused_pointer"": 36277392}"
solo-extra-ep1/q033-bb-j,5,139,"{""base_type"": 769, ""set_flags"": 0, ""runtime_index"": 1589, ""file_offset"": 11252, ""floor_field"": 5, ""entity_id_field"": 18014, ""group"": 0, ""room"": 30, ""unknown_a3"": 0, ""position"": [-192.68389892578125, 3.31378173828125, 234.48553466796875], ""angles"": [0, 0, 0], ""params"": [1.0, 1.0, 1.0, 0, 0, 0], ""unused_pointer"": 36278240}"
solo-extra-ep1/q033-bb-j,5,140,"{""base_type"": 769, ""set_flags"": 0, ""runtime_index"": 1590, ""file_offset"": 11320, ""floor_field"": 5, ""entity_id_field"": 18015, ""group"": 0, ""room"": 30, ""unknown_a3"": 0, ""position"": [-170.80792236328125, 1.328643798828125, 231.64190673828125], ""angles"": [0, 0, 0], ""params"": [1.0, 1.0, 1.0, 0, 0, 0], ""unused_pointer"": 36279088}"
solo-extra-ep1/q033-bb-j,5,141,"{""base_type"": 769, ""set_flags"": 0, ""runtime_index"": 1591, ""file_offset"": 11388, ""floor_field"": 5, ""entity_id_field"": 18016, ""group"": 0, ""room"": 30, ""unknown_a3"": 0, ""position"": [-195.56597900390625, 1.075531005859375, 205.6268310546875], ""angles"": [0, 0, 0], ""params"": [1.0, 1.0, 1.0, 1, 0, 0], ""unused_pointer"": 36279936}"
solo-extra-ep1/q033-bb-j,5,142,"{""base_type"": 769, ""set_flags"": 0, ""runtime_index"": 1593, ""file_offset"": 11456, ""floor_field"": 5, ""entity_id_field"": 18019, ""group"": 0, ""room"": 30, ""unknown_a3"": 0, ""position"": [-253.536376953125, 9.42498779296875, 245.5980224609375], ""angles"": [0, 0, 0], ""params"": [1.0, 1.0, 1.0, 2, 0, 0], ""unused_pointer"": 36280784}"
solo-extra-ep1/q033-bb-j,5,143,"{""base_type"": 769, ""set_flags"": 0, ""runtime_index"": 1594, ""file_offset"": 11524, ""floor_field"": 5, ""entity_id_field"": 18020, ""group"": 0, ""room"": 30, ""unknown_a3"": 0, ""position"": [-237.281494140625, 8.220947265625, 247.2249755859375], ""angles"": [0, 0, 0], ""params"": [1.0, 1.0, 1.0, 1, 0, 0], ""unused_pointer"": 36281632}"
solo-extra-ep1/q033-bb-j,5,144,"{""base_type"": 769, ""set_flags"": 0, ""runtime_index"": 1595, ""file_offset"": 11592, ""floor_field"": 5, ""entity_id_field"": 18021, ""group"": 0, ""room"": 30, ""unknown_a3"": 0, ""position"": [-247.29986572265625, 7.856292724609375, 234.35064697265625], ""angles"": [0, 0, 0], ""params"": [1.0, 1.0, 1.0, 1, 0, 0], ""unused_pointer"": 36282480}"
solo-extra-ep1/q033-bb-j,5,145,"{""base_type"": 769, ""set_flags"": 0, ""runtime_index"": 1596, ""file_offset"": 11660, ""floor_field"": 5, ""entity_id_field"": 18022, ""group"": 0, ""room"": 30, ""unknown_a3"": 0, ""position"": [-320.3958740234375, 16.397491455078125, 260.57550048828125], ""angles"": [0, 0, 0], ""params"": [1.0, 1.0, 1.0, 2, 0, 0], ""unused_pointer"": 36283328}"
solo-extra-ep1/q033-bb-j,5,146,"{""base_type"": 769, ""set_flags"": 0, ""runtime_index"": 1597, ""file_offset"": 11728, ""floor_field"": 5, ""entity_id_field"": 18023, ""group"": 0, ""room"": 30, ""unknown_a3"": 0, ""position"": [-372.794677734375, 22.9718017578125, 285.057373046875], ""angles"": [0, 0, 0], ""params"": [1.0, 1.0, 1.0, 2, 0, 0], ""unused_pointer"": 36284176}"
solo-extra-ep1/q033-bb-j,5,147,"{""base_type"": 769, ""set_flags"": 0, ""runtime_index"": 1598, ""file_offset"": 11796, ""floor_field"": 5, ""entity_id_field"": 18024, ""group"": 0, ""room"": 30, ""unknown_a3"": 0, ""position"": [-358.33514404296875, 22.166900634765625, 289.5225830078125], ""angles"": [0, 0, 0], ""params"": [1.0, 1.0, 1.0, 1, 0, 0], ""unused_pointer"": 36285024}"
solo-extra-ep1/q033-bb-j,5,148,"{""base_type"": 769, ""set_flags"": 0, ""runtime_index"": 1599, ""file_offset"": 11864, ""floor_field"": 5, ""entity_id_field"": 18025, ""group"": 0, ""room"": 30, ""unknown_a3"": 0, ""position"": [-358.2237548828125, 21.087371826171875, 277.33544921875], ""angles"": [0, 0, 0], ""params"": [1.0, 1.0, 1.0, 0, 0, 0], ""unused_pointer"": 36285872}"
solo-extra-ep1/q033-bb-j,5,149,"{""base_type"": 769, ""set_flags"": 0, ""runtime_index"": 1600, ""file_offset"": 11932, ""floor_field"": 5, ""entity_id_field"": 18026, ""group"": 0, ""room"": 30, ""unknown_a3"": 0, ""position"": [-360.64599609375, 20.421966552734375, 267.73583984375], ""angles"": [0, 0, 0], ""params"": [1.0, 1.0, 1.0, 0, 0, 0], ""unused_pointer"": 36286720}"
solo-extra-ep1/q033-bb-j,5,150,"{""base_type"": 769, ""set_flags"": 0, ""runtime_index"": 1601, ""file_offset"": 12000, ""floor_field"": 5, ""entity_id_field"": 18027, ""group"": 0, ""room"": 30, ""unknown_a3"": 0, ""position"": [-421.144287109375, 27.984405517578125, 296.647705078125], ""angles"": [0, 0, 0], ""params"": [1.0, 1.0, 1.0, 2, 0, 0], ""unused_pointer"": 36287568}"
solo-extra-ep1/q033-bb-j,5,151,"{""base_type"": 769, ""set_flags"": 0, ""runtime_index"": 1602, ""file_offset"": 12068, ""floor_field"": 5, ""entity_id_field"": 18028, ""group"": 0, ""room"": 30, ""unknown_a3"": 0, ""position"": [-431.42535400390625, 29.714569091796875, 306.701171875], ""angles"": [0, 0, 0], ""params"": [1.0, 1.0, 1.0, 2, 0, 0], ""unused_pointer"": 36288416}"
solo-extra-ep1/q033-bb-j,5,152,"{""base_type"": 769, ""set_flags"": 0, ""runtime_index"": 1603, ""file_offset"": 12136, ""floor_field"": 5, ""entity_id_field"": 18029, ""group"": 0, ""room"": 30, ""unknown_a3"": 0, ""position"": [-492.9493408203125, 36.78314208984375, 329.924560546875], ""angles"": [0, 0, 0], ""params"": [1.0, 1.0, 1.0, 2, 0, 0], ""unused_pointer"": 36289264}"
solo-extra-ep1/q033-bb-j,5,153,"{""base_type"": 769, ""set_flags"": 0, ""runtime_index"": 1604, ""file_offset"": 12204, ""floor_field"": 5, ""entity_id_field"": 18030, ""group"": 0, ""room"": 30, ""unknown_a3"": 0, ""position"": [-491.74072265625, 35.339752197265625, 314.47216796875], ""angles"": [0, 0, 0], ""params"": [1.0, 1.0, 1.0, 1, 0, 0], ""unused_pointer"": 36290112}"
solo-extra-ep1/q033-bb-j,5,154,"{""base_type"": 769, ""set_flags"": 0, ""runtime_index"": 1605, ""file_offset"": 12272, ""floor_field"": 5, ""entity_id_field"": 18031, ""group"": 0, ""room"": 30, ""unknown_a3"": 0, ""position"": [-473.96685791015625, 35.7559814453125, 335.6640625], ""angles"": [0, 0, 0], ""params"": [1.0, 1.0, 1.0, 1, 0, 0], ""unused_pointer"": 36290960}"
solo-extra-ep1/q033-bb-j,5,155,"{""base_type"": 769, ""set_flags"": 0, ""runtime_index"": 1606, ""file_offset"": 12340, ""floor_field"": 5, ""entity_id_field"": 18032, ""group"": 0, ""room"": 30, ""unknown_a3"": 0, ""position"": [-479.545166015625, 35.831573486328125, 331.3800048828125], ""angles"": [0, 0, 0], ""params"": [1.0, 1.0, 1.0, 0, 0, 0], ""unused_pointer"": 36291808}"
solo-extra-ep1/q033-bb-j,5,156,"{""base_type"": 769, ""set_flags"": 0, ""runtime_index"": 1607, ""file_offset"": 12408, ""floor_field"": 5, ""entity_id_field"": 18033, ""group"": 0, ""room"": 30, ""unknown_a3"": 0, ""position"": [-499.72808837890625, 19.18060302734375, 116.8240966796875], ""angles"": [0, 0, 0], ""params"": [1.0, 1.0, 1.0, 2, 0, 0], ""unused_pointer"": 36292656}"
solo-extra-ep1/q033-bb-j,5,157,"{""base_type"": 769, ""set_flags"": 0, ""runtime_index"": 1608, ""file_offset"": 12476, ""floor_field"": 5, ""entity_id_field"": 18034, ""group"": 0, ""room"": 30, ""unknown_a3"": 0, ""position"": [-469.91015625, 12.629608154296875, 65.46661376953125], ""angles"": [0, 0, 0], ""params"": [1.0, 1.0, 1.0, 2, 0, 0], ""unused_pointer"": 36293504}"
solo-extra-ep1/q033-bb-j,5,158,"{""base_type"": 769, ""set_flags"": 0, ""runtime_index"": 1609, ""file_offset"": 12544, ""floor_field"": 5, ""entity_id_field"": 18035, ""group"": 0, ""room"": 30, ""unknown_a3"": 0, ""position"": [-435.2587890625, 6.08905029296875, 17.7354736328125], ""angles"": [0, 0, 0], ""params"": [1.0, 1.0, 1.0, 2, 0, 0], ""unused_pointer"": 36294352}"
solo-extra-ep1/q033-bb-j,5,159,"{""base_type"": 769, ""set_flags"": 0, ""runtime_index"": 1610, ""file_offset"": 12612, ""floor_field"": 5, ""entity_id_field"": 18036, ""group"": 0, ""room"": 30, ""unknown_a3"": 0, ""position"": [-435.8702392578125, 5.092193603515625, 3.7047119140625], ""angles"": [0, 0, 0], ""params"": [1.0, 1.0, 1.0, 1, 0, 0], ""unused_pointer"": 36295200}"
solo-extra-ep1/q033-bb-j,5,160,"{""base_type"": 769, ""set_flags"": 0, ""runtime_index"": 1612, ""file_offset"": 12680, ""floor_field"": 5, ""entity_id_field"": 18039, ""group"": 0, ""room"": 30, ""unknown_a3"": 0, ""position"": [-448.60711669921875, 7.458587646484375, 19.69342041015625], ""angles"": [0, 0, 0], ""params"": [1.0, 1.0, 1.0, 1, 0, 0], ""unused_pointer"": 36296048}"
solo-extra-ep1/q033-bb-j,5,161,"{""base_type"": 769, ""set_flags"": 0, ""runtime_index"": 1613, ""file_offset"": 12748, ""floor_field"": 5, ""entity_id_field"": 18040, ""group"": 0, ""room"": 30, ""unknown_a3"": 0, ""position"": [-484.4625244140625, 13.835113525390625, 64.0322265625], ""angles"": [0, 0, 0], ""params"": [1.0, 1.0, 1.0, 0, 0, 0], ""unused_pointer"": 36296896}"
solo-extra-ep1/q033-bb-j,5,162,"{""base_type"": 769, ""set_flags"": 0, ""runtime_index"": 1614, ""file_offset"": 12816, ""floor_field"": 5, ""entity_id_field"": 18041, ""group"": 0, ""room"": 30, ""unknown_a3"": 0, ""position"": [-420.4100341796875, 5.001495361328125, 22.0140380859375], ""angles"": [0, 0, 0], ""params"": [1.0, 1.0, 1.0, 0, 0, 0], ""unused_pointer"": 36297744}"
solo-extra-ep1/q033-bb-j,5,163,"{""base_type"": 769, ""set_flags"": 0, ""runtime_index"": 1615, ""file_offset"": 12884, ""floor_field"": 5, ""entity_id_field"": 18042, ""group"": 0, ""room"": 30, ""unknown_a3"": 0, ""position"": [-401.86920166015625, -1.005462646484375, -25.43316650390625], ""angles"": [0, 0, 0], ""params"": [1.0, 1.0, 1.0, 2, 0, 0], ""unused_pointer"": 36298592}"
solo-extra-ep1/q033-bb-j,5,164,"{""base_type"": 769, ""set_flags"": 0, ""runtime_index"": 1616, ""file_offset"": 12952, ""floor_field"": 5, ""entity_id_field"": 18043, ""group"": 0, ""room"": 30, ""unknown_a3"": 0, ""position"": [-416.779296875, 0.666534423828125, -23.705810546875], ""angles"": [0, 0, 0], ""params"": [1.0, 1.0, 1.0, 1, 0, 0], ""unused_pointer"": 36299440}"
solo-extra-ep1/q033-bb-j,5,165,"{""base_type"": 769, ""set_flags"": 0, ""runtime_index"": 1617, ""file_offset"": 13020, ""floor_field"": 5, ""entity_id_field"": 18044, ""group"": 0, ""room"": 30, ""unknown_a3"": 0, ""position"": [-403.98944091796875, -1.708770751953125, -37.3385009765625], ""angles"": [0, 0, 0], ""params"": [1.0, 1.0, 1.0, 0, 0, 0], ""unused_pointer"": 36300288}"
solo-extra-ep1/q033-bb-j,5,166,"{""base_type"": 769, ""set_flags"": 0, ""runtime_index"": 1618, ""file_offset"": 13088, ""floor_field"": 5, ""entity_id_field"": 18045, ""group"": 0, ""room"": 30, ""unknown_a3"": 0, ""position"": [-385.23431396484375, -1.4696044921875, -22.03399658203125], ""angles"": [0, 0, 0], ""params"": [1.0, 1.0, 1.0, 1, 0, 0], ""unused_pointer"": 36301136}"
solo-extra-ep1/q033-bb-j,5,167,"{""base_type"": 769, ""set_flags"": 0, ""runtime_index"": 1619, ""file_offset"": 13156, ""floor_field"": 5, ""entity_id_field"": 18046, ""group"": 0, ""room"": 30, ""unknown_a3"": 0, ""position"": [-349.52850341796875, -6.669403076171875, -67.81378173828125], ""angles"": [0, 0, 0], ""params"": [1.0, 1.0, 1.0, 2, 0, 0], ""unused_pointer"": 36301984}"
solo-extra-ep1/q033-bb-j,5,168,"{""base_type"": 769, ""set_flags"": 0, ""runtime_index"": 1620, ""file_offset"": 13224, ""floor_field"": 5, ""entity_id_field"": 18047, ""group"": 0, ""room"": 30, ""unknown_a3"": 0, ""position"": [-346.07940673828125, -7.84051513671875, -81.14453125], ""angles"": [0, 0, 0], ""params"": [1.0, 1.0, 1.0, 1, 0, 0], ""unused_pointer"": 36302832}"
solo-extra-ep1/q033-bb-j,5,169,"{""base_type"": 769, ""set_flags"": 0, ""runtime_index"": 1621, ""file_offset"": 13292, ""floor_field"": 5, ""entity_id_field"": 18048, ""group"": 0, ""room"": 30, ""unknown_a3"": 0, ""position"": [-293.49566650390625, -12.217620849609375, -99.22149658203125], ""angles"": [0, 0, 0], ""params"": [1.0, 1.0, 1.0, 2, 0, 0], ""unused_pointer"": 36303680}"
solo-extra-ep1/q033-bb-j,5,170,"{""base_type"": 769, ""set_flags"": 0, ""runtime_index"": 1622, ""file_offset"": 13360, ""floor_field"": 5, ""entity_id_field"": 18049, ""group"": 0, ""room"": 30, ""unknown_a3"": 0, ""position"": [-306.7928466796875, -12.217620849609375, -99.70599365234375], ""angles"": [0, 0, 0], ""params"": [1.0, 1.0, 1.0, 1, 0, 0], ""unused_pointer"": 36304528}"
solo-extra-ep1/q033-bb-j,5,171,"{""base_type"": 769, ""set_flags"": 0, ""runtime_index"": 1623, ""file_offset"": 13428, ""floor_field"": 5, ""entity_id_field"": 18050, ""group"": 0, ""room"": 30, ""unknown_a3"": 0, ""position"": [-277.38238525390625, -12.795196533203125, -92.6634521484375], ""angles"": [0, 0, 0], ""params"": [1.0, 1.0, 1.0, 1, 0, 0], ""unused_pointer"": 36305376}"
solo-extra-ep1/q033-bb-j,5,172,"{""base_type"": 769, ""set_flags"": 0, ""runtime_index"": 1624, ""file_offset"": 13496, ""floor_field"": 5, ""entity_id_field"": 18051, ""group"": 0, ""room"": 30, ""unknown_a3"": 0, ""position"": [-288.1905517578125, -11.03558349609375, -81.7471923828125], ""angles"": [0, 0, 0], ""params"": [1.0, 1.0, 1.0, 0, 0, 0], ""unused_pointer"": 36306224}"
solo-extra-ep1/q033-bb-j,5,173,"{""base_type"": 769, ""set_flags"": 0, ""runtime_index"": 1625, ""file_offset"": 13564, ""floor_field"": 5, ""entity_id_field"": 18052, ""group"": 0, ""room"": 30, ""unknown_a3"": 0, ""position"": [-238.3203125, -18.04388427734375, -121.70892333984375], ""angles"": [0, 0, 0], ""params"": [1.0, 1.0, 1.0, 2, 0, 0], ""unused_pointer"": 36307072}"
solo-extra-ep1/q033-bb-j,5,174,"{""base_type"": 769, ""set_flags"": 0, ""runtime_index"": 1626, ""file_offset"": 13632, ""floor_field"": 5, ""entity_id_field"": 18053, ""group"": 0, ""room"": 30, ""unknown_a3"": 0, ""position"": [-190.444091796875, -23.768524169921875, -147.1524658203125], ""angles"": [0, 0, 0], ""params"": [1.0, 1.0, 1.0, 1, 0, 0], ""unused_pointer"": 36307920}"
solo-extra-ep1/q033-bb-j,5,175,"{""base_type"": 769, ""set_flags"": 0, ""runtime_index"": 1627, ""file_offset"": 13700, ""floor_field"": 5, ""entity_id_field"": 18054, ""group"": 0, ""room"": 30, ""unknown_a3"": 0, ""position"": [-199.0054931640625, -23.341888427734375, -144.6981201171875], ""angles"": [0, 0, 0], ""params"": [1.0, 1.0, 1.0, 0, 0, 0], ""unused_pointer"": 36308768}"
solo-extra-ep1/q033-bb-j,5,176,"{""base_type"": 769, ""set_flags"": 0, ""runtime_index"": 1628, ""file_offset"": 13768, ""floor_field"": 5, ""entity_id_field"": 18055, ""group"": 0, ""room"": 30, ""unknown_a3"": 0, ""position"": [-190.20184326171875, -23.55908203125, -140.15496826171875], ""angles"": [0, 0, 0], ""params"": [1.0, 1.0, 1.0, 0, 0, 0], ""unused_pointer"": 36309616}"
solo-extra-ep1/q033-bb-j,5,177,"{""base_type"": 769, ""set_flags"": 0, ""runtime_index"": 1629, ""file_offset"": 13836, ""floor_field"": 5, ""entity_id_field"": 18056, ""group"": 0, ""room"": 30, ""unknown_a3"": 0, ""position"": [-192.7392578125, -22.623626708984375, -126.9466552734375], ""angles"": [0, 0, 0], ""params"": [1.0, 1.0, 1.0, 1, 0, 0], ""unused_pointer"": 36310464}"
solo-extra-ep1/q033-bb-j,5,178,"{""base_type"": 769, ""set_flags"": 0, ""runtime_index"": 1630, ""file_offset"": 13904, ""floor_field"": 5, ""entity_id_field"": 18057, ""group"": 0, ""room"": 30, ""unknown_a3"": 0, ""position"": [-183.16455078125, -23.32025146484375, -128.83831787109375], ""angles"": [0, 0, 0], ""params"": [1.0, 1.0, 1.0, 0, 0, 0], ""unused_pointer"": 36311312}"
solo-extra-ep1/q033-bb-j,5,179,"{""base_type"": 769, ""set_flags"": 0, ""runtime_index"": 1631, ""file_offset"": 13972, ""floor_field"": 5, ""entity_id_field"": 18058, ""group"": 0, ""room"": 30, ""unknown_a3"": 0, ""position"": [-130.04461669921875, -25.51776123046875, -141.87744140625], ""angles"": [0, 0, 0], ""params"": [1.0, 1.0, 1.0, 2, 0, 0], ""unused_pointer"": 36312160}"
solo-extra-ep1/q033-bb-j,5,180,"{""base_type"": 769, ""set_flags"": 0, ""runtime_index"": 1632, ""file_offset"": 14040, ""floor_field"": 5, ""entity_id_field"": 18059, ""group"": 0, ""room"": 30, ""unknown_a3"": 0, ""position"": [-131.510009765625, -26.33929443359375, -163.11376953125], ""angles"": [0, 0, 0], ""params"": [1.0, 1.0, 1.0, 1, 0, 0], ""unused_pointer"": 36313008}"
solo-extra-ep1/q033-bb-j,5,181,"{""base_type"": 769, ""set_flags"": 0, ""runtime_index"": 1633, ""file_offset"": 14108, ""floor_field"": 5, ""entity_id_field"": 18060, ""group"": 0, ""room"": 30, ""unknown_a3"": 0, ""position"": [-139.67730712890625, -26.0157470703125, -161.45965576171875], ""angles"": [0, 0, 0], ""params"": [1.0, 1.0, 1.0, 1, 0, 0], ""unused_pointer"": 36313856}"
solo-extra-ep1/q033-bb-j,5,182,"{""base_type"": 769, ""set_flags"": 0, ""runtime_index"": 1634, ""file_offset"": 14176, ""floor_field"": 5, ""entity_id_field"": 18061, ""group"": 0, ""room"": 30, ""unknown_a3"": 0, ""position"": [-75.440185546875, -28.436737060546875, -171.43792724609375], ""angles"": [0, 0, 0], ""params"": [1.0, 1.0, 1.0, 2, 0, 0], ""unused_pointer"": 36314704}"
solo-extra-ep1/q033-bb-j,5,183,"{""base_type"": 769, ""set_flags"": 0, ""runtime_index"": 1635, ""file_offset"": 14244, ""floor_field"": 5, ""entity_id_field"": 18062, ""group"": 0, ""room"": 30, ""unknown_a3"": 0, ""position"": [-71.06884765625, -29.183074951171875, -186.3548583984375], ""angles"": [0, 0, 0], ""params"": [1.0, 1.0, 1.0, 2, 0, 0], ""unused_pointer"": 36315552}"
solo-extra-ep1/q033-bb-j,5,184,"{""base_type"": 769, ""set_flags"": 0, ""runtime_index"": 1636, ""file_offset"": 14312, ""floor_field"": 5, ""entity_id_field"": 18063, ""group"": 0, ""room"": 30, ""unknown_a3"": 0, ""position"": [-40.175079345703125, -32.622161865234375, -232.2391357421875], ""angles"": [0, 0, 0], ""params"": [1.0, 1.0, 1.0, 2, 0, 0], ""unused_pointer"": 36316400}"
solo-extra-ep1/q033-bb-j,5,185,"{""base_type"": 769, ""set_flags"": 0, ""runtime_index"": 1637, ""file_offset"": 14380, ""floor_field"": 5, ""entity_id_field"": 18064, ""group"": 0, ""room"": 30, ""unknown_a3"": 0, ""position"": [-28.38037109375, -33.88336181640625, -243.8873291015625], ""angles"": [0, 0, 0], ""params"": [1.0, 1.0, 1.0, 0, 0, 0], ""unused_pointer"": 36317248}"
solo-extra-ep1/q033-bb-j,5,186,"{""base_type"": 769, ""set_flags"": 0, ""runtime_index"": 1638, ""file_offset"": 14448, ""floor_field"": 5, ""entity_id_field"": 18065, ""group"": 0, ""room"": 30, ""unknown_a3"": 0, ""position"": [-41.261260986328125, -33.587554931640625, -248.9171142578125], ""angles"": [0, 0, 0], ""params"": [1.0, 1.0, 1.0, 0, 0, 0], ""unused_pointer"": 36318096}"
solo-extra-ep1/q033-bb-j,5,187,"{""base_type"": 769, ""set_flags"": 0, ""runtime_index"": 1639, ""file_offset"": 14516, ""floor_field"": 5, ""entity_id_field"": 18066, ""group"": 0, ""room"": 30, ""unknown_a3"": 0, ""position"": [-25.90753173828125, -33.561248779296875, -236.70294189453125], ""angles"": [0, 0, 0], ""params"": [1.0, 1.0, 1.0, 1, 0, 0], ""unused_pointer"": 36318944}"
solo-extra-ep1/q033-bb-j,5,188,"{""base_type"": 769, ""set_flags"": 0, ""runtime_index"": 1640, ""file_offset"": 14584, ""floor_field"": 5, ""entity_id_field"": 18067, ""group"": 0, ""room"": 30, ""unknown_a3"": 0, ""position"": [-35.695709228515625, -33.574737548828125, -244.43585205078125], ""angles"": [0, 0, 0], ""params"": [1.0, 1.0, 1.0, 1, 0, 0], ""unused_pointer"": 36319792}"
solo-extra-ep1/q033-bb-j,5,189,"{""base_type"": 769, ""set_flags"": 0, ""runtime_index"": 1641, ""file_offset"": 14652, ""floor_field"": 5, ""entity_id_field"": 18068, ""group"": 0, ""room"": 30, ""unknown_a3"": 0, ""position"": [-38.536224365234375, -34.369659423828125, -259.6620178222656], ""angles"": [0, 0, 0], ""params"": [1.0, 1.0, 1.0, 1, 0, 0], ""unused_pointer"": 36320640}"
solo-extra-ep1/q033-bb-j,5,190,"{""base_type"": 769, ""set_flags"": 0, ""runtime_index"": 1642, ""file_offset"": 14720, ""floor_field"": 5, ""entity_id_field"": 18069, ""group"": 0, ""room"": 30, ""unknown_a3"": 0, ""position"": [-18.01483154296875, -34.142059326171875, -240.1788330078125], ""angles"": [0, 0, 0], ""params"": [1.0, 1.0, 1.0, 1, 0, 0], ""unused_pointer"": 36321488}"
solo-extra-ep1/q033-bb-j,5,191,"{""base_type"": 769, ""set_flags"": 0, ""runtime_index"": 1643, ""file_offset"": 14788, ""floor_field"": 5, ""entity_id_field"": 18070, ""group"": 0, ""room"": 30, ""unknown_a3"": 0, ""position"": [2.232696533203125, -38.457763671875, -295.47235107421875], ""angles"": [0, 0, 0], ""params"": [1.0, 1.0, 1.0, 2, 0, 0], ""unused_pointer"": 36322336}"
solo-extra-ep1/q033-bb-j,5,192,"{""base_type"": 769, ""set_flags"": 0, ""runtime_index"": 1644, ""file_offset"": 14856, ""floor_field"": 5, ""entity_id_field"": 18071, ""group"": 0, ""room"": 30, ""unknown_a3"": 0, ""position"": [4.213531494140625, -37.73785400390625, -282.58233642578125], ""angles"": [0, 0, 0], ""params"": [1.0, 1.0, 1.0, 1, 0, 0], ""unused_pointer"": 36323184}"
solo-extra-ep1/q033-bb-j,5,193,"{""base_type"": 769, ""set_flags"": 0, ""runtime_index"": 1645, ""file_offset"": 14924, ""floor_field"": 5, ""entity_id_field"": 18072, ""group"": 0, ""room"": 30, ""unknown_a3"": 0, ""position"": [-12.911224365234375, -37.5716552734375, -292.550537109375], ""angles"": [0, 0, 0], ""params"": [1.0, 1.0, 1.0, 1, 0, 0], ""unused_pointer"": 36324032}"
solo-extra-ep1/q033-bb-j,5,194,"{""base_type"": 769, ""set_flags"": 0, ""runtime_index"": 1646, ""file_offset"": 14992, ""floor_field"": 5, ""entity_id_field"": 18073, ""group"": 0, ""room"": 30, ""unknown_a3"": 0, ""position"": [-20.406219482421875, -37.1788330078125, -291.8550109863281], ""angles"": [0, 0, 0], ""params"": [1.0, 1.0, 1.0, 0, 0, 0], ""unused_pointer"": 36324880}"
solo-extra-ep1/q033-bb-j,5,195,"{""base_type"": 769, ""set_flags"": 0, ""runtime_index"": 1647, ""file_offset"": 15060, ""floor_field"": 5, ""entity_id_field"": 18074, ""group"": 0, ""room"": 30, ""unknown_a3"": 0, ""position"": [25.002960205078125, -41.79791259765625, -347.6352233886719], ""angles"": [0, 0, 0], ""params"": [1.0, 1.0, 1.0, 2, 0, 0], ""unused_pointer"": 36325728}"
solo-extra-ep1/q033-bb-j,5,196,"{""base_type"": 769, ""set_flags"": 0, ""runtime_index"": 1648, ""file_offset"": 15128, ""floor_field"": 5, ""entity_id_field"": 18075, ""group"": 0, ""room"": 30, ""unknown_a3"": 0, ""position"": [14.950469970703125, -42.26123046875, -360.470703125], ""angles"": [0, 0, 0], ""params"": [1.0, 1.0, 1.0, 1, 0, 0], ""unused_pointer"": 36326576}"
solo-extra-ep1/q033-bb-j,5,197,"{""base_type"": 769, ""set_flags"": 0, ""runtime_index"": 1649, ""file_offset"": 15196, ""floor_field"": 5, ""entity_id_field"": 18076, ""group"": 0, ""room"": 30, ""unknown_a3"": 0, ""position"": [9.3223876953125, -42.5408935546875, -372.71185302734375], ""angles"": [0, 0, 0], ""params"": [1.0, 1.0, 1.0, 0, 0, 0], ""unused_pointer"": 36327424}"
solo-extra-ep1/q033-bb-j,5,198,"{""base_type"": 769, ""set_flags"": 0, ""runtime_index"": 1650, ""file_offset"": 15264, ""floor_field"": 5, ""entity_id_field"": 18077, ""group"": 0, ""room"": 30, ""unknown_a3"": 0, ""position"": [36.893646240234375, -42.799652099609375, -415.230712890625], ""angles"": [0, 0, 0], ""params"": [1.0, 1.0, 1.0, 2, 0, 0], ""unused_pointer"": 36328272}"
solo-extra-ep1/q033-bb-j,5,199,"{""base_type"": 769, ""set_flags"": 0, ""runtime_index"": 1651, ""file_offset"": 15332, ""floor_field"": 5, ""entity_id_field"": 18078, ""group"": 0, ""room"": 30, ""unknown_a3"": 0, ""position"": [22.842193603515625, -42.894866943359375, -408.0990295410156], ""angles"": [0, 0, 0], ""params"": [1.0, 1.0, 1.0, 1, 0, 0], ""unused_pointer"": 36329120}"
solo-extra-ep1/q033-bb-j,5,200,"{""base_type"": 769, ""set_flags"": 0, ""runtime_index"": 1652, ""file_offset"": 15400, ""floor_field"": 5, ""entity_id_field"": 18079, ""group"": 0, ""room"": 30, ""unknown_a3"": 0, ""position"": [23.786346435546875, -43.02569580078125, -418.42230224609375], ""angles"": [0, 0, 0], ""params"": [1.0, 1.0, 1.0, 0, 0, 0], ""unused_pointer"": 36329968}"
solo-extra-ep1/q033-bb-j,5,201,"{""base_type"": 769, ""set_flags"": 0, ""runtime_index"": 1653, ""file_offset"": 15468, ""floor_field"": 5, ""entity_id_field"": 18080, ""group"": 0, ""room"": 30, ""unknown_a3"": 0, ""position"": [35.04425048828125, -44.3436279296875, -472.7450256347656], ""angles"": [0, 0, 0], ""params"": [1.0, 1.0, 1.0, 2, 0, 0], ""unused_pointer"": 36330816}"
solo-extra-ep1/q033-bb-j,5,202,"{""base_type"": 769, ""set_flags"": 0, ""runtime_index"": 1654, ""file_offset"": 15536, ""floor_field"": 5, ""entity_id_field"": 18081, ""group"": 0, ""room"": 30, ""unknown_a3"": 0, ""position"": [27.59521484375, -44.3436279296875, -459.4990539550781], ""angles"": [0, 0, 0], ""params"": [1.0, 1.0, 1.0, 1, 0, 0], ""unused_pointer"": 36331664}"
solo-extra-ep1/q033-bb-j,5,203,"{""base_type"": 769, ""set_flags"": 0, ""runtime_index"": 1655, ""file_offset"": 15604, ""floor_field"": 5, ""entity_id_field"": 18082, ""group"": 0, ""room"": 30, ""unknown_a3"": 0, ""position"": [33.312408447265625, -44.3436279296875, -464.1257629394531], ""angles"": [0, 0, 0], ""params"": [1.0, 1.0, 1.0, 0, 0, 0], ""unused_pointer"": 36332512}"
solo-extra-ep1/q033-bb-j,5,204,"{""base_type"": 769, ""set_flags"": 0, ""runtime_index"": 1656, ""file_offset"": 15672, ""floor_field"": 5, ""entity_id_field"": 18083, ""group"": 0, ""room"": 30, ""unknown_a3"": 0, ""position"": [38.23846435546875, -44.3436279296875, -459.4801330566406], ""angles"": [0, 0, 0], ""params"": [1.0, 1.0, 1.0, 0, 0, 0], ""unused_pointer"": 36333360}"
solo-extra-ep1/q033-bb-j,5,205,"{""base_type"": 769, ""set_flags"": 0, ""runtime_index"": 1657, ""file_offset"": 15740, ""floor_field"": 5, ""entity_id_field"": 18084, ""group"": 0, ""room"": 30, ""unknown_a3"": 0, ""position"": [45.83221435546875, -44.3436279296875, -461.9410095214844], ""angles"": [0, 0, 0], ""params"": [1.0, 1.0, 1.0, 0, 0, 0], ""unused_pointer"": 36334208}"
solo-extra-ep1/q033-bb-j,5,206,"{""base_type"": 769, ""set_flags"": 0, ""runtime_index"": 1658, ""file_offset"": 15808, ""floor_field"": 5, ""entity_id_field"": 18085, ""group"": 0, ""room"": 30, ""unknown_a3"": 0, ""position"": [49.88427734375, -44.3436279296875, -471.8305969238281], ""angles"": [0, 0, 0], ""params"": [1.0, 1.0, 1.0, 1, 0, 0], ""unused_pointer"": 36335056}"
team-ep4/q710-bb-e,3,54,"{""base_type"": 769, ""set_flags"": 0, ""runtime_index"": 80, ""file_offset"": 5472, ""floor_field"": 3, ""entity_id_field"": 16464, ""group"": 0, ""room"": 30, ""unknown_a3"": 0, ""position"": [117.189453125, 0.0, -240.82427978515625], ""angles"": [0, 0, 0], ""params"": [1.0, 1.0, 1.0, 2, 0, 0], ""unused_pointer"": 47247632}"
team-ep4/q710-bb-e,3,55,"{""base_type"": 769, ""set_flags"": 0, ""runtime_index"": 81, ""file_offset"": 5540, ""floor_field"": 3, ""entity_id_field"": 16465, ""group"": 0, ""room"": 30, ""unknown_a3"": 0, ""position"": [131.97021484375, 0.0, -228.32180786132812], ""angles"": [0, -8192, 0], ""params"": [1.0, 1.0, 1.0, 2, 0, 0], ""unused_pointer"": 47248480}"
team-ep4/q710-bb-e,3,59,"{""base_type"": 769, ""set_flags"": 0, ""runtime_index"": 85, ""file_offset"": 5812, ""floor_field"": 3, ""entity_id_field"": 16469, ""group"": 0, ""room"": 30, ""unknown_a3"": 0, ""position"": [146.1064453125, 0.0, -216.36422729492188], ""angles"": [0, -16384, 0], ""params"": [1.0, 1.0, 1.0, 2, 0, 0], ""unused_pointer"": 47250256}"
team-ep4/q710-bb-e,3,60,"{""base_type"": 769, ""set_flags"": 0, ""runtime_index"": 86, ""file_offset"": 5880, ""floor_field"": 3, ""entity_id_field"": 16470, ""group"": 0, ""room"": 30, ""unknown_a3"": 0, ""position"": [159.34814453125, 0.0, -205.1634521484375], ""angles"": [0, -8192, 0], ""params"": [1.0, 1.0, 1.0, 2, 0, 0], ""unused_pointer"": 47251104}"
team-ep4/q710-bb-e,3,61,"{""base_type"": 769, ""set_flags"": 0, ""runtime_index"": 87, ""file_offset"": 5948, ""floor_field"": 3, ""entity_id_field"": 16471, ""group"": 0, ""room"": 30, ""unknown_a3"": 0, ""position"": [203.9873046875, 0.0, -279.78948974609375], ""angles"": [0, 61440, 0], ""params"": [1.0, 1.0, 1.0, 2, 0, 0], ""unused_pointer"": 47255344}"
team-ep4/q710-bb-e,3,62,"{""base_type"": 769, ""set_flags"": 0, ""runtime_index"": 88, ""file_offset"": 6016, ""floor_field"": 3, ""entity_id_field"": 16472, ""group"": 0, ""room"": 30, ""unknown_a3"": 0, ""position"": [204.449951171875, 0.0, -300.55255126953125], ""angles"": [0, 61440, 0], ""params"": [1.0, 1.0, 1.0, 2, 0, 0], ""unused_pointer"": 47256192}"
team-ep4/q710-bb-e,3,63,"{""base_type"": 769, ""set_flags"": 0, ""runtime_index"": 89, ""file_offset"": 6084, ""floor_field"": 3, ""entity_id_field"": 16473, ""group"": 0, ""room"": 30, ""unknown_a3"": 0, ""position"": [222.580078125, 0.0, -312.83013916015625], ""angles"": [0, 53248, 0], ""params"": [1.0, 1.0, 1.0, 2, 0, 0], ""unused_pointer"": 47257040}"
team-ep4/q710-bb-e,3,64,"{""base_type"": 769, ""set_flags"": 0, ""runtime_index"": 90, ""file_offset"": 6152, ""floor_field"": 3, ""entity_id_field"": 16474, ""group"": 0, ""room"": 30, ""unknown_a3"": 0, ""position"": [234.175537109375, 0.0, -333.20635986328125], ""angles"": [0, 53248, 0], ""params"": [1.0, 1.0, 1.0, 2, 0, 0], ""unused_pointer"": 47257888}"
team-ep4/q710-bb-e,3,65,"{""base_type"": 769, ""set_flags"": 0, ""runtime_index"": 91, ""file_offset"": 6220, ""floor_field"": 3, ""entity_id_field"": 16475, ""group"": 0, ""room"": 30, ""unknown_a3"": 0, ""position"": [250.7607421875, 0.0, -349.75152587890625], ""angles"": [0, 53248, 0], ""params"": [1.0, 1.0, 1.0, 2, 0, 0], ""unused_pointer"": 47258736}"
team-ep4/q710-bb-e,3,66,"{""base_type"": 769, ""set_flags"": 0, ""runtime_index"": 92, ""file_offset"": 6288, ""floor_field"": 3, ""entity_id_field"": 16476, ""group"": 0, ""room"": 30, ""unknown_a3"": 0, ""position"": [267.204833984375, 0.0, -365.82000732421875], ""angles"": [0, 45056, 0], ""params"": [1.0, 1.0, 1.0, 2, 0, 0], ""unused_pointer"": 47259584}"
team-ep4/q710-bb-e,3,67,"{""base_type"": 769, ""set_flags"": 0, ""runtime_index"": 93, ""file_offset"": 6356, ""floor_field"": 3, ""entity_id_field"": 16477, ""group"": 0, ""room"": 30, ""unknown_a3"": 0, ""position"": [115.338623046875, 1.7472643852233887, -415.06109619140625], ""angles"": [0, 24576, 0], ""params"": [1.0, 1.0, 1.0, 2, 0, 0], ""unused_pointer"": 47277392}"
team-ep4/q710-bb-e,3,68,"{""base_type"": 769, ""set_flags"": 0, ""runtime_index"": 94, ""file_offset"": 6424, ""floor_field"": 3, ""entity_id_field"": 16478, ""group"": 0, ""room"": 30, ""unknown_a3"": 0, ""position"": [128.51953125, 1.7472643852233887, -401.0142822265625], ""angles"": [0, 28672, 0], ""params"": [1.0, 1.0, 1.0, 2, 0, 0], ""unused_pointer"": 47278240}"
team-ep4/q710-bb-e,3,69,"{""base_type"": 769, ""set_flags"": 0, ""runtime_index"": 95, ""file_offset"": 6492, ""floor_field"": 3, ""entity_id_field"": 16479, ""group"": 0, ""room"": 30, ""unknown_a3"": 0, ""position"": [150.07373046875, 1.7472643852233887, -398.97528076171875], ""angles"": [0, 24576, 0], ""params"": [1.0, 1.0, 1.0, 2, 0, 0], ""unused_pointer"": 47279088}"
team-ep4/q710-bb-e,3,70,"{""base_type"": 769, ""set_flags"": 0, ""runtime_index"": 96, ""file_offset"": 6560, ""floor_field"": 3, ""entity_id_field"": 16480, ""group"": 0, ""room"": 30, ""unknown_a3"": 0, ""position"": [172.00390625, 1.7472643852233887, -400.2815856933594], ""angles"": [0, 24576, 0], ""params"": [1.0, 1.0, 1.0, 2, 0, 0], ""unused_pointer"": 47279936}"
team-ep4/q710-bb-e,3,71,"{""base_type"": 769, ""set_flags"": 0, ""runtime_index"": 97, ""file_offset"": 6628, ""floor_field"": 3, ""entity_id_field"": 16481, ""group"": 0, ""room"": 30, ""unknown_a3"": 0, ""position"": [191.287109375, 1.7472643852233887, -402.46685791015625], ""angles"": [0, 24576, 0], ""params"": [1.0, 1.0, 1.0, 2, 0, 0], ""unused_pointer"": 47280784}"
team-ep4/q710-bb-e,3,102,"{""base_type"": 769, ""set_flags"": 0, ""runtime_index"": 128, ""file_offset"": 8736, ""floor_field"": 3, ""entity_id_field"": 16512, ""group"": 0, ""room"": 90, ""unknown_a3"": 0, ""position"": [-221.3941192626953, 0.0, -623.3710327148438], ""angles"": [0, 0, 0], ""params"": [1.0, 1.0, 1.0, 2, 0, 0], ""unused_pointer"": 47226224}"
team-ep4/q710-bb-e,3,103,"{""base_type"": 769, ""set_flags"": 0, ""runtime_index"": 129, ""file_offset"": 8804, ""floor_field"": 3, ""entity_id_field"": 16513, ""group"": 0, ""room"": 90, ""unknown_a3"": 0, ""position"": [-222.1469268798828, 0.0, -607.851806640625], ""angles"": [0, 8192, 0], ""params"": [1.0, 1.0, 1.0, 2, 0, 0], ""unused_pointer"": 47227072}"
team-ep4/q710-bb-e,3,114,"{""base_type"": 769, ""set_flags"": 0, ""runtime_index"": 140, ""file_offset"": 9552, ""floor_field"": 3, ""entity_id_field"": 16524, ""group"": 0, ""room"": 90, ""unknown_a3"": 0, ""position"": [-219.09181213378906, 0.0, -584.9278564453125], ""angles"": [0, -4096, 0], ""params"": [1.0, 1.0, 1.0, 2, 0, 0], ""unused_pointer"": 47230064}"
team-ep4/q710-bb-e,3,115,"{""base_type"": 769, ""set_flags"": 0, ""runtime_index"": 141, ""file_offset"": 9620, ""floor_field"": 3, ""entity_id_field"": 16525, ""group"": 0, ""room"": 90, ""unknown_a3"": 0, ""position"": [-210.30776977539062, 0.0, -565.785888671875], ""angles"": [0, -8192, 0], ""params"": [1.0, 1.0, 1.0, 2, 0, 0], ""unused_pointer"": 47230912}"
team-ep4/q710-bb-e,3,116,"{""base_type"": 769, ""set_flags"": 0, ""runtime_index"": 142, ""file_offset"": 9688, ""floor_field"": 3, ""entity_id_field"": 16526, ""group"": 0, ""room"": 90, ""unknown_a3"": 0, ""position"": [-209.19142150878906, 0.0, -545.0042724609375], ""angles"": [0, 20480, 0], ""params"": [1.0, 1.0, 1.0, 2, 0, 0], ""unused_pointer"": 47235760}"
team-ep4/q710-bb-e,3,117,"{""base_type"": 769, ""set_flags"": 0, ""runtime_index"": 143, ""file_offset"": 9756, ""floor_field"": 3, ""entity_id_field"": 16527, ""group"": 0, ""room"": 90, ""unknown_a3"": 0, ""position"": [-193.6617431640625, 0.0, -530.5525512695312], ""angles"": [0, 24576, 0], ""params"": [1.0, 1.0, 1.0, 2, 0, 0], ""unused_pointer"": 47236608}"
team-ep4/q710-bb-e,3,118,"{""base_type"": 769, ""set_flags"": 0, ""runtime_index"": 144, ""file_offset"": 9824, ""floor_field"": 3, ""entity_id_field"": 16528, ""group"": 0, ""room"": 90, ""unknown_a3"": 0, ""position"": [-178.5564422607422, 0.0, -518.5608520507812], ""angles"": [0, 20480, 0], ""params"": [1.0, 1.0, 1.0, 2, 0, 0], ""unused_pointer"": 47237456}"
team-ep4/q710-bb-e,3,119,"{""base_type"": 769, ""set_flags"": 0, ""runtime_index"": 145, ""file_offset"": 9892, ""floor_field"": 3, ""entity_id_field"": 16529, ""group"": 0, ""room"": 90, ""unknown_a3"": 0, ""position"": [-173.7289581298828, 0.0, -500.53082275390625], ""angles"": [0, 45056, 0], ""params"": [1.0, 1.0, 1.0, 2, 0, 0], ""unused_pointer"": 47238304}"
team-ep4/q710-bb-e,3,132,"{""base_type"": 769, ""set_flags"": 0, ""runtime_index"": 158, ""file_offset"": 10776, ""floor_field"": 3, ""entity_id_field"": 16542, ""group"": 0, ""room"": 90, ""unknown_a3"": 0, ""position"": [-213.15673828125, 1.692751407623291, -430.8360595703125], ""angles"": [0, 65536, 0], ""params"": [1.0, 1.0, 1.0, 2, 0, 0], ""unused_pointer"": 47255808}"
team-ep4/q710-bb-e,3,133,"{""base_type"": 769, ""set_flags"": 0, ""runtime_index"": 159, ""file_offset"": 10844, ""floor_field"": 3, ""entity_id_field"": 16543, ""group"": 0, ""room"": 90, ""unknown_a3"": 0, ""position"": [-229.44322204589844, 1.692751407623291, -418.9266052246094], ""angles"": [0, 53248, 0], ""params"": [1.0, 1.0, 1.0, 2, 0, 0], ""unused_pointer"": 47256656}"
team-ep4/q710-bb-e,3,134,"{""base_type"": 769, ""set_flags"": 0, ""runtime_index"": 160, ""file_offset"": 10912, ""floor_field"": 3, ""entity_id_field"": 16544, ""group"": 0, ""room"": 90, ""unknown_a3"": 0, ""position"": [-252.12893676757812, 1.692751407623291, -426.2210388183594], ""angles"": [0, 53248, 0], ""params"": [1.0, 1.0, 1.0, 2, 0, 0], ""unused_pointer"": 47257504}"
team-ep4/q710-bb-e,3,135,"{""base_type"": 769, ""set_flags"": 0, ""runtime_index"": 161, ""file_offset"": 10980, ""floor_field"": 3, ""entity_id_field"": 16545, ""group"": 0, ""room"": 90, ""unknown_a3"": 0, ""position"": [-273.02777099609375, 1.692751407623291, -431.872802734375], ""angles"": [0, 36864, 0], ""params"": [1.0, 1.0, 1.0, 2, 0, 0], ""unused_pointer"": 47264672}"
team-ep4/q710-bb-e,3,136,"{""base_type"": 769, ""set_flags"": 0, ""runtime_index"": 162, ""file_offset"": 11048, ""floor_field"": 3, ""entity_id_field"": 16546, ""group"": 0, ""room"": 90, ""unknown_a3"": 0, ""position"": [-292.7792663574219, 1.692751407623291, -438.2672119140625], ""angles"": [0, 28672, 0], ""params"": [1.0, 1.0, 1.0, 2, 0, 0], ""unused_pointer"": 47265520}"
team-ep4/q710-bb-e,3,137,"{""base_type"": 769, ""set_flags"": 0, ""runtime_index"": 163, ""file_offset"": 11116, ""floor_field"": 3, ""entity_id_field"": 16547, ""group"": 0, ""room"": 90, ""unknown_a3"": 0, ""position"": [-236.46368408203125, 1.692751407623291, -275.06781005859375], ""angles"": [0, 45056, 0], ""params"": [1.0, 1.0, 1.0, 2, 0, 0], ""unused_pointer"": 47270608}"
team-ep4/q710-bb-e,3,138,"{""base_type"": 769, ""set_flags"": 0, ""runtime_index"": 164, ""file_offset"": 11184, ""floor_field"": 3, ""entity_id_field"": 16548, ""group"": 0, ""room"": 90, ""unknown_a3"": 0, ""position"": [-236.29318237304688, 1.692751407623291, -252.6150665283203], ""angles"": [0, 49152, 0], ""params"": [1.0, 1.0, 1.0, 2, 0, 0], ""unused_pointer"": 47271456}"
team-ep4/q710-bb-e,3,139,"{""base_type"": 769, ""set_flags"": 0, ""runtime_index"": 165, ""file_offset"": 11252, ""floor_field"": 3, ""entity_id_field"": 16549, ""group"": 0, ""room"": 90, ""unknown_a3"": 0, ""position"": [-220.77113342285156, 1.692751407623291, -237.21377563476562], ""angles"": [0, 40960, 0], ""params"": [1.0, 1.0, 1.0, 2, 0, 0], ""unused_pointer"": 47272304}"
team-ep4/q710-bb-e,3,140,"{""base_type"": 769, ""set_flags"": 0, ""runtime_index"": 166, ""file_offset"": 11320, ""floor_field"": 3, ""entity_id_field"": 16550, ""group"": 0, ""room"": 90, ""unknown_a3"": 0, ""position"": [-196.55213928222656, 1.692751407623291, -238.2931671142578], ""angles"": [0, 40960, 0], ""params"": [1.0, 1.0, 1.0, 2, 0, 0], ""unused_pointer"": 47273152}"
team-ep4/q710-bb-e,3,141,"{""base_type"": 769, ""set_flags"": 0, ""runtime_index"": 167, ""file_offset"": 11388, ""floor_field"": 3, ""entity_id_field"": 16551, ""group"": 0, ""room"": 90, ""unknown_a3"": 0, ""position"": [-178.1808319091797, 1.692751407623291, -246.86178588867188], ""angles"": [0, 32768, 0], ""params"": [1.0, 1.0, 1.0, 2, 0, 0], ""unused_pointer"": 47274000}"
team-ep4/q710-bb-e,3,142,"{""base_type"": 769, ""set_flags"": 0, ""runtime_index"": 168, ""file_offset"": 11456, ""floor_field"": 3, ""entity_id_field"": 16552, ""group"": 0, ""room"": 90, ""unknown_a3"": 0, ""position"": [-163.37860107421875, 1.692751407623291, -225.0002899169922], ""angles"": [0, 32768, 0], ""params"": [1.0, 1.0, 1.0, 2, 0, 0], ""unused_pointer"": 47274848}"
team-ep4/q710-bb-e,3,143,"{""base_type"": 769, ""set_flags"": 0, ""runtime_index"": 169, ""file_offset"": 11524, ""floor_field"": 3, ""entity_id_field"": 16553, ""group"": 0, ""room"": 90, ""unknown_a3"": 0, ""position"": [-30.66672706604004, 1.692751407623291, -92.20138549804688], ""angles"": [0, 24576, 0], ""params"": [1.0, 1.0, 1.0, 2, 0, 0], ""unused_pointer"": 47276544}"
team-ep4/q710-bb-e,3,144,"{""base_type"": 769, ""set_flags"": 0, ""runtime_index"": 170, ""file_offset"": 11592, ""floor_field"": 3, ""entity_id_field"": 16554, ""group"": 0, ""room"": 90, ""unknown_a3"": 0, ""position"": [-50.99498748779297, 1.692751407623291, -93.62129211425781], ""angles"": [0, 16384, 0], ""params"": [1.0, 1.0, 1.0, 2, 0, 0], ""unused_pointer"": 47277392}"
team-ep4/q710-bb-e,3,145,"{""base_type"": 769, ""set_flags"": 0, ""runtime_index"": 171, ""file_offset"": 11660, ""floor_field"": 3, ""entity_id_field"": 16555, ""group"": 0, ""room"": 90, ""unknown_a3"": 0, ""position"": [-69.31779479980469, 1.692751407623291, -94.06231689453125], ""angles"": [0, 24576, 0], ""params"": [1.0, 1.0, 1.0, 2, 0, 0], ""unused_pointer"": 47278240}"
team-ep4/q710-bb-e,3,146,"{""base_type"": 769, ""set_flags"": 0, ""runtime_index"": 172, ""file_offset"": 11728, ""floor_field"": 3, ""entity_id_field"": 16556, ""group"": 0, ""room"": 90, ""unknown_a3"": 0, ""position"": [-89.46820831298828, 1.692751407623291, -94.54731750488281], ""angles"": [0, 32768, 0], ""params"": [1.0, 1.0, 1.0, 2, 0, 0], ""unused_pointer"": 47279088}"
team-ep4/q710-bb-e,3,147,"{""base_type"": 769, ""set_flags"": 0, ""runtime_index"": 173, ""file_offset"": 11796, ""floor_field"": 3, ""entity_id_field"": 16557, ""group"": 0, ""room"": 90, ""unknown_a3"": 0, ""position"": [-108.02532958984375, 1.692751407623291, -94.99397277832031], ""angles"": [0, 24576, 0], ""params"": [1.0, 1.0, 1.0, 2, 0, 0], ""unused_pointer"": 47279936}"
team-ep4/q710-bb-e,3,148,"{""base_type"": 769, ""set_flags"": 0, ""runtime_index"": 174, ""file_offset"": 11864, ""floor_field"": 3, ""entity_id_field"": 16558, ""group"": 0, ""room"": 90, ""unknown_a3"": 0, ""position"": [-129.53472900390625, 1.692751407623291, -95.51170349121094], ""angles"": [0, 32768, 0], ""params"": [1.0, 1.0, 1.0, 2, 0, 0], ""unused_pointer"": 47280784}"
team-ep4/q710-bb-j,3,54,"{""base_type"": 769, ""set_flags"": 0, ""runtime_index"": 80, ""file_offset"": 5472, ""floor_field"": 3, ""entity_id_field"": 16464, ""group"": 0, ""room"": 30, ""unknown_a3"": 0, ""position"": [117.189453125, 0.0, -240.82427978515625], ""angles"": [0, 0, 0], ""params"": [1.0, 1.0, 1.0, 2, 0, 0], ""unused_pointer"": 47247632}"
team-ep4/q710-bb-j,3,55,"{""base_type"": 769, ""set_flags"": 0, ""runtime_index"": 81, ""file_offset"": 5540, ""floor_field"": 3, ""entity_id_field"": 16465, ""group"": 0, ""room"": 30, ""unknown_a3"": 0, ""position"": [131.97021484375, 0.0, -228.32180786132812], ""angles"": [0, -8192, 0], ""params"": [1.0, 1.0, 1.0, 2, 0, 0], ""unused_pointer"": 47248480}"
team-ep4/q710-bb-j,3,59,"{""base_type"": 769, ""set_flags"": 0, ""runtime_index"": 85, ""file_offset"": 5812, ""floor_field"": 3, ""entity_id_field"": 16469, ""group"": 0, ""room"": 30, ""unknown_a3"": 0, ""position"": [146.1064453125, 0.0, -216.36422729492188], ""angles"": [0, -16384, 0], ""params"": [1.0, 1.0, 1.0, 2, 0, 0], ""unused_pointer"": 47250256}"
team-ep4/q710-bb-j,3,60,"{""base_type"": 769, ""set_flags"": 0, ""runtime_index"": 86, ""file_offset"": 5880, ""floor_field"": 3, ""entity_id_field"": 16470, ""group"": 0, ""room"": 30, ""unknown_a3"": 0, ""position"": [159.34814453125, 0.0, -205.1634521484375], ""angles"": [0, -8192, 0], ""params"": [1.0, 1.0, 1.0, 2, 0, 0], ""unused_pointer"": 47251104}"
team-ep4/q710-bb-j,3,61,"{""base_type"": 769, ""set_flags"": 0, ""runtime_index"": 87, ""file_offset"": 5948, ""floor_field"": 3, ""entity_id_field"": 16471, ""group"": 0, ""room"": 30, ""unknown_a3"": 0, ""position"": [203.9873046875, 0.0, -279.78948974609375], ""angles"": [0, 61440, 0], ""params"": [1.0, 1.0, 1.0, 2, 0, 0], ""unused_pointer"": 47255344}"
team-ep4/q710-bb-j,3,62,"{""base_type"": 769, ""set_flags"": 0, ""runtime_index"": 88, ""file_offset"": 6016, ""floor_field"": 3, ""entity_id_field"": 16472, ""group"": 0, ""room"": 30, ""unknown_a3"": 0, ""position"": [204.449951171875, 0.0, -300.55255126953125], ""angles"": [0, 61440, 0], ""params"": [1.0, 1.0, 1.0, 2, 0, 0], ""unused_pointer"": 47256192}"
team-ep4/q710-bb-j,3,63,"{""base_type"": 769, ""set_flags"": 0, ""runtime_index"": 89, ""file_offset"": 6084, ""floor_field"": 3, ""entity_id_field"": 16473, ""group"": 0, ""room"": 30, ""unknown_a3"": 0, ""position"": [222.580078125, 0.0, -312.83013916015625], ""angles"": [0, 53248, 0], ""params"": [1.0, 1.0, 1.0, 2, 0, 0], ""unused_pointer"": 47257040}"
team-ep4/q710-bb-j,3,64,"{""base_type"": 769, ""set_flags"": 0, ""runtime_index"": 90, ""file_offset"": 6152, ""floor_field"": 3, ""entity_id_field"": 16474, ""group"": 0, ""room"": 30, ""unknown_a3"": 0, ""position"": [234.175537109375, 0.0, -333.20635986328125], ""angles"": [0, 53248, 0], ""params"": [1.0, 1.0, 1.0, 2, 0, 0], ""unused_pointer"": 47257888}"
team-ep4/q710-bb-j,3,65,"{""base_type"": 769, ""set_flags"": 0, ""runtime_index"": 91, ""file_offset"": 6220, ""floor_field"": 3, ""entity_id_field"": 16475, ""group"": 0, ""room"": 30, ""unknown_a3"": 0, ""position"": [250.7607421875, 0.0, -349.75152587890625], ""angles"": [0, 53248, 0], ""params"": [1.0, 1.0, 1.0, 2, 0, 0], ""unused_pointer"": 47258736}"
team-ep4/q710-bb-j,3,66,"{""base_type"": 769, ""set_flags"": 0, ""runtime_index"": 92, ""file_offset"": 6288, ""floor_field"": 3, ""entity_id_field"": 16476, ""group"": 0, ""room"": 30, ""unknown_a3"": 0, ""position"": [267.204833984375, 0.0, -365.82000732421875], ""angles"": [0, 45056, 0], ""params"": [1.0, 1.0, 1.0, 2, 0, 0], ""unused_pointer"": 47259584}"
team-ep4/q710-bb-j,3,67,"{""base_type"": 769, ""set_flags"": 0, ""runtime_index"": 93, ""file_offset"": 6356, ""floor_field"": 3, ""entity_id_field"": 16477, ""group"": 0, ""room"": 30, ""unknown_a3"": 0, ""position"": [115.338623046875, 1.7472643852233887, -415.06109619140625], ""angles"": [0, 24576, 0], ""params"": [1.0, 1.0, 1.0, 2, 0, 0], ""unused_pointer"": 47277392}"
team-ep4/q710-bb-j,3,68,"{""base_type"": 769, ""set_flags"": 0, ""runtime_index"": 94, ""file_offset"": 6424, ""floor_field"": 3, ""entity_id_field"": 16478, ""group"": 0, ""room"": 30, ""unknown_a3"": 0, ""position"": [128.51953125, 1.7472643852233887, -401.0142822265625], ""angles"": [0, 28672, 0], ""params"": [1.0, 1.0, 1.0, 2, 0, 0], ""unused_pointer"": 47278240}"
team-ep4/q710-bb-j,3,69,"{""base_type"": 769, ""set_flags"": 0, ""runtime_index"": 95, ""file_offset"": 6492, ""floor_field"": 3, ""entity_id_field"": 16479, ""group"": 0, ""room"": 30, ""unknown_a3"": 0, ""position"": [150.07373046875, 1.7472643852233887, -398.97528076171875], ""angles"": [0, 24576, 0], ""params"": [1.0, 1.0, 1.0, 2, 0, 0], ""unused_pointer"": 47279088}"
team-ep4/q710-bb-j,3,70,"{""base_type"": 769, ""set_flags"": 0, ""runtime_index"": 96, ""file_offset"": 6560, ""floor_field"": 3, ""entity_id_field"": 16480, ""group"": 0, ""room"": 30, ""unknown_a3"": 0, ""position"": [172.00390625, 1.7472643852233887, -400.2815856933594], ""angles"": [0, 24576, 0], ""params"": [1.0, 1.0, 1.0, 2, 0, 0], ""unused_pointer"": 47279936}"
team-ep4/q710-bb-j,3,71,"{""base_type"": 769, ""set_flags"": 0, ""runtime_index"": 97, ""file_offset"": 6628, ""floor_field"": 3, ""entity_id_field"": 16481, ""group"": 0, ""room"": 30, ""unknown_a3"": 0, ""position"": [191.287109375, 1.7472643852233887, -402.46685791015625], ""angles"": [0, 24576, 0], ""params"": [1.0, 1.0, 1.0, 2, 0, 0], ""unused_pointer"": 47280784}"
team-ep4/q710-bb-j,3,102,"{""base_type"": 769, ""set_flags"": 0, ""runtime_index"": 128, ""file_offset"": 8736, ""floor_field"": 3, ""entity_id_field"": 16512, ""group"": 0, ""room"": 90, ""unknown_a3"": 0, ""position"": [-221.3941192626953, 0.0, -623.3710327148438], ""angles"": [0, 0, 0], ""params"": [1.0, 1.0, 1.0, 2, 0, 0], ""unused_pointer"": 47226224}"
team-ep4/q710-bb-j,3,103,"{""base_type"": 769, ""set_flags"": 0, ""runtime_index"": 129, ""file_offset"": 8804, ""floor_field"": 3, ""entity_id_field"": 16513, ""group"": 0, ""room"": 90, ""unknown_a3"": 0, ""position"": [-222.1469268798828, 0.0, -607.851806640625], ""angles"": [0, 8192, 0], ""params"": [1.0, 1.0, 1.0, 2, 0, 0], ""unused_pointer"": 47227072}"
team-ep4/q710-bb-j,3,114,"{""base_type"": 769, ""set_flags"": 0, ""runtime_index"": 140, ""file_offset"": 9552, ""floor_field"": 3, ""entity_id_field"": 16524, ""group"": 0, ""room"": 90, ""unknown_a3"": 0, ""position"": [-219.09181213378906, 0.0, -584.9278564453125], ""angles"": [0, -4096, 0], ""params"": [1.0, 1.0, 1.0, 2, 0, 0], ""unused_pointer"": 47230064}"
team-ep4/q710-bb-j,3,115,"{""base_type"": 769, ""set_flags"": 0, ""runtime_index"": 141, ""file_offset"": 9620, ""floor_field"": 3, ""entity_id_field"": 16525, ""group"": 0, ""room"": 90, ""unknown_a3"": 0, ""position"": [-210.30776977539062, 0.0, -565.785888671875], ""angles"": [0, -8192, 0], ""params"": [1.0, 1.0, 1.0, 2, 0, 0], ""unused_pointer"": 47230912}"
team-ep4/q710-bb-j,3,116,"{""base_type"": 769, ""set_flags"": 0, ""runtime_index"": 142, ""file_offset"": 9688, ""floor_field"": 3, ""entity_id_field"": 16526, ""group"": 0, ""room"": 90, ""unknown_a3"": 0, ""position"": [-209.19142150878906, 0.0, -545.0042724609375], ""angles"": [0, 20480, 0], ""params"": [1.0, 1.0, 1.0, 2, 0, 0], ""unused_pointer"": 47235760}"
team-ep4/q710-bb-j,3,117,"{""base_type"": 769, ""set_flags"": 0, ""runtime_index"": 143, ""file_offset"": 9756, ""floor_field"": 3, ""entity_id_field"": 16527, ""group"": 0, ""room"": 90, ""unknown_a3"": 0, ""position"": [-193.6617431640625, 0.0, -530.5525512695312], ""angles"": [0, 24576, 0], ""params"": [1.0, 1.0, 1.0, 2, 0, 0], ""unused_pointer"": 47236608}"
team-ep4/q710-bb-j,3,118,"{""base_type"": 769, ""set_flags"": 0, ""runtime_index"": 144, ""file_offset"": 9824, ""floor_field"": 3, ""entity_id_field"": 16528, ""group"": 0, ""room"": 90, ""unknown_a3"": 0, ""position"": [-178.5564422607422, 0.0, -518.5608520507812], ""angles"": [0, 20480, 0], ""params"": [1.0, 1.0, 1.0, 2, 0, 0], ""unused_pointer"": 47237456}"
team-ep4/q710-bb-j,3,119,"{""base_type"": 769, ""set_flags"": 0, ""runtime_index"": 145, ""file_offset"": 9892, ""floor_field"": 3, ""entity_id_field"": 16529, ""group"": 0, ""room"": 90, ""unknown_a3"": 0, ""position"": [-173.7289581298828, 0.0, -500.53082275390625], ""angles"": [0, 45056, 0], ""params"": [1.0, 1.0, 1.0, 2, 0, 0], ""unused_pointer"": 47238304}"
team-ep4/q710-bb-j,3,132,"{""base_type"": 769, ""set_flags"": 0, ""runtime_index"": 158, ""file_offset"": 10776, ""floor_field"": 3, ""entity_id_field"": 16542, ""group"": 0, ""room"": 90, ""unknown_a3"": 0, ""position"": [-213.15673828125, 1.692751407623291, -430.8360595703125], ""angles"": [0, 65536, 0], ""params"": [1.0, 1.0, 1.0, 2, 0, 0], ""unused_pointer"": 47255808}"
team-ep4/q710-bb-j,3,133,"{""base_type"": 769, ""set_flags"": 0, ""runtime_index"": 159, ""file_offset"": 10844, ""floor_field"": 3, ""entity_id_field"": 16543, ""group"": 0, ""room"": 90, ""unknown_a3"": 0, ""position"": [-229.44322204589844, 1.692751407623291, -418.9266052246094], ""angles"": [0, 53248, 0], ""params"": [1.0, 1.0, 1.0, 2, 0, 0], ""unused_pointer"": 47256656}"
team-ep4/q710-bb-j,3,134,"{""base_type"": 769, ""set_flags"": 0, ""runtime_index"": 160, ""file_offset"": 10912, ""floor_field"": 3, ""entity_id_field"": 16544, ""group"": 0, ""room"": 90, ""unknown_a3"": 0, ""position"": [-252.12893676757812, 1.692751407623291, -426.2210388183594], ""angles"": [0, 53248, 0], ""params"": [1.0, 1.0, 1.0, 2, 0, 0], ""unused_pointer"": 47257504}"
team-ep4/q710-bb-j,3,135,"{""base_type"": 769, ""set_flags"": 0, ""runtime_index"": 161, ""file_offset"": 10980, ""floor_field"": 3, ""entity_id_field"": 16545, ""group"": 0, ""room"": 90, ""unknown_a3"": 0, ""position"": [-273.02777099609375, 1.692751407623291, -431.872802734375], ""angles"": [0, 36864, 0], ""params"": [1.0, 1.0, 1.0, 2, 0, 0], ""unused_pointer"": 47264672}"
team-ep4/q710-bb-j,3,136,"{""base_type"": 769, ""set_flags"": 0, ""runtime_index"": 162, ""file_offset"": 11048, ""floor_field"": 3, ""entity_id_field"": 16546, ""group"": 0, ""room"": 90, ""unknown_a3"": 0, ""position"": [-292.7792663574219, 1.692751407623291, -438.2672119140625], ""angles"": [0, 28672, 0], ""params"": [1.0, 1.0, 1.0, 2, 0, 0], ""unused_pointer"": 47265520}"
team-ep4/q710-bb-j,3,137,"{""base_type"": 769, ""set_flags"": 0, ""runtime_index"": 163, ""file_offset"": 11116, ""floor_field"": 3, ""entity_id_field"": 16547, ""group"": 0, ""room"": 90, ""unknown_a3"": 0, ""position"": [-236.46368408203125, 1.692751407623291, -275.06781005859375], ""angles"": [0, 45056, 0], ""params"": [1.0, 1.0, 1.0, 2, 0, 0], ""unused_pointer"": 47270608}"
team-ep4/q710-bb-j,3,138,"{""base_type"": 769, ""set_flags"": 0, ""runtime_index"": 164, ""file_offset"": 11184, ""floor_field"": 3, ""entity_id_field"": 16548, ""group"": 0, ""room"": 90, ""unknown_a3"": 0, ""position"": [-236.29318237304688, 1.692751407623291, -252.6150665283203], ""angles"": [0, 49152, 0], ""params"": [1.0, 1.0, 1.0, 2, 0, 0], ""unused_pointer"": 47271456}"
team-ep4/q710-bb-j,3,139,"{""base_type"": 769, ""set_flags"": 0, ""runtime_index"": 165, ""file_offset"": 11252, ""floor_field"": 3, ""entity_id_field"": 16549, ""group"": 0, ""room"": 90, ""unknown_a3"": 0, ""position"": [-220.77113342285156, 1.692751407623291, -237.21377563476562], ""angles"": [0, 40960, 0], ""params"": [1.0, 1.0, 1.0, 2, 0, 0], ""unused_pointer"": 47272304}"
team-ep4/q710-bb-j,3,140,"{""base_type"": 769, ""set_flags"": 0, ""runtime_index"": 166, ""file_offset"": 11320, ""floor_field"": 3, ""entity_id_field"": 16550, ""group"": 0, ""room"": 90, ""unknown_a3"": 0, ""position"": [-196.55213928222656, 1.692751407623291, -238.2931671142578], ""angles"": [0, 40960, 0], ""params"": [1.0, 1.0, 1.0, 2, 0, 0], ""unused_pointer"": 47273152}"
team-ep4/q710-bb-j,3,141,"{""base_type"": 769, ""set_flags"": 0, ""runtime_index"": 167, ""file_offset"": 11388, ""floor_field"": 3, ""entity_id_field"": 16551, ""group"": 0, ""room"": 90, ""unknown_a3"": 0, ""position"": [-178.1808319091797, 1.692751407623291, -246.86178588867188], ""angles"": [0, 32768, 0], ""params"": [1.0, 1.0, 1.0, 2, 0, 0], ""unused_pointer"": 47274000}"
team-ep4/q710-bb-j,3,142,"{""base_type"": 769, ""set_flags"": 0, ""runtime_index"": 168, ""file_offset"": 11456, ""floor_field"": 3, ""entity_id_field"": 16552, ""group"": 0, ""room"": 90, ""unknown_a3"": 0, ""position"": [-163.37860107421875, 1.692751407623291, -225.0002899169922], ""angles"": [0, 32768, 0], ""params"": [1.0, 1.0, 1.0, 2, 0, 0], ""unused_pointer"": 47274848}"
team-ep4/q710-bb-j,3,143,"{""base_type"": 769, ""set_flags"": 0, ""runtime_index"": 169, ""file_offset"": 11524, ""floor_field"": 3, ""entity_id_field"": 16553, ""group"": 0, ""room"": 90, ""unknown_a3"": 0, ""position"": [-30.66672706604004, 1.692751407623291, -92.20138549804688], ""angles"": [0, 24576, 0], ""params"": [1.0, 1.0, 1.0, 2, 0, 0], ""unused_pointer"": 47276544}"
team-ep4/q710-bb-j,3,144,"{""base_type"": 769, ""set_flags"": 0, ""runtime_index"": 170, ""file_offset"": 11592, ""floor_field"": 3, ""entity_id_field"": 16554, ""group"": 0, ""room"": 90, ""unknown_a3"": 0, ""position"": [-50.99498748779297, 1.692751407623291, -93.62129211425781], ""angles"": [0, 16384, 0], ""params"": [1.0, 1.0, 1.0, 2, 0, 0], ""unused_pointer"": 47277392}"
team-ep4/q710-bb-j,3,145,"{""base_type"": 769, ""set_flags"": 0, ""runtime_index"": 171, ""file_offset"": 11660, ""floor_field"": 3, ""entity_id_field"": 16555, ""group"": 0, ""room"": 90, ""unknown_a3"": 0, ""position"": [-69.31779479980469, 1.692751407623291, -94.06231689453125], ""angles"": [0, 24576, 0], ""params"": [1.0, 1.0, 1.0, 2, 0, 0], ""unused_pointer"": 47278240}"
team-ep4/q710-bb-j,3,146,"{""base_type"": 769, ""set_flags"": 0, ""runtime_index"": 172, ""file_offset"": 11728, ""floor_field"": 3, ""entity_id_field"": 16556, ""group"": 0, ""room"": 90, ""unknown_a3"": 0, ""position"": [-89.46820831298828, 1.692751407623291, -94.54731750488281], ""angles"": [0, 32768, 0], ""params"": [1.0, 1.0, 1.0, 2, 0, 0], ""unused_pointer"": 47279088}"
team-ep4/q710-bb-j,3,147,"{""base_type"": 769, ""set_flags"": 0, ""runtime_index"": 173, ""file_offset"": 11796, ""floor_field"": 3, ""entity_id_field"": 16557, ""group"": 0, ""room"": 90, ""unknown_a3"": 0, ""position"": [-108.02532958984375, 1.692751407623291, -94.99397277832031], ""angles"": [0, 24576, 0], ""params"": [1.0, 1.0, 1.0, 2, 0, 0], ""unused_pointer"": 47279936}"
team-ep4/q710-bb-j,3,148,"{""base_type"": 769, ""set_flags"": 0, ""runtime_index"": 174, ""file_offset"": 11864, ""floor_field"": 3, ""entity_id_field"": 16558, ""group"": 0, ""room"": 90, ""unknown_a3"": 0, ""position"": [-129.53472900390625, 1.692751407623291, -95.51170349121094], ""angles"": [0, 32768, 0], ""params"": [1.0, 1.0, 1.0, 2, 0, 0], ""unused_pointer"": 47280784}"
