quest,floor,index,full_DAT_fields
events-ep4/q302-bb-e,1,19,"{""base_type"": 902, ""set_flags"": 0, ""runtime_index"": 1500, ""file_offset"": 4996, ""floor_field"": 1, ""entity_id_field"": 17917, ""group"": 0, ""room"": 60, ""unknown_a3"": 0, ""position"": [-411.8768310546875, 9.234488487243652, 169.654296875], ""angles"": [0, 0, 0], ""params"": [1.0, 1.0, 1.0, 0, 0, 0], ""unused_pointer"": 76003312}"
events-ep4/q302-bb-e,1,20,"{""base_type"": 902, ""set_flags"": 0, ""runtime_index"": 1501, ""file_offset"": 5064, ""floor_field"": 1, ""entity_id_field"": 17918, ""group"": 0, ""room"": 60, ""unknown_a3"": 0, ""position"": [-406.4317626953125, 9.234488487243652, 206.70654296875], ""angles"": [0, 24576, 0], ""params"": [1.0, 1.0, 1.0, 0, 0, 0], ""unused_pointer"": 76003536}"
events-ep4/q302-bb-j,1,19,"{""base_type"": 902, ""set_flags"": 0, ""runtime_index"": 1500, ""file_offset"": 4996, ""floor_field"": 1, ""entity_id_field"": 17917, ""group"": 0, ""room"": 60, ""unknown_a3"": 0, ""position"": [-411.8768310546875, 9.234488487243652, 169.654296875], ""angles"": [0, 0, 0], ""params"": [1.0, 1.0, 1.0, 0, 0, 0], ""unused_pointer"": 76003312}"
events-ep4/q302-bb-j,1,20,"{""base_type"": 902, ""set_flags"": 0, ""runtime_index"": 1501, ""file_offset"": 5064, ""floor_field"": 1, ""entity_id_field"": 17918, ""group"": 0, ""room"": 60, ""unknown_a3"": 0, ""position"": [-406.4317626953125, 9.234488487243652, 206.70654296875], ""angles"": [0, 24576, 0], ""params"": [1.0, 1.0, 1.0, 0, 0, 0], ""unused_pointer"": 76003536}"
events-ep4/q306-bb-e,7,15,"{""base_type"": 902, ""set_flags"": 0, ""runtime_index"": 713, ""file_offset"": 39860, ""floor_field"": 7, ""entity_id_field"": 18798, ""group"": 0, ""room"": 10, ""unknown_a3"": 0, ""position"": [148.9688720703125, 0.0, 177.58262634277344], ""angles"": [0, 0, 0], ""params"": [1.0, 1.0, 1.0, 0, 0, 0], ""unused_pointer"": 77819344}"
events-ep4/q306-bb-j,7,15,"{""base_type"": 902, ""set_flags"": 0, ""runtime_index"": 713, ""file_offset"": 39860, ""floor_field"": 7, ""entity_id_field"": 18798, ""group"": 0, ""room"": 10, ""unknown_a3"": 0, ""position"": [148.9688720703125, 0.0, 177.58262634277344], ""angles"": [0, 0, 0], ""params"": [1.0, 1.0, 1.0, 0, 0, 0], ""unused_pointer"": 77819344}"
events-ep4/q315-bb-e,1,19,"{""base_type"": 902, ""set_flags"": 0, ""runtime_index"": 1500, ""file_offset"": 4996, ""floor_field"": 1, ""entity_id_field"": 17917, ""group"": 0, ""room"": 60, ""unknown_a3"": 0, ""position"": [-411.8768310546875, 9.234488487243652, 169.654296875], ""angles"": [0, 0, 0], ""params"": [1.0, 1.0, 1.0, 0, 0, 0], ""unused_pointer"": 76003312}"
events-ep4/q315-bb-e,1,20,"{""base_type"": 902, ""set_flags"": 0, ""runtime_index"": 1501, ""file_offset"": 5064, ""floor_field"": 1, ""entity_id_field"": 17918, ""group"": 0, ""room"": 60, ""unknown_a3"": 0, ""position"": [-406.4317626953125, 9.234488487243652, 206.70654296875], ""angles"": [0, 24576, 0], ""params"": [1.0, 1.0, 1.0, 0, 0, 0], ""unused_pointer"": 76003536}"
events-ep4/q315-bb-j,1,19,"{""base_type"": 902, ""set_flags"": 0, ""runtime_index"": 1500, ""file_offset"": 4996, ""floor_field"": 1, ""entity_id_field"": 17917, ""group"": 0, ""room"": 60, ""unknown_a3"": 0, ""position"": [-411.8768310546875, 9.234488487243652, 169.654296875], ""angles"": [0, 0, 0], ""params"": [1.0, 1.0, 1.0, 0, 0, 0], ""unused_pointer"": 76003312}"
events-ep4/q315-bb-j,1,20,"{""base_type"": 902, ""set_flags"": 0, ""runtime_index"": 1501, ""file_offset"": 5064, ""floor_field"": 1, ""entity_id_field"": 17918, ""group"": 0, ""room"": 60, ""unknown_a3"": 0, ""position"": [-406.4317626953125, 9.234488487243652, 206.70654296875], ""angles"": [0, 24576, 0], ""params"": [1.0, 1.0, 1.0, 0, 0, 0], ""unused_pointer"": 76003536}"
extermination-ep4/q811-bb-e,1,4,"{""base_type"": 902, ""set_flags"": 0, ""runtime_index"": 1252, ""file_offset"": 2072, ""floor_field"": 1, ""entity_id_field"": 17662, ""group"": 0, ""room"": 10, ""unknown_a3"": 0, ""position"": [33.90999984741211, -0.022563328966498375, 69.808837890625], ""angles"": [0, 0, 0], ""params"": [1.0, 1.0, 1.0, 0, 0, 0], ""unused_pointer"": 26818848}"
extermination-ep4/q811-bb-e,1,5,"{""base_type"": 902, ""set_flags"": 0, ""runtime_index"": 1254, ""file_offset"": 2140, ""floor_field"": 1, ""entity_id_field"": 17663, ""group"": 0, ""room"": 10, ""unknown_a3"": 0, ""position"": [9.529999732971191, 2.0999999046325684, 109.98999786376953], ""angles"": [0, -32768, 0], ""params"": [1.0, 1.0, 1.0, 0, 0, 0], ""unused_pointer"": 26829520}"
extermination-ep4/q811-bb-e,1,6,"{""base_type"": 902, ""set_flags"": 0, ""runtime_index"": 1255, ""file_offset"": 2208, ""floor_field"": 1, ""entity_id_field"": 17664, ""group"": 0, ""room"": 10, ""unknown_a3"": 0, ""position"": [16.833965301513672, 5.64536190032959, 141.00650024414062], ""angles"": [0, -49152, 0], ""params"": [1.0, 1.0, 1.0, 0, 0, 0], ""unused_pointer"": 26829744}"
extermination-ep4/q811-bb-e,1,7,"{""base_type"": 902, ""set_flags"": 0, ""runtime_index"": 1256, ""file_offset"": 2276, ""floor_field"": 1, ""entity_id_field"": 17665, ""group"": 0, ""room"": 10, ""unknown_a3"": 0, ""position"": [353.5377197265625, -0.03654670715332031, 152.4769287109375], ""angles"": [0, -49152, 0], ""params"": [1.0, 1.0, 1.0, 0, 0, 0], ""unused_pointer"": 26843008}"
extermination-ep4/q811-bb-e,1,8,"{""base_type"": 902, ""set_flags"": 0, ""runtime_index"": 1257, ""file_offset"": 2344, ""floor_field"": 1, ""entity_id_field"": 17666, ""group"": 0, ""room"": 10, ""unknown_a3"": 0, ""position"": [351.5827941894531, -0.0021676719188690186, 187.29708862304688], ""angles"": [0, -61440, 0], ""params"": [1.0, 1.0, 1.0, 0, 0, 0], ""unused_pointer"": 26843232}"
extermination-ep4/q811-bb-e,1,9,"{""base_type"": 902, ""set_flags"": 0, ""runtime_index"": 1258, ""file_offset"": 2412, ""floor_field"": 1, ""entity_id_field"": 17667, ""group"": 0, ""room"": 10, ""unknown_a3"": 0, ""position"": [341.8538513183594, 0.013466397300362587, 231.5446319580078], ""angles"": [0, -65536, 0], ""params"": [1.0, 1.0, 1.0, 0, 0, 0], ""unused_pointer"": 26843456}"
extermination-ep4/q811-bb-e,1,14,"{""base_type"": 902, ""set_flags"": 0, ""runtime_index"": 1263, ""file_offset"": 2752, ""floor_field"": 1, ""entity_id_field"": 17673, ""group"": 0, ""room"": 10, ""unknown_a3"": 0, ""position"": [-175.09999084472656, 7.149999618530273, 139.5399932861328], ""angles"": [0, -16384, 0], ""params"": [1.0, 1.0, 1.0, 0, 0, 0], ""unused_pointer"": 26845504}"
extermination-ep4/q811-bb-e,1,15,"{""base_type"": 902, ""set_flags"": 0, ""runtime_index"": 1264, ""file_offset"": 2820, ""floor_field"": 1, ""entity_id_field"": 17674, ""group"": 0, ""room"": 10, ""unknown_a3"": 0, ""position"": [-217.719482421875, 7.149999618530273, 133.48074340820312], ""angles"": [0, -8192, 0], ""params"": [1.0, 1.0, 1.0, 0, 0, 0], ""unused_pointer"": 26845728}"
extermination-ep4/q811-bb-e,1,88,"{""base_type"": 902, ""set_flags"": 0, ""runtime_index"": 1259, ""file_offset"": 7784, ""floor_field"": 1, ""entity_id_field"": 18112, ""group"": 0, ""room"": 20, ""unknown_a3"": 0, ""position"": [533.3826904296875, 10.98043441772461, 194.7186737060547], ""angles"": [0, 45056, 0], ""params"": [1.0, 1.0, 1.0, 1, 0, 0], ""unused_pointer"": 31359392}"
extermination-ep4/q811-bb-e,1,89,"{""base_type"": 902, ""set_flags"": 0, ""runtime_index"": 1260, ""file_offset"": 7852, ""floor_field"": 1, ""entity_id_field"": 18113, ""group"": 0, ""room"": 20, ""unknown_a3"": 0, ""position"": [494.2440185546875, 9.077249526977539, 161.3579559326172], ""angles"": [0, 45056, 0], ""params"": [1.0, 1.0, 1.0, 0, 0, 0], ""unused_pointer"": 31359616}"
extermination-ep4/q811-bb-e,1,90,"{""base_type"": 902, ""set_flags"": 0, ""runtime_index"": 1261, ""file_offset"": 7920, ""floor_field"": 1, ""entity_id_field"": 18114, ""group"": 0, ""room"": 20, ""unknown_a3"": 0, ""position"": [450.04150390625, 11.657724380493164, 141.84230041503906], ""angles"": [0, -12288, 0], ""params"": [1.0, 1.0, 1.0, 0, 0, 0], ""unused_pointer"": 31359840}"
extermination-ep4/q811-bb-e,1,91,"{""base_type"": 902, ""set_flags"": 0, ""runtime_index"": 1262, ""file_offset"": 7988, ""floor_field"": 1, ""entity_id_field"": 18115, ""group"": 0, ""room"": 20, ""unknown_a3"": 0, ""position"": [409.593994140625, 11.657724380493164, 100.61848449707031], ""angles"": [0, 12288, 0], ""params"": [1.0, 1.0, 1.0, 0, 0, 0], ""unused_pointer"": 31360064}"
extermination-ep4/q811-bb-e,1,92,"{""base_type"": 902, ""set_flags"": 0, ""runtime_index"": 1263, ""file_offset"": 8056, ""floor_field"": 1, ""entity_id_field"": 18116, ""group"": 0, ""room"": 20, ""unknown_a3"": 0, ""position"": [363.103759765625, 11.110977172851562, 70.2762451171875], ""angles"": [0, 53248, 0], ""params"": [1.0, 1.0, 1.0, 0, 0, 0], ""unused_pointer"": 31360288}"
extermination-ep4/q811-bb-e,1,93,"{""base_type"": 902, ""set_flags"": 0, ""runtime_index"": 1264, ""file_offset"": 8124, ""floor_field"": 1, ""entity_id_field"": 18117, ""group"": 0, ""room"": 20, ""unknown_a3"": 0, ""position"": [311.341796875, 9.952264785766602, 37.27107238769531], ""angles"": [0, 81920, 0], ""params"": [1.0, 1.0, 1.0, 0, 0, 0], ""unused_pointer"": 31360512}"
extermination-ep4/q811-bb-e,1,94,"{""base_type"": 902, ""set_flags"": 0, ""runtime_index"": 1265, ""file_offset"": 8192, ""floor_field"": 1, ""entity_id_field"": 18118, ""group"": 0, ""room"": 20, ""unknown_a3"": 0, ""position"": [265.984130859375, 9.952264785766602, 15.648651123046875], ""angles"": [0, 81920, 0], ""params"": [1.0, 1.0, 1.0, 1, 0, 0], ""unused_pointer"": 31360736}"
extermination-ep4/q811-bb-e,1,95,"{""base_type"": 902, ""set_flags"": 0, ""runtime_index"": 1266, ""file_offset"": 8260, ""floor_field"": 1, ""entity_id_field"": 18119, ""group"": 0, ""room"": 20, ""unknown_a3"": 0, ""position"": [223.8734130859375, 15.12899112701416, 19.460128784179688], ""angles"": [0, 110592, 0], ""params"": [1.0, 1.0, 1.0, 1, 0, 0], ""unused_pointer"": 31360960}"
extermination-ep4/q811-bb-e,1,96,"{""base_type"": 902, ""set_flags"": 0, ""runtime_index"": 1267, ""file_offset"": 8328, ""floor_field"": 1, ""entity_id_field"": 18120, ""group"": 0, ""room"": 20, ""unknown_a3"": 0, ""position"": [229.6044921875, 0.4399755001068115, -5.305511474609375], ""angles"": [0, 131072, 0], ""params"": [1.0, 1.0, 1.0, 1, 0, 0], ""unused_pointer"": 31361184}"
extermination-ep4/q811-bb-e,1,97,"{""base_type"": 902, ""set_flags"": 0, ""runtime_index"": 1268, ""file_offset"": 8396, ""floor_field"": 1, ""entity_id_field"": 18121, ""group"": 0, ""room"": 20, ""unknown_a3"": 0, ""position"": [83.6748046875, 23.481712341308594, 189.37364196777344], ""angles"": [0, 106496, 0], ""params"": [1.0, 1.0, 1.0, 0, 0, 0], ""unused_pointer"": 31361408}"
extermination-ep4/q811-bb-e,1,98,"{""base_type"": 902, ""set_flags"": 0, ""runtime_index"": 1269, ""file_offset"": 8464, ""floor_field"": 1, ""entity_id_field"": 18122, ""group"": 0, ""room"": 20, ""unknown_a3"": 0, ""position"": [92.1572265625, 23.481712341308594, 136.1034393310547], ""angles"": [0, 73728, 0], ""params"": [1.0, 1.0, 1.0, 0, 0, 0], ""unused_pointer"": 31361632}"
extermination-ep4/q811-bb-e,1,99,"{""base_type"": 902, ""set_flags"": 0, ""runtime_index"": 1270, ""file_offset"": 8532, ""floor_field"": 1, ""entity_id_field"": 18123, ""group"": 0, ""room"": 20, ""unknown_a3"": 0, ""position"": [94.470947265625, 23.481712341308594, 86.15852355957031], ""angles"": [0, 0, 0], ""params"": [1.0, 1.0, 1.0, 1, 0, 0], ""unused_pointer"": 31361856}"
extermination-ep4/q811-bb-e,1,100,"{""base_type"": 902, ""set_flags"": 0, ""runtime_index"": 1271, ""file_offset"": 8600, ""floor_field"": 1, ""entity_id_field"": 18124, ""group"": 0, ""room"": 20, ""unknown_a3"": 0, ""position"": [91.830322265625, 23.481712341308594, 63.05329895019531], ""angles"": [0, 0, 0], ""params"": [1.0, 1.0, 1.0, 2, 0, 0], ""unused_pointer"": 31362080}"
extermination-ep4/q811-bb-e,1,101,"{""base_type"": 902, ""set_flags"": 0, ""runtime_index"": 1272, ""file_offset"": 8668, ""floor_field"": 1, ""entity_id_field"": 18125, ""group"": 0, ""room"": 20, ""unknown_a3"": 0, ""position"": [87.6295166015625, 23.481712341308594, 47.36219787597656], ""angles"": [0, -24576, 0], ""params"": [1.0, 1.0, 1.0, 2, 0, 0], ""unused_pointer"": 31362304}"
extermination-ep4/q811-bb-e,1,102,"{""base_type"": 902, ""set_flags"": 0, ""runtime_index"": 1273, ""file_offset"": 8736, ""floor_field"": 1, ""entity_id_field"": 18126, ""group"": 0, ""room"": 20, ""unknown_a3"": 0, ""position"": [74.8980712890625, 23.481712341308594, 57.94683837890625], ""angles"": [0, -24576, 0], ""params"": [1.0, 1.0, 1.0, 2, 0, 0], ""unused_pointer"": 31362528}"
extermination-ep4/q811-bb-e,1,103,"{""base_type"": 902, ""set_flags"": 0, ""runtime_index"": 1274, ""file_offset"": 8804, ""floor_field"": 1, ""entity_id_field"": 18127, ""group"": 0, ""room"": 20, ""unknown_a3"": 0, ""position"": [129.08935546875, 24.20865821838379, 48.60760498046875], ""angles"": [0, -24576, 0], ""params"": [1.0, 1.0, 1.0, 0, 0, 0], ""unused_pointer"": 31362752}"
extermination-ep4/q811-bb-e,1,104,"{""base_type"": 902, ""set_flags"": 0, ""runtime_index"": 1276, ""file_offset"": 8872, ""floor_field"": 1, ""entity_id_field"": 18128, ""group"": 0, ""room"": 20, ""unknown_a3"": 0, ""position"": [181.4508056640625, 19.68990707397461, 41.41607666015625], ""angles"": [0, 28672, 0], ""params"": [1.0, 1.0, 1.0, 0, 0, 0], ""unused_pointer"": 31362976}"
extermination-ep4/q811-bb-e,1,146,"{""base_type"": 902, ""set_flags"": 0, ""runtime_index"": 1356, ""file_offset"": 11728, ""floor_field"": 1, ""entity_id_field"": 17693, ""group"": 0, ""room"": 21, ""unknown_a3"": 0, ""position"": [19.7833251953125, -11.882706642150879, -405.245849609375], ""angles"": [0, 0, 0], ""params"": [1.0, 1.0, 1.0, 0, 0, 0], ""unused_pointer"": 31315840}"
extermination-ep4/q811-bb-e,1,147,"{""base_type"": 902, ""set_flags"": 0, ""runtime_index"": 1357, ""file_offset"": 11796, ""floor_field"": 1, ""entity_id_field"": 17694, ""group"": 0, ""room"": 21, ""unknown_a3"": 0, ""position"": [7.184814453125, -10.574152946472168, -349.08642578125], ""angles"": [0, -25088, 0], ""params"": [1.0, 1.0, 1.0, 0, 0, 0], ""unused_pointer"": 31316064}"
extermination-ep4/q811-bb-e,1,148,"{""base_type"": 902, ""set_flags"": 0, ""runtime_index"": 1358, ""file_offset"": 11864, ""floor_field"": 1, ""entity_id_field"": 17695, ""group"": 0, ""room"": 21, ""unknown_a3"": 0, ""position"": [8.418701171875, -11.247705459594727, -293.755859375], ""angles"": [0, -57856, 0], ""params"": [1.0, 1.0, 1.0, 0, 0, 0], ""unused_pointer"": 31316288}"
extermination-ep4/q811-bb-e,1,149,"{""base_type"": 902, ""set_flags"": 0, ""runtime_index"": 1359, ""file_offset"": 11932, ""floor_field"": 1, ""entity_id_field"": 17696, ""group"": 0, ""room"": 21, ""unknown_a3"": 0, ""position"": [11.2470703125, -11.247705459594727, -255.8349609375], ""angles"": [0, -49664, 0], ""params"": [1.0, 1.0, 1.0, 0, 0, 0], ""unused_pointer"": 31316512}"
extermination-ep4/q811-bb-e,1,150,"{""base_type"": 902, ""set_flags"": 0, ""runtime_index"": 1360, ""file_offset"": 12000, ""floor_field"": 1, ""entity_id_field"": 17697, ""group"": 0, ""room"": 21, ""unknown_a3"": 0, ""position"": [56.684326171875, -11.25506591796875, -243.4501953125], ""angles"": [0, -41472, 0], ""params"": [1.0, 1.0, 1.0, 0, 0, 0], ""unused_pointer"": 31316736}"
extermination-ep4/q811-bb-e,1,151,"{""base_type"": 902, ""set_flags"": 0, ""runtime_index"": 1361, ""file_offset"": 12068, ""floor_field"": 1, ""entity_id_field"": 17698, ""group"": 0, ""room"": 21, ""unknown_a3"": 0, ""position"": [98.773681640625, -12.006253242492676, -224.86767578125], ""angles"": [0, -41472, 0], ""params"": [1.0, 1.0, 1.0, 0, 0, 0], ""unused_pointer"": 31316960}"
extermination-ep4/q811-bb-e,1,152,"{""base_type"": 902, ""set_flags"": 0, ""runtime_index"": 1362, ""file_offset"": 12136, ""floor_field"": 1, ""entity_id_field"": 17699, ""group"": 0, ""room"": 21, ""unknown_a3"": 0, ""position"": [146.0068359375, -9.933732986450195, -205.7880859375], ""angles"": [0, -41472, 0], ""params"": [1.0, 1.0, 1.0, 0, 0, 0], ""unused_pointer"": 31317184}"
extermination-ep4/q811-bb-e,1,153,"{""base_type"": 902, ""set_flags"": 0, ""runtime_index"": 1363, ""file_offset"": 12204, ""floor_field"": 1, ""entity_id_field"": 17700, ""group"": 0, ""room"": 21, ""unknown_a3"": 0, ""position"": [191.1009521484375, -8.229774475097656, -176.898681640625], ""angles"": [0, -41472, 0], ""params"": [1.0, 1.0, 1.0, 0, 0, 0], ""unused_pointer"": 31317408}"
extermination-ep4/q811-bb-e,1,154,"{""base_type"": 902, ""set_flags"": 0, ""runtime_index"": 1364, ""file_offset"": 12272, ""floor_field"": 1, ""entity_id_field"": 17701, ""group"": 0, ""room"": 21, ""unknown_a3"": 0, ""position"": [239.98388671875, -6.637526512145996, -177.34130859375], ""angles"": [0, -70144, 0], ""params"": [1.0, 1.0, 1.0, 0, 0, 0], ""unused_pointer"": 31317632}"
extermination-ep4/q811-bb-e,1,155,"{""base_type"": 902, ""set_flags"": 0, ""runtime_index"": 1365, ""file_offset"": 12340, ""floor_field"": 1, ""entity_id_field"": 17702, ""group"": 0, ""room"": 21, ""unknown_a3"": 0, ""position"": [289.87060546875, -6.637526512145996, -191.1181640625], ""angles"": [0, -107008, 0], ""params"": [1.0, 1.0, 1.0, 0, 0, 0], ""unused_pointer"": 31317856}"
extermination-ep4/q811-bb-e,1,156,"{""base_type"": 902, ""set_flags"": 0, ""runtime_index"": 1366, ""file_offset"": 12408, ""floor_field"": 1, ""entity_id_field"": 17703, ""group"": 0, ""room"": 21, ""unknown_a3"": 0, ""position"": [338.9482421875, -6.637526512145996, -206.589599609375], ""angles"": [0, -131584, 0], ""params"": [1.0, 1.0, 1.0, 0, 0, 0], ""unused_pointer"": 31318080}"
extermination-ep4/q811-bb-e,1,157,"{""base_type"": 902, ""set_flags"": 0, ""runtime_index"": 1367, ""file_offset"": 12476, ""floor_field"": 1, ""entity_id_field"": 17704, ""group"": 0, ""room"": 21, ""unknown_a3"": 0, ""position"": [380.952392578125, -6.637526512145996, -228.516357421875], ""angles"": [0, -131584, 0], ""params"": [1.0, 1.0, 1.0, 0, 0, 0], ""unused_pointer"": 31318304}"
extermination-ep4/q811-bb-e,1,158,"{""base_type"": 902, ""set_flags"": 0, ""runtime_index"": 1368, ""file_offset"": 12544, ""floor_field"": 1, ""entity_id_field"": 17705, ""group"": 0, ""room"": 21, ""unknown_a3"": 0, ""position"": [353.094482421875, -6.637526512145996, -269.50048828125], ""angles"": [0, -111104, 0], ""params"": [1.0, 1.0, 1.0, 0, 0, 0], ""unused_pointer"": 31318528}"
extermination-ep4/q811-bb-e,1,159,"{""base_type"": 902, ""set_flags"": 0, ""runtime_index"": 1369, ""file_offset"": 12612, ""floor_field"": 1, ""entity_id_field"": 17706, ""group"": 0, ""room"": 21, ""unknown_a3"": 0, ""position"": [309.50830078125, -6.637526512145996, -297.228759765625], ""angles"": [0, -111104, 0], ""params"": [1.0, 1.0, 1.0, 0, 0, 0], ""unused_pointer"": 31318752}"
extermination-ep4/q811-bb-e,1,160,"{""base_type"": 902, ""set_flags"": 0, ""runtime_index"": 1370, ""file_offset"": 12680, ""floor_field"": 1, ""entity_id_field"": 17707, ""group"": 0, ""room"": 21, ""unknown_a3"": 0, ""position"": [270.389892578125, -6.637526512145996, -336.267822265625], ""angles"": [0, -111104, 0], ""params"": [1.0, 1.0, 1.0, 0, 0, 0], ""unused_pointer"": 31318976}"
extermination-ep4/q811-bb-e,1,161,"{""base_type"": 902, ""set_flags"": 0, ""runtime_index"": 1371, ""file_offset"": 12748, ""floor_field"": 1, ""entity_id_field"": 17708, ""group"": 0, ""room"": 21, ""unknown_a3"": 0, ""position"": [227.427001953125, -6.637526512145996, -356.037841796875], ""angles"": [0, -111104, 0], ""params"": [1.0, 1.0, 1.0, 0, 0, 0], ""unused_pointer"": 31319200}"
extermination-ep4/q811-bb-e,1,162,"{""base_type"": 902, ""set_flags"": 0, ""runtime_index"": 1372, ""file_offset"": 12816, ""floor_field"": 1, ""entity_id_field"": 17709, ""group"": 0, ""room"": 21, ""unknown_a3"": 0, ""position"": [184.16796875, -6.637526512145996, -381.97607421875], ""angles"": [0, -111104, 0], ""params"": [1.0, 1.0, 1.0, 0, 0, 0], ""unused_pointer"": 31319424}"
extermination-ep4/q811-bb-e,1,163,"{""base_type"": 902, ""set_flags"": 0, ""runtime_index"": 1373, ""file_offset"": 12884, ""floor_field"": 1, ""entity_id_field"": 17710, ""group"": 0, ""room"": 21, ""unknown_a3"": 0, ""position"": [134.09130859375, -6.637526512145996, -401.369140625], ""angles"": [0, -111104, 0], ""params"": [1.0, 1.0, 1.0, 0, 0, 0], ""unused_pointer"": 31319648}"
extermination-ep4/q811-bb-e,1,164,"{""base_type"": 902, ""set_flags"": 0, ""runtime_index"": 1374, ""file_offset"": 12952, ""floor_field"": 1, ""entity_id_field"": 17711, ""group"": 0, ""room"": 21, ""unknown_a3"": 0, ""position"": [-243.3326416015625, 0.8356032371520996, 72.975341796875], ""angles"": [0, -98816, 0], ""params"": [1.0, 1.0, 1.0, 0, 0, 0], ""unused_pointer"": 31319872}"
extermination-ep4/q811-bb-e,1,165,"{""base_type"": 902, ""set_flags"": 0, ""runtime_index"": 1375, ""file_offset"": 13020, ""floor_field"": 1, ""entity_id_field"": 17712, ""group"": 0, ""room"": 21, ""unknown_a3"": 0, ""position"": [-191.2774658203125, 2.7082908153533936, 57.611083984375], ""angles"": [0, -74240, 0], ""params"": [1.0, 1.0, 1.0, 0, 0, 0], ""unused_pointer"": 31320096}"
extermination-ep4/q811-bb-e,1,166,"{""base_type"": 902, ""set_flags"": 0, ""runtime_index"": 1376, ""file_offset"": 13088, ""floor_field"": 1, ""entity_id_field"": 17713, ""group"": 0, ""room"": 21, ""unknown_a3"": 0, ""position"": [-138.0552978515625, 4.023736476898193, 44.763671875], ""angles"": [0, -102912, 0], ""params"": [1.0, 1.0, 1.0, 0, 0, 0], ""unused_pointer"": 31320320}"
extermination-ep4/q811-bb-e,1,167,"{""base_type"": 902, ""set_flags"": 0, ""runtime_index"": 1377, ""file_offset"": 13156, ""floor_field"": 1, ""entity_id_field"": 17714, ""group"": 0, ""room"": 21, ""unknown_a3"": 0, ""position"": [-89.3070068359375, 4.023736476898193, 36.91845703125], ""angles"": [0, -78336, 0], ""params"": [1.0, 1.0, 1.0, 0, 0, 0], ""unused_pointer"": 31320544}"
extermination-ep4/q811-bb-e,1,168,"{""base_type"": 902, ""set_flags"": 0, ""runtime_index"": 1378, ""file_offset"": 13224, ""floor_field"": 1, ""entity_id_field"": 17715, ""group"": 0, ""room"": 21, ""unknown_a3"": 0, ""position"": [-40.9791259765625, 17.02541160583496, 64.690185546875], ""angles"": [0, -78336, 0], ""params"": [1.0, 1.0, 1.0, 0, 0, 0], ""unused_pointer"": 31320768}"
extermination-ep4/q811-bb-e,1,169,"{""base_type"": 902, ""set_flags"": 0, ""runtime_index"": 1379, ""file_offset"": 13292, ""floor_field"": 1, ""entity_id_field"": 17716, ""group"": 0, ""room"": 21, ""unknown_a3"": 0, ""position"": [15.3909912109375, 17.02541160583496, 70.69091796875], ""angles"": [0, -78336, 0], ""params"": [1.0, 1.0, 1.0, 0, 0, 0], ""unused_pointer"": 31320992}"
extermination-ep4/q811-bb-e,1,170,"{""base_type"": 902, ""set_flags"": 0, ""runtime_index"": 1380, ""file_offset"": 13360, ""floor_field"": 1, ""entity_id_field"": 17717, ""group"": 0, ""room"": 21, ""unknown_a3"": 0, ""position"": [64.9534912109375, 24.20865821838379, 70.531005859375], ""angles"": [0, -78336, 0], ""params"": [1.0, 1.0, 1.0, 0, 0, 0], ""unused_pointer"": 31321216}"
extermination-ep4/q811-bb-e,1,171,"{""base_type"": 902, ""set_flags"": 0, ""runtime_index"": 1381, ""file_offset"": 13428, ""floor_field"": 1, ""entity_id_field"": 17718, ""group"": 0, ""room"": 21, ""unknown_a3"": 0, ""position"": [111.9976806640625, 24.20865821838379, 71.464111328125], ""angles"": [0, -78336, 0], ""params"": [1.0, 1.0, 1.0, 0, 0, 0], ""unused_pointer"": 31321440}"
extermination-ep4/q811-bb-e,1,172,"{""base_type"": 902, ""set_flags"": 0, ""runtime_index"": 1382, ""file_offset"": 13496, ""floor_field"": 1, ""entity_id_field"": 17719, ""group"": 0, ""room"": 21, ""unknown_a3"": 0, ""position"": [162.783935546875, 24.20865821838379, 75.843017578125], ""angles"": [0, -86528, 0], ""params"": [1.0, 1.0, 1.0, 0, 0, 0], ""unused_pointer"": 31321664}"
extermination-ep4/q811-bb-e,1,173,"{""base_type"": 902, ""set_flags"": 0, ""runtime_index"": 1383, ""file_offset"": 13564, ""floor_field"": 1, ""entity_id_field"": 17720, ""group"": 0, ""room"": 21, ""unknown_a3"": 0, ""position"": [165.992919921875, 24.20865821838379, 126.022216796875], ""angles"": [0, -127488, 0], ""params"": [1.0, 1.0, 1.0, 0, 0, 0], ""unused_pointer"": 31321888}"
extermination-ep4/q811-bb-e,1,174,"{""base_type"": 902, ""set_flags"": 0, ""runtime_index"": 1384, ""file_offset"": 13632, ""floor_field"": 1, ""entity_id_field"": 17721, ""group"": 0, ""room"": 21, ""unknown_a3"": 0, ""position"": [151.271484375, 24.20865821838379, 177.034912109375], ""angles"": [0, -127488, 0], ""params"": [1.0, 1.0, 1.0, 0, 0, 0], ""unused_pointer"": 31322112}"
extermination-ep4/q811-bb-e,1,175,"{""base_type"": 902, ""set_flags"": 0, ""runtime_index"": 1385, ""file_offset"": 13700, ""floor_field"": 1, ""entity_id_field"": 17722, ""group"": 0, ""room"": 21, ""unknown_a3"": 0, ""position"": [140.140625, 24.20865821838379, 212.78759765625], ""angles"": [0, -127488, 0], ""params"": [1.0, 1.0, 1.0, 0, 0, 0], ""unused_pointer"": 31322336}"
extermination-ep4/q811-bb-e,1,176,"{""base_type"": 902, ""set_flags"": 0, ""runtime_index"": 1386, ""file_offset"": 13768, ""floor_field"": 1, ""entity_id_field"": 17723, ""group"": 0, ""room"": 21, ""unknown_a3"": 0, ""position"": [28.548095703125, 15.390954971313477, 249.080078125], ""angles"": [0, -107008, 0], ""params"": [1.0, 1.0, 1.0, 0, 0, 0], ""unused_pointer"": 31322560}"
extermination-ep4/q811-bb-e,1,177,"{""base_type"": 902, ""set_flags"": 0, ""runtime_index"": 1387, ""file_offset"": 13836, ""floor_field"": 1, ""entity_id_field"": 17724, ""group"": 0, ""room"": 21, ""unknown_a3"": 0, ""position"": [-24.739501953125, 15.390954971313477, 229.642333984375], ""angles"": [0, -107008, 0], ""params"": [1.0, 1.0, 1.0, 0, 0, 0], ""unused_pointer"": 31322784}"
extermination-ep4/q811-bb-e,1,178,"{""base_type"": 902, ""set_flags"": 0, ""runtime_index"": 1388, ""file_offset"": 13904, ""floor_field"": 1, ""entity_id_field"": 17725, ""group"": 0, ""room"": 21, ""unknown_a3"": 0, ""position"": [-81.4356689453125, 15.390954971313477, 222.247802734375], ""angles"": [0, -107008, 0], ""params"": [1.0, 1.0, 1.0, 0, 0, 0], ""unused_pointer"": 31323008}"
extermination-ep4/q811-bb-e,1,179,"{""base_type"": 902, ""set_flags"": 0, ""runtime_index"": 1389, ""file_offset"": 13972, ""floor_field"": 1, ""entity_id_field"": 17726, ""group"": 0, ""room"": 21, ""unknown_a3"": 0, ""position"": [-131.4759521484375, 15.390954971313477, 220.11376953125], ""angles"": [0, -107008, 0], ""params"": [1.0, 1.0, 1.0, 0, 0, 0], ""unused_pointer"": 31323232}"
extermination-ep4/q811-bb-e,1,180,"{""base_type"": 902, ""set_flags"": 0, ""runtime_index"": 1390, ""file_offset"": 14040, ""floor_field"": 1, ""entity_id_field"": 17727, ""group"": 0, ""room"": 21, ""unknown_a3"": 0, ""position"": [-260.5181884765625, 15.390954971313477, 230.7060546875], ""angles"": [0, -107008, 0], ""params"": [1.0, 1.0, 1.0, 0, 0, 0], ""unused_pointer"": 31323456}"
extermination-ep4/q811-bb-e,1,181,"{""base_type"": 902, ""set_flags"": 0, ""runtime_index"": 1391, ""file_offset"": 14108, ""floor_field"": 1, ""entity_id_field"": 17728, ""group"": 0, ""room"": 21, ""unknown_a3"": 0, ""position"": [-201.562744140625, 15.390954971313477, 232.55224609375], ""angles"": [0, -107008, 0], ""params"": [1.0, 1.0, 1.0, 0, 0, 0], ""unused_pointer"": 31323680}"
extermination-ep4/q811-bb-e,1,182,"{""base_type"": 902, ""set_flags"": 0, ""runtime_index"": 1392, ""file_offset"": 14176, ""floor_field"": 1, ""entity_id_field"": 17729, ""group"": 0, ""room"": 21, ""unknown_a3"": 0, ""position"": [-161.7857666015625, 15.390954971313477, 226.5849609375], ""angles"": [0, -107008, 0], ""params"": [1.0, 1.0, 1.0, 0, 0, 0], ""unused_pointer"": 31323904}"
extermination-ep4/q811-bb-e,1,206,"{""base_type"": 902, ""set_flags"": 0, ""runtime_index"": 1253, ""file_offset"": 15808, ""floor_field"": 1, ""entity_id_field"": 18183, ""group"": 0, ""room"": 30, ""unknown_a3"": 0, ""position"": [-111.733154296875, 0.0, 88.59544372558594], ""angles"": [0, -16384, 0], ""params"": [1.0, 1.0, 1.0, 1, 0, 0], ""unused_pointer"": 31302240}"
extermination-ep4/q811-bb-e,1,207,"{""base_type"": 902, ""set_flags"": 0, ""runtime_index"": 1254, ""file_offset"": 15876, ""floor_field"": 1, ""entity_id_field"": 18184, ""group"": 0, ""room"": 30, ""unknown_a3"": 0, ""position"": [-151.4296875, 0.0, 105.90646362304688], ""angles"": [0, -16384, 0], ""params"": [1.0, 1.0, 1.0, 0, 0, 0], ""unused_pointer"": 31302464}"
extermination-ep4/q811-bb-e,1,208,"{""base_type"": 902, ""set_flags"": 0, ""runtime_index"": 1255, ""file_offset"": 15944, ""floor_field"": 1, ""entity_id_field"": 18185, ""group"": 0, ""room"": 30, ""unknown_a3"": 0, ""position"": [-191.2060546875, 0.0, 129.69036865234375], ""angles"": [0, 4096, 0], ""params"": [1.0, 1.0, 1.0, 0, 0, 0], ""unused_pointer"": 31302688}"
extermination-ep4/q811-bb-e,1,209,"{""base_type"": 902, ""set_flags"": 0, ""runtime_index"": 1256, ""file_offset"": 16012, ""floor_field"": 1, ""entity_id_field"": 18186, ""group"": 0, ""room"": 30, ""unknown_a3"": 0, ""position"": [-231.90478515625, 0.0, 133.4181365966797], ""angles"": [0, 16384, 0], ""params"": [1.0, 1.0, 1.0, 0, 0, 0], ""unused_pointer"": 31302912}"
extermination-ep4/q811-bb-e,1,210,"{""base_type"": 902, ""set_flags"": 0, ""runtime_index"": 1257, ""file_offset"": 16080, ""floor_field"": 1, ""entity_id_field"": 18187, ""group"": 0, ""room"": 30, ""unknown_a3"": 0, ""position"": [-261.760498046875, 0.0, 142.59262084960938], ""angles"": [0, 24576, 0], ""params"": [1.0, 1.0, 1.0, 2, 0, 0], ""unused_pointer"": 31303136}"
extermination-ep4/q811-bb-e,1,211,"{""base_type"": 902, ""set_flags"": 0, ""runtime_index"": 1258, ""file_offset"": 16148, ""floor_field"": 1, ""entity_id_field"": 18188, ""group"": 0, ""room"": 30, ""unknown_a3"": 0, ""position"": [-269.779296875, 0.0, 120.74920654296875], ""angles"": [0, 0, 0], ""params"": [1.0, 1.0, 1.0, 1, 0, 0], ""unused_pointer"": 31303360}"
extermination-ep4/q811-bb-e,1,253,"{""base_type"": 902, ""set_flags"": 0, ""runtime_index"": 1455, ""file_offset"": 19004, ""floor_field"": 1, ""entity_id_field"": 17670, ""group"": 0, ""room"": 50, ""unknown_a3"": 0, ""position"": [-161.403076171875, 4.706404209136963, 397.4873046875], ""angles"": [0, -16384, 0], ""params"": [1.0, 1.0, 1.0, 0, 0, 0], ""unused_pointer"": 31300864}"
extermination-ep4/q811-bb-e,1,254,"{""base_type"": 902, ""set_flags"": 0, ""runtime_index"": 1458, ""file_offset"": 19072, ""floor_field"": 1, ""entity_id_field"": 17671, ""group"": 0, ""room"": 50, ""unknown_a3"": 0, ""position"": [-195.35406494140625, 1.7736594676971436, 372.353515625], ""angles"": [0, -28672, 0], ""params"": [1.0, 1.0, 1.0, 1, 0, 0], ""unused_pointer"": 31301088}"
extermination-ep4/q811-bb-e,1,255,"{""base_type"": 902, ""set_flags"": 0, ""runtime_index"": 1457, ""file_offset"": 19140, ""floor_field"": 1, ""entity_id_field"": 17672, ""group"": 0, ""room"": 50, ""unknown_a3"": 0, ""position"": [-207.46490478515625, 2.3386104106903076, 342.93408203125], ""angles"": [0, -24576, 0], ""params"": [1.0, 1.0, 1.0, 2, 0, 0], ""unused_pointer"": 31301312}"
extermination-ep4/q811-bb-e,1,256,"{""base_type"": 902, ""set_flags"": 0, ""runtime_index"": 1459, ""file_offset"": 19208, ""floor_field"": 1, ""entity_id_field"": 17673, ""group"": 0, ""room"": 50, ""unknown_a3"": 0, ""position"": [-215.403076171875, 2.3732309341430664, 331.333984375], ""angles"": [0, 12288, 0], ""params"": [1.0, 1.0, 1.0, 2, 0, 0], ""unused_pointer"": 31301536}"
extermination-ep4/q811-bb-e,1,257,"{""base_type"": 902, ""set_flags"": 0, ""runtime_index"": 1460, ""file_offset"": 19276, ""floor_field"": 1, ""entity_id_field"": 17674, ""group"": 0, ""room"": 50, ""unknown_a3"": 0, ""position"": [-223.68499755859375, 2.3732309341430664, 318.54736328125], ""angles"": [0, -8192, 0], ""params"": [1.0, 1.0, 1.0, 2, 0, 0], ""unused_pointer"": 31301760}"
extermination-ep4/q811-bb-e,1,258,"{""base_type"": 902, ""set_flags"": 0, ""runtime_index"": 1461, ""file_offset"": 19344, ""floor_field"": 1, ""entity_id_field"": 17675, ""group"": 0, ""room"": 50, ""unknown_a3"": 0, ""position"": [-219.61077880859375, 2.3732309341430664, 306.6787109375], ""angles"": [0, -28672, 0], ""params"": [1.0, 1.0, 1.0, 2, 0, 0], ""unused_pointer"": 31301984}"
extermination-ep4/q811-bb-e,1,264,"{""base_type"": 902, ""set_flags"": 0, ""runtime_index"": 1462, ""file_offset"": 19752, ""floor_field"": 1, ""entity_id_field"": 18232, ""group"": 0, ""room"": 60, ""unknown_a3"": 0, ""position"": [-208.706298828125, 0.0, 223.81005859375], ""angles"": [0, -28672, 0], ""params"": [1.0, 1.0, 1.0, 0, 0, 0], ""unused_pointer"": 31275216}"
extermination-ep4/q811-bb-e,1,265,"{""base_type"": 902, ""set_flags"": 0, ""runtime_index"": 1463, ""file_offset"": 19820, ""floor_field"": 1, ""entity_id_field"": 18233, ""group"": 0, ""room"": 60, ""unknown_a3"": 0, ""position"": [41.638671875, 1.9999999949504854e-06, 88.052734375], ""angles"": [0, -36864, 0], ""params"": [1.0, 1.0, 1.0, 0, 0, 0], ""unused_pointer"": 31285968}"
extermination-ep4/q811-bb-e,1,266,"{""base_type"": 902, ""set_flags"": 0, ""runtime_index"": 1464, ""file_offset"": 19888, ""floor_field"": 1, ""entity_id_field"": 18234, ""group"": 0, ""room"": 60, ""unknown_a3"": 0, ""position"": [6.59912109375, 0.0, 124.669921875], ""angles"": [0, -65536, 0], ""params"": [1.0, 1.0, 1.0, 0, 0, 0], ""unused_pointer"": 31286192}"
extermination-ep4/q811-bb-e,1,267,"{""base_type"": 902, ""set_flags"": 0, ""runtime_index"": 1465, ""file_offset"": 19956, ""floor_field"": 1, ""entity_id_field"": 18235, ""group"": 0, ""room"": 60, ""unknown_a3"": 0, ""position"": [-209.469970703125, -1.9073486328125e-06, -443.1611328125], ""angles"": [0, -65536, 0], ""params"": [1.0, 1.0, 1.0, 0, 0, 0], ""unused_pointer"": 31297856}"
extermination-ep4/q811-bb-e,1,268,"{""base_type"": 902, ""set_flags"": 0, ""runtime_index"": 1468, ""file_offset"": 20024, ""floor_field"": 1, ""entity_id_field"": 18236, ""group"": 0, ""room"": 60, ""unknown_a3"": 0, ""position"": [-227.485595703125, -1.9073486328125e-06, -401.02099609375], ""angles"": [0, -94208, 0], ""params"": [1.0, 1.0, 1.0, 0, 0, 0], ""unused_pointer"": 31298080}"
extermination-ep4/q811-bb-e,1,269,"{""base_type"": 902, ""set_flags"": 0, ""runtime_index"": 1467, ""file_offset"": 20092, ""floor_field"": 1, ""entity_id_field"": 18237, ""group"": 0, ""room"": 60, ""unknown_a3"": 0, ""position"": [-260.16943359375, -1.9073486328125e-06, -368.66796875], ""angles"": [0, -106496, 0], ""params"": [1.0, 1.0, 1.0, 0, 0, 0], ""unused_pointer"": 31300832}"
extermination-ep4/q811-bb-j,1,4,"{""base_type"": 902, ""set_flags"": 0, ""runtime_index"": 1252, ""file_offset"": 2072, ""floor_field"": 1, ""entity_id_field"": 17662, ""group"": 0, ""room"": 10, ""unknown_a3"": 0, ""position"": [33.90999984741211, -0.022563328966498375, 69.808837890625], ""angles"": [0, 0, 0], ""params"": [1.0, 1.0, 1.0, 0, 0, 0], ""unused_pointer"": 26818848}"
extermination-ep4/q811-bb-j,1,5,"{""base_type"": 902, ""set_flags"": 0, ""runtime_index"": 1254, ""file_offset"": 2140, ""floor_field"": 1, ""entity_id_field"": 17663, ""group"": 0, ""room"": 10, ""unknown_a3"": 0, ""position"": [9.529999732971191, 2.0999999046325684, 109.98999786376953], ""angles"": [0, -32768, 0], ""params"": [1.0, 1.0, 1.0, 0, 0, 0], ""unused_pointer"": 26829520}"
extermination-ep4/q811-bb-j,1,6,"{""base_type"": 902, ""set_flags"": 0, ""runtime_index"": 1255, ""file_offset"": 2208, ""floor_field"": 1, ""entity_id_field"": 17664, ""group"": 0, ""room"": 10, ""unknown_a3"": 0, ""position"": [16.833965301513672, 5.64536190032959, 141.00650024414062], ""angles"": [0, -49152, 0], ""params"": [1.0, 1.0, 1.0, 0, 0, 0], ""unused_pointer"": 26829744}"
extermination-ep4/q811-bb-j,1,7,"{""base_type"": 902, ""set_flags"": 0, ""runtime_index"": 1256, ""file_offset"": 2276, ""floor_field"": 1, ""entity_id_field"": 17665, ""group"": 0, ""room"": 10, ""unknown_a3"": 0, ""position"": [353.5377197265625, -0.03654670715332031, 152.4769287109375], ""angles"": [0, -49152, 0], ""params"": [1.0, 1.0, 1.0, 0, 0, 0], ""unused_pointer"": 26843008}"
extermination-ep4/q811-bb-j,1,8,"{""base_type"": 902, ""set_flags"": 0, ""runtime_index"": 1257, ""file_offset"": 2344, ""floor_field"": 1, ""entity_id_field"": 17666, ""group"": 0, ""room"": 10, ""unknown_a3"": 0, ""position"": [351.5827941894531, -0.0021676719188690186, 187.29708862304688], ""angles"": [0, -61440, 0], ""params"": [1.0, 1.0, 1.0, 0, 0, 0], ""unused_pointer"": 26843232}"
extermination-ep4/q811-bb-j,1,9,"{""base_type"": 902, ""set_flags"": 0, ""runtime_index"": 1258, ""file_offset"": 2412, ""floor_field"": 1, ""entity_id_field"": 17667, ""group"": 0, ""room"": 10, ""unknown_a3"": 0, ""position"": [341.8538513183594, 0.013466397300362587, 231.5446319580078], ""angles"": [0, -65536, 0], ""params"": [1.0, 1.0, 1.0, 0, 0, 0], ""unused_pointer"": 26843456}"
extermination-ep4/q811-bb-j,1,14,"{""base_type"": 902, ""set_flags"": 0, ""runtime_index"": 1263, ""file_offset"": 2752, ""floor_field"": 1, ""entity_id_field"": 17673, ""group"": 0, ""room"": 10, ""unknown_a3"": 0, ""position"": [-175.09999084472656, 7.149999618530273, 139.5399932861328], ""angles"": [0, -16384, 0], ""params"": [1.0, 1.0, 1.0, 0, 0, 0], ""unused_pointer"": 26845504}"
extermination-ep4/q811-bb-j,1,15,"{""base_type"": 902, ""set_flags"": 0, ""runtime_index"": 1264, ""file_offset"": 2820, ""floor_field"": 1, ""entity_id_field"": 17674, ""group"": 0, ""room"": 10, ""unknown_a3"": 0, ""position"": [-217.719482421875, 7.149999618530273, 133.48074340820312], ""angles"": [0, -8192, 0], ""params"": [1.0, 1.0, 1.0, 0, 0, 0], ""unused_pointer"": 26845728}"
extermination-ep4/q811-bb-j,1,88,"{""base_type"": 902, ""set_flags"": 0, ""runtime_index"": 1259, ""file_offset"": 7784, ""floor_field"": 1, ""entity_id_field"": 18112, ""group"": 0, ""room"": 20, ""unknown_a3"": 0, ""position"": [533.3826904296875, 10.98043441772461, 194.7186737060547], ""angles"": [0, 45056, 0], ""params"": [1.0, 1.0, 1.0, 1, 0, 0], ""unused_pointer"": 31359392}"
extermination-ep4/q811-bb-j,1,89,"{""base_type"": 902, ""set_flags"": 0, ""runtime_index"": 1260, ""file_offset"": 7852, ""floor_field"": 1, ""entity_id_field"": 18113, ""group"": 0, ""room"": 20, ""unknown_a3"": 0, ""position"": [494.2440185546875, 9.077249526977539, 161.3579559326172], ""angles"": [0, 45056, 0], ""params"": [1.0, 1.0, 1.0, 0, 0, 0], ""unused_pointer"": 31359616}"
extermination-ep4/q811-bb-j,1,90,"{""base_type"": 902, ""set_flags"": 0, ""runtime_index"": 1261, ""file_offset"": 7920, ""floor_field"": 1, ""entity_id_field"": 18114, ""group"": 0, ""room"": 20, ""unknown_a3"": 0, ""position"": [450.04150390625, 11.657724380493164, 141.84230041503906], ""angles"": [0, -12288, 0], ""params"": [1.0, 1.0, 1.0, 0, 0, 0], ""unused_pointer"": 31359840}"
extermination-ep4/q811-bb-j,1,91,"{""base_type"": 902, ""set_flags"": 0, ""runtime_index"": 1262, ""file_offset"": 7988, ""floor_field"": 1, ""entity_id_field"": 18115, ""group"": 0, ""room"": 20, ""unknown_a3"": 0, ""position"": [409.593994140625, 11.657724380493164, 100.61848449707031], ""angles"": [0, 12288, 0], ""params"": [1.0, 1.0, 1.0, 0, 0, 0], ""unused_pointer"": 31360064}"
extermination-ep4/q811-bb-j,1,92,"{""base_type"": 902, ""set_flags"": 0, ""runtime_index"": 1263, ""file_offset"": 8056, ""floor_field"": 1, ""entity_id_field"": 18116, ""group"": 0, ""room"": 20, ""unknown_a3"": 0, ""position"": [363.103759765625, 11.110977172851562, 70.2762451171875], ""angles"": [0, 53248, 0], ""params"": [1.0, 1.0, 1.0, 0, 0, 0], ""unused_pointer"": 31360288}"
extermination-ep4/q811-bb-j,1,93,"{""base_type"": 902, ""set_flags"": 0, ""runtime_index"": 1264, ""file_offset"": 8124, ""floor_field"": 1, ""entity_id_field"": 18117, ""group"": 0, ""room"": 20, ""unknown_a3"": 0, ""position"": [311.341796875, 9.952264785766602, 37.27107238769531], ""angles"": [0, 81920, 0], ""params"": [1.0, 1.0, 1.0, 0, 0, 0], ""unused_pointer"": 31360512}"
extermination-ep4/q811-bb-j,1,94,"{""base_type"": 902, ""set_flags"": 0, ""runtime_index"": 1265, ""file_offset"": 8192, ""floor_field"": 1, ""entity_id_field"": 18118, ""group"": 0, ""room"": 20, ""unknown_a3"": 0, ""position"": [265.984130859375, 9.952264785766602, 15.648651123046875], ""angles"": [0, 81920, 0], ""params"": [1.0, 1.0, 1.0, 1, 0, 0], ""unused_pointer"": 31360736}"
extermination-ep4/q811-bb-j,1,95,"{""base_type"": 902, ""set_flags"": 0, ""runtime_index"": 1266, ""file_offset"": 8260, ""floor_field"": 1, ""entity_id_field"": 18119, ""group"": 0, ""room"": 20, ""unknown_a3"": 0, ""position"": [223.8734130859375, 15.12899112701416, 19.460128784179688], ""angles"": [0, 110592, 0], ""params"": [1.0, 1.0, 1.0, 1, 0, 0], ""unused_pointer"": 31360960}"
extermination-ep4/q811-bb-j,1,96,"{""base_type"": 902, ""set_flags"": 0, ""runtime_index"": 1267, ""file_offset"": 8328, ""floor_field"": 1, ""entity_id_field"": 18120, ""group"": 0, ""room"": 20, ""unknown_a3"": 0, ""position"": [229.6044921875, 0.4399755001068115, -5.305511474609375], ""angles"": [0, 131072, 0], ""params"": [1.0, 1.0, 1.0, 1, 0, 0], ""unused_pointer"": 31361184}"
extermination-ep4/q811-bb-j,1,97,"{""base_type"": 902, ""set_flags"": 0, ""runtime_index"": 1268, ""file_offset"": 8396, ""floor_field"": 1, ""entity_id_field"": 18121, ""group"": 0, ""room"": 20, ""unknown_a3"": 0, ""position"": [83.6748046875, 23.481712341308594, 189.37364196777344], ""angles"": [0, 106496, 0], ""params"": [1.0, 1.0, 1.0, 0, 0, 0], ""unused_pointer"": 31361408}"
extermination-ep4/q811-bb-j,1,98,"{""base_type"": 902, ""set_flags"": 0, ""runtime_index"": 1269, ""file_offset"": 8464, ""floor_field"": 1, ""entity_id_field"": 18122, ""group"": 0, ""room"": 20, ""unknown_a3"": 0, ""position"": [92.1572265625, 23.481712341308594, 136.1034393310547], ""angles"": [0, 73728, 0], ""params"": [1.0, 1.0, 1.0, 0, 0, 0], ""unused_pointer"": 31361632}"
extermination-ep4/q811-bb-j,1,99,"{""base_type"": 902, ""set_flags"": 0, ""runtime_index"": 1270, ""file_offset"": 8532, ""floor_field"": 1, ""entity_id_field"": 18123, ""group"": 0, ""room"": 20, ""unknown_a3"": 0, ""position"": [94.470947265625, 23.481712341308594, 86.15852355957031], ""angles"": [0, 0, 0], ""params"": [1.0, 1.0, 1.0, 1, 0, 0], ""unused_pointer"": 31361856}"
extermination-ep4/q811-bb-j,1,100,"{""base_type"": 902, ""set_flags"": 0, ""runtime_index"": 1271, ""file_offset"": 8600, ""floor_field"": 1, ""entity_id_field"": 18124, ""group"": 0, ""room"": 20, ""unknown_a3"": 0, ""position"": [91.830322265625, 23.481712341308594, 63.05329895019531], ""angles"": [0, 0, 0], ""params"": [1.0, 1.0, 1.0, 2, 0, 0], ""unused_pointer"": 31362080}"
extermination-ep4/q811-bb-j,1,101,"{""base_type"": 902, ""set_flags"": 0, ""runtime_index"": 1272, ""file_offset"": 8668, ""floor_field"": 1, ""entity_id_field"": 18125, ""group"": 0, ""room"": 20, ""unknown_a3"": 0, ""position"": [87.6295166015625, 23.481712341308594, 47.36219787597656], ""angles"": [0, -24576, 0], ""params"": [1.0, 1.0, 1.0, 2, 0, 0], ""unused_pointer"": 31362304}"
extermination-ep4/q811-bb-j,1,102,"{""base_type"": 902, ""set_flags"": 0, ""runtime_index"": 1273, ""file_offset"": 8736, ""floor_field"": 1, ""entity_id_field"": 18126, ""group"": 0, ""room"": 20, ""unknown_a3"": 0, ""position"": [74.8980712890625, 23.481712341308594, 57.94683837890625], ""angles"": [0, -24576, 0], ""params"": [1.0, 1.0, 1.0, 2, 0, 0], ""unused_pointer"": 31362528}"
extermination-ep4/q811-bb-j,1,103,"{""base_type"": 902, ""set_flags"": 0, ""runtime_index"": 1274, ""file_offset"": 8804, ""floor_field"": 1, ""entity_id_field"": 18127, ""group"": 0, ""room"": 20, ""unknown_a3"": 0, ""position"": [129.08935546875, 24.20865821838379, 48.60760498046875], ""angles"": [0, -24576, 0], ""params"": [1.0, 1.0, 1.0, 0, 0, 0], ""unused_pointer"": 31362752}"
extermination-ep4/q811-bb-j,1,104,"{""base_type"": 902, ""set_flags"": 0, ""runtime_index"": 1276, ""file_offset"": 8872, ""floor_field"": 1, ""entity_id_field"": 18128, ""group"": 0, ""room"": 20, ""unknown_a3"": 0, ""position"": [181.4508056640625, 19.68990707397461, 41.41607666015625], ""angles"": [0, 28672, 0], ""params"": [1.0, 1.0, 1.0, 0, 0, 0], ""unused_pointer"": 31362976}"
extermination-ep4/q811-bb-j,1,146,"{""base_type"": 902, ""set_flags"": 0, ""runtime_index"": 1356, ""file_offset"": 11728, ""floor_field"": 1, ""entity_id_field"": 17693, ""group"": 0, ""room"": 21, ""unknown_a3"": 0, ""position"": [19.7833251953125, -11.882706642150879, -405.245849609375], ""angles"": [0, 0, 0], ""params"": [1.0, 1.0, 1.0, 0, 0, 0], ""unused_pointer"": 31315840}"
extermination-ep4/q811-bb-j,1,147,"{""base_type"": 902, ""set_flags"": 0, ""runtime_index"": 1357, ""file_offset"": 11796, ""floor_field"": 1, ""entity_id_field"": 17694, ""group"": 0, ""room"": 21, ""unknown_a3"": 0, ""position"": [7.184814453125, -10.574152946472168, -349.08642578125], ""angles"": [0, -25088, 0], ""params"": [1.0, 1.0, 1.0, 0, 0, 0], ""unused_pointer"": 31316064}"
extermination-ep4/q811-bb-j,1,148,"{""base_type"": 902, ""set_flags"": 0, ""runtime_index"": 1358, ""file_offset"": 11864, ""floor_field"": 1, ""entity_id_field"": 17695, ""group"": 0, ""room"": 21, ""unknown_a3"": 0, ""position"": [8.418701171875, -11.247705459594727, -293.755859375], ""angles"": [0, -57856, 0], ""params"": [1.0, 1.0, 1.0, 0, 0, 0], ""unused_pointer"": 31316288}"
extermination-ep4/q811-bb-j,1,149,"{""base_type"": 902, ""set_flags"": 0, ""runtime_index"": 1359, ""file_offset"": 11932, ""floor_field"": 1, ""entity_id_field"": 17696, ""group"": 0, ""room"": 21, ""unknown_a3"": 0, ""position"": [11.2470703125, -11.247705459594727, -255.8349609375], ""angles"": [0, -49664, 0], ""params"": [1.0, 1.0, 1.0, 0, 0, 0], ""unused_pointer"": 31316512}"
extermination-ep4/q811-bb-j,1,150,"{""base_type"": 902, ""set_flags"": 0, ""runtime_index"": 1360, ""file_offset"": 12000, ""floor_field"": 1, ""entity_id_field"": 17697, ""group"": 0, ""room"": 21, ""unknown_a3"": 0, ""position"": [56.684326171875, -11.25506591796875, -243.4501953125], ""angles"": [0, -41472, 0], ""params"": [1.0, 1.0, 1.0, 0, 0, 0], ""unused_pointer"": 31316736}"
extermination-ep4/q811-bb-j,1,151,"{""base_type"": 902, ""set_flags"": 0, ""runtime_index"": 1361, ""file_offset"": 12068, ""floor_field"": 1, ""entity_id_field"": 17698, ""group"": 0, ""room"": 21, ""unknown_a3"": 0, ""position"": [98.773681640625, -12.006253242492676, -224.86767578125], ""angles"": [0, -41472, 0], ""params"": [1.0, 1.0, 1.0, 0, 0, 0], ""unused_pointer"": 31316960}"
extermination-ep4/q811-bb-j,1,152,"{""base_type"": 902, ""set_flags"": 0, ""runtime_index"": 1362, ""file_offset"": 12136, ""floor_field"": 1, ""entity_id_field"": 17699, ""group"": 0, ""room"": 21, ""unknown_a3"": 0, ""position"": [146.0068359375, -9.933732986450195, -205.7880859375], ""angles"": [0, -41472, 0], ""params"": [1.0, 1.0, 1.0, 0, 0, 0], ""unused_pointer"": 31317184}"
extermination-ep4/q811-bb-j,1,153,"{""base_type"": 902, ""set_flags"": 0, ""runtime_index"": 1363, ""file_offset"": 12204, ""floor_field"": 1, ""entity_id_field"": 17700, ""group"": 0, ""room"": 21, ""unknown_a3"": 0, ""position"": [191.1009521484375, -8.229774475097656, -176.898681640625], ""angles"": [0, -41472, 0], ""params"": [1.0, 1.0, 1.0, 0, 0, 0], ""unused_pointer"": 31317408}"
extermination-ep4/q811-bb-j,1,154,"{""base_type"": 902, ""set_flags"": 0, ""runtime_index"": 1364, ""file_offset"": 12272, ""floor_field"": 1, ""entity_id_field"": 17701, ""group"": 0, ""room"": 21, ""unknown_a3"": 0, ""position"": [239.98388671875, -6.637526512145996, -177.34130859375], ""angles"": [0, -70144, 0], ""params"": [1.0, 1.0, 1.0, 0, 0, 0], ""unused_pointer"": 31317632}"
extermination-ep4/q811-bb-j,1,155,"{""base_type"": 902, ""set_flags"": 0, ""runtime_index"": 1365, ""file_offset"": 12340, ""floor_field"": 1, ""entity_id_field"": 17702, ""group"": 0, ""room"": 21, ""unknown_a3"": 0, ""position"": [289.87060546875, -6.637526512145996, -191.1181640625], ""angles"": [0, -107008, 0], ""params"": [1.0, 1.0, 1.0, 0, 0, 0], ""unused_pointer"": 31317856}"
extermination-ep4/q811-bb-j,1,156,"{""base_type"": 902, ""set_flags"": 0, ""runtime_index"": 1366, ""file_offset"": 12408, ""floor_field"": 1, ""entity_id_field"": 17703, ""group"": 0, ""room"": 21, ""unknown_a3"": 0, ""position"": [338.9482421875, -6.637526512145996, -206.589599609375], ""angles"": [0, -131584, 0], ""params"": [1.0, 1.0, 1.0, 0, 0, 0], ""unused_pointer"": 31318080}"
extermination-ep4/q811-bb-j,1,157,"{""base_type"": 902, ""set_flags"": 0, ""runtime_index"": 1367, ""file_offset"": 12476, ""floor_field"": 1, ""entity_id_field"": 17704, ""group"": 0, ""room"": 21, ""unknown_a3"": 0, ""position"": [380.952392578125, -6.637526512145996, -228.516357421875], ""angles"": [0, -131584, 0], ""params"": [1.0, 1.0, 1.0, 0, 0, 0], ""unused_pointer"": 31318304}"
extermination-ep4/q811-bb-j,1,158,"{""base_type"": 902, ""set_flags"": 0, ""runtime_index"": 1368, ""file_offset"": 12544, ""floor_field"": 1, ""entity_id_field"": 17705, ""group"": 0, ""room"": 21, ""unknown_a3"": 0, ""position"": [353.094482421875, -6.637526512145996, -269.50048828125], ""angles"": [0, -111104, 0], ""params"": [1.0, 1.0, 1.0, 0, 0, 0], ""unused_pointer"": 31318528}"
extermination-ep4/q811-bb-j,1,159,"{""base_type"": 902, ""set_flags"": 0, ""runtime_index"": 1369, ""file_offset"": 12612, ""floor_field"": 1, ""entity_id_field"": 17706, ""group"": 0, ""room"": 21, ""unknown_a3"": 0, ""position"": [309.50830078125, -6.637526512145996, -297.228759765625], ""angles"": [0, -111104, 0], ""params"": [1.0, 1.0, 1.0, 0, 0, 0], ""unused_pointer"": 31318752}"
extermination-ep4/q811-bb-j,1,160,"{""base_type"": 902, ""set_flags"": 0, ""runtime_index"": 1370, ""file_offset"": 12680, ""floor_field"": 1, ""entity_id_field"": 17707, ""group"": 0, ""room"": 21, ""unknown_a3"": 0, ""position"": [270.389892578125, -6.637526512145996, -336.267822265625], ""angles"": [0, -111104, 0], ""params"": [1.0, 1.0, 1.0, 0, 0, 0], ""unused_pointer"": 31318976}"
extermination-ep4/q811-bb-j,1,161,"{""base_type"": 902, ""set_flags"": 0, ""runtime_index"": 1371, ""file_offset"": 12748, ""floor_field"": 1, ""entity_id_field"": 17708, ""group"": 0, ""room"": 21, ""unknown_a3"": 0, ""position"": [227.427001953125, -6.637526512145996, -356.037841796875], ""angles"": [0, -111104, 0], ""params"": [1.0, 1.0, 1.0, 0, 0, 0], ""unused_pointer"": 31319200}"
extermination-ep4/q811-bb-j,1,162,"{""base_type"": 902, ""set_flags"": 0, ""runtime_index"": 1372, ""file_offset"": 12816, ""floor_field"": 1, ""entity_id_field"": 17709, ""group"": 0, ""room"": 21, ""unknown_a3"": 0, ""position"": [184.16796875, -6.637526512145996, -381.97607421875], ""angles"": [0, -111104, 0], ""params"": [1.0, 1.0, 1.0, 0, 0, 0], ""unused_pointer"": 31319424}"
extermination-ep4/q811-bb-j,1,163,"{""base_type"": 902, ""set_flags"": 0, ""runtime_index"": 1373, ""file_offset"": 12884, ""floor_field"": 1, ""entity_id_field"": 17710, ""group"": 0, ""room"": 21, ""unknown_a3"": 0, ""position"": [134.09130859375, -6.637526512145996, -401.369140625], ""angles"": [0, -111104, 0], ""params"": [1.0, 1.0, 1.0, 0, 0, 0], ""unused_pointer"": 31319648}"
extermination-ep4/q811-bb-j,1,164,"{""base_type"": 902, ""set_flags"": 0, ""runtime_index"": 1374, ""file_offset"": 12952, ""floor_field"": 1, ""entity_id_field"": 17711, ""group"": 0, ""room"": 21, ""unknown_a3"": 0, ""position"": [-243.3326416015625, 0.8356032371520996, 72.975341796875], ""angles"": [0, -98816, 0], ""params"": [1.0, 1.0, 1.0, 0, 0, 0], ""unused_pointer"": 31319872}"
extermination-ep4/q811-bb-j,1,165,"{""base_type"": 902, ""set_flags"": 0, ""runtime_index"": 1375, ""file_offset"": 13020, ""floor_field"": 1, ""entity_id_field"": 17712, ""group"": 0, ""room"": 21, ""unknown_a3"": 0, ""position"": [-191.2774658203125, 2.7082908153533936, 57.611083984375], ""angles"": [0, -74240, 0], ""params"": [1.0, 1.0, 1.0, 0, 0, 0], ""unused_pointer"": 31320096}"
extermination-ep4/q811-bb-j,1,166,"{""base_type"": 902, ""set_flags"": 0, ""runtime_index"": 1376, ""file_offset"": 13088, ""floor_field"": 1, ""entity_id_field"": 17713, ""group"": 0, ""room"": 21, ""unknown_a3"": 0, ""position"": [-138.0552978515625, 4.023736476898193, 44.763671875], ""angles"": [0, -102912, 0], ""params"": [1.0, 1.0, 1.0, 0, 0, 0], ""unused_pointer"": 31320320}"
extermination-ep4/q811-bb-j,1,167,"{""base_type"": 902, ""set_flags"": 0, ""runtime_index"": 1377, ""file_offset"": 13156, ""floor_field"": 1, ""entity_id_field"": 17714, ""group"": 0, ""room"": 21, ""unknown_a3"": 0, ""position"": [-89.3070068359375, 4.023736476898193, 36.91845703125], ""angles"": [0, -78336, 0], ""params"": [1.0, 1.0, 1.0, 0, 0, 0], ""unused_pointer"": 31320544}"
extermination-ep4/q811-bb-j,1,168,"{""base_type"": 902, ""set_flags"": 0, ""runtime_index"": 1378, ""file_offset"": 13224, ""floor_field"": 1, ""entity_id_field"": 17715, ""group"": 0, ""room"": 21, ""unknown_a3"": 0, ""position"": [-40.9791259765625, 17.02541160583496, 64.690185546875], ""angles"": [0, -78336, 0], ""params"": [1.0, 1.0, 1.0, 0, 0, 0], ""unused_pointer"": 31320768}"
extermination-ep4/q811-bb-j,1,169,"{""base_type"": 902, ""set_flags"": 0, ""runtime_index"": 1379, ""file_offset"": 13292, ""floor_field"": 1, ""entity_id_field"": 17716, ""group"": 0, ""room"": 21, ""unknown_a3"": 0, ""position"": [15.3909912109375, 17.02541160583496, 70.69091796875], ""angles"": [0, -78336, 0], ""params"": [1.0, 1.0, 1.0, 0, 0, 0], ""unused_pointer"": 31320992}"
extermination-ep4/q811-bb-j,1,170,"{""base_type"": 902, ""set_flags"": 0, ""runtime_index"": 1380, ""file_offset"": 13360, ""floor_field"": 1, ""entity_id_field"": 17717, ""group"": 0, ""room"": 21, ""unknown_a3"": 0, ""position"": [64.9534912109375, 24.20865821838379, 70.531005859375], ""angles"": [0, -78336, 0], ""params"": [1.0, 1.0, 1.0, 0, 0, 0], ""unused_pointer"": 31321216}"
extermination-ep4/q811-bb-j,1,171,"{""base_type"": 902, ""set_flags"": 0, ""runtime_index"": 1381, ""file_offset"": 13428, ""floor_field"": 1, ""entity_id_field"": 17718, ""group"": 0, ""room"": 21, ""unknown_a3"": 0, ""position"": [111.9976806640625, 24.20865821838379, 71.464111328125], ""angles"": [0, -78336, 0], ""params"": [1.0, 1.0, 1.0, 0, 0, 0], ""unused_pointer"": 31321440}"
extermination-ep4/q811-bb-j,1,172,"{""base_type"": 902, ""set_flags"": 0, ""runtime_index"": 1382, ""file_offset"": 13496, ""floor_field"": 1, ""entity_id_field"": 17719, ""group"": 0, ""room"": 21, ""unknown_a3"": 0, ""position"": [162.783935546875, 24.20865821838379, 75.843017578125], ""angles"": [0, -86528, 0], ""params"": [1.0, 1.0, 1.0, 0, 0, 0], ""unused_pointer"": 31321664}"
extermination-ep4/q811-bb-j,1,173,"{""base_type"": 902, ""set_flags"": 0, ""runtime_index"": 1383, ""file_offset"": 13564, ""floor_field"": 1, ""entity_id_field"": 17720, ""group"": 0, ""room"": 21, ""unknown_a3"": 0, ""position"": [165.992919921875, 24.20865821838379, 126.022216796875], ""angles"": [0, -127488, 0], ""params"": [1.0, 1.0, 1.0, 0, 0, 0], ""unused_pointer"": 31321888}"
extermination-ep4/q811-bb-j,1,174,"{""base_type"": 902, ""set_flags"": 0, ""runtime_index"": 1384, ""file_offset"": 13632, ""floor_field"": 1, ""entity_id_field"": 17721, ""group"": 0, ""room"": 21, ""unknown_a3"": 0, ""position"": [151.271484375, 24.20865821838379, 177.034912109375], ""angles"": [0, -127488, 0], ""params"": [1.0, 1.0, 1.0, 0, 0, 0], ""unused_pointer"": 31322112}"
extermination-ep4/q811-bb-j,1,175,"{""base_type"": 902, ""set_flags"": 0, ""runtime_index"": 1385, ""file_offset"": 13700, ""floor_field"": 1, ""entity_id_field"": 17722, ""group"": 0, ""room"": 21, ""unknown_a3"": 0, ""position"": [140.140625, 24.20865821838379, 212.78759765625], ""angles"": [0, -127488, 0], ""params"": [1.0, 1.0, 1.0, 0, 0, 0], ""unused_pointer"": 31322336}"
extermination-ep4/q811-bb-j,1,176,"{""base_type"": 902, ""set_flags"": 0, ""runtime_index"": 1386, ""file_offset"": 13768, ""floor_field"": 1, ""entity_id_field"": 17723, ""group"": 0, ""room"": 21, ""unknown_a3"": 0, ""position"": [28.548095703125, 15.390954971313477, 249.080078125], ""angles"": [0, -107008, 0], ""params"": [1.0, 1.0, 1.0, 0, 0, 0], ""unused_pointer"": 31322560}"
extermination-ep4/q811-bb-j,1,177,"{""base_type"": 902, ""set_flags"": 0, ""runtime_index"": 1387, ""file_offset"": 13836, ""floor_field"": 1, ""entity_id_field"": 17724, ""group"": 0, ""room"": 21, ""unknown_a3"": 0, ""position"": [-24.739501953125, 15.390954971313477, 229.642333984375], ""angles"": [0, -107008, 0], ""params"": [1.0, 1.0, 1.0, 0, 0, 0], ""unused_pointer"": 31322784}"
extermination-ep4/q811-bb-j,1,178,"{""base_type"": 902, ""set_flags"": 0, ""runtime_index"": 1388, ""file_offset"": 13904, ""floor_field"": 1, ""entity_id_field"": 17725, ""group"": 0, ""room"": 21, ""unknown_a3"": 0, ""position"": [-81.4356689453125, 15.390954971313477, 222.247802734375], ""angles"": [0, -107008, 0], ""params"": [1.0, 1.0, 1.0, 0, 0, 0], ""unused_pointer"": 31323008}"
extermination-ep4/q811-bb-j,1,179,"{""base_type"": 902, ""set_flags"": 0, ""runtime_index"": 1389, ""file_offset"": 13972, ""floor_field"": 1, ""entity_id_field"": 17726, ""group"": 0, ""room"": 21, ""unknown_a3"": 0, ""position"": [-131.4759521484375, 15.390954971313477, 220.11376953125], ""angles"": [0, -107008, 0], ""params"": [1.0, 1.0, 1.0, 0, 0, 0], ""unused_pointer"": 31323232}"
extermination-ep4/q811-bb-j,1,180,"{""base_type"": 902, ""set_flags"": 0, ""runtime_index"": 1390, ""file_offset"": 14040, ""floor_field"": 1, ""entity_id_field"": 17727, ""group"": 0, ""room"": 21, ""unknown_a3"": 0, ""position"": [-260.5181884765625, 15.390954971313477, 230.7060546875], ""angles"": [0, -107008, 0], ""params"": [1.0, 1.0, 1.0, 0, 0, 0], ""unused_pointer"": 31323456}"
extermination-ep4/q811-bb-j,1,181,"{""base_type"": 902, ""set_flags"": 0, ""runtime_index"": 1391, ""file_offset"": 14108, ""floor_field"": 1, ""entity_id_field"": 17728, ""group"": 0, ""room"": 21, ""unknown_a3"": 0, ""position"": [-201.562744140625, 15.390954971313477, 232.55224609375], ""angles"": [0, -107008, 0], ""params"": [1.0, 1.0, 1.0, 0, 0, 0], ""unused_pointer"": 31323680}"
extermination-ep4/q811-bb-j,1,182,"{""base_type"": 902, ""set_flags"": 0, ""runtime_index"": 1392, ""file_offset"": 14176, ""floor_field"": 1, ""entity_id_field"": 17729, ""group"": 0, ""room"": 21, ""unknown_a3"": 0, ""position"": [-161.7857666015625, 15.390954971313477, 226.5849609375], ""angles"": [0, -107008, 0], ""params"": [1.0, 1.0, 1.0, 0, 0, 0], ""unused_pointer"": 31323904}"
extermination-ep4/q811-bb-j,1,206,"{""base_type"": 902, ""set_flags"": 0, ""runtime_index"": 1253, ""file_offset"": 15808, ""floor_field"": 1, ""entity_id_field"": 18183, ""group"": 0, ""room"": 30, ""unknown_a3"": 0, ""position"": [-111.733154296875, 0.0, 88.59544372558594], ""angles"": [0, -16384, 0], ""params"": [1.0, 1.0, 1.0, 1, 0, 0], ""unused_pointer"": 31302240}"
extermination-ep4/q811-bb-j,1,207,"{""base_type"": 902, ""set_flags"": 0, ""runtime_index"": 1254, ""file_offset"": 15876, ""floor_field"": 1, ""entity_id_field"": 18184, ""group"": 0, ""room"": 30, ""unknown_a3"": 0, ""position"": [-151.4296875, 0.0, 105.90646362304688], ""angles"": [0, -16384, 0], ""params"": [1.0, 1.0, 1.0, 0, 0, 0], ""unused_pointer"": 31302464}"
extermination-ep4/q811-bb-j,1,208,"{""base_type"": 902, ""set_flags"": 0, ""runtime_index"": 1255, ""file_offset"": 15944, ""floor_field"": 1, ""entity_id_field"": 18185, ""group"": 0, ""room"": 30, ""unknown_a3"": 0, ""position"": [-191.2060546875, 0.0, 129.69036865234375], ""angles"": [0, 4096, 0], ""params"": [1.0, 1.0, 1.0, 0, 0, 0], ""unused_pointer"": 31302688}"
extermination-ep4/q811-bb-j,1,209,"{""base_type"": 902, ""set_flags"": 0, ""runtime_index"": 1256, ""file_offset"": 16012, ""floor_field"": 1, ""entity_id_field"": 18186, ""group"": 0, ""room"": 30, ""unknown_a3"": 0, ""position"": [-231.90478515625, 0.0, 133.4181365966797], ""angles"": [0, 16384, 0], ""params"": [1.0, 1.0, 1.0, 0, 0, 0], ""unused_pointer"": 31302912}"
extermination-ep4/q811-bb-j,1,210,"{""base_type"": 902, ""set_flags"": 0, ""runtime_index"": 1257, ""file_offset"": 16080, ""floor_field"": 1, ""entity_id_field"": 18187, ""group"": 0, ""room"": 30, ""unknown_a3"": 0, ""position"": [-261.760498046875, 0.0, 142.59262084960938], ""angles"": [0, 24576, 0], ""params"": [1.0, 1.0, 1.0, 2, 0, 0], ""unused_pointer"": 31303136}"
extermination-ep4/q811-bb-j,1,211,"{""base_type"": 902, ""set_flags"": 0, ""runtime_index"": 1258, ""file_offset"": 16148, ""floor_field"": 1, ""entity_id_field"": 18188, ""group"": 0, ""room"": 30, ""unknown_a3"": 0, ""position"": [-269.779296875, 0.0, 120.74920654296875], ""angles"": [0, 0, 0], ""params"": [1.0, 1.0, 1.0, 1, 0, 0], ""unused_pointer"": 31303360}"
extermination-ep4/q811-bb-j,1,253,"{""base_type"": 902, ""set_flags"": 0, ""runtime_index"": 1455, ""file_offset"": 19004, ""floor_field"": 1, ""entity_id_field"": 17670, ""group"": 0, ""room"": 50, ""unknown_a3"": 0, ""position"": [-161.403076171875, 4.706404209136963, 397.4873046875], ""angles"": [0, -16384, 0], ""params"": [1.0, 1.0, 1.0, 0, 0, 0], ""unused_pointer"": 31300864}"
extermination-ep4/q811-bb-j,1,254,"{""base_type"": 902, ""set_flags"": 0, ""runtime_index"": 1458, ""file_offset"": 19072, ""floor_field"": 1, ""entity_id_field"": 17671, ""group"": 0, ""room"": 50, ""unknown_a3"": 0, ""position"": [-195.35406494140625, 1.7736594676971436, 372.353515625], ""angles"": [0, -28672, 0], ""params"": [1.0, 1.0, 1.0, 1, 0, 0], ""unused_pointer"": 31301088}"
extermination-ep4/q811-bb-j,1,255,"{""base_type"": 902, ""set_flags"": 0, ""runtime_index"": 1457, ""file_offset"": 19140, ""floor_field"": 1, ""entity_id_field"": 17672, ""group"": 0, ""room"": 50, ""unknown_a3"": 0, ""position"": [-207.46490478515625, 2.3386104106903076, 342.93408203125], ""angles"": [0, -24576, 0], ""params"": [1.0, 1.0, 1.0, 2, 0, 0], ""unused_pointer"": 31301312}"
extermination-ep4/q811-bb-j,1,256,"{""base_type"": 902, ""set_flags"": 0, ""runtime_index"": 1459, ""file_offset"": 19208, ""floor_field"": 1, ""entity_id_field"": 17673, ""group"": 0, ""room"": 50, ""unknown_a3"": 0, ""position"": [-215.403076171875, 2.3732309341430664, 331.333984375], ""angles"": [0, 12288, 0], ""params"": [1.0, 1.0, 1.0, 2, 0, 0], ""unused_pointer"": 31301536}"
extermination-ep4/q811-bb-j,1,257,"{""base_type"": 902, ""set_flags"": 0, ""runtime_index"": 1460, ""file_offset"": 19276, ""floor_field"": 1, ""entity_id_field"": 17674, ""group"": 0, ""room"": 50, ""unknown_a3"": 0, ""position"": [-223.68499755859375, 2.3732309341430664, 318.54736328125], ""angles"": [0, -8192, 0], ""params"": [1.0, 1.0, 1.0, 2, 0, 0], ""unused_pointer"": 31301760}"
extermination-ep4/q811-bb-j,1,258,"{""base_type"": 902, ""set_flags"": 0, ""runtime_index"": 1461, ""file_offset"": 19344, ""floor_field"": 1, ""entity_id_field"": 17675, ""group"": 0, ""room"": 50, ""unknown_a3"": 0, ""position"": [-219.61077880859375, 2.3732309341430664, 306.6787109375], ""angles"": [0, -28672, 0], ""params"": [1.0, 1.0, 1.0, 2, 0, 0], ""unused_pointer"": 31301984}"
extermination-ep4/q811-bb-j,1,264,"{""base_type"": 902, ""set_flags"": 0, ""runtime_index"": 1462, ""file_offset"": 19752, ""floor_field"": 1, ""entity_id_field"": 18232, ""group"": 0, ""room"": 60, ""unknown_a3"": 0, ""position"": [-208.706298828125, 0.0, 223.81005859375], ""angles"": [0, -28672, 0], ""params"": [1.0, 1.0, 1.0, 0, 0, 0], ""unused_pointer"": 31275216}"
extermination-ep4/q811-bb-j,1,265,"{""base_type"": 902, ""set_flags"": 0, ""runtime_index"": 1463, ""file_offset"": 19820, ""floor_field"": 1, ""entity_id_field"": 18233, ""group"": 0, ""room"": 60, ""unknown_a3"": 0, ""position"": [41.638671875, 1.9999999949504854e-06, 88.052734375], ""angles"": [0, -36864, 0], ""params"": [1.0, 1.0, 1.0, 0, 0, 0], ""unused_pointer"": 31285968}"
extermination-ep4/q811-bb-j,1,266,"{""base_type"": 902, ""set_flags"": 0, ""runtime_index"": 1464, ""file_offset"": 19888, ""floor_field"": 1, ""entity_id_field"": 18234, ""group"": 0, ""room"": 60, ""unknown_a3"": 0, ""position"": [6.59912109375, 0.0, 124.669921875], ""angles"": [0, -65536, 0], ""params"": [1.0, 1.0, 1.0, 0, 0, 0], ""unused_pointer"": 31286192}"
extermination-ep4/q811-bb-j,1,267,"{""base_type"": 902, ""set_flags"": 0, ""runtime_index"": 1465, ""file_offset"": 19956, ""floor_field"": 1, ""entity_id_field"": 18235, ""group"": 0, ""room"": 60, ""unknown_a3"": 0, ""position"": [-209.469970703125, -1.9073486328125e-06, -443.1611328125], ""angles"": [0, -65536, 0], ""params"": [1.0, 1.0, 1.0, 0, 0, 0], ""unused_pointer"": 31297856}"
extermination-ep4/q811-bb-j,1,268,"{""base_type"": 902, ""set_flags"": 0, ""runtime_index"": 1468, ""file_offset"": 20024, ""floor_field"": 1, ""entity_id_field"": 18236, ""group"": 0, ""room"": 60, ""unknown_a3"": 0, ""position"": [-227.485595703125, -1.9073486328125e-06, -401.02099609375], ""angles"": [0, -94208, 0], ""params"": [1.0, 1.0, 1.0, 0, 0, 0], ""unused_pointer"": 31298080}"
extermination-ep4/q811-bb-j,1,269,"{""base_type"": 902, ""set_flags"": 0, ""runtime_index"": 1467, ""file_offset"": 20092, ""floor_field"": 1, ""entity_id_field"": 18237, ""group"": 0, ""room"": 60, ""unknown_a3"": 0, ""position"": [-260.16943359375, -1.9073486328125e-06, -368.66796875], ""angles"": [0, -106496, 0], ""params"": [1.0, 1.0, 1.0, 0, 0, 0], ""unused_pointer"": 31300832}"
extermination-ep4/q813-bb-e,6,84,"{""base_type"": 902, ""set_flags"": 0, ""runtime_index"": 1302, ""file_offset"": 7512, ""floor_field"": 6, ""entity_id_field"": 19274, ""group"": 0, ""room"": 90, ""unknown_a3"": 0, ""position"": [284.722900390625, 0.9076334834098816, -220.07373046875], ""angles"": [0, -4096, 0], ""params"": [1.0, 1.0, 1.0, 0, 0, 0], ""unused_pointer"": 26884976}"
extermination-ep4/q813-bb-j,6,84,"{""base_type"": 902, ""set_flags"": 0, ""runtime_index"": 1302, ""file_offset"": 7512, ""floor_field"": 6, ""entity_id_field"": 19274, ""group"": 0, ""room"": 90, ""unknown_a3"": 0, ""position"": [284.722900390625, 0.9076334834098816, -220.07373046875], ""angles"": [0, -4096, 0], ""params"": [1.0, 1.0, 1.0, 0, 0, 0], ""unused_pointer"": 26884976}"
extermination-ep4/q814-bb-e,7,14,"{""base_type"": 902, ""set_flags"": 0, ""runtime_index"": 1284, ""file_offset"": 2752, ""floor_field"": 7, ""entity_id_field"": 17953, ""group"": 0, ""room"": 10, ""unknown_a3"": 0, ""position"": [120.57999420166016, 0.0, -256.94000244140625], ""angles"": [0, 20480, 0], ""params"": [1.0, 1.0, 1.0, 0, 0, 0], ""unused_pointer"": 42482096}"
extermination-ep4/q814-bb-e,7,15,"{""base_type"": 902, ""set_flags"": 0, ""runtime_index"": 1285, ""file_offset"": 2820, ""floor_field"": 7, ""entity_id_field"": 17954, ""group"": 0, ""room"": 10, ""unknown_a3"": 0, ""position"": [97.36058044433594, 0.0, -236.06556701660156], ""angles"": [0, 20480, 0], ""params"": [1.0, 1.0, 1.0, 2, 0, 0], ""unused_pointer"": 42482368}"
extermination-ep4/q814-bb-e,7,16,"{""base_type"": 902, ""set_flags"": 0, ""runtime_index"": 1286, ""file_offset"": 2888, ""floor_field"": 7, ""entity_id_field"": 17955, ""group"": 0, ""room"": 10, ""unknown_a3"": 0, ""position"": [147.47999572753906, 0.0, -278.5567626953125], ""angles"": [0, 20480, 0], ""params"": [1.0, 1.0, 1.0, 2, 0, 0], ""unused_pointer"": 42506640}"
extermination-ep4/q814-bb-e,7,17,"{""base_type"": 902, ""set_flags"": 0, ""runtime_index"": 1287, ""file_offset"": 2956, ""floor_field"": 7, ""entity_id_field"": 17956, ""group"": 0, ""room"": 10, ""unknown_a3"": 0, ""position"": [383.3500061035156, 0.0, -260.7099914550781], ""angles"": [0, 20480, 0], ""params"": [1.0, 1.0, 1.0, 0, 0, 0], ""unused_pointer"": 42506864}"
extermination-ep4/q814-bb-e,7,18,"{""base_type"": 902, ""set_flags"": 0, ""runtime_index"": 1288, ""file_offset"": 3024, ""floor_field"": 7, ""entity_id_field"": 17957, ""group"": 0, ""room"": 10, ""unknown_a3"": 0, ""position"": [530.72998046875, 0.0, -193.00999450683594], ""angles"": [0, 20480, 0], ""params"": [1.0, 1.0, 1.0, 0, 0, 0], ""unused_pointer"": 42507088}"
extermination-ep4/q814-bb-e,7,19,"{""base_type"": 902, ""set_flags"": 0, ""runtime_index"": 1282, ""file_offset"": 3092, ""floor_field"": 7, ""entity_id_field"": 17958, ""group"": 0, ""room"": 10, ""unknown_a3"": 0, ""position"": [16.619998931884766, 0.0, -359.6999816894531], ""angles"": [0, 32768, 0], ""params"": [1.0, 1.0, 1.0, 1, 0, 0], ""unused_pointer"": 42507312}"
extermination-ep4/q814-bb-e,7,20,"{""base_type"": 902, ""set_flags"": 0, ""runtime_index"": 1279, ""file_offset"": 3160, ""floor_field"": 7, ""entity_id_field"": 17959, ""group"": 0, ""room"": 10, ""unknown_a3"": 0, ""position"": [-370.1999816894531, 0.0, -262.7900085449219], ""angles"": [0, -8192, 0], ""params"": [1.0, 1.0, 1.0, 0, 0, 0], ""unused_pointer"": 42507536}"
extermination-ep4/q814-bb-e,7,21,"{""base_type"": 902, ""set_flags"": 0, ""runtime_index"": 1280, ""file_offset"": 3228, ""floor_field"": 7, ""entity_id_field"": 17960, ""group"": 0, ""room"": 10, ""unknown_a3"": 0, ""position"": [-132.72000122070312, 0.0, -247.4099884033203], ""angles"": [0, 0, 0], ""params"": [1.0, 1.0, 1.0, 0, 0, 0], ""unused_pointer"": 42507760}"
extermination-ep4/q814-bb-e,7,22,"{""base_type"": 902, ""set_flags"": 0, ""runtime_index"": 1281, ""file_offset"": 3296, ""floor_field"": 7, ""entity_id_field"": 17961, ""group"": 0, ""room"": 10, ""unknown_a3"": 0, ""position"": [-104.73999786376953, 0.0, -253.38999938964844], ""angles"": [0, 32768, 0], ""params"": [1.0, 1.0, 1.0, 1, 0, 0], ""unused_pointer"": 42507984}"
extermination-ep4/q814-bb-e,7,23,"{""base_type"": 902, ""set_flags"": 0, ""runtime_index"": 1277, ""file_offset"": 3364, ""floor_field"": 7, ""entity_id_field"": 17962, ""group"": 0, ""room"": 10, ""unknown_a3"": 0, ""position"": [-256.19000244140625, 0.0, -135.66000366210938], ""angles"": [0, 0, 0], ""params"": [1.0, 1.0, 1.0, 0, 0, 0], ""unused_pointer"": 42508208}"
extermination-ep4/q814-bb-e,7,24,"{""base_type"": 902, ""set_flags"": 0, ""runtime_index"": 1278, ""file_offset"": 3432, ""floor_field"": 7, ""entity_id_field"": 17963, ""group"": 0, ""room"": 10, ""unknown_a3"": 0, ""position"": [-251.4499969482422, 0.0, -104.86000061035156], ""angles"": [0, 16384, 0], ""params"": [1.0, 1.0, 1.0, 1, 0, 0], ""unused_pointer"": 42508432}"
extermination-ep4/q814-bb-e,7,26,"{""base_type"": 902, ""set_flags"": 0, ""runtime_index"": 1263, ""file_offset"": 3568, ""floor_field"": 7, ""entity_id_field"": 17965, ""group"": 0, ""room"": 10, ""unknown_a3"": 0, ""position"": [371.5, 0.0, 261.29998779296875], ""angles"": [0, 0, 0], ""params"": [1.0, 1.0, 1.0, 0, 0, 0], ""unused_pointer"": 42508896}"
extermination-ep4/q814-bb-e,7,27,"{""base_type"": 902, ""set_flags"": 0, ""runtime_index"": 1267, ""file_offset"": 3636, ""floor_field"": 7, ""entity_id_field"": 17966, ""group"": 0, ""room"": 10, ""unknown_a3"": 0, ""position"": [-149.37998962402344, 0.0, 251.67173767089844], ""angles"": [0, 0, 0], ""params"": [1.0, 1.0, 1.0, 0, 0, 0], ""unused_pointer"": 42509120}"
extermination-ep4/q814-bb-e,7,28,"{""base_type"": 902, ""set_flags"": 0, ""runtime_index"": 1273, ""file_offset"": 3704, ""floor_field"": 7, ""entity_id_field"": 17967, ""group"": 0, ""room"": 10, ""unknown_a3"": 0, ""position"": [-246.52999877929688, 0.0, 136.05999755859375], ""angles"": [0, 0, 0], ""params"": [1.0, 1.0, 1.0, 0, 0, 0], ""unused_pointer"": 42509344}"
extermination-ep4/q814-bb-e,7,30,"{""base_type"": 902, ""set_flags"": 0, ""runtime_index"": 1264, ""file_offset"": 3840, ""floor_field"": 7, ""entity_id_field"": 17969, ""group"": 0, ""room"": 10, ""unknown_a3"": 0, ""position"": [156.22999572753906, 0.0, 266.52301025390625], ""angles"": [0, -8192, 0], ""params"": [1.0, 1.0, 1.0, 1, 0, 0], ""unused_pointer"": 42509808}"
extermination-ep4/q814-bb-e,7,32,"{""base_type"": 902, ""set_flags"": 0, ""runtime_index"": 1266, ""file_offset"": 3976, ""floor_field"": 7, ""entity_id_field"": 17971, ""group"": 0, ""room"": 10, ""unknown_a3"": 0, ""position"": [117.1199951171875, 0.0, 267.2462158203125], ""angles"": [0, -8192, 0], ""params"": [1.0, 1.0, 1.0, 1, 0, 0], ""unused_pointer"": 42510928}"
extermination-ep4/q814-bb-e,7,48,"{""base_type"": 902, ""set_flags"": 0, ""runtime_index"": 1256, ""file_offset"": 5064, ""floor_field"": 7, ""entity_id_field"": 17990, ""group"": 0, ""room"": 10, ""unknown_a3"": 0, ""position"": [-186.9452362060547, 0.0, 532.6851196289062], ""angles"": [0, 0, 0], ""params"": [1.0, 1.0, 1.0, 0, 0, 0], ""unused_pointer"": 42515120}"
extermination-ep4/q814-bb-e,7,49,"{""base_type"": 902, ""set_flags"": 0, ""runtime_index"": 1257, ""file_offset"": 5132, ""floor_field"": 7, ""entity_id_field"": 17991, ""group"": 0, ""room"": 10, ""unknown_a3"": 0, ""position"": [-206.09689331054688, 0.0, 586.9183349609375], ""angles"": [0, 0, 0], ""params"": [1.0, 1.0, 1.0, 0, 0, 0], ""unused_pointer"": 42515344}"
extermination-ep4/q814-bb-e,7,50,"{""base_type"": 902, ""set_flags"": 0, ""runtime_index"": 1260, ""file_offset"": 5200, ""floor_field"": 7, ""entity_id_field"": 17992, ""group"": 0, ""room"": 10, ""unknown_a3"": 0, ""position"": [197.67999267578125, 0.0, 585.8499755859375], ""angles"": [0, 0, 0], ""params"": [1.0, 1.0, 1.0, 0, 0, 0], ""unused_pointer"": 42515568}"
extermination-ep4/q814-bb-e,7,52,"{""base_type"": 902, ""set_flags"": 0, ""runtime_index"": 1259, ""file_offset"": 5336, ""floor_field"": 7, ""entity_id_field"": 17994, ""group"": 0, ""room"": 10, ""unknown_a3"": 0, ""position"": [204.0500030517578, 0.0, 537.3300170898438], ""angles"": [0, 0, 0], ""params"": [1.0, 1.0, 1.0, 0, 0, 0], ""unused_pointer"": 42516032}"
extermination-ep4/q814-bb-e,7,53,"{""base_type"": 902, ""set_flags"": 0, ""runtime_index"": 1261, ""file_offset"": 5404, ""floor_field"": 7, ""entity_id_field"": 17995, ""group"": 0, ""room"": 10, ""unknown_a3"": 0, ""position"": [-533.7999877929688, 0.0, 204.0], ""angles"": [0, 0, 0], ""params"": [1.0, 1.0, 1.0, 0, 0, 0], ""unused_pointer"": 42516256}"
extermination-ep4/q814-bb-e,7,54,"{""base_type"": 902, ""set_flags"": 0, ""runtime_index"": 1262, ""file_offset"": 5472, ""floor_field"": 7, ""entity_id_field"": 17996, ""group"": 0, ""room"": 10, ""unknown_a3"": 0, ""position"": [-584.7999877929688, 0.0, 195.17999267578125], ""angles"": [0, 0, 0], ""params"": [1.0, 1.0, 1.0, 0, 0, 0], ""unused_pointer"": 42516480}"
extermination-ep4/q814-bb-e,7,56,"{""base_type"": 902, ""set_flags"": 0, ""runtime_index"": 1289, ""file_offset"": 5608, ""floor_field"": 7, ""entity_id_field"": 17998, ""group"": 0, ""room"": 10, ""unknown_a3"": 0, ""position"": [582.8238525390625, 0.0, -205.14999389648438], ""angles"": [0, 20480, 0], ""params"": [1.0, 1.0, 1.0, 0, 0, 0], ""unused_pointer"": 42516944}"
extermination-ep4/q814-bb-e,7,57,"{""base_type"": 902, ""set_flags"": 0, ""runtime_index"": 1290, ""file_offset"": 5676, ""floor_field"": 7, ""entity_id_field"": 17999, ""group"": 0, ""room"": 10, ""unknown_a3"": 0, ""position"": [181.5214385986328, 0.6479923725128174, 519.7994995117188], ""angles"": [0, -20480, 0], ""params"": [1.0, 1.0, 1.0, 2, 0, 0], ""unused_pointer"": 42517168}"
extermination-ep4/q814-bb-e,7,58,"{""base_type"": 902, ""set_flags"": 0, ""runtime_index"": 1291, ""file_offset"": 5744, ""floor_field"": 7, ""entity_id_field"": 18000, ""group"": 0, ""room"": 10, ""unknown_a3"": 0, ""position"": [-508.1399841308594, 0.0, 182.739990234375], ""angles"": [0, -49152, 0], ""params"": [1.0, 1.0, 1.0, 2, 0, 0], ""unused_pointer"": 42517392}"
extermination-ep4/q814-bb-e,7,69,"{""base_type"": 902, ""set_flags"": 0, ""runtime_index"": 1274, ""file_offset"": 6492, ""floor_field"": 7, ""entity_id_field"": 18011, ""group"": 0, ""room"": 10, ""unknown_a3"": 0, ""position"": [-227.34999084472656, 0.0, 102.44999694824219], ""angles"": [0, 0, 0], ""params"": [1.0, 1.0, 1.0, 2, 0, 0], ""unused_pointer"": 42525296}"
extermination-ep4/q814-bb-e,7,70,"{""base_type"": 902, ""set_flags"": 0, ""runtime_index"": 1269, ""file_offset"": 6560, ""floor_field"": 7, ""entity_id_field"": 18012, ""group"": 0, ""room"": 10, ""unknown_a3"": 0, ""position"": [-113.86314392089844, 0.0, 269.4065246582031], ""angles"": [0, 0, 0], ""params"": [1.0, 1.0, 1.0, 2, 0, 0], ""unused_pointer"": 42525520}"
extermination-ep4/q814-bb-e,7,101,"{""base_type"": 902, ""set_flags"": 0, ""runtime_index"": 1270, ""file_offset"": 8668, ""floor_field"": 7, ""entity_id_field"": 18043, ""group"": 0, ""room"": 10, ""unknown_a3"": 0, ""position"": [-110.2969970703125, 0.0, 251.98731994628906], ""angles"": [0, 0, 0], ""params"": [1.0, 1.0, 1.0, 2, 0, 0], ""unused_pointer"": 42542768}"
extermination-ep4/q814-bb-e,7,102,"{""base_type"": 902, ""set_flags"": 0, ""runtime_index"": 1283, ""file_offset"": 8736, ""floor_field"": 7, ""entity_id_field"": 18044, ""group"": 0, ""room"": 10, ""unknown_a3"": 0, ""position"": [16.619998931884766, 0.0, -393.6999816894531], ""angles"": [0, 32768, 0], ""params"": [1.0, 1.0, 1.0, 1, 0, 0], ""unused_pointer"": 42542992}"
extermination-ep4/q814-bb-e,7,103,"{""base_type"": 902, ""set_flags"": 0, ""runtime_index"": 1292, ""file_offset"": 8804, ""floor_field"": 7, ""entity_id_field"": 18045, ""group"": 0, ""room"": 10, ""unknown_a3"": 0, ""position"": [511.28997802734375, 0.6399999856948853, -213.6199951171875], ""angles"": [0, -49152, 0], ""params"": [1.0, 1.0, 1.0, 2, 0, 0], ""unused_pointer"": 42543216}"
extermination-ep4/q814-bb-e,7,105,"{""base_type"": 902, ""set_flags"": 0, ""runtime_index"": 1271, ""file_offset"": 8940, ""floor_field"": 7, ""entity_id_field"": 18047, ""group"": 0, ""room"": 10, ""unknown_a3"": 0, ""position"": [-115.55999755859375, 0.0, 233.5699920654297], ""angles"": [0, 0, 0], ""params"": [1.0, 1.0, 1.0, 2, 0, 0], ""unused_pointer"": 42543712}"
extermination-ep4/q814-bb-e,7,119,"{""base_type"": 902, ""set_flags"": 0, ""runtime_index"": 1272, ""file_offset"": 9892, ""floor_field"": 7, ""entity_id_field"": 18061, ""group"": 0, ""room"": 10, ""unknown_a3"": 0, ""position"": [-95.6500015258789, 0.0, 236.739990234375], ""angles"": [0, -20480, 0], ""params"": [1.0, 1.0, 1.0, 2, 0, 0], ""unused_pointer"": 42551552}"
extermination-ep4/q814-bb-e,7,120,"{""base_type"": 902, ""set_flags"": 0, ""runtime_index"": 1275, ""file_offset"": 9960, ""floor_field"": 7, ""entity_id_field"": 18062, ""group"": 0, ""room"": 10, ""unknown_a3"": 0, ""position"": [-214.5717010498047, 0.0, 110.1199951171875], ""angles"": [0, 0, 0], ""params"": [1.0, 1.0, 1.0, 2, 0, 0], ""unused_pointer"": 42551776}"
extermination-ep4/q814-bb-e,7,121,"{""base_type"": 902, ""set_flags"": 0, ""runtime_index"": 1276, ""file_offset"": 10028, ""floor_field"": 7, ""entity_id_field"": 18063, ""group"": 0, ""room"": 10, ""unknown_a3"": 0, ""position"": [-274.8299865722656, 0.0, 110.36000061035156], ""angles"": [0, 0, 0], ""params"": [1.0, 1.0, 1.0, 2, 0, 0], ""unused_pointer"": 42552000}"
extermination-ep4/q814-bb-e,7,143,"{""base_type"": 902, ""set_flags"": 0, ""runtime_index"": 1294, ""file_offset"": 11524, ""floor_field"": 7, ""entity_id_field"": 18253, ""group"": 0, ""room"": 21, ""unknown_a3"": 0, ""position"": [-84.88995361328125, 0.0, 305.6000061035156], ""angles"": [0, -32768, 0], ""params"": [1.0, 1.0, 1.0, 0, 0, 0], ""unused_pointer"": 28676672}"
extermination-ep4/q814-bb-e,7,144,"{""base_type"": 902, ""set_flags"": 0, ""runtime_index"": 1295, ""file_offset"": 11592, ""floor_field"": 7, ""entity_id_field"": 18254, ""group"": 0, ""room"": 21, ""unknown_a3"": 0, ""position"": [-73.8135986328125, 0.0, 260.92437744140625], ""angles"": [0, -32768, 0], ""params"": [1.0, 1.0, 1.0, 0, 0, 0], ""unused_pointer"": 28676896}"
extermination-ep4/q814-bb-e,7,145,"{""base_type"": 902, ""set_flags"": 0, ""runtime_index"": 1296, ""file_offset"": 11660, ""floor_field"": 7, ""entity_id_field"": 18255, ""group"": 0, ""room"": 21, ""unknown_a3"": 0, ""position"": [-100.63848876953125, 0.0, 246.27835083007812], ""angles"": [0, -32768, 0], ""params"": [1.0, 1.0, 1.0, 2, 0, 0], ""unused_pointer"": 28677120}"
extermination-ep4/q814-bb-e,7,146,"{""base_type"": 902, ""set_flags"": 0, ""runtime_index"": 1297, ""file_offset"": 11728, ""floor_field"": 7, ""entity_id_field"": 18256, ""group"": 0, ""room"": 21, ""unknown_a3"": 0, ""position"": [-58.89544677734375, 0.0, 325.16259765625], ""angles"": [0, -32768, 0], ""params"": [1.0, 1.0, 1.0, 2, 0, 0], ""unused_pointer"": 28677344}"
extermination-ep4/q814-bb-e,7,168,"{""base_type"": 902, ""set_flags"": 0, ""runtime_index"": 1298, ""file_offset"": 13224, ""floor_field"": 7, ""entity_id_field"": 18140, ""group"": 0, ""room"": 24, ""unknown_a3"": 0, ""position"": [-86.29998779296875, 0.0, -263.54815673828125], ""angles"": [0, -32768, 0], ""params"": [1.0, 1.0, 1.0, 0, 0, 0], ""unused_pointer"": 42506864}"
extermination-ep4/q814-bb-e,7,169,"{""base_type"": 902, ""set_flags"": 0, ""runtime_index"": 1299, ""file_offset"": 13292, ""floor_field"": 7, ""entity_id_field"": 18141, ""group"": 0, ""room"": 24, ""unknown_a3"": 0, ""position"": [-75.04998779296875, 0.0, -303.03997802734375], ""angles"": [0, -32768, 0], ""params"": [1.0, 1.0, 1.0, 0, 0, 0], ""unused_pointer"": 42507088}"
extermination-ep4/q814-bb-e,7,170,"{""base_type"": 902, ""set_flags"": 0, ""runtime_index"": 1300, ""file_offset"": 13360, ""floor_field"": 7, ""entity_id_field"": 18142, ""group"": 0, ""room"": 24, ""unknown_a3"": 0, ""position"": [-58.2099609375, 0.0, -237.0509033203125], ""angles"": [0, -32768, 0], ""params"": [1.0, 1.0, 1.0, 2, 0, 0], ""unused_pointer"": 42507312}"
extermination-ep4/q814-bb-e,7,177,"{""base_type"": 902, ""set_flags"": 0, ""runtime_index"": 1301, ""file_offset"": 13836, ""floor_field"": 7, ""entity_id_field"": 18149, ""group"": 0, ""room"": 24, ""unknown_a3"": 0, ""position"": [-100.96319580078125, 0.0, -327.7099609375], ""angles"": [0, -32768, 0], ""params"": [1.0, 1.0, 1.0, 2, 0, 0], ""unused_pointer"": 42512912}"
extermination-ep4/q814-bb-e,7,226,"{""base_type"": 902, ""set_flags"": 0, ""runtime_index"": 1308, ""file_offset"": 17168, ""floor_field"": 7, ""entity_id_field"": 17879, ""group"": 0, ""room"": 42, ""unknown_a3"": 0, ""position"": [-250.4600067138672, 0.0, -75.92999267578125], ""angles"": [0, -16384, 0], ""params"": [1.0, 1.0, 1.0, 0, 0, 0], ""unused_pointer"": 36935632}"
extermination-ep4/q814-bb-e,7,227,"{""base_type"": 902, ""set_flags"": 0, ""runtime_index"": 1309, ""file_offset"": 17236, ""floor_field"": 7, ""entity_id_field"": 17880, ""group"": 0, ""room"": 42, ""unknown_a3"": 0, ""position"": [-228.41000366210938, 0.0, -98.0457763671875], ""angles"": [0, -49152, 0], ""params"": [1.0, 1.0, 1.0, 2, 0, 0], ""unused_pointer"": 36935856}"
extermination-ep4/q814-bb-e,7,228,"{""base_type"": 902, ""set_flags"": 0, ""runtime_index"": 1311, ""file_offset"": 17304, ""floor_field"": 7, ""entity_id_field"": 17881, ""group"": 0, ""room"": 42, ""unknown_a3"": 0, ""position"": [-304.967529296875, 0.0, -85.746337890625], ""angles"": [0, -49152, 0], ""params"": [1.0, 1.0, 1.0, 0, 0, 0], ""unused_pointer"": 36936080}"
extermination-ep4/q814-bb-e,7,229,"{""base_type"": 902, ""set_flags"": 0, ""runtime_index"": 1303, ""file_offset"": 17372, ""floor_field"": 7, ""entity_id_field"": 17882, ""group"": 0, ""room"": 42, ""unknown_a3"": 0, ""position"": [253.96856689453125, 0.0, -81.29998779296875], ""angles"": [0, -16384, 0], ""params"": [1.0, 1.0, 1.0, 0, 0, 0], ""unused_pointer"": 36936304}"
extermination-ep4/q814-bb-e,7,230,"{""base_type"": 902, ""set_flags"": 0, ""runtime_index"": 1304, ""file_offset"": 17440, ""floor_field"": 7, ""entity_id_field"": 17883, ""group"": 0, ""room"": 42, ""unknown_a3"": 0, ""position"": [304.05804443359375, 0.0, -75.3599853515625], ""angles"": [0, -16384, 0], ""params"": [1.0, 1.0, 1.0, 0, 0, 0], ""unused_pointer"": 36936528}"
extermination-ep4/q814-bb-e,7,231,"{""base_type"": 902, ""set_flags"": 0, ""runtime_index"": 1305, ""file_offset"": 17508, ""floor_field"": 7, ""entity_id_field"": 17884, ""group"": 0, ""room"": 42, ""unknown_a3"": 0, ""position"": [323.5408935546875, 0.0, -98.7723388671875], ""angles"": [0, -28672, 0], ""params"": [1.0, 1.0, 1.0, 2, 0, 0], ""unused_pointer"": 36936752}"
extermination-ep4/q814-bb-e,7,240,"{""base_type"": 902, ""set_flags"": 0, ""runtime_index"": 1306, ""file_offset"": 18120, ""floor_field"": 7, ""entity_id_field"": 17894, ""group"": 0, ""room"": 42, ""unknown_a3"": 0, ""position"": [223.8499755859375, 0.0, -65.6099853515625], ""angles"": [0, -49152, 0], ""params"": [1.0, 1.0, 1.0, 2, 0, 0], ""unused_pointer"": 36942928}"
extermination-ep4/q814-bb-e,7,241,"{""base_type"": 902, ""set_flags"": 0, ""runtime_index"": 1312, ""file_offset"": 18188, ""floor_field"": 7, ""entity_id_field"": 17895, ""group"": 0, ""room"": 42, ""unknown_a3"": 0, ""position"": [-334.010009765625, 0.0, -63.29998779296875], ""angles"": [0, -49152, 0], ""params"": [1.0, 1.0, 1.0, 2, 0, 0], ""unused_pointer"": 36943152}"
extermination-ep4/q814-bb-j,7,14,"{""base_type"": 902, ""set_flags"": 0, ""runtime_index"": 1284, ""file_offset"": 2752, ""floor_field"": 7, ""entity_id_field"": 17953, ""group"": 0, ""room"": 10, ""unknown_a3"": 0, ""position"": [120.57999420166016, 0.0, -256.94000244140625], ""angles"": [0, 20480, 0], ""params"": [1.0, 1.0, 1.0, 0, 0, 0], ""unused_pointer"": 42482096}"
extermination-ep4/q814-bb-j,7,15,"{""base_type"": 902, ""set_flags"": 0, ""runtime_index"": 1285, ""file_offset"": 2820, ""floor_field"": 7, ""entity_id_field"": 17954, ""group"": 0, ""room"": 10, ""unknown_a3"": 0, ""position"": [97.36058044433594, 0.0, -236.06556701660156], ""angles"": [0, 20480, 0], ""params"": [1.0, 1.0, 1.0, 2, 0, 0], ""unused_pointer"": 42482368}"
extermination-ep4/q814-bb-j,7,16,"{""base_type"": 902, ""set_flags"": 0, ""runtime_index"": 1286, ""file_offset"": 2888, ""floor_field"": 7, ""entity_id_field"": 17955, ""group"": 0, ""room"": 10, ""unknown_a3"": 0, ""position"": [147.47999572753906, 0.0, -278.5567626953125], ""angles"": [0, 20480, 0], ""params"": [1.0, 1.0, 1.0, 2, 0, 0], ""unused_pointer"": 42506640}"
extermination-ep4/q814-bb-j,7,17,"{""base_type"": 902, ""set_flags"": 0, ""runtime_index"": 1287, ""file_offset"": 2956, ""floor_field"": 7, ""entity_id_field"": 17956, ""group"": 0, ""room"": 10, ""unknown_a3"": 0, ""position"": [383.3500061035156, 0.0, -260.7099914550781], ""angles"": [0, 20480, 0], ""params"": [1.0, 1.0, 1.0, 0, 0, 0], ""unused_pointer"": 42506864}"
extermination-ep4/q814-bb-j,7,18,"{""base_type"": 902, ""set_flags"": 0, ""runtime_index"": 1288, ""file_offset"": 3024, ""floor_field"": 7, ""entity_id_field"": 17957, ""group"": 0, ""room"": 10, ""unknown_a3"": 0, ""position"": [530.72998046875, 0.0, -193.00999450683594], ""angles"": [0, 20480, 0], ""params"": [1.0, 1.0, 1.0, 0, 0, 0], ""unused_pointer"": 42507088}"
extermination-ep4/q814-bb-j,7,19,"{""base_type"": 902, ""set_flags"": 0, ""runtime_index"": 1282, ""file_offset"": 3092, ""floor_field"": 7, ""entity_id_field"": 17958, ""group"": 0, ""room"": 10, ""unknown_a3"": 0, ""position"": [16.619998931884766, 0.0, -359.6999816894531], ""angles"": [0, 32768, 0], ""params"": [1.0, 1.0, 1.0, 1, 0, 0], ""unused_pointer"": 42507312}"
extermination-ep4/q814-bb-j,7,20,"{""base_type"": 902, ""set_flags"": 0, ""runtime_index"": 1279, ""file_offset"": 3160, ""floor_field"": 7, ""entity_id_field"": 17959, ""group"": 0, ""room"": 10, ""unknown_a3"": 0, ""position"": [-370.1999816894531, 0.0, -262.7900085449219], ""angles"": [0, -8192, 0], ""params"": [1.0, 1.0, 1.0, 0, 0, 0], ""unused_pointer"": 42507536}"
extermination-ep4/q814-bb-j,7,21,"{""base_type"": 902, ""set_flags"": 0, ""runtime_index"": 1280, ""file_offset"": 3228, ""floor_field"": 7, ""entity_id_field"": 17960, ""group"": 0, ""room"": 10, ""unknown_a3"": 0, ""position"": [-132.72000122070312, 0.0, -247.4099884033203], ""angles"": [0, 0, 0], ""params"": [1.0, 1.0, 1.0, 0, 0, 0], ""unused_pointer"": 42507760}"
extermination-ep4/q814-bb-j,7,22,"{""base_type"": 902, ""set_flags"": 0, ""runtime_index"": 1281, ""file_offset"": 3296, ""floor_field"": 7, ""entity_id_field"": 17961, ""group"": 0, ""room"": 10, ""unknown_a3"": 0, ""position"": [-104.73999786376953, 0.0, -253.38999938964844], ""angles"": [0, 32768, 0], ""params"": [1.0, 1.0, 1.0, 1, 0, 0], ""unused_pointer"": 42507984}"
extermination-ep4/q814-bb-j,7,23,"{""base_type"": 902, ""set_flags"": 0, ""runtime_index"": 1277, ""file_offset"": 3364, ""floor_field"": 7, ""entity_id_field"": 17962, ""group"": 0, ""room"": 10, ""unknown_a3"": 0, ""position"": [-256.19000244140625, 0.0, -135.66000366210938], ""angles"": [0, 0, 0], ""params"": [1.0, 1.0, 1.0, 0, 0, 0], ""unused_pointer"": 42508208}"
extermination-ep4/q814-bb-j,7,24,"{""base_type"": 902, ""set_flags"": 0, ""runtime_index"": 1278, ""file_offset"": 3432, ""floor_field"": 7, ""entity_id_field"": 17963, ""group"": 0, ""room"": 10, ""unknown_a3"": 0, ""position"": [-251.4499969482422, 0.0, -104.86000061035156], ""angles"": [0, 16384, 0], ""params"": [1.0, 1.0, 1.0, 1, 0, 0], ""unused_pointer"": 42508432}"
extermination-ep4/q814-bb-j,7,26,"{""base_type"": 902, ""set_flags"": 0, ""runtime_index"": 1263, ""file_offset"": 3568, ""floor_field"": 7, ""entity_id_field"": 17965, ""group"": 0, ""room"": 10, ""unknown_a3"": 0, ""position"": [371.5, 0.0, 261.29998779296875], ""angles"": [0, 0, 0], ""params"": [1.0, 1.0, 1.0, 0, 0, 0], ""unused_pointer"": 42508896}"
extermination-ep4/q814-bb-j,7,27,"{""base_type"": 902, ""set_flags"": 0, ""runtime_index"": 1267, ""file_offset"": 3636, ""floor_field"": 7, ""entity_id_field"": 17966, ""group"": 0, ""room"": 10, ""unknown_a3"": 0, ""position"": [-149.37998962402344, 0.0, 251.67173767089844], ""angles"": [0, 0, 0], ""params"": [1.0, 1.0, 1.0, 0, 0, 0], ""unused_pointer"": 42509120}"
extermination-ep4/q814-bb-j,7,28,"{""base_type"": 902, ""set_flags"": 0, ""runtime_index"": 1273, ""file_offset"": 3704, ""floor_field"": 7, ""entity_id_field"": 17967, ""group"": 0, ""room"": 10, ""unknown_a3"": 0, ""position"": [-246.52999877929688, 0.0, 136.05999755859375], ""angles"": [0, 0, 0], ""params"": [1.0, 1.0, 1.0, 0, 0, 0], ""unused_pointer"": 42509344}"
extermination-ep4/q814-bb-j,7,30,"{""base_type"": 902, ""set_flags"": 0, ""runtime_index"": 1264, ""file_offset"": 3840, ""floor_field"": 7, ""entity_id_field"": 17969, ""group"": 0, ""room"": 10, ""unknown_a3"": 0, ""position"": [156.22999572753906, 0.0, 266.52301025390625], ""angles"": [0, -8192, 0], ""params"": [1.0, 1.0, 1.0, 1, 0, 0], ""unused_pointer"": 42509808}"
extermination-ep4/q814-bb-j,7,32,"{""base_type"": 902, ""set_flags"": 0, ""runtime_index"": 1266, ""file_offset"": 3976, ""floor_field"": 7, ""entity_id_field"": 17971, ""group"": 0, ""room"": 10, ""unknown_a3"": 0, ""position"": [117.1199951171875, 0.0, 267.2462158203125], ""angles"": [0, -8192, 0], ""params"": [1.0, 1.0, 1.0, 1, 0, 0], ""unused_pointer"": 42510928}"
extermination-ep4/q814-bb-j,7,48,"{""base_type"": 902, ""set_flags"": 0, ""runtime_index"": 1256, ""file_offset"": 5064, ""floor_field"": 7, ""entity_id_field"": 17990, ""group"": 0, ""room"": 10, ""unknown_a3"": 0, ""position"": [-186.9452362060547, 0.0, 532.6851196289062], ""angles"": [0, 0, 0], ""params"": [1.0, 1.0, 1.0, 0, 0, 0], ""unused_pointer"": 42515120}"
extermination-ep4/q814-bb-j,7,49,"{""base_type"": 902, ""set_flags"": 0, ""runtime_index"": 1257, ""file_offset"": 5132, ""floor_field"": 7, ""entity_id_field"": 17991, ""group"": 0, ""room"": 10, ""unknown_a3"": 0, ""position"": [-206.09689331054688, 0.0, 586.9183349609375], ""angles"": [0, 0, 0], ""params"": [1.0, 1.0, 1.0, 0, 0, 0], ""unused_pointer"": 42515344}"
extermination-ep4/q814-bb-j,7,50,"{""base_type"": 902, ""set_flags"": 0, ""runtime_index"": 1260, ""file_offset"": 5200, ""floor_field"": 7, ""entity_id_field"": 17992, ""group"": 0, ""room"": 10, ""unknown_a3"": 0, ""position"": [197.67999267578125, 0.0, 585.8499755859375], ""angles"": [0, 0, 0], ""params"": [1.0, 1.0, 1.0, 0, 0, 0], ""unused_pointer"": 42515568}"
extermination-ep4/q814-bb-j,7,52,"{""base_type"": 902, ""set_flags"": 0, ""runtime_index"": 1259, ""file_offset"": 5336, ""floor_field"": 7, ""entity_id_field"": 17994, ""group"": 0, ""room"": 10, ""unknown_a3"": 0, ""position"": [204.0500030517578, 0.0, 537.3300170898438], ""angles"": [0, 0, 0], ""params"": [1.0, 1.0, 1.0, 0, 0, 0], ""unused_pointer"": 42516032}"
extermination-ep4/q814-bb-j,7,53,"{""base_type"": 902, ""set_flags"": 0, ""runtime_index"": 1261, ""file_offset"": 5404, ""floor_field"": 7, ""entity_id_field"": 17995, ""group"": 0, ""room"": 10, ""unknown_a3"": 0, ""position"": [-533.7999877929688, 0.0, 204.0], ""angles"": [0, 0, 0], ""params"": [1.0, 1.0, 1.0, 0, 0, 0], ""unused_pointer"": 42516256}"
extermination-ep4/q814-bb-j,7,54,"{""base_type"": 902, ""set_flags"": 0, ""runtime_index"": 1262, ""file_offset"": 5472, ""floor_field"": 7, ""entity_id_field"": 17996, ""group"": 0, ""room"": 10, ""unknown_a3"": 0, ""position"": [-584.7999877929688, 0.0, 195.17999267578125], ""angles"": [0, 0, 0], ""params"": [1.0, 1.0, 1.0, 0, 0, 0], ""unused_pointer"": 42516480}"
extermination-ep4/q814-bb-j,7,56,"{""base_type"": 902, ""set_flags"": 0, ""runtime_index"": 1289, ""file_offset"": 5608, ""floor_field"": 7, ""entity_id_field"": 17998, ""group"": 0, ""room"": 10, ""unknown_a3"": 0, ""position"": [582.8238525390625, 0.0, -205.14999389648438], ""angles"": [0, 20480, 0], ""params"": [1.0, 1.0, 1.0, 0, 0, 0], ""unused_pointer"": 42516944}"
extermination-ep4/q814-bb-j,7,57,"{""base_type"": 902, ""set_flags"": 0, ""runtime_index"": 1290, ""file_offset"": 5676, ""floor_field"": 7, ""entity_id_field"": 17999, ""group"": 0, ""room"": 10, ""unknown_a3"": 0, ""position"": [181.5214385986328, 0.6479923725128174, 519.7994995117188], ""angles"": [0, -20480, 0], ""params"": [1.0, 1.0, 1.0, 2, 0, 0], ""unused_pointer"": 42517168}"
extermination-ep4/q814-bb-j,7,58,"{""base_type"": 902, ""set_flags"": 0, ""runtime_index"": 1291, ""file_offset"": 5744, ""floor_field"": 7, ""entity_id_field"": 18000, ""group"": 0, ""room"": 10, ""unknown_a3"": 0, ""position"": [-508.1399841308594, 0.0, 182.739990234375], ""angles"": [0, -49152, 0], ""params"": [1.0, 1.0, 1.0, 2, 0, 0], ""unused_pointer"": 42517392}"
extermination-ep4/q814-bb-j,7,69,"{""base_type"": 902, ""set_flags"": 0, ""runtime_index"": 1274, ""file_offset"": 6492, ""floor_field"": 7, ""entity_id_field"": 18011, ""group"": 0, ""room"": 10, ""unknown_a3"": 0, ""position"": [-227.34999084472656, 0.0, 102.44999694824219], ""angles"": [0, 0, 0], ""params"": [1.0, 1.0, 1.0, 2, 0, 0], ""unused_pointer"": 42525296}"
extermination-ep4/q814-bb-j,7,70,"{""base_type"": 902, ""set_flags"": 0, ""runtime_index"": 1269, ""file_offset"": 6560, ""floor_field"": 7, ""entity_id_field"": 18012, ""group"": 0, ""room"": 10, ""unknown_a3"": 0, ""position"": [-113.86314392089844, 0.0, 269.4065246582031], ""angles"": [0, 0, 0], ""params"": [1.0, 1.0, 1.0, 2, 0, 0], ""unused_pointer"": 42525520}"
extermination-ep4/q814-bb-j,7,101,"{""base_type"": 902, ""set_flags"": 0, ""runtime_index"": 1270, ""file_offset"": 8668, ""floor_field"": 7, ""entity_id_field"": 18043, ""group"": 0, ""room"": 10, ""unknown_a3"": 0, ""position"": [-110.2969970703125, 0.0, 251.98731994628906], ""angles"": [0, 0, 0], ""params"": [1.0, 1.0, 1.0, 2, 0, 0], ""unused_pointer"": 42542768}"
extermination-ep4/q814-bb-j,7,102,"{""base_type"": 902, ""set_flags"": 0, ""runtime_index"": 1283, ""file_offset"": 8736, ""floor_field"": 7, ""entity_id_field"": 18044, ""group"": 0, ""room"": 10, ""unknown_a3"": 0, ""position"": [16.619998931884766, 0.0, -393.6999816894531], ""angles"": [0, 32768, 0], ""params"": [1.0, 1.0, 1.0, 1, 0, 0], ""unused_pointer"": 42542992}"
extermination-ep4/q814-bb-j,7,103,"{""base_type"": 902, ""set_flags"": 0, ""runtime_index"": 1292, ""file_offset"": 8804, ""floor_field"": 7, ""entity_id_field"": 18045, ""group"": 0, ""room"": 10, ""unknown_a3"": 0, ""position"": [511.28997802734375, 0.6399999856948853, -213.6199951171875], ""angles"": [0, -49152, 0], ""params"": [1.0, 1.0, 1.0, 2, 0, 0], ""unused_pointer"": 42543216}"
extermination-ep4/q814-bb-j,7,105,"{""base_type"": 902, ""set_flags"": 0, ""runtime_index"": 1271, ""file_offset"": 8940, ""floor_field"": 7, ""entity_id_field"": 18047, ""group"": 0, ""room"": 10, ""unknown_a3"": 0, ""position"": [-115.55999755859375, 0.0, 233.5699920654297], ""angles"": [0, 0, 0], ""params"": [1.0, 1.0, 1.0, 2, 0, 0], ""unused_pointer"": 42543712}"
extermination-ep4/q814-bb-j,7,119,"{""base_type"": 902, ""set_flags"": 0, ""runtime_index"": 1272, ""file_offset"": 9892, ""floor_field"": 7, ""entity_id_field"": 18061, ""group"": 0, ""room"": 10, ""unknown_a3"": 0, ""position"": [-95.6500015258789, 0.0, 236.739990234375], ""angles"": [0, -20480, 0], ""params"": [1.0, 1.0, 1.0, 2, 0, 0], ""unused_pointer"": 42551552}"
extermination-ep4/q814-bb-j,7,120,"{""base_type"": 902, ""set_flags"": 0, ""runtime_index"": 1275, ""file_offset"": 9960, ""floor_field"": 7, ""entity_id_field"": 18062, ""group"": 0, ""room"": 10, ""unknown_a3"": 0, ""position"": [-214.5717010498047, 0.0, 110.1199951171875], ""angles"": [0, 0, 0], ""params"": [1.0, 1.0, 1.0, 2, 0, 0], ""unused_pointer"": 42551776}"
extermination-ep4/q814-bb-j,7,121,"{""base_type"": 902, ""set_flags"": 0, ""runtime_index"": 1276, ""file_offset"": 10028, ""floor_field"": 7, ""entity_id_field"": 18063, ""group"": 0, ""room"": 10, ""unknown_a3"": 0, ""position"": [-274.8299865722656, 0.0, 110.36000061035156], ""angles"": [0, 0, 0], ""params"": [1.0, 1.0, 1.0, 2, 0, 0], ""unused_pointer"": 42552000}"
extermination-ep4/q814-bb-j,7,143,"{""base_type"": 902, ""set_flags"": 0, ""runtime_index"": 1294, ""file_offset"": 11524, ""floor_field"": 7, ""entity_id_field"": 18253, ""group"": 0, ""room"": 21, ""unknown_a3"": 0, ""position"": [-84.88995361328125, 0.0, 305.6000061035156], ""angles"": [0, -32768, 0], ""params"": [1.0, 1.0, 1.0, 0, 0, 0], ""unused_pointer"": 28676672}"
extermination-ep4/q814-bb-j,7,144,"{""base_type"": 902, ""set_flags"": 0, ""runtime_index"": 1295, ""file_offset"": 11592, ""floor_field"": 7, ""entity_id_field"": 18254, ""group"": 0, ""room"": 21, ""unknown_a3"": 0, ""position"": [-73.8135986328125, 0.0, 260.92437744140625], ""angles"": [0, -32768, 0], ""params"": [1.0, 1.0, 1.0, 0, 0, 0], ""unused_pointer"": 28676896}"
extermination-ep4/q814-bb-j,7,145,"{""base_type"": 902, ""set_flags"": 0, ""runtime_index"": 1296, ""file_offset"": 11660, ""floor_field"": 7, ""entity_id_field"": 18255, ""group"": 0, ""room"": 21, ""unknown_a3"": 0, ""position"": [-100.63848876953125, 0.0, 246.27835083007812], ""angles"": [0, -32768, 0], ""params"": [1.0, 1.0, 1.0, 2, 0, 0], ""unused_pointer"": 28677120}"
extermination-ep4/q814-bb-j,7,146,"{""base_type"": 902, ""set_flags"": 0, ""runtime_index"": 1297, ""file_offset"": 11728, ""floor_field"": 7, ""entity_id_field"": 18256, ""group"": 0, ""room"": 21, ""unknown_a3"": 0, ""position"": [-58.89544677734375, 0.0, 325.16259765625], ""angles"": [0, -32768, 0], ""params"": [1.0, 1.0, 1.0, 2, 0, 0], ""unused_pointer"": 28677344}"
extermination-ep4/q814-bb-j,7,168,"{""base_type"": 902, ""set_flags"": 0, ""runtime_index"": 1298, ""file_offset"": 13224, ""floor_field"": 7, ""entity_id_field"": 18140, ""group"": 0, ""room"": 24, ""unknown_a3"": 0, ""position"": [-86.29998779296875, 0.0, -263.54815673828125], ""angles"": [0, -32768, 0], ""params"": [1.0, 1.0, 1.0, 0, 0, 0], ""unused_pointer"": 42506864}"
extermination-ep4/q814-bb-j,7,169,"{""base_type"": 902, ""set_flags"": 0, ""runtime_index"": 1299, ""file_offset"": 13292, ""floor_field"": 7, ""entity_id_field"": 18141, ""group"": 0, ""room"": 24, ""unknown_a3"": 0, ""position"": [-75.04998779296875, 0.0, -303.03997802734375], ""angles"": [0, -32768, 0], ""params"": [1.0, 1.0, 1.0, 0, 0, 0], ""unused_pointer"": 42507088}"
extermination-ep4/q814-bb-j,7,170,"{""base_type"": 902, ""set_flags"": 0, ""runtime_index"": 1300, ""file_offset"": 13360, ""floor_field"": 7, ""entity_id_field"": 18142, ""group"": 0, ""room"": 24, ""unknown_a3"": 0, ""position"": [-58.2099609375, 0.0, -237.0509033203125], ""angles"": [0, -32768, 0], ""params"": [1.0, 1.0, 1.0, 2, 0, 0], ""unused_pointer"": 42507312}"
extermination-ep4/q814-bb-j,7,177,"{""base_type"": 902, ""set_flags"": 0, ""runtime_index"": 1301, ""file_offset"": 13836, ""floor_field"": 7, ""entity_id_field"": 18149, ""group"": 0, ""room"": 24, ""unknown_a3"": 0, ""position"": [-100.96319580078125, 0.0, -327.7099609375], ""angles"": [0, -32768, 0], ""params"": [1.0, 1.0, 1.0, 2, 0, 0], ""unused_pointer"": 42512912}"
extermination-ep4/q814-bb-j,7,226,"{""base_type"": 902, ""set_flags"": 0, ""runtime_index"": 1308, ""file_offset"": 17168, ""floor_field"": 7, ""entity_id_field"": 17879, ""group"": 0, ""room"": 42, ""unknown_a3"": 0, ""position"": [-250.4600067138672, 0.0, -75.92999267578125], ""angles"": [0, -16384, 0], ""params"": [1.0, 1.0, 1.0, 0, 0, 0], ""unused_pointer"": 36935632}"
extermination-ep4/q814-bb-j,7,227,"{""base_type"": 902, ""set_flags"": 0, ""runtime_index"": 1309, ""file_offset"": 17236, ""floor_field"": 7, ""entity_id_field"": 17880, ""group"": 0, ""room"": 42, ""unknown_a3"": 0, ""position"": [-228.41000366210938, 0.0, -98.0457763671875], ""angles"": [0, -49152, 0], ""params"": [1.0, 1.0, 1.0, 2, 0, 0], ""unused_pointer"": 36935856}"
extermination-ep4/q814-bb-j,7,228,"{""base_type"": 902, ""set_flags"": 0, ""runtime_index"": 1311, ""file_offset"": 17304, ""floor_field"": 7, ""entity_id_field"": 17881, ""group"": 0, ""room"": 42, ""unknown_a3"": 0, ""position"": [-304.967529296875, 0.0, -85.746337890625], ""angles"": [0, -49152, 0], ""params"": [1.0, 1.0, 1.0, 0, 0, 0], ""unused_pointer"": 36936080}"
extermination-ep4/q814-bb-j,7,229,"{""base_type"": 902, ""set_flags"": 0, ""runtime_index"": 1303, ""file_offset"": 17372, ""floor_field"": 7, ""entity_id_field"": 17882, ""group"": 0, ""room"": 42, ""unknown_a3"": 0, ""position"": [253.96856689453125, 0.0, -81.29998779296875], ""angles"": [0, -16384, 0], ""params"": [1.0, 1.0, 1.0, 0, 0, 0], ""unused_pointer"": 36936304}"
extermination-ep4/q814-bb-j,7,230,"{""base_type"": 902, ""set_flags"": 0, ""runtime_index"": 1304, ""file_offset"": 17440, ""floor_field"": 7, ""entity_id_field"": 17883, ""group"": 0, ""room"": 42, ""unknown_a3"": 0, ""position"": [304.05804443359375, 0.0, -75.3599853515625], ""angles"": [0, -16384, 0], ""params"": [1.0, 1.0, 1.0, 0, 0, 0], ""unused_pointer"": 36936528}"
extermination-ep4/q814-bb-j,7,231,"{""base_type"": 902, ""set_flags"": 0, ""runtime_index"": 1305, ""file_offset"": 17508, ""floor_field"": 7, ""entity_id_field"": 17884, ""group"": 0, ""room"": 42, ""unknown_a3"": 0, ""position"": [323.5408935546875, 0.0, -98.7723388671875], ""angles"": [0, -28672, 0], ""params"": [1.0, 1.0, 1.0, 2, 0, 0], ""unused_pointer"": 36936752}"
extermination-ep4/q814-bb-j,7,240,"{""base_type"": 902, ""set_flags"": 0, ""runtime_index"": 1306, ""file_offset"": 18120, ""floor_field"": 7, ""entity_id_field"": 17894, ""group"": 0, ""room"": 42, ""unknown_a3"": 0, ""position"": [223.8499755859375, 0.0, -65.6099853515625], ""angles"": [0, -49152, 0], ""params"": [1.0, 1.0, 1.0, 2, 0, 0], ""unused_pointer"": 36942928}"
extermination-ep4/q814-bb-j,7,241,"{""base_type"": 902, ""set_flags"": 0, ""runtime_index"": 1312, ""file_offset"": 18188, ""floor_field"": 7, ""entity_id_field"": 17895, ""group"": 0, ""room"": 42, ""unknown_a3"": 0, ""position"": [-334.010009765625, 0.0, -63.29998779296875], ""angles"": [0, -49152, 0], ""params"": [1.0, 1.0, 1.0, 2, 0, 0], ""unused_pointer"": 36943152}"
extermination-ep4/q815-bb-e,8,50,"{""base_type"": 902, ""set_flags"": 0, ""runtime_index"": 1480, ""file_offset"": 5200, ""floor_field"": 8, ""entity_id_field"": 17918, ""group"": 0, ""room"": 40, ""unknown_a3"": 0, ""position"": [-12.76153564453125, 1.0, -163.8426513671875], ""angles"": [0, 12288, 0], ""params"": [1.0, 1.0, 1.0, 0, 0, 0], ""unused_pointer"": 35535312}"
extermination-ep4/q815-bb-e,8,51,"{""base_type"": 902, ""set_flags"": 0, ""runtime_index"": 1481, ""file_offset"": 5268, ""floor_field"": 8, ""entity_id_field"": 17919, ""group"": 0, ""room"": 40, ""unknown_a3"": 0, ""position"": [-7.0079345703125, 1.0, -329.3480224609375], ""angles"": [0, 12288, 0], ""params"": [1.0, 1.0, 1.0, 0, 0, 0], ""unused_pointer"": 35535536}"
extermination-ep4/q815-bb-e,8,147,"{""base_type"": 902, ""set_flags"": 0, ""runtime_index"": 1522, ""file_offset"": 11796, ""floor_field"": 8, ""entity_id_field"": 18340, ""group"": 0, ""room"": 90, ""unknown_a3"": 0, ""position"": [2.461669921875, 0.0, 138.64193725585938], ""angles"": [0, 12288, 0], ""params"": [1.0, 1.0, 1.0, 0, 0, 0], ""unused_pointer"": 32609072}"
extermination-ep4/q815-bb-e,8,148,"{""base_type"": 902, ""set_flags"": 0, ""runtime_index"": 1523, ""file_offset"": 11864, ""floor_field"": 8, ""entity_id_field"": 18341, ""group"": 0, ""room"": 90, ""unknown_a3"": 0, ""position"": [-0.893310546875, 1.0, 259.60272216796875], ""angles"": [0, 12288, 0], ""params"": [1.0, 1.0, 1.0, 0, 0, 0], ""unused_pointer"": 32615648}"
extermination-ep4/q815-bb-j,8,50,"{""base_type"": 902, ""set_flags"": 0, ""runtime_index"": 1480, ""file_offset"": 5200, ""floor_field"": 8, ""entity_id_field"": 17918, ""group"": 0, ""room"": 40, ""unknown_a3"": 0, ""position"": [-12.76153564453125, 1.0, -163.8426513671875], ""angles"": [0, 12288, 0], ""params"": [1.0, 1.0, 1.0, 0, 0, 0], ""unused_pointer"": 35535312}"
extermination-ep4/q815-bb-j,8,51,"{""base_type"": 902, ""set_flags"": 0, ""runtime_index"": 1481, ""file_offset"": 5268, ""floor_field"": 8, ""entity_id_field"": 17919, ""group"": 0, ""room"": 40, ""unknown_a3"": 0, ""position"": [-7.0079345703125, 1.0, -329.3480224609375], ""angles"": [0, 12288, 0], ""params"": [1.0, 1.0, 1.0, 0, 0, 0], ""unused_pointer"": 35535536}"
extermination-ep4/q815-bb-j,8,147,"{""base_type"": 902, ""set_flags"": 0, ""runtime_index"": 1522, ""file_offset"": 11796, ""floor_field"": 8, ""entity_id_field"": 18340, ""group"": 0, ""room"": 90, ""unknown_a3"": 0, ""position"": [2.461669921875, 0.0, 138.64193725585938], ""angles"": [0, 12288, 0], ""params"": [1.0, 1.0, 1.0, 0, 0, 0], ""unused_pointer"": 32609072}"
extermination-ep4/q815-bb-j,8,148,"{""base_type"": 902, ""set_flags"": 0, ""runtime_index"": 1523, ""file_offset"": 11864, ""floor_field"": 8, ""entity_id_field"": 18341, ""group"": 0, ""room"": 90, ""unknown_a3"": 0, ""position"": [-0.893310546875, 1.0, 259.60272216796875], ""angles"": [0, 12288, 0], ""params"": [1.0, 1.0, 1.0, 0, 0, 0], ""unused_pointer"": 32615648}"
extermination-ep4/q816-bb-e,1,111,"{""base_type"": 902, ""set_flags"": 0, ""runtime_index"": 1549, ""file_offset"": 9348, ""floor_field"": 1, ""entity_id_field"": 17711, ""group"": 0, ""room"": 40, ""unknown_a3"": 0, ""position"": [579.8412475585938, 0.012238264083862305, 202.79541015625], ""angles"": [0, 0, 0], ""params"": [1.0, 1.0, 1.0, 2, 0, 0], ""unused_pointer"": 30840528}"
extermination-ep4/q816-bb-e,1,190,"{""base_type"": 902, ""set_flags"": 0, ""runtime_index"": 1544, ""file_offset"": 14720, ""floor_field"": 1, ""entity_id_field"": 17688, ""group"": 0, ""room"": 60, ""unknown_a3"": 0, ""position"": [-164.043212890625, -3.814697265625e-06, -76.2998046875], ""angles"": [0, 0, 0], ""params"": [1.0, 1.0, 1.0, 2, 0, 0], ""unused_pointer"": 30849152}"
extermination-ep4/q816-bb-j,1,111,"{""base_type"": 902, ""set_flags"": 0, ""runtime_index"": 1549, ""file_offset"": 9348, ""floor_field"": 1, ""entity_id_field"": 17711, ""group"": 0, ""room"": 40, ""unknown_a3"": 0, ""position"": [579.8412475585938, 0.012238264083862305, 202.79541015625], ""angles"": [0, 0, 0], ""params"": [1.0, 1.0, 1.0, 2, 0, 0], ""unused_pointer"": 30840528}"
extermination-ep4/q816-bb-j,1,190,"{""base_type"": 902, ""set_flags"": 0, ""runtime_index"": 1544, ""file_offset"": 14720, ""floor_field"": 1, ""entity_id_field"": 17688, ""group"": 0, ""room"": 60, ""unknown_a3"": 0, ""position"": [-164.043212890625, -3.814697265625e-06, -76.2998046875], ""angles"": [0, 0, 0], ""params"": [1.0, 1.0, 1.0, 2, 0, 0], ""unused_pointer"": 30849152}"
extermination-ep4/q818-bb-e,6,149,"{""base_type"": 902, ""set_flags"": 0, ""runtime_index"": 1252, ""file_offset"": 11932, ""floor_field"": 6, ""entity_id_field"": 17723, ""group"": 0, ""room"": 90, ""unknown_a3"": 0, ""position"": [-282.76220703125, 1.0, -40.754638671875], ""angles"": [0, -16384, 0], ""params"": [1.0, 1.0, 1.0, 0, 0, 0], ""unused_pointer"": 28743360}"
extermination-ep4/q818-bb-e,6,150,"{""base_type"": 902, ""set_flags"": 0, ""runtime_index"": 1253, ""file_offset"": 12000, ""floor_field"": 6, ""entity_id_field"": 17724, ""group"": 0, ""room"": 90, ""unknown_a3"": 0, ""position"": [-298.8587646484375, 1.0, -51.594970703125], ""angles"": [0, -16384, 0], ""params"": [1.0, 1.0, 1.0, 0, 0, 0], ""unused_pointer"": 28743584}"
extermination-ep4/q818-bb-e,6,151,"{""base_type"": 902, ""set_flags"": 0, ""runtime_index"": 1254, ""file_offset"": 12068, ""floor_field"": 6, ""entity_id_field"": 17725, ""group"": 0, ""room"": 90, ""unknown_a3"": 0, ""position"": [-272.5574951171875, 1.0, -55.4765625], ""angles"": [0, -24576, 0], ""params"": [1.0, 1.0, 1.0, 0, 0, 0], ""unused_pointer"": 28743808}"
extermination-ep4/q818-bb-e,6,152,"{""base_type"": 902, ""set_flags"": 0, ""runtime_index"": 1255, ""file_offset"": 12136, ""floor_field"": 6, ""entity_id_field"": 17726, ""group"": 0, ""room"": 90, ""unknown_a3"": 0, ""position"": [-296.708984375, 1.0, -83.808349609375], ""angles"": [0, -24576, 0], ""params"": [1.0, 1.0, 1.0, 0, 0, 0], ""unused_pointer"": 28744032}"
extermination-ep4/q818-bb-j,6,149,"{""base_type"": 902, ""set_flags"": 0, ""runtime_index"": 1252, ""file_offset"": 11932, ""floor_field"": 6, ""entity_id_field"": 17723, ""group"": 0, ""room"": 90, ""unknown_a3"": 0, ""position"": [-282.76220703125, 1.0, -40.754638671875], ""angles"": [0, -16384, 0], ""params"": [1.0, 1.0, 1.0, 0, 0, 0], ""unused_pointer"": 28743360}"
extermination-ep4/q818-bb-j,6,150,"{""base_type"": 902, ""set_flags"": 0, ""runtime_index"": 1253, ""file_offset"": 12000, ""floor_field"": 6, ""entity_id_field"": 17724, ""group"": 0, ""room"": 90, ""unknown_a3"": 0, ""position"": [-298.8587646484375, 1.0, -51.594970703125], ""angles"": [0, -16384, 0], ""params"": [1.0, 1.0, 1.0, 0, 0, 0], ""unused_pointer"": 28743584}"
extermination-ep4/q818-bb-j,6,151,"{""base_type"": 902, ""set_flags"": 0, ""runtime_index"": 1254, ""file_offset"": 12068, ""floor_field"": 6, ""entity_id_field"": 17725, ""group"": 0, ""room"": 90, ""unknown_a3"": 0, ""position"": [-272.5574951171875, 1.0, -55.4765625], ""angles"": [0, -24576, 0], ""params"": [1.0, 1.0, 1.0, 0, 0, 0], ""unused_pointer"": 28743808}"
extermination-ep4/q818-bb-j,6,152,"{""base_type"": 902, ""set_flags"": 0, ""runtime_index"": 1255, ""file_offset"": 12136, ""floor_field"": 6, ""entity_id_field"": 17726, ""group"": 0, ""room"": 90, ""unknown_a3"": 0, ""position"": [-296.708984375, 1.0, -83.808349609375], ""angles"": [0, -24576, 0], ""params"": [1.0, 1.0, 1.0, 0, 0, 0], ""unused_pointer"": 28744032}"
extermination-ep4/q820-bb-e,8,52,"{""base_type"": 902, ""set_flags"": 0, ""runtime_index"": 1483, ""file_offset"": 5336, ""floor_field"": 8, ""entity_id_field"": 17941, ""group"": 0, ""room"": 31, ""unknown_a3"": 0, ""position"": [-2.8284912109375, 4.172325134277344e-07, 168.583251953125], ""angles"": [0, 65536, 0], ""params"": [1.0, 1.0, 1.0, 0, 0, 0], ""unused_pointer"": 36891584}"
extermination-ep4/q820-bb-e,8,104,"{""base_type"": 902, ""set_flags"": 0, ""runtime_index"": 1547, ""file_offset"": 8872, ""floor_field"": 8, ""entity_id_field"": 18538, ""group"": 0, ""room"": 60, ""unknown_a3"": 0, ""position"": [188.3424072265625, 1.0, -43.75726318359375], ""angles"": [0, 0, 0], ""params"": [1.0, 1.0, 1.0, 0, 0, 0], ""unused_pointer"": 36899616}"
extermination-ep4/q820-bb-e,8,105,"{""base_type"": 902, ""set_flags"": 0, ""runtime_index"": 1548, ""file_offset"": 8940, ""floor_field"": 8, ""entity_id_field"": 18539, ""group"": 0, ""room"": 60, ""unknown_a3"": 0, ""position"": [332.4407958984375, 1.0, -36.617431640625], ""angles"": [0, 0, 0], ""params"": [1.0, 1.0, 1.0, 0, 0, 0], ""unused_pointer"": 36900944}"
extermination-ep4/q820-bb-e,8,133,"{""base_type"": 902, ""set_flags"": 0, ""runtime_index"": 1484, ""file_offset"": 10844, ""floor_field"": 8, ""entity_id_field"": 17963, ""group"": 0, ""room"": 80, ""unknown_a3"": 0, ""position"": [-308.788330078125, 0.0, 160.39938354492188], ""angles"": [0, 45056, 0], ""params"": [1.0, 1.0, 1.0, 0, 0, 0], ""unused_pointer"": 36082544}"
extermination-ep4/q820-bb-e,8,134,"{""base_type"": 902, ""set_flags"": 0, ""runtime_index"": 1630, ""file_offset"": 10912, ""floor_field"": 8, ""entity_id_field"": 17958, ""group"": 0, ""room"": 80, ""unknown_a3"": 0, ""position"": [-446.517333984375, 1.0, 160.97097778320312], ""angles"": [0, 57344, 0], ""params"": [1.0, 1.0, 1.0, 0, 0, 0], ""unused_pointer"": 36091712}"
extermination-ep4/q820-bb-e,8,139,"{""base_type"": 902, ""set_flags"": 0, ""runtime_index"": 1480, ""file_offset"": 11252, ""floor_field"": 8, ""entity_id_field"": 17931, ""group"": 0, ""room"": 90, ""unknown_a3"": 0, ""position"": [-0.62890625, 1.0, 168.0399932861328], ""angles"": [0, 8192, 0], ""params"": [1.0, 1.0, 1.0, 0, 0, 0], ""unused_pointer"": 36846032}"
extermination-ep4/q820-bb-e,8,140,"{""base_type"": 902, ""set_flags"": 0, ""runtime_index"": 1481, ""file_offset"": 11320, ""floor_field"": 8, ""entity_id_field"": 17932, ""group"": 0, ""room"": 90, ""unknown_a3"": 0, ""position"": [-6.73583984375, 1.0, 242.36317443847656], ""angles"": [0, 8192, 0], ""params"": [1.0, 1.0, 1.0, 0, 0, 0], ""unused_pointer"": 36846256}"
extermination-ep4/q820-bb-e,8,141,"{""base_type"": 902, ""set_flags"": 0, ""runtime_index"": 1482, ""file_offset"": 11388, ""floor_field"": 8, ""entity_id_field"": 17933, ""group"": 0, ""room"": 90, ""unknown_a3"": 0, ""position"": [-17.422119140625, 4.76837158203125e-07, 276.8656005859375], ""angles"": [0, 8192, 0], ""params"": [1.0, 1.0, 1.0, 1, 0, 0], ""unused_pointer"": 36868432}"
extermination-ep4/q820-bb-e,8,142,"{""base_type"": 902, ""set_flags"": 0, ""runtime_index"": 1483, ""file_offset"": 11456, ""floor_field"": 8, ""entity_id_field"": 17934, ""group"": 0, ""room"": 90, ""unknown_a3"": 0, ""position"": [16.422607421875, 0.0, 134.25315856933594], ""angles"": [0, 8192, 0], ""params"": [1.0, 1.0, 1.0, 2, 0, 0], ""unused_pointer"": 36868656}"
extermination-ep4/q820-bb-e,8,143,"{""base_type"": 902, ""set_flags"": 0, ""runtime_index"": 1484, ""file_offset"": 11524, ""floor_field"": 8, ""entity_id_field"": 17935, ""group"": 0, ""room"": 90, ""unknown_a3"": 0, ""position"": [-19.5972900390625, -0.268310546875, 112.03524780273438], ""angles"": [0, 8192, 0], ""params"": [1.0, 1.0, 1.0, 1, 0, 0], ""unused_pointer"": 36868880}"
extermination-ep4/q820-bb-e,8,154,"{""base_type"": 902, ""set_flags"": 0, ""runtime_index"": 1543, ""file_offset"": 12272, ""floor_field"": 8, ""entity_id_field"": 17894, ""group"": 0, ""room"": 110, ""unknown_a3"": 0, ""position"": [211.99757385253906, -35.84019088745117, -53.45556640625], ""angles"": [0, 0, 0], ""params"": [1.0, 1.0, 1.0, 2, 0, 0], ""unused_pointer"": 36845952}"
extermination-ep4/q820-bb-e,8,155,"{""base_type"": 902, ""set_flags"": 0, ""runtime_index"": 1533, ""file_offset"": 12340, ""floor_field"": 8, ""entity_id_field"": 17895, ""group"": 0, ""room"": 110, ""unknown_a3"": 0, ""position"": [151.1051483154297, -39.31285858154297, -144.5035400390625], ""angles"": [0, 0, 0], ""params"": [1.0, 1.0, 1.0, 1, 0, 0], ""unused_pointer"": 36846176}"
extermination-ep4/q820-bb-e,8,157,"{""base_type"": 902, ""set_flags"": 0, ""runtime_index"": 1537, ""file_offset"": 12476, ""floor_field"": 8, ""entity_id_field"": 17898, ""group"": 0, ""room"": 110, ""unknown_a3"": 0, ""position"": [212.2996368408203, -39.912208557128906, 110.43994140625], ""angles"": [0, 40960, 0], ""params"": [1.0, 1.0, 1.0, 0, 0, 0], ""unused_pointer"": 36870336}"
extermination-ep4/q820-bb-e,8,158,"{""base_type"": 902, ""set_flags"": 0, ""runtime_index"": 1527, ""file_offset"": 12544, ""floor_field"": 8, ""entity_id_field"": 17899, ""group"": 0, ""room"": 110, ""unknown_a3"": 0, ""position"": [262.9124755859375, -20.780120849609375, 105.35162353515625], ""angles"": [0, 86016, 0], ""params"": [1.0, 1.0, 1.0, 0, 0, 0], ""unused_pointer"": 36870560}"
extermination-ep4/q820-bb-e,8,159,"{""base_type"": 902, ""set_flags"": 0, ""runtime_index"": 1528, ""file_offset"": 12612, ""floor_field"": 8, ""entity_id_field"": 17900, ""group"": 0, ""room"": 110, ""unknown_a3"": 0, ""position"": [308.3245849609375, -2.1461081504821777, 123.9678955078125], ""angles"": [0, 94208, 0], ""params"": [1.0, 1.0, 1.0, 0, 0, 0], ""unused_pointer"": 36870784}"
extermination-ep4/q820-bb-e,8,160,"{""base_type"": 902, ""set_flags"": 0, ""runtime_index"": 1529, ""file_offset"": 12680, ""floor_field"": 8, ""entity_id_field"": 17901, ""group"": 0, ""room"": 110, ""unknown_a3"": 0, ""position"": [243.74119567871094, -27.61385154724121, -134.03912353515625], ""angles"": [0, 94208, 0], ""params"": [1.0, 1.0, 1.0, 0, 0, 0], ""unused_pointer"": 36871008}"
extermination-ep4/q820-bb-e,8,161,"{""base_type"": 902, ""set_flags"": 0, ""runtime_index"": 1530, ""file_offset"": 12748, ""floor_field"": 8, ""entity_id_field"": 17902, ""group"": 0, ""room"": 110, ""unknown_a3"": 0, ""position"": [280.7626953125, -6.822000503540039, -169.36785888671875], ""angles"": [0, 98304, 0], ""params"": [1.0, 1.0, 1.0, 0, 0, 0], ""unused_pointer"": 36871232}"
extermination-ep4/q820-bb-e,8,162,"{""base_type"": 902, ""set_flags"": 0, ""runtime_index"": 1531, ""file_offset"": 12816, ""floor_field"": 8, ""entity_id_field"": 17903, ""group"": 0, ""room"": 110, ""unknown_a3"": 0, ""position"": [315.17681884765625, 6.972444534301758, -183.7969970703125], ""angles"": [0, 98304, 0], ""params"": [1.0, 1.0, 1.0, 0, 0, 0], ""unused_pointer"": 36871456}"
extermination-ep4/q820-bb-e,8,163,"{""base_type"": 902, ""set_flags"": 0, ""runtime_index"": 1538, ""file_offset"": 12884, ""floor_field"": 8, ""entity_id_field"": 17904, ""group"": 0, ""room"": 110, ""unknown_a3"": 0, ""position"": [174.0639190673828, -39.85382843017578, 112.6285400390625], ""angles"": [0, 0, 0], ""params"": [1.0, 1.0, 1.0, 1, 0, 0], ""unused_pointer"": 36871680}"
extermination-ep4/q820-bb-e,8,166,"{""base_type"": 902, ""set_flags"": 0, ""runtime_index"": 1542, ""file_offset"": 13088, ""floor_field"": 8, ""entity_id_field"": 17909, ""group"": 0, ""room"": 110, ""unknown_a3"": 0, ""position"": [204.76588439941406, -37.68247604370117, -87.8623046875], ""angles"": [0, 0, 0], ""params"": [1.0, 1.0, 1.0, 0, 0, 0], ""unused_pointer"": 36872928}"
extermination-ep4/q820-bb-e,8,167,"{""base_type"": 902, ""set_flags"": 0, ""runtime_index"": 1544, ""file_offset"": 13156, ""floor_field"": 8, ""entity_id_field"": 17910, ""group"": 0, ""room"": 110, ""unknown_a3"": 0, ""position"": [221.46641540527344, -35.425132751464844, 83.4620361328125], ""angles"": [0, 20480, 0], ""params"": [1.0, 1.0, 1.0, 1, 0, 0], ""unused_pointer"": 36873152}"
extermination-ep4/q820-bb-j,8,52,"{""base_type"": 902, ""set_flags"": 0, ""runtime_index"": 1483, ""file_offset"": 5336, ""floor_field"": 8, ""entity_id_field"": 17941, ""group"": 0, ""room"": 31, ""unknown_a3"": 0, ""position"": [-2.8284912109375, 4.172325134277344e-07, 168.583251953125], ""angles"": [0, 65536, 0], ""params"": [1.0, 1.0, 1.0, 0, 0, 0], ""unused_pointer"": 36891584}"
extermination-ep4/q820-bb-j,8,104,"{""base_type"": 902, ""set_flags"": 0, ""runtime_index"": 1547, ""file_offset"": 8872, ""floor_field"": 8, ""entity_id_field"": 18538, ""group"": 0, ""room"": 60, ""unknown_a3"": 0, ""position"": [188.3424072265625, 1.0, -43.75726318359375], ""angles"": [0, 0, 0], ""params"": [1.0, 1.0, 1.0, 0, 0, 0], ""unused_pointer"": 36899616}"
extermination-ep4/q820-bb-j,8,105,"{""base_type"": 902, ""set_flags"": 0, ""runtime_index"": 1548, ""file_offset"": 8940, ""floor_field"": 8, ""entity_id_field"": 18539, ""group"": 0, ""room"": 60, ""unknown_a3"": 0, ""position"": [332.4407958984375, 1.0, -36.617431640625], ""angles"": [0, 0, 0], ""params"": [1.0, 1.0, 1.0, 0, 0, 0], ""unused_pointer"": 36900944}"
extermination-ep4/q820-bb-j,8,133,"{""base_type"": 902, ""set_flags"": 0, ""runtime_index"": 1484, ""file_offset"": 10844, ""floor_field"": 8, ""entity_id_field"": 17963, ""group"": 0, ""room"": 80, ""unknown_a3"": 0, ""position"": [-308.788330078125, 0.0, 160.39938354492188], ""angles"": [0, 45056, 0], ""params"": [1.0, 1.0, 1.0, 0, 0, 0], ""unused_pointer"": 36082544}"
extermination-ep4/q820-bb-j,8,134,"{""base_type"": 902, ""set_flags"": 0, ""runtime_index"": 1630, ""file_offset"": 10912, ""floor_field"": 8, ""entity_id_field"": 17958, ""group"": 0, ""room"": 80, ""unknown_a3"": 0, ""position"": [-446.517333984375, 1.0, 160.97097778320312], ""angles"": [0, 57344, 0], ""params"": [1.0, 1.0, 1.0, 0, 0, 0], ""unused_pointer"": 36091712}"
extermination-ep4/q820-bb-j,8,139,"{""base_type"": 902, ""set_flags"": 0, ""runtime_index"": 1480, ""file_offset"": 11252, ""floor_field"": 8, ""entity_id_field"": 17931, ""group"": 0, ""room"": 90, ""unknown_a3"": 0, ""position"": [-0.62890625, 1.0, 168.0399932861328], ""angles"": [0, 8192, 0], ""params"": [1.0, 1.0, 1.0, 0, 0, 0], ""unused_pointer"": 36846032}"
extermination-ep4/q820-bb-j,8,140,"{""base_type"": 902, ""set_flags"": 0, ""runtime_index"": 1481, ""file_offset"": 11320, ""floor_field"": 8, ""entity_id_field"": 17932, ""group"": 0, ""room"": 90, ""unknown_a3"": 0, ""position"": [-6.73583984375, 1.0, 242.36317443847656], ""angles"": [0, 8192, 0], ""params"": [1.0, 1.0, 1.0, 0, 0, 0], ""unused_pointer"": 36846256}"
extermination-ep4/q820-bb-j,8,141,"{""base_type"": 902, ""set_flags"": 0, ""runtime_index"": 1482, ""file_offset"": 11388, ""floor_field"": 8, ""entity_id_field"": 17933, ""group"": 0, ""room"": 90, ""unknown_a3"": 0, ""position"": [-17.422119140625, 4.76837158203125e-07, 276.8656005859375], ""angles"": [0, 8192, 0], ""params"": [1.0, 1.0, 1.0, 1, 0, 0], ""unused_pointer"": 36868432}"
extermination-ep4/q820-bb-j,8,142,"{""base_type"": 902, ""set_flags"": 0, ""runtime_index"": 1483, ""file_offset"": 11456, ""floor_field"": 8, ""entity_id_field"": 17934, ""group"": 0, ""room"": 90, ""unknown_a3"": 0, ""position"": [16.422607421875, 0.0, 134.25315856933594], ""angles"": [0, 8192, 0], ""params"": [1.0, 1.0, 1.0, 2, 0, 0], ""unused_pointer"": 36868656}"
extermination-ep4/q820-bb-j,8,143,"{""base_type"": 902, ""set_flags"": 0, ""runtime_index"": 1484, ""file_offset"": 11524, ""floor_field"": 8, ""entity_id_field"": 17935, ""group"": 0, ""room"": 90, ""unknown_a3"": 0, ""position"": [-19.5972900390625, -0.268310546875, 112.03524780273438], ""angles"": [0, 8192, 0], ""params"": [1.0, 1.0, 1.0, 1, 0, 0], ""unused_pointer"": 36868880}"
extermination-ep4/q820-bb-j,8,154,"{""base_type"": 902, ""set_flags"": 0, ""runtime_index"": 1543, ""file_offset"": 12272, ""floor_field"": 8, ""entity_id_field"": 17894, ""group"": 0, ""room"": 110, ""unknown_a3"": 0, ""position"": [211.99757385253906, -35.84019088745117, -53.45556640625], ""angles"": [0, 0, 0], ""params"": [1.0, 1.0, 1.0, 2, 0, 0], ""unused_pointer"": 36845952}"
extermination-ep4/q820-bb-j,8,155,"{""base_type"": 902, ""set_flags"": 0, ""runtime_index"": 1533, ""file_offset"": 12340, ""floor_field"": 8, ""entity_id_field"": 17895, ""group"": 0, ""room"": 110, ""unknown_a3"": 0, ""position"": [151.1051483154297, -39.31285858154297, -144.5035400390625], ""angles"": [0, 0, 0], ""params"": [1.0, 1.0, 1.0, 1, 0, 0], ""unused_pointer"": 36846176}"
extermination-ep4/q820-bb-j,8,157,"{""base_type"": 902, ""set_flags"": 0, ""runtime_index"": 1537, ""file_offset"": 12476, ""floor_field"": 8, ""entity_id_field"": 17898, ""group"": 0, ""room"": 110, ""unknown_a3"": 0, ""position"": [212.2996368408203, -39.912208557128906, 110.43994140625], ""angles"": [0, 40960, 0], ""params"": [1.0, 1.0, 1.0, 0, 0, 0], ""unused_pointer"": 36870336}"
extermination-ep4/q820-bb-j,8,158,"{""base_type"": 902, ""set_flags"": 0, ""runtime_index"": 1527, ""file_offset"": 12544, ""floor_field"": 8, ""entity_id_field"": 17899, ""group"": 0, ""room"": 110, ""unknown_a3"": 0, ""position"": [262.9124755859375, -20.780120849609375, 105.35162353515625], ""angles"": [0, 86016, 0], ""params"": [1.0, 1.0, 1.0, 0, 0, 0], ""unused_pointer"": 36870560}"
extermination-ep4/q820-bb-j,8,159,"{""base_type"": 902, ""set_flags"": 0, ""runtime_index"": 1528, ""file_offset"": 12612, ""floor_field"": 8, ""entity_id_field"": 17900, ""group"": 0, ""room"": 110, ""unknown_a3"": 0, ""position"": [308.3245849609375, -2.1461081504821777, 123.9678955078125], ""angles"": [0, 94208, 0], ""params"": [1.0, 1.0, 1.0, 0, 0, 0], ""unused_pointer"": 36870784}"
extermination-ep4/q820-bb-j,8,160,"{""base_type"": 902, ""set_flags"": 0, ""runtime_index"": 1529, ""file_offset"": 12680, ""floor_field"": 8, ""entity_id_field"": 17901, ""group"": 0, ""room"": 110, ""unknown_a3"": 0, ""position"": [243.74119567871094, -27.61385154724121, -134.03912353515625], ""angles"": [0, 94208, 0], ""params"": [1.0, 1.0, 1.0, 0, 0, 0], ""unused_pointer"": 36871008}"
extermination-ep4/q820-bb-j,8,161,"{""base_type"": 902, ""set_flags"": 0, ""runtime_index"": 1530, ""file_offset"": 12748, ""floor_field"": 8, ""entity_id_field"": 17902, ""group"": 0, ""room"": 110, ""unknown_a3"": 0, ""position"": [280.7626953125, -6.822000503540039, -169.36785888671875], ""angles"": [0, 98304, 0], ""params"": [1.0, 1.0, 1.0, 0, 0, 0], ""unused_pointer"": 36871232}"
extermination-ep4/q820-bb-j,8,162,"{""base_type"": 902, ""set_flags"": 0, ""runtime_index"": 1531, ""file_offset"": 12816, ""floor_field"": 8, ""entity_id_field"": 17903, ""group"": 0, ""room"": 110, ""unknown_a3"": 0, ""position"": [315.17681884765625, 6.972444534301758, -183.7969970703125], ""angles"": [0, 98304, 0], ""params"": [1.0, 1.0, 1.0, 0, 0, 0], ""unused_pointer"": 36871456}"
extermination-ep4/q820-bb-j,8,163,"{""base_type"": 902, ""set_flags"": 0, ""runtime_index"": 1538, ""file_offset"": 12884, ""floor_field"": 8, ""entity_id_field"": 17904, ""group"": 0, ""room"": 110, ""unknown_a3"": 0, ""position"": [174.0639190673828, -39.85382843017578, 112.6285400390625], ""angles"": [0, 0, 0], ""params"": [1.0, 1.0, 1.0, 1, 0, 0], ""unused_pointer"": 36871680}"
extermination-ep4/q820-bb-j,8,166,"{""base_type"": 902, ""set_flags"": 0, ""runtime_index"": 1542, ""file_offset"": 13088, ""floor_field"": 8, ""entity_id_field"": 17909, ""group"": 0, ""room"": 110, ""unknown_a3"": 0, ""position"": [204.76588439941406, -37.68247604370117, -87.8623046875], ""angles"": [0, 0, 0], ""params"": [1.0, 1.0, 1.0, 0, 0, 0], ""unused_pointer"": 36872928}"
extermination-ep4/q820-bb-j,8,167,"{""base_type"": 902, ""set_flags"": 0, ""runtime_index"": 1544, ""file_offset"": 13156, ""floor_field"": 8, ""entity_id_field"": 17910, ""group"": 0, ""room"": 110, ""unknown_a3"": 0, ""position"": [221.46641540527344, -35.425132751464844, 83.4620361328125], ""angles"": [0, 20480, 0], ""params"": [1.0, 1.0, 1.0, 1, 0, 0], ""unused_pointer"": 36873152}"
government-ep4/q702-bb-e,2,5,"{""base_type"": 902, ""set_flags"": 0, ""runtime_index"": 478, ""file_offset"": 2208, ""floor_field"": 1, ""entity_id_field"": 17770, ""group"": 0, ""room"": 10, ""unknown_a3"": 0, ""position"": [180.4210205078125, 5.980954170227051, -286.69818115234375], ""angles"": [0, 0, 0], ""params"": [1.0, 1.0, 1.0, 0, 0, 0], ""unused_pointer"": 73506272}"
government-ep4/q702-bb-e,2,6,"{""base_type"": 902, ""set_flags"": 0, ""runtime_index"": 479, ""file_offset"": 2276, ""floor_field"": 1, ""entity_id_field"": 17771, ""group"": 0, ""room"": 10, ""unknown_a3"": 0, ""position"": [209.4172821044922, 10.890233993530273, -220.97955322265625], ""angles"": [0, 20480, 0], ""params"": [1.0, 1.0, 1.0, 0, 0, 0], ""unused_pointer"": 73506496}"
government-ep4/q702-bb-e,2,7,"{""base_type"": 902, ""set_flags"": 0, ""runtime_index"": 480, ""file_offset"": 2344, ""floor_field"": 1, ""entity_id_field"": 17772, ""group"": 0, ""room"": 10, ""unknown_a3"": 0, ""position"": [208.0603790283203, 6.676039695739746, -256.61505126953125], ""angles"": [0, 45056, 0], ""params"": [1.0, 1.0, 1.0, 0, 0, 0], ""unused_pointer"": 73506720}"
government-ep4/q702-bb-e,2,46,"{""base_type"": 902, ""set_flags"": 0, ""runtime_index"": 1674, ""file_offset"": 4996, ""floor_field"": 2, ""entity_id_field"": 17881, ""group"": 0, ""room"": 20, ""unknown_a3"": 0, ""position"": [123.565673828125, 23.209999084472656, 160.56524658203125], ""angles"": [0, 32768, 0], ""params"": [1.0, 1.0, 1.0, 1, 0, 0], ""unused_pointer"": 73480432}"
government-ep4/q702-bb-e,2,51,"{""base_type"": 902, ""set_flags"": 0, ""runtime_index"": 1781, ""file_offset"": 5336, ""floor_field"": 2, ""entity_id_field"": 17886, ""group"": 0, ""room"": 20, ""unknown_a3"": 0, ""position"": [545.09765625, 7.0, 253.2362060546875], ""angles"": [0, 20480, 0], ""params"": [1.0, 1.0, 1.0, 0, 0, 0], ""unused_pointer"": 73480880}"
government-ep4/q702-bb-e,2,52,"{""base_type"": 902, ""set_flags"": 0, ""runtime_index"": 1782, ""file_offset"": 5404, ""floor_field"": 2, ""entity_id_field"": 17887, ""group"": 0, ""room"": 20, ""unknown_a3"": 0, ""position"": [524.055908203125, 7.0, 287.8494873046875], ""angles"": [0, 40960, 0], ""params"": [1.0, 1.0, 1.0, 0, 0, 0], ""unused_pointer"": 73508272}"
government-ep4/q702-bb-e,2,53,"{""base_type"": 902, ""set_flags"": 0, ""runtime_index"": 1669, ""file_offset"": 5472, ""floor_field"": 2, ""entity_id_field"": 17888, ""group"": 0, ""room"": 20, ""unknown_a3"": 0, ""position"": [-261.840576171875, -7.220956325531006, -174.62510681152344], ""angles"": [0, 20480, 0], ""params"": [1.0, 1.0, 1.0, 0, 0, 0], ""unused_pointer"": 73508496}"
government-ep4/q702-bb-e,2,54,"{""base_type"": 902, ""set_flags"": 0, ""runtime_index"": 1668, ""file_offset"": 5540, ""floor_field"": 2, ""entity_id_field"": 17889, ""group"": 0, ""room"": 20, ""unknown_a3"": 0, ""position"": [-294.877197265625, -8.019999504089355, -157.18399047851562], ""angles"": [0, 53248, 0], ""params"": [1.0, 1.0, 1.0, 1, 0, 0], ""unused_pointer"": 73508720}"
government-ep4/q702-bb-e,2,55,"{""base_type"": 902, ""set_flags"": 0, ""runtime_index"": 1670, ""file_offset"": 5608, ""floor_field"": 2, ""entity_id_field"": 17890, ""group"": 0, ""room"": 20, ""unknown_a3"": 0, ""position"": [-224.462158203125, -7.539999961853027, -193.13397216796875], ""angles"": [0, 16384, 0], ""params"": [1.0, 1.0, 1.0, 0, 0, 0], ""unused_pointer"": 73508944}"
government-ep4/q702-bb-e,2,56,"{""base_type"": 902, ""set_flags"": 0, ""runtime_index"": 1671, ""file_offset"": 5676, ""floor_field"": 2, ""entity_id_field"": 17891, ""group"": 0, ""room"": 20, ""unknown_a3"": 0, ""position"": [-188.9560546875, -6.996879577636719, -211.35130310058594], ""angles"": [0, 49152, 0], ""params"": [1.0, 1.0, 1.0, 0, 0, 0], ""unused_pointer"": 73509168}"
government-ep4/q702-bb-e,2,57,"{""base_type"": 902, ""set_flags"": 0, ""runtime_index"": 1787, ""file_offset"": 5744, ""floor_field"": 2, ""entity_id_field"": 17892, ""group"": 0, ""room"": 20, ""unknown_a3"": 0, ""position"": [-234.22216796875, -7.887251853942871, -419.5185852050781], ""angles"": [0, 0, 0], ""params"": [1.0, 1.0, 1.0, 2, 0, 0], ""unused_pointer"": 73509392}"
government-ep4/q702-bb-e,2,58,"{""base_type"": 902, ""set_flags"": 0, ""runtime_index"": 1673, ""file_offset"": 5812, ""floor_field"": 2, ""entity_id_field"": 17893, ""group"": 0, ""room"": 20, ""unknown_a3"": 0, ""position"": [115.096435546875, 23.209999084472656, 198.83599853515625], ""angles"": [0, 61440, 0], ""params"": [1.0, 1.0, 1.0, 1, 0, 0], ""unused_pointer"": 73509616}"
government-ep4/q702-bb-e,2,59,"{""base_type"": 902, ""set_flags"": 0, ""runtime_index"": 1672, ""file_offset"": 5880, ""floor_field"": 2, ""entity_id_field"": 17894, ""group"": 0, ""room"": 20, ""unknown_a3"": 0, ""position"": [-144.17724609375, -5.144825458526611, -214.83880615234375], ""angles"": [0, 12288, 0], ""params"": [1.0, 1.0, 1.0, 1, 0, 0], ""unused_pointer"": 73509840}"
government-ep4/q702-bb-e,2,60,"{""base_type"": 902, ""set_flags"": 0, ""runtime_index"": 1675, ""file_offset"": 5948, ""floor_field"": 2, ""entity_id_field"": 17895, ""group"": 0, ""room"": 20, ""unknown_a3"": 0, ""position"": [104.052001953125, 23.209999084472656, 47.239471435546875], ""angles"": [0, 32768, 0], ""params"": [1.0, 1.0, 1.0, 2, 0, 0], ""unused_pointer"": 73510064}"
government-ep4/q702-bb-e,2,62,"{""base_type"": 902, ""set_flags"": 0, ""runtime_index"": 1676, ""file_offset"": 6084, ""floor_field"": 2, ""entity_id_field"": 17897, ""group"": 0, ""room"": 20, ""unknown_a3"": 0, ""position"": [103.0615234375, 23.209999084472656, 63.037628173828125], ""angles"": [0, 49152, 0], ""params"": [1.0, 1.0, 1.0, 2, 0, 0], ""unused_pointer"": 73510528}"
government-ep4/q702-bb-e,2,63,"{""base_type"": 902, ""set_flags"": 0, ""runtime_index"": 1678, ""file_offset"": 6152, ""floor_field"": 2, ""entity_id_field"": 17898, ""group"": 0, ""room"": 20, ""unknown_a3"": 0, ""position"": [108.12158203125, 23.209999084472656, 79.11611938476562], ""angles"": [0, 16384, 0], ""params"": [1.0, 1.0, 1.0, 2, 0, 0], ""unused_pointer"": 73510752}"
government-ep4/q702-bb-e,2,64,"{""base_type"": 902, ""set_flags"": 0, ""runtime_index"": 1679, ""file_offset"": 6220, ""floor_field"": 2, ""entity_id_field"": 17899, ""group"": 0, ""room"": 20, ""unknown_a3"": 0, ""position"": [116.118896484375, 23.209999084472656, 134.73614501953125], ""angles"": [0, 32768, 0], ""params"": [1.0, 1.0, 1.0, 2, 0, 0], ""unused_pointer"": 73510976}"
government-ep4/q702-bb-e,2,65,"{""base_type"": 902, ""set_flags"": 0, ""runtime_index"": 1680, ""file_offset"": 6288, ""floor_field"": 2, ""entity_id_field"": 17900, ""group"": 0, ""room"": 20, ""unknown_a3"": 0, ""position"": [128.42236328125, 23.209999084472656, 111.311279296875], ""angles"": [0, 32768, 0], ""params"": [1.0, 1.0, 1.0, 1, 0, 0], ""unused_pointer"": 73511200}"
government-ep4/q702-bb-e,2,66,"{""base_type"": 902, ""set_flags"": 0, ""runtime_index"": 1681, ""file_offset"": 6356, ""floor_field"": 2, ""entity_id_field"": 17901, ""group"": 0, ""room"": 20, ""unknown_a3"": 0, ""position"": [108.81201171875, 23.209999084472656, 96.44290161132812], ""angles"": [0, 4096, 0], ""params"": [1.0, 1.0, 1.0, 2, 0, 0], ""unused_pointer"": 73511424}"
government-ep4/q702-bb-e,2,83,"{""base_type"": 902, ""set_flags"": 0, ""runtime_index"": 465, ""file_offset"": 7512, ""floor_field"": 1, ""entity_id_field"": 17924, ""group"": 0, ""room"": 30, ""unknown_a3"": 0, ""position"": [-414.01171875, 0.08400967717170715, 426.19195556640625], ""angles"": [0, 32768, 0], ""params"": [1.0, 1.0, 1.0, 0, 0, 0], ""unused_pointer"": 73480432}"
government-ep4/q702-bb-e,2,84,"{""base_type"": 902, ""set_flags"": 0, ""runtime_index"": 466, ""file_offset"": 7580, ""floor_field"": 1, ""entity_id_field"": 17925, ""group"": 0, ""room"": 30, ""unknown_a3"": 0, ""position"": [-421.7216796875, 0.07999999821186066, 380.0059814453125], ""angles"": [0, 8192, 0], ""params"": [1.0, 1.0, 1.0, 0, 0, 0], ""unused_pointer"": 73480656}"
government-ep4/q702-bb-e,2,85,"{""base_type"": 902, ""set_flags"": 0, ""runtime_index"": 467, ""file_offset"": 7648, ""floor_field"": 1, ""entity_id_field"": 17926, ""group"": 0, ""room"": 30, ""unknown_a3"": 0, ""position"": [-406.35107421875, 0.07999999821186066, 346.7958984375], ""angles"": [0, 24576, 0], ""params"": [1.0, 1.0, 1.0, 0, 0, 0], ""unused_pointer"": 73480880}"
government-ep4/q702-bb-e,2,101,"{""base_type"": 902, ""set_flags"": 0, ""runtime_index"": 1600, ""file_offset"": 8736, ""floor_field"": 2, ""entity_id_field"": 17943, ""group"": 0, ""room"": 30, ""unknown_a3"": 0, ""position"": [150.24609375, 0.0, -400.5740051269531], ""angles"": [0, 49152, 0], ""params"": [1.0, 1.0, 1.0, 1, 0, 0], ""unused_pointer"": 73515264}"
government-ep4/q702-bb-e,2,102,"{""base_type"": 902, ""set_flags"": 0, ""runtime_index"": 1377, ""file_offset"": 8804, ""floor_field"": 2, ""entity_id_field"": 17944, ""group"": 0, ""room"": 30, ""unknown_a3"": 0, ""position"": [194.5185546875, 0.0, -462.6405944824219], ""angles"": [0, 0, 0], ""params"": [1.0, 1.0, 1.0, 1, 0, 0], ""unused_pointer"": 73515488}"
government-ep4/q702-bb-e,2,103,"{""base_type"": 902, ""set_flags"": 0, ""runtime_index"": 1380, ""file_offset"": 8872, ""floor_field"": 2, ""entity_id_field"": 17945, ""group"": 0, ""room"": 30, ""unknown_a3"": 0, ""position"": [269.916015625, 0.0, -493.1554260253906], ""angles"": [0, 0, 0], ""params"": [1.0, 1.0, 1.0, 2, 0, 0], ""unused_pointer"": 73515712}"
government-ep4/q702-bb-e,2,104,"{""base_type"": 902, ""set_flags"": 0, ""runtime_index"": 1379, ""file_offset"": 8940, ""floor_field"": 2, ""entity_id_field"": 17946, ""group"": 0, ""room"": 30, ""unknown_a3"": 0, ""position"": [307.5146484375, 0.0, -390.51300048828125], ""angles"": [0, 0, 0], ""params"": [1.0, 1.0, 1.0, 2, 0, 0], ""unused_pointer"": 73515936}"
government-ep4/q702-bb-e,2,106,"{""base_type"": 902, ""set_flags"": 0, ""runtime_index"": 1585, ""file_offset"": 9076, ""floor_field"": 2, ""entity_id_field"": 17948, ""group"": 0, ""room"": 30, ""unknown_a3"": 0, ""position"": [-249.5517578125, 1.474492073059082, 183.0159912109375], ""angles"": [0, 36864, 0], ""params"": [1.0, 1.0, 1.0, 1, 0, 0], ""unused_pointer"": 73516432}"
government-ep4/q702-bb-e,2,107,"{""base_type"": 902, ""set_flags"": 0, ""runtime_index"": 1592, ""file_offset"": 9144, ""floor_field"": 2, ""entity_id_field"": 17949, ""group"": 0, ""room"": 30, ""unknown_a3"": 0, ""position"": [238.068359375, 0.0, -174.114013671875], ""angles"": [0, 49152, 0], ""params"": [1.0, 1.0, 1.0, 1, 0, 0], ""unused_pointer"": 73516656}"
government-ep4/q702-bb-e,2,108,"{""base_type"": 902, ""set_flags"": 0, ""runtime_index"": 1358, ""file_offset"": 9212, ""floor_field"": 2, ""entity_id_field"": 17950, ""group"": 0, ""room"": 30, ""unknown_a3"": 0, ""position"": [-194.4619140625, 9.685754776000977e-08, 43.81512451171875], ""angles"": [0, 53248, 0], ""params"": [1.0, 1.0, 1.0, 1, 0, 0], ""unused_pointer"": 73516880}"
government-ep4/q702-bb-e,2,123,"{""base_type"": 902, ""set_flags"": 0, ""runtime_index"": 1581, ""file_offset"": 10232, ""floor_field"": 2, ""entity_id_field"": 17965, ""group"": 0, ""room"": 30, ""unknown_a3"": 0, ""position"": [-254.6328125, 0.0, 326.01934814453125], ""angles"": [0, 36864, 0], ""params"": [1.0, 1.0, 1.0, 0, 0, 0], ""unused_pointer"": 73531696}"
government-ep4/q702-bb-e,2,136,"{""base_type"": 902, ""set_flags"": 0, ""runtime_index"": 1624, ""file_offset"": 11116, ""floor_field"": 2, ""entity_id_field"": 17732, ""group"": 0, ""room"": 40, ""unknown_a3"": 0, ""position"": [587.132080078125, 0.0, -331.11798095703125], ""angles"": [0, 8192, 0], ""params"": [1.0, 1.0, 1.0, 0, 0, 0], ""unused_pointer"": 73506624}"
government-ep4/q702-bb-e,2,137,"{""base_type"": 902, ""set_flags"": 0, ""runtime_index"": 1629, ""file_offset"": 11184, ""floor_field"": 2, ""entity_id_field"": 17733, ""group"": 0, ""room"": 40, ""unknown_a3"": 0, ""position"": [604.054931640625, 0.5, -292.42364501953125], ""angles"": [0, 36864, 0], ""params"": [1.0, 1.0, 1.0, 0, 0, 0], ""unused_pointer"": 73506848}"
government-ep4/q702-bb-e,2,138,"{""base_type"": 902, ""set_flags"": 0, ""runtime_index"": 1628, ""file_offset"": 11252, ""floor_field"": 2, ""entity_id_field"": 17734, ""group"": 0, ""room"": 40, ""unknown_a3"": 0, ""position"": [613.0550537109375, 1.9073486328125e-06, -253.87171936035156], ""angles"": [0, 32768, 0], ""params"": [1.0, 1.0, 1.0, 0, 0, 0], ""unused_pointer"": 73507072}"
government-ep4/q702-bb-e,2,154,"{""base_type"": 902, ""set_flags"": 0, ""runtime_index"": 1652, ""file_offset"": 12340, ""floor_field"": 2, ""entity_id_field"": 17750, ""group"": 0, ""room"": 40, ""unknown_a3"": 0, ""position"": [-188.67620849609375, 8.731149137020111e-11, -124.46862030029297], ""angles"": [0, 0, 0], ""params"": [1.0, 1.0, 1.0, 0, 0, 0], ""unused_pointer"": 73517616}"
government-ep4/q702-bb-e,2,168,"{""base_type"": 902, ""set_flags"": 0, ""runtime_index"": 1654, ""file_offset"": 13292, ""floor_field"": 2, ""entity_id_field"": 17818, ""group"": 0, ""room"": 50, ""unknown_a3"": 0, ""position"": [645.993896484375, 0.0, -507.40087890625], ""angles"": [0, 0, 0], ""params"": [1.0, 1.0, 1.0, 0, 0, 0], ""unused_pointer"": 73480432}"
government-ep4/q702-bb-e,2,169,"{""base_type"": 902, ""set_flags"": 0, ""runtime_index"": 392, ""file_offset"": 13360, ""floor_field"": 1, ""entity_id_field"": 17819, ""group"": 0, ""room"": 50, ""unknown_a3"": 0, ""position"": [618.395751953125, 0.0, -480.619384765625], ""angles"": [0, 8192, 0], ""params"": [1.0, 1.0, 1.0, 0, 0, 0], ""unused_pointer"": 73480656}"
government-ep4/q702-bb-e,2,170,"{""base_type"": 902, ""set_flags"": 0, ""runtime_index"": 393, ""file_offset"": 13428, ""floor_field"": 1, ""entity_id_field"": 17820, ""group"": 0, ""room"": 50, ""unknown_a3"": 0, ""position"": [614.5556640625, 0.0, -449.319091796875], ""angles"": [0, 24576, 0], ""params"": [1.0, 1.0, 1.0, 0, 0, 0], ""unused_pointer"": 73480880}"
government-ep4/q702-bb-e,2,171,"{""base_type"": 902, ""set_flags"": 0, ""runtime_index"": 394, ""file_offset"": 13496, ""floor_field"": 1, ""entity_id_field"": 17821, ""group"": 0, ""room"": 50, ""unknown_a3"": 0, ""position"": [629.6044921875, 0.0, -400.637451171875], ""angles"": [0, 24576, 0], ""params"": [1.0, 1.0, 1.0, 0, 0, 0], ""unused_pointer"": 73503984}"
government-ep4/q702-bb-e,2,172,"{""base_type"": 902, ""set_flags"": 0, ""runtime_index"": 1663, ""file_offset"": 13564, ""floor_field"": 2, ""entity_id_field"": 17822, ""group"": 0, ""room"": 50, ""unknown_a3"": 0, ""position"": [-142.732666015625, 0.0, 281.109130859375], ""angles"": [0, 16384, 0], ""params"": [1.0, 1.0, 1.0, 0, 0, 0], ""unused_pointer"": 73504208}"
government-ep4/q702-bb-e,2,173,"{""base_type"": 902, ""set_flags"": 0, ""runtime_index"": 396, ""file_offset"": 13632, ""floor_field"": 1, ""entity_id_field"": 17823, ""group"": 0, ""room"": 50, ""unknown_a3"": 0, ""position"": [-124.143798828125, 0.0, 286.0478515625], ""angles"": [0, 20480, 0], ""params"": [1.0, 1.0, 1.0, 0, 0, 0], ""unused_pointer"": 73504432}"
government-ep4/q702-bb-e,2,174,"{""base_type"": 902, ""set_flags"": 0, ""runtime_index"": 1662, ""file_offset"": 13700, ""floor_field"": 2, ""entity_id_field"": 17824, ""group"": 0, ""room"": 50, ""unknown_a3"": 0, ""position"": [-171.870361328125, -2.0, 247.489013671875], ""angles"": [0, 12288, 0], ""params"": [1.0, 1.0, 1.0, 1, 0, 0], ""unused_pointer"": 73504656}"
government-ep4/q702-bb-e,2,175,"{""base_type"": 902, ""set_flags"": 0, ""runtime_index"": 1664, ""file_offset"": 13768, ""floor_field"": 2, ""entity_id_field"": 17825, ""group"": 0, ""room"": 50, ""unknown_a3"": 0, ""position"": [-141.863037109375, -1.9073486328125e-06, 167.07275390625], ""angles"": [0, 28672, 0], ""params"": [1.0, 1.0, 1.0, 2, 0, 0], ""unused_pointer"": 73504880}"
government-ep4/q702-bb-e,2,176,"{""base_type"": 902, ""set_flags"": 0, ""runtime_index"": 1665, ""file_offset"": 13836, ""floor_field"": 2, ""entity_id_field"": 17826, ""group"": 0, ""room"": 50, ""unknown_a3"": 0, ""position"": [-92.607666015625, 8.055940270423889e-08, 118.336181640625], ""angles"": [0, 0, 0], ""params"": [1.0, 1.0, 1.0, 2, 0, 0], ""unused_pointer"": 73506912}"
government-ep4/q702-bb-e,2,177,"{""base_type"": 902, ""set_flags"": 0, ""runtime_index"": 400, ""file_offset"": 13904, ""floor_field"": 1, ""entity_id_field"": 17827, ""group"": 0, ""room"": 50, ""unknown_a3"": 0, ""position"": [-69.941650390625, 0.0, 274.7958984375], ""angles"": [0, 8192, 0], ""params"": [1.0, 1.0, 1.0, 0, 0, 0], ""unused_pointer"": 73507136}"
government-ep4/q702-bb-e,2,178,"{""base_type"": 902, ""set_flags"": 0, ""runtime_index"": 1659, ""file_offset"": 13972, ""floor_field"": 2, ""entity_id_field"": 17828, ""group"": 0, ""room"": 50, ""unknown_a3"": 0, ""position"": [-186.114013671875, 0.0, 449.739013671875], ""angles"": [0, 8192, 0], ""params"": [1.0, 1.0, 1.0, 0, 0, 0], ""unused_pointer"": 73507360}"
government-ep4/q702-bb-e,2,180,"{""base_type"": 902, ""set_flags"": 0, ""runtime_index"": 403, ""file_offset"": 14108, ""floor_field"": 1, ""entity_id_field"": 17830, ""group"": 0, ""room"": 50, ""unknown_a3"": 0, ""position"": [-189.677734375, 0.0, 279.99658203125], ""angles"": [0, 49152, 0], ""params"": [1.0, 1.0, 1.0, 0, 0, 0], ""unused_pointer"": 73507856}"
government-ep4/q702-bb-e,2,184,"{""base_type"": 902, ""set_flags"": 0, ""runtime_index"": 1262, ""file_offset"": 14380, ""floor_field"": 2, ""entity_id_field"": 17835, ""group"": 0, ""room"": 50, ""unknown_a3"": 0, ""position"": [-450.34130859375, 0.0, 400.653076171875], ""angles"": [0, 20480, 0], ""params"": [1.0, 1.0, 1.0, 2, 0, 0], ""unused_pointer"": 73508928}"
government-ep4/q702-bb-e,2,185,"{""base_type"": 902, ""set_flags"": 0, ""runtime_index"": 1258, ""file_offset"": 14448, ""floor_field"": 2, ""entity_id_field"": 17836, ""group"": 0, ""room"": 50, ""unknown_a3"": 0, ""position"": [-572.341796875, 0.8576698303222656, 379.736083984375], ""angles"": [0, 20480, 0], ""params"": [1.0, 1.0, 1.0, 1, 0, 0], ""unused_pointer"": 73509152}"
government-ep4/q702-bb-e,2,186,"{""base_type"": 902, ""set_flags"": 0, ""runtime_index"": 1268, ""file_offset"": 14516, ""floor_field"": 2, ""entity_id_field"": 17837, ""group"": 0, ""room"": 50, ""unknown_a3"": 0, ""position"": [-488.8720703125, 9.593367576599121, 181.248046875], ""angles"": [0, 40960, 0], ""params"": [1.0, 1.0, 1.0, 2, 0, 0], ""unused_pointer"": 73509376}"
government-ep4/q702-bb-e,2,187,"{""base_type"": 902, ""set_flags"": 0, ""runtime_index"": 411, ""file_offset"": 14584, ""floor_field"": 1, ""entity_id_field"": 17838, ""group"": 0, ""room"": 50, ""unknown_a3"": 0, ""position"": [-426.50634765625, 0.37084007263183594, 103.8681640625], ""angles"": [0, 53248, 0], ""params"": [1.0, 1.0, 1.0, 2, 0, 0], ""unused_pointer"": 73509600}"
government-ep4/q702-bb-e,2,188,"{""base_type"": 902, ""set_flags"": 0, ""runtime_index"": 1266, ""file_offset"": 14652, ""floor_field"": 2, ""entity_id_field"": 17839, ""group"": 0, ""room"": 50, ""unknown_a3"": 0, ""position"": [-430.35986328125, 1.9832254648208618, -1.885498046875], ""angles"": [0, 45056, 0], ""params"": [1.0, 1.0, 1.0, 2, 0, 0], ""unused_pointer"": 73509824}"
government-ep4/q702-bb-e,2,189,"{""base_type"": 902, ""set_flags"": 0, ""runtime_index"": 1263, ""file_offset"": 14720, ""floor_field"": 2, ""entity_id_field"": 17840, ""group"": 0, ""room"": 50, ""unknown_a3"": 0, ""position"": [-474.083251953125, 6.4831037521362305, 283.36767578125], ""angles"": [0, 32768, 0], ""params"": [1.0, 1.0, 1.0, 2, 0, 0], ""unused_pointer"": 73510048}"
government-ep4/q702-bb-e,2,190,"{""base_type"": 902, ""set_flags"": 0, ""runtime_index"": 415, ""file_offset"": 14788, ""floor_field"": 1, ""entity_id_field"": 17841, ""group"": 0, ""room"": 50, ""unknown_a3"": 0, ""position"": [-408.7353515625, 0.18868064880371094, 348.074951171875], ""angles"": [0, 32768, 0], ""params"": [1.0, 1.0, 1.0, 2, 0, 0], ""unused_pointer"": 73510272}"
government-ep4/q702-bb-e,2,191,"{""base_type"": 902, ""set_flags"": 0, ""runtime_index"": 1269, ""file_offset"": 14856, ""floor_field"": 2, ""entity_id_field"": 17842, ""group"": 0, ""room"": 50, ""unknown_a3"": 0, ""position"": [-461.875732421875, 3.222365379333496, 55.11767578125], ""angles"": [0, 12288, 0], ""params"": [1.0, 1.0, 1.0, 2, 0, 0], ""unused_pointer"": 73510496}"
government-ep4/q702-bb-e,2,192,"{""base_type"": 902, ""set_flags"": 0, ""runtime_index"": 1271, ""file_offset"": 14924, ""floor_field"": 2, ""entity_id_field"": 17843, ""group"": 0, ""room"": 50, ""unknown_a3"": 0, ""position"": [-344.010009765625, 0.34135791659355164, 2.47021484375], ""angles"": [0, 32768, 0], ""params"": [1.0, 1.0, 1.0, 2, 0, 0], ""unused_pointer"": 73510720}"
government-ep4/q702-bb-e,2,193,"{""base_type"": 902, ""set_flags"": 0, ""runtime_index"": 1272, ""file_offset"": 14992, ""floor_field"": 2, ""entity_id_field"": 17844, ""group"": 0, ""room"": 50, ""unknown_a3"": 0, ""position"": [-290.3671875, -1.9073486328125e-06, -9.111572265625], ""angles"": [0, 32768, 0], ""params"": [1.0, 1.0, 1.0, 2, 0, 0], ""unused_pointer"": 73510944}"
government-ep4/q702-bb-e,2,194,"{""base_type"": 902, ""set_flags"": 0, ""runtime_index"": 1259, ""file_offset"": 15060, ""floor_field"": 2, ""entity_id_field"": 17845, ""group"": 0, ""room"": 50, ""unknown_a3"": 0, ""position"": [-269.970458984375, 0.0, -56.5009765625], ""angles"": [0, 32768, 0], ""params"": [1.0, 1.0, 1.0, 2, 0, 0], ""unused_pointer"": 73511168}"
government-ep4/q702-bb-e,2,195,"{""base_type"": 902, ""set_flags"": 0, ""runtime_index"": 1260, ""file_offset"": 15128, ""floor_field"": 2, ""entity_id_field"": 17846, ""group"": 0, ""room"": 50, ""unknown_a3"": 0, ""position"": [-131.813232421875, 0.0, 75.052978515625], ""angles"": [0, 32768, 0], ""params"": [1.0, 1.0, 1.0, 2, 0, 0], ""unused_pointer"": 73511392}"
government-ep4/q702-bb-e,2,196,"{""base_type"": 902, ""set_flags"": 0, ""runtime_index"": 421, ""file_offset"": 15196, ""floor_field"": 1, ""entity_id_field"": 17847, ""group"": 0, ""room"": 50, ""unknown_a3"": 0, ""position"": [-179.3291015625, -0.10704421997070312, -3.901123046875], ""angles"": [0, 12288, 0], ""params"": [1.0, 1.0, 1.0, 2, 0, 0], ""unused_pointer"": 73511616}"
government-ep4/q702-bb-e,2,197,"{""base_type"": 902, ""set_flags"": 0, ""runtime_index"": 424, ""file_offset"": 15264, ""floor_field"": 1, ""entity_id_field"": 17848, ""group"": 0, ""room"": 50, ""unknown_a3"": 0, ""position"": [-387.113525390625, 0.7297306060791016, -45.5478515625], ""angles"": [0, 20480, 0], ""params"": [1.0, 1.0, 1.0, 2, 0, 0], ""unused_pointer"": 73511840}"
government-ep4/q702-bb-e,2,198,"{""base_type"": 902, ""set_flags"": 0, ""runtime_index"": 425, ""file_offset"": 15332, ""floor_field"": 1, ""entity_id_field"": 17849, ""group"": 0, ""room"": 50, ""unknown_a3"": 0, ""position"": [-376.40869140625, 0.0, 65.629638671875], ""angles"": [0, 8192, 0], ""params"": [1.0, 1.0, 1.0, 1, 0, 0], ""unused_pointer"": 73512064}"
government-ep4/q702-bb-e,2,199,"{""base_type"": 902, ""set_flags"": 0, ""runtime_index"": 434, ""file_offset"": 15400, ""floor_field"": 1, ""entity_id_field"": 17850, ""group"": 0, ""room"": 50, ""unknown_a3"": 0, ""position"": [-497.126708984375, 8.160728454589844, 123.594970703125], ""angles"": [0, 32768, 0], ""params"": [1.0, 1.0, 1.0, 2, 0, 0], ""unused_pointer"": 73512288}"
government-ep4/q702-bb-e,2,200,"{""base_type"": 902, ""set_flags"": 0, ""runtime_index"": 1267, ""file_offset"": 15468, ""floor_field"": 2, ""entity_id_field"": 17851, ""group"": 0, ""room"": 50, ""unknown_a3"": 0, ""position"": [-411.546630859375, 0.9084262847900391, 158.567626953125], ""angles"": [0, 24576, 0], ""params"": [1.0, 1.0, 1.0, 1, 0, 0], ""unused_pointer"": 73512512}"
government-ep4/q702-bb-e,2,201,"{""base_type"": 902, ""set_flags"": 0, ""runtime_index"": 428, ""file_offset"": 15536, ""floor_field"": 1, ""entity_id_field"": 17852, ""group"": 0, ""room"": 50, ""unknown_a3"": 0, ""position"": [-473.961669921875, 1.0932483673095703, 344.542724609375], ""angles"": [0, 16384, 0], ""params"": [1.0, 1.0, 1.0, 2, 0, 0], ""unused_pointer"": 73512736}"
government-ep4/q702-bb-e,2,202,"{""base_type"": 902, ""set_flags"": 0, ""runtime_index"": 1261, ""file_offset"": 15604, ""floor_field"": 2, ""entity_id_field"": 17853, ""group"": 0, ""room"": 50, ""unknown_a3"": 0, ""position"": [-300.20361328125, 0.0, 372.453369140625], ""angles"": [0, 20480, 0], ""params"": [1.0, 1.0, 1.0, 2, 0, 0], ""unused_pointer"": 73512960}"
government-ep4/q702-bb-e,2,203,"{""base_type"": 902, ""set_flags"": 0, ""runtime_index"": 430, ""file_offset"": 15672, ""floor_field"": 1, ""entity_id_field"": 17854, ""group"": 0, ""room"": 50, ""unknown_a3"": 0, ""position"": [-251.310791015625, 0.0, 409.861328125], ""angles"": [0, 20480, 0], ""params"": [1.0, 1.0, 1.0, 2, 0, 0], ""unused_pointer"": 73513184}"
government-ep4/q702-bb-e,2,204,"{""base_type"": 902, ""set_flags"": 0, ""runtime_index"": 431, ""file_offset"": 15740, ""floor_field"": 1, ""entity_id_field"": 17855, ""group"": 0, ""room"": 50, ""unknown_a3"": 0, ""position"": [-305.330810546875, 9.5367431640625e-07, 422.741455078125], ""angles"": [0, 40960, 0], ""params"": [1.0, 1.0, 1.0, 2, 0, 0], ""unused_pointer"": 73513408}"
government-ep4/q702-bb-e,2,205,"{""base_type"": 902, ""set_flags"": 0, ""runtime_index"": 432, ""file_offset"": 15808, ""floor_field"": 1, ""entity_id_field"": 17856, ""group"": 0, ""room"": 50, ""unknown_a3"": 0, ""position"": [-356.4541015625, 0.39476680755615234, 361.753662109375], ""angles"": [0, 53248, 0], ""params"": [1.0, 1.0, 1.0, 2, 0, 0], ""unused_pointer"": 73513632}"
government-ep4/q702-bb-e,2,206,"{""base_type"": 902, ""set_flags"": 0, ""runtime_index"": 1270, ""file_offset"": 15876, ""floor_field"": 2, ""entity_id_field"": 17857, ""group"": 0, ""room"": 50, ""unknown_a3"": 0, ""position"": [-416.945556640625, 4.5957207679748535, 248.660400390625], ""angles"": [0, 53248, 0], ""params"": [1.0, 1.0, 1.0, 1, 0, 0], ""unused_pointer"": 73513856}"
government-ep4/q702-bb-e,2,207,"{""base_type"": 902, ""set_flags"": 0, ""runtime_index"": 439, ""file_offset"": 15944, ""floor_field"": 1, ""entity_id_field"": 17858, ""group"": 0, ""room"": 50, ""unknown_a3"": 0, ""position"": [-443.078125, 6.441509246826172, 226.728271484375], ""angles"": [0, 12288, 0], ""params"": [1.0, 1.0, 1.0, 2, 0, 0], ""unused_pointer"": 73514080}"
government-ep4/q702-bb-e,2,209,"{""base_type"": 902, ""set_flags"": 0, ""runtime_index"": 393, ""file_offset"": 16080, ""floor_field"": 1, ""entity_id_field"": 17860, ""group"": 0, ""room"": 50, ""unknown_a3"": 0, ""position"": [-568.069580078125, 0.0, 413.774169921875], ""angles"": [0, 0, 0], ""params"": [1.0, 1.0, 1.0, 0, 0, 0], ""unused_pointer"": 73514544}"
government-ep4/q702-bb-e,2,210,"{""base_type"": 902, ""set_flags"": 0, ""runtime_index"": 394, ""file_offset"": 16148, ""floor_field"": 1, ""entity_id_field"": 17861, ""group"": 0, ""room"": 50, ""unknown_a3"": 0, ""position"": [-572.022705078125, 0.0, 350.445556640625], ""angles"": [0, 0, 0], ""params"": [1.0, 1.0, 1.0, 0, 0, 0], ""unused_pointer"": 73514768}"
government-ep4/q702-bb-e,2,211,"{""base_type"": 902, ""set_flags"": 0, ""runtime_index"": 395, ""file_offset"": 16216, ""floor_field"": 1, ""entity_id_field"": 17862, ""group"": 0, ""room"": 50, ""unknown_a3"": 0, ""position"": [-580.787109375, 0.0, 304.60009765625], ""angles"": [0, 0, 0], ""params"": [1.0, 1.0, 1.0, 0, 0, 0], ""unused_pointer"": 73514992}"
government-ep4/q702-bb-j,2,5,"{""base_type"": 902, ""set_flags"": 0, ""runtime_index"": 478, ""file_offset"": 2208, ""floor_field"": 1, ""entity_id_field"": 17770, ""group"": 0, ""room"": 10, ""unknown_a3"": 0, ""position"": [180.4210205078125, 5.980954170227051, -286.69818115234375], ""angles"": [0, 0, 0], ""params"": [1.0, 1.0, 1.0, 0, 0, 0], ""unused_pointer"": 73506272}"
government-ep4/q702-bb-j,2,6,"{""base_type"": 902, ""set_flags"": 0, ""runtime_index"": 479, ""file_offset"": 2276, ""floor_field"": 1, ""entity_id_field"": 17771, ""group"": 0, ""room"": 10, ""unknown_a3"": 0, ""position"": [209.4172821044922, 10.890233993530273, -220.97955322265625], ""angles"": [0, 20480, 0], ""params"": [1.0, 1.0, 1.0, 0, 0, 0], ""unused_pointer"": 73506496}"
government-ep4/q702-bb-j,2,7,"{""base_type"": 902, ""set_flags"": 0, ""runtime_index"": 480, ""file_offset"": 2344, ""floor_field"": 1, ""entity_id_field"": 17772, ""group"": 0, ""room"": 10, ""unknown_a3"": 0, ""position"": [208.0603790283203, 6.676039695739746, -256.61505126953125], ""angles"": [0, 45056, 0], ""params"": [1.0, 1.0, 1.0, 0, 0, 0], ""unused_pointer"": 73506720}"
government-ep4/q702-bb-j,2,46,"{""base_type"": 902, ""set_flags"": 0, ""runtime_index"": 1674, ""file_offset"": 4996, ""floor_field"": 2, ""entity_id_field"": 17881, ""group"": 0, ""room"": 20, ""unknown_a3"": 0, ""position"": [123.565673828125, 23.209999084472656, 160.56524658203125], ""angles"": [0, 32768, 0], ""params"": [1.0, 1.0, 1.0, 1, 0, 0], ""unused_pointer"": 73480432}"
government-ep4/q702-bb-j,2,51,"{""base_type"": 902, ""set_flags"": 0, ""runtime_index"": 1781, ""file_offset"": 5336, ""floor_field"": 2, ""entity_id_field"": 17886, ""group"": 0, ""room"": 20, ""unknown_a3"": 0, ""position"": [545.09765625, 7.0, 253.2362060546875], ""angles"": [0, 20480, 0], ""params"": [1.0, 1.0, 1.0, 0, 0, 0], ""unused_pointer"": 73480880}"
government-ep4/q702-bb-j,2,52,"{""base_type"": 902, ""set_flags"": 0, ""runtime_index"": 1782, ""file_offset"": 5404, ""floor_field"": 2, ""entity_id_field"": 17887, ""group"": 0, ""room"": 20, ""unknown_a3"": 0, ""position"": [524.055908203125, 7.0, 287.8494873046875], ""angles"": [0, 40960, 0], ""params"": [1.0, 1.0, 1.0, 0, 0, 0], ""unused_pointer"": 73508272}"
government-ep4/q702-bb-j,2,53,"{""base_type"": 902, ""set_flags"": 0, ""runtime_index"": 1669, ""file_offset"": 5472, ""floor_field"": 2, ""entity_id_field"": 17888, ""group"": 0, ""room"": 20, ""unknown_a3"": 0, ""position"": [-261.840576171875, -7.220956325531006, -174.62510681152344], ""angles"": [0, 20480, 0], ""params"": [1.0, 1.0, 1.0, 0, 0, 0], ""unused_pointer"": 73508496}"
government-ep4/q702-bb-j,2,54,"{""base_type"": 902, ""set_flags"": 0, ""runtime_index"": 1668, ""file_offset"": 5540, ""floor_field"": 2, ""entity_id_field"": 17889, ""group"": 0, ""room"": 20, ""unknown_a3"": 0, ""position"": [-294.877197265625, -8.019999504089355, -157.18399047851562], ""angles"": [0, 53248, 0], ""params"": [1.0, 1.0, 1.0, 1, 0, 0], ""unused_pointer"": 73508720}"
government-ep4/q702-bb-j,2,55,"{""base_type"": 902, ""set_flags"": 0, ""runtime_index"": 1670, ""file_offset"": 5608, ""floor_field"": 2, ""entity_id_field"": 17890, ""group"": 0, ""room"": 20, ""unknown_a3"": 0, ""position"": [-224.462158203125, -7.539999961853027, -193.13397216796875], ""angles"": [0, 16384, 0], ""params"": [1.0, 1.0, 1.0, 0, 0, 0], ""unused_pointer"": 73508944}"
government-ep4/q702-bb-j,2,56,"{""base_type"": 902, ""set_flags"": 0, ""runtime_index"": 1671, ""file_offset"": 5676, ""floor_field"": 2, ""entity_id_field"": 17891, ""group"": 0, ""room"": 20, ""unknown_a3"": 0, ""position"": [-188.9560546875, -6.996879577636719, -211.35130310058594], ""angles"": [0, 49152, 0], ""params"": [1.0, 1.0, 1.0, 0, 0, 0], ""unused_pointer"": 73509168}"
government-ep4/q702-bb-j,2,57,"{""base_type"": 902, ""set_flags"": 0, ""runtime_index"": 1787, ""file_offset"": 5744, ""floor_field"": 2, ""entity_id_field"": 17892, ""group"": 0, ""room"": 20, ""unknown_a3"": 0, ""position"": [-234.22216796875, -7.887251853942871, -419.5185852050781], ""angles"": [0, 0, 0], ""params"": [1.0, 1.0, 1.0, 2, 0, 0], ""unused_pointer"": 73509392}"
government-ep4/q702-bb-j,2,58,"{""base_type"": 902, ""set_flags"": 0, ""runtime_index"": 1673, ""file_offset"": 5812, ""floor_field"": 2, ""entity_id_field"": 17893, ""group"": 0, ""room"": 20, ""unknown_a3"": 0, ""position"": [115.096435546875, 23.209999084472656, 198.83599853515625], ""angles"": [0, 61440, 0], ""params"": [1.0, 1.0, 1.0, 1, 0, 0], ""unused_pointer"": 73509616}"
government-ep4/q702-bb-j,2,59,"{""base_type"": 902, ""set_flags"": 0, ""runtime_index"": 1672, ""file_offset"": 5880, ""floor_field"": 2, ""entity_id_field"": 17894, ""group"": 0, ""room"": 20, ""unknown_a3"": 0, ""position"": [-144.17724609375, -5.144825458526611, -214.83880615234375], ""angles"": [0, 12288, 0], ""params"": [1.0, 1.0, 1.0, 1, 0, 0], ""unused_pointer"": 73509840}"
government-ep4/q702-bb-j,2,60,"{""base_type"": 902, ""set_flags"": 0, ""runtime_index"": 1675, ""file_offset"": 5948, ""floor_field"": 2, ""entity_id_field"": 17895, ""group"": 0, ""room"": 20, ""unknown_a3"": 0, ""position"": [104.052001953125, 23.209999084472656, 47.239471435546875], ""angles"": [0, 32768, 0], ""params"": [1.0, 1.0, 1.0, 2, 0, 0], ""unused_pointer"": 73510064}"
government-ep4/q702-bb-j,2,62,"{""base_type"": 902, ""set_flags"": 0, ""runtime_index"": 1676, ""file_offset"": 6084, ""floor_field"": 2, ""entity_id_field"": 17897, ""group"": 0, ""room"": 20, ""unknown_a3"": 0, ""position"": [103.0615234375, 23.209999084472656, 63.037628173828125], ""angles"": [0, 49152, 0], ""params"": [1.0, 1.0, 1.0, 2, 0, 0], ""unused_pointer"": 73510528}"
government-ep4/q702-bb-j,2,63,"{""base_type"": 902, ""set_flags"": 0, ""runtime_index"": 1678, ""file_offset"": 6152, ""floor_field"": 2, ""entity_id_field"": 17898, ""group"": 0, ""room"": 20, ""unknown_a3"": 0, ""position"": [108.12158203125, 23.209999084472656, 79.11611938476562], ""angles"": [0, 16384, 0], ""params"": [1.0, 1.0, 1.0, 2, 0, 0], ""unused_pointer"": 73510752}"
government-ep4/q702-bb-j,2,64,"{""base_type"": 902, ""set_flags"": 0, ""runtime_index"": 1679, ""file_offset"": 6220, ""floor_field"": 2, ""entity_id_field"": 17899, ""group"": 0, ""room"": 20, ""unknown_a3"": 0, ""position"": [116.118896484375, 23.209999084472656, 134.73614501953125], ""angles"": [0, 32768, 0], ""params"": [1.0, 1.0, 1.0, 2, 0, 0], ""unused_pointer"": 73510976}"
government-ep4/q702-bb-j,2,65,"{""base_type"": 902, ""set_flags"": 0, ""runtime_index"": 1680, ""file_offset"": 6288, ""floor_field"": 2, ""entity_id_field"": 17900, ""group"": 0, ""room"": 20, ""unknown_a3"": 0, ""position"": [128.42236328125, 23.209999084472656, 111.311279296875], ""angles"": [0, 32768, 0], ""params"": [1.0, 1.0, 1.0, 1, 0, 0], ""unused_pointer"": 73511200}"
government-ep4/q702-bb-j,2,66,"{""base_type"": 902, ""set_flags"": 0, ""runtime_index"": 1681, ""file_offset"": 6356, ""floor_field"": 2, ""entity_id_field"": 17901, ""group"": 0, ""room"": 20, ""unknown_a3"": 0, ""position"": [108.81201171875, 23.209999084472656, 96.44290161132812], ""angles"": [0, 4096, 0], ""params"": [1.0, 1.0, 1.0, 2, 0, 0], ""unused_pointer"": 73511424}"
government-ep4/q702-bb-j,2,83,"{""base_type"": 902, ""set_flags"": 0, ""runtime_index"": 465, ""file_offset"": 7512, ""floor_field"": 1, ""entity_id_field"": 17924, ""group"": 0, ""room"": 30, ""unknown_a3"": 0, ""position"": [-414.01171875, 0.08400967717170715, 426.19195556640625], ""angles"": [0, 32768, 0], ""params"": [1.0, 1.0, 1.0, 0, 0, 0], ""unused_pointer"": 73480432}"
government-ep4/q702-bb-j,2,84,"{""base_type"": 902, ""set_flags"": 0, ""runtime_index"": 466, ""file_offset"": 7580, ""floor_field"": 1, ""entity_id_field"": 17925, ""group"": 0, ""room"": 30, ""unknown_a3"": 0, ""position"": [-421.7216796875, 0.07999999821186066, 380.0059814453125], ""angles"": [0, 8192, 0], ""params"": [1.0, 1.0, 1.0, 0, 0, 0], ""unused_pointer"": 73480656}"
government-ep4/q702-bb-j,2,85,"{""base_type"": 902, ""set_flags"": 0, ""runtime_index"": 467, ""file_offset"": 7648, ""floor_field"": 1, ""entity_id_field"": 17926, ""group"": 0, ""room"": 30, ""unknown_a3"": 0, ""position"": [-406.35107421875, 0.07999999821186066, 346.7958984375], ""angles"": [0, 24576, 0], ""params"": [1.0, 1.0, 1.0, 0, 0, 0], ""unused_pointer"": 73480880}"
government-ep4/q702-bb-j,2,101,"{""base_type"": 902, ""set_flags"": 0, ""runtime_index"": 1600, ""file_offset"": 8736, ""floor_field"": 2, ""entity_id_field"": 17943, ""group"": 0, ""room"": 30, ""unknown_a3"": 0, ""position"": [150.24609375, 0.0, -400.5740051269531], ""angles"": [0, 49152, 0], ""params"": [1.0, 1.0, 1.0, 1, 0, 0], ""unused_pointer"": 73515264}"
government-ep4/q702-bb-j,2,102,"{""base_type"": 902, ""set_flags"": 0, ""runtime_index"": 1377, ""file_offset"": 8804, ""floor_field"": 2, ""entity_id_field"": 17944, ""group"": 0, ""room"": 30, ""unknown_a3"": 0, ""position"": [194.5185546875, 0.0, -462.6405944824219], ""angles"": [0, 0, 0], ""params"": [1.0, 1.0, 1.0, 1, 0, 0], ""unused_pointer"": 73515488}"
government-ep4/q702-bb-j,2,103,"{""base_type"": 902, ""set_flags"": 0, ""runtime_index"": 1380, ""file_offset"": 8872, ""floor_field"": 2, ""entity_id_field"": 17945, ""group"": 0, ""room"": 30, ""unknown_a3"": 0, ""position"": [269.916015625, 0.0, -493.1554260253906], ""angles"": [0, 0, 0], ""params"": [1.0, 1.0, 1.0, 2, 0, 0], ""unused_pointer"": 73515712}"
government-ep4/q702-bb-j,2,104,"{""base_type"": 902, ""set_flags"": 0, ""runtime_index"": 1379, ""file_offset"": 8940, ""floor_field"": 2, ""entity_id_field"": 17946, ""group"": 0, ""room"": 30, ""unknown_a3"": 0, ""position"": [307.5146484375, 0.0, -390.51300048828125], ""angles"": [0, 0, 0], ""params"": [1.0, 1.0, 1.0, 2, 0, 0], ""unused_pointer"": 73515936}"
government-ep4/q702-bb-j,2,106,"{""base_type"": 902, ""set_flags"": 0, ""runtime_index"": 1585, ""file_offset"": 9076, ""floor_field"": 2, ""entity_id_field"": 17948, ""group"": 0, ""room"": 30, ""unknown_a3"": 0, ""position"": [-249.5517578125, 1.474492073059082, 183.0159912109375], ""angles"": [0, 36864, 0], ""params"": [1.0, 1.0, 1.0, 1, 0, 0], ""unused_pointer"": 73516432}"
government-ep4/q702-bb-j,2,107,"{""base_type"": 902, ""set_flags"": 0, ""runtime_index"": 1592, ""file_offset"": 9144, ""floor_field"": 2, ""entity_id_field"": 17949, ""group"": 0, ""room"": 30, ""unknown_a3"": 0, ""position"": [238.068359375, 0.0, -174.114013671875], ""angles"": [0, 49152, 0], ""params"": [1.0, 1.0, 1.0, 1, 0, 0], ""unused_pointer"": 73516656}"
government-ep4/q702-bb-j,2,108,"{""base_type"": 902, ""set_flags"": 0, ""runtime_index"": 1358, ""file_offset"": 9212, ""floor_field"": 2, ""entity_id_field"": 17950, ""group"": 0, ""room"": 30, ""unknown_a3"": 0, ""position"": [-194.4619140625, 9.685754776000977e-08, 43.81512451171875], ""angles"": [0, 53248, 0], ""params"": [1.0, 1.0, 1.0, 1, 0, 0], ""unused_pointer"": 73516880}"
government-ep4/q702-bb-j,2,123,"{""base_type"": 902, ""set_flags"": 0, ""runtime_index"": 1581, ""file_offset"": 10232, ""floor_field"": 2, ""entity_id_field"": 17965, ""group"": 0, ""room"": 30, ""unknown_a3"": 0, ""position"": [-254.6328125, 0.0, 326.01934814453125], ""angles"": [0, 36864, 0], ""params"": [1.0, 1.0, 1.0, 0, 0, 0], ""unused_pointer"": 73531696}"
government-ep4/q702-bb-j,2,136,"{""base_type"": 902, ""set_flags"": 0, ""runtime_index"": 1624, ""file_offset"": 11116, ""floor_field"": 2, ""entity_id_field"": 17732, ""group"": 0, ""room"": 40, ""unknown_a3"": 0, ""position"": [587.132080078125, 0.0, -331.11798095703125], ""angles"": [0, 8192, 0], ""params"": [1.0, 1.0, 1.0, 0, 0, 0], ""unused_pointer"": 73506624}"
government-ep4/q702-bb-j,2,137,"{""base_type"": 902, ""set_flags"": 0, ""runtime_index"": 1629, ""file_offset"": 11184, ""floor_field"": 2, ""entity_id_field"": 17733, ""group"": 0, ""room"": 40, ""unknown_a3"": 0, ""position"": [604.054931640625, 0.5, -292.42364501953125], ""angles"": [0, 36864, 0], ""params"": [1.0, 1.0, 1.0, 0, 0, 0], ""unused_pointer"": 73506848}"
government-ep4/q702-bb-j,2,138,"{""base_type"": 902, ""set_flags"": 0, ""runtime_index"": 1628, ""file_offset"": 11252, ""floor_field"": 2, ""entity_id_field"": 17734, ""group"": 0, ""room"": 40, ""unknown_a3"": 0, ""position"": [613.0550537109375, 1.9073486328125e-06, -253.87171936035156], ""angles"": [0, 32768, 0], ""params"": [1.0, 1.0, 1.0, 0, 0, 0], ""unused_pointer"": 73507072}"
government-ep4/q702-bb-j,2,154,"{""base_type"": 902, ""set_flags"": 0, ""runtime_index"": 1652, ""file_offset"": 12340, ""floor_field"": 2, ""entity_id_field"": 17750, ""group"": 0, ""room"": 40, ""unknown_a3"": 0, ""position"": [-188.67620849609375, 8.731149137020111e-11, -124.46862030029297], ""angles"": [0, 0, 0], ""params"": [1.0, 1.0, 1.0, 0, 0, 0], ""unused_pointer"": 73517616}"
government-ep4/q702-bb-j,2,168,"{""base_type"": 902, ""set_flags"": 0, ""runtime_index"": 1654, ""file_offset"": 13292, ""floor_field"": 2, ""entity_id_field"": 17818, ""group"": 0, ""room"": 50, ""unknown_a3"": 0, ""position"": [645.993896484375, 0.0, -507.40087890625], ""angles"": [0, 0, 0], ""params"": [1.0, 1.0, 1.0, 0, 0, 0], ""unused_pointer"": 73480432}"
government-ep4/q702-bb-j,2,169,"{""base_type"": 902, ""set_flags"": 0, ""runtime_index"": 392, ""file_offset"": 13360, ""floor_field"": 1, ""entity_id_field"": 17819, ""group"": 0, ""room"": 50, ""unknown_a3"": 0, ""position"": [618.395751953125, 0.0, -480.619384765625], ""angles"": [0, 8192, 0], ""params"": [1.0, 1.0, 1.0, 0, 0, 0], ""unused_pointer"": 73480656}"
government-ep4/q702-bb-j,2,170,"{""base_type"": 902, ""set_flags"": 0, ""runtime_index"": 393, ""file_offset"": 13428, ""floor_field"": 1, ""entity_id_field"": 17820, ""group"": 0, ""room"": 50, ""unknown_a3"": 0, ""position"": [614.5556640625, 0.0, -449.319091796875], ""angles"": [0, 24576, 0], ""params"": [1.0, 1.0, 1.0, 0, 0, 0], ""unused_pointer"": 73480880}"
government-ep4/q702-bb-j,2,171,"{""base_type"": 902, ""set_flags"": 0, ""runtime_index"": 394, ""file_offset"": 13496, ""floor_field"": 1, ""entity_id_field"": 17821, ""group"": 0, ""room"": 50, ""unknown_a3"": 0, ""position"": [629.6044921875, 0.0, -400.637451171875], ""angles"": [0, 24576, 0], ""params"": [1.0, 1.0, 1.0, 0, 0, 0], ""unused_pointer"": 73503984}"
government-ep4/q702-bb-j,2,172,"{""base_type"": 902, ""set_flags"": 0, ""runtime_index"": 1663, ""file_offset"": 13564, ""floor_field"": 2, ""entity_id_field"": 17822, ""group"": 0, ""room"": 50, ""unknown_a3"": 0, ""position"": [-142.732666015625, 0.0, 281.109130859375], ""angles"": [0, 16384, 0], ""params"": [1.0, 1.0, 1.0, 0, 0, 0], ""unused_pointer"": 73504208}"
government-ep4/q702-bb-j,2,173,"{""base_type"": 902, ""set_flags"": 0, ""runtime_index"": 396, ""file_offset"": 13632, ""floor_field"": 1, ""entity_id_field"": 17823, ""group"": 0, ""room"": 50, ""unknown_a3"": 0, ""position"": [-124.143798828125, 0.0, 286.0478515625], ""angles"": [0, 20480, 0], ""params"": [1.0, 1.0, 1.0, 0, 0, 0], ""unused_pointer"": 73504432}"
government-ep4/q702-bb-j,2,174,"{""base_type"": 902, ""set_flags"": 0, ""runtime_index"": 1662, ""file_offset"": 13700, ""floor_field"": 2, ""entity_id_field"": 17824, ""group"": 0, ""room"": 50, ""unknown_a3"": 0, ""position"": [-171.870361328125, -2.0, 247.489013671875], ""angles"": [0, 12288, 0], ""params"": [1.0, 1.0, 1.0, 1, 0, 0], ""unused_pointer"": 73504656}"
government-ep4/q702-bb-j,2,175,"{""base_type"": 902, ""set_flags"": 0, ""runtime_index"": 1664, ""file_offset"": 13768, ""floor_field"": 2, ""entity_id_field"": 17825, ""group"": 0, ""room"": 50, ""unknown_a3"": 0, ""position"": [-141.863037109375, -1.9073486328125e-06, 167.07275390625], ""angles"": [0, 28672, 0], ""params"": [1.0, 1.0, 1.0, 2, 0, 0], ""unused_pointer"": 73504880}"
government-ep4/q702-bb-j,2,176,"{""base_type"": 902, ""set_flags"": 0, ""runtime_index"": 1665, ""file_offset"": 13836, ""floor_field"": 2, ""entity_id_field"": 17826, ""group"": 0, ""room"": 50, ""unknown_a3"": 0, ""position"": [-92.607666015625, 8.055940270423889e-08, 118.336181640625], ""angles"": [0, 0, 0], ""params"": [1.0, 1.0, 1.0, 2, 0, 0], ""unused_pointer"": 73506912}"
government-ep4/q702-bb-j,2,177,"{""base_type"": 902, ""set_flags"": 0, ""runtime_index"": 400, ""file_offset"": 13904, ""floor_field"": 1, ""entity_id_field"": 17827, ""group"": 0, ""room"": 50, ""unknown_a3"": 0, ""position"": [-69.941650390625, 0.0, 274.7958984375], ""angles"": [0, 8192, 0], ""params"": [1.0, 1.0, 1.0, 0, 0, 0], ""unused_pointer"": 73507136}"
government-ep4/q702-bb-j,2,178,"{""base_type"": 902, ""set_flags"": 0, ""runtime_index"": 1659, ""file_offset"": 13972, ""floor_field"": 2, ""entity_id_field"": 17828, ""group"": 0, ""room"": 50, ""unknown_a3"": 0, ""position"": [-186.114013671875, 0.0, 449.739013671875], ""angles"": [0, 8192, 0], ""params"": [1.0, 1.0, 1.0, 0, 0, 0], ""unused_pointer"": 73507360}"
government-ep4/q702-bb-j,2,180,"{""base_type"": 902, ""set_flags"": 0, ""runtime_index"": 403, ""file_offset"": 14108, ""floor_field"": 1, ""entity_id_field"": 17830, ""group"": 0, ""room"": 50, ""unknown_a3"": 0, ""position"": [-189.677734375, 0.0, 279.99658203125], ""angles"": [0, 49152, 0], ""params"": [1.0, 1.0, 1.0, 0, 0, 0], ""unused_pointer"": 73507856}"
government-ep4/q702-bb-j,2,184,"{""base_type"": 902, ""set_flags"": 0, ""runtime_index"": 1262, ""file_offset"": 14380, ""floor_field"": 2, ""entity_id_field"": 17835, ""group"": 0, ""room"": 50, ""unknown_a3"": 0, ""position"": [-450.34130859375, 0.0, 400.653076171875], ""angles"": [0, 20480, 0], ""params"": [1.0, 1.0, 1.0, 2, 0, 0], ""unused_pointer"": 73508928}"
government-ep4/q702-bb-j,2,185,"{""base_type"": 902, ""set_flags"": 0, ""runtime_index"": 1258, ""file_offset"": 14448, ""floor_field"": 2, ""entity_id_field"": 17836, ""group"": 0, ""room"": 50, ""unknown_a3"": 0, ""position"": [-572.341796875, 0.8576698303222656, 379.736083984375], ""angles"": [0, 20480, 0], ""params"": [1.0, 1.0, 1.0, 1, 0, 0], ""unused_pointer"": 73509152}"
government-ep4/q702-bb-j,2,186,"{""base_type"": 902, ""set_flags"": 0, ""runtime_index"": 1268, ""file_offset"": 14516, ""floor_field"": 2, ""entity_id_field"": 17837, ""group"": 0, ""room"": 50, ""unknown_a3"": 0, ""position"": [-488.8720703125, 9.593367576599121, 181.248046875], ""angles"": [0, 40960, 0], ""params"": [1.0, 1.0, 1.0, 2, 0, 0], ""unused_pointer"": 73509376}"
government-ep4/q702-bb-j,2,187,"{""base_type"": 902, ""set_flags"": 0, ""runtime_index"": 411, ""file_offset"": 14584, ""floor_field"": 1, ""entity_id_field"": 17838, ""group"": 0, ""room"": 50, ""unknown_a3"": 0, ""position"": [-426.50634765625, 0.37084007263183594, 103.8681640625], ""angles"": [0, 53248, 0], ""params"": [1.0, 1.0, 1.0, 2, 0, 0], ""unused_pointer"": 73509600}"
government-ep4/q702-bb-j,2,188,"{""base_type"": 902, ""set_flags"": 0, ""runtime_index"": 1266, ""file_offset"": 14652, ""floor_field"": 2, ""entity_id_field"": 17839, ""group"": 0, ""room"": 50, ""unknown_a3"": 0, ""position"": [-430.35986328125, 1.9832254648208618, -1.885498046875], ""angles"": [0, 45056, 0], ""params"": [1.0, 1.0, 1.0, 2, 0, 0], ""unused_pointer"": 73509824}"
government-ep4/q702-bb-j,2,189,"{""base_type"": 902, ""set_flags"": 0, ""runtime_index"": 1263, ""file_offset"": 14720, ""floor_field"": 2, ""entity_id_field"": 17840, ""group"": 0, ""room"": 50, ""unknown_a3"": 0, ""position"": [-474.083251953125, 6.4831037521362305, 283.36767578125], ""angles"": [0, 32768, 0], ""params"": [1.0, 1.0, 1.0, 2, 0, 0], ""unused_pointer"": 73510048}"
government-ep4/q702-bb-j,2,190,"{""base_type"": 902, ""set_flags"": 0, ""runtime_index"": 415, ""file_offset"": 14788, ""floor_field"": 1, ""entity_id_field"": 17841, ""group"": 0, ""room"": 50, ""unknown_a3"": 0, ""position"": [-408.7353515625, 0.18868064880371094, 348.074951171875], ""angles"": [0, 32768, 0], ""params"": [1.0, 1.0, 1.0, 2, 0, 0], ""unused_pointer"": 73510272}"
government-ep4/q702-bb-j,2,191,"{""base_type"": 902, ""set_flags"": 0, ""runtime_index"": 1269, ""file_offset"": 14856, ""floor_field"": 2, ""entity_id_field"": 17842, ""group"": 0, ""room"": 50, ""unknown_a3"": 0, ""position"": [-461.875732421875, 3.222365379333496, 55.11767578125], ""angles"": [0, 12288, 0], ""params"": [1.0, 1.0, 1.0, 2, 0, 0], ""unused_pointer"": 73510496}"
government-ep4/q702-bb-j,2,192,"{""base_type"": 902, ""set_flags"": 0, ""runtime_index"": 1271, ""file_offset"": 14924, ""floor_field"": 2, ""entity_id_field"": 17843, ""group"": 0, ""room"": 50, ""unknown_a3"": 0, ""position"": [-344.010009765625, 0.34135791659355164, 2.47021484375], ""angles"": [0, 32768, 0], ""params"": [1.0, 1.0, 1.0, 2, 0, 0], ""unused_pointer"": 73510720}"
government-ep4/q702-bb-j,2,193,"{""base_type"": 902, ""set_flags"": 0, ""runtime_index"": 1272, ""file_offset"": 14992, ""floor_field"": 2, ""entity_id_field"": 17844, ""group"": 0, ""room"": 50, ""unknown_a3"": 0, ""position"": [-290.3671875, -1.9073486328125e-06, -9.111572265625], ""angles"": [0, 32768, 0], ""params"": [1.0, 1.0, 1.0, 2, 0, 0], ""unused_pointer"": 73510944}"
government-ep4/q702-bb-j,2,194,"{""base_type"": 902, ""set_flags"": 0, ""runtime_index"": 1259, ""file_offset"": 15060, ""floor_field"": 2, ""entity_id_field"": 17845, ""group"": 0, ""room"": 50, ""unknown_a3"": 0, ""position"": [-269.970458984375, 0.0, -56.5009765625], ""angles"": [0, 32768, 0], ""params"": [1.0, 1.0, 1.0, 2, 0, 0], ""unused_pointer"": 73511168}"
government-ep4/q702-bb-j,2,195,"{""base_type"": 902, ""set_flags"": 0, ""runtime_index"": 1260, ""file_offset"": 15128, ""floor_field"": 2, ""entity_id_field"": 17846, ""group"": 0, ""room"": 50, ""unknown_a3"": 0, ""position"": [-131.813232421875, 0.0, 75.052978515625], ""angles"": [0, 32768, 0], ""params"": [1.0, 1.0, 1.0, 2, 0, 0], ""unused_pointer"": 73511392}"
government-ep4/q702-bb-j,2,196,"{""base_type"": 902, ""set_flags"": 0, ""runtime_index"": 421, ""file_offset"": 15196, ""floor_field"": 1, ""entity_id_field"": 17847, ""group"": 0, ""room"": 50, ""unknown_a3"": 0, ""position"": [-179.3291015625, -0.10704421997070312, -3.901123046875], ""angles"": [0, 12288, 0], ""params"": [1.0, 1.0, 1.0, 2, 0, 0], ""unused_pointer"": 73511616}"
government-ep4/q702-bb-j,2,197,"{""base_type"": 902, ""set_flags"": 0, ""runtime_index"": 424, ""file_offset"": 15264, ""floor_field"": 1, ""entity_id_field"": 17848, ""group"": 0, ""room"": 50, ""unknown_a3"": 0, ""position"": [-387.113525390625, 0.7297306060791016, -45.5478515625], ""angles"": [0, 20480, 0], ""params"": [1.0, 1.0, 1.0, 2, 0, 0], ""unused_pointer"": 73511840}"
government-ep4/q702-bb-j,2,198,"{""base_type"": 902, ""set_flags"": 0, ""runtime_index"": 425, ""file_offset"": 15332, ""floor_field"": 1, ""entity_id_field"": 17849, ""group"": 0, ""room"": 50, ""unknown_a3"": 0, ""position"": [-376.40869140625, 0.0, 65.629638671875], ""angles"": [0, 8192, 0], ""params"": [1.0, 1.0, 1.0, 1, 0, 0], ""unused_pointer"": 73512064}"
government-ep4/q702-bb-j,2,199,"{""base_type"": 902, ""set_flags"": 0, ""runtime_index"": 434, ""file_offset"": 15400, ""floor_field"": 1, ""entity_id_field"": 17850, ""group"": 0, ""room"": 50, ""unknown_a3"": 0, ""position"": [-497.126708984375, 8.160728454589844, 123.594970703125], ""angles"": [0, 32768, 0], ""params"": [1.0, 1.0, 1.0, 2, 0, 0], ""unused_pointer"": 73512288}"
government-ep4/q702-bb-j,2,200,"{""base_type"": 902, ""set_flags"": 0, ""runtime_index"": 1267, ""file_offset"": 15468, ""floor_field"": 2, ""entity_id_field"": 17851, ""group"": 0, ""room"": 50, ""unknown_a3"": 0, ""position"": [-411.546630859375, 0.9084262847900391, 158.567626953125], ""angles"": [0, 24576, 0], ""params"": [1.0, 1.0, 1.0, 1, 0, 0], ""unused_pointer"": 73512512}"
government-ep4/q702-bb-j,2,201,"{""base_type"": 902, ""set_flags"": 0, ""runtime_index"": 428, ""file_offset"": 15536, ""floor_field"": 1, ""entity_id_field"": 17852, ""group"": 0, ""room"": 50, ""unknown_a3"": 0, ""position"": [-473.961669921875, 1.0932483673095703, 344.542724609375], ""angles"": [0, 16384, 0], ""params"": [1.0, 1.0, 1.0, 2, 0, 0], ""unused_pointer"": 73512736}"
government-ep4/q702-bb-j,2,202,"{""base_type"": 902, ""set_flags"": 0, ""runtime_index"": 1261, ""file_offset"": 15604, ""floor_field"": 2, ""entity_id_field"": 17853, ""group"": 0, ""room"": 50, ""unknown_a3"": 0, ""position"": [-300.20361328125, 0.0, 372.453369140625], ""angles"": [0, 20480, 0], ""params"": [1.0, 1.0, 1.0, 2, 0, 0], ""unused_pointer"": 73512960}"
government-ep4/q702-bb-j,2,203,"{""base_type"": 902, ""set_flags"": 0, ""runtime_index"": 430, ""file_offset"": 15672, ""floor_field"": 1, ""entity_id_field"": 17854, ""group"": 0, ""room"": 50, ""unknown_a3"": 0, ""position"": [-251.310791015625, 0.0, 409.861328125], ""angles"": [0, 20480, 0], ""params"": [1.0, 1.0, 1.0, 2, 0, 0], ""unused_pointer"": 73513184}"
government-ep4/q702-bb-j,2,204,"{""base_type"": 902, ""set_flags"": 0, ""runtime_index"": 431, ""file_offset"": 15740, ""floor_field"": 1, ""entity_id_field"": 17855, ""group"": 0, ""room"": 50, ""unknown_a3"": 0, ""position"": [-305.330810546875, 9.5367431640625e-07, 422.741455078125], ""angles"": [0, 40960, 0], ""params"": [1.0, 1.0, 1.0, 2, 0, 0], ""unused_pointer"": 73513408}"
government-ep4/q702-bb-j,2,205,"{""base_type"": 902, ""set_flags"": 0, ""runtime_index"": 432, ""file_offset"": 15808, ""floor_field"": 1, ""entity_id_field"": 17856, ""group"": 0, ""room"": 50, ""unknown_a3"": 0, ""position"": [-356.4541015625, 0.39476680755615234, 361.753662109375], ""angles"": [0, 53248, 0], ""params"": [1.0, 1.0, 1.0, 2, 0, 0], ""unused_pointer"": 73513632}"
government-ep4/q702-bb-j,2,206,"{""base_type"": 902, ""set_flags"": 0, ""runtime_index"": 1270, ""file_offset"": 15876, ""floor_field"": 2, ""entity_id_field"": 17857, ""group"": 0, ""room"": 50, ""unknown_a3"": 0, ""position"": [-416.945556640625, 4.5957207679748535, 248.660400390625], ""angles"": [0, 53248, 0], ""params"": [1.0, 1.0, 1.0, 1, 0, 0], ""unused_pointer"": 73513856}"
government-ep4/q702-bb-j,2,207,"{""base_type"": 902, ""set_flags"": 0, ""runtime_index"": 439, ""file_offset"": 15944, ""floor_field"": 1, ""entity_id_field"": 17858, ""group"": 0, ""room"": 50, ""unknown_a3"": 0, ""position"": [-443.078125, 6.441509246826172, 226.728271484375], ""angles"": [0, 12288, 0], ""params"": [1.0, 1.0, 1.0, 2, 0, 0], ""unused_pointer"": 73514080}"
government-ep4/q702-bb-j,2,209,"{""base_type"": 902, ""set_flags"": 0, ""runtime_index"": 393, ""file_offset"": 16080, ""floor_field"": 1, ""entity_id_field"": 17860, ""group"": 0, ""room"": 50, ""unknown_a3"": 0, ""position"": [-568.069580078125, 0.0, 413.774169921875], ""angles"": [0, 0, 0], ""params"": [1.0, 1.0, 1.0, 0, 0, 0], ""unused_pointer"": 73514544}"
government-ep4/q702-bb-j,2,210,"{""base_type"": 902, ""set_flags"": 0, ""runtime_index"": 394, ""file_offset"": 16148, ""floor_field"": 1, ""entity_id_field"": 17861, ""group"": 0, ""room"": 50, ""unknown_a3"": 0, ""position"": [-572.022705078125, 0.0, 350.445556640625], ""angles"": [0, 0, 0], ""params"": [1.0, 1.0, 1.0, 0, 0, 0], ""unused_pointer"": 73514768}"
government-ep4/q702-bb-j,2,211,"{""base_type"": 902, ""set_flags"": 0, ""runtime_index"": 395, ""file_offset"": 16216, ""floor_field"": 1, ""entity_id_field"": 17862, ""group"": 0, ""room"": 50, ""unknown_a3"": 0, ""position"": [-580.787109375, 0.0, 304.60009765625], ""angles"": [0, 0, 0], ""params"": [1.0, 1.0, 1.0, 0, 0, 0], ""unused_pointer"": 73514992}"
government-ep4/q705-bb-e,6,206,"{""base_type"": 902, ""set_flags"": 0, ""runtime_index"": 1290, ""file_offset"": 24324, ""floor_field"": 6, ""entity_id_field"": 17891, ""group"": 0, ""room"": 162, ""unknown_a3"": 0, ""position"": [12.739013671875, 1.0, -187.51611328125], ""angles"": [0, 61440, 0], ""params"": [1.0, 1.0, 1.0, 0, 0, 0], ""unused_pointer"": 71317968}"
government-ep4/q705-bb-e,6,207,"{""base_type"": 902, ""set_flags"": 0, ""runtime_index"": 1291, ""file_offset"": 24392, ""floor_field"": 6, ""entity_id_field"": 17892, ""group"": 0, ""room"": 162, ""unknown_a3"": 0, ""position"": [-13.857421875, -13.962501525878906, -190.3075714111328], ""angles"": [0, 36864, 0], ""params"": [1.0, 1.0, 1.0, 0, 0, 0], ""unused_pointer"": 71318192}"
government-ep4/q705-bb-j,6,206,"{""base_type"": 902, ""set_flags"": 0, ""runtime_index"": 1290, ""file_offset"": 24324, ""floor_field"": 6, ""entity_id_field"": 17891, ""group"": 0, ""room"": 162, ""unknown_a3"": 0, ""position"": [12.739013671875, 1.0, -187.51611328125], ""angles"": [0, 61440, 0], ""params"": [1.0, 1.0, 1.0, 0, 0, 0], ""unused_pointer"": 71317968}"
government-ep4/q705-bb-j,6,207,"{""base_type"": 902, ""set_flags"": 0, ""runtime_index"": 1291, ""file_offset"": 24392, ""floor_field"": 6, ""entity_id_field"": 17892, ""group"": 0, ""room"": 162, ""unknown_a3"": 0, ""position"": [-13.857421875, -13.962501525878906, -190.3075714111328], ""angles"": [0, 36864, 0], ""params"": [1.0, 1.0, 1.0, 0, 0, 0], ""unused_pointer"": 71318192}"
government-ep4/q706-bb-e,7,175,"{""base_type"": 902, ""set_flags"": 0, ""runtime_index"": 1268, ""file_offset"": 13768, ""floor_field"": 7, ""entity_id_field"": 17937, ""group"": 0, ""room"": 42, ""unknown_a3"": 0, ""position"": [113.42910766601562, 0.0, -22.85308837890625], ""angles"": [0, 36864, 0], ""params"": [1.0, 1.0, 1.0, 1, 0, 0], ""unused_pointer"": 73546448}"
government-ep4/q706-bb-e,7,177,"{""base_type"": 902, ""set_flags"": 0, ""runtime_index"": 1264, ""file_offset"": 13904, ""floor_field"": 7, ""entity_id_field"": 17939, ""group"": 0, ""room"": 42, ""unknown_a3"": 0, ""position"": [63.549346923828125, 2.384185791015625e-07, 40.4876708984375], ""angles"": [0, 16384, 0], ""params"": [1.0, 1.0, 1.0, 1, 0, 0], ""unused_pointer"": 73570640}"
government-ep4/q706-bb-j,7,175,"{""base_type"": 902, ""set_flags"": 0, ""runtime_index"": 1268, ""file_offset"": 13768, ""floor_field"": 7, ""entity_id_field"": 17937, ""group"": 0, ""room"": 42, ""unknown_a3"": 0, ""position"": [113.42910766601562, 0.0, -22.85308837890625], ""angles"": [0, 36864, 0], ""params"": [1.0, 1.0, 1.0, 1, 0, 0], ""unused_pointer"": 73546448}"
government-ep4/q706-bb-j,7,177,"{""base_type"": 902, ""set_flags"": 0, ""runtime_index"": 1264, ""file_offset"": 13904, ""floor_field"": 7, ""entity_id_field"": 17939, ""group"": 0, ""room"": 42, ""unknown_a3"": 0, ""position"": [63.549346923828125, 2.384185791015625e-07, 40.4876708984375], ""angles"": [0, 16384, 0], ""params"": [1.0, 1.0, 1.0, 1, 0, 0], ""unused_pointer"": 73570640}"
government-ep4/q707-bb-e,8,88,"{""base_type"": 902, ""set_flags"": 0, ""runtime_index"": 1336, ""file_offset"": 7852, ""floor_field"": 8, ""entity_id_field"": 18847, ""group"": 0, ""room"": 90, ""unknown_a3"": 0, ""position"": [16.962890625, -7.0, -153.4798583984375], ""angles"": [0, 16384, 0], ""params"": [1.0, 1.0, 1.0, 0, 0, 0], ""unused_pointer"": 71277456}"
government-ep4/q707-bb-e,8,89,"{""base_type"": 902, ""set_flags"": 0, ""runtime_index"": 1337, ""file_offset"": 7920, ""floor_field"": 8, ""entity_id_field"": 18848, ""group"": 0, ""room"": 90, ""unknown_a3"": 0, ""position"": [-9.288330078125, -4.299999713897705, -145.1099853515625], ""angles"": [0, 40960, 0], ""params"": [1.0, 1.0, 1.0, 0, 0, 0], ""unused_pointer"": 71277680}"
government-ep4/q707-bb-e,8,140,"{""base_type"": 902, ""set_flags"": 0, ""runtime_index"": 1295, ""file_offset"": 11388, ""floor_field"": 8, ""entity_id_field"": 18145, ""group"": 0, ""room"": 171, ""unknown_a3"": 0, ""position"": [167.9447021484375, -1.9073486328125e-06, -25.22552490234375], ""angles"": [0, 16384, 0], ""params"": [1.0, 1.0, 1.0, 0, 0, 0], ""unused_pointer"": 71280240}"
government-ep4/q707-bb-e,8,141,"{""base_type"": 902, ""set_flags"": 0, ""runtime_index"": 1298, ""file_offset"": 11456, ""floor_field"": 8, ""entity_id_field"": 18150, ""group"": 0, ""room"": 171, ""unknown_a3"": 0, ""position"": [196.499267578125, -3.2000041007995605, 13.3756103515625], ""angles"": [0, 8192, 0], ""params"": [1.0, 1.0, 1.0, 0, 0, 0], ""unused_pointer"": 71285712}"
government-ep4/q707-bb-e,8,142,"{""base_type"": 902, ""set_flags"": 0, ""runtime_index"": 1297, ""file_offset"": 11524, ""floor_field"": 8, ""entity_id_field"": 18147, ""group"": 0, ""room"": 171, ""unknown_a3"": 0, ""position"": [165.011962890625, -1.9073486328125e-06, 4.61456298828125], ""angles"": [0, 61440, 0], ""params"": [1.0, 1.0, 1.0, 1, 0, 0], ""unused_pointer"": 71285936}"
government-ep4/q707-bb-j,8,88,"{""base_type"": 902, ""set_flags"": 0, ""runtime_index"": 1336, ""file_offset"": 7852, ""floor_field"": 8, ""entity_id_field"": 18847, ""group"": 0, ""room"": 90, ""unknown_a3"": 0, ""position"": [16.962890625, -7.0, -153.4798583984375], ""angles"": [0, 16384, 0], ""params"": [1.0, 1.0, 1.0, 0, 0, 0], ""unused_pointer"": 71277456}"
government-ep4/q707-bb-j,8,89,"{""base_type"": 902, ""set_flags"": 0, ""runtime_index"": 1337, ""file_offset"": 7920, ""floor_field"": 8, ""entity_id_field"": 18848, ""group"": 0, ""room"": 90, ""unknown_a3"": 0, ""position"": [-9.288330078125, -4.299999713897705, -145.1099853515625], ""angles"": [0, 40960, 0], ""params"": [1.0, 1.0, 1.0, 0, 0, 0], ""unused_pointer"": 71277680}"
government-ep4/q707-bb-j,8,140,"{""base_type"": 902, ""set_flags"": 0, ""runtime_index"": 1295, ""file_offset"": 11388, ""floor_field"": 8, ""entity_id_field"": 18145, ""group"": 0, ""room"": 171, ""unknown_a3"": 0, ""position"": [167.9447021484375, -1.9073486328125e-06, -25.22552490234375], ""angles"": [0, 16384, 0], ""params"": [1.0, 1.0, 1.0, 0, 0, 0], ""unused_pointer"": 71280240}"
government-ep4/q707-bb-j,8,141,"{""base_type"": 902, ""set_flags"": 0, ""runtime_index"": 1298, ""file_offset"": 11456, ""floor_field"": 8, ""entity_id_field"": 18150, ""group"": 0, ""room"": 171, ""unknown_a3"": 0, ""position"": [196.499267578125, -3.2000041007995605, 13.3756103515625], ""angles"": [0, 8192, 0], ""params"": [1.0, 1.0, 1.0, 0, 0, 0], ""unused_pointer"": 71285712}"
government-ep4/q707-bb-j,8,142,"{""base_type"": 902, ""set_flags"": 0, ""runtime_index"": 1297, ""file_offset"": 11524, ""floor_field"": 8, ""entity_id_field"": 18147, ""group"": 0, ""room"": 171, ""unknown_a3"": 0, ""position"": [165.011962890625, -1.9073486328125e-06, 4.61456298828125], ""angles"": [0, 61440, 0], ""params"": [1.0, 1.0, 1.0, 1, 0, 0], ""unused_pointer"": 71285936}"
government-ep4/q708-bb-e,7,0,"{""base_type"": 902, ""set_flags"": 0, ""runtime_index"": 1338, ""file_offset"": 8004, ""floor_field"": 7, ""entity_id_field"": 18039, ""group"": 0, ""room"": 10, ""unknown_a3"": 0, ""position"": [-44.54542922973633, -9.5367431640625e-07, -394.4044189453125], ""angles"": [0, 8192, 0], ""params"": [1.0, 1.0, 1.0, 1, 0, 0], ""unused_pointer"": 73546176}"
government-ep4/q708-bb-e,7,2,"{""base_type"": 902, ""set_flags"": 0, ""runtime_index"": 1378, ""file_offset"": 8140, ""floor_field"": 7, ""entity_id_field"": 18041, ""group"": 0, ""room"": 10, ""unknown_a3"": 0, ""position"": [10.09999942779541, 0.0, -144.25999450683594], ""angles"": [0, 20480, 0], ""params"": [1.0, 1.0, 1.0, 1, 0, 0], ""unused_pointer"": 73570176}"
government-ep4/q708-bb-e,7,3,"{""base_type"": 902, ""set_flags"": 0, ""runtime_index"": 1341, ""file_offset"": 8208, ""floor_field"": 7, ""entity_id_field"": 18042, ""group"": 0, ""room"": 10, ""unknown_a3"": 0, ""position"": [6.014507293701172, 0.0, -115.81881713867188], ""angles"": [0, 28672, 0], ""params"": [1.0, 1.0, 1.0, 2, 0, 0], ""unused_pointer"": 73570400}"
government-ep4/q708-bb-e,7,4,"{""base_type"": 902, ""set_flags"": 0, ""runtime_index"": 1342, ""file_offset"": 8276, ""floor_field"": 7, ""entity_id_field"": 18043, ""group"": 0, ""room"": 10, ""unknown_a3"": 0, ""position"": [-35.39317321777344, 0.0, 134.8711395263672], ""angles"": [0, 40960, 0], ""params"": [1.0, 1.0, 1.0, 1, 0, 0], ""unused_pointer"": 73570624}"
government-ep4/q708-bb-e,7,5,"{""base_type"": 902, ""set_flags"": 0, ""runtime_index"": 1343, ""file_offset"": 8344, ""floor_field"": 7, ""entity_id_field"": 18044, ""group"": 0, ""room"": 10, ""unknown_a3"": 0, ""position"": [-51.2468147277832, 0.0, 349.84893798828125], ""angles"": [0, 40960, 0], ""params"": [1.0, 1.0, 1.0, 2, 0, 0], ""unused_pointer"": 73570848}"
government-ep4/q708-bb-e,7,6,"{""base_type"": 902, ""set_flags"": 0, ""runtime_index"": 1344, ""file_offset"": 8412, ""floor_field"": 7, ""entity_id_field"": 18045, ""group"": 0, ""room"": 10, ""unknown_a3"": 0, ""position"": [-30.69756507873535, 0.0, 364.7698059082031], ""angles"": [0, 28672, 0], ""params"": [1.0, 1.0, 1.0, 2, 0, 0], ""unused_pointer"": 73571072}"
government-ep4/q708-bb-e,7,7,"{""base_type"": 902, ""set_flags"": 0, ""runtime_index"": 1345, ""file_offset"": 8480, ""floor_field"": 7, ""entity_id_field"": 18046, ""group"": 0, ""room"": 10, ""unknown_a3"": 0, ""position"": [-53.19878005981445, 0.0, 383.404296875], ""angles"": [0, 53248, 0], ""params"": [1.0, 1.0, 1.0, 2, 0, 0], ""unused_pointer"": 73571296}"
government-ep4/q708-bb-e,7,8,"{""base_type"": 902, ""set_flags"": 0, ""runtime_index"": 1365, ""file_offset"": 8548, ""floor_field"": 7, ""entity_id_field"": 18047, ""group"": 0, ""room"": 10, ""unknown_a3"": 0, ""position"": [-140.0088653564453, 0.0, 340.6230773925781], ""angles"": [0, 61440, 0], ""params"": [1.0, 1.0, 1.0, 1, 0, 0], ""unused_pointer"": 73571520}"
government-ep4/q708-bb-e,7,9,"{""base_type"": 902, ""set_flags"": 0, ""runtime_index"": 1347, ""file_offset"": 8616, ""floor_field"": 7, ""entity_id_field"": 18048, ""group"": 0, ""room"": 10, ""unknown_a3"": 0, ""position"": [-143.4534912109375, 0.0, 216.43389892578125], ""angles"": [0, 12288, 0], ""params"": [1.0, 1.0, 1.0, 1, 0, 0], ""unused_pointer"": 73571744}"
government-ep4/q708-bb-e,7,10,"{""base_type"": 902, ""set_flags"": 0, ""runtime_index"": 1348, ""file_offset"": 8684, ""floor_field"": 7, ""entity_id_field"": 18049, ""group"": 0, ""room"": 10, ""unknown_a3"": 0, ""position"": [-167.41647338867188, 0.0, -77.51887512207031], ""angles"": [0, 53248, 0], ""params"": [1.0, 1.0, 1.0, 1, 0, 0], ""unused_pointer"": 73571968}"
government-ep4/q708-bb-e,7,11,"{""base_type"": 902, ""set_flags"": 0, ""runtime_index"": 1349, ""file_offset"": 8752, ""floor_field"": 7, ""entity_id_field"": 18050, ""group"": 0, ""room"": 10, ""unknown_a3"": 0, ""position"": [-92.46076202392578, 0.0, -177.69357299804688], ""angles"": [0, 73728, 0], ""params"": [1.0, 1.0, 1.0, 1, 0, 0], ""unused_pointer"": 73572192}"
government-ep4/q708-bb-e,7,12,"{""base_type"": 902, ""set_flags"": 0, ""runtime_index"": 1350, ""file_offset"": 8820, ""floor_field"": 7, ""entity_id_field"": 18051, ""group"": 0, ""room"": 10, ""unknown_a3"": 0, ""position"": [-161.43524169921875, 0.0, -396.24261474609375], ""angles"": [0, 73728, 0], ""params"": [1.0, 1.0, 1.0, 1, 0, 0], ""unused_pointer"": 73572416}"
government-ep4/q708-bb-e,7,13,"{""base_type"": 902, ""set_flags"": 0, ""runtime_index"": 1352, ""file_offset"": 8888, ""floor_field"": 7, ""entity_id_field"": 18052, ""group"": 0, ""room"": 10, ""unknown_a3"": 0, ""position"": [-359.81951904296875, 0.0, 372.9935607910156], ""angles"": [0, 61440, 0], ""params"": [1.0, 1.0, 1.0, 1, 0, 0], ""unused_pointer"": 73572640}"
government-ep4/q708-bb-e,7,14,"{""base_type"": 902, ""set_flags"": 0, ""runtime_index"": 1353, ""file_offset"": 8956, ""floor_field"": 7, ""entity_id_field"": 18053, ""group"": 0, ""room"": 10, ""unknown_a3"": 0, ""position"": [-371.652587890625, -4.76837158203125e-07, 171.3696746826172], ""angles"": [0, 12288, 0], ""params"": [1.0, 1.0, 1.0, 1, 0, 0], ""unused_pointer"": 73572864}"
government-ep4/q708-bb-e,7,15,"{""base_type"": 902, ""set_flags"": 0, ""runtime_index"": 1354, ""file_offset"": 9024, ""floor_field"": 7, ""entity_id_field"": 18054, ""group"": 0, ""room"": 10, ""unknown_a3"": 0, ""position"": [-329.6485290527344, 0.0, 97.30728149414062], ""angles"": [0, 0, 0], ""params"": [1.0, 1.0, 1.0, 1, 0, 0], ""unused_pointer"": 73573088}"
government-ep4/q708-bb-e,7,16,"{""base_type"": 902, ""set_flags"": 0, ""runtime_index"": 1355, ""file_offset"": 9092, ""floor_field"": 7, ""entity_id_field"": 18055, ""group"": 0, ""room"": 10, ""unknown_a3"": 0, ""position"": [-138.48782348632812, 0.0, 101.17556762695312], ""angles"": [0, 0, 0], ""params"": [1.0, 1.0, 1.0, 1, 0, 0], ""unused_pointer"": 73573312}"
government-ep4/q708-bb-e,7,17,"{""base_type"": 902, ""set_flags"": 0, ""runtime_index"": 1356, ""file_offset"": 9160, ""floor_field"": 7, ""entity_id_field"": 18056, ""group"": 0, ""room"": 10, ""unknown_a3"": 0, ""position"": [-387.5007629394531, 0.0, -101.29676818847656], ""angles"": [0, 12288, 0], ""params"": [1.0, 1.0, 1.0, 1, 0, 0], ""unused_pointer"": 73573536}"
government-ep4/q708-bb-e,7,18,"{""base_type"": 902, ""set_flags"": 0, ""runtime_index"": 1357, ""file_offset"": 9228, ""floor_field"": 7, ""entity_id_field"": 18057, ""group"": 0, ""room"": 10, ""unknown_a3"": 0, ""position"": [-337.6998291015625, 0.0, -187.21018981933594], ""angles"": [0, 0, 0], ""params"": [1.0, 1.0, 1.0, 1, 0, 0], ""unused_pointer"": 73573760}"
government-ep4/q708-bb-e,7,19,"{""base_type"": 902, ""set_flags"": 0, ""runtime_index"": 1358, ""file_offset"": 9296, ""floor_field"": 7, ""entity_id_field"": 18058, ""group"": 0, ""room"": 10, ""unknown_a3"": 0, ""position"": [-369.18109130859375, 0.00948333740234375, -410.07354736328125], ""angles"": [0, 0, 0], ""params"": [1.0, 1.0, 1.0, 1, 0, 0], ""unused_pointer"": 73573984}"
government-ep4/q708-bb-e,7,20,"{""base_type"": 902, ""set_flags"": 0, ""runtime_index"": 1360, ""file_offset"": 9364, ""floor_field"": 7, ""entity_id_field"": 18059, ""group"": 0, ""room"": 10, ""unknown_a3"": 0, ""position"": [-301.1643371582031, 0.0, -360.4292297363281], ""angles"": [0, 49152, 0], ""params"": [1.0, 1.0, 1.0, 1, 0, 0], ""unused_pointer"": 73574208}"
government-ep4/q708-bb-e,7,21,"{""base_type"": 902, ""set_flags"": 0, ""runtime_index"": 1361, ""file_offset"": 9432, ""floor_field"": 7, ""entity_id_field"": 18060, ""group"": 0, ""room"": 10, ""unknown_a3"": 0, ""position"": [-388.71142578125, 4.76837158203125e-07, -321.9046325683594], ""angles"": [0, 49152, 0], ""params"": [1.0, 1.0, 1.0, 0, 0, 0], ""unused_pointer"": 73574432}"
government-ep4/q708-bb-e,7,22,"{""base_type"": 902, ""set_flags"": 0, ""runtime_index"": 1362, ""file_offset"": 9500, ""floor_field"": 7, ""entity_id_field"": 18061, ""group"": 0, ""room"": 10, ""unknown_a3"": 0, ""position"": [-241.0279541015625, 0.0, -130.11215209960938], ""angles"": [0, 49152, 0], ""params"": [1.0, 1.0, 1.0, 0, 0, 0], ""unused_pointer"": 73574656}"
government-ep4/q708-bb-e,7,23,"{""base_type"": 902, ""set_flags"": 0, ""runtime_index"": 1363, ""file_offset"": 9568, ""floor_field"": 7, ""entity_id_field"": 18062, ""group"": 0, ""room"": 10, ""unknown_a3"": 0, ""position"": [-394.8480529785156, 0.0, 14.138477325439453], ""angles"": [0, 49152, 0], ""params"": [1.0, 1.0, 1.0, 0, 0, 0], ""unused_pointer"": 73574880}"
government-ep4/q708-bb-e,7,24,"{""base_type"": 902, ""set_flags"": 0, ""runtime_index"": 1364, ""file_offset"": 9636, ""floor_field"": 7, ""entity_id_field"": 18063, ""group"": 0, ""room"": 10, ""unknown_a3"": 0, ""position"": [-218.44015502929688, 0.0, 427.814208984375], ""angles"": [0, 49152, 0], ""params"": [1.0, 1.0, 1.0, 0, 0, 0], ""unused_pointer"": 73575104}"
government-ep4/q708-bb-e,7,25,"{""base_type"": 902, ""set_flags"": 0, ""runtime_index"": 1366, ""file_offset"": 9704, ""floor_field"": 7, ""entity_id_field"": 18064, ""group"": 0, ""room"": 10, ""unknown_a3"": 0, ""position"": [-295.2591247558594, 0.0, 380.9298095703125], ""angles"": [0, 49152, 0], ""params"": [1.0, 1.0, 1.0, 0, 0, 0], ""unused_pointer"": 73575328}"
government-ep4/q708-bb-e,7,26,"{""base_type"": 902, ""set_flags"": 0, ""runtime_index"": 1367, ""file_offset"": 9772, ""floor_field"": 7, ""entity_id_field"": 18065, ""group"": 0, ""room"": 10, ""unknown_a3"": 0, ""position"": [-88.51640319824219, 0.0, -110.47327423095703], ""angles"": [0, 49152, 0], ""params"": [1.0, 1.0, 1.0, 0, 0, 0], ""unused_pointer"": 73575552}"
government-ep4/q708-bb-e,7,27,"{""base_type"": 902, ""set_flags"": 0, ""runtime_index"": 1368, ""file_offset"": 9840, ""floor_field"": 7, ""entity_id_field"": 18066, ""group"": 0, ""room"": 10, ""unknown_a3"": 0, ""position"": [-209.4418487548828, 0.0, 142.79769897460938], ""angles"": [0, 49152, 0], ""params"": [1.0, 1.0, 1.0, 0, 0, 0], ""unused_pointer"": 73575776}"
government-ep4/q708-bb-e,7,28,"{""base_type"": 902, ""set_flags"": 0, ""runtime_index"": 1369, ""file_offset"": 9908, ""floor_field"": 7, ""entity_id_field"": 18067, ""group"": 0, ""room"": 10, ""unknown_a3"": 0, ""position"": [-127.27085876464844, 0.0, -283.6432800292969], ""angles"": [0, 36864, 0], ""params"": [1.0, 1.0, 1.0, 0, 0, 0], ""unused_pointer"": 73576000}"
government-ep4/q708-bb-e,7,29,"{""base_type"": 902, ""set_flags"": 0, ""runtime_index"": 1370, ""file_offset"": 9976, ""floor_field"": 7, ""entity_id_field"": 18068, ""group"": 0, ""room"": 10, ""unknown_a3"": 0, ""position"": [-146.220947265625, 0.0, 18.177940368652344], ""angles"": [0, 36864, 0], ""params"": [1.0, 1.0, 1.0, 0, 0, 0], ""unused_pointer"": 73576224}"
government-ep4/q708-bb-e,7,30,"{""base_type"": 902, ""set_flags"": 0, ""runtime_index"": 1371, ""file_offset"": 10044, ""floor_field"": 7, ""entity_id_field"": 18069, ""group"": 0, ""room"": 10, ""unknown_a3"": 0, ""position"": [-83.48523712158203, 0.0, 165.5038604736328], ""angles"": [0, 24576, 0], ""params"": [1.0, 1.0, 1.0, 0, 0, 0], ""unused_pointer"": 73576448}"
government-ep4/q708-bb-e,7,31,"{""base_type"": 902, ""set_flags"": 0, ""runtime_index"": 1372, ""file_offset"": 10112, ""floor_field"": 7, ""entity_id_field"": 18070, ""group"": 0, ""room"": 10, ""unknown_a3"": 0, ""position"": [-102.76634216308594, 4.76837158203125e-07, 378.1213073730469], ""angles"": [0, 24576, 0], ""params"": [1.0, 1.0, 1.0, 0, 0, 0], ""unused_pointer"": 73576672}"
government-ep4/q708-bb-e,7,32,"{""base_type"": 902, ""set_flags"": 0, ""runtime_index"": 1375, ""file_offset"": 10180, ""floor_field"": 7, ""entity_id_field"": 18071, ""group"": 0, ""room"": 10, ""unknown_a3"": 0, ""position"": [-20.98537254333496, 0.0, -359.2931823730469], ""angles"": [0, 8192, 0], ""params"": [1.0, 1.0, 1.0, 2, 0, 0], ""unused_pointer"": 73576896}"
government-ep4/q708-bb-e,7,41,"{""base_type"": 902, ""set_flags"": 0, ""runtime_index"": 1338, ""file_offset"": 10792, ""floor_field"": 7, ""entity_id_field"": 18080, ""group"": 0, ""room"": 10, ""unknown_a3"": 0, ""position"": [382.0899963378906, 0.0, -269.1399841308594], ""angles"": [0, 0, 0], ""params"": [1.0, 1.0, 1.0, 1, 0, 0], ""unused_pointer"": 73578960}"
government-ep4/q708-bb-j,7,0,"{""base_type"": 902, ""set_flags"": 0, ""runtime_index"": 1338, ""file_offset"": 8004, ""floor_field"": 7, ""entity_id_field"": 18039, ""group"": 0, ""room"": 10, ""unknown_a3"": 0, ""position"": [-44.54542922973633, -9.5367431640625e-07, -394.4044189453125], ""angles"": [0, 8192, 0], ""params"": [1.0, 1.0, 1.0, 1, 0, 0], ""unused_pointer"": 73546176}"
government-ep4/q708-bb-j,7,2,"{""base_type"": 902, ""set_flags"": 0, ""runtime_index"": 1378, ""file_offset"": 8140, ""floor_field"": 7, ""entity_id_field"": 18041, ""group"": 0, ""room"": 10, ""unknown_a3"": 0, ""position"": [10.09999942779541, 0.0, -144.25999450683594], ""angles"": [0, 20480, 0], ""params"": [1.0, 1.0, 1.0, 1, 0, 0], ""unused_pointer"": 73570176}"
government-ep4/q708-bb-j,7,3,"{""base_type"": 902, ""set_flags"": 0, ""runtime_index"": 1341, ""file_offset"": 8208, ""floor_field"": 7, ""entity_id_field"": 18042, ""group"": 0, ""room"": 10, ""unknown_a3"": 0, ""position"": [6.014507293701172, 0.0, -115.81881713867188], ""angles"": [0, 28672, 0], ""params"": [1.0, 1.0, 1.0, 2, 0, 0], ""unused_pointer"": 73570400}"
government-ep4/q708-bb-j,7,4,"{""base_type"": 902, ""set_flags"": 0, ""runtime_index"": 1342, ""file_offset"": 8276, ""floor_field"": 7, ""entity_id_field"": 18043, ""group"": 0, ""room"": 10, ""unknown_a3"": 0, ""position"": [-35.39317321777344, 0.0, 134.8711395263672], ""angles"": [0, 40960, 0], ""params"": [1.0, 1.0, 1.0, 1, 0, 0], ""unused_pointer"": 73570624}"
government-ep4/q708-bb-j,7,5,"{""base_type"": 902, ""set_flags"": 0, ""runtime_index"": 1343, ""file_offset"": 8344, ""floor_field"": 7, ""entity_id_field"": 18044, ""group"": 0, ""room"": 10, ""unknown_a3"": 0, ""position"": [-51.2468147277832, 0.0, 349.84893798828125], ""angles"": [0, 40960, 0], ""params"": [1.0, 1.0, 1.0, 2, 0, 0], ""unused_pointer"": 73570848}"
government-ep4/q708-bb-j,7,6,"{""base_type"": 902, ""set_flags"": 0, ""runtime_index"": 1344, ""file_offset"": 8412, ""floor_field"": 7, ""entity_id_field"": 18045, ""group"": 0, ""room"": 10, ""unknown_a3"": 0, ""position"": [-30.69756507873535, 0.0, 364.7698059082031], ""angles"": [0, 28672, 0], ""params"": [1.0, 1.0, 1.0, 2, 0, 0], ""unused_pointer"": 73571072}"
government-ep4/q708-bb-j,7,7,"{""base_type"": 902, ""set_flags"": 0, ""runtime_index"": 1345, ""file_offset"": 8480, ""floor_field"": 7, ""entity_id_field"": 18046, ""group"": 0, ""room"": 10, ""unknown_a3"": 0, ""position"": [-53.19878005981445, 0.0, 383.404296875], ""angles"": [0, 53248, 0], ""params"": [1.0, 1.0, 1.0, 2, 0, 0], ""unused_pointer"": 73571296}"
government-ep4/q708-bb-j,7,8,"{""base_type"": 902, ""set_flags"": 0, ""runtime_index"": 1365, ""file_offset"": 8548, ""floor_field"": 7, ""entity_id_field"": 18047, ""group"": 0, ""room"": 10, ""unknown_a3"": 0, ""position"": [-140.0088653564453, 0.0, 340.6230773925781], ""angles"": [0, 61440, 0], ""params"": [1.0, 1.0, 1.0, 1, 0, 0], ""unused_pointer"": 73571520}"
government-ep4/q708-bb-j,7,9,"{""base_type"": 902, ""set_flags"": 0, ""runtime_index"": 1347, ""file_offset"": 8616, ""floor_field"": 7, ""entity_id_field"": 18048, ""group"": 0, ""room"": 10, ""unknown_a3"": 0, ""position"": [-143.4534912109375, 0.0, 216.43389892578125], ""angles"": [0, 12288, 0], ""params"": [1.0, 1.0, 1.0, 1, 0, 0], ""unused_pointer"": 73571744}"
government-ep4/q708-bb-j,7,10,"{""base_type"": 902, ""set_flags"": 0, ""runtime_index"": 1348, ""file_offset"": 8684, ""floor_field"": 7, ""entity_id_field"": 18049, ""group"": 0, ""room"": 10, ""unknown_a3"": 0, ""position"": [-167.41647338867188, 0.0, -77.51887512207031], ""angles"": [0, 53248, 0], ""params"": [1.0, 1.0, 1.0, 1, 0, 0], ""unused_pointer"": 73571968}"
government-ep4/q708-bb-j,7,11,"{""base_type"": 902, ""set_flags"": 0, ""runtime_index"": 1349, ""file_offset"": 8752, ""floor_field"": 7, ""entity_id_field"": 18050, ""group"": 0, ""room"": 10, ""unknown_a3"": 0, ""position"": [-92.46076202392578, 0.0, -177.69357299804688], ""angles"": [0, 73728, 0], ""params"": [1.0, 1.0, 1.0, 1, 0, 0], ""unused_pointer"": 73572192}"
government-ep4/q708-bb-j,7,12,"{""base_type"": 902, ""set_flags"": 0, ""runtime_index"": 1350, ""file_offset"": 8820, ""floor_field"": 7, ""entity_id_field"": 18051, ""group"": 0, ""room"": 10, ""unknown_a3"": 0, ""position"": [-161.43524169921875, 0.0, -396.24261474609375], ""angles"": [0, 73728, 0], ""params"": [1.0, 1.0, 1.0, 1, 0, 0], ""unused_pointer"": 73572416}"
government-ep4/q708-bb-j,7,13,"{""base_type"": 902, ""set_flags"": 0, ""runtime_index"": 1352, ""file_offset"": 8888, ""floor_field"": 7, ""entity_id_field"": 18052, ""group"": 0, ""room"": 10, ""unknown_a3"": 0, ""position"": [-359.81951904296875, 0.0, 372.9935607910156], ""angles"": [0, 61440, 0], ""params"": [1.0, 1.0, 1.0, 1, 0, 0], ""unused_pointer"": 73572640}"
government-ep4/q708-bb-j,7,14,"{""base_type"": 902, ""set_flags"": 0, ""runtime_index"": 1353, ""file_offset"": 8956, ""floor_field"": 7, ""entity_id_field"": 18053, ""group"": 0, ""room"": 10, ""unknown_a3"": 0, ""position"": [-371.652587890625, -4.76837158203125e-07, 171.3696746826172], ""angles"": [0, 12288, 0], ""params"": [1.0, 1.0, 1.0, 1, 0, 0], ""unused_pointer"": 73572864}"
government-ep4/q708-bb-j,7,15,"{""base_type"": 902, ""set_flags"": 0, ""runtime_index"": 1354, ""file_offset"": 9024, ""floor_field"": 7, ""entity_id_field"": 18054, ""group"": 0, ""room"": 10, ""unknown_a3"": 0, ""position"": [-329.6485290527344, 0.0, 97.30728149414062], ""angles"": [0, 0, 0], ""params"": [1.0, 1.0, 1.0, 1, 0, 0], ""unused_pointer"": 73573088}"
government-ep4/q708-bb-j,7,16,"{""base_type"": 902, ""set_flags"": 0, ""runtime_index"": 1355, ""file_offset"": 9092, ""floor_field"": 7, ""entity_id_field"": 18055, ""group"": 0, ""room"": 10, ""unknown_a3"": 0, ""position"": [-138.48782348632812, 0.0, 101.17556762695312], ""angles"": [0, 0, 0], ""params"": [1.0, 1.0, 1.0, 1, 0, 0], ""unused_pointer"": 73573312}"
government-ep4/q708-bb-j,7,17,"{""base_type"": 902, ""set_flags"": 0, ""runtime_index"": 1356, ""file_offset"": 9160, ""floor_field"": 7, ""entity_id_field"": 18056, ""group"": 0, ""room"": 10, ""unknown_a3"": 0, ""position"": [-387.5007629394531, 0.0, -101.29676818847656], ""angles"": [0, 12288, 0], ""params"": [1.0, 1.0, 1.0, 1, 0, 0], ""unused_pointer"": 73573536}"
government-ep4/q708-bb-j,7,18,"{""base_type"": 902, ""set_flags"": 0, ""runtime_index"": 1357, ""file_offset"": 9228, ""floor_field"": 7, ""entity_id_field"": 18057, ""group"": 0, ""room"": 10, ""unknown_a3"": 0, ""position"": [-337.6998291015625, 0.0, -187.21018981933594], ""angles"": [0, 0, 0], ""params"": [1.0, 1.0, 1.0, 1, 0, 0], ""unused_pointer"": 73573760}"
government-ep4/q708-bb-j,7,19,"{""base_type"": 902, ""set_flags"": 0, ""runtime_index"": 1358, ""file_offset"": 9296, ""floor_field"": 7, ""entity_id_field"": 18058, ""group"": 0, ""room"": 10, ""unknown_a3"": 0, ""position"": [-369.18109130859375, 0.00948333740234375, -410.07354736328125], ""angles"": [0, 0, 0], ""params"": [1.0, 1.0, 1.0, 1, 0, 0], ""unused_pointer"": 73573984}"
government-ep4/q708-bb-j,7,20,"{""base_type"": 902, ""set_flags"": 0, ""runtime_index"": 1360, ""file_offset"": 9364, ""floor_field"": 7, ""entity_id_field"": 18059, ""group"": 0, ""room"": 10, ""unknown_a3"": 0, ""position"": [-301.1643371582031, 0.0, -360.4292297363281], ""angles"": [0, 49152, 0], ""params"": [1.0, 1.0, 1.0, 1, 0, 0], ""unused_pointer"": 73574208}"
government-ep4/q708-bb-j,7,21,"{""base_type"": 902, ""set_flags"": 0, ""runtime_index"": 1361, ""file_offset"": 9432, ""floor_field"": 7, ""entity_id_field"": 18060, ""group"": 0, ""room"": 10, ""unknown_a3"": 0, ""position"": [-388.71142578125, 4.76837158203125e-07, -321.9046325683594], ""angles"": [0, 49152, 0], ""params"": [1.0, 1.0, 1.0, 0, 0, 0], ""unused_pointer"": 73574432}"
government-ep4/q708-bb-j,7,22,"{""base_type"": 902, ""set_flags"": 0, ""runtime_index"": 1362, ""file_offset"": 9500, ""floor_field"": 7, ""entity_id_field"": 18061, ""group"": 0, ""room"": 10, ""unknown_a3"": 0, ""position"": [-241.0279541015625, 0.0, -130.11215209960938], ""angles"": [0, 49152, 0], ""params"": [1.0, 1.0, 1.0, 0, 0, 0], ""unused_pointer"": 73574656}"
government-ep4/q708-bb-j,7,23,"{""base_type"": 902, ""set_flags"": 0, ""runtime_index"": 1363, ""file_offset"": 9568, ""floor_field"": 7, ""entity_id_field"": 18062, ""group"": 0, ""room"": 10, ""unknown_a3"": 0, ""position"": [-394.8480529785156, 0.0, 14.138477325439453], ""angles"": [0, 49152, 0], ""params"": [1.0, 1.0, 1.0, 0, 0, 0], ""unused_pointer"": 73574880}"
government-ep4/q708-bb-j,7,24,"{""base_type"": 902, ""set_flags"": 0, ""runtime_index"": 1364, ""file_offset"": 9636, ""floor_field"": 7, ""entity_id_field"": 18063, ""group"": 0, ""room"": 10, ""unknown_a3"": 0, ""position"": [-218.44015502929688, 0.0, 427.814208984375], ""angles"": [0, 49152, 0], ""params"": [1.0, 1.0, 1.0, 0, 0, 0], ""unused_pointer"": 73575104}"
government-ep4/q708-bb-j,7,25,"{""base_type"": 902, ""set_flags"": 0, ""runtime_index"": 1366, ""file_offset"": 9704, ""floor_field"": 7, ""entity_id_field"": 18064, ""group"": 0, ""room"": 10, ""unknown_a3"": 0, ""position"": [-295.2591247558594, 0.0, 380.9298095703125], ""angles"": [0, 49152, 0], ""params"": [1.0, 1.0, 1.0, 0, 0, 0], ""unused_pointer"": 73575328}"
government-ep4/q708-bb-j,7,26,"{""base_type"": 902, ""set_flags"": 0, ""runtime_index"": 1367, ""file_offset"": 9772, ""floor_field"": 7, ""entity_id_field"": 18065, ""group"": 0, ""room"": 10, ""unknown_a3"": 0, ""position"": [-88.51640319824219, 0.0, -110.47327423095703], ""angles"": [0, 49152, 0], ""params"": [1.0, 1.0, 1.0, 0, 0, 0], ""unused_pointer"": 73575552}"
government-ep4/q708-bb-j,7,27,"{""base_type"": 902, ""set_flags"": 0, ""runtime_index"": 1368, ""file_offset"": 9840, ""floor_field"": 7, ""entity_id_field"": 18066, ""group"": 0, ""room"": 10, ""unknown_a3"": 0, ""position"": [-209.4418487548828, 0.0, 142.79769897460938], ""angles"": [0, 49152, 0], ""params"": [1.0, 1.0, 1.0, 0, 0, 0], ""unused_pointer"": 73575776}"
government-ep4/q708-bb-j,7,28,"{""base_type"": 902, ""set_flags"": 0, ""runtime_index"": 1369, ""file_offset"": 9908, ""floor_field"": 7, ""entity_id_field"": 18067, ""group"": 0, ""room"": 10, ""unknown_a3"": 0, ""position"": [-127.27085876464844, 0.0, -283.6432800292969], ""angles"": [0, 36864, 0], ""params"": [1.0, 1.0, 1.0, 0, 0, 0], ""unused_pointer"": 73576000}"
government-ep4/q708-bb-j,7,29,"{""base_type"": 902, ""set_flags"": 0, ""runtime_index"": 1370, ""file_offset"": 9976, ""floor_field"": 7, ""entity_id_field"": 18068, ""group"": 0, ""room"": 10, ""unknown_a3"": 0, ""position"": [-146.220947265625, 0.0, 18.177940368652344], ""angles"": [0, 36864, 0], ""params"": [1.0, 1.0, 1.0, 0, 0, 0], ""unused_pointer"": 73576224}"
government-ep4/q708-bb-j,7,30,"{""base_type"": 902, ""set_flags"": 0, ""runtime_index"": 1371, ""file_offset"": 10044, ""floor_field"": 7, ""entity_id_field"": 18069, ""group"": 0, ""room"": 10, ""unknown_a3"": 0, ""position"": [-83.48523712158203, 0.0, 165.5038604736328], ""angles"": [0, 24576, 0], ""params"": [1.0, 1.0, 1.0, 0, 0, 0], ""unused_pointer"": 73576448}"
government-ep4/q708-bb-j,7,31,"{""base_type"": 902, ""set_flags"": 0, ""runtime_index"": 1372, ""file_offset"": 10112, ""floor_field"": 7, ""entity_id_field"": 18070, ""group"": 0, ""room"": 10, ""unknown_a3"": 0, ""position"": [-102.76634216308594, 4.76837158203125e-07, 378.1213073730469], ""angles"": [0, 24576, 0], ""params"": [1.0, 1.0, 1.0, 0, 0, 0], ""unused_pointer"": 73576672}"
government-ep4/q708-bb-j,7,32,"{""base_type"": 902, ""set_flags"": 0, ""runtime_index"": 1375, ""file_offset"": 10180, ""floor_field"": 7, ""entity_id_field"": 18071, ""group"": 0, ""room"": 10, ""unknown_a3"": 0, ""position"": [-20.98537254333496, 0.0, -359.2931823730469], ""angles"": [0, 8192, 0], ""params"": [1.0, 1.0, 1.0, 2, 0, 0], ""unused_pointer"": 73576896}"
government-ep4/q708-bb-j,7,41,"{""base_type"": 902, ""set_flags"": 0, ""runtime_index"": 1338, ""file_offset"": 10792, ""floor_field"": 7, ""entity_id_field"": 18080, ""group"": 0, ""room"": 10, ""unknown_a3"": 0, ""position"": [382.0899963378906, 0.0, -269.1399841308594], ""angles"": [0, 0, 0], ""params"": [1.0, 1.0, 1.0, 1, 0, 0], ""unused_pointer"": 73578960}"
maximum-attack-ep4/q303-bb-e,5,6,"{""base_type"": 902, ""set_flags"": 0, ""runtime_index"": 1483, ""file_offset"": 2412, ""floor_field"": 5, ""entity_id_field"": 17907, ""group"": 0, ""room"": 50, ""unknown_a3"": 0, ""position"": [76.43756103515625, -22.25, 312.94873046875], ""angles"": [0, 0, 0], ""params"": [1.0, 1.0, 1.0, 1, 0, 0], ""unused_pointer"": 47096496}"
maximum-attack-ep4/q303-bb-e,5,11,"{""base_type"": 902, ""set_flags"": 0, ""runtime_index"": 1481, ""file_offset"": 2752, ""floor_field"": 5, ""entity_id_field"": 17912, ""group"": 0, ""room"": 50, ""unknown_a3"": 0, ""position"": [-378.3103332519531, -44.77777099609375, -1.28167724609375], ""angles"": [0, 0, 0], ""params"": [1.0, 1.0, 1.0, 1, 0, 0], ""unused_pointer"": 47097680}"
maximum-attack-ep4/q303-bb-e,5,14,"{""base_type"": 902, ""set_flags"": 0, ""runtime_index"": 1487, ""file_offset"": 2956, ""floor_field"": 5, ""entity_id_field"": 17976, ""group"": 0, ""room"": 50, ""unknown_a3"": 0, ""position"": [214.2393798828125, -15.44500732421875, 251.87716674804688], ""angles"": [0, 0, 0], ""params"": [1.0, 1.0, 1.0, 0, 0, 0], ""unused_pointer"": 47096960}"
maximum-attack-ep4/q303-bb-e,5,15,"{""base_type"": 902, ""set_flags"": 0, ""runtime_index"": 1482, ""file_offset"": 3024, ""floor_field"": 5, ""entity_id_field"": 17917, ""group"": 0, ""room"": 50, ""unknown_a3"": 0, ""position"": [137.47296142578125, -21.949981689453125, 409.7222900390625], ""angles"": [0, 0, 0], ""params"": [1.0, 1.0, 1.0, 1, 0, 0], ""unused_pointer"": 47098864}"
maximum-attack-ep4/q303-bb-e,5,33,"{""base_type"": 902, ""set_flags"": 0, ""runtime_index"": 1488, ""file_offset"": 4248, ""floor_field"": 5, ""entity_id_field"": 17902, ""group"": 0, ""room"": 60, ""unknown_a3"": 0, ""position"": [-339.7115478515625, -44.66998291015625, 287.67694091796875], ""angles"": [0, 0, 0], ""params"": [1.0, 1.0, 1.0, 1, 0, 0], ""unused_pointer"": 53452336}"
maximum-attack-ep4/q303-bb-e,5,34,"{""base_type"": 902, ""set_flags"": 0, ""runtime_index"": 1485, ""file_offset"": 4316, ""floor_field"": 5, ""entity_id_field"": 17903, ""group"": 0, ""room"": 60, ""unknown_a3"": 0, ""position"": [180.38992309570312, -44.779998779296875, 430.99755859375], ""angles"": [0, 0, 0], ""params"": [1.0, 1.0, 1.0, 1, 0, 0], ""unused_pointer"": 53452560}"
maximum-attack-ep4/q303-bb-e,5,35,"{""base_type"": 902, ""set_flags"": 0, ""runtime_index"": 1489, ""file_offset"": 4384, ""floor_field"": 5, ""entity_id_field"": 17904, ""group"": 0, ""room"": 60, ""unknown_a3"": 0, ""position"": [-466.46942138671875, -44.66998291015625, 326.709716796875], ""angles"": [0, 0, 0], ""params"": [1.0, 1.0, 1.0, 1, 0, 0], ""unused_pointer"": 53452784}"
maximum-attack-ep4/q303-bb-j,5,6,"{""base_type"": 902, ""set_flags"": 0, ""runtime_index"": 1483, ""file_offset"": 2412, ""floor_field"": 5, ""entity_id_field"": 17907, ""group"": 0, ""room"": 50, ""unknown_a3"": 0, ""position"": [76.43756103515625, -22.25, 312.94873046875], ""angles"": [0, 0, 0], ""params"": [1.0, 1.0, 1.0, 1, 0, 0], ""unused_pointer"": 47096496}"
maximum-attack-ep4/q303-bb-j,5,11,"{""base_type"": 902, ""set_flags"": 0, ""runtime_index"": 1481, ""file_offset"": 2752, ""floor_field"": 5, ""entity_id_field"": 17912, ""group"": 0, ""room"": 50, ""unknown_a3"": 0, ""position"": [-378.3103332519531, -44.77777099609375, -1.28167724609375], ""angles"": [0, 0, 0], ""params"": [1.0, 1.0, 1.0, 1, 0, 0], ""unused_pointer"": 47097680}"
maximum-attack-ep4/q303-bb-j,5,14,"{""base_type"": 902, ""set_flags"": 0, ""runtime_index"": 1487, ""file_offset"": 2956, ""floor_field"": 5, ""entity_id_field"": 17976, ""group"": 0, ""room"": 50, ""unknown_a3"": 0, ""position"": [214.2393798828125, -15.44500732421875, 251.87716674804688], ""angles"": [0, 0, 0], ""params"": [1.0, 1.0, 1.0, 0, 0, 0], ""unused_pointer"": 47096960}"
maximum-attack-ep4/q303-bb-j,5,15,"{""base_type"": 902, ""set_flags"": 0, ""runtime_index"": 1482, ""file_offset"": 3024, ""floor_field"": 5, ""entity_id_field"": 17917, ""group"": 0, ""room"": 50, ""unknown_a3"": 0, ""position"": [137.47296142578125, -21.949981689453125, 409.7222900390625], ""angles"": [0, 0, 0], ""params"": [1.0, 1.0, 1.0, 1, 0, 0], ""unused_pointer"": 47098864}"
maximum-attack-ep4/q303-bb-j,5,33,"{""base_type"": 902, ""set_flags"": 0, ""runtime_index"": 1488, ""file_offset"": 4248, ""floor_field"": 5, ""entity_id_field"": 17902, ""group"": 0, ""room"": 60, ""unknown_a3"": 0, ""position"": [-339.7115478515625, -44.66998291015625, 287.67694091796875], ""angles"": [0, 0, 0], ""params"": [1.0, 1.0, 1.0, 1, 0, 0], ""unused_pointer"": 53452336}"
maximum-attack-ep4/q303-bb-j,5,34,"{""base_type"": 902, ""set_flags"": 0, ""runtime_index"": 1485, ""file_offset"": 4316, ""floor_field"": 5, ""entity_id_field"": 17903, ""group"": 0, ""room"": 60, ""unknown_a3"": 0, ""position"": [180.38992309570312, -44.779998779296875, 430.99755859375], ""angles"": [0, 0, 0], ""params"": [1.0, 1.0, 1.0, 1, 0, 0], ""unused_pointer"": 53452560}"
maximum-attack-ep4/q303-bb-j,5,35,"{""base_type"": 902, ""set_flags"": 0, ""runtime_index"": 1489, ""file_offset"": 4384, ""floor_field"": 5, ""entity_id_field"": 17904, ""group"": 0, ""room"": 60, ""unknown_a3"": 0, ""position"": [-466.46942138671875, -44.66998291015625, 326.709716796875], ""angles"": [0, 0, 0], ""params"": [1.0, 1.0, 1.0, 1, 0, 0], ""unused_pointer"": 53452784}"
maximum-attack-ep4/q304-bb-e,5,5,"{""base_type"": 902, ""set_flags"": 0, ""runtime_index"": 1492, ""file_offset"": 2344, ""floor_field"": 5, ""entity_id_field"": 18275, ""group"": 0, ""room"": 30, ""unknown_a3"": 0, ""position"": [509.8500061035156, -30.579986572265625, 25.3399658203125], ""angles"": [0, 0, 0], ""params"": [1.0, 1.0, 1.0, 1, 0, 0], ""unused_pointer"": 40384976}"
maximum-attack-ep4/q304-bb-e,5,6,"{""base_type"": 902, ""set_flags"": 0, ""runtime_index"": 1490, ""file_offset"": 2412, ""floor_field"": 5, ""entity_id_field"": 18237, ""group"": 0, ""room"": 30, ""unknown_a3"": 0, ""position"": [-18.949981689453125, -43.3333740234375, -457.260009765625], ""angles"": [0, 0, 0], ""params"": [1.0, 1.0, 1.0, 1, 0, 0], ""unused_pointer"": 40385280}"
maximum-attack-ep4/q304-bb-e,5,7,"{""base_type"": 902, ""set_flags"": 0, ""runtime_index"": 1491, ""file_offset"": 2480, ""floor_field"": 5, ""entity_id_field"": 18238, ""group"": 0, ""room"": 30, ""unknown_a3"": 0, ""position"": [-85.92816162109375, -43.3360595703125, -566.4627685546875], ""angles"": [0, 0, 0], ""params"": [1.0, 1.0, 1.0, 1, 0, 0], ""unused_pointer"": 40407408}"
maximum-attack-ep4/q304-bb-e,5,8,"{""base_type"": 902, ""set_flags"": 0, ""runtime_index"": 1493, ""file_offset"": 2548, ""floor_field"": 5, ""entity_id_field"": 18276, ""group"": 0, ""room"": 30, ""unknown_a3"": 0, ""position"": [626.901123046875, -30.946258544921875, -26.537841796875], ""angles"": [0, 0, 0], ""params"": [1.0, 1.0, 1.0, 1, 0, 0], ""unused_pointer"": 40407632}"
maximum-attack-ep4/q304-bb-e,5,26,"{""base_type"": 902, ""set_flags"": 0, ""runtime_index"": 1488, ""file_offset"": 3772, ""floor_field"": 5, ""entity_id_field"": 17902, ""group"": 0, ""room"": 60, ""unknown_a3"": 0, ""position"": [-339.7115478515625, -44.66998291015625, 287.67694091796875], ""angles"": [0, 0, 0], ""params"": [1.0, 1.0, 1.0, 1, 0, 0], ""unused_pointer"": 53452336}"
maximum-attack-ep4/q304-bb-e,5,27,"{""base_type"": 902, ""set_flags"": 0, ""runtime_index"": 1485, ""file_offset"": 3840, ""floor_field"": 5, ""entity_id_field"": 17903, ""group"": 0, ""room"": 60, ""unknown_a3"": 0, ""position"": [180.38992309570312, -44.779998779296875, 430.99755859375], ""angles"": [0, 0, 0], ""params"": [1.0, 1.0, 1.0, 1, 0, 0], ""unused_pointer"": 53452560}"
maximum-attack-ep4/q304-bb-e,5,28,"{""base_type"": 902, ""set_flags"": 0, ""runtime_index"": 1489, ""file_offset"": 3908, ""floor_field"": 5, ""entity_id_field"": 17904, ""group"": 0, ""room"": 60, ""unknown_a3"": 0, ""position"": [-466.46942138671875, -44.66998291015625, 326.709716796875], ""angles"": [0, 0, 0], ""params"": [1.0, 1.0, 1.0, 1, 0, 0], ""unused_pointer"": 53452784}"
maximum-attack-ep4/q304-bb-j,5,5,"{""base_type"": 902, ""set_flags"": 0, ""runtime_index"": 1492, ""file_offset"": 2344, ""floor_field"": 5, ""entity_id_field"": 18275, ""group"": 0, ""room"": 30, ""unknown_a3"": 0, ""position"": [509.8500061035156, -30.579986572265625, 25.3399658203125], ""angles"": [0, 0, 0], ""params"": [1.0, 1.0, 1.0, 1, 0, 0], ""unused_pointer"": 40384976}"
maximum-attack-ep4/q304-bb-j,5,6,"{""base_type"": 902, ""set_flags"": 0, ""runtime_index"": 1490, ""file_offset"": 2412, ""floor_field"": 5, ""entity_id_field"": 18237, ""group"": 0, ""room"": 30, ""unknown_a3"": 0, ""position"": [-18.949981689453125, -43.3333740234375, -457.260009765625], ""angles"": [0, 0, 0], ""params"": [1.0, 1.0, 1.0, 1, 0, 0], ""unused_pointer"": 40385280}"
maximum-attack-ep4/q304-bb-j,5,7,"{""base_type"": 902, ""set_flags"": 0, ""runtime_index"": 1491, ""file_offset"": 2480, ""floor_field"": 5, ""entity_id_field"": 18238, ""group"": 0, ""room"": 30, ""unknown_a3"": 0, ""position"": [-85.92816162109375, -43.3360595703125, -566.4627685546875], ""angles"": [0, 0, 0], ""params"": [1.0, 1.0, 1.0, 1, 0, 0], ""unused_pointer"": 40407408}"
maximum-attack-ep4/q304-bb-j,5,8,"{""base_type"": 902, ""set_flags"": 0, ""runtime_index"": 1493, ""file_offset"": 2548, ""floor_field"": 5, ""entity_id_field"": 18276, ""group"": 0, ""room"": 30, ""unknown_a3"": 0, ""position"": [626.901123046875, -30.946258544921875, -26.537841796875], ""angles"": [0, 0, 0], ""params"": [1.0, 1.0, 1.0, 1, 0, 0], ""unused_pointer"": 40407632}"
maximum-attack-ep4/q304-bb-j,5,26,"{""base_type"": 902, ""set_flags"": 0, ""runtime_index"": 1488, ""file_offset"": 3772, ""floor_field"": 5, ""entity_id_field"": 17902, ""group"": 0, ""room"": 60, ""unknown_a3"": 0, ""position"": [-339.7115478515625, -44.66998291015625, 287.67694091796875], ""angles"": [0, 0, 0], ""params"": [1.0, 1.0, 1.0, 1, 0, 0], ""unused_pointer"": 53452336}"
maximum-attack-ep4/q304-bb-j,5,27,"{""base_type"": 902, ""set_flags"": 0, ""runtime_index"": 1485, ""file_offset"": 3840, ""floor_field"": 5, ""entity_id_field"": 17903, ""group"": 0, ""room"": 60, ""unknown_a3"": 0, ""position"": [180.38992309570312, -44.779998779296875, 430.99755859375], ""angles"": [0, 0, 0], ""params"": [1.0, 1.0, 1.0, 1, 0, 0], ""unused_pointer"": 53452560}"
maximum-attack-ep4/q304-bb-j,5,28,"{""base_type"": 902, ""set_flags"": 0, ""runtime_index"": 1489, ""file_offset"": 3908, ""floor_field"": 5, ""entity_id_field"": 17904, ""group"": 0, ""room"": 60, ""unknown_a3"": 0, ""position"": [-466.46942138671875, -44.66998291015625, 326.709716796875], ""angles"": [0, 0, 0], ""params"": [1.0, 1.0, 1.0, 1, 0, 0], ""unused_pointer"": 53452784}"
maximum-attack-ep4/q305-bb-e,5,5,"{""base_type"": 902, ""set_flags"": 0, ""runtime_index"": 1496, ""file_offset"": 2344, ""floor_field"": 5, ""entity_id_field"": 18354, ""group"": 0, ""room"": 40, ""unknown_a3"": 0, ""position"": [290.0, -21.959991455078125, -534.5866088867188], ""angles"": [0, 0, 0], ""params"": [1.0, 1.0, 1.0, 1, 0, 0], ""unused_pointer"": 40384976}"
maximum-attack-ep4/q305-bb-e,5,6,"{""base_type"": 902, ""set_flags"": 0, ""runtime_index"": 1494, ""file_offset"": 2412, ""floor_field"": 5, ""entity_id_field"": 18316, ""group"": 0, ""room"": 40, ""unknown_a3"": 0, ""position"": [-493.6300048828125, -31.0247802734375, 26.57000732421875], ""angles"": [0, 0, 0], ""params"": [1.0, 1.0, 1.0, 1, 0, 0], ""unused_pointer"": 40385280}"
maximum-attack-ep4/q305-bb-e,5,7,"{""base_type"": 902, ""set_flags"": 0, ""runtime_index"": 1495, ""file_offset"": 2480, ""floor_field"": 5, ""entity_id_field"": 18317, ""group"": 0, ""room"": 40, ""unknown_a3"": 0, ""position"": [-614.8099975585938, -30.1099853515625, 79.76495361328125], ""angles"": [0, 0, 0], ""params"": [1.0, 1.0, 1.0, 1, 0, 0], ""unused_pointer"": 40407408}"
maximum-attack-ep4/q305-bb-e,5,8,"{""base_type"": 902, ""set_flags"": 0, ""runtime_index"": 1497, ""file_offset"": 2548, ""floor_field"": 5, ""entity_id_field"": 18355, ""group"": 0, ""room"": 40, ""unknown_a3"": 0, ""position"": [216.31903076171875, -21.949981689453125, -642.1810302734375], ""angles"": [0, 0, 0], ""params"": [1.0, 1.0, 1.0, 1, 0, 0], ""unused_pointer"": 40407632}"
maximum-attack-ep4/q305-bb-e,5,26,"{""base_type"": 902, ""set_flags"": 0, ""runtime_index"": 1488, ""file_offset"": 3772, ""floor_field"": 5, ""entity_id_field"": 17902, ""group"": 0, ""room"": 60, ""unknown_a3"": 0, ""position"": [-339.7115478515625, -44.66998291015625, 287.67694091796875], ""angles"": [0, 0, 0], ""params"": [1.0, 1.0, 1.0, 1, 0, 0], ""unused_pointer"": 53452336}"
maximum-attack-ep4/q305-bb-e,5,27,"{""base_type"": 902, ""set_flags"": 0, ""runtime_index"": 1485, ""file_offset"": 3840, ""floor_field"": 5, ""entity_id_field"": 17903, ""group"": 0, ""room"": 60, ""unknown_a3"": 0, ""position"": [180.38992309570312, -44.779998779296875, 430.99755859375], ""angles"": [0, 0, 0], ""params"": [1.0, 1.0, 1.0, 1, 0, 0], ""unused_pointer"": 53452560}"
maximum-attack-ep4/q305-bb-e,5,28,"{""base_type"": 902, ""set_flags"": 0, ""runtime_index"": 1489, ""file_offset"": 3908, ""floor_field"": 5, ""entity_id_field"": 17904, ""group"": 0, ""room"": 60, ""unknown_a3"": 0, ""position"": [-466.46942138671875, -44.66998291015625, 326.709716796875], ""angles"": [0, 0, 0], ""params"": [1.0, 1.0, 1.0, 1, 0, 0], ""unused_pointer"": 53452784}"
maximum-attack-ep4/q305-bb-j,5,5,"{""base_type"": 902, ""set_flags"": 0, ""runtime_index"": 1496, ""file_offset"": 2344, ""floor_field"": 5, ""entity_id_field"": 18354, ""group"": 0, ""room"": 40, ""unknown_a3"": 0, ""position"": [290.0, -21.959991455078125, -534.5866088867188], ""angles"": [0, 0, 0], ""params"": [1.0, 1.0, 1.0, 1, 0, 0], ""unused_pointer"": 40384976}"
maximum-attack-ep4/q305-bb-j,5,6,"{""base_type"": 902, ""set_flags"": 0, ""runtime_index"": 1494, ""file_offset"": 2412, ""floor_field"": 5, ""entity_id_field"": 18316, ""group"": 0, ""room"": 40, ""unknown_a3"": 0, ""position"": [-493.6300048828125, -31.0247802734375, 26.57000732421875], ""angles"": [0, 0, 0], ""params"": [1.0, 1.0, 1.0, 1, 0, 0], ""unused_pointer"": 40385280}"
maximum-attack-ep4/q305-bb-j,5,7,"{""base_type"": 902, ""set_flags"": 0, ""runtime_index"": 1495, ""file_offset"": 2480, ""floor_field"": 5, ""entity_id_field"": 18317, ""group"": 0, ""room"": 40, ""unknown_a3"": 0, ""position"": [-614.8099975585938, -30.1099853515625, 79.76495361328125], ""angles"": [0, 0, 0], ""params"": [1.0, 1.0, 1.0, 1, 0, 0], ""unused_pointer"": 40407408}"
maximum-attack-ep4/q305-bb-j,5,8,"{""base_type"": 902, ""set_flags"": 0, ""runtime_index"": 1497, ""file_offset"": 2548, ""floor_field"": 5, ""entity_id_field"": 18355, ""group"": 0, ""room"": 40, ""unknown_a3"": 0, ""position"": [216.31903076171875, -21.949981689453125, -642.1810302734375], ""angles"": [0, 0, 0], ""params"": [1.0, 1.0, 1.0, 1, 0, 0], ""unused_pointer"": 40407632}"
maximum-attack-ep4/q305-bb-j,5,26,"{""base_type"": 902, ""set_flags"": 0, ""runtime_index"": 1488, ""file_offset"": 3772, ""floor_field"": 5, ""entity_id_field"": 17902, ""group"": 0, ""room"": 60, ""unknown_a3"": 0, ""position"": [-339.7115478515625, -44.66998291015625, 287.67694091796875], ""angles"": [0, 0, 0], ""params"": [1.0, 1.0, 1.0, 1, 0, 0], ""unused_pointer"": 53452336}"
maximum-attack-ep4/q305-bb-j,5,27,"{""base_type"": 902, ""set_flags"": 0, ""runtime_index"": 1485, ""file_offset"": 3840, ""floor_field"": 5, ""entity_id_field"": 17903, ""group"": 0, ""room"": 60, ""unknown_a3"": 0, ""position"": [180.38992309570312, -44.779998779296875, 430.99755859375], ""angles"": [0, 0, 0], ""params"": [1.0, 1.0, 1.0, 1, 0, 0], ""unused_pointer"": 53452560}"
maximum-attack-ep4/q305-bb-j,5,28,"{""base_type"": 902, ""set_flags"": 0, ""runtime_index"": 1489, ""file_offset"": 3908, ""floor_field"": 5, ""entity_id_field"": 17904, ""group"": 0, ""room"": 60, ""unknown_a3"": 0, ""position"": [-466.46942138671875, -44.66998291015625, 326.709716796875], ""angles"": [0, 0, 0], ""params"": [1.0, 1.0, 1.0, 1, 0, 0], ""unused_pointer"": 53452784}"
seasonal-ep4/q905-bb-e,1,6,"{""base_type"": 902, ""set_flags"": 0, ""runtime_index"": 0, ""file_offset"": 2208, ""floor_field"": 0, ""entity_id_field"": 0, ""group"": 0, ""room"": 10, ""unknown_a3"": 0, ""position"": [94.55465698242188, 4.85722541809082, -224.68734741210938], ""angles"": [0, 0, 0], ""params"": [1.0, 1.0, 1.0, 0, 0, 0], ""unused_pointer"": 0}"
seasonal-ep4/q905-bb-e,1,7,"{""base_type"": 902, ""set_flags"": 0, ""runtime_index"": 0, ""file_offset"": 2276, ""floor_field"": 0, ""entity_id_field"": 0, ""group"": 0, ""room"": 10, ""unknown_a3"": 0, ""position"": [107.27758026123047, 9.931958198547363, -192.88002014160156], ""angles"": [0, 0, 0], ""params"": [1.0, 1.0, 1.0, 0, 0, 0], ""unused_pointer"": 0}"
seasonal-ep4/q905-bb-e,1,8,"{""base_type"": 902, ""set_flags"": 0, ""runtime_index"": 0, ""file_offset"": 2344, ""floor_field"": 0, ""entity_id_field"": 0, ""group"": 0, ""room"": 10, ""unknown_a3"": 0, ""position"": [122.12100219726562, 9.603401184082031, -171.67514038085938], ""angles"": [0, -24600, 0], ""params"": [1.0, 1.0, 1.0, 0, 0, 0], ""unused_pointer"": 0}"
seasonal-ep4/q905-bb-e,1,12,"{""base_type"": 902, ""set_flags"": 0, ""runtime_index"": 0, ""file_offset"": 2616, ""floor_field"": 0, ""entity_id_field"": 0, ""group"": 0, ""room"": 10, ""unknown_a3"": 0, ""position"": [99.2280502319336, 11.21473503112793, 155.16416931152344], ""angles"": [0, 0, 0], ""params"": [1.0, 1.0, 1.0, 0, 0, 0], ""unused_pointer"": 0}"
seasonal-ep4/q905-bb-e,1,13,"{""base_type"": 902, ""set_flags"": 0, ""runtime_index"": 0, ""file_offset"": 2684, ""floor_field"": 0, ""entity_id_field"": 0, ""group"": 0, ""room"": 10, ""unknown_a3"": 0, ""position"": [72.45820617675781, 9.85824203491211, 194.14271545410156], ""angles"": [0, -17000, 0], ""params"": [1.0, 1.0, 1.0, 0, 0, 0], ""unused_pointer"": 0}"
seasonal-ep4/q905-bb-e,1,19,"{""base_type"": 902, ""set_flags"": 0, ""runtime_index"": 0, ""file_offset"": 3092, ""floor_field"": 0, ""entity_id_field"": 0, ""group"": 0, ""room"": 30, ""unknown_a3"": 0, ""position"": [15.746807098388672, 0.0, -213.9737091064453], ""angles"": [0, 0, 0], ""params"": [1.0, 1.0, 1.0, 0, 0, 0], ""unused_pointer"": 0}"
seasonal-ep4/q905-bb-e,1,20,"{""base_type"": 902, ""set_flags"": 0, ""runtime_index"": 0, ""file_offset"": 3160, ""floor_field"": 0, ""entity_id_field"": 0, ""group"": 0, ""room"": 30, ""unknown_a3"": 0, ""position"": [60.8256950378418, 0.0, -213.9737091064453], ""angles"": [0, 0, 0], ""params"": [1.0, 1.0, 1.0, 0, 0, 0], ""unused_pointer"": 0}"
seasonal-ep4/q905-bb-e,1,21,"{""base_type"": 902, ""set_flags"": 0, ""runtime_index"": 0, ""file_offset"": 3228, ""floor_field"": 0, ""entity_id_field"": 0, ""group"": 0, ""room"": 30, ""unknown_a3"": 0, ""position"": [109.6611557006836, 0.0, -213.9737091064453], ""angles"": [0, 0, 0], ""params"": [1.0, 1.0, 1.0, 0, 0, 0], ""unused_pointer"": 0}"
seasonal-ep4/q905-bb-e,1,22,"{""base_type"": 902, ""set_flags"": 0, ""runtime_index"": 0, ""file_offset"": 3296, ""floor_field"": 0, ""entity_id_field"": 0, ""group"": 0, ""room"": 30, ""unknown_a3"": 0, ""position"": [150.9834747314453, 0.0, -213.9737091064453], ""angles"": [0, 0, 0], ""params"": [1.0, 1.0, 1.0, 0, 0, 0], ""unused_pointer"": 0}"
seasonal-ep4/q905-bb-e,1,23,"{""base_type"": 902, ""set_flags"": 0, ""runtime_index"": 0, ""file_offset"": 3364, ""floor_field"": 0, ""entity_id_field"": 0, ""group"": 0, ""room"": 30, ""unknown_a3"": 0, ""position"": [196.06236267089844, 0.0, -213.9737091064453], ""angles"": [0, 0, 0], ""params"": [1.0, 1.0, 1.0, 0, 0, 0], ""unused_pointer"": 0}"
seasonal-ep4/q905-bb-e,1,24,"{""base_type"": 902, ""set_flags"": 0, ""runtime_index"": 0, ""file_offset"": 3432, ""floor_field"": 0, ""entity_id_field"": 0, ""group"": 0, ""room"": 30, ""unknown_a3"": 0, ""position"": [241.14125061035156, 0.0, -213.9737091064453], ""angles"": [0, 0, 0], ""params"": [1.0, 1.0, 1.0, 0, 0, 0], ""unused_pointer"": 0}"
seasonal-ep4/q905-bb-e,1,25,"{""base_type"": 902, ""set_flags"": 0, ""runtime_index"": 0, ""file_offset"": 3500, ""floor_field"": 0, ""entity_id_field"": 0, ""group"": 0, ""room"": 30, ""unknown_a3"": 0, ""position"": [282.46356201171875, 0.0, -213.9737091064453], ""angles"": [0, 0, 0], ""params"": [1.0, 1.0, 1.0, 0, 0, 0], ""unused_pointer"": 0}"
seasonal-ep4/q905-bb-e,1,26,"{""base_type"": 902, ""set_flags"": 0, ""runtime_index"": 0, ""file_offset"": 3568, ""floor_field"": 0, ""entity_id_field"": 0, ""group"": 0, ""room"": 30, ""unknown_a3"": 0, ""position"": [327.5424499511719, 0.0, -213.9737091064453], ""angles"": [0, 0, 0], ""params"": [1.0, 1.0, 1.0, 0, 0, 0], ""unused_pointer"": 0}"
seasonal-ep4/q905-bb-e,1,27,"{""base_type"": 902, ""set_flags"": 0, ""runtime_index"": 0, ""file_offset"": 3636, ""floor_field"": 0, ""entity_id_field"": 0, ""group"": 0, ""room"": 30, ""unknown_a3"": 0, ""position"": [376.3778991699219, 0.0, -213.9737091064453], ""angles"": [0, 0, 0], ""params"": [1.0, 1.0, 1.0, 0, 0, 0], ""unused_pointer"": 0}"
seasonal-ep4/q905-bb-e,1,28,"{""base_type"": 902, ""set_flags"": 0, ""runtime_index"": 0, ""file_offset"": 3704, ""floor_field"": 0, ""entity_id_field"": 0, ""group"": 0, ""room"": 30, ""unknown_a3"": 0, ""position"": [425.21337890625, 0.0, -213.9737091064453], ""angles"": [0, 0, 0], ""params"": [1.0, 1.0, 1.0, 0, 0, 0], ""unused_pointer"": 0}"
seasonal-ep4/q905-bb-e,1,29,"{""base_type"": 902, ""set_flags"": 0, ""runtime_index"": 0, ""file_offset"": 3772, ""floor_field"": 0, ""entity_id_field"": 0, ""group"": 0, ""room"": 30, ""unknown_a3"": 0, ""position"": [466.5356750488281, 0.0, -213.9737091064453], ""angles"": [0, 0, 0], ""params"": [1.0, 1.0, 1.0, 0, 0, 0], ""unused_pointer"": 0}"
seasonal-ep4/q905-bb-e,1,33,"{""base_type"": 902, ""set_flags"": 0, ""runtime_index"": 0, ""file_offset"": 4044, ""floor_field"": 0, ""entity_id_field"": 0, ""group"": 0, ""room"": 75, ""unknown_a3"": 0, ""position"": [74.19883728027344, 4.0, 314.73358154296875], ""angles"": [0, 0, 0], ""params"": [1.0, 1.0, 1.0, 0, 0, 0], ""unused_pointer"": 0}"
seasonal-ep4/q905-bb-e,1,34,"{""base_type"": 902, ""set_flags"": 0, ""runtime_index"": 0, ""file_offset"": 4112, ""floor_field"": 0, ""entity_id_field"": 0, ""group"": 0, ""room"": 75, ""unknown_a3"": 0, ""position"": [43.312591552734375, 4.0, 306.03118896484375], ""angles"": [0, 0, 0], ""params"": [1.0, 1.0, 1.0, 0, 0, 0], ""unused_pointer"": 0}"
seasonal-ep4/q905-bb-e,1,35,"{""base_type"": 902, ""set_flags"": 0, ""runtime_index"": 0, ""file_offset"": 4180, ""floor_field"": 0, ""entity_id_field"": 0, ""group"": 0, ""room"": 75, ""unknown_a3"": 0, ""position"": [17.225143432617188, 4.0, 293.7311096191406], ""angles"": [0, 0, 0], ""params"": [1.0, 1.0, 1.0, 0, 0, 0], ""unused_pointer"": 0}"
seasonal-ep4/q905-bb-e,1,39,"{""base_type"": 902, ""set_flags"": 0, ""runtime_index"": 0, ""file_offset"": 4452, ""floor_field"": 0, ""entity_id_field"": 0, ""group"": 0, ""room"": 60, ""unknown_a3"": 0, ""position"": [22.80057716369629, 0.0, 146.66775512695312], ""angles"": [0, 0, 0], ""params"": [1.0, 1.0, 1.0, 0, 0, 0], ""unused_pointer"": 0}"
seasonal-ep4/q905-bb-e,1,40,"{""base_type"": 902, ""set_flags"": 0, ""runtime_index"": 0, ""file_offset"": 4520, ""floor_field"": 0, ""entity_id_field"": 0, ""group"": 0, ""room"": 60, ""unknown_a3"": 0, ""position"": [51.71632385253906, 0.0, 135.10145568847656], ""angles"": [0, 0, 0], ""params"": [1.0, 1.0, 1.0, 0, 0, 0], ""unused_pointer"": 0}"
seasonal-ep4/q905-bb-e,1,41,"{""base_type"": 902, ""set_flags"": 0, ""runtime_index"": 0, ""file_offset"": 4588, ""floor_field"": 0, ""entity_id_field"": 0, ""group"": 0, ""room"": 60, ""unknown_a3"": 0, ""position"": [78.70435333251953, 0.0, 121.6074447631836], ""angles"": [0, 0, 0], ""params"": [1.0, 1.0, 1.0, 0, 0, 0], ""unused_pointer"": 0}"
seasonal-ep4/q905-bb-e,8,20,"{""base_type"": 902, ""set_flags"": 0, ""runtime_index"": 0, ""file_offset"": 8020, ""floor_field"": 0, ""entity_id_field"": 0, ""group"": 0, ""room"": 70, ""unknown_a3"": 0, ""position"": [-169.7871551513672, 0.0, 41.72251892089844], ""angles"": [0, 0, 0], ""params"": [1.0, 1.0, 1.0, 0, 0, 0], ""unused_pointer"": 0}"
seasonal-ep4/q905-bb-e,8,21,"{""base_type"": 902, ""set_flags"": 0, ""runtime_index"": 0, ""file_offset"": 8088, ""floor_field"": 0, ""entity_id_field"": 0, ""group"": 0, ""room"": 70, ""unknown_a3"": 0, ""position"": [-138.18739318847656, 0.0, 28.55595588684082], ""angles"": [0, 0, 0], ""params"": [1.0, 1.0, 1.0, 0, 0, 0], ""unused_pointer"": 0}"
seasonal-ep4/q905-bb-e,8,22,"{""base_type"": 902, ""set_flags"": 0, ""runtime_index"": 0, ""file_offset"": 8156, ""floor_field"": 0, ""entity_id_field"": 0, ""group"": 0, ""room"": 70, ""unknown_a3"": 0, ""position"": [-106.587646484375, 0.0, 10.12276840209961], ""angles"": [0, 0, 0], ""params"": [1.0, 1.0, 1.0, 0, 0, 0], ""unused_pointer"": 0}"
seasonal-ep4/q905-bb-e,8,23,"{""base_type"": 902, ""set_flags"": 0, ""runtime_index"": 0, ""file_offset"": 8224, ""floor_field"": 0, ""entity_id_field"": 0, ""group"": 0, ""room"": 70, ""unknown_a3"": 0, ""position"": [-74.98789978027344, 0.0, -8.310419082641602], ""angles"": [0, 0, 0], ""params"": [1.0, 1.0, 1.0, 0, 0, 0], ""unused_pointer"": 0}"
seasonal-ep4/q905-bb-e,8,24,"{""base_type"": 902, ""set_flags"": 0, ""runtime_index"": 0, ""file_offset"": 8292, ""floor_field"": 0, ""entity_id_field"": 0, ""group"": 0, ""room"": 70, ""unknown_a3"": 0, ""position"": [-43.388145446777344, 0.0, -28.06026268005371], ""angles"": [0, 0, 0], ""params"": [1.0, 1.0, 1.0, 0, 0, 0], ""unused_pointer"": 0}"
seasonal-ep4/q905-bb-e,8,25,"{""base_type"": 902, ""set_flags"": 0, ""runtime_index"": 0, ""file_offset"": 8360, ""floor_field"": 0, ""entity_id_field"": 0, ""group"": 0, ""room"": 70, ""unknown_a3"": 0, ""position"": [-18.37167739868164, 0.0, -46.49345016479492], ""angles"": [0, 0, 0], ""params"": [1.0, 1.0, 1.0, 0, 0, 0], ""unused_pointer"": 0}"
solo-extra-ep1/q030-bb-e,5,41,"{""base_type"": 902, ""set_flags"": 0, ""runtime_index"": 1482, ""file_offset"": 10248, ""floor_field"": 5, ""entity_id_field"": 17913, ""group"": 0, ""room"": 30, ""unknown_a3"": 0, ""position"": [-264.71295166015625, 30.594818115234375, 505.33984375], ""angles"": [0, 12288, 0], ""params"": [1.0, 1.0, 1.0, 1, 0, 0], ""unused_pointer"": 82172144}"
solo-extra-ep1/q030-bb-e,5,45,"{""base_type"": 902, ""set_flags"": 0, ""runtime_index"": 1486, ""file_offset"": 10520, ""floor_field"": 5, ""entity_id_field"": 17917, ""group"": 0, ""room"": 30, ""unknown_a3"": 0, ""position"": [-134.8662109375, 18.21270751953125, 451.193603515625], ""angles"": [0, 0, 0], ""params"": [1.0, 1.0, 1.0, 2, 0, 0], ""unused_pointer"": 82174288}"
solo-extra-ep1/q030-bb-j,5,41,"{""base_type"": 902, ""set_flags"": 0, ""runtime_index"": 1482, ""file_offset"": 10248, ""floor_field"": 5, ""entity_id_field"": 17913, ""group"": 0, ""room"": 30, ""unknown_a3"": 0, ""position"": [-264.71295166015625, 30.594818115234375, 505.33984375], ""angles"": [0, 12288, 0], ""params"": [1.0, 1.0, 1.0, 1, 0, 0], ""unused_pointer"": 82172144}"
solo-extra-ep1/q030-bb-j,5,45,"{""base_type"": 902, ""set_flags"": 0, ""runtime_index"": 1486, ""file_offset"": 10520, ""floor_field"": 5, ""entity_id_field"": 17917, ""group"": 0, ""room"": 30, ""unknown_a3"": 0, ""position"": [-134.8662109375, 18.21270751953125, 451.193603515625], ""angles"": [0, 0, 0], ""params"": [1.0, 1.0, 1.0, 2, 0, 0], ""unused_pointer"": 82174288}"
solo-extra-ep1/q036-bb-j,1,105,"{""base_type"": 902, ""set_flags"": 0, ""runtime_index"": 469, ""file_offset"": 8940, ""floor_field"": 1, ""entity_id_field"": 18516, ""group"": 0, ""room"": 21, ""unknown_a3"": 0, ""position"": [-276.4708251953125, -3.202299118041992, -536.530517578125], ""angles"": [0, 0, 0], ""params"": [1.0, 1.0, 1.0, 0, 0, 0], ""unused_pointer"": 76844176}"
solo-extra-ep1/q036-bb-j,1,106,"{""base_type"": 902, ""set_flags"": 0, ""runtime_index"": 467, ""file_offset"": 9008, ""floor_field"": 1, ""entity_id_field"": 18517, ""group"": 0, ""room"": 21, ""unknown_a3"": 0, ""position"": [-246.9808349609375, -6.119525909423828, -516.2080078125], ""angles"": [0, 0, 0], ""params"": [1.0, 1.0, 1.0, 0, 0, 0], ""unused_pointer"": 76845616}"
solo-extra-ep1/q036-bb-j,1,107,"{""base_type"": 902, ""set_flags"": 0, ""runtime_index"": 468, ""file_offset"": 9076, ""floor_field"": 1, ""entity_id_field"": 18518, ""group"": 0, ""room"": 21, ""unknown_a3"": 0, ""position"": [-217.19091796875, -7.620131492614746, -477.258056640625], ""angles"": [0, 0, 0], ""params"": [1.0, 1.0, 1.0, 0, 0, 0], ""unused_pointer"": 76845840}"
solo-extra-ep1/q036-bb-j,1,108,"{""base_type"": 902, ""set_flags"": 0, ""runtime_index"": 1372, ""file_offset"": 9144, ""floor_field"": 1, ""entity_id_field"": 18519, ""group"": 0, ""room"": 21, ""unknown_a3"": 0, ""position"": [-100.4644775390625, -3.0748860836029053, -479.088134765625], ""angles"": [0, 0, 0], ""params"": [1.0, 1.0, 1.0, 0, 0, 0], ""unused_pointer"": 76846064}"
solo-extra-ep1/q036-bb-j,1,109,"{""base_type"": 902, ""set_flags"": 0, ""runtime_index"": 1373, ""file_offset"": 9212, ""floor_field"": 1, ""entity_id_field"": 18520, ""group"": 0, ""room"": 21, ""unknown_a3"": 0, ""position"": [-58.025390625, -3.0748860836029053, -470.69775390625], ""angles"": [0, 0, 0], ""params"": [1.0, 1.0, 1.0, 0, 0, 0], ""unused_pointer"": 76846288}"
solo-extra-ep1/q036-bb-j,1,110,"{""base_type"": 902, ""set_flags"": 0, ""runtime_index"": 1374, ""file_offset"": 9280, ""floor_field"": 1, ""entity_id_field"": 18521, ""group"": 0, ""room"": 21, ""unknown_a3"": 0, ""position"": [-25.49658203125, -3.0748860836029053, -493.07177734375], ""angles"": [0, 0, 0], ""params"": [1.0, 1.0, 1.0, 0, 0, 0], ""unused_pointer"": 76846512}"
solo-extra-ep1/q036-bb-j,1,111,"{""base_type"": 902, ""set_flags"": 0, ""runtime_index"": 466, ""file_offset"": 9348, ""floor_field"": 1, ""entity_id_field"": 18522, ""group"": 0, ""room"": 21, ""unknown_a3"": 0, ""position"": [5.339111328125, -3.0748860836029053, -233.07763671875], ""angles"": [0, 0, 0], ""params"": [1.0, 1.0, 1.0, 0, 0, 0], ""unused_pointer"": 76846736}"
solo-extra-ep1/q036-bb-j,1,112,"{""base_type"": 902, ""set_flags"": 0, ""runtime_index"": 465, ""file_offset"": 9416, ""floor_field"": 1, ""entity_id_field"": 18523, ""group"": 0, ""room"": 21, ""unknown_a3"": 0, ""position"": [19.799072265625, -12.375536918640137, -277.297607421875], ""angles"": [0, 0, 0], ""params"": [1.0, 1.0, 1.0, 0, 0, 0], ""unused_pointer"": 76846960}"
solo-extra-ep1/q036-bb-j,1,113,"{""base_type"": 902, ""set_flags"": 0, ""runtime_index"": 464, ""file_offset"": 9484, ""floor_field"": 1, ""entity_id_field"": 18524, ""group"": 0, ""room"": 21, ""unknown_a3"": 0, ""position"": [42.4390869140625, -13.162534713745117, -322.305419921875], ""angles"": [0, 0, 0], ""params"": [1.0, 1.0, 1.0, 0, 0, 0], ""unused_pointer"": 76847184}"
solo-extra-ep1/q036-bb-j,1,114,"{""base_type"": 902, ""set_flags"": 0, ""runtime_index"": 462, ""file_offset"": 9552, ""floor_field"": 1, ""entity_id_field"": 18525, ""group"": 0, ""room"": 21, ""unknown_a3"": 0, ""position"": [47.2391357421875, -14.699142456054688, -365.95361328125], ""angles"": [0, 0, 0], ""params"": [1.0, 1.0, 1.0, 0, 0, 0], ""unused_pointer"": 76847408}"
solo-extra-ep1/q036-bb-j,1,115,"{""base_type"": 902, ""set_flags"": 0, ""runtime_index"": 1379, ""file_offset"": 9620, ""floor_field"": 1, ""entity_id_field"": 18526, ""group"": 0, ""room"": 21, ""unknown_a3"": 0, ""position"": [211.506103515625, -3.0748860836029053, -103.006103515625], ""angles"": [0, 0, 0], ""params"": [1.0, 1.0, 1.0, 0, 0, 0], ""unused_pointer"": 76847632}"
solo-extra-ep1/q036-bb-j,1,116,"{""base_type"": 902, ""set_flags"": 0, ""runtime_index"": 1380, ""file_offset"": 9688, ""floor_field"": 1, ""entity_id_field"": 18527, ""group"": 0, ""room"": 21, ""unknown_a3"": 0, ""position"": [273.171142578125, -3.0748860836029053, -116.79443359375], ""angles"": [0, 0, 0], ""params"": [1.0, 1.0, 1.0, 0, 0, 0], ""unused_pointer"": 76847856}"
solo-extra-ep1/q036-bb-j,1,117,"{""base_type"": 902, ""set_flags"": 0, ""runtime_index"": 1381, ""file_offset"": 9756, ""floor_field"": 1, ""entity_id_field"": 18528, ""group"": 0, ""room"": 21, ""unknown_a3"": 0, ""position"": [246.22802734375, -3.0748860836029053, -136.20458984375], ""angles"": [0, 0, 0], ""params"": [1.0, 1.0, 1.0, 0, 0, 0], ""unused_pointer"": 76848080}"
solo-extra-ep1/q036-bb-j,1,118,"{""base_type"": 902, ""set_flags"": 0, ""runtime_index"": 1382, ""file_offset"": 9824, ""floor_field"": 1, ""entity_id_field"": 18529, ""group"": 0, ""room"": 21, ""unknown_a3"": 0, ""position"": [283.6376953125, -3.0748860836029053, -172.50439453125], ""angles"": [0, 0, 0], ""params"": [1.0, 1.0, 1.0, 0, 0, 0], ""unused_pointer"": 76848304}"
solo-extra-ep1/q036-bb-j,1,119,"{""base_type"": 902, ""set_flags"": 0, ""runtime_index"": 1383, ""file_offset"": 9892, ""floor_field"": 1, ""entity_id_field"": 18530, ""group"": 0, ""room"": 21, ""unknown_a3"": 0, ""position"": [280.601806640625, -3.0748860836029053, -135.9638671875], ""angles"": [0, 0, 0], ""params"": [1.0, 1.0, 1.0, 0, 0, 0], ""unused_pointer"": 76848528}"
solo-extra-ep1/q036-bb-j,1,120,"{""base_type"": 902, ""set_flags"": 0, ""runtime_index"": 1384, ""file_offset"": 9960, ""floor_field"": 1, ""entity_id_field"": 18531, ""group"": 0, ""room"": 21, ""unknown_a3"": 0, ""position"": [328.626953125, -3.0748860836029053, -151.719482421875], ""angles"": [0, 0, 0], ""params"": [1.0, 1.0, 1.0, 0, 0, 0], ""unused_pointer"": 76848752}"
solo-extra-ep1/q036-bb-j,1,121,"{""base_type"": 902, ""set_flags"": 0, ""runtime_index"": 1385, ""file_offset"": 10028, ""floor_field"": 1, ""entity_id_field"": 18532, ""group"": 0, ""room"": 21, ""unknown_a3"": 0, ""position"": [312.731689453125, -3.0748860836029053, -167.19384765625], ""angles"": [0, 0, 0], ""params"": [1.0, 1.0, 1.0, 0, 0, 0], ""unused_pointer"": 76848976}"
solo-extra-ep1/q036-bb-j,1,122,"{""base_type"": 902, ""set_flags"": 0, ""runtime_index"": 1386, ""file_offset"": 10096, ""floor_field"": 1, ""entity_id_field"": 18533, ""group"": 0, ""room"": 21, ""unknown_a3"": 0, ""position"": [329.55615234375, -3.0748860836029053, -210.708984375], ""angles"": [0, 0, 0], ""params"": [1.0, 1.0, 1.0, 0, 0, 0], ""unused_pointer"": 76849200}"
solo-extra-ep1/q036-bb-j,1,123,"{""base_type"": 902, ""set_flags"": 0, ""runtime_index"": 1387, ""file_offset"": 10164, ""floor_field"": 1, ""entity_id_field"": 18534, ""group"": 0, ""room"": 21, ""unknown_a3"": 0, ""position"": [348.400634765625, -3.0748860836029053, -262.0], ""angles"": [0, 0, 0], ""params"": [1.0, 1.0, 1.0, 0, 0, 0], ""unused_pointer"": 76849424}"
solo-extra-ep1/q036-bb-j,1,124,"{""base_type"": 902, ""set_flags"": 0, ""runtime_index"": 1388, ""file_offset"": 10232, ""floor_field"": 1, ""entity_id_field"": 18535, ""group"": 0, ""room"": 21, ""unknown_a3"": 0, ""position"": [315.955322265625, -3.0748860836029053, -201.0771484375], ""angles"": [0, 0, 0], ""params"": [1.0, 1.0, 1.0, 0, 0, 0], ""unused_pointer"": 76849648}"
solo-extra-ep1/q036-bb-j,1,125,"{""base_type"": 902, ""set_flags"": 0, ""runtime_index"": 1389, ""file_offset"": 10300, ""floor_field"": 1, ""entity_id_field"": 18536, ""group"": 0, ""room"": 21, ""unknown_a3"": 0, ""position"": [42.181884765625, -3.0748860836029053, -249.8623046875], ""angles"": [0, 0, 0], ""params"": [1.0, 1.0, 1.0, 0, 0, 0], ""unused_pointer"": 76849872}"
solo-extra-ep1/q036-bb-j,1,126,"{""base_type"": 902, ""set_flags"": 0, ""runtime_index"": 1390, ""file_offset"": 10368, ""floor_field"": 1, ""entity_id_field"": 18537, ""group"": 0, ""room"": 21, ""unknown_a3"": 0, ""position"": [85.2647705078125, -3.0748860836029053, -278.720458984375], ""angles"": [0, 0, 0], ""params"": [1.0, 1.0, 1.0, 0, 0, 0], ""unused_pointer"": 76850096}"
solo-extra-ep1/q036-bb-j,1,127,"{""base_type"": 902, ""set_flags"": 0, ""runtime_index"": 1391, ""file_offset"": 10436, ""floor_field"": 1, ""entity_id_field"": 18538, ""group"": 0, ""room"": 21, ""unknown_a3"": 0, ""position"": [97.8438720703125, -3.0748860836029053, -277.188232421875], ""angles"": [0, 0, 0], ""params"": [1.0, 1.0, 1.0, 0, 0, 0], ""unused_pointer"": 76850320}"
solo-extra-ep1/q036-bb-j,1,128,"{""base_type"": 902, ""set_flags"": 0, ""runtime_index"": 1392, ""file_offset"": 10504, ""floor_field"": 1, ""entity_id_field"": 18539, ""group"": 0, ""room"": 21, ""unknown_a3"": 0, ""position"": [141.0889892578125, -3.0748860836029053, -221.510009765625], ""angles"": [0, 0, 0], ""params"": [1.0, 1.0, 1.0, 0, 0, 0], ""unused_pointer"": 76850544}"
solo-extra-ep1/q036-bb-j,1,129,"{""base_type"": 902, ""set_flags"": 0, ""runtime_index"": 1393, ""file_offset"": 10572, ""floor_field"": 1, ""entity_id_field"": 18540, ""group"": 0, ""room"": 21, ""unknown_a3"": 0, ""position"": [186.5418701171875, -3.0748860836029053, -201.5849609375], ""angles"": [0, 0, 0], ""params"": [1.0, 1.0, 1.0, 0, 0, 0], ""unused_pointer"": 76850768}"
solo-extra-ep1/q036-bb-j,1,130,"{""base_type"": 902, ""set_flags"": 0, ""runtime_index"": 1394, ""file_offset"": 10640, ""floor_field"": 1, ""entity_id_field"": 18541, ""group"": 0, ""room"": 21, ""unknown_a3"": 0, ""position"": [252.026123046875, -3.0748860836029053, -193.3505859375], ""angles"": [0, 0, 0], ""params"": [1.0, 1.0, 1.0, 0, 0, 0], ""unused_pointer"": 76850992}"
solo-extra-ep1/q036-bb-j,1,131,"{""base_type"": 902, ""set_flags"": 0, ""runtime_index"": 1395, ""file_offset"": 10708, ""floor_field"": 1, ""entity_id_field"": 18542, ""group"": 0, ""room"": 21, ""unknown_a3"": 0, ""position"": [293.808837890625, -3.0748860836029053, -211.017822265625], ""angles"": [0, 0, 0], ""params"": [1.0, 1.0, 1.0, 0, 0, 0], ""unused_pointer"": 76851216}"
solo-extra-ep1/q036-bb-j,1,132,"{""base_type"": 902, ""set_flags"": 0, ""runtime_index"": 1396, ""file_offset"": 10776, ""floor_field"": 1, ""entity_id_field"": 18543, ""group"": 0, ""room"": 21, ""unknown_a3"": 0, ""position"": [261.623779296875, -3.0748860836029053, -248.419677734375], ""angles"": [0, 0, 0], ""params"": [1.0, 1.0, 1.0, 0, 0, 0], ""unused_pointer"": 76851440}"
solo-extra-ep1/q036-bb-j,1,133,"{""base_type"": 902, ""set_flags"": 0, ""runtime_index"": 1397, ""file_offset"": 10844, ""floor_field"": 1, ""entity_id_field"": 18544, ""group"": 0, ""room"": 21, ""unknown_a3"": 0, ""position"": [231.858154296875, -3.0748860836029053, -252.159912109375], ""angles"": [0, 0, 0], ""params"": [1.0, 1.0, 1.0, 0, 0, 0], ""unused_pointer"": 76851664}"
solo-extra-ep1/q036-bb-j,1,134,"{""base_type"": 902, ""set_flags"": 0, ""runtime_index"": 1398, ""file_offset"": 10912, ""floor_field"": 1, ""entity_id_field"": 18545, ""group"": 0, ""room"": 21, ""unknown_a3"": 0, ""position"": [196.2200927734375, -3.0748860836029053, -257.131103515625], ""angles"": [0, 0, 0], ""params"": [1.0, 1.0, 1.0, 0, 0, 0], ""unused_pointer"": 76851888}"
solo-extra-ep1/q036-bb-j,1,135,"{""base_type"": 902, ""set_flags"": 0, ""runtime_index"": 1399, ""file_offset"": 10980, ""floor_field"": 1, ""entity_id_field"": 18546, ""group"": 0, ""room"": 21, ""unknown_a3"": 0, ""position"": [166.1873779296875, -3.0748860836029053, -282.206787109375], ""angles"": [0, 0, 0], ""params"": [1.0, 1.0, 1.0, 0, 0, 0], ""unused_pointer"": 76852112}"
solo-extra-ep1/q036-bb-j,1,149,"{""base_type"": 902, ""set_flags"": 0, ""runtime_index"": 459, ""file_offset"": 11932, ""floor_field"": 1, ""entity_id_field"": 18562, ""group"": 0, ""room"": 21, ""unknown_a3"": 0, ""position"": [-215.180908203125, -3.0748860836029053, -542.57666015625], ""angles"": [0, 0, 0], ""params"": [1.0, 1.0, 1.0, 0, 0, 0], ""unused_pointer"": 76886704}"
solo-extra-ep1/q036-bb-j,1,150,"{""base_type"": 902, ""set_flags"": 0, ""runtime_index"": 460, ""file_offset"": 12000, ""floor_field"": 1, ""entity_id_field"": 18563, ""group"": 0, ""room"": 21, ""unknown_a3"": 0, ""position"": [-91.2608642578125, -3.0748860836029053, -517.675048828125], ""angles"": [0, 0, 0], ""params"": [1.0, 1.0, 1.0, 0, 0, 0], ""unused_pointer"": 76886928}"
solo-extra-ep1/q036-bb-j,1,151,"{""base_type"": 902, ""set_flags"": 0, ""runtime_index"": 461, ""file_offset"": 12068, ""floor_field"": 1, ""entity_id_field"": 18564, ""group"": 0, ""room"": 21, ""unknown_a3"": 0, ""position"": [-52.880859375, -3.0748860836029053, -502.9169921875], ""angles"": [0, 0, 0], ""params"": [1.0, 1.0, 1.0, 0, 0, 0], ""unused_pointer"": 76890640}"
solo-extra-ep1/q036-bb-j,1,152,"{""base_type"": 902, ""set_flags"": 0, ""runtime_index"": 463, ""file_offset"": 12136, ""floor_field"": 1, ""entity_id_field"": 18565, ""group"": 0, ""room"": 21, ""unknown_a3"": 0, ""position"": [65.8291015625, -14.699142456054688, -399.91845703125], ""angles"": [0, 0, 0], ""params"": [1.0, 1.0, 1.0, 0, 0, 0], ""unused_pointer"": 76890864}"
solo-extra-ep1/q036-bb-j,1,207,"{""base_type"": 902, ""set_flags"": 2, ""runtime_index"": 214, ""file_offset"": 15876, ""floor_field"": 1, ""entity_id_field"": 16598, ""group"": 0, ""room"": 50, ""unknown_a3"": 0, ""position"": [-184.9891357421875, 0.0, 170.7392578125], ""angles"": [0, 0, 0], ""params"": [1.0, 1.0, 1.0, 0, 0, 0], ""unused_pointer"": 77004448}"
solo-extra-ep1/q036-bb-j,1,208,"{""base_type"": 902, ""set_flags"": 2, ""runtime_index"": 215, ""file_offset"": 15944, ""floor_field"": 1, ""entity_id_field"": 16599, ""group"": 0, ""room"": 50, ""unknown_a3"": 0, ""position"": [-180.3707275390625, 0.0, 136.7900390625], ""angles"": [0, 0, 0], ""params"": [1.0, 1.0, 1.0, 0, 0, 0], ""unused_pointer"": 77004672}"
solo-extra-ep1/q036-bb-j,1,209,"{""base_type"": 902, ""set_flags"": 2, ""runtime_index"": 216, ""file_offset"": 16012, ""floor_field"": 1, ""entity_id_field"": 16600, ""group"": 0, ""room"": 50, ""unknown_a3"": 0, ""position"": [-144.908447265625, 0.0, 150.51953125], ""angles"": [0, 0, 0], ""params"": [1.0, 1.0, 1.0, 0, 0, 0], ""unused_pointer"": 77004896}"
solo-extra-ep1/q036-bb-j,1,210,"{""base_type"": 902, ""set_flags"": 2, ""runtime_index"": 217, ""file_offset"": 16080, ""floor_field"": 1, ""entity_id_field"": 16601, ""group"": 0, ""room"": 50, ""unknown_a3"": 0, ""position"": [-97.60394287109375, 0.0, 133.8486328125], ""angles"": [0, 0, 0], ""params"": [1.0, 1.0, 1.0, 0, 0, 0], ""unused_pointer"": 77005120}"
solo-extra-ep1/q036-bb-j,1,211,"{""base_type"": 902, ""set_flags"": 2, ""runtime_index"": 218, ""file_offset"": 16148, ""floor_field"": 1, ""entity_id_field"": 16602, ""group"": 0, ""room"": 50, ""unknown_a3"": 0, ""position"": [-120.4990234375, 0.0, 139.64111328125], ""angles"": [0, 0, 0], ""params"": [1.0, 1.0, 1.0, 0, 0, 0], ""unused_pointer"": 77005344}"
solo-extra-ep1/q036-bb-j,1,212,"{""base_type"": 902, ""set_flags"": 2, ""runtime_index"": 219, ""file_offset"": 16216, ""floor_field"": 1, ""entity_id_field"": 16603, ""group"": 0, ""room"": 50, ""unknown_a3"": 0, ""position"": [-79.04937744140625, 0.0, 131.462890625], ""angles"": [0, 0, 0], ""params"": [1.0, 1.0, 1.0, 0, 0, 0], ""unused_pointer"": 77005568}"
solo-extra-ep1/q036-bb-j,1,213,"{""base_type"": 902, ""set_flags"": 2, ""runtime_index"": 220, ""file_offset"": 16284, ""floor_field"": 1, ""entity_id_field"": 16604, ""group"": 0, ""room"": 50, ""unknown_a3"": 0, ""position"": [-42.56707763671875, 0.0, 140.52294921875], ""angles"": [0, 0, 0], ""params"": [1.0, 1.0, 1.0, 0, 0, 0], ""unused_pointer"": 77005792}"
solo-extra-ep1/q036-bb-j,1,214,"{""base_type"": 902, ""set_flags"": 2, ""runtime_index"": 221, ""file_offset"": 16352, ""floor_field"": 1, ""entity_id_field"": 16605, ""group"": 0, ""room"": 50, ""unknown_a3"": 0, ""position"": [-191.7149658203125, 0.33954155445098877, 226.732421875], ""angles"": [0, 0, 0], ""params"": [1.0, 1.0, 1.0, 0, 0, 0], ""unused_pointer"": 77006016}"
solo-extra-ep1/q036-bb-j,1,215,"{""base_type"": 902, ""set_flags"": 2, ""runtime_index"": 222, ""file_offset"": 16420, ""floor_field"": 1, ""entity_id_field"": 16606, ""group"": 0, ""room"": 50, ""unknown_a3"": 0, ""position"": [-141.21942138671875, 0.33954155445098877, 241.54150390625], ""angles"": [0, 0, 0], ""params"": [1.0, 1.0, 1.0, 0, 0, 0], ""unused_pointer"": 77006240}"
solo-extra-ep1/q036-bb-j,1,216,"{""base_type"": 902, ""set_flags"": 2, ""runtime_index"": 223, ""file_offset"": 16488, ""floor_field"": 1, ""entity_id_field"": 16607, ""group"": 0, ""room"": 50, ""unknown_a3"": 0, ""position"": [-100.77655029296875, 0.33954155445098877, 248.26318359375], ""angles"": [0, 0, 0], ""params"": [1.0, 1.0, 1.0, 0, 0, 0], ""unused_pointer"": 77006464}"
solo-extra-ep1/q036-bb-j,1,217,"{""base_type"": 902, ""set_flags"": 2, ""runtime_index"": 224, ""file_offset"": 16556, ""floor_field"": 1, ""entity_id_field"": 16608, ""group"": 0, ""room"": 50, ""unknown_a3"": 0, ""position"": [-75.66546630859375, 0.33954155445098877, 289.10498046875], ""angles"": [0, 0, 0], ""params"": [1.0, 1.0, 1.0, 0, 0, 0], ""unused_pointer"": 77006688}"
solo-extra-ep1/q036-bb-j,1,218,"{""base_type"": 902, ""set_flags"": 2, ""runtime_index"": 225, ""file_offset"": 16624, ""floor_field"": 1, ""entity_id_field"": 16609, ""group"": 0, ""room"": 50, ""unknown_a3"": 0, ""position"": [-137.44146728515625, 0.33954155445098877, 264.1748046875], ""angles"": [0, 0, 0], ""params"": [1.0, 1.0, 1.0, 0, 0, 0], ""unused_pointer"": 77006912}"
solo-extra-ep1/q036-bb-j,1,219,"{""base_type"": 902, ""set_flags"": 2, ""runtime_index"": 226, ""file_offset"": 16692, ""floor_field"": 1, ""entity_id_field"": 16610, ""group"": 0, ""room"": 50, ""unknown_a3"": 0, ""position"": [-101.91033935546875, 0.33954155445098877, 193.42431640625], ""angles"": [0, 0, 0], ""params"": [1.0, 1.0, 1.0, 0, 0, 0], ""unused_pointer"": 77007136}"
solo-extra-ep1/q036-bb-j,1,220,"{""base_type"": 902, ""set_flags"": 2, ""runtime_index"": 227, ""file_offset"": 16760, ""floor_field"": 1, ""entity_id_field"": 16611, ""group"": 0, ""room"": 50, ""unknown_a3"": 0, ""position"": [-53.18487548828125, 0.33954155445098877, 216.70068359375], ""angles"": [0, 0, 0], ""params"": [1.0, 1.0, 1.0, 0, 0, 0], ""unused_pointer"": 77007360}"
solo-extra-ep1/q036-bb-j,2,49,"{""base_type"": 902, ""set_flags"": 0, ""runtime_index"": 1279, ""file_offset"": 21672, ""floor_field"": 2, ""entity_id_field"": 19494, ""group"": 0, ""room"": 20, ""unknown_a3"": 0, ""position"": [-286.13330078125, -7.6201324462890625, -505.51519775390625], ""angles"": [0, 0, 0], ""params"": [1.0, 1.0, 1.0, 0, 0, 0], ""unused_pointer"": 30221136}"
solo-extra-ep1/q036-bb-j,2,50,"{""base_type"": 902, ""set_flags"": 0, ""runtime_index"": 1280, ""file_offset"": 21740, ""floor_field"": 2, ""entity_id_field"": 19495, ""group"": 0, ""room"": 20, ""unknown_a3"": 0, ""position"": [-247.792724609375, -7.6201324462890625, -540.460205078125], ""angles"": [0, 0, 0], ""params"": [1.0, 1.0, 1.0, 0, 0, 0], ""unused_pointer"": 30221360}"
solo-extra-ep1/q036-bb-j,2,51,"{""base_type"": 902, ""set_flags"": 0, ""runtime_index"": 1281, ""file_offset"": 21808, ""floor_field"": 2, ""entity_id_field"": 19496, ""group"": 0, ""room"": 20, ""unknown_a3"": 0, ""position"": [-220.105712890625, -7.6201324462890625, -518.00537109375], ""angles"": [0, 0, 0], ""params"": [1.0, 1.0, 1.0, 0, 0, 0], ""unused_pointer"": 30224064}"
solo-extra-ep1/q036-bb-j,2,52,"{""base_type"": 902, ""set_flags"": 0, ""runtime_index"": 1282, ""file_offset"": 21876, ""floor_field"": 2, ""entity_id_field"": 19497, ""group"": 0, ""room"": 20, ""unknown_a3"": 0, ""position"": [-217.74609375, -7.6201324462890625, -473.39581298828125], ""angles"": [0, 0, 0], ""params"": [1.0, 1.0, 1.0, 0, 0, 0], ""unused_pointer"": 30224288}"
solo-extra-ep1/q036-bb-j,2,53,"{""base_type"": 902, ""set_flags"": 0, ""runtime_index"": 1283, ""file_offset"": 21944, ""floor_field"": 2, ""entity_id_field"": 19498, ""group"": 0, ""room"": 20, ""unknown_a3"": 0, ""position"": [-261.509033203125, -7.6201324462890625, -505.44903564453125], ""angles"": [0, 0, 0], ""params"": [1.0, 1.0, 1.0, 0, 0, 0], ""unused_pointer"": 30239232}"
solo-extra-ep1/q036-bb-j,2,54,"{""base_type"": 902, ""set_flags"": 0, ""runtime_index"": 1284, ""file_offset"": 22012, ""floor_field"": 2, ""entity_id_field"": 19499, ""group"": 0, ""room"": 20, ""unknown_a3"": 0, ""position"": [-98.59619140625, -7.6201324462890625, -488.0162353515625], ""angles"": [0, 0, 0], ""params"": [1.0, 1.0, 1.0, 0, 0, 0], ""unused_pointer"": 30239456}"
solo-extra-ep1/q036-bb-j,2,55,"{""base_type"": 902, ""set_flags"": 0, ""runtime_index"": 1285, ""file_offset"": 22080, ""floor_field"": 2, ""entity_id_field"": 19500, ""group"": 0, ""room"": 20, ""unknown_a3"": 0, ""position"": [-34.337646484375, -7.6201324462890625, -504.36016845703125], ""angles"": [0, 0, 0], ""params"": [1.0, 1.0, 1.0, 0, 0, 0], ""unused_pointer"": 30242208}"
solo-extra-ep1/q036-bb-j,2,56,"{""base_type"": 902, ""set_flags"": 0, ""runtime_index"": 1286, ""file_offset"": 22148, ""floor_field"": 2, ""entity_id_field"": 19501, ""group"": 0, ""room"": 20, ""unknown_a3"": 0, ""position"": [-66.142822265625, -7.6201324462890625, -498.7647705078125], ""angles"": [0, 0, 0], ""params"": [1.0, 1.0, 1.0, 0, 0, 0], ""unused_pointer"": 30242432}"
solo-extra-ep1/q036-bb-j,2,57,"{""base_type"": 902, ""set_flags"": 0, ""runtime_index"": 1256, ""file_offset"": 22216, ""floor_field"": 2, ""entity_id_field"": 19502, ""group"": 0, ""room"": 20, ""unknown_a3"": 0, ""position"": [-31.70703125, -7.6201324462890625, -466.3796081542969], ""angles"": [0, 0, 0], ""params"": [1.0, 1.0, 1.0, 0, 0, 0], ""unused_pointer"": 30242656}"
solo-extra-ep1/q036-bb-j,2,58,"{""base_type"": 902, ""set_flags"": 0, ""runtime_index"": 1288, ""file_offset"": 22284, ""floor_field"": 2, ""entity_id_field"": 19503, ""group"": 0, ""room"": 20, ""unknown_a3"": 0, ""position"": [-72.483642578125, -7.6201324462890625, -461.46490478515625], ""angles"": [0, 0, 0], ""params"": [1.0, 1.0, 1.0, 0, 0, 0], ""unused_pointer"": 30242880}"
solo-extra-ep1/q036-bb-j,2,59,"{""base_type"": 902, ""set_flags"": 0, ""runtime_index"": 1255, ""file_offset"": 22352, ""floor_field"": 2, ""entity_id_field"": 19504, ""group"": 0, ""room"": 20, ""unknown_a3"": 0, ""position"": [72.452880859375, -10.572945594787598, -221.98178100585938], ""angles"": [0, 0, 0], ""params"": [1.0, 1.0, 1.0, 0, 0, 0], ""unused_pointer"": 30243104}"
solo-extra-ep1/q036-bb-j,2,60,"{""base_type"": 902, ""set_flags"": 0, ""runtime_index"": 1254, ""file_offset"": 22420, ""floor_field"": 2, ""entity_id_field"": 19505, ""group"": 0, ""room"": 20, ""unknown_a3"": 0, ""position"": [62.77294921875, -14.710716247558594, -257.8979187011719], ""angles"": [0, 0, 0], ""params"": [1.0, 1.0, 1.0, 0, 0, 0], ""unused_pointer"": 30243328}"
solo-extra-ep1/q036-bb-j,2,61,"{""base_type"": 902, ""set_flags"": 0, ""runtime_index"": 1291, ""file_offset"": 22488, ""floor_field"": 2, ""entity_id_field"": 19506, ""group"": 0, ""room"": 20, ""unknown_a3"": 0, ""position"": [91.146728515625, -7.6201324462890625, -295.98602294921875], ""angles"": [0, 0, 0], ""params"": [1.0, 1.0, 1.0, 0, 0, 0], ""unused_pointer"": 30243552}"
solo-extra-ep1/q036-bb-j,2,62,"{""base_type"": 902, ""set_flags"": 0, ""runtime_index"": 1253, ""file_offset"": 22556, ""floor_field"": 2, ""entity_id_field"": 19507, ""group"": 0, ""room"": 20, ""unknown_a3"": 0, ""position"": [57.462890625, -14.521794319152832, -299.1337890625], ""angles"": [0, 0, 0], ""params"": [1.0, 1.0, 1.0, 0, 0, 0], ""unused_pointer"": 30243776}"
solo-extra-ep1/q036-bb-j,2,63,"{""base_type"": 902, ""set_flags"": 0, ""runtime_index"": 1252, ""file_offset"": 22624, ""floor_field"": 2, ""entity_id_field"": 19508, ""group"": 0, ""room"": 20, ""unknown_a3"": 0, ""position"": [49.722900390625, -13.60243034362793, -339.9380798339844], ""angles"": [0, 0, 0], ""params"": [1.0, 1.0, 1.0, 0, 0, 0], ""unused_pointer"": 30244000}"
solo-extra-ep1/q036-bb-j,2,64,"{""base_type"": 902, ""set_flags"": 0, ""runtime_index"": 1294, ""file_offset"": 22692, ""floor_field"": 2, ""entity_id_field"": 19509, ""group"": 0, ""room"": 20, ""unknown_a3"": 0, ""position"": [81.8662109375, -7.6201324462890625, -332.5210876464844], ""angles"": [0, 0, 0], ""params"": [1.0, 1.0, 1.0, 0, 0, 0], ""unused_pointer"": 30244224}"
solo-extra-ep1/q036-bb-j,2,65,"{""base_type"": 902, ""set_flags"": 0, ""runtime_index"": 1295, ""file_offset"": 22760, ""floor_field"": 2, ""entity_id_field"": 19510, ""group"": 0, ""room"": 20, ""unknown_a3"": 0, ""position"": [71.06298828125, -7.6201324462890625, -380.399169921875], ""angles"": [0, 0, 0], ""params"": [1.0, 1.0, 1.0, 0, 0, 0], ""unused_pointer"": 30244448}"
solo-extra-ep1/q036-bb-j,2,66,"{""base_type"": 902, ""set_flags"": 0, ""runtime_index"": 1296, ""file_offset"": 22828, ""floor_field"": 2, ""entity_id_field"": 19511, ""group"": 0, ""room"": 20, ""unknown_a3"": 0, ""position"": [36.6298828125, -7.6201324462890625, -430.4281921386719], ""angles"": [0, 0, 0], ""params"": [1.0, 1.0, 1.0, 0, 0, 0], ""unused_pointer"": 30244672}"
solo-extra-ep1/q036-bb-j,2,67,"{""base_type"": 902, ""set_flags"": 0, ""runtime_index"": 1297, ""file_offset"": 22896, ""floor_field"": 2, ""entity_id_field"": 19512, ""group"": 0, ""room"": 20, ""unknown_a3"": 0, ""position"": [111.9931640625, -7.6201324462890625, -379.82525634765625], ""angles"": [0, 0, 0], ""params"": [1.0, 1.0, 1.0, 0, 0, 0], ""unused_pointer"": 30244896}"
solo-extra-ep1/q036-bb-j,2,68,"{""base_type"": 902, ""set_flags"": 0, ""runtime_index"": 1298, ""file_offset"": 22964, ""floor_field"": 2, ""entity_id_field"": 19513, ""group"": 0, ""room"": 20, ""unknown_a3"": 0, ""position"": [34.490966796875, -7.6201324462890625, 248.0902099609375], ""angles"": [0, 0, 0], ""params"": [1.0, 1.0, 1.0, 0, 0, 0], ""unused_pointer"": 30245120}"
solo-extra-ep1/q036-bb-j,2,69,"{""base_type"": 902, ""set_flags"": 0, ""runtime_index"": 1299, ""file_offset"": 23032, ""floor_field"": 2, ""entity_id_field"": 19514, ""group"": 0, ""room"": 20, ""unknown_a3"": 0, ""position"": [15.171630859375, -7.6201324462890625, 210.79962158203125], ""angles"": [0, 0, 0], ""params"": [1.0, 1.0, 1.0, 0, 0, 0], ""unused_pointer"": 30245344}"
solo-extra-ep1/q036-bb-j,2,70,"{""base_type"": 902, ""set_flags"": 0, ""runtime_index"": 1300, ""file_offset"": 23100, ""floor_field"": 2, ""entity_id_field"": 19515, ""group"": 0, ""room"": 20, ""unknown_a3"": 0, ""position"": [45.4794921875, -7.6201324462890625, 181.8447265625], ""angles"": [0, 0, 0], ""params"": [1.0, 1.0, 1.0, 0, 0, 0], ""unused_pointer"": 30245568}"
solo-extra-ep1/q036-bb-j,2,71,"{""base_type"": 902, ""set_flags"": 0, ""runtime_index"": 1301, ""file_offset"": 23168, ""floor_field"": 2, ""entity_id_field"": 19516, ""group"": 0, ""room"": 20, ""unknown_a3"": 0, ""position"": [19.6484375, -7.6201324462890625, 156.7698974609375], ""angles"": [0, 0, 0], ""params"": [1.0, 1.0, 1.0, 0, 0, 0], ""unused_pointer"": 30245792}"
solo-extra-ep1/q036-bb-j,2,72,"{""base_type"": 902, ""set_flags"": 0, ""runtime_index"": 1302, ""file_offset"": 23236, ""floor_field"": 2, ""entity_id_field"": 19517, ""group"": 0, ""room"": 20, ""unknown_a3"": 0, ""position"": [36.128173828125, -7.6201324462890625, 132.05258178710938], ""angles"": [0, 0, 0], ""params"": [1.0, 1.0, 1.0, 0, 0, 0], ""unused_pointer"": 30246016}"
solo-extra-ep1/q036-bb-j,2,73,"{""base_type"": 902, ""set_flags"": 0, ""runtime_index"": 1303, ""file_offset"": 23304, ""floor_field"": 2, ""entity_id_field"": 19518, ""group"": 0, ""room"": 20, ""unknown_a3"": 0, ""position"": [17.0517578125, -7.6201324462890625, 110.712646484375], ""angles"": [0, 0, 0], ""params"": [1.0, 1.0, 1.0, 0, 0, 0], ""unused_pointer"": 30246240}"
solo-extra-ep1/q036-bb-j,2,74,"{""base_type"": 902, ""set_flags"": 0, ""runtime_index"": 1304, ""file_offset"": 23372, ""floor_field"": 2, ""entity_id_field"": 19519, ""group"": 0, ""room"": 20, ""unknown_a3"": 0, ""position"": [27.5654296875, -7.6201324462890625, 79.51895141601562], ""angles"": [0, 0, 0], ""params"": [1.0, 1.0, 1.0, 0, 0, 0], ""unused_pointer"": 30246464}"
solo-extra-ep1/q036-bb-j,2,75,"{""base_type"": 902, ""set_flags"": 0, ""runtime_index"": 491, ""file_offset"": 23440, ""floor_field"": 2, ""entity_id_field"": 19555, ""group"": 0, ""room"": 20, ""unknown_a3"": 0, ""position"": [15.04296875, 24.20865821838379, 71.10693359375], ""angles"": [0, 0, 0], ""params"": [1.0, 1.0, 1.0, 0, 0, 0], ""unused_pointer"": 30239904}"
solo-extra-ep1/q036-bb-j,2,76,"{""base_type"": 902, ""set_flags"": 0, ""runtime_index"": 1306, ""file_offset"": 23508, ""floor_field"": 2, ""entity_id_field"": 19521, ""group"": 0, ""room"": 20, ""unknown_a3"": 0, ""position"": [2.4990234375, -7.6201324462890625, 97.76776123046875], ""angles"": [0, 0, 0], ""params"": [1.0, 1.0, 1.0, 0, 0, 0], ""unused_pointer"": 30247664}"
solo-extra-ep1/q036-bb-j,2,77,"{""base_type"": 902, ""set_flags"": 0, ""runtime_index"": 1307, ""file_offset"": 23576, ""floor_field"": 2, ""entity_id_field"": 19522, ""group"": 0, ""room"": 20, ""unknown_a3"": 0, ""position"": [41.95556640625, -7.6201324462890625, 131.1263427734375], ""angles"": [0, 0, 0], ""params"": [1.0, 1.0, 1.0, 0, 0, 0], ""unused_pointer"": 30247888}"
solo-extra-ep1/q036-bb-j,2,78,"{""base_type"": 902, ""set_flags"": 0, ""runtime_index"": 1308, ""file_offset"": 23644, ""floor_field"": 2, ""entity_id_field"": 19523, ""group"": 0, ""room"": 20, ""unknown_a3"": 0, ""position"": [43.2080078125, -7.6201324462890625, 215.4921875], ""angles"": [0, 0, 0], ""params"": [1.0, 1.0, 1.0, 0, 0, 0], ""unused_pointer"": 30248112}"
solo-extra-ep1/q036-bb-j,2,79,"{""base_type"": 902, ""set_flags"": 0, ""runtime_index"": 1309, ""file_offset"": 23712, ""floor_field"": 2, ""entity_id_field"": 19524, ""group"": 0, ""room"": 20, ""unknown_a3"": 0, ""position"": [1.641357421875, -7.6201324462890625, 199.55389404296875], ""angles"": [0, 0, 0], ""params"": [1.0, 1.0, 1.0, 0, 0, 0], ""unused_pointer"": 30248336}"
solo-extra-ep1/q036-bb-j,2,119,"{""base_type"": 902, ""set_flags"": 0, ""runtime_index"": 1275, ""file_offset"": 26432, ""floor_field"": 2, ""entity_id_field"": 18180, ""group"": 0, ""room"": 40, ""unknown_a3"": 0, ""position"": [442.0830078125, 0.0059475405141711235, 213.7417449951172], ""angles"": [0, 0, 0], ""params"": [1.0, 1.0, 1.0, 0, 0, 0], ""unused_pointer"": 126068720}"
solo-extra-ep1/q036-bb-j,2,120,"{""base_type"": 902, ""set_flags"": 0, ""runtime_index"": 1276, ""file_offset"": 26500, ""floor_field"": 2, ""entity_id_field"": 18181, ""group"": 0, ""room"": 40, ""unknown_a3"": 0, ""position"": [451.213134765625, 0.0059475405141711235, 187.38575744628906], ""angles"": [0, 0, 0], ""params"": [1.0, 1.0, 1.0, 0, 0, 0], ""unused_pointer"": 126068944}"
solo-extra-ep1/q036-bb-j,2,121,"{""base_type"": 902, ""set_flags"": 0, ""runtime_index"": 1277, ""file_offset"": 26568, ""floor_field"": 2, ""entity_id_field"": 18182, ""group"": 0, ""room"": 40, ""unknown_a3"": 0, ""position"": [466.26025390625, 0.0059475405141711235, 155.3014678955078], ""angles"": [0, 0, 0], ""params"": [1.0, 1.0, 1.0, 0, 0, 0], ""unused_pointer"": 126069168}"
solo-extra-ep1/q036-bb-j,2,122,"{""base_type"": 902, ""set_flags"": 0, ""runtime_index"": 1278, ""file_offset"": 26636, ""floor_field"": 2, ""entity_id_field"": 18183, ""group"": 0, ""room"": 40, ""unknown_a3"": 0, ""position"": [505.0113525390625, 0.0059475405141711235, 139.5931854248047], ""angles"": [0, 0, 0], ""params"": [1.0, 1.0, 1.0, 0, 0, 0], ""unused_pointer"": 126069392}"
team-ep4/q709-bb-e,1,36,"{""base_type"": 902, ""set_flags"": 0, ""runtime_index"": 1278, ""file_offset"": 4248, ""floor_field"": 1, ""entity_id_field"": 17918, ""group"": 0, ""room"": 20, ""unknown_a3"": 0, ""position"": [908.323486328125, -3.5157427191734314e-08, 311.06390380859375], ""angles"": [0, 0, 0], ""params"": [1.0, 1.0, 1.0, 0, 0, 0], ""unused_pointer"": 36674688}"
team-ep4/q709-bb-e,1,37,"{""base_type"": 902, ""set_flags"": 0, ""runtime_index"": 1279, ""file_offset"": 4316, ""floor_field"": 1, ""entity_id_field"": 17919, ""group"": 0, ""room"": 20, ""unknown_a3"": 0, ""position"": [908.9244384765625, 0.5000001192092896, 360.08697509765625], ""angles"": [0, -20480, 0], ""params"": [1.0, 1.0, 1.0, 0, 0, 0], ""unused_pointer"": 36674912}"
team-ep4/q709-bb-e,1,38,"{""base_type"": 902, ""set_flags"": 0, ""runtime_index"": 1280, ""file_offset"": 4384, ""floor_field"": 1, ""entity_id_field"": 17920, ""group"": 0, ""room"": 20, ""unknown_a3"": 0, ""position"": [924.9322509765625, -1.367880031466484e-08, 396.50274658203125], ""angles"": [0, -20480, 0], ""params"": [1.0, 1.0, 1.0, 0, 0, 0], ""unused_pointer"": 36675136}"
team-ep4/q709-bb-e,5,3,"{""base_type"": 902, ""set_flags"": 0, ""runtime_index"": 1333, ""file_offset"": 9364, ""floor_field"": 5, ""entity_id_field"": 17938, ""group"": 0, ""room"": 40, ""unknown_a3"": 0, ""position"": [132.49078369140625, -23.329498291015625, -460.6331787109375], ""angles"": [0, 0, 0], ""params"": [1.0, 1.0, 1.0, 0, 0, 0], ""unused_pointer"": 30816624}"
team-ep4/q709-bb-e,5,4,"{""base_type"": 902, ""set_flags"": 0, ""runtime_index"": 1334, ""file_offset"": 9432, ""floor_field"": 5, ""entity_id_field"": 17939, ""group"": 0, ""room"": 40, ""unknown_a3"": 0, ""position"": [181.72210693359375, -20.604644775390625, -437.8026123046875], ""angles"": [0, -12288, 0], ""params"": [1.0, 1.0, 1.0, 0, 0, 0], ""unused_pointer"": 30827216}"
team-ep4/q709-bb-e,5,5,"{""base_type"": 902, ""set_flags"": 0, ""runtime_index"": 1335, ""file_offset"": 9500, ""floor_field"": 5, ""entity_id_field"": 17940, ""group"": 0, ""room"": 40, ""unknown_a3"": 0, ""position"": [219.78619384765625, -18.84075927734375, -407.3551940917969], ""angles"": [0, 16384, 0], ""params"": [1.0, 1.0, 1.0, 0, 0, 0], ""unused_pointer"": 30827440}"
team-ep4/q709-bb-e,5,6,"{""base_type"": 902, ""set_flags"": 0, ""runtime_index"": 1336, ""file_offset"": 9568, ""floor_field"": 5, ""entity_id_field"": 17941, ""group"": 0, ""room"": 40, ""unknown_a3"": 0, ""position"": [262.01751708984375, -18.0340576171875, -386.14007568359375], ""angles"": [0, 16384, 0], ""params"": [1.0, 1.0, 1.0, 0, 0, 0], ""unused_pointer"": 30839104}"
team-ep4/q709-bb-e,5,7,"{""base_type"": 902, ""set_flags"": 0, ""runtime_index"": 1337, ""file_offset"": 9636, ""floor_field"": 5, ""entity_id_field"": 17942, ""group"": 0, ""room"": 40, ""unknown_a3"": 0, ""position"": [300.6226806640625, -16.38507080078125, -356.09515380859375], ""angles"": [0, -4096, 0], ""params"": [1.0, 1.0, 1.0, 0, 0, 0], ""unused_pointer"": 30839328}"
team-ep4/q709-bb-e,5,8,"{""base_type"": 902, ""set_flags"": 0, ""runtime_index"": 1338, ""file_offset"": 9704, ""floor_field"": 5, ""entity_id_field"": 17943, ""group"": 0, ""room"": 40, ""unknown_a3"": 0, ""position"": [344.9537353515625, -15.31549072265625, -331.2219543457031], ""angles"": [0, -12288, 0], ""params"": [1.0, 1.0, 1.0, 0, 0, 0], ""unused_pointer"": 30839552}"
team-ep4/q709-bb-e,5,9,"{""base_type"": 902, ""set_flags"": 0, ""runtime_index"": 1339, ""file_offset"": 9772, ""floor_field"": 5, ""entity_id_field"": 17944, ""group"": 0, ""room"": 40, ""unknown_a3"": 0, ""position"": [383.696533203125, -14.002227783203125, -308.036865234375], ""angles"": [0, -12288, 0], ""params"": [1.0, 1.0, 1.0, 0, 0, 0], ""unused_pointer"": 30839776}"
team-ep4/q709-bb-e,5,10,"{""base_type"": 902, ""set_flags"": 0, ""runtime_index"": 1340, ""file_offset"": 9840, ""floor_field"": 5, ""entity_id_field"": 17945, ""group"": 0, ""room"": 40, ""unknown_a3"": 0, ""position"": [424.7049560546875, -9.1861572265625, -287.29449462890625], ""angles"": [0, -12288, 0], ""params"": [1.0, 1.0, 1.0, 0, 0, 0], ""unused_pointer"": 30840000}"
team-ep4/q709-bb-e,5,11,"{""base_type"": 902, ""set_flags"": 0, ""runtime_index"": 1341, ""file_offset"": 9908, ""floor_field"": 5, ""entity_id_field"": 17946, ""group"": 0, ""room"": 40, ""unknown_a3"": 0, ""position"": [474.6226806640625, -4.3243408203125, -276.02105712890625], ""angles"": [0, -36864, 0], ""params"": [1.0, 1.0, 1.0, 0, 0, 0], ""unused_pointer"": 30840224}"
team-ep4/q709-bb-e,5,12,"{""base_type"": 902, ""set_flags"": 0, ""runtime_index"": 1342, ""file_offset"": 9976, ""floor_field"": 5, ""entity_id_field"": 17947, ""group"": 0, ""room"": 40, ""unknown_a3"": 0, ""position"": [526.51953125, 1.78277587890625, -260.1807556152344], ""angles"": [0, -53248, 0], ""params"": [1.0, 1.0, 1.0, 0, 0, 0], ""unused_pointer"": 30840448}"
team-ep4/q709-bb-e,5,13,"{""base_type"": 902, ""set_flags"": 0, ""runtime_index"": 1343, ""file_offset"": 10044, ""floor_field"": 5, ""entity_id_field"": 17948, ""group"": 0, ""room"": 40, ""unknown_a3"": 0, ""position"": [568.93359375, 12.306884765625, -248.51763916015625], ""angles"": [0, -53248, 0], ""params"": [1.0, 1.0, 1.0, 0, 0, 0], ""unused_pointer"": 30840672}"
team-ep4/q709-bb-e,5,14,"{""base_type"": 902, ""set_flags"": 0, ""runtime_index"": 1344, ""file_offset"": 10112, ""floor_field"": 5, ""entity_id_field"": 17949, ""group"": 0, ""room"": 40, ""unknown_a3"": 0, ""position"": [516.326904296875, 41.44287109375, 105.14874267578125], ""angles"": [0, -53248, 0], ""params"": [1.0, 1.0, 1.0, 0, 0, 0], ""unused_pointer"": 30840896}"
team-ep4/q709-bb-e,5,15,"{""base_type"": 902, ""set_flags"": 0, ""runtime_index"": 1345, ""file_offset"": 10180, ""floor_field"": 5, ""entity_id_field"": 17950, ""group"": 0, ""room"": 40, ""unknown_a3"": 0, ""position"": [469.0902099609375, 36.63055419921875, 90.8294677734375], ""angles"": [0, -69632, 0], ""params"": [1.0, 1.0, 1.0, 0, 0, 0], ""unused_pointer"": 30841120}"
team-ep4/q709-bb-e,5,16,"{""base_type"": 902, ""set_flags"": 0, ""runtime_index"": 1347, ""file_offset"": 10248, ""floor_field"": 5, ""entity_id_field"": 17953, ""group"": 0, ""room"": 40, ""unknown_a3"": 0, ""position"": [421.4649658203125, 32.12420654296875, 81.8419189453125], ""angles"": [0, -69632, 0], ""params"": [1.0, 1.0, 1.0, 0, 0, 0], ""unused_pointer"": 30841344}"
team-ep4/q709-bb-e,5,17,"{""base_type"": 902, ""set_flags"": 0, ""runtime_index"": 1348, ""file_offset"": 10316, ""floor_field"": 5, ""entity_id_field"": 17954, ""group"": 0, ""room"": 40, ""unknown_a3"": 0, ""position"": [374.103515625, 28.463958740234375, 85.8515625], ""angles"": [0, -73728, 0], ""params"": [1.0, 1.0, 1.0, 0, 0, 0], ""unused_pointer"": 30841568}"
team-ep4/q709-bb-e,5,18,"{""base_type"": 902, ""set_flags"": 0, ""runtime_index"": 1349, ""file_offset"": 10384, ""floor_field"": 5, ""entity_id_field"": 17955, ""group"": 0, ""room"": 40, ""unknown_a3"": 0, ""position"": [324.6654052734375, 24.173736572265625, 85.0673828125], ""angles"": [0, -77824, 0], ""params"": [1.0, 1.0, 1.0, 0, 0, 0], ""unused_pointer"": 30841792}"
team-ep4/q709-bb-e,5,19,"{""base_type"": 902, ""set_flags"": 0, ""runtime_index"": 1350, ""file_offset"": 10452, ""floor_field"": 5, ""entity_id_field"": 17956, ""group"": 0, ""room"": 40, ""unknown_a3"": 0, ""position"": [272.9622802734375, 18.716094970703125, 85.22119140625], ""angles"": [0, -106496, 0], ""params"": [1.0, 1.0, 1.0, 0, 0, 0], ""unused_pointer"": 30842016}"
team-ep4/q709-bb-e,5,20,"{""base_type"": 902, ""set_flags"": 0, ""runtime_index"": 1351, ""file_offset"": 10520, ""floor_field"": 5, ""entity_id_field"": 17957, ""group"": 0, ""room"": 40, ""unknown_a3"": 0, ""position"": [218.3529052734375, 12.477447509765625, 85.38360595703125], ""angles"": [0, -139264, 0], ""params"": [1.0, 1.0, 1.0, 0, 0, 0], ""unused_pointer"": 30842240}"
team-ep4/q709-bb-e,5,21,"{""base_type"": 902, ""set_flags"": 0, ""runtime_index"": 1352, ""file_offset"": 10588, ""floor_field"": 5, ""entity_id_field"": 17958, ""group"": 0, ""room"": 40, ""unknown_a3"": 0, ""position"": [172.9779052734375, 7.598114013671875, 85.5185546875], ""angles"": [0, -139264, 0], ""params"": [1.0, 1.0, 1.0, 0, 0, 0], ""unused_pointer"": 30842464}"
team-ep4/q709-bb-e,5,22,"{""base_type"": 902, ""set_flags"": 0, ""runtime_index"": 1353, ""file_offset"": 10656, ""floor_field"": 5, ""entity_id_field"": 17959, ""group"": 0, ""room"": 40, ""unknown_a3"": 0, ""position"": [116.715087890625, 3.014739990234375, 94.38671875], ""angles"": [0, -106496, 0], ""params"": [1.0, 1.0, 1.0, 0, 0, 0], ""unused_pointer"": 30842688}"
team-ep4/q709-bb-e,5,23,"{""base_type"": 902, ""set_flags"": 0, ""runtime_index"": 1354, ""file_offset"": 10724, ""floor_field"": 5, ""entity_id_field"": 17960, ""group"": 0, ""room"": 40, ""unknown_a3"": 0, ""position"": [63.077880859375, 1.15911865234375, 97.42388916015625], ""angles"": [0, -106496, 0], ""params"": [1.0, 1.0, 1.0, 0, 0, 0], ""unused_pointer"": 30842912}"
team-ep4/q709-bb-e,5,24,"{""base_type"": 902, ""set_flags"": 0, ""runtime_index"": 1355, ""file_offset"": 10792, ""floor_field"": 5, ""entity_id_field"": 17961, ""group"": 0, ""room"": 40, ""unknown_a3"": 0, ""position"": [7.67047119140625, -0.742034912109375, 105.9688720703125], ""angles"": [0, -135168, 0], ""params"": [1.0, 1.0, 1.0, 0, 0, 0], ""unused_pointer"": 30843136}"
team-ep4/q709-bb-e,5,25,"{""base_type"": 902, ""set_flags"": 0, ""runtime_index"": 1356, ""file_offset"": 10860, ""floor_field"": 5, ""entity_id_field"": 17962, ""group"": 0, ""room"": 40, ""unknown_a3"": 0, ""position"": [-42.88043212890625, -4.0093994140625, 96.39044189453125], ""angles"": [0, -163840, 0], ""params"": [1.0, 1.0, 1.0, 0, 0, 0], ""unused_pointer"": 30843360}"
team-ep4/q709-bb-e,5,26,"{""base_type"": 902, ""set_flags"": 0, ""runtime_index"": 1357, ""file_offset"": 10928, ""floor_field"": 5, ""entity_id_field"": 17963, ""group"": 0, ""room"": 40, ""unknown_a3"": 0, ""position"": [-98.10186767578125, -7.61920166015625, 94.18682861328125], ""angles"": [0, -172032, 0], ""params"": [1.0, 1.0, 1.0, 0, 0, 0], ""unused_pointer"": 30843584}"
team-ep4/q709-bb-e,5,27,"{""base_type"": 902, ""set_flags"": 0, ""runtime_index"": 1358, ""file_offset"": 10996, ""floor_field"": 5, ""entity_id_field"": 17964, ""group"": 0, ""room"": 40, ""unknown_a3"": 0, ""position"": [-155.66796875, -13.00372314453125, 89.4774169921875], ""angles"": [0, -204800, 0], ""params"": [1.0, 1.0, 1.0, 0, 0, 0], ""unused_pointer"": 30843808}"
team-ep4/q709-bb-e,5,28,"{""base_type"": 902, ""set_flags"": 0, ""runtime_index"": 1359, ""file_offset"": 11064, ""floor_field"": 5, ""entity_id_field"": 17965, ""group"": 0, ""room"": 40, ""unknown_a3"": 0, ""position"": [-204.74649047851562, -17.540130615234375, 92.9222412109375], ""angles"": [0, -204800, 0], ""params"": [1.0, 1.0, 1.0, 0, 0, 0], ""unused_pointer"": 30844032}"
team-ep4/q709-bb-e,5,29,"{""base_type"": 902, ""set_flags"": 0, ""runtime_index"": 1360, ""file_offset"": 11132, ""floor_field"": 5, ""entity_id_field"": 17966, ""group"": 0, ""room"": 40, ""unknown_a3"": 0, ""position"": [-253.94732666015625, -24.526458740234375, 106.2369384765625], ""angles"": [0, -233472, 0], ""params"": [1.0, 1.0, 1.0, 0, 0, 0], ""unused_pointer"": 30844256}"
team-ep4/q709-bb-e,5,30,"{""base_type"": 902, ""set_flags"": 0, ""runtime_index"": 1361, ""file_offset"": 11200, ""floor_field"": 5, ""entity_id_field"": 17967, ""group"": 0, ""room"": 40, ""unknown_a3"": 0, ""position"": [-310.7952575683594, -27.89251708984375, 102.39697265625], ""angles"": [0, -270336, 0], ""params"": [1.0, 1.0, 1.0, 0, 0, 0], ""unused_pointer"": 30844480}"
team-ep4/q709-bb-e,5,31,"{""base_type"": 902, ""set_flags"": 0, ""runtime_index"": 1362, ""file_offset"": 11268, ""floor_field"": 5, ""entity_id_field"": 17968, ""group"": 0, ""room"": 40, ""unknown_a3"": 0, ""position"": [-366.006591796875, -29.062469482421875, 92.00152587890625], ""angles"": [0, -307200, 0], ""params"": [1.0, 1.0, 1.0, 0, 0, 0], ""unused_pointer"": 30844704}"
team-ep4/q709-bb-e,5,32,"{""base_type"": 902, ""set_flags"": 0, ""runtime_index"": 1363, ""file_offset"": 11336, ""floor_field"": 5, ""entity_id_field"": 17969, ""group"": 0, ""room"": 40, ""unknown_a3"": 0, ""position"": [-409.1742248535156, -29.2666015625, 71.35931396484375], ""angles"": [0, -339968, 0], ""params"": [1.0, 1.0, 1.0, 0, 0, 0], ""unused_pointer"": 30844928}"
team-ep4/q709-bb-e,5,33,"{""base_type"": 902, ""set_flags"": 0, ""runtime_index"": 1364, ""file_offset"": 11404, ""floor_field"": 5, ""entity_id_field"": 17970, ""group"": 0, ""room"": 40, ""unknown_a3"": 0, ""position"": [-453.3200988769531, -31.358184814453125, 51.80517578125], ""angles"": [0, -339968, 0], ""params"": [1.0, 1.0, 1.0, 0, 0, 0], ""unused_pointer"": 30845152}"
team-ep4/q709-bb-e,5,34,"{""base_type"": 902, ""set_flags"": 0, ""runtime_index"": 1365, ""file_offset"": 11472, ""floor_field"": 5, ""entity_id_field"": 17971, ""group"": 0, ""room"": 40, ""unknown_a3"": 0, ""position"": [-480.63836669921875, -31.126617431640625, 19.35552978515625], ""angles"": [0, -356352, 0], ""params"": [1.0, 1.0, 1.0, 0, 0, 0], ""unused_pointer"": 30845376}"
team-ep4/q709-bb-e,5,35,"{""base_type"": 902, ""set_flags"": 0, ""runtime_index"": 1366, ""file_offset"": 11540, ""floor_field"": 5, ""entity_id_field"": 17972, ""group"": 0, ""room"": 40, ""unknown_a3"": 0, ""position"": [-520.2557373046875, -32.69964599609375, -8.56634521484375], ""angles"": [0, -356352, 0], ""params"": [1.0, 1.0, 1.0, 0, 0, 0], ""unused_pointer"": 30845600}"
team-ep4/q709-bb-e,5,36,"{""base_type"": 902, ""set_flags"": 0, ""runtime_index"": 1367, ""file_offset"": 11608, ""floor_field"": 5, ""entity_id_field"": 17973, ""group"": 0, ""room"": 40, ""unknown_a3"": 0, ""position"": [112.488037109375, -22.368865966796875, -420.3334045410156], ""angles"": [0, -356352, 0], ""params"": [1.0, 1.0, 1.0, 0, 0, 0], ""unused_pointer"": 30845824}"
team-ep4/q709-bb-e,5,37,"{""base_type"": 902, ""set_flags"": 0, ""runtime_index"": 1368, ""file_offset"": 11676, ""floor_field"": 5, ""entity_id_field"": 17974, ""group"": 0, ""room"": 40, ""unknown_a3"": 0, ""position"": [84.93621826171875, -21.872283935546875, -377.7953186035156], ""angles"": [0, -356352, 0], ""params"": [1.0, 1.0, 1.0, 0, 0, 0], ""unused_pointer"": 30846048}"
team-ep4/q709-bb-e,5,38,"{""base_type"": 902, ""set_flags"": 0, ""runtime_index"": 1369, ""file_offset"": 11744, ""floor_field"": 5, ""entity_id_field"": 17975, ""group"": 0, ""room"": 40, ""unknown_a3"": 0, ""position"": [51.05059814453125, -22.828399658203125, -336.9703369140625], ""angles"": [0, -389120, 0], ""params"": [1.0, 1.0, 1.0, 0, 0, 0], ""unused_pointer"": 30846272}"
team-ep4/q709-bb-e,5,39,"{""base_type"": 902, ""set_flags"": 0, ""runtime_index"": 1370, ""file_offset"": 11812, ""floor_field"": 5, ""entity_id_field"": 17976, ""group"": 0, ""room"": 40, ""unknown_a3"": 0, ""position"": [18.23516845703125, -25.4586181640625, -296.5209045410156], ""angles"": [0, -425984, 0], ""params"": [1.0, 1.0, 1.0, 0, 0, 0], ""unused_pointer"": 30846496}"
team-ep4/q709-bb-e,5,40,"{""base_type"": 902, ""set_flags"": 0, ""runtime_index"": 1371, ""file_offset"": 11880, ""floor_field"": 5, ""entity_id_field"": 17977, ""group"": 0, ""room"": 40, ""unknown_a3"": 0, ""position"": [-10.443603515625, -25.50262451171875, -255.49365234375], ""angles"": [0, -442368, 0], ""params"": [1.0, 1.0, 1.0, 0, 0, 0], ""unused_pointer"": 30846720}"
team-ep4/q709-bb-e,5,41,"{""base_type"": 902, ""set_flags"": 0, ""runtime_index"": 1372, ""file_offset"": 11948, ""floor_field"": 5, ""entity_id_field"": 17978, ""group"": 0, ""room"": 40, ""unknown_a3"": 0, ""position"": [-37.89447021484375, -25.3868408203125, -215.29681396484375], ""angles"": [0, -454656, 0], ""params"": [1.0, 1.0, 1.0, 0, 0, 0], ""unused_pointer"": 30846944}"
team-ep4/q709-bb-e,5,42,"{""base_type"": 902, ""set_flags"": 0, ""runtime_index"": 1373, ""file_offset"": 12016, ""floor_field"": 5, ""entity_id_field"": 17979, ""group"": 0, ""room"": 40, ""unknown_a3"": 0, ""position"": [-81.43084716796875, -27.163055419921875, -200.23764038085938], ""angles"": [0, -454656, 0], ""params"": [1.0, 1.0, 1.0, 0, 0, 0], ""unused_pointer"": 30847168}"
team-ep4/q709-bb-e,5,43,"{""base_type"": 902, ""set_flags"": 0, ""runtime_index"": 1374, ""file_offset"": 12084, ""floor_field"": 5, ""entity_id_field"": 17980, ""group"": 0, ""room"": 40, ""unknown_a3"": 0, ""position"": [-117.29632568359375, -26.91888427734375, -169.48486328125], ""angles"": [0, -454656, 0], ""params"": [1.0, 1.0, 1.0, 0, 0, 0], ""unused_pointer"": 30847392}"
team-ep4/q709-bb-e,5,44,"{""base_type"": 902, ""set_flags"": 0, ""runtime_index"": 1375, ""file_offset"": 12152, ""floor_field"": 5, ""entity_id_field"": 17981, ""group"": 0, ""room"": 40, ""unknown_a3"": 0, ""position"": [-163.81915283203125, -37.73675537109375, -436.7139587402344], ""angles"": [0, -454656, 0], ""params"": [1.0, 1.0, 1.0, 0, 0, 0], ""unused_pointer"": 30847616}"
team-ep4/q709-bb-e,5,45,"{""base_type"": 902, ""set_flags"": 0, ""runtime_index"": 1376, ""file_offset"": 12220, ""floor_field"": 5, ""entity_id_field"": 17982, ""group"": 0, ""room"": 40, ""unknown_a3"": 0, ""position"": [-453.9116516113281, -38.52191162109375, -153.02264404296875], ""angles"": [0, -454656, 0], ""params"": [1.0, 1.0, 1.0, 0, 0, 0], ""unused_pointer"": 30847840}"
team-ep4/q709-bb-e,5,46,"{""base_type"": 902, ""set_flags"": 0, ""runtime_index"": 1377, ""file_offset"": 12288, ""floor_field"": 5, ""entity_id_field"": 17983, ""group"": 0, ""room"": 40, ""unknown_a3"": 0, ""position"": [-533.802734375, -45.514129638671875, -240.5699462890625], ""angles"": [0, -454656, 0], ""params"": [1.0, 1.0, 1.0, 0, 0, 0], ""unused_pointer"": 30848064}"
team-ep4/q709-bb-e,5,94,"{""base_type"": 902, ""set_flags"": 0, ""runtime_index"": 1257, ""file_offset"": 15552, ""floor_field"": 5, ""entity_id_field"": 17917, ""group"": 0, ""room"": 60, ""unknown_a3"": 0, ""position"": [-339.2872009277344, -48.21417236328125, 288.5865478515625], ""angles"": [0, 0, 0], ""params"": [1.0, 1.0, 1.0, 0, 0, 0], ""unused_pointer"": 32155616}"
team-ep4/q709-bb-e,5,95,"{""base_type"": 902, ""set_flags"": 0, ""runtime_index"": 1258, ""file_offset"": 15620, ""floor_field"": 5, ""entity_id_field"": 17918, ""group"": 0, ""room"": 60, ""unknown_a3"": 0, ""position"": [-392.85693359375, -44.67041015625, 298.37432861328125], ""angles"": [0, 0, 0], ""params"": [1.0, 1.0, 1.0, 1, 0, 0], ""unused_pointer"": 32155840}"
team-ep4/q709-bb-e,8,33,"{""base_type"": 902, ""set_flags"": 0, ""runtime_index"": 1506, ""file_offset"": 18424, ""floor_field"": 8, ""entity_id_field"": 18086, ""group"": 0, ""room"": 70, ""unknown_a3"": 0, ""position"": [224.107421875, 1.0, -140.95013427734375], ""angles"": [0, 0, 0], ""params"": [1.0, 1.0, 1.0, 0, 0, 0], ""unused_pointer"": 36683520}"
team-ep4/q709-bb-e,8,34,"{""base_type"": 902, ""set_flags"": 0, ""runtime_index"": 1507, ""file_offset"": 18492, ""floor_field"": 8, ""entity_id_field"": 18087, ""group"": 0, ""room"": 70, ""unknown_a3"": 0, ""position"": [-223.97509765625, 1.0, 197.2498779296875], ""angles"": [0, 0, 0], ""params"": [1.0, 1.0, 1.0, 0, 0, 0], ""unused_pointer"": 36683744}"
team-ep4/q709-bb-j,1,36,"{""base_type"": 902, ""set_flags"": 0, ""runtime_index"": 1278, ""file_offset"": 4248, ""floor_field"": 1, ""entity_id_field"": 17918, ""group"": 0, ""room"": 20, ""unknown_a3"": 0, ""position"": [908.323486328125, -3.5157427191734314e-08, 311.06390380859375], ""angles"": [0, 0, 0], ""params"": [1.0, 1.0, 1.0, 0, 0, 0], ""unused_pointer"": 36674688}"
team-ep4/q709-bb-j,1,37,"{""base_type"": 902, ""set_flags"": 0, ""runtime_index"": 1279, ""file_offset"": 4316, ""floor_field"": 1, ""entity_id_field"": 17919, ""group"": 0, ""room"": 20, ""unknown_a3"": 0, ""position"": [908.9244384765625, 0.5000001192092896, 360.08697509765625], ""angles"": [0, -20480, 0], ""params"": [1.0, 1.0, 1.0, 0, 0, 0], ""unused_pointer"": 36674912}"
team-ep4/q709-bb-j,1,38,"{""base_type"": 902, ""set_flags"": 0, ""runtime_index"": 1280, ""file_offset"": 4384, ""floor_field"": 1, ""entity_id_field"": 17920, ""group"": 0, ""room"": 20, ""unknown_a3"": 0, ""position"": [924.9322509765625, -1.367880031466484e-08, 396.50274658203125], ""angles"": [0, -20480, 0], ""params"": [1.0, 1.0, 1.0, 0, 0, 0], ""unused_pointer"": 36675136}"
team-ep4/q709-bb-j,5,3,"{""base_type"": 902, ""set_flags"": 0, ""runtime_index"": 1333, ""file_offset"": 9364, ""floor_field"": 5, ""entity_id_field"": 17938, ""group"": 0, ""room"": 40, ""unknown_a3"": 0, ""position"": [132.49078369140625, -23.329498291015625, -460.6331787109375], ""angles"": [0, 0, 0], ""params"": [1.0, 1.0, 1.0, 0, 0, 0], ""unused_pointer"": 30816624}"
team-ep4/q709-bb-j,5,4,"{""base_type"": 902, ""set_flags"": 0, ""runtime_index"": 1334, ""file_offset"": 9432, ""floor_field"": 5, ""entity_id_field"": 17939, ""group"": 0, ""room"": 40, ""unknown_a3"": 0, ""position"": [181.72210693359375, -20.604644775390625, -437.8026123046875], ""angles"": [0, -12288, 0], ""params"": [1.0, 1.0, 1.0, 0, 0, 0], ""unused_pointer"": 30827216}"
team-ep4/q709-bb-j,5,5,"{""base_type"": 902, ""set_flags"": 0, ""runtime_index"": 1335, ""file_offset"": 9500, ""floor_field"": 5, ""entity_id_field"": 17940, ""group"": 0, ""room"": 40, ""unknown_a3"": 0, ""position"": [219.78619384765625, -18.84075927734375, -407.3551940917969], ""angles"": [0, 16384, 0], ""params"": [1.0, 1.0, 1.0, 0, 0, 0], ""unused_pointer"": 30827440}"
team-ep4/q709-bb-j,5,6,"{""base_type"": 902, ""set_flags"": 0, ""runtime_index"": 1336, ""file_offset"": 9568, ""floor_field"": 5, ""entity_id_field"": 17941, ""group"": 0, ""room"": 40, ""unknown_a3"": 0, ""position"": [262.01751708984375, -18.0340576171875, -386.14007568359375], ""angles"": [0, 16384, 0], ""params"": [1.0, 1.0, 1.0, 0, 0, 0], ""unused_pointer"": 30839104}"
team-ep4/q709-bb-j,5,7,"{""base_type"": 902, ""set_flags"": 0, ""runtime_index"": 1337, ""file_offset"": 9636, ""floor_field"": 5, ""entity_id_field"": 17942, ""group"": 0, ""room"": 40, ""unknown_a3"": 0, ""position"": [300.6226806640625, -16.38507080078125, -356.09515380859375], ""angles"": [0, -4096, 0], ""params"": [1.0, 1.0, 1.0, 0, 0, 0], ""unused_pointer"": 30839328}"
team-ep4/q709-bb-j,5,8,"{""base_type"": 902, ""set_flags"": 0, ""runtime_index"": 1338, ""file_offset"": 9704, ""floor_field"": 5, ""entity_id_field"": 17943, ""group"": 0, ""room"": 40, ""unknown_a3"": 0, ""position"": [344.9537353515625, -15.31549072265625, -331.2219543457031], ""angles"": [0, -12288, 0], ""params"": [1.0, 1.0, 1.0, 0, 0, 0], ""unused_pointer"": 30839552}"
team-ep4/q709-bb-j,5,9,"{""base_type"": 902, ""set_flags"": 0, ""runtime_index"": 1339, ""file_offset"": 9772, ""floor_field"": 5, ""entity_id_field"": 17944, ""group"": 0, ""room"": 40, ""unknown_a3"": 0, ""position"": [383.696533203125, -14.002227783203125, -308.036865234375], ""angles"": [0, -12288, 0], ""params"": [1.0, 1.0, 1.0, 0, 0, 0], ""unused_pointer"": 30839776}"
team-ep4/q709-bb-j,5,10,"{""base_type"": 902, ""set_flags"": 0, ""runtime_index"": 1340, ""file_offset"": 9840, ""floor_field"": 5, ""entity_id_field"": 17945, ""group"": 0, ""room"": 40, ""unknown_a3"": 0, ""position"": [424.7049560546875, -9.1861572265625, -287.29449462890625], ""angles"": [0, -12288, 0], ""params"": [1.0, 1.0, 1.0, 0, 0, 0], ""unused_pointer"": 30840000}"
team-ep4/q709-bb-j,5,11,"{""base_type"": 902, ""set_flags"": 0, ""runtime_index"": 1341, ""file_offset"": 9908, ""floor_field"": 5, ""entity_id_field"": 17946, ""group"": 0, ""room"": 40, ""unknown_a3"": 0, ""position"": [474.6226806640625, -4.3243408203125, -276.02105712890625], ""angles"": [0, -36864, 0], ""params"": [1.0, 1.0, 1.0, 0, 0, 0], ""unused_pointer"": 30840224}"
team-ep4/q709-bb-j,5,12,"{""base_type"": 902, ""set_flags"": 0, ""runtime_index"": 1342, ""file_offset"": 9976, ""floor_field"": 5, ""entity_id_field"": 17947, ""group"": 0, ""room"": 40, ""unknown_a3"": 0, ""position"": [526.51953125, 1.78277587890625, -260.1807556152344], ""angles"": [0, -53248, 0], ""params"": [1.0, 1.0, 1.0, 0, 0, 0], ""unused_pointer"": 30840448}"
team-ep4/q709-bb-j,5,13,"{""base_type"": 902, ""set_flags"": 0, ""runtime_index"": 1343, ""file_offset"": 10044, ""floor_field"": 5, ""entity_id_field"": 17948, ""group"": 0, ""room"": 40, ""unknown_a3"": 0, ""position"": [568.93359375, 12.306884765625, -248.51763916015625], ""angles"": [0, -53248, 0], ""params"": [1.0, 1.0, 1.0, 0, 0, 0], ""unused_pointer"": 30840672}"
team-ep4/q709-bb-j,5,14,"{""base_type"": 902, ""set_flags"": 0, ""runtime_index"": 1344, ""file_offset"": 10112, ""floor_field"": 5, ""entity_id_field"": 17949, ""group"": 0, ""room"": 40, ""unknown_a3"": 0, ""position"": [516.326904296875, 41.44287109375, 105.14874267578125], ""angles"": [0, -53248, 0], ""params"": [1.0, 1.0, 1.0, 0, 0, 0], ""unused_pointer"": 30840896}"
team-ep4/q709-bb-j,5,15,"{""base_type"": 902, ""set_flags"": 0, ""runtime_index"": 1345, ""file_offset"": 10180, ""floor_field"": 5, ""entity_id_field"": 17950, ""group"": 0, ""room"": 40, ""unknown_a3"": 0, ""position"": [469.0902099609375, 36.63055419921875, 90.8294677734375], ""angles"": [0, -69632, 0], ""params"": [1.0, 1.0, 1.0, 0, 0, 0], ""unused_pointer"": 30841120}"
team-ep4/q709-bb-j,5,16,"{""base_type"": 902, ""set_flags"": 0, ""runtime_index"": 1347, ""file_offset"": 10248, ""floor_field"": 5, ""entity_id_field"": 17953, ""group"": 0, ""room"": 40, ""unknown_a3"": 0, ""position"": [421.4649658203125, 32.12420654296875, 81.8419189453125], ""angles"": [0, -69632, 0], ""params"": [1.0, 1.0, 1.0, 0, 0, 0], ""unused_pointer"": 30841344}"
team-ep4/q709-bb-j,5,17,"{""base_type"": 902, ""set_flags"": 0, ""runtime_index"": 1348, ""file_offset"": 10316, ""floor_field"": 5, ""entity_id_field"": 17954, ""group"": 0, ""room"": 40, ""unknown_a3"": 0, ""position"": [374.103515625, 28.463958740234375, 85.8515625], ""angles"": [0, -73728, 0], ""params"": [1.0, 1.0, 1.0, 0, 0, 0], ""unused_pointer"": 30841568}"
team-ep4/q709-bb-j,5,18,"{""base_type"": 902, ""set_flags"": 0, ""runtime_index"": 1349, ""file_offset"": 10384, ""floor_field"": 5, ""entity_id_field"": 17955, ""group"": 0, ""room"": 40, ""unknown_a3"": 0, ""position"": [324.6654052734375, 24.173736572265625, 85.0673828125], ""angles"": [0, -77824, 0], ""params"": [1.0, 1.0, 1.0, 0, 0, 0], ""unused_pointer"": 30841792}"
team-ep4/q709-bb-j,5,19,"{""base_type"": 902, ""set_flags"": 0, ""runtime_index"": 1350, ""file_offset"": 10452, ""floor_field"": 5, ""entity_id_field"": 17956, ""group"": 0, ""room"": 40, ""unknown_a3"": 0, ""position"": [272.9622802734375, 18.716094970703125, 85.22119140625], ""angles"": [0, -106496, 0], ""params"": [1.0, 1.0, 1.0, 0, 0, 0], ""unused_pointer"": 30842016}"
team-ep4/q709-bb-j,5,20,"{""base_type"": 902, ""set_flags"": 0, ""runtime_index"": 1351, ""file_offset"": 10520, ""floor_field"": 5, ""entity_id_field"": 17957, ""group"": 0, ""room"": 40, ""unknown_a3"": 0, ""position"": [218.3529052734375, 12.477447509765625, 85.38360595703125], ""angles"": [0, -139264, 0], ""params"": [1.0, 1.0, 1.0, 0, 0, 0], ""unused_pointer"": 30842240}"
team-ep4/q709-bb-j,5,21,"{""base_type"": 902, ""set_flags"": 0, ""runtime_index"": 1352, ""file_offset"": 10588, ""floor_field"": 5, ""entity_id_field"": 17958, ""group"": 0, ""room"": 40, ""unknown_a3"": 0, ""position"": [172.9779052734375, 7.598114013671875, 85.5185546875], ""angles"": [0, -139264, 0], ""params"": [1.0, 1.0, 1.0, 0, 0, 0], ""unused_pointer"": 30842464}"
team-ep4/q709-bb-j,5,22,"{""base_type"": 902, ""set_flags"": 0, ""runtime_index"": 1353, ""file_offset"": 10656, ""floor_field"": 5, ""entity_id_field"": 17959, ""group"": 0, ""room"": 40, ""unknown_a3"": 0, ""position"": [116.715087890625, 3.014739990234375, 94.38671875], ""angles"": [0, -106496, 0], ""params"": [1.0, 1.0, 1.0, 0, 0, 0], ""unused_pointer"": 30842688}"
team-ep4/q709-bb-j,5,23,"{""base_type"": 902, ""set_flags"": 0, ""runtime_index"": 1354, ""file_offset"": 10724, ""floor_field"": 5, ""entity_id_field"": 17960, ""group"": 0, ""room"": 40, ""unknown_a3"": 0, ""position"": [63.077880859375, 1.15911865234375, 97.42388916015625], ""angles"": [0, -106496, 0], ""params"": [1.0, 1.0, 1.0, 0, 0, 0], ""unused_pointer"": 30842912}"
team-ep4/q709-bb-j,5,24,"{""base_type"": 902, ""set_flags"": 0, ""runtime_index"": 1355, ""file_offset"": 10792, ""floor_field"": 5, ""entity_id_field"": 17961, ""group"": 0, ""room"": 40, ""unknown_a3"": 0, ""position"": [7.67047119140625, -0.742034912109375, 105.9688720703125], ""angles"": [0, -135168, 0], ""params"": [1.0, 1.0, 1.0, 0, 0, 0], ""unused_pointer"": 30843136}"
team-ep4/q709-bb-j,5,25,"{""base_type"": 902, ""set_flags"": 0, ""runtime_index"": 1356, ""file_offset"": 10860, ""floor_field"": 5, ""entity_id_field"": 17962, ""group"": 0, ""room"": 40, ""unknown_a3"": 0, ""position"": [-42.88043212890625, -4.0093994140625, 96.39044189453125], ""angles"": [0, -163840, 0], ""params"": [1.0, 1.0, 1.0, 0, 0, 0], ""unused_pointer"": 30843360}"
team-ep4/q709-bb-j,5,26,"{""base_type"": 902, ""set_flags"": 0, ""runtime_index"": 1357, ""file_offset"": 10928, ""floor_field"": 5, ""entity_id_field"": 17963, ""group"": 0, ""room"": 40, ""unknown_a3"": 0, ""position"": [-98.10186767578125, -7.61920166015625, 94.18682861328125], ""angles"": [0, -172032, 0], ""params"": [1.0, 1.0, 1.0, 0, 0, 0], ""unused_pointer"": 30843584}"
team-ep4/q709-bb-j,5,27,"{""base_type"": 902, ""set_flags"": 0, ""runtime_index"": 1358, ""file_offset"": 10996, ""floor_field"": 5, ""entity_id_field"": 17964, ""group"": 0, ""room"": 40, ""unknown_a3"": 0, ""position"": [-155.66796875, -13.00372314453125, 89.4774169921875], ""angles"": [0, -204800, 0], ""params"": [1.0, 1.0, 1.0, 0, 0, 0], ""unused_pointer"": 30843808}"
team-ep4/q709-bb-j,5,28,"{""base_type"": 902, ""set_flags"": 0, ""runtime_index"": 1359, ""file_offset"": 11064, ""floor_field"": 5, ""entity_id_field"": 17965, ""group"": 0, ""room"": 40, ""unknown_a3"": 0, ""position"": [-204.74649047851562, -17.540130615234375, 92.9222412109375], ""angles"": [0, -204800, 0], ""params"": [1.0, 1.0, 1.0, 0, 0, 0], ""unused_pointer"": 30844032}"
team-ep4/q709-bb-j,5,29,"{""base_type"": 902, ""set_flags"": 0, ""runtime_index"": 1360, ""file_offset"": 11132, ""floor_field"": 5, ""entity_id_field"": 17966, ""group"": 0, ""room"": 40, ""unknown_a3"": 0, ""position"": [-253.94732666015625, -24.526458740234375, 106.2369384765625], ""angles"": [0, -233472, 0], ""params"": [1.0, 1.0, 1.0, 0, 0, 0], ""unused_pointer"": 30844256}"
team-ep4/q709-bb-j,5,30,"{""base_type"": 902, ""set_flags"": 0, ""runtime_index"": 1361, ""file_offset"": 11200, ""floor_field"": 5, ""entity_id_field"": 17967, ""group"": 0, ""room"": 40, ""unknown_a3"": 0, ""position"": [-310.7952575683594, -27.89251708984375, 102.39697265625], ""angles"": [0, -270336, 0], ""params"": [1.0, 1.0, 1.0, 0, 0, 0], ""unused_pointer"": 30844480}"
team-ep4/q709-bb-j,5,31,"{""base_type"": 902, ""set_flags"": 0, ""runtime_index"": 1362, ""file_offset"": 11268, ""floor_field"": 5, ""entity_id_field"": 17968, ""group"": 0, ""room"": 40, ""unknown_a3"": 0, ""position"": [-366.006591796875, -29.062469482421875, 92.00152587890625], ""angles"": [0, -307200, 0], ""params"": [1.0, 1.0, 1.0, 0, 0, 0], ""unused_pointer"": 30844704}"
team-ep4/q709-bb-j,5,32,"{""base_type"": 902, ""set_flags"": 0, ""runtime_index"": 1363, ""file_offset"": 11336, ""floor_field"": 5, ""entity_id_field"": 17969, ""group"": 0, ""room"": 40, ""unknown_a3"": 0, ""position"": [-409.1742248535156, -29.2666015625, 71.35931396484375], ""angles"": [0, -339968, 0], ""params"": [1.0, 1.0, 1.0, 0, 0, 0], ""unused_pointer"": 30844928}"
team-ep4/q709-bb-j,5,33,"{""base_type"": 902, ""set_flags"": 0, ""runtime_index"": 1364, ""file_offset"": 11404, ""floor_field"": 5, ""entity_id_field"": 17970, ""group"": 0, ""room"": 40, ""unknown_a3"": 0, ""position"": [-453.3200988769531, -31.358184814453125, 51.80517578125], ""angles"": [0, -339968, 0], ""params"": [1.0, 1.0, 1.0, 0, 0, 0], ""unused_pointer"": 30845152}"
team-ep4/q709-bb-j,5,34,"{""base_type"": 902, ""set_flags"": 0, ""runtime_index"": 1365, ""file_offset"": 11472, ""floor_field"": 5, ""entity_id_field"": 17971, ""group"": 0, ""room"": 40, ""unknown_a3"": 0, ""position"": [-480.63836669921875, -31.126617431640625, 19.35552978515625], ""angles"": [0, -356352, 0], ""params"": [1.0, 1.0, 1.0, 0, 0, 0], ""unused_pointer"": 30845376}"
team-ep4/q709-bb-j,5,35,"{""base_type"": 902, ""set_flags"": 0, ""runtime_index"": 1366, ""file_offset"": 11540, ""floor_field"": 5, ""entity_id_field"": 17972, ""group"": 0, ""room"": 40, ""unknown_a3"": 0, ""position"": [-520.2557373046875, -32.69964599609375, -8.56634521484375], ""angles"": [0, -356352, 0], ""params"": [1.0, 1.0, 1.0, 0, 0, 0], ""unused_pointer"": 30845600}"
team-ep4/q709-bb-j,5,36,"{""base_type"": 902, ""set_flags"": 0, ""runtime_index"": 1367, ""file_offset"": 11608, ""floor_field"": 5, ""entity_id_field"": 17973, ""group"": 0, ""room"": 40, ""unknown_a3"": 0, ""position"": [112.488037109375, -22.368865966796875, -420.3334045410156], ""angles"": [0, -356352, 0], ""params"": [1.0, 1.0, 1.0, 0, 0, 0], ""unused_pointer"": 30845824}"
team-ep4/q709-bb-j,5,37,"{""base_type"": 902, ""set_flags"": 0, ""runtime_index"": 1368, ""file_offset"": 11676, ""floor_field"": 5, ""entity_id_field"": 17974, ""group"": 0, ""room"": 40, ""unknown_a3"": 0, ""position"": [84.93621826171875, -21.872283935546875, -377.7953186035156], ""angles"": [0, -356352, 0], ""params"": [1.0, 1.0, 1.0, 0, 0, 0], ""unused_pointer"": 30846048}"
team-ep4/q709-bb-j,5,38,"{""base_type"": 902, ""set_flags"": 0, ""runtime_index"": 1369, ""file_offset"": 11744, ""floor_field"": 5, ""entity_id_field"": 17975, ""group"": 0, ""room"": 40, ""unknown_a3"": 0, ""position"": [51.05059814453125, -22.828399658203125, -336.9703369140625], ""angles"": [0, -389120, 0], ""params"": [1.0, 1.0, 1.0, 0, 0, 0], ""unused_pointer"": 30846272}"
team-ep4/q709-bb-j,5,39,"{""base_type"": 902, ""set_flags"": 0, ""runtime_index"": 1370, ""file_offset"": 11812, ""floor_field"": 5, ""entity_id_field"": 17976, ""group"": 0, ""room"": 40, ""unknown_a3"": 0, ""position"": [18.23516845703125, -25.4586181640625, -296.5209045410156], ""angles"": [0, -425984, 0], ""params"": [1.0, 1.0, 1.0, 0, 0, 0], ""unused_pointer"": 30846496}"
team-ep4/q709-bb-j,5,40,"{""base_type"": 902, ""set_flags"": 0, ""runtime_index"": 1371, ""file_offset"": 11880, ""floor_field"": 5, ""entity_id_field"": 17977, ""group"": 0, ""room"": 40, ""unknown_a3"": 0, ""position"": [-10.443603515625, -25.50262451171875, -255.49365234375], ""angles"": [0, -442368, 0], ""params"": [1.0, 1.0, 1.0, 0, 0, 0], ""unused_pointer"": 30846720}"
team-ep4/q709-bb-j,5,41,"{""base_type"": 902, ""set_flags"": 0, ""runtime_index"": 1372, ""file_offset"": 11948, ""floor_field"": 5, ""entity_id_field"": 17978, ""group"": 0, ""room"": 40, ""unknown_a3"": 0, ""position"": [-37.89447021484375, -25.3868408203125, -215.29681396484375], ""angles"": [0, -454656, 0], ""params"": [1.0, 1.0, 1.0, 0, 0, 0], ""unused_pointer"": 30846944}"
team-ep4/q709-bb-j,5,42,"{""base_type"": 902, ""set_flags"": 0, ""runtime_index"": 1373, ""file_offset"": 12016, ""floor_field"": 5, ""entity_id_field"": 17979, ""group"": 0, ""room"": 40, ""unknown_a3"": 0, ""position"": [-81.43084716796875, -27.163055419921875, -200.23764038085938], ""angles"": [0, -454656, 0], ""params"": [1.0, 1.0, 1.0, 0, 0, 0], ""unused_pointer"": 30847168}"
team-ep4/q709-bb-j,5,43,"{""base_type"": 902, ""set_flags"": 0, ""runtime_index"": 1374, ""file_offset"": 12084, ""floor_field"": 5, ""entity_id_field"": 17980, ""group"": 0, ""room"": 40, ""unknown_a3"": 0, ""position"": [-117.29632568359375, -26.91888427734375, -169.48486328125], ""angles"": [0, -454656, 0], ""params"": [1.0, 1.0, 1.0, 0, 0, 0], ""unused_pointer"": 30847392}"
team-ep4/q709-bb-j,5,44,"{""base_type"": 902, ""set_flags"": 0, ""runtime_index"": 1375, ""file_offset"": 12152, ""floor_field"": 5, ""entity_id_field"": 17981, ""group"": 0, ""room"": 40, ""unknown_a3"": 0, ""position"": [-163.81915283203125, -37.73675537109375, -436.7139587402344], ""angles"": [0, -454656, 0], ""params"": [1.0, 1.0, 1.0, 0, 0, 0], ""unused_pointer"": 30847616}"
team-ep4/q709-bb-j,5,45,"{""base_type"": 902, ""set_flags"": 0, ""runtime_index"": 1376, ""file_offset"": 12220, ""floor_field"": 5, ""entity_id_field"": 17982, ""group"": 0, ""room"": 40, ""unknown_a3"": 0, ""position"": [-453.9116516113281, -38.52191162109375, -153.02264404296875], ""angles"": [0, -454656, 0], ""params"": [1.0, 1.0, 1.0, 0, 0, 0], ""unused_pointer"": 30847840}"
team-ep4/q709-bb-j,5,46,"{""base_type"": 902, ""set_flags"": 0, ""runtime_index"": 1377, ""file_offset"": 12288, ""floor_field"": 5, ""entity_id_field"": 17983, ""group"": 0, ""room"": 40, ""unknown_a3"": 0, ""position"": [-533.802734375, -45.514129638671875, -240.5699462890625], ""angles"": [0, -454656, 0], ""params"": [1.0, 1.0, 1.0, 0, 0, 0], ""unused_pointer"": 30848064}"
team-ep4/q709-bb-j,5,94,"{""base_type"": 902, ""set_flags"": 0, ""runtime_index"": 1257, ""file_offset"": 15552, ""floor_field"": 5, ""entity_id_field"": 17917, ""group"": 0, ""room"": 60, ""unknown_a3"": 0, ""position"": [-339.2872009277344, -48.21417236328125, 288.5865478515625], ""angles"": [0, 0, 0], ""params"": [1.0, 1.0, 1.0, 0, 0, 0], ""unused_pointer"": 32155616}"
team-ep4/q709-bb-j,5,95,"{""base_type"": 902, ""set_flags"": 0, ""runtime_index"": 1258, ""file_offset"": 15620, ""floor_field"": 5, ""entity_id_field"": 17918, ""group"": 0, ""room"": 60, ""unknown_a3"": 0, ""position"": [-392.85693359375, -44.67041015625, 298.37432861328125], ""angles"": [0, 0, 0], ""params"": [1.0, 1.0, 1.0, 1, 0, 0], ""unused_pointer"": 32155840}"
team-ep4/q709-bb-j,8,33,"{""base_type"": 902, ""set_flags"": 0, ""runtime_index"": 1506, ""file_offset"": 18424, ""floor_field"": 8, ""entity_id_field"": 18086, ""group"": 0, ""room"": 70, ""unknown_a3"": 0, ""position"": [224.107421875, 1.0, -140.95013427734375], ""angles"": [0, 0, 0], ""params"": [1.0, 1.0, 1.0, 0, 0, 0], ""unused_pointer"": 36683520}"
team-ep4/q709-bb-j,8,34,"{""base_type"": 902, ""set_flags"": 0, ""runtime_index"": 1507, ""file_offset"": 18492, ""floor_field"": 8, ""entity_id_field"": 18087, ""group"": 0, ""room"": 70, ""unknown_a3"": 0, ""position"": [-223.97509765625, 1.0, 197.2498779296875], ""angles"": [0, 0, 0], ""params"": [1.0, 1.0, 1.0, 0, 0, 0], ""unused_pointer"": 36683744}"
team-ep4/q710-bb-e,3,7,"{""base_type"": 902, ""set_flags"": 0, ""runtime_index"": 33, ""file_offset"": 2276, ""floor_field"": 3, ""entity_id_field"": 16417, ""group"": 0, ""room"": 20, ""unknown_a3"": 0, ""position"": [-418.710205078125, 0.0, 126.13739013671875], ""angles"": [0, 0, 0], ""params"": [1.0, 1.0, 1.0, 0, 0, 0], ""unused_pointer"": 46114800}"
team-ep4/q710-bb-e,3,8,"{""base_type"": 902, ""set_flags"": 0, ""runtime_index"": 34, ""file_offset"": 2344, ""floor_field"": 3, ""entity_id_field"": 16418, ""group"": 0, ""room"": 20, ""unknown_a3"": 0, ""position"": [-392.76702880859375, 0.0, 164.65380859375], ""angles"": [0, 16384, 0], ""params"": [1.0, 1.0, 1.0, 0, 0, 0], ""unused_pointer"": 46119280}"
team-ep4/q710-bb-e,3,9,"{""base_type"": 902, ""set_flags"": 0, ""runtime_index"": 35, ""file_offset"": 2412, ""floor_field"": 3, ""entity_id_field"": 16419, ""group"": 0, ""room"": 20, ""unknown_a3"": 0, ""position"": [-535.2968139648438, 0.0, -414.68804931640625], ""angles"": [0, 16384, 0], ""params"": [1.0, 1.0, 1.0, 0, 0, 0], ""unused_pointer"": 46119504}"
team-ep4/q710-bb-e,3,10,"{""base_type"": 902, ""set_flags"": 0, ""runtime_index"": 36, ""file_offset"": 2480, ""floor_field"": 3, ""entity_id_field"": 16420, ""group"": 0, ""room"": 20, ""unknown_a3"": 0, ""position"": [-551.7627563476562, 0.0, -465.2790222167969], ""angles"": [0, 45056, 0], ""params"": [1.0, 1.0, 1.0, 0, 0, 0], ""unused_pointer"": 46119728}"
team-ep4/q710-bb-e,3,11,"{""base_type"": 902, ""set_flags"": 0, ""runtime_index"": 37, ""file_offset"": 2548, ""floor_field"": 3, ""entity_id_field"": 16421, ""group"": 0, ""room"": 20, ""unknown_a3"": 0, ""position"": [-554.3588256835938, 0.0, -512.7237548828125], ""angles"": [0, 45056, 0], ""params"": [1.0, 1.0, 1.0, 0, 0, 0], ""unused_pointer"": 46119952}"
team-ep4/q710-bb-e,3,12,"{""base_type"": 902, ""set_flags"": 0, ""runtime_index"": 38, ""file_offset"": 2616, ""floor_field"": 3, ""entity_id_field"": 16422, ""group"": 0, ""room"": 20, ""unknown_a3"": 0, ""position"": [256.9544677734375, -10.954389572143555, -380.5449523925781], ""angles"": [0, 45056, 0], ""params"": [1.0, 1.0, 1.0, 0, 0, 0], ""unused_pointer"": 46120176}"
team-ep4/q710-bb-e,3,13,"{""base_type"": 902, ""set_flags"": 0, ""runtime_index"": 39, ""file_offset"": 2684, ""floor_field"": 3, ""entity_id_field"": 16423, ""group"": 0, ""room"": 20, ""unknown_a3"": 0, ""position"": [236.5924072265625, -10.954389572143555, -332.62548828125], ""angles"": [0, 40960, 0], ""params"": [1.0, 1.0, 1.0, 0, 0, 0], ""unused_pointer"": 46120400}"
team-ep4/q710-bb-e,3,14,"{""base_type"": 902, ""set_flags"": 0, ""runtime_index"": 40, ""file_offset"": 2752, ""floor_field"": 3, ""entity_id_field"": 16424, ""group"": 0, ""room"": 20, ""unknown_a3"": 0, ""position"": [208.743896484375, -10.954389572143555, -284.5204162597656], ""angles"": [0, 65536, 0], ""params"": [1.0, 1.0, 1.0, 0, 0, 0], ""unused_pointer"": 46120624}"
team-ep4/q710-bb-e,3,15,"{""base_type"": 902, ""set_flags"": 0, ""runtime_index"": 41, ""file_offset"": 2820, ""floor_field"": 3, ""entity_id_field"": 16425, ""group"": 0, ""room"": 20, ""unknown_a3"": 0, ""position"": [177.4532470703125, -10.946258544921875, -244.02745056152344], ""angles"": [0, 65536, 0], ""params"": [1.0, 1.0, 1.0, 0, 0, 0], ""unused_pointer"": 46120848}"
team-ep4/q710-bb-e,3,16,"{""base_type"": 902, ""set_flags"": 0, ""runtime_index"": 42, ""file_offset"": 2888, ""floor_field"": 3, ""entity_id_field"": 16426, ""group"": 0, ""room"": 20, ""unknown_a3"": 0, ""position"": [142.688720703125, -10.946258544921875, -197.77069091796875], ""angles"": [0, 36864, 0], ""params"": [1.0, 1.0, 1.0, 0, 0, 0], ""unused_pointer"": 46121072}"
team-ep4/q710-bb-e,3,17,"{""base_type"": 902, ""set_flags"": 0, ""runtime_index"": 43, ""file_offset"": 2956, ""floor_field"": 3, ""entity_id_field"": 16427, ""group"": 0, ""room"": 20, ""unknown_a3"": 0, ""position"": [130.9061279296875, -10.946258544921875, -152.6797332763672], ""angles"": [0, 36864, 0], ""params"": [1.0, 1.0, 1.0, 0, 0, 0], ""unused_pointer"": 46121296}"
team-ep4/q710-bb-e,3,41,"{""base_type"": 902, ""set_flags"": 0, ""runtime_index"": 67, ""file_offset"": 4588, ""floor_field"": 3, ""entity_id_field"": 16451, ""group"": 0, ""room"": 20, ""unknown_a3"": 0, ""position"": [541.5499267578125, 10.98043441772461, 267.4552307128906], ""angles"": [0, 0, 0], ""params"": [1.0, 1.0, 1.0, 0, 0, 0], ""unused_pointer"": 46125936}"
team-ep4/q710-bb-e,3,42,"{""base_type"": 902, ""set_flags"": 0, ""runtime_index"": 68, ""file_offset"": 4656, ""floor_field"": 3, ""entity_id_field"": 16452, ""group"": 0, ""room"": 20, ""unknown_a3"": 0, ""position"": [548.7005615234375, 9.476541519165039, 304.0501708984375], ""angles"": [0, -25344, 0], ""params"": [1.0, 1.0, 1.0, 0, 0, 0], ""unused_pointer"": 46126160}"
team-ep4/q710-bb-e,3,44,"{""base_type"": 902, ""set_flags"": 0, ""runtime_index"": 70, ""file_offset"": 4792, ""floor_field"": 3, ""entity_id_field"": 16454, ""group"": 0, ""room"": 30, ""unknown_a3"": 0, ""position"": [-314.806396484375, 6.9088006019592285, 391.48809814453125], ""angles"": [0, -25344, 0], ""params"": [1.0, 1.0, 1.0, 0, 0, 0], ""unused_pointer"": 47224752}"
team-ep4/q710-bb-e,3,45,"{""base_type"": 902, ""set_flags"": 0, ""runtime_index"": 71, ""file_offset"": 4860, ""floor_field"": 3, ""entity_id_field"": 16455, ""group"": 0, ""room"": 30, ""unknown_a3"": 0, ""position"": [-326.002197265625, 5.661468029022217, 341.82855224609375], ""angles"": [0, -58112, 0], ""params"": [1.0, 1.0, 1.0, 0, 0, 0], ""unused_pointer"": 47224976}"
team-ep4/q710-bb-e,3,83,"{""base_type"": 902, ""set_flags"": 0, ""runtime_index"": 109, ""file_offset"": 7444, ""floor_field"": 3, ""entity_id_field"": 16493, ""group"": 0, ""room"": 60, ""unknown_a3"": 0, ""position"": [-257.2493896484375, 1.2511247396469116, -403.81884765625], ""angles"": [0, 0, 0], ""params"": [1.0, 1.0, 1.0, 0, 0, 0], ""unused_pointer"": 48012688}"
team-ep4/q710-bb-e,3,85,"{""base_type"": 902, ""set_flags"": 0, ""runtime_index"": 111, ""file_offset"": 7580, ""floor_field"": 3, ""entity_id_field"": 16495, ""group"": 0, ""room"": 60, ""unknown_a3"": 0, ""position"": [-262.0264892578125, 1.2511247396469116, -445.312744140625], ""angles"": [0, 0, 0], ""params"": [1.0, 1.0, 1.0, 0, 0, 0], ""unused_pointer"": 48013152}"
team-ep4/q710-bb-e,5,19,"{""base_type"": 902, ""set_flags"": 0, ""runtime_index"": 194, ""file_offset"": 13240, ""floor_field"": 5, ""entity_id_field"": 16578, ""group"": 0, ""room"": 40, ""unknown_a3"": 0, ""position"": [-620.3363647460938, -30.063507080078125, 85.4786376953125], ""angles"": [0, 0, 0], ""params"": [1.0, 1.0, 1.0, 0, 0, 0], ""unused_pointer"": 46045616}"
team-ep4/q710-bb-e,5,20,"{""base_type"": 902, ""set_flags"": 0, ""runtime_index"": 195, ""file_offset"": 13308, ""floor_field"": 5, ""entity_id_field"": 16579, ""group"": 0, ""room"": 40, ""unknown_a3"": 0, ""position"": [-502.18231201171875, -30.949432373046875, 34.4622802734375], ""angles"": [0, 0, 0], ""params"": [1.0, 1.0, 1.0, 0, 0, 0], ""unused_pointer"": 46045840}"
team-ep4/q710-bb-e,6,27,"{""base_type"": 902, ""set_flags"": 0, ""runtime_index"": 235, ""file_offset"": 16044, ""floor_field"": 6, ""entity_id_field"": 16619, ""group"": 0, ""room"": 63, ""unknown_a3"": 0, ""position"": [-206.89990234375, 1.0, 2.169921875], ""angles"": [0, -12288, 0], ""params"": [1.0, 1.0, 1.0, 0, 0, 0], ""unused_pointer"": 46152368}"
team-ep4/q710-bb-e,6,33,"{""base_type"": 902, ""set_flags"": 0, ""runtime_index"": 241, ""file_offset"": 16452, ""floor_field"": 6, ""entity_id_field"": 16625, ""group"": 0, ""room"": 90, ""unknown_a3"": 0, ""position"": [-62.429443359375, 0.0, -316.5987548828125], ""angles"": [0, -8192, 0], ""params"": [1.0, 1.0, 1.0, 0, 0, 0], ""unused_pointer"": 46044240}"
team-ep4/q710-bb-e,6,36,"{""base_type"": 902, ""set_flags"": 0, ""runtime_index"": 244, ""file_offset"": 16656, ""floor_field"": 6, ""entity_id_field"": 16628, ""group"": 0, ""room"": 90, ""unknown_a3"": 0, ""position"": [-198.252685546875, 0.033578671514987946, -133.4273681640625], ""angles"": [0, 20480, 0], ""params"": [1.0, 1.0, 1.0, 0, 0, 0], ""unused_pointer"": 46045536}"
team-ep4/q710-bb-e,6,37,"{""base_type"": 902, ""set_flags"": 0, ""runtime_index"": 245, ""file_offset"": 16724, ""floor_field"": 6, ""entity_id_field"": 16629, ""group"": 0, ""room"": 90, ""unknown_a3"": 0, ""position"": [-151.6728515625, 0.04192543029785156, -106.2457275390625], ""angles"": [0, 45056, 0], ""params"": [1.0, 1.0, 1.0, 1, 0, 0], ""unused_pointer"": 46049536}"
team-ep4/q710-bb-e,6,38,"{""base_type"": 902, ""set_flags"": 0, ""runtime_index"": 246, ""file_offset"": 16792, ""floor_field"": 6, ""entity_id_field"": 16630, ""group"": 0, ""room"": 90, ""unknown_a3"": 0, ""position"": [-123.396484375, 0.03335310146212578, -95.823974609375], ""angles"": [0, 53248, 0], ""params"": [1.0, 1.0, 1.0, 2, 0, 0], ""unused_pointer"": 46049760}"
team-ep4/q710-bb-e,6,39,"{""base_type"": 902, ""set_flags"": 0, ""runtime_index"": 247, ""file_offset"": 16860, ""floor_field"": 6, ""entity_id_field"": 16631, ""group"": 0, ""room"": 90, ""unknown_a3"": 0, ""position"": [-86.4130859375, 0.027086973190307617, -74.3099365234375], ""angles"": [0, 53248, 0], ""params"": [1.0, 1.0, 1.0, 0, 0, 0], ""unused_pointer"": 46049984}"
team-ep4/q710-bb-e,6,40,"{""base_type"": 902, ""set_flags"": 0, ""runtime_index"": 248, ""file_offset"": 16928, ""floor_field"": 6, ""entity_id_field"": 16632, ""group"": 0, ""room"": 90, ""unknown_a3"": 0, ""position"": [297.421630859375, 0.027086973190307617, 196.443359375], ""angles"": [0, 53248, 0], ""params"": [1.0, 1.0, 1.0, 0, 0, 0], ""unused_pointer"": 46050208}"
team-ep4/q710-bb-e,6,41,"{""base_type"": 902, ""set_flags"": 0, ""runtime_index"": 249, ""file_offset"": 16996, ""floor_field"": 6, ""entity_id_field"": 16633, ""group"": 0, ""room"": 90, ""unknown_a3"": 0, ""position"": [-38.169921875, 0.0075070858001708984, -35.285888671875], ""angles"": [0, 81920, 0], ""params"": [1.0, 1.0, 1.0, 0, 0, 0], ""unused_pointer"": 46050432}"
team-ep4/q710-bb-e,6,42,"{""base_type"": 902, ""set_flags"": 0, ""runtime_index"": 250, ""file_offset"": 17064, ""floor_field"": 6, ""entity_id_field"": 16634, ""group"": 0, ""room"": 90, ""unknown_a3"": 0, ""position"": [10.580810546875, 0.0, -14.913330078125], ""angles"": [0, 77824, 0], ""params"": [1.0, 1.0, 1.0, 1, 0, 0], ""unused_pointer"": 46050656}"
team-ep4/q710-bb-e,6,43,"{""base_type"": 902, ""set_flags"": 0, ""runtime_index"": 251, ""file_offset"": 17132, ""floor_field"": 6, ""entity_id_field"": 16635, ""group"": 0, ""room"": 90, ""unknown_a3"": 0, ""position"": [248.502197265625, -2.384185791015625e-07, 172.1142578125], ""angles"": [0, 106496, 0], ""params"": [1.0, 1.0, 1.0, 1, 0, 0], ""unused_pointer"": 46050880}"
team-ep4/q710-bb-e,6,44,"{""base_type"": 902, ""set_flags"": 0, ""runtime_index"": 252, ""file_offset"": 17200, ""floor_field"": 6, ""entity_id_field"": 16636, ""group"": 0, ""room"": 90, ""unknown_a3"": 0, ""position"": [100.2086181640625, -2.384185791015625e-07, -58.1822509765625], ""angles"": [0, 106496, 0], ""params"": [1.0, 1.0, 1.0, 1, 0, 0], ""unused_pointer"": 46051104}"
team-ep4/q710-bb-e,6,45,"{""base_type"": 902, ""set_flags"": 0, ""runtime_index"": 253, ""file_offset"": 17268, ""floor_field"": 6, ""entity_id_field"": 16637, ""group"": 0, ""room"": 90, ""unknown_a3"": 0, ""position"": [55.18310546875, -2.384185791015625e-07, -113.045654296875], ""angles"": [0, 94208, 0], ""params"": [1.0, 1.0, 1.0, 1, 0, 0], ""unused_pointer"": 46051328}"
team-ep4/q710-bb-e,6,46,"{""base_type"": 902, ""set_flags"": 0, ""runtime_index"": 254, ""file_offset"": 17336, ""floor_field"": 6, ""entity_id_field"": 16638, ""group"": 0, ""room"": 90, ""unknown_a3"": 0, ""position"": [38.921875, 2.384185791015625e-07, -150.883056640625], ""angles"": [0, 94208, 0], ""params"": [1.0, 1.0, 1.0, 0, 0, 0], ""unused_pointer"": 46051552}"
team-ep4/q710-bb-e,6,48,"{""base_type"": 902, ""set_flags"": 0, ""runtime_index"": 256, ""file_offset"": 17472, ""floor_field"": 6, ""entity_id_field"": 16640, ""group"": 0, ""room"": 100, ""unknown_a3"": 0, ""position"": [-285.6549072265625, 1.0, -178.25384521484375], ""angles"": [0, 12288, 0], ""params"": [1.0, 1.0, 1.0, 0, 0, 0], ""unused_pointer"": 46217600}"
team-ep4/q710-bb-e,6,49,"{""base_type"": 902, ""set_flags"": 0, ""runtime_index"": 257, ""file_offset"": 17540, ""floor_field"": 6, ""entity_id_field"": 16641, ""group"": 0, ""room"": 100, ""unknown_a3"": 0, ""position"": [260.764404296875, -7.62939453125e-06, -31.006103515625], ""angles"": [0, 24576, 0], ""params"": [1.0, 1.0, 1.0, 0, 0, 0], ""unused_pointer"": 46217824}"
team-ep4/q710-bb-e,6,50,"{""base_type"": 902, ""set_flags"": 0, ""runtime_index"": 258, ""file_offset"": 17608, ""floor_field"": 6, ""entity_id_field"": 16642, ""group"": 0, ""room"": 100, ""unknown_a3"": 0, ""position"": [317.392578125, -6.408988952636719, -34.69390869140625], ""angles"": [0, 57344, 0], ""params"": [1.0, 1.0, 1.0, 0, 0, 0], ""unused_pointer"": 46218048}"
team-ep4/q710-bb-e,6,51,"{""base_type"": 902, ""set_flags"": 0, ""runtime_index"": 259, ""file_offset"": 17676, ""floor_field"": 6, ""entity_id_field"": 16643, ""group"": 0, ""room"": 100, ""unknown_a3"": 0, ""position"": [361.572509765625, -3.782039165496826, -31.836181640625], ""angles"": [0, 57344, 0], ""params"": [1.0, 1.0, 1.0, 0, 0, 0], ""unused_pointer"": 46241520}"
team-ep4/q710-bb-e,6,73,"{""base_type"": 902, ""set_flags"": 0, ""runtime_index"": 281, ""file_offset"": 19172, ""floor_field"": 6, ""entity_id_field"": 16665, ""group"": 0, ""room"": 110, ""unknown_a3"": 0, ""position"": [236.97998046875, 1.0, 347.590576171875], ""angles"": [0, 0, 0], ""params"": [1.0, 1.0, 1.0, 0, 0, 0], ""unused_pointer"": 46059856}"
team-ep4/q710-bb-e,6,74,"{""base_type"": 902, ""set_flags"": 0, ""runtime_index"": 282, ""file_offset"": 19240, ""floor_field"": 6, ""entity_id_field"": 16666, ""group"": 0, ""room"": 110, ""unknown_a3"": 0, ""position"": [530.070068359375, 1.0, 57.1182861328125], ""angles"": [0, 0, 0], ""params"": [1.0, 1.0, 1.0, 0, 0, 0], ""unused_pointer"": 46077264}"
team-ep4/q710-bb-e,6,75,"{""base_type"": 902, ""set_flags"": 0, ""runtime_index"": 283, ""file_offset"": 19308, ""floor_field"": 6, ""entity_id_field"": 16667, ""group"": 0, ""room"": 110, ""unknown_a3"": 0, ""position"": [96.93017578125, 0.9999998807907104, -340.8050537109375], ""angles"": [0, 0, 0], ""params"": [1.0, 1.0, 1.0, 0, 0, 0], ""unused_pointer"": 46081344}"
team-ep4/q710-bb-e,6,76,"{""base_type"": 902, ""set_flags"": 0, ""runtime_index"": 284, ""file_offset"": 19376, ""floor_field"": 6, ""entity_id_field"": 16668, ""group"": 0, ""room"": 110, ""unknown_a3"": 0, ""position"": [-251.2900390625, -7.62939453125e-05, -74.65798950195312], ""angles"": [0, 0, 0], ""params"": [1.0, 1.0, 1.0, 0, 0, 0], ""unused_pointer"": 46081568}"
team-ep4/q710-bb-e,6,77,"{""base_type"": 902, ""set_flags"": 0, ""runtime_index"": 285, ""file_offset"": 19444, ""floor_field"": 6, ""entity_id_field"": 16669, ""group"": 0, ""room"": 110, ""unknown_a3"": 0, ""position"": [-126.969970703125, -3.0517578125e-05, -33.0582275390625], ""angles"": [0, 0, 0], ""params"": [1.0, 1.0, 1.0, 0, 0, 0], ""unused_pointer"": 46081792}"
team-ep4/q710-bb-e,6,78,"{""base_type"": 902, ""set_flags"": 0, ""runtime_index"": 286, ""file_offset"": 19512, ""floor_field"": 6, ""entity_id_field"": 16670, ""group"": 0, ""room"": 110, ""unknown_a3"": 0, ""position"": [75.56005859375, 0.06699848175048828, 17.36968994140625], ""angles"": [0, 0, 0], ""params"": [1.0, 1.0, 1.0, 0, 0, 0], ""unused_pointer"": 46082016}"
team-ep4/q710-bb-e,6,79,"{""base_type"": 902, ""set_flags"": 0, ""runtime_index"": 287, ""file_offset"": 19580, ""floor_field"": 6, ""entity_id_field"": 16671, ""group"": 0, ""room"": 110, ""unknown_a3"": 0, ""position"": [-172.4599609375, -0.16788125038146973, 151.60614013671875], ""angles"": [0, 0, 0], ""params"": [1.0, 1.0, 1.0, 0, 0, 0], ""unused_pointer"": 46082240}"
team-ep4/q710-bb-e,6,80,"{""base_type"": 902, ""set_flags"": 0, ""runtime_index"": 288, ""file_offset"": 19648, ""floor_field"": 6, ""entity_id_field"": 16672, ""group"": 0, ""room"": 110, ""unknown_a3"": 0, ""position"": [-295.919921875, -0.10015258193016052, 79.426025390625], ""angles"": [0, 0, 0], ""params"": [1.0, 1.0, 1.0, 0, 0, 0], ""unused_pointer"": 46082464}"
team-ep4/q710-bb-e,6,81,"{""base_type"": 902, ""set_flags"": 0, ""runtime_index"": 289, ""file_offset"": 19716, ""floor_field"": 6, ""entity_id_field"": 16673, ""group"": 0, ""room"": 110, ""unknown_a3"": 0, ""position"": [-60.699951171875, 3.4559242725372314, 183.88037109375], ""angles"": [0, 0, 0], ""params"": [1.0, 1.0, 1.0, 0, 0, 0], ""unused_pointer"": 46082688}"
team-ep4/q710-bb-e,8,1,"{""base_type"": 902, ""set_flags"": 0, ""runtime_index"": 435, ""file_offset"": 29676, ""floor_field"": 8, ""entity_id_field"": 16819, ""group"": 0, ""room"": 20, ""unknown_a3"": 0, ""position"": [-165.4699249267578, 1.0, -217.05709838867188], ""angles"": [0, 0, 0], ""params"": [1.0, 1.0, 1.0, 0, 0, 0], ""unused_pointer"": 46020992}"
team-ep4/q710-bb-e,8,2,"{""base_type"": 902, ""set_flags"": 0, ""runtime_index"": 436, ""file_offset"": 29744, ""floor_field"": 8, ""entity_id_field"": 16820, ""group"": 0, ""room"": 20, ""unknown_a3"": 0, ""position"": [102.167236328125, 0.4420166015625, 220.67388916015625], ""angles"": [0, 0, 0], ""params"": [1.0, 1.0, 1.0, 0, 0, 0], ""unused_pointer"": 46021216}"
team-ep4/q710-bb-e,8,60,"{""base_type"": 902, ""set_flags"": 0, ""runtime_index"": 494, ""file_offset"": 33688, ""floor_field"": 8, ""entity_id_field"": 16878, ""group"": 0, ""room"": 121, ""unknown_a3"": 0, ""position"": [6.504974365234375, 1.0, 181.71240234375], ""angles"": [0, 32768, 0], ""params"": [1.0, 1.0, 1.0, 0, 0, 0], ""unused_pointer"": 50567808}"
team-ep4/q710-bb-j,3,7,"{""base_type"": 902, ""set_flags"": 0, ""runtime_index"": 33, ""file_offset"": 2276, ""floor_field"": 3, ""entity_id_field"": 16417, ""group"": 0, ""room"": 20, ""unknown_a3"": 0, ""position"": [-418.710205078125, 0.0, 126.13739013671875], ""angles"": [0, 0, 0], ""params"": [1.0, 1.0, 1.0, 0, 0, 0], ""unused_pointer"": 46114800}"
team-ep4/q710-bb-j,3,8,"{""base_type"": 902, ""set_flags"": 0, ""runtime_index"": 34, ""file_offset"": 2344, ""floor_field"": 3, ""entity_id_field"": 16418, ""group"": 0, ""room"": 20, ""unknown_a3"": 0, ""position"": [-392.76702880859375, 0.0, 164.65380859375], ""angles"": [0, 16384, 0], ""params"": [1.0, 1.0, 1.0, 0, 0, 0], ""unused_pointer"": 46119280}"
team-ep4/q710-bb-j,3,9,"{""base_type"": 902, ""set_flags"": 0, ""runtime_index"": 35, ""file_offset"": 2412, ""floor_field"": 3, ""entity_id_field"": 16419, ""group"": 0, ""room"": 20, ""unknown_a3"": 0, ""position"": [-535.2968139648438, 0.0, -414.68804931640625], ""angles"": [0, 16384, 0], ""params"": [1.0, 1.0, 1.0, 0, 0, 0], ""unused_pointer"": 46119504}"
team-ep4/q710-bb-j,3,10,"{""base_type"": 902, ""set_flags"": 0, ""runtime_index"": 36, ""file_offset"": 2480, ""floor_field"": 3, ""entity_id_field"": 16420, ""group"": 0, ""room"": 20, ""unknown_a3"": 0, ""position"": [-551.7627563476562, 0.0, -465.2790222167969], ""angles"": [0, 45056, 0], ""params"": [1.0, 1.0, 1.0, 0, 0, 0], ""unused_pointer"": 46119728}"
team-ep4/q710-bb-j,3,11,"{""base_type"": 902, ""set_flags"": 0, ""runtime_index"": 37, ""file_offset"": 2548, ""floor_field"": 3, ""entity_id_field"": 16421, ""group"": 0, ""room"": 20, ""unknown_a3"": 0, ""position"": [-554.3588256835938, 0.0, -512.7237548828125], ""angles"": [0, 45056, 0], ""params"": [1.0, 1.0, 1.0, 0, 0, 0], ""unused_pointer"": 46119952}"
team-ep4/q710-bb-j,3,12,"{""base_type"": 902, ""set_flags"": 0, ""runtime_index"": 38, ""file_offset"": 2616, ""floor_field"": 3, ""entity_id_field"": 16422, ""group"": 0, ""room"": 20, ""unknown_a3"": 0, ""position"": [256.9544677734375, -10.954389572143555, -380.5449523925781], ""angles"": [0, 45056, 0], ""params"": [1.0, 1.0, 1.0, 0, 0, 0], ""unused_pointer"": 46120176}"
team-ep4/q710-bb-j,3,13,"{""base_type"": 902, ""set_flags"": 0, ""runtime_index"": 39, ""file_offset"": 2684, ""floor_field"": 3, ""entity_id_field"": 16423, ""group"": 0, ""room"": 20, ""unknown_a3"": 0, ""position"": [236.5924072265625, -10.954389572143555, -332.62548828125], ""angles"": [0, 40960, 0], ""params"": [1.0, 1.0, 1.0, 0, 0, 0], ""unused_pointer"": 46120400}"
team-ep4/q710-bb-j,3,14,"{""base_type"": 902, ""set_flags"": 0, ""runtime_index"": 40, ""file_offset"": 2752, ""floor_field"": 3, ""entity_id_field"": 16424, ""group"": 0, ""room"": 20, ""unknown_a3"": 0, ""position"": [208.743896484375, -10.954389572143555, -284.5204162597656], ""angles"": [0, 65536, 0], ""params"": [1.0, 1.0, 1.0, 0, 0, 0], ""unused_pointer"": 46120624}"
team-ep4/q710-bb-j,3,15,"{""base_type"": 902, ""set_flags"": 0, ""runtime_index"": 41, ""file_offset"": 2820, ""floor_field"": 3, ""entity_id_field"": 16425, ""group"": 0, ""room"": 20, ""unknown_a3"": 0, ""position"": [177.4532470703125, -10.946258544921875, -244.02745056152344], ""angles"": [0, 65536, 0], ""params"": [1.0, 1.0, 1.0, 0, 0, 0], ""unused_pointer"": 46120848}"
team-ep4/q710-bb-j,3,16,"{""base_type"": 902, ""set_flags"": 0, ""runtime_index"": 42, ""file_offset"": 2888, ""floor_field"": 3, ""entity_id_field"": 16426, ""group"": 0, ""room"": 20, ""unknown_a3"": 0, ""position"": [142.688720703125, -10.946258544921875, -197.77069091796875], ""angles"": [0, 36864, 0], ""params"": [1.0, 1.0, 1.0, 0, 0, 0], ""unused_pointer"": 46121072}"
team-ep4/q710-bb-j,3,17,"{""base_type"": 902, ""set_flags"": 0, ""runtime_index"": 43, ""file_offset"": 2956, ""floor_field"": 3, ""entity_id_field"": 16427, ""group"": 0, ""room"": 20, ""unknown_a3"": 0, ""position"": [130.9061279296875, -10.946258544921875, -152.6797332763672], ""angles"": [0, 36864, 0], ""params"": [1.0, 1.0, 1.0, 0, 0, 0], ""unused_pointer"": 46121296}"
team-ep4/q710-bb-j,3,41,"{""base_type"": 902, ""set_flags"": 0, ""runtime_index"": 67, ""file_offset"": 4588, ""floor_field"": 3, ""entity_id_field"": 16451, ""group"": 0, ""room"": 20, ""unknown_a3"": 0, ""position"": [541.5499267578125, 10.98043441772461, 267.4552307128906], ""angles"": [0, 0, 0], ""params"": [1.0, 1.0, 1.0, 0, 0, 0], ""unused_pointer"": 46125936}"
team-ep4/q710-bb-j,3,42,"{""base_type"": 902, ""set_flags"": 0, ""runtime_index"": 68, ""file_offset"": 4656, ""floor_field"": 3, ""entity_id_field"": 16452, ""group"": 0, ""room"": 20, ""unknown_a3"": 0, ""position"": [548.7005615234375, 9.476541519165039, 304.0501708984375], ""angles"": [0, -25344, 0], ""params"": [1.0, 1.0, 1.0, 0, 0, 0], ""unused_pointer"": 46126160}"
team-ep4/q710-bb-j,3,44,"{""base_type"": 902, ""set_flags"": 0, ""runtime_index"": 70, ""file_offset"": 4792, ""floor_field"": 3, ""entity_id_field"": 16454, ""group"": 0, ""room"": 30, ""unknown_a3"": 0, ""position"": [-314.806396484375, 6.9088006019592285, 391.48809814453125], ""angles"": [0, -25344, 0], ""params"": [1.0, 1.0, 1.0, 0, 0, 0], ""unused_pointer"": 47224752}"
team-ep4/q710-bb-j,3,45,"{""base_type"": 902, ""set_flags"": 0, ""runtime_index"": 71, ""file_offset"": 4860, ""floor_field"": 3, ""entity_id_field"": 16455, ""group"": 0, ""room"": 30, ""unknown_a3"": 0, ""position"": [-326.002197265625, 5.661468029022217, 341.82855224609375], ""angles"": [0, -58112, 0], ""params"": [1.0, 1.0, 1.0, 0, 0, 0], ""unused_pointer"": 47224976}"
team-ep4/q710-bb-j,3,83,"{""base_type"": 902, ""set_flags"": 0, ""runtime_index"": 109, ""file_offset"": 7444, ""floor_field"": 3, ""entity_id_field"": 16493, ""group"": 0, ""room"": 60, ""unknown_a3"": 0, ""position"": [-257.2493896484375, 1.2511247396469116, -403.81884765625], ""angles"": [0, 0, 0], ""params"": [1.0, 1.0, 1.0, 0, 0, 0], ""unused_pointer"": 48012688}"
team-ep4/q710-bb-j,3,85,"{""base_type"": 902, ""set_flags"": 0, ""runtime_index"": 111, ""file_offset"": 7580, ""floor_field"": 3, ""entity_id_field"": 16495, ""group"": 0, ""room"": 60, ""unknown_a3"": 0, ""position"": [-262.0264892578125, 1.2511247396469116, -445.312744140625], ""angles"": [0, 0, 0], ""params"": [1.0, 1.0, 1.0, 0, 0, 0], ""unused_pointer"": 48013152}"
team-ep4/q710-bb-j,5,19,"{""base_type"": 902, ""set_flags"": 0, ""runtime_index"": 194, ""file_offset"": 13240, ""floor_field"": 5, ""entity_id_field"": 16578, ""group"": 0, ""room"": 40, ""unknown_a3"": 0, ""position"": [-620.3363647460938, -30.063507080078125, 85.4786376953125], ""angles"": [0, 0, 0], ""params"": [1.0, 1.0, 1.0, 0, 0, 0], ""unused_pointer"": 46045616}"
team-ep4/q710-bb-j,5,20,"{""base_type"": 902, ""set_flags"": 0, ""runtime_index"": 195, ""file_offset"": 13308, ""floor_field"": 5, ""entity_id_field"": 16579, ""group"": 0, ""room"": 40, ""unknown_a3"": 0, ""position"": [-502.18231201171875, -30.949432373046875, 34.4622802734375], ""angles"": [0, 0, 0], ""params"": [1.0, 1.0, 1.0, 0, 0, 0], ""unused_pointer"": 46045840}"
team-ep4/q710-bb-j,6,27,"{""base_type"": 902, ""set_flags"": 0, ""runtime_index"": 235, ""file_offset"": 16044, ""floor_field"": 6, ""entity_id_field"": 16619, ""group"": 0, ""room"": 63, ""unknown_a3"": 0, ""position"": [-206.89990234375, 1.0, 2.169921875], ""angles"": [0, -12288, 0], ""params"": [1.0, 1.0, 1.0, 0, 0, 0], ""unused_pointer"": 46152368}"
team-ep4/q710-bb-j,6,33,"{""base_type"": 902, ""set_flags"": 0, ""runtime_index"": 241, ""file_offset"": 16452, ""floor_field"": 6, ""entity_id_field"": 16625, ""group"": 0, ""room"": 90, ""unknown_a3"": 0, ""position"": [-62.429443359375, 0.0, -316.5987548828125], ""angles"": [0, -8192, 0], ""params"": [1.0, 1.0, 1.0, 0, 0, 0], ""unused_pointer"": 46044240}"
team-ep4/q710-bb-j,6,36,"{""base_type"": 902, ""set_flags"": 0, ""runtime_index"": 244, ""file_offset"": 16656, ""floor_field"": 6, ""entity_id_field"": 16628, ""group"": 0, ""room"": 90, ""unknown_a3"": 0, ""position"": [-198.252685546875, 0.033578671514987946, -133.4273681640625], ""angles"": [0, 20480, 0], ""params"": [1.0, 1.0, 1.0, 0, 0, 0], ""unused_pointer"": 46045536}"
team-ep4/q710-bb-j,6,37,"{""base_type"": 902, ""set_flags"": 0, ""runtime_index"": 245, ""file_offset"": 16724, ""floor_field"": 6, ""entity_id_field"": 16629, ""group"": 0, ""room"": 90, ""unknown_a3"": 0, ""position"": [-151.6728515625, 0.04192543029785156, -106.2457275390625], ""angles"": [0, 45056, 0], ""params"": [1.0, 1.0, 1.0, 1, 0, 0], ""unused_pointer"": 46049536}"
team-ep4/q710-bb-j,6,38,"{""base_type"": 902, ""set_flags"": 0, ""runtime_index"": 246, ""file_offset"": 16792, ""floor_field"": 6, ""entity_id_field"": 16630, ""group"": 0, ""room"": 90, ""unknown_a3"": 0, ""position"": [-123.396484375, 0.03335310146212578, -95.823974609375], ""angles"": [0, 53248, 0], ""params"": [1.0, 1.0, 1.0, 2, 0, 0], ""unused_pointer"": 46049760}"
team-ep4/q710-bb-j,6,39,"{""base_type"": 902, ""set_flags"": 0, ""runtime_index"": 247, ""file_offset"": 16860, ""floor_field"": 6, ""entity_id_field"": 16631, ""group"": 0, ""room"": 90, ""unknown_a3"": 0, ""position"": [-86.4130859375, 0.027086973190307617, -74.3099365234375], ""angles"": [0, 53248, 0], ""params"": [1.0, 1.0, 1.0, 0, 0, 0], ""unused_pointer"": 46049984}"
team-ep4/q710-bb-j,6,40,"{""base_type"": 902, ""set_flags"": 0, ""runtime_index"": 248, ""file_offset"": 16928, ""floor_field"": 6, ""entity_id_field"": 16632, ""group"": 0, ""room"": 90, ""unknown_a3"": 0, ""position"": [297.421630859375, 0.027086973190307617, 196.443359375], ""angles"": [0, 53248, 0], ""params"": [1.0, 1.0, 1.0, 0, 0, 0], ""unused_pointer"": 46050208}"
team-ep4/q710-bb-j,6,41,"{""base_type"": 902, ""set_flags"": 0, ""runtime_index"": 249, ""file_offset"": 16996, ""floor_field"": 6, ""entity_id_field"": 16633, ""group"": 0, ""room"": 90, ""unknown_a3"": 0, ""position"": [-38.169921875, 0.0075070858001708984, -35.285888671875], ""angles"": [0, 81920, 0], ""params"": [1.0, 1.0, 1.0, 0, 0, 0], ""unused_pointer"": 46050432}"
team-ep4/q710-bb-j,6,42,"{""base_type"": 902, ""set_flags"": 0, ""runtime_index"": 250, ""file_offset"": 17064, ""floor_field"": 6, ""entity_id_field"": 16634, ""group"": 0, ""room"": 90, ""unknown_a3"": 0, ""position"": [10.580810546875, 0.0, -14.913330078125], ""angles"": [0, 77824, 0], ""params"": [1.0, 1.0, 1.0, 1, 0, 0], ""unused_pointer"": 46050656}"
team-ep4/q710-bb-j,6,43,"{""base_type"": 902, ""set_flags"": 0, ""runtime_index"": 251, ""file_offset"": 17132, ""floor_field"": 6, ""entity_id_field"": 16635, ""group"": 0, ""room"": 90, ""unknown_a3"": 0, ""position"": [248.502197265625, -2.384185791015625e-07, 172.1142578125], ""angles"": [0, 106496, 0], ""params"": [1.0, 1.0, 1.0, 1, 0, 0], ""unused_pointer"": 46050880}"
team-ep4/q710-bb-j,6,44,"{""base_type"": 902, ""set_flags"": 0, ""runtime_index"": 252, ""file_offset"": 17200, ""floor_field"": 6, ""entity_id_field"": 16636, ""group"": 0, ""room"": 90, ""unknown_a3"": 0, ""position"": [100.2086181640625, -2.384185791015625e-07, -58.1822509765625], ""angles"": [0, 106496, 0], ""params"": [1.0, 1.0, 1.0, 1, 0, 0], ""unused_pointer"": 46051104}"
team-ep4/q710-bb-j,6,45,"{""base_type"": 902, ""set_flags"": 0, ""runtime_index"": 253, ""file_offset"": 17268, ""floor_field"": 6, ""entity_id_field"": 16637, ""group"": 0, ""room"": 90, ""unknown_a3"": 0, ""position"": [55.18310546875, -2.384185791015625e-07, -113.045654296875], ""angles"": [0, 94208, 0], ""params"": [1.0, 1.0, 1.0, 1, 0, 0], ""unused_pointer"": 46051328}"
team-ep4/q710-bb-j,6,46,"{""base_type"": 902, ""set_flags"": 0, ""runtime_index"": 254, ""file_offset"": 17336, ""floor_field"": 6, ""entity_id_field"": 16638, ""group"": 0, ""room"": 90, ""unknown_a3"": 0, ""position"": [38.921875, 2.384185791015625e-07, -150.883056640625], ""angles"": [0, 94208, 0], ""params"": [1.0, 1.0, 1.0, 0, 0, 0], ""unused_pointer"": 46051552}"
team-ep4/q710-bb-j,6,48,"{""base_type"": 902, ""set_flags"": 0, ""runtime_index"": 256, ""file_offset"": 17472, ""floor_field"": 6, ""entity_id_field"": 16640, ""group"": 0, ""room"": 100, ""unknown_a3"": 0, ""position"": [-285.6549072265625, 1.0, -178.25384521484375], ""angles"": [0, 12288, 0], ""params"": [1.0, 1.0, 1.0, 0, 0, 0], ""unused_pointer"": 46217600}"
team-ep4/q710-bb-j,6,49,"{""base_type"": 902, ""set_flags"": 0, ""runtime_index"": 257, ""file_offset"": 17540, ""floor_field"": 6, ""entity_id_field"": 16641, ""group"": 0, ""room"": 100, ""unknown_a3"": 0, ""position"": [260.764404296875, -7.62939453125e-06, -31.006103515625], ""angles"": [0, 24576, 0], ""params"": [1.0, 1.0, 1.0, 0, 0, 0], ""unused_pointer"": 46217824}"
team-ep4/q710-bb-j,6,50,"{""base_type"": 902, ""set_flags"": 0, ""runtime_index"": 258, ""file_offset"": 17608, ""floor_field"": 6, ""entity_id_field"": 16642, ""group"": 0, ""room"": 100, ""unknown_a3"": 0, ""position"": [317.392578125, -6.408988952636719, -34.69390869140625], ""angles"": [0, 57344, 0], ""params"": [1.0, 1.0, 1.0, 0, 0, 0], ""unused_pointer"": 46218048}"
team-ep4/q710-bb-j,6,51,"{""base_type"": 902, ""set_flags"": 0, ""runtime_index"": 259, ""file_offset"": 17676, ""floor_field"": 6, ""entity_id_field"": 16643, ""group"": 0, ""room"": 100, ""unknown_a3"": 0, ""position"": [361.572509765625, -3.782039165496826, -31.836181640625], ""angles"": [0, 57344, 0], ""params"": [1.0, 1.0, 1.0, 0, 0, 0], ""unused_pointer"": 46241520}"
team-ep4/q710-bb-j,6,73,"{""base_type"": 902, ""set_flags"": 0, ""runtime_index"": 281, ""file_offset"": 19172, ""floor_field"": 6, ""entity_id_field"": 16665, ""group"": 0, ""room"": 110, ""unknown_a3"": 0, ""position"": [236.97998046875, 1.0, 347.590576171875], ""angles"": [0, 0, 0], ""params"": [1.0, 1.0, 1.0, 0, 0, 0], ""unused_pointer"": 46059856}"
team-ep4/q710-bb-j,6,74,"{""base_type"": 902, ""set_flags"": 0, ""runtime_index"": 282, ""file_offset"": 19240, ""floor_field"": 6, ""entity_id_field"": 16666, ""group"": 0, ""room"": 110, ""unknown_a3"": 0, ""position"": [530.070068359375, 1.0, 57.1182861328125], ""angles"": [0, 0, 0], ""params"": [1.0, 1.0, 1.0, 0, 0, 0], ""unused_pointer"": 46077264}"
team-ep4/q710-bb-j,6,75,"{""base_type"": 902, ""set_flags"": 0, ""runtime_index"": 283, ""file_offset"": 19308, ""floor_field"": 6, ""entity_id_field"": 16667, ""group"": 0, ""room"": 110, ""unknown_a3"": 0, ""position"": [96.93017578125, 0.9999998807907104, -340.8050537109375], ""angles"": [0, 0, 0], ""params"": [1.0, 1.0, 1.0, 0, 0, 0], ""unused_pointer"": 46081344}"
team-ep4/q710-bb-j,6,76,"{""base_type"": 902, ""set_flags"": 0, ""runtime_index"": 284, ""file_offset"": 19376, ""floor_field"": 6, ""entity_id_field"": 16668, ""group"": 0, ""room"": 110, ""unknown_a3"": 0, ""position"": [-251.2900390625, -7.62939453125e-05, -74.65798950195312], ""angles"": [0, 0, 0], ""params"": [1.0, 1.0, 1.0, 0, 0, 0], ""unused_pointer"": 46081568}"
team-ep4/q710-bb-j,6,77,"{""base_type"": 902, ""set_flags"": 0, ""runtime_index"": 285, ""file_offset"": 19444, ""floor_field"": 6, ""entity_id_field"": 16669, ""group"": 0, ""room"": 110, ""unknown_a3"": 0, ""position"": [-126.969970703125, -3.0517578125e-05, -33.0582275390625], ""angles"": [0, 0, 0], ""params"": [1.0, 1.0, 1.0, 0, 0, 0], ""unused_pointer"": 46081792}"
team-ep4/q710-bb-j,6,78,"{""base_type"": 902, ""set_flags"": 0, ""runtime_index"": 286, ""file_offset"": 19512, ""floor_field"": 6, ""entity_id_field"": 16670, ""group"": 0, ""room"": 110, ""unknown_a3"": 0, ""position"": [75.56005859375, 0.06699848175048828, 17.36968994140625], ""angles"": [0, 0, 0], ""params"": [1.0, 1.0, 1.0, 0, 0, 0], ""unused_pointer"": 46082016}"
team-ep4/q710-bb-j,6,79,"{""base_type"": 902, ""set_flags"": 0, ""runtime_index"": 287, ""file_offset"": 19580, ""floor_field"": 6, ""entity_id_field"": 16671, ""group"": 0, ""room"": 110, ""unknown_a3"": 0, ""position"": [-172.4599609375, -0.16788125038146973, 151.60614013671875], ""angles"": [0, 0, 0], ""params"": [1.0, 1.0, 1.0, 0, 0, 0], ""unused_pointer"": 46082240}"
team-ep4/q710-bb-j,6,80,"{""base_type"": 902, ""set_flags"": 0, ""runtime_index"": 288, ""file_offset"": 19648, ""floor_field"": 6, ""entity_id_field"": 16672, ""group"": 0, ""room"": 110, ""unknown_a3"": 0, ""position"": [-295.919921875, -0.10015258193016052, 79.426025390625], ""angles"": [0, 0, 0], ""params"": [1.0, 1.0, 1.0, 0, 0, 0], ""unused_pointer"": 46082464}"
team-ep4/q710-bb-j,6,81,"{""base_type"": 902, ""set_flags"": 0, ""runtime_index"": 289, ""file_offset"": 19716, ""floor_field"": 6, ""entity_id_field"": 16673, ""group"": 0, ""room"": 110, ""unknown_a3"": 0, ""position"": [-60.699951171875, 3.4559242725372314, 183.88037109375], ""angles"": [0, 0, 0], ""params"": [1.0, 1.0, 1.0, 0, 0, 0], ""unused_pointer"": 46082688}"
team-ep4/q710-bb-j,8,1,"{""base_type"": 902, ""set_flags"": 0, ""runtime_index"": 435, ""file_offset"": 29676, ""floor_field"": 8, ""entity_id_field"": 16819, ""group"": 0, ""room"": 20, ""unknown_a3"": 0, ""position"": [-165.4699249267578, 1.0, -217.05709838867188], ""angles"": [0, 0, 0], ""params"": [1.0, 1.0, 1.0, 0, 0, 0], ""unused_pointer"": 46020992}"
team-ep4/q710-bb-j,8,2,"{""base_type"": 902, ""set_flags"": 0, ""runtime_index"": 436, ""file_offset"": 29744, ""floor_field"": 8, ""entity_id_field"": 16820, ""group"": 0, ""room"": 20, ""unknown_a3"": 0, ""position"": [102.167236328125, 0.4420166015625, 220.67388916015625], ""angles"": [0, 0, 0], ""params"": [1.0, 1.0, 1.0, 0, 0, 0], ""unused_pointer"": 46021216}"
team-ep4/q710-bb-j,8,60,"{""base_type"": 902, ""set_flags"": 0, ""runtime_index"": 494, ""file_offset"": 33688, ""floor_field"": 8, ""entity_id_field"": 16878, ""group"": 0, ""room"": 121, ""unknown_a3"": 0, ""position"": [6.504974365234375, 1.0, 181.71240234375], ""angles"": [0, 32768, 0], ""params"": [1.0, 1.0, 1.0, 0, 0, 0], ""unused_pointer"": 50567808}"
vr-ep4/q991-bb-e,7,0,"{""base_type"": 902, ""set_flags"": 0, ""runtime_index"": 1338, ""file_offset"": 8004, ""floor_field"": 7, ""entity_id_field"": 18039, ""group"": 0, ""room"": 10, ""unknown_a3"": 0, ""position"": [-44.54542922973633, -9.5367431640625e-07, -394.4044189453125], ""angles"": [0, 8192, 0], ""params"": [1.0, 1.0, 1.0, 1, 0, 0], ""unused_pointer"": 73546176}"
vr-ep4/q991-bb-e,7,2,"{""base_type"": 902, ""set_flags"": 0, ""runtime_index"": 1378, ""file_offset"": 8140, ""floor_field"": 7, ""entity_id_field"": 18041, ""group"": 0, ""room"": 10, ""unknown_a3"": 0, ""position"": [10.09999942779541, 0.0, -144.25999450683594], ""angles"": [0, 20480, 0], ""params"": [1.0, 1.0, 1.0, 1, 0, 0], ""unused_pointer"": 73570176}"
vr-ep4/q991-bb-e,7,3,"{""base_type"": 902, ""set_flags"": 0, ""runtime_index"": 1341, ""file_offset"": 8208, ""floor_field"": 7, ""entity_id_field"": 18042, ""group"": 0, ""room"": 10, ""unknown_a3"": 0, ""position"": [6.014507293701172, 0.0, -115.81881713867188], ""angles"": [0, 28672, 0], ""params"": [1.0, 1.0, 1.0, 2, 0, 0], ""unused_pointer"": 73570400}"
vr-ep4/q991-bb-e,7,4,"{""base_type"": 902, ""set_flags"": 0, ""runtime_index"": 1342, ""file_offset"": 8276, ""floor_field"": 7, ""entity_id_field"": 18043, ""group"": 0, ""room"": 10, ""unknown_a3"": 0, ""position"": [-35.39317321777344, 0.0, 134.8711395263672], ""angles"": [0, 40960, 0], ""params"": [1.0, 1.0, 1.0, 1, 0, 0], ""unused_pointer"": 73570624}"
vr-ep4/q991-bb-e,7,5,"{""base_type"": 902, ""set_flags"": 0, ""runtime_index"": 1343, ""file_offset"": 8344, ""floor_field"": 7, ""entity_id_field"": 18044, ""group"": 0, ""room"": 10, ""unknown_a3"": 0, ""position"": [-51.2468147277832, 0.0, 349.84893798828125], ""angles"": [0, 40960, 0], ""params"": [1.0, 1.0, 1.0, 2, 0, 0], ""unused_pointer"": 73570848}"
vr-ep4/q991-bb-e,7,6,"{""base_type"": 902, ""set_flags"": 0, ""runtime_index"": 1344, ""file_offset"": 8412, ""floor_field"": 7, ""entity_id_field"": 18045, ""group"": 0, ""room"": 10, ""unknown_a3"": 0, ""position"": [-30.69756507873535, 0.0, 364.7698059082031], ""angles"": [0, 28672, 0], ""params"": [1.0, 1.0, 1.0, 2, 0, 0], ""unused_pointer"": 73571072}"
vr-ep4/q991-bb-e,7,7,"{""base_type"": 902, ""set_flags"": 0, ""runtime_index"": 1345, ""file_offset"": 8480, ""floor_field"": 7, ""entity_id_field"": 18046, ""group"": 0, ""room"": 10, ""unknown_a3"": 0, ""position"": [-53.19878005981445, 0.0, 383.404296875], ""angles"": [0, 53248, 0], ""params"": [1.0, 1.0, 1.0, 2, 0, 0], ""unused_pointer"": 73571296}"
vr-ep4/q991-bb-e,7,8,"{""base_type"": 902, ""set_flags"": 0, ""runtime_index"": 1365, ""file_offset"": 8548, ""floor_field"": 7, ""entity_id_field"": 18047, ""group"": 0, ""room"": 10, ""unknown_a3"": 0, ""position"": [-140.0088653564453, 0.0, 340.6230773925781], ""angles"": [0, 61440, 0], ""params"": [1.0, 1.0, 1.0, 1, 0, 0], ""unused_pointer"": 73571520}"
vr-ep4/q991-bb-e,7,9,"{""base_type"": 902, ""set_flags"": 0, ""runtime_index"": 1347, ""file_offset"": 8616, ""floor_field"": 7, ""entity_id_field"": 18048, ""group"": 0, ""room"": 10, ""unknown_a3"": 0, ""position"": [-143.4534912109375, 0.0, 216.43389892578125], ""angles"": [0, 12288, 0], ""params"": [1.0, 1.0, 1.0, 1, 0, 0], ""unused_pointer"": 73571744}"
vr-ep4/q991-bb-e,7,10,"{""base_type"": 902, ""set_flags"": 0, ""runtime_index"": 1348, ""file_offset"": 8684, ""floor_field"": 7, ""entity_id_field"": 18049, ""group"": 0, ""room"": 10, ""unknown_a3"": 0, ""position"": [-167.41647338867188, 0.0, -77.51887512207031], ""angles"": [0, 53248, 0], ""params"": [1.0, 1.0, 1.0, 1, 0, 0], ""unused_pointer"": 73571968}"
vr-ep4/q991-bb-e,7,11,"{""base_type"": 902, ""set_flags"": 0, ""runtime_index"": 1349, ""file_offset"": 8752, ""floor_field"": 7, ""entity_id_field"": 18050, ""group"": 0, ""room"": 10, ""unknown_a3"": 0, ""position"": [-92.46076202392578, 0.0, -177.69357299804688], ""angles"": [0, 73728, 0], ""params"": [1.0, 1.0, 1.0, 1, 0, 0], ""unused_pointer"": 73572192}"
vr-ep4/q991-bb-e,7,12,"{""base_type"": 902, ""set_flags"": 0, ""runtime_index"": 1350, ""file_offset"": 8820, ""floor_field"": 7, ""entity_id_field"": 18051, ""group"": 0, ""room"": 10, ""unknown_a3"": 0, ""position"": [-161.43524169921875, 0.0, -396.24261474609375], ""angles"": [0, 73728, 0], ""params"": [1.0, 1.0, 1.0, 1, 0, 0], ""unused_pointer"": 73572416}"
vr-ep4/q991-bb-e,7,13,"{""base_type"": 902, ""set_flags"": 0, ""runtime_index"": 1352, ""file_offset"": 8888, ""floor_field"": 7, ""entity_id_field"": 18052, ""group"": 0, ""room"": 10, ""unknown_a3"": 0, ""position"": [-359.81951904296875, 0.0, 372.9935607910156], ""angles"": [0, 61440, 0], ""params"": [1.0, 1.0, 1.0, 1, 0, 0], ""unused_pointer"": 73572640}"
vr-ep4/q991-bb-e,7,14,"{""base_type"": 902, ""set_flags"": 0, ""runtime_index"": 1353, ""file_offset"": 8956, ""floor_field"": 7, ""entity_id_field"": 18053, ""group"": 0, ""room"": 10, ""unknown_a3"": 0, ""position"": [-371.652587890625, -4.76837158203125e-07, 171.3696746826172], ""angles"": [0, 12288, 0], ""params"": [1.0, 1.0, 1.0, 1, 0, 0], ""unused_pointer"": 73572864}"
vr-ep4/q991-bb-e,7,15,"{""base_type"": 902, ""set_flags"": 0, ""runtime_index"": 1354, ""file_offset"": 9024, ""floor_field"": 7, ""entity_id_field"": 18054, ""group"": 0, ""room"": 10, ""unknown_a3"": 0, ""position"": [-329.6485290527344, 0.0, 97.30728149414062], ""angles"": [0, 0, 0], ""params"": [1.0, 1.0, 1.0, 1, 0, 0], ""unused_pointer"": 73573088}"
vr-ep4/q991-bb-e,7,16,"{""base_type"": 902, ""set_flags"": 0, ""runtime_index"": 1355, ""file_offset"": 9092, ""floor_field"": 7, ""entity_id_field"": 18055, ""group"": 0, ""room"": 10, ""unknown_a3"": 0, ""position"": [-138.48782348632812, 0.0, 101.17556762695312], ""angles"": [0, 0, 0], ""params"": [1.0, 1.0, 1.0, 1, 0, 0], ""unused_pointer"": 73573312}"
vr-ep4/q991-bb-e,7,17,"{""base_type"": 902, ""set_flags"": 0, ""runtime_index"": 1356, ""file_offset"": 9160, ""floor_field"": 7, ""entity_id_field"": 18056, ""group"": 0, ""room"": 10, ""unknown_a3"": 0, ""position"": [-387.5007629394531, 0.0, -101.29676818847656], ""angles"": [0, 12288, 0], ""params"": [1.0, 1.0, 1.0, 1, 0, 0], ""unused_pointer"": 73573536}"
vr-ep4/q991-bb-e,7,18,"{""base_type"": 902, ""set_flags"": 0, ""runtime_index"": 1357, ""file_offset"": 9228, ""floor_field"": 7, ""entity_id_field"": 18057, ""group"": 0, ""room"": 10, ""unknown_a3"": 0, ""position"": [-337.6998291015625, 0.0, -187.21018981933594], ""angles"": [0, 0, 0], ""params"": [1.0, 1.0, 1.0, 1, 0, 0], ""unused_pointer"": 73573760}"
vr-ep4/q991-bb-e,7,19,"{""base_type"": 902, ""set_flags"": 0, ""runtime_index"": 1358, ""file_offset"": 9296, ""floor_field"": 7, ""entity_id_field"": 18058, ""group"": 0, ""room"": 10, ""unknown_a3"": 0, ""position"": [-369.18109130859375, 0.00948333740234375, -410.07354736328125], ""angles"": [0, 0, 0], ""params"": [1.0, 1.0, 1.0, 1, 0, 0], ""unused_pointer"": 73573984}"
vr-ep4/q991-bb-e,7,20,"{""base_type"": 902, ""set_flags"": 0, ""runtime_index"": 1360, ""file_offset"": 9364, ""floor_field"": 7, ""entity_id_field"": 18059, ""group"": 0, ""room"": 10, ""unknown_a3"": 0, ""position"": [-301.1643371582031, 0.0, -360.4292297363281], ""angles"": [0, 49152, 0], ""params"": [1.0, 1.0, 1.0, 1, 0, 0], ""unused_pointer"": 73574208}"
vr-ep4/q991-bb-e,7,21,"{""base_type"": 902, ""set_flags"": 0, ""runtime_index"": 1361, ""file_offset"": 9432, ""floor_field"": 7, ""entity_id_field"": 18060, ""group"": 0, ""room"": 10, ""unknown_a3"": 0, ""position"": [-388.71142578125, 4.76837158203125e-07, -321.9046325683594], ""angles"": [0, 49152, 0], ""params"": [1.0, 1.0, 1.0, 0, 0, 0], ""unused_pointer"": 73574432}"
vr-ep4/q991-bb-e,7,22,"{""base_type"": 902, ""set_flags"": 0, ""runtime_index"": 1362, ""file_offset"": 9500, ""floor_field"": 7, ""entity_id_field"": 18061, ""group"": 0, ""room"": 10, ""unknown_a3"": 0, ""position"": [-241.0279541015625, 0.0, -130.11215209960938], ""angles"": [0, 49152, 0], ""params"": [1.0, 1.0, 1.0, 0, 0, 0], ""unused_pointer"": 73574656}"
vr-ep4/q991-bb-e,7,23,"{""base_type"": 902, ""set_flags"": 0, ""runtime_index"": 1363, ""file_offset"": 9568, ""floor_field"": 7, ""entity_id_field"": 18062, ""group"": 0, ""room"": 10, ""unknown_a3"": 0, ""position"": [-394.8480529785156, 0.0, 14.138477325439453], ""angles"": [0, 49152, 0], ""params"": [1.0, 1.0, 1.0, 0, 0, 0], ""unused_pointer"": 73574880}"
vr-ep4/q991-bb-e,7,24,"{""base_type"": 902, ""set_flags"": 0, ""runtime_index"": 1364, ""file_offset"": 9636, ""floor_field"": 7, ""entity_id_field"": 18063, ""group"": 0, ""room"": 10, ""unknown_a3"": 0, ""position"": [-218.44015502929688, 0.0, 427.814208984375], ""angles"": [0, 49152, 0], ""params"": [1.0, 1.0, 1.0, 0, 0, 0], ""unused_pointer"": 73575104}"
vr-ep4/q991-bb-e,7,25,"{""base_type"": 902, ""set_flags"": 0, ""runtime_index"": 1366, ""file_offset"": 9704, ""floor_field"": 7, ""entity_id_field"": 18064, ""group"": 0, ""room"": 10, ""unknown_a3"": 0, ""position"": [-295.2591247558594, 0.0, 380.9298095703125], ""angles"": [0, 49152, 0], ""params"": [1.0, 1.0, 1.0, 0, 0, 0], ""unused_pointer"": 73575328}"
vr-ep4/q991-bb-e,7,26,"{""base_type"": 902, ""set_flags"": 0, ""runtime_index"": 1367, ""file_offset"": 9772, ""floor_field"": 7, ""entity_id_field"": 18065, ""group"": 0, ""room"": 10, ""unknown_a3"": 0, ""position"": [-88.51640319824219, 0.0, -110.47327423095703], ""angles"": [0, 49152, 0], ""params"": [1.0, 1.0, 1.0, 0, 0, 0], ""unused_pointer"": 73575552}"
vr-ep4/q991-bb-e,7,27,"{""base_type"": 902, ""set_flags"": 0, ""runtime_index"": 1368, ""file_offset"": 9840, ""floor_field"": 7, ""entity_id_field"": 18066, ""group"": 0, ""room"": 10, ""unknown_a3"": 0, ""position"": [-209.4418487548828, 0.0, 142.79769897460938], ""angles"": [0, 49152, 0], ""params"": [1.0, 1.0, 1.0, 0, 0, 0], ""unused_pointer"": 73575776}"
vr-ep4/q991-bb-e,7,28,"{""base_type"": 902, ""set_flags"": 0, ""runtime_index"": 1369, ""file_offset"": 9908, ""floor_field"": 7, ""entity_id_field"": 18067, ""group"": 0, ""room"": 10, ""unknown_a3"": 0, ""position"": [-127.27085876464844, 0.0, -283.6432800292969], ""angles"": [0, 36864, 0], ""params"": [1.0, 1.0, 1.0, 0, 0, 0], ""unused_pointer"": 73576000}"
vr-ep4/q991-bb-e,7,29,"{""base_type"": 902, ""set_flags"": 0, ""runtime_index"": 1370, ""file_offset"": 9976, ""floor_field"": 7, ""entity_id_field"": 18068, ""group"": 0, ""room"": 10, ""unknown_a3"": 0, ""position"": [-146.220947265625, 0.0, 18.177940368652344], ""angles"": [0, 36864, 0], ""params"": [1.0, 1.0, 1.0, 0, 0, 0], ""unused_pointer"": 73576224}"
vr-ep4/q991-bb-e,7,30,"{""base_type"": 902, ""set_flags"": 0, ""runtime_index"": 1371, ""file_offset"": 10044, ""floor_field"": 7, ""entity_id_field"": 18069, ""group"": 0, ""room"": 10, ""unknown_a3"": 0, ""position"": [-83.48523712158203, 0.0, 165.5038604736328], ""angles"": [0, 24576, 0], ""params"": [1.0, 1.0, 1.0, 0, 0, 0], ""unused_pointer"": 73576448}"
vr-ep4/q991-bb-e,7,31,"{""base_type"": 902, ""set_flags"": 0, ""runtime_index"": 1372, ""file_offset"": 10112, ""floor_field"": 7, ""entity_id_field"": 18070, ""group"": 0, ""room"": 10, ""unknown_a3"": 0, ""position"": [-102.76634216308594, 4.76837158203125e-07, 378.1213073730469], ""angles"": [0, 24576, 0], ""params"": [1.0, 1.0, 1.0, 0, 0, 0], ""unused_pointer"": 73576672}"
vr-ep4/q991-bb-e,7,32,"{""base_type"": 902, ""set_flags"": 0, ""runtime_index"": 1375, ""file_offset"": 10180, ""floor_field"": 7, ""entity_id_field"": 18071, ""group"": 0, ""room"": 10, ""unknown_a3"": 0, ""position"": [-20.98537254333496, 0.0, -359.2931823730469], ""angles"": [0, 8192, 0], ""params"": [1.0, 1.0, 1.0, 2, 0, 0], ""unused_pointer"": 73576896}"
vr-ep4/q991-bb-e,7,41,"{""base_type"": 902, ""set_flags"": 0, ""runtime_index"": 1338, ""file_offset"": 10792, ""floor_field"": 7, ""entity_id_field"": 18080, ""group"": 0, ""room"": 10, ""unknown_a3"": 0, ""position"": [382.0899963378906, 0.0, -269.1399841308594], ""angles"": [0, 0, 0], ""params"": [1.0, 1.0, 1.0, 1, 0, 0], ""unused_pointer"": 73578960}"
